date,brent,dxy,vix,usdzar,usdngn_official,usdghs,usdkes,btcusd_global
2019-12-29 00:00:00+00:00,,,,,,,,7422.65283203125
2019-12-30 00:00:00+00:00,68.44000244140625,96.73999786376953,14.819999694824219,14.05088996887207,360.0,5.650000095367432,99.45868682861328,7292.9951171875
2019-12-31 00:00:00+00:00,66.0,96.38999938964844,13.779999732971191,14.098589897155762,359.0,5.690000057220459,100.44000244140625,7193.59912109375
2020-01-01 00:00:00+00:00,,,,13.99590015411377,359.0,5.659999847412109,99.57058715820312,7200.17431640625
2020-01-02 00:00:00+00:00,66.25,96.8499984741211,12.470000267028809,14.002920150756836,360.0,5.616399765014648,100.73999786376953,6985.47021484375
2020-01-03 00:00:00+00:00,68.5999984741211,96.83999633789062,14.020000457763672,14.07800006866455,359.0,5.659999847412109,100.13999938964844,7344.88427734375
2020-01-04 00:00:00+00:00,,,,,,,,7410.65673828125
2020-01-05 00:00:00+00:00,,,,,,,,7411.3173828125
2020-01-06 00:00:00+00:00,68.91000366210938,96.66999816894531,13.850000381469727,14.318249702453613,359.0,5.679999828338623,99.16191864013672,7769.21923828125
2020-01-07 00:00:00+00:00,68.2699966430664,96.9800033569336,13.789999961853027,14.202699661254883,360.0,5.670000076293945,99.41045379638672,8163.6923828125
2020-01-08 00:00:00+00:00,65.44000244140625,97.30000305175781,13.449999809265137,14.355199813842773,360.0,5.670000076293945,99.35771179199219,8079.86279296875
2020-01-09 00:00:00+00:00,65.37000274658203,97.44999694824219,12.539999961853027,14.156490325927734,359.0,5.690000057220459,100.13999938964844,7879.0712890625
2020-01-10 00:00:00+00:00,64.9800033569336,97.36000061035156,12.5600004196167,14.212900161743164,360.0,5.679999828338623,100.5999984741211,8166.55419921875
2020-01-11 00:00:00+00:00,,,,,,,,8037.53759765625
2020-01-12 00:00:00+00:00,,,,,,,,8192.494140625
2020-01-13 00:00:00+00:00,64.19999694824219,97.3499984741211,12.319999694824219,14.33014965057373,359.0,5.652517795562744,99.61331176757812,8144.1943359375
2020-01-14 00:00:00+00:00,64.48999786376953,97.37000274658203,12.390000343322754,14.378399848937988,360.0,5.670000076293945,99.80155181884766,8827.7646484375
2020-01-15 00:00:00+00:00,64.0,97.2300033569336,12.420000076293945,14.3996000289917,360.0,5.670000076293945,100.1500015258789,8807.0107421875
2020-01-16 00:00:00+00:00,64.62000274658203,97.31999969482422,12.319999694824219,14.378700256347656,360.0,5.670000076293945,100.1500015258789,8723.7861328125
2020-01-17 00:00:00+00:00,64.8499984741211,97.61000061035156,12.100000381469727,14.401769638061523,360.0,5.659999847412109,99.35801696777344,8929.0380859375
2020-01-18 00:00:00+00:00,,,,,,,,8942.80859375
2020-01-19 00:00:00+00:00,,,,,,,,8706.2451171875
2020-01-20 00:00:00+00:00,,,,14.477490425109863,359.0,5.62230920791626,99.88999938964844,8657.642578125
2020-01-21 00:00:00+00:00,64.58999633789062,97.52999877929688,12.850000381469727,14.491800308227539,360.0,5.650000095367432,100.13999938964844,8745.89453125
2020-01-22 00:00:00+00:00,63.209999084472656,97.52999877929688,12.90999984741211,14.481900215148926,360.0,5.650000095367432,100.01000213623047,8680.8759765625
2020-01-23 00:00:00+00:00,62.040000915527344,97.69000244140625,12.979999542236328,14.329000473022461,360.0,5.630000114440918,100.16000366210938,8406.515625
2020-01-24 00:00:00+00:00,60.689998626708984,97.8499984741211,14.5600004196167,14.36769962310791,359.0,5.550000190734863,100.13999938964844,8445.4345703125
2020-01-25 00:00:00+00:00,,,,,,,,8367.84765625
2020-01-26 00:00:00+00:00,,,,,,,,8596.830078125
2020-01-27 00:00:00+00:00,59.31999969482422,97.95999908447266,18.229999542236328,14.449359893798828,360.0,5.550000190734863,99.08030700683594,8909.8193359375
2020-01-28 00:00:00+00:00,59.5099983215332,98.0199966430664,16.280000686645508,14.580300331115723,360.0,5.550000190734863,99.33300018310547,9358.58984375
2020-01-29 00:00:00+00:00,59.810001373291016,97.98999786376953,16.389999389648438,14.542799949645996,360.0,5.559999942779541,99.31510162353516,9316.6298828125
2020-01-30 00:00:00+00:00,58.290000915527344,97.87000274658203,15.489999771118164,14.591699600219727,360.0,5.539999961853027,98.89217376708984,9508.9931640625
2020-01-31 00:00:00+00:00,58.15999984741211,97.38999938964844,18.84000015258789,14.74020004272461,359.0,5.480000019073486,99.5999984741211,9350.529296875
2020-02-01 00:00:00+00:00,,,,,,,,9392.875
2020-02-02 00:00:00+00:00,,,,,,,,9344.365234375
2020-02-03 00:00:00+00:00,54.45000076293945,97.80000305175781,17.969999313354492,14.99740982055664,359.0,5.460000038146973,99.3499984741211,9293.521484375
2020-02-04 00:00:00+00:00,53.959999084472656,97.95999908447266,16.049999237060547,14.866399765014648,359.0,5.416690826416016,99.4800033569336,9180.962890625
2020-02-05 00:00:00+00:00,55.279998779296875,98.2699966430664,15.149999618530273,14.76749038696289,361.0,5.380000114440918,99.4000015258789,9613.423828125
2020-02-06 00:00:00+00:00,54.93000030517578,98.5,14.960000038146973,14.741999626159668,361.0,5.389999866485596,99.36000061035156,9729.8017578125
2020-02-07 00:00:00+00:00,54.470001220703125,98.68000030517578,15.470000267028809,14.903329849243164,360.0,5.400000095367432,99.48999786376953,9795.943359375
2020-02-08 00:00:00+00:00,,,,,,,,9865.119140625
2020-02-09 00:00:00+00:00,,,,,,,,10116.673828125
2020-02-10 00:00:00+00:00,53.27000045776367,98.83000183105469,15.039999961853027,15.071000099182129,360.0,5.400000095367432,98.76396942138672,9856.611328125
2020-02-11 00:00:00+00:00,54.0099983215332,98.72000122070312,15.180000305175781,14.953499794006348,361.0,5.380000114440918,98.86805725097656,10208.236328125
2020-02-12 00:00:00+00:00,55.790000915527344,99.05000305175781,13.739999771118164,14.791600227355957,361.0,5.380000114440918,98.86900329589844,10326.0546875
2020-02-13 00:00:00+00:00,56.34000015258789,99.06999969482422,14.149999618530273,14.865500450134277,360.0,5.342075824737549,98.81448364257812,10214.3798828125
2020-02-14 00:00:00+00:00,57.31999969482422,99.12000274658203,13.680000305175781,14.904959678649902,361.0,5.320000171661377,99.5999984741211,10312.1162109375
2020-02-15 00:00:00+00:00,,,,,,,,9889.4248046875
2020-02-16 00:00:00+00:00,,,,,,,,9934.43359375
2020-02-17 00:00:00+00:00,,,,14.881400108337402,361.0,5.309999942779541,98.86573791503906,9690.142578125
2020-02-18 00:00:00+00:00,57.75,99.45999908447266,14.829999923706055,14.975700378417969,360.0,5.320000171661377,100.1500015258789,10141.99609375
2020-02-19 00:00:00+00:00,59.119998931884766,99.5999984741211,14.380000114440918,15.00160026550293,361.0,5.309999942779541,100.13999938964844,9633.38671875
2020-02-20 00:00:00+00:00,59.310001373291016,99.87000274658203,15.5600004196167,14.9822998046875,362.0,5.329999923706055,100.1500015258789,9608.4755859375
2020-02-21 00:00:00+00:00,58.5,99.26000213623047,17.079999923706055,15.113900184631348,362.0,5.340000152587891,100.30000305175781,9686.44140625
2020-02-22 00:00:00+00:00,,,,,,,,9663.181640625
2020-02-23 00:00:00+00:00,,,,,,,,9924.515625
2020-02-24 00:00:00+00:00,56.29999923706055,99.29000091552734,25.030000686645508,15.059989929199219,362.0,5.300000190734863,99.33576202392578,9650.1748046875
2020-02-25 00:00:00+00:00,54.95000076293945,98.97000122070312,27.850000381469727,15.11340045928955,361.0,5.309999942779541,100.1500015258789,9341.705078125
2020-02-26 00:00:00+00:00,53.43000030517578,99.0,27.559999465942383,15.214980125427246,363.0,5.320000171661377,100.18000030517578,8820.5224609375
2020-02-27 00:00:00+00:00,52.18000030517578,98.44000244140625,39.15999984741211,15.270000457763672,364.0,5.320000171661377,100.1500015258789,8784.494140625
2020-02-28 00:00:00+00:00,50.52000045776367,98.12999725341797,40.11000061035156,15.470000267028809,364.0,5.360000133514404,99.33674621582031,8672.455078125
2020-02-29 00:00:00+00:00,,,,,,,,8599.5087890625
2020-03-01 00:00:00+00:00,,,,,,,,8562.4541015625
2020-03-02 00:00:00+00:00,51.900001525878906,97.36000061035156,33.41999816894531,15.758399963378906,364.0,5.349999904632568,99.3761215209961,8869.669921875
2020-03-03 00:00:00+00:00,51.86000061035156,97.1500015258789,36.81999969482422,15.39490032196045,363.0,5.360000133514404,100.1500015258789,8787.7861328125
2020-03-04 00:00:00+00:00,51.130001068115234,97.33999633789062,31.989999771118164,15.399399757385254,364.0,5.389999866485596,101.4000015258789,8755.24609375
2020-03-05 00:00:00+00:00,49.9900016784668,96.81999969482422,39.619998931884766,15.254500389099121,363.0,5.409999847412109,101.91000366210938,9078.7626953125
2020-03-06 00:00:00+00:00,45.27000045776367,95.94999694824219,41.939998626708984,15.586000442504883,364.0,5.420000076293945,100.81794738769531,9122.5458984375
2020-03-07 00:00:00+00:00,,,,,,,,8909.9541015625
2020-03-08 00:00:00+00:00,,,,,,,,8108.1162109375
2020-03-09 00:00:00+00:00,34.36000061035156,94.9000015258789,54.459999084472656,16.064929962158203,364.0,5.409999847412109,101.69999694824219,7923.64453125
2020-03-10 00:00:00+00:00,37.220001220703125,96.41000366210938,47.29999923706055,16.051010131835938,364.0,5.449999809265137,101.88999938964844,7909.7294921875
2020-03-11 00:00:00+00:00,35.790000915527344,96.51000213623047,53.900001525878906,15.945699691772461,364.0,5.449999809265137,101.69999694824219,7911.43017578125
2020-03-12 00:00:00+00:00,33.220001220703125,97.47000122070312,75.47000122070312,16.24839973449707,364.0,5.553839206695557,101.5,4970.7880859375
2020-03-13 00:00:00+00:00,33.849998474121094,98.75,57.83000183105469,16.561800003051758,364.0,5.489999771118164,100.60975646972656,5563.70703125
2020-03-14 00:00:00+00:00,,,,,,,,5200.3662109375
2020-03-15 00:00:00+00:00,,,,,,,,5392.31494140625
2020-03-16 00:00:00+00:00,30.049999237060547,98.08999633789062,82.69000244140625,16.247159957885742,364.0,5.489999771118164,101.09394836425781,5014.47998046875
2020-03-17 00:00:00+00:00,28.729999542236328,99.58000183105469,75.91000366210938,16.598499298095703,365.0,5.53000020980835,102.4000015258789,5225.62939453125
2020-03-18 00:00:00+00:00,24.8799991607666,101.16000366210938,76.44999694824219,16.52429962158203,364.0,5.558131217956543,102.69999694824219,5238.4384765625
2020-03-19 00:00:00+00:00,28.469999313354492,102.76000213623047,72.0,17.092529296875,364.0,5.539999961853027,103.25,6191.19287109375
2020-03-20 00:00:00+00:00,26.979999542236328,102.81999969482422,66.04000091552734,17.341989517211914,364.0,5.539999961853027,104.30000305175781,6198.7783203125
2020-03-21 00:00:00+00:00,,,,,,,,6185.06640625
2020-03-22 00:00:00+00:00,,,,,,,,5830.2548828125
2020-03-23 00:00:00+00:00,27.030000686645508,102.48999786376953,61.59000015258789,17.672449111938477,364.0,5.559999942779541,105.0199966430664,6416.31494140625
2020-03-24 00:00:00+00:00,27.149999618530273,101.73999786376953,61.66999816894531,17.755199432373047,364.0,5.570000171661377,104.48857116699219,6734.8037109375
2020-03-25 00:00:00+00:00,27.389999389648438,101.05000305175781,63.95000076293945,17.495100021362305,364.0,5.699999809265137,105.4000015258789,6681.06298828125
2020-03-26 00:00:00+00:00,26.34000015258789,99.41999816894531,61.0,17.276399612426758,364.0,5.699999809265137,105.30999755859375,6716.4404296875
2020-03-27 00:00:00+00:00,24.93000030517578,98.37000274658203,65.54000091552734,17.299400329589844,364.0,5.710000038146973,104.0999984741211,6469.79833984375
2020-03-28 00:00:00+00:00,,,,,,,,6242.19384765625
2020-03-29 00:00:00+00:00,,,,,,,,5922.04296875
2020-03-30 00:00:00+00:00,22.760000228881836,99.18000030517578,57.08000183105469,17.901840209960938,364.0,5.666067123413086,102.19000244140625,6429.841796875
2020-03-31 00:00:00+00:00,22.739999771118164,99.05000305175781,53.540000915527344,17.920900344848633,364.0,573.0,102.88316345214844,6438.64453125
2020-04-01 00:00:00+00:00,24.739999771118164,99.66999816894531,57.060001373291016,17.742300033569336,364.0,5.710000038146973,104.19999694824219,6606.7763671875
2020-04-02 00:00:00+00:00,29.940000534057617,100.18000030517578,50.90999984741211,18.1294002532959,364.0,5.699999809265137,104.19999694824219,6793.62451171875
2020-04-03 00:00:00+00:00,34.11000061035156,100.58000183105469,46.79999923706055,18.471900939941406,364.0,5.710000038146973,103.85922241210938,6733.38720703125
2020-04-04 00:00:00+00:00,,,,,,,,6867.52734375
2020-04-05 00:00:00+00:00,,,,,,,,6791.12939453125
2020-04-06 00:00:00+00:00,33.04999923706055,100.69000244140625,45.2400016784668,19.248600006103516,364.0,5.71999979019165,104.98999786376953,7271.78125
2020-04-07 00:00:00+00:00,31.8700008392334,99.9800033569336,46.70000076293945,18.58686065673828,364.0,5.730000019073486,105.23999786376953,7176.41455078125
2020-04-08 00:00:00+00:00,32.84000015258789,100.12000274658203,43.349998474121094,18.23189926147461,364.0,5.699999809265137,105.58999633789062,7334.0986328125
2020-04-09 00:00:00+00:00,31.479999542236328,99.5199966430664,41.66999816894531,18.20050048828125,364.0,5.71999979019165,105.08999633789062,7302.08935546875
2020-04-10 00:00:00+00:00,,,,18.031099319458008,364.0,5.760000228881836,104.9000015258789,6865.4931640625
2020-04-11 00:00:00+00:00,,,,,,,,6859.0830078125
2020-04-12 00:00:00+00:00,,,,,,,,6971.091796875
2020-04-13 00:00:00+00:00,31.739999771118164,99.3499984741211,41.16999816894531,18.027040481567383,364.0,5.769999980926514,104.9000015258789,6845.03759765625
2020-04-14 00:00:00+00:00,29.600000381469727,98.88999938964844,37.7599983215332,18.096799850463867,387.0,5.760000228881836,104.9000015258789,6842.427734375
2020-04-15 00:00:00+00:00,27.690000534057617,99.45999908447266,40.84000015258789,18.290300369262695,385.0,5.760000228881836,104.91000366210938,6642.10986328125
2020-04-16 00:00:00+00:00,27.81999969482422,100.02999877929688,40.11000061035156,18.656200408935547,385.5,5.760000228881836,105.29000091552734,7116.80419921875
2020-04-17 00:00:00+00:00,28.079999923706055,99.77999877929688,38.150001525878906,18.662059783935547,386.0,5.739999771118164,105.4000015258789,7096.1845703125
2020-04-18 00:00:00+00:00,,,,,,,,7257.6650390625
2020-04-19 00:00:00+00:00,,,,,,,,7189.4248046875
2020-04-20 00:00:00+00:00,25.56999969482422,99.95999908447266,43.83000183105469,18.798799514770508,384.6099853515625,5.641654968261719,105.62999725341797,6881.95849609375
2020-04-21 00:00:00+00:00,19.329999923706055,100.26000213623047,45.40999984741211,18.77429962158203,389.0,5.710000038146973,104.95114135742188,6880.3232421875
2020-04-22 00:00:00+00:00,20.3700008392334,100.38999938964844,41.97999954223633,18.956199645996094,360.0,5.699999809265137,105.11580657958984,7117.20751953125
2020-04-23 00:00:00+00:00,21.329999923706055,100.43000030517578,41.380001068115234,18.984609603881836,389.5,5.71999979019165,105.2982177734375,7429.724609375
2020-04-24 00:00:00+00:00,21.440000534057617,100.37999725341797,35.93000030517578,19.1018009185791,389.5,5.730000019073486,105.44287109375,7550.90087890625
2020-04-25 00:00:00+00:00,,,,,,,,7569.93603515625
2020-04-26 00:00:00+00:00,,,,,,,,7679.8671875
2020-04-27 00:00:00+00:00,19.989999771118164,100.04000091552734,33.290000915527344,19.020299911499023,360.0,5.75,105.98999786376953,7795.60107421875
2020-04-28 00:00:00+00:00,20.459999084472656,99.87000274658203,33.56999969482422,18.801469802856445,389.5,5.760000228881836,106.25,7807.05859375
2020-04-29 00:00:00+00:00,22.540000915527344,99.56999969482422,31.229999542236328,18.58839988708496,389.0,5.760000228881836,106.30000305175781,8801.0380859375
2020-04-30 00:00:00+00:00,25.270000457763672,99.0199966430664,34.150001525878906,18.144899368286133,389.0,5.75,105.41895294189453,8658.5537109375
2020-05-01 00:00:00+00:00,26.440000534057617,98.80000305175781,37.189998626708984,18.534469604492188,389.489990234375,5.760000228881836,106.2300033569336,8864.7666015625
2020-05-02 00:00:00+00:00,,,,,,,,8988.5966796875
2020-05-03 00:00:00+00:00,,,,,,,,8897.46875
2020-05-04 00:00:00+00:00,27.200000762939453,99.4800033569336,35.970001220703125,18.914209365844727,389.010009765625,5.760000228881836,106.30000305175781,8912.654296875
2020-05-05 00:00:00+00:00,30.969999313354492,99.70999908447266,33.61000061035156,18.454500198364258,388.0,5.75,104.76355743408203,9003.0703125
2020-05-06 00:00:00+00:00,29.719999313354492,100.08999633789062,34.119998931884766,18.472200393676758,389.5,5.760000228881836,105.51000213623047,9268.76171875
2020-05-07 00:00:00+00:00,29.459999084472656,99.88999938964844,31.440000534057617,18.811880111694336,389.5,5.75,104.20987701416016,9951.5185546875
2020-05-08 00:00:00+00:00,30.969999313354492,99.7300033569336,27.979999542236328,18.521900177001953,389.0,5.690000057220459,104.15109252929688,9842.666015625
2020-05-09 00:00:00+00:00,,,,,,,,9593.896484375
2020-05-10 00:00:00+00:00,,,,,,,,8756.4306640625
2020-05-11 00:00:00+00:00,29.6299991607666,100.23999786376953,27.56999969482422,18.320199966430664,389.0,5.659999847412109,105.05000305175781,8601.7958984375
2020-05-12 00:00:00+00:00,29.979999542236328,99.93000030517578,33.040000915527344,18.40180015563965,389.010009765625,5.659999847412109,105.19000244140625,8804.4775390625
2020-05-13 00:00:00+00:00,29.190000534057617,100.23999786376953,35.279998779296875,18.406700134277344,389.96673583984375,5.679999828338623,105.48999786376953,9269.9873046875
2020-05-14 00:00:00+00:00,31.1299991607666,100.47000122070312,32.61000061035156,18.467500686645508,389.5,5.690000057220459,105.48999786376953,9733.7216796875
2020-05-15 00:00:00+00:00,32.5,100.4000015258789,31.889999389648438,18.42300033569336,387.0,5.699999809265137,104.89983367919922,9328.197265625
2020-05-16 00:00:00+00:00,,,,,,,,9377.013671875
2020-05-17 00:00:00+00:00,,,,,,,,9670.7392578125
2020-05-18 00:00:00+00:00,34.810001373291016,99.66999816894531,29.299999237060547,18.567100524902344,386.510009765625,5.699999809265137,106.08000183105469,9726.5751953125
2020-05-19 00:00:00+00:00,34.650001525878906,99.37000274658203,30.530000686645508,18.336000442504883,389.5,5.710000038146973,105.77999877929688,9729.0380859375
2020-05-20 00:00:00+00:00,35.75,99.12000274658203,27.989999771118164,18.32270050048828,389.510009765625,5.699999809265137,105.80999755859375,9522.9814453125
2020-05-21 00:00:00+00:00,36.060001373291016,99.37000274658203,29.530000686645508,17.917390823364258,388.0,5.699999809265137,105.0714111328125,9081.76171875
2020-05-22 00:00:00+00:00,35.130001068115234,99.86000061035156,28.15999984741211,17.571300506591797,389.5,5.679999828338623,105.80999755859375,9182.5771484375
2020-05-23 00:00:00+00:00,,,,,,,,9209.287109375
2020-05-24 00:00:00+00:00,,,,,,,,8790.3681640625
2020-05-25 00:00:00+00:00,,,,17.557899475097656,390.0,5.690000057220459,105.95999908447266,8906.9345703125
2020-05-26 00:00:00+00:00,36.16999816894531,98.91000366210938,28.010000228881836,17.63520050048828,390.07000732421875,5.758092880249023,105.15740966796875,8835.052734375
2020-05-27 00:00:00+00:00,34.7400016784668,99.05999755859375,27.6200008392334,17.380800247192383,390.0,5.679999828338623,106.06999969482422,9181.017578125
2020-05-28 00:00:00+00:00,35.290000915527344,98.37999725341797,28.59000015258789,17.34111976623535,389.5,5.690000057220459,105.2297134399414,9525.7509765625
2020-05-29 00:00:00+00:00,35.33000183105469,98.33999633789062,27.510000228881836,17.4773006439209,387.0,5.71999979019165,105.14102935791016,9439.1240234375
2020-05-30 00:00:00+00:00,,,,,,,,9700.4140625
2020-05-31 00:00:00+00:00,,,,,,,,9461.05859375
2020-06-01 00:00:00+00:00,38.31999969482422,97.83000183105469,28.229999542236328,17.563499450683594,360.0,5.710000038146973,105.80000305175781,10167.2685546875
2020-06-02 00:00:00+00:00,39.56999969482422,97.66999816894531,26.84000015258789,17.38256072998047,384.0,5.699999809265137,105.80000305175781,9529.8037109375
2020-06-03 00:00:00+00:00,39.790000915527344,97.27999877929688,25.65999984741211,17.1514892578125,387.0,5.710000038146973,104.60437774658203,9656.7177734375
2020-06-04 00:00:00+00:00,39.9900016784668,96.68000030517578,25.809999465942383,16.89539909362793,387.0,5.710000038146973,105.20999908447266,9800.63671875
2020-06-05 00:00:00+00:00,42.29999923706055,96.94000244140625,24.520000457763672,16.875200271606445,384.0,5.710000038146973,105.0999984741211,9665.533203125
2020-06-06 00:00:00+00:00,,,,,,,,9653.6796875
2020-06-07 00:00:00+00:00,,,,,,,,9758.8525390625
2020-06-08 00:00:00+00:00,40.79999923706055,96.62000274658203,25.809999465942383,16.750999450683594,387.0,5.71999979019165,105.1500015258789,9771.4892578125
2020-06-09 00:00:00+00:00,41.18000030517578,96.31999969482422,27.56999969482422,16.65060043334961,387.0,5.710000038146973,105.30000305175781,9795.7001953125
2020-06-10 00:00:00+00:00,41.72999954223633,95.95999908447266,27.56999969482422,16.583599090576172,384.0,5.809999942779541,105.44000244140625,9870.0947265625
2020-06-11 00:00:00+00:00,38.54999923706055,96.7300033569336,40.790000915527344,16.491500854492188,387.0,5.800000190734863,104.79515838623047,9321.78125
2020-06-12 00:00:00+00:00,38.72999954223633,97.31999969482422,36.09000015258789,17.1998291015625,385.0,5.760000228881836,105.44000244140625,9480.84375
2020-06-13 00:00:00+00:00,,,,,,,,9475.27734375
2020-06-14 00:00:00+00:00,,,,,,,,9386.7880859375
2020-06-15 00:00:00+00:00,39.720001220703125,96.68000030517578,34.400001525878906,17.173349380493164,387.0,5.71999979019165,105.44999694824219,9450.7021484375
2020-06-16 00:00:00+00:00,40.959999084472656,96.95999908447266,33.66999816894531,17.089750289916992,387.0,5.730000019073486,104.88329315185547,9538.0244140625
2020-06-17 00:00:00+00:00,40.709999084472656,97.16000366210938,33.470001220703125,17.166000366210938,384.0,5.71999979019165,105.44000244140625,9480.2548828125
2020-06-18 00:00:00+00:00,41.5099983215332,97.41999816894531,32.939998626708984,17.181020736694336,387.0,5.739999771118164,105.30999755859375,9411.8408203125
2020-06-19 00:00:00+00:00,42.189998626708984,97.62000274658203,35.119998931884766,17.370399475097656,384.0,5.739999771118164,105.30000305175781,9288.0185546875
2020-06-20 00:00:00+00:00,,,,,,,,9332.3408203125
2020-06-21 00:00:00+00:00,,,,,,,,9303.6298828125
2020-06-22 00:00:00+00:00,43.08000183105469,97.04000091552734,31.770000457763672,17.38610076904297,387.0,5.75,105.30000305175781,9648.7177734375
2020-06-23 00:00:00+00:00,42.630001068115234,96.69000244140625,31.3700008392334,17.255800247192383,387.5,5.739999771118164,105.4000015258789,9629.658203125
2020-06-24 00:00:00+00:00,40.310001373291016,97.1500015258789,33.84000015258789,17.18670082092285,387.5,5.739999771118164,104.6264877319336,9313.6103515625
2020-06-25 00:00:00+00:00,41.04999923706055,97.43000030517578,32.220001220703125,17.392499923706055,387.5,5.739999771118164,105.44000244140625,9264.8134765625
2020-06-26 00:00:00+00:00,41.02000045776367,97.5,34.72999954223633,17.127300262451172,384.0,5.760000228881836,104.62349700927734,9162.91796875
2020-06-27 00:00:00+00:00,,,,,,,,9045.390625
2020-06-28 00:00:00+00:00,,,,,,,,9143.58203125
2020-06-29 00:00:00+00:00,41.709999084472656,97.54000091552734,31.780000686645508,17.298900604248047,387.0,5.730000019073486,105.5,9190.8544921875
2020-06-30 00:00:00+00:00,41.150001525878906,97.38999938964844,30.43000030517578,17.219200134277344,387.0,5.730000019073486,105.55000305175781,9137.9931640625
2020-07-01 00:00:00+00:00,42.029998779296875,97.19999694824219,28.6200008392334,17.341920852661133,387.5,5.739999771118164,105.54000091552734,9228.3251953125
2020-07-02 00:00:00+00:00,43.13999938964844,97.31999969482422,27.68000030517578,17.0393009185791,387.0,5.739999771118164,105.44999694824219,9123.41015625
2020-07-03 00:00:00+00:00,,,,16.955299377441406,387.5,5.75,105.69999694824219,9087.3037109375
2020-07-04 00:00:00+00:00,,,,,,,,9132.48828125
2020-07-05 00:00:00+00:00,,,,,,,,9073.9423828125
2020-07-06 00:00:00+00:00,43.099998474121094,96.79000091552734,27.940000534057617,17.041669845581055,387.5,5.789999961853027,105.55000305175781,9375.474609375
2020-07-07 00:00:00+00:00,43.08000183105469,96.87999725341797,29.43000030517578,16.979650497436523,387.0,5.769999980926514,104.8337173461914,9252.27734375
2020-07-08 00:00:00+00:00,43.290000915527344,96.43000030517578,28.079999923706055,17.16214942932129,387.0,5.739999771118164,105.75,9428.3330078125
2020-07-09 00:00:00+00:00,42.349998474121094,96.69999694824219,29.260000228881836,16.90169906616211,384.0,5.75,105.94000244140625,9277.9677734375
2020-07-10 00:00:00+00:00,43.2400016784668,96.6500015258789,27.290000915527344,16.824970245361328,387.5,5.760000228881836,105.94999694824219,9278.8076171875
2020-07-11 00:00:00+00:00,,,,,,,,9240.3466796875
2020-07-12 00:00:00+00:00,,,,,,,,9276.5
2020-07-13 00:00:00+00:00,42.720001220703125,96.45999908447266,32.189998626708984,16.807449340820312,386.9599914550781,5.747322082519531,106.13999938964844,9243.6142578125
2020-07-14 00:00:00+00:00,42.900001525878906,96.26000213623047,29.520000457763672,16.78580093383789,387.0,5.71999979019165,106.0999984741211,9243.2138671875
2020-07-15 00:00:00+00:00,43.790000915527344,96.08000183105469,27.760000228881836,16.683500289916992,386.5,5.710000038146973,106.30000305175781,9192.8369140625
2020-07-16 00:00:00+00:00,43.369998931884766,96.3499984741211,28.0,16.572799682617188,387.0,5.710000038146973,105.64669036865234,9132.2275390625
2020-07-17 00:00:00+00:00,43.13999938964844,95.94000244140625,25.68000030517578,16.72599983215332,387.5,5.710000038146973,106.5,9151.392578125
2020-07-18 00:00:00+00:00,,,,,,,,9159.0400390625
2020-07-19 00:00:00+00:00,,,,,,,,9185.8173828125
2020-07-20 00:00:00+00:00,43.279998779296875,95.83000183105469,24.459999084472656,16.66029930114746,387.0,5.699999809265137,106.44000244140625,9164.2314453125
2020-07-21 00:00:00+00:00,44.31999969482422,95.12000274658203,24.84000015258789,16.61693000793457,385.0,5.699999809265137,106.6500015258789,9374.8876953125
2020-07-22 00:00:00+00:00,44.290000915527344,94.97000122070312,24.31999969482422,16.383899688720703,387.0,5.710000038146973,106.8499984741211,9525.36328125
2020-07-23 00:00:00+00:00,43.310001373291016,94.69000244140625,26.079999923706055,16.47974967956543,387.5,5.730000019073486,106.26712036132812,9581.072265625
2020-07-24 00:00:00+00:00,43.34000015258789,94.44000244140625,25.84000015258789,16.634199142456055,387.5,5.730000019073486,107.01000213623047,9536.892578125
2020-07-25 00:00:00+00:00,,,,,,,,9677.11328125
2020-07-26 00:00:00+00:00,,,,,,,,9905.1669921875
2020-07-27 00:00:00+00:00,43.40999984741211,93.66999816894531,24.739999771118164,16.66230010986328,387.0,5.71999979019165,106.8499984741211,10990.873046875
2020-07-28 00:00:00+00:00,43.220001220703125,93.76000213623047,25.440000534057617,16.388399124145508,387.5,5.71999979019165,106.80999755859375,10912.8232421875
2020-07-29 00:00:00+00:00,43.75,93.26000213623047,24.100000381469727,16.47089958190918,387.5,5.78000020980835,106.80000305175781,11100.4677734375
2020-07-30 00:00:00+00:00,42.939998626708984,93.0199966430664,24.760000228881836,16.548179626464844,387.0,5.75,106.69999694824219,11111.2138671875
2020-07-31 00:00:00+00:00,43.29999923706055,93.48999786376953,24.459999084472656,16.725099563598633,373.0,5.730000019073486,106.75,11323.466796875
2020-08-01 00:00:00+00:00,,,,,,,,11759.5927734375
2020-08-02 00:00:00+00:00,,,,,,,,11053.6142578125
2020-08-03 00:00:00+00:00,44.150001525878906,93.5,24.280000686645508,17.022380828857422,383.5,5.71999979019165,106.75,11246.3486328125
2020-08-04 00:00:00+00:00,44.43000030517578,93.37999725341797,23.760000228881836,17.18600082397461,379.0,5.739999771118164,106.8499984741211,11205.892578125
2020-08-05 00:00:00+00:00,45.16999816894531,92.83000183105469,22.989999771118164,17.35236930847168,379.0,5.730000019073486,106.19109344482422,11747.0224609375
2020-08-06 00:00:00+00:00,45.09000015258789,92.79000091552734,22.649999618530273,17.324199676513672,385.8900146484375,5.752181053161621,106.80000305175781,11779.7734375
2020-08-07 00:00:00+00:00,44.400001525878906,93.44000244140625,22.209999084472656,17.417200088500977,378.5,5.739999771118164,106.35923767089844,11601.47265625
2020-08-08 00:00:00+00:00,,,,,,,,11754.0458984375
2020-08-09 00:00:00+00:00,,,,,,,,11675.7392578125
2020-08-10 00:00:00+00:00,44.9900016784668,93.58000183105469,22.1299991607666,17.668550491333008,386.3599853515625,5.7653632164001465,107.0,11878.111328125
2020-08-11 00:00:00+00:00,44.5,93.62999725341797,24.030000686645508,17.65690040588379,380.79998779296875,5.710000038146973,107.0999984741211,11410.525390625
2020-08-12 00:00:00+00:00,45.43000030517578,93.44000244140625,22.280000686645508,17.491300582885742,372.0,5.71999979019165,106.59648132324219,11584.9345703125
2020-08-13 00:00:00+00:00,44.959999084472656,93.33999633789062,22.1299991607666,17.451099395751953,374.0,5.730000019073486,107.44999694824219,11784.1376953125
2020-08-14 00:00:00+00:00,44.79999923706055,93.0999984741211,22.049999237060547,17.408199310302734,380.0,5.71999979019165,107.30999755859375,11768.87109375
2020-08-15 00:00:00+00:00,,,,,,,,11865.6982421875
2020-08-16 00:00:00+00:00,,,,,,,,11892.8037109375
2020-08-17 00:00:00+00:00,45.369998931884766,92.8499984741211,21.350000381469727,17.362699508666992,385.7300109863281,5.737384796142578,107.3499984741211,12254.40234375
2020-08-18 00:00:00+00:00,45.459999084472656,92.2699966430664,21.510000228881836,17.499500274658203,378.0,5.760000228881836,107.30999755859375,11991.2333984375
2020-08-19 00:00:00+00:00,45.369998931884766,92.88999938964844,22.540000915527344,17.307470321655273,382.0,5.739020824432373,107.45999908447266,11758.283203125
2020-08-20 00:00:00+00:00,44.900001525878906,92.79000091552734,22.719999313354492,17.250099182128906,384.8900146484375,5.747460842132568,107.51000213623047,11878.3720703125
2020-08-21 00:00:00+00:00,44.349998474121094,93.25,22.540000915527344,17.243749618530273,386.0899963378906,5.757763862609863,107.04000091552734,11592.4892578125
2020-08-22 00:00:00+00:00,,,,,,,,11681.8251953125
2020-08-23 00:00:00+00:00,,,,,,,,11664.84765625
2020-08-24 00:00:00+00:00,45.130001068115234,93.30000305175781,22.3700008392334,17.140199661254883,386.0199890136719,5.76169490814209,107.0199966430664,11774.595703125
2020-08-25 00:00:00+00:00,45.86000061035156,93.0199966430664,22.030000686645508,16.9593505859375,385.3399963378906,5.7601518630981445,107.05000305175781,11366.134765625
2020-08-26 00:00:00+00:00,45.63999938964844,93.01000213623047,23.270000457763672,16.81631088256836,385.55999755859375,5.747642993927002,107.06999969482422,11488.36328125
2020-08-27 00:00:00+00:00,45.09000015258789,93.01000213623047,24.469999313354492,16.853300094604492,385.5199890136719,5.746852874755859,107.31999969482422,11323.3974609375
2020-08-28 00:00:00+00:00,45.04999923706055,92.37000274658203,22.959999084472656,17.033599853515625,386.2200012207031,5.749917030334473,107.19999694824219,11542.5
2020-08-29 00:00:00+00:00,,,,,,,,11506.865234375
2020-08-30 00:00:00+00:00,,,,,,,,11711.505859375
2020-08-31 00:00:00+00:00,45.279998779296875,92.13999938964844,26.40999984741211,16.570859909057617,386.9599914550781,5.7643890380859375,107.1500015258789,11680.8203125
2020-09-01 00:00:00+00:00,45.58000183105469,92.33999633789062,26.1200008392334,16.947219848632812,384.67999267578125,5.743765830993652,107.20999908447266,11970.478515625
2020-09-02 00:00:00+00:00,44.43000030517578,92.8499984741211,26.56999969482422,16.628170013427734,385.8900146484375,5.751989841461182,107.29000091552734,11414.0341796875
2020-09-03 00:00:00+00:00,44.06999969482422,92.73999786376953,33.599998474121094,16.805200576782227,385.7799987792969,5.758096218109131,107.27999877929688,10245.296875
2020-09-04 00:00:00+00:00,42.65999984741211,92.72000122070312,30.75,16.75079917907715,373.0,5.75,107.36000061035156,10511.8134765625
2020-09-05 00:00:00+00:00,,,,,,,,10169.5673828125
2020-09-06 00:00:00+00:00,,,,,,,,10280.3515625
2020-09-07 00:00:00+00:00,,,,16.620929718017578,381.0,5.760000228881836,107.4000015258789,10369.5634765625
2020-09-08 00:00:00+00:00,39.779998779296875,93.4800033569336,31.459999084472656,16.70159912109375,386.19000244140625,5.753882884979248,107.4000015258789,10131.5166015625
2020-09-09 00:00:00+00:00,40.790000915527344,93.26000213623047,28.809999465942383,16.95669937133789,378.0,5.739999771118164,107.4000015258789,10242.34765625
2020-09-10 00:00:00+00:00,40.060001373291016,93.33999633789062,29.709999084472656,16.58370018005371,380.0,5.739999771118164,107.44999694824219,10363.138671875
2020-09-11 00:00:00+00:00,39.83000183105469,93.33000183105469,26.8700008392334,16.838300704956055,380.5,5.739999771118164,107.44999694824219,10400.9150390625
2020-09-12 00:00:00+00:00,,,,,,,,10442.1708984375
2020-09-13 00:00:00+00:00,,,,,,,,10323.755859375
2020-09-14 00:00:00+00:00,39.61000061035156,93.06999969482422,25.850000381469727,16.702550888061523,380.5,5.739999771118164,107.55000305175781,10680.837890625
2020-09-15 00:00:00+00:00,40.529998779296875,93.05000305175781,25.59000015258789,16.64699935913086,376.0,5.760000228881836,107.5999984741211,10796.951171875
2020-09-16 00:00:00+00:00,42.220001220703125,93.20999908447266,26.040000915527344,16.411699295043945,376.0,5.769999980926514,107.63999938964844,10974.9052734375
2020-09-17 00:00:00+00:00,43.29999923706055,92.97000122070312,26.459999084472656,16.264699935913086,384.0,5.730000019073486,107.3499984741211,10948.990234375
2020-09-18 00:00:00+00:00,43.150001525878906,92.93000030517578,25.829999923706055,16.13010025024414,384.0,5.739999771118164,106.70941162109375,10944.5859375
2020-09-19 00:00:00+00:00,,,,,,,,11094.3466796875
2020-09-20 00:00:00+00:00,,,,,,,,10938.271484375
2020-09-21 00:00:00+00:00,41.439998626708984,93.54000091552734,27.780000686645508,16.285490036010742,382.5,5.730000019073486,107.3499984741211,10462.259765625
2020-09-22 00:00:00+00:00,41.720001220703125,93.98999786376953,26.860000610351562,16.759899139404297,381.0,5.769999980926514,107.3499984741211,10538.4599609375
2020-09-23 00:00:00+00:00,41.77000045776367,94.38999938964844,28.579999923706055,16.765430450439453,381.0,5.760000228881836,107.38999938964844,10246.1865234375
2020-09-24 00:00:00+00:00,41.939998626708984,94.3499984741211,28.510000228881836,17.064699172973633,386.989990234375,5.769999980926514,107.38999938964844,10760.06640625
2020-09-25 00:00:00+00:00,41.91999816894531,94.58000183105469,26.3799991607666,16.900299072265625,376.0,5.760000228881836,107.51000213623047,10692.716796875
2020-09-26 00:00:00+00:00,,,,,,,,10750.7236328125
2020-09-27 00:00:00+00:00,,,,,,,,10775.26953125
2020-09-28 00:00:00+00:00,42.43000030517578,94.26000213623047,26.190000534057617,17.11050033569336,380.0,5.739999771118164,107.5,10709.65234375
2020-09-29 00:00:00+00:00,41.029998779296875,93.88999938964844,26.270000457763672,16.996700286865234,382.5,5.739999771118164,107.51000213623047,10844.640625
2020-09-30 00:00:00+00:00,40.95000076293945,93.88999938964844,26.3700008392334,16.926979064941406,382.5,5.739999771118164,106.80008697509766,10784.4912109375
2020-10-01 00:00:00+00:00,40.93000030517578,93.70999908447266,26.700000762939453,16.73080062866211,380.5,5.769999980926514,107.4800033569336,10619.4521484375
2020-10-02 00:00:00+00:00,39.27000045776367,93.83999633789062,27.6299991607666,16.448999404907227,378.0,5.75,107.44000244140625,10575.974609375
2020-10-03 00:00:00+00:00,,,,,,,,10549.3291015625
2020-10-04 00:00:00+00:00,,,,,,,,10669.5830078125
2020-10-05 00:00:00+00:00,41.290000915527344,93.51000213623047,27.959999084472656,16.458999633789062,382.0,5.75,107.5,10793.33984375
2020-10-06 00:00:00+00:00,42.650001525878906,93.83000183105469,29.479999542236328,16.54829978942871,377.0,5.760000228881836,107.51000213623047,10604.40625
2020-10-07 00:00:00+00:00,41.9900016784668,93.62999725341797,28.059999465942383,16.68829917907715,382.5,5.760000228881836,107.5999984741211,10668.96875
2020-10-08 00:00:00+00:00,43.34000015258789,93.61000061035156,26.360000610351562,16.614810943603516,384.17999267578125,5.77439022064209,107.48999786376953,10915.685546875
2020-10-09 00:00:00+00:00,42.849998474121094,93.05999755859375,25.0,16.575590133666992,377.0,5.829999923706055,106.90422821044922,11064.4580078125
2020-10-10 00:00:00+00:00,,,,,,,,11296.361328125
2020-10-11 00:00:00+00:00,,,,,,,,11384.181640625
2020-10-12 00:00:00+00:00,41.720001220703125,93.06999969482422,25.06999969482422,16.49049949645996,382.5,5.800000190734863,107.5999984741211,11555.36328125
2020-10-13 00:00:00+00:00,42.45000076293945,93.52999877929688,26.06999969482422,16.49250030517578,383.0400085449219,5.771862030029297,107.48999786376953,11425.8994140625
2020-10-14 00:00:00+00:00,43.31999969482422,93.37999725341797,26.399999618530273,16.462200164794922,380.5,5.789999961853027,107.6500015258789,11429.5068359375
2020-10-15 00:00:00+00:00,43.15999984741211,93.86000061035156,26.969999313354492,16.529090881347656,380.5,5.78000020980835,107.4800033569336,11495.349609375
2020-10-16 00:00:00+00:00,42.93000030517578,93.68000030517578,27.40999984741211,16.5625,376.0,5.769999980926514,107.63999938964844,11322.123046875
2020-10-17 00:00:00+00:00,,,,,,,,11358.1015625
2020-10-18 00:00:00+00:00,,,,,,,,11483.359375
2020-10-19 00:00:00+00:00,42.619998931884766,93.43000030517578,29.18000030517578,16.50659942626953,380.5,5.769999980926514,107.6500015258789,11742.037109375
2020-10-20 00:00:00+00:00,43.15999984741211,93.06999969482422,29.350000381469727,16.51219940185547,380.0,5.769999980926514,107.76000213623047,11916.3349609375
2020-10-21 00:00:00+00:00,41.72999954223633,92.61000061035156,28.649999618530273,16.448610305786133,380.0,5.78000020980835,107.75,12823.689453125
2020-10-22 00:00:00+00:00,42.459999084472656,92.94999694824219,28.110000610351562,16.33757972717285,378.0,5.78000020980835,107.69000244140625,12965.8916015625
2020-10-23 00:00:00+00:00,41.77000045776367,92.7699966430664,27.549999237060547,16.178499221801758,377.0,5.78000020980835,107.83000183105469,12931.5390625
2020-10-24 00:00:00+00:00,,,,,,,,13108.0625
2020-10-25 00:00:00+00:00,,,,,,,,13031.173828125
2020-10-26 00:00:00+00:00,40.459999084472656,93.05000305175781,32.459999084472656,16.218610763549805,377.0,5.789999961853027,107.16182708740234,13075.248046875
2020-10-27 00:00:00+00:00,41.20000076293945,92.94000244140625,33.349998474121094,16.17959976196289,377.0,5.789999961853027,107.8499984741211,13654.21875
2020-10-28 00:00:00+00:00,39.119998931884766,93.41000366210938,40.279998779296875,16.18600082397461,380.510009765625,5.829999923706055,107.09980773925781,13271.28515625
2020-10-29 00:00:00+00:00,37.650001525878906,93.95999908447266,37.59000015258789,16.349199295043945,380.0,5.800000190734863,107.79000091552734,13437.8828125
2020-10-30 00:00:00+00:00,37.459999084472656,94.04000091552734,38.02000045776367,16.358600616455078,386.9599914550781,5.8057332038879395,107.80000305175781,13546.5224609375
2020-10-31 00:00:00+00:00,,,,,,,,13780.9951171875
2020-11-01 00:00:00+00:00,,,,,,,,13737.109375
2020-11-02 00:00:00+00:00,38.970001220703125,94.05000305175781,37.130001068115234,16.272850036621094,380.0,5.809999942779541,107.68000030517578,13550.4892578125
2020-11-03 00:00:00+00:00,39.709999084472656,93.55000305175781,35.54999923706055,16.175600051879883,377.0,5.78000020980835,107.8499984741211,13950.30078125
2020-11-04 00:00:00+00:00,41.22999954223633,93.41000366210938,29.56999969482422,16.009199142456055,382.5,5.809999942779541,107.15166473388672,14133.70703125
2020-11-05 00:00:00+00:00,40.93000030517578,92.52999877929688,27.579999923706055,15.864049911499023,382.5,5.789999961853027,107.91000366210938,15579.8486328125
2020-11-06 00:00:00+00:00,39.45000076293945,92.2300033569336,24.860000610351562,15.67389965057373,378.0,5.78000020980835,107.20846557617188,15565.880859375
2020-11-07 00:00:00+00:00,,,,,,,,14833.75390625
2020-11-08 00:00:00+00:00,,,,,,,,15479.5673828125
2020-11-09 00:00:00+00:00,42.400001525878906,92.7300033569336,25.75,15.592000007629395,377.0,5.78000020980835,107.36587524414062,15332.3154296875
2020-11-10 00:00:00+00:00,43.61000061035156,92.75,24.799999237060547,15.367199897766113,379.5,5.78000020980835,107.91999816894531,15290.90234375
2020-11-11 00:00:00+00:00,43.79999923706055,93.04000091552734,23.450000762939453,15.589329719543457,379.5,5.78000020980835,107.94999694824219,15701.33984375
2020-11-12 00:00:00+00:00,43.529998779296875,92.95999908447266,25.350000381469727,15.625650405883789,380.70001220703125,5.7977142333984375,107.8499984741211,16276.34375
2020-11-13 00:00:00+00:00,42.779998779296875,92.76000213623047,23.100000381469727,15.640299797058105,379.0,5.829999923706055,108.1500015258789,16317.80859375
2020-11-14 00:00:00+00:00,,,,,,,,16068.138671875
2020-11-15 00:00:00+00:00,,,,,,,,15955.587890625
2020-11-16 00:00:00+00:00,43.81999969482422,92.56999969482422,22.450000762939453,15.501449584960938,378.0,5.789999961853027,109.0999984741211,16716.111328125
2020-11-17 00:00:00+00:00,43.75,92.41999816894531,22.709999084472656,15.287090301513672,377.0,5.789999961853027,108.23999786376953,17645.40625
2020-11-18 00:00:00+00:00,44.34000015258789,92.31999969482422,23.84000015258789,15.33180046081543,379.0,5.78000020980835,108.25,17804.005859375
2020-11-19 00:00:00+00:00,44.20000076293945,92.29000091552734,23.110000610351562,15.451740264892578,378.0,5.769999980926514,108.4000015258789,17817.08984375
2020-11-20 00:00:00+00:00,44.959999084472656,92.38999938964844,23.700000762939453,15.429499626159668,379.0,5.769999980926514,108.36000061035156,18621.314453125
2020-11-21 00:00:00+00:00,,,,,,,,18642.232421875
2020-11-22 00:00:00+00:00,,,,,,,,18370.001953125
2020-11-23 00:00:00+00:00,46.060001373291016,92.51000213623047,22.65999984741211,15.425979614257812,378.0,5.78000020980835,107.81105041503906,18364.12109375
2020-11-24 00:00:00+00:00,47.86000061035156,92.2300033569336,21.639999389648438,15.357999801635742,377.0,5.789999961853027,108.5999984741211,19107.46484375
2020-11-25 00:00:00+00:00,48.61000061035156,91.98999786376953,21.25,15.177399635314941,378.0,5.789999961853027,108.1192398071289,18732.12109375
2020-11-26 00:00:00+00:00,,,,15.118579864501953,377.0,5.789999961853027,108.9000015258789,17150.623046875
2020-11-27 00:00:00+00:00,48.18000030517578,91.79000091552734,20.84000015258789,15.208999633789062,380.70001220703125,5.834692001342773,108.22383880615234,17108.40234375
2020-11-28 00:00:00+00:00,,,,,,,,17717.4140625
2020-11-29 00:00:00+00:00,,,,,,,,18177.484375
2020-11-30 00:00:00+00:00,47.59000015258789,91.87000274658203,20.56999969482422,15.235549926757812,377.0,5.800000190734863,108.37738800048828,19625.8359375
2020-12-01 00:00:00+00:00,47.41999816894531,91.30999755859375,20.770000457763672,15.436300277709961,376.0,5.800000190734863,108.4249496459961,18802.998046875
2020-12-02 00:00:00+00:00,48.25,91.12000274658203,21.170000076293945,15.243249893188477,378.0,5.800000190734863,109.25,19201.091796875
2020-12-03 00:00:00+00:00,48.709999084472656,90.70999908447266,21.280000686645508,15.276000022888184,378.0,5.809999942779541,109.58999633789062,19445.3984375
2020-12-04 00:00:00+00:00,49.25,90.69999694824219,20.790000915527344,15.167440414428711,378.0,5.809999942779541,109.26739501953125,18699.765625
2020-12-05 00:00:00+00:00,,,,,,,,19154.23046875
2020-12-06 00:00:00+00:00,,,,,,,,19345.12109375
2020-12-07 00:00:00+00:00,48.790000915527344,90.79000091552734,21.299999237060547,15.206649780273438,377.0,5.809999942779541,109.23818969726562,19191.630859375
2020-12-08 00:00:00+00:00,48.84000015258789,90.97000122070312,20.68000030517578,15.144920349121094,378.0,5.809999942779541,110.4000015258789,18321.14453125
2020-12-09 00:00:00+00:00,48.86000061035156,91.08999633789062,22.270000457763672,14.970199584960938,378.0,5.820000171661377,109.79779815673828,18553.916015625
2020-12-10 00:00:00+00:00,50.25,90.79000091552734,22.520000457763672,14.962340354919434,377.0,5.829999923706055,110.4000015258789,18264.9921875
2020-12-11 00:00:00+00:00,49.970001220703125,90.9800033569336,23.309999465942383,14.956999778747559,377.0,5.809999942779541,109.85517883300781,18058.904296875
2020-12-12 00:00:00+00:00,,,,,,,,18803.65625
2020-12-13 00:00:00+00:00,,,,,,,,19142.3828125
2020-12-14 00:00:00+00:00,50.290000915527344,90.70999908447266,24.719999313354492,15.042400360107422,376.0,5.809999942779541,109.86161804199219,19246.64453125
2020-12-15 00:00:00+00:00,50.7599983215332,90.47000122070312,22.889999389648438,15.001999855041504,374.0,5.849999904632568,110.5999984741211,19417.076171875
2020-12-16 00:00:00+00:00,51.08000183105469,90.44999694824219,22.5,14.882499694824219,376.0,5.829999923706055,110.58999633789062,21310.59765625
2020-12-17 00:00:00+00:00,51.5,89.81999969482422,21.93000030517578,14.816900253295898,376.0,5.849999904632568,110.61000061035156,22805.162109375
2020-12-18 00:00:00+00:00,52.2599983215332,90.0199966430664,21.56999969482422,14.629599571228027,375.0,5.849999904632568,110.58000183105469,23137.9609375
2020-12-19 00:00:00+00:00,,,,,,,,23869.83203125
2020-12-20 00:00:00+00:00,,,,,,,,23477.294921875
2020-12-21 00:00:00+00:00,50.90999984741211,90.04000091552734,25.15999984741211,14.716429710388184,376.0,5.840000152587891,109.76136779785156,22803.08203125
2020-12-22 00:00:00+00:00,50.08000183105469,90.6500015258789,24.229999542236328,14.600000381469727,376.0,5.840000152587891,110.0999984741211,23783.029296875
2020-12-23 00:00:00+00:00,51.20000076293945,90.41000366210938,23.309999465942383,14.678070068359375,376.0,5.909999847412109,108.5,23241.345703125
2020-12-24 00:00:00+00:00,51.290000915527344,90.33000183105469,21.530000686645508,14.592720031738281,375.0,5.869999885559082,107.80000305175781,23735.94921875
2020-12-25 00:00:00+00:00,,,,14.535200119018555,376.0,5.869999885559082,107.80000305175781,24664.791015625
2020-12-26 00:00:00+00:00,,,,,,,,26437.037109375
2020-12-27 00:00:00+00:00,,,,,,,,26272.294921875
2020-12-28 00:00:00+00:00,50.86000061035156,90.33999633789062,21.700000762939453,14.60990047454834,380.70001220703125,5.848351955413818,107.75,27084.80859375
2020-12-29 00:00:00+00:00,51.09000015258789,90.01000213623047,23.079999923706055,14.622909545898438,376.0,5.849999904632568,108.69999694824219,27362.4375
2020-12-30 00:00:00+00:00,51.34000015258789,89.62999725341797,22.770000457763672,14.715900421142578,378.0,5.829999923706055,108.0,28840.953125
2020-12-31 00:00:00+00:00,51.79999923706055,89.94000244140625,22.75,14.641300201416016,375.0,5.849999904632568,109.1500015258789,29001.720703125
2021-01-01 00:00:00+00:00,,,,14.481200218200684,380.70001220703125,5.840000152587891,108.0,29374.15234375
2021-01-02 00:00:00+00:00,,,,,,,,32127.267578125
2021-01-03 00:00:00+00:00,,,,,,,,32782.0234375
2021-01-04 00:00:00+00:00,51.09000015258789,89.87999725341797,26.969999313354492,14.649849891662598,380.70001220703125,5.878586769104004,108.73999786376953,31971.9140625
2021-01-05 00:00:00+00:00,53.599998474121094,89.44000244140625,25.34000015258789,14.675399780273438,374.0,5.809999942779541,108.30000305175781,33992.4296875
2021-01-06 00:00:00+00:00,54.29999923706055,89.52999877929688,25.06999969482422,14.950300216674805,374.0,5.840000152587891,108.4000015258789,36824.36328125
2021-01-07 00:00:00+00:00,54.380001068115234,89.83000183105469,22.3700008392334,15.030790328979492,374.0,5.829999923706055,108.44999694824219,39371.04296875
2021-01-08 00:00:00+00:00,55.9900016784668,90.0999984741211,21.559999465942383,15.418999671936035,380.70001220703125,5.829999923706055,108.55000305175781,40797.609375
2021-01-09 00:00:00+00:00,,,,,,,,40254.546875
2021-01-10 00:00:00+00:00,,,,,,,,38356.44140625
2021-01-11 00:00:00+00:00,55.65999984741211,90.54000091552734,24.079999923706055,15.304450035095215,393.8813781738281,5.851861000061035,108.55377960205078,35566.65625
2021-01-12 00:00:00+00:00,56.58000183105469,90.05000305175781,23.329999923706055,15.509220123291016,374.0,5.820000171661377,108.55000305175781,33922.9609375
2021-01-13 00:00:00+00:00,56.060001373291016,90.31999969482422,22.209999084472656,15.192299842834473,375.0,5.840000152587891,108.69999694824219,37316.359375
2021-01-14 00:00:00+00:00,56.41999816894531,90.23999786376953,23.25,15.245220184326172,375.0,5.849999904632568,108.94999694824219,39187.328125
2021-01-15 00:00:00+00:00,55.099998474121094,90.77999877929688,24.34000015258789,15.082900047302246,375.0,5.789999961853027,109.4000015258789,36825.3671875
2021-01-16 00:00:00+00:00,,,,,,,,36178.140625
2021-01-17 00:00:00+00:00,,,,,,,,35791.27734375
2021-01-18 00:00:00+00:00,,,,15.22504997253418,393.7083435058594,5.83062219619751,109.1570816040039,36630.07421875
2021-01-19 00:00:00+00:00,55.900001525878906,90.5,23.239999771118164,15.13640022277832,380.70001220703125,5.810225009918213,109.12000274658203,36069.8046875
2021-01-20 00:00:00+00:00,56.08000183105469,90.47000122070312,21.579999923706055,14.988349914550781,375.0,5.840000152587891,109.19999694824219,35547.75
2021-01-21 00:00:00+00:00,56.099998474121094,90.12999725341797,21.31999969482422,14.882539749145508,374.0,5.809999942779541,110.0999984741211,30825.69921875
2021-01-22 00:00:00+00:00,55.40999984741211,90.23999786376953,21.90999984741211,14.945269584655762,375.0,5.820000171661377,108.80000305175781,33005.76171875
2021-01-23 00:00:00+00:00,,,,,,,,32067.642578125
2021-01-24 00:00:00+00:00,,,,,,,,32289.37890625
2021-01-25 00:00:00+00:00,55.880001068115234,90.38999938964844,23.190000534057617,15.13325023651123,378.0,5.809999942779541,109.94999694824219,32366.392578125
2021-01-26 00:00:00+00:00,55.90999984741211,90.16999816894531,23.020000457763672,15.214400291442871,378.0,5.800000190734863,109.0999984741211,32569.849609375
2021-01-27 00:00:00+00:00,55.810001373291016,90.6500015258789,37.209999084472656,15.042360305786133,376.0,5.809999942779541,109.12999725341797,30432.546875
2021-01-28 00:00:00+00:00,55.529998779296875,90.45999908447266,30.209999084472656,15.262200355529785,376.0,5.800000190734863,109.1500015258789,33466.09765625
2021-01-29 00:00:00+00:00,55.880001068115234,90.58000183105469,33.09000015258789,15.18850040435791,375.0,5.800000190734863,110.05000305175781,34316.38671875
2021-01-30 00:00:00+00:00,,,,,,,,34269.5234375
2021-01-31 00:00:00+00:00,,,,,,,,33114.359375
2021-02-01 00:00:00+00:00,56.349998474121094,91.0199966430664,30.239999771118164,15.17300033569336,380.70001220703125,5.809999942779541,109.1500015258789,33537.17578125
2021-02-02 00:00:00+00:00,57.459999084472656,91.19999694824219,25.559999465942383,15.05739974975586,375.0,5.809999942779541,109.1500015258789,35510.2890625
2021-02-03 00:00:00+00:00,58.459999084472656,91.12000274658203,22.90999984741211,14.910400390625,375.0,5.809999942779541,109.0,37472.08984375
2021-02-04 00:00:00+00:00,58.84000015258789,91.52999877929688,21.770000457763672,14.89109992980957,376.0,5.78000020980835,108.8499984741211,36926.06640625
2021-02-05 00:00:00+00:00,59.34000015258789,91.04000091552734,20.8700008392334,14.99413013458252,375.0,5.78000020980835,108.80000305175781,38144.30859375
2021-02-06 00:00:00+00:00,,,,,,,,39266.01171875
2021-02-07 00:00:00+00:00,,,,,,,,38903.44140625
2021-02-08 00:00:00+00:00,60.560001373291016,90.93000030517578,21.239999771118164,14.91765022277832,376.0,5.789999961853027,109.55000305175781,46196.46484375
2021-02-09 00:00:00+00:00,61.09000015258789,90.44000244140625,21.6299991607666,14.863960266113281,376.0,5.769999980926514,109.55000305175781,46481.10546875
2021-02-10 00:00:00+00:00,61.470001220703125,90.37000274658203,21.989999771118164,14.69849967956543,376.0,5.78000020980835,108.55000305175781,44918.18359375
2021-02-11 00:00:00+00:00,61.13999938964844,90.41999816894531,21.25,14.750900268554688,376.0,5.769999980926514,108.44999694824219,47909.33203125
2021-02-12 00:00:00+00:00,62.43000030517578,90.4800033569336,19.969999313354492,14.611100196838379,375.0,5.78000020980835,109.30000305175781,47504.8515625
2021-02-13 00:00:00+00:00,,,,,,,,47105.515625
2021-02-14 00:00:00+00:00,,,,,,,,48717.2890625
2021-02-15 00:00:00+00:00,,,,14.543450355529785,380.6499938964844,5.78000020980835,108.44999694824219,47945.05859375
2021-02-16 00:00:00+00:00,63.349998474121094,90.51000213623047,21.459999084472656,14.434599876403809,380.6499938964844,5.777347087860107,108.4800033569336,49199.87109375
2021-02-17 00:00:00+00:00,64.33999633789062,90.94999694824219,21.5,14.66759967803955,376.0,5.769999980926514,108.44999694824219,52149.0078125
2021-02-18 00:00:00+00:00,63.93000030517578,90.58999633789062,22.489999771118164,14.560600280761719,376.0,5.769999980926514,108.4800033569336,51679.796875
2021-02-19 00:00:00+00:00,62.90999984741211,90.36000061035156,22.049999237060547,14.586999893188477,375.0,5.75,108.55999755859375,55888.1328125
2021-02-20 00:00:00+00:00,,,,,,,,56099.51953125
2021-02-21 00:00:00+00:00,,,,,,,,57539.9453125
2021-02-22 00:00:00+00:00,65.23999786376953,90.01000213623047,23.450000762939453,14.657050132751465,376.0,5.763868808746338,108.64546966552734,54207.3203125
2021-02-23 00:00:00+00:00,65.37000274658203,90.16999816894531,23.110000610351562,14.662199974060059,376.0,5.730000019073486,108.6500015258789,48824.42578125
2021-02-24 00:00:00+00:00,67.04000091552734,90.18000030517578,21.34000015258789,14.552740097045898,375.0,5.730000019073486,108.69999694824219,49705.33203125
2021-02-25 00:00:00+00:00,66.87999725341797,90.12999725341797,28.889999389648438,14.481599807739258,375.0,5.730000019073486,108.80000305175781,47093.8515625
2021-02-26 00:00:00+00:00,66.12999725341797,90.93000030517578,27.950000762939453,14.998100280761719,380.5799865722656,5.73278284072876,108.76000213623047,46339.76171875
2021-02-27 00:00:00+00:00,,,,,,,,46188.453125
2021-02-28 00:00:00+00:00,,,,,,,,45137.76953125
2021-03-01 00:00:00+00:00,63.689998626708984,91.04000091552734,23.350000381469727,15.039480209350586,380.5799865722656,5.72772216796875,108.7699966430664,49631.2421875
2021-03-02 00:00:00+00:00,62.70000076293945,90.79000091552734,24.100000381469727,14.961700439453125,376.0,5.710000038146973,109.69999694824219,48378.98828125
2021-03-03 00:00:00+00:00,64.06999969482422,90.94999694824219,26.670000076293945,14.922800064086914,380.5,5.71999979019165,108.80000305175781,50538.2421875
2021-03-04 00:00:00+00:00,66.73999786376953,91.62999725341797,28.56999969482422,15.06190013885498,380.5,5.710000038146973,108.6500015258789,48561.16796875
2021-03-05 00:00:00+00:00,69.36000061035156,91.9800033569336,24.65999984741211,15.279399871826172,379.5,5.710000038146973,108.6500015258789,48927.3046875
2021-03-06 00:00:00+00:00,,,,,,,,48912.3828125
2021-03-07 00:00:00+00:00,,,,,,,,51206.69140625
2021-03-08 00:00:00+00:00,68.23999786376953,92.30999755859375,25.469999313354492,15.311450004577637,376.0,5.710000038146973,108.5999984741211,52246.5234375
2021-03-09 00:00:00+00:00,67.5199966430664,91.95999908447266,24.030000686645508,15.5246000289917,380.0,5.710000038146973,109.55000305175781,54824.1171875
2021-03-10 00:00:00+00:00,67.9000015258789,91.79000091552734,22.559999465942383,15.281990051269531,379.5,5.710000038146973,108.6500015258789,56008.55078125
2021-03-11 00:00:00+00:00,69.62999725341797,91.41999816894531,21.90999984741211,15.065899848937988,380.0,5.710000038146973,108.6500015258789,57805.12109375
2021-03-12 00:00:00+00:00,69.22000122070312,91.68000030517578,20.690000534057617,14.803099632263184,380.5,5.710000038146973,109.5,57332.08984375
2021-03-13 00:00:00+00:00,,,,,,,,61243.0859375
2021-03-14 00:00:00+00:00,,,,,,,,59302.31640625
2021-03-15 00:00:00+00:00,68.87999725341797,91.83000183105469,20.030000686645508,14.93529987335205,380.5,5.7015461921691895,108.06073760986328,55907.19921875
2021-03-16 00:00:00+00:00,68.38999938964844,91.87000274658203,19.790000915527344,14.8548002243042,380.5,5.710000038146973,109.5,56804.90234375
2021-03-17 00:00:00+00:00,68.0,91.4000015258789,19.229999542236328,14.860300064086914,376.0,5.710000038146973,108.69999694824219,58870.89453125
2021-03-18 00:00:00+00:00,63.279998779296875,91.8499984741211,21.579999923706055,14.605600357055664,380.58599853515625,5.71999979019165,108.6500015258789,57858.921875
2021-03-19 00:00:00+00:00,64.52999877929688,91.91999816894531,20.950000762939453,14.728309631347656,380.0,5.71999979019165,108.80000305175781,58346.65234375
2021-03-20 00:00:00+00:00,,,,,,,,58313.64453125
2021-03-21 00:00:00+00:00,,,,,,,,57523.421875
2021-03-22 00:00:00+00:00,64.62000274658203,91.80000305175781,18.8799991607666,14.811630249023438,380.0,5.719729900360107,108.49795532226562,54529.14453125
2021-03-23 00:00:00+00:00,60.790000915527344,92.33999633789062,20.299999237060547,14.702500343322754,378.0,5.71999979019165,109.75,54738.9453125
2021-03-24 00:00:00+00:00,64.41000366210938,92.52999877929688,21.200000762939453,14.881199836730957,379.0,5.710000038146973,109.69999694824219,52774.265625
2021-03-25 00:00:00+00:00,61.95000076293945,92.87999725341797,19.809999465942383,14.950360298156738,380.0,5.710000038146973,108.80000305175781,51704.16015625
2021-03-26 00:00:00+00:00,64.56999969482422,92.7699966430664,18.860000610351562,14.995719909667969,380.5,5.710000038146973,109.69999694824219,55137.3125
2021-03-27 00:00:00+00:00,,,,,,,,55973.51171875
2021-03-28 00:00:00+00:00,,,,,,,,55950.74609375
2021-03-29 00:00:00+00:00,64.9800033569336,92.94000244140625,20.739999771118164,14.971949577331543,380.54998779296875,5.710000038146973,108.75,57750.19921875
2021-03-30 00:00:00+00:00,64.13999938964844,93.30000305175781,19.610000610351562,14.910730361938477,379.5,5.75,108.69999694824219,58917.69140625
2021-03-31 00:00:00+00:00,63.540000915527344,93.2300033569336,19.399999618530273,14.901180267333984,380.0,5.78000020980835,108.5,58918.83203125
2021-04-01 00:00:00+00:00,64.86000061035156,92.93000030517578,17.329999923706055,14.779199600219727,381.0,5.760000228881836,109.25,59095.80859375
2021-04-02 00:00:00+00:00,,,,14.613900184631348,380.5,5.730000019073486,107.9000015258789,59384.3125
2021-04-03 00:00:00+00:00,,,,,,,,57603.890625
2021-04-04 00:00:00+00:00,,,,,,,,58758.5546875
2021-04-05 00:00:00+00:00,62.150001525878906,92.5999984741211,17.90999984741211,14.617690086364746,380.5,5.71999979019165,107.9000015258789,59057.87890625
2021-04-06 00:00:00+00:00,62.7400016784668,92.33999633789062,18.1200008392334,14.546079635620117,408.8599853515625,5.74756383895874,107.77999877929688,58192.359375
2021-04-07 00:00:00+00:00,63.15999984741211,92.45999908447266,17.15999984741211,14.512399673461914,380.75,5.759136199951172,107.61000061035156,56048.9375
2021-04-08 00:00:00+00:00,63.20000076293945,92.05999755859375,16.950000762939453,14.53909969329834,380.54998779296875,5.761637210845947,107.25,58323.953125
2021-04-09 00:00:00+00:00,62.95000076293945,92.16000366210938,16.690000534057617,14.516819953918457,380.54998779296875,5.7587361335754395,107.0,58245.00390625
2021-04-10 00:00:00+00:00,,,,,,,,59793.234375
2021-04-11 00:00:00+00:00,,,,,,,,60204.96484375
2021-04-12 00:00:00+00:00,63.279998779296875,92.13999938964844,16.90999984741211,14.576310157775879,380.54998779296875,5.75,106.30000305175781,59893.453125
2021-04-13 00:00:00+00:00,63.66999816894531,91.8499984741211,16.649999618530273,14.559100151062012,380.0,5.739999771118164,106.1500015258789,63503.45703125
2021-04-14 00:00:00+00:00,66.58000183105469,91.69000244140625,16.989999771118164,14.493000030517578,381.5,5.760000228881836,105.9000015258789,63109.6953125
2021-04-15 00:00:00+00:00,66.94000244140625,91.66999816894531,16.56999969482422,14.386899948120117,380.0,5.75,105.80000305175781,63314.01171875
2021-04-16 00:00:00+00:00,66.7699966430664,91.55999755859375,16.25,14.143400192260742,380.5,5.760000228881836,106.05000305175781,61572.7890625
2021-04-17 00:00:00+00:00,,,,,,,,60683.8203125
2021-04-18 00:00:00+00:00,,,,,,,,56216.18359375
2021-04-19 00:00:00+00:00,67.05000305175781,91.06999969482422,17.290000915527344,14.302220344543457,410.5299987792969,5.75974178314209,106.5999984741211,55724.265625
2021-04-20 00:00:00+00:00,66.56999969482422,91.23999786376953,18.68000030517578,14.208200454711914,379.5,5.739999771118164,106.94999694824219,56473.03125
2021-04-21 00:00:00+00:00,65.31999969482422,91.16000366210938,17.5,14.285499572753906,380.5,5.739999771118164,108.0,53906.08984375
2021-04-22 00:00:00+00:00,65.4000015258789,91.33000183105469,18.709999084472656,14.217499732971191,380.0,5.75,107.44999694824219,51762.2734375
2021-04-23 00:00:00+00:00,66.11000061035156,90.86000061035156,17.329999923706055,14.309280395507812,378.0,5.760000228881836,107.5,51093.65234375
2021-04-24 00:00:00+00:00,,,,,,,,50050.8671875
2021-04-25 00:00:00+00:00,,,,,,,,49004.25390625
2021-04-26 00:00:00+00:00,65.6500015258789,90.80999755859375,17.639999389648438,14.272890090942383,380.54998779296875,5.742839813232422,107.55000305175781,54021.75390625
2021-04-27 00:00:00+00:00,66.41999816894531,90.91000366210938,17.559999465942383,14.271679878234863,380.5,5.739999771118164,107.0999984741211,55033.1171875
2021-04-28 00:00:00+00:00,67.2699966430664,90.61000061035156,17.280000686645508,14.36868953704834,379.0,5.75,107.75,54824.703125
2021-04-29 00:00:00+00:00,68.55999755859375,90.61000061035156,17.610000610351562,14.204099655151367,376.0,5.760000228881836,106.80000305175781,53555.109375
2021-04-30 00:00:00+00:00,67.25,91.27999877929688,18.610000610351562,14.281800270080566,380.5,5.75,106.8499984741211,57750.17578125
2021-05-01 00:00:00+00:00,,,,,,,,57828.05078125
2021-05-02 00:00:00+00:00,,,,,,,,56631.078125
2021-05-03 00:00:00+00:00,67.55999755859375,90.94999694824219,18.309999465942383,14.458600044250488,410.2900085449219,5.777976989746094,107.33999633789062,57200.29296875
2021-05-04 00:00:00+00:00,68.87999725341797,91.29000091552734,19.479999542236328,14.397700309753418,380.0,5.75,107.5999984741211,53333.5390625
2021-05-05 00:00:00+00:00,68.95999908447266,91.30999755859375,19.149999618530273,14.462200164794922,380.0,5.760000228881836,106.25,57424.0078125
2021-05-06 00:00:00+00:00,68.08999633789062,90.94999694824219,18.389999389648438,14.344590187072754,380.0,5.730000019073486,105.9000015258789,56396.515625
2021-05-07 00:00:00+00:00,68.27999877929688,90.2300033569336,16.690000534057617,14.186490058898926,380.5,5.75,105.75,57356.40234375
2021-05-08 00:00:00+00:00,,,,,,,,58803.77734375
2021-05-09 00:00:00+00:00,,,,,,,,58232.31640625
2021-05-10 00:00:00+00:00,68.31999969482422,90.20999908447266,19.65999984741211,14.055299758911133,380.0,5.705958843231201,105.69999694824219,55859.796875
2021-05-11 00:00:00+00:00,68.55000305175781,90.13999938964844,21.84000015258789,14.038029670715332,380.0,5.739999771118164,105.5,56704.57421875
2021-05-12 00:00:00+00:00,69.31999969482422,90.70999908447266,27.59000015258789,13.973600387573242,380.0,5.749557971954346,106.05000305175781,49150.53515625
2021-05-13 00:00:00+00:00,67.05000305175781,90.75,23.1299991607666,14.115599632263184,408.1600036621094,5.739999771118164,106.05000305175781,49716.19140625
2021-05-14 00:00:00+00:00,68.70999908447266,90.31999969482422,18.809999465942383,14.12930965423584,376.0,5.739999771118164,107.0999984741211,49880.53515625
2021-05-15 00:00:00+00:00,,,,,,,,46760.1875
2021-05-16 00:00:00+00:00,,,,,,,,46456.05859375
2021-05-17 00:00:00+00:00,69.45999908447266,90.22000122070312,19.719999313354492,14.125439643859863,412.5,5.739999771118164,106.1500015258789,43537.51171875
2021-05-18 00:00:00+00:00,68.70999908447266,89.75,21.34000015258789,14.092610359191895,410.0,5.739999771118164,106.30000305175781,42909.40234375
2021-05-19 00:00:00+00:00,66.66000366210938,90.19000244140625,22.18000030517578,14.007519721984863,410.0,5.739999771118164,106.55000305175781,37002.44140625
2021-05-20 00:00:00+00:00,65.11000061035156,89.80999755859375,20.670000076293945,14.101300239562988,412.0,5.739999771118164,106.94999694824219,40782.73828125
2021-05-21 00:00:00+00:00,66.44000244140625,90.0199966430664,20.149999618530273,13.977970123291016,412.0,5.75,108.1500015258789,37304.69140625
2021-05-22 00:00:00+00:00,,,,,,,,37536.6328125
2021-05-23 00:00:00+00:00,,,,,,,,34770.58203125
2021-05-24 00:00:00+00:00,68.45999908447266,89.83000183105469,18.399999618530273,13.956450462341309,412.20001220703125,5.760000228881836,107.2300033569336,38705.98046875
2021-05-25 00:00:00+00:00,68.6500015258789,89.63999938964844,18.84000015258789,13.914199829101562,410.0,5.760000228881836,107.0,38402.22265625
2021-05-26 00:00:00+00:00,68.87000274658203,90.04000091552734,17.360000610351562,13.839099884033203,409.0,5.760000228881836,107.5999984741211,39294.19921875
2021-05-27 00:00:00+00:00,69.45999908447266,89.97000122070312,16.739999771118164,13.76078987121582,409.0,5.760000228881836,106.55000305175781,38436.96875
2021-05-28 00:00:00+00:00,69.62999725341797,90.02999877929688,16.760000228881836,13.756460189819336,410.0,5.760000228881836,106.5,35697.60546875
2021-05-29 00:00:00+00:00,,,,,,,,34616.06640625
2021-05-30 00:00:00+00:00,,,,,,,,35678.12890625
2021-05-31 00:00:00+00:00,,,,13.768500328063965,412.5,5.75,106.6500015258789,37332.85546875
2021-06-01 00:00:00+00:00,70.25,89.83000183105469,17.899999618530273,13.707300186157227,412.5,5.770050048828125,106.70999908447266,36684.92578125
2021-06-02 00:00:00+00:00,71.3499984741211,89.9000015258789,17.479999542236328,13.757229804992676,412.0,5.760000228881836,106.69999694824219,37575.1796875
2021-06-03 00:00:00+00:00,71.30999755859375,90.5,18.040000915527344,13.514869689941406,412.5,5.75,106.75,39208.765625
2021-06-04 00:00:00+00:00,71.88999938964844,90.13999938964844,16.420000076293945,13.62108039855957,412.0,5.760000228881836,106.80000305175781,36894.40625
2021-06-05 00:00:00+00:00,,,,,,,,35551.95703125
2021-06-06 00:00:00+00:00,,,,,,,,35862.37890625
2021-06-07 00:00:00+00:00,71.48999786376953,89.94999694824219,16.420000076293945,13.417940139770508,412.04998779296875,5.75,106.8499984741211,33560.70703125
2021-06-08 00:00:00+00:00,72.22000122070312,90.08000183105469,17.06999969482422,13.52865982055664,412.0400085449219,5.75,106.9000015258789,33472.6328125
2021-06-09 00:00:00+00:00,72.22000122070312,90.12000274658203,17.889999389648438,13.569510459899902,411.5,5.789999961853027,107.8499984741211,37345.12109375
2021-06-10 00:00:00+00:00,72.5199966430664,90.08000183105469,16.100000381469727,13.732290267944336,412.0400085449219,5.789999961853027,106.9000015258789,36702.59765625
2021-06-11 00:00:00+00:00,72.69000244140625,90.55999755859375,15.649999618530273,13.593299865722656,411.5,5.789999961853027,107.80000305175781,37334.3984375
2021-06-12 00:00:00+00:00,,,,,,,,35552.515625
2021-06-13 00:00:00+00:00,,,,,,,,39097.859375
2021-06-14 00:00:00+00:00,72.86000061035156,90.5199966430664,16.389999389648438,13.706999778747559,411.5,5.75,106.80000305175781,40218.4765625
2021-06-15 00:00:00+00:00,73.98999786376953,90.54000091552734,17.020000457763672,13.765080451965332,412.0,5.78000020980835,106.75,40406.26953125
2021-06-16 00:00:00+00:00,74.38999938964844,91.12999725341797,18.149999618530273,13.760100364685059,412.0,5.769999980926514,106.80000305175781,38347.0625
2021-06-17 00:00:00+00:00,73.08000183105469,91.88999938964844,17.75,13.98270034790039,410.0,5.760000228881836,106.8499984741211,38053.50390625
2021-06-18 00:00:00+00:00,73.51000213623047,92.2300033569336,20.700000762939453,14.097999572753906,409.5,5.75,106.80000305175781,35787.24609375
2021-06-19 00:00:00+00:00,,,,,,,,35615.87109375
2021-06-20 00:00:00+00:00,,,,,,,,35698.296875
2021-06-21 00:00:00+00:00,74.9000015258789,91.86000061035156,17.889999389648438,14.335399627685547,410.0,5.75,106.80000305175781,31676.693359375
2021-06-22 00:00:00+00:00,74.80999755859375,91.7300033569336,16.65999984741211,14.214500427246094,410.5,5.78000020980835,106.80000305175781,32505.66015625
2021-06-23 00:00:00+00:00,75.19000244140625,91.80000305175781,16.31999969482422,14.25802993774414,410.0,5.800000190734863,107.6500015258789,33723.02734375
2021-06-24 00:00:00+00:00,75.55999755859375,91.81999969482422,15.970000267028809,14.209600448608398,411.0,5.789999961853027,106.69999694824219,34662.4375
2021-06-25 00:00:00+00:00,76.18000030517578,91.80999755859375,15.619999885559082,14.189339637756348,410.0,5.800000190734863,106.75,31637.779296875
2021-06-26 00:00:00+00:00,,,,,,,,32186.27734375
2021-06-27 00:00:00+00:00,,,,,,,,34649.64453125
2021-06-28 00:00:00+00:00,74.68000030517578,91.87999725341797,15.760000228881836,14.152139663696289,409.67999267578125,5.801682949066162,106.80000305175781,34434.3359375
2021-06-29 00:00:00+00:00,74.76000213623047,92.05000305175781,16.020000457763672,14.247400283813477,410.0,5.820000171661377,107.6500015258789,35867.77734375
2021-06-30 00:00:00+00:00,75.12999725341797,92.44000244140625,15.829999923706055,14.342399597167969,411.0,5.820000171661377,106.8499984741211,35040.8359375
2021-07-01 00:00:00+00:00,75.83999633789062,92.5999984741211,15.479999542236328,14.231499671936035,411.0,5.849999904632568,106.94999694824219,33572.1171875
2021-07-02 00:00:00+00:00,76.16999816894531,92.2300033569336,15.069999694824219,14.4241304397583,409.0,5.849999904632568,107.75,33897.046875
2021-07-03 00:00:00+00:00,,,,,,,,34668.546875
2021-07-04 00:00:00+00:00,,,,,,,,35287.78125
2021-07-05 00:00:00+00:00,,,,14.200530052185059,411.0,5.865149974822998,106.94999694824219,33746.00390625
2021-07-06 00:00:00+00:00,74.52999877929688,92.55000305175781,16.440000534057617,14.240699768066406,410.9599914550781,5.883418083190918,106.94999694824219,34235.1953125
2021-07-07 00:00:00+00:00,73.43000030517578,92.63999938964844,16.200000762939453,14.337030410766602,411.0,5.880000114440918,107.8499984741211,33855.328125
2021-07-08 00:00:00+00:00,74.12000274658203,92.36000061035156,19.0,14.280179977416992,411.0,5.880000114440918,106.94999694824219,32877.37109375
2021-07-09 00:00:00+00:00,75.55000305175781,92.12999725341797,16.18000030517578,14.262539863586426,410.0,5.889999866485596,106.9000015258789,33798.01171875
2021-07-10 00:00:00+00:00,,,,,,,,33520.51953125
2021-07-11 00:00:00+00:00,,,,,,,,34240.1875
2021-07-12 00:00:00+00:00,75.16000366210938,92.2300033569336,16.170000076293945,14.22677993774414,411.0,5.898963928222656,106.7699966430664,33155.84765625
2021-07-13 00:00:00+00:00,76.48999786376953,92.75,17.1200008392334,14.365519523620605,410.0,5.889999866485596,106.94999694824219,32702.025390625
2021-07-14 00:00:00+00:00,74.76000213623047,92.41000366210938,16.329999923706055,14.705220222473145,410.5,5.880000114440918,106.94999694824219,32822.34765625
2021-07-15 00:00:00+00:00,73.47000122070312,92.62000274658203,17.010000228881836,14.441499710083008,410.5,5.880000114440918,107.05000305175781,31780.73046875
2021-07-16 00:00:00+00:00,73.58999633789062,92.69000244140625,18.450000762939453,14.535639762878418,410.5,5.880000114440918,107.05000305175781,31421.5390625
2021-07-17 00:00:00+00:00,,,,,,,,31533.068359375
2021-07-18 00:00:00+00:00,,,,,,,,31796.810546875
2021-07-19 00:00:00+00:00,68.62000274658203,92.88999938964844,22.5,14.38949966430664,411.0,5.932284832000732,107.19999694824219,30817.83203125
2021-07-20 00:00:00+00:00,69.3499984741211,92.97000122070312,19.729999542236328,14.530679702758789,410.2799987792969,5.903439998626709,107.01000213623047,29807.34765625
2021-07-21 00:00:00+00:00,72.2300033569336,92.75,17.90999984741211,14.591569900512695,410.5,5.940000057220459,107.1500015258789,32110.693359375
2021-07-22 00:00:00+00:00,73.79000091552734,92.81999969482422,17.690000534057617,14.57448959350586,410.5,5.909999847412109,107.19999694824219,32313.10546875
2021-07-23 00:00:00+00:00,74.0999984741211,92.91000366210938,17.200000762939453,14.697600364685059,410.5,5.900000095367432,108.0,33581.55078125
2021-07-24 00:00:00+00:00,,,,,,,,34292.4453125
2021-07-25 00:00:00+00:00,,,,,,,,35350.1875
2021-07-26 00:00:00+00:00,74.5,92.6500015258789,17.579999923706055,14.79343032836914,410.7300109863281,5.933584213256836,107.2300033569336,37337.53515625
2021-07-27 00:00:00+00:00,74.4800033569336,92.43000030517578,19.360000610351562,14.746520042419434,411.0,5.989999771118164,107.55000305175781,39406.94140625
2021-07-28 00:00:00+00:00,74.73999786376953,92.31999969482422,18.309999465942383,14.758099555969238,411.0,5.929999828338623,107.5,39995.90625
2021-07-29 00:00:00+00:00,76.05000305175781,91.86000061035156,17.700000762939453,14.719400405883789,411.0,5.940000057220459,108.5,40008.421875
2021-07-30 00:00:00+00:00,76.33000183105469,92.16999816894531,18.239999771118164,14.516799926757812,411.07000732421875,5.959977149963379,107.5999984741211,42235.546875
2021-07-31 00:00:00+00:00,,,,,,,,41626.1953125
2021-08-01 00:00:00+00:00,,,,,,,,39974.89453125
2021-08-02 00:00:00+00:00,72.88999938964844,92.05000305175781,19.459999084472656,14.598600387573242,410.9700012207031,5.958611965179443,107.58999633789062,39201.9453125
2021-08-03 00:00:00+00:00,72.41000366210938,92.08000183105469,18.040000915527344,14.455599784851074,411.0,5.960000038146973,107.5999984741211,38152.98046875
2021-08-04 00:00:00+00:00,70.37999725341797,92.2699966430664,17.969999313354492,14.303600311279297,411.0,5.960000038146973,107.6500015258789,39747.50390625
2021-08-05 00:00:00+00:00,71.29000091552734,92.23999786376953,17.280000686645508,14.327730178833008,410.5,5.96999979019165,107.69999694824219,40869.5546875
2021-08-06 00:00:00+00:00,70.69999694824219,92.80000305175781,16.149999618530273,14.476420402526855,411.0,5.960000038146973,108.6500015258789,42816.5
2021-08-07 00:00:00+00:00,,,,,,,,44555.80078125
2021-08-08 00:00:00+00:00,,,,,,,,43798.1171875
2021-08-09 00:00:00+00:00,69.04000091552734,92.94999694824219,16.719999313354492,14.640910148620605,411.0,6.0001020431518555,107.97000122070312,46365.40234375
2021-08-10 00:00:00+00:00,70.62999725341797,93.05999755859375,16.790000915527344,14.769000053405762,410.9200134277344,5.927525997161865,107.8499984741211,45585.03125
2021-08-11 00:00:00+00:00,71.44000244140625,92.91000366210938,16.170000076293945,14.767849922180176,411.0899963378906,6.000033855438232,108.05000305175781,45593.63671875
2021-08-12 00:00:00+00:00,71.30999755859375,93.04000091552734,15.59000015258789,14.609199523925781,411.0799865722656,6.000316143035889,108.16999816894531,44428.2890625
2021-08-13 00:00:00+00:00,70.58999633789062,92.5199966430664,15.449999809265137,14.75979995727539,411.0,5.997213840484619,108.19999694824219,47793.3203125
2021-08-14 00:00:00+00:00,,,,,,,,47096.9453125
2021-08-15 00:00:00+00:00,,,,,,,,47047.00390625
2021-08-16 00:00:00+00:00,69.51000213623047,92.62999725341797,16.1200008392334,14.67140007019043,411.0,5.972700119018555,108.30000305175781,46004.484375
2021-08-17 00:00:00+00:00,69.02999877929688,93.12999725341797,17.90999984741211,14.808600425720215,411.25,5.993719100952148,108.4000015258789,44695.359375
2021-08-18 00:00:00+00:00,68.2300033569336,93.13999938964844,21.56999969482422,14.87304973602295,411.20001220703125,6.004138946533203,108.44999694824219,44801.1875
2021-08-19 00:00:00+00:00,66.44999694824219,93.56999969482422,21.670000076293945,14.933850288391113,411.3999938964844,6.0186381340026855,108.5,46717.578125
2021-08-20 00:00:00+00:00,65.18000030517578,93.5,18.559999465942383,15.195699691772461,411.29998779296875,6.026562213897705,108.51000213623047,49339.17578125
2021-08-21 00:00:00+00:00,,,,,,,,48905.4921875
2021-08-22 00:00:00+00:00,,,,,,,,49321.65234375
2021-08-23 00:00:00+00:00,68.75,92.95999908447266,17.149999618530273,15.288350105285645,411.20001220703125,6.010173797607422,108.5999984741211,49546.1484375
2021-08-24 00:00:00+00:00,71.05000305175781,92.88999938964844,17.219999313354492,15.117899894714355,411.04998779296875,5.980000019073486,108.6500015258789,47706.1171875
2021-08-25 00:00:00+00:00,72.25,92.83000183105469,16.790000915527344,14.979399681091309,411.0899963378906,5.989999771118164,108.5999984741211,48960.7890625
2021-08-26 00:00:00+00:00,71.06999969482422,93.05999755859375,18.84000015258789,14.921250343322754,411.04998779296875,5.980000019073486,109.6500015258789,46942.21875
2021-08-27 00:00:00+00:00,72.69999694824219,92.69000244140625,16.389999389648438,14.892900466918945,411.0,5.989999771118164,109.69999694824219,49058.66796875
2021-08-28 00:00:00+00:00,,,,,,,,48902.40234375
2021-08-29 00:00:00+00:00,,,,,,,,48829.83203125
2021-08-30 00:00:00+00:00,73.41000366210938,92.6500015258789,16.190000534057617,14.705699920654297,411.0,6.018375873565674,108.8499984741211,47054.984375
2021-08-31 00:00:00+00:00,72.98999786376953,92.62999725341797,16.479999542236328,14.623749732971191,411.0,6.019032001495361,108.8499984741211,47166.6875
2021-09-01 00:00:00+00:00,71.58999633789062,92.44999694824219,16.110000610351562,14.48843002319336,411.0,6.0189900398254395,108.80999755859375,48847.02734375
2021-09-02 00:00:00+00:00,73.02999877929688,92.2300033569336,16.40999984741211,14.367349624633789,411.0,6.024273872375488,108.9000015258789,49327.72265625
2021-09-03 00:00:00+00:00,72.61000061035156,92.04000091552734,16.40999984741211,14.430800437927246,411.0,5.980466842651367,109.02999877929688,50025.375
2021-09-04 00:00:00+00:00,,,,,,,,49944.625
2021-09-05 00:00:00+00:00,,,,,,,,51753.41015625
2021-09-06 00:00:00+00:00,,,,14.296299934387207,411.0199890136719,6.037303924560547,109.01000213623047,52633.53515625
2021-09-07 00:00:00+00:00,71.69000244140625,92.5199966430664,18.139999389648438,14.219400405883789,411.0199890136719,6.038641929626465,109.05000305175781,46811.12890625
2021-09-08 00:00:00+00:00,72.5999984741211,92.6500015258789,17.959999084472656,14.265399932861328,411.0,6.039584159851074,109.05999755859375,46091.390625
2021-09-09 00:00:00+00:00,71.44999694824219,92.4800033569336,18.799999237060547,14.155850410461426,410.79998779296875,5.938159942626953,109.08999633789062,46391.421875
2021-09-10 00:00:00+00:00,72.91999816894531,92.58000183105469,20.950000762939453,14.189900398254395,410.8999938964844,5.95016622543335,108.93000030517578,44883.91015625
2021-09-11 00:00:00+00:00,,,,,,,,45201.45703125
2021-09-12 00:00:00+00:00,,,,,,,,46063.26953125
2021-09-13 00:00:00+00:00,73.51000213623047,92.62000274658203,19.3700008392334,14.164999961853027,410.92999267578125,6.017917156219482,108.9000015258789,44963.07421875
2021-09-14 00:00:00+00:00,73.5999984741211,92.6500015258789,19.459999084472656,14.10949993133545,411.0,5.96999979019165,108.9000015258789,47092.4921875
2021-09-15 00:00:00+00:00,75.45999908447266,92.48999786376953,18.18000030517578,14.323399543762207,411.0,5.960000038146973,109.0,48176.34765625
2021-09-16 00:00:00+00:00,75.66999816894531,92.86000061035156,18.690000534057617,14.363300323486328,410.9700012207031,5.920000076293945,109.05000305175781,47783.359375
2021-09-17 00:00:00+00:00,75.33999633789062,93.19999694824219,20.809999465942383,14.574549674987793,411.4200134277344,5.900000095367432,109.08000183105469,47267.51953125
2021-09-18 00:00:00+00:00,,,,,,,,48278.36328125
2021-09-19 00:00:00+00:00,,,,,,,,47260.21875
2021-09-20 00:00:00+00:00,73.91999816894531,93.23999786376953,25.709999084472656,14.740050315856934,411.2300109863281,5.920000076293945,109.19999694824219,42843.80078125
2021-09-21 00:00:00+00:00,74.36000061035156,93.19999694824219,24.360000610351562,14.755200386047363,411.3500061035156,5.96999979019165,110.0999984741211,40693.67578125
2021-09-22 00:00:00+00:00,76.19000244140625,93.45999908447266,20.8700008392334,14.845499992370605,411.0,6.0,109.30000305175781,43574.5078125
2021-09-23 00:00:00+00:00,77.25,93.0999984741211,18.6299991607666,14.771499633789062,411.0,5.96999979019165,109.4000015258789,44895.09765625
2021-09-24 00:00:00+00:00,78.08999633789062,93.33000183105469,17.75,14.73390007019043,411.0,5.980000019073486,109.4000015258789,42839.75
2021-09-25 00:00:00+00:00,,,,,,,,42716.59375
2021-09-26 00:00:00+00:00,,,,,,,,43208.5390625
2021-09-27 00:00:00+00:00,79.52999877929688,93.37999725341797,18.760000228881836,14.917810440063477,410.92999267578125,5.96999979019165,109.4000015258789,42235.73046875
2021-09-28 00:00:00+00:00,79.08999633789062,93.7699966430664,23.25,14.92158031463623,411.0,5.96999979019165,109.44999694824219,41034.54296875
2021-09-29 00:00:00+00:00,78.63999938964844,94.33999633789062,22.559999465942383,15.090800285339355,409.260009765625,5.940000057220459,109.5,41564.36328125
2021-09-30 00:00:00+00:00,78.5199966430664,94.25,23.139999389648438,15.14330005645752,409.260009765625,5.940000057220459,109.5,43790.89453125
2021-10-01 00:00:00+00:00,79.27999877929688,94.04000091552734,21.100000381469727,15.071700096130371,410.29998779296875,5.980000019073486,109.5,48116.94140625
2021-10-02 00:00:00+00:00,,,,,,,,47711.48828125
2021-10-03 00:00:00+00:00,,,,,,,,48199.953125
2021-10-04 00:00:00+00:00,81.26000213623047,93.80999755859375,22.959999084472656,14.844799995422363,410.2699890136719,5.980000019073486,109.55000305175781,49112.90234375
2021-10-05 00:00:00+00:00,82.55999755859375,93.9800033569336,21.299999237060547,15.028200149536133,410.29998779296875,5.989999771118164,109.55000305175781,51514.8125
2021-10-06 00:00:00+00:00,81.08000183105469,94.2699966430664,21.0,14.985819816589355,410.8599853515625,5.980000019073486,109.69999694824219,55361.44921875
2021-10-07 00:00:00+00:00,81.94999694824219,94.22000122070312,19.540000915527344,14.945099830627441,409.8399963378906,6.028090000152588,109.5199966430664,53805.984375
2021-10-08 00:00:00+00:00,82.38999938964844,94.06999969482422,18.770000457763672,14.937399864196777,410.30999755859375,5.989999771118164,110.6500015258789,53967.84765625
2021-10-09 00:00:00+00:00,,,,,,,,54968.22265625
2021-10-10 00:00:00+00:00,,,,,,,,54771.578125
2021-10-11 00:00:00+00:00,83.6500015258789,94.31999969482422,20.0,14.902600288391113,410.30999755859375,6.035109996795654,109.69000244140625,57484.7890625
2021-10-12 00:00:00+00:00,83.41999816894531,94.5199966430664,19.850000381469727,15.052399635314941,410.2699890136719,6.046474933624268,109.76000213623047,56041.05859375
2021-10-13 00:00:00+00:00,83.18000030517578,94.08000183105469,18.639999389648438,14.956100463867188,410.3699951171875,5.980000019073486,109.80000305175781,57401.09765625
2021-10-14 00:00:00+00:00,84.0,93.95999908447266,16.860000610351562,14.768899917602539,410.32000732421875,5.989999771118164,109.9000015258789,57321.5234375
2021-10-15 00:00:00+00:00,84.86000061035156,93.94000244140625,16.299999237060547,14.760299682617188,410.3500061035156,5.980000019073486,109.9000015258789,61593.94921875
2021-10-16 00:00:00+00:00,,,,,,,,60892.1796875
2021-10-17 00:00:00+00:00,,,,,,,,61553.6171875
2021-10-18 00:00:00+00:00,84.33000183105469,93.94999694824219,16.309999465942383,14.57919979095459,410.3699951171875,5.96999979019165,109.94999694824219,62026.078125
2021-10-19 00:00:00+00:00,85.08000183105469,93.79000091552734,15.699999809265137,14.66450023651123,410.4100036621094,5.96999979019165,110.80000305175781,64261.9921875
2021-10-20 00:00:00+00:00,85.81999969482422,93.55999755859375,15.489999771118164,14.485210418701172,410.3900146484375,6.048862934112549,109.94999694824219,65992.8359375
2021-10-21 00:00:00+00:00,84.61000061035156,93.7699966430664,15.010000228881836,14.377120018005371,410.32000732421875,6.0506510734558105,109.94999694824219,62210.171875
2021-10-22 00:00:00+00:00,85.52999877929688,93.61000061035156,15.430000305175781,14.647299766540527,410.3800048828125,6.0504150390625,110.0,60692.265625
2021-10-23 00:00:00+00:00,,,,,,,,61393.6171875
2021-10-24 00:00:00+00:00,,,,,,,,60930.8359375
2021-10-25 00:00:00+00:00,85.98999786376953,93.80999755859375,15.239999771118164,14.8125,410.3999938964844,6.058985233306885,109.87000274658203,63039.82421875
2021-10-26 00:00:00+00:00,86.4000015258789,93.94999694824219,15.979999542236328,14.695099830627441,409.7099914550781,6.019999980926514,110.1500015258789,60363.79296875
2021-10-27 00:00:00+00:00,84.58000183105469,93.86000061035156,16.979999542236328,14.810680389404297,409.739990234375,6.010000228881836,111.05000305175781,58482.38671875
2021-10-28 00:00:00+00:00,84.31999969482422,93.3499984741211,16.530000686645508,15.05620002746582,409.7699890136719,5.960000038146973,110.1500015258789,60622.13671875
2021-10-29 00:00:00+00:00,84.37999725341797,94.12000274658203,16.260000228881836,15.108960151672363,409.75,5.989999771118164,110.19999694824219,62227.96484375
2021-10-30 00:00:00+00:00,,,,,,,,61888.83203125
2021-10-31 00:00:00+00:00,,,,,,,,61318.95703125
2021-11-01 00:00:00+00:00,84.70999908447266,93.87999725341797,16.40999984741211,15.19124984741211,409.80999755859375,5.989999771118164,110.19999694824219,61004.40625
2021-11-02 00:00:00+00:00,84.72000122070312,94.08999633789062,16.030000686645508,15.396109580993652,409.79998779296875,5.900000095367432,110.30000305175781,63226.40234375
2021-11-03 00:00:00+00:00,81.98999786376953,93.86000061035156,15.100000381469727,15.413200378417969,409.9200134277344,6.0,110.25,62970.046875
2021-11-04 00:00:00+00:00,80.54000091552734,94.3499984741211,15.4399995803833,15.21310043334961,409.9599914550781,5.989999771118164,110.4000015258789,61452.23046875
2021-11-05 00:00:00+00:00,82.73999786376953,94.31999969482422,16.479999542236328,15.199600219726562,409.989990234375,6.0,110.5,61125.67578125
2021-11-06 00:00:00+00:00,,,,,,,,61527.48046875
2021-11-07 00:00:00+00:00,,,,,,,,63326.98828125
2021-11-08 00:00:00+00:00,83.43000030517578,94.05000305175781,17.219999313354492,15.022760391235352,410.0199890136719,5.989999771118164,110.5999984741211,67566.828125
2021-11-09 00:00:00+00:00,84.77999877929688,93.95999908447266,17.780000686645508,14.906499862670898,410.0400085449219,6.010000228881836,110.55000305175781,66971.828125
2021-11-10 00:00:00+00:00,82.63999938964844,94.8499984741211,18.729999542236328,15.00529956817627,410.07000732421875,6.0,110.6500015258789,64995.23046875
2021-11-11 00:00:00+00:00,82.87000274658203,95.18000030517578,17.65999984741211,15.417699813842773,410.0899963378906,6.0,110.80000305175781,64949.9609375
2021-11-12 00:00:00+00:00,82.16999816894531,95.12999725341797,16.290000915527344,15.294300079345703,410.1199951171875,6.093894958496094,110.9000015258789,64155.94140625
2021-11-13 00:00:00+00:00,,,,,,,,64469.52734375
2021-11-14 00:00:00+00:00,,,,,,,,65466.83984375
2021-11-15 00:00:00+00:00,82.05000305175781,95.41000366210938,16.489999771118164,15.299099922180176,410.0799865722656,5.989999771118164,111.05000305175781,63557.87109375
2021-11-16 00:00:00+00:00,82.43000030517578,95.91999816894531,16.3700008392334,15.20259952545166,410.1700134277344,6.039999961853027,111.0999984741211,60161.24609375
2021-11-17 00:00:00+00:00,80.27999877929688,95.83000183105469,17.110000610351562,15.477499961853027,410.17999267578125,6.03000020980835,111.1500015258789,60368.01171875
2021-11-18 00:00:00+00:00,81.23999786376953,95.54000091552734,17.59000015258789,15.475700378417969,411.3299865722656,6.03000020980835,111.25,56942.13671875
2021-11-19 00:00:00+00:00,78.88999938964844,96.06999969482422,17.90999984741211,15.630800247192383,410.32000732421875,6.039999961853027,111.30000305175781,58119.578125
2021-11-20 00:00:00+00:00,,,,,,,,59697.1953125
2021-11-21 00:00:00+00:00,,,,,,,,58730.4765625
2021-11-22 00:00:00+00:00,79.69999694824219,96.5,19.170000076293945,15.694600105285645,410.3399963378906,6.101713180541992,111.02999877929688,56289.2890625
2021-11-23 00:00:00+00:00,82.30999755859375,96.48999786376953,19.3799991607666,15.842900276184082,410.3399963378906,6.019999980926514,111.4000015258789,57569.07421875
2021-11-24 00:00:00+00:00,82.25,96.83999633789062,18.579999923706055,15.821040153503418,409.3800048828125,6.03000020980835,111.4000015258789,56280.42578125
2021-11-25 00:00:00+00:00,,,,15.847800254821777,409.3800048828125,6.019999980926514,111.44999694824219,57274.6796875
2021-11-26 00:00:00+00:00,72.72000122070312,96.08999633789062,28.6200008392334,16.118999481201172,410.8999938964844,6.113705158233643,111.37000274658203,53569.765625
2021-11-27 00:00:00+00:00,,,,,,,,54815.078125
2021-11-28 00:00:00+00:00,,,,,,,,57248.45703125
2021-11-29 00:00:00+00:00,73.44000244140625,96.33999633789062,22.959999084472656,16.09939956665039,409.3900146484375,6.03000020980835,111.5,57806.56640625
2021-11-30 00:00:00+00:00,70.56999969482422,95.98999786376953,27.190000534057617,16.103120803833008,409.3900146484375,6.03000020980835,111.55000305175781,57005.42578125
2021-12-01 00:00:00+00:00,68.87000274658203,96.05000305175781,31.1200008392334,15.860010147094727,409.3900146484375,6.019999980926514,111.5,57229.828125
2021-12-02 00:00:00+00:00,69.66999816894531,96.12999725341797,27.950000762939453,16.0137996673584,409.4100036621094,6.019999980926514,111.5,56477.81640625
2021-12-03 00:00:00+00:00,69.87999725341797,96.12000274658203,30.670000076293945,15.914899826049805,409.45001220703125,5.989999771118164,111.69999694824219,53598.24609375
2021-12-04 00:00:00+00:00,,,,,,,,49200.703125
2021-12-05 00:00:00+00:00,,,,,,,,49368.84765625
2021-12-06 00:00:00+00:00,73.08000183105469,96.29000091552734,27.18000030517578,16.024999618530273,409.4800109863281,6.139461040496826,111.31056213378906,50582.625
2021-12-07 00:00:00+00:00,75.44000244140625,96.37000274658203,21.889999389648438,15.897100448608398,409.489990234375,6.0,111.75,50700.0859375
2021-12-08 00:00:00+00:00,75.81999969482422,95.88999938964844,19.899999618530273,15.836299896240234,410.57000732421875,6.03000020980835,111.9000015258789,50504.796875
2021-12-09 00:00:00+00:00,74.41999816894531,96.2699966430664,21.579999923706055,15.665749549865723,409.489990234375,6.03000020980835,111.8499984741211,47672.12109375
2021-12-10 00:00:00+00:00,75.1500015258789,96.05000305175781,18.690000534057617,15.936300277709961,411.30999755859375,6.165124893188477,112.12000274658203,47243.3046875
2021-12-11 00:00:00+00:00,,,,,,,,49362.5078125
2021-12-12 00:00:00+00:00,,,,,,,,50098.3359375
2021-12-13 00:00:00+00:00,74.38999938964844,96.31999969482422,20.309999465942383,15.949959754943848,409.4700012207031,6.047459125518799,111.10287475585938,46737.48046875
2021-12-14 00:00:00+00:00,73.69999694824219,96.56999969482422,21.889999389648438,15.997099876403809,409.70001220703125,6.03000020980835,112.80000305175781,46612.6328125
2021-12-15 00:00:00+00:00,73.87999725341797,96.51000213623047,19.290000915527344,16.076499938964844,409.4700012207031,6.019999980926514,112.8499984741211,48896.72265625
2021-12-16 00:00:00+00:00,75.0199966430664,96.04000091552734,20.56999969482422,15.962499618530273,409.4800109863281,6.03000020980835,112.0,47665.42578125
2021-12-17 00:00:00+00:00,73.5199966430664,96.56999969482422,21.56999969482422,15.924500465393066,409.5799865722656,6.050000190734863,112.05000305175781,46202.14453125
2021-12-18 00:00:00+00:00,,,,,,,,46848.77734375
2021-12-19 00:00:00+00:00,,,,,,,,46707.015625
2021-12-20 00:00:00+00:00,71.5199966430664,96.55000305175781,22.8700008392334,15.904500007629395,409.6600036621094,6.107651233673096,112.45169067382812,46880.27734375
2021-12-21 00:00:00+00:00,73.9800033569336,96.48999786376953,21.010000228881836,15.74370002746582,409.6600036621094,6.039999961853027,112.1500015258789,48936.61328125
2021-12-22 00:00:00+00:00,75.29000091552734,96.08000183105469,18.6299991607666,15.828700065612793,410.6600036621094,6.03000020980835,112.1500015258789,48628.51171875
2021-12-23 00:00:00+00:00,76.8499984741211,96.0199966430664,17.959999084472656,15.704700469970703,410.6700134277344,6.050000190734863,112.1500015258789,50784.5390625
2021-12-24 00:00:00+00:00,,,,15.621870040893555,410.67999267578125,6.050000190734863,113.0,50822.1953125
2021-12-25 00:00:00+00:00,,,,,,,,50429.859375
2021-12-26 00:00:00+00:00,,,,,,,,50809.515625
2021-12-27 00:00:00+00:00,78.5999984741211,96.08999633789062,17.68000030517578,15.519700050354004,410.44000244140625,6.050000190734863,113.05000305175781,50640.41796875
2021-12-28 00:00:00+00:00,78.94000244140625,96.19999694824219,17.540000915527344,15.525400161743164,410.70001220703125,6.03000020980835,113.0,47588.85546875
2021-12-29 00:00:00+00:00,79.2300033569336,95.93000030517578,16.950000762939453,15.731579780578613,410.70001220703125,6.03000020980835,113.0,46444.7109375
2021-12-30 00:00:00+00:00,79.31999969482422,95.97000122070312,17.329999923706055,15.909749984741211,410.70001220703125,6.019999980926514,112.1500015258789,47178.125
2021-12-31 00:00:00+00:00,77.77999877929688,95.66999816894531,17.219999313354492,15.889100074768066,410.75,6.03000020980835,112.1500015258789,46306.4453125
2022-01-01 00:00:00+00:00,,,,,,,,47686.8125
2022-01-02 00:00:00+00:00,,,,,,,,47345.21875
2022-01-03 00:00:00+00:00,78.9800033569336,96.23999786376953,16.600000381469727,15.929900169372559,411.45001220703125,6.050000190734863,112.1500015258789,46458.1171875
2022-01-04 00:00:00+00:00,80.0,96.29000091552734,16.90999984741211,15.861499786376953,412.239990234375,6.03000020980835,112.1500015258789,45897.57421875
2022-01-05 00:00:00+00:00,80.80000305175781,96.19000244140625,19.729999542236328,15.999119758605957,412.239990234375,6.050000190734863,112.12999725341797,43569.00390625
2022-01-06 00:00:00+00:00,81.98999786376953,96.25,19.610000610351562,15.850629806518555,412.29998779296875,6.039999961853027,112.1500015258789,43160.9296875
2022-01-07 00:00:00+00:00,81.75,95.73999786376953,18.760000228881836,15.69729995727539,412.5400085449219,6.03000020980835,112.25,41557.90234375
2022-01-08 00:00:00+00:00,,,,,,,,41733.94140625
2022-01-09 00:00:00+00:00,,,,,,,,41911.6015625
2022-01-10 00:00:00+00:00,80.87000274658203,95.98999786376953,19.399999618530273,15.547329902648926,412.7099914550781,6.132110118865967,111.42312622070312,41821.26171875
2022-01-11 00:00:00+00:00,83.72000122070312,95.62000274658203,18.40999984741211,15.659299850463867,413.1400146484375,6.050000190734863,112.3499984741211,42735.85546875
2022-01-12 00:00:00+00:00,84.66999816894531,95.0,17.6200008392334,15.488479614257812,413.1000061035156,6.050000190734863,113.19999694824219,43949.1015625
2022-01-13 00:00:00+00:00,84.47000122070312,94.79000091552734,20.309999465942383,15.279669761657715,413.44000244140625,6.039999961853027,112.3499984741211,42591.5703125
2022-01-14 00:00:00+00:00,86.05999755859375,95.16999816894531,19.190000534057617,15.394599914550781,413.6000061035156,6.050000190734863,112.4000015258789,43099.69921875
2022-01-15 00:00:00+00:00,,,,,,,,43177.3984375
2022-01-16 00:00:00+00:00,,,,,,,,43113.87890625
2022-01-17 00:00:00+00:00,,,,15.318750381469727,413.7900085449219,6.039999961853027,113.30000305175781,42250.55078125
2022-01-18 00:00:00+00:00,87.51000213623047,95.7300033569336,22.790000915527344,15.32960033416748,413.7900085449219,6.245060920715332,112.44000244140625,42375.6328125
2022-01-19 00:00:00+00:00,88.44000244140625,95.51000213623047,23.850000381469727,15.487099647521973,414.0,6.090000152587891,112.5,41744.328125
2022-01-20 00:00:00+00:00,88.37999725341797,95.73999786376953,25.59000015258789,15.29738998413086,414.1700134277344,6.099999904632568,112.55000305175781,40680.41796875
2022-01-21 00:00:00+00:00,87.88999938964844,95.63999938964844,28.850000381469727,15.215700149536133,414.45001220703125,6.090000152587891,113.44999694824219,36457.31640625
2022-01-22 00:00:00+00:00,,,,,,,,35030.25
2022-01-23 00:00:00+00:00,,,,,,,,36276.8046875
2022-01-24 00:00:00+00:00,86.2699966430664,95.91999816894531,29.899999618530273,15.062060356140137,414.45001220703125,6.099999904632568,113.4000015258789,36654.328125
2022-01-25 00:00:00+00:00,88.19999694824219,95.94999694824219,31.15999984741211,15.229999542236328,415.3500061035156,6.099999904632568,112.55000305175781,36954.00390625
2022-01-26 00:00:00+00:00,89.95999908447266,96.48999786376953,31.959999084472656,15.237500190734863,414.6199951171875,6.099999904632568,113.44999694824219,36852.12109375
2022-01-27 00:00:00+00:00,89.33999633789062,97.26000213623047,30.489999771118164,15.292719841003418,414.82000732421875,6.090000152587891,113.4000015258789,37138.234375
2022-01-28 00:00:00+00:00,90.02999877929688,97.2699966430664,27.65999984741211,15.430660247802734,414.989990234375,6.150000095367432,112.6500015258789,37784.33203125
2022-01-29 00:00:00+00:00,,,,,,,,38138.1796875
2022-01-30 00:00:00+00:00,,,,,,,,37917.6015625
2022-01-31 00:00:00+00:00,91.20999908447266,96.54000091552734,24.829999923706055,15.582269668579102,415.1600036621094,6.26849889755249,112.09159088134766,38483.125
2022-02-01 00:00:00+00:00,89.16000366210938,96.38999938964844,21.959999084472656,15.342020034790039,415.3299865722656,6.099999904632568,112.5999984741211,38743.2734375
2022-02-02 00:00:00+00:00,89.47000122070312,95.94000244140625,22.09000015258789,15.234999656677246,414.260009765625,6.099999904632568,112.5999984741211,36952.984375
2022-02-03 00:00:00+00:00,91.11000061035156,95.37999725341797,24.350000381469727,15.306610107421875,415.3299865722656,6.199999809265137,113.44999694824219,37154.6015625
2022-02-04 00:00:00+00:00,93.2699966430664,95.4800033569336,23.219999313354492,15.231550216674805,415.5400085449219,6.25,112.6500015258789,41500.875
2022-02-05 00:00:00+00:00,,,,,,,,41441.1640625
2022-02-06 00:00:00+00:00,,,,,,,,42412.43359375
2022-02-07 00:00:00+00:00,92.69000244140625,95.4000015258789,22.860000610351562,15.415300369262695,415.70001220703125,6.260000228881836,112.6500015258789,43840.28515625
2022-02-08 00:00:00+00:00,90.77999877929688,95.63999938964844,21.440000534057617,15.485899925231934,415.8800048828125,6.099999904632568,113.5,44118.4453125
2022-02-09 00:00:00+00:00,91.55000305175781,95.48999786376953,19.959999084472656,15.321149826049805,416.04998779296875,6.378176212310791,112.5999984741211,44338.796875
2022-02-10 00:00:00+00:00,91.41000366210938,95.55000305175781,23.90999984741211,15.205599784851074,416.25,6.25,113.5,43565.11328125
2022-02-11 00:00:00+00:00,94.44000244140625,96.08000183105469,27.360000610351562,15.154999732971191,416.3699951171875,6.300000190734863,113.55000305175781,42407.9375
2022-02-12 00:00:00+00:00,,,,,,,,42244.46875
2022-02-13 00:00:00+00:00,,,,,,,,42197.515625
2022-02-14 00:00:00+00:00,96.4800033569336,96.37000274658203,28.329999923706055,15.202779769897461,416.510009765625,6.413700103759766,112.73373413085938,42586.91796875
2022-02-15 00:00:00+00:00,93.27999877929688,95.98999786376953,25.700000762939453,15.077569961547852,415.239990234375,6.300000190734863,112.6500015258789,44575.203125
2022-02-16 00:00:00+00:00,94.80999755859375,95.69999694824219,24.290000915527344,15.092399597167969,415.30999755859375,6.300000190734863,113.5,43961.859375
2022-02-17 00:00:00+00:00,92.97000122070312,95.80000305175781,28.110000610351562,15.001199722290039,415.30999755859375,6.349999904632568,113.55000305175781,40538.01171875
2022-02-18 00:00:00+00:00,93.54000091552734,96.04000091552734,27.75,14.996399879455566,415.3699951171875,6.400000095367432,112.69999694824219,40030.9765625
2022-02-19 00:00:00+00:00,,,,,,,,40122.15625
2022-02-20 00:00:00+00:00,,,,,,,,38431.37890625
2022-02-21 00:00:00+00:00,,,,15.110179901123047,415.3699951171875,6.449999809265137,113.5999984741211,37075.28125
2022-02-22 00:00:00+00:00,96.83999633789062,96.02999877929688,28.809999465942383,15.137499809265137,415.4800109863281,6.577610969543457,112.69000244140625,38286.02734375
2022-02-23 00:00:00+00:00,96.83999633789062,96.19000244140625,31.020000457763672,15.05780029296875,415.3900146484375,6.460000038146973,112.80000305175781,37296.5703125
2022-02-24 00:00:00+00:00,99.08000183105469,97.13999938964844,30.31999969482422,15.093500137329102,415.4599914550781,6.449999809265137,112.8499984741211,38332.609375
2022-02-25 00:00:00+00:00,97.93000030517578,96.62000274658203,27.59000015258789,15.334150314331055,415.6400146484375,6.550000190734863,112.8499984741211,39214.21875
2022-02-26 00:00:00+00:00,,,,,,,,39105.1484375
2022-02-27 00:00:00+00:00,,,,,,,,37709.78515625
2022-02-28 00:00:00+00:00,100.98999786376953,96.70999908447266,30.149999618530273,15.35280990600586,415.05999755859375,6.697994232177734,111.6806869506836,43193.234375
2022-03-01 00:00:00+00:00,104.97000122070312,97.41000366210938,33.31999969482422,15.326199531555176,415.5199890136719,6.599999904632568,113.69999694824219,44354.63671875
2022-03-02 00:00:00+00:00,112.93000030517578,97.38999938964844,30.739999771118164,15.395999908447266,415.5899963378906,6.7980427742004395,112.80999755859375,43924.1171875
2022-03-03 00:00:00+00:00,110.45999908447266,97.79000091552734,30.479999542236328,15.290200233459473,415.3999938964844,6.699999809265137,113.80000305175781,42451.7890625
2022-03-04 00:00:00+00:00,118.11000061035156,98.6500015258789,31.979999542236328,15.168230056762695,416.2900085449219,6.865200996398926,113.16000366210938,39137.60546875
2022-03-05 00:00:00+00:00,,,,,,,,39400.5859375
2022-03-06 00:00:00+00:00,,,,,,,,38419.984375
2022-03-07 00:00:00+00:00,123.20999908447266,99.29000091552734,36.45000076293945,15.297900199890137,417.989990234375,7.060998916625977,113.17418670654297,38062.0390625
2022-03-08 00:00:00+00:00,127.9800033569336,99.05999755859375,35.130001068115234,15.336600303649902,415.2699890136719,7.0,113.05000305175781,38737.26953125
2022-03-09 00:00:00+00:00,111.13999938964844,97.97000122070312,32.45000076293945,15.272100448608398,415.3399963378906,7.0,113.0999984741211,41982.92578125
2022-03-10 00:00:00+00:00,109.33000183105469,98.51000213623047,30.229999542236328,15.009699821472168,415.3399963378906,6.949999809265137,113.1500015258789,39437.4609375
2022-03-11 00:00:00+00:00,112.66999816894531,99.12000274658203,30.75,15.02258014678955,415.3399963378906,6.949999809265137,113.19999694824219,38794.97265625
2022-03-12 00:00:00+00:00,,,,,,,,38904.01171875
2022-03-13 00:00:00+00:00,,,,,,,,37849.6640625
2022-03-14 00:00:00+00:00,106.9000015258789,99.05999755859375,31.770000457763672,15.0,415.3399963378906,6.96999979019165,113.19999694824219,39666.75390625
2022-03-15 00:00:00+00:00,99.91000366210938,99.06999969482422,29.829999923706055,15.092949867248535,415.29998779296875,7.0,113.25,39338.78515625
2022-03-16 00:00:00+00:00,98.0199966430664,98.37999725341797,26.670000076293945,15.087400436401367,415.45001220703125,7.050000190734863,113.30000305175781,41143.9296875
2022-03-17 00:00:00+00:00,106.63999938964844,98.01000213623047,25.670000076293945,14.906200408935547,415.4200134277344,7.550000190734863,113.3499984741211,40951.37890625
2022-03-18 00:00:00+00:00,107.93000030517578,98.2300033569336,23.8700008392334,14.904399871826172,415.760009765625,7.150000095367432,114.30000305175781,41801.15625
2022-03-19 00:00:00+00:00,,,,,,,,42190.65234375
2022-03-20 00:00:00+00:00,,,,,,,,41247.82421875
2022-03-21 00:00:00+00:00,115.62000274658203,98.5,23.530000686645508,14.922430038452148,415.4200134277344,7.050000190734863,113.4000015258789,41077.99609375
2022-03-22 00:00:00+00:00,115.4800033569336,98.48999786376953,22.940000534057617,14.898750305175781,415.3900146484375,7.050000190734863,113.3499984741211,42358.80859375
2022-03-23 00:00:00+00:00,121.5999984741211,98.62000274658203,23.56999969482422,14.803999900817871,414.94000244140625,7.458116054534912,113.55000305175781,42892.95703125
2022-03-24 00:00:00+00:00,119.02999877929688,98.79000091552734,21.670000076293945,14.730600357055664,415.25,7.400000095367432,113.6500015258789,43960.93359375
2022-03-25 00:00:00+00:00,120.6500015258789,98.80999755859375,20.809999465942383,14.485679626464844,415.25,7.574999809265137,113.75,44348.73046875
2022-03-26 00:00:00+00:00,,,,,,,,44500.828125
2022-03-27 00:00:00+00:00,,,,,,,,46820.4921875
2022-03-28 00:00:00+00:00,112.4800033569336,99.08999633789062,19.6299991607666,14.553589820861816,415.25,7.324624061584473,113.80000305175781,47128.00390625
2022-03-29 00:00:00+00:00,110.2300033569336,98.4000015258789,18.899999618530273,14.650400161743164,415.2300109863281,7.449999809265137,113.8499984741211,47465.73046875
2022-03-30 00:00:00+00:00,113.44999694824219,97.79000091552734,19.329999923706055,14.502900123596191,415.25,7.300000190734863,113.9000015258789,47062.6640625
2022-03-31 00:00:00+00:00,107.91000366210938,98.30999755859375,20.559999465942383,14.482199668884277,415.25,7.300000190734863,114.0,45538.67578125
2022-04-01 00:00:00+00:00,104.38999938964844,98.62999725341797,19.6299991607666,14.595399856567383,415.25,7.260000228881836,114.0,46281.64453125
2022-04-02 00:00:00+00:00,,,,,,,,45868.94921875
2022-04-03 00:00:00+00:00,,,,,,,,46453.56640625
2022-04-04 00:00:00+00:00,107.52999877929688,98.98999786376953,18.56999969482422,14.650199890136719,415.2200012207031,7.516112804412842,114.05000305175781,46622.67578125
2022-04-05 00:00:00+00:00,106.63999938964844,99.47000122070312,21.030000686645508,14.574199676513672,415.2200012207031,7.25,115.0,45555.9921875
2022-04-06 00:00:00+00:00,101.06999969482422,99.5999984741211,22.100000381469727,14.671600341796875,415.2200012207031,7.300000190734863,114.0999984741211,43206.73828125
2022-04-07 00:00:00+00:00,100.58000183105469,99.75,21.549999237060547,14.677200317382812,415.2200012207031,7.25,114.30000305175781,43503.84765625
2022-04-08 00:00:00+00:00,102.77999877929688,99.80000305175781,21.15999984741211,14.722200393676758,415.1499938964844,7.25,114.30000305175781,42287.6640625
2022-04-09 00:00:00+00:00,,,,,,,,42782.13671875
2022-04-10 00:00:00+00:00,,,,,,,,42207.671875
2022-04-11 00:00:00+00:00,98.4800033569336,99.93000030517578,24.3700008392334,14.63539981842041,415.1499938964844,7.199999809265137,114.3499984741211,39521.90234375
2022-04-12 00:00:00+00:00,104.63999938964844,100.29000091552734,24.260000228881836,14.551859855651855,415.1199951171875,7.300000190734863,115.19999694824219,40127.18359375
2022-04-13 00:00:00+00:00,108.77999877929688,99.87999725341797,21.81999969482422,14.514389991760254,414.0899963378906,7.449999809265137,115.25,41166.73046875
2022-04-14 00:00:00+00:00,111.69999694824219,100.31999969482422,22.700000762939453,14.531299591064453,414.0799865722656,7.449999809265137,114.44999694824219,39935.515625
2022-04-15 00:00:00+00:00,,,,14.638699531555176,414.0299987792969,7.25,115.30000305175781,40553.46484375
2022-04-16 00:00:00+00:00,,,,,,,,40424.484375
2022-04-17 00:00:00+00:00,,,,,,,,39716.953125
2022-04-18 00:00:00+00:00,113.16000366210938,100.77999877929688,22.170000076293945,14.622200012207031,414.0199890136719,7.300000190734863,114.5,40826.21484375
2022-04-19 00:00:00+00:00,107.25,100.95999908447266,21.3700008392334,14.654000282287598,414.0,7.25,114.37999725341797,41502.75
2022-04-20 00:00:00+00:00,106.80000305175781,100.38999938964844,20.31999969482422,14.960200309753418,414.0,7.300000190734863,114.55000305175781,41374.37890625
2022-04-21 00:00:00+00:00,108.33000183105469,100.58000183105469,22.68000030517578,15.0246000289917,415.0,7.300000190734863,114.55000305175781,40527.36328125
2022-04-22 00:00:00+00:00,106.6500015258789,101.22000122070312,28.209999084472656,15.35912036895752,415.0799865722656,7.54381799697876,115.29000091552734,39740.3203125
2022-04-23 00:00:00+00:00,,,,,,,,39486.73046875
2022-04-24 00:00:00+00:00,,,,,,,,39469.29296875
2022-04-25 00:00:00+00:00,102.31999969482422,101.75,27.020000457763672,15.569540023803711,415.0799865722656,7.522133827209473,114.69999694824219,40458.30859375
2022-04-26 00:00:00+00:00,104.98999786376953,102.30000305175781,33.52000045776367,15.673100471496582,414.0799865722656,7.300000190734863,115.5999984741211,38117.4609375
2022-04-27 00:00:00+00:00,105.31999969482422,102.94999694824219,31.600000381469727,15.824649810791016,414.9800109863281,7.300000190734863,114.87000274658203,39241.12109375
2022-04-28 00:00:00+00:00,107.58999633789062,103.62000274658203,29.989999771118164,15.863659858703613,414.9200134277344,7.300000190734863,114.75,39773.828125
2022-04-29 00:00:00+00:00,109.33999633789062,102.95999908447266,33.400001525878906,15.982500076293945,414.8299865722656,7.25,114.8499984741211,38609.82421875
2022-04-30 00:00:00+00:00,,,,,,,,37714.875
2022-05-01 00:00:00+00:00,,,,,,,,38469.09375
2022-05-02 00:00:00+00:00,107.58000183105469,103.73999786376953,32.34000015258789,15.794099807739258,414.760009765625,7.300000190734863,114.80000305175781,38529.328125
2022-05-03 00:00:00+00:00,104.97000122070312,103.47000122070312,29.25,16.10759925842285,414.69000244140625,7.25,114.8499984741211,37750.453125
2022-05-04 00:00:00+00:00,110.13999938964844,102.58999633789062,25.420000076293945,15.733240127563477,414.69000244140625,7.300000190734863,114.8499984741211,39698.37109375
2022-05-05 00:00:00+00:00,110.9000015258789,103.75,31.200000762939453,15.468799591064453,414.69000244140625,7.25,114.94999694824219,36575.140625
2022-05-06 00:00:00+00:00,112.38999938964844,103.66000366210938,30.190000534057617,15.979599952697754,414.6199951171875,7.300000190734863,115.8499984741211,36040.921875
2022-05-07 00:00:00+00:00,,,,,,,,35501.953125
2022-05-08 00:00:00+00:00,,,,,,,,34059.265625
2022-05-09 00:00:00+00:00,105.94000244140625,103.6500015258789,34.75,16.061500549316406,414.69000244140625,7.300000190734863,114.94999694824219,30296.953125
2022-05-10 00:00:00+00:00,102.45999908447266,103.91999816894531,32.9900016784668,16.222200393676758,414.79998779296875,7.300000190734863,115.05000305175781,31022.90625
2022-05-11 00:00:00+00:00,107.51000213623047,103.8499984741211,32.560001373291016,16.11886978149414,413.8299865722656,7.25,115.0999984741211,28936.35546875
2022-05-12 00:00:00+00:00,107.44999694824219,104.8499984741211,31.770000457763672,16.078399658203125,413.8299865722656,7.25,116.0,29047.751953125
2022-05-13 00:00:00+00:00,111.55000305175781,104.55999755859375,28.8700008392334,16.05620002746582,414.8299865722656,7.25,116.05000305175781,29283.103515625
2022-05-14 00:00:00+00:00,,,,,,,,30101.265625
2022-05-15 00:00:00+00:00,,,,,,,,31305.11328125
2022-05-16 00:00:00+00:00,114.23999786376953,104.19000244140625,27.469999313354492,16.149919509887695,414.760009765625,7.300000190734863,115.19999694824219,29862.91796875
2022-05-17 00:00:00+00:00,111.93000030517578,103.36000061035156,26.100000381469727,16.12211036682129,414.75,7.25,115.30000305175781,30425.857421875
2022-05-18 00:00:00+00:00,109.11000061035156,103.80999755859375,30.959999084472656,15.90233039855957,414.75,7.5,115.3499984741211,28720.271484375
2022-05-19 00:00:00+00:00,112.04000091552734,102.72000122070312,29.350000381469727,16.0674991607666,414.67999267578125,7.449999809265137,115.4000015258789,30314.333984375
2022-05-20 00:00:00+00:00,112.55000305175781,103.1500015258789,29.43000030517578,15.832099914550781,414.6199951171875,7.5,115.44999694824219,29200.740234375
2022-05-21 00:00:00+00:00,,,,,,,,29432.2265625
2022-05-22 00:00:00+00:00,,,,,,,,30323.72265625
2022-05-23 00:00:00+00:00,113.41999816894531,102.08000183105469,28.479999542236328,15.834059715270996,414.6199951171875,7.599999904632568,115.44999694824219,29098.91015625
2022-05-24 00:00:00+00:00,113.55999755859375,101.86000061035156,29.450000762939453,15.776300430297852,414.5799865722656,7.599999904632568,115.55000305175781,29655.5859375
2022-05-25 00:00:00+00:00,114.02999877929688,102.05999755859375,28.3700008392334,15.622050285339355,414.67999267578125,7.550000190734863,115.5999984741211,29562.361328125
2022-05-26 00:00:00+00:00,117.4000015258789,101.83000183105469,27.5,15.71660041809082,414.67999267578125,7.550000190734863,115.6500015258789,29267.224609375
2022-05-27 00:00:00+00:00,119.43000030517578,101.66999816894531,25.719999313354492,15.674969673156738,414.7200012207031,7.599999904632568,115.69999694824219,28627.57421875
2022-05-28 00:00:00+00:00,,,,,,,,28814.900390625
2022-05-29 00:00:00+00:00,,,,,,,,29445.95703125
2022-05-30 00:00:00+00:00,,,,15.5649995803833,414.7200012207031,7.599999904632568,115.69999694824219,31726.390625
2022-05-31 00:00:00+00:00,122.83999633789062,101.75,26.190000534057617,15.476799964904785,414.7200012207031,7.778541088104248,115.69999694824219,31792.310546875
2022-06-01 00:00:00+00:00,116.29000091552734,102.55000305175781,25.690000534057617,15.59550952911377,414.70001220703125,7.599999904632568,115.8499984741211,29799.080078125
2022-06-02 00:00:00+00:00,117.61000061035156,101.7699966430664,24.719999313354492,15.593299865722656,414.6499938964844,7.599999904632568,116.69999694824219,30467.48828125
2022-06-03 00:00:00+00:00,119.72000122070312,102.13999938964844,24.790000915527344,15.448399543762207,414.5799865722656,7.650000095367432,115.8499984741211,29704.390625
2022-06-04 00:00:00+00:00,,,,,,,,29832.9140625
2022-06-05 00:00:00+00:00,,,,,,,,29906.662109375
2022-06-06 00:00:00+00:00,119.51000213623047,102.44000244140625,25.06999969482422,15.536100387573242,414.6199951171875,7.817009925842285,115.9800033569336,31370.671875
2022-06-07 00:00:00+00:00,120.56999969482422,102.31999969482422,24.020000457763672,15.421699523925781,414.6199951171875,7.650000095367432,115.94999694824219,31155.478515625
2022-06-08 00:00:00+00:00,123.58000183105469,102.54000091552734,23.959999084472656,15.364279747009277,414.6300048828125,7.650000095367432,116.0,30214.35546875
2022-06-09 00:00:00+00:00,123.06999969482422,103.22000122070312,26.09000015258789,15.277600288391113,414.6300048828125,7.849641799926758,116.0199966430664,30111.998046875
2022-06-10 00:00:00+00:00,122.01000213623047,104.1500015258789,27.75,15.474499702453613,414.6300048828125,7.75,116.0999984741211,29083.8046875
2022-06-11 00:00:00+00:00,,,,,,,,28360.810546875
2022-06-12 00:00:00+00:00,,,,,,,,26762.6484375
2022-06-13 00:00:00+00:00,122.2699966430664,105.08000183105469,34.02000045776367,15.858280181884766,414.6300048828125,7.958072185516357,116.0,22487.388671875
2022-06-14 00:00:00+00:00,121.16999816894531,105.5199966430664,32.689998626708984,16.112899780273438,414.6300048828125,7.800000190734863,116.25,22206.79296875
2022-06-15 00:00:00+00:00,118.51000213623047,105.16000366210938,29.6200008392334,16.014999389648438,419.0,7.75,116.19999694824219,22572.83984375
2022-06-16 00:00:00+00:00,119.80999755859375,103.62999725341797,32.95000076293945,15.739299774169922,414.7200012207031,7.800000190734863,116.2699966430664,20381.650390625
2022-06-17 00:00:00+00:00,113.12000274658203,104.69999694824219,31.1299991607666,15.996199607849121,414.7900085449219,7.930592060089111,116.41000366210938,20471.482421875
2022-06-18 00:00:00+00:00,,,,,,,,19017.642578125
2022-06-19 00:00:00+00:00,,,,,,,,20553.271484375
2022-06-20 00:00:00+00:00,,,,15.97665023803711,414.8699951171875,7.942279815673828,116.3499984741211,20599.537109375
2022-06-21 00:00:00+00:00,114.6500015258789,104.44000244140625,30.190000534057617,16.02359962463379,418.989990234375,7.929537773132324,116.4000015258789,20710.59765625
2022-06-22 00:00:00+00:00,111.73999786376953,104.19999694824219,28.950000762939453,15.914560317993164,414.75,7.800000190734863,116.5999984741211,19987.029296875
2022-06-23 00:00:00+00:00,110.05000305175781,104.43000030517578,29.049999237060547,15.899609565734863,414.6400146484375,7.75,116.6500015258789,21085.876953125
2022-06-24 00:00:00+00:00,113.12000274658203,104.19000244140625,27.229999542236328,15.935409545898438,414.5899963378906,7.800000190734863,116.69999694824219,21231.65625
2022-06-25 00:00:00+00:00,,,,,,,,21502.337890625
2022-06-26 00:00:00+00:00,,,,,,,,21027.294921875
2022-06-27 00:00:00+00:00,115.08999633789062,103.94000244140625,26.950000762939453,15.764900207519531,414.489990234375,7.800000190734863,116.75,20735.478515625
2022-06-28 00:00:00+00:00,117.9800033569336,104.51000213623047,28.360000610351562,15.827300071716309,414.5,7.800000190734863,116.80000305175781,20280.634765625
2022-06-29 00:00:00+00:00,116.26000213623047,105.11000061035156,28.15999984741211,16.063400268554688,414.6400146484375,7.931180953979492,116.81999969482422,20104.0234375
2022-06-30 00:00:00+00:00,114.80999755859375,104.69000244140625,28.709999084472656,16.20870018005371,414.6000061035156,7.926549911499023,116.80000305175781,19784.7265625
2022-07-01 00:00:00+00:00,111.62999725341797,105.13999938964844,26.700000762939453,16.255739212036133,414.7699890136719,8.044063568115234,116.87999725341797,19269.3671875
2022-07-02 00:00:00+00:00,,,,,,,,19242.255859375
2022-07-03 00:00:00+00:00,,,,,,,,19297.076171875
2022-07-04 00:00:00+00:00,,,,16.39579963684082,414.7699890136719,8.043622016906738,116.9000015258789,20231.26171875
2022-07-05 00:00:00+00:00,102.7699966430664,106.5,27.540000915527344,16.331499099731445,414.7699890136719,8.014884948730469,116.93000030517578,20190.115234375
2022-07-06 00:00:00+00:00,100.69000244140625,107.0999984741211,26.729999542236328,16.533349990844727,414.79998779296875,8.015241622924805,117.0,20548.24609375
2022-07-07 00:00:00+00:00,104.6500015258789,107.12999725341797,26.079999923706055,16.764299392700195,414.8299865722656,8.017069816589355,117.05000305175781,21637.587890625
2022-07-08 00:00:00+00:00,107.0199966430664,107.01000213623047,24.639999389648438,16.68610954284668,414.760009765625,8.004376411437988,117.0999984741211,21731.1171875
2022-07-09 00:00:00+00:00,,,,,,,,21592.20703125
2022-07-10 00:00:00+00:00,,,,,,,,20860.44921875
2022-07-11 00:00:00+00:00,107.0999984741211,108.0199966430664,26.170000076293945,16.812829971313477,414.8299865722656,7.988807201385498,117.0999984741211,19970.556640625
2022-07-12 00:00:00+00:00,99.48999786376953,108.06999969482422,27.290000915527344,17.07349967956543,414.8299865722656,8.07986068725586,117.30999755859375,19323.9140625
2022-07-13 00:00:00+00:00,99.56999969482422,107.95999908447266,26.81999969482422,17.017240524291992,414.82000732421875,8.069852828979492,117.1500015258789,20212.07421875
2022-07-14 00:00:00+00:00,99.0999984741211,108.54000091552734,26.399999618530273,16.94529914855957,414.8299865722656,8.075180053710938,117.19999694824219,20569.919921875
2022-07-15 00:00:00+00:00,101.16000366210938,108.05999755859375,24.229999542236328,17.12179946899414,414.8299865722656,8.100465774536133,117.19999694824219,20836.328125
2022-07-16 00:00:00+00:00,,,,,,,,21190.31640625
2022-07-17 00:00:00+00:00,,,,,,,,20779.34375
2022-07-18 00:00:00+00:00,106.2699966430664,107.37000274658203,25.299999237060547,17.045000076293945,414.8999938964844,8.087145805358887,117.25,22485.689453125
2022-07-19 00:00:00+00:00,107.3499984741211,106.68000030517578,24.5,17.090749740600586,414.8999938964844,8.0999116897583,117.4000015258789,23389.43359375
2022-07-20 00:00:00+00:00,106.91999816894531,107.08000183105469,23.8799991607666,17.072500228881836,414.8999938964844,8.104649543762207,117.55000305175781,23231.732421875
2022-07-21 00:00:00+00:00,103.86000061035156,106.91000366210938,23.110000610351562,17.123300552368164,414.8999938964844,8.11202621459961,117.55000305175781,23164.62890625
2022-07-22 00:00:00+00:00,103.19999694824219,106.7300033569336,23.030000686645508,17.035400390625,414.8999938964844,8.117317199707031,117.55000305175781,22714.978515625
2022-07-23 00:00:00+00:00,,,,,,,,22465.478515625
2022-07-24 00:00:00+00:00,,,,,,,,22609.1640625
2022-07-25 00:00:00+00:00,105.1500015258789,106.4800033569336,23.360000610351562,16.78809928894043,414.2200012207031,8.086441993713379,117.6500015258789,21361.701171875
2022-07-26 00:00:00+00:00,104.4000015258789,107.19000244140625,24.690000534057617,16.779300689697266,414.75,8.248170852661133,117.66999816894531,21239.75390625
2022-07-27 00:00:00+00:00,106.62000274658203,106.44999694824219,23.239999771118164,16.858400344848633,414.75,8.24965763092041,117.5999984741211,22930.548828125
2022-07-28 00:00:00+00:00,107.13999938964844,106.3499984741211,22.329999923706055,16.66699981689453,415.1400146484375,8.300000190734863,117.8499984741211,23843.88671875
2022-07-29 00:00:00+00:00,110.01000213623047,105.9000015258789,21.329999923706055,16.526199340820312,414.9599914550781,7.800000190734863,117.87999725341797,23804.6328125
2022-07-30 00:00:00+00:00,,,,,,,,23656.20703125
2022-07-31 00:00:00+00:00,,,,,,,,23336.896484375
2022-08-01 00:00:00+00:00,100.02999877929688,105.44999694824219,22.84000015258789,16.605039596557617,415.3699951171875,7.800000190734863,117.9000015258789,23314.19921875
2022-08-02 00:00:00+00:00,100.54000091552734,106.23999786376953,23.93000030517578,16.476150512695312,415.67999267578125,8.350000381469727,118.0,22978.1171875
2022-08-03 00:00:00+00:00,96.77999877929688,106.51000213623047,21.950000762939453,16.806049346923828,415.8999938964844,8.449999809265137,118.05000305175781,22846.5078125
2022-08-04 00:00:00+00:00,94.12000274658203,105.69000244140625,21.440000534057617,16.739700317382812,416.19000244140625,8.5,118.1500015258789,22630.95703125
2022-08-05 00:00:00+00:00,94.91999816894531,106.62000274658203,21.149999618530273,16.575550079345703,416.69000244140625,8.5,118.19999694824219,23289.314453125
2022-08-06 00:00:00+00:00,,,,,,,,22961.279296875
2022-08-07 00:00:00+00:00,,,,,,,,23175.890625
2022-08-08 00:00:00+00:00,96.6500015258789,106.44000244140625,21.290000915527344,16.772600173950195,417.07000732421875,8.695241928100586,118.0999984741211,23809.486328125
2022-08-09 00:00:00+00:00,96.30999755859375,106.37000274658203,21.770000457763672,16.62540054321289,417.4700012207031,8.550000190734863,119.0999984741211,23164.318359375
2022-08-10 00:00:00+00:00,97.4000015258789,105.19999694824219,19.739999771118164,16.566499710083008,417.4700012207031,8.550000190734863,119.19999694824219,23947.642578125
2022-08-11 00:00:00+00:00,99.5999984741211,105.08999633789062,20.200000762939453,16.17176055908203,418.19000244140625,8.850000381469727,118.3499984741211,23957.529296875
2022-08-12 00:00:00+00:00,98.1500015258789,105.62999725341797,19.530000686645508,16.236799240112305,418.3699951171875,8.899999618530273,118.4000015258789,24402.818359375
2022-08-13 00:00:00+00:00,,,,,,,,24424.068359375
2022-08-14 00:00:00+00:00,,,,,,,,24319.333984375
2022-08-15 00:00:00+00:00,95.0999984741211,106.55000305175781,19.950000762939453,16.235200881958008,418.7200012207031,8.949999809265137,118.44999694824219,24136.97265625
2022-08-16 00:00:00+00:00,92.33999633789062,106.5,19.690000534057617,16.421110153198242,418.8900146484375,9.0,118.5,23883.291015625
2022-08-17 00:00:00+00:00,93.6500015258789,106.56999969482422,19.899999618530273,16.36520004272461,418.8900146484375,9.0,118.55000305175781,23335.998046875
2022-08-18 00:00:00+00:00,96.58999633789062,107.4800033569336,19.559999465942383,16.645000457763672,419.9599914550781,9.457895278930664,118.58999633789062,23212.73828125
2022-08-19 00:00:00+00:00,96.72000122070312,108.16999816894531,20.600000381469727,16.8528995513916,419.8299865722656,9.449999809265137,118.6500015258789,20877.552734375
2022-08-20 00:00:00+00:00,,,,,,,,21166.060546875
2022-08-21 00:00:00+00:00,,,,,,,,21534.12109375
2022-08-22 00:00:00+00:00,96.4800033569336,109.05000305175781,23.799999237060547,17.007410049438477,419.8299865722656,9.740532875061035,118.69999694824219,21398.908203125
2022-08-23 00:00:00+00:00,100.22000122070312,108.62000274658203,24.110000610351562,16.989110946655273,420.3999938964844,9.699999809265137,118.8499984741211,21528.087890625
2022-08-24 00:00:00+00:00,101.22000122070312,108.68000030517578,22.81999969482422,16.959840774536133,420.7099914550781,9.800000190734863,118.9000015258789,21395.01953125
2022-08-25 00:00:00+00:00,99.33999633789062,108.47000122070312,21.780000686645508,16.910200119018555,421.0799865722656,9.850000381469727,118.94999694824219,21600.904296875
2022-08-26 00:00:00+00:00,100.98999786376953,108.80000305175781,25.559999465942383,16.70857048034668,421.3900146484375,9.850000381469727,119.0,20260.01953125
2022-08-27 00:00:00+00:00,,,,,,,,20041.73828125
2022-08-28 00:00:00+00:00,,,,,,,,19616.814453125
2022-08-29 00:00:00+00:00,105.08999633789062,108.83999633789062,26.209999084472656,16.9112491607666,421.70001220703125,10.000201225280762,118.9000015258789,20297.994140625
2022-08-30 00:00:00+00:00,99.30999755859375,108.7699966430664,26.209999084472656,16.809640884399414,421.70001220703125,9.850000381469727,119.05000305175781,19796.80859375
2022-08-31 00:00:00+00:00,96.48999786376953,108.69999694824219,25.8700008392334,16.957799911499023,422.3800048828125,9.899999618530273,119.94999694824219,20049.763671875
2022-09-01 00:00:00+00:00,92.36000061035156,109.69000244140625,25.559999465942383,17.105209350585938,421.3800048828125,9.949999809265137,119.1500015258789,20127.140625
2022-09-02 00:00:00+00:00,93.0199966430664,109.52999877929688,25.469999313354492,17.25189971923828,422.4599914550781,9.899999618530273,119.19999694824219,19969.771484375
2022-09-03 00:00:00+00:00,,,,,,,,19832.087890625
2022-09-04 00:00:00+00:00,,,,,,,,19986.712890625
2022-09-05 00:00:00+00:00,,,,17.300899505615234,422.9200134277344,9.800000190734863,119.1500015258789,19812.37109375
2022-09-06 00:00:00+00:00,92.83000183105469,110.20999908447266,26.90999984741211,17.162200927734375,435.0,9.75,120.19999694824219,18837.66796875
2022-09-07 00:00:00+00:00,88.0,109.83999633789062,24.639999389648438,17.276620864868164,425.2799987792969,9.800000190734863,119.3499984741211,19290.32421875
2022-09-08 00:00:00+00:00,89.1500015258789,109.70999908447266,23.610000610351562,17.238019943237305,425.6099853515625,9.899999618530273,120.25,19329.833984375
2022-09-09 00:00:00+00:00,92.83999633789062,109.0,22.790000915527344,17.49169921875,426.42999267578125,9.899999618530273,120.25,21381.15234375
2022-09-10 00:00:00+00:00,,,,,,,,21680.5390625
2022-09-11 00:00:00+00:00,,,,,,,,21769.255859375
2022-09-12 00:00:00+00:00,94.0,108.33000183105469,23.8700008392334,17.243000030517578,426.760009765625,9.947697639465332,119.30000305175781,22370.44921875
2022-09-13 00:00:00+00:00,93.16999816894531,109.81999969482422,27.270000457763672,17.079580307006836,427.1000061035156,9.899999618530273,119.44999694824219,20296.70703125
2022-09-14 00:00:00+00:00,94.0999984741211,109.66000366210938,26.15999984741211,17.39189910888672,427.510009765625,9.899999618530273,119.44999694824219,20241.08984375
2022-09-15 00:00:00+00:00,90.83999633789062,109.73999786376953,26.270000457763672,17.47330093383789,427.80999755859375,10.07284164428711,119.4000015258789,19701.2109375
2022-09-16 00:00:00+00:00,91.3499984741211,109.76000213623047,26.299999237060547,17.56399917602539,428.1099853515625,10.0,120.4000015258789,19772.583984375
2022-09-17 00:00:00+00:00,,,,,,,,20127.576171875
2022-09-18 00:00:00+00:00,,,,,,,,19419.505859375
2022-09-19 00:00:00+00:00,92.0,109.73999786376953,25.760000228881836,17.609529495239258,428.3800048828125,9.782936096191406,119.4000015258789,19544.12890625
2022-09-20 00:00:00+00:00,90.62000274658203,110.22000122070312,27.15999984741211,17.625999450683594,428.67999267578125,9.949999809265137,120.44999694824219,18890.7890625
2022-09-21 00:00:00+00:00,89.83000183105469,110.63999938964844,27.989999771118164,17.688100814819336,429.010009765625,9.949999809265137,119.5999984741211,18547.400390625
2022-09-22 00:00:00+00:00,90.45999908447266,111.3499984741211,27.350000381469727,17.714799880981445,429.3699951171875,9.99489974975586,119.5999984741211,19413.55078125
2022-09-23 00:00:00+00:00,86.1500015258789,113.19000244140625,29.920000076293945,17.559490203857422,429.7099914550781,9.949999809265137,120.55000305175781,19297.638671875
2022-09-24 00:00:00+00:00,,,,,,,,18937.01171875
2022-09-25 00:00:00+00:00,,,,,,,,18802.09765625
2022-09-26 00:00:00+00:00,84.05999755859375,114.0999984741211,32.2599983215332,17.937000274658203,430.04998779296875,10.087620735168457,119.5,19222.671875
2022-09-27 00:00:00+00:00,86.2699966430664,114.11000061035156,32.599998474121094,18.06209945678711,430.4800109863281,10.100000381469727,120.55000305175781,19110.546875
2022-09-28 00:00:00+00:00,89.31999969482422,112.5999984741211,30.18000030517578,17.98270034790039,430.8299865722656,10.050000190734863,119.75,19426.720703125
2022-09-29 00:00:00+00:00,88.48999786376953,112.25,31.84000015258789,17.85460090637207,430.8299865722656,10.050000190734863,120.6500015258789,19573.05078125
2022-09-30 00:00:00+00:00,87.95999908447266,112.12000274658203,31.6200008392334,17.96558952331543,431.5400085449219,10.100000381469727,119.80000305175781,19431.7890625
2022-10-01 00:00:00+00:00,,,,,,,,19312.095703125
2022-10-02 00:00:00+00:00,,,,,,,,19044.107421875
2022-10-03 00:00:00+00:00,88.86000061035156,111.75,30.100000381469727,18.052499771118164,431.8699951171875,10.199999809265137,119.75,19623.580078125
2022-10-04 00:00:00+00:00,91.80000305175781,110.06999969482422,29.06999969482422,17.63129997253418,431.8500061035156,10.25,120.75,20336.84375
2022-10-05 00:00:00+00:00,93.37000274658203,111.06999969482422,28.549999237060547,17.627899169921875,431.8699951171875,10.25,119.8499984741211,20160.716796875
2022-10-06 00:00:00+00:00,94.41999816894531,112.26000213623047,30.520000457763672,17.789569854736328,413.8800048828125,10.512616157531738,120.31999969482422,19955.443359375
2022-10-07 00:00:00+00:00,97.91999816894531,112.80000305175781,31.360000610351562,17.961200714111328,432.8999938964844,10.100000381469727,119.9000015258789,19546.849609375
2022-10-08 00:00:00+00:00,,,,,,,,19416.568359375
2022-10-09 00:00:00+00:00,,,,,,,,19446.42578125
2022-10-10 00:00:00+00:00,96.19000244140625,113.13999938964844,32.45000076293945,18.094999313354492,433.2200012207031,10.68539810180664,119.8499984741211,19141.484375
2022-10-11 00:00:00+00:00,94.29000091552734,113.22000122070312,33.630001068115234,18.081899642944336,433.7799987792969,10.199999809265137,119.9000015258789,19051.41796875
2022-10-12 00:00:00+00:00,92.44999694824219,113.31999969482422,33.56999969482422,18.139999389648438,433.7799987792969,10.5,120.75,19157.4453125
2022-10-13 00:00:00+00:00,94.56999969482422,112.36000061035156,31.940000534057617,18.275400161743164,434.2699890136719,10.600000381469727,120.0,19382.904296875
2022-10-14 00:00:00+00:00,91.62999725341797,113.30999755859375,32.02000045776367,18.226499557495117,434.70001220703125,10.600000381469727,120.05000305175781,19185.65625
2022-10-15 00:00:00+00:00,,,,,,,,19067.634765625
2022-10-16 00:00:00+00:00,,,,,,,,19268.09375
2022-10-17 00:00:00+00:00,91.62000274658203,112.04000091552734,31.3700008392334,18.234600067138672,434.67999267578125,10.699999809265137,120.0,19550.7578125
2022-10-18 00:00:00+00:00,90.02999877929688,112.12999725341797,30.5,18.056100845336914,435.05999755859375,10.699999809265137,120.0999984741211,19334.416015625
2022-10-19 00:00:00+00:00,92.41000366210938,112.9800033569336,30.760000228881836,18.06209945678711,435.8500061035156,11.5,120.0999984741211,19139.53515625
2022-10-20 00:00:00+00:00,92.37999725341797,112.87999725341797,29.979999542236328,18.1968994140625,435.9800109863281,11.790300369262695,120.1500015258789,19053.740234375
2022-10-21 00:00:00+00:00,93.5,112.01000213623047,29.690000534057617,18.297100067138672,436.1099853515625,12.25,120.4000015258789,19172.46875
2022-10-22 00:00:00+00:00,,,,,,,,19208.189453125
2022-10-23 00:00:00+00:00,,,,,,,,19567.0078125
2022-10-24 00:00:00+00:00,93.26000213623047,111.98999786376953,29.850000381469727,18.034700393676758,436.1000061035156,13.44684886932373,120.19999694824219,19345.572265625
2022-10-25 00:00:00+00:00,93.5199966430664,110.94999694824219,28.459999084472656,18.395299911499023,436.5,13.5,121.0999984741211,20095.857421875
2022-10-26 00:00:00+00:00,95.69000244140625,109.69999694824219,27.280000686645508,18.184600830078125,436.67999267578125,13.550000190734863,121.0999984741211,20770.44140625
2022-10-27 00:00:00+00:00,96.95999908447266,110.58999633789062,27.389999389648438,17.909299850463867,436.54998779296875,13.550000190734863,121.19999694824219,20285.8359375
2022-10-28 00:00:00+00:00,95.7699966430664,110.66999816894531,25.75,17.935699462890625,437.1600036621094,13.5,120.3499984741211,20595.3515625
2022-10-29 00:00:00+00:00,,,,,,,,20818.4765625
2022-10-30 00:00:00+00:00,,,,,,,,20635.603515625
2022-10-31 00:00:00+00:00,94.83000183105469,111.52999877929688,25.8799991607666,18.114999771118164,437.5,13.550000190734863,120.4000015258789,20495.7734375
2022-11-01 00:00:00+00:00,94.6500015258789,111.4800033569336,25.809999465942383,18.30270004272461,437.8500061035156,13.25,121.30000305175781,20485.2734375
2022-11-02 00:00:00+00:00,96.16000366210938,111.3499984741211,25.860000610351562,18.208799362182617,438.0199890136719,13.25,120.44999694824219,20159.50390625
2022-11-03 00:00:00+00:00,94.66999816894531,112.93000030517578,25.299999237060547,18.230899810791016,438.3699951171875,13.199999809265137,120.5,20209.98828125
2022-11-04 00:00:00+00:00,98.56999969482422,110.87999725341797,24.549999237060547,18.374849319458008,438.6700134277344,13.25,120.55000305175781,21147.23046875
2022-11-05 00:00:00+00:00,,,,,,,,21282.69140625
2022-11-06 00:00:00+00:00,,,,,,,,20926.486328125
2022-11-07 00:00:00+00:00,97.91999816894531,110.12000274658203,24.350000381469727,17.97035026550293,438.8800048828125,13.91043758392334,118.57051849365234,20602.81640625
2022-11-08 00:00:00+00:00,95.36000061035156,109.62000274658203,25.540000915527344,17.710500717163086,439.260009765625,13.600000381469727,120.5999984741211,18541.271484375
2022-11-09 00:00:00+00:00,92.6500015258789,110.55000305175781,26.09000015258789,17.700700759887695,439.5299987792969,13.850000381469727,120.75,15880.7802734375
2022-11-10 00:00:00+00:00,93.66999816894531,108.20999908447266,23.530000686645508,17.75029945373535,439.7900085449219,13.899999618530273,120.80000305175781,17586.771484375
2022-11-11 00:00:00+00:00,95.98999786376953,106.29000091552734,22.520000457763672,17.340900421142578,440.1300048828125,13.850000381469727,120.8499984741211,17034.29296875
2022-11-12 00:00:00+00:00,,,,,,,,16799.185546875
2022-11-13 00:00:00+00:00,,,,,,,,16353.365234375
2022-11-14 00:00:00+00:00,93.13999938964844,106.66000366210938,23.729999542236328,17.24489974975586,440.4599914550781,14.361050605773926,119.48845672607422,16618.19921875
2022-11-15 00:00:00+00:00,93.86000061035156,106.4000015258789,24.540000915527344,17.287099838256836,440.8299865722656,14.199999809265137,120.94999694824219,16884.61328125
2022-11-16 00:00:00+00:00,92.86000061035156,106.27999877929688,24.110000610351562,17.29050064086914,441.19000244140625,14.199999809265137,121.0,16669.439453125
2022-11-17 00:00:00+00:00,89.77999877929688,106.69000244140625,23.93000030517578,17.234699249267578,441.19000244140625,14.0,121.05000305175781,16687.517578125
2022-11-18 00:00:00+00:00,87.62000274658203,106.93000030517578,23.1200008392334,17.311899185180664,441.8500061035156,14.300000190734863,121.0999984741211,16697.77734375
2022-11-19 00:00:00+00:00,,,,,,,,16711.546875
2022-11-20 00:00:00+00:00,,,,,,,,16291.83203125
2022-11-21 00:00:00+00:00,87.44999694824219,107.83999633789062,22.360000610351562,17.19515037536621,442.1600036621094,14.0,121.1500015258789,15787.2841796875
2022-11-22 00:00:00+00:00,88.36000061035156,107.22000122070312,21.290000915527344,17.324100494384766,442.489990234375,14.0,121.19999694824219,16189.76953125
2022-11-23 00:00:00+00:00,85.41000366210938,106.08000183105469,20.350000381469727,17.24650001525879,442.6300048828125,14.100000381469727,121.25,16610.70703125
2022-11-24 00:00:00+00:00,,,,16.968799591064453,442.79998779296875,14.0,121.30000305175781,16604.46484375
2022-11-25 00:00:00+00:00,83.62999725341797,105.95999908447266,20.5,17.00058937072754,442.95001220703125,14.480690002441406,121.25,16521.841796875
2022-11-26 00:00:00+00:00,,,,,,,,16464.28125
2022-11-27 00:00:00+00:00,,,,,,,,16444.626953125
2022-11-28 00:00:00+00:00,83.19000244140625,106.68000030517578,22.209999084472656,17.0762996673584,442.760009765625,14.0,121.30000305175781,16217.322265625
2022-11-29 00:00:00+00:00,83.02999877929688,106.81999969482422,21.889999389648438,17.12700080871582,443.3699951171875,14.25,121.44999694824219,16444.982421875
2022-11-30 00:00:00+00:00,85.43000030517578,105.94999694824219,20.579999923706055,16.968050003051758,443.44000244140625,14.0,121.5,17168.56640625
2022-12-01 00:00:00+00:00,86.87999725341797,104.7300033569336,19.84000015258789,17.109699249267578,443.44000244140625,14.0,121.55000305175781,16967.1328125
2022-12-02 00:00:00+00:00,85.56999969482422,104.55000305175781,19.059999465942383,17.524829864501953,443.45001220703125,13.600000381469727,121.5999984741211,17088.66015625
2022-12-03 00:00:00+00:00,,,,,,,,16908.236328125
2022-12-04 00:00:00+00:00,,,,,,,,17130.486328125
2022-12-05 00:00:00+00:00,82.68000030517578,105.29000091552734,20.75,17.2898006439209,443.6700134277344,14.076394081115723,121.44999694824219,16974.826171875
2022-12-06 00:00:00+00:00,79.3499984741211,105.58000183105469,22.170000076293945,17.44329071044922,444.0400085449219,13.5,121.69999694824219,17089.50390625
2022-12-07 00:00:00+00:00,77.16999816894531,105.0999984741211,22.68000030517578,17.31529998779297,444.30999755859375,12.800000190734863,121.75,16848.126953125
2022-12-08 00:00:00+00:00,76.1500015258789,104.7699966430664,22.290000915527344,17.152589797973633,444.30999755859375,12.800000190734863,121.80000305175781,17233.474609375
2022-12-09 00:00:00+00:00,76.0999984741211,104.80999755859375,22.829999923706055,17.157100677490234,444.4700012207031,12.699999809265137,121.8499984741211,17133.15234375
2022-12-10 00:00:00+00:00,,,,,,,,17128.724609375
2022-12-11 00:00:00+00:00,,,,,,,,17104.193359375
2022-12-12 00:00:00+00:00,77.98999786376953,105.12999725341797,25.0,17.320899963378906,444.4700012207031,12.960318565368652,121.51338958740234,17206.4375
2022-12-13 00:00:00+00:00,80.68000030517578,103.9800033569336,22.549999237060547,17.565500259399414,444.6499938964844,12.368818283081055,121.7300033569336,17781.318359375
2022-12-14 00:00:00+00:00,82.69999694824219,103.7699966430664,21.139999389648438,17.233699798583984,444.80999755859375,11.800000190734863,121.94999694824219,17815.650390625
2022-12-15 00:00:00+00:00,81.20999908447266,104.55999755859375,22.829999923706055,17.159090042114258,444.9599914550781,11.800000190734863,122.0,17364.865234375
2022-12-16 00:00:00+00:00,79.04000091552734,104.69999694824219,22.6200008392334,17.499000549316406,444.9599914550781,8.5,122.05000305175781,16647.484375
2022-12-17 00:00:00+00:00,,,,,,,,16795.091796875
2022-12-18 00:00:00+00:00,,,,,,,,16757.9765625
2022-12-19 00:00:00+00:00,79.80000305175781,104.72000122070312,22.420000076293945,17.572200775146484,444.9700012207031,9.006839752197266,122.05047607421875,16439.6796875
2022-12-20 00:00:00+00:00,79.98999786376953,103.97000122070312,21.479999542236328,17.332700729370117,445.4599914550781,8.5,122.0999984741211,16906.3046875
2022-12-21 00:00:00+00:00,82.19999694824219,104.16000366210938,20.06999969482422,17.30780029296875,445.4599914550781,8.800000190734863,123.0999984741211,16817.53515625
2022-12-22 00:00:00+00:00,80.9800033569336,104.43000030517578,21.969999313354492,17.17970085144043,445.4599914550781,9.0,122.25,16830.341796875
2022-12-23 00:00:00+00:00,83.91999816894531,104.30999755859375,20.8700008392334,17.1200008392334,446.1300048828125,9.5,122.30000305175781,16796.953125
2022-12-24 00:00:00+00:00,,,,,,,,16847.755859375
2022-12-25 00:00:00+00:00,,,,,,,,16841.986328125
2022-12-26 00:00:00+00:00,,,,16.95949935913086,446.1300048828125,9.5,122.3499984741211,16919.8046875
2022-12-27 00:00:00+00:00,84.33000183105469,104.18000030517578,21.649999618530273,17.020490646362305,446.1499938964844,9.5,122.3499984741211,16717.173828125
2022-12-28 00:00:00+00:00,83.26000213623047,104.45999908447266,22.139999389648438,17.193500518798828,446.1300048828125,9.5,123.25,16552.572265625
2022-12-29 00:00:00+00:00,82.26000213623047,103.83999633789062,21.440000534057617,17.04509925842285,446.1400146484375,9.0,122.4000015258789,16642.341796875
2022-12-30 00:00:00+00:00,85.91000366210938,103.5199966430664,21.670000076293945,16.92060089111328,447.0799865722656,9.0,122.4000015258789,16602.5859375
2022-12-31 00:00:00+00:00,,,,,,,,16547.49609375
2023-01-01 00:00:00+00:00,,,,,,,,16625.080078125
2023-01-02 00:00:00+00:00,,,,16.899999618530273,447.5799865722656,9.800000190734863,122.5,16688.470703125
2023-01-03 00:00:00+00:00,82.0999984741211,104.5199966430664,22.899999618530273,16.885189056396484,447.5799865722656,9.967567443847656,122.41000366210938,16679.857421875
2023-01-04 00:00:00+00:00,77.83999633789062,104.25,22.010000228881836,17.011999130249023,448.04998779296875,9.800000190734863,122.55000305175781,16863.23828125
2023-01-05 00:00:00+00:00,78.69000244140625,105.04000091552734,22.459999084472656,16.8704891204834,448.510009765625,9.800000190734863,123.4000015258789,16836.736328125
2023-01-06 00:00:00+00:00,78.56999969482422,103.87999725341797,21.1299991607666,17.15089988708496,449.0299987792969,9.699999809265137,122.5999984741211,16951.96875
2023-01-07 00:00:00+00:00,,,,,,,,16955.078125
2023-01-08 00:00:00+00:00,,,,,,,,17091.14453125
2023-01-09 00:00:00+00:00,79.6500015258789,103.0,21.969999313354492,17.09000015258789,449.54998779296875,9.800000190734863,122.6500015258789,17196.5546875
2023-01-10 00:00:00+00:00,80.0999984741211,103.23999786376953,20.579999923706055,16.91699981689453,449.54998779296875,9.800000190734863,122.69999694824219,17446.29296875
2023-01-11 00:00:00+00:00,82.66999816894531,103.19000244140625,21.09000015258789,16.792299270629883,449.5799865722656,9.699999809265137,122.80000305175781,17934.896484375
2023-01-12 00:00:00+00:00,84.02999877929688,102.25,18.829999923706055,16.897279739379883,451.1000061035156,10.100000381469727,122.8499984741211,18869.587890625
2023-01-13 00:00:00+00:00,85.27999877929688,102.19999694824219,18.350000381469727,16.70977020263672,451.6300048828125,10.5,122.9000015258789,19909.57421875
2023-01-14 00:00:00+00:00,,,,,,,,20976.298828125
2023-01-15 00:00:00+00:00,,,,,,,,20880.798828125
2023-01-16 00:00:00+00:00,,,,16.780000686645508,452.0899963378906,11.936580657958984,122.05060577392578,21169.6328125
2023-01-17 00:00:00+00:00,85.91999816894531,102.38999938964844,19.360000610351562,17.043270111083984,452.1199951171875,11.977352142333984,122.9000015258789,21161.51953125
2023-01-18 00:00:00+00:00,84.9800033569336,102.36000061035156,20.34000015258789,17.052200317382812,453.0799865722656,12.0,123.05000305175781,20688.78125
2023-01-19 00:00:00+00:00,86.16000366210938,102.05999755859375,20.520000457763672,17.1112003326416,453.0799865722656,12.0,123.0999984741211,21086.79296875
2023-01-20 00:00:00+00:00,87.62999725341797,102.01000213623047,19.850000381469727,17.28219985961914,460.0,12.0,123.1500015258789,22676.552734375
2023-01-21 00:00:00+00:00,,,,,,,,22777.625
2023-01-22 00:00:00+00:00,,,,,,,,22720.416015625
2023-01-23 00:00:00+00:00,88.19000244140625,102.13999938964844,19.809999465942383,17.087499618530273,454.55999755859375,12.274556159973145,123.0999984741211,22934.431640625
2023-01-24 00:00:00+00:00,86.12999725341797,101.91999816894531,19.200000762939453,17.148189544677734,454.55999755859375,12.0,123.25,22636.46875
2023-01-25 00:00:00+00:00,86.12000274658203,101.63999938964844,19.079999923706055,17.005489349365234,454.57000732421875,12.100000381469727,123.30000305175781,23117.859375
2023-01-26 00:00:00+00:00,87.47000122070312,101.83999633789062,18.729999542236328,17.110790252685547,459.4700012207031,12.0,123.3499984741211,23032.77734375
2023-01-27 00:00:00+00:00,86.66000366210938,101.93000030517578,18.510000228881836,17.15850067138672,459.7799987792969,12.0,123.3499984741211,23078.728515625
2023-01-28 00:00:00+00:00,,,,,,,,23031.08984375
2023-01-29 00:00:00+00:00,,,,,,,,23774.56640625
2023-01-30 00:00:00+00:00,84.9000015258789,102.27999877929688,19.940000534057617,17.189599990844727,459.7799987792969,12.383132934570312,123.08171081542969,22840.138671875
2023-01-31 00:00:00+00:00,84.48999786376953,102.0999984741211,19.399999618530273,17.378700256347656,459.9100036621094,12.100000381469727,123.41999816894531,23139.283203125
2023-02-01 00:00:00+00:00,82.83999633789062,101.22000122070312,17.8700008392334,17.411399841308594,460.0199890136719,12.326645851135254,123.5,23723.76953125
2023-02-02 00:00:00+00:00,82.16999816894531,101.75,18.729999542236328,16.997499465942383,460.0199890136719,12.0,123.5999984741211,23471.87109375
2023-02-03 00:00:00+00:00,79.94000244140625,102.91999816894531,18.329999923706055,17.069000244140625,460.0400085449219,12.0,123.69999694824219,23449.322265625
2023-02-04 00:00:00+00:00,,,,,,,,23331.84765625
2023-02-05 00:00:00+00:00,,,,,,,,22955.666015625
2023-02-06 00:00:00+00:00,80.98999786376953,103.62000274658203,19.43000030517578,17.432100296020508,460.0400085449219,12.340860366821289,124.4239730834961,22760.109375
2023-02-07 00:00:00+00:00,83.69000244140625,103.43000030517578,18.65999984741211,17.654499053955078,459.20001220703125,12.0,124.80000305175781,23264.291015625
2023-02-08 00:00:00+00:00,85.08999633789062,103.41000366210938,19.6299991607666,17.513700485229492,459.9200134277344,12.0,124.02999877929688,22939.3984375
2023-02-09 00:00:00+00:00,84.5,103.22000122070312,20.709999084472656,17.71954917907715,459.9200134277344,12.0,124.0999984741211,21819.0390625
2023-02-10 00:00:00+00:00,86.38999938964844,103.62999725341797,20.530000686645508,17.7406005859375,459.9700012207031,11.899999618530273,124.19999694824219,21651.18359375
2023-02-11 00:00:00+00:00,,,,,,,,21870.875
2023-02-12 00:00:00+00:00,,,,,,,,21788.203125
2023-02-13 00:00:00+00:00,86.61000061035156,103.3499984741211,20.34000015258789,17.921100616455078,458.989990234375,12.17210865020752,123.6016845703125,21808.1015625
2023-02-14 00:00:00+00:00,85.58000183105469,103.2300033569336,18.90999984741211,17.810400009155273,460.0199890136719,11.899999618530273,124.26000213623047,22220.8046875
2023-02-15 00:00:00+00:00,85.37999725341797,103.91999816894531,18.229999542236328,17.86033058166504,460.05999755859375,11.899999618530273,124.5,24307.841796875
2023-02-16 00:00:00+00:00,85.13999938964844,103.86000061035156,20.170000076293945,18.019739151000977,460.0,12.380314826965332,124.88999938964844,23623.474609375
2023-02-17 00:00:00+00:00,83.0,103.86000061035156,20.020000457763672,18.122299194335938,460.04998779296875,12.351177215576172,124.6500015258789,24565.6015625
2023-02-18 00:00:00+00:00,,,,,,,,24641.27734375
2023-02-19 00:00:00+00:00,,,,,,,,24327.642578125
2023-02-20 00:00:00+00:00,,,,18.03849983215332,460.0400085449219,12.654687881469727,123.73667907714844,24829.1484375
2023-02-21 00:00:00+00:00,83.05000305175781,104.18000030517578,22.8700008392334,18.050579071044922,460.04998779296875,12.72950267791748,125.12999725341797,24436.353515625
2023-02-22 00:00:00+00:00,80.5999984741211,104.58999633789062,22.290000915527344,18.240299224853516,456.0,12.7364501953125,125.1500015258789,24188.84375
2023-02-23 00:00:00+00:00,82.20999908447266,104.5999984741211,21.139999389648438,18.204700469970703,459.9700012207031,12.823437690734863,125.06999969482422,23947.4921875
2023-02-24 00:00:00+00:00,83.16000366210938,105.20999908447266,21.670000076293945,18.202299118041992,459.94000244140625,12.87391185760498,125.27999877929688,23198.126953125
2023-02-25 00:00:00+00:00,,,,,,,,23175.375
2023-02-26 00:00:00+00:00,,,,,,,,23561.212890625
2023-02-27 00:00:00+00:00,82.44999694824219,104.66999816894531,20.950000762939453,18.387500762939453,459.94000244140625,12.843984603881836,125.1100082397461,23522.87109375
2023-02-28 00:00:00+00:00,83.88999938964844,104.87000274658203,20.700000762939453,18.380229949951172,458.0,12.600000381469727,126.0999984741211,23147.353515625
2023-03-01 00:00:00+00:00,84.30999755859375,104.4800033569336,20.579999923706055,18.313499450683594,459.9700012207031,12.72382926940918,126.30000305175781,23646.55078125
2023-03-02 00:00:00+00:00,84.75,105.02999877929688,19.59000015258789,18.096500396728516,456.0,12.600000381469727,126.5999984741211,23475.466796875
2023-03-03 00:00:00+00:00,85.83000183105469,104.5199966430664,18.489999771118164,18.166400909423828,458.0,12.5,126.3499984741211,22362.6796875
2023-03-04 00:00:00+00:00,,,,,,,,22353.349609375
2023-03-05 00:00:00+00:00,,,,,,,,22435.513671875
2023-03-06 00:00:00+00:00,86.18000030517578,104.3499984741211,18.610000610351562,18.11750030517578,459.9599914550781,12.399999618530273,127.0,22429.7578125
2023-03-07 00:00:00+00:00,83.29000091552734,105.62000274658203,19.59000015258789,18.17020034790039,459.9599914550781,12.399999618530273,127.9800033569336,22219.76953125
2023-03-08 00:00:00+00:00,82.66000366210938,105.66000366210938,19.110000610351562,18.3882999420166,455.0,12.100000381469727,127.5999984741211,21718.080078125
2023-03-09 00:00:00+00:00,81.58999633789062,105.30999755859375,22.610000610351562,18.52199935913086,456.0,12.0,127.80000305175781,20363.021484375
2023-03-10 00:00:00+00:00,82.77999877929688,104.58000183105469,24.799999237060547,18.560800552368164,458.0,11.899999618530273,128.1999969482422,20187.244140625
2023-03-11 00:00:00+00:00,,,,,,,,20632.41015625
2023-03-12 00:00:00+00:00,,,,,,,,22163.94921875
2023-03-13 00:00:00+00:00,80.7699966430664,103.5999984741211,26.520000457763672,18.197200775146484,460.0199890136719,12.266127586364746,126.9557876586914,24197.533203125
2023-03-14 00:00:00+00:00,77.44999694824219,103.5999984741211,23.729999542236328,18.183900833129883,455.0,12.199999809265137,128.8000030517578,24746.07421875
2023-03-15 00:00:00+00:00,73.69000244140625,104.6500015258789,26.139999389648438,18.10569953918457,460.0299987792969,12.199999809265137,128.9499969482422,24375.9609375
2023-03-16 00:00:00+00:00,74.69999694824219,104.41999816894531,22.989999771118164,18.36479949951172,457.0,12.199999809265137,129.10000610351562,25052.7890625
2023-03-17 00:00:00+00:00,72.97000122070312,103.70999908447266,25.510000228881836,18.338499069213867,457.0,12.0,129.89999389648438,27423.9296875
2023-03-18 00:00:00+00:00,,,,,,,,26965.87890625
2023-03-19 00:00:00+00:00,,,,,,,,28038.67578125
2023-03-20 00:00:00+00:00,73.79000091552734,103.27999877929688,24.149999618530273,18.467100143432617,459.94000244140625,12.252677917480469,125.80121612548828,27767.236328125
2023-03-21 00:00:00+00:00,75.31999969482422,103.26000213623047,21.3799991607666,18.496339797973633,459.8900146484375,12.376486778259277,129.0,28175.81640625
2023-03-22 00:00:00+00:00,76.69000244140625,102.3499984741211,22.260000228881836,18.512569427490234,459.9200134277344,12.276649475097656,129.5,27307.4375
2023-03-23 00:00:00+00:00,75.91000366210938,102.52999877929688,22.610000610351562,18.211200714111328,459.95001220703125,12.278053283691406,129.89999389648438,28333.97265625
2023-03-24 00:00:00+00:00,74.98999786376953,103.12000274658203,21.739999771118164,18.066150665283203,459.9800109863281,12.313217163085938,130.3000030517578,27493.28515625
2023-03-25 00:00:00+00:00,,,,,,,,27494.70703125
2023-03-26 00:00:00+00:00,,,,,,,,27994.330078125
2023-03-27 00:00:00+00:00,78.12000274658203,102.86000061035156,20.600000381469727,18.146900177001953,459.9800109863281,12.236414909362793,130.39999389648438,27139.888671875
2023-03-28 00:00:00+00:00,78.6500015258789,102.43000030517578,19.969999313354492,18.28619956970215,461.0,11.899999618530273,130.60000610351562,27268.130859375
2023-03-29 00:00:00+00:00,78.27999877929688,102.63999938964844,19.1200008392334,18.14349937438965,462.0,12.00876522064209,129.80999755859375,28348.44140625
2023-03-30 00:00:00+00:00,79.2699966430664,102.13999938964844,19.020000457763672,18.08591079711914,456.0,11.649999618530273,131.14999389648438,28033.5625
2023-03-31 00:00:00+00:00,79.7699966430664,102.51000213623047,18.700000762939453,17.739900588989258,459.0,11.649999618530273,131.39999389648438,28478.484375
2023-04-01 00:00:00+00:00,,,,,,,,28411.03515625
2023-04-02 00:00:00+00:00,,,,,,,,28199.30859375
2023-04-03 00:00:00+00:00,84.93000030517578,102.08999633789062,18.549999237060547,17.806249618530273,459.8399963378906,11.5,131.5,27790.220703125
2023-04-04 00:00:00+00:00,84.94000244140625,101.58999633789062,19.0,17.795799255371094,459.8299865722656,10.699999809265137,131.75,28168.08984375
2023-04-05 00:00:00+00:00,84.98999786376953,101.8499984741211,19.079999923706055,17.88385009765625,462.0,10.600000381469727,132.0500030517578,28177.984375
2023-04-06 00:00:00+00:00,85.12000274658203,101.81999969482422,18.399999618530273,18.06290054321289,461.0,10.550000190734863,132.39999389648438,28044.140625
2023-04-07 00:00:00+00:00,,,,18.08230972290039,459.8299865722656,10.767876625061035,132.60000610351562,27925.859375
2023-04-08 00:00:00+00:00,,,,,,,,27947.794921875
2023-04-09 00:00:00+00:00,,,,,,,,28333.05078125
2023-04-10 00:00:00+00:00,84.18000030517578,102.58000183105469,18.969999313354492,18.19420051574707,459.8299865722656,10.801546096801758,132.60000610351562,29652.98046875
2023-04-11 00:00:00+00:00,85.61000061035156,102.19999694824219,19.100000381469727,18.482900619506836,459.8299865722656,10.600000381469727,133.5,30235.05859375
2023-04-12 00:00:00+00:00,87.33000183105469,101.5,19.09000015258789,18.33625030517578,463.0,10.75,132.75,30139.052734375
2023-04-13 00:00:00+00:00,86.08999633789062,101.01000213623047,17.799999237060547,18.424089431762695,462.0,10.75,133.0,30399.06640625
2023-04-14 00:00:00+00:00,86.30999755859375,101.55000305175781,17.06999969482422,18.034799575805664,463.0,11.25,134.3000030517578,30485.69921875
2023-04-15 00:00:00+00:00,,,,,,,,30318.49609375
2023-04-16 00:00:00+00:00,,,,,,,,30315.35546875
2023-04-17 00:00:00+00:00,84.76000213623047,102.0999984741211,16.950000762939453,18.095500946044922,459.92999267578125,11.778107643127441,133.5500030517578,29445.044921875
2023-04-18 00:00:00+00:00,84.7699966430664,101.75,16.829999923706055,18.291400909423828,459.9200134277344,11.850000381469727,133.75,30397.552734375
2023-04-19 00:00:00+00:00,83.12000274658203,101.97000122070312,16.459999084472656,18.15850067138672,463.0,11.800000190734863,134.89999389648438,28822.6796875
2023-04-20 00:00:00+00:00,81.0999984741211,101.83999633789062,17.170000076293945,18.166200637817383,460.0299987792969,11.830789566040039,134.1999969482422,28245.98828125
2023-04-21 00:00:00+00:00,81.66000366210938,101.81999969482422,16.770000457763672,17.889400482177734,461.0,11.5,134.35000610351562,27276.91015625
2023-04-22 00:00:00+00:00,,,,,,,,27817.5
2023-04-23 00:00:00+00:00,,,,,,,,27591.384765625
2023-04-24 00:00:00+00:00,82.7300033569336,101.3499984741211,16.889999389648438,18.07710075378418,460.0299987792969,11.5,134.35000610351562,27525.33984375
2023-04-25 00:00:00+00:00,80.7699966430664,101.86000061035156,18.760000228881836,18.13960075378418,460.0299987792969,11.591330528259277,132.4283905029297,28307.59765625
2023-04-26 00:00:00+00:00,77.69000244140625,101.47000122070312,18.84000015258789,18.317459106445312,461.0,11.75,134.64999389648438,28422.701171875
2023-04-27 00:00:00+00:00,78.37000274658203,101.5,17.030000686645508,18.354839324951172,461.0,11.699999809265137,135.75,29473.787109375
2023-04-28 00:00:00+00:00,79.54000091552734,101.66999816894531,15.779999732971191,18.268850326538086,460.0,11.600000381469727,135.8000030517578,29340.26171875
2023-04-29 00:00:00+00:00,,,,,,,,29248.48828125
2023-04-30 00:00:00+00:00,,,,,,,,29268.806640625
2023-05-01 00:00:00+00:00,79.30999755859375,102.1500015258789,16.079999923706055,18.281400680541992,459.9700012207031,11.600000381469727,135.0,28091.568359375
2023-05-02 00:00:00+00:00,75.31999969482422,101.95999908447266,17.780000686645508,18.355600357055664,460.0,11.609999656677246,135.89999389648438,28680.537109375
2023-05-03 00:00:00+00:00,72.33000183105469,101.33999633789062,18.34000015258789,18.46319007873535,461.0,11.600000381469727,136.0500030517578,29006.30859375
2023-05-04 00:00:00+00:00,72.5,101.4000015258789,20.09000015258789,18.272279739379883,459.8500061035156,11.649999618530273,135.35000610351562,28847.7109375
2023-05-05 00:00:00+00:00,75.30000305175781,101.20999908447266,17.190000534057617,18.280799865722656,460.0,11.600000381469727,135.39999389648438,29534.384765625
2023-05-06 00:00:00+00:00,,,,,,,,28904.623046875
2023-05-07 00:00:00+00:00,,,,,,,,28454.978515625
2023-05-08 00:00:00+00:00,77.01000213623047,101.37000274658203,16.979999542236328,18.385950088500977,459.8699951171875,11.550000190734863,135.4499969482422,27694.2734375
2023-05-09 00:00:00+00:00,77.44000244140625,101.63999938964844,17.709999084472656,18.28285026550293,459.0,11.600000381469727,135.5,27658.775390625
2023-05-10 00:00:00+00:00,76.41000366210938,101.4800033569336,16.940000534057617,18.596149444580078,461.0,11.550000190734863,135.6999969482422,27621.755859375
2023-05-11 00:00:00+00:00,74.9800033569336,102.05999755859375,16.93000030517578,18.848400115966797,461.0,11.550000190734863,136.60000610351562,27000.7890625
2023-05-12 00:00:00+00:00,74.16999816894531,102.68000030517578,17.030000686645508,19.170499801635742,461.0,11.550000190734863,136.8000030517578,26804.990234375
2023-05-13 00:00:00+00:00,,,,,,,,26784.078125
2023-05-14 00:00:00+00:00,,,,,,,,26930.638671875
2023-05-15 00:00:00+00:00,75.2300033569336,102.43000030517578,17.1200008392334,19.155799865722656,460.0299987792969,11.591023445129395,136.0,27192.693359375
2023-05-16 00:00:00+00:00,74.91000366210938,102.55999755859375,17.989999771118164,18.99690055847168,460.0,11.550000190734863,136.10000610351562,27036.650390625
2023-05-17 00:00:00+00:00,76.95999908447266,102.87999725341797,16.8700008392334,19.04960060119629,459.0,10.850000381469727,136.1999969482422,27398.802734375
2023-05-18 00:00:00+00:00,75.86000061035156,103.58000183105469,16.049999237060547,19.233299255371094,459.0,10.75,136.39999389648438,26832.208984375
2023-05-19 00:00:00+00:00,75.58000183105469,103.19999694824219,16.809999465942383,19.303850173950195,460.0,10.75,136.5500030517578,26890.12890625
2023-05-20 00:00:00+00:00,,,,,,,,27129.5859375
2023-05-21 00:00:00+00:00,,,,,,,,26753.826171875
2023-05-22 00:00:00+00:00,75.98999786376953,103.19999694824219,17.209999084472656,19.41200065612793,460.3399963378906,10.600000381469727,136.5,26851.27734375
2023-05-23 00:00:00+00:00,76.83999633789062,103.48999786376953,18.530000686645508,19.24850082397461,460.0,10.75,136.8000030517578,27225.7265625
2023-05-24 00:00:00+00:00,78.36000061035156,103.88999938964844,20.030000686645508,19.166799545288086,459.0,10.800000190734863,137.89999389648438,26334.818359375
2023-05-25 00:00:00+00:00,76.26000213623047,104.20999908447266,19.139999389648438,19.227100372314453,460.0,10.800000190734863,137.25,26476.20703125
2023-05-26 00:00:00+00:00,76.94999694824219,104.20999908447266,17.950000762939453,19.774499893188477,460.0,10.800000190734863,138.14999389648438,26719.291015625
2023-05-27 00:00:00+00:00,,,,,,,,26868.353515625
2023-05-28 00:00:00+00:00,,,,,,,,28085.646484375
2023-05-29 00:00:00+00:00,,,,19.64480972290039,460.25,11.172445297241211,137.35000610351562,27745.884765625
2023-05-30 00:00:00+00:00,73.54000091552734,104.16999816894531,17.459999084472656,19.629989624023438,460.2200012207031,11.223909378051758,137.4499969482422,27702.349609375
2023-05-31 00:00:00+00:00,72.66000366210938,104.31999969482422,17.940000534057617,19.652910232543945,460.0,11.0,137.5,27219.658203125
2023-06-01 00:00:00+00:00,74.27999877929688,103.55999755859375,15.649999618530273,19.694950103759766,459.0,10.899999618530273,137.64999389648438,26819.97265625
2023-06-02 00:00:00+00:00,76.12999725341797,104.0199966430664,14.600000381469727,19.61090087890625,460.760009765625,11.246926307678223,135.5449676513672,27249.58984375
2023-06-03 00:00:00+00:00,,,,,,,,27075.12890625
2023-06-04 00:00:00+00:00,,,,,,,,27119.06640625
2023-06-05 00:00:00+00:00,76.70999908447266,104.0,14.729999542236328,19.516000747680664,460.9200134277344,11.169532775878906,137.8000030517578,25760.09765625
2023-06-06 00:00:00+00:00,76.29000091552734,104.12999725341797,13.960000038146973,19.241199493408203,460.0,10.899999618530273,137.75999450683594,27238.783203125
2023-06-07 00:00:00+00:00,76.94999694824219,104.0999984741211,13.9399995803833,19.168800354003906,460.0,10.850000381469727,137.9499969482422,26345.998046875
2023-06-08 00:00:00+00:00,75.95999908447266,103.33999633789062,13.649999618530273,19.06744956970215,460.0,10.899999618530273,138.1999969482422,26508.216796875
2023-06-09 00:00:00+00:00,74.79000091552734,103.55999755859375,13.829999923706055,18.8221492767334,461.6700134277344,10.90999984741211,139.14999389648438,26480.375
2023-06-10 00:00:00+00:00,,,,,,,,25851.240234375
2023-06-11 00:00:00+00:00,,,,,,,,25940.16796875
2023-06-12 00:00:00+00:00,71.83999633789062,103.62999725341797,15.010000228881836,18.68185043334961,461.8999938964844,11.27211856842041,138.39999389648438,25902.5
2023-06-13 00:00:00+00:00,74.29000091552734,103.33999633789062,14.609999656677246,18.54598045349121,461.0,10.800000190734863,138.5,25918.728515625
2023-06-14 00:00:00+00:00,73.19999694824219,103.01000213623047,13.880000114440918,18.600200653076172,461.0,10.800000190734863,138.5,25124.67578125
2023-06-15 00:00:00+00:00,75.66999816894531,102.12000274658203,14.5,18.300600051879883,462.3800048828125,10.899999618530273,139.60000610351562,25576.39453125
2023-06-16 00:00:00+00:00,76.61000061035156,102.30000305175781,13.539999961853027,18.194049835205078,608.0,10.949999809265137,138.89999389648438,26327.462890625
2023-06-17 00:00:00+00:00,,,,,,,,26510.67578125
2023-06-18 00:00:00+00:00,,,,,,,,26336.212890625
2023-06-19 00:00:00+00:00,,,,18.199600219726562,656.0,11.256213188171387,137.5678253173828,26851.029296875
2023-06-20 00:00:00+00:00,75.9000015258789,102.54000091552734,13.880000114440918,18.147829055786133,686.9600219726562,10.949999809265137,139.14999389648438,28327.48828125
2023-06-21 00:00:00+00:00,77.12000274658203,102.06999969482422,13.199999809265137,18.368900299072266,753.0,10.949999809265137,140.10000610351562,30027.296875
2023-06-22 00:00:00+00:00,74.13999938964844,102.38999938964844,12.90999984741211,18.287870407104492,817.0,10.899999618530273,139.3000030517578,29912.28125
2023-06-23 00:00:00+00:00,73.8499984741211,102.9000015258789,13.4399995803833,18.4950008392334,816.0,10.949999809265137,139.4499969482422,30695.46875
2023-06-24 00:00:00+00:00,,,,,,,,30548.6953125
2023-06-25 00:00:00+00:00,,,,,,,,30480.26171875
2023-06-26 00:00:00+00:00,74.18000030517578,102.69000244140625,14.25,18.73200035095215,761.0,11.446207046508789,139.4499969482422,30271.130859375
2023-06-27 00:00:00+00:00,72.26000213623047,102.48999786376953,13.739999771118164,18.645700454711914,810.0,10.949999809265137,139.4499969482422,30688.1640625
2023-06-28 00:00:00+00:00,74.02999877929688,102.91000366210938,13.430000305175781,18.50830078125,764.0499877929688,11.050000190734863,139.4499969482422,30086.24609375
2023-06-29 00:00:00+00:00,74.33999633789062,103.33999633789062,13.539999961853027,18.62380027770996,753.9500122070312,11.050000190734863,140.35000610351562,30445.3515625
2023-06-30 00:00:00+00:00,74.9000015258789,102.91000366210938,13.59000015258789,18.749500274658203,752.0,11.0,139.5500030517578,30477.251953125
2023-07-01 00:00:00+00:00,,,,,,,,30590.078125
2023-07-02 00:00:00+00:00,,,,,,,,30620.76953125
2023-07-03 00:00:00+00:00,74.6500015258789,102.98999786376953,13.569999694824219,18.8262996673584,759.77001953125,11.304068565368652,139.60000610351562,31156.439453125
2023-07-04 00:00:00+00:00,,,,18.736299514770508,770.0,11.0,139.6999969482422,30777.58203125
2023-07-05 00:00:00+00:00,76.6500015258789,103.37000274658203,14.180000305175781,18.63129997253418,770.8800048828125,11.3568754196167,139.75,30514.166015625
2023-07-06 00:00:00+00:00,76.5199966430664,103.16999816894531,15.4399995803833,18.758499145507812,773.0,11.0,140.6999969482422,29909.337890625
2023-07-07 00:00:00+00:00,78.47000122070312,102.2699966430664,14.829999923706055,19.08489990234375,774.0,11.0,140.85000610351562,30342.265625
2023-07-08 00:00:00+00:00,,,,,,,,30292.541015625
2023-07-09 00:00:00+00:00,,,,,,,,30171.234375
2023-07-10 00:00:00+00:00,77.69000244140625,101.97000122070312,15.069999694824219,18.80699920654297,762.0599975585938,11.263949394226074,139.9499969482422,30414.470703125
2023-07-11 00:00:00+00:00,79.4000015258789,101.7300033569336,14.84000015258789,18.769899368286133,787.1500244140625,11.0,141.0,30620.951171875
2023-07-12 00:00:00+00:00,80.11000061035156,100.5199966430664,13.539999961853027,18.448200225830078,780.0,11.0,140.1999969482422,30391.646484375
2023-07-13 00:00:00+00:00,81.36000061035156,99.7699966430664,13.609999656677246,18.122699737548828,776.0,11.0,140.3000030517578,31476.048828125
2023-07-14 00:00:00+00:00,79.87000274658203,99.91000366210938,13.34000015258789,17.91230010986328,777.0,11.0,141.3000030517578,30334.068359375
2023-07-15 00:00:00+00:00,,,,,,,,30295.806640625
2023-07-16 00:00:00+00:00,,,,,,,,30249.1328125
2023-07-17 00:00:00+00:00,78.5,99.83999633789062,13.479999542236328,18.078899383544922,776.0,11.324176788330078,140.4499969482422,30145.888671875
2023-07-18 00:00:00+00:00,79.62999725341797,99.94000244140625,13.300000190734863,18.020200729370117,777.0,11.0,140.39999389648438,29856.5625
2023-07-19 00:00:00+00:00,79.45999908447266,100.27999877929688,13.760000228881836,17.864500045776367,789.0,11.0,141.5,29913.923828125
2023-07-20 00:00:00+00:00,79.63999938964844,100.87999725341797,13.989999771118164,17.833669662475586,791.010009765625,11.0,140.60000610351562,29792.015625
2023-07-21 00:00:00+00:00,81.06999969482422,101.06999969482422,13.600000381469727,17.909910202026367,790.510009765625,11.550000190734863,140.82000732421875,29908.744140625
2023-07-22 00:00:00+00:00,,,,,,,,29771.802734375
2023-07-23 00:00:00+00:00,,,,,,,,30084.5390625
2023-07-24 00:00:00+00:00,82.73999786376953,101.3499984741211,13.90999984741211,17.940099716186523,791.510009765625,11.570627212524414,141.11000061035156,29176.916015625
2023-07-25 00:00:00+00:00,83.63999938964844,101.3499984741211,13.859999656677246,17.725130081176758,792.8200073242188,11.550000190734863,141.9499969482422,29227.390625
2023-07-26 00:00:00+00:00,82.91999816894531,100.88999938964844,13.1899995803833,17.52050018310547,792.8200073242188,11.0,141.14999389648438,29354.97265625
2023-07-27 00:00:00+00:00,84.23999786376953,101.7699966430664,14.40999984741211,17.61009979248047,788.0,11.0,141.24000549316406,29210.689453125
2023-07-28 00:00:00+00:00,84.98999786376953,101.62000274658203,13.329999923706055,17.78904914855957,775.0,11.0,141.24000549316406,29319.24609375
2023-07-29 00:00:00+00:00,,,,,,,,29356.91796875
2023-07-30 00:00:00+00:00,,,,,,,,29275.30859375
2023-07-31 00:00:00+00:00,85.55999755859375,101.86000061035156,13.630000114440918,17.597999572753906,771.9400024414062,11.323335647583008,140.64999389648438,29230.111328125
2023-08-01 00:00:00+00:00,84.91000366210938,102.30000305175781,13.930000305175781,17.855199813842773,759.9000244140625,11.149999618530273,142.3000030517578,29675.732421875
2023-08-02 00:00:00+00:00,83.19999694824219,102.58999633789062,16.09000015258789,18.240190505981445,758.02001953125,11.100000381469727,141.6999969482422,29151.958984375
2023-08-03 00:00:00+00:00,85.13999938964844,102.54000091552734,15.920000076293945,18.442699432373047,775.8599853515625,11.244635581970215,141.75,29178.6796875
2023-08-04 00:00:00+00:00,86.23999786376953,102.0199966430664,17.100000381469727,18.638999938964844,777.5,11.0,141.89999389648438,29074.091796875
2023-08-05 00:00:00+00:00,,,,,,,,29042.126953125
2023-08-06 00:00:00+00:00,,,,,,,,29041.85546875
2023-08-07 00:00:00+00:00,85.33999633789062,102.05000305175781,15.770000457763672,18.438800811767578,765.0900268554688,11.204721450805664,142.0,29180.578125
2023-08-08 00:00:00+00:00,86.16999816894531,102.52999877929688,15.989999771118164,18.696800231933594,750.6199951171875,11.145722389221191,142.1999969482422,29765.4921875
2023-08-09 00:00:00+00:00,87.55000305175781,102.48999786376953,15.960000038146973,18.907499313354492,750.469970703125,11.173883438110352,142.35000610351562,29561.494140625
2023-08-10 00:00:00+00:00,86.4000015258789,102.5199966430664,15.850000381469727,18.951419830322266,768.77001953125,11.144571304321289,142.5,29429.591796875
2023-08-11 00:00:00+00:00,86.80999755859375,102.83999633789062,14.84000015258789,18.819900512695312,768.739990234375,11.202698707580566,142.60000610351562,29397.71484375
2023-08-12 00:00:00+00:00,,,,,,,,29415.96484375
2023-08-13 00:00:00+00:00,,,,,,,,29282.9140625
2023-08-14 00:00:00+00:00,86.20999908447266,103.19000244140625,14.819999694824219,18.923200607299805,771.6699829101562,11.194098472595215,141.74000549316406,29408.443359375
2023-08-15 00:00:00+00:00,84.88999938964844,103.20999908447266,16.459999084472656,19.064899444580078,765.9000244140625,10.949999809265137,142.8000030517578,29170.34765625
2023-08-16 00:00:00+00:00,83.44999694824219,103.41999816894531,16.780000686645508,19.137699127197266,760.0,11.0,143.8000030517578,28701.779296875
2023-08-17 00:00:00+00:00,84.12000274658203,103.44000244140625,17.889999389648438,19.174489974975586,785.3900146484375,11.199999809265137,143.10000610351562,26664.55078125
2023-08-18 00:00:00+00:00,84.80000305175781,103.37999725341797,17.299999237060547,19.05139923095703,767.469970703125,11.199999809265137,143.1999969482422,26049.556640625
2023-08-19 00:00:00+00:00,,,,,,,,26096.205078125
2023-08-20 00:00:00+00:00,,,,,,,,26189.583984375
2023-08-21 00:00:00+00:00,84.45999908447266,103.33000183105469,17.1299991607666,18.967199325561523,745.9299926757812,11.261993408203125,143.3000030517578,26124.140625
2023-08-22 00:00:00+00:00,84.02999877929688,103.55999755859375,16.969999313354492,18.940000534057617,764.5,11.210000038146973,144.3000030517578,26031.65625
2023-08-23 00:00:00+00:00,83.20999908447266,103.36000061035156,15.979999542236328,18.76995086669922,761.7899780273438,11.199999809265137,143.5500030517578,26431.640625
2023-08-24 00:00:00+00:00,83.36000061035156,103.9800033569336,17.200000762939453,18.454099655151367,760.0,11.199999809265137,144.4499969482422,26162.373046875
2023-08-25 00:00:00+00:00,84.4800033569336,104.08000183105469,15.680000305175781,18.790630340576172,755.2100219726562,11.300000190734863,143.89999389648438,26047.66796875
2023-08-26 00:00:00+00:00,,,,,,,,26008.462890625
2023-08-27 00:00:00+00:00,,,,,,,,26089.693359375
2023-08-28 00:00:00+00:00,84.41999816894531,104.05999755859375,15.079999923706055,18.61829948425293,770.8400268554688,11.333301544189453,144.0,26106.150390625
2023-08-29 00:00:00+00:00,85.48999786376953,103.55000305175781,14.449999809265137,18.55430030822754,773.9000244140625,11.377774238586426,144.1999969482422,27727.392578125
2023-08-30 00:00:00+00:00,85.86000061035156,103.16000366210938,13.880000114440918,18.448299407958984,771.969970703125,11.374728202819824,144.3000030517578,27297.265625
2023-08-31 00:00:00+00:00,86.86000061035156,103.62000274658203,13.569999694824219,18.693910598754883,773.0,11.414579391479492,144.39999389648438,25931.47265625
2023-09-01 00:00:00+00:00,88.55000305175781,104.23999786376953,13.09000015258789,18.831050872802734,773.0,11.407995223999023,144.5,25800.724609375
2023-09-02 00:00:00+00:00,,,,,,,,25868.798828125
2023-09-03 00:00:00+00:00,,,,,,,,25969.56640625
2023-09-04 00:00:00+00:00,,,,18.79694938659668,756.52001953125,11.459134101867676,144.6999969482422,25812.416015625
2023-09-05 00:00:00+00:00,90.04000091552734,104.80999755859375,14.010000228881836,19.098100662231445,756.989990234375,11.384117126464844,143.82000732421875,25779.982421875
2023-09-06 00:00:00+00:00,90.5999984741211,104.86000061035156,14.449999809265137,19.117799758911133,760.5,11.420000076293945,144.9499969482422,25753.236328125
2023-09-07 00:00:00+00:00,89.91999816894531,105.05999755859375,14.399999618530273,19.202199935913086,753.8599853515625,11.399999618530273,145.10000610351562,26240.1953125
2023-09-08 00:00:00+00:00,90.6500015258789,105.08999633789062,13.84000015258789,19.130800247192383,785.0,11.4399995803833,145.14999389648438,25905.654296875
2023-09-09 00:00:00+00:00,,,,,,,,25895.677734375
2023-09-10 00:00:00+00:00,,,,,,,,25832.2265625
2023-09-11 00:00:00+00:00,90.63999938964844,104.56999969482422,13.800000190734863,19.064199447631836,789.0,11.38750171661377,145.25,25162.654296875
2023-09-12 00:00:00+00:00,92.05999755859375,104.70999908447266,14.229999542236328,18.84149932861328,779.0460205078125,11.434578895568848,145.25,25833.34375
2023-09-13 00:00:00+00:00,91.87999725341797,104.7699966430664,13.479999542236328,18.92310905456543,754.5,11.449999809265137,145.5500030517578,26228.32421875
2023-09-14 00:00:00+00:00,93.69999694824219,105.41000366210938,12.819999694824219,18.80760955810547,783.0,11.449999809265137,146.4499969482422,26539.673828125
2023-09-15 00:00:00+00:00,93.93000030517578,105.31999969482422,13.789999961853027,19.02672004699707,784.0,11.470000267028809,146.6999969482422,26608.693359375
2023-09-16 00:00:00+00:00,,,,,,,,26568.28125
2023-09-17 00:00:00+00:00,,,,,,,,26534.1875
2023-09-18 00:00:00+00:00,94.43000030517578,105.19999694824219,14.0,18.976980209350586,767.739990234375,11.45266342163086,145.89999389648438,26754.28125
2023-09-19 00:00:00+00:00,94.33999633789062,105.19999694824219,14.109999656677246,19.005699157714844,759.9299926757812,11.470000267028809,146.0500030517578,27211.1171875
2023-09-20 00:00:00+00:00,93.52999877929688,105.16000366210938,15.140000343322754,18.905000686645508,776.0,11.489999771118164,146.1999969482422,27132.0078125
2023-09-21 00:00:00+00:00,93.30000305175781,105.36000061035156,17.540000915527344,18.850400924682617,770.27001953125,11.5,146.3000030517578,26567.6328125
2023-09-22 00:00:00+00:00,93.2699966430664,105.58000183105469,17.200000762939453,18.95039939880371,767.4299926757812,11.5,146.35000610351562,26579.568359375
2023-09-23 00:00:00+00:00,,,,,,,,26579.390625
2023-09-24 00:00:00+00:00,,,,,,,,26256.826171875
2023-09-25 00:00:00+00:00,93.29000091552734,106.0,16.899999618530273,18.740999221801758,767.4299926757812,11.460158348083496,146.39999389648438,26298.48046875
2023-09-26 00:00:00+00:00,93.95999908447266,106.2300033569336,18.940000534057617,18.766300201416016,779.0499877929688,11.520000457763672,146.60000610351562,26217.25
2023-09-27 00:00:00+00:00,96.55000305175781,106.66999816894531,18.219999313354492,19.061100006103516,779.0499877929688,11.539999961853027,146.85000610351562,26352.716796875
2023-09-28 00:00:00+00:00,95.37999725341797,106.22000122070312,17.34000015258789,19.198400497436523,781.0,11.550000190734863,147.85000610351562,27021.546875
2023-09-29 00:00:00+00:00,95.30999755859375,106.16999816894531,17.520000457763672,18.97266960144043,777.5999755859375,11.569999694824219,147.14999389648438,26911.720703125
2023-09-30 00:00:00+00:00,,,,,,,,26967.916015625
2023-10-01 00:00:00+00:00,,,,,,,,27983.75
2023-10-02 00:00:00+00:00,90.70999908447266,106.9000015258789,17.610000610351562,18.879199981689453,769.0499877929688,11.59589958190918,147.1999969482422,27530.78515625
2023-10-03 00:00:00+00:00,90.91999816894531,107.0,19.780000686645508,19.211999893188477,766.469970703125,11.569999694824219,147.35000610351562,27429.978515625
2023-10-04 00:00:00+00:00,85.80999755859375,106.80000305175781,18.579999923706055,19.298099517822266,765.5,11.59000015258789,147.39999389648438,27799.39453125
2023-10-05 00:00:00+00:00,84.06999969482422,106.33000183105469,18.489999771118164,19.319599151611328,746.6099853515625,11.649999618530273,147.60000610351562,27415.912109375
2023-10-06 00:00:00+00:00,84.58000183105469,106.04000091552734,17.450000762939453,19.507299423217773,761.5399780273438,11.649270057678223,143.4259490966797,27946.59765625
2023-10-07 00:00:00+00:00,,,,,,,,27968.83984375
2023-10-08 00:00:00+00:00,,,,,,,,27935.08984375
2023-10-09 00:00:00+00:00,88.1500015258789,106.08000183105469,17.700000762939453,19.356670379638672,771.5399780273438,11.6793212890625,147.8000030517578,27583.677734375
2023-10-10 00:00:00+00:00,87.6500015258789,105.83000183105469,17.030000686645508,19.138900756835938,758.7100219726562,11.728788375854492,147.89999389648438,27391.01953125
2023-10-11 00:00:00+00:00,85.81999969482422,105.81999969482422,16.09000015258789,19.00029945373535,763.030029296875,11.75,148.8000030517578,26873.3203125
2023-10-12 00:00:00+00:00,86.0,106.56999969482422,16.690000534057617,18.809789657592773,766.6090087890625,11.729999542236328,147.9499969482422,26756.798828125
2023-10-13 00:00:00+00:00,90.88999938964844,106.6500015258789,19.31999969482422,19.011600494384766,768.0999755859375,11.720000267028809,148.39999389648438,26862.375
2023-10-14 00:00:00+00:00,,,,,,,,26861.70703125
2023-10-15 00:00:00+00:00,,,,,,,,27159.65234375
2023-10-16 00:00:00+00:00,89.6500015258789,106.23999786376953,17.209999084472656,18.971750259399414,769.510009765625,11.73633861541748,148.3000030517578,28519.466796875
2023-10-17 00:00:00+00:00,89.9000015258789,106.25,17.8799991607666,18.77475929260254,765.0,11.739999771118164,148.5,28415.748046875
2023-10-18 00:00:00+00:00,91.5,106.56999969482422,19.219999313354492,18.793899536132812,763.0,11.729999542236328,148.60000610351562,28328.341796875
2023-10-19 00:00:00+00:00,92.37999725341797,106.25,21.399999618530273,18.971750259399414,765.5,11.746928215026855,148.89999389648438,28719.806640625
2023-10-20 00:00:00+00:00,92.16000366210938,106.16000366210938,21.709999084472656,19.00149917602539,749.0,11.75,148.8800048828125,29682.94921875
2023-10-21 00:00:00+00:00,,,,,,,,29918.412109375
2023-10-22 00:00:00+00:00,,,,,,,,29993.896484375
2023-10-23 00:00:00+00:00,89.83000183105469,105.54000091552734,20.3700008392334,18.970500946044922,859.22998046875,11.725211143493652,148.8000030517578,33086.234375
2023-10-24 00:00:00+00:00,88.06999969482422,106.2699966430664,18.969999313354492,18.951120376586914,764.5800170898438,11.789999961853027,149.0,33901.52734375
2023-10-25 00:00:00+00:00,90.12999725341797,106.52999877929688,20.190000534057617,19.009899139404297,860.0,11.800000190734863,149.1999969482422,34502.8203125
2023-10-26 00:00:00+00:00,87.93000030517578,106.5999984741211,20.68000030517578,19.12700080871582,817.4099731445312,11.8100004196167,149.3000030517578,34156.6484375
2023-10-27 00:00:00+00:00,90.4800033569336,106.55999755859375,21.270000457763672,18.93269920349121,802.2000122070312,11.8100004196167,149.3000030517578,33909.80078125
2023-10-28 00:00:00+00:00,,,,,,,,34089.57421875
2023-10-29 00:00:00+00:00,,,,,,,,34538.48046875
2023-10-30 00:00:00+00:00,87.44999694824219,106.12000274658203,19.75,18.76535987854004,794.5,11.850275993347168,146.1316680908203,34502.36328125
2023-10-31 00:00:00+00:00,87.41000366210938,106.66000366210938,18.139999389648438,18.834699630737305,785.97998046875,11.850000381469727,149.60000610351562,34667.78125
2023-11-01 00:00:00+00:00,84.62999725341797,106.87999725341797,16.8700008392334,18.617799758911133,786.5,11.850000381469727,149.60000610351562,35437.25390625
2023-11-02 00:00:00+00:00,86.8499984741211,106.12000274658203,15.65999984741211,18.44729995727539,788.0,11.869999885559082,149.85000610351562,34938.2421875
2023-11-03 00:00:00+00:00,84.88999938964844,105.0199966430664,14.90999984741211,18.402099609375,785.5900268554688,11.885193824768066,149.85000610351562,34732.32421875
2023-11-04 00:00:00+00:00,,,,,,,,35082.1953125
2023-11-05 00:00:00+00:00,,,,,,,,35049.35546875
2023-11-06 00:00:00+00:00,85.18000030517578,105.22000122070312,14.890000343322754,18.26289939880371,806.27001953125,11.809036254882812,147.3777313232422,35037.37109375
2023-11-07 00:00:00+00:00,81.61000061035156,105.54000091552734,14.8100004196167,18.29010009765625,799.5,11.890000343322754,151.1999969482422,35443.5625
2023-11-08 00:00:00+00:00,79.54000091552734,105.58999633789062,14.449999809265137,18.333499908447266,786.0900268554688,11.880000114440918,151.35000610351562,35655.27734375
2023-11-09 00:00:00+00:00,80.01000213623047,105.91000366210938,15.289999961853027,18.48189926147461,802.7999877929688,11.890000343322754,150.5500030517578,36693.125
2023-11-10 00:00:00+00:00,81.43000030517578,105.86000061035156,14.170000076293945,18.65369987487793,803.0059814453125,11.880000114440918,150.75,37313.96875
2023-11-11 00:00:00+00:00,,,,,,,,37138.05078125
2023-11-12 00:00:00+00:00,,,,,,,,37054.51953125
2023-11-13 00:00:00+00:00,82.5199966430664,105.66000366210938,14.760000228881836,18.726430892944336,804.5,11.873454093933105,150.352294921875,36502.35546875
2023-11-14 00:00:00+00:00,82.47000122070312,104.11000061035156,14.15999984741211,18.674400329589844,821.0,11.899999618530273,150.89999389648438,35537.640625
2023-11-15 00:00:00+00:00,81.18000030517578,104.38999938964844,14.180000305175781,18.22150993347168,845.0,11.890000343322754,151.89999389648438,37880.58203125
2023-11-16 00:00:00+00:00,77.41999816894531,104.37000274658203,14.319999694824219,18.179100036621094,843.0800170898438,11.899999618530273,151.1999969482422,36154.76953125
2023-11-17 00:00:00+00:00,80.61000061035156,103.81999969482422,13.800000190734863,18.36479949951172,845.0,11.890000343322754,151.3000030517578,36596.68359375
2023-11-18 00:00:00+00:00,,,,,,,,36585.703125
2023-11-19 00:00:00+00:00,,,,,,,,37386.546875
2023-11-20 00:00:00+00:00,82.31999969482422,103.47000122070312,13.40999984741211,18.333599090576172,839.5399780273438,11.876002311706543,150.1808624267578,37476.95703125
2023-11-21 00:00:00+00:00,82.44999694824219,103.58999633789062,13.350000381469727,18.323789596557617,819.6799926757812,11.920000076293945,151.5,35813.8125
2023-11-22 00:00:00+00:00,81.95999908447266,103.91999816894531,12.850000381469727,18.60733985900879,816.0999755859375,11.90999984741211,151.60000610351562,37432.33984375
2023-11-23 00:00:00+00:00,81.37000274658203,,,18.870590209960938,803.8900146484375,11.915435791015625,151.8000030517578,37289.62109375
2023-11-24 00:00:00+00:00,80.58000183105469,103.4000015258789,12.460000038146973,18.80643081665039,804.4400024414062,11.975082397460938,151.85000610351562,37720.28125
2023-11-25 00:00:00+00:00,,,,,,,,37796.79296875
2023-11-26 00:00:00+00:00,,,,,,,,37479.12109375
2023-11-27 00:00:00+00:00,79.9800033569336,103.19999694824219,12.6899995803833,18.78289031982422,803.0,11.917263984680176,150.42234802246094,37254.16796875
2023-11-28 00:00:00+00:00,81.68000030517578,102.75,12.6899995803833,18.642900466918945,799.0,11.960000038146973,152.0,37831.0859375
2023-11-29 00:00:00+00:00,83.0999984741211,102.7699966430664,12.979999542236328,18.572799682617188,789.0,11.949999809265137,152.10000610351562,37858.4921875
2023-11-30 00:00:00+00:00,82.83000183105469,103.5,12.920000076293945,18.729299545288086,793.5,11.949999809265137,152.10000610351562,37712.74609375
2023-12-01 00:00:00+00:00,78.87999725341797,103.2699966430664,12.630000114440918,18.83856964111328,790.0,11.979092597961426,152.25,38688.75
2023-12-02 00:00:00+00:00,,,,,,,,39476.33203125
2023-12-03 00:00:00+00:00,,,,,,,,39978.390625
2023-12-04 00:00:00+00:00,78.02999877929688,103.63999938964844,13.079999923706055,18.58839988708496,788.5,11.995243072509766,151.02708435058594,41980.09765625
2023-12-05 00:00:00+00:00,77.19999694824219,104.05000305175781,12.850000381469727,18.797170639038086,798.5,11.960000038146973,152.25,44080.6484375
2023-12-06 00:00:00+00:00,74.30000305175781,104.1500015258789,12.970000267028809,18.948999404907227,802.0,11.949999809265137,152.3000030517578,43746.4453125
2023-12-07 00:00:00+00:00,74.05000305175781,103.54000091552734,13.0600004196167,18.960559844970703,803.0,11.960000038146973,152.35000610351562,43292.6640625
2023-12-08 00:00:00+00:00,75.83999633789062,104.01000213623047,12.350000381469727,18.80590057373047,800.5,11.949999809265137,153.25,44166.6015625
2023-12-09 00:00:00+00:00,,,,,,,,43725.984375
2023-12-10 00:00:00+00:00,,,,,,,,43779.69921875
2023-12-11 00:00:00+00:00,76.02999877929688,104.0999984741211,12.630000114440918,18.903989791870117,803.0,12.027217864990234,153.57533264160156,41243.83203125
2023-12-12 00:00:00+00:00,73.23999786376953,103.87000274658203,12.069999694824219,19.072500228881836,793.0,11.979999542236328,152.39999389648438,41450.22265625
2023-12-13 00:00:00+00:00,74.26000213623047,102.87000274658203,12.1899995803833,18.924299240112305,801.9199829101562,12.00711441040039,152.39999389648438,42890.7421875
2023-12-14 00:00:00+00:00,76.61000061035156,101.95999908447266,12.479999542236328,18.652429580688477,802.0,12.022684097290039,152.35000610351562,43023.97265625
2023-12-15 00:00:00+00:00,76.55000305175781,102.55000305175781,12.279999732971191,18.31279945373535,790.5,11.989999771118164,152.5500030517578,41929.7578125
2023-12-16 00:00:00+00:00,,,,,,,,42240.1171875
2023-12-17 00:00:00+00:00,,,,,,,,41364.6640625
2023-12-18 00:00:00+00:00,77.94999694824219,102.51000213623047,12.5600004196167,18.28679084777832,802.489990234375,12.087630271911621,154.1592254638672,42623.5390625
2023-12-19 00:00:00+00:00,79.2300033569336,102.16999816894531,12.529999732971191,18.57699966430664,789.4099731445312,11.979999542236328,153.14999389648438,42270.52734375
2023-12-20 00:00:00+00:00,79.69999694824219,102.41000366210938,13.670000076293945,18.32509994506836,800.0,11.970000267028809,153.5,43652.25
2023-12-21 00:00:00+00:00,79.38999938964844,101.83999633789062,13.649999618530273,18.252349853515625,824.5,11.979999542236328,154.0,43869.15234375
2023-12-22 00:00:00+00:00,79.06999969482422,101.69999694824219,13.029999732971191,18.16320037841797,825.0759887695312,11.970000267028809,154.75,43997.90234375
2023-12-23 00:00:00+00:00,,,,,,,,43739.54296875
2023-12-24 00:00:00+00:00,,,,,,,,43016.1171875
2023-12-25 00:00:00+00:00,,,,18.46660041809082,903.3900146484375,11.990521430969238,153.50881958007812,43613.140625
2023-12-26 00:00:00+00:00,81.06999969482422,101.47000122070312,12.989999771118164,18.446199417114258,904.0700073242188,11.99858283996582,153.97000122070312,42520.40234375
2023-12-27 00:00:00+00:00,79.6500015258789,100.98999786376953,12.430000305175781,18.64900016784668,904.5999755859375,11.970000267028809,155.0,43442.85546875
2023-12-28 00:00:00+00:00,78.38999938964844,101.2300033569336,12.470000267028809,18.348079681396484,895.0,11.970000267028809,156.0,42627.85546875
2023-12-29 00:00:00+00:00,77.04000091552734,101.33000183105469,12.449999809265137,18.56730079650879,897.0,11.949999809265137,156.0,42099.40234375
2023-12-30 00:00:00+00:00,,,,,,,,42156.90234375
2023-12-31 00:00:00+00:00,,,,,,,,42265.1875
2024-01-01 00:00:00+00:00,,,,18.26959991455078,896.1400146484375,11.96508502960205,155.9404754638672,44167.33203125
2024-01-02 00:00:00+00:00,75.88999938964844,102.19999694824219,13.199999809265137,18.300399780273438,898.5999755859375,11.97591781616211,156.44000244140625,44957.96875
2024-01-03 00:00:00+00:00,78.25,102.45999908447266,14.039999961853027,18.55558967590332,884.2999877929688,11.899999618530273,156.35000610351562,42848.17578125
2024-01-04 00:00:00+00:00,77.58999633789062,102.41999816894531,14.130000114440918,18.674299240112305,891.4000244140625,11.899999618530273,156.35000610351562,44179.921875
2024-01-05 00:00:00+00:00,78.76000213623047,102.41000366210938,13.350000381469727,18.686899185180664,912.0,11.899999618530273,156.64999389648438,44162.69140625
2024-01-06 00:00:00+00:00,,,,,,,,43989.1953125
2024-01-07 00:00:00+00:00,,,,,,,,43943.09765625
2024-01-08 00:00:00+00:00,76.12000274658203,102.20999908447266,13.079999923706055,18.670289993286133,913.969970703125,11.89401626586914,153.94244384765625,46970.50390625
2024-01-09 00:00:00+00:00,77.58999633789062,102.56999969482422,12.760000228881836,18.564199447631836,884.8049926757812,11.899999618530273,156.75,46139.73046875
2024-01-10 00:00:00+00:00,76.80000305175781,102.36000061035156,12.6899995803833,18.63878059387207,914.0,11.887887954711914,157.25,46627.77734375
2024-01-11 00:00:00+00:00,77.41000366210938,102.29000091552734,12.4399995803833,18.631759643554688,950.989990234375,11.899999618530273,158.0,46368.5859375
2024-01-12 00:00:00+00:00,78.29000091552734,102.4000015258789,12.699999809265137,18.645099639892578,957.5499877929688,11.920000076293945,158.5,42853.16796875
2024-01-13 00:00:00+00:00,,,,,,,,42842.3828125
2024-01-14 00:00:00+00:00,,,,,,,,41796.26953125
2024-01-15 00:00:00+00:00,,,,18.60658073425293,957.010009765625,11.930145263671875,156.65496826171875,42511.96875
2024-01-16 00:00:00+00:00,78.29000091552734,103.36000061035156,13.84000015258789,18.649099349975586,957.5499877929688,11.965499877929688,159.0,43154.9453125
2024-01-17 00:00:00+00:00,77.87999725341797,103.44999694824219,14.789999961853027,18.959089279174805,895.0,11.994115829467773,157.47000122070312,42742.65234375
2024-01-18 00:00:00+00:00,79.0999984741211,103.54000091552734,14.130000114440918,19.079200744628906,873.4840087890625,11.920000076293945,158.5,41262.05859375
2024-01-19 00:00:00+00:00,78.55999755859375,103.29000091552734,13.300000190734863,18.921100616455078,895.02001953125,11.949999809265137,160.75,41618.40625
2024-01-20 00:00:00+00:00,,,,,,,,41665.5859375
2024-01-21 00:00:00+00:00,,,,,,,,41545.78515625
2024-01-22 00:00:00+00:00,80.05999755859375,103.33000183105469,13.1899995803833,19.008899688720703,890.5399780273438,12.067953109741211,157.7488555908203,39507.3671875
2024-01-23 00:00:00+00:00,79.55000305175781,103.62000274658203,12.550000190734863,19.193300247192383,890.510009765625,12.0,161.5,39845.55078125
2024-01-24 00:00:00+00:00,80.04000091552734,103.23999786376953,13.140000343322754,18.91320037841797,915.4409790039062,11.979999542236328,162.0,40077.07421875
2024-01-25 00:00:00+00:00,82.43000030517578,103.56999969482422,13.449999809265137,18.877979278564453,899.77001953125,12.100000381469727,162.5,39933.80859375
2024-01-26 00:00:00+00:00,83.55000305175781,103.47000122070312,13.260000228881836,18.880399703979492,888.0,12.100000381469727,163.0,41816.87109375
2024-01-27 00:00:00+00:00,,,,,,,,42120.0546875
2024-01-28 00:00:00+00:00,,,,,,,,42035.59375
2024-01-29 00:00:00+00:00,82.4000015258789,103.61000061035156,13.600000381469727,18.757030487060547,898.7000122070312,12.360440254211426,161.2683563232422,43288.24609375
2024-01-30 00:00:00+00:00,82.87000274658203,103.4000015258789,13.3100004196167,18.778499603271484,893.0,12.300000190734863,161.0,42952.609375
2024-01-31 00:00:00+00:00,81.70999908447266,103.2699966430664,14.350000381469727,18.779300689697266,896.0,12.3100004196167,160.25,42582.60546875
2024-02-01 00:00:00+00:00,78.69999694824219,103.05000305175781,13.880000114440918,18.6135196685791,1194.0,12.300000190734863,159.5,43075.7734375
2024-02-02 00:00:00+00:00,77.33000183105469,103.91999816894531,13.850000381469727,18.56529998779297,1192.0,12.350000381469727,160.0,43185.859375
2024-02-03 00:00:00+00:00,,,,,,,,42992.25
2024-02-04 00:00:00+00:00,,,,,,,,42583.58203125
2024-02-05 00:00:00+00:00,77.98999786376953,104.44999694824219,13.670000076293945,18.882320404052734,1192.0,12.465635299682617,162.5984649658203,42658.66796875
2024-02-06 00:00:00+00:00,78.58999633789062,104.18000030517578,13.0600004196167,19.048900604248047,1400.0999755859375,12.365549087524414,161.29017639160156,43084.671875
2024-02-07 00:00:00+00:00,79.20999908447266,104.04000091552734,12.829999923706055,18.81760025024414,1407.5,12.350000381469727,160.0,44318.22265625
2024-02-08 00:00:00+00:00,81.62999725341797,104.1500015258789,12.789999961853027,18.898700714111328,1417.6300048828125,12.350000381469727,160.0,45301.56640625
2024-02-09 00:00:00+00:00,82.19000244140625,104.08000183105469,12.930000305175781,18.966400146484375,1403.510009765625,12.380000114440918,159.0,47147.19921875
2024-02-10 00:00:00+00:00,,,,,,,,47771.27734375
2024-02-11 00:00:00+00:00,,,,,,,,48293.91796875
2024-02-12 00:00:00+00:00,82.0,104.16999816894531,13.930000305175781,18.976049423217773,1474.1199951171875,12.373045921325684,160.96090698242188,49958.22265625
2024-02-13 00:00:00+00:00,82.7699966430664,104.95999908447266,15.850000381469727,18.89859962463379,1503.0,12.399999618530273,159.0,49742.44140625
2024-02-14 00:00:00+00:00,81.5999984741211,104.72000122070312,14.380000114440918,19.07659912109375,1515.0899658203125,12.40999984741211,158.5,51826.6953125
2024-02-15 00:00:00+00:00,82.86000061035156,104.30000305175781,14.010000228881836,19.028560638427734,1516.0,12.399999618530273,154.5,51938.5546875
2024-02-16 00:00:00+00:00,83.47000122070312,104.27999877929688,14.239999771118164,18.939529418945312,1516.699951171875,12.40999984741211,149.5,52160.203125
2024-02-17 00:00:00+00:00,,,,,,,,51662.99609375
2024-02-18 00:00:00+00:00,,,,,,,,52122.546875
2024-02-19 00:00:00+00:00,,,,18.825109481811523,1493.22998046875,12.44722843170166,140.11598205566406,51779.14453125
2024-02-20 00:00:00+00:00,82.33999633789062,104.08000183105469,15.420000076293945,18.93931007385254,1493.22998046875,12.464978218078613,144.5,52284.875
2024-02-21 00:00:00+00:00,83.02999877929688,104.01000213623047,15.34000015258789,18.9064998626709,1605.800048828125,12.420000076293945,145.0,51839.1796875
2024-02-22 00:00:00+00:00,83.66999816894531,103.95999908447266,14.539999961853027,18.896129608154297,1606.5,12.499899864196777,145.0,51304.97265625
2024-02-23 00:00:00+00:00,81.62000274658203,103.94000244140625,13.75,19.14780044555664,1606.5,12.350000381469727,145.0,50731.94921875
2024-02-24 00:00:00+00:00,,,,,,,,51571.1015625
2024-02-25 00:00:00+00:00,,,,,,,,51733.23828125
2024-02-26 00:00:00+00:00,82.52999877929688,103.83000183105469,13.739999771118164,19.30579948425293,1606.5,12.516034126281738,141.99234008789062,54522.40234375
2024-02-27 00:00:00+00:00,83.6500015258789,103.83000183105469,13.430000305175781,19.212600708007812,1544.0,12.5,145.5,57085.37109375
2024-02-28 00:00:00+00:00,83.68000030517578,103.9800033569336,13.84000015258789,19.069400787353516,1578.5799560546875,12.550000190734863,145.0,62504.7890625
2024-02-29 00:00:00+00:00,83.62000274658203,104.16000366210938,13.399999618530273,19.25309944152832,1630.1600341796875,12.5600004196167,145.0,61198.3828125
2024-03-01 00:00:00+00:00,83.55000305175781,103.86000061035156,13.109999656677246,19.180419921875,1617.050048828125,12.600000381469727,146.0,62440.6328125
2024-03-02 00:00:00+00:00,,,,,,,,62029.84765625
2024-03-03 00:00:00+00:00,,,,,,,,63167.37109375
2024-03-04 00:00:00+00:00,82.80000305175781,103.83000183105469,13.489999771118164,19.07699966430664,1577.56005859375,12.635313034057617,142.64129638671875,68330.4140625
2024-03-05 00:00:00+00:00,82.04000091552734,103.80000305175781,14.460000038146973,19.03030014038086,1511.989990234375,12.699999809265137,144.0,63801.19921875
2024-03-06 00:00:00+00:00,82.95999908447266,103.37000274658203,14.5,18.94070053100586,1560.510009765625,12.730298042297363,142.0,66106.8046875
2024-03-07 00:00:00+00:00,82.95999908447266,102.81999969482422,14.4399995803833,18.775400161743164,1590.6700439453125,12.699999809265137,142.5,66925.484375
2024-03-08 00:00:00+00:00,82.08000183105469,102.73999786376953,14.739999771118164,18.66390037536621,1591.0,12.671069145202637,141.0,68300.09375
2024-03-09 00:00:00+00:00,,,,,,,,68498.8828125
2024-03-10 00:00:00+00:00,,,,,,,,69019.7890625
2024-03-11 00:00:00+00:00,82.20999908447266,102.87000274658203,15.220000267028809,18.79785919189453,1593.8399658203125,12.76414966583252,142.93545532226562,72123.90625
2024-03-12 00:00:00+00:00,81.91999816894531,102.95999908447266,13.84000015258789,18.652700424194336,1624.72998046875,12.800000190734863,138.0,71481.2890625
2024-03-13 00:00:00+00:00,84.02999877929688,102.79000091552734,13.75,18.65049934387207,1612.280029296875,12.850000381469727,138.0,73083.5
2024-03-14 00:00:00+00:00,85.41999816894531,103.36000061035156,14.399999618530273,18.553699493408203,1612.280029296875,12.850000381469727,137.0,71396.59375
2024-03-15 00:00:00+00:00,85.33999633789062,103.43000030517578,14.40999984741211,18.730600357055664,1594.0,12.850000381469727,134.0,69403.7734375
2024-03-16 00:00:00+00:00,,,,,,,,65315.1171875
2024-03-17 00:00:00+00:00,,,,,,,,68390.625
2024-03-18 00:00:00+00:00,86.88999938964844,103.58000183105469,14.329999923706055,18.749780654907227,1610.6199951171875,12.895051002502441,136.15829467773438,67548.59375
2024-03-19 00:00:00+00:00,87.37999725341797,103.80999755859375,13.819999694824219,18.943300247192383,1563.9599609375,12.949999809265137,134.86000061035156,61912.7734375
2024-03-20 00:00:00+00:00,85.94999694824219,103.41000366210938,13.039999961853027,18.908790588378906,1476.75,12.949999809265137,133.0,67913.671875
2024-03-21 00:00:00+00:00,85.77999877929688,104.0,12.920000076293945,18.672300338745117,1481.0,12.979999542236328,132.0,65491.390625
2024-03-22 00:00:00+00:00,85.43000030517578,104.43000030517578,13.0600004196167,18.81909942626953,1369.989990234375,13.013569831848145,131.5,63778.76171875
2024-03-23 00:00:00+00:00,,,,,,,,64062.203125
2024-03-24 00:00:00+00:00,,,,,,,,67234.171875
2024-03-25 00:00:00+00:00,86.75,104.2300033569336,13.1899995803833,18.985200881958008,1464.0,12.968843460083008,130.51866149902344,69958.8125
2024-03-26 00:00:00+00:00,86.25,104.29000091552734,13.239999771118164,18.885700225830078,1424.3299560546875,13.100000381469727,131.0,69987.8359375
2024-03-27 00:00:00+00:00,86.08999633789062,104.3499984741211,12.779999732971191,18.960399627685547,1394.52001953125,13.100000381469727,130.0,69455.34375
2024-03-28 00:00:00+00:00,87.4800033569336,104.55000305175781,13.010000228881836,18.924489974975586,1418.0699462890625,13.149999618530273,131.5,70744.953125
2024-03-29 00:00:00+00:00,,,,18.896699905395508,1393.010009765625,13.149999618530273,131.5,69892.828125
2024-03-30 00:00:00+00:00,,,,,,,,69645.3046875
2024-03-31 00:00:00+00:00,,,,,,,,71333.6484375
2024-04-01 00:00:00+00:00,87.41999816894531,105.0199966430664,13.649999618530273,18.84830093383789,1303.8399658203125,13.20927619934082,130.75,69702.1484375
2024-04-02 00:00:00+00:00,88.91999816894531,104.81999969482422,14.609999656677246,18.944650650024414,1306.1700439453125,13.199999809265137,130.5,65446.97265625
2024-04-03 00:00:00+00:00,89.3499984741211,104.25,14.329999923706055,18.75790023803711,1304.0,13.25,130.0,65980.8125
2024-04-04 00:00:00+00:00,90.6500015258789,104.12000274658203,16.350000381469727,18.65250015258789,1319.0999755859375,13.300000190734863,130.0,68508.84375
2024-04-05 00:00:00+00:00,91.16999816894531,104.30000305175781,16.030000686645508,18.676809310913086,1319.0999755859375,13.350000381469727,129.0,67837.640625
2024-04-06 00:00:00+00:00,,,,,,,,68896.109375
2024-04-07 00:00:00+00:00,,,,,,,,69362.5546875
2024-04-08 00:00:00+00:00,90.37999725341797,104.13999938964844,15.1899995803833,18.712160110473633,1247.25,13.369926452636719,128.94000244140625,71631.359375
2024-04-09 00:00:00+00:00,89.41999816894531,104.1500015258789,14.979999542236328,18.63089942932129,1241.1300048828125,13.340699195861816,126.16000366210938,69139.015625
2024-04-10 00:00:00+00:00,90.4800033569336,105.25,15.800000190734863,18.42840003967285,1248.0899658203125,13.359999656677246,129.0,70587.8828125
2024-04-11 00:00:00+00:00,89.73999786376953,105.27999877929688,14.90999984741211,18.77739906311035,1239.3599853515625,13.359999656677246,129.0,70060.609375
2024-04-12 00:00:00+00:00,90.44999694824219,106.04000091552734,17.309999465942383,18.709800720214844,1241.7900390625,13.427842140197754,128.99000549316406,67195.8671875
2024-04-13 00:00:00+00:00,,,,,,,,63821.47265625
2024-04-14 00:00:00+00:00,,,,,,,,65738.7265625
2024-04-15 00:00:00+00:00,90.0999984741211,106.20999908447266,19.229999542236328,18.857799530029297,1200.0,13.394238471984863,126.19999694824219,63426.2109375
2024-04-16 00:00:00+00:00,90.0199966430664,106.26000213623047,18.399999618530273,18.97052001953125,1152.5,13.399999618530273,130.0,63811.86328125
2024-04-17 00:00:00+00:00,87.29000091552734,105.94999694824219,18.209999084472656,19.005800247192383,1140.5,13.399999618530273,131.0,61276.69140625
2024-04-18 00:00:00+00:00,87.11000061035156,106.1500015258789,18.0,18.980899810791016,1140.1400146484375,13.416106224060059,131.5,63512.75390625
2024-04-19 00:00:00+00:00,87.29000091552734,106.1500015258789,18.709999084472656,19.137449264526367,1149.77001953125,13.399999618530273,132.0,63843.5703125
2024-04-20 00:00:00+00:00,,,,,,,,64994.44140625
2024-04-21 00:00:00+00:00,,,,,,,,64926.64453125
2024-04-22 00:00:00+00:00,87.0,106.08000183105469,16.940000534057617,19.121599197387695,1075.25,13.397685050964355,130.2100067138672,66837.6796875
2024-04-23 00:00:00+00:00,88.41999816894531,105.69000244140625,15.6899995803833,19.18004035949707,1233.0,13.40999984741211,133.0,66407.2734375
2024-04-24 00:00:00+00:00,88.0199966430664,105.86000061035156,15.970000267028809,19.093299865722656,1233.0,13.40999984741211,133.0,64276.8984375
2024-04-25 00:00:00+00:00,89.01000213623047,105.5999984741211,15.369999885559082,19.21780014038086,1253.530029296875,13.470000267028809,133.5,64481.70703125
2024-04-26 00:00:00+00:00,89.5,105.94000244140625,15.029999732971191,19.01930046081543,1276.0,13.489999771118164,134.0,63755.3203125
2024-04-27 00:00:00+00:00,,,,,,,,63419.140625
2024-04-28 00:00:00+00:00,,,,,,,,63113.23046875
2024-04-29 00:00:00+00:00,88.4000015258789,105.58000183105469,14.670000076293945,18.797500610351562,1325.4599609375,13.555109024047852,131.82000732421875,63841.12109375
2024-04-30 00:00:00+00:00,87.86000061035156,106.22000122070312,15.649999618530273,18.63031005859375,1356.5,13.600000381469727,134.0,60636.85546875
2024-05-01 00:00:00+00:00,83.44000244140625,105.76000213623047,15.390000343322754,18.778099060058594,1389.5,13.619999885559082,134.0,58254.01171875
2024-05-02 00:00:00+00:00,83.66999816894531,105.30000305175781,14.680000305175781,18.543699264526367,1394.0,13.649999618530273,134.0,59123.43359375
2024-05-03 00:00:00+00:00,82.95999908447266,105.02999877929688,13.489999771118164,18.54047966003418,1372.449951171875,13.699999809265137,134.0,62889.8359375
2024-05-04 00:00:00+00:00,,,,,,,,63891.47265625
2024-05-05 00:00:00+00:00,,,,,,,,64031.1328125
2024-05-06 00:00:00+00:00,83.33000183105469,105.05000305175781,13.489999771118164,18.533300399780273,1393.239990234375,13.672473907470703,131.25999450683594,63161.94921875
2024-05-07 00:00:00+00:00,83.16000366210938,105.41000366210938,13.229999542236328,18.472700119018555,1383.5,13.770000457763672,133.5,62334.81640625
2024-05-08 00:00:00+00:00,83.58000183105469,105.55000305175781,13.0,18.49570083618164,1385.949951171875,13.800000190734863,132.5,61187.94140625
2024-05-09 00:00:00+00:00,83.87999725341797,105.2300033569336,12.6899995803833,18.56555938720703,1406.9000244140625,13.850000381469727,130.0,63049.9609375
2024-05-10 00:00:00+00:00,82.79000091552734,105.30999755859375,12.550000190734863,18.451549530029297,1419.030029296875,13.850000381469727,130.0,60792.77734375
2024-05-11 00:00:00+00:00,,,,,,,,60793.7109375
2024-05-12 00:00:00+00:00,,,,,,,,61448.39453125
2024-05-13 00:00:00+00:00,83.36000061035156,105.22000122070312,13.600000381469727,18.41230010986328,1465.5400390625,13.988059043884277,130.61000061035156,62901.44921875
2024-05-14 00:00:00+00:00,82.37999725341797,105.01000213623047,13.420000076293945,18.341760635375977,1444.7900390625,14.100000381469727,130.0,61552.7890625
2024-05-15 00:00:00+00:00,82.75,104.3499984741211,12.449999809265137,18.379100799560547,1502.0,14.199999809265137,129.0,66267.4921875
2024-05-16 00:00:00+00:00,83.2699966430664,104.45999908447266,12.420000076293945,18.249399185180664,1521.5,14.210000038146973,129.0,65231.58203125
2024-05-17 00:00:00+00:00,83.9800033569336,104.44999694824219,11.989999771118164,18.16309928894043,1522.5,14.25,130.0,67051.875
2024-05-18 00:00:00+00:00,,,,,,,,66940.8046875
2024-05-19 00:00:00+00:00,,,,,,,,66278.3671875
2024-05-20 00:00:00+00:00,83.70999908447266,104.56999969482422,12.149999618530273,18.152099609375,1494.5,14.202194213867188,128.82000732421875,71448.1953125
2024-05-21 00:00:00+00:00,82.87999725341797,104.66000366210938,11.859999656677246,18.150100708007812,1531.9300537109375,14.391741752624512,127.12999725341797,70136.53125
2024-05-22 00:00:00+00:00,81.9000015258789,104.94000244140625,12.289999961853027,18.050399780273438,1420.0,14.449999809265137,131.0,69122.3359375
2024-05-23 00:00:00+00:00,81.36000061035156,105.11000061035156,12.770000457763672,18.276899337768555,1432.0,14.5,131.0,67929.5625
2024-05-24 00:00:00+00:00,82.12000274658203,104.72000122070312,11.930000305175781,18.46339988708496,1443.5,14.449999809265137,132.0,68526.1015625
2024-05-25 00:00:00+00:00,,,,,,,,69265.9453125
2024-05-26 00:00:00+00:00,,,,,,,,68518.09375
2024-05-27 00:00:00+00:00,,,,18.414939880371094,1467.6500244140625,14.509605407714844,129.35000610351562,69394.5546875
2024-05-28 00:00:00+00:00,84.22000122070312,104.61000061035156,12.920000076293945,18.301300048828125,1477.1300048828125,14.607134819030762,132.0,68296.21875
2024-05-29 00:00:00+00:00,83.5999984741211,105.0999984741211,14.279999732971191,18.271739959716797,1390.449951171875,14.64517593383789,129.75,67578.09375
2024-05-30 00:00:00+00:00,81.86000061035156,104.72000122070312,14.470000267028809,18.421499252319336,1400.4599609375,14.699999809265137,130.5,68364.9921875
2024-05-31 00:00:00+00:00,81.62000274658203,104.66999816894531,12.920000076293945,18.706300735473633,1334.050048828125,14.699999809265137,129.0,67491.4140625
2024-06-01 00:00:00+00:00,,,,,,,,67706.9375
2024-06-02 00:00:00+00:00,,,,,,,,67751.6015625
2024-06-03 00:00:00+00:00,78.36000061035156,104.13999938964844,13.109999656677246,18.76715087890625,1484.5,14.716094970703125,129.5,68804.78125
2024-06-04 00:00:00+00:00,77.5199966430664,104.11000061035156,13.15999984741211,18.51609992980957,1484.739990234375,14.850000381469727,130.0,70567.765625
2024-06-05 00:00:00+00:00,78.41000366210938,104.2699966430664,12.630000114440918,18.711809158325195,1468.9100341796875,14.850000381469727,130.0,71082.8203125
2024-06-06 00:00:00+00:00,79.87000274658203,104.0999984741211,12.579999923706055,18.934490203857422,1497.030029296875,14.949999809265137,129.5,70757.1640625
2024-06-07 00:00:00+00:00,79.62000274658203,104.88999938964844,12.220000267028809,18.95404052734375,1495.719970703125,14.855175971984863,129.30999755859375,69342.5859375
2024-06-08 00:00:00+00:00,,,,,,,,69305.7734375
2024-06-09 00:00:00+00:00,,,,,,,,69647.9921875
2024-06-10 00:00:00+00:00,81.62999725341797,105.1500015258789,12.739999771118164,18.886199951171875,1497.3399658203125,14.949850082397461,130.36000061035156,69512.28125
2024-06-11 00:00:00+00:00,81.91999816894531,105.2300033569336,12.850000381469727,18.721900939941406,1501.3699951171875,14.866279602050781,128.39999389648438,67332.03125
2024-06-12 00:00:00+00:00,82.5999984741211,104.6500015258789,12.039999961853027,18.541900634765625,1504.5,14.949999809265137,128.0,68241.1875
2024-06-13 00:00:00+00:00,82.75,105.19999694824219,11.9399995803833,18.361360549926758,1504.5,14.949999809265137,127.5,66756.3984375
2024-06-14 00:00:00+00:00,82.62000274658203,105.55000305175781,12.65999984741211,18.415130615234375,1504.5,14.989999771118164,128.0,66011.09375
2024-06-15 00:00:00+00:00,,,,,,,,66191.0
2024-06-16 00:00:00+00:00,,,,,,,,66639.046875
2024-06-17 00:00:00+00:00,84.25,105.31999969482422,12.75,18.338899612426758,1495.0,15.015199661254883,128.39999389648438,66490.296875
2024-06-18 00:00:00+00:00,85.33000183105469,105.26000213623047,12.300000190734863,18.229450225830078,1483.3199462890625,15.0,127.5,65140.74609375
2024-06-19 00:00:00+00:00,,,,18.022899627685547,1490.0,15.050000190734863,128.0,64960.296875
2024-06-20 00:00:00+00:00,85.70999908447266,105.58999633789062,13.279999732971191,17.918500900268555,1489.5,15.050000190734863,128.0,64828.65625
2024-06-21 00:00:00+00:00,85.23999786376953,105.80000305175781,13.199999809265137,17.970890045166016,1488.5,15.100000381469727,127.5,64096.19921875
2024-06-22 00:00:00+00:00,,,,,,,,64252.578125
2024-06-23 00:00:00+00:00,,,,,,,,63180.796875
2024-06-24 00:00:00+00:00,86.01000213623047,105.47000122070312,13.329999923706055,17.99489974975586,1514.5400390625,15.095062255859375,128.22999572753906,60277.4140625
2024-06-25 00:00:00+00:00,85.01000213623047,105.61000061035156,12.84000015258789,18.093839645385742,1530.3900146484375,15.149999618530273,128.0,61804.640625
2024-06-26 00:00:00+00:00,85.25,106.05000305175781,12.550000190734863,18.23785972595215,1535.3900146484375,15.199999809265137,127.5,60811.27734375
2024-06-27 00:00:00+00:00,86.38999938964844,105.91000366210938,12.239999771118164,18.147300720214844,1539.739990234375,15.199999809265137,127.5,61604.80078125
2024-06-28 00:00:00+00:00,86.41000366210938,105.87000274658203,12.4399995803833,18.433900833129883,1539.739990234375,15.199999809265137,128.0,60320.13671875
2024-06-29 00:00:00+00:00,,,,,,,,60887.37890625
2024-06-30 00:00:00+00:00,,,,,,,,62678.29296875
2024-07-01 00:00:00+00:00,86.5999984741211,105.9000015258789,12.220000267028809,18.041200637817383,1528.510009765625,15.21246337890625,128.3800048828125,62851.98046875
2024-07-02 00:00:00+00:00,86.23999786376953,105.72000122070312,12.029999732971191,18.352500915527344,1499.0,15.300000190734863,128.0,62029.015625
2024-07-03 00:00:00+00:00,87.33999633789062,105.4000015258789,12.09000015258789,18.589599609375,1504.0,15.32612133026123,127.5,60173.921875
2024-07-04 00:00:00+00:00,,,,18.405500411987305,1525.75,15.430000305175781,127.5,56977.703125
2024-07-05 00:00:00+00:00,86.54000091552734,104.87999725341797,12.479999542236328,18.256620407104492,1525.75,15.380910873413086,127.25,56662.375
2024-07-06 00:00:00+00:00,,,,,,,,58303.5390625
2024-07-07 00:00:00+00:00,,,,,,,,55849.109375
2024-07-08 00:00:00+00:00,85.75,105.01000213623047,12.369999885559082,18.226900100708008,1550.219970703125,15.390661239624023,126.62000274658203,56705.09765625
2024-07-09 00:00:00+00:00,84.66000366210938,105.12000274658203,12.510000228881836,18.088199615478516,1550.219970703125,15.356762886047363,126.54000091552734,58009.2265625
2024-07-10 00:00:00+00:00,85.08000183105469,105.05000305175781,12.850000381469727,18.13990020751953,1550.219970703125,15.387532234191895,126.58999633789062,57742.49609375
2024-07-11 00:00:00+00:00,85.4000015258789,104.44000244140625,12.920000076293945,18.097759246826172,1577.719970703125,15.350000381469727,128.0,57344.9140625
2024-07-12 00:00:00+00:00,85.02999877929688,104.08999633789062,12.460000038146973,17.976499557495117,1587.0,15.359999656677246,128.0,57899.46484375
2024-07-13 00:00:00+00:00,,,,,,,,59231.953125
2024-07-14 00:00:00+00:00,,,,,,,,60787.79296875
2024-07-15 00:00:00+00:00,84.8499984741211,104.19000244140625,13.119999885559082,17.985000610351562,1597.530029296875,15.333059310913086,126.12999725341797,64870.15234375
2024-07-16 00:00:00+00:00,83.7300033569336,104.2699966430664,13.1899995803833,18.198299407958984,1599.5,15.350000381469727,128.0,65097.1484375
2024-07-17 00:00:00+00:00,85.08000183105469,103.75,14.479999542236328,18.02429962158203,1618.3599853515625,15.428165435791016,126.51000213623047,64118.79296875
2024-07-18 00:00:00+00:00,85.11000061035156,104.16999816894531,15.930000305175781,18.117799758911133,1614.3399658203125,15.38982105255127,126.44000244140625,63974.06640625
2024-07-19 00:00:00+00:00,82.62999725341797,104.4000015258789,16.520000457763672,18.2362003326416,1626.8399658203125,15.41051197052002,130.0,66710.15625
2024-07-20 00:00:00+00:00,,,,,,,,67163.6484375
2024-07-21 00:00:00+00:00,,,,,,,,68154.5234375
2024-07-22 00:00:00+00:00,82.4000015258789,104.30999755859375,14.90999984741211,18.189899444580078,1624.8299560546875,15.404754638671875,127.4800033569336,67585.25
2024-07-23 00:00:00+00:00,81.01000213623047,104.44999694824219,14.720000267028809,18.234699249267578,1586.5999755859375,15.399999618530273,130.0,65927.671875
2024-07-24 00:00:00+00:00,81.70999908447266,104.38999938964844,18.040000915527344,18.38949966430664,1593.75,15.449999809265137,132.0,65372.1328125
2024-07-25 00:00:00+00:00,82.37000274658203,104.36000061035156,18.459999084472656,18.34830093383789,1583.75,15.460000038146973,132.0,65777.2265625
2024-07-26 00:00:00+00:00,81.12999725341797,104.31999969482422,16.389999389648438,18.343719482421875,1595.5,15.479762077331543,129.0,67912.0625
2024-07-27 00:00:00+00:00,,,,,,,,67813.3359375
2024-07-28 00:00:00+00:00,,,,,,,,68255.8671875
2024-07-29 00:00:00+00:00,79.77999877929688,104.55999755859375,16.600000381469727,18.270599365234375,1599.3900146484375,15.479008674621582,128.63552856445312,66819.9140625
2024-07-30 00:00:00+00:00,78.62999725341797,104.55000305175781,17.690000534057617,18.3302001953125,1619.5,15.479999542236328,130.0,66201.015625
2024-07-31 00:00:00+00:00,80.72000122070312,104.0999984741211,16.360000610351562,18.304779052734375,1624.5,15.489999771118164,128.5,64619.25
2024-08-01 00:00:00+00:00,79.5199966430664,104.41999816894531,18.59000015258789,18.195999145507812,1660.5699462890625,15.5,128.0,65357.5
2024-08-02 00:00:00+00:00,76.80999755859375,103.20999908447266,23.389999389648438,18.28219985961914,1660.5699462890625,15.510000228881836,129.0,61415.06640625
2024-08-03 00:00:00+00:00,,,,,,,,60680.09375
2024-08-04 00:00:00+00:00,,,,,,,,58116.9765625
2024-08-05 00:00:00+00:00,76.30000305175781,102.69000244140625,38.56999969482422,18.34259033203125,1625.47998046875,15.387995719909668,127.83000183105469,53991.45703125
2024-08-06 00:00:00+00:00,76.4800033569336,102.97000122070312,27.709999084472656,18.464399337768555,1594.06005859375,15.5,129.0,56034.31640625
2024-08-07 00:00:00+00:00,78.33000183105469,103.19999694824219,27.850000381469727,18.487770080566406,1593.449951171875,15.5,128.5,55027.4609375
2024-08-08 00:00:00+00:00,79.16000366210938,103.20999908447266,23.790000915527344,18.391340255737305,1580.949951171875,15.564030647277832,128.0,61710.13671875
2024-08-09 00:00:00+00:00,79.66000366210938,103.13999938964844,20.3700008392334,18.341690063476562,1599.489990234375,15.539999961853027,128.5,60880.11328125
2024-08-10 00:00:00+00:00,,,,,,,,60945.8125
2024-08-11 00:00:00+00:00,,,,,,,,58719.484375
2024-08-12 00:00:00+00:00,82.30000305175781,103.13999938964844,20.709999084472656,18.29450035095215,1583.530029296875,15.579999923706055,128.25,59354.515625
2024-08-13 00:00:00+00:00,80.69000244140625,102.55999755859375,18.1200008392334,18.242300033569336,1589.5,15.579999923706055,128.0,60609.56640625
2024-08-14 00:00:00+00:00,79.76000213623047,102.56999969482422,16.190000534057617,18.06909942626953,1589.5,15.600000381469727,128.0,58737.26953125
2024-08-15 00:00:00+00:00,81.04000091552734,102.9800033569336,15.229999542236328,18.04829978942871,1589.5,15.600000381469727,128.0,57560.09765625
2024-08-16 00:00:00+00:00,79.68000030517578,102.45999908447266,14.800000190734863,17.97170066833496,1592.219970703125,15.630894660949707,129.6999969482422,58894.10546875
2024-08-17 00:00:00+00:00,,,,,,,,59478.97265625
2024-08-18 00:00:00+00:00,,,,,,,,58483.96484375
2024-08-19 00:00:00+00:00,77.66000366210938,101.88999938964844,14.649999618530273,17.84984016418457,1589.5,15.519006729125977,128.0,59493.453125
2024-08-20 00:00:00+00:00,77.19999694824219,101.44000244140625,15.880000114440918,17.706899642944336,1597.0,15.579999923706055,128.0,59012.79296875
2024-08-21 00:00:00+00:00,76.05000305175781,101.04000091552734,16.270000457763672,17.79400062561035,1574.8499755859375,15.579999923706055,128.0,61175.19140625
2024-08-22 00:00:00+00:00,77.22000122070312,101.51000213623047,17.549999237060547,17.819700241088867,1575.75,15.579999923706055,128.0,60381.9140625
2024-08-23 00:00:00+00:00,79.0199966430664,100.72000122070312,15.859999656677246,18.003509521484375,1575.0799560546875,15.569999694824219,128.0,64094.35546875
2024-08-24 00:00:00+00:00,,,,,,,,64178.9921875
2024-08-25 00:00:00+00:00,,,,,,,,64333.54296875
2024-08-26 00:00:00+00:00,81.43000030517578,100.8499984741211,16.149999618530273,17.740299224853516,1592.469970703125,15.503413200378418,128.0,62880.66015625
2024-08-27 00:00:00+00:00,79.55000305175781,100.55000305175781,15.430000305175781,17.696699142456055,1589.5,15.609999656677246,128.0,59504.1328125
2024-08-28 00:00:00+00:00,78.6500015258789,101.08999633789062,17.110000610351562,17.711790084838867,1589.449951171875,15.600000381469727,128.0,59027.625
2024-08-29 00:00:00+00:00,79.94000244140625,101.33999633789062,15.649999618530273,17.82617950439453,1589.68994140625,15.631378173828125,127.77999877929688,59388.1796875
2024-08-30 00:00:00+00:00,78.80000305175781,101.69999694824219,15.0,17.7273006439209,1591.72998046875,15.65999984741211,128.0,59119.4765625
2024-08-31 00:00:00+00:00,,,,,,,,58969.8984375
2024-09-01 00:00:00+00:00,,,,,,,,57325.48828125
2024-09-02 00:00:00+00:00,,,,17.821699142456055,1595.0,15.65056324005127,128.17999267578125,59112.48046875
2024-09-03 00:00:00+00:00,73.75,101.83000183105469,20.719999313354492,17.79490089416504,1589.469970703125,15.616768836975098,127.39060974121094,57431.0234375
2024-09-04 00:00:00+00:00,72.69999694824219,101.36000061035156,21.31999969482422,17.938899993896484,1589.5,15.609999656677246,128.0,57971.5390625
2024-09-05 00:00:00+00:00,72.69000244140625,101.11000061035156,19.899999618530273,17.86823081970215,1602.489990234375,15.588436126708984,127.43000030517578,56160.48828125
2024-09-06 00:00:00+00:00,71.05999755859375,101.18000030517578,22.3799991607666,17.692630767822266,1603.5699462890625,15.621920585632324,127.5999984741211,53948.75390625
2024-09-07 00:00:00+00:00,,,,,,,,54139.6875
2024-09-08 00:00:00+00:00,,,,,,,,54841.56640625
2024-09-09 00:00:00+00:00,71.83999633789062,101.55000305175781,19.450000762939453,17.819599151611328,1613.469970703125,15.665419578552246,127.83000183105469,57019.53515625
2024-09-10 00:00:00+00:00,69.19000244140625,101.62999725341797,19.079999923706055,17.863000869750977,1644.77001953125,15.652606964111328,127.79000091552734,57648.7109375
2024-09-11 00:00:00+00:00,70.61000061035156,101.68000030517578,17.690000534057617,17.93720054626465,1644.5,15.600000381469727,128.0,57343.171875
2024-09-12 00:00:00+00:00,71.97000122070312,101.37000274658203,17.06999969482422,17.89419937133789,1630.0,15.619999885559082,128.0,58127.01171875
2024-09-13 00:00:00+00:00,71.61000061035156,101.11000061035156,16.559999465942383,17.738800048828125,1654.93994140625,15.630000114440918,128.0,60571.30078125
2024-09-14 00:00:00+00:00,,,,,,,,60005.12109375
2024-09-15 00:00:00+00:00,,,,,,,,59182.8359375
2024-09-16 00:00:00+00:00,72.75,100.76000213623047,17.139999389648438,17.72566032409668,1651.280029296875,15.669526100158691,128.17999267578125,58192.5078125
2024-09-17 00:00:00+00:00,73.69999694824219,100.88999938964844,17.610000610351562,17.607999801635742,1638.5999755859375,15.649999618530273,128.0,60308.5390625
2024-09-18 00:00:00+00:00,73.6500015258789,100.5999984741211,18.229999542236328,17.57859992980957,1640.050048828125,15.65999984741211,128.2100067138672,61649.6796875
2024-09-19 00:00:00+00:00,74.87999725341797,100.61000061035156,16.329999923706055,17.52829933166504,1638.9300537109375,15.65999984741211,128.0,62940.45703125
2024-09-20 00:00:00+00:00,74.48999786376953,100.72000122070312,16.149999618530273,17.500499725341797,1639.8199462890625,15.649999618530273,128.0,63192.9765625
2024-09-21 00:00:00+00:00,,,,,,,,63394.83984375
2024-09-22 00:00:00+00:00,,,,,,,,63648.7109375
2024-09-23 00:00:00+00:00,73.9000015258789,100.91999816894531,15.890000343322754,17.390649795532227,1615.010009765625,15.673958778381348,127.80000305175781,63329.80078125
2024-09-24 00:00:00+00:00,75.16999816894531,100.37000274658203,15.390000343322754,17.324800491333008,1638.1199951171875,15.649999618530273,128.0,64301.96875
2024-09-25 00:00:00+00:00,73.45999908447266,100.91999816894531,15.40999984741211,17.22949981689453,1613.489990234375,15.800000190734863,128.0,63143.14453125
2024-09-26 00:00:00+00:00,71.5999984741211,100.55999755859375,15.369999885559082,17.264400482177734,1649.9100341796875,15.819999694824219,128.0,65181.01953125
2024-09-27 00:00:00+00:00,71.9800033569336,100.41999816894531,16.959999084472656,17.175500869750977,1652.9000244140625,15.756108283996582,128.0,65790.6640625
2024-09-28 00:00:00+00:00,,,,,,,,65887.6484375
2024-09-29 00:00:00+00:00,,,,,,,,65635.3046875
2024-09-30 00:00:00+00:00,71.7699966430664,100.77999877929688,16.729999542236328,17.087600708007812,1667.1099853515625,15.720000267028809,128.0,63329.5
2024-10-01 00:00:00+00:00,73.55999755859375,101.19000244140625,19.260000228881836,17.280550003051758,1668.989990234375,15.680000305175781,128.0,60837.0078125
2024-10-02 00:00:00+00:00,73.9000015258789,101.68000030517578,18.899999618530273,17.403600692749023,1667.8299560546875,15.789999961853027,128.0,60632.78515625
2024-10-03 00:00:00+00:00,77.62000274658203,101.98999786376953,20.489999771118164,17.34280014038086,1670.239990234375,15.800000190734863,128.0,60759.40234375
2024-10-04 00:00:00+00:00,78.05000305175781,102.5199966430664,19.209999084472656,17.48390007019043,1657.1700439453125,15.830592155456543,128.10000610351562,62067.4765625
2024-10-05 00:00:00+00:00,,,,,,,,62089.94921875
2024-10-06 00:00:00+00:00,,,,,,,,62818.953125
2024-10-07 00:00:00+00:00,80.93000030517578,102.54000091552734,22.639999389648438,17.47330093383789,1657.3599853515625,15.862508773803711,128.0,62236.66015625
2024-10-08 00:00:00+00:00,77.18000030517578,102.55000305175781,21.420000076293945,17.37310028076172,1619.0999755859375,15.84000015258789,128.0,62131.96875
2024-10-09 00:00:00+00:00,76.58000183105469,102.93000030517578,20.860000610351562,17.579059600830078,1619.6800537109375,15.869999885559082,128.0,60582.1015625
2024-10-10 00:00:00+00:00,79.4000015258789,102.98999786376953,20.93000030517578,17.639999389648438,1620.0,15.880000114440918,128.0,60274.5
2024-10-11 00:00:00+00:00,79.04000091552734,102.88999938964844,20.459999084472656,17.516359329223633,1619.7900390625,15.90999984741211,128.0,62445.08984375
2024-10-12 00:00:00+00:00,,,,,,,,63193.0234375
2024-10-13 00:00:00+00:00,,,,,,,,62851.375
2024-10-14 00:00:00+00:00,77.45999908447266,103.30000305175781,19.700000762939453,17.458560943603516,1621.6500244140625,15.912141799926758,127.83000183105469,66046.125
2024-10-15 00:00:00+00:00,74.25,103.26000213623047,20.639999389648438,17.542600631713867,1634.699951171875,15.910735130310059,128.02999877929688,67041.109375
2024-10-16 00:00:00+00:00,74.22000122070312,103.58999633789062,19.579999923706055,17.642200469970703,1634.5,15.970000267028809,128.0,67612.71875
2024-10-17 00:00:00+00:00,74.44999694824219,103.83000183105469,19.110000610351562,17.633399963378906,1634.3399658203125,15.979999542236328,128.0,67399.8359375
2024-10-18 00:00:00+00:00,73.05999755859375,103.48999786376953,18.030000686645508,17.64590072631836,1634.31005859375,16.0,128.0,68418.7890625
2024-10-19 00:00:00+00:00,,,,,,,,68362.734375
2024-10-20 00:00:00+00:00,,,,,,,,69001.703125
2024-10-21 00:00:00+00:00,74.29000091552734,104.01000213623047,18.3700008392334,17.579200744628906,1641.02001953125,15.980324745178223,128.1300048828125,67367.8515625
2024-10-22 00:00:00+00:00,76.04000091552734,104.08000183105469,18.200000762939453,17.599700927734375,1638.550048828125,16.049999237060547,128.0,67361.40625
2024-10-23 00:00:00+00:00,74.95999908447266,104.43000030517578,19.239999771118164,17.523799896240234,1645.1300048828125,16.100000381469727,128.0,66432.1953125
2024-10-24 00:00:00+00:00,74.37999725341797,104.05999755859375,19.079999923706055,17.776199340820312,1642.5899658203125,16.100000381469727,128.0,68161.0546875
2024-10-25 00:00:00+00:00,76.05000305175781,104.26000213623047,20.329999923706055,17.654399871826172,1645.1300048828125,16.110000610351562,129.0,66642.4140625
2024-10-26 00:00:00+00:00,,,,,,,,67014.6953125
2024-10-27 00:00:00+00:00,,,,,,,,67929.296875
2024-10-28 00:00:00+00:00,71.41999816894531,104.31999969482422,19.799999237060547,17.65553092956543,1644.5,16.081249237060547,128.27000427246094,69907.7578125
2024-10-29 00:00:00+00:00,71.12000274658203,104.27999877929688,19.34000015258789,17.69202995300293,1642.2900390625,16.200000762939453,128.0,72720.4921875
2024-10-30 00:00:00+00:00,72.55000305175781,103.98999786376953,20.350000381469727,17.648000717163086,1647.6300048828125,16.209999084472656,127.5,72339.5390625
2024-10-31 00:00:00+00:00,73.16000366210938,103.9800033569336,23.15999984741211,17.64529037475586,1646.1300048828125,16.25,128.0,70215.1875
2024-11-01 00:00:00+00:00,73.0999984741211,104.27999877929688,21.8799991607666,17.595699310302734,1642.2900390625,16.25,128.0,69482.46875
2024-11-02 00:00:00+00:00,,,,,,,,69289.2734375
2024-11-03 00:00:00+00:00,,,,,,,,68741.1171875
2024-11-04 00:00:00+00:00,75.08000183105469,103.88999938964844,21.979999542236328,17.56399917602539,1647.0,16.25695037841797,127.46404266357422,67811.5078125
2024-11-05 00:00:00+00:00,75.52999877929688,103.41999816894531,20.489999771118164,17.502399444580078,1643.2900390625,16.309999465942383,128.0,69359.5625
2024-11-06 00:00:00+00:00,74.91999816894531,105.08999633789062,16.270000457763672,17.369699478149414,1661.219970703125,16.350000381469727,128.0,75639.078125
2024-11-07 00:00:00+00:00,75.62999725341797,104.51000213623047,15.199999809265137,17.665700912475586,1672.9000244140625,16.360000610351562,128.0,75904.859375
2024-11-08 00:00:00+00:00,73.87000274658203,105.0,14.9399995803833,17.282550811767578,1681.030029296875,16.350000381469727,128.0,76545.4765625
2024-11-09 00:00:00+00:00,,,,,,,,76778.8671875
2024-11-10 00:00:00+00:00,,,,,,,,80474.1875
2024-11-11 00:00:00+00:00,71.83000183105469,105.54000091552734,14.970000267028809,17.613649368286133,1667.5799560546875,16.468503952026367,128.31631469726562,88701.484375
2024-11-12 00:00:00+00:00,71.88999938964844,106.0199966430664,14.710000038146973,17.90839958190918,1672.77001953125,16.327756881713867,128.02000427246094,87955.8125
2024-11-13 00:00:00+00:00,72.27999877929688,106.4800033569336,14.020000457763672,18.10110092163086,1672.1800537109375,16.360000610351562,128.5,90584.1640625
2024-11-14 00:00:00+00:00,72.55999755859375,106.66999816894531,14.3100004196167,18.225299835205078,1676.9599609375,16.049999237060547,128.5,87250.4296875
2024-11-15 00:00:00+00:00,71.04000091552734,106.69000244140625,16.139999389648438,14.860369682312012,1679.4599609375,16.0,129.0,91066.0078125
2024-11-16 00:00:00+00:00,,,,,,,,90558.4765625
2024-11-17 00:00:00+00:00,,,,,,,,89845.8515625
2024-11-18 00:00:00+00:00,73.30000305175781,106.27999877929688,15.579999923706055,18.166549682617188,1665.3199462890625,15.99924087524414,128.47186279296875,90542.640625
2024-11-19 00:00:00+00:00,73.30999755859375,106.20999908447266,16.350000381469727,17.938100814819336,1667.530029296875,15.90999984741211,127.5,92343.7890625
2024-11-20 00:00:00+00:00,72.80999755859375,106.68000030517578,17.15999984741211,18.026399612426758,1678.8499755859375,15.850000381469727,128.5,94339.4921875
2024-11-21 00:00:00+00:00,74.2300033569336,106.97000122070312,16.8700008392334,18.10890007019043,1682.5400390625,15.859999656677246,128.0,98504.7265625
2024-11-22 00:00:00+00:00,75.16999816894531,107.48999786376953,15.239999771118164,18.097299575805664,1693.6800537109375,15.800000190734863,128.5,98997.6640625
2024-11-23 00:00:00+00:00,,,,,,,,97777.28125
2024-11-24 00:00:00+00:00,,,,,,,,98013.8203125
2024-11-25 00:00:00+00:00,73.01000213623047,106.81999969482422,14.600000381469727,17.997129440307617,1696.199951171875,15.771389961242676,128.0291748046875,93102.296875
2024-11-26 00:00:00+00:00,72.80999755859375,107.01000213623047,14.100000381469727,17.984699249267578,1682.6300048828125,15.649999618530273,129.0,91985.3203125
2024-11-27 00:00:00+00:00,72.83000183105469,106.08000183105469,14.100000381469727,18.179899215698242,1691.77001953125,15.649999618530273,128.5,95962.53125
2024-11-28 00:00:00+00:00,,,,18.171199798583984,1689.530029296875,15.449999809265137,128.5,95652.46875
2024-11-29 00:00:00+00:00,72.94000244140625,105.73999786376953,13.510000228881836,18.080699920654297,1685.6500244140625,15.424201011657715,128.6999969482422,97461.5234375
2024-11-30 00:00:00+00:00,,,,,,,,96449.0546875
2024-12-01 00:00:00+00:00,,,,,,,,97279.7890625
2024-12-02 00:00:00+00:00,71.83000183105469,106.44999694824219,13.34000015258789,18.091520309448242,1683.449951171875,15.297897338867188,128.0888214111328,95865.3046875
2024-12-03 00:00:00+00:00,73.62000274658203,106.37000274658203,13.300000190734863,18.128400802612305,1675.9599609375,15.149999618530273,129.0,96002.1640625
2024-12-04 00:00:00+00:00,72.30999755859375,106.33999633789062,13.449999809265137,18.09830093383789,1657.6800537109375,15.069999694824219,129.0,98768.53125
2024-12-05 00:00:00+00:00,72.08999633789062,105.70999908447266,13.539999961853027,18.15488052368164,1627.56005859375,14.850000381469727,129.0,96593.5703125
2024-12-06 00:00:00+00:00,71.12000274658203,105.97000122070312,12.770000457763672,18.008699417114258,1605.9000244140625,14.800000190734863,128.5,99920.7109375
2024-12-07 00:00:00+00:00,,,,,,,,99923.3359375
2024-12-08 00:00:00+00:00,,,,,,,,101236.015625
2024-12-09 00:00:00+00:00,72.13999938964844,106.1500015258789,14.1899995803833,18.002099990844727,1578.6300048828125,14.84279727935791,127.97503662109375,97432.71875
2024-12-10 00:00:00+00:00,72.19000244140625,106.4000015258789,14.180000305175781,17.774030685424805,1574.2900390625,14.82278060913086,128.44000244140625,96675.4296875
2024-12-11 00:00:00+00:00,73.5199966430664,106.70999908447266,13.579999923706055,17.801300048828125,1576.81005859375,14.699999809265137,129.0,101173.03125
2024-12-12 00:00:00+00:00,73.41000366210938,106.95999908447266,13.920000076293945,17.686100006103516,1548.6500244140625,14.699999809265137,129.0,100043.0
2024-12-13 00:00:00+00:00,74.48999786376953,107.0,13.8100004196167,17.77440071105957,1548.3699951171875,14.63593578338623,128.58999633789062,101459.2578125
2024-12-14 00:00:00+00:00,,,,,,,,101372.96875
2024-12-15 00:00:00+00:00,,,,,,,,104298.6953125
2024-12-16 00:00:00+00:00,73.91000366210938,106.86000061035156,14.6899995803833,17.822280883789062,1547.6099853515625,14.650487899780273,127.59457397460938,106029.71875
2024-12-17 00:00:00+00:00,73.19000244140625,106.95999908447266,15.869999885559082,17.837099075317383,1541.9300537109375,14.666069984436035,128.16000366210938,106140.6015625
2024-12-18 00:00:00+00:00,73.38999938964844,108.02999877929688,27.6200008392334,18.079700469970703,1552.5899658203125,14.675339698791504,128.25,100041.5390625
2024-12-19 00:00:00+00:00,72.87999725341797,108.41000366210938,24.09000015258789,18.32200050354004,1555.6300048828125,14.676321029663086,128.25,97490.953125
2024-12-20 00:00:00+00:00,72.94000244140625,107.62000274658203,18.360000610351562,18.391599655151367,1553.0699462890625,14.678370475769043,128.5399932861328,97755.9296875
2024-12-21 00:00:00+00:00,,,,,,,,97224.7265625
2024-12-22 00:00:00+00:00,,,,,,,,95104.9375
2024-12-23 00:00:00+00:00,72.62999725341797,108.04000091552734,16.780000686645508,18.271150588989258,1549.0400390625,14.617338180541992,127.14813232421875,94686.2421875
2024-12-24 00:00:00+00:00,73.58000183105469,108.26000213623047,14.270000457763672,18.535310745239258,1548.510009765625,14.692914962768555,128.41000366210938,98676.09375
2024-12-25 00:00:00+00:00,,,,18.678489685058594,1541.4300537109375,14.666788101196289,128.16000366210938,99299.1953125
2024-12-26 00:00:00+00:00,73.26000213623047,108.12999725341797,14.729999542236328,18.688199996948242,1540.6600341796875,14.666788101196289,128.0399932861328,95795.515625
2024-12-27 00:00:00+00:00,74.16999816894531,108.0,15.949999809265137,18.835800170898438,1541.5799560546875,14.652067184448242,128.0399932861328,94164.859375
2024-12-28 00:00:00+00:00,,,,,,,,95163.9296875
2024-12-29 00:00:00+00:00,,,,,,,,93530.2265625
2024-12-30 00:00:00+00:00,74.38999938964844,108.12999725341797,17.399999618530273,18.654499053955078,1548.27001953125,14.693328857421875,128.21176147460938,92643.2109375
2024-12-31 00:00:00+00:00,74.63999938964844,108.48999786376953,17.350000381469727,18.76490020751953,1545.5,14.667227745056152,128.1699981689453,93429.203125
2025-01-01 00:00:00+00:00,,,,,,,,94419.7578125
2025-01-02 00:00:00+00:00,75.93000030517578,109.38999938964844,17.93000030517578,18.82015037536621,1545.5,14.667227745056152,128.1699981689453,96886.875
2025-01-03 00:00:00+00:00,76.51000213623047,108.94999694824219,16.1299991607666,18.739599227905273,1545.5799560546875,14.649999618530273,128.25999450683594,98107.4296875
2025-01-04 00:00:00+00:00,,,,,,,,98236.2265625
2025-01-05 00:00:00+00:00,,,,,,,,98314.9609375
2025-01-06 00:00:00+00:00,76.30000305175781,108.26000213623047,16.040000915527344,18.75200080871582,1541.699951171875,14.652189254760742,127.5873794555664,102078.0859375
2025-01-07 00:00:00+00:00,77.05000305175781,108.54000091552734,17.81999969482422,18.54509925842285,1543.219970703125,14.65999984741211,128.5,96922.703125
2025-01-08 00:00:00+00:00,76.16000366210938,109.08999633789062,17.700000762939453,18.683300018310547,1540.5,14.65999984741211,128.5,95043.5234375
2025-01-09 00:00:00+00:00,76.91999816894531,109.18000030517578,,18.90591049194336,1541.6600341796875,14.699999809265137,129.0,92484.0390625
2025-01-10 00:00:00+00:00,79.76000213623047,109.6500015258789,19.540000915527344,18.935609817504883,1547.02001953125,14.699999809265137,129.0,94701.453125
2025-01-11 00:00:00+00:00,,,,,,,,94566.59375
2025-01-12 00:00:00+00:00,,,,,,,,94488.4375
2025-01-13 00:00:00+00:00,81.01000213623047,109.95999908447266,19.190000534057617,19.090150833129883,1550.969970703125,14.790620803833008,128.55262756347656,94516.5234375
2025-01-14 00:00:00+00:00,79.91999816894531,109.2699966430664,18.709999084472656,18.98550033569336,1549.1700439453125,14.800000190734863,129.0,96534.046875
2025-01-15 00:00:00+00:00,82.02999877929688,109.08999633789062,16.1200008392334,16.498899459838867,1551.2900390625,14.800000190734863,128.5,100504.4921875
2025-01-16 00:00:00+00:00,81.29000091552734,108.95999908447266,16.600000381469727,18.756999969482422,1555.0,14.800000190734863,129.0,99756.90625
2025-01-17 00:00:00+00:00,80.79000091552734,109.3499984741211,15.970000267028809,15.43019962310791,1559.5999755859375,14.899999618530273,129.0,104462.0390625
2025-01-18 00:00:00+00:00,,,,,,,,104408.0703125
2025-01-19 00:00:00+00:00,,,,,,,,101089.609375
2025-01-20 00:00:00+00:00,,,,18.731700897216797,1552.8499755859375,14.8755521774292,128.03842163085938,102016.6640625
2025-01-21 00:00:00+00:00,79.29000091552734,108.05999755859375,15.0600004196167,18.495670318603516,1555.3499755859375,15.008745193481445,128.35000610351562,106146.265625
2025-01-22 00:00:00+00:00,79.0,108.16999816894531,15.100000381469727,18.47960090637207,1554.5,15.0,129.0,103653.0703125
2025-01-23 00:00:00+00:00,78.29000091552734,108.05000305175781,15.020000457763672,18.493900299072266,1556.5,15.149999618530273,129.0,103960.171875
2025-01-24 00:00:00+00:00,78.5,107.44000244140625,14.850000381469727,18.504539489746094,1558.0,15.15999984741211,129.0,104819.484375
2025-01-25 00:00:00+00:00,,,,,,,,104714.6484375
2025-01-26 00:00:00+00:00,,,,,,,,102682.5
2025-01-27 00:00:00+00:00,77.08000183105469,107.33999633789062,17.899999618530273,18.479080200195312,1557.5,15.148256301879883,127.68550109863281,102087.6875
2025-01-28 00:00:00+00:00,77.48999786376953,107.87000274658203,16.40999984741211,18.741500854492188,1550.739990234375,15.170000076293945,129.0,101332.4765625
2025-01-29 00:00:00+00:00,76.58000183105469,108.0,16.559999465942383,18.65959930419922,1552.239990234375,15.149999618530273,129.0,103703.2109375
2025-01-30 00:00:00+00:00,76.87000274658203,107.80000305175781,15.84000015258789,18.518299102783203,1552.739990234375,15.25,128.5,104735.3046875
2025-01-31 00:00:00+00:00,76.76000213623047,108.37000274658203,16.43000030517578,18.56730079650879,1527.0,15.260000228881836,129.0,102405.0234375
2025-02-01 00:00:00+00:00,,,,,,,,100655.90625
2025-02-02 00:00:00+00:00,,,,,,,,97688.9765625
2025-02-03 00:00:00+00:00,75.95999908447266,108.98999786376953,18.6200008392334,18.99449920654297,1502.5,15.516397476196289,129.56436157226562,101405.421875
2025-02-04 00:00:00+00:00,76.19999694824219,107.95999908447266,17.209999084472656,18.733409881591797,1482.9300537109375,15.300000190734863,128.0,97871.8203125
2025-02-05 00:00:00+00:00,74.61000061035156,107.58000183105469,15.770000457763672,18.65938949584961,1491.0,15.350000381469727,128.0,96615.4453125
2025-02-06 00:00:00+00:00,74.29000091552734,107.69000244140625,15.5,18.532800674438477,1497.199951171875,15.359999656677246,128.0,96593.296875
2025-02-07 00:00:00+00:00,74.66000366210938,108.04000091552734,16.540000915527344,18.43779945373535,1498.2099609375,15.350000381469727,128.0,96529.0859375
2025-02-08 00:00:00+00:00,,,,,,,,96482.453125
2025-02-09 00:00:00+00:00,,,,,,,,96500.09375
2025-02-10 00:00:00+00:00,75.87000274658203,108.31999969482422,15.8100004196167,18.525070190429688,1498.2099609375,15.496106147766113,128.2376251220703,97437.5546875
2025-02-11 00:00:00+00:00,77.0,107.95999908447266,16.020000457763672,18.419830322265625,1501.2099609375,15.449999809265137,128.0,95747.4296875
2025-02-12 00:00:00+00:00,75.18000030517578,107.94000244140625,15.890000343322754,18.497589111328125,1502.3900146484375,15.449999809265137,128.0,97885.859375
2025-02-13 00:00:00+00:00,75.0199966430664,107.30999755859375,15.100000381469727,18.511869430541992,1505.6400146484375,15.399999618530273,128.0,96623.8671875
2025-02-14 00:00:00+00:00,74.73999786376953,106.56999969482422,14.770000457763672,18.481199264526367,1506.6500244140625,15.40999984741211,128.0,97508.96875
2025-02-15 00:00:00+00:00,,,,,,,,97580.3515625
2025-02-16 00:00:00+00:00,,,,,,,,96175.03125
2025-02-17 00:00:00+00:00,,,,18.34600067138672,1505.0,15.381244659423828,127.54203033447266,95773.3828125
2025-02-18 00:00:00+00:00,75.83999633789062,107.05000305175781,15.350000381469727,18.406410217285156,1510.050048828125,15.427254676818848,128.14999389648438,95539.546875
2025-02-19 00:00:00+00:00,76.04000091552734,107.16999816894531,15.270000457763672,18.395200729370117,1506.5,15.449999809265137,128.0,96635.609375
2025-02-20 00:00:00+00:00,76.4800033569336,106.33999633789062,15.65999984741211,18.510400772094727,1505.5,15.5,128.5,98333.9375
2025-02-21 00:00:00+00:00,74.43000030517578,106.61000061035156,18.209999084472656,18.319000244140625,1510.52001953125,15.510000228881836,129.0,96125.546875
2025-02-22 00:00:00+00:00,,,,,,,,96577.7578125
2025-02-23 00:00:00+00:00,,,,,,,,96273.921875
2025-02-24 00:00:00+00:00,74.77999877929688,106.5999984741211,18.979999542236328,18.36716079711914,1501.760009765625,15.507143020629883,128.16397094726562,91418.171875
2025-02-25 00:00:00+00:00,73.0199966430664,106.30999755859375,19.43000030517578,18.361499786376953,1501.3699951171875,15.510000228881836,129.0,88736.171875
2025-02-26 00:00:00+00:00,72.52999877929688,106.41999816894531,19.100000381469727,18.410999298095703,1500.06005859375,15.5,129.0,84347.0234375
2025-02-27 00:00:00+00:00,74.04000091552734,107.23999786376953,21.1299991607666,18.366249084472656,1499.4599609375,15.449999809265137,129.0,84704.2265625
2025-02-28 00:00:00+00:00,73.18000030517578,107.61000061035156,19.6299991607666,18.42913055419922,1498.81005859375,15.449999809265137,129.0,84373.0078125
2025-03-01 00:00:00+00:00,,,,,,,,86031.9140625
2025-03-02 00:00:00+00:00,,,,,,,,94248.3515625
2025-03-03 00:00:00+00:00,71.62000274658203,106.75,22.780000686645508,18.638320922851562,1502.0,15.504599571228027,127.94450378417969,86065.671875
2025-03-04 00:00:00+00:00,71.04000091552734,105.73999786376953,23.510000228881836,18.603500366210938,1501.25,15.460000038146973,127.5,87222.1953125
2025-03-05 00:00:00+00:00,69.30000305175781,105.73999786376953,21.93000030517578,18.470399856567383,1498.75,15.449999809265137,128.1999969482422,90623.5625
2025-03-06 00:00:00+00:00,69.45999908447266,104.05999755859375,24.8700008392334,18.295799255371094,1495.3399658203125,15.449999809265137,128.0,89961.7265625
2025-03-07 00:00:00+00:00,70.36000061035156,103.83999633789062,23.3700008392334,18.12347984313965,1503.4300537109375,15.477144241333008,128.14999389648438,86742.671875
2025-03-08 00:00:00+00:00,,,,,,,,86154.59375
2025-03-09 00:00:00+00:00,,,,,,,,80601.0390625
2025-03-10 00:00:00+00:00,69.27999877929688,103.91000366210938,27.860000610351562,18.258329391479492,1514.5,15.49577808380127,128.17791748046875,78532.0
2025-03-11 00:00:00+00:00,69.55999755859375,103.44000244140625,26.920000076293945,18.32900047302246,1525.0,15.449999809265137,128.5,82862.2109375
2025-03-12 00:00:00+00:00,70.94999694824219,103.61000061035156,24.229999542236328,18.194690704345703,1531.43994140625,15.475464820861816,128.7899932861328,83722.359375
2025-03-13 00:00:00+00:00,69.87999725341797,103.83000183105469,24.65999984741211,18.334199905395508,1531.5,15.460000038146973,128.5,81066.703125
2025-03-14 00:00:00+00:00,70.58000183105469,103.72000122070312,21.770000457763672,18.27400016784668,1553.1700439453125,15.47586727142334,128.4499969482422,83969.1015625
2025-03-15 00:00:00+00:00,,,,,,,,84343.109375
2025-03-16 00:00:00+00:00,,,,,,,,82579.6875
2025-03-17 00:00:00+00:00,71.06999969482422,103.37000274658203,20.510000228881836,18.19611930847168,1553.27001953125,15.440604209899902,127.8187255859375,84075.6875
2025-03-18 00:00:00+00:00,70.55999755859375,103.23999786376953,21.700000762939453,18.075090408325195,1539.4100341796875,15.449999809265137,129.0,82718.5
2025-03-19 00:00:00+00:00,70.77999877929688,103.43000030517578,19.899999618530273,18.105690002441406,1539.02001953125,15.460000038146973,129.0,86854.2265625
2025-03-20 00:00:00+00:00,72.0,103.8499984741211,19.799999237060547,18.09950065612793,1545.0,15.449999809265137,129.0,84167.1953125
2025-03-21 00:00:00+00:00,72.16000366210938,104.08999633789062,19.280000686645508,18.15290069580078,1550.5,15.460000038146973,129.0,84043.2421875
2025-03-22 00:00:00+00:00,,,,,,,,83832.484375
2025-03-23 00:00:00+00:00,,,,,,,,86054.375
2025-03-24 00:00:00+00:00,73.0,104.26000213623047,17.479999542236328,18.20587921142578,1549.5,15.439208984375,127.65801239013672,87498.9140625
2025-03-25 00:00:00+00:00,73.0199966430664,104.18000030517578,17.149999618530273,18.243070602416992,1521.5,15.460000038146973,129.0,87471.703125
2025-03-26 00:00:00+00:00,73.79000091552734,104.55000305175781,18.329999923706055,18.270610809326172,1527.0,15.449999809265137,129.0,86900.8828125
2025-03-27 00:00:00+00:00,74.02999877929688,104.06999969482422,18.690000534057617,18.26959991455078,1534.72998046875,15.449999809265137,129.0,87177.1015625
2025-03-28 00:00:00+00:00,73.62999725341797,104.04000091552734,21.649999618530273,18.205350875854492,1536.760009765625,15.460000038146973,129.0,84353.1484375
2025-03-29 00:00:00+00:00,,,,,,,,82597.5859375
2025-03-30 00:00:00+00:00,,,,,,,,82334.5234375
2025-03-31 00:00:00+00:00,74.73999786376953,104.20999908447266,22.280000686645508,18.41119956970215,1522.719970703125,15.312973976135254,127.56999969482422,82548.9140625
2025-04-01 00:00:00+00:00,74.48999786376953,104.26000213623047,21.770000457763672,18.30838966369629,1533.77001953125,15.449999809265137,128.5,85169.171875
2025-04-02 00:00:00+00:00,74.94999694824219,103.80999755859375,21.510000228881836,18.477970123291016,1541.6400146484375,15.449999809265137,128.5,82485.7109375
2025-04-03 00:00:00+00:00,70.13999938964844,102.06999969482422,30.020000457763672,18.94409942626953,1536.719970703125,15.460000038146973,129.0,83102.828125
2025-04-04 00:00:00+00:00,65.58000183105469,103.0199966430664,45.310001373291016,18.739099502563477,1538.3800048828125,15.449999809265137,129.0,83843.8046875
2025-04-05 00:00:00+00:00,,,,,,,,83504.796875
2025-04-06 00:00:00+00:00,,,,,,,,78214.484375
2025-04-07 00:00:00+00:00,64.20999908447266,103.26000213623047,46.97999954223633,19.27482032775879,1545.3900146484375,15.573089599609375,129.0500030517578,79235.3359375
2025-04-08 00:00:00+00:00,62.81999969482422,102.95999908447266,52.33000183105469,19.55769920349121,1565.5,15.449999809265137,128.5,76271.953125
2025-04-09 00:00:00+00:00,65.4800033569336,102.9000015258789,33.619998931884766,19.75782012939453,1549.8399658203125,15.460000038146973,129.0,82573.953125
2025-04-10 00:00:00+00:00,63.33000183105469,100.87000274658203,40.720001220703125,19.412220001220703,1570.0,15.460000038146973,128.5,79626.140625
2025-04-11 00:00:00+00:00,64.76000213623047,99.77999877929688,37.560001373291016,19.48649024963379,1589.0,15.449999809265137,129.0,83404.8359375
2025-04-12 00:00:00+00:00,,,,,,,,85287.109375
2025-04-13 00:00:00+00:00,,,,,,,,83684.9765625
2025-04-14 00:00:00+00:00,64.87999725341797,99.63999938964844,30.889999389648438,19.118560791015625,1592.0,15.471839904785156,128.12521362304688,84542.390625
2025-04-15 00:00:00+00:00,64.66999816894531,100.22000122070312,30.1200008392334,18.871400833129883,1604.719970703125,15.449999809265137,128.5,83668.9921875
2025-04-16 00:00:00+00:00,65.8499984741211,99.37999725341797,32.63999938964844,19.026330947875977,1604.530029296875,15.491708755493164,128.6999969482422,84033.8671875
2025-04-17 00:00:00+00:00,67.95999908447266,99.37999725341797,29.649999618530273,18.780250549316406,1604.75,15.448038101196289,128.6999969482422,84895.75
2025-04-18 00:00:00+00:00,,,,,,,,84450.8046875
2025-04-19 00:00:00+00:00,,,,,,,,85063.4140625
2025-04-20 00:00:00+00:00,,,,,,,,85174.3046875
2025-04-21 00:00:00+00:00,66.26000213623047,98.27999877929688,33.81999969482422,,,,,87518.90625
2025-04-22 00:00:00+00:00,67.44000244140625,98.91999816894531,30.56999969482422,18.697460174560547,1604.1500244140625,15.460000038146973,128.85000610351562,93441.890625
2025-04-23 00:00:00+00:00,66.12000274658203,99.83999633789062,28.450000762939453,18.607519149780273,1605.699951171875,15.350000381469727,128.5,93699.109375
2025-04-24 00:00:00+00:00,66.55000305175781,99.29000091552734,26.469999313354492,18.659400939941406,1608.1500244140625,15.25,128.5,93943.796875
2025-04-25 00:00:00+00:00,66.87000274658203,99.47000122070312,24.84000015258789,18.749309539794922,1609.0999755859375,15.117386817932129,128.35000610351562,94720.5
2025-04-26 00:00:00+00:00,,,,,,,,94646.9296875
2025-04-27 00:00:00+00:00,,,,,,,,93754.84375
2025-04-28 00:00:00+00:00,65.86000061035156,99.01000213623047,25.149999618530273,18.6824893951416,1606.4300537109375,15.260000228881836,128.35000610351562,94978.75
2025-04-29 00:00:00+00:00,64.25,99.23999786376953,24.170000076293945,18.49449920654297,1604.5699462890625,15.260000228881836,128.5,94284.7890625
2025-04-30 00:00:00+00:00,63.119998931884766,99.47000122070312,24.700000762939453,18.513200759887695,1602.68994140625,15.25,129.0,94207.3125
2025-05-01 00:00:00+00:00,62.130001068115234,100.25,24.600000381469727,18.53898048400879,1602.199951171875,14.100000381469727,129.0,96492.3359375
2025-05-02 00:00:00+00:00,61.290000915527344,100.0,22.68000030517578,18.540700912475586,1605.8499755859375,14.271273612976074,128.83999633789062,96910.0703125
2025-05-03 00:00:00+00:00,,,,,,,,95891.796875
2025-05-04 00:00:00+00:00,,,,,,,,94315.9765625
2025-05-05 00:00:00+00:00,60.22999954223633,99.83000183105469,23.639999389648438,18.40369987487793,1606.3699951171875,14.060771942138672,128.66000366210938,94748.0546875
2025-05-06 00:00:00+00:00,62.150001525878906,99.23999786376953,24.760000228881836,18.259660720825195,1605.2099609375,13.550000190734863,128.1300048828125,96802.4765625
2025-05-07 00:00:00+00:00,61.119998931884766,99.61000061035156,23.549999237060547,18.19230079650879,1606.0899658203125,13.399999618530273,128.5,97032.3203125
2025-05-08 00:00:00+00:00,62.84000015258789,100.63999938964844,22.479999542236328,18.25079917907715,1606.530029296875,13.199999809265137,128.25,103241.4609375
2025-05-09 00:00:00+00:00,63.90999984741211,100.33999633789062,21.899999618530273,18.2106990814209,1609.6300048828125,13.164473533630371,128.1199951171875,102970.8515625
2025-05-10 00:00:00+00:00,,,,,,,,104696.328125
2025-05-11 00:00:00+00:00,,,,,,,,104106.359375
2025-05-12 00:00:00+00:00,64.95999908447266,101.79000091552734,18.389999389648438,18.201749801635742,1608.27001953125,13.117420196533203,128.14999389648438,102812.953125
2025-05-13 00:00:00+00:00,66.62999725341797,101.0,18.219999313354492,18.24401092529297,1601.5699462890625,12.850000381469727,128.5,104169.8125
2025-05-14 00:00:00+00:00,66.08999633789062,101.04000091552734,18.6200008392334,18.297489166259766,1601.93994140625,12.5,128.5,103539.4140625
2025-05-15 00:00:00+00:00,64.52999877929688,100.87999725341797,17.829999923706055,18.215930938720703,1600.06005859375,12.399999618530273,128.5,103744.640625
2025-05-16 00:00:00+00:00,65.41000366210938,101.08999633789062,17.239999771118164,17.99720001220703,1601.43994140625,12.350000381469727,128.5,103489.2890625
2025-05-17 00:00:00+00:00,,,,,,,,103191.0859375
2025-05-18 00:00:00+00:00,,,,,,,,106446.0078125
2025-05-19 00:00:00+00:00,65.54000091552734,100.43000030517578,18.139999389648438,18.04216957092285,1606.68994140625,12.393778800964355,128.6699981689453,105606.1796875
2025-05-20 00:00:00+00:00,65.37999725341797,100.12000274658203,18.09000015258789,18.0698299407959,1601.5799560546875,12.280024528503418,128.22000122070312,106791.0859375
2025-05-21 00:00:00+00:00,64.91000366210938,99.55999755859375,20.8700008392334,17.92137908935547,1597.5400390625,12.050000190734863,128.5,109678.078125
2025-05-22 00:00:00+00:00,64.44000244140625,99.95999908447266,20.280000686645508,17.97150993347168,1589.050048828125,11.75,128.5,111673.28125
2025-05-23 00:00:00+00:00,64.77999877929688,99.11000061035156,22.290000915527344,18.005889892578125,1589.27001953125,11.614072799682617,128.1999969482422,107287.796875
2025-05-24 00:00:00+00:00,,,,,,,,107791.15625
2025-05-25 00:00:00+00:00,,,,,,,,109035.390625
2025-05-26 00:00:00+00:00,,98.93000030517578,,17.811899185180664,1586.989990234375,11.009367942810059,128.02000427246094,109440.3671875
2025-05-27 00:00:00+00:00,64.08999633789062,99.5199966430664,18.959999084472656,17.830799102783203,1582.8399658203125,10.429312705993652,128.4199981689453,108994.640625
2025-05-28 00:00:00+00:00,64.9000015258789,99.87999725341797,19.309999465942383,17.946870803833008,1584.5999755859375,10.32688045501709,128.1999969482422,107802.328125
2025-05-29 00:00:00+00:00,64.1500015258789,99.27999877929688,19.18000030517578,17.964099884033203,1586.6400146484375,10.28125286102295,128.25,105641.7578125
2025-05-30 00:00:00+00:00,63.900001525878906,99.33000183105469,18.56999969482422,17.782249450683594,1589.7900390625,10.28195571899414,128.25,103998.5703125
2025-05-31 00:00:00+00:00,,,,,,,,104638.09375
2025-06-01 00:00:00+00:00,,,,,,,,105652.1015625
2025-06-02 00:00:00+00:00,64.62999725341797,98.69999694824219,18.360000610351562,17.967790603637695,1585.719970703125,10.205367088317871,127.94999694824219,105881.53125
2025-06-03 00:00:00+00:00,65.62999725341797,99.25,17.690000534057617,17.830699920654297,1582.9200439453125,10.221348762512207,128.11000061035156,105432.46875
2025-06-04 00:00:00+00:00,64.86000061035156,98.79000091552734,17.610000610351562,17.84756088256836,1581.75,10.212815284729004,128.25,104731.984375
2025-06-05 00:00:00+00:00,65.33999633789062,98.73999786376953,18.479999542236328,17.808429718017578,1579.6500244140625,10.225381851196289,129.0,101575.953125
2025-06-06 00:00:00+00:00,66.47000122070312,99.19000244140625,16.770000457763672,17.704139709472656,1560.6700439453125,10.199999809265137,128.5,104390.34375
2025-06-07 00:00:00+00:00,,,,,,,,105615.625
2025-06-08 00:00:00+00:00,,,,,,,,105793.6484375
2025-06-09 00:00:00+00:00,67.04000091552734,98.94000244140625,17.15999984741211,17.766019821166992,1562.219970703125,10.245100021362305,128.47000122070312,110294.1015625
2025-06-10 00:00:00+00:00,66.87000274658203,99.05000305175781,16.950000762939453,17.70840072631836,1558.06005859375,10.199999809265137,128.5,110257.234375
2025-06-11 00:00:00+00:00,69.7699966430664,98.62999725341797,17.260000228881836,17.68400001525879,1545.469970703125,10.199999809265137,128.5,108686.625
2025-06-12 00:00:00+00:00,69.36000061035156,97.91999816894531,18.020000457763672,17.68670082092285,1540.1099853515625,10.25,128.5,105929.0546875
2025-06-13 00:00:00+00:00,74.2300033569336,98.18000030517578,20.81999969482422,17.7549991607666,1539.3199462890625,10.25,128.5,106090.96875
2025-06-14 00:00:00+00:00,,,,,,,,105472.40625
2025-06-15 00:00:00+00:00,,,,,,,,105552.0234375
2025-06-16 00:00:00+00:00,73.2300033569336,98.0,19.110000610351562,17.931970596313477,1541.93994140625,10.233222007751465,127.33330535888672,106796.7578125
2025-06-17 00:00:00+00:00,76.44999694824219,98.81999969482422,21.600000381469727,17.815589904785156,1542.489990234375,10.25,129.0,104601.1171875
2025-06-18 00:00:00+00:00,76.69999694824219,98.91000366210938,20.139999389648438,17.983699798583984,1542.8399658203125,10.260000228881836,128.5,104883.328125
2025-06-19 00:00:00+00:00,,,,18.018999099731445,1544.699951171875,10.25,129.0,104684.2890625
2025-06-20 00:00:00+00:00,77.01000213623047,98.70999908447266,20.6200008392334,17.99456024169922,1547.9100341796875,10.25,128.5,103309.6015625
2025-06-21 00:00:00+00:00,,,,,,,,102257.40625
2025-06-22 00:00:00+00:00,,,,,,,,100987.140625
2025-06-23 00:00:00+00:00,71.4800033569336,98.41999816894531,19.829999923706055,18.061199188232422,1549.43994140625,10.27542781829834,128.2100067138672,105577.7734375
2025-06-24 00:00:00+00:00,67.13999938964844,97.86000061035156,17.479999542236328,17.814800262451172,1550.010009765625,10.25,128.5,106045.6328125
2025-06-25 00:00:00+00:00,67.68000030517578,97.68000030517578,16.760000228881836,17.721599578857422,1548.050048828125,10.25,128.5,107361.2578125
2025-06-26 00:00:00+00:00,67.7300033569336,97.1500015258789,16.59000015258789,17.7007999420166,1549.9300537109375,10.25,128.5,106960.0
2025-06-27 00:00:00+00:00,67.7699966430664,97.4000015258789,16.31999969482422,17.860599517822266,1543.3499755859375,10.300000190734863,128.5,107088.4296875
2025-06-28 00:00:00+00:00,,,,,,,,107327.703125
2025-06-29 00:00:00+00:00,,,,,,,,108385.5703125
2025-06-30 00:00:00+00:00,67.61000061035156,96.87999725341797,16.729999542236328,17.77079963684082,1542.010009765625,10.322030067443848,128.14999389648438,107135.3359375
2025-07-01 00:00:00+00:00,67.11000061035156,96.81999969482422,16.829999923706055,17.705299377441406,1536.93994140625,10.300000190734863,128.5,105698.28125
2025-07-02 00:00:00+00:00,69.11000061035156,96.77999877929688,16.639999389648438,17.592470169067383,1533.47998046875,10.300000190734863,129.0,108859.3203125
2025-07-03 00:00:00+00:00,68.80000305175781,97.18000030517578,16.3799991607666,17.559099197387695,1528.4000244140625,10.300436019897461,128.11000061035156,109647.9765625
2025-07-04 00:00:00+00:00,68.29000091552734,,,17.503400802612305,1534.010009765625,10.300000190734863,128.5,108034.3359375
2025-07-05 00:00:00+00:00,,,,,,,,108231.1796875
2025-07-06 00:00:00+00:00,,,,,,,,109232.0703125
2025-07-07 00:00:00+00:00,69.58000183105469,97.4800033569336,17.790000915527344,17.58970069885254,1529.0,10.328140258789062,128.1999969482422,108299.8515625
2025-07-08 00:00:00+00:00,70.1500015258789,97.51000213623047,16.809999465942383,17.85569953918457,1534.6099853515625,10.350000381469727,128.5,108950.2734375
2025-07-09 00:00:00+00:00,70.19000244140625,97.47000122070312,15.9399995803833,17.77581024169922,1533.5699462890625,10.350000381469727,129.0,111326.5546875
2025-07-10 00:00:00+00:00,68.63999938964844,97.6500015258789,15.779999732971191,17.80755043029785,1533.1099853515625,10.350000381469727,128.5,115987.203125
2025-07-11 00:00:00+00:00,70.36000061035156,97.8499984741211,16.399999618530273,17.721099853515625,1530.02001953125,10.350000381469727,129.0,117516.9921875
2025-07-12 00:00:00+00:00,,,,,,,,117435.2265625
2025-07-13 00:00:00+00:00,,,,,,,,119116.1171875
2025-07-14 00:00:00+00:00,69.20999908447266,98.08000183105469,17.200000762939453,17.927900314331055,1529.7900390625,10.375785827636719,128.1699981689453,119849.703125
2025-07-15 00:00:00+00:00,68.70999908447266,98.62000274658203,17.3799991607666,17.903799057006836,1527.1600341796875,10.350000381469727,128.5,117777.1875
2025-07-16 00:00:00+00:00,68.5199966430664,98.38999938964844,17.15999984741211,17.894420623779297,1529.06005859375,10.350000381469727,128.5,118738.5078125
2025-07-17 00:00:00+00:00,69.5199966430664,98.7300033569336,16.520000457763672,17.822900772094727,1529.780029296875,10.350000381469727,128.5,119289.84375
2025-07-18 00:00:00+00:00,69.27999877929688,98.4800033569336,16.40999984741211,17.801700592041016,1527.0799560546875,10.389174461364746,128.02999877929688,118003.2265625
2025-07-19 00:00:00+00:00,,,,,,,,117939.9765625
2025-07-20 00:00:00+00:00,,,,,,,,117300.7890625
2025-07-21 00:00:00+00:00,69.20999908447266,97.8499984741211,16.649999618530273,17.7007999420166,1529.030029296875,10.413172721862793,128.32000732421875,117439.5390625
2025-07-22 00:00:00+00:00,68.58999633789062,97.38999938964844,16.5,17.597200393676758,1529.489990234375,10.399999618530273,128.5,119995.4140625
2025-07-23 00:00:00+00:00,68.51000213623047,97.20999908447266,15.369999885559082,17.550899505615234,1530.2900390625,10.399999618530273,128.5,118754.9609375
2025-07-24 00:00:00+00:00,69.18000030517578,97.37999725341797,15.390000343322754,17.511699676513672,1530.739990234375,10.359999656677246,128.5,118368.0
2025-07-25 00:00:00+00:00,68.44000244140625,97.6500015258789,14.930000305175781,17.613100051879883,1531.75,10.359999656677246,128.5,117635.8828125
2025-07-26 00:00:00+00:00,,,,,,,,117947.3671875
2025-07-27 00:00:00+00:00,,,,,,,,119448.4921875
2025-07-28 00:00:00+00:00,70.04000091552734,98.66000366210938,15.029999732971191,17.738100051879883,1526.9200439453125,10.410691261291504,127.9800033569336,117924.4765625
2025-07-29 00:00:00+00:00,72.51000213623047,98.91000366210938,15.979999542236328,17.88990020751953,1529.3800048828125,10.399999618530273,128.5,117922.1484375
2025-07-30 00:00:00+00:00,73.23999786376953,99.94000244140625,15.479999542236328,17.867700576782227,1529.300048828125,10.449999809265137,128.5,117831.1875
2025-07-31 00:00:00+00:00,72.52999877929688,100.02999877929688,16.719999313354492,17.981779098510742,1530.199951171875,10.449999809265137,128.5,115758.203125
2025-08-01 00:00:00+00:00,69.66999816894531,98.69000244140625,20.3799991607666,18.210580825805664,1530.699951171875,10.449999809265137,128.5,113320.0859375
2025-08-02 00:00:00+00:00,,,,,,,,112526.9140625
2025-08-03 00:00:00+00:00,,,,,,,,114217.671875
2025-08-04 00:00:00+00:00,68.76000213623047,98.77999877929688,17.520000457763672,18.012100219726562,1508.530029296875,10.317070007324219,126.20999908447266,115071.8828125
2025-08-05 00:00:00+00:00,67.63999938964844,98.77999877929688,17.850000381469727,17.919700622558594,1522.1800537109375,10.5,128.5,114141.4453125
2025-08-06 00:00:00+00:00,66.88999938964844,98.18000030517578,16.770000457763672,17.891599655151367,1528.0999755859375,10.5,128.5,115028.0
2025-08-07 00:00:00+00:00,66.43000030517578,98.4000015258789,16.56999969482422,17.77482032775879,1529.5999755859375,10.5,128.5,117496.8984375
2025-08-08 00:00:00+00:00,66.58999633789062,98.18000030517578,15.149999618530273,17.6931095123291,1529.010009765625,10.5,129.0,116688.7265625
2025-08-09 00:00:00+00:00,,,,,,,,116500.359375
2025-08-10 00:00:00+00:00,,,,,,,,119306.7578125
2025-08-11 00:00:00+00:00,66.62999725341797,98.5199966430664,16.25,17.732099533081055,1531.1199951171875,10.51542854309082,127.98999786376953,118731.4453125
2025-08-12 00:00:00+00:00,66.12000274658203,98.0999984741211,14.729999542236328,17.752099990844727,1534.0,10.5,128.5,120172.90625
2025-08-13 00:00:00+00:00,65.62999725341797,97.83999633789062,14.489999771118164,17.566699981689453,1534.0,10.5,128.5,123344.0625
2025-08-14 00:00:00+00:00,66.83999633789062,98.25,14.829999923706055,17.496379852294922,1532.9000244140625,10.5,128.5,118359.578125
2025-08-15 00:00:00+00:00,65.8499984741211,97.8499984741211,15.09000015258789,17.58032989501953,1532.6400146484375,10.600000381469727,128.5,117398.3515625
2025-08-16 00:00:00+00:00,,,,,,,,117491.3515625
2025-08-17 00:00:00+00:00,,,,,,,,117453.0625
2025-08-18 00:00:00+00:00,66.5999984741211,98.16999816894531,14.989999771118164,17.575899124145508,1528.68994140625,10.812150001525879,128.0,116252.3125
2025-08-19 00:00:00+00:00,65.79000091552734,98.2699966430664,15.569999694824219,17.624540328979492,1534.8199462890625,10.600000381469727,128.5,112831.1796875
2025-08-20 00:00:00+00:00,66.83999633789062,98.22000122070312,15.6899995803833,17.69993019104004,1534.9300537109375,10.850000381469727,128.5,114274.7421875
2025-08-21 00:00:00+00:00,67.66999816894531,98.62000274658203,16.600000381469727,17.66860008239746,1536.6600341796875,10.91417407989502,128.0399932861328,112419.03125
2025-08-22 00:00:00+00:00,67.7300033569336,97.72000122070312,14.220000267028809,17.703519821166992,1537.1400146484375,10.960000038146973,128.5,116874.0859375
2025-08-23 00:00:00+00:00,,,,,,,,115374.328125
2025-08-24 00:00:00+00:00,,,,,,,,113458.4296875
2025-08-25 00:00:00+00:00,68.80000305175781,98.43000030517578,14.789999961853027,17.429529190063477,1518.72998046875,10.882340431213379,126.7300033569336,110124.3515625
2025-08-26 00:00:00+00:00,67.22000122070312,98.2300033569336,14.619999885559082,17.612899780273438,1536.5999755859375,10.949999809265137,128.5,111802.65625
2025-08-27 00:00:00+00:00,68.05000305175781,98.2300033569336,14.850000381469727,17.62042999267578,1536.75,11.100000381469727,128.5,111222.0625
2025-08-28 00:00:00+00:00,68.62000274658203,97.80999755859375,14.430000305175781,17.68090057373047,1536.27001953125,11.100000381469727,128.5,112544.8046875
2025-08-29 00:00:00+00:00,68.12000274658203,97.7699966430664,15.359999656677246,17.68086051940918,1535.18994140625,11.425414085388184,128.36000061035156,108410.8359375
2025-08-30 00:00:00+00:00,,,,,,,,108808.0703125
2025-08-31 00:00:00+00:00,,,,,,,,108236.7109375
2025-09-01 00:00:00+00:00,,,,17.638599395751953,1531.489990234375,11.709946632385254,127.9800033569336,109250.59375
2025-09-02 00:00:00+00:00,69.13999938964844,98.4000015258789,17.170000076293945,17.616239547729492,1529.7900390625,11.872567176818848,128.13999938964844,111200.5859375
2025-09-03 00:00:00+00:00,67.5999984741211,98.13999938964844,16.350000381469727,17.696399688720703,1537.2099609375,11.699999809265137,129.0,111723.2109375
2025-09-04 00:00:00+00:00,66.98999786376953,98.3499984741211,15.300000190734863,17.653799057006836,1539.25,12.0,128.5,110723.6015625
2025-09-05 00:00:00+00:00,65.5,97.7699966430664,15.180000305175781,17.743900299072266,1522.719970703125,12.0,128.5,110650.984375
2025-09-06 00:00:00+00:00,,,,,,,,110224.6953125
2025-09-07 00:00:00+00:00,,,,,,,,111167.6171875
2025-09-08 00:00:00+00:00,66.0199966430664,97.44999694824219,15.109999656677246,17.60070037841797,1520.9300537109375,12.046917915344238,128.1300048828125,112071.4296875
2025-09-09 00:00:00+00:00,66.38999938964844,97.79000091552734,15.039999961853027,17.46240997314453,1506.0899658203125,12.0600004196167,128.5,111530.546875
2025-09-10 00:00:00+00:00,67.48999786376953,97.77999877929688,15.350000381469727,17.53380012512207,1504.2900390625,12.050000190734863,128.5,113955.359375
2025-09-11 00:00:00+00:00,66.37000274658203,97.54000091552734,14.710000038146973,17.47480010986328,1503.530029296875,12.149999618530273,128.5,115507.5390625
2025-09-12 00:00:00+00:00,66.98999786376953,97.55000305175781,14.760000228881836,17.346599578857422,1503.6400146484375,12.15999984741211,128.5,116101.578125
2025-09-13 00:00:00+00:00,,,,,,,,115950.5078125
2025-09-14 00:00:00+00:00,,,,,,,,115407.65625
2025-09-15 00:00:00+00:00,67.44000244140625,97.30000305175781,15.6899995803833,17.348560333251953,1500.3499755859375,12.182957649230957,128.25,115444.875
2025-09-16 00:00:00+00:00,68.47000122070312,96.62999725341797,16.360000610351562,17.3605899810791,1498.699951171875,12.180000305175781,128.5,116843.1875
2025-09-17 00:00:00+00:00,67.94999694824219,96.87000274658203,15.720000267028809,17.337570190429688,1495.5999755859375,12.199999809265137,128.5,116468.5078125
2025-09-18 00:00:00+00:00,67.44000244140625,97.3499984741211,15.699999809265137,17.375499725341797,1495.81005859375,12.210000038146973,128.5,117137.203125
2025-09-19 00:00:00+00:00,66.68000030517578,97.63999938964844,15.449999809265137,17.340330123901367,1495.030029296875,12.220000267028809,128.5,115688.859375
2025-09-20 00:00:00+00:00,,,,,,,,115721.9609375
2025-09-21 00:00:00+00:00,,,,,,,,115306.09375
2025-09-22 00:00:00+00:00,66.56999969482422,97.33000183105469,16.100000381469727,17.319110870361328,1497.199951171875,12.26492977142334,128.30999755859375,112748.5078125
2025-09-23 00:00:00+00:00,67.62999725341797,97.26000213623047,16.639999389648438,17.330900192260742,1493.8299560546875,12.25,129.0,112014.5
2025-09-24 00:00:00+00:00,69.30999755859375,97.87000274658203,16.18000030517578,17.228099822998047,1488.22998046875,12.25,128.5,113328.6328125
2025-09-25 00:00:00+00:00,69.41999816894531,98.55000305175781,16.739999771118164,17.327280044555664,1489.02001953125,12.300000190734863,128.5,109049.2890625
2025-09-26 00:00:00+00:00,70.12999725341797,98.1500015258789,15.289999961853027,17.422000885009766,1490.6400146484375,12.350000381469727,128.5,109712.828125
2025-09-27 00:00:00+00:00,,,,,,,,109681.9453125
2025-09-28 00:00:00+00:00,,,,,,,,112122.640625
2025-09-29 00:00:00+00:00,67.97000122070312,97.91000366210938,16.1200008392334,17.34040069580078,1485.22998046875,12.334571838378906,128.1999969482422,114400.3828125
2025-09-30 00:00:00+00:00,67.0199966430664,97.7699966430664,16.280000686645508,17.250200271606445,1486.0999755859375,12.359999656677246,129.0,114056.0859375
2025-10-01 00:00:00+00:00,65.3499984741211,97.70999908447266,16.290000915527344,17.27267074584961,1484.5,12.359999656677246,128.5,118648.9296875
2025-10-02 00:00:00+00:00,64.11000061035156,97.8499984741211,16.6299991607666,17.206579208374023,1484.5,12.359999656677246,128.5,120681.2578125
2025-10-03 00:00:00+00:00,64.52999877929688,97.72000122070312,16.649999618530273,17.270299911499023,1476.8699951171875,12.5,129.0,122266.53125
2025-10-04 00:00:00+00:00,,,,,,,,122425.4296875
2025-10-05 00:00:00+00:00,,,,,,,,123513.4765625
2025-10-06 00:00:00+00:00,65.47000122070312,98.11000061035156,16.3700008392334,17.257659912109375,1464.0400390625,12.574421882629395,128.14999389648438,124752.53125
2025-10-07 00:00:00+00:00,65.44999694824219,98.58000183105469,17.239999771118164,17.151199340820312,1471.0999755859375,12.550000190734863,128.5,121451.3828125
2025-10-08 00:00:00+00:00,66.25,98.8499984741211,16.299999237060547,17.209299087524414,1469.550048828125,12.49496078491211,128.4199981689453,123354.8671875
2025-10-09 00:00:00+00:00,65.22000122070312,99.54000091552734,16.43000030517578,17.152050018310547,1471.31005859375,12.40999984741211,128.3000030517578,121705.5859375
2025-10-10 00:00:00+00:00,62.72999954223633,98.9800033569336,21.65999984741211,17.19162940979004,1477.699951171875,12.399999618530273,128.1999969482422,113214.3671875
2025-10-11 00:00:00+00:00,,,,,,,,110807.8828125
2025-10-12 00:00:00+00:00,,,,,,,,115169.765625
2025-10-13 00:00:00+00:00,63.31999969482422,99.2699966430664,19.030000686645508,17.41132926940918,1463.5400390625,12.189154624938965,127.7300033569336,115271.078125
2025-10-14 00:00:00+00:00,62.38999938964844,99.05000305175781,20.809999465942383,17.32033920288086,1460.27001953125,11.936057090759277,128.22999572753906,113118.6640625
2025-10-15 00:00:00+00:00,61.90999984741211,98.79000091552734,20.639999389648438,17.385459899902344,1459.1800537109375,11.949999809265137,128.1999969482422,110783.1640625
2025-10-16 00:00:00+00:00,61.060001373291016,98.38999938964844,25.309999465942383,17.34510040283203,1463.2900390625,11.899999618530273,128.1999969482422,108186.0390625
2025-10-17 00:00:00+00:00,61.290000915527344,98.43000030517578,20.780000686645508,17.335460662841797,1465.5699462890625,11.050000190734863,128.25,106467.7890625
2025-10-18 00:00:00+00:00,,,,,,,,107198.265625
2025-10-19 00:00:00+00:00,,,,,,,,108666.7109375
2025-10-20 00:00:00+00:00,61.0099983215332,98.58999633789062,18.229999542236328,17.3656005859375,1469.3900146484375,10.731024742126465,128.49000549316406,110588.9296875
2025-10-21 00:00:00+00:00,61.31999969482422,98.93000030517578,17.8700008392334,17.217859268188477,1466.6400146484375,10.710000038146973,128.1999969482422,108476.890625
2025-10-22 00:00:00+00:00,62.59000015258789,98.9000015258789,18.600000381469727,17.38779067993164,1465.6199951171875,10.699999809265137,129.0,107688.5859375
2025-10-23 00:00:00+00:00,65.98999786376953,98.94000244140625,17.299999237060547,17.415790557861328,1463.050048828125,10.751522064208984,127.81999969482422,110069.7265625
2025-10-24 00:00:00+00:00,65.94000244140625,98.94999694824219,16.3700008392334,17.32200050354004,1460.75,10.785778999328613,127.98999786376953,111033.921875
2025-10-25 00:00:00+00:00,,,,,,,,111641.7265625
2025-10-26 00:00:00+00:00,,,,,,,,114472.4453125
2025-10-27 00:00:00+00:00,65.62000274658203,98.77999877929688,15.789999961853027,17.199499130249023,1459.72998046875,10.763237953186035,127.51669311523438,114119.328125
2025-10-28 00:00:00+00:00,64.4000015258789,98.69000244140625,16.420000076293945,17.21092987060547,1457.75,10.836194038391113,128.2899932861328,112956.1640625
2025-10-29 00:00:00+00:00,64.91999816894531,99.22000122070312,16.920000076293945,17.14674949645996,1456.22998046875,10.850000381469727,128.1999969482422,110055.3046875
2025-10-30 00:00:00+00:00,65.0,99.52999877929688,16.90999984741211,17.162700653076172,1452.5,10.850000381469727,128.3000030517578,108305.546875
2025-10-31 00:00:00+00:00,65.06999969482422,99.80000305175781,17.440000534057617,17.275890350341797,1445.6600341796875,10.800000190734863,128.1999969482422,109556.1640625
2025-11-01 00:00:00+00:00,,,,,,,,110064.015625
2025-11-02 00:00:00+00:00,,,,,,,,110639.625
2025-11-03 00:00:00+00:00,64.88999938964844,99.87000274658203,17.170000076293945,17.28927993774414,1446.6600341796875,10.847881317138672,127.54859924316406,106547.5234375
2025-11-04 00:00:00+00:00,64.44000244140625,100.22000122070312,19.0,17.29412078857422,1441.9300537109375,10.899999618530273,128.1999969482422,101590.5234375
2025-11-05 00:00:00+00:00,63.52000045776367,100.19999694824219,18.010000228881836,17.491039276123047,1442.260009765625,10.90999984741211,129.0,103891.8359375
2025-11-06 00:00:00+00:00,63.380001068115234,99.7300033569336,19.5,17.399799346923828,1441.9599609375,10.899999618530273,128.25,101301.2890625
2025-11-07 00:00:00+00:00,63.630001068115234,99.5999984741211,19.079999923706055,17.353029251098633,1437.6700439453125,10.920000076293945,128.14999389648438,103372.40625
2025-11-08 00:00:00+00:00,,,,,,,,102282.1171875
2025-11-09 00:00:00+00:00,,,,,,,,104719.640625
2025-11-10 00:00:00+00:00,64.05999755859375,99.62000274658203,17.600000381469727,17.30554962158203,1435.5,10.897624015808105,127.91360473632812,105996.59375
2025-11-11 00:00:00+00:00,65.16000366210938,99.45999908447266,17.280000686645508,17.145610809326172,1437.3599853515625,10.923043251037598,128.1999969482422,102997.46875
2025-11-12 00:00:00+00:00,62.709999084472656,99.4800033569336,17.510000228881836,17.15203094482422,1435.8900146484375,10.923760414123535,128.25,101663.1875
2025-11-13 00:00:00+00:00,63.0099983215332,99.18000030517578,20.0,17.087230682373047,1441.8299560546875,10.9399995803833,128.25,99697.4921875
2025-11-14 00:00:00+00:00,64.38999938964844,99.2699966430664,19.829999923706055,17.038570404052734,1440.8299560546875,10.899999618530273,128.25,94397.7890625
2025-11-15 00:00:00+00:00,,,,,,,,95549.1484375
2025-11-16 00:00:00+00:00,,,,,,,,94177.078125
2025-11-17 00:00:00+00:00,64.19999694824219,99.58999633789062,22.3799991607666,17.08218002319336,1440.280029296875,10.922540664672852,127.99449157714844,92093.875
2025-11-18 00:00:00+00:00,64.88999938964844,99.55000305175781,24.690000534057617,17.171049118041992,1444.550048828125,10.970000267028809,128.25,92948.875
2025-11-19 00:00:00+00:00,63.5099983215332,100.2300033569336,23.65999984741211,17.166799545288086,1444.0,10.979999542236328,128.75,91465.9921875
2025-11-20 00:00:00+00:00,63.380001068115234,100.16000366210938,26.420000076293945,17.178800582885742,1450.6400146484375,11.0,129.0,86631.8984375
2025-11-21 00:00:00+00:00,62.560001373291016,100.18000030517578,23.43000030517578,17.212350845336914,1454.06005859375,11.059911727905273,128.64999389648438,85090.6875
2025-11-22 00:00:00+00:00,,,,,,,,84648.359375
2025-11-23 00:00:00+00:00,,,,,,,,86805.0078125
2025-11-24 00:00:00+00:00,63.369998931884766,100.13999938964844,20.520000457763672,17.36482048034668,1451.9200439453125,11.089882850646973,127.99826049804688,88270.5625
2025-11-25 00:00:00+00:00,62.47999954223633,99.66000366210938,18.559999465942383,17.291170120239258,1454.25,11.109999656677246,128.64999389648438,87341.890625
2025-11-26 00:00:00+00:00,63.130001068115234,99.5999984741211,17.190000534057617,17.20210075378418,1448.81005859375,11.073077201843262,128.22999572753906,90518.3671875
2025-11-27 00:00:00+00:00,,,,17.131099700927734,1446.52001953125,11.100000381469727,128.8000030517578,91285.375
2025-11-28 00:00:00+00:00,63.20000076293945,99.45999908447266,16.350000381469727,17.140869140625,1444.52001953125,11.202733993530273,128.8000030517578,90919.265625
2025-11-29 00:00:00+00:00,,,,,,,,90851.7578125
2025-11-30 00:00:00+00:00,,,,,,,,90394.3125
2025-12-01 00:00:00+00:00,63.16999816894531,99.41000366210938,17.239999771118164,17.109420776367188,1446.6700439453125,11.276457786560059,127.83549499511719,86321.5703125
2025-12-02 00:00:00+00:00,62.45000076293945,99.36000061035156,16.59000015258789,17.0743408203125,1446.449951171875,11.3100004196167,128.3000030517578,91350.203125
2025-12-03 00:00:00+00:00,62.66999816894531,98.8499984741211,16.079999923706055,17.09333038330078,1446.739990234375,11.350000381469727,128.25,93527.8046875
2025-12-04 00:00:00+00:00,63.2599983215332,98.98999786376953,15.779999732971191,17.032760620117188,1447.699951171875,11.380000114440918,128.39999389648438,92141.625
2025-12-05 00:00:00+00:00,63.75,98.98999786376953,15.40999984741211,16.98200035095215,1446.8599853515625,11.399999618530273,128.39999389648438,89387.7578125
2025-12-06 00:00:00+00:00,,,,,,,,89272.375
2025-12-07 00:00:00+00:00,,,,,,,,90405.640625
2025-12-08 00:00:00+00:00,62.4900016784668,99.08999633789062,16.65999984741211,16.93058967590332,1449.5799560546875,11.351920127868652,128.04498291015625,90640.203125
2025-12-09 00:00:00+00:00,61.939998626708984,99.22000122070312,16.93000030517578,17.025800704956055,1450.6199951171875,11.40999984741211,129.14999389648438,92691.7109375
2025-12-10 00:00:00+00:00,62.209999084472656,98.79000091552734,15.770000457763672,17.02790069580078,1450.800048828125,11.399999618530273,128.25,92020.9453125
2025-12-11 00:00:00+00:00,61.279998779296875,98.3499984741211,14.850000381469727,16.922800064086914,1448.4100341796875,11.402180671691895,127.63999938964844,92511.3359375
2025-12-12 00:00:00+00:00,61.119998931884766,98.4000015258789,15.739999771118164,16.851699829101562,1452.1500244140625,11.449999809265137,127.9000015258789,90270.4140625
2025-12-13 00:00:00+00:00,,,,,,,,90298.7109375
2025-12-14 00:00:00+00:00,,,,,,,,88175.1796875
2025-12-15 00:00:00+00:00,60.560001373291016,98.1500015258789,16.5,16.858869552612305,1452.0699462890625,11.440126419067383,127.4700927734375,86419.78125
2025-12-16 00:00:00+00:00,58.91999816894531,98.1500015258789,16.479999542236328,16.782529830932617,1451.5999755859375,11.479999542236328,127.91000366210938,87843.984375
2025-12-17 00:00:00+00:00,59.68000030517578,98.37000274658203,17.6200008392334,16.73332977294922,1452.77001953125,11.5,127.9000015258789,86143.7578125
2025-12-18 00:00:00+00:00,59.81999969482422,98.43000030517578,16.8700008392334,16.766679763793945,1452.6700439453125,11.5,127.9000015258789,85462.5078125
2025-12-19 00:00:00+00:00,60.470001220703125,98.5999984741211,14.90999984741211,16.71702003479004,1457.3800048828125,11.5,128.8000030517578,88103.3828125
2025-12-20 00:00:00+00:00,,,,,,,,88344.0
2025-12-21 00:00:00+00:00,,,,,,,,88621.75
2025-12-22 00:00:00+00:00,62.06999969482422,98.29000091552734,14.079999923706055,16.74496078491211,1459.6600341796875,11.464924812316895,127.6290512084961,88490.015625
2025-12-23 00:00:00+00:00,62.380001068115234,97.94000244140625,14.0,16.696500778198242,1459.3199462890625,11.449999809265137,128.8000030517578,87414.0
2025-12-24 00:00:00+00:00,62.2400016784668,97.9800033569336,13.470000267028809,16.668699264526367,1460.25,11.460000038146973,127.9000015258789,87611.9609375
2025-12-25 00:00:00+00:00,,,,,,,,87234.7421875
2025-12-26 00:00:00+00:00,60.63999938964844,98.0199966430664,13.600000381469727,16.627199172973633,1449.949951171875,11.460000038146973,127.94999694824219,87301.4296875
2025-12-27 00:00:00+00:00,,,,,,,,87802.15625
2025-12-28 00:00:00+00:00,,,,,,,,87835.8359375
2025-12-29 00:00:00+00:00,61.939998626708984,98.04000091552734,14.199999809265137,16.65920066833496,1450.5899658203125,11.105551719665527,127.94999694824219,87138.140625
2025-12-30 00:00:00+00:00,61.91999816894531,98.23999786376953,14.329999923706055,16.672700881958008,1454.9000244140625,11.300000190734863,127.9000015258789,88430.1328125
2025-12-31 00:00:00+00:00,60.849998474121094,98.27999877929688,14.949999809265137,16.58547019958496,1456.9200439453125,10.899999618530273,128.0,87508.828125
2026-01-01 00:00:00+00:00,,,,,,,,88731.984375
2026-01-02 00:00:00+00:00,60.75,98.41999816894531,14.510000228881836,16.551599502563477,1444.8699951171875,10.486769676208496,128.08999633789062,89944.6953125
2026-01-03 00:00:00+00:00,,,,,,,,90603.1875
2026-01-04 00:00:00+00:00,,,,,,,,91413.4921875
2026-01-05 00:00:00+00:00,61.7599983215332,98.2699966430664,14.899999618530273,16.49650001525879,1433.8699951171875,10.463086128234863,127.8299789428711,93882.5546875
2026-01-06 00:00:00+00:00,60.70000076293945,98.58000183105469,14.75,16.359729766845703,1433.199951171875,10.399999618530273,128.0,93729.03125
2026-01-07 00:00:00+00:00,59.959999084472656,98.68000030517578,15.380000114440918,16.35487937927246,1424.3499755859375,10.630000114440918,128.00999450683594,91308.0546875
2026-01-08 00:00:00+00:00,61.9900016784668,98.93000030517578,15.449999809265137,16.446640014648438,1423.5799560546875,10.699999809265137,128.89999389648438,91027.125
2026-01-09 00:00:00+00:00,63.34000015258789,99.12999725341797,14.489999771118164,16.512060165405273,1424.3399658203125,10.699999809265137,128.0,90513.1015625
2026-01-10 00:00:00+00:00,,,,,,,,90386.6484375
2026-01-11 00:00:00+00:00,,,,,,,,90827.4609375
2026-01-12 00:00:00+00:00,63.869998931884766,98.86000061035156,15.119999885559082,16.474519729614258,1428.93994140625,10.707687377929688,127.81334686279297,91192.9921875
2026-01-13 00:00:00+00:00,65.47000122070312,99.12999725341797,15.979999542236328,16.37459945678711,1423.739990234375,10.707873344421387,128.11000061035156,95321.78125
2026-01-14 00:00:00+00:00,66.5199966430664,99.12999725341797,16.75,16.38578987121582,1421.75,10.75,128.89999389648438,96929.328125
2026-01-15 00:00:00+00:00,63.7599983215332,99.31999969482422,15.84000015258789,16.38875961303711,1421.75,10.800000190734863,128.89999389648438,95551.1875
2026-01-16 00:00:00+00:00,64.12999725341797,99.38999938964844,15.859999656677246,16.3302001953125,1422.5,10.800000190734863,128.0,95525.1171875
2026-01-17 00:00:00+00:00,,,,,,,,95099.921875
2026-01-18 00:00:00+00:00,,,,,,,,93634.4296875
2026-01-19 00:00:00+00:00,,,,16.408000946044922,1418.3299560546875,10.826763153076172,127.8617935180664,92553.59375
2026-01-20 00:00:00+00:00,64.91999816894531,98.63999938964844,20.09000015258789,16.370819091796875,1418.8699951171875,10.779885292053223,127.95999908447266,88310.90625
2026-01-21 00:00:00+00:00,65.23999786376953,98.76000213623047,16.899999618530273,16.41029930114746,1418.0799560546875,10.819999694824219,127.94999694824219,89376.9609375
2026-01-22 00:00:00+00:00,64.05999755859375,98.36000061035156,15.640000343322754,16.262710571289062,1418.8699951171875,10.850000381469727,128.0,89462.453125
2026-01-23 00:00:00+00:00,65.87999725341797,97.5999984741211,16.09000015258789,16.12579917907715,1419.6300048828125,10.850000381469727,128.89999389648438,89503.875
2026-01-24 00:00:00+00:00,,,,,,,,89110.734375
2026-01-25 00:00:00+00:00,,,,,,,,86572.21875
2026-01-26 00:00:00+00:00,65.58999633789062,97.04000091552734,16.149999618530273,16.04631996154785,1420.56005859375,10.795112609863281,126.63482666015625,88267.140625
2026-01-27 00:00:00+00:00,67.56999969482422,96.22000122070312,16.350000381469727,16.014999389648438,1412.6199951171875,10.866525650024414,127.79000091552734,89102.5703125
2026-01-28 00:00:00+00:00,68.4000015258789,96.44999694824219,16.350000381469727,15.857760429382324,1406.719970703125,10.90999984741211,128.22999572753906,89184.5703125
2026-01-29 00:00:00+00:00,70.70999908447266,96.27999877929688,16.8799991607666,15.710020065307617,1393.9599609375,10.903806686401367,128.0,84561.5859375
2026-01-30 00:00:00+00:00,70.69000244140625,96.98999786376953,17.440000534057617,15.7183198928833,1387.5699462890625,10.930000305175781,128.07000732421875,84128.65625
2026-01-31 00:00:00+00:00,,,,,,,,78621.1171875
2026-02-01 00:00:00+00:00,,,,,,,,76974.4453125
2026-02-02 00:00:00+00:00,66.30000305175781,97.61000061035156,16.34000015258789,16.137269973754883,1385.97998046875,11.021130561828613,128.8708953857422,78688.765625
2026-02-03 00:00:00+00:00,67.33000183105469,97.44000244140625,18.0,16.053630828857422,1390.5,10.930000305175781,128.1300048828125,75633.546875
2026-02-04 00:00:00+00:00,69.45999908447266,97.62000274658203,18.639999389648438,15.931839942932129,1391.3599853515625,10.920000076293945,128.89999389648438,73019.703125
2026-02-05 00:00:00+00:00,67.55000305175781,97.81999969482422,21.770000457763672,16.07012939453125,1368.06005859375,10.953420639038086,127.94999694824219,62702.09765625
2026-02-06 00:00:00+00:00,68.05000305175781,97.62999725341797,20.3700008392334,16.241300582885742,1366.5999755859375,10.949999809265137,128.89999389648438,70555.390625
2026-02-07 00:00:00+00:00,,,,,,,,69281.96875
2026-02-08 00:00:00+00:00,,,,,,,,70264.7265625
2026-02-09 00:00:00+00:00,69.04000091552734,96.81999969482422,17.360000610351562,15.992159843444824,1366.47998046875,10.936614990234375,127.3542251586914,70120.78125
2026-02-10 00:00:00+00:00,68.80000305175781,96.80000305175781,17.790000915527344,15.894000053405762,1361.469970703125,10.989999771118164,128.0,68793.9609375
2026-02-11 00:00:00+00:00,69.4000015258789,96.83000183105469,17.649999618530273,15.92609977722168,1352.75,10.978769302368164,127.83999633789062,66991.96875
2026-02-12 00:00:00+00:00,67.5199966430664,96.93000030517578,20.81999969482422,15.869400024414062,1351.0799560546875,10.960000038146973,128.89999389648438,66221.84375
2026-02-13 00:00:00+00:00,67.75,96.87999725341797,20.600000381469727,15.947830200195312,1352.530029296875,10.989999771118164,128.0,68857.84375
2026-02-14 00:00:00+00:00,,,,,,,,69767.625
2026-02-15 00:00:00+00:00,,,,,,,,68788.1875
2026-02-16 00:00:00+00:00,,,,15.928319931030273,1352.9000244140625,10.97249698638916,127.5491714477539,68843.15625
2026-02-17 00:00:00+00:00,67.41999816894531,97.16000366210938,20.290000915527344,15.95740032196045,1350.6800537109375,10.976983070373535,128.02999877929688,67494.21875
2026-02-18 00:00:00+00:00,70.3499984741211,97.69999694824219,19.6200008392334,16.025100708007812,1345.010009765625,10.956117630004883,127.79000091552734,66425.3203125
2026-02-19 00:00:00+00:00,71.66000366210938,97.93000030517578,20.229999542236328,16.06279945373535,1339.5,10.989999771118164,128.0,66957.5234375
2026-02-20 00:00:00+00:00,71.76000213623047,97.80000305175781,19.09000015258789,16.13558006286621,1342.5699462890625,10.989999771118164,128.0,68005.421875
2026-02-21 00:00:00+00:00,,,,,,,,68003.765625
2026-02-22 00:00:00+00:00,,,,,,,,67659.390625
2026-02-23 00:00:00+00:00,71.48999786376953,97.69999694824219,21.010000228881836,15.961400032043457,1342.6800537109375,10.944164276123047,127.3413314819336,64616.73828125
2026-02-24 00:00:00+00:00,70.7699966430664,97.87999725341797,19.549999237060547,15.999580383300781,1343.31005859375,10.941010475158691,127.58000183105469,64080.04296875
2026-02-25 00:00:00+00:00,70.8499984741211,97.69999694824219,17.93000030517578,15.951399803161621,1350.6300048828125,10.76024055480957,128.02000427246094,67960.125
2026-02-26 00:00:00+00:00,70.75,97.79000091552734,18.6299991607666,15.843179702758789,1350.6199951171875,10.607112884521484,127.56999969482422,67453.7734375
2026-02-27 00:00:00+00:00,72.4800033569336,97.61000061035156,19.860000610351562,15.9173002243042,1354.75,10.630000114440918,128.89999389648438,65881.796875
2026-02-28 00:00:00+00:00,,,,,,,,66995.859375
2026-03-01 00:00:00+00:00,,,,,,,,65738.1015625
2026-03-02 00:00:00+00:00,77.73999786376953,98.37999725341797,21.440000534057617,16.059579849243164,1361.93994140625,10.621431350708008,127.46732330322266,68775.8515625
2026-03-03 00:00:00+00:00,81.4000015258789,99.05000305175781,23.56999969482422,16.07469940185547,1370.3199462890625,10.699999809265137,128.0,68293.6484375
2026-03-04 00:00:00+00:00,81.4000015258789,98.7699966430664,21.149999618530273,16.481090545654297,1378.550048828125,10.75,128.1300048828125,72710.578125
2026-03-05 00:00:00+00:00,85.41000366210938,99.31999969482422,23.75,16.314889907836914,1382.3699951171875,10.75,128.1999969482422,70841.125
2026-03-06 00:00:00+00:00,92.69000244140625,98.98999786376953,29.489999771118164,16.622779846191406,1384.800048828125,10.758095741271973,128.24000549316406,68136.4921875
2026-03-07 00:00:00+00:00,,,,,,,,67272.59375
2026-03-08 00:00:00+00:00,,,,,,,,65969.78125
2026-03-09 00:00:00+00:00,98.95999908447266,99.18000030517578,25.5,16.769359588623047,1387.0,10.741106986999512,127.17105865478516,68402.3828125
2026-03-10 00:00:00+00:00,87.80000305175781,98.83000183105469,24.93000030517578,16.32908058166504,1397.739990234375,10.760000228881836,129.1999969482422,69926.921875
2026-03-11 00:00:00+00:00,91.9800033569336,99.2300033569336,24.229999542236328,16.281810760498047,1396.5,10.800000190734863,128.25,70204.8828125
2026-03-12 00:00:00+00:00,100.45999908447266,99.73999786376953,27.290000915527344,16.57607078552246,1394.0,10.819999694824219,128.1999969482422,70493.4609375
2026-03-13 00:00:00+00:00,103.13999938964844,100.36000061035156,27.190000534057617,16.756179809570312,1398.239990234375,10.851461410522461,128.61000061035156,70968.265625
2026-03-14 00:00:00+00:00,,,,,,,,71214.625
2026-03-15 00:00:00+00:00,,,,,,,,72789.9140625
2026-03-16 00:00:00+00:00,100.20999908447266,99.70999908447266,23.510000228881836,16.8702392578125,1385.0,10.837437629699707,128.02650451660156,74861.0859375
2026-03-17 00:00:00+00:00,103.41999816894531,99.58000183105469,22.3700008392334,16.669099807739258,1368.25,10.859999656677246,128.39999389648438,73922.4765625
2026-03-18 00:00:00+00:00,107.37999725341797,100.08999633789062,25.09000015258789,16.67259979248047,1352.3800048828125,10.869999885559082,128.5500030517578,71245.578125
2026-03-19 00:00:00+00:00,108.6500015258789,99.2300033569336,24.059999465942383,16.964399337768555,1355.030029296875,10.890000343322754,128.5500030517578,69912.7890625
2026-03-20 00:00:00+00:00,112.19000244140625,99.6500015258789,26.780000686645508,16.722700119018555,1357.0,10.890000343322754,128.60000610351562,70522.5859375
2026-03-21 00:00:00+00:00,,,,,,,,68711.5234375
2026-03-22 00:00:00+00:00,,,,,,,,67845.2109375
2026-03-23 00:00:00+00:00,99.94000244140625,98.94999694824219,26.149999618530273,17.07794952392578,1355.75,10.860544204711914,128.03347778320312,70914.859375
2026-03-24 00:00:00+00:00,104.48999786376953,99.43000030517578,26.950000762939453,16.833229064941406,1377.25,10.890000343322754,128.5,70517.859375
2026-03-25 00:00:00+00:00,102.22000122070312,99.5999984741211,25.329999923706055,16.906160354614258,1374.760009765625,10.883129119873047,128.35000610351562,71309.8828125
2026-03-26 00:00:00+00:00,108.01000213623047,99.9000015258789,27.440000534057617,16.977649688720703,1383.18994140625,10.9399995803833,128.75,68791.625
2026-03-27 00:00:00+00:00,112.56999969482422,100.1500015258789,31.049999237060547,17.077749252319336,1383.97998046875,10.899036407470703,128.7100067138672,66338.375
2026-03-28 00:00:00+00:00,,,,,,,,66319.6953125
2026-03-29 00:00:00+00:00,,,,,,,,65954.921875
2026-03-30 00:00:00+00:00,112.77999877929688,100.51000213623047,30.610000610351562,17.157400131225586,1378.0,10.899484634399414,128.64999389648438,66691.4453125
2026-03-31 00:00:00+00:00,118.3499984741211,99.95999908447266,25.25,17.19087028503418,1385.0999755859375,10.98622989654541,129.2899932861328,68233.3125
2026-04-01 00:00:00+00:00,101.16000366210938,99.6500015258789,24.540000915527344,16.865190505981445,1384.77001953125,10.989999771118164,129.0,68078.5546875
2026-04-02 00:00:00+00:00,109.02999877929688,100.02999877929688,23.8700008392334,16.81753921508789,1379.530029296875,10.979999542236328,129.0500030517578,66888.5703125
2026-04-03 00:00:00+00:00,,,,16.93515968322754,1380.719970703125,11.0,129.10000610351562,66931.1015625
2026-04-04 00:00:00+00:00,,,,,,,,67290.515625
2026-04-05 00:00:00+00:00,,,,,,,,68981.8984375
2026-04-06 00:00:00+00:00,109.7699966430664,99.9800033569336,24.170000076293945,16.969289779663086,1377.300048828125,11.0,128.8000030517578,68859.828125
2026-04-07 00:00:00+00:00,109.2699966430664,99.63999938964844,25.780000686645508,16.86086082458496,1378.5999755859375,11.0,130.0,71940.703125
2026-04-08 00:00:00+00:00,94.75,99.12999725341797,21.040000915527344,16.44658088684082,1382.8399658203125,10.990066528320312,129.0500030517578,71123.359375
2026-04-09 00:00:00+00:00,95.91999816894531,98.81999969482422,19.489999771118164,16.41822052001953,1378.47998046875,11.0,129.25,71767.828125
2026-04-10 00:00:00+00:00,95.19999694824219,98.6500015258789,19.229999542236328,16.377939224243164,1361.219970703125,11.0,129.10000610351562,72979.046875
2026-04-11 00:00:00+00:00,,,,,,,,73054.2734375
2026-04-12 00:00:00+00:00,,,,,,,,70753.40625
2026-04-13 00:00:00+00:00,99.36000061035156,98.37000274658203,19.1200008392334,16.547779083251953,1357.8399658203125,10.967137336730957,128.2100067138672,74484.640625
2026-04-14 00:00:00+00:00,94.79000091552734,98.12000274658203,18.360000610351562,16.38050079345703,1356.81005859375,11.010000228881836,128.5,74181.609375
2026-04-15 00:00:00+00:00,94.93000030517578,98.05999755859375,18.170000076293945,16.319080352783203,1351.3599853515625,11.039999961853027,128.3000030517578,74805.078125
2026-04-16 00:00:00+00:00,99.38999938964844,98.22000122070312,17.940000534057617,16.350000381469727,1344.1800537109375,11.039999961853027,128.1999969482422,75152.1328125
2026-04-17 00:00:00+00:00,90.37999725341797,98.0999984741211,17.479999542236328,16.39929962158203,1340.3800048828125,11.002928733825684,128.24000549316406,77126.875
2026-04-18 00:00:00+00:00,,,,,,,,75726.2109375
2026-04-19 00:00:00+00:00,,,,,,,,73856.3515625
2026-04-20 00:00:00+00:00,95.4800033569336,98.05000305175781,18.8700008392334,16.417299270629883,1348.31005859375,11.07487964630127,128.3300018310547,75872.5234375
2026-04-21 00:00:00+00:00,98.4800033569336,98.41000366210938,19.5,16.354000091552734,1345.199951171875,11.0600004196167,128.14999389648438,76352.7734375
2026-04-22 00:00:00+00:00,101.91000366210938,98.58999633789062,18.920000076293945,16.466339111328125,1346.760009765625,11.0600004196167,128.10000610351562,78203.1015625
2026-04-23 00:00:00+00:00,105.06999969482422,98.80000305175781,19.309999465942383,16.462299346923828,1347.260009765625,11.069999694824219,128.11000061035156,78268.953125
2026-04-24 00:00:00+00:00,105.33000183105469,98.51000213623047,18.709999084472656,16.626039505004883,1350.8199462890625,11.079999923706055,128.3000030517578,77455.3125
2026-04-25 00:00:00+00:00,,,,,,,,77612.015625
2026-04-26 00:00:00+00:00,,,,,,,,78657.5390625
2026-04-27 00:00:00+00:00,108.2300033569336,98.4800033569336,18.020000457763672,16.586389541625977,1351.6700439453125,11.06248664855957,128.08999633789062,77366.625
2026-04-28 00:00:00+00:00,111.26000213623047,98.62000274658203,17.829999923706055,16.527799606323242,1358.72998046875,11.09622859954834,128.1351318359375,76350.671875
2026-04-29 00:00:00+00:00,118.02999877929688,98.91999816894531,18.809999465942383,16.528060913085938,1374.469970703125,11.130000114440918,128.10000610351562,75776.1328125
2026-04-30 00:00:00+00:00,114.01000213623047,98.08000183105469,16.889999389648438,16.80573081970215,1374.5699462890625,11.180000305175781,128.1300048828125,76304.3203125
2026-05-01 00:00:00+00:00,108.16999816894531,98.20999908447266,16.989999771118164,16.66659927368164,1374.739990234375,11.180000305175781,129.0500030517578,78179.0
2026-05-02 00:00:00+00:00,,,,,,,,78657.25
2026-05-03 00:00:00+00:00,,,,,,,,78538.2265625
2026-05-04 00:00:00+00:00,114.44000244140625,98.47000122070312,18.290000915527344,16.57720947265625,1375.5,11.1899995803833,128.14999389648438,79827.90625
2026-05-05 00:00:00+00:00,109.87000274658203,98.4800033569336,17.3799991607666,16.788000106811523,1370.4300537109375,11.1899995803833,128.17999267578125,80927.0546875
2026-05-06 00:00:00+00:00,101.2699966430664,98.0199966430664,17.389999389648438,16.576229095458984,1366.6600341796875,11.185946464538574,128.1199951171875,81427.53125
2026-05-07 00:00:00+00:00,100.05999755859375,98.25,17.079999923706055,16.399499893188477,1361.489990234375,11.239999771118164,128.17999267578125,80009.9921875
2026-05-08 00:00:00+00:00,101.29000091552734,97.83999633789062,17.190000534057617,16.43829917907715,1359.5999755859375,11.247881889343262,128.32000732421875,80186.765625
2026-05-09 00:00:00+00:00,,,,,,,,80664.3671875
2026-05-10 00:00:00+00:00,,,,,,,,82138.9296875
2026-05-11 00:00:00+00:00,104.20999908447266,97.94000244140625,18.3799991607666,16.42591094970703,1356.5,11.213598251342773,127.8499984741211,81728.296875
2026-05-12 00:00:00+00:00,107.7699966430664,98.29000091552734,17.989999771118164,16.430599212646484,1366.9300537109375,11.279999732971191,128.14999389648438,80477.4921875
2026-05-13 00:00:00+00:00,105.62999725341797,98.4800033569336,17.8700008392334,16.511629104614258,1370.239990234375,11.26978874206543,128.16000366210938,79277.1171875
2026-05-14 00:00:00+00:00,105.72000122070312,98.87999725341797,17.260000228881836,16.3870906829834,1369.97998046875,11.289999961853027,128.17999267578125,81051.25
2026-05-15 00:00:00+00:00,109.26000213623047,99.2699966430664,18.43000030517578,16.484399795532227,1368.6700439453125,11.399999618530273,128.25,79065.6796875
2026-05-16 00:00:00+00:00,,,,,,,,78131.4375
2026-05-17 00:00:00+00:00,,,,,,,,77429.3515625
2026-05-18 00:00:00+00:00,112.0999984741211,98.97000122070312,17.81999969482422,16.71363067626953,1372.239990234375,11.435943603515625,128.27000427246094,76954.171875
2026-05-19 00:00:00+00:00,111.27999877929688,99.30000305175781,18.059999465942383,16.572799682617188,1370.760009765625,11.430000305175781,128.25999450683594,76750.90625
2026-05-20 00:00:00+00:00,105.0199966430664,99.11000061035156,17.440000534057617,16.696609497070312,1371.8399658203125,11.430000305175781,128.39999389648438,77457.7734375
2026-05-21 00:00:00+00:00,102.58000183105469,99.19000244140625,16.760000228881836,16.457679748535156,1370.75,11.539999961853027,128.4600067138672,77539.171875
2026-05-22 00:00:00+00:00,103.54000091552734,99.31999969482422,16.700000762939453,16.43720054626465,1369.550048828125,11.600000381469727,128.44000244140625,75488.2421875
2026-05-23 00:00:00+00:00,,,,,,,,76673.3671875
2026-05-24 00:00:00+00:00,,,,,,,,76981.125
2026-05-25 00:00:00+00:00,,,16.59000015258789,16.34756088256836,1367.1300048828125,11.547250747680664,128.5,77279.9296875
2026-05-26 00:00:00+00:00,99.58000183105469,99.16999816894531,17.010000228881836,16.31053924560547,1370.449951171875,11.588539123535156,128.55999755859375,75825.734375
2026-05-27 00:00:00+00:00,94.29000091552734,99.20999908447266,16.290000915527344,16.361759185791016,1372.1400146484375,11.649999618530273,128.5500030517578,74344.703125
2026-05-28 00:00:00+00:00,93.70999908447266,99.0199966430664,15.739999771118164,16.36949920654297,1373.4100341796875,11.649999618530273,128.5500030517578,73536.5546875
2026-05-29 00:00:00+00:00,92.05000305175781,98.91000366210938,15.319999694824219,16.21923065185547,1373.25,11.710000038146973,128.50999450683594,73372.5234375
2026-05-30 00:00:00+00:00,,,,,,,,73754.8359375
2026-05-31 00:00:00+00:00,,,,,,,,73579.6875
2026-06-01 00:00:00+00:00,94.9800033569336,99.19999694824219,16.049999237060547,16.22995948791504,1371.0,11.729999542236328,128.41000366210938,71319.7734375
2026-06-02 00:00:00+00:00,96.0,99.22000122070312,15.770000457763672,16.292980194091797,1370.050048828125,11.75,128.42999267578125,66703.65625
2026-06-03 00:00:00+00:00,97.80999755859375,99.52999877929688,16.059999465942383,16.253400802612305,1369.780029296875,11.770000457763672,128.44000244140625,64014.3671875
2026-06-04 00:00:00+00:00,95.02999877929688,99.41000366210938,15.399999618530273,16.339099884033203,1366.27001953125,11.779999732971191,128.41000366210938,63801.57421875
2026-06-05 00:00:00+00:00,93.08999633789062,100.06999969482422,21.510000228881836,16.306900024414062,1360.5,11.800000190734863,128.36000061035156,60922.66796875
2026-06-06 00:00:00+00:00,,,,,,,,60867.4140625
2026-06-07 00:00:00+00:00,,,,,,,,63239.51953125
2026-06-08 00:00:00+00:00,94.25,100.05000305175781,18.920000076293945,16.5575008392334,1359.9200439453125,11.800000190734863,128.35000610351562,63090.58984375
2026-06-09 00:00:00+00:00,91.44999694824219,99.91000366210938,19.8700008392334,16.526100158691406,1360.6300048828125,11.800000190734863,128.3800048828125,61643.78125
2026-06-10 00:00:00+00:00,93.0999984741211,99.94999694824219,22.219999313354492,16.448699951171875,1359.3399658203125,11.600000381469727,128.36000061035156,61449.2890625
2026-06-11 00:00:00+00:00,90.37999725341797,99.86000061035156,19.440000534057617,16.582679748535156,1360.3399658203125,11.632821083068848,128.41000366210938,63561.0546875
2026-06-12 00:00:00+00:00,87.33000183105469,99.75,17.68000030517578,16.280500411987305,1361.0400390625,11.0,128.55999755859375,63543.19921875
2026-06-13 00:00:00+00:00,,,,,,,,64421.32421875
2026-06-14 00:00:00+00:00,,,,,,,,65710.3984375
2026-06-15 00:00:00+00:00,83.16999816894531,99.62999725341797,16.200000762939453,16.168399810791016,1360.199951171875,11.07684326171875,128.5,66289.5
2026-06-16 00:00:00+00:00,78.95999908447266,99.54000091552734,16.40999984741211,16.184349060058594,1358.18994140625,11.079910278320312,128.4199981689453,65600.640625
2026-06-17 00:00:00+00:00,79.55000305175781,100.08999633789062,18.440000534057617,16.188600540161133,1359.219970703125,11.199999809265137,128.4199981689453,64418.4453125
2026-06-18 00:00:00+00:00,79.8499984741211,100.8499984741211,16.399999618530273,16.363759994506836,1358.1800537109375,11.182465553283691,128.49000549316406,62896.47265625
2026-06-19 00:00:00+00:00,,,,16.44029998779297,1360.1199951171875,11.149999618530273,128.4499969482422,63540.8359375
2026-06-20 00:00:00+00:00,,,,,,,,64239.67578125
2026-06-21 00:00:00+00:00,,,,,,,,63237.5390625
2026-06-22 00:00:00+00:00,77.9000015258789,101.0199966430664,17.280000686645508,16.45012092590332,1362.0899658203125,11.168445587158203,128.4600067138672,63952.10546875
2026-06-23 00:00:00+00:00,77.08000183105469,101.41000366210938,19.489999771118164,16.394500732421875,1366.1500244140625,11.199999809265137,128.4199981689453,62668.01953125
2026-06-24 00:00:00+00:00,73.73999786376953,101.61000061035156,18.6299991607666,16.536699295043945,1369.6199951171875,11.224678039550781,128.4499969482422,60995.1328125
2026-06-25 00:00:00+00:00,75.26000213623047,101.43000030517578,18.889999389648438,16.56439971923828,1373.5999755859375,11.177736282348633,128.52999877929688,59721.67578125
2026-06-26 00:00:00+00:00,71.98999786376953,101.36000061035156,18.40999984741211,16.501380920410156,1374.6700439453125,11.19692611694336,128.52999877929688,60016.4296875
2026-06-27 00:00:00+00:00,,,,,,,,59940.09765625
2026-06-28 00:00:00+00:00,,,,,,,,59532.33984375
2026-06-29 00:00:00+00:00,73.1500015258789,101.11000061035156,17.649999618530273,16.474700927734375,1378.239990234375,11.263328552246094,128.47000122070312,60138.37890625
2026-06-30 00:00:00+00:00,72.91999816894531,101.19000244140625,16.450000762939453,16.419330596923828,1379.6500244140625,11.26940631866455,128.47999572753906,58558.859375
2026-07-01 00:00:00+00:00,71.56999969482422,101.38999938964844,16.59000015258789,16.374799728393555,1379.3499755859375,11.2802095413208,128.47999572753906,60003.7578125
2026-07-02 00:00:00+00:00,71.80000305175781,100.86000061035156,16.149999618530273,16.394800186157227,1374.4599609375,11.350000381469727,128.27999877929688,61485.30078125
2026-07-03 00:00:00+00:00,,,,16.2632999420166,1369.800048828125,11.380000114440918,128.27999877929688,62544.19921875
2026-07-04 00:00:00+00:00,,,,,,,,63088.3046875
2026-07-05 00:00:00+00:00,,,,,,,,63547.8828125
2026-07-06 00:00:00+00:00,71.98999786376953,100.8499984741211,15.569999694824219,16.230409622192383,1369.1300048828125,11.34181022644043,128.4199981689453,63995.015625
2026-07-07 00:00:00+00:00,74.16000366210938,101.13999938964844,16.1299991607666,16.198699951171875,1367.1700439453125,11.349526405334473,128.3000030517578,63297.39453125
2026-07-08 00:00:00+00:00,78.0199966430664,101.05000305175781,16.899999618530273,16.320899963378906,1370.8199462890625,11.399999618530273,128.25999450683594,62257.57421875
2026-07-09 00:00:00+00:00,76.30000305175781,100.94000244140625,15.84000015258789,16.400299072265625,1375.0899658203125,11.399999618530273,128.27000427246094,63193.1484375
2026-07-10 00:00:00+00:00,76.01000213623047,100.97000122070312,15.029999732971191,16.315000534057617,1377.1500244140625,11.420000076293945,128.25999450683594,64127.140625
2026-07-11 00:00:00+00:00,,,,,,,,63802.02734375
2026-07-12 00:00:00+00:00,,,,,,,,63758.21875
2026-07-13 00:00:00+00:00,83.30000305175781,101.27999877929688,17.15999984741211,16.354900360107422,1378.3800048828125,11.454712867736816,128.3800048828125,62239.12109375
2026-07-14 00:00:00+00:00,84.7300033569336,100.94000244140625,16.5,16.467830657958984,1379.300048828125,11.479999542236328,128.2100067138672,64956.11328125
2026-07-15 00:00:00+00:00,84.94999694824219,100.5,15.670000076293945,16.34670066833496,1380.260009765625,11.489999771118164,128.25,64712.375
2026-07-16 00:00:00+00:00,84.2300033569336,100.7300033569336,16.729999542236328,16.31800079345703,1375.469970703125,11.44202709197998,128.2899932861328,63789.28125
2026-07-17 00:00:00+00:00,88.0999984741211,100.75,18.770000457763672,16.40117073059082,1380.719970703125,11.529999732971191,128.3000030517578,63899.4609375
2026-07-18 00:00:00+00:00,,,,,,,,64796.6015625
2026-07-19 00:00:00+00:00,,,,,,,,64690.8046875
2026-07-20 00:00:00+00:00,89.22000122070312,100.98999786376953,18.649999618530273,16.55352020263672,1379.1400146484375,11.503868103027344,128.25,65230.02734375
2026-07-21 00:00:00+00:00,91.01000213623047,101.18000030517578,17.049999237060547,16.499900817871094,1379.43994140625,11.543374061584473,128.2899932861328,66505.125
2026-07-22 00:00:00+00:00,94.06999969482422,101.13999938964844,16.639999389648438,16.459999084472656,1379.9100341796875,11.579999923706055,128.3000030517578,66100.796875
2026-07-23 00:00:00+00:00,100.69000244140625,101.43000030517578,18.700000762939453,16.393550872802734,1371.3399658203125,11.600000381469727,128.41000366210938,65044.8125
2026-07-24 00:00:00+00:00,96.77999877929688,101.47000122070312,18.579999923706055,16.815940856933594,1371.1099853515625,11.618465423583984,128.50999450683594,64098.49609375
2026-07-25 00:00:00+00:00,,,,,,,,64311.8125
2026-07-26 00:00:00+00:00,,,,,,,,65340.30078125
2026-07-27 00:00:00+00:00,88.36000061035156,101.51000213623047,18.670000076293945,16.709060668945312,1367.050048828125,11.611230850219727,128.5,63724.8984375
2026-07-28 00:00:00+00:00,84.08999633789062,101.37999725341797,18.209999084472656,16.7785701751709,1364.3299560546875,11.640000343322754,128.49000549316406,63871.36328125
2026-07-29 00:00:00+00:00,90.73999786376953,100.80000305175781,20.65999984741211,16.702030181884766,1366.5,11.630000114440918,128.49000549316406,63908.16796875
2026-07-30 00:00:00+00:00,89.02999877929688,100.01000213623047,17.09000015258789,16.660430908203125,1365.06005859375,11.680000305175781,128.38999938964844,64725.30859375
2026-07-31 00:00:00+00:00,90.12000274658203,99.80000305175781,15.989999771118164,16.5,1363.739990234375,11.680000305175781,128.3800048828125,62813.74609375
2026-08-01 00:00:00+00:00,,,,,,,,62763.3203125
2026-08-02 00:00:00+00:00,,,,,,,,63482.0
2026-08-03 00:00:00+00:00,83.7699966430664,99.95999908447266,15.859999656677246,16.45832061767578,1360.010009765625,11.63351058959961,128.10000610351562,63460.8984375
2026-08-04 00:00:00+00:00,79.36000061035156,99.88999938964844,16.5,16.523000717163086,1363.31005859375,11.67745590209961,128.3699951171875,64055.953125
2026-08-05 00:00:00+00:00,79.44999694824219,99.69000244140625,15.8100004196167,16.382699966430664,1362.8900146484375,11.699999809265137,128.39999389648438,64597.5
2026-08-06 00:00:00+00:00,82.48999786376953,99.97000122070312,15.149999618530273,16.304800033569336,1361.9599609375,11.699999809265137,128.3699951171875,64262.11328125
2026-08-07 00:00:00+00:00,83.55000305175781,99.5999984741211,14.899999618530273,16.341899871826172,1362.3900146484375,11.720000267028809,128.36000061035156,64880.19140625
2026-08-08 00:00:00+00:00,,,,,,,,64904.6875
2026-08-09 00:00:00+00:00,,,,,,,,64844.88671875
2026-08-10 00:00:00+00:00,87.72000122070312,99.80999755859375,15.460000038146973,16.151859283447266,1361.2900390625,11.678415298461914,127.79000091552734,63910.5859375
2026-08-11 00:00:00+00:00,88.91000366210938,99.81999969482422,15.279999732971191,16.18549919128418,1361.1800537109375,11.72101879119873,128.3699951171875,63551.875
2026-08-12 00:00:00+00:00,88.9800033569336,100.01000213623047,14.550000190734863,16.185199737548828,1362.760009765625,11.550000190734863,128.33999633789062,63402.43359375
2026-08-13 00:00:00+00:00,87.06999969482422,99.95999908447266,14.630000114440918,16.13787078857422,1362.969970703125,11.149999618530273,128.27999877929688,63402.171875
2026-08-14 00:00:00+00:00,88.5199966430664,99.66999816894531,14.25,16.183300018310547,1360.1099853515625,11.0,128.3800048828125,62975.59375
2026-08-15 00:00:00+00:00,,,,,,,,63024.3203125
2026-08-16 00:00:00+00:00,,,,,,,,62818.65234375
2026-08-17 00:00:00+00:00,90.87000274658203,99.63999938964844,15.1899995803833,16.191200256347656,1358.7900390625,10.915769577026367,128.25999450683594,64506.25390625
2026-08-18 00:00:00+00:00,91.0199966430664,99.6500015258789,15.84000015258789,16.22199058532715,1353.4300537109375,11.0,128.3800048828125,64680.7109375
2026-08-19 00:00:00+00:00,91.62000274658203,98.83000183105469,14.890000343322754,16.25275993347168,1349.550048828125,11.03052043914795,128.5,69266.1875
2026-08-20 00:00:00+00:00,93.77999877929688,98.9000015258789,16.010000228881836,16.090099334716797,1349.760009765625,11.079999923706055,128.44000244140625,73032.7578125
2026-08-21 00:00:00+00:00,94.38999938964844,98.80000305175781,15.130000114440918,16.101999282836914,1347.739990234375,11.100000381469727,128.4199981689453,78335.1875
2026-08-22 00:00:00+00:00,,,,,,,,77083.4140625
2026-08-23 00:00:00+00:00,,,,,,,,77755.265625
2026-08-24 00:00:00+00:00,92.16999816894531,99.0,15.850000381469727,15.993789672851562,1348.1700439453125,11.116053581237793,128.4199981689453,78964.484375
2026-08-25 00:00:00+00:00,88.58000183105469,98.91999816894531,15.449999809265137,15.99269962310791,1346.5999755859375,11.149999618530273,128.4199981689453,78564.9765625
2026-08-26 00:00:00+00:00,87.83999633789062,99.16999816894531,15.210000038146973,15.924240112304688,1346.1099853515625,11.117440223693848,128.42999267578125,79027.421875
2026-08-27 00:00:00+00:00,89.69999694824219,99.16000366210938,14.510000228881836,15.943499565124512,1344.260009765625,11.170000076293945,128.4199981689453,80257.5390625
2026-08-28 00:00:00+00:00,89.30999755859375,99.69999694824219,14.430000305175781,15.991499900817871,1343.1800537109375,11.15999984741211,128.44000244140625,77830.2890625
2026-08-31 00:00:00+00:00,88.63999938964844,99.56300354003906,15.199999809265137,16.1226806640625,1336.699951171875,11.199999809265137,129.36000061035156,78609.6328125
