date,buyingrate,centralrate,currency,id,ratedate,sellingrate
2006-01-03,128,128.5,US DOLLAR,14646,2006-01-03,129
2006-01-04,128,128.5,US DOLLAR,14647,2006-01-04,129
2006-01-05,128,128.5,US DOLLAR,14648,2006-01-05,129
2006-01-06,128,128.5,US DOLLAR,14649,2006-01-06,129
2006-01-09,128,128.5,US DOLLAR,14650,2006-01-09,129
2006-01-12,128,128.5,US DOLLAR,14651,2006-01-12,129
2006-01-13,128,128.5,US DOLLAR,14652,2006-01-13,129
2006-01-16,128,128.5,US DOLLAR,14653,2006-01-16,129
2006-01-17,128,128.5,US DOLLAR,14654,2006-01-17,129
2006-01-18,128,128.5,US DOLLAR,14655,2006-01-18,129
2006-01-19,128,128.5,US DOLLAR,14656,2006-01-19,129
2006-01-20,128,128.5,US DOLLAR,14657,2006-01-20,129
2006-01-23,128,128.5,US DOLLAR,14658,2006-01-23,129
2006-01-24,128,128.5,US DOLLAR,14659,2006-01-24,129
2006-01-25,128,128.5,US DOLLAR,14660,2006-01-25,129
2006-01-26,128,128.5,US DOLLAR,14661,2006-01-26,129
2006-01-27,128,128.5,US DOLLAR,14662,2006-01-27,129
2006-01-30,128,128.5,US DOLLAR,14663,2006-01-30,129
2006-01-31,128,128.5,US DOLLAR,14664,2006-01-31,129
2006-02-01,127.5,128,US DOLLAR,14665,2006-02-01,128.5
2006-02-02,127.5,128,US DOLLAR,14666,2006-02-02,128.5
2006-02-03,127.5,128,US DOLLAR,14667,2006-02-03,128.5
2006-02-06,127.5,128,US DOLLAR,14668,2006-02-06,128.5
2006-02-07,127.5,128,US DOLLAR,14669,2006-02-07,128.5
2006-02-08,127.5,128,US DOLLAR,14670,2006-02-08,128.5
2006-02-09,127.5,128,US DOLLAR,14671,2006-02-09,128.5
2006-02-10,127.5,128,US DOLLAR,14672,2006-02-10,128.5
2006-02-13,127.5,128,US DOLLAR,14673,2006-02-13,128.5
2006-02-14,127.5,128,US DOLLAR,14674,2006-02-14,128.5
2006-02-15,127.5,128,US DOLLAR,14675,2006-02-15,128.5
2006-02-16,127.5,128,US DOLLAR,14676,2006-02-16,128.5
2006-02-17,127.5,128,US DOLLAR,14677,2006-02-17,128.5
2006-02-20,127,127.5,US DOLLAR,14678,2006-02-20,128
2006-02-21,127,127.5,US DOLLAR,14679,2006-02-21,128
2006-02-22,127,127.5,US DOLLAR,14680,2006-02-22,128
2006-02-23,127,127.5,US DOLLAR,14681,2006-02-23,128
2006-02-24,127,127.5,US DOLLAR,14682,2006-02-24,128
2006-02-27,127,127.5,US DOLLAR,14683,2006-02-27,128
2006-02-28,127,127.5,US DOLLAR,14684,2006-02-28,128
2006-03-01,127,127.5,US DOLLAR,14685,2006-03-01,128
2006-03-02,126.5,127,US DOLLAR,14686,2006-03-02,127.5
2006-03-03,126.5,127,US DOLLAR,14687,2006-03-03,127.5
2006-03-06,126.5,127,US DOLLAR,14688,2006-03-06,127.5
2006-03-07,126.5,127,US DOLLAR,14689,2006-03-07,127.5
2006-03-08,126.5,127,US DOLLAR,14690,2006-03-08,127.5
2006-03-09,126.5,127,US DOLLAR,14691,2006-03-09,127.5
2006-03-10,126.5,127,US DOLLAR,14692,2006-03-10,127.5
2006-03-13,126.5,127,US DOLLAR,14693,2006-03-13,127.5
2006-03-14,126.5,127,US DOLLAR,14694,2006-03-14,127.5
2006-03-15,126.5,127,US DOLLAR,14695,2006-03-15,127.5
2006-03-16,126.5,127,US DOLLAR,14696,2006-03-16,127.5
2006-03-17,126.5,127,US DOLLAR,14697,2006-03-17,127.5
2006-03-20,126.5,127,US DOLLAR,14698,2006-03-20,127.5
2006-03-21,126.5,127,US DOLLAR,14699,2006-03-21,127.5
2006-03-22,126.5,127,US DOLLAR,14700,2006-03-22,127.5
2006-03-23,126.5,127,US DOLLAR,14701,2006-03-23,127.5
2006-03-27,126.5,127,US DOLLAR,14702,2006-03-27,127.5
2006-03-28,126.25,126.75,US DOLLAR,14703,2006-03-28,127.25
2006-03-29,126.25,126.75,US DOLLAR,14704,2006-03-29,127.25
2006-03-30,126.25,126.75,US DOLLAR,14705,2006-03-30,127.25
2006-03-31,126.25,126.75,US DOLLAR,14706,2006-03-31,127.25
2006-04-03,126.2,126.7,US DOLLAR,14707,2006-04-03,127.2
2006-04-04,126.2,126.7,US DOLLAR,14708,2006-04-04,127.2
2006-04-05,126.2,126.7,US DOLLAR,14709,2006-04-05,127.2
2006-04-06,126.2,126.7,US DOLLAR,14710,2006-04-06,127.2
2006-04-07,126.2,126.7,US DOLLAR,14711,2006-04-07,127.2
2006-04-11,126.2,126.7,US DOLLAR,14712,2006-04-11,127.2
2006-04-12,126.2,126.7,US DOLLAR,14713,2006-04-12,127.2
2006-04-13,126.2,126.7,US DOLLAR,14714,2006-04-13,127.2
2006-04-18,126.2,126.7,US DOLLAR,14715,2006-04-18,127.2
2006-04-19,126.2,126.7,US DOLLAR,14716,2006-04-19,127.2
2006-04-20,126.2,126.7,US DOLLAR,14717,2006-04-20,127.2
2006-04-21,126.2,126.7,US DOLLAR,14718,2006-04-21,127.2
2006-04-25,126.18,126.68,US DOLLAR,14719,2006-04-25,127.18
2006-04-26,126.18,126.68,US DOLLAR,14720,2006-04-26,127.18
2006-04-27,126.18,126.68,US DOLLAR,14721,2006-04-27,127.18
2006-04-28,126.18,126.68,US DOLLAR,14722,2006-04-28,127.18
2006-05-02,126.18,126.68,US DOLLAR,14723,2006-05-02,127.18
2006-05-03,126.18,126.68,US DOLLAR,14724,2006-05-03,127.18
2006-05-04,126.18,126.68,US DOLLAR,14725,2006-05-04,127.18
2006-05-05,126.18,126.68,US DOLLAR,14726,2006-05-05,127.18
2006-05-08,126.17,126.67,US DOLLAR,14727,2006-05-08,127.17
2006-05-09,126.17,126.67,US DOLLAR,14728,2006-05-09,127.17
2006-05-10,126.17,126.67,US DOLLAR,14729,2006-05-10,127.17
2006-05-11,126.17,126.67,US DOLLAR,14730,2006-05-11,127.17
2006-05-12,126.17,126.67,US DOLLAR,14731,2006-05-12,127.17
2006-05-15,126.17,126.67,US DOLLAR,14732,2006-05-15,127.17
2006-05-16,126.17,126.67,US DOLLAR,14733,2006-05-16,127.17
2006-05-17,126.17,126.67,US DOLLAR,14734,2006-05-17,127.17
2006-05-18,126.17,126.67,US DOLLAR,14735,2006-05-18,127.17
2006-05-19,126.17,126.67,US DOLLAR,14736,2006-05-19,127.17
2006-05-22,126.17,126.67,US DOLLAR,14737,2006-05-22,127.17
2006-05-23,126.17,126.67,US DOLLAR,14738,2006-05-23,127.17
2006-05-24,126.2,126.7,US DOLLAR,14739,2006-05-24,127.2
2006-05-25,126.2,126.7,US DOLLAR,14740,2006-05-25,127.2
2006-05-26,126.21,126.71,US DOLLAR,14741,2006-05-26,127.21
2006-05-30,126.21,126.71,US DOLLAR,14742,2006-05-30,127.21
2006-05-31,126.19,126.69,US DOLLAR,14743,2006-05-31,127.19
2006-06-01,126.19,126.69,US DOLLAR,14744,2006-06-01,127.19
2006-06-02,126.19,126.69,US DOLLAR,14745,2006-06-02,127.19
2006-06-05,126.19,126.69,US DOLLAR,14746,2006-06-05,127.19
2006-06-06,126.19,126.69,US DOLLAR,14747,2006-06-06,127.19
2006-06-07,126.18,126.68,US DOLLAR,14748,2006-06-07,127.18
2006-06-08,126.18,126.68,US DOLLAR,14749,2006-06-08,127.18
2006-06-12,126.17,126.67,US DOLLAR,14750,2006-06-12,127.17
2006-06-13,126.17,126.67,US DOLLAR,14751,2006-06-13,127.17
2006-06-14,126.19,126.69,US DOLLAR,14752,2006-06-14,127.19
2006-06-15,126.19,126.69,US DOLLAR,14753,2006-06-15,127.19
2006-06-16,126.19,126.69,US DOLLAR,14754,2006-06-16,127.19
2006-06-19,126.18,126.68,US DOLLAR,14755,2006-06-19,127.18
2006-06-20,126.18,126.68,US DOLLAR,14756,2006-06-20,127.18
2006-06-21,126.19,126.69,US DOLLAR,14757,2006-06-21,127.19
2006-06-22,126.19,126.69,US DOLLAR,14758,2006-06-22,127.19
2006-06-23,126.19,126.69,US DOLLAR,14759,2006-06-23,127.19
2006-06-26,126.19,126.69,US DOLLAR,14760,2006-06-26,127.19
2006-06-27,126.19,126.69,US DOLLAR,14761,2006-06-27,127.19
2006-06-28,126.17,126.67,US DOLLAR,14762,2006-06-28,127.17
2006-06-29,126.17,126.67,US DOLLAR,14763,2006-06-29,127.17
2006-06-30,126.17,126.67,US DOLLAR,14764,2006-06-30,127.17
2006-07-03,126.17,126.67,US DOLLAR,14765,2006-07-03,127.17
2006-07-04,126.17,126.67,US DOLLAR,14766,2006-07-04,127.17
2006-07-05,126.15,126.65,US DOLLAR,14767,2006-07-05,127.15
2006-07-06,126.15,126.65,US DOLLAR,14768,2006-07-06,127.15
2006-07-07,126.15,126.65,US DOLLAR,14769,2006-07-07,127.15
2006-07-10,126.15,126.65,US DOLLAR,14770,2006-07-10,127.15
2006-07-11,126.15,126.65,US DOLLAR,14771,2006-07-11,127.15
2006-07-12,126.1,126.6,US DOLLAR,14772,2006-07-12,127.1
2006-07-13,126.1,126.6,US DOLLAR,14773,2006-07-13,127.1
2006-07-14,126.1,126.6,US DOLLAR,14774,2006-07-14,127.1
2006-07-17,126.1,126.6,US DOLLAR,14775,2006-07-17,127.1
2006-07-18,126.1,126.6,US DOLLAR,14776,2006-07-18,127.1
2006-07-19,126.1,126.6,US DOLLAR,14777,2006-07-19,127.1
2006-07-20,126.1,126.6,US DOLLAR,14778,2006-07-20,127.1
2006-07-21,126.1,126.6,US DOLLAR,14779,2006-07-21,127.1
2006-07-24,126.09,126.59,US DOLLAR,14780,2006-07-24,127.09
2006-07-25,126.09,126.59,US DOLLAR,14781,2006-07-25,127.09
2006-07-26,126.1,126.6,US DOLLAR,14782,2006-07-26,127.1
2006-07-27,126.1,126.6,US DOLLAR,14783,2006-07-27,127.1
2006-07-28,126.1,126.6,US DOLLAR,14784,2006-07-28,127.1
2006-07-31,126.09,126.59,US DOLLAR,14785,2006-07-31,127.09
2006-08-01,126.09,126.59,US DOLLAR,14786,2006-08-01,127.09
2006-08-02,126.09,126.59,US DOLLAR,14787,2006-08-02,127.09
2006-08-04,126.09,126.59,US DOLLAR,14788,2006-08-04,127.09
2006-08-07,126.07,126.57,US DOLLAR,14789,2006-08-07,127.07
2006-08-08,126.07,126.57,US DOLLAR,14790,2006-08-08,127.07
2006-08-09,126.07,126.57,US DOLLAR,14791,2006-08-09,127.07
2006-08-10,126.07,126.57,US DOLLAR,14792,2006-08-10,127.07
2006-08-11,126.07,126.57,US DOLLAR,14793,2006-08-11,127.07
2006-08-14,126.07,126.57,US DOLLAR,14794,2006-08-14,127.07
2006-08-15,126.07,126.57,US DOLLAR,14795,2006-08-15,127.07
2006-08-16,126.06,126.56,US DOLLAR,14796,2006-08-16,127.06
2006-08-17,126.06,126.56,US DOLLAR,14797,2006-08-17,127.06
2006-08-18,126.06,126.56,US DOLLAR,14798,2006-08-18,127.06
2006-08-21,126.06,126.56,US DOLLAR,14799,2006-08-21,127.06
2006-08-22,126.06,126.56,US DOLLAR,14800,2006-08-22,127.06
2006-08-23,126.04,126.54,US DOLLAR,14801,2006-08-23,127.04
2006-08-24,126.04,126.54,US DOLLAR,14802,2006-08-24,127.04
2006-08-25,126.04,126.54,US DOLLAR,14803,2006-08-25,127.04
2006-08-28,126.03,126.53,US DOLLAR,14804,2006-08-28,127.03
2006-08-29,126.03,126.53,US DOLLAR,14805,2006-08-29,127.03
2006-08-30,126.02,126.52,US DOLLAR,14806,2006-08-30,127.02
2006-08-31,126.02,126.52,US DOLLAR,14807,2006-08-31,127.02
2006-09-01,126.02,126.52,US DOLLAR,14808,2006-09-01,127.02
2006-09-04,126.02,126.52,US DOLLAR,14809,2006-09-04,127.02
2006-09-05,126.02,126.52,US DOLLAR,14810,2006-09-05,127.02
2006-09-06,126.02,126.52,US DOLLAR,14811,2006-09-06,127.02
2006-09-07,126.02,126.52,US DOLLAR,14812,2006-09-07,127.02
2006-09-08,126.02,126.52,US DOLLAR,14813,2006-09-08,127.02
2006-09-11,126.03,126.53,US DOLLAR,14814,2006-09-11,127.03
2006-09-12,126.03,126.53,US DOLLAR,14815,2006-09-12,127.03
2006-09-13,126.04,126.54,US DOLLAR,14816,2006-09-13,127.04
2006-09-14,126.02,126.52,US DOLLAR,14817,2006-09-14,127.02
2006-09-15,126.02,126.52,US DOLLAR,14818,2006-09-15,127.02
2006-09-18,126.02,126.52,US DOLLAR,14819,2006-09-18,127.02
2006-09-19,126.02,126.52,US DOLLAR,14820,2006-09-19,127.02
2006-09-20,126.02,126.52,US DOLLAR,14821,2006-09-20,127.02
2006-09-21,126.02,126.52,US DOLLAR,14822,2006-09-21,127.02
2006-09-22,126.02,126.52,US DOLLAR,14823,2006-09-22,127.02
2006-09-25,126.02,126.52,US DOLLAR,14824,2006-09-25,127.02
2006-09-26,126.02,126.52,US DOLLAR,14825,2006-09-26,127.02
2006-09-27,126.01,126.51,US DOLLAR,14826,2006-09-27,127.01
2006-09-28,126,126.5,US DOLLAR,14827,2006-09-28,127
2006-09-29,126,126.5,US DOLLAR,14828,2006-09-29,127
2006-10-03,126,126.5,US DOLLAR,14829,2006-10-03,127
2006-10-04,126.01,126.51,US DOLLAR,14830,2006-10-04,127.01
2006-10-05,126.01,126.51,US DOLLAR,14831,2006-10-05,127.01
2006-10-06,126.01,126.51,US DOLLAR,14832,2006-10-06,127.01
2006-10-09,126.01,126.51,US DOLLAR,14833,2006-10-09,127.01
2006-10-10,126.01,126.51,US DOLLAR,14834,2006-10-10,127.01
2006-10-11,126.01,126.51,US DOLLAR,14835,2006-10-11,127.01
2006-10-12,126.01,126.51,US DOLLAR,14836,2006-10-12,127.01
2006-10-13,126.01,126.51,US DOLLAR,14837,2006-10-13,127.01
2006-10-16,126,126.5,US DOLLAR,14838,2006-10-16,127
2006-10-17,126,126.5,US DOLLAR,14839,2006-10-17,127
2006-10-18,126,126.5,US DOLLAR,14840,2006-10-18,127
2006-10-19,126,126.5,US DOLLAR,14841,2006-10-19,127
2006-10-20,126,126.5,US DOLLAR,14842,2006-10-20,127
2006-10-25,126.02,126.52,US DOLLAR,14843,2006-10-25,127.02
2006-10-26,126.02,126.52,US DOLLAR,14844,2006-10-26,127.02
2006-10-27,126.02,126.52,US DOLLAR,14845,2006-10-27,127.02
2006-10-30,126.04,126.54,US DOLLAR,14846,2006-10-30,127.04
2006-10-31,126.04,126.54,US DOLLAR,14847,2006-10-31,127.04
2006-11-01,126.04,126.54,US DOLLAR,14848,2006-11-01,127.04
2006-11-02,126.04,126.54,US DOLLAR,14849,2006-11-02,127.04
2006-11-03,126.04,126.54,US DOLLAR,14850,2006-11-03,127.04
2006-11-06,126.03,126.53,US DOLLAR,14851,2006-11-06,127.03
2006-11-07,126.03,126.53,US DOLLAR,14852,2006-11-07,127.03
2006-11-08,126.02,126.52,US DOLLAR,14853,2006-11-08,127.02
2006-11-09,126.02,126.52,US DOLLAR,14854,2006-11-09,127.02
2006-11-10,126.02,126.52,US DOLLAR,14855,2006-11-10,127.02
2006-11-13,126.01,126.51,US DOLLAR,14856,2006-11-13,127.01
2006-11-14,126.01,126.51,US DOLLAR,14857,2006-11-14,127.01
2006-11-15,126.01,126.51,US DOLLAR,14858,2006-11-15,127.01
2006-11-16,126.01,126.51,US DOLLAR,14859,2006-11-16,127.01
2006-11-17,126.01,126.51,US DOLLAR,14860,2006-11-17,127.01
2006-11-20,126.01,126.51,US DOLLAR,14861,2006-11-20,127.01
2006-11-21,126.01,126.51,US DOLLAR,14862,2006-11-21,127.01
2006-11-22,126,126.5,US DOLLAR,14863,2006-11-22,127
2006-11-23,126,126.5,US DOLLAR,14864,2006-11-23,127
2006-11-24,126,126.5,US DOLLAR,14865,2006-11-24,127
2006-11-27,126.02,126.52,US DOLLAR,14866,2006-11-27,127.02
2006-11-28,126.02,126.52,US DOLLAR,14867,2006-11-28,127.02
2006-11-29,126,126.5,US DOLLAR,14868,2006-11-29,127
2006-11-30,126,126.5,US DOLLAR,14869,2006-11-30,127
2006-12-01,126,126.5,US DOLLAR,14870,2006-12-01,127
2006-12-04,126.03,126.53,US DOLLAR,14871,2006-12-04,127.03
2006-12-05,126.03,126.53,US DOLLAR,14872,2006-12-05,127.03
2006-12-06,126.05,126.55,US DOLLAR,14873,2006-12-06,127.05
2006-12-07,126.05,126.55,US DOLLAR,14874,2006-12-07,127.05
2006-12-08,126.05,126.55,US DOLLAR,14875,2006-12-08,127.05
2006-12-11,126.03,126.53,US DOLLAR,14876,2006-12-11,127.03
2006-12-12,126.03,126.53,US DOLLAR,14877,2006-12-12,127.03
2006-12-13,126.01,126.51,US DOLLAR,14878,2006-12-13,127.01
2006-12-14,126.01,126.51,US DOLLAR,14879,2006-12-14,127.01
2006-12-15,126.01,126.51,US DOLLAR,14880,2006-12-15,127.01
2006-12-18,126.01,126.51,US DOLLAR,14881,2006-12-18,127.01
2006-12-19,126.01,126.51,US DOLLAR,14882,2006-12-19,127.01
2006-12-20,126,126.5,US DOLLAR,14883,2006-12-20,127
2006-12-21,126,126.5,US DOLLAR,14884,2006-12-21,127
2006-12-22,126,126.5,US DOLLAR,14885,2006-12-22,127
2006-12-27,126,126.5,US DOLLAR,14886,2006-12-27,127
2006-12-28,126,126.5,US DOLLAR,14887,2006-12-28,127
2006-12-29,126,126.5,US DOLLAR,14888,2006-12-29,127
2007-01-04,126,126.5,US DOLLAR,14889,2007-01-04,127
2007-01-05,126,126.5,US DOLLAR,14890,2007-01-05,127
2007-01-08,126.01,126.51,US DOLLAR,14891,2007-01-08,127.01
2007-01-09,126.01,126.51,US DOLLAR,14892,2007-01-09,127.01
2007-01-10,126.02,126.52,US DOLLAR,14893,2007-01-10,127.02
2007-01-11,126.02,126.52,US DOLLAR,14894,2007-01-11,127.02
2007-01-12,126.02,126.52,US DOLLAR,14895,2007-01-12,127.02
2007-01-15,126.01,126.51,US DOLLAR,14896,2007-01-15,127.01
2007-01-16,126.01,126.51,US DOLLAR,14897,2007-01-16,127.01
2007-01-17,126,126.5,US DOLLAR,14898,2007-01-17,127
2007-01-18,126,126.5,US DOLLAR,14899,2007-01-18,127
2007-01-19,126,126.5,US DOLLAR,14900,2007-01-19,127
2007-01-22,126,126.5,US DOLLAR,14901,2007-01-22,127
2007-01-23,126,126.5,US DOLLAR,14902,2007-01-23,127
2007-01-24,126,126.5,US DOLLAR,14903,2007-01-24,127
2007-01-25,126,126.5,US DOLLAR,14904,2007-01-25,127
2007-01-26,126,126.5,US DOLLAR,14905,2007-01-26,127
2007-01-30,126,126.5,US DOLLAR,14906,2007-01-30,127
2007-01-31,126.01,126.51,US DOLLAR,14907,2007-01-31,127.01
2007-02-01,126.01,126.51,US DOLLAR,14908,2007-02-01,127.01
2007-02-02,126.01,126.51,US DOLLAR,14909,2007-02-02,127.01
2007-02-05,126.01,126.51,US DOLLAR,14910,2007-02-05,127.01
2007-02-06,126.01,126.51,US DOLLAR,14911,2007-02-06,127.01
2007-02-07,126,126.5,US DOLLAR,14912,2007-02-07,127
2007-02-08,126,126.5,US DOLLAR,14913,2007-02-08,127
2007-02-09,126,126.5,US DOLLAR,14914,2007-02-09,127
2007-02-12,126,126.5,US DOLLAR,14915,2007-02-12,127
2007-02-13,126,126.5,US DOLLAR,14916,2007-02-13,127
2007-02-14,125.98,126.48,US DOLLAR,14917,2007-02-14,126.98
2007-02-15,125.98,126.48,US DOLLAR,14918,2007-02-15,126.98
2007-02-16,125.98,126.48,US DOLLAR,14919,2007-02-16,126.98
2007-02-19,125.98,126.48,US DOLLAR,14920,2007-02-19,126.98
2007-02-20,125.98,126.48,US DOLLAR,14921,2007-02-20,126.98
2007-02-21,126,126.5,US DOLLAR,14922,2007-02-21,127
2007-02-22,126,126.5,US DOLLAR,14923,2007-02-22,127
2007-02-23,126,126.5,US DOLLAR,14924,2007-02-23,127
2007-02-26,126.01,126.51,US DOLLAR,14925,2007-02-26,127.01
2007-02-27,126.01,126.51,US DOLLAR,14926,2007-02-27,127.01
2007-02-28,126.01,126.51,US DOLLAR,14927,2007-02-28,127.01
2007-03-01,126.01,126.51,US DOLLAR,14928,2007-03-01,127.01
2007-03-02,126.01,126.51,US DOLLAR,14929,2007-03-02,127.01
2007-03-05,125.98,126.48,US DOLLAR,14930,2007-03-05,126.98
2007-03-06,125.98,126.48,US DOLLAR,14931,2007-03-06,126.98
2007-03-07,125.98,126.48,US DOLLAR,14932,2007-03-07,126.98
2007-03-08,125.98,126.48,US DOLLAR,14933,2007-03-08,126.98
2007-03-09,125.98,126.48,US DOLLAR,14934,2007-03-09,126.98
2007-03-12,125.96,126.46,US DOLLAR,14935,2007-03-12,126.96
2007-03-13,125.96,126.46,US DOLLAR,14936,2007-03-13,126.96
2007-03-14,125.96,126.46,US DOLLAR,14937,2007-03-14,126.96
2007-03-15,125.96,126.46,US DOLLAR,14938,2007-03-15,126.96
2007-03-16,125.96,126.46,US DOLLAR,14939,2007-03-16,126.96
2007-03-19,125.8,126.3,US DOLLAR,14940,2007-03-19,126.8
2007-03-20,125.8,126.3,US DOLLAR,14941,2007-03-20,126.8
2007-03-21,125.8,126.3,US DOLLAR,14942,2007-03-21,126.8
2007-03-22,125.8,126.3,US DOLLAR,14943,2007-03-22,126.8
2007-03-23,125.8,126.3,US DOLLAR,14944,2007-03-23,126.8
2007-03-26,125.79,126.29,US DOLLAR,14945,2007-03-26,126.79
2007-03-27,125.79,126.29,US DOLLAR,14946,2007-03-27,126.79
2007-03-28,125.79,126.29,US DOLLAR,14947,2007-03-28,126.79
2007-03-29,125.79,126.29,US DOLLAR,14948,2007-03-29,126.79
2007-04-03,125.79,126.29,US DOLLAR,14949,2007-04-03,126.79
2007-04-04,125.78,126.28,US DOLLAR,14950,2007-04-04,126.78
2007-04-05,125.78,126.28,US DOLLAR,14951,2007-04-05,126.78
2007-04-10,125.78,126.28,US DOLLAR,14952,2007-04-10,126.78
2007-04-11,125.78,126.28,US DOLLAR,14953,2007-04-11,126.78
2007-04-12,125.78,126.28,US DOLLAR,14954,2007-04-12,126.78
2007-04-13,125.78,126.28,US DOLLAR,14955,2007-04-13,126.78
2007-04-16,125.79,126.29,US DOLLAR,14956,2007-04-16,126.79
2007-04-17,125.79,126.29,US DOLLAR,14957,2007-04-17,126.79
2007-04-18,125.73,126.23,US DOLLAR,14958,2007-04-18,126.73
2007-04-19,125.73,126.23,US DOLLAR,14959,2007-04-19,126.73
2007-04-20,125.73,126.23,US DOLLAR,14960,2007-04-20,126.73
2007-04-23,125.72,126.22,US DOLLAR,14961,2007-04-23,126.72
2007-04-24,125.72,126.22,US DOLLAR,14962,2007-04-24,126.72
2007-04-25,125.6,126.1,US DOLLAR,14963,2007-04-25,126.6
2007-04-26,125.6,126.1,US DOLLAR,14964,2007-04-26,126.6
2007-04-27,125.6,126.1,US DOLLAR,14965,2007-04-27,126.6
2007-04-30,125.6,126.1,US DOLLAR,14966,2007-04-30,126.6
2007-05-02,125.6,126.1,US DOLLAR,14967,2007-05-02,126.6
2007-05-03,125.6,126.1,US DOLLAR,14968,2007-05-03,126.6
2007-05-04,125.6,126.1,US DOLLAR,14969,2007-05-04,126.6
2007-05-07,125.3,125.8,US DOLLAR,14970,2007-05-07,126.3
2007-05-08,125.3,125.8,US DOLLAR,14971,2007-05-08,126.3
2007-05-09,125.3,125.8,US DOLLAR,14972,2007-05-09,126.3
2007-05-10,125.3,125.8,US DOLLAR,14973,2007-05-10,126.3
2007-05-11,125.3,125.8,US DOLLAR,14974,2007-05-11,126.3
2007-05-14,125.25,125.75,US DOLLAR,14975,2007-05-14,126.25
2007-05-15,125.25,125.75,US DOLLAR,14976,2007-05-15,126.25
2007-05-16,125.26,125.76,US DOLLAR,14977,2007-05-16,126.26
2007-05-17,125.26,125.76,US DOLLAR,14978,2007-05-17,126.26
2007-05-18,125.26,125.76,US DOLLAR,14979,2007-05-18,126.26
2007-05-21,125.25,125.75,US DOLLAR,14980,2007-05-21,126.25
2007-05-22,125.25,125.75,US DOLLAR,14981,2007-05-22,126.25
2007-05-23,125.25,125.75,US DOLLAR,14982,2007-05-23,126.25
2007-05-24,125.25,125.75,US DOLLAR,14983,2007-05-24,126.25
2007-05-25,125.25,125.75,US DOLLAR,14984,2007-05-25,126.25
2007-05-28,125.23,125.73,US DOLLAR,14985,2007-05-28,126.23
2007-05-30,125.23,125.73,US DOLLAR,14986,2007-05-30,126.23
2007-05-31,125.23,125.73,US DOLLAR,14987,2007-05-31,126.23
2007-06-01,125.23,125.73,US DOLLAR,14988,2007-06-01,126.23
2007-06-04,125.23,125.73,US DOLLAR,14989,2007-06-04,126.23
2007-06-05,125.23,125.73,US DOLLAR,14990,2007-06-05,126.23
2007-06-06,125.2,125.7,US DOLLAR,14991,2007-06-06,126.2
2007-06-07,125.2,125.7,US DOLLAR,14992,2007-06-07,126.2
2007-06-08,125.2,125.7,US DOLLAR,14993,2007-06-08,126.2
2007-06-11,125.2,125.7,US DOLLAR,14994,2007-06-11,126.2
2007-06-12,125.2,125.7,US DOLLAR,14995,2007-06-12,126.2
2007-06-13,125.2,125.7,US DOLLAR,14996,2007-06-13,126.2
2007-06-14,125.2,125.7,US DOLLAR,14997,2007-06-14,126.2
2007-06-15,125.2,125.7,US DOLLAR,14998,2007-06-15,126.2
2007-06-18,125.1,125.6,US DOLLAR,14999,2007-06-18,126.1
2007-06-29,125.05,125.55,US DOLLAR,15000,2007-06-29,126.05
2007-07-02,125.01,125.51,US DOLLAR,15001,2007-07-02,126.01
2007-07-05,125.01,125.51,US DOLLAR,15002,2007-07-05,126.01
2007-07-06,125.01,125.51,US DOLLAR,15003,2007-07-06,126.01
2007-07-09,124.95,125.45,US DOLLAR,15004,2007-07-09,125.95
2007-07-10,124.95,125.45,US DOLLAR,15005,2007-07-10,125.95
2007-07-11,124.95,125.45,US DOLLAR,15006,2007-07-11,125.95
2007-07-12,124.95,125.45,US DOLLAR,15007,2007-07-12,125.95
2007-07-13,124.95,125.45,US DOLLAR,15008,2007-07-13,125.95
2007-07-16,124.95,125.44,US DOLLAR,15009,2007-07-16,125.93
2007-07-17,124.93,125.43,US DOLLAR,15010,2007-07-17,125.93
2007-07-18,124.88,125.38,US DOLLAR,15011,2007-07-18,125.88
2007-07-19,124.88,125.38,US DOLLAR,15012,2007-07-19,125.88
2007-07-20,124.88,125.38,US DOLLAR,15013,2007-07-20,125.88
2007-07-23,124.88,125.38,US DOLLAR,15014,2007-07-23,125.88
2007-07-24,124.88,125.38,US DOLLAR,15015,2007-07-24,125.88
2007-07-26,124.87,125.37,US DOLLAR,15016,2007-07-26,125.87
2007-07-27,124.87,125.37,US DOLLAR,15017,2007-07-27,125.87
2007-07-30,124.86,125.36,US DOLLAR,15018,2007-07-30,125.86
2007-07-31,124.86,125.36,US DOLLAR,15019,2007-07-31,125.86
2007-08-01,124.81,125.31,US DOLLAR,15020,2007-08-01,125.81
2007-08-02,124.81,125.31,US DOLLAR,15021,2007-08-02,125.81
2007-08-06,124.81,125.31,US DOLLAR,15022,2007-08-06,125.81
2007-08-07,124.81,125.31,US DOLLAR,15023,2007-08-07,125.81
2007-08-08,124.7,125.2,US DOLLAR,15024,2007-08-08,125.7
2007-08-09,124.7,125.2,US DOLLAR,15025,2007-08-09,125.7
2007-08-10,124.7,125.2,US DOLLAR,15026,2007-08-10,125.7
2007-08-13,124.7,125.2,US DOLLAR,15027,2007-08-13,125.7
2007-08-14,124.7,125.2,US DOLLAR,15028,2007-08-14,125.7
2007-08-15,124.7,125.2,US DOLLAR,15029,2007-08-15,125.7
2007-08-16,124.7,125.2,US DOLLAR,15030,2007-08-16,125.7
2007-08-17,124.7,125.2,US DOLLAR,15031,2007-08-17,125.7
2007-08-20,124.05,124.55,US DOLLAR,15032,2007-08-20,125.05
2007-08-21,124.05,124.55,US DOLLAR,15033,2007-08-21,125.05
2007-08-22,124.05,124.55,US DOLLAR,15034,2007-08-22,125.05
2007-08-23,124.05,124.55,US DOLLAR,15035,2007-08-23,125.05
2007-08-24,124.05,124.55,US DOLLAR,15036,2007-08-24,125.05
2007-08-27,124.02,124.52,US DOLLAR,15037,2007-08-27,125.02
2007-08-28,24.02,74.52,US DOLLAR,15038,2007-08-28,125.02
2007-08-29,123.95,124.45,US DOLLAR,15039,2007-08-29,124.95
2007-08-30,123.95,124.45,US DOLLAR,15040,2007-08-30,124.95
2007-08-31,123.95,124.45,US DOLLAR,15041,2007-08-31,124.95
2007-09-03,123.83,124.33,US DOLLAR,15042,2007-09-03,124.83
2007-09-04,123.83,124.33,US DOLLAR,15043,2007-09-04,124.83
2007-09-05,123.81,124.31,US DOLLAR,15044,2007-09-05,124.81
2007-09-06,123.81,124.31,US DOLLAR,15045,2007-09-06,124.81
2007-09-07,123.81,124.31,US DOLLAR,15046,2007-09-07,124.81
2007-09-10,123.75,124.25,US DOLLAR,15047,2007-09-10,124.75
2007-09-12,123.75,124.25,US DOLLAR,15048,2007-09-12,124.75
2007-09-13,123.75,124.25,US DOLLAR,15049,2007-09-13,124.75
2007-09-14,123.75,124.25,US DOLLAR,15050,2007-09-14,124.75
2007-09-17,123.75,124.25,US DOLLAR,15051,2007-09-17,124.75
2007-09-18,123.75,124.25,US DOLLAR,15052,2007-09-18,124.75
2007-09-19,123.4,123.9,US DOLLAR,15053,2007-09-19,124.4
2007-09-20,123.4,123.9,US DOLLAR,15054,2007-09-20,124.4
2007-09-21,123.4,123.9,US DOLLAR,15055,2007-09-21,124.4
2007-09-24,123.4,123.9,US DOLLAR,15056,2007-09-24,124.4
2007-09-25,123.4,123.9,US DOLLAR,15057,2007-09-25,124.4
2007-09-26,123.4,123.9,US DOLLAR,15058,2007-09-26,124.4
2007-09-27,123.4,123.9,US DOLLAR,15059,2007-09-27,124.4
2007-09-28,123.4,123.9,US DOLLAR,15060,2007-09-28,124.4
2007-10-02,123.4,123.9,US DOLLAR,15061,2007-10-02,124.4
2007-10-03,123.4,123.9,US DOLLAR,15062,2007-10-03,124.4
2007-10-04,123.4,123.9,US DOLLAR,15063,2007-10-04,124.4
2007-10-05,123.4,123.9,US DOLLAR,15064,2007-10-05,124.4
2007-10-08,123.4,123.9,US DOLLAR,15065,2007-10-08,124.4
2007-10-09,123.4,123.9,US DOLLAR,15066,2007-10-09,124.4
2007-10-10,122.33,122.83,US DOLLAR,15067,2007-10-10,123.33
2007-10-15,122.33,122.83,US DOLLAR,15068,2007-10-15,123.33
2007-10-16,122.33,122.83,US DOLLAR,15069,2007-10-16,123.33
2007-10-17,122.1,122.6,US DOLLAR,15070,2007-10-17,123.1
2007-10-18,122.1,122.6,US DOLLAR,15071,2007-10-18,123.1
2007-10-19,122.1,122.6,US DOLLAR,15072,2007-10-19,123.1
2007-10-22,122.1,122.6,US DOLLAR,15073,2007-10-22,123.1
2007-10-24,120.99,121.49,US DOLLAR,15074,2007-10-24,121.99
2007-10-25,120.99,121.49,US DOLLAR,15075,2007-10-25,121.99
2007-10-26,120.99,121.49,US DOLLAR,15076,2007-10-26,121.99
2007-10-29,120.88,121.38,US DOLLAR,15077,2007-10-29,121.88
2007-10-30,120.88,121.38,US DOLLAR,15078,2007-10-30,121.88
2007-10-31,120.88,121.38,US DOLLAR,15079,2007-10-31,121.88
2007-11-01,120.88,121.38,US DOLLAR,15080,2007-11-01,121.88
2007-11-02,120.88,121.38,US DOLLAR,15081,2007-11-02,121.88
2007-11-05,120.88,121.38,US DOLLAR,15082,2007-11-05,121.88
2007-11-06,120.88,121.38,US DOLLAR,15083,2007-11-06,121.88
2007-11-07,120.88,121.38,US DOLLAR,15084,2007-11-07,121.88
2007-11-08,120.88,121.38,US DOLLAR,15085,2007-11-08,121.88
2007-11-09,120.88,121.38,US DOLLAR,15086,2007-11-09,121.88
2007-11-12,117.17,117.67,US DOLLAR,15087,2007-11-12,118.17
2007-11-13,117.17,117.67,US DOLLAR,15088,2007-11-13,118.17
2007-11-14,117.17,117.67,US DOLLAR,15089,2007-11-14,118.17
2007-11-15,117.17,117.67,US DOLLAR,15090,2007-11-15,118.17
2007-11-16,117.17,117.67,US DOLLAR,15091,2007-11-16,118.17
2007-11-19,116.97,117.47,US DOLLAR,15092,2007-11-19,117.97
2007-11-20,116.97,117.47,US DOLLAR,15093,2007-11-20,117.97
2007-11-21,116.85,117.35,US DOLLAR,15094,2007-11-21,117.85
2007-11-22,116.85,117.35,US DOLLAR,15095,2007-11-22,117.85
2007-11-23,116.85,117.35,US DOLLAR,15096,2007-11-23,117.85
2007-11-26,116.85,117.35,US DOLLAR,15097,2007-11-26,117.85
2007-11-27,116.85,117.35,US DOLLAR,15098,2007-11-27,117.85
2007-11-28,116.68,117.18,US DOLLAR,15099,2007-11-28,117.68
2007-11-29,116.68,117.18,US DOLLAR,15100,2007-11-29,117.68
2007-11-30,116.68,117.18,US DOLLAR,15101,2007-11-30,117.68
2007-12-03,116.68,117.18,US DOLLAR,15102,2007-12-03,117.68
2007-12-04,116.68,117.18,US DOLLAR,15103,2007-12-04,117.68
2007-12-05,115.96,116.46,US DOLLAR,15104,2007-12-05,116.96
2007-12-06,115.96,116.46,US DOLLAR,15105,2007-12-06,116.96
2007-12-07,115.96,116.46,US DOLLAR,15106,2007-12-07,116.96
2007-12-10,115.96,116.46,US DOLLAR,15107,2007-12-10,116.96
2007-12-11,115.96,116.46,US DOLLAR,15108,2007-12-11,116.96
2007-12-12,115.8,116.3,US DOLLAR,15109,2007-12-12,116.8
2007-12-13,115.8,116.3,US DOLLAR,15110,2007-12-13,116.8
2007-12-14,115.8,116.3,US DOLLAR,15111,2007-12-14,116.8
2007-12-17,115.8,116.3,US DOLLAR,15112,2007-12-17,116.8
2007-12-18,115.8,116.3,US DOLLAR,15113,2007-12-18,116.8
2007-12-21,115.8,116.3,US DOLLAR,15114,2007-12-21,116.8
2007-12-24,115.8,116.3,US DOLLAR,15115,2007-12-24,116.8
2007-12-27,115.8,116.3,US DOLLAR,15116,2007-12-27,116.8
2007-12-28,115.8,116.3,US DOLLAR,15117,2007-12-28,116.8
2007-12-31,115.8,116.3,US DOLLAR,15118,2007-12-31,116.8
2008-01-02,115.8,116.3,US DOLLAR,15119,2008-01-02,116.8
2008-01-03,115.8,116.3,US DOLLAR,15120,2008-01-03,116.8
2008-01-04,115.8,116.3,US DOLLAR,15121,2008-01-04,116.8
2008-01-07,115.8,116.3,US DOLLAR,15122,2008-01-07,116.8
2008-01-08,115.8,116.3,US DOLLAR,15123,2008-01-08,116.8
2008-01-09,115.81,116.31,US DOLLAR,15124,2008-01-09,116.81
2008-01-10,115.81,116.31,US DOLLAR,15125,2008-01-10,116.81
2008-01-11,115.81,116.31,US DOLLAR,15126,2008-01-11,116.81
2008-01-14,115.81,116.31,US DOLLAR,15127,2008-01-14,116.81
2008-01-15,115.81,116.31,US DOLLAR,15128,2008-01-15,116.81
2008-01-16,115.81,116.31,US DOLLAR,15129,2008-01-16,116.81
2008-01-17,115.81,116.31,US DOLLAR,15130,2008-01-17,116.81
2008-01-18,115.81,116.31,US DOLLAR,15131,2008-01-18,116.81
2008-01-21,115.81,116.31,US DOLLAR,15132,2008-01-21,116.81
2008-01-22,115.81,116.31,US DOLLAR,15133,2008-01-22,116.81
2008-01-23,115.81,116.31,US DOLLAR,15134,2008-01-23,116.81
2008-01-24,115.81,116.31,US DOLLAR,15135,2008-01-24,116.81
2008-01-25,115.81,116.31,US DOLLAR,15136,2008-01-25,116.81
2008-01-28,115.81,116.31,US DOLLAR,15137,2008-01-28,116.81
2008-01-29,115.81,116.31,US DOLLAR,15138,2008-01-29,116.81
2008-01-30,115.81,116.31,US DOLLAR,15139,2008-01-30,116.81
2008-01-31,115.81,116.31,US DOLLAR,15140,2008-01-31,116.81
2008-02-01,115.81,116.31,US DOLLAR,15141,2008-02-01,116.81
2008-02-04,115.81,116.31,US DOLLAR,15142,2008-02-04,116.81
2008-02-05,115.81,116.31,US DOLLAR,15143,2008-02-05,116.81
2008-02-06,115.81,116.31,US DOLLAR,15144,2008-02-06,116.81
2008-02-07,115.81,116.31,US DOLLAR,15145,2008-02-07,116.81
2008-02-08,115.81,116.31,US DOLLAR,15146,2008-02-08,116.81
2008-02-11,115.81,116.31,US DOLLAR,15147,2008-02-11,116.81
2008-02-12,115.81,116.31,US DOLLAR,15148,2008-02-12,116.81
2008-02-13,115.78,116.28,US DOLLAR,15149,2008-02-13,116.78
2008-02-14,115.78,116.28,US DOLLAR,15150,2008-02-14,116.78
2008-02-15,115.78,116.28,US DOLLAR,15151,2008-02-15,116.78
2008-02-18,115.78,116.28,US DOLLAR,15152,2008-02-18,116.78
2008-02-19,115.78,116.28,US DOLLAR,15153,2008-02-19,116.78
2008-02-20,115.78,116.28,US DOLLAR,15154,2008-02-20,116.78
2008-02-21,115.78,116.28,US DOLLAR,15155,2008-02-21,116.78
2008-02-22,115.78,116.28,US DOLLAR,15156,2008-02-22,116.78
2008-02-25,115.78,116.28,US DOLLAR,15157,2008-02-25,116.78
2008-02-26,115.78,116.28,US DOLLAR,15158,2008-02-26,116.78
2008-02-27,115.78,116.28,US DOLLAR,15159,2008-02-27,116.78
2008-02-28,115.78,116.28,US DOLLAR,15160,2008-02-28,116.78
2008-02-29,115.78,116.28,US DOLLAR,15161,2008-02-29,116.78
2008-03-03,115.78,116.28,US DOLLAR,15162,2008-03-03,116.78
2008-03-04,115.78,116.28,US DOLLAR,15163,2008-03-04,116.78
2008-03-05,115.78,116.28,US DOLLAR,15164,2008-03-05,116.78
2008-03-06,115.78,116.28,US DOLLAR,15165,2008-03-06,116.78
2008-03-07,115.78,116.28,US DOLLAR,15166,2008-03-07,116.78
2008-03-10,115.78,116.28,US DOLLAR,15167,2008-03-10,116.78
2008-03-11,115.78,116.28,US DOLLAR,15168,2008-03-11,116.78
2008-03-12,115.75,116.25,US DOLLAR,15169,2008-03-12,116.75
2008-03-13,115.75,116.25,US DOLLAR,15170,2008-03-13,116.75
2008-03-14,115.75,116.25,US DOLLAR,15171,2008-03-14,116.75
2008-03-17,115.73,116.23,US DOLLAR,15172,2008-03-17,116.73
2008-03-18,115.73,116.23,US DOLLAR,15173,2008-03-18,116.73
2008-03-20,115.73,116.23,US DOLLAR,15174,2008-03-20,116.73
2008-03-25,115.73,116.23,US DOLLAR,15175,2008-03-25,116.73
2008-03-26,115.73,116.23,US DOLLAR,15176,2008-03-26,116.73
2008-03-27,115.73,116.23,US DOLLAR,15177,2008-03-27,116.73
2008-03-28,115.73,116.23,US DOLLAR,15178,2008-03-28,116.73
2008-03-31,115.73,116.23,US DOLLAR,15179,2008-03-31,116.73
2008-04-01,115.73,116.23,US DOLLAR,15180,2008-04-01,116.73
2008-04-02,115.73,116.23,US DOLLAR,15181,2008-04-02,116.73
2008-04-03,115.73,116.23,US DOLLAR,15182,2008-04-03,116.73
2008-04-04,115.73,116.23,US DOLLAR,15183,2008-04-04,116.73
2008-04-07,115.73,116.23,US DOLLAR,15184,2008-04-07,116.73
2008-04-08,115.73,116.23,US DOLLAR,15185,2008-04-08,116.73
2008-04-09,115.7,116.2,US DOLLAR,15186,2008-04-09,116.7
2008-04-10,115.7,116.2,US DOLLAR,15187,2008-04-10,116.7
2008-04-11,115.7,116.2,US DOLLAR,15188,2008-04-11,116.7
2008-04-14,115.7,116.2,US DOLLAR,15189,2008-04-14,116.7
2008-04-15,115.7,116.2,US DOLLAR,15190,2008-04-15,116.7
2008-04-16,115.7,116.2,US DOLLAR,15191,2008-04-16,116.7
2008-04-17,115.7,116.2,US DOLLAR,15192,2008-04-17,116.7
2008-04-18,115.7,116.2,US DOLLAR,15193,2008-04-18,116.7
2008-04-21,115.7,116.2,US DOLLAR,15194,2008-04-21,116.7
2008-04-22,115.7,116.2,US DOLLAR,15195,2008-04-22,116.7
2008-04-23,115.7,116.2,US DOLLAR,15196,2008-04-23,116.7
2008-04-24,115.7,116.2,US DOLLAR,15197,2008-04-24,116.7
2008-04-25,115.7,116.2,US DOLLAR,15198,2008-04-25,116.7
2008-04-28,115.7,116.2,US DOLLAR,15199,2008-04-28,116.7
2008-04-29,115.7,116.2,US DOLLAR,15200,2008-04-29,116.7
2008-04-30,115.7,116.2,US DOLLAR,15201,2008-04-30,116.7
2008-05-02,115.7,116.2,US DOLLAR,15202,2008-05-02,116.7
2008-05-05,115.68,116.18,US DOLLAR,15203,2008-05-05,116.68
2008-05-06,115.68,116.18,US DOLLAR,15204,2008-05-06,116.68
2008-05-07,115.68,116.18,US DOLLAR,15205,2008-05-07,116.68
2008-05-08,115.68,116.18,US DOLLAR,15206,2008-05-08,116.68
2008-05-09,115.68,116.18,US DOLLAR,15207,2008-05-09,116.68
2008-05-12,115.68,116.18,US DOLLAR,15208,2008-05-12,116.68
2008-05-13,115.68,116.18,US DOLLAR,15209,2008-05-13,116.68
2008-05-14,115.66,116.16,US DOLLAR,15210,2008-05-14,116.66
2008-05-15,115.66,116.16,US DOLLAR,15211,2008-05-15,116.66
2008-05-16,115.66,116.16,US DOLLAR,15212,2008-05-16,116.66
2008-05-19,115.66,116.16,US DOLLAR,15213,2008-05-19,116.66
2008-05-20,115.66,116.16,US DOLLAR,15214,2008-05-20,116.66
2008-05-21,115.66,116.16,US DOLLAR,15215,2008-05-21,116.66
2008-05-22,115.66,116.16,US DOLLAR,15216,2008-05-22,116.66
2008-05-23,115.66,116.16,US DOLLAR,15217,2008-05-23,116.66
2008-05-26,115.66,116.16,US DOLLAR,15218,2008-05-26,116.66
2008-05-27,115.66,116.16,US DOLLAR,15219,2008-05-27,116.66
2008-05-28,115.66,116.16,US DOLLAR,15220,2008-05-28,116.66
2008-05-30,115.66,116.16,US DOLLAR,15221,2008-05-30,116.66
2008-06-02,115.65,116.15,US DOLLAR,15222,2008-06-02,116.65
2008-06-03,115.65,116.15,US DOLLAR,15223,2008-06-03,116.65
2008-06-04,115.65,116.15,US DOLLAR,15224,2008-06-04,116.65
2008-06-05,115.65,116.15,US DOLLAR,15225,2008-06-05,116.65
2008-06-06,115.65,116.15,US DOLLAR,15226,2008-06-06,116.65
2008-06-09,115.65,116.15,US DOLLAR,15227,2008-06-09,116.65
2008-06-10,115.65,116.15,US DOLLAR,15228,2008-06-10,116.65
2008-06-11,115.65,116.15,US DOLLAR,15229,2008-06-11,116.65
2008-06-12,115.65,116.15,US DOLLAR,15230,2008-06-12,116.65
2008-06-13,115.65,116.15,US DOLLAR,15231,2008-06-13,116.65
2008-06-16,115.64,116.14,US DOLLAR,15232,2008-06-16,116.64
2008-06-17,115.64,116.14,US DOLLAR,15233,2008-06-17,116.64
2008-06-18,115.64,116.14,US DOLLAR,15234,2008-06-18,116.64
2008-06-19,115.64,116.14,US DOLLAR,15235,2008-06-19,116.64
2008-06-20,115.64,116.14,US DOLLAR,15236,2008-06-20,116.64
2008-06-23,115.64,116.14,US DOLLAR,15237,2008-06-23,116.64
2008-06-24,115.64,116.14,US DOLLAR,15238,2008-06-24,116.64
2008-06-25,115.63,116.13,US DOLLAR,15239,2008-06-25,116.63
2008-06-26,115.63,116.13,US DOLLAR,15240,2008-06-26,116.63
2008-06-27,115.63,116.13,US DOLLAR,15241,2008-06-27,116.63
2008-06-30,115.63,116.13,US DOLLAR,15242,2008-06-30,116.63
2008-07-01,115.63,116.13,US DOLLAR,15243,2008-07-01,116.63
2008-07-02,115.62,116.12,US DOLLAR,15244,2008-07-02,116.62
2008-07-03,115.62,116.12,US DOLLAR,15245,2008-07-03,116.62
2008-07-04,115.62,116.12,US DOLLAR,15246,2008-07-04,116.62
2008-07-07,115.62,116.12,US DOLLAR,15247,2008-07-07,116.62
2008-07-08,115.62,116.12,US DOLLAR,15248,2008-07-08,116.62
2008-07-09,115.6,116.1,US DOLLAR,15249,2008-07-09,116.6
2008-07-10,115.6,116.1,US DOLLAR,15250,2008-07-10,116.6
2008-07-11,115.6,116.1,US DOLLAR,15251,2008-07-11,116.6
2008-07-14,115.6,116.1,US DOLLAR,15252,2008-07-14,116.6
2008-07-15,115.6,116.1,US DOLLAR,15253,2008-07-15,116.6
2008-07-16,115.6,116.1,US DOLLAR,15254,2008-07-16,116.6
2008-07-17,115.6,116.1,US DOLLAR,15255,2008-07-17,116.6
2008-07-18,115.6,116.1,US DOLLAR,15256,2008-07-18,116.6
2008-07-21,115.6,116.1,US DOLLAR,15257,2008-07-21,116.6
2008-07-22,115.6,116.1,US DOLLAR,15258,2008-07-22,116.6
2008-07-23,115.59,116.09,US DOLLAR,15259,2008-07-23,116.59
2008-07-24,115.59,116.09,US DOLLAR,15260,2008-07-24,116.59
2008-07-25,115.59,116.09,US DOLLAR,15261,2008-07-25,116.59
2008-07-28,115.59,116.09,US DOLLAR,15262,2008-07-28,116.59
2008-07-29,115.59,116.09,US DOLLAR,15263,2008-07-29,116.59
2008-07-30,115.59,116.09,US DOLLAR,15264,2008-07-30,116.59
2008-07-31,115.59,116.09,US DOLLAR,15265,2008-07-31,116.59
2008-08-01,15.59,66.09,US DOLLAR,15266,2008-08-01,116.59
2008-08-04,115.59,116.09,US DOLLAR,15267,2008-08-04,116.59
2008-08-05,115.59,116.09,US DOLLAR,15268,2008-08-05,116.59
2008-08-06,115.58,116.08,US DOLLAR,15269,2008-08-06,116.58
2008-08-07,115.58,116.08,US DOLLAR,15270,2008-08-07,116.58
2008-08-08,115.58,116.08,US DOLLAR,15271,2008-08-08,116.58
2008-08-11,115.58,116.08,US DOLLAR,15272,2008-08-11,116.58
2008-08-12,115.58,116.08,US DOLLAR,15273,2008-08-12,116.58
2008-08-13,115.58,116.08,US DOLLAR,15274,2008-08-13,116.58
2008-08-14,115.58,116.08,US DOLLAR,15275,2008-08-14,116.58
2008-08-15,115.58,116.08,US DOLLAR,15276,2008-08-15,116.58
2008-08-18,115.58,116.08,US DOLLAR,15277,2008-08-18,116.58
2008-08-19,115.58,116.08,US DOLLAR,15278,2008-08-19,116.58
2008-08-20,115.57,116.07,US DOLLAR,15279,2008-08-20,116.57
2008-08-21,115.57,116.07,US DOLLAR,15280,2008-08-21,116.57
2008-08-22,115.57,116.07,US DOLLAR,15281,2008-08-22,116.57
2008-08-25,115.57,116.07,US DOLLAR,15282,2008-08-25,116.57
2008-08-26,115.57,116.07,US DOLLAR,15283,2008-08-26,116.57
2008-08-27,115.56,116.06,US DOLLAR,15284,2008-08-27,116.56
2008-08-28,115.56,116.06,US DOLLAR,15285,2008-08-28,116.56
2008-08-29,115.56,116.06,US DOLLAR,15286,2008-08-29,116.56
2008-09-01,115.56,116.06,US DOLLAR,15287,2008-09-01,116.56
2008-09-02,115.56,116.06,US DOLLAR,15288,2008-09-02,116.56
2008-09-03,115.56,116.06,US DOLLAR,15289,2008-09-03,116.56
2008-09-04,115.56,116.06,US DOLLAR,15290,2008-09-04,116.56
2008-09-05,115.56,116.06,US DOLLAR,15291,2008-09-05,116.56
2008-09-08,115.56,116.06,US DOLLAR,15292,2008-09-08,116.56
2008-09-09,115.56,116.06,US DOLLAR,15293,2008-09-09,116.56
2008-09-10,115.56,116.06,US DOLLAR,15294,2008-09-10,116.56
2008-09-11,115.56,116.06,US DOLLAR,15295,2008-09-11,116.56
2008-09-12,115.56,116.06,US DOLLAR,15296,2008-09-12,116.56
2008-09-15,115.56,116.06,US DOLLAR,15297,2008-09-15,116.56
2008-09-16,115.56,116.06,US DOLLAR,15298,2008-09-16,116.56
2008-09-17,115.56,116.06,US DOLLAR,15299,2008-09-17,116.56
2008-09-18,115.56,116.06,US DOLLAR,15300,2008-09-18,116.56
2008-09-19,115.56,116.06,US DOLLAR,15301,2008-09-19,116.56
2008-09-22,115.56,116.06,US DOLLAR,15302,2008-09-22,116.56
2008-09-23,115.56,116.06,US DOLLAR,15303,2008-09-23,116.56
2008-09-24,115.56,116.06,US DOLLAR,15304,2008-09-24,116.56
2008-09-25,115.56,116.06,US DOLLAR,15305,2008-09-25,116.56
2008-09-26,115.56,116.06,US DOLLAR,15306,2008-09-26,116.56
2008-10-02,115.56,116.06,US DOLLAR,15307,2008-10-02,116.56
2008-10-03,115.56,116.06,US DOLLAR,15308,2008-10-03,116.56
2008-10-06,115.55,116.05,US DOLLAR,15309,2008-10-06,116.55
2008-10-07,115.55,116.05,US DOLLAR,15310,2008-10-07,116.55
2008-10-08,115.55,116.05,US DOLLAR,15311,2008-10-08,116.55
2008-10-09,115.55,116.05,US DOLLAR,15312,2008-10-09,116.55
2008-10-10,115.55,116.05,US DOLLAR,15313,2008-10-10,116.55
2008-10-13,115.55,116.05,US DOLLAR,15314,2008-10-13,116.55
2008-10-14,115.55,116.05,US DOLLAR,15315,2008-10-14,116.55
2008-10-15,115.55,116.05,US DOLLAR,15316,2008-10-15,116.55
2008-10-16,115.55,116.05,US DOLLAR,15317,2008-10-16,116.55
2008-10-17,115.55,116.05,US DOLLAR,15318,2008-10-17,116.55
2008-10-20,115.56,116.06,US DOLLAR,15319,2008-10-20,116.56
2008-10-21,115.56,116.06,US DOLLAR,15320,2008-10-21,116.56
2008-10-22,115.57,116.07,US DOLLAR,15321,2008-10-22,116.57
2008-10-23,115.57,116.07,US DOLLAR,15322,2008-10-23,116.57
2008-10-24,115.57,116.07,US DOLLAR,15323,2008-10-24,116.57
2008-10-27,115.57,116.07,US DOLLAR,15324,2008-10-27,116.57
2008-10-28,115.57,116.07,US DOLLAR,15325,2008-10-28,116.57
2008-10-29,115.57,116.07,US DOLLAR,15326,2008-10-29,116.57
2008-10-30,115.57,116.07,US DOLLAR,15327,2008-10-30,116.57
2008-10-31,115.57,116.07,US DOLLAR,15328,2008-10-31,116.57
2008-11-03,115.57,116.07,US DOLLAR,15329,2008-11-03,116.57
2008-11-04,115.57,116.07,US DOLLAR,15330,2008-11-04,116.57
2008-11-05,115.57,116.07,US DOLLAR,15331,2008-11-05,116.57
2008-11-06,115.57,116.07,US DOLLAR,15332,2008-11-06,116.57
2008-11-07,115.57,116.07,US DOLLAR,15333,2008-11-07,116.57
2008-11-10,115.57,116.07,US DOLLAR,15334,2008-11-10,116.57
2008-11-11,115.57,116.07,US DOLLAR,15335,2008-11-11,116.57
2008-11-12,115.57,116.07,US DOLLAR,15336,2008-11-12,116.57
2008-11-13,115.57,116.07,US DOLLAR,15337,2008-11-13,116.57
2008-11-14,115.57,116.07,US DOLLAR,15338,2008-11-14,116.57
2008-11-17,115.57,116.07,US DOLLAR,15339,2008-11-17,116.57
2008-11-18,115.57,116.07,US DOLLAR,15340,2008-11-18,116.57
2008-11-19,115.57,116.07,US DOLLAR,15341,2008-11-19,116.57
2008-11-20,115.57,116.07,US DOLLAR,15342,2008-11-20,116.57
2008-11-21,115.57,116.07,US DOLLAR,15343,2008-11-21,116.57
2008-11-24,115.58,116.08,US DOLLAR,15344,2008-11-24,116.58
2008-11-25,115.58,116.08,US DOLLAR,15345,2008-11-25,116.58
2008-11-26,115.62,116.12,US DOLLAR,15346,2008-11-26,116.62
2008-11-27,115.62,116.12,US DOLLAR,15347,2008-11-27,116.62
2008-11-28,115.62,116.12,US DOLLAR,15348,2008-11-28,116.62
2008-12-01,117.32,117.82,US DOLLAR,15349,2008-12-01,118.32
2008-12-02,117.32,117.82,US DOLLAR,15350,2008-12-02,118.32
2008-12-03,125.1,125.6,US DOLLAR,15351,2008-12-03,126.1
2008-12-04,125.1,125.6,US DOLLAR,15352,2008-12-04,126.1
2008-12-05,125.1,125.6,US DOLLAR,15353,2008-12-05,126.1
2008-12-10,130.25,130.75,US DOLLAR,15354,2008-12-10,131.25
2008-12-11,130.25,130.75,US DOLLAR,15355,2008-12-11,131.25
2008-12-12,130.25,130.75,US DOLLAR,15356,2008-12-12,131.25
2008-12-15,130.25,130.75,US DOLLAR,15357,2008-12-15,131.25
2008-12-16,130.25,130.75,US DOLLAR,15358,2008-12-16,131.25
2008-12-17,130.25,130.75,US DOLLAR,15359,2008-12-17,131.25
2008-12-18,130.25,130.75,US DOLLAR,15360,2008-12-18,131.25
2008-12-19,130.25,130.75,US DOLLAR,15361,2008-12-19,131.25
2008-12-22,130.25,130.75,US DOLLAR,15362,2008-12-22,131.25
2008-12-23,130.25,130.75,US DOLLAR,15363,2008-12-23,131.25
2008-12-24,130.25,130.75,US DOLLAR,15364,2008-12-24,131.25
2008-12-29,130.25,130.75,US DOLLAR,15365,2008-12-29,131.25
2008-12-30,130.25,130.75,US DOLLAR,15366,2008-12-30,131.25
2008-12-31,130.25,130.75,US DOLLAR,15367,2008-12-31,131.25
2009-01-02,130.25,130.75,US DOLLAR,15368,2009-01-02,131.25
2009-01-05,130.25,130.75,US DOLLAR,15369,2009-01-05,131.25
2009-01-06,130.25,130.75,US DOLLAR,15370,2009-01-06,131.25
2009-01-07,138.03,138.53,US DOLLAR,15371,2009-01-07,139.03
2009-01-08,140,140.5,US DOLLAR,15372,2009-01-08,141
2009-01-09,143,143.5,US DOLLAR,15373,2009-01-09,144
2009-01-12,149,149.5,US DOLLAR,15374,2009-01-12,150
2009-01-13,149,149.5,US DOLLAR,15375,2009-01-13,150
2009-01-14,149,149.5,US DOLLAR,15376,2009-01-14,150
2009-01-15,145.54,146.04,US DOLLAR,15377,2009-01-15,146.54
2009-01-16,142.57,143.07,US DOLLAR,15378,2009-01-16,143.57
2009-01-19,143.01,143.51,US DOLLAR,15379,2009-01-19,144.01
2009-01-20,143.01,143.51,US DOLLAR,15380,2009-01-20,144.01
2009-01-21,143,143.5,US DOLLAR,15381,2009-01-21,144
2009-01-22,143,143.5,US DOLLAR,15382,2009-01-22,144
2009-01-23,143,143.5,US DOLLAR,15383,2009-01-23,144
2009-01-26,143.1,143.6,US DOLLAR,15384,2009-01-26,144.1
2009-01-27,143.1,143.6,US DOLLAR,15385,2009-01-27,144.1
2009-01-28,143.51,144.01,US DOLLAR,15386,2009-01-28,144.51
2009-01-30,143.51,144.01,US DOLLAR,15387,2009-01-30,144.51
2009-02-02,144.3,144.8,US DOLLAR,15388,2009-02-02,145.3
2009-02-03,144.3,144.8,US DOLLAR,15389,2009-02-03,145.3
2009-02-04,144.3,144.8,US DOLLAR,15390,2009-02-04,145.3
2009-02-05,144.3,144.8,US DOLLAR,15391,2009-02-05,145.3
2009-02-06,144.3,144.8,US DOLLAR,15392,2009-02-06,145.3
2009-02-09,144.85,145.35,US DOLLAR,15393,2009-02-09,145.85
2009-02-10,144.85,145.35,US DOLLAR,15394,2009-02-10,145.85
2009-02-11,144.5,145,US DOLLAR,15395,2009-02-11,145.5
2009-02-12,144.5,145,US DOLLAR,15396,2009-02-12,145.5
2009-02-13,144.5,145,US DOLLAR,15397,2009-02-13,145.5
2009-02-16,144.9,145.4,US DOLLAR,15398,2009-02-16,145.9
2009-02-17,144.9,145.4,US DOLLAR,15399,2009-02-17,145.9
2009-02-18,144.9,145.4,US DOLLAR,15400,2009-02-18,145.9
2009-02-19,144.9,145.4,US DOLLAR,15401,2009-02-19,145.9
2009-02-20,144.9,145.4,US DOLLAR,15402,2009-02-20,145.9
2009-02-23,144.9,145.4,US DOLLAR,15403,2009-02-23,145.9
2009-02-24,144.9,145.4,US DOLLAR,15404,2009-02-24,145.9
2009-02-25,144.85,145.35,US DOLLAR,15405,2009-02-25,145.85
2009-02-26,144.85,145.35,US DOLLAR,15406,2009-02-26,145.85
2009-02-27,144.85,145.35,US DOLLAR,15407,2009-02-27,145.85
2009-03-02,145.02,145.52,US DOLLAR,15408,2009-03-02,146.02
2009-03-03,145.02,145.52,US DOLLAR,15409,2009-03-03,146.02
2009-03-04,145.28,145.78,US DOLLAR,15410,2009-03-04,146.28
2009-03-05,145.28,145.78,US DOLLAR,15411,2009-03-05,146.28
2009-03-06,145.28,145.78,US DOLLAR,15412,2009-03-06,146.28
2009-03-10,145.28,145.78,US DOLLAR,15413,2009-03-10,146.28
2009-03-11,145.6,146.1,US DOLLAR,15414,2009-03-11,146.6
2009-03-12,145.6,146.1,US DOLLAR,15415,2009-03-12,146.6
2009-03-13,145.6,146.1,US DOLLAR,15416,2009-03-13,146.6
2009-03-16,145.6,146.1,US DOLLAR,15417,2009-03-16,146.6
2009-03-17,145.6,146.1,US DOLLAR,15418,2009-03-17,146.6
2009-03-18,145.95,146.45,US DOLLAR,15419,2009-03-18,146.95
2009-03-19,146.2,146.7,US DOLLAR,15420,2009-03-19,147.2
2009-03-20,146.51,147.01,US DOLLAR,15421,2009-03-20,147.51
2009-03-23,145,145.5,US DOLLAR,15422,2009-03-23,146
2009-03-24,145,145.5,US DOLLAR,15423,2009-03-24,146
2009-03-25,144.78,145.28,US DOLLAR,15424,2009-03-25,145.78
2009-03-26,144.5,145,US DOLLAR,15425,2009-03-26,145.5
2009-03-27,144.75,145.25,US DOLLAR,15426,2009-03-27,145.75
2009-03-30,144.75,145.25,US DOLLAR,15427,2009-03-30,145.75
2009-03-31,144.7,145.2,US DOLLAR,15428,2009-03-31,145.7
2009-04-01,144.78,145.28,US DOLLAR,15429,2009-04-01,145.78
2009-04-02,144.75,145.25,US DOLLAR,15430,2009-04-02,145.75
2009-04-03,144.7,145.2,US DOLLAR,15431,2009-04-03,145.7
2009-04-06,144.7,145.2,US DOLLAR,15432,2009-04-06,145.7
2009-04-07,144.8,145.3,US DOLLAR,15433,2009-04-07,145.8
2009-04-08,144.8,145.3,US DOLLAR,15434,2009-04-08,145.8
2009-04-09,144.8,145.3,US DOLLAR,15435,2009-04-09,145.8
2009-04-14,144.75,145.25,US DOLLAR,15436,2009-04-14,145.75
2009-04-15,144.9,145.4,US DOLLAR,15437,2009-04-15,145.9
2009-04-16,144.9,145.4,US DOLLAR,15438,2009-04-16,145.9
2009-04-17,144.9,145.4,US DOLLAR,15439,2009-04-17,145.9
2009-04-20,144.5,145,US DOLLAR,15440,2009-04-20,145.5
2009-04-21,145.01,145.51,US DOLLAR,15441,2009-04-21,146.01
2009-04-22,144.9,145.4,US DOLLAR,15442,2009-04-22,145.9
2009-04-23,144.5,145,US DOLLAR,15443,2009-04-23,145.5
2009-04-24,144.5,145,US DOLLAR,15444,2009-04-24,145.5
2009-04-27,144.7,145.2,US DOLLAR,15445,2009-04-27,145.7
2009-04-28,144.7,145.2,US DOLLAR,15446,2009-04-28,145.7
2009-04-29,144.9,145.4,US DOLLAR,15447,2009-04-29,145.9
2009-04-30,144.9,145.4,US DOLLAR,15448,2009-04-30,145.9
2009-05-04,145,145.5,US DOLLAR,15449,2009-05-04,146
2009-05-05,145,145.5,US DOLLAR,15450,2009-05-05,146
2009-05-06,145.01,145.51,US DOLLAR,15451,2009-05-06,146.01
2009-05-07,145.01,145.51,US DOLLAR,15452,2009-05-07,146.01
2009-05-08,145.01,145.51,US DOLLAR,15453,2009-05-08,146.01
2009-05-11,145.05,145.55,US DOLLAR,15454,2009-05-11,146.05
2009-05-12,145.2,145.7,US DOLLAR,15455,2009-05-12,146.2
2009-05-13,145.32,145.82,US DOLLAR,15456,2009-05-13,146.32
2009-05-14,145.32,145.82,US DOLLAR,15457,2009-05-14,146.32
2009-05-15,145.5,146,US DOLLAR,15458,2009-05-15,146.5
2009-05-18,145.53,146.03,US DOLLAR,15459,2009-05-18,146.53
2009-05-19,145.63,146.13,US DOLLAR,15460,2009-05-19,146.63
2009-05-20,145.63,146.13,US DOLLAR,15461,2009-05-20,146.63
2009-05-21,145.63,146.13,US DOLLAR,15462,2009-05-21,146.63
2009-05-22,145.63,146.13,US DOLLAR,15463,2009-05-22,146.63
2009-05-25,145.63,146.13,US DOLLAR,15464,2009-05-25,146.63
2009-05-26,145.7,146.2,US DOLLAR,15465,2009-05-26,146.7
2009-05-27,145.7,146.2,US DOLLAR,15466,2009-05-27,146.7
2009-05-28,145.7,146.2,US DOLLAR,15467,2009-05-28,146.7
2009-06-01,145.7,146.2,US DOLLAR,15468,2009-06-01,146.7
2009-06-02,145.7,146.2,US DOLLAR,15469,2009-06-02,146.7
2009-06-03,145.74,146.24,US DOLLAR,15470,2009-06-03,146.74
2009-06-04,145.74,146.24,US DOLLAR,15471,2009-06-04,146.74
2009-06-05,145.74,146.24,US DOLLAR,15472,2009-06-05,146.74
2009-06-08,145.75,146.25,US DOLLAR,15473,2009-06-08,146.75
2009-06-09,145.75,146.25,US DOLLAR,15474,2009-06-09,146.75
2009-06-10,145.75,146.25,US DOLLAR,15475,2009-06-10,146.75
2009-06-11,145.75,146.25,US DOLLAR,15476,2009-06-11,146.75
2009-06-12,145.75,146.25,US DOLLAR,15477,2009-06-12,146.75
2009-06-15,145.7,146.2,US DOLLAR,15478,2009-06-15,146.7
2009-06-16,145.7,146.2,US DOLLAR,15479,2009-06-16,146.7
2009-06-17,145.7,146.2,US DOLLAR,15480,2009-06-17,146.7
2009-06-18,145.7,146.2,US DOLLAR,15481,2009-06-18,146.7
2009-06-19,145.7,146.2,US DOLLAR,15482,2009-06-19,146.7
2009-06-22,145.76,146.26,US DOLLAR,15483,2009-06-22,146.76
2009-06-23,145.76,146.26,US DOLLAR,15484,2009-06-23,146.76
2009-06-24,145.76,146.26,US DOLLAR,15485,2009-06-24,146.76
2009-06-25,145.76,146.26,US DOLLAR,15486,2009-06-25,146.76
2009-06-26,145.76,146.26,US DOLLAR,15487,2009-06-26,146.76
2009-06-29,145.75,146.25,US DOLLAR,15488,2009-06-29,146.75
2009-06-30,145.75,146.25,US DOLLAR,15489,2009-06-30,146.75
2009-07-01,145.7,146.2,US DOLLAR,15490,2009-07-01,146.7
2009-07-02,145.7,146.2,US DOLLAR,15491,2009-07-02,146.7
2009-07-03,145.7,146.2,US DOLLAR,15492,2009-07-03,146.7
2009-07-06,145.7,146.2,US DOLLAR,15493,2009-07-06,146.7
2009-07-07,145.7,146.2,US DOLLAR,15494,2009-07-07,146.7
2009-07-08,145,145.5,US DOLLAR,15495,2009-07-08,146
2009-07-09,145,145.5,US DOLLAR,15496,2009-07-09,146
2009-07-10,145,145.5,US DOLLAR,15497,2009-07-10,146
2009-07-13,145.1,145.6,US DOLLAR,15498,2009-07-13,146.1
2009-07-14,145.1,145.6,US DOLLAR,15499,2009-07-14,146.1
2009-07-15,145.3,145.8,US DOLLAR,15500,2009-07-15,146.3
2009-07-16,145.3,145.8,US DOLLAR,15501,2009-07-16,146.3
2009-07-17,145.3,145.8,US DOLLAR,15502,2009-07-17,146.3
2009-07-20,145.72,146.22,US DOLLAR,15503,2009-07-20,146.72
2009-07-21,145.72,146.22,US DOLLAR,15504,2009-07-21,146.72
2009-07-22,146.38,146.88,US DOLLAR,15505,2009-07-22,147.38
2009-07-23,146.38,146.88,US DOLLAR,15506,2009-07-23,147.38
2009-07-24,146.38,146.88,US DOLLAR,15507,2009-07-24,147.38
2009-07-27,147.41,147.91,US DOLLAR,15508,2009-07-27,148.41
2009-07-28,147.41,147.91,US DOLLAR,15509,2009-07-28,148.41
2009-07-29,148.75,149.25,US DOLLAR,15510,2009-07-29,149.75
2009-07-30,148.75,149.25,US DOLLAR,15511,2009-07-30,149.75
2009-07-31,148.75,149.25,US DOLLAR,15512,2009-07-31,149.75
2009-08-03,149.25,149.75,US DOLLAR,15513,2009-08-03,150.25
2009-08-04,149.25,149.75,US DOLLAR,15514,2009-08-04,150.25
2009-08-05,149.31,149.81,US DOLLAR,15515,2009-08-05,150.31
2009-08-06,149.31,149.81,US DOLLAR,15516,2009-08-06,150.31
2009-08-07,149.31,149.81,US DOLLAR,15517,2009-08-07,150.31
2009-08-10,149.01,149.51,US DOLLAR,15518,2009-08-10,150.01
2009-08-11,149.01,149.51,US DOLLAR,15519,2009-08-11,150.01
2009-08-12,149.06,149.56,US DOLLAR,15520,2009-08-12,150.06
2009-08-13,149.06,149.56,US DOLLAR,15521,2009-08-13,150.06
2009-08-14,149.06,149.56,US DOLLAR,15522,2009-08-14,150.06
2009-08-17,149.27,149.77,US DOLLAR,15523,2009-08-17,150.27
2009-08-18,149.27,149.77,US DOLLAR,15524,2009-08-18,150.27
2009-08-19,149.32,149.82,US DOLLAR,15525,2009-08-19,150.32
2009-08-20,149.32,149.82,US DOLLAR,15526,2009-08-20,150.32
2009-08-21,149.32,149.82,US DOLLAR,15527,2009-08-21,150.32
2009-08-24,149.46,149.96,US DOLLAR,15528,2009-08-24,150.46
2009-08-25,149.46,149.96,US DOLLAR,15529,2009-08-25,150.46
2009-08-26,149.6,150.1,US DOLLAR,15530,2009-08-26,150.6
2009-08-27,149.6,150.1,US DOLLAR,15531,2009-08-27,150.6
2009-08-28,149.6,150.1,US DOLLAR,15532,2009-08-28,150.6
2009-08-31,149.91,150.41,US DOLLAR,15533,2009-08-31,150.91
2009-09-01,149.91,150.41,US DOLLAR,15534,2009-09-01,150.91
2009-09-02,150.37,150.87,US DOLLAR,15535,2009-09-02,151.37
2009-09-03,150.37,150.87,US DOLLAR,15536,2009-09-03,151.37
2009-09-04,150.37,150.87,US DOLLAR,15537,2009-09-04,151.37
2009-09-07,150.81,151.31,US DOLLAR,15538,2009-09-07,151.81
2009-09-08,150.81,151.31,US DOLLAR,15539,2009-09-08,151.81
2009-09-09,150.91,151.41,US DOLLAR,15540,2009-09-09,151.91
2009-09-10,150.91,151.41,US DOLLAR,15541,2009-09-10,151.91
2009-09-11,150.91,151.41,US DOLLAR,15542,2009-09-11,151.91
2009-09-14,150.81,151.31,US DOLLAR,15543,2009-09-14,151.81
2009-09-15,150.81,151.31,US DOLLAR,15544,2009-09-15,151.81
2009-09-16,150.61,151.11,US DOLLAR,15545,2009-09-16,151.61
2009-09-17,150.61,151.11,US DOLLAR,15546,2009-09-17,151.61
2009-09-18,150.61,151.11,US DOLLAR,15547,2009-09-18,151.61
2009-09-23,150.01,150.51,US DOLLAR,15548,2009-09-23,151.01
2009-09-24,150.01,150.51,US DOLLAR,15549,2009-09-24,151.01
2009-09-25,150.01,150.51,US DOLLAR,15550,2009-09-25,151.01
2009-09-28,148.51,149.01,US DOLLAR,15551,2009-09-28,149.51
2009-09-29,148.51,149.01,US DOLLAR,15552,2009-09-29,149.51
2009-09-30,146.32,146.82,US DOLLAR,15553,2009-09-30,147.32
2009-10-02,146.32,146.82,US DOLLAR,15554,2009-10-02,147.32
2009-10-05,145.51,146.01,US DOLLAR,15555,2009-10-05,146.51
2009-10-06,145.51,146.01,US DOLLAR,15556,2009-10-06,146.51
2009-10-07,145.51,146.01,US DOLLAR,15557,2009-10-07,146.51
2009-10-08,145.51,146.01,US DOLLAR,15558,2009-10-08,146.51
2009-10-09,145.51,146.01,US DOLLAR,15559,2009-10-09,146.51
2009-10-12,146.03,146.53,US DOLLAR,15560,2009-10-12,147.03
2009-10-13,146.03,146.53,US DOLLAR,15561,2009-10-13,147.03
2009-10-14,146.86,147.36,US DOLLAR,15562,2009-10-14,147.86
2009-10-15,146.86,147.36,US DOLLAR,15563,2009-10-15,147.86
2009-10-16,146.86,147.36,US DOLLAR,15564,2009-10-16,147.86
2009-10-19,147.21,147.71,US DOLLAR,15565,2009-10-19,148.21
2009-10-20,147.21,147.71,US DOLLAR,15566,2009-10-20,148.21
2009-10-21,147.61,148.11,US DOLLAR,15567,2009-10-21,148.61
2009-10-22,147.61,148.11,US DOLLAR,15568,2009-10-22,148.61
2009-10-23,147.61,148.11,US DOLLAR,15569,2009-10-23,148.61
2009-10-26,148.14,148.64,US DOLLAR,15570,2009-10-26,149.14
2009-10-27,148.14,148.64,US DOLLAR,15571,2009-10-27,149.14
2009-10-28,148.14,148.64,US DOLLAR,15572,2009-10-28,149.14
2009-10-29,148.14,148.64,US DOLLAR,15573,2009-10-29,149.14
2009-10-30,148.14,148.64,US DOLLAR,15574,2009-10-30,149.14
2009-11-02,148.35,148.85,US DOLLAR,15575,2009-11-02,149.35
2009-11-03,148.35,148.85,US DOLLAR,15576,2009-11-03,149.35
2009-11-04,148.63,149.13,US DOLLAR,15577,2009-11-04,149.63
2009-11-05,148.63,149.13,US DOLLAR,15578,2009-11-05,149.63
2009-11-06,148.63,149.13,US DOLLAR,15579,2009-11-06,149.63
2009-11-09,149.02,149.52,US DOLLAR,15580,2009-11-09,150.02
2009-11-10,149.02,149.52,US DOLLAR,15581,2009-11-10,150.02
2009-11-11,149.11,149.61,US DOLLAR,15582,2009-11-11,150.11
2009-11-12,149.11,149.61,US DOLLAR,15583,2009-11-12,150.11
2009-11-13,149.11,149.61,US DOLLAR,15584,2009-11-13,150.11
2009-11-16,149.11,149.61,US DOLLAR,15585,2009-11-16,150.11
2009-11-17,149.11,149.61,US DOLLAR,15586,2009-11-17,150.11
2009-11-18,148.75,149.25,US DOLLAR,15587,2009-11-18,149.75
2009-11-19,148.75,149.25,US DOLLAR,15588,2009-11-19,149.75
2009-11-20,148.75,149.25,US DOLLAR,15589,2009-11-20,149.75
2009-11-23,147.4,147.9,US DOLLAR,15590,2009-11-23,148.4
2009-11-25,147.5,148,US DOLLAR,15591,2009-11-25,148.5
2009-11-30,147.31,147.81,US DOLLAR,15592,2009-11-30,148.31
2009-12-01,147.31,147.81,US DOLLAR,15593,2009-12-01,148.31
2009-12-02,147.31,147.81,US DOLLAR,15594,2009-12-02,148.31
2009-12-03,147.31,147.81,US DOLLAR,15595,2009-12-03,148.31
2009-12-04,147.31,147.81,US DOLLAR,15596,2009-12-04,148.31
2009-12-07,148.09,148.59,US DOLLAR,15597,2009-12-07,149.09
2009-12-08,148.09,148.59,US DOLLAR,15598,2009-12-08,149.09
2009-12-09,147,147.5,US DOLLAR,15599,2009-12-09,148
2009-12-10,147,147.5,US DOLLAR,15600,2009-12-10,148
2009-12-11,147,147.5,US DOLLAR,15601,2009-12-11,148
2009-12-14,147,147.5,US DOLLAR,15602,2009-12-14,148
2009-12-15,147,147.5,US DOLLAR,15603,2009-12-15,148
2009-12-16,147.1,147.6,US DOLLAR,15604,2009-12-16,148.1
2009-12-17,147.1,147.6,US DOLLAR,15605,2009-12-17,148.1
2009-12-18,147.1,147.6,US DOLLAR,15606,2009-12-18,148.1
2009-12-21,147.1,147.6,US DOLLAR,15607,2009-12-21,148.1
2009-12-22,147.1,147.6,US DOLLAR,15608,2009-12-22,148.1
2009-12-23,147.1,147.6,US DOLLAR,15609,2009-12-23,148.1
2009-12-28,147.1,147.6,US DOLLAR,15610,2009-12-28,148.1
2009-12-29,147.1,147.6,US DOLLAR,15611,2009-12-29,148.1
2009-12-30,147.1,147.6,US DOLLAR,15612,2009-12-30,148.1
2009-12-31,147.1,147.6,US DOLLAR,15613,2009-12-31,148.1
2010-01-04,146.6,147.1,US DOLLAR,15614,2010-01-04,147.6
2010-01-05,146.6,147.1,US DOLLAR,15615,2010-01-05,147.6
2010-01-06,146.91,147.41,US DOLLAR,15616,2010-01-06,147.91
2010-01-07,146.91,147.41,US DOLLAR,15617,2010-01-07,147.91
2010-01-08,146.91,147.41,US DOLLAR,15618,2010-01-08,147.91
2010-01-11,147.41,147.91,US DOLLAR,15619,2010-01-11,148.41
2010-01-12,147.41,147.91,US DOLLAR,15620,2010-01-12,148.41
2010-01-13,147.83,148.33,US DOLLAR,15621,2010-01-13,148.83
2010-01-14,147.83,148.33,US DOLLAR,15622,2010-01-14,148.83
2010-01-15,147.83,148.33,US DOLLAR,15623,2010-01-15,148.83
2010-01-18,147.03,147.53,US DOLLAR,15624,2010-01-18,148.03
2010-01-19,147.03,147.53,US DOLLAR,15625,2010-01-19,148.03
2010-01-20,147.13,147.63,US DOLLAR,15626,2010-01-20,148.13
2010-01-21,147.13,147.63,US DOLLAR,15627,2010-01-21,148.13
2010-01-22,147.13,147.63,US DOLLAR,15628,2010-01-22,148.13
2010-01-25,147.63,148.13,US DOLLAR,15629,2010-01-25,148.63
2010-01-26,147.63,148.13,US DOLLAR,15630,2010-01-26,148.63
2010-01-27,147.83,148.33,US DOLLAR,15631,2010-01-27,148.83
2010-01-28,147.83,148.33,US DOLLAR,15632,2010-01-28,148.83
2010-01-29,147.83,148.33,US DOLLAR,15633,2010-01-29,148.83
2010-02-01,148,148.5,US DOLLAR,15634,2010-02-01,149
2010-02-02,148,148.5,US DOLLAR,15635,2010-02-02,149
2010-02-03,147.94,148.44,US DOLLAR,15636,2010-02-03,148.94
2010-02-04,147.94,148.44,US DOLLAR,15637,2010-02-04,148.94
2010-02-05,147.94,148.44,US DOLLAR,15638,2010-02-05,148.94
2010-02-08,147.94,148.44,US DOLLAR,15639,2010-02-08,148.94
2010-02-09,147.94,148.44,US DOLLAR,15640,2010-02-09,148.94
2010-02-10,147.6,148.1,US DOLLAR,15641,2010-02-10,148.6
2010-02-11,147.6,148.1,US DOLLAR,15642,2010-02-11,148.6
2010-02-12,147.6,148.1,US DOLLAR,15643,2010-02-12,148.6
2010-02-15,147.48,147.98,US DOLLAR,15644,2010-02-15,148.48
2010-02-16,147.48,147.98,US DOLLAR,15645,2010-02-16,148.48
2010-02-17,147.71,148.21,US DOLLAR,15646,2010-02-17,148.71
2010-02-18,147.71,148.21,US DOLLAR,15647,2010-02-18,148.71
2010-02-19,147.71,148.21,US DOLLAR,15648,2010-02-19,148.71
2010-02-22,147.6,148.1,US DOLLAR,15649,2010-02-22,148.6
2010-02-23,147.6,148.1,US DOLLAR,15650,2010-02-23,148.6
2010-02-24,147.61,148.11,US DOLLAR,15651,2010-02-24,148.61
2010-02-25,147.61,148.11,US DOLLAR,15652,2010-02-25,148.61
2010-03-01,147.41,147.91,US DOLLAR,15653,2010-03-01,148.41
2010-03-02,147.41,147.91,US DOLLAR,15654,2010-03-02,148.41
2010-03-03,147.31,147.81,US DOLLAR,15655,2010-03-03,148.31
2010-03-04,147.31,147.81,US DOLLAR,15656,2010-03-04,148.31
2010-03-05,147.31,147.81,US DOLLAR,15657,2010-03-05,148.31
2010-03-08,147.31,147.81,US DOLLAR,15658,2010-03-08,148.31
2010-03-09,147.31,147.81,US DOLLAR,15659,2010-03-09,148.31
2010-03-10,147.25,147.75,US DOLLAR,15660,2010-03-10,148.25
2010-03-11,147.25,147.75,US DOLLAR,15661,2010-03-11,148.25
2010-03-15,147.35,147.85,US DOLLAR,15662,2010-03-15,148.35
2010-03-16,147.35,147.85,US DOLLAR,15663,2010-03-16,148.35
2010-03-17,147.4,147.9,US DOLLAR,15664,2010-03-17,148.4
2010-03-18,147.4,147.9,US DOLLAR,15665,2010-03-18,148.4
2010-03-19,147.4,147.9,US DOLLAR,15666,2010-03-19,148.4
2010-03-22,147.31,147.81,US DOLLAR,15667,2010-03-22,148.31
2010-03-23,147.31,147.81,US DOLLAR,15668,2010-03-23,148.31
2010-03-24,147.3,147.8,US DOLLAR,15669,2010-03-24,148.3
2010-03-25,147.3,147.8,US DOLLAR,15670,2010-03-25,148.3
2010-03-26,147.3,147.8,US DOLLAR,15671,2010-03-26,148.3
2010-03-29,147.51,148.01,US DOLLAR,15672,2010-03-29,148.51
2010-03-30,147.51,148.01,US DOLLAR,15673,2010-03-30,148.51
2010-03-31,147.3,147.8,US DOLLAR,15674,2010-03-31,148.3
2010-04-01,147.3,147.8,US DOLLAR,15675,2010-04-01,148.3
2010-04-06,147.3,147.8,US DOLLAR,15676,2010-04-06,148.3
2010-04-07,147.25,147.75,US DOLLAR,15677,2010-04-07,148.25
2010-04-08,147.25,147.75,US DOLLAR,15678,2010-04-08,148.25
2010-04-09,147.25,147.75,US DOLLAR,15679,2010-04-09,148.25
2010-04-12,147.3,147.8,US DOLLAR,15680,2010-04-12,148.3
2010-04-13,147.3,147.8,US DOLLAR,15681,2010-04-13,148.3
2010-04-14,147.35,147.85,US DOLLAR,15682,2010-04-14,148.35
2010-04-15,147.35,147.85,US DOLLAR,15683,2010-04-15,148.35
2010-04-16,147.35,147.85,US DOLLAR,15684,2010-04-16,148.35
2010-04-19,147.41,147.91,US DOLLAR,15685,2010-04-19,148.41
2010-04-20,147.41,147.91,US DOLLAR,15686,2010-04-20,148.41
2010-04-21,147.43,147.93,US DOLLAR,15687,2010-04-21,148.43
2010-04-22,147.43,147.93,US DOLLAR,15688,2010-04-22,148.43
2010-04-23,147.43,147.93,US DOLLAR,15689,2010-04-23,148.43
2010-04-26,147.51,148.01,US DOLLAR,15690,2010-04-26,148.51
2010-04-27,147.51,148.01,US DOLLAR,15691,2010-04-27,148.51
2010-04-28,147.61,148.11,US DOLLAR,15692,2010-04-28,148.61
2010-04-29,147.61,148.11,US DOLLAR,15693,2010-04-29,148.61
2010-04-30,147.61,148.11,US DOLLAR,15694,2010-04-30,148.61
2010-05-04,147.61,148.11,US DOLLAR,15695,2010-05-04,148.61
2010-05-05,147.81,148.31,US DOLLAR,15696,2010-05-05,148.81
2010-05-07,147.81,148.31,US DOLLAR,15697,2010-05-07,148.81
2010-05-10,147.72,148.22,US DOLLAR,15698,2010-05-10,148.72
2010-05-11,147.72,148.22,US DOLLAR,15699,2010-05-11,148.72
2010-05-12,147.81,148.31,US DOLLAR,15700,2010-05-12,148.81
2010-05-13,147.81,148.31,US DOLLAR,15701,2010-05-13,148.81
2010-05-14,147.81,148.31,US DOLLAR,15702,2010-05-14,148.81
2010-05-17,147.85,148.35,US DOLLAR,15703,2010-05-17,148.85
2010-05-18,147.85,148.35,US DOLLAR,15704,2010-05-18,148.85
2010-05-19,147.93,148.43,US DOLLAR,15705,2010-05-19,148.93
2010-05-20,147.93,148.43,US DOLLAR,15706,2010-05-20,148.93
2010-05-21,147.93,148.43,US DOLLAR,15707,2010-05-21,148.93
2010-05-24,147.87,148.37,US DOLLAR,15708,2010-05-24,148.87
2010-05-25,147.87,148.37,US DOLLAR,15709,2010-05-25,148.87
2010-05-26,147.78,148.325,US DOLLAR,15710,2010-05-26,148.87
2010-05-27,147.78,148.28,US DOLLAR,15711,2010-05-27,148.78
2010-05-28,147.78,148.28,US DOLLAR,15712,2010-05-28,148.78
2010-06-01,147.78,148.28,US DOLLAR,15713,2010-06-01,148.78
2010-06-02,147.75,148.25,US DOLLAR,15714,2010-06-02,148.75
2010-06-03,147.75,148.25,US DOLLAR,15715,2010-06-03,148.75
2010-06-04,147.75,148.25,US DOLLAR,15716,2010-06-04,148.75
2010-06-07,147.81,148.31,US DOLLAR,15717,2010-06-07,148.81
2010-06-08,147.81,148.31,US DOLLAR,15718,2010-06-08,148.81
2010-06-09,147.89,148.39,US DOLLAR,15719,2010-06-09,148.89
2010-06-10,147.89,148.39,US DOLLAR,15720,2010-06-10,148.89
2010-06-11,147.89,148.39,US DOLLAR,15721,2010-06-11,148.89
2010-06-14,147.88,148.38,US DOLLAR,15722,2010-06-14,148.88
2010-06-15,147.88,148.38,US DOLLAR,15723,2010-06-15,148.88
2010-06-16,147.71,148.21,US DOLLAR,15724,2010-06-16,148.71
2010-06-17,147.71,148.21,US DOLLAR,15725,2010-06-17,148.71
2010-06-18,147.71,148.21,US DOLLAR,15726,2010-06-18,148.71
2010-06-21,147.65,148.15,US DOLLAR,15727,2010-06-21,148.65
2010-06-22,147.65,148.15,US DOLLAR,15728,2010-06-22,148.65
2010-06-23,147.6,148.1,US DOLLAR,15729,2010-06-23,148.6
2010-06-24,147.6,148.1,US DOLLAR,15730,2010-06-24,148.6
2010-06-25,147.6,148.1,US DOLLAR,15731,2010-06-25,148.6
2010-06-28,147.55,148.05,US DOLLAR,15732,2010-06-28,148.55
2010-06-29,147.55,148.05,US DOLLAR,15733,2010-06-29,148.55
2010-06-30,147.5,148,US DOLLAR,15734,2010-06-30,148.5
2010-07-01,147.5,148,US DOLLAR,15735,2010-07-01,148.5
2010-07-02,147.5,148,US DOLLAR,15736,2010-07-02,148.5
2010-07-05,147.45,147.95,US DOLLAR,15737,2010-07-05,148.45
2010-07-06,147.45,147.95,US DOLLAR,15738,2010-07-06,148.45
2010-07-07,147.52,148.02,US DOLLAR,15739,2010-07-07,148.52
2010-07-08,147.52,148.02,US DOLLAR,15740,2010-07-08,148.52
2010-07-09,147.52,148.02,US DOLLAR,15741,2010-07-09,148.52
2010-07-12,147.62,148.12,US DOLLAR,15742,2010-07-12,148.62
2010-07-13,147.62,148.12,US DOLLAR,15743,2010-07-13,148.62
2010-07-14,147.62,148.12,US DOLLAR,15744,2010-07-14,148.62
2010-07-15,147.62,148.12,US DOLLAR,15745,2010-07-15,148.62
2010-07-16,147.62,148.12,US DOLLAR,15746,2010-07-16,148.62
2010-07-19,147.7,148.2,US DOLLAR,15747,2010-07-19,148.7
2010-07-20,147.72,148.22,US DOLLAR,15748,2010-07-20,148.72
2010-07-21,147.72,148.22,US DOLLAR,15749,2010-07-21,148.72
2010-07-22,147.72,148.22,US DOLLAR,15750,2010-07-22,148.72
2010-07-23,147.72,148.22,US DOLLAR,15751,2010-07-23,148.72
2010-07-26,147.67,148.17,US DOLLAR,15752,2010-07-26,148.67
2010-07-27,147.67,148.17,US DOLLAR,15753,2010-07-27,148.67
2010-07-28,147.6,148.1,US DOLLAR,15754,2010-07-28,148.6
2010-07-29,147.6,148.1,US DOLLAR,15755,2010-07-29,148.6
2010-07-30,147.6,148.1,US DOLLAR,15756,2010-07-30,148.6
2010-08-02,147.52,148.02,US DOLLAR,15757,2010-08-02,148.52
2010-08-03,147.52,148.02,US DOLLAR,15758,2010-08-03,148.52
2010-08-04,147.56,148.06,US DOLLAR,15759,2010-08-04,148.56
2010-08-05,147.56,148.06,US DOLLAR,15760,2010-08-05,148.56
2010-08-06,147.56,148.06,US DOLLAR,15761,2010-08-06,148.56
2010-08-09,147.56,148.06,US DOLLAR,15762,2010-08-09,148.56
2010-08-10,147.56,148.06,US DOLLAR,15763,2010-08-10,148.56
2010-08-11,147.64,148.14,US DOLLAR,15764,2010-08-11,148.64
2010-08-12,147.64,148.14,US DOLLAR,15765,2010-08-12,148.64
2010-08-13,147.64,148.14,US DOLLAR,15766,2010-08-13,148.64
2010-08-16,147.75,148.25,US DOLLAR,15767,2010-08-16,148.75
2010-08-17,147.75,148.25,US DOLLAR,15768,2010-08-17,148.75
2010-08-18,147.75,148.25,US DOLLAR,15769,2010-08-18,148.75
2010-08-19,147.75,148.25,US DOLLAR,15770,2010-08-19,148.75
2010-08-20,147.75,148.25,US DOLLAR,15771,2010-08-20,148.75
2010-08-23,147.88,148.38,US DOLLAR,15772,2010-08-23,148.88
2010-08-24,147.88,148.38,US DOLLAR,15773,2010-08-24,148.88
2010-08-25,148.06,148.56,US DOLLAR,15774,2010-08-25,149.06
2010-08-26,148.06,148.56,US DOLLAR,15775,2010-08-26,149.06
2010-08-27,148.06,148.56,US DOLLAR,15776,2010-08-27,149.06
2010-08-30,148.29,148.79,US DOLLAR,15777,2010-08-30,149.29
2010-08-31,148.29,148.79,US DOLLAR,15778,2010-08-31,149.29
2010-09-01,148.06,148.56,US DOLLAR,15779,2010-09-01,149.06
2010-09-02,148.06,148.56,US DOLLAR,15780,2010-09-02,149.06
2010-09-03,148.06,148.56,US DOLLAR,15781,2010-09-03,149.06
2010-09-06,148.18,148.68,US DOLLAR,15782,2010-09-06,149.18
2010-09-07,148.18,148.68,US DOLLAR,15783,2010-09-07,149.18
2010-09-08,148.3,148.8,US DOLLAR,15784,2010-09-08,149.3
2010-09-13,148.41,148.91,US DOLLAR,15785,2010-09-13,149.41
2010-09-14,148.41,148.91,US DOLLAR,15786,2010-09-14,149.41
2010-09-15,148.47,148.97,US DOLLAR,15787,2010-09-15,149.47
2010-09-16,148.47,148.97,US DOLLAR,15788,2010-09-16,149.47
2010-09-17,148.47,148.97,US DOLLAR,15789,2010-09-17,149.47
2010-09-20,148.63,149.13,US DOLLAR,15790,2010-09-20,149.63
2010-09-21,148.63,149.13,US DOLLAR,15791,2010-09-21,149.63
2010-09-22,148.89,149.39,US DOLLAR,15792,2010-09-22,149.89
2010-09-23,148.89,149.39,US DOLLAR,15793,2010-09-23,149.89
2010-09-24,148.89,149.39,US DOLLAR,15794,2010-09-24,149.89
2010-09-27,149.05,149.55,US DOLLAR,15795,2010-09-27,150.05
2010-09-28,149.05,149.55,US DOLLAR,15796,2010-09-28,150.05
2010-09-29,148.85,149.35,US DOLLAR,15797,2010-09-29,149.85
2010-09-30,148.85,149.35,US DOLLAR,15798,2010-09-30,149.85
2010-10-04,148.88,149.38,US DOLLAR,15799,2010-10-04,149.88
2010-10-05,148.88,149.38,US DOLLAR,15800,2010-10-05,149.88
2010-10-06,148.85,149.35,US DOLLAR,15801,2010-10-06,149.85
2010-10-07,148.85,149.35,US DOLLAR,15802,2010-10-07,149.85
2010-10-08,148.85,148.85,US DOLLAR,15803,2010-10-08,148.85
2010-10-11,148.97,149.47,US DOLLAR,15804,2010-10-11,149.97
2010-10-12,148.97,149.47,US DOLLAR,15805,2010-10-12,149.97
2010-10-13,149.01,149.51,US DOLLAR,15806,2010-10-13,150.01
2010-10-14,149.01,149.51,US DOLLAR,15807,2010-10-14,150.01
2010-10-15,149.01,149.51,US DOLLAR,15808,2010-10-15,150.01
2010-10-18,148.95,149.45,US DOLLAR,15809,2010-10-18,149.95
2010-10-19,148.95,149.45,US DOLLAR,15810,2010-10-19,149.95
2010-10-20,148.96,149.46,US DOLLAR,15811,2010-10-20,149.96
2010-10-21,148.96,149.46,US DOLLAR,15812,2010-10-21,149.96
2010-10-22,148.96,149.46,US DOLLAR,15813,2010-10-22,149.96
2010-10-25,148.9,149.4,US DOLLAR,15814,2010-10-25,149.9
2010-10-26,148.9,149.4,US DOLLAR,15815,2010-10-26,149.9
2010-10-27,147.5,148,US DOLLAR,15816,2010-10-27,148.5
2010-10-28,147.5,148,US DOLLAR,15817,2010-10-28,148.5
2010-10-29,147.5,148,US DOLLAR,15818,2010-10-29,148.5
2010-11-01,147.5,148,US DOLLAR,15819,2010-11-01,148.5
2010-11-02,147.5,148,US DOLLAR,15820,2010-11-02,148.5
2010-11-03,147.6,148.1,US DOLLAR,15821,2010-11-03,148.6
2010-11-04,147.6,148.1,US DOLLAR,15822,2010-11-04,148.6
2010-11-05,147.6,148.1,US DOLLAR,15823,2010-11-05,148.6
2010-11-08,147.6,148.1,US DOLLAR,15824,2010-11-08,148.6
2010-11-09,147.6,148.1,US DOLLAR,15825,2010-11-09,148.6
2010-11-10,147.7,148.2,US DOLLAR,15826,2010-11-10,148.7
2010-11-11,147.7,148.2,US DOLLAR,15827,2010-11-11,148.7
2010-11-12,147.7,148.2,US DOLLAR,15828,2010-11-12,148.7
2010-11-15,147.81,148.31,US DOLLAR,15829,2010-11-15,148.81
2010-11-18,147.81,148.31,US DOLLAR,15830,2010-11-18,148.81
2010-11-19,147.81,148.31,US DOLLAR,15831,2010-11-19,148.81
2010-11-22,147.91,148.41,US DOLLAR,15832,2010-11-22,148.91
2010-11-23,147.91,148.41,US DOLLAR,15833,2010-11-23,148.91
2010-11-24,148,148.5,US DOLLAR,15834,2010-11-24,149
2010-11-25,148,148.5,US DOLLAR,15835,2010-11-25,149
2010-11-26,148,148.5,US DOLLAR,15836,2010-11-26,149
2010-11-29,147.75,148.25,US DOLLAR,15837,2010-11-29,148.75
2010-11-30,147.75,148.25,US DOLLAR,15838,2010-11-30,148.75
2010-12-01,147.8,148.3,US DOLLAR,15839,2010-12-01,148.8
2010-12-02,147.8,148.3,US DOLLAR,15840,2010-12-02,148.8
2010-12-03,147.8,148.3,US DOLLAR,15841,2010-12-03,148.8
2010-12-06,147.91,148.41,US DOLLAR,15842,2010-12-06,148.91
2010-12-07,147.91,148.41,US DOLLAR,15843,2010-12-07,148.91
2010-12-08,148.01,148.51,US DOLLAR,15844,2010-12-08,149.01
2010-12-09,148.01,148.51,US DOLLAR,15845,2010-12-09,149.01
2010-12-10,148.01,148.51,US DOLLAR,15846,2010-12-10,149.01
2010-12-13,148.06,148.56,US DOLLAR,15847,2010-12-13,149.06
2010-12-14,148.06,148.56,US DOLLAR,15848,2010-12-14,149.06
2010-12-15,148.17,148.67,US DOLLAR,15849,2010-12-15,149.17
2010-12-16,148.17,148.67,US DOLLAR,15850,2010-12-16,149.17
2010-12-17,148.17,148.67,US DOLLAR,15851,2010-12-17,149.17
2010-12-20,148.17,148.67,US DOLLAR,15852,2010-12-20,149.17
2010-12-21,148.17,148.67,US DOLLAR,15853,2010-12-21,149.17
2010-12-22,148.17,148.67,US DOLLAR,15854,2010-12-22,149.17
2010-12-23,148.17,148.67,US DOLLAR,15855,2010-12-23,149.17
2010-12-24,148.17,148.67,US DOLLAR,15856,2010-12-24,149.17
2010-12-29,148.17,148.67,US DOLLAR,15857,2010-12-29,149.17
2010-12-30,148.17,148.67,US DOLLAR,15858,2010-12-30,149.17
2010-12-31,148.17,148.67,US DOLLAR,15859,2010-12-31,149.17
2011-01-04,148.17,148.67,US DOLLAR,15860,2011-01-04,149.17
2011-01-05,148.5,149,US DOLLAR,15861,2011-01-05,149.5
2011-01-06,148.5,149,US DOLLAR,15862,2011-01-06,149.5
2011-01-07,148.5,148.5,US DOLLAR,15863,2011-01-07,148.5
2011-01-10,148.8,149.3,US DOLLAR,15864,2011-01-10,149.8
2011-01-11,148.8,149.3,US DOLLAR,15865,2011-01-11,149.8
2011-01-12,149.01,149.51,US DOLLAR,15866,2011-01-12,150.01
2011-01-13,149.01,149.51,US DOLLAR,15867,2011-01-13,150.01
2011-01-14,149.01,149.51,US DOLLAR,15868,2011-01-14,150.01
2011-01-17,149.31,149.81,US DOLLAR,15869,2011-01-17,150.31
2011-01-18,149.31,149.81,US DOLLAR,15870,2011-01-18,150.31
2011-01-19,149.3,149.8,US DOLLAR,15871,2011-01-19,150.3
2011-01-20,149.3,149.8,US DOLLAR,15872,2011-01-20,150.3
2011-01-21,149.3,149.8,US DOLLAR,15873,2011-01-21,150.3
2011-01-24,149.4,149.9,US DOLLAR,15874,2011-01-24,150.4
2011-01-25,149.4,149.9,US DOLLAR,15875,2011-01-25,150.4
2011-01-26,149.4,149.9,US DOLLAR,15876,2011-01-26,150.4
2011-01-27,149.31,149.81,US DOLLAR,15877,2011-01-27,150.31
2011-01-28,149.31,149.81,US DOLLAR,15878,2011-01-28,150.31
2011-01-31,149.35,149.85,US DOLLAR,15879,2011-01-31,150.35
2011-02-01,149.35,149.85,US DOLLAR,15880,2011-02-01,150.35
2011-02-02,149.31,149.81,US DOLLAR,15881,2011-02-02,150.31
2011-02-03,149.31,149.81,US DOLLAR,15882,2011-02-03,150.31
2011-02-04,149.31,149.81,US DOLLAR,15883,2011-02-04,150.31
2011-02-07,149.34,149.84,US DOLLAR,15884,2011-02-07,150.34
2011-02-08,149.34,149.84,US DOLLAR,15885,2011-02-08,150.34
2011-02-09,149.4,149.9,US DOLLAR,15886,2011-02-09,150.4
2011-02-10,149.4,149.9,US DOLLAR,15887,2011-02-10,150.4
2011-02-14,149.47,149.97,US DOLLAR,15888,2011-02-14,150.47
2011-02-16,149.5,150,US DOLLAR,15889,2011-02-16,150.5
2011-02-17,149.5,150,US DOLLAR,15890,2011-02-17,150.5
2011-02-18,149.5,150,US DOLLAR,15891,2011-02-18,150.5
2011-02-21,149.61,150.11,US DOLLAR,15892,2011-02-21,150.61
2011-02-22,149.61,150.11,US DOLLAR,15893,2011-02-22,150.61
2011-02-23,149.45,149.95,US DOLLAR,15894,2011-02-23,150.45
2011-02-24,149.45,149.95,US DOLLAR,15895,2011-02-24,150.45
2011-02-25,149.45,149.95,US DOLLAR,15896,2011-02-25,150.45
2011-02-28,149.56,150.06,US DOLLAR,15897,2011-02-28,150.56
2011-03-01,149.56,150.06,US DOLLAR,15898,2011-03-01,150.56
2011-03-02,149.71,150.21,US DOLLAR,15899,2011-03-02,150.71
2011-03-03,149.71,150.21,US DOLLAR,15900,2011-03-03,150.71
2011-03-04,149.71,150.21,US DOLLAR,15901,2011-03-04,150.71
2011-03-07,149.68,150.18,US DOLLAR,15902,2011-03-07,150.68
2011-03-08,149.68,150.18,US DOLLAR,15903,2011-03-08,150.68
2011-03-09,149.79,150.29,US DOLLAR,15904,2011-03-09,150.79
2011-03-10,149.79,150.29,US DOLLAR,15905,2011-03-10,150.79
2011-03-11,149.79,150.29,US DOLLAR,15906,2011-03-11,150.79
2011-03-14,149.9,150.4,US DOLLAR,15907,2011-03-14,150.9
2011-03-15,149.9,150.4,US DOLLAR,15908,2011-03-15,150.9
2011-03-16,150.01,150.51,US DOLLAR,15909,2011-03-16,151.01
2011-03-17,150.01,150.51,US DOLLAR,15910,2011-03-17,151.01
2011-03-18,150.01,150.51,US DOLLAR,15911,2011-03-18,151.01
2011-03-21,150.12,150.62,US DOLLAR,15912,2011-03-21,151.12
2011-03-22,150.12,150.62,US DOLLAR,15913,2011-03-22,151.12
2011-03-23,150.27,150.77,US DOLLAR,15914,2011-03-23,151.27
2011-03-24,150.27,150.77,US DOLLAR,15915,2011-03-24,151.27
2011-03-25,150.27,150.77,US DOLLAR,15916,2011-03-25,151.27
2011-03-28,150.3,150.8,US DOLLAR,15917,2011-03-28,151.3
2011-03-29,150.3,150.8,US DOLLAR,15918,2011-03-29,151.3
2011-03-30,150.52,151.02,US DOLLAR,15919,2011-03-30,151.52
2011-03-31,150.52,151.02,US DOLLAR,15920,2011-03-31,151.52
2011-04-01,150.52,151.02,US DOLLAR,15921,2011-04-01,151.52
2011-04-04,150.76,151.26,US DOLLAR,15922,2011-04-04,151.76
2011-04-05,150.76,151.26,US DOLLAR,15923,2011-04-05,151.76
2011-04-06,150.91,151.41,US DOLLAR,15924,2011-04-06,151.91
2011-04-07,150.91,151.41,US DOLLAR,15925,2011-04-07,151.91
2011-04-08,150.91,151.41,US DOLLAR,15926,2011-04-08,151.91
2011-04-11,151.21,151.71,US DOLLAR,15927,2011-04-11,152.21
2011-04-12,151.21,151.71,US DOLLAR,15928,2011-04-12,152.21
2011-04-13,151.58,152.08,US DOLLAR,15929,2011-04-13,152.58
2011-04-14,151.58,152.08,US DOLLAR,15930,2011-04-14,152.58
2011-04-15,151.58,152.08,US DOLLAR,15931,2011-04-15,152.58
2011-04-18,151.96,152.46,US DOLLAR,15932,2011-04-18,152.96
2011-04-19,151.96,152.46,US DOLLAR,15933,2011-04-19,152.96
2011-04-20,151.76,152.26,US DOLLAR,15934,2011-04-20,152.76
2011-04-21,151.76,152.26,US DOLLAR,15935,2011-04-21,152.76
2011-04-27,151.92,152.42,US DOLLAR,15936,2011-04-27,152.92
2011-04-28,151.92,152.42,US DOLLAR,15937,2011-04-28,152.92
2011-04-29,151.92,152.42,US DOLLAR,15938,2011-04-29,152.92
2011-05-03,151.92,152.42,US DOLLAR,15939,2011-05-03,152.92
2011-05-04,152.03,152.53,US DOLLAR,15940,2011-05-04,153.03
2011-05-05,152.03,152.53,US DOLLAR,15941,2011-05-05,153.03
2011-05-06,152.03,152.53,US DOLLAR,15942,2011-05-06,153.03
2011-05-09,152.18,152.68,US DOLLAR,15943,2011-05-09,153.18
2011-05-10,152.18,152.68,US DOLLAR,15944,2011-05-10,153.18
2011-05-11,152.39,152.89,US DOLLAR,15945,2011-05-11,153.39
2011-05-12,152.39,152.89,US DOLLAR,15946,2011-05-12,153.39
2011-05-13,152.39,152.89,US DOLLAR,15947,2011-05-13,153.39
2011-05-16,152.05,152.55,US DOLLAR,15948,2011-05-16,153.05
2011-05-17,152.05,152.55,US DOLLAR,15949,2011-05-17,153.05
2011-05-18,152.21,152.71,US DOLLAR,15950,2011-05-18,153.21
2011-05-23,152.38,152.88,US DOLLAR,15951,2011-05-23,153.38
2011-05-24,152.38,152.88,US DOLLAR,15952,2011-05-24,153.38
2011-05-25,152.59,153.09,US DOLLAR,15953,2011-05-25,153.59
2011-05-26,152.59,153.09,US DOLLAR,15954,2011-05-26,153.59
2011-05-27,152.59,153.09,US DOLLAR,15955,2011-05-27,153.59
2011-05-31,152.59,153.09,US DOLLAR,15956,2011-05-31,153.59
2011-06-01,152.09,152.59,US DOLLAR,15957,2011-06-01,153.09
2011-06-02,152.09,152.59,US DOLLAR,15958,2011-06-02,153.09
2011-06-03,152.09,152.59,US DOLLAR,15959,2011-06-03,153.09
2011-06-06,151.79,152.29,US DOLLAR,15960,2011-06-06,152.79
2011-06-07,151.79,152.29,US DOLLAR,15961,2011-06-07,152.79
2011-06-08,151.85,152.35,US DOLLAR,15962,2011-06-08,152.85
2011-06-09,151.85,152.35,US DOLLAR,15963,2011-06-09,152.85
2011-06-10,151.85,152.35,US DOLLAR,15964,2011-06-10,152.85
2011-06-13,151.97,152.47,US DOLLAR,15965,2011-06-13,152.97
2011-06-14,151.97,152.47,US DOLLAR,15966,2011-06-14,152.97
2011-06-15,152.18,152.68,US DOLLAR,15967,2011-06-15,153.18
2011-06-16,152.18,152.68,US DOLLAR,15968,2011-06-16,153.18
2011-06-17,152.18,152.68,US DOLLAR,15969,2011-06-17,153.18
2011-06-20,152.39,152.89,US DOLLAR,15970,2011-06-20,153.39
2011-06-21,152.39,152.89,US DOLLAR,15971,2011-06-21,153.39
2011-06-22,152.63,153.13,US DOLLAR,15972,2011-06-22,153.63
2011-06-23,152.63,153.13,US DOLLAR,15973,2011-06-23,153.63
2011-06-24,152.63,153.13,US DOLLAR,15974,2011-06-24,153.63
2011-06-27,151.64,152.14,US DOLLAR,15975,2011-06-27,152.64
2011-06-28,151.64,152.14,US DOLLAR,15976,2011-06-28,152.64
2011-06-29,150.79,151.29,US DOLLAR,15977,2011-06-29,151.79
2011-06-30,150.79,151.29,US DOLLAR,15978,2011-06-30,151.79
2011-07-01,150.79,151.29,US DOLLAR,15979,2011-07-01,151.79
2011-07-04,149.9,150.4,US DOLLAR,15980,2011-07-04,150.9
2011-07-05,149.9,150.4,US DOLLAR,15981,2011-07-05,150.9
2011-07-06,149.5,150,US DOLLAR,15982,2011-07-06,150.5
2011-07-07,149.5,150,US DOLLAR,15983,2011-07-07,150.5
2011-07-08,149.5,150,US DOLLAR,15984,2011-07-08,150.5
2011-07-11,149,149.5,US DOLLAR,15985,2011-07-11,150
2011-07-12,149,149.5,US DOLLAR,15986,2011-07-12,150
2011-07-13,149.08,149.58,US DOLLAR,15987,2011-07-13,150.08
2011-07-14,149.08,149.58,US DOLLAR,15988,2011-07-14,150.08
2011-07-15,149.08,149.58,US DOLLAR,15989,2011-07-15,150.08
2011-07-18,149,149.5,US DOLLAR,15990,2011-07-18,150
2011-07-19,149,149.5,US DOLLAR,15991,2011-07-19,150
2011-07-20,149.11,149.61,US DOLLAR,15992,2011-07-20,150.11
2011-07-21,149.11,149.61,US DOLLAR,15993,2011-07-21,150.11
2011-07-22,149.11,149.61,US DOLLAR,15994,2011-07-22,150.11
2011-07-25,149.26,149.76,US DOLLAR,15995,2011-07-25,150.26
2011-07-26,149.26,149.76,US DOLLAR,15996,2011-07-26,150.26
2011-07-27,149.46,149.96,US DOLLAR,15997,2011-07-27,150.46
2011-07-28,149.46,149.96,US DOLLAR,15998,2011-07-28,150.46
2011-07-29,149.46,149.96,US DOLLAR,15999,2011-07-29,150.46
2011-08-01,149.62,150.12,US DOLLAR,16000,2011-08-01,150.62
2011-08-02,149.62,150.12,US DOLLAR,16001,2011-08-02,150.62
2011-08-03,149.77,150.27,US DOLLAR,16002,2011-08-03,150.77
2011-08-04,149.77,150.27,US DOLLAR,16003,2011-08-04,150.77
2011-08-05,149.77,150.27,US DOLLAR,16004,2011-08-05,150.77
2011-08-08,149.5,150,US DOLLAR,16005,2011-08-08,150.5
2011-08-09,149.5,150,US DOLLAR,16006,2011-08-09,150.5
2011-08-10,149.75,150.25,US DOLLAR,16007,2011-08-10,150.75
2011-08-11,149.75,150.25,US DOLLAR,16008,2011-08-11,150.75
2011-08-12,149.75,150.25,US DOLLAR,16009,2011-08-12,150.75
2011-08-15,150.01,150.51,US DOLLAR,16010,2011-08-15,151.01
2011-08-16,150.01,150.51,US DOLLAR,16011,2011-08-16,151.01
2011-08-17,150.35,150.85,US DOLLAR,16012,2011-08-17,151.35
2011-08-18,150.35,150.85,US DOLLAR,16013,2011-08-18,151.35
2011-08-19,150.35,150.85,US DOLLAR,16014,2011-08-19,151.35
2011-08-22,150.85,151.35,US DOLLAR,16015,2011-08-22,151.85
2011-08-23,150.85,151.35,US DOLLAR,16016,2011-08-23,151.85
2011-08-24,151.1,151.6,US DOLLAR,16017,2011-08-24,152.1
2011-08-25,151.1,151.6,US DOLLAR,16018,2011-08-25,152.1
2011-08-26,151.1,151.6,US DOLLAR,16019,2011-08-26,152.1
2011-08-29,151.4,151.9,US DOLLAR,16020,2011-08-29,152.4
2011-09-01,151.4,151.9,US DOLLAR,16021,2011-09-01,152.4
2011-09-02,151.81,152.31,US DOLLAR,16022,2011-09-02,152.81
2011-09-05,151.81,152.31,US DOLLAR,16023,2011-09-05,152.81
2011-09-06,151.81,152.31,US DOLLAR,16024,2011-09-06,152.81
2011-09-07,152.16,152.66,US DOLLAR,16025,2011-09-07,153.16
2011-09-08,152.16,152.66,US DOLLAR,16026,2011-09-08,153.16
2011-09-09,152.16,152.66,US DOLLAR,16027,2011-09-09,153.16
2011-09-12,152.27,152.77,US DOLLAR,16028,2011-09-12,153.27
2011-09-13,152.27,152.77,US DOLLAR,16029,2011-09-13,153.27
2011-09-14,152.54,153.04,US DOLLAR,16030,2011-09-14,153.54
2011-09-15,152.54,153.04,US DOLLAR,16031,2011-09-15,153.54
2011-09-16,152.54,153.04,US DOLLAR,16032,2011-09-16,153.54
2011-09-19,152.91,153.41,US DOLLAR,16033,2011-09-19,153.91
2011-09-20,152.91,153.41,US DOLLAR,16034,2011-09-20,153.91
2011-09-21,153.42,153.92,US DOLLAR,16035,2011-09-21,154.42
2011-09-22,153.42,153.92,US DOLLAR,16036,2011-09-22,154.42
2011-09-23,153.42,153.92,US DOLLAR,16037,2011-09-23,154.42
2011-09-26,154.02,154.52,US DOLLAR,16038,2011-09-26,155.02
2011-09-27,154.02,154.52,US DOLLAR,16039,2011-09-27,155.02
2011-09-28,153.6,154.1,US DOLLAR,16040,2011-09-28,154.6
2011-09-29,153.6,154.1,US DOLLAR,16041,2011-09-29,154.6
2011-09-30,153.6,154.1,US DOLLAR,16042,2011-09-30,154.6
2011-10-04,153.6,154.1,US DOLLAR,16043,2011-10-04,154.6
2011-10-05,153.4,154.4,US DOLLAR,16044,2011-10-05,155.4
2011-10-06,154.4,154.9,US DOLLAR,16045,2011-10-06,155.4
2011-10-07,154.4,154.9,US DOLLAR,16046,2011-10-07,155.4
2011-10-10,155.91,156.41,US DOLLAR,16047,2011-10-10,156.91
2011-10-11,155.91,156.41,US DOLLAR,16048,2011-10-11,156.91
2011-10-12,149,149.5,US DOLLAR,16049,2011-10-12,150
2011-10-13,149,149.5,US DOLLAR,16050,2011-10-13,150
2011-10-14,149,149.5,US DOLLAR,16051,2011-10-14,150
2011-10-17,148.95,149.45,US DOLLAR,16052,2011-10-17,149.95
2011-10-18,148.95,149.45,US DOLLAR,16053,2011-10-18,149.95
2011-10-19,148.95,149.45,US DOLLAR,16054,2011-10-19,149.95
2011-10-20,148.95,149.45,US DOLLAR,16055,2011-10-20,149.95
2011-10-21,148.95,149.45,US DOLLAR,16056,2011-10-21,149.95
2011-10-24,149.01,149.51,US DOLLAR,16057,2011-10-24,150.01
2011-10-25,149.01,149.51,US DOLLAR,16058,2011-10-25,150.01
2011-10-26,149.05,149.55,US DOLLAR,16059,2011-10-26,150.05
2011-10-27,149.05,149.55,US DOLLAR,16060,2011-10-27,150.05
2011-10-28,149.05,149.55,US DOLLAR,16061,2011-10-28,150.05
2011-10-31,149.25,149.75,US DOLLAR,16062,2011-10-31,150.25
2011-11-01,149.25,149.75,US DOLLAR,16063,2011-11-01,150.25
2011-11-02,149.73,150.23,US DOLLAR,16064,2011-11-02,150.73
2011-11-03,149.73,150.23,US DOLLAR,16065,2011-11-03,150.73
2011-11-04,149.73,150.23,US DOLLAR,16066,2011-11-04,150.73
2011-11-09,151.82,152.32,US DOLLAR,16067,2011-11-09,152.82
2011-11-10,151.82,152.32,US DOLLAR,16068,2011-11-10,152.82
2011-11-11,151.82,152.32,US DOLLAR,16069,2011-11-11,152.82
2011-11-14,153.5,154,US DOLLAR,16070,2011-11-14,154.5
2011-11-15,153.5,154,US DOLLAR,16071,2011-11-15,154.5
2011-11-16,153.5,154,US DOLLAR,16072,2011-11-16,154.5
2011-11-17,153.5,154,US DOLLAR,16073,2011-11-17,154.5
2011-11-18,153.5,154,US DOLLAR,16074,2011-11-18,154.5
2011-11-21,154.21,154.71,US DOLLAR,16075,2011-11-21,155.21
2011-11-22,154.21,154.71,US DOLLAR,16076,2011-11-22,155.21
2011-11-23,155.21,155.71,US DOLLAR,16077,2011-11-23,156.21
2011-11-24,155.21,155.71,US DOLLAR,16078,2011-11-24,156.21
2011-11-25,155.21,155.71,US DOLLAR,16079,2011-11-25,156.21
2011-11-28,156.26,156.76,US DOLLAR,16080,2011-11-28,157.26
2011-11-29,156.26,156.76,US DOLLAR,16081,2011-11-29,157.26
2011-11-30,155.31,155.81,US DOLLAR,16082,2011-11-30,156.31
2011-12-01,155.31,155.81,US DOLLAR,16083,2011-12-01,156.31
2011-12-02,155.31,155.81,US DOLLAR,16084,2011-12-02,156.31
2011-12-05,155.5,156,US DOLLAR,16085,2011-12-05,156.5
2011-12-06,155.5,156,US DOLLAR,16086,2011-12-06,156.5
2011-12-07,155.7,156.2,US DOLLAR,16087,2011-12-07,156.7
2011-12-08,155.7,156.2,US DOLLAR,16088,2011-12-08,156.7
2011-12-09,155.7,156.2,US DOLLAR,16089,2011-12-09,156.7
2011-12-12,155.7,156.2,US DOLLAR,16090,2011-12-12,156.7
2011-12-13,155.7,156.2,US DOLLAR,16091,2011-12-13,156.7
2011-12-14,155.7,156.2,US DOLLAR,16092,2011-12-14,156.7
2011-12-15,155.7,156.2,US DOLLAR,16093,2011-12-15,156.7
2011-12-16,155.7,156.2,US DOLLAR,16094,2011-12-16,156.7
2011-12-19,155.7,156.2,US DOLLAR,16095,2011-12-19,156.7
2011-12-20,155.7,156.2,US DOLLAR,16096,2011-12-20,156.7
2011-12-21,155.7,156.2,US DOLLAR,16097,2011-12-21,156.7
2011-12-22,155.7,156.2,US DOLLAR,16098,2011-12-22,156.7
2011-12-23,155.7,156.2,US DOLLAR,16099,2011-12-23,156.7
2011-12-28,155.7,156.2,US DOLLAR,16100,2011-12-28,156.7
2011-12-29,155.7,156.2,US DOLLAR,16101,2011-12-29,156.7
2011-12-30,155.7,156.2,US DOLLAR,16102,2011-12-30,156.7
2012-01-03,155.7,156.2,US DOLLAR,16103,2012-01-03,156.7
2012-01-04,155.71,156.21,US DOLLAR,16104,2012-01-04,156.71
2012-01-05,155.71,156.21,US DOLLAR,16105,2012-01-05,156.71
2012-01-06,155.71,156.21,US DOLLAR,16106,2012-01-06,156.71
2012-01-09,155.83,156.33,US DOLLAR,16107,2012-01-09,156.83
2012-01-10,155.83,156.33,US DOLLAR,16108,2012-01-10,156.83
2012-01-11,155.7,156.2,US DOLLAR,16109,2012-01-11,156.7
2012-01-12,155.7,156.2,US DOLLAR,16110,2012-01-12,156.7
2012-01-13,155.7,156.2,US DOLLAR,16111,2012-01-13,156.7
2012-01-16,155.7,156.2,US DOLLAR,16112,2012-01-16,156.7
2012-01-17,155.7,156.2,US DOLLAR,16113,2012-01-17,156.7
2012-01-18,155.85,156.35,US DOLLAR,16114,2012-01-18,156.85
2012-01-19,155.85,156.35,US DOLLAR,16115,2012-01-19,156.85
2012-01-20,155.85,156.35,US DOLLAR,16116,2012-01-20,156.85
2012-01-23,156,156.5,US DOLLAR,16117,2012-01-23,157
2012-01-24,156,156.5,US DOLLAR,16118,2012-01-24,157
2012-01-25,155.85,156.35,US DOLLAR,16119,2012-01-25,156.85
2012-01-26,155.85,156.35,US DOLLAR,16120,2012-01-26,156.85
2012-01-27,155.85,156.35,US DOLLAR,16121,2012-01-27,156.85
2012-01-30,156.05,156.55,US DOLLAR,16122,2012-01-30,157.05
2012-01-31,156.05,156.55,US DOLLAR,16123,2012-01-31,157.05
2012-02-01,155.7,156.2,US DOLLAR,16124,2012-02-01,156.7
2012-02-02,155.7,156.2,US DOLLAR,16125,2012-02-02,156.7
2012-02-03,155.7,156.2,US DOLLAR,16126,2012-02-03,156.7
2012-02-07,155.7,156.2,US DOLLAR,16127,2012-02-07,156.7
2012-02-08,155.5,156,US DOLLAR,16128,2012-02-08,156.5
2012-02-09,155.5,156,US DOLLAR,16129,2012-02-09,156.5
2012-02-10,155.5,156,US DOLLAR,16130,2012-02-10,156.5
2012-02-13,155.5,156,US DOLLAR,16131,2012-02-13,156.5
2012-02-14,155.5,156,US DOLLAR,16132,2012-02-14,156.5
2012-02-15,155.4,155.9,US DOLLAR,16133,2012-02-15,156.4
2012-02-16,155.4,155.9,US DOLLAR,16134,2012-02-16,156.4
2012-02-20,155.1,155.6,US DOLLAR,16135,2012-02-20,156.1
2012-02-21,155.1,155.6,US DOLLAR,16136,2012-02-21,156.1
2012-02-22,154.9,155.4,US DOLLAR,16137,2012-02-22,155.9
2012-02-23,154.9,155.4,US DOLLAR,16138,2012-02-23,155.9
2012-02-24,154.9,155.4,US DOLLAR,16139,2012-02-24,155.9
2012-02-27,154.9,155.4,US DOLLAR,16140,2012-02-27,155.9
2012-02-28,154.9,155.4,US DOLLAR,16141,2012-02-28,155.9
2012-02-29,154.9,155.4,US DOLLAR,16142,2012-02-29,155.9
2012-03-01,154.9,155.4,US DOLLAR,16143,2012-03-01,155.9
2012-03-02,154.9,155.4,US DOLLAR,16144,2012-03-02,155.9
2012-03-05,155.01,155.51,US DOLLAR,16145,2012-03-05,156.01
2012-03-06,155.01,155.51,US DOLLAR,16146,2012-03-06,156.01
2012-03-07,155.01,155.51,US DOLLAR,16147,2012-03-07,156.01
2012-03-08,155.01,155.51,US DOLLAR,16148,2012-03-08,156.01
2012-03-09,155.01,155.51,US DOLLAR,16149,2012-03-09,156.01
2012-03-12,155.06,155.56,US DOLLAR,16150,2012-03-12,156.06
2012-03-13,155.06,155.56,US DOLLAR,16151,2012-03-13,156.06
2012-03-14,155.06,155.56,US DOLLAR,16152,2012-03-14,156.06
2012-03-15,155.06,155.56,US DOLLAR,16153,2012-03-15,156.06
2012-03-16,155.06,155.56,US DOLLAR,16154,2012-03-16,156.06
2012-03-19,155.06,155.56,US DOLLAR,16155,2012-03-19,156.06
2012-03-20,155.06,155.56,US DOLLAR,16156,2012-03-20,156.06
2012-03-21,155.06,155.56,US DOLLAR,16157,2012-03-21,156.06
2012-03-22,155.06,155.56,US DOLLAR,16158,2012-03-22,156.06
2012-03-23,155.06,155.56,US DOLLAR,16159,2012-03-23,156.06
2012-03-26,155.06,155.56,US DOLLAR,16160,2012-03-26,156.06
2012-03-27,155.06,155.56,US DOLLAR,16161,2012-03-27,156.06
2012-03-28,155.01,155.51,US DOLLAR,16162,2012-03-28,156.01
2012-03-29,155.01,155.51,US DOLLAR,16163,2012-03-29,156.01
2012-03-30,155.01,155.51,US DOLLAR,16164,2012-03-30,156.01
2012-04-02,154.9,155.4,US DOLLAR,16165,2012-04-02,155.9
2012-04-03,154.9,155.4,US DOLLAR,16166,2012-04-03,155.9
2012-04-04,154.9,155.4,US DOLLAR,16167,2012-04-04,155.9
2012-04-05,154.9,155.4,US DOLLAR,16168,2012-04-05,155.9
2012-04-10,154.9,155.4,US DOLLAR,16169,2012-04-10,155.9
2012-04-11,154.8,155.3,US DOLLAR,16170,2012-04-11,155.8
2012-04-12,154.8,155.3,US DOLLAR,16171,2012-04-12,155.8
2012-04-13,154.8,155.3,US DOLLAR,16172,2012-04-13,155.8
2012-04-16,154.7,155.2,US DOLLAR,16173,2012-04-16,155.7
2012-04-17,154.7,155.2,US DOLLAR,16174,2012-04-17,155.7
2012-04-18,154.75,155.25,US DOLLAR,16175,2012-04-18,155.75
2012-04-19,154.75,155.25,US DOLLAR,16176,2012-04-19,155.75
2012-04-20,154.75,155.25,US DOLLAR,16177,2012-04-20,155.75
2012-04-23,154.75,155.25,US DOLLAR,16178,2012-04-23,155.75
2012-04-24,154.75,155.25,US DOLLAR,16179,2012-04-24,155.75
2012-04-25,154.65,155.15,US DOLLAR,16180,2012-04-25,155.65
2012-04-26,154.65,155.15,US DOLLAR,16181,2012-04-26,155.65
2012-04-27,154.65,155.15,US DOLLAR,16182,2012-04-27,155.65
2012-04-30,154.7,155.2,US DOLLAR,16183,2012-04-30,155.7
2012-05-02,154.7,155.2,US DOLLAR,16184,2012-05-02,155.7
2012-05-03,154.7,155.2,US DOLLAR,16185,2012-05-03,155.7
2012-05-04,154.7,155.2,US DOLLAR,16186,2012-05-04,155.7
2012-05-07,154.75,155.25,US DOLLAR,16187,2012-05-07,155.75
2012-05-08,154.75,155.25,US DOLLAR,16188,2012-05-08,155.75
2012-05-09,154.75,155.25,US DOLLAR,16189,2012-05-09,155.75
2012-05-10,154.75,155.25,US DOLLAR,16190,2012-05-10,155.75
2012-05-11,154.75,155.25,US DOLLAR,16191,2012-05-11,155.75
2012-05-14,154.7,155.2,US DOLLAR,16192,2012-05-14,155.7
2012-05-15,154.7,155.2,US DOLLAR,16193,2012-05-15,155.7
2012-05-16,154.7,155.2,US DOLLAR,16194,2012-05-16,155.7
2012-05-17,154.7,155.2,US DOLLAR,16195,2012-05-17,155.7
2012-05-18,154.7,155.2,US DOLLAR,16196,2012-05-18,155.7
2012-05-21,154.7,155.2,US DOLLAR,16197,2012-05-21,155.7
2012-05-22,154.7,155.2,US DOLLAR,16198,2012-05-22,155.7
2012-05-23,154.7,155.2,US DOLLAR,16199,2012-05-23,155.7
2012-05-24,154.7,155.2,US DOLLAR,16200,2012-05-24,155.7
2012-05-25,154.7,155.2,US DOLLAR,16201,2012-05-25,155.7
2012-05-28,154.75,155.25,US DOLLAR,16202,2012-05-28,155.75
2012-05-30,154.75,155.25,US DOLLAR,16203,2012-05-30,155.75
2012-06-01,154.75,155.25,US DOLLAR,16204,2012-06-01,155.75
2012-06-04,154.8,155.3,US DOLLAR,16205,2012-06-04,155.8
2012-06-05,154.8,155.3,US DOLLAR,16206,2012-06-05,155.8
2012-06-06,154.84,155.34,US DOLLAR,16207,2012-06-06,155.84
2012-06-07,154.84,155.34,US DOLLAR,16208,2012-06-07,155.84
2012-06-08,154.84,155.34,US DOLLAR,16209,2012-06-08,155.84
2012-06-11,154.9,155.4,US DOLLAR,16210,2012-06-11,155.9
2012-06-12,154.9,155.4,US DOLLAR,16211,2012-06-12,155.9
2012-06-13,154.9,155.4,US DOLLAR,16212,2012-06-13,155.9
2012-06-14,154.9,155.4,US DOLLAR,16213,2012-06-14,155.9
2012-06-15,154.9,155.4,US DOLLAR,16214,2012-06-15,155.9
2012-06-18,154.9,155.4,US DOLLAR,16215,2012-06-18,155.9
2012-06-19,154.9,155.4,US DOLLAR,16216,2012-06-19,155.9
2012-06-20,154.9,155.4,US DOLLAR,16217,2012-06-20,155.9
2012-06-21,154.9,155.4,US DOLLAR,16218,2012-06-21,155.9
2012-06-22,154.9,155.4,US DOLLAR,16219,2012-06-22,155.9
2012-06-25,154.91,155.41,US DOLLAR,16220,2012-06-25,155.91
2012-06-26,154.91,155.41,US DOLLAR,16221,2012-06-26,155.91
2012-06-27,154.94,155.44,US DOLLAR,16222,2012-06-27,155.94
2012-06-28,154.94,155.44,US DOLLAR,16223,2012-06-28,155.94
2012-06-29,154.94,155.44,US DOLLAR,16224,2012-06-29,155.94
2012-07-02,154.94,155.44,US DOLLAR,16225,2012-07-02,155.94
2012-07-03,154.94,155.44,US DOLLAR,16226,2012-07-03,155.94
2012-07-04,154.9,155.4,US DOLLAR,16227,2012-07-04,155.9
2012-07-05,154.9,155.4,US DOLLAR,16228,2012-07-05,155.9
2012-07-06,154.9,155.4,US DOLLAR,16229,2012-07-06,155.9
2012-07-09,154.87,155.37,US DOLLAR,16230,2012-07-09,155.87
2012-07-10,154.87,155.37,US DOLLAR,16231,2012-07-10,155.87
2012-07-11,154.87,155.37,US DOLLAR,16232,2012-07-11,155.87
2012-07-12,154.87,155.37,US DOLLAR,16233,2012-07-12,155.87
2012-07-13,154.87,155.37,US DOLLAR,16234,2012-07-13,155.87
2012-07-16,154.87,155.37,US DOLLAR,16235,2012-07-16,155.87
2012-07-17,154.87,155.37,US DOLLAR,16236,2012-07-17,155.87
2012-07-18,154.87,155.37,US DOLLAR,16237,2012-07-18,155.87
2012-07-19,154.87,155.37,US DOLLAR,16238,2012-07-19,155.87
2012-07-20,154.87,155.37,US DOLLAR,16239,2012-07-20,155.87
2012-07-23,154.89,155.39,US DOLLAR,16240,2012-07-23,155.89
2012-07-24,154.89,155.39,US DOLLAR,16241,2012-07-24,155.89
2012-07-25,154.84,155.34,US DOLLAR,16242,2012-07-25,155.84
2012-07-26,154.84,155.34,US DOLLAR,16243,2012-07-26,155.84
2012-07-27,154.84,155.34,US DOLLAR,16244,2012-07-27,155.84
2012-07-30,154.84,155.34,US DOLLAR,16245,2012-07-30,155.84
2012-07-31,154.84,155.34,US DOLLAR,16246,2012-07-31,155.84
2012-08-01,154.86,155.36,US DOLLAR,16247,2012-08-01,155.86
2012-08-02,154.86,155.36,US DOLLAR,16248,2012-08-02,155.86
2012-08-03,154.86,155.36,US DOLLAR,21614,2012-08-03,155.86
2012-08-06,154.86,155.36,US DOLLAR,21642,2012-08-06,155.86
2012-08-07,154.86,155.36,US DOLLAR,21654,2012-08-07,155.86
2012-08-08,154.83,155.33,US DOLLAR,21677,2012-08-08,155.83
2012-08-09,154.83,155.33,US DOLLAR,21702,2012-08-09,155.83
2012-08-10,154.83,155.33,US DOLLAR,21715,2012-08-10,155.83
2012-08-13,154.83,155.33,US DOLLAR,21725,2012-08-13,155.83
2012-08-14,154.83,155.33,US DOLLAR,21737,2012-08-14,155.83
2012-08-15,154.8,155.3,US DOLLAR,21747,2012-08-15,155.8
2012-08-16,154.8,155.3,US DOLLAR,21758,2012-08-16,155.8
2012-08-17,154.8,155.3,US DOLLAR,21772,2012-08-17,155.8
2012-08-22,154.8,155.3,US DOLLAR,21783,2012-08-22,155.8
2012-08-23,154.84,155.3,US DOLLAR,21794,2012-08-23,155.8
2012-08-24,154.8,155.3,US DOLLAR,21805,2012-08-24,155.8
2012-08-27,154.8,155.3,US DOLLAR,21816,2012-08-27,155.8
2012-08-28,154.8,155.3,US DOLLAR,21827,2012-08-28,155.8
2012-08-29,154.8,155.3,US DOLLAR,21839,2012-08-29,155.8
2012-08-30,154.8,155.3,US DOLLAR,21850,2012-08-30,155.8
2012-08-31,154.8,155.3,US DOLLAR,21861,2012-08-31,155.8
2012-09-03,154.8,155.3,US DOLLAR,21872,2012-09-03,155.8
2012-09-04,154.8,155.3,US DOLLAR,21883,2012-09-04,155.8
2012-09-05,154.8,155.3,US DOLLAR,21894,2012-09-05,155.8
2012-09-06,154.8,155.3,US DOLLAR,21905,2012-09-06,155.8
2012-09-07,154.8,155.3,US DOLLAR,21916,2012-09-07,155.8
2012-09-10,154.78,155.28,US DOLLAR,21927,2012-09-10,155.78
2012-09-11,154.78,155.28,US DOLLAR,21938,2012-09-11,155.78
2012-09-12,154.78,155.28,US DOLLAR,21949,2012-09-12,155.78
2012-09-13,154.78,155.28,US DOLLAR,21960,2012-09-13,155.78
2012-09-14,154.78,155.28,US DOLLAR,21971,2012-09-14,155.78
2012-09-17,154.78,155.28,US DOLLAR,21982,2012-09-17,155.78
2012-09-18,154.78,155.28,US DOLLAR,21993,2012-09-18,155.78
2012-09-19,154.78,155.28,US DOLLAR,22004,2012-09-19,155.78
2012-09-20,154.78,155.28,US DOLLAR,22015,2012-09-20,155.78
2012-09-21,154.78,155.28,US DOLLAR,22026,2012-09-21,155.78
2012-09-24,154.78,155.28,US DOLLAR,22037,2012-09-24,155.78
2012-09-25,154.78,155.28,US DOLLAR,22047,2012-09-25,155.78
2012-09-26,154.78,155.28,US DOLLAR,22058,2012-09-26,155.78
2012-09-27,154.78,155.28,US DOLLAR,22069,2012-09-27,155.78
2012-09-28,154.78,155.28,US DOLLAR,22080,2012-09-28,155.78
2012-10-02,154.78,155.28,US DOLLAR,22091,2012-10-02,155.78
2012-10-03,154.77,155.27,US DOLLAR,22102,2012-10-03,155.77
2012-10-04,154.77,155.27,US DOLLAR,22113,2012-10-04,155.77
2012-10-05,154.77,155.27,US DOLLAR,22124,2012-10-05,155.77
2012-10-08,154.75,155.25,US DOLLAR,22135,2012-10-08,155.75
2012-10-09,154.75,155.25,US DOLLAR,22146,2012-10-09,155.75
2012-10-10,154.75,155.25,US DOLLAR,22157,2012-10-10,155.75
2012-10-11,154.75,155.25,US DOLLAR,22168,2012-10-11,155.75
2012-10-12,154.75,155.25,US DOLLAR,22179,2012-10-12,155.75
2012-10-15,154.75,155.25,US DOLLAR,22190,2012-10-15,155.75
2012-10-16,154.75,155.25,US DOLLAR,22201,2012-10-16,155.75
2012-10-17,154.76,155.26,US DOLLAR,22212,2012-10-17,155.76
2012-10-18,154.76,155.26,US DOLLAR,22223,2012-10-18,155.76
2012-10-19,154.76,155.26,US DOLLAR,22234,2012-10-19,155.76
2012-10-22,154.76,155.26,US DOLLAR,22245,2012-10-22,155.76
2012-10-23,154.76,155.26,US DOLLAR,22256,2012-10-23,155.76
2012-10-24,154.76,155.26,US DOLLAR,22267,2012-10-24,155.76
2012-10-29,154.76,155.26,US DOLLAR,22278,2012-10-29,155.76
2012-10-30,154.76,155.26,US DOLLAR,22289,2012-10-30,155.76
2012-10-31,154.74,155.24,US DOLLAR,22300,2012-10-31,155.74
2012-11-01,154.74,155.24,US DOLLAR,22311,2012-11-01,155.74
2012-11-02,154.74,155.24,US DOLLAR,22321,2012-11-02,155.74
2012-11-05,154.74,155.24,US DOLLAR,22332,2012-11-05,155.74
2012-11-06,154.74,155.24,US DOLLAR,22343,2012-11-06,155.74
2012-11-07,154.74,155.24,US DOLLAR,22354,2012-11-07,155.74
2012-11-08,154.74,155.24,US DOLLAR,22365,2012-11-08,155.74
2012-11-09,154.74,155.24,US DOLLAR,22376,2012-11-09,155.74
2012-11-12,154.75,154.25,US DOLLAR,22387,2012-11-12,155.75
2012-11-13,154.75,155.25,US DOLLAR,22398,2012-11-13,155.75
2012-11-15,154.75,155.25,US DOLLAR,22409,2012-11-15,155.75
2012-11-16,154.75,155.25,US DOLLAR,22420,2012-11-16,155.75
2012-11-19,154.75,155.25,US DOLLAR,22431,2012-11-19,155.75
2012-11-20,154.75,155.25,US DOLLAR,22442,2012-11-20,155.75
2012-11-21,154.76,155.26,US DOLLAR,22453,2012-11-21,155.76
2012-11-22,154.76,155.26,US DOLLAR,22464,2012-11-22,155.76
2012-11-23,154.76,155.26,US DOLLAR,22475,2012-11-23,155.76
2012-11-26,154.76,155.26,US DOLLAR,22486,2012-11-26,155.76
2012-11-27,154.76,155.26,US DOLLAR,22497,2012-11-27,155.76
2012-11-28,154.76,155.26,US DOLLAR,22508,2012-11-28,155.76
2012-11-29,154.76,155.26,US DOLLAR,22519,2012-11-29,155.76
2012-11-30,154.76,155.26,US DOLLAR,22530,2012-11-30,155.76
2012-12-03,154.76,155.26,US DOLLAR,22541,2012-12-03,155.76
2012-12-04,154.76,155.26,US DOLLAR,22552,2012-12-04,155.76
2012-12-05,154.76,155.26,US DOLLAR,22563,2012-12-05,155.76
2012-12-06,154.76,155.26,US DOLLAR,22574,2012-12-06,155.76
2012-12-07,154.76,155.26,US DOLLAR,22585,2012-12-07,155.76
2012-12-10,154.76,155.26,US DOLLAR,22596,2012-12-10,155.76
2012-12-11,154.76,155.26,US DOLLAR,22607,2012-12-11,155.76
2012-12-12,154.77,155.27,US DOLLAR,22618,2012-12-12,155.77
2012-12-13,154.77,155.27,US DOLLAR,22629,2012-12-13,155.77
2012-12-14,154.77,155.27,US DOLLAR,22640,2012-12-14,155.77
2012-12-17,154.77,155.27,US DOLLAR,22651,2012-12-17,155.77
2012-12-18,154.77,155.27,US DOLLAR,22662,2012-12-18,155.77
2012-12-19,154.77,155.27,US DOLLAR,22673,2012-12-19,155.77
2012-12-20,154.77,155.27,US DOLLAR,22684,2012-12-20,155.77
2012-12-21,154.77,155.27,US DOLLAR,22695,2012-12-21,155.77
2012-12-24,154.77,155.27,US DOLLAR,22706,2012-12-24,155.77
2012-12-27,154.77,155.27,US DOLLAR,22716,2012-12-27,155.77
2012-12-28,154.77,155.27,US DOLLAR,22727,2012-12-28,155.77
2012-12-31,154.77,155.27,US DOLLAR,22739,2012-12-31,155.77
2013-01-02,154.77,155.27,US DOLLAR,22750,2013-01-02,155.77
2013-01-03,154.77,155.27,US DOLLAR,22761,2013-01-03,155.77
2013-01-04,154.77,155.27,US DOLLAR,22772,2013-01-04,155.77
2013-01-07,154.77,155.27,US DOLLAR,22783,2013-01-07,155.77
2013-01-08,154.77,155.27,US DOLLAR,22794,2013-01-08,155.77
2013-01-09,154.77,155.27,US DOLLAR,22805,2013-01-09,155.77
2013-01-10,154.77,155.27,US DOLLAR,22816,2013-01-10,155.77
2013-01-11,154.77,155.27,US DOLLAR,22828,2013-01-11,155.77
2013-01-14,154.72,155.22,US DOLLAR,22839,2013-01-14,155.72
2013-01-15,154.72,155.22,US DOLLAR,22850,2013-01-15,155.72
2013-01-16,154.72,155.22,US DOLLAR,22861,2013-01-16,155.72
2013-01-17,154.72,155.22,US DOLLAR,22879,2013-01-17,155.72
2013-01-18,154.72,155.22,US DOLLAR,22890,2013-01-18,155.72
2013-01-21,154.72,155.23,US DOLLAR,22901,2013-01-21,155.73
2013-01-22,154.73,155.23,US DOLLAR,22912,2013-01-22,155.73
2013-01-23,154.73,155.23,US DOLLAR,22923,2013-01-23,155.73
2013-01-25,154.73,155.23,US DOLLAR,22934,2013-01-25,155.73
2013-01-28,154.73,155.23,US DOLLAR,22945,2013-01-28,155.73
2013-01-29,154.73,155.23,US DOLLAR,22946,2013-01-29,155.73
2013-01-30,154.74,155.24,US DOLLAR,22967,2013-01-30,155.74
2013-01-31,154.74,155.24,US DOLLAR,22978,2013-01-31,155.74
2013-02-01,154.74,155.24,US DOLLAR,22989,2013-02-01,155.74
2013-02-04,154.74,155.24,US DOLLAR,23000,2013-02-04,155.74
2013-02-05,154.74,155.24,US DOLLAR,23011,2013-02-05,155.74
2013-02-06,154.74,155.24,US DOLLAR,23022,2013-02-06,155.74
2013-02-07,154.74,155.24,US DOLLAR,23033,2013-02-07,155.74
2013-02-08,154.74,155.24,US DOLLAR,23044,2013-02-08,155.74
2013-02-11,154.74,155.24,US DOLLAR,23055,2013-02-11,155.74
2013-02-12,154.74,155.24,US DOLLAR,23066,2013-02-12,155.74
2013-02-13,154.74,155.24,US DOLLAR,23077,2013-02-13,155.74
2013-02-14,154.74,155.24,US DOLLAR,23088,2013-02-14,155.74
2013-02-15,154.74,155.24,US DOLLAR,23099,2013-02-15,155.74
2013-02-18,154.74,155.24,US DOLLAR,23110,2013-02-18,155.74
2013-02-19,154.74,155.24,US DOLLAR,23121,2013-02-19,155.74
2013-02-20,154.74,155.24,US DOLLAR,23132,2013-02-20,155.74
2013-02-21,154.74,155.24,US DOLLAR,23143,2013-02-21,155.74
2013-02-22,154.74,155.24,US DOLLAR,23154,2013-02-22,155.74
2013-02-25,154.75,155.25,US DOLLAR,23165,2013-02-25,155.75
2013-02-26,154.75,155.25,US DOLLAR,23176,2013-02-26,155.75
2013-02-27,154.75,155.25,US DOLLAR,23187,2013-02-27,155.75
2013-02-28,154.75,155.25,US DOLLAR,23198,2013-02-28,155.75
2013-03-01,154.75,155.25,US DOLLAR,23209,2013-03-01,155.75
2013-03-04,154.75,155.25,US DOLLAR,23220,2013-03-04,155.75
2013-03-05,154.75,155.25,US DOLLAR,23231,2013-03-05,155.75
2013-03-06,154.75,155.25,US DOLLAR,23242,2013-03-06,155.75
2013-03-07,154.75,155.25,US DOLLAR,23253,2013-03-07,155.75
2013-03-08,154.75,155.25,US DOLLAR,23264,2013-03-08,155.75
2013-03-11,154.75,155.25,US DOLLAR,23276,2013-03-11,155.75
2013-03-12,154.75,155.25,US DOLLAR,23287,2013-03-12,155.75
2013-03-13,154.76,155.26,US DOLLAR,23298,2013-03-13,155.76
2013-03-14,154.76,155.26,US DOLLAR,23311,2013-03-14,155.76
2013-03-15,154.76,155.26,US DOLLAR,23322,2013-03-15,155.76
2013-03-18,154.76,155.26,US DOLLAR,23333,2013-03-18,155.76
2013-03-19,154.76,155.26,US DOLLAR,23344,2013-03-19,155.76
2013-03-20,154.76,155.26,US DOLLAR,23355,2013-03-20,155.76
2013-03-21,154.76,155.26,US DOLLAR,23366,2013-03-21,155.76
2013-03-22,154.76,155.26,US DOLLAR,23377,2013-03-22,155.76
2013-03-25,154.75,155.25,US DOLLAR,23388,2013-03-25,155.75
2013-03-26,154.75,155.25,US DOLLAR,23399,2013-03-26,155.75
2013-03-27,154.75,155.25,US DOLLAR,23412,2013-03-27,155.75
2013-03-28,154.75,155.25,US DOLLAR,23424,2013-03-28,155.75
2013-04-02,154.75,155.25,US DOLLAR,23435,2013-04-02,155.75
2013-04-03,154.74,155.24,US DOLLAR,23446,2013-04-03,155.74
2013-04-04,154.74,155.24,US DOLLAR,23457,2013-04-04,155.74
2013-04-05,154.74,155.24,US DOLLAR,23468,2013-04-05,155.74
2013-04-08,154.74,155.24,US DOLLAR,23479,2013-04-08,155.74
2013-04-09,154.74,155.24,US DOLLAR,23490,2013-04-09,155.74
2013-04-10,154.75,155.25,US DOLLAR,23501,2013-04-10,155.75
2013-04-11,154.75,155.25,US DOLLAR,23512,2013-04-11,155.75
2013-04-12,154.75,155.25,US DOLLAR,23524,2013-04-12,155.75
2013-04-15,154.75,155.25,US DOLLAR,23535,2013-04-15,155.75
2013-04-16,154.75,155.25,US DOLLAR,23547,2013-04-16,155.75
2013-04-17,154.75,155.25,US DOLLAR,23558,2013-04-17,155.75
2013-04-18,154.75,155.25,US DOLLAR,23569,2013-04-18,155.75
2013-04-19,154.75,155.25,US DOLLAR,23580,2013-04-19,155.75
2013-04-22,154.75,155.25,US DOLLAR,23591,2013-04-22,155.75
2013-04-23,154.75,155.25,US DOLLAR,23602,2013-04-23,155.75
2013-04-24,154.75,155.25,US DOLLAR,23613,2013-04-24,155.75
2013-04-25,154.75,155.25,US DOLLAR,23624,2013-04-25,155.75
2013-04-26,154.75,155.25,US DOLLAR,23636,2013-04-26,155.75
2013-04-29,154.75,155.25,US DOLLAR,23647,2013-04-29,155.75
2013-04-30,154.75,155.25,US DOLLAR,23658,2013-04-30,155.75
2013-05-02,154.75,155.25,US DOLLAR,23669,2013-05-02,155.75
2013-05-03,154.75,155.25,US DOLLAR,23680,2013-05-03,155.75
2013-05-06,154.75,155.25,US DOLLAR,23691,2013-05-06,155.75
2013-05-07,154.75,155.25,US DOLLAR,23702,2013-05-07,155.75
2013-05-08,154.75,155.25,US DOLLAR,23713,2013-05-08,155.75
2013-05-09,154.75,155.25,US DOLLAR,23725,2013-05-09,155.75
2013-05-10,154.75,155.25,US DOLLAR,23736,2013-05-10,155.75
2013-05-13,154.74,155.24,US DOLLAR,23747,2013-05-13,155.74
2013-05-14,154.74,155.24,US DOLLAR,23758,2013-05-14,155.74
2013-05-15,154.74,155.24,US DOLLAR,23769,2013-05-15,155.74
2013-05-16,154.74,155.24,US DOLLAR,23780,2013-05-16,155.74
2013-05-17,154.74,155.24,US DOLLAR,23791,2013-05-17,155.74
2013-05-20,154.74,155.24,US DOLLAR,23802,2013-05-20,155.74
2013-05-21,154.74,155.24,US DOLLAR,23814,2013-05-21,155.74
2013-05-22,154.74,155.24,US DOLLAR,23825,2013-05-22,155.74
2013-05-23,154.74,155.24,US DOLLAR,23836,2013-05-23,155.74
2013-05-24,154.74,155.24,US DOLLAR,23847,2013-05-24,155.74
2013-05-27,154.74,155.24,US DOLLAR,23858,2013-05-27,155.74
2013-05-28,154.74,155.24,US DOLLAR,23869,2013-05-28,155.74
2013-05-30,154.74,155.24,US DOLLAR,23880,2013-05-30,155.74
2013-05-31,154.74,155.24,US DOLLAR,23891,2013-05-31,155.74
2013-06-03,154.74,155.24,US DOLLAR,23902,2013-06-03,155.74
2013-06-04,154.74,155.24,US DOLLAR,23913,2013-06-04,155.74
2013-06-05,154.75,155.25,US DOLLAR,23927,2013-06-05,155.75
2013-06-06,154.75,155.25,US DOLLAR,23924,2013-06-06,155.75
2013-06-07,154.75,155.25,US DOLLAR,23947,2013-06-07,155.75
2013-06-10,154.75,155.25,US DOLLAR,23958,2013-06-10,155.75
2013-06-11,154.75,155.25,US DOLLAR,23969,2013-06-11,155.75
2013-06-12,154.75,155.25,US DOLLAR,23981,2013-06-12,155.75
2013-06-13,154.75,155.25,US DOLLAR,23992,2013-06-13,155.75
2013-06-14,154.75,155.25,US DOLLAR,24003,2013-06-14,155.75
2013-06-17,154.75,155.25,US DOLLAR,24014,2013-06-17,155.75
2013-06-18,154.75,155.25,US DOLLAR,24025,2013-06-18,155.75
2013-06-19,154.75,155.25,US DOLLAR,24036,2013-06-19,155.75
2013-06-20,154.75,155.25,US DOLLAR,24047,2013-06-20,155.75
2013-06-21,154.75,155.25,US DOLLAR,24058,2013-06-21,155.75
2013-06-24,154.75,155.25,US DOLLAR,24069,2013-06-24,155.75
2013-06-25,154.75,155.25,US DOLLAR,24080,2013-06-25,155.75
2013-06-26,154.75,155.25,US DOLLAR,24091,2013-06-26,155.75
2013-06-27,154.75,155.25,US DOLLAR,24103,2013-06-27,155.75
2013-06-28,154.75,155.25,US DOLLAR,24115,2013-06-28,155.75
2013-07-01,154.75,155.25,US DOLLAR,24126,2013-07-01,155.75
2013-07-02,154.75,155.25,US DOLLAR,24137,2013-07-02,155.75
2013-07-03,154.76,155.26,US DOLLAR,24148,2013-07-03,155.76
2013-07-04,154.76,155.26,US DOLLAR,24159,2013-07-04,155.76
2013-07-05,154.76,155.26,US DOLLAR,24170,2013-07-05,155.76
2013-07-08,154.76,155.26,US DOLLAR,24181,2013-07-08,155.76
2013-07-09,154.76,155.26,US DOLLAR,24192,2013-07-09,155.76
2013-07-10,154.76,155.26,US DOLLAR,24203,2013-07-10,155.76
2013-07-11,154.76,155.26,US DOLLAR,24216,2013-07-11,155.76
2013-07-12,154.76,155.26,US DOLLAR,24227,2013-07-12,155.76
2013-07-15,154.76,155.26,US DOLLAR,24238,2013-07-15,155.76
2013-07-16,154.76,155.26,US DOLLAR,24249,2013-07-16,155.76
2013-07-17,154.76,155.26,US DOLLAR,24260,2013-07-17,155.76
2013-07-18,154.76,155.26,US DOLLAR,24271,2013-07-18,155.76
2013-07-19,154.76,155.26,US DOLLAR,24282,2013-07-19,155.76
2013-07-22,154.76,155.26,US DOLLAR,24293,2013-07-22,155.76
2013-07-23,154.76,155.26,US DOLLAR,24304,2013-07-23,155.76
2013-07-24,154.76,155.26,US DOLLAR,24315,2013-07-24,155.76
2013-07-25,154.76,155.26,US DOLLAR,24326,2013-07-25,155.76
2013-07-26,154.76,155.26,US DOLLAR,24337,2013-07-26,155.76
2013-07-29,154.76,155.26,US DOLLAR,24348,2013-07-29,155.76
2013-07-30,154.76,155.26,US DOLLAR,24359,2013-07-30,155.76
2013-07-31,154.76,155.26,US DOLLAR,24370,2013-07-31,155.76
2013-08-01,154.76,155.26,US DOLLAR,24381,2013-08-01,155.76
2013-08-02,154.76,155.26,US DOLLAR,24392,2013-08-02,155.76
2013-08-05,154.75,155.25,US DOLLAR,24404,2013-08-05,155.75
2013-08-06,154.75,155.25,US DOLLAR,24416,2013-08-06,155.75
2013-08-07,154.75,155.25,US DOLLAR,24427,2013-08-07,155.75
2013-08-12,154.75,155.25,US DOLLAR,24438,2013-08-12,155.75
2013-08-13,154.75,155.25,US DOLLAR,24451,2013-08-13,155.75
2013-08-14,154.75,155.25,US DOLLAR,24462,2013-08-14,155.75
2013-08-15,154.75,155.25,US DOLLAR,24473,2013-08-15,155.75
2013-08-16,154.75,155.25,US DOLLAR,24484,2013-08-16,155.75
2013-08-19,154.76,155.26,US DOLLAR,24495,2013-08-19,155.76
2013-08-20,154.76,155.26,US DOLLAR,24506,2013-08-20,155.76
2013-08-21,154.76,155.26,US DOLLAR,24517,2013-08-21,155.76
2013-08-22,154.76,155.26,US DOLLAR,24528,2013-08-22,155.76
2013-08-23,154.76,155.26,US DOLLAR,24540,2013-08-23,155.76
2013-08-26,154.76,155.26,US DOLLAR,24551,2013-08-26,155.76
2013-08-27,154.76,155.26,US DOLLAR,24563,2013-08-27,155.76
2013-08-28,154.76,155.26,US DOLLAR,24574,2013-08-28,155.76
2013-08-29,154.76,155.26,US DOLLAR,24585,2013-08-29,155.76
2013-08-30,154.76,155.26,US DOLLAR,24596,2013-08-30,155.76
2013-09-02,154.76,155.26,US DOLLAR,24607,2013-09-02,155.76
2013-09-03,154.76,155.26,US DOLLAR,24618,2013-09-03,155.76
2013-09-04,154.76,155.26,US DOLLAR,24629,2013-09-04,155.76
2013-09-05,154.76,155.26,US DOLLAR,24640,2013-09-05,155.76
2013-09-06,154.76,155.26,US DOLLAR,24651,2013-09-06,155.76
2013-09-09,154.76,155.26,US DOLLAR,24662,2013-09-09,155.76
2013-09-10,154.76,155.26,US DOLLAR,24673,2013-09-10,155.76
2013-09-11,154.76,155.26,US DOLLAR,24684,2013-09-11,155.76
2013-09-12,154.76,155.26,US DOLLAR,24695,2013-09-12,155.76
2013-09-13,154.76,155.26,US DOLLAR,24706,2013-09-13,155.76
2013-09-16,154.76,155.26,US DOLLAR,24717,2013-09-16,155.76
2013-09-17,154.76,155.26,US DOLLAR,24728,2013-09-17,155.76
2013-09-18,154.76,155.26,US DOLLAR,24739,2013-09-18,155.76
2013-09-19,154.76,155.26,US DOLLAR,24750,2013-09-19,155.76
2013-09-20,154.76,155.26,US DOLLAR,24761,2013-09-20,155.76
2013-09-23,154.76,155.26,US DOLLAR,24772,2013-09-23,155.76
2013-09-24,154.76,155.26,US DOLLAR,24783,2013-09-24,155.76
2013-09-25,154.75,155.25,US DOLLAR,24794,2013-09-25,155.75
2013-09-26,154.75,155.25,US DOLLAR,24805,2013-09-26,155.75
2013-09-27,154.75,155.25,US DOLLAR,24816,2013-09-27,155.75
2013-09-30,154.75,155.25,US DOLLAR,24828,2013-09-30,155.75
2013-10-02,154.75,155.25,US DOLLAR,24839,2013-10-02,155.75
2013-10-03,154.75,155.25,US DOLLAR,24851,2013-10-03,155.75
2013-10-04,154.75,155.25,US DOLLAR,24863,2013-10-04,155.75
2013-10-07,154.73,155.23,US DOLLAR,24874,2013-10-07,155.73
2013-10-08,154.73,155.23,US DOLLAR,24885,2013-10-08,155.73
2013-10-09,154.77,155.27,US DOLLAR,24896,2013-10-09,155.77
2013-10-10,154.77,155.27,US DOLLAR,24908,2013-10-10,155.77
2013-10-11,154.77,155.27,US DOLLAR,24918,2013-10-11,155.77
2013-10-14,154.81,155.31,US DOLLAR,24934,2013-10-14,155.81
2013-10-17,154.81,155.31,US DOLLAR,24945,2013-10-17,155.81
2013-10-18,154.81,155.31,US DOLLAR,24956,2013-10-18,155.81
2013-10-21,154.9,155.4,US DOLLAR,24967,2013-10-21,155.9
2013-10-22,154.9,155.4,US DOLLAR,24979,2013-10-22,155.9
2013-10-23,155.07,155.57,US DOLLAR,24990,2013-10-23,156.07
2013-10-24,155.07,155.57,US DOLLAR,25002,2013-10-24,156.07
2013-10-25,155.07,155.57,US DOLLAR,25013,2013-10-25,156.07
2013-10-28,155.05,155.55,US DOLLAR,25024,2013-10-28,156.05
2013-10-29,155.05,155.55,US DOLLAR,25035,2013-10-29,156.05
2013-10-30,154.8,155.3,US DOLLAR,25046,2013-10-30,155.8
2013-10-31,154.8,155.3,US DOLLAR,25057,2013-10-31,155.8
2013-11-04,154.71,155.21,US DOLLAR,25069,2013-11-04,155.71
2013-11-05,154.71,155.21,US DOLLAR,25080,2013-11-05,155.71
2013-11-06,154.7,155.2,US DOLLAR,25091,2013-11-06,155.7
2013-11-07,154.7,155.2,US DOLLAR,25102,2013-11-07,155.7
2013-11-08,154.7,155.2,US DOLLAR,25113,2013-11-08,155.7
2013-11-11,154.71,155.21,US DOLLAR,25124,2013-11-11,155.71
2013-11-12,154.71,155.21,US DOLLAR,25135,2013-11-12,155.71
2013-11-13,154.7,155.2,US DOLLAR,25146,2013-11-13,155.7
2013-11-14,154.7,155.2,US DOLLAR,25157,2013-11-14,155.7
2013-11-15,154.7,155.2,US DOLLAR,25168,2013-11-15,155.7
2013-11-18,154.7,155.2,US DOLLAR,25179,2013-11-18,155.7
2013-11-19,154.7,155.2,US DOLLAR,25190,2013-11-19,155.7
2013-11-20,154.73,155.23,US DOLLAR,25201,2013-11-20,155.73
2013-11-21,154.73,155.23,US DOLLAR,25212,2013-11-21,155.73
2013-11-22,154.73,155.23,US DOLLAR,25224,2013-11-22,155.73
2013-11-25,154.72,155.22,US DOLLAR,25235,2013-11-25,155.72
2013-11-26,154.72,155.22,US DOLLAR,25246,2013-11-26,155.72
2013-11-27,154.72,155.22,US DOLLAR,25257,2013-11-27,155.72
2013-11-28,154.72,155.22,US DOLLAR,25268,2013-11-28,155.72
2013-11-29,154.72,155.22,US DOLLAR,25279,2013-11-29,155.72
2013-12-02,154.73,155.23,US DOLLAR,25290,2013-12-02,155.73
2013-12-03,154.73,155.23,US DOLLAR,25301,2013-12-03,155.73
2013-12-04,154.73,155.23,US DOLLAR,25312,2013-12-04,155.73
2013-12-05,154.73,155.23,US DOLLAR,25323,2013-12-05,155.73
2013-12-06,154.73,155.23,US DOLLAR,25334,2013-12-06,155.73
2013-12-09,154.73,155.23,US DOLLAR,25345,2013-12-09,155.73
2013-12-10,154.73,155.23,US DOLLAR,25356,2013-12-10,155.73
2013-12-11,154.73,155.23,US DOLLAR,25367,2013-12-11,155.73
2013-12-12,154.73,155.23,US DOLLAR,25378,2013-12-12,155.73
2013-12-13,154.73,155.23,US DOLLAR,25389,2013-12-13,155.73
2013-12-16,154.72,155.22,US DOLLAR,25400,2013-12-16,155.72
2013-12-17,154.72,155.22,US DOLLAR,25412,2013-12-17,155.72
2013-12-18,154.7,155.2,US DOLLAR,25423,2013-12-18,155.7
2013-12-19,154.7,155.2,US DOLLAR,25434,2013-12-19,155.7
2013-12-20,154.7,155.2,US DOLLAR,25445,2013-12-20,155.7
2013-12-23,154.7,155.2,US DOLLAR,25456,2013-12-23,155.7
2013-12-24,154.7,155.2,US DOLLAR,25467,2013-12-24,155.7
2013-12-27,154.7,155.2,US DOLLAR,26388,2013-12-27,155.7
2013-12-30,154.7,155.2,US DOLLAR,25478,2013-12-30,155.7
2013-12-31,154.7,155.2,US DOLLAR,25490,2013-12-31,155.7
2014-01-02,154.7,155.2,US DOLLAR,25501,2014-01-02,155.7
2014-01-03,154.7,155.2,US DOLLAR,25512,2014-01-03,155.7
2014-01-06,154.72,155.22,US DOLLAR,25523,2014-01-06,155.72
2014-01-07,154.72,155.22,US DOLLAR,25534,2014-01-07,155.72
2014-01-08,154.72,155.22,US DOLLAR,25545,2014-01-08,155.72
2014-01-09,154.72,155.22,US DOLLAR,25556,2014-01-09,155.72
2014-01-10,154.72,155.22,US DOLLAR,25567,2014-01-10,155.72
2014-01-13,154.72,155.22,US DOLLAR,25578,2014-01-13,155.72
2014-01-15,154.74,155.24,US DOLLAR,25589,2014-01-15,155.74
2014-01-16,154.74,155.24,US DOLLAR,25600,2014-01-16,155.74
2014-01-17,154.74,155.24,US DOLLAR,25611,2014-01-17,155.74
2014-01-20,154.74,155.24,US DOLLAR,25622,2014-01-20,155.74
2014-01-21,154.74,155.24,US DOLLAR,25634,2014-01-21,155.74
2014-01-22,154.75,155.25,US DOLLAR,25645,2014-01-22,155.75
2014-01-23,154.75,155.25,US DOLLAR,25656,2014-01-23,155.75
2014-01-24,154.75,155.25,US DOLLAR,25667,2014-01-24,155.75
2014-01-27,154.75,155.25,US DOLLAR,25678,2014-01-27,155.75
2014-01-28,154.75,155.25,US DOLLAR,25689,2014-01-28,155.75
2014-01-29,154.75,155.25,US DOLLAR,25700,2014-01-29,155.75
2014-01-30,154.75,155.25,US DOLLAR,25711,2014-01-30,155.75
2014-01-31,154.75,155.25,US DOLLAR,25722,2014-01-31,155.75
2014-02-03,154.75,155.25,US DOLLAR,25734,2014-02-03,155.75
2014-02-04,154.75,155.25,US DOLLAR,25745,2014-02-04,155.75
2014-02-05,154.75,155.25,US DOLLAR,25756,2014-02-05,155.75
2014-02-06,154.75,155.25,US DOLLAR,25767,2014-02-06,155.75
2014-02-07,154.75,155.25,US DOLLAR,25778,2014-02-07,155.75
2014-02-10,154.75,155.25,US DOLLAR,25789,2014-02-10,155.75
2014-02-11,154.75,155.25,US DOLLAR,25800,2014-02-11,155.75
2014-02-12,154.75,155.25,US DOLLAR,25811,2014-02-12,155.75
2014-02-13,154.75,155.25,US DOLLAR,25822,2014-02-13,155.75
2014-02-14,154.75,155.25,US DOLLAR,25834,2014-02-14,155.75
2014-02-17,154.75,155.25,US DOLLAR,25845,2014-02-17,155.75
2014-02-18,154.75,155.25,US DOLLAR,25856,2014-02-18,155.75
2014-02-19,154.75,155.25,US DOLLAR,25867,2014-02-19,155.75
2014-02-20,154.75,155.25,US DOLLAR,25878,2014-02-20,155.75
2014-02-21,154.75,155.25,US DOLLAR,25889,2014-02-21,155.75
2014-02-24,154.75,155.25,US DOLLAR,25900,2014-02-24,155.75
2014-02-25,154.75,155.25,US DOLLAR,25911,2014-02-25,155.75
2014-02-26,154.75,155.25,US DOLLAR,25922,2014-02-26,155.75
2014-02-27,154.75,155.25,US DOLLAR,26045,2014-02-27,155.75
2014-02-28,154.75,155.25,US DOLLAR,25935,2014-02-28,155.75
2014-03-03,154.75,155.25,US DOLLAR,25945,2014-03-03,155.75
2014-03-04,154.75,155.25,US DOLLAR,25956,2014-03-04,155.75
2014-03-05,154.75,155.25,US DOLLAR,25967,2014-03-05,155.75
2014-03-06,154.75,155.25,US DOLLAR,25979,2014-03-06,155.75
2014-03-07,154.75,155.25,US DOLLAR,25990,2014-03-07,155.75
2014-03-10,154.75,155.25,US DOLLAR,26001,2014-03-10,155.75
2014-03-11,154.75,155.25,US DOLLAR,26012,2014-03-11,155.75
2014-03-12,154.74,155.24,US DOLLAR,26023,2014-03-12,155.74
2014-03-13,154.74,155.24,US DOLLAR,26034,2014-03-13,155.74
2014-03-14,154.74,155.24,US DOLLAR,26057,2014-03-14,155.74
2014-03-17,154.74,155.24,US DOLLAR,26068,2014-03-17,155.74
2014-03-18,154.74,155.24,US DOLLAR,26079,2014-03-18,155.74
2014-03-19,154.74,155.24,US DOLLAR,26090,2014-03-19,155.74
2014-03-20,154.74,155.24,US DOLLAR,26101,2014-03-20,155.74
2014-03-21,154.74,155.24,US DOLLAR,26112,2014-03-21,155.74
2014-03-24,154.74,155.24,US DOLLAR,26123,2014-03-24,155.74
2014-03-25,154.74,155.24,US DOLLAR,26134,2014-03-25,155.74
2014-03-26,154.74,155.24,US DOLLAR,26145,2014-03-26,155.74
2014-03-27,154.74,155.24,US DOLLAR,26156,2014-03-27,155.74
2014-03-28,154.74,155.24,US DOLLAR,26167,2014-03-28,155.74
2014-03-31,154.74,155.24,US DOLLAR,26178,2014-03-31,155.74
2014-04-01,154.74,155.24,US DOLLAR,26189,2014-04-01,155.74
2014-04-02,154.74,155.24,US DOLLAR,26200,2014-04-02,155.74
2014-04-03,154.74,155.24,US DOLLAR,26211,2014-04-03,155.74
2014-04-04,154.74,155.24,US DOLLAR,26222,2014-04-04,155.74
2014-04-07,154.74,155.24,US DOLLAR,26233,2014-04-07,155.74
2014-04-08,154.74,155.24,US DOLLAR,26244,2014-04-08,155.74
2014-04-09,154.74,155.24,US DOLLAR,26255,2014-04-09,155.74
2014-04-10,154.74,155.24,US DOLLAR,26267,2014-04-10,155.74
2014-04-11,154.74,155.24,US DOLLAR,26278,2014-04-11,155.74
2014-04-14,154.73,155.23,US DOLLAR,26289,2014-04-14,155.73
2014-04-15,154.73,155.23,US DOLLAR,26300,2014-04-15,155.73
2014-04-16,154.73,155.23,US DOLLAR,26311,2014-04-16,155.73
2014-04-17,154.73,155.23,US DOLLAR,26322,2014-04-17,155.73
2014-04-22,154.73,155.23,US DOLLAR,26333,2014-04-22,155.73
2014-04-23,154.73,155.23,US DOLLAR,26344,2014-04-23,155.73
2014-04-24,154.73,155.23,US DOLLAR,26355,2014-04-24,155.73
2014-04-25,154.73,155.23,US DOLLAR,26377,2014-04-25,155.73
2014-04-28,154.73,155.23,US DOLLAR,26366,2014-04-28,155.73
2014-04-29,154.73,155.23,US DOLLAR,26400,2014-04-29,155.73
2014-04-30,154.73,155.23,US DOLLAR,26411,2014-04-30,155.73
2014-05-02,154.73,155.23,US DOLLAR,26422,2014-05-02,155.73
2014-05-05,154.73,155.23,US DOLLAR,26433,2014-05-05,155.73
2014-05-06,154.73,155.23,US DOLLAR,26444,2014-05-06,155.73
2014-05-07,154.73,155.23,US DOLLAR,26456,2014-05-07,155.73
2014-05-08,154.73,155.23,US DOLLAR,26467,2014-05-08,155.73
2014-05-09,154.73,155.23,US DOLLAR,26478,2014-05-09,155.73
2014-05-12,154.73,155.23,US DOLLAR,26489,2014-05-12,155.73
2014-05-13,154.73,155.23,US DOLLAR,26500,2014-05-13,155.73
2014-05-14,154.73,155.23,US DOLLAR,26511,2014-05-14,155.73
2014-05-15,154.73,155.23,US DOLLAR,26522,2014-05-15,155.73
2014-05-16,154.73,155.23,US DOLLAR,26533,2014-05-16,155.73
2014-05-19,154.73,155.23,US DOLLAR,26544,2014-05-19,155.73
2014-05-20,154.73,155.23,US DOLLAR,26555,2014-05-20,155.73
2014-05-21,154.73,155.23,US DOLLAR,26567,2014-05-21,155.73
2014-05-22,154.73,155.23,US DOLLAR,26578,2014-05-22,155.73
2014-05-23,154.73,155.23,US DOLLAR,26589,2014-05-23,155.73
2014-05-26,154.73,155.23,US DOLLAR,26600,2014-05-26,155.73
2014-05-27,154.73,155.23,US DOLLAR,26612,2014-05-27,155.73
2014-05-28,154.73,155.23,US DOLLAR,26623,2014-05-28,155.73
2014-05-30,154.73,155.23,US DOLLAR,26634,2014-05-30,155.73
2014-06-02,154.73,155.23,US DOLLAR,26645,2014-06-02,155.73
2014-06-03,154.73,155.23,US DOLLAR,26656,2014-06-03,155.73
2014-06-04,154.73,155.23,US DOLLAR,26667,2014-06-04,155.73
2014-06-05,154.73,155.23,US DOLLAR,26678,2014-06-05,155.73
2014-06-06,154.73,155.23,US DOLLAR,26711,2014-06-06,155.73
2014-06-09,154.73,155.23,US DOLLAR,26689,2014-06-09,155.73
2014-06-10,154.73,155.23,US DOLLAR,26700,2014-06-10,155.73
2014-06-11,154.73,155.23,US DOLLAR,26722,2014-06-11,155.73
2014-06-12,154.73,155.23,US DOLLAR,26733,2014-06-12,155.73
2014-06-13,154.73,155.23,US DOLLAR,26744,2014-06-13,155.73
2014-06-16,154.73,155.23,US DOLLAR,26755,2014-06-16,155.73
2014-06-17,154.73,155.23,US DOLLAR,26766,2014-06-17,155.73
2014-06-18,154.73,155.23,US DOLLAR,26777,2014-06-18,155.73
2014-06-19,154.73,155.23,US DOLLAR,26788,2014-06-19,155.73
2014-06-20,154.73,155.23,US DOLLAR,26799,2014-06-20,155.73
2014-06-23,154.73,155.23,US DOLLAR,26810,2014-06-23,155.73
2014-06-24,154.73,155.23,US DOLLAR,26821,2014-06-24,155.73
2014-06-25,154.73,155.23,US DOLLAR,26832,2014-06-25,155.73
2014-06-26,154.73,155.23,US DOLLAR,26843,2014-06-26,155.73
2014-06-27,154.73,155.23,US DOLLAR,26854,2014-06-27,155.73
2014-06-30,154.73,155.23,US DOLLAR,26865,2014-06-30,155.73
2014-07-01,154.73,155.23,US DOLLAR,26876,2014-07-01,155.73
2014-07-02,154.73,155.23,US DOLLAR,26887,2014-07-02,155.73
2014-07-03,154.73,155.23,US DOLLAR,26898,2014-07-03,155.73
2014-07-04,154.73,155.23,US DOLLAR,26909,2014-07-04,155.73
2014-07-07,154.73,155.23,US DOLLAR,26920,2014-07-07,155.73
2014-07-08,154.73,155.23,US DOLLAR,26931,2014-07-08,155.73
2014-07-09,154.73,155.23,US DOLLAR,26942,2014-07-09,155.73
2014-07-10,154.73,155.23,US DOLLAR,26953,2014-07-10,155.73
2014-07-11,154.73,155.23,US DOLLAR,26964,2014-07-11,155.73
2014-07-14,154.73,155.23,US DOLLAR,26975,2014-07-14,155.73
2014-07-15,154.73,155.23,US DOLLAR,26986,2014-07-15,155.73
2014-07-16,154.73,155.23,US DOLLAR,26997,2014-07-16,155.73
2014-07-17,154.73,155.23,US DOLLAR,27008,2014-07-17,155.73
2014-07-18,154.73,155.23,US DOLLAR,27019,2014-07-18,155.73
2014-07-21,154.73,155.23,US DOLLAR,27030,2014-07-21,155.73
2014-07-22,154.73,155.23,US DOLLAR,27041,2014-07-22,155.73
2014-07-23,154.73,155.23,US DOLLAR,27052,2014-07-23,155.73
2014-07-24,154.73,155.23,US DOLLAR,27063,2014-07-24,155.73
2014-07-25,154.73,155.23,US DOLLAR,27074,2014-07-25,155.73
2014-07-30,154.73,155.23,US DOLLAR,27087,2014-07-30,155.73
2014-07-31,154.73,155.23,US DOLLAR,27098,2014-07-31,155.73
2014-08-01,154.73,155.23,US DOLLAR,27109,2014-08-01,155.73
2014-08-04,154.73,155.23,US DOLLAR,27120,2014-08-04,155.73
2014-08-05,154.73,155.23,US DOLLAR,27143,2014-08-05,155.73
2014-08-06,154.73,155.23,US DOLLAR,27131,2014-08-06,155.73
2014-08-07,154.73,155.23,US DOLLAR,27155,2014-08-07,155.73
2014-08-08,154.73,155.23,US DOLLAR,27166,2014-08-08,155.73
2014-08-11,154.73,155.23,US DOLLAR,27177,2014-08-11,155.73
2014-08-12,154.73,155.23,US DOLLAR,27189,2014-08-12,155.73
2014-08-13,154.73,155.23,US DOLLAR,27200,2014-08-13,155.73
2014-08-14,154.73,155.23,US DOLLAR,27211,2014-08-14,155.73
2014-08-15,154.73,155.23,US DOLLAR,27222,2014-08-15,155.73
2014-08-18,154.73,155.23,US DOLLAR,27233,2014-08-18,155.73
2014-08-19,154.73,155.23,US DOLLAR,27244,2014-08-19,155.73
2014-08-20,154.73,155.23,US DOLLAR,27255,2014-08-20,155.73
2014-08-21,154.73,155.23,US DOLLAR,27266,2014-08-21,155.73
2014-08-22,154.73,155.23,US DOLLAR,27278,2014-08-22,155.73
2014-08-25,154.73,155.23,US DOLLAR,27289,2014-08-25,155.73
2014-08-26,154.73,155.23,US DOLLAR,27300,2014-08-26,155.73
2014-08-27,154.73,155.23,US DOLLAR,27311,2014-08-27,155.73
2014-08-28,154.73,155.23,US DOLLAR,27322,2014-08-28,155.73
2014-08-29,154.73,155.23,US DOLLAR,27333,2014-08-29,155.73
2014-09-01,154.73,155.23,US DOLLAR,27344,2014-09-01,155.73
2014-09-02,154.73,155.23,US DOLLAR,27356,2014-09-02,155.73
2014-09-03,154.73,155.23,US DOLLAR,27367,2014-09-03,155.73
2014-09-04,154.73,155.23,US DOLLAR,27378,2014-09-04,155.73
2014-09-05,154.73,155.23,US DOLLAR,27389,2014-09-05,155.73
2014-09-08,154.74,155.24,US DOLLAR,27400,2014-09-08,155.74
2014-09-09,154.74,155.24,US DOLLAR,27411,2014-09-09,155.74
2014-09-10,154.74,155.24,US DOLLAR,27422,2014-09-10,155.74
2014-09-11,154.74,155.24,US DOLLAR,27433,2014-09-11,155.74
2014-09-12,154.74,155.24,US DOLLAR,27444,2014-09-12,155.74
2014-09-15,154.75,155.25,US DOLLAR,27455,2014-09-15,155.75
2014-09-16,154.75,155.25,US DOLLAR,27466,2014-09-16,155.75
2014-09-17,154.75,155.25,US DOLLAR,27477,2014-09-17,155.75
2014-09-18,154.75,155.25,US DOLLAR,27488,2014-09-18,155.75
2014-09-19,154.75,155.25,US DOLLAR,27499,2014-09-19,155.75
2014-09-22,154.75,155.25,US DOLLAR,27510,2014-09-22,155.75
2014-09-23,154.75,155.25,US DOLLAR,27521,2014-09-23,155.75
2014-09-24,154.75,155.25,US DOLLAR,27532,2014-09-24,155.75
2014-09-25,154.75,155.25,US DOLLAR,27543,2014-09-25,155.75
2014-09-26,154.75,155.25,US DOLLAR,27554,2014-09-26,155.75
2014-09-29,154.75,155.25,US DOLLAR,27565,2014-09-29,155.75
2014-09-30,154.75,155.25,US DOLLAR,27576,2014-09-30,155.75
2014-10-02,154.75,155.25,US DOLLAR,27587,2014-10-02,155.75
2014-10-03,154.75,155.25,US DOLLAR,27598,2014-10-03,155.75
2014-10-08,154.75,155.25,US DOLLAR,27609,2014-10-08,155.75
2014-10-09,154.75,155.25,US DOLLAR,27620,2014-10-09,155.75
2014-10-10,154.75,155.25,US DOLLAR,27631,2014-10-10,155.75
2014-10-13,154.75,155.25,US DOLLAR,27642,2014-10-13,155.75
2014-10-14,154.75,155.25,US DOLLAR,27653,2014-10-14,155.75
2014-10-15,154.76,155.26,US DOLLAR,27664,2014-10-15,155.76
2014-10-16,154.76,155.26,US DOLLAR,27675,2014-10-16,155.76
2014-10-17,154.76,155.26,US DOLLAR,27686,2014-10-17,155.76
2014-10-20,154.76,155.26,US DOLLAR,27697,2014-10-20,155.76
2014-10-21,154.76,155.26,US DOLLAR,27708,2014-10-21,155.76
2014-10-22,154.76,155.26,US DOLLAR,27720,2014-10-22,155.76
2014-10-23,154.76,155.26,US DOLLAR,27731,2014-10-23,155.76
2014-10-24,154.76,155.26,US DOLLAR,27742,2014-10-24,155.76
2014-10-27,154.76,155.26,US DOLLAR,27753,2014-10-27,155.76
2014-10-28,154.76,155.26,US DOLLAR,27764,2014-10-28,155.76
2014-10-29,154.76,155.26,US DOLLAR,27775,2014-10-29,155.76
2014-10-30,154.76,155.26,US DOLLAR,27786,2014-10-30,155.76
2014-10-31,154.76,155.26,US DOLLAR,27797,2014-10-31,155.76
2014-11-03,154.78,155.28,US DOLLAR,27808,2014-11-03,155.78
2014-11-04,154.78,155.28,US DOLLAR,27819,2014-11-04,155.78
2014-11-05,154.8,155.3,US DOLLAR,27830,2014-11-05,155.8
2014-11-06,154.8,155.3,US DOLLAR,27841,2014-11-06,155.8
2014-11-07,154.8,155.3,US DOLLAR,27852,2014-11-07,155.8
2014-11-10,154.85,155.35,US DOLLAR,27863,2014-11-10,155.85
2014-11-11,154.85,155.35,US DOLLAR,27874,2014-11-11,155.85
2014-11-12,155.39,155.89,US DOLLAR,27885,2014-11-12,156.39
2014-11-13,155.39,155.89,US DOLLAR,27896,2014-11-13,156.39
2014-11-14,155.39,155.89,US DOLLAR,27907,2014-11-14,156.39
2014-11-17,155.59,156.09,US DOLLAR,27918,2014-11-17,156.59
2014-11-18,155.59,156.09,US DOLLAR,27929,2014-11-18,156.59
2014-11-19,157.41,157.91,US DOLLAR,27940,2014-11-19,158.41
2014-11-20,157.41,157.91,US DOLLAR,27951,2014-11-20,158.41
2014-11-21,157.41,157.91,US DOLLAR,27962,2014-11-21,158.41
2014-11-24,161.5,162,US DOLLAR,27974,2014-11-24,162.5
2014-11-25,161.5,162,US DOLLAR,27985,2014-11-25,162.5
2014-11-26,164,164.5,US DOLLAR,27996,2014-11-26,165
2014-11-27,164,164.5,US DOLLAR,28007,2014-11-27,165
2014-11-28,164,164.5,US DOLLAR,28040,2014-11-28,165
2014-12-01,167,167.5,US DOLLAR,28018,2014-12-01,168
2014-12-02,167,167.5,US DOLLAR,28029,2014-12-02,168
2014-12-03,167,167.5,US DOLLAR,28051,2014-12-03,168
2014-12-04,167,167.5,US DOLLAR,28062,2014-12-04,168
2014-12-05,167,167.5,US DOLLAR,28073,2014-12-05,168
2014-12-08,167,167.5,US DOLLAR,28084,2014-12-08,168
2014-12-09,167,167.5,US DOLLAR,28095,2014-12-09,168
2014-12-10,167,167.5,US DOLLAR,28106,2014-12-10,168
2014-12-11,167,167.5,US DOLLAR,28117,2014-12-11,168
2014-12-12,167,167.5,US DOLLAR,28128,2014-12-12,168
2014-12-15,167,167.5,US DOLLAR,28139,2014-12-15,168
2014-12-17,167,167.5,US DOLLAR,28150,2014-12-17,168
2014-12-18,167,167.5,US DOLLAR,28161,2014-12-18,168
2014-12-19,167,167.5,US DOLLAR,28172,2014-12-19,168
2014-12-22,167,167.5,US DOLLAR,28183,2014-12-22,168
2014-12-23,167,167.5,US DOLLAR,28194,2014-12-23,168
2014-12-24,167,167.5,US DOLLAR,28205,2014-12-24,168
2014-12-29,167,167.5,US DOLLAR,28216,2014-12-29,168
2014-12-30,167,167.5,US DOLLAR,28227,2014-12-30,168
2014-12-31,167,167.5,US DOLLAR,28238,2014-12-31,168
2015-01-05,167,167.5,US DOLLAR,28249,2015-01-05,168
2015-01-06,167,167.5,US DOLLAR,28260,2015-01-06,168
2015-01-07,167,167.5,US DOLLAR,28271,2015-01-07,168
2015-01-08,167,167.5,US DOLLAR,28282,2015-01-08,168
2015-01-09,167,167.5,US DOLLAR,28293,2015-01-09,168
2015-01-12,167,167.5,US DOLLAR,28304,2015-01-12,168
2015-01-13,167,167.5,US DOLLAR,28315,2015-01-13,168
2015-01-14,167,167.5,US DOLLAR,28326,2015-01-14,168
2015-01-15,167,167.5,US DOLLAR,28337,2015-01-15,168
2015-01-16,167,167.5,US DOLLAR,28348,2015-01-16,168
2015-01-19,167,167.5,US DOLLAR,28359,2015-01-19,168
2015-01-20,167,167.5,US DOLLAR,28370,2015-01-20,168
2015-01-21,167,167.5,US DOLLAR,28381,2015-01-21,168
2015-01-22,167,167.5,US DOLLAR,28392,2015-01-22,168
2015-01-23,167,167.5,US DOLLAR,28403,2015-01-23,168
2015-01-26,167,167.5,US DOLLAR,28414,2015-01-26,168
2015-01-27,167,167.5,US DOLLAR,28425,2015-01-27,168
2015-01-28,167,167.5,US DOLLAR,28436,2015-01-28,168
2015-01-29,167,167.5,US DOLLAR,28447,2015-01-29,168
2015-01-30,167,167.5,US DOLLAR,28458,2015-01-30,168
2015-02-02,167,167.5,US DOLLAR,28469,2015-02-02,168
2015-02-03,167,167.5,US DOLLAR,28480,2015-02-03,168
2015-02-04,167,167.5,US DOLLAR,28491,2015-02-04,168
2015-02-05,167,167.5,US DOLLAR,28502,2015-02-05,168
2015-02-06,167,167.5,US DOLLAR,28513,2015-02-06,168
2015-02-09,167,167.5,US DOLLAR,28524,2015-02-09,168
2015-02-10,167,167.5,US DOLLAR,28535,2015-02-10,168
2015-02-11,167,167.5,US DOLLAR,28546,2015-02-11,168
2015-02-12,167,167.5,US DOLLAR,28557,2015-02-12,168
2015-02-13,167,167.5,US DOLLAR,28568,2015-02-13,168
2015-02-16,167,167.5,US DOLLAR,28579,2015-02-16,168
2015-02-17,167,167.5,US DOLLAR,28590,2015-02-17,168
2015-02-18,167,167.5,US DOLLAR,28601,2015-02-18,168
2015-02-19,198,198.5,US DOLLAR,28612,2015-02-19,199
2015-02-20,198,198.5,US DOLLAR,28623,2015-02-20,199
2015-02-23,198,198.5,US DOLLAR,28634,2015-02-23,199
2015-02-24,197,197.5,US DOLLAR,28645,2015-02-24,198
2015-02-25,197,197.5,US DOLLAR,28656,2015-02-25,198
2015-02-26,197,197.5,US DOLLAR,28667,2015-02-26,198
2015-02-27,197,197.5,US DOLLAR,28678,2015-02-27,198
2015-03-02,196.8,197.3,US DOLLAR,28689,2015-03-02,197.8
2015-03-03,196.8,197.3,US DOLLAR,28700,2015-03-03,197.8
2015-03-04,196,196.5,US DOLLAR,28711,2015-03-04,197
2015-03-05,196,196.5,US DOLLAR,28722,2015-03-05,197
2015-03-06,196,196.5,US DOLLAR,28733,2015-03-06,197
2015-03-09,196,196.5,US DOLLAR,28745,2015-03-09,197
2015-03-10,196,196.5,US DOLLAR,28756,2015-03-10,197
2015-03-11,196,196.5,US DOLLAR,28767,2015-03-11,197
2015-03-12,196,196.5,US DOLLAR,28778,2015-03-12,197
2015-03-13,196,196.5,US DOLLAR,28789,2015-03-13,197
2015-03-16,196,196.5,US DOLLAR,28800,2015-03-16,197
2015-03-17,196,196.5,US DOLLAR,28811,2015-03-17,197
2015-03-18,196,196.5,US DOLLAR,28822,2015-03-18,197
2015-03-19,196,196.5,US DOLLAR,28833,2015-03-19,197
2015-03-20,196,196.5,US DOLLAR,28844,2015-03-20,197
2015-03-23,196,196.5,US DOLLAR,28855,2015-03-23,197
2015-03-24,196,196.5,US DOLLAR,28866,2015-03-24,197
2015-03-25,196,196.5,US DOLLAR,28877,2015-03-25,197
2015-03-26,196,196.5,US DOLLAR,28888,2015-03-26,197
2015-03-27,196,196.5,US DOLLAR,28899,2015-03-27,197
2015-03-30,196,196.5,US DOLLAR,28910,2015-03-30,197
2015-03-31,196,196.5,US DOLLAR,28921,2015-03-31,197
2015-04-01,196,196.5,US DOLLAR,28932,2015-04-01,197
2015-04-02,196,196.5,US DOLLAR,28943,2015-04-02,197
2015-04-07,196,196.5,US DOLLAR,28954,2015-04-07,197
2015-04-08,196,196.5,US DOLLAR,28965,2015-04-08,197
2015-04-09,196,196.5,US DOLLAR,28976,2015-04-09,197
2015-04-10,196,196.5,US DOLLAR,28987,2015-04-10,197
2015-04-13,196,196.5,US DOLLAR,28998,2015-04-13,197
2015-04-14,196,196.5,US DOLLAR,29009,2015-04-14,197
2015-04-15,196,196.5,US DOLLAR,29020,2015-04-15,197
2015-04-16,196,196.5,US DOLLAR,29031,2015-04-16,197
2015-04-20,196,196.5,US DOLLAR,29042,2015-04-20,197
2015-04-21,196,196.5,US DOLLAR,29053,2015-04-21,197
2015-04-22,196,196.5,US DOLLAR,29064,2015-04-22,197
2015-04-23,196,196.5,US DOLLAR,29075,2015-04-23,197
2015-04-24,196,196.5,US DOLLAR,29086,2015-04-24,197
2015-04-27,196,196.5,US DOLLAR,29097,2015-04-27,197
2015-04-28,196,196.5,US DOLLAR,29108,2015-04-28,197
2015-04-29,196,196.5,US DOLLAR,29119,2015-04-29,197
2015-04-30,196,196.5,US DOLLAR,29130,2015-04-30,197
2015-05-04,196,196.5,US DOLLAR,29141,2015-05-04,197
2015-05-05,196,196.5,US DOLLAR,29152,2015-05-05,197
2015-05-06,196,196.5,US DOLLAR,29163,2015-05-06,197
2015-05-07,196,196.5,US DOLLAR,29174,2015-05-07,197
2015-05-08,196,196.5,US DOLLAR,29185,2015-05-08,197
2015-05-11,196,196.5,US DOLLAR,29196,2015-05-11,197
2015-05-12,196,196.5,US DOLLAR,29207,2015-05-12,197
2015-05-13,196,196.5,US DOLLAR,29218,2015-05-13,197
2015-05-14,196,196.5,US DOLLAR,29229,2015-05-14,197
2015-05-15,196,196.5,US DOLLAR,29240,2015-05-15,197
2015-05-18,196,196.5,US DOLLAR,29251,2015-05-18,197
2015-05-19,196,196.5,US DOLLAR,29262,2015-05-19,197
2015-05-20,196,196.5,US DOLLAR,29273,2015-05-20,197
2015-05-21,196,196.5,US DOLLAR,29284,2015-05-21,197
2015-05-22,196,196.5,US DOLLAR,29295,2015-05-22,197
2015-05-25,196,196.5,US DOLLAR,29306,2015-05-25,197
2015-05-26,196,196.5,US DOLLAR,29317,2015-05-26,197
2015-05-27,196,196.5,US DOLLAR,29328,2015-05-27,197
2015-05-28,196,196.5,US DOLLAR,29339,2015-05-28,197
2015-06-01,195.95,196.45,US DOLLAR,29350,2015-06-01,196.95
2015-06-02,195.95,196.45,US DOLLAR,29361,2015-06-02,196.95
2015-06-03,195.95,196.45,US DOLLAR,29372,2015-06-03,196.95
2015-06-04,195.95,196.45,US DOLLAR,29383,2015-06-04,196.95
2015-06-05,195.95,196.45,US DOLLAR,29394,2015-06-05,196.95
2015-06-08,195.9,196.4,US DOLLAR,29405,2015-06-08,196.9
2015-06-09,195.9,196.4,US DOLLAR,29416,2015-06-09,196.9
2015-06-10,195.9,196.4,US DOLLAR,29427,2015-06-10,196.9
2015-06-11,195.9,196.4,US DOLLAR,29438,2015-06-11,196.9
2015-06-12,195.9,196.4,US DOLLAR,29449,2015-06-12,196.9
2015-06-15,195.9,196.4,US DOLLAR,29460,2015-06-15,196.9
2015-06-16,195.9,196.4,US DOLLAR,29466,2015-06-16,196.9
2015-06-17,195.9,196.4,US DOLLAR,29477,2015-06-17,196.9
2015-06-18,195.9,196.4,US DOLLAR,29493,2015-06-18,196.9
2015-06-19,195.9,196.4,US DOLLAR,29504,2015-06-19,196.9
2015-06-22,195.9,196.4,US DOLLAR,29515,2015-06-22,196.9
2015-06-23,195.9,196.4,US DOLLAR,29526,2015-06-23,196.9
2015-06-24,195.9,196.4,US DOLLAR,29537,2015-06-24,196.9
2015-06-25,195.9,196.4,US DOLLAR,29548,2015-06-25,196.9
2015-06-26,195.9,196.4,US DOLLAR,29559,2015-06-26,196.9
2015-06-29,195.9,196.45,US DOLLAR,29570,2015-06-29,196.95
2015-06-30,195.95,196.45,US DOLLAR,29581,2015-06-30,196.95
2015-07-01,195.95,196.45,US DOLLAR,29592,2015-07-01,196.95
2015-07-02,195.95,196.45,US DOLLAR,29603,2015-07-02,196.95
2015-07-03,195.95,196.45,US DOLLAR,29615,2015-07-03,196.95
2015-07-06,195.95,196.45,US DOLLAR,29626,2015-07-06,196.95
2015-07-07,195.95,196.45,US DOLLAR,29637,2015-07-07,196.95
2015-07-08,195.95,196.45,US DOLLAR,29648,2015-07-08,196.95
2015-07-09,195.95,196.45,US DOLLAR,29659,2015-07-09,196.95
2015-07-10,195.95,196.45,US DOLLAR,29670,2015-07-10,196.95
2015-07-13,195.95,196.45,US DOLLAR,29681,2015-07-13,196.95
2015-07-14,195.95,196.45,US DOLLAR,29692,2015-07-14,196.95
2015-07-15,195.95,196.45,US DOLLAR,29703,2015-07-15,196.95
2015-07-16,195.95,196.45,US DOLLAR,29714,2015-07-16,196.95
2015-07-21,196,196.5,US DOLLAR,29725,2015-07-21,197
2015-07-22,196,196.5,US DOLLAR,29736,2015-07-22,197
2015-07-23,196,196.5,US DOLLAR,29747,2015-07-23,197
2015-07-24,196,196.5,US DOLLAR,29758,2015-07-24,197
2015-07-27,196,196.5,US DOLLAR,29769,2015-07-27,197
2015-07-28,196,196.5,US DOLLAR,29780,2015-07-28,197
2015-07-29,196,196.5,US DOLLAR,29791,2015-07-29,197
2015-07-30,196,196.5,US DOLLAR,29802,2015-07-30,197
2015-07-31,196,196.5,US DOLLAR,29824,2015-07-31,197
2015-08-03,196,196.5,US DOLLAR,29813,2015-08-03,197
2015-08-04,196,196.5,US DOLLAR,29835,2015-08-04,197
2015-08-05,196,196.5,US DOLLAR,29846,2015-08-05,197
2015-08-06,196,196.5,US DOLLAR,29857,2015-08-06,197
2015-08-07,196,196.5,US DOLLAR,29868,2015-08-07,197
2015-08-10,196,196.5,US DOLLAR,29879,2015-08-10,197
2015-08-11,196,196.5,US DOLLAR,29890,2015-08-11,197
2015-08-12,196,196.5,US DOLLAR,29901,2015-08-12,197
2015-08-13,196,196.5,US DOLLAR,29912,2015-08-13,197
2015-08-14,196,196.5,US DOLLAR,29923,2015-08-14,197
2015-08-17,196,196.5,US DOLLAR,29934,2015-08-17,197
2015-08-18,196,196.5,US DOLLAR,29945,2015-08-18,197
2015-08-19,196,196.5,US DOLLAR,29956,2015-08-19,197
2015-08-20,196,196.5,US DOLLAR,29967,2015-08-20,197
2015-08-21,196,196.5,US DOLLAR,29978,2015-08-21,197
2015-08-24,196,196.5,US DOLLAR,29989,2015-08-24,197
2015-08-25,196,196.5,US DOLLAR,30000,2015-08-25,197
2015-08-26,196,196.5,US DOLLAR,30011,2015-08-26,197
2015-08-27,196,196.5,US DOLLAR,30022,2015-08-27,197
2015-08-28,196,196.5,US DOLLAR,30033,2015-08-28,197
2015-08-31,196,196.5,US DOLLAR,30044,2015-08-31,197
2015-09-01,196,196.5,US DOLLAR,30055,2015-09-01,197
2015-09-02,196,196.5,US DOLLAR,30066,2015-09-02,197
2015-09-03,196,196.5,US DOLLAR,30077,2015-09-03,197
2015-09-04,196,196.5,US DOLLAR,30088,2015-09-04,197
2015-09-07,196,196.5,US DOLLAR,30099,2015-09-07,197
2015-09-08,196,196.5,US DOLLAR,30110,2015-09-08,197
2015-09-09,196,196.5,US DOLLAR,30121,2015-09-09,197
2015-09-10,196,196.5,US DOLLAR,30132,2015-09-10,197
2015-09-11,196,196.5,US DOLLAR,30143,2015-09-11,197
2015-09-14,196,196.5,US DOLLAR,30154,2015-09-14,197
2015-09-15,196,196.5,US DOLLAR,30165,2015-09-15,197
2015-09-16,196,196.5,US DOLLAR,30176,2015-09-16,197
2015-09-17,196,196.5,US DOLLAR,30187,2015-09-17,197
2015-09-18,196,196.5,US DOLLAR,30198,2015-09-18,197
2015-09-21,196,196.5,US DOLLAR,30209,2015-09-21,197
2015-09-22,196,196.5,US DOLLAR,30220,2015-09-22,197
2015-09-23,196,196.5,US DOLLAR,30231,2015-09-23,197
2015-09-28,196,196.5,US DOLLAR,30242,2015-09-28,197
2015-09-29,196,196.5,US DOLLAR,30253,2015-09-29,197
2015-09-30,195.95,196.45,US DOLLAR,30264,2015-09-30,196.95
2015-10-02,195.95,196.45,US DOLLAR,30275,2015-10-02,196.95
2015-10-05,196,196.5,US DOLLAR,30286,2015-10-05,197
2015-10-06,196,196.5,US DOLLAR,30297,2015-10-06,197
2015-10-07,196,196.5,US DOLLAR,30308,2015-10-07,197
2015-10-08,196,196.5,US DOLLAR,30319,2015-10-08,197
2015-10-09,196,196.5,US DOLLAR,30330,2015-10-09,197
2015-10-12,195.98,196.48,US DOLLAR,30341,2015-10-12,196.98
2015-10-13,195.98,196.48,US DOLLAR,30352,2015-10-13,196.98
2015-10-14,195.98,196.48,US DOLLAR,30363,2015-10-14,196.98
2015-10-15,196,196.5,US DOLLAR,30374,2015-10-15,197
2015-10-16,196,196.5,US DOLLAR,30385,2015-10-16,197
2015-10-19,196,196.5,US DOLLAR,30396,2015-10-19,197
2015-10-20,195.98,196.48,US DOLLAR,30407,2015-10-20,196.98
2015-10-21,195.98,196.48,US DOLLAR,30418,2015-10-21,196.98
2015-10-22,196,196.5,US DOLLAR,30429,2015-10-22,197
2015-10-23,196,196.5,US DOLLAR,30440,2015-10-23,197
2015-10-26,195.97,196.47,US DOLLAR,30451,2015-10-26,196.97
2015-10-27,195.97,196.47,US DOLLAR,30462,2015-10-27,196.97
2015-10-28,195.97,196.47,US DOLLAR,30473,2015-10-28,196.97
2015-10-29,196,196.5,US DOLLAR,30484,2015-10-29,197
2015-10-30,196,196.5,US DOLLAR,30495,2015-10-30,197
2015-11-02,195.98,196.48,US DOLLAR,30506,2015-11-02,196.98
2015-11-03,195.98,196.48,US DOLLAR,30517,2015-11-03,196.98
2015-11-04,195.98,196.48,US DOLLAR,30528,2015-11-04,196.98
2015-11-05,196,196.5,US DOLLAR,30539,2015-11-05,197
2015-11-06,196,196.5,US DOLLAR,30550,2015-11-06,197
2015-11-09,195.98,196.48,US DOLLAR,30561,2015-11-09,196.98
2015-11-10,195.98,196.48,US DOLLAR,30572,2015-11-10,196.98
2015-11-11,195.98,196.48,US DOLLAR,30583,2015-11-11,196.98
2015-11-12,196,196.5,US DOLLAR,30594,2015-11-12,197
2015-11-13,196,196.5,US DOLLAR,30605,2015-11-13,197
2015-11-16,196,196.5,US DOLLAR,30616,2015-11-16,197
2015-11-17,195.97,196.47,US DOLLAR,30627,2015-11-17,196.97
2015-11-18,195.97,196.47,US DOLLAR,30638,2015-11-18,196.97
2015-11-19,196,196.5,US DOLLAR,30649,2015-11-19,197
2015-11-20,196,196.5,US DOLLAR,30660,2015-11-20,197
2015-11-23,196,196.5,US DOLLAR,30671,2015-11-23,197
2015-11-24,196,196.5,US DOLLAR,30682,2015-11-24,197
2015-11-25,196,196.5,US DOLLAR,30693,2015-11-25,197
2015-11-26,196,196.5,US DOLLAR,30704,2015-11-26,197
2015-11-27,196,196.5,US DOLLAR,30715,2015-11-27,197
2015-11-30,196,196.5,US DOLLAR,30726,2015-11-30,197
2015-12-01,195.97,196.47,US DOLLAR,30737,2015-12-01,196.97
2015-12-02,195.97,196.47,US DOLLAR,30748,2015-12-02,196.97
2015-12-03,196,196.5,US DOLLAR,30759,2015-12-03,197
2015-12-04,195.97,196.47,US DOLLAR,30770,2015-12-04,196.97
2015-12-07,196,196.5,US DOLLAR,30781,2015-12-07,197
2015-12-08,195.97,196.47,US DOLLAR,30792,2015-12-08,196.97
2015-12-09,195.97,196.47,US DOLLAR,30803,2015-12-09,196.97
2015-12-10,195.97,196.47,US DOLLAR,30814,2015-12-10,196.97
2015-12-11,196,196.5,US DOLLAR,30825,2015-12-11,197
2015-12-14,196,196.5,US DOLLAR,30836,2015-12-14,197
2015-12-15,195.97,196.47,US DOLLAR,30847,2015-12-15,196.97
2015-12-16,195.97,196.47,US DOLLAR,30858,2015-12-16,196.97
2015-12-17,195.97,196.47,US DOLLAR,30869,2015-12-17,196.97
2015-12-18,196,196.5,US DOLLAR,30880,2015-12-18,197
2015-12-21,196,196.5,US DOLLAR,30891,2015-12-21,197
2015-12-22,196,196.5,US DOLLAR,30902,2015-12-22,197
2015-12-23,196,196.5,US DOLLAR,30913,2015-12-23,197
2015-12-29,196,196.5,US DOLLAR,30924,2015-12-29,197
2015-12-30,196,196.5,US DOLLAR,30935,2015-12-30,197
2015-12-31,196,196.5,US DOLLAR,30946,2015-12-31,197
2016-01-04,196,196.5,US DOLLAR,30957,2016-01-04,197
2016-01-05,196,196.5,US DOLLAR,30968,2016-01-05,197
2016-01-06,196,196.5,US DOLLAR,30979,2016-01-06,197
2016-01-07,196,196.5,US DOLLAR,30990,2016-01-07,197
2016-01-08,196,196.5,US DOLLAR,31001,2016-01-08,197
2016-01-11,196,196.5,US DOLLAR,31012,2016-01-11,197
2016-01-12,196,196.5,US DOLLAR,31023,2016-01-12,197
2016-01-13,196,196.5,US DOLLAR,31034,2016-01-13,197
2016-01-14,196,196.5,US DOLLAR,31045,2016-01-14,197
2016-01-15,196,196.5,US DOLLAR,31056,2016-01-15,197
2016-01-18,196,196.5,US DOLLAR,31067,2016-01-18,197
2016-01-19,196,196.5,US DOLLAR,31078,2016-01-19,197
2016-01-20,196,196.5,US DOLLAR,31089,2016-01-20,197
2016-01-21,196,196.5,US DOLLAR,31100,2016-01-21,197
2016-01-22,196,196.5,US DOLLAR,31111,2016-01-22,197
2016-01-25,196,197.5,US DOLLAR,31122,2016-01-25,197
2016-01-26,196,196.5,US DOLLAR,31133,2016-01-26,197
2016-01-27,196,196.5,US DOLLAR,31144,2016-01-27,197
2016-01-28,196,196.5,US DOLLAR,31155,2016-01-28,197
2016-01-29,196,196.5,US DOLLAR,31166,2016-01-29,197
2016-02-01,196,196.5,US DOLLAR,31177,2016-02-01,197
2016-02-02,196,196.5,US DOLLAR,31189,2016-02-02,197
2016-02-03,196,196.5,US DOLLAR,31200,2016-02-03,197
2016-02-04,196,196.5,US DOLLAR,31211,2016-02-04,197
2016-02-05,196,196.5,US DOLLAR,31222,2016-02-05,197
2016-02-08,196,196.5,US DOLLAR,31233,2016-02-08,197
2016-02-09,196,196.5,US DOLLAR,31244,2016-02-09,197
2016-02-10,196,196.5,US DOLLAR,31255,2016-02-10,197
2016-02-11,196,196.5,US DOLLAR,31266,2016-02-11,197
2016-02-12,196,196.5,US DOLLAR,31277,2016-02-12,197
2016-02-15,196,196.5,US DOLLAR,31288,2016-02-15,197
2016-02-16,196,196.5,US DOLLAR,31299,2016-02-16,197
2016-02-17,196,196.5,US DOLLAR,31310,2016-02-17,197
2016-02-18,196,196.5,US DOLLAR,31321,2016-02-18,197
2016-02-19,196,196.5,US DOLLAR,31332,2016-02-19,197
2016-02-22,196,196.5,US DOLLAR,31343,2016-02-22,197
2016-02-23,196,196.5,US DOLLAR,31354,2016-02-23,197
2016-02-24,196,196.5,US DOLLAR,31365,2016-02-24,197
2016-02-25,196,196.5,US DOLLAR,31376,2016-02-25,197
2016-02-26,196,196.5,US DOLLAR,31387,2016-02-26,197
2016-02-29,196,196.5,US DOLLAR,31398,2016-02-29,197
2016-03-01,196,196.5,US DOLLAR,31409,2016-03-01,197
2016-03-02,196,196.5,US DOLLAR,31420,2016-03-02,197
2016-03-03,196,196.5,US DOLLAR,31431,2016-03-03,197
2016-03-04,196,196.5,US DOLLAR,31442,2016-03-04,197
2016-03-07,196,196.5,US DOLLAR,31453,2016-03-07,197
2016-03-08,196,196.5,US DOLLAR,31464,2016-03-08,197
2016-03-09,196,196.5,US DOLLAR,31475,2016-03-09,197
2016-03-10,196,196.5,US DOLLAR,31486,2016-03-10,197
2016-03-11,196,196.5,US DOLLAR,31498,2016-03-11,197
2016-03-14,196,196.5,US DOLLAR,31509,2016-03-14,197
2016-03-15,196,196.5,US DOLLAR,31520,2016-03-15,197
2016-03-16,196,196.5,US DOLLAR,31531,2016-03-16,197
2016-03-17,196,196.5,US DOLLAR,31542,2016-03-17,197
2016-03-18,196,196.5,US DOLLAR,31553,2016-03-18,197
2016-03-21,196,196.5,US DOLLAR,31564,2016-03-21,197
2016-03-22,196,196.5,US DOLLAR,31575,2016-03-22,197
2016-03-23,196,196.5,US DOLLAR,31587,2016-03-23,197
2016-03-24,196,196.5,US DOLLAR,31609,2016-03-24,197
2016-03-29,196,196.5,US DOLLAR,31598,2016-03-29,197
2016-03-30,196,196.5,US DOLLAR,31620,2016-03-30,197
2016-03-31,196,196.5,US DOLLAR,31631,2016-03-31,197
2016-04-01,196,196.5,US DOLLAR,31642,2016-04-01,197
2016-04-04,196,196.5,US DOLLAR,31653,2016-04-04,197
2016-04-05,196,196.5,US DOLLAR,31664,2016-04-05,197
2016-04-06,196,196.5,US DOLLAR,31675,2016-04-06,197
2016-04-07,196,196.5,US DOLLAR,31686,2016-04-07,197
2016-04-08,196,196.5,US DOLLAR,31697,2016-04-08,197
2016-04-11,196,196.5,US DOLLAR,31709,2016-04-11,197
2016-04-12,196,196.5,US DOLLAR,31720,2016-04-12,197
2016-04-13,196,196.5,US DOLLAR,31731,2016-04-13,197
2016-04-14,196,196.5,US DOLLAR,31742,2016-04-14,197
2016-04-15,196,196.5,US DOLLAR,31753,2016-04-15,197
2016-04-18,196,196.5,US DOLLAR,31764,2016-04-18,197
2016-04-19,196,196.5,US DOLLAR,31775,2016-04-19,197
2016-04-20,196,196.5,US DOLLAR,31786,2016-04-20,197
2016-04-21,196,196.5,US DOLLAR,31797,2016-04-21,197
2016-04-22,196,196.5,US DOLLAR,31808,2016-04-22,197
2016-04-25,196,196.5,US DOLLAR,31819,2016-04-25,197
2016-04-26,196,196.5,US DOLLAR,31830,2016-04-26,197
2016-04-27,196,196.5,US DOLLAR,31841,2016-04-27,197
2016-04-28,196,196.5,US DOLLAR,31852,2016-04-28,197
2016-04-29,196,196.5,US DOLLAR,31863,2016-04-29,197
2016-05-03,196,196.5,US DOLLAR,31874,2016-05-03,197
2016-05-04,196,196.5,US DOLLAR,31885,2016-05-04,197
2016-05-05,196,196.5,US DOLLAR,31896,2016-05-05,197
2016-05-06,196,196.5,US DOLLAR,31907,2016-05-06,197
2016-05-09,196,196.5,US DOLLAR,31918,2016-05-09,197
2016-05-10,196,196.5,US DOLLAR,31929,2016-05-10,197
2016-05-11,196,196.5,US DOLLAR,31940,2016-05-11,197
2016-05-12,196,196.5,US DOLLAR,31951,2016-05-12,197
2016-05-13,196,196.5,US DOLLAR,31962,2016-05-13,197
2016-05-16,196,196.5,US DOLLAR,31973,2016-05-16,197
2016-05-17,196,196.5,US DOLLAR,31984,2016-05-17,197
2016-05-18,196,196.5,US DOLLAR,31995,2016-05-18,197
2016-05-19,196,196.5,US DOLLAR,32006,2016-05-19,197
2016-05-20,196,196.5,US DOLLAR,32017,2016-05-20,197
2016-05-23,196,196.5,US DOLLAR,32028,2016-05-23,197
2016-05-24,196,196.5,US DOLLAR,32039,2016-05-24,197
2016-05-25,196,196.5,US DOLLAR,32050,2016-05-25,197
2016-05-26,196,196.5,US DOLLAR,32061,2016-05-26,197
2016-05-27,196,196.5,US DOLLAR,32072,2016-05-27,197
2016-05-31,196,196.5,US DOLLAR,32083,2016-05-31,197
2016-06-01,196,196.5,US DOLLAR,32094,2016-06-01,197
2016-06-02,196,196.5,US DOLLAR,32105,2016-06-02,197
2016-06-03,196,196.5,US DOLLAR,32116,2016-06-03,197
2016-06-06,196,196.5,US DOLLAR,32126,2016-06-06,197
2016-06-07,196,196.5,US DOLLAR,32137,2016-06-07,197
2016-06-08,196,196.5,US DOLLAR,32148,2016-06-08,197
2016-06-09,196,196.5,US DOLLAR,32159,2016-06-09,197
2016-06-10,196,196.5,US DOLLAR,32170,2016-06-10,197
2016-06-13,196,196.5,US DOLLAR,32181,2016-06-13,197
2016-06-14,196,196.5,US DOLLAR,32192,2016-06-14,197
2016-06-15,196,196.5,US DOLLAR,32203,2016-06-15,197
2016-06-16,196,196.5,US DOLLAR,32214,2016-06-16,197
2016-06-17,196,196.5,US DOLLAR,32225,2016-06-17,197
2016-06-20,279,279.5,US DOLLAR,32236,2016-06-20,280
2016-06-21,283,283.5,US DOLLAR,32247,2016-06-21,284
2016-06-22,280.5,281,US DOLLAR,32258,2016-06-22,281.5
2016-06-23,280,280.5,US DOLLAR,32269,2016-06-23,281
2016-06-24,280,280.5,US DOLLAR,32280,2016-06-24,281
2016-06-27,281,281.5,US DOLLAR,32291,2016-06-27,282
2016-06-28,281.5,282,US DOLLAR,32302,2016-06-28,282.5
2016-06-29,281.75,282.25,US DOLLAR,32313,2016-06-29,282.75
2016-06-30,282,282.5,US DOLLAR,32324,2016-06-30,283
2016-07-01,281.25,281.75,US DOLLAR,32335,2016-07-01,282.25
2016-07-04,281,281.5,US DOLLAR,32346,2016-07-04,282
2016-07-08,281,281.5,US DOLLAR,32357,2016-07-08,282
2016-07-11,281.5,282,US DOLLAR,32368,2016-07-11,282.5
2016-07-12,282.25,282.75,US DOLLAR,32379,2016-07-12,283.25
2016-07-13,282.75,283.25,US DOLLAR,32390,2016-07-13,283.75
2016-07-14,283,283.5,US DOLLAR,32401,2016-07-14,284
2016-07-15,289,289.5,US DOLLAR,32412,2016-07-15,290
2016-07-18,291,291.5,US DOLLAR,32424,2016-07-18,292
2016-07-19,291.9,292.4,US DOLLAR,32435,2016-07-19,292.9
2016-07-20,291.9,292.4,US DOLLAR,32446,2016-07-20,292.9
2016-07-21,291.4,291.9,US DOLLAR,32457,2016-07-21,292.4
2016-07-22,299,299.5,US DOLLAR,32468,2016-07-22,300
2016-07-25,309,309.5,US DOLLAR,32479,2016-07-25,310
2016-07-26,311,311.5,US DOLLAR,32490,2016-07-26,312
2016-07-27,315,315.5,US DOLLAR,32501,2016-07-27,316
2016-07-28,310.35,310.85,US DOLLAR,32512,2016-07-28,311.35
2016-07-29,312,312.5,US DOLLAR,32523,2016-07-29,313
2016-08-01,314.5,315,US DOLLAR,32534,2016-08-01,315.5
2016-08-02,309.5,310,US DOLLAR,32545,2016-08-02,310.5
2016-08-03,309,309.5,US DOLLAR,32556,2016-08-03,310
2016-08-04,309,309.5,US DOLLAR,32567,2016-08-04,310
2016-08-05,310,310.5,US DOLLAR,32578,2016-08-05,311
2016-08-08,310,310.5,US DOLLAR,32589,2016-08-08,311
2016-08-09,309.5,310,US DOLLAR,32600,2016-08-09,310.5
2016-08-10,319,319.5,US DOLLAR,32611,2016-08-10,320
2016-08-11,309,309.5,US DOLLAR,32622,2016-08-11,310
2016-08-12,309,309.5,US DOLLAR,32633,2016-08-12,310
2016-08-15,309,309.5,US DOLLAR,32644,2016-08-15,310
2016-08-16,308.8,309.3,US DOLLAR,32655,2016-08-16,309.8
2016-08-17,308,308.5,US DOLLAR,32666,2016-08-17,309
2016-08-18,324,324.5,US DOLLAR,32677,2016-08-18,325
2016-08-19,307,307.5,US DOLLAR,32688,2016-08-19,308
2016-08-22,304.5,305,US DOLLAR,32699,2016-08-22,305.5
2016-08-23,304.5,305,US DOLLAR,32710,2016-08-23,305.5
2016-08-24,304.5,305,US DOLLAR,32721,2016-08-24,305.5
2016-08-25,304,304.5,US DOLLAR,32732,2016-08-25,305
2016-08-26,304,304.5,US DOLLAR,32743,2016-08-26,305
2016-08-29,304.5,305,US DOLLAR,32754,2016-08-29,305.5
2016-08-30,304.5,305,US DOLLAR,32765,2016-08-30,305.5
2016-08-31,305,305.5,US DOLLAR,32776,2016-08-31,306
2016-09-01,304,304.5,US DOLLAR,32787,2016-09-01,305
2016-09-02,304,304.5,US DOLLAR,32798,2016-09-02,305
2016-09-05,304.5,305,US DOLLAR,32810,2016-09-05,305.5
2016-09-06,304.5,305,US DOLLAR,32821,2016-09-06,305.5
2016-09-07,304,304.5,US DOLLAR,32832,2016-09-07,305
2016-09-08,304.5,305,US DOLLAR,32843,2016-09-08,305.5
2016-09-09,304,304.5,US DOLLAR,32854,2016-09-09,305
2016-09-14,304.5,305,US DOLLAR,32865,2016-09-14,305.5
2016-09-15,304,304.5,US DOLLAR,32876,2016-09-15,305
2016-09-16,304.5,305,US DOLLAR,32886,2016-09-16,305.5
2016-09-19,304,304.5,US DOLLAR,32897,2016-09-19,305
2016-09-20,304,304.5,US DOLLAR,32908,2016-09-20,305
2016-09-21,304,304.5,US DOLLAR,32919,2016-09-21,305
2016-09-22,304.5,305,US DOLLAR,32930,2016-09-22,305.5
2016-09-23,304,304.5,US DOLLAR,32941,2016-09-23,305
2016-09-26,304,304.5,US DOLLAR,32952,2016-09-26,305
2016-09-27,304.5,305,US DOLLAR,32964,2016-09-27,305.5
2016-09-28,304.5,305,US DOLLAR,32975,2016-09-28,305.5
2016-09-29,304.25,304.75,US DOLLAR,32986,2016-09-29,305.25
2016-09-30,304.25,304.75,US DOLLAR,33008,2016-09-30,305.25
2016-10-04,304,304.5,US DOLLAR,32997,2016-10-04,305
2016-10-05,304,304.5,US DOLLAR,33030,2016-10-05,305
2016-10-06,304,304.5,US DOLLAR,33019,2016-10-06,305
2016-10-07,304,304.5,US DOLLAR,33041,2016-10-07,305
2016-10-10,304.25,304.75,US DOLLAR,33052,2016-10-10,305.25
2016-10-11,304.25,304.75,US DOLLAR,33063,2016-10-11,305.25
2016-10-12,304,304.5,US DOLLAR,33074,2016-10-12,305
2016-10-13,304,304.5,US DOLLAR,33085,2016-10-13,305
2016-10-14,304,304.5,US DOLLAR,33096,2016-10-14,305
2016-10-17,304.5,305,US DOLLAR,33107,2016-10-17,305.5
2016-10-18,304.5,305,US DOLLAR,33118,2016-10-18,305.5
2016-10-19,304.25,304.75,US DOLLAR,33129,2016-10-19,305.25
2016-10-20,304.25,304.75,US DOLLAR,33140,2016-10-20,305.25
2016-10-21,304.25,304.75,US DOLLAR,33151,2016-10-21,305.25
2016-10-24,304.5,305,US DOLLAR,33162,2016-10-24,305.5
2016-10-25,304.5,305,US DOLLAR,33173,2016-10-25,305.5
2016-10-26,304.5,305,US DOLLAR,33184,2016-10-26,305.5
2016-10-27,304.5,305,US DOLLAR,33195,2016-10-27,305.5
2016-10-28,304,304.5,US DOLLAR,33206,2016-10-28,305
2016-10-31,304,304.5,US DOLLAR,33217,2016-10-31,305
2016-11-01,304.25,304.75,US DOLLAR,33228,2016-11-01,305.25
2016-11-02,304.25,304.75,US DOLLAR,33239,2016-11-02,305.25
2016-11-03,304.25,304.75,US DOLLAR,33250,2016-11-03,305.25
2016-11-04,304,304.5,US DOLLAR,33261,2016-11-04,305
2016-11-07,304,304.5,US DOLLAR,33272,2016-11-07,305
2016-11-08,304,304.5,US DOLLAR,33283,2016-11-08,305
2016-11-09,304,304.5,US DOLLAR,33294,2016-11-09,305
2016-11-10,304.25,304.75,US DOLLAR,33305,2016-11-10,305.25
2016-11-11,304.25,304.75,US DOLLAR,33316,2016-11-11,305.25
2016-11-14,304.25,304.75,US DOLLAR,33327,2016-11-14,305.25
2016-11-15,304.25,304.75,US DOLLAR,33338,2016-11-15,305.25
2016-11-16,304.5,305,US DOLLAR,33349,2016-11-16,305.5
2016-11-17,304.5,305,US DOLLAR,33361,2016-11-17,305.5
2016-11-18,304.5,305,US DOLLAR,33372,2016-11-18,305.5
2016-11-21,304,304.5,US DOLLAR,33383,2016-11-21,305
2016-11-22,304,304.5,US DOLLAR,33394,2016-11-22,305
2016-11-23,304,304.5,US DOLLAR,33405,2016-11-23,305
2016-11-24,304,304.5,US DOLLAR,33416,2016-11-24,305
2016-11-25,304.25,304.75,US DOLLAR,33427,2016-11-25,305.25
2016-11-28,304.25,304.75,US DOLLAR,33438,2016-11-28,305.25
2016-11-29,304.25,304.75,US DOLLAR,33449,2016-11-29,305.25
2016-11-30,304,304.5,US DOLLAR,33460,2016-11-30,305
2016-12-01,304,304.5,US DOLLAR,33471,2016-12-01,305
2016-12-02,304,304.5,US DOLLAR,33482,2016-12-02,305
2016-12-05,304.5,305,US DOLLAR,33493,2016-12-05,305.5
2016-12-06,304.5,305,US DOLLAR,33504,2016-12-06,305.5
2016-12-07,304.5,305,US DOLLAR,33515,2016-12-07,305.5
2016-12-08,304.5,305,US DOLLAR,33525,2016-12-08,305.5
2016-12-09,304.5,305,US DOLLAR,33536,2016-12-09,305.5
2016-12-13,304,304.5,US DOLLAR,33547,2016-12-13,305
2016-12-14,304,304.5,US DOLLAR,33558,2016-12-14,305
2016-12-15,304,304.5,US DOLLAR,33569,2016-12-15,305
2016-12-16,304,304.5,US DOLLAR,33580,2016-12-16,305
2016-12-19,304.25,304.75,US DOLLAR,33591,2016-12-19,305.25
2016-12-20,304.25,304.75,US DOLLAR,33602,2016-12-20,305.25
2016-12-21,304.25,304.75,US DOLLAR,33613,2016-12-21,305.25
2016-12-22,304.25,304.75,US DOLLAR,33624,2016-12-22,305.25
2016-12-23,304.25,304.75,US DOLLAR,33635,2016-12-23,305.25
2016-12-28,304.25,304.75,US DOLLAR,33646,2016-12-28,305.25
2016-12-29,304.25,304.75,US DOLLAR,33657,2016-12-29,305.25
2016-12-30,304,304.5,US DOLLAR,33668,2016-12-30,305
2017-01-03,304,304.5,US DOLLAR,33679,2017-01-03,305
2017-01-04,304,304.5,US DOLLAR,33690,2017-01-04,305
2017-01-05,304,304.5,US DOLLAR,33701,2017-01-05,305
2017-01-06,304,304.5,US DOLLAR,33712,2017-01-06,305
2017-01-09,304,304.5,US DOLLAR,33723,2017-01-09,305
2017-01-10,304,304.5,US DOLLAR,33734,2017-01-10,305
2017-01-11,304,304.5,US DOLLAR,33745,2017-01-11,305
2017-01-12,304,304.5,US DOLLAR,33756,2017-01-12,305
2017-01-13,304,304.5,US DOLLAR,33767,2017-01-13,305
2017-01-16,304.25,304.75,US DOLLAR,33778,2017-01-16,305.25
2017-01-17,304.25,304.75,US DOLLAR,33789,2017-01-17,305.25
2017-01-18,304.25,304.75,US DOLLAR,33800,2017-01-18,305.25
2017-01-19,304.5,305,US DOLLAR,33811,2017-01-19,305.5
2017-01-20,304.5,305,US DOLLAR,33822,2017-01-20,305.5
2017-01-23,304.5,305,US DOLLAR,33833,2017-01-23,305.5
2017-01-24,304.5,305,US DOLLAR,33844,2017-01-24,305.5
2017-01-25,304.5,305,US DOLLAR,33855,2017-01-25,305.5
2017-01-26,304.25,304.75,US DOLLAR,33866,2017-01-26,305.25
2017-01-27,304.25,304.75,US DOLLAR,33877,2017-01-27,305.25
2017-01-30,304.25,304.75,US DOLLAR,33888,2017-01-30,305.25
2017-01-31,304.25,304.75,US DOLLAR,33899,2017-01-31,305.25
2017-02-01,304.25,304.75,US DOLLAR,33910,2017-02-01,305.25
2017-02-02,304.25,304.75,US DOLLAR,33921,2017-02-02,305.25
2017-02-03,304.25,304.75,US DOLLAR,33932,2017-02-03,305.25
2017-02-06,304.25,304.75,US DOLLAR,33943,2017-02-06,305.25
2017-02-07,304.25,304.75,US DOLLAR,33954,2017-02-07,305.25
2017-02-08,304.25,304.75,US DOLLAR,33965,2017-02-08,305.25
2017-02-09,304,304.5,US DOLLAR,33977,2017-02-09,305
2017-02-10,304,304.5,US DOLLAR,33988,2017-02-10,305
2017-02-13,304,304.5,US DOLLAR,33999,2017-02-13,305
2017-02-14,304.5,305,US DOLLAR,34010,2017-02-14,305.5
2017-02-15,304.5,305,US DOLLAR,34021,2017-02-15,305.5
2017-02-16,304.5,305,US DOLLAR,34032,2017-02-16,305.5
2017-02-17,304.5,305,US DOLLAR,34043,2017-02-17,305.5
2017-02-20,304.25,304.75,US DOLLAR,34054,2017-02-20,305.25
2017-02-21,304.25,304.75,US DOLLAR,34065,2017-02-21,305.25
2017-02-22,304.25,304.75,US DOLLAR,34077,2017-02-22,305.25
2017-02-23,304.5,305,US DOLLAR,34089,2017-02-23,305.5
2017-02-24,304.5,305,US DOLLAR,34101,2017-02-24,305.5
2017-02-27,304.5,305,US DOLLAR,34113,2017-02-27,305.5
2017-02-28,304.5,305,US DOLLAR,34125,2017-02-28,305.5
2017-03-01,304.25,304.75,US DOLLAR,34137,2017-03-01,305.25
2017-03-02,304.25,304.75,US DOLLAR,34149,2017-03-02,305.25
2017-03-03,304.25,304.75,US DOLLAR,34161,2017-03-03,305.25
2017-03-06,304.5,305,US DOLLAR,34173,2017-03-06,305.5
2017-03-07,304.75,305.25,US DOLLAR,34185,2017-03-07,305.75
2017-03-08,304.7,305.2,US DOLLAR,34198,2017-03-08,305.7
2017-03-09,304.8,305.3,US DOLLAR,34210,2017-03-09,305.8
2017-03-10,304.8,305.3,US DOLLAR,34222,2017-03-10,305.8
2017-03-13,305,305.5,US DOLLAR,34235,2017-03-13,306
2017-03-14,305.25,305.75,US DOLLAR,34248,2017-03-14,306.25
2017-03-15,305.5,306,US DOLLAR,34260,2017-03-15,306.5
2017-03-16,305.75,306.25,US DOLLAR,34272,2017-03-16,306.75
2017-03-17,306,306.5,US DOLLAR,34284,2017-03-17,307
2017-03-20,306.5,307,US DOLLAR,34296,2017-03-20,307.5
2017-03-21,306.5,307,US DOLLAR,34308,2017-03-21,307.5
2017-03-22,306.75,307.25,US DOLLAR,34320,2017-03-22,307.75
2017-03-23,307,307.5,US DOLLAR,34332,2017-03-23,308
2017-03-24,306,306.5,US DOLLAR,34344,2017-03-24,307
2017-03-27,305.8,306.3,US DOLLAR,34356,2017-03-27,306.8
2017-03-28,305.65,306.15,US DOLLAR,34368,2017-03-28,306.65
2017-03-29,305.5,306,US DOLLAR,34380,2017-03-29,306.5
2017-03-30,305.4,305.9,US DOLLAR,34392,2017-03-30,306.4
2017-03-31,305.35,305.85,US DOLLAR,34404,2017-03-31,306.35
2017-04-03,305.3,305.8,US DOLLAR,34416,2017-04-03,306.3
2017-04-04,305.25,305.75,US DOLLAR,34428,2017-04-04,306.25
2017-04-05,305.2,305.7,US DOLLAR,34440,2017-04-05,306.2
2017-04-06,305.2,305.7,US DOLLAR,34452,2017-04-06,306.2
2017-04-07,305.15,305.65,US DOLLAR,34464,2017-04-07,306.15
2017-04-10,305.15,305.65,US DOLLAR,34476,2017-04-10,306.15
2017-04-11,305.1,305.6,US DOLLAR,34488,2017-04-11,306.1
2017-04-12,305.1,305.6,US DOLLAR,34500,2017-04-12,306.1
2017-04-13,305.05,305.55,US DOLLAR,34512,2017-04-13,306.05
2017-04-18,305,305.5,US DOLLAR,34524,2017-04-18,306
2017-04-19,305,305.5,US DOLLAR,34536,2017-04-19,306
2017-04-20,305,305.5,US DOLLAR,34548,2017-04-20,306
2017-04-21,305,305.5,US DOLLAR,34560,2017-04-21,306
2017-04-24,304.95,305.45,US DOLLAR,34572,2017-04-24,305.95
2017-04-25,304.9,305.4,US DOLLAR,34584,2017-04-25,305.9
2017-04-26,304.9,305.4,US DOLLAR,34596,2017-04-26,305.9
2017-04-27,304.85,305.35,US DOLLAR,34608,2017-04-27,305.85
2017-04-28,304.85,305.35,US DOLLAR,34620,2017-04-28,305.85
2017-05-02,304.8,305.3,US DOLLAR,34632,2017-05-02,305.8
2017-05-03,304.75,305.25,US DOLLAR,34644,2017-05-03,305.75
2017-05-04,304.7,305.2,US DOLLAR,34657,2017-05-04,305.7
2017-05-05,304.7,305.2,US DOLLAR,34669,2017-05-05,305.7
2017-05-08,304.7,305.2,US DOLLAR,34681,2017-05-08,305.7
2017-05-09,304.65,305.15,US DOLLAR,34693,2017-05-09,305.65
2017-05-10,304.6,305.1,US DOLLAR,34705,2017-05-10,305.6
2017-05-11,304.6,305.1,US DOLLAR,34717,2017-05-11,305.6
2017-05-12,304.6,305.1,US DOLLAR,34729,2017-05-12,305.6
2017-05-15,304.6,305.1,US DOLLAR,34741,2017-05-15,305.6
2017-05-16,304.45,304.95,US DOLLAR,34753,2017-05-16,305.45
2017-05-17,304.45,304.95,US DOLLAR,34765,2017-05-17,305.45
2017-05-18,304.45,304.95,US DOLLAR,34777,2017-05-18,305.45
2017-05-19,304.45,304.95,US DOLLAR,34789,2017-05-19,305.45
2017-05-22,304.45,304.95,US DOLLAR,34801,2017-05-22,305.45
2017-05-23,304.4,304.9,US DOLLAR,34813,2017-05-23,305.4
2017-05-24,304.4,304.9,US DOLLAR,34825,2017-05-24,305.4
2017-05-25,304.4,304.9,US DOLLAR,34837,2017-05-25,305.4
2017-05-26,304.35,304.85,US DOLLAR,34849,2017-05-26,305.35
2017-05-30,304.4,304.9,US DOLLAR,34861,2017-05-30,305.4
2017-05-31,304.4,304.9,US DOLLAR,34873,2017-05-31,305.4
2017-06-01,304.45,304.95,US DOLLAR,34885,2017-06-01,305.45
2017-06-02,304.5,305,US DOLLAR,34897,2017-06-02,305.5
2017-06-05,304.55,305.05,US DOLLAR,34909,2017-06-05,305.55
2017-06-06,304.55,305.05,US DOLLAR,34921,2017-06-06,305.55
2017-06-07,304.6,305.1,US DOLLAR,34933,2017-06-07,305.6
2017-06-08,304.6,305.1,US DOLLAR,34945,2017-06-08,305.6
2017-06-09,304.6,305.1,US DOLLAR,34957,2017-06-09,305.6
2017-06-12,304.65,305.15,US DOLLAR,34969,2017-06-12,305.65
2017-06-13,304.7,305.2,US DOLLAR,34981,2017-06-13,305.7
2017-06-14,304.7,305.2,US DOLLAR,34993,2017-06-14,305.7
2017-06-15,304.75,305.25,US DOLLAR,35005,2017-06-15,305.75
2017-06-16,304.75,305.25,US DOLLAR,35017,2017-06-16,305.75
2017-06-19,304.8,305.3,US DOLLAR,35029,2017-06-19,305.8
2017-06-20,304.8,305.3,US DOLLAR,35041,2017-06-20,305.8
2017-06-21,304.85,305.35,US DOLLAR,35053,2017-06-21,305.85
2017-06-22,304.85,305.35,US DOLLAR,35065,2017-06-22,305.85
2017-06-23,304.85,305.35,US DOLLAR,35077,2017-06-23,305.85
2017-06-28,304.9,305.4,US DOLLAR,35089,2017-06-28,305.9
2017-06-29,304.9,305.4,US DOLLAR,35101,2017-06-29,305.9
2017-06-30,304.9,305.4,US DOLLAR,35113,2017-06-30,305.9
2017-07-03,304.95,305.45,US DOLLAR,35125,2017-07-03,305.95
2017-07-04,304.95,305.45,US DOLLAR,35137,2017-07-04,305.95
2017-07-05,305,305.5,US DOLLAR,35149,2017-07-05,306
2017-07-06,305,305.5,US DOLLAR,35161,2017-07-06,306
2017-07-07,305,305.5,US DOLLAR,35173,2017-07-07,306
2017-07-10,305,305.5,US DOLLAR,35185,2017-07-10,306
2017-07-11,305,305.5,US DOLLAR,35197,2017-07-11,306
2017-07-12,304.95,305.45,US DOLLAR,35209,2017-07-12,305.95
2017-07-13,304.95,305.45,US DOLLAR,35223,2017-07-13,305.95
2017-07-14,304.9,305.4,US DOLLAR,35236,2017-07-14,305.9
2017-07-17,304.9,305.4,US DOLLAR,35248,2017-07-17,305.9
2017-07-18,304.85,305.35,US DOLLAR,35260,2017-07-18,305.85
2017-07-19,304.85,305.35,US DOLLAR,35273,2017-07-19,305.85
2017-07-20,304.8,305.3,US DOLLAR,35284,2017-07-20,305.8
2017-07-21,304.8,305.3,US DOLLAR,35296,2017-07-21,305.8
2017-07-24,304.75,305.25,US DOLLAR,35308,2017-07-24,305.75
2017-07-25,304.75,305.25,US DOLLAR,35320,2017-07-25,305.75
2017-07-26,304.7,305.2,US DOLLAR,35333,2017-07-26,305.7
2017-07-27,304.7,305.2,US DOLLAR,35345,2017-07-27,305.7
2017-07-28,304.65,305.15,US DOLLAR,35357,2017-07-28,305.65
2017-07-31,304.65,305.15,US DOLLAR,35369,2017-07-31,305.65
2017-08-01,304.6,305.1,US DOLLAR,35381,2017-08-01,305.6
2017-08-02,304.6,305.1,US DOLLAR,35393,2017-08-02,305.6
2017-08-03,304.55,305.05,US DOLLAR,35405,2017-08-03,305.55
2017-08-04,304.55,305.05,US DOLLAR,35417,2017-08-04,305.55
2017-08-07,304.5,305,US DOLLAR,35429,2017-08-07,305.5
2017-08-08,304.5,305,US DOLLAR,35441,2017-08-08,305.5
2017-08-09,304.55,305.05,US DOLLAR,35453,2017-08-09,305.55
2017-08-10,304.55,305.05,US DOLLAR,35465,2017-08-10,305.55
2017-08-11,304.6,305.1,US DOLLAR,35477,2017-08-11,305.6
2017-08-14,304.6,305.1,US DOLLAR,35489,2017-08-14,305.6
2017-08-15,304.65,305.15,US DOLLAR,35501,2017-08-15,305.65
2017-08-16,304.65,305.15,US DOLLAR,35513,2017-08-16,305.65
2017-08-17,304.65,305.15,US DOLLAR,35525,2017-08-17,305.65
2017-08-18,304.7,305.2,US DOLLAR,35537,2017-08-18,305.7
2017-08-21,304.7,305.2,US DOLLAR,35549,2017-08-21,305.7
2017-08-22,304.75,305.25,US DOLLAR,35561,2017-08-22,305.75
2017-08-23,304.75,305.25,US DOLLAR,35573,2017-08-23,305.75
2017-08-24,304.75,305.25,US DOLLAR,35585,2017-08-24,305.75
2017-08-25,304.8,305.3,US DOLLAR,35597,2017-08-25,305.8
2017-08-28,304.8,305.3,US DOLLAR,35609,2017-08-28,305.8
2017-08-29,304.85,305.35,US DOLLAR,35621,2017-08-29,305.85
2017-08-30,304.85,305.35,US DOLLAR,35633,2017-08-30,305.85
2017-08-31,304.85,305.35,US DOLLAR,35645,2017-08-31,305.85
2017-09-05,304.9,305.4,US DOLLAR,35657,2017-09-05,305.9
2017-09-06,304.9,305.4,US DOLLAR,35669,2017-09-06,305.9
2017-09-07,304.95,305.45,US DOLLAR,35681,2017-09-07,305.95
2017-09-08,304.95,305.45,US DOLLAR,35693,2017-09-08,305.95
2017-09-11,305,305.5,US DOLLAR,35705,2017-09-11,306
2017-09-12,305,305.5,US DOLLAR,35717,2017-09-12,306
2017-09-13,305,305.5,US DOLLAR,35729,2017-09-13,306
2017-09-14,304.95,305.45,US DOLLAR,35741,2017-09-14,305.95
2017-09-15,304.95,305.45,US DOLLAR,35753,2017-09-15,305.95
2017-09-18,304.9,305.4,US DOLLAR,35765,2017-09-18,305.9
2017-09-19,304.9,305.4,US DOLLAR,35777,2017-09-19,305.9
2017-09-20,304.85,305.35,US DOLLAR,35790,2017-09-20,305.85
2017-09-21,304.85,305.35,US DOLLAR,35802,2017-09-21,305.85
2017-09-22,304.85,305.35,US DOLLAR,35814,2017-09-22,305.85
2017-09-25,304.8,305.3,US DOLLAR,35826,2017-09-25,305.8
2017-09-26,304.8,305.3,US DOLLAR,35838,2017-09-26,305.8
2017-09-27,304.8,305.3,US DOLLAR,35850,2017-09-27,305.8
2017-09-28,304.75,305.25,US DOLLAR,35862,2017-09-28,305.75
2017-09-29,304.75,305.25,US DOLLAR,35874,2017-09-29,305.75
2017-10-03,304.7,305.2,US DOLLAR,35886,2017-10-03,305.7
2017-10-04,304.7,305.2,US DOLLAR,35898,2017-10-04,305.7
2017-10-05,304.65,305.15,US DOLLAR,35910,2017-10-05,305.65
2017-10-06,304.65,305.15,US DOLLAR,35922,2017-10-06,305.65
2017-10-09,304.6,305.1,US DOLLAR,35934,2017-10-09,305.6
2017-10-10,304.6,305.1,US DOLLAR,35946,2017-10-10,305.6
2017-10-11,304.55,305.05,US DOLLAR,35958,2017-10-11,305.55
2017-10-12,304.55,305.05,US DOLLAR,35970,2017-10-12,305.55
2017-10-13,304,304.5,US DOLLAR,35982,2017-10-13,305
2017-10-16,304.55,305.05,US DOLLAR,35994,2017-10-16,305.55
2017-10-17,304.55,305.05,US DOLLAR,36006,2017-10-17,305.55
2017-10-18,304.6,305.1,US DOLLAR,36018,2017-10-18,305.6
2017-10-19,304.6,305.1,US DOLLAR,36030,2017-10-19,305.6
2017-10-20,304.65,305.15,US DOLLAR,36042,2017-10-20,305.65
2017-10-23,304.65,305.15,US DOLLAR,36054,2017-10-23,305.65
2017-10-24,304.7,305.2,US DOLLAR,36066,2017-10-24,305.7
2017-10-25,304.7,305.2,US DOLLAR,36078,2017-10-25,305.7
2017-10-26,304.75,305.25,US DOLLAR,36090,2017-10-26,305.75
2017-10-27,304.75,305.25,US DOLLAR,36102,2017-10-27,305.75
2017-10-30,304.8,305.3,US DOLLAR,36114,2017-10-30,305.8
2017-10-31,304.8,305.3,US DOLLAR,36126,2017-10-31,305.8
2017-11-01,304.85,305.35,US DOLLAR,36138,2017-11-01,305.85
2017-11-02,304.85,305.35,US DOLLAR,36150,2017-11-02,305.85
2017-11-03,304.9,305.4,US DOLLAR,36162,2017-11-03,305.9
2017-11-06,304.9,305.4,US DOLLAR,36174,2017-11-06,305.9
2017-11-07,304.9,305.4,US DOLLAR,36186,2017-11-07,305.9
2017-11-08,304.95,305.45,US DOLLAR,36198,2017-11-08,305.95
2017-11-09,304.95,305.45,US DOLLAR,36210,2017-11-09,305.95
2017-11-10,304.95,305.45,US DOLLAR,36222,2017-11-10,305.95
2017-11-13,305,305.5,US DOLLAR,36234,2017-11-13,306
2017-11-14,305,305.5,US DOLLAR,36246,2017-11-14,306
2017-11-15,305,305.5,US DOLLAR,36258,2017-11-15,306
2017-11-16,304.95,305.45,US DOLLAR,36270,2017-11-16,305.95
2017-11-17,304.95,305.45,US DOLLAR,36282,2017-11-17,305.95
2017-11-20,304.9,305.4,US DOLLAR,36294,2017-11-20,305.9
2017-11-21,304.9,305.4,US DOLLAR,36306,2017-11-21,305.9
2017-11-22,304.9,305.4,US DOLLAR,36318,2017-11-22,305.9
2017-11-23,304.85,305.35,US DOLLAR,36330,2017-11-23,305.85
2017-11-24,304.85,305.35,US DOLLAR,36342,2017-11-24,305.85
2017-11-27,304.8,305.3,US DOLLAR,36354,2017-11-27,305.8
2017-11-28,304.8,305.3,US DOLLAR,36366,2017-11-28,305.8
2017-11-29,304.75,305.25,US DOLLAR,36378,2017-11-29,305.75
2017-11-30,305,305.5,US DOLLAR,36390,2017-11-30,306
2017-12-04,306,306.5,US DOLLAR,36402,2017-12-04,307
2017-12-05,305.85,306.35,US DOLLAR,36414,2017-12-05,306.85
2017-12-06,305.5,306,US DOLLAR,36426,2017-12-06,306.5
2017-12-07,305.45,305.95,US DOLLAR,36438,2017-12-07,306.45
2017-12-08,305.4,305.9,US DOLLAR,36450,2017-12-08,306.4
2017-12-11,305.35,305.85,US DOLLAR,36462,2017-12-11,306.35
2017-12-12,305.3,305.8,US DOLLAR,36474,2017-12-12,306.3
2017-12-13,305.3,305.8,US DOLLAR,36486,2017-12-13,306.3
2017-12-14,305.25,305.75,US DOLLAR,36498,2017-12-14,306.25
2017-12-15,305.25,305.75,US DOLLAR,36510,2017-12-15,306.25
2017-12-18,305.2,305.7,US DOLLAR,36522,2017-12-18,306.2
2017-12-19,305.2,305.7,US DOLLAR,36534,2017-12-19,306.2
2017-12-20,305.15,305.65,US DOLLAR,36546,2017-12-20,306.15
2017-12-21,305.15,305.65,US DOLLAR,36558,2017-12-21,306.15
2017-12-22,305.15,305.65,US DOLLAR,36570,2017-12-22,306.15
2017-12-27,305.1,305.6,US DOLLAR,36582,2017-12-27,306.1
2017-12-28,305.05,305.55,US DOLLAR,36594,2017-12-28,306.05
2017-12-29,305,305.5,US DOLLAR,36606,2017-12-29,306
2018-01-02,305,305.5,US DOLLAR,36618,2018-01-02,306
2018-01-03,304.95,305.45,US DOLLAR,36630,2018-01-03,305.95
2018-01-04,304.95,305.45,US DOLLAR,36642,2018-01-04,305.95
2018-01-05,304.95,305.45,US DOLLAR,36654,2018-01-05,305.95
2018-01-08,304.9,305.4,US DOLLAR,36666,2018-01-08,305.9
2018-01-09,304.9,305.4,US DOLLAR,36678,2018-01-09,305.9
2018-01-10,304.85,305.35,US DOLLAR,36690,2018-01-10,305.85
2018-01-11,304.8,305.3,US DOLLAR,36702,2018-01-11,305.8
2018-01-12,304.8,305.3,US DOLLAR,36714,2018-01-12,305.8
2018-01-15,304.8,305.3,US DOLLAR,36726,2018-01-15,305.8
2018-01-16,304.75,305.25,US DOLLAR,36738,2018-01-16,305.75
2018-01-17,304.75,305.25,US DOLLAR,36750,2018-01-17,305.75
2018-01-18,304.7,305.2,US DOLLAR,36762,2018-01-18,305.7
2018-01-19,304.7,305.2,US DOLLAR,36774,2018-01-19,305.7
2018-01-22,304.65,305.15,US DOLLAR,36786,2018-01-22,305.65
2018-01-23,304.65,305.15,US DOLLAR,36798,2018-01-23,305.65
2018-01-24,304.6,305.1,US DOLLAR,36810,2018-01-24,305.6
2018-01-25,304.65,305.15,US DOLLAR,36822,2018-01-25,305.65
2018-01-26,304.65,305.15,US DOLLAR,36834,2018-01-26,305.65
2018-01-29,304.7,305.2,US DOLLAR,36846,2018-01-29,305.7
2018-01-30,304.7,305.2,US DOLLAR,36858,2018-01-30,305.7
2018-01-31,304.7,305.2,US DOLLAR,36870,2018-01-31,305.7
2018-02-01,304.75,305.25,US DOLLAR,36882,2018-02-01,305.75
2018-02-02,304.75,305.25,US DOLLAR,36894,2018-02-02,305.75
2018-02-05,304.8,305.3,US DOLLAR,36906,2018-02-05,305.8
2018-02-06,304.8,305.3,US DOLLAR,36918,2018-02-06,305.8
2018-02-07,304.85,305.35,US DOLLAR,36930,2018-02-07,305.85
2018-02-08,304.85,305.35,US DOLLAR,36942,2018-02-08,305.85
2018-02-09,304.85,305.35,US DOLLAR,36954,2018-02-09,305.85
2018-02-12,304.9,305.4,US DOLLAR,36966,2018-02-12,305.9
2018-02-13,304.9,305.4,US DOLLAR,36978,2018-02-13,305.9
2018-02-14,304.9,305.4,US DOLLAR,36990,2018-02-14,305.9
2018-02-15,304.95,305.45,US DOLLAR,37002,2018-02-15,305.95
2018-02-16,304.95,305.45,US DOLLAR,37014,2018-02-16,305.95
2018-02-19,305,305.5,US DOLLAR,37026,2018-02-19,306
2018-02-20,305,305.5,US DOLLAR,37038,2018-02-20,306
2018-02-21,305,305.5,US DOLLAR,37050,2018-02-21,306
2018-02-22,304.95,305.45,US DOLLAR,37062,2018-02-22,305.95
2018-02-23,304.95,305.45,US DOLLAR,37074,2018-02-23,305.95
2018-02-26,304.95,305.45,US DOLLAR,37086,2018-02-26,305.95
2018-02-27,304.9,305.4,US DOLLAR,37098,2018-02-27,305.9
2018-02-28,304.9,305.4,US DOLLAR,37110,2018-02-28,305.9
2018-03-01,304.85,305.35,US DOLLAR,37122,2018-03-01,305.85
2018-03-02,304.85,305.35,US DOLLAR,37134,2018-03-02,305.85
2018-03-05,304.85,305.35,US DOLLAR,37146,2018-03-05,305.85
2018-03-06,304.8,305.3,US DOLLAR,37158,2018-03-06,305.8
2018-03-07,304.8,305.3,US DOLLAR,37170,2018-03-07,305.8
2018-03-08,304.8,305.3,US DOLLAR,37182,2018-03-08,305.8
2018-03-09,304.8,305.3,US DOLLAR,37194,2018-03-09,305.8
2018-03-12,304.75,305.25,US DOLLAR,37206,2018-03-12,305.75
2018-03-13,304.65,305.2,US DOLLAR,37218,2018-03-13,305.75
2018-03-14,304.75,305.25,US DOLLAR,37230,2018-03-14,305.75
2018-03-15,304.75,305.25,US DOLLAR,37244,2018-03-15,305.75
2018-03-16,304.75,305.25,US DOLLAR,37256,2018-03-16,305.75
2018-03-19,304.7,305.2,US DOLLAR,37268,2018-03-19,305.7
2018-03-20,304.7,305.2,US DOLLAR,37280,2018-03-20,305.7
2018-03-21,304.7,305.2,US DOLLAR,37292,2018-03-21,305.7
2018-03-22,304.7,305.2,US DOLLAR,37304,2018-03-22,305.7
2018-03-23,304.7,305.2,US DOLLAR,37316,2018-03-23,305.7
2018-03-26,304.65,305.15,US DOLLAR,37328,2018-03-26,305.65
2018-03-27,304.65,305.15,US DOLLAR,37340,2018-03-27,305.65
2018-03-28,304.65,305.15,US DOLLAR,37352,2018-03-28,305.65
2018-03-29,304.65,305.15,US DOLLAR,37364,2018-03-29,305.65
2018-04-03,304.65,305.15,US DOLLAR,37376,2018-04-03,305.65
2018-04-04,304.6,305.1,US DOLLAR,37388,2018-04-04,305.6
2018-04-05,304.6,305.1,US DOLLAR,37400,2018-04-05,305.6
2018-04-06,304.6,305.1,US DOLLAR,37412,2018-04-06,305.6
2018-04-09,304.6,305.1,US DOLLAR,37424,2018-04-09,305.6
2018-04-10,304.55,305.05,US DOLLAR,37436,2018-04-10,305.55
2018-04-11,304.55,305.05,US DOLLAR,37448,2018-04-11,305.55
2018-04-12,304.55,305.05,US DOLLAR,37460,2018-04-12,305.55
2018-04-13,304.55,305.05,US DOLLAR,37473,2018-04-13,305.55
2018-04-16,304.6,305.1,US DOLLAR,37485,2018-04-16,305.6
2018-04-17,304.6,305.1,US DOLLAR,37497,2018-04-17,305.6
2018-04-18,304.6,305.1,US DOLLAR,37509,2018-04-18,305.6
2018-04-19,304.6,305.1,US DOLLAR,37521,2018-04-19,305.6
2018-04-20,304.6,305.1,US DOLLAR,37533,2018-04-20,305.6
2018-04-23,304.65,305.15,US DOLLAR,37545,2018-04-23,305.65
2018-04-24,304.65,305.15,US DOLLAR,37557,2018-04-24,305.65
2018-04-25,304.65,305.15,US DOLLAR,37569,2018-04-25,305.65
2018-04-26,304.65,305.15,US DOLLAR,37581,2018-04-26,305.65
2018-04-27,304.65,305.15,US DOLLAR,37593,2018-04-27,305.65
2018-04-30,304.7,305.2,US DOLLAR,37605,2018-04-30,305.7
2018-05-02,304.7,305.2,US DOLLAR,37617,2018-05-02,305.7
2018-05-03,304.7,305.2,US DOLLAR,37629,2018-05-03,305.7
2018-05-04,304.7,305.2,US DOLLAR,37641,2018-05-04,305.7
2018-05-07,304.75,305.25,US DOLLAR,37653,2018-05-07,305.75
2018-05-08,304.75,305.25,US DOLLAR,37665,2018-05-08,305.75
2018-05-09,304.75,305.25,US DOLLAR,37677,2018-05-09,305.75
2018-05-10,304.75,305.25,US DOLLAR,37689,2018-05-10,305.75
2018-05-11,304.8,305.3,US DOLLAR,37701,2018-05-11,305.8
2018-05-14,304.8,305.3,US DOLLAR,37713,2018-05-14,305.8
2018-05-15,304.8,305.3,US DOLLAR,37725,2018-05-15,305.8
2018-05-16,304.85,305.35,US DOLLAR,37737,2018-05-16,305.85
2018-05-17,304.85,305.35,US DOLLAR,37749,2018-05-17,305.85
2018-05-18,304.85,305.35,US DOLLAR,37761,2018-05-18,305.85
2018-05-21,304.85,305.35,US DOLLAR,37773,2018-05-21,305.85
2018-05-22,304.9,305.4,US DOLLAR,37785,2018-05-22,305.9
2018-05-23,304.9,305.4,US DOLLAR,37797,2018-05-23,305.9
2018-05-24,304.9,305.4,US DOLLAR,37809,2018-05-24,305.9
2018-05-25,304.9,305.4,US DOLLAR,37821,2018-05-25,305.9
2018-05-28,304.95,305.45,US DOLLAR,37833,2018-05-28,305.95
2018-05-30,304.95,305.45,US DOLLAR,37845,2018-05-30,305.95
2018-05-31,304.95,305.45,US DOLLAR,37857,2018-05-31,305.95
2018-06-01,305,305.5,US DOLLAR,37869,2018-06-01,306
2018-06-04,305,305.5,US DOLLAR,37881,2018-06-04,306
2018-06-05,305,305.5,US DOLLAR,37893,2018-06-05,306
2018-06-06,304.95,305.45,US DOLLAR,37905,2018-06-06,305.95
2018-06-07,304.95,305.45,US DOLLAR,37917,2018-06-07,305.95
2018-06-08,304.95,305.45,US DOLLAR,37929,2018-06-08,305.95
2018-06-11,304.9,305.4,US DOLLAR,37941,2018-06-11,305.9
2018-06-12,304.9,305.4,US DOLLAR,37953,2018-06-12,305.9
2018-06-13,304.9,305.4,US DOLLAR,37965,2018-06-13,305.9
2018-06-14,304.85,305.35,US DOLLAR,37977,2018-06-14,305.85
2018-06-19,304.85,305.35,US DOLLAR,37989,2018-06-19,305.85
2018-06-20,304.85,305.35,US DOLLAR,38001,2018-06-20,305.85
2018-06-21,304.8,305.3,US DOLLAR,38013,2018-06-21,305.8
2018-06-22,304.8,305.3,US DOLLAR,38025,2018-06-22,305.8
2018-06-25,304.8,305.3,US DOLLAR,38037,2018-06-25,305.8
2018-06-26,304.8,305.3,US DOLLAR,38049,2018-06-26,305.8
2018-06-27,304.75,305.25,US DOLLAR,38061,2018-06-27,305.75
2018-06-28,304.75,305.25,US DOLLAR,38073,2018-06-28,305.75
2018-06-29,304.75,305.25,US DOLLAR,38085,2018-06-29,305.75
2018-07-02,304.75,305.25,US DOLLAR,38097,2018-07-02,305.75
2018-07-03,304.7,305.2,US DOLLAR,38109,2018-07-03,305.7
2018-07-04,304.7,305.2,US DOLLAR,38121,2018-07-04,305.7
2018-07-05,304.7,305.2,US DOLLAR,38133,2018-07-05,305.7
2018-07-06,304.7,305.2,US DOLLAR,38145,2018-07-06,305.7
2018-07-09,304.75,305.25,US DOLLAR,38157,2018-07-09,305.75
2018-07-10,304.75,305.25,US DOLLAR,38169,2018-07-10,305.75
2018-07-11,304.75,305.25,US DOLLAR,38181,2018-07-11,305.75
2018-07-12,304.8,305.3,US DOLLAR,38193,2018-07-12,305.8
2018-07-13,304.8,305.3,US DOLLAR,38205,2018-07-13,305.8
2018-07-16,304.8,305.3,US DOLLAR,38217,2018-07-16,305.8
2018-07-17,304.8,305.3,US DOLLAR,38229,2018-07-17,305.8
2018-07-18,304.85,305.35,US DOLLAR,38242,2018-07-18,305.85
2018-07-19,304.85,305.35,US DOLLAR,38254,2018-07-19,305.85
2018-07-20,304.85,305.35,US DOLLAR,38266,2018-07-20,305.85
2018-07-23,304.85,305.35,US DOLLAR,38278,2018-07-23,305.85
2018-07-24,304.9,305.4,US DOLLAR,38290,2018-07-24,305.9
2018-07-25,304.9,305.4,US DOLLAR,38302,2018-07-25,305.9
2018-07-26,304.9,305.4,US DOLLAR,38314,2018-07-26,305.9
2018-07-27,304.9,305.4,US DOLLAR,38326,2018-07-27,305.9
2018-07-30,304.9,305.4,US DOLLAR,38338,2018-07-30,305.9
2018-07-31,304.85,305.35,US DOLLAR,38350,2018-07-31,305.85
2018-08-01,304.95,305.45,US DOLLAR,38362,2018-08-01,305.95
2018-08-02,304.95,305.45,US DOLLAR,38374,2018-08-02,305.95
2018-08-03,304.95,305.45,US DOLLAR,38386,2018-08-03,305.95
2018-08-06,305,305.5,US DOLLAR,38398,2018-08-06,306
2018-08-07,305,305.5,US DOLLAR,38410,2018-08-07,306
2018-08-08,305,305.5,US DOLLAR,38422,2018-08-08,306
2018-08-09,305,305.5,US DOLLAR,38434,2018-08-09,306
2018-08-10,305,305.5,US DOLLAR,38446,2018-08-10,306
2018-08-13,305.05,305.55,US DOLLAR,38458,2018-08-13,306.05
2018-08-14,305.05,305.55,US DOLLAR,38470,2018-08-14,306.05
2018-08-15,305.05,305.55,US DOLLAR,38482,2018-08-15,306.05
2018-08-16,305.1,305.6,US DOLLAR,38494,2018-08-16,306.1
2018-08-17,305.1,305.6,US DOLLAR,38506,2018-08-17,306.1
2018-08-20,305.1,305.6,US DOLLAR,38519,2018-08-20,306.1
2018-08-23,305.1,305.6,US DOLLAR,38531,2018-08-23,306.1
2018-08-24,305.1,305.6,US DOLLAR,38543,2018-08-24,306.1
2018-08-27,305.1,305.6,US DOLLAR,38555,2018-08-27,306.1
2018-08-28,305.15,305.65,US DOLLAR,38567,2018-08-28,306.15
2018-08-29,305.15,305.65,US DOLLAR,38579,2018-08-29,306.15
2018-08-30,305.15,305.65,US DOLLAR,38591,2018-08-30,306.15
2018-08-31,305.15,305.65,US DOLLAR,38603,2018-08-31,306.15
2018-09-03,305.15,305.65,US DOLLAR,38615,2018-09-03,306.15
2018-09-04,305.2,305.7,US DOLLAR,38627,2018-09-04,306.2
2018-09-05,305.2,305.7,US DOLLAR,38639,2018-09-05,306.2
2018-09-06,305.2,305.7,US DOLLAR,38651,2018-09-06,306.2
2018-09-07,305.2,305.7,US DOLLAR,38663,2018-09-07,306.2
2018-09-10,305.25,305.75,US DOLLAR,38675,2018-09-10,306.25
2018-09-11,305.25,305.75,US DOLLAR,38687,2018-09-11,306.25
2018-09-12,305.25,305.75,US DOLLAR,38699,2018-09-12,306.25
2018-09-13,305.25,305.75,US DOLLAR,38710,2018-09-13,306.25
2018-09-14,305.25,305.75,US DOLLAR,38722,2018-09-14,306.25
2018-09-17,305.3,305.8,US DOLLAR,38734,2018-09-17,306.3
2018-09-18,305.3,305.8,US DOLLAR,38746,2018-09-18,306.3
2018-09-19,305.3,305.8,US DOLLAR,38758,2018-09-19,306.3
2018-09-20,305.3,305.8,US DOLLAR,38770,2018-09-20,306.3
2018-09-21,305.3,305.8,US DOLLAR,38782,2018-09-21,306.3
2018-09-24,305.35,305.85,US DOLLAR,38794,2018-09-24,306.35
2018-09-25,305.35,305.85,US DOLLAR,38806,2018-09-25,306.35
2018-09-26,305.35,305.85,US DOLLAR,38817,2018-09-26,306.35
2018-09-27,305.35,305.85,US DOLLAR,38829,2018-09-27,306.35
2018-09-28,305.35,305.85,US DOLLAR,38841,2018-09-28,306.35
2018-10-02,305.4,305.9,US DOLLAR,38853,2018-10-02,306.4
2018-10-03,305.4,305.9,US DOLLAR,38865,2018-10-03,306.4
2018-10-04,305.4,305.9,US DOLLAR,38877,2018-10-04,306.4
2018-10-05,305.4,305.9,US DOLLAR,38889,2018-10-05,306.4
2018-10-08,305.45,305.95,US DOLLAR,38901,2018-10-08,306.45
2018-10-09,305.45,305.95,US DOLLAR,38913,2018-10-09,306.45
2018-10-10,305.45,305.95,US DOLLAR,38925,2018-10-10,306.45
2018-10-11,305.45,305.95,US DOLLAR,38937,2018-10-11,306.45
2018-10-12,305.45,305.95,US DOLLAR,38949,2018-10-12,306.45
2018-10-15,305.5,306,US DOLLAR,38961,2018-10-15,306.5
2018-10-16,305.5,306,US DOLLAR,38973,2018-10-16,306.5
2018-10-17,305.5,306,US DOLLAR,38985,2018-10-17,306.5
2018-10-18,305.5,306,US DOLLAR,38997,2018-10-18,306.5
2018-10-19,305.5,306,US DOLLAR,39009,2018-10-19,306.5
2018-10-22,305.55,306.05,US DOLLAR,39021,2018-10-22,306.55
2018-10-23,305.55,306.05,US DOLLAR,39034,2018-10-23,306.55
2018-10-24,305.55,306.05,US DOLLAR,39046,2018-10-24,306.55
2018-10-25,305.55,306.05,US DOLLAR,39058,2018-10-25,306.55
2018-10-26,305.55,306.05,US DOLLAR,39070,2018-10-26,306.55
2018-10-29,305.6,306.1,US DOLLAR,39082,2018-10-29,306.6
2018-10-30,305.6,306.1,US DOLLAR,39094,2018-10-30,306.6
2018-10-31,305.6,306.1,US DOLLAR,39106,2018-10-31,306.6
2018-11-01,305.6,306.1,US DOLLAR,39118,2018-11-01,306.6
2018-11-02,305.6,306.1,US DOLLAR,39142,2018-11-02,306.6
2018-11-05,305.65,306.15,US DOLLAR,39154,2018-11-05,306.65
2018-11-06,305.65,306.15,US DOLLAR,39166,2018-11-06,306.65
2018-11-07,305.65,306.15,US DOLLAR,39178,2018-11-07,306.65
2018-11-08,305.65,306.15,US DOLLAR,39190,2018-11-08,306.65
2018-11-09,305.65,306.15,US DOLLAR,39202,2018-11-09,306.65
2018-11-12,305.7,306.2,US DOLLAR,39214,2018-11-12,306.7
2018-11-13,305.7,306.2,US DOLLAR,39226,2018-11-13,306.7
2018-11-14,305.7,306.2,US DOLLAR,39238,2018-11-14,306.7
2018-11-15,305.7,306.2,US DOLLAR,39251,2018-11-15,306.7
2018-11-16,305.7,306.2,US DOLLAR,39263,2018-11-16,306.7
2018-11-19,305.75,306.25,US DOLLAR,39276,2018-11-19,306.75
2018-11-21,305.75,306.25,US DOLLAR,39288,2018-11-21,306.75
2018-11-22,305.75,306.25,US DOLLAR,39300,2018-11-22,306.75
2018-11-23,305.75,306.25,US DOLLAR,39312,2018-11-23,306.75
2018-11-26,305.8,306.3,US DOLLAR,39324,2018-11-26,306.8
2018-11-27,305.8,306.3,US DOLLAR,39336,2018-11-27,306.8
2018-11-28,305.8,306.3,US DOLLAR,39348,2018-11-28,306.8
2018-11-29,305.8,306.3,US DOLLAR,39360,2018-11-29,306.8
2018-11-30,305.8,306.3,US DOLLAR,39372,2018-11-30,306.8
2018-12-03,305.85,306.35,US DOLLAR,39384,2018-12-03,306.85
2018-12-04,305.85,306.35,US DOLLAR,39396,2018-12-04,306.85
2018-12-05,305.85,306.35,US DOLLAR,39408,2018-12-05,306.85
2018-12-06,305.85,306.35,US DOLLAR,39420,2018-12-06,306.85
2018-12-07,305.85,306.35,US DOLLAR,39432,2018-12-07,306.85
2018-12-10,305.9,306.4,US DOLLAR,39444,2018-12-10,306.9
2018-12-11,305.9,306.4,US DOLLAR,39456,2018-12-11,306.9
2018-12-12,305.9,306.4,US DOLLAR,39468,2018-12-12,306.9
2018-12-13,305.9,306.4,US DOLLAR,39480,2018-12-13,306.9
2018-12-14,305.9,306.4,US DOLLAR,39492,2018-12-14,306.9
2018-12-17,305.95,306.45,US DOLLAR,39504,2018-12-17,306.95
2018-12-18,305.95,306.45,US DOLLAR,39516,2018-12-18,306.95
2018-12-19,305.95,306.45,US DOLLAR,39528,2018-12-19,306.95
2018-12-20,305.95,306.45,US DOLLAR,39541,2018-12-20,306.95
2018-12-21,305.95,306.45,US DOLLAR,39553,2018-12-21,306.95
2018-12-24,306,306.5,US DOLLAR,39565,2018-12-24,307
2018-12-27,306,306.5,US DOLLAR,39577,2018-12-27,307
2018-12-28,306,306.5,US DOLLAR,39589,2018-12-28,307
2018-12-31,306,306.5,US DOLLAR,39601,2018-12-31,307
2019-01-02,305.95,306.45,US DOLLAR,39613,2019-01-02,306.95
2019-01-03,305.95,306.45,US DOLLAR,39625,2019-01-03,306.95
2019-01-04,305.95,306.45,US DOLLAR,39637,2019-01-04,306.95
2019-01-07,305.9,306.4,US DOLLAR,39649,2019-01-07,306.9
2019-01-08,305.9,306.4,US DOLLAR,39661,2019-01-08,306.9
2019-01-09,305.9,306.4,US DOLLAR,39673,2019-01-09,306.9
2019-01-10,305.9,306.4,US DOLLAR,39685,2019-01-10,306.9
2019-01-11,305.9,306.4,US DOLLAR,39697,2019-01-11,306.9
2019-01-14,305.85,306.35,US DOLLAR,39709,2019-01-14,306.85
2019-01-15,305.85,306.35,US DOLLAR,39721,2019-01-15,306.85
2019-01-16,305.85,306.35,US DOLLAR,39733,2019-01-16,306.85
2019-01-17,305.85,306.35,US DOLLAR,39745,2019-01-17,306.85
2019-01-18,305.85,306.35,US DOLLAR,39757,2019-01-18,306.85
2019-01-21,305.8,306.3,US DOLLAR,39769,2019-01-21,306.8
2019-01-22,305.8,306.3,US DOLLAR,39781,2019-01-22,306.8
2019-01-23,305.8,306.3,US DOLLAR,39793,2019-01-23,306.8
2019-01-24,305.8,306.3,US DOLLAR,39805,2019-01-24,306.8
2019-01-25,305.8,306.3,US DOLLAR,39817,2019-01-25,306.8
2019-01-28,305.75,306.25,US DOLLAR,39829,2019-01-28,306.75
2019-01-29,305.75,306.25,US DOLLAR,39841,2019-01-29,306.75
2019-01-30,305.75,306.25,US DOLLAR,39853,2019-01-30,306.75
2019-01-31,305.75,306.25,US DOLLAR,39865,2019-01-31,306.75
2019-02-01,305.75,306.25,US DOLLAR,39877,2019-02-01,306.75
2019-02-04,305.75,306.25,US DOLLAR,39889,2019-02-04,306.75
2019-02-05,305.7,306.2,US DOLLAR,39901,2019-02-05,306.7
2019-02-06,305.7,306.2,US DOLLAR,39913,2019-02-06,306.7
2019-02-07,305.7,306.2,US DOLLAR,39925,2019-02-07,306.7
2019-02-08,305.7,306.2,US DOLLAR,39937,2019-02-08,306.7
2019-02-11,305.7,306.2,US DOLLAR,39949,2019-02-11,306.7
2019-02-12,305.75,306.25,US DOLLAR,39961,2019-02-12,306.75
2019-02-13,305.75,306.25,US DOLLAR,39973,2019-02-13,306.75
2019-02-14,305.75,306.25,US DOLLAR,39985,2019-02-14,306.75
2019-02-15,305.75,306.25,US DOLLAR,39997,2019-02-15,306.75
2019-02-18,305.8,306.3,US DOLLAR,40009,2019-02-18,306.8
2019-02-19,305.8,306.3,US DOLLAR,40021,2019-02-19,306.8
2019-02-20,305.8,306.3,US DOLLAR,40033,2019-02-20,306.8
2019-02-21,305.8,306.3,US DOLLAR,40045,2019-02-21,306.8
2019-02-22,305.8,306.3,US DOLLAR,40058,2019-02-22,306.8
2019-02-25,305.85,306.35,US DOLLAR,40070,2019-02-25,306.85
2019-02-26,305.85,306.35,US DOLLAR,40082,2019-02-26,306.85
2019-02-27,305.85,306.35,US DOLLAR,40095,2019-02-27,306.85
2019-02-28,305.85,306.35,US DOLLAR,40107,2019-02-28,306.85
2019-03-01,305.85,306.35,US DOLLAR,40119,2019-03-01,306.85
2019-03-04,305.9,306.4,US DOLLAR,40131,2019-03-04,306.9
2019-03-05,305.9,306.4,US DOLLAR,40143,2019-03-05,306.9
2019-03-06,305.9,306.4,US DOLLAR,40155,2019-03-06,306.9
2019-03-07,305.9,306.4,US DOLLAR,40167,2019-03-07,306.9
2019-03-08,305.9,306.4,US DOLLAR,40179,2019-03-08,306.9
2019-03-11,305.95,306.45,US DOLLAR,40191,2019-03-11,306.95
2019-03-12,305.95,306.45,US DOLLAR,40203,2019-03-12,306.95
2019-03-13,305.95,306.45,US DOLLAR,40214,2019-03-13,306.95
2019-03-14,305.95,306.45,US DOLLAR,40226,2019-03-14,306.95
2019-03-15,305.95,306.45,US DOLLAR,40238,2019-03-15,306.95
2019-03-18,305.95,306.45,US DOLLAR,40250,2019-03-18,306.95
2019-03-19,305.9,306.4,US DOLLAR,40262,2019-03-19,306.9
2019-03-20,305.9,306.4,US DOLLAR,40274,2019-03-20,306.9
2019-03-21,305.9,306.4,US DOLLAR,40286,2019-03-21,306.9
2019-03-22,305.9,306.4,US DOLLAR,40298,2019-03-22,306.9
2019-03-25,305.95,306.45,US DOLLAR,40309,2019-03-25,306.95
2019-03-26,305.95,306.45,US DOLLAR,40321,2019-03-26,306.95
2019-03-27,305.95,306.45,US DOLLAR,40333,2019-03-27,306.95
2019-03-28,305.95,306.45,US DOLLAR,40345,2019-03-28,306.95
2019-03-29,305.95,306.45,US DOLLAR,40357,2019-03-29,306.95
2019-04-01,305.95,306.45,US DOLLAR,40369,2019-04-01,306.95
2019-04-02,306,306.5,US DOLLAR,40381,2019-04-02,307
2019-04-03,306,306.5,US DOLLAR,40393,2019-04-03,307
2019-04-04,306,306.5,US DOLLAR,40405,2019-04-04,307
2019-04-05,306,306.5,US DOLLAR,40419,2019-04-05,307
2019-04-08,306,306.5,US DOLLAR,40431,2019-04-08,307
2019-04-09,306,306.5,US DOLLAR,40443,2019-04-09,307
2019-04-10,306,306.5,US DOLLAR,40455,2019-04-10,307
2019-04-11,306,306.5,US DOLLAR,40467,2019-04-11,307
2019-04-12,306,306.5,US DOLLAR,40479,2019-04-12,307
2019-04-15,305.95,306.45,US DOLLAR,40491,2019-04-15,306.95
2019-04-16,305.95,306.45,US DOLLAR,40503,2019-04-16,306.95
2019-04-17,305.95,306.45,US DOLLAR,40515,2019-04-17,306.95
2019-04-18,305.95,306.45,US DOLLAR,40527,2019-04-18,306.95
2019-04-23,305.9,306.4,US DOLLAR,40539,2019-04-23,306.9
2019-04-24,305.9,306.4,US DOLLAR,40551,2019-04-24,306.9
2019-04-25,305.9,306.4,US DOLLAR,40563,2019-04-25,306.9
2019-04-26,305.9,306.4,US DOLLAR,40577,2019-04-26,306.9
2019-04-29,305.95,306.45,US DOLLAR,40589,2019-04-29,306.95
2019-04-30,305.95,306.45,US DOLLAR,40601,2019-04-30,306.95
2019-05-02,305.95,306.45,US DOLLAR,40613,2019-05-02,306.95
2019-05-03,305.95,306.45,US DOLLAR,40625,2019-05-03,306.95
2019-05-06,306,306.5,US DOLLAR,40637,2019-05-06,307
2019-05-07,306,306.5,US DOLLAR,40649,2019-05-07,307
2019-05-08,306,306.5,US DOLLAR,40661,2019-05-08,307
2019-05-09,306,306.5,US DOLLAR,40673,2019-05-09,307
2019-05-10,306,306.5,US DOLLAR,40685,2019-05-10,307
2019-05-13,305.95,306.45,US DOLLAR,40697,2019-05-13,306.95
2019-05-14,305.95,306.45,US DOLLAR,40709,2019-05-14,306.95
2019-05-15,305.95,306.45,US DOLLAR,40721,2019-05-15,306.95
2019-05-16,305.95,306.45,US DOLLAR,40733,2019-05-16,306.95
2019-05-17,305.95,306.45,US DOLLAR,40745,2019-05-17,306.95
2019-05-20,305.9,306.4,US DOLLAR,40757,2019-05-20,306.9
2019-05-21,305.9,306.4,US DOLLAR,40769,2019-05-21,306.9
2019-05-22,305.9,306.4,US DOLLAR,40781,2019-05-22,306.9
2019-05-23,305.9,306.4,US DOLLAR,40793,2019-05-23,306.9
2019-05-24,305.9,306.4,US DOLLAR,40805,2019-05-24,306.9
2019-05-27,305.95,306.45,US DOLLAR,40817,2019-05-27,306.95
2019-05-28,305.95,306.45,US DOLLAR,40829,2019-05-28,306.95
2019-05-30,305.95,306.45,US DOLLAR,40841,2019-05-30,306.95
2019-06-03,305.95,306.45,US DOLLAR,40865,2019-06-03,306.95
2019-06-06,305.95,306.45,US DOLLAR,40877,2019-06-06,306.95
2019-06-07,305.95,306.45,US DOLLAR,40889,2019-06-07,306.95
2019-06-10,306,306.5,US DOLLAR,41213,2019-06-10,307
2019-06-11,306,306.5,US DOLLAR,41214,2019-06-11,307
2019-06-13,306,306.5,US DOLLAR,40925,2019-06-13,307
2019-06-14,306,306.5,US DOLLAR,40937,2019-06-14,307
2019-06-17,305.95,306.45,US DOLLAR,40949,2019-06-17,306.95
2019-06-18,305.95,306.45,US DOLLAR,40961,2019-06-18,306.95
2019-06-19,305.95,306.45,US DOLLAR,40973,2019-06-19,306.95
2019-06-20,305.95,306.45,US DOLLAR,40985,2019-06-20,306.95
2019-06-21,305.95,306.45,US DOLLAR,40997,2019-06-21,306.95
2019-06-24,305.9,306.4,US DOLLAR,41009,2019-06-24,306.9
2019-06-25,305.9,306.4,US DOLLAR,41021,2019-06-25,306.9
2019-06-26,305.9,306.4,US DOLLAR,41033,2019-06-26,306.9
2019-06-27,305.9,306.4,US DOLLAR,41045,2019-06-27,306.9
2019-06-28,305.9,306.4,US DOLLAR,41057,2019-06-28,306.9
2019-07-01,305.95,306.45,US DOLLAR,41069,2019-07-01,306.95
2019-07-02,305.95,306.45,US DOLLAR,41081,2019-07-02,306.95
2019-07-03,305.95,306.45,US DOLLAR,41093,2019-07-03,306.95
2019-07-04,305.95,306.45,US DOLLAR,41105,2019-07-04,306.95
2019-07-05,305.95,306.45,US DOLLAR,41117,2019-07-05,306.95
2019-07-08,306,306.5,US DOLLAR,41129,2019-07-08,307
2019-07-09,306,306.5,US DOLLAR,41141,2019-07-09,307
2019-07-10,306,306.5,US DOLLAR,41153,2019-07-10,307
2019-07-11,306,306.5,US DOLLAR,41165,2019-07-11,307
2019-07-12,306,306.5,US DOLLAR,41177,2019-07-12,307
2019-07-15,305.95,306.45,US DOLLAR,41189,2019-07-15,306.95
2019-07-16,305.95,306.45,US DOLLAR,41201,2019-07-16,306.95
2019-07-17,305.95,306.45,US DOLLAR,41215,2019-07-17,306.95
2019-07-18,305.95,306.45,US DOLLAR,41227,2019-07-18,306.95
2019-07-19,305.95,306.45,US DOLLAR,41239,2019-07-19,306.95
2019-07-22,305.9,306.4,US DOLLAR,41263,2019-07-22,306.9
2019-07-23,305.9,306.4,US DOLLAR,41264,2019-07-23,306.9
2019-07-24,305.9,306.4,US DOLLAR,41276,2019-07-24,306.9
2019-07-25,305.9,306.4,US DOLLAR,41288,2019-07-25,306.9
2019-07-26,305.9,306.4,US DOLLAR,41300,2019-07-26,306.9
2019-07-29,305.85,306.35,US DOLLAR,41312,2019-07-29,306.85
2019-07-30,305.85,306.35,US DOLLAR,41324,2019-07-30,306.85
2019-07-31,305.85,306.35,US DOLLAR,41336,2019-07-31,306.85
2019-08-01,305.85,306.35,US DOLLAR,41348,2019-08-01,306.85
2019-08-02,305.85,306.35,US DOLLAR,41360,2019-08-02,306.85
2019-08-05,305.9,306.4,US DOLLAR,41372,2019-08-05,306.9
2019-08-06,305.9,306.4,US DOLLAR,41384,2019-08-06,306.9
2019-08-07,305.9,306.4,US DOLLAR,41396,2019-08-07,306.9
2019-08-08,305.9,306.4,US DOLLAR,41408,2019-08-08,306.9
2019-08-09,305.9,306.4,US DOLLAR,41420,2019-08-09,306.9
2019-08-14,305.9,306.4,US DOLLAR,41432,2019-08-14,306.9
2019-08-15,305.9,306.4,US DOLLAR,41444,2019-08-15,306.9
2019-08-16,305.9,306.4,US DOLLAR,41456,2019-08-16,306.9
2019-08-19,305.95,306.45,US DOLLAR,41468,2019-08-19,306.95
2019-08-20,305.95,306.45,US DOLLAR,41480,2019-08-20,306.95
2019-08-21,305.95,306.45,US DOLLAR,41492,2019-08-21,306.95
2019-08-22,305.95,306.45,US DOLLAR,41507,2019-08-22,306.95
2019-08-23,305.95,306.45,US DOLLAR,41522,2019-08-23,306.95
2019-08-26,306,306.5,US DOLLAR,41534,2019-08-26,307
2019-08-27,306,306.5,US DOLLAR,41546,2019-08-27,307
2019-08-28,306,306.5,US DOLLAR,41558,2019-08-28,307
2019-08-29,306,306.5,US DOLLAR,41570,2019-08-29,307
2019-08-30,306,306.5,US DOLLAR,41582,2019-08-30,307
2019-09-02,305.95,306.45,US DOLLAR,41594,2019-09-02,306.95
2019-09-03,305.95,306.45,US DOLLAR,41606,2019-09-03,306.95
2019-09-04,305.95,306.45,US DOLLAR,41618,2019-09-04,306.95
2019-09-05,305.9,306.4,US DOLLAR,41630,2019-09-05,306.9
2019-09-06,305.9,306.4,US DOLLAR,41642,2019-09-06,306.9
2019-09-09,305.9,306.4,US DOLLAR,41654,2019-09-09,306.9
2019-09-10,305.85,306.35,US DOLLAR,41666,2019-09-10,306.85
2019-09-11,305.85,306.35,US DOLLAR,41678,2019-09-11,306.85
2019-09-12,305.85,306.35,US DOLLAR,41690,2019-09-12,306.85
2019-09-13,305.9,306.4,US DOLLAR,41702,2019-09-13,306.9
2019-09-16,305.9,306.4,US DOLLAR,41714,2019-09-16,306.9
2019-09-17,305.9,306.4,US DOLLAR,41726,2019-09-17,306.9
2019-09-18,305.9,306.4,US DOLLAR,41738,2019-09-18,306.9
2019-09-19,305.9,306.4,US DOLLAR,41750,2019-09-19,306.9
2019-09-23,305.95,306.45,US DOLLAR,41774,2019-09-23,306.95
2019-09-24,305.95,306.45,US DOLLAR,41786,2019-09-24,306.95
2019-09-25,305.95,306.45,US DOLLAR,41798,2019-09-25,306.95
2019-09-26,305.95,306.45,US DOLLAR,41810,2019-09-26,306.95
2019-09-27,305.95,306.45,US DOLLAR,41822,2019-09-27,306.95
2019-09-30,306,306.5,US DOLLAR,41834,2019-09-30,307
2019-10-02,306,306.5,US DOLLAR,41846,2019-10-02,307
2019-10-03,306,306.5,US DOLLAR,41858,2019-10-03,307
2019-10-04,306,306.5,US DOLLAR,41870,2019-10-04,307
2019-10-07,306,306.5,US DOLLAR,41881,2019-10-07,307
2019-10-08,306,306.5,US DOLLAR,41893,2019-10-08,307
2019-10-09,306,306.5,US DOLLAR,41905,2019-10-09,307
2019-10-10,305.95,306.45,US DOLLAR,41917,2019-10-10,306.95
2019-10-11,305.95,306.45,US DOLLAR,41935,2019-10-11,306.95
2019-10-14,305.95,306.45,US DOLLAR,41947,2019-10-14,306.95
2019-10-15,305.95,306.45,US DOLLAR,41959,2019-10-15,306.95
2019-10-16,305.9,306.4,US DOLLAR,41971,2019-10-16,306.9
2019-10-17,305.9,306.4,US DOLLAR,41983,2019-10-17,306.9
2019-10-18,305.9,306.4,US DOLLAR,41995,2019-10-18,306.9
2019-10-21,305.9,306.4,US DOLLAR,42007,2019-10-21,306.9
2019-10-22,305.95,306.45,US DOLLAR,42019,2019-10-22,306.95
2019-10-23,305.95,306.45,US DOLLAR,42031,2019-10-23,306.95
2019-10-24,305.95,306.45,US DOLLAR,42043,2019-10-24,306.95
2019-10-25,305.95,306.45,US DOLLAR,42055,2019-10-25,306.95
2019-10-29,306,306.5,US DOLLAR,42079,2019-10-29,307
2019-10-30,306,306.5,US DOLLAR,42091,2019-10-30,307
2019-10-31,306,306.5,US DOLLAR,42103,2019-10-31,307
2019-11-01,306,306.5,US DOLLAR,42115,2019-11-01,307
2019-11-04,305.95,306.45,US DOLLAR,42127,2019-11-04,306.95
2019-11-05,305.95,306.45,US DOLLAR,42139,2019-11-05,306.95
2019-11-06,305.95,306.45,US DOLLAR,42151,2019-11-06,306.95
2019-11-07,305.9,306.4,US DOLLAR,42163,2019-11-07,306.9
2019-11-08,305.9,306.4,US DOLLAR,42175,2019-11-08,306.9
2019-11-12,305.9,306.4,US DOLLAR,42187,2019-11-12,306.9
2019-11-13,305.9,306.4,US DOLLAR,42199,2019-11-13,306.9
2019-11-14,305.9,306.4,US DOLLAR,42211,2019-11-14,306.9
2019-11-15,305.9,306.4,US DOLLAR,42223,2019-11-15,306.9
2019-11-18,305.95,306.45,US DOLLAR,42235,2019-11-18,306.95
2019-11-19,305.95,306.45,US DOLLAR,42247,2019-11-19,306.95
2019-11-20,305.95,306.45,US DOLLAR,42259,2019-11-20,306.95
2019-11-21,305.95,306.45,US DOLLAR,42271,2019-11-21,306.95
2019-11-22,305.95,306.45,US DOLLAR,42283,2019-11-22,306.95
2019-11-25,305.95,306.45,US DOLLAR,42297,2019-11-25,306.95
2019-11-26,306,306.5,US DOLLAR,42309,2019-11-26,307
2019-11-27,306,306.5,US DOLLAR,42321,2019-11-27,307
2019-11-28,306,306.5,US DOLLAR,42333,2019-11-28,307
2019-11-29,306,306.5,US DOLLAR,42345,2019-11-29,307
2019-12-02,305.95,306.45,US DOLLAR,42363,2019-12-02,306.95
2019-12-03,305.95,306.45,US DOLLAR,42375,2019-12-03,306.95
2019-12-04,305.95,306.45,US DOLLAR,42387,2019-12-04,306.95
2019-12-05,305.95,306.45,US DOLLAR,42399,2019-12-05,306.95
2019-12-06,305.95,306.45,US DOLLAR,42411,2019-12-06,306.95
2019-12-09,305.9,306.4,US DOLLAR,42423,2019-12-09,306.9
2019-12-10,305.9,306.4,US DOLLAR,42435,2019-12-10,306.9
2019-12-12,305.9,306.4,US DOLLAR,42459,2019-12-12,306.9
2019-12-13,305.9,306.4,US DOLLAR,42471,2019-12-13,306.9
2019-12-16,305.95,306.45,US DOLLAR,42483,2019-12-16,306.95
2019-12-17,305.95,306.45,US DOLLAR,42495,2019-12-17,306.95
2019-12-18,305.95,306.45,US DOLLAR,42507,2019-12-18,306.95
2019-12-19,305.95,306.45,US DOLLAR,42519,2019-12-19,306.95
2019-12-20,305.95,306.45,US DOLLAR,42531,2019-12-20,306.95
2019-12-23,306,306.5,US DOLLAR,42543,2019-12-23,307
2019-12-24,306,306.5,US DOLLAR,42555,2019-12-24,307
2019-12-27,306,306.5,US DOLLAR,42567,2019-12-27,307
2019-12-30,306,306.5,US DOLLAR,42579,2019-12-30,307
2020-01-02,306,306.5,US DOLLAR,42603,2020-01-02,307
2020-01-03,306,306.5,US DOLLAR,42615,2020-01-03,307
2020-01-06,306,306.5,US DOLLAR,42627,2020-01-06,307
2020-01-07,306,306.5,US DOLLAR,42639,2020-01-07,307
2020-01-08,305.95,306.45,US DOLLAR,42651,2020-01-08,306.95
2020-01-10,305.95,306.45,US DOLLAR,42675,2020-01-10,306.95
2020-01-13,305.95,306.45,US DOLLAR,42687,2020-01-13,306.95
2020-01-14,305.9,306.4,US DOLLAR,42699,2020-01-14,306.9
2020-01-15,305.9,306.4,US DOLLAR,42711,2020-01-15,306.9
2020-01-16,305.9,306.4,US DOLLAR,42723,2020-01-16,306.9
2020-01-17,305.9,306.4,US DOLLAR,42735,2020-01-17,306.9
2020-01-20,305.95,306.45,US DOLLAR,42747,2020-01-20,306.95
2020-01-21,305.95,306.45,US DOLLAR,42759,2020-01-21,306.95
2020-01-22,305.95,306.45,US DOLLAR,42771,2020-01-22,306.95
2020-01-23,305.95,306.45,US DOLLAR,42783,2020-01-23,306.95
2020-01-24,305.95,306.45,US DOLLAR,42795,2020-01-24,306.95
2020-01-27,305.95,306.45,US DOLLAR,42807,2020-01-27,306.95
2020-01-28,306,306.5,US DOLLAR,42819,2020-01-28,307
2020-01-29,306,306.5,US DOLLAR,42831,2020-01-29,307
2020-01-30,306,306.5,US DOLLAR,42843,2020-01-30,307
2020-01-31,306,306.5,US DOLLAR,42855,2020-01-31,307
2020-02-03,306,306.5,US DOLLAR,42867,2020-02-03,307
2020-02-04,306,306.5,US DOLLAR,42879,2020-02-04,307
2020-02-05,305.95,306.45,US DOLLAR,42891,2020-02-05,306.95
2020-02-06,305.95,306.45,US DOLLAR,42903,2020-02-06,306.95
2020-02-07,305.95,306.45,US DOLLAR,42915,2020-02-07,306.95
2020-02-10,305.9,306.4,US DOLLAR,42927,2020-02-10,306.9
2020-02-11,305.9,306.4,US DOLLAR,42939,2020-02-11,306.9
2020-02-12,305.9,306.4,US DOLLAR,42951,2020-02-12,306.9
2020-02-13,305.95,306.45,US DOLLAR,42963,2020-02-13,306.95
2020-02-14,305.95,306.45,US DOLLAR,42981,2020-02-14,306.95
2020-02-17,305.95,306.45,US DOLLAR,42996,2020-02-17,306.95
2020-02-18,305.95,306.45,US DOLLAR,43008,2020-02-18,306.95
2020-02-19,306,306.5,US DOLLAR,43020,2020-02-19,307
2020-02-20,306,306.5,US DOLLAR,43032,2020-02-20,307
2020-02-21,306,306.5,US DOLLAR,43044,2020-02-21,307
2020-02-24,305.95,306.45,US DOLLAR,43057,2020-02-24,306.95
2020-02-25,305.95,306.45,US DOLLAR,43069,2020-02-25,306.95
2020-02-26,305.95,306.45,US DOLLAR,43081,2020-02-26,306.95
2020-02-27,305.95,306.45,US DOLLAR,43093,2020-02-27,306.95
2020-02-28,305.95,306.45,US DOLLAR,43105,2020-02-28,306.95
2020-03-02,306,306.5,US DOLLAR,43117,2020-03-02,307
2020-03-03,306,306.5,US DOLLAR,43129,2020-03-03,307
2020-03-04,306,306.5,US DOLLAR,43141,2020-03-04,307
2020-03-05,306,306.5,US DOLLAR,43153,2020-03-05,307
2020-03-06,306,306.5,US DOLLAR,43165,2020-03-06,307
2020-03-09,306,306.5,US DOLLAR,43177,2020-03-09,307
2020-03-10,305.95,306.45,US DOLLAR,43189,2020-03-10,306.95
2020-03-11,305.95,306.45,US DOLLAR,43201,2020-03-11,306.95
2020-03-12,305.95,306.45,US DOLLAR,43213,2020-03-12,306.95
2020-03-16,305.95,306.45,US DOLLAR,43237,2020-03-16,306.95
2020-03-17,306,306.5,US DOLLAR,43249,2020-03-17,307
2020-03-18,306,306.5,US DOLLAR,43261,2020-03-18,307
2020-03-19,306,306.5,US DOLLAR,43273,2020-03-19,307
2020-03-20,360,360.5,US DOLLAR,43285,2020-03-20,361
2020-03-23,360,360.5,US DOLLAR,43297,2020-03-23,361
2020-03-24,360,360.5,US DOLLAR,43309,2020-03-24,361
2020-03-25,360,360.5,US DOLLAR,43321,2020-03-25,361
2020-03-26,360,360.5,US DOLLAR,43333,2020-03-26,361
2020-03-27,360,360.5,US DOLLAR,43345,2020-03-27,361
2020-03-30,360,360.5,US DOLLAR,43357,2020-03-30,361
2020-03-31,360,360.5,US DOLLAR,43369,2020-03-31,361
2020-04-01,360,360.5,US DOLLAR,43381,2020-04-01,361
2020-04-02,360,360.5,US DOLLAR,43393,2020-04-02,361
2020-04-03,360,360.5,US DOLLAR,43405,2020-04-03,361
2020-04-06,360,360.5,US DOLLAR,43417,2020-04-06,361
2020-04-07,360,360.5,US DOLLAR,43429,2020-04-07,361
2020-04-08,360,360.5,US DOLLAR,43441,2020-04-08,361
2020-04-09,360,360.5,US DOLLAR,43453,2020-04-09,361
2020-04-14,360,360.5,US DOLLAR,43465,2020-04-14,361
2020-04-15,360,360.5,US DOLLAR,43477,2020-04-15,361
2020-04-16,360,360.5,US DOLLAR,43489,2020-04-16,361
2020-04-17,360,360.5,US DOLLAR,43501,2020-04-17,361
2020-04-20,360,360.5,US DOLLAR,43513,2020-04-20,361
2020-04-21,360,360.5,US DOLLAR,43525,2020-04-21,361
2020-04-22,360,360.5,US DOLLAR,43537,2020-04-22,361
2020-04-23,360,360.5,US DOLLAR,43549,2020-04-23,361
2020-04-24,360,360.5,US DOLLAR,43561,2020-04-24,361
2020-04-27,360,360.5,US DOLLAR,43573,2020-04-27,361
2020-04-28,360,360.5,US DOLLAR,43585,2020-04-28,361
2020-04-29,360,360.5,US DOLLAR,43599,2020-04-29,361
2020-04-30,360,360.5,US DOLLAR,43611,2020-04-30,361
2020-05-04,360,360.5,US DOLLAR,43623,2020-05-04,361
2020-05-05,360,360.5,US DOLLAR,43635,2020-05-05,361
2020-05-06,360,360.5,US DOLLAR,43648,2020-05-06,361
2020-05-07,360,360.5,US DOLLAR,43661,2020-05-07,361
2020-05-08,360,360.5,US DOLLAR,43673,2020-05-08,361
2020-05-11,360,360.5,US DOLLAR,43685,2020-05-11,361
2020-05-12,360,360.5,US DOLLAR,43697,2020-05-12,361
2020-05-13,360,360.5,US DOLLAR,43709,2020-05-13,361
2020-05-14,360,360.5,US DOLLAR,43721,2020-05-14,361
2020-05-15,360,360.5,US DOLLAR,43733,2020-05-15,361
2020-05-18,360,360.5,US DOLLAR,43745,2020-05-18,361
2020-05-19,360,360.5,US DOLLAR,43757,2020-05-19,361
2020-05-20,360,360.5,US DOLLAR,43769,2020-05-20,361
2020-05-21,360,360.5,US DOLLAR,43781,2020-05-21,361
2020-05-22,360,360.5,US DOLLAR,43793,2020-05-22,361
2020-05-27,360,360.5,US DOLLAR,43805,2020-05-27,361
2020-05-28,360,360.5,US DOLLAR,43817,2020-05-28,361
2020-05-29,360,360.5,US DOLLAR,43829,2020-05-29,361
2020-06-01,360,360.5,US DOLLAR,43841,2020-06-01,361
2020-06-02,360,360.5,US DOLLAR,43853,2020-06-02,361
2020-06-03,360,360.5,US DOLLAR,43865,2020-06-03,361
2020-06-04,360,360.5,US DOLLAR,43877,2020-06-04,361
2020-06-05,360,360.5,US DOLLAR,43889,2020-06-05,361
2020-06-08,360,360.5,US DOLLAR,43901,2020-06-08,361
2020-06-09,360,360.5,US DOLLAR,43913,2020-06-09,361
2020-06-10,360,360.5,US DOLLAR,43925,2020-06-10,361
2020-06-11,360,360.5,US DOLLAR,43937,2020-06-11,361
2020-06-15,360,360.5,US DOLLAR,43951,2020-06-15,361
2020-06-16,360,360.5,US DOLLAR,43963,2020-06-16,361
2020-06-17,360,360.5,US DOLLAR,43975,2020-06-17,361
2020-06-18,360,360.5,US DOLLAR,43987,2020-06-18,361
2020-06-19,360,360.5,US DOLLAR,43999,2020-06-19,361
2020-06-22,360,360.5,US DOLLAR,44011,2020-06-22,361
2020-06-23,360,360.5,US DOLLAR,44023,2020-06-23,361
2020-06-24,360,360.5,US DOLLAR,44036,2020-06-24,361
2020-06-25,360,360.5,US DOLLAR,44048,2020-06-25,361
2020-06-26,360,360.5,US DOLLAR,44060,2020-06-26,361
2020-06-29,360,360.5,US DOLLAR,44072,2020-06-29,361
2020-06-30,360,360.5,US DOLLAR,44084,2020-06-30,361
2020-07-01,360,360.5,US DOLLAR,44096,2020-07-01,361
2020-07-02,360,360.5,US DOLLAR,44108,2020-07-02,361
2020-07-03,360,360.5,US DOLLAR,44120,2020-07-03,361
2020-07-06,360,360.5,US DOLLAR,44132,2020-07-06,361
2020-07-07,360,360.5,US DOLLAR,44144,2020-07-07,361
2020-07-08,360,360.5,US DOLLAR,44156,2020-07-08,361
2020-07-10,360,360.5,US DOLLAR,44181,2020-07-10,361
2020-07-13,360,360.5,US DOLLAR,44193,2020-07-13,361
2020-07-14,360,360.5,US DOLLAR,44205,2020-07-14,361
2020-07-15,360,360.5,US DOLLAR,44217,2020-07-15,361
2020-07-16,360,360.5,US DOLLAR,44229,2020-07-16,361
2020-07-17,360,360.5,US DOLLAR,44241,2020-07-17,361
2020-07-20,360,360.5,US DOLLAR,44253,2020-07-20,361
2020-07-21,360,360.5,US DOLLAR,44265,2020-07-21,361
2020-07-22,360,360.5,US DOLLAR,44277,2020-07-22,361
2020-07-23,360,360.5,US DOLLAR,44289,2020-07-23,361
2020-07-24,360,360.5,US DOLLAR,44301,2020-07-24,361
2020-07-27,360,360.5,US DOLLAR,44313,2020-07-27,361
2020-07-28,360,360.5,US DOLLAR,44325,2020-07-28,361
2020-07-29,360,360.5,US DOLLAR,44337,2020-07-29,361
2020-08-03,360,360.5,US DOLLAR,44350,2020-08-03,361
2020-08-04,360,360.5,US DOLLAR,44362,2020-08-04,361
2020-08-05,360,360.5,US DOLLAR,44374,2020-08-05,361
2020-08-06,379,379.5,US DOLLAR,44386,2020-08-06,380
2020-08-07,379,379.5,US DOLLAR,44398,2020-08-07,380
2020-08-10,379,379.5,US DOLLAR,44410,2020-08-10,380
2020-08-11,379,379.5,US DOLLAR,44422,2020-08-11,380
2020-08-12,379,379.5,US DOLLAR,44434,2020-08-12,380
2020-08-13,379,379.5,US DOLLAR,44446,2020-08-13,380
2020-08-14,379,379.5,US DOLLAR,44458,2020-08-14,380
2020-08-17,379,379.5,US DOLLAR,44470,2020-08-17,380
2020-08-18,379,379.5,US DOLLAR,44482,2020-08-18,380
2020-08-19,379,379.5,US DOLLAR,44494,2020-08-19,380
2020-08-20,379,379.5,US DOLLAR,44506,2020-08-20,380
2020-08-21,379,379.5,US DOLLAR,44518,2020-08-21,380
2020-08-24,379,379.5,US DOLLAR,44530,2020-08-24,380
2020-08-25,379,379.5,US DOLLAR,44542,2020-08-25,380
2020-08-26,379,379.5,US DOLLAR,44554,2020-08-26,380
2020-08-27,379,379.5,US DOLLAR,44566,2020-08-27,380
2020-08-28,379,379.5,US DOLLAR,44578,2020-08-28,380
2020-08-31,379,379.5,US DOLLAR,44590,2020-08-31,380
2020-09-01,379,379.5,US DOLLAR,44602,2020-09-01,380
2020-09-02,379,379.5,US DOLLAR,44614,2020-09-02,380
2020-09-03,379,379.5,US DOLLAR,44626,2020-09-03,380
2020-09-04,379,379.5,US DOLLAR,44638,2020-09-04,380
2020-09-07,379,379.5,US DOLLAR,44650,2020-09-07,380
2020-09-08,379,379.5,US DOLLAR,44662,2020-09-08,380
2020-09-09,379,379.5,US DOLLAR,44674,2020-09-09,380
2020-09-10,379,379.5,US DOLLAR,44686,2020-09-10,380
2020-09-11,379,379.5,US DOLLAR,44698,2020-09-11,380
2020-09-14,379,379.5,US DOLLAR,44710,2020-09-14,380
2020-09-15,379,379.5,US DOLLAR,44722,2020-09-15,380
2020-09-16,379,379.5,US DOLLAR,44734,2020-09-16,380
2020-09-17,379,379.5,US DOLLAR,44746,2020-09-17,380
2020-09-18,379,379.5,US DOLLAR,44758,2020-09-18,380
2020-09-21,379,379.5,US DOLLAR,44770,2020-09-21,380
2020-09-22,379,379.5,US DOLLAR,44782,2020-09-22,380
2020-09-23,379,379.5,US DOLLAR,44794,2020-09-23,380
2020-09-24,379,379.5,US DOLLAR,44806,2020-09-24,380
2020-09-25,379,379.5,US DOLLAR,44818,2020-09-25,380
2020-09-28,379,379.5,US DOLLAR,44830,2020-09-28,380
2020-09-29,379,379.5,US DOLLAR,44842,2020-09-29,380
2020-09-30,379,379.5,US DOLLAR,44854,2020-09-30,380
2020-10-02,379,379.5,US DOLLAR,44866,2020-10-02,380
2020-10-05,380,380.5,US DOLLAR,44878,2020-10-05,381
2020-10-06,379,379.5,US DOLLAR,44890,2020-10-06,380
2020-10-07,379,379.5,US DOLLAR,44902,2020-10-07,380
2020-10-08,379,379.5,US DOLLAR,44914,2020-10-08,380
2020-10-12,379,379.5,US DOLLAR,44938,2020-10-12,380
2020-10-13,379,379.5,US DOLLAR,44950,2020-10-13,380
2020-10-14,379,379.5,US DOLLAR,44962,2020-10-14,380
2020-10-15,379,379.5,US DOLLAR,44974,2020-10-15,380
2020-10-16,379,379.5,US DOLLAR,44986,2020-10-16,380
2020-10-19,379,379.5,US DOLLAR,44998,2020-10-19,380
2020-10-20,379,379.5,US DOLLAR,45010,2020-10-20,380
2020-10-21,379,379.5,US DOLLAR,45022,2020-10-21,380
2020-10-22,379,379.5,US DOLLAR,45037,2020-10-22,380
2020-10-23,379,379.5,US DOLLAR,45049,2020-10-23,380
2020-10-26,379,379.5,US DOLLAR,45061,2020-10-26,380
2020-10-27,379,379.5,US DOLLAR,45073,2020-10-27,380
2020-10-28,379,379.5,US DOLLAR,45085,2020-10-28,380
2020-10-30,379,379.5,US DOLLAR,45097,2020-10-30,380
2020-11-02,379,379.5,US DOLLAR,45109,2020-11-02,380
2020-11-03,379,379.5,US DOLLAR,45121,2020-11-03,380
2020-11-04,379,379.5,US DOLLAR,45133,2020-11-04,380
2020-11-05,379,379.5,US DOLLAR,45145,2020-11-05,380
2020-11-06,379,379.5,US DOLLAR,45159,2020-11-06,380
2020-11-09,379,379.5,US DOLLAR,45172,2020-11-09,380
2020-11-10,379,379.5,US DOLLAR,45184,2020-11-10,380
2020-11-11,379,379.5,US DOLLAR,45196,2020-11-11,380
2020-11-12,379,379.5,US DOLLAR,45208,2020-11-12,380
2020-11-13,379,379.5,US DOLLAR,45220,2020-11-13,380
2020-11-16,379,379.5,US DOLLAR,45232,2020-11-16,380
2020-11-17,379,379.5,US DOLLAR,45244,2020-11-17,380
2020-11-18,379,379.5,US DOLLAR,45257,2020-11-18,380
2020-11-19,379,379.5,US DOLLAR,45270,2020-11-19,380
2020-11-20,379,379.5,US DOLLAR,45282,2020-11-20,380
2020-11-23,379,379.5,US DOLLAR,45294,2020-11-23,380
2020-11-24,379,379.5,US DOLLAR,45306,2020-11-24,380
2020-11-25,379,379.5,US DOLLAR,45318,2020-11-25,380
2020-11-26,379,379.5,US DOLLAR,45330,2020-11-26,380
2020-11-27,379,379.5,US DOLLAR,45342,2020-11-27,380
2020-11-30,379,379.5,US DOLLAR,45354,2020-11-30,380
2020-12-01,379,379.5,US DOLLAR,45366,2020-12-01,380
2020-12-02,379,379.5,US DOLLAR,45378,2020-12-02,380
2020-12-03,379,379.5,US DOLLAR,45390,2020-12-03,380
2020-12-04,379,379.5,US DOLLAR,45402,2020-12-04,380
2020-12-07,379,379.5,US DOLLAR,45414,2020-12-07,380
2020-12-08,379,379.5,US DOLLAR,45426,2020-12-08,380
2020-12-09,379,379.5,US DOLLAR,45438,2020-12-09,380
2020-12-10,379,379.5,US DOLLAR,45451,2020-12-10,380
2020-12-14,379,379.5,US DOLLAR,45475,2020-12-14,380
2020-12-15,379,379.5,US DOLLAR,45487,2020-12-15,380
2020-12-16,379,379.5,US DOLLAR,45499,2020-12-16,380
2020-12-17,379,379.5,US DOLLAR,45511,2020-12-17,380
2020-12-18,379,379.5,US DOLLAR,45523,2020-12-18,380
2020-12-21,379,379.5,US DOLLAR,45535,2020-12-21,380
2020-12-22,379,379.5,US DOLLAR,45547,2020-12-22,380
2020-12-23,379,379.5,US DOLLAR,45559,2020-12-23,380
2020-12-24,379,379.5,US DOLLAR,45572,2020-12-24,380
2020-12-29,379,379.5,US DOLLAR,45585,2020-12-29,380
2020-12-30,379,379.5,US DOLLAR,45597,2020-12-30,380
2020-12-31,379,379.5,US DOLLAR,45609,2020-12-31,380
2021-01-04,379,379.5,US DOLLAR,45621,2021-01-04,380
2021-01-05,379,379.5,US DOLLAR,45634,2021-01-05,380
2021-01-06,379,379.5,US DOLLAR,45646,2021-01-06,380
2021-01-07,379,379.5,US DOLLAR,45658,2021-01-07,380
2021-01-08,379,379.5,US DOLLAR,45670,2021-01-08,380
2021-01-12,379,379.5,US DOLLAR,45694,2021-01-12,380
2021-01-13,379,379.5,US DOLLAR,45706,2021-01-13,380
2021-01-14,379,379.5,US DOLLAR,45718,2021-01-14,380
2021-01-15,379,379.5,US DOLLAR,45730,2021-01-15,380
2021-01-18,379,379.5,US DOLLAR,45743,2021-01-18,380
2021-01-19,379,379.5,US DOLLAR,45755,2021-01-19,380
2021-01-20,379,379.5,US DOLLAR,45767,2021-01-20,380
2021-01-21,379,379.5,US DOLLAR,45779,2021-01-21,380
2021-01-22,379,379.5,US DOLLAR,45792,2021-01-22,380
2021-01-25,379,379.5,US DOLLAR,45806,2021-01-25,380
2021-01-26,379,379.5,US DOLLAR,45818,2021-01-26,380
2021-01-27,379,379.5,US DOLLAR,45829,2021-01-27,380
2021-01-28,379,379.5,US DOLLAR,45841,2021-01-28,380
2021-01-29,379,379.5,US DOLLAR,45853,2021-01-29,380
2021-02-01,379,379.5,US DOLLAR,45865,2021-02-01,380
2021-02-02,379,379.5,US DOLLAR,45877,2021-02-02,380
2021-02-03,379,379.5,US DOLLAR,45889,2021-02-03,380
2021-02-04,379,379.5,US DOLLAR,45901,2021-02-04,380
2021-02-05,379,379.5,US DOLLAR,45925,2021-02-05,380
2021-02-08,379,379.5,US DOLLAR,45927,2021-02-08,380
2021-02-09,379,379.5,US DOLLAR,45939,2021-02-09,380
2021-02-10,379,379.5,US DOLLAR,45951,2021-02-10,380
2021-02-11,379,379.5,US DOLLAR,45963,2021-02-11,380
2021-02-12,379,379.5,US DOLLAR,45976,2021-02-12,380
2021-02-15,379,379.5,US DOLLAR,45988,2021-02-15,380
2021-02-16,379,379.5,US DOLLAR,46000,2021-02-16,380
2021-02-17,379,379.5,US DOLLAR,46012,2021-02-17,380
2021-02-18,379,379.5,US DOLLAR,46024,2021-02-18,380
2021-02-19,379,379.5,US DOLLAR,46036,2021-02-19,380
2021-02-22,379,379.5,US DOLLAR,46048,2021-02-22,380
2021-02-23,379,379.5,US DOLLAR,46060,2021-02-23,380
2021-02-24,379,379.5,US DOLLAR,46072,2021-02-24,380
2021-02-25,379,379.5,US DOLLAR,46084,2021-02-25,380
2021-02-26,379,379.5,US DOLLAR,46097,2021-02-26,380
2021-03-01,379,379.5,US DOLLAR,46109,2021-03-01,380
2021-03-02,379,379.5,US DOLLAR,46121,2021-03-02,380
2021-03-03,379,379.5,US DOLLAR,46133,2021-03-03,380
2021-03-04,379,379.5,US DOLLAR,46145,2021-03-04,380
2021-03-05,379,379.5,US DOLLAR,46157,2021-03-05,380
2021-03-08,379,379.5,US DOLLAR,46171,2021-03-08,380
2021-03-09,379,379.5,US DOLLAR,46184,2021-03-09,380
2021-03-10,379,379.5,US DOLLAR,46196,2021-03-10,380
2021-03-11,379,379.5,US DOLLAR,46208,2021-03-11,380
2021-03-12,379,379.5,US DOLLAR,46220,2021-03-12,380
2021-03-15,379,379.5,US DOLLAR,46232,2021-03-15,380
2021-03-16,379,379.5,US DOLLAR,46244,2021-03-16,380
2021-03-17,379,379.5,US DOLLAR,46256,2021-03-17,380
2021-03-18,379,379.5,US DOLLAR,46268,2021-03-18,380
2021-03-19,379,379.5,US DOLLAR,46280,2021-03-19,380
2021-03-22,379,379.5,US DOLLAR,46292,2021-03-22,380
2021-03-23,379,379.5,US DOLLAR,46304,2021-03-23,380
2021-03-24,379,379.5,US DOLLAR,46316,2021-03-24,380
2021-03-25,379,379.5,US DOLLAR,46328,2021-03-25,380
2021-03-26,379,379.5,US DOLLAR,46340,2021-03-26,380
2021-03-29,379,379.5,US DOLLAR,46352,2021-03-29,380
2021-03-30,379,379.5,US DOLLAR,46364,2021-03-30,380
2021-03-31,379,379.5,US DOLLAR,46376,2021-03-31,380
2021-04-06,379,379.5,US DOLLAR,46388,2021-04-06,380
2021-04-07,379,379.5,US DOLLAR,46400,2021-04-07,380
2021-04-08,379,379.5,US DOLLAR,46412,2021-04-08,380
2021-04-09,379,379.5,US DOLLAR,46424,2021-04-09,380
2021-04-12,379,379.5,US DOLLAR,46436,2021-04-12,380
2021-04-13,379,379.5,US DOLLAR,46449,2021-04-13,380
2021-04-14,379,379.5,US DOLLAR,46461,2021-04-14,380
2021-04-15,379,379.5,US DOLLAR,46473,2021-04-15,380
2021-04-16,379,379.5,US DOLLAR,46497,2021-04-16,380
2021-04-19,379,379.5,US DOLLAR,46512,2021-04-19,380
2021-04-20,379,379.5,US DOLLAR,46524,2021-04-20,380
2021-04-21,379,379.5,US DOLLAR,46536,2021-04-21,380
2021-04-22,379,379.5,US DOLLAR,46548,2021-04-22,380
2021-04-23,379,379.5,US DOLLAR,46560,2021-04-23,380
2021-04-26,379,379.5,US DOLLAR,46572,2021-04-26,380
2021-04-27,379,379.5,US DOLLAR,46584,2021-04-27,380
2021-04-28,379,379.5,US DOLLAR,46596,2021-04-28,380
2021-04-29,379,379.5,US DOLLAR,46608,2021-04-29,380
2021-04-30,379,379.5,US DOLLAR,46620,2021-04-30,380
2021-05-04,379,379.5,US DOLLAR,46632,2021-05-04,380
2021-05-05,379,379.5,US DOLLAR,46644,2021-05-05,380
2021-05-06,379,379.5,US DOLLAR,46659,2021-05-06,380
2021-05-07,379,379.5,US DOLLAR,46671,2021-05-07,380
2021-05-10,379,379.5,US DOLLAR,46688,2021-05-10,380
2021-05-21,410,410.5,US DOLLAR,46714,2021-05-21,411
2021-05-24,409.25,409.75,US DOLLAR,46747,2021-05-24,410.25
2021-05-25,409.25,409.75,US DOLLAR,46761,2021-05-25,410.25
2021-05-26,409.25,409.75,US DOLLAR,46773,2021-05-26,410.25
2021-05-27,409,409.5,US DOLLAR,46785,2021-05-27,410
2021-05-28,409,409.5,US DOLLAR,46797,2021-05-28,410
2021-05-31,409,409.5,US DOLLAR,46809,2021-05-31,410
2021-06-01,409,409.5,US DOLLAR,46821,2021-06-01,410
2021-06-02,409.22,409.72,US DOLLAR,46833,2021-06-02,410.22
2021-06-03,409.2,409.7,US DOLLAR,46845,2021-06-03,410.2
2021-06-04,409.18,409.68,US DOLLAR,46858,2021-06-04,410.18
2021-06-07,409.17,409.67,US DOLLAR,46870,2021-06-07,410.17
2021-06-08,409.15,409.65,US DOLLAR,46881,2021-06-08,410.15
2021-06-09,409.14,409.64,US DOLLAR,46893,2021-06-09,410.14
2021-06-10,409.13,409.63,US DOLLAR,46905,2021-06-10,410.13
2021-06-11,409.13,409.63,US DOLLAR,46928,2021-06-11,410.13
2021-06-15,409.12,409.62,US DOLLAR,46940,2021-06-15,410.12
2021-06-16,409.22,409.72,US DOLLAR,46952,2021-06-16,410.22
2021-06-17,409.21,409.71,US DOLLAR,46964,2021-06-17,410.21
2021-06-18,409.2,409.7,US DOLLAR,46977,2021-06-18,410.2
2021-06-21,409.2,409.7,US DOLLAR,46989,2021-06-21,410.2
2021-06-22,409.19,409.69,US DOLLAR,47001,2021-06-22,410.19
2021-06-23,409.18,409.68,US DOLLAR,47013,2021-06-23,410.18
2021-06-24,409.17,409.67,US DOLLAR,47025,2021-06-24,410.17
2021-06-25,409.17,409.67,US DOLLAR,47037,2021-06-25,410.17
2021-06-28,409.16,409.66,US DOLLAR,47049,2021-06-28,410.16
2021-06-29,409.16,409.66,US DOLLAR,47061,2021-06-29,410.16
2021-06-30,409.16,409.66,US DOLLAR,47073,2021-06-30,410.16
2021-07-01,409.16,409.66,US DOLLAR,47085,2021-07-01,410.16
2021-07-02,409.16,409.66,US DOLLAR,47097,2021-07-02,410.16
2021-07-05,409.13,409.63,US DOLLAR,47121,2021-07-05,410.13
2021-07-06,409.12,409.62,US DOLLAR,47133,2021-07-06,410.12
2021-07-07,409.12,409.62,US DOLLAR,47145,2021-07-07,410.12
2021-07-08,409.11,409.61,US DOLLAR,47157,2021-07-08,410.11
2021-07-09,409.11,409.61,US DOLLAR,47169,2021-07-09,410.11
2021-07-12,409.11,409.61,US DOLLAR,47181,2021-07-12,410.11
2021-07-13,409.11,409.61,US DOLLAR,47193,2021-07-13,410.11
2021-07-14,409.13,409.63,US DOLLAR,47205,2021-07-14,410.13
2021-07-15,409.13,409.63,US DOLLAR,47218,2021-07-15,410.13
2021-07-16,409.13,409.63,US DOLLAR,47230,2021-07-16,410.13
2021-07-19,409.13,409.63,US DOLLAR,47242,2021-07-19,410.13
2021-07-22,409.14,409.64,US DOLLAR,47254,2021-07-22,410.14
2021-07-26,409.15,409.65,US DOLLAR,47266,2021-07-26,410.15
2021-07-27,409.16,409.66,US DOLLAR,47278,2021-07-27,410.16
2021-07-28,409.16,409.66,US DOLLAR,47291,2021-07-28,410.16
2021-07-29,409.16,409.66,US DOLLAR,47303,2021-07-29,410.16
2021-07-30,409.1,409.6,US DOLLAR,47315,2021-07-30,410.1
2021-08-02,409.1,409.6,US DOLLAR,47327,2021-08-02,410.1
2021-08-03,409.11,409.61,US DOLLAR,47339,2021-08-03,410.11
2021-08-04,409.11,409.61,US DOLLAR,47351,2021-08-04,410.11
2021-08-05,409.11,409.61,US DOLLAR,47364,2021-08-05,410.11
2021-08-06,409.11,409.61,US DOLLAR,47376,2021-08-06,410.11
2021-08-09,409.12,409.62,US DOLLAR,47388,2021-08-09,410.12
2021-08-10,409.12,409.62,US DOLLAR,47400,2021-08-10,410.12
2021-08-11,409.12,409.62,US DOLLAR,47412,2021-08-11,410.12
2021-08-12,409.12,409.62,US DOLLAR,47424,2021-08-12,410.12
2021-08-13,409.11,409.61,US DOLLAR,47436,2021-08-13,410.11
2021-08-16,409.11,409.61,US DOLLAR,47448,2021-08-16,410.11
2021-08-17,409.11,409.61,US DOLLAR,47460,2021-08-17,410.11
2021-08-18,409.1,409.6,US DOLLAR,47472,2021-08-18,410.1
2021-08-19,409.13,409.63,US DOLLAR,47484,2021-08-19,410.13
2021-08-20,409.13,409.63,US DOLLAR,47495,2021-08-20,410.13
2021-08-23,409.16,409.66,US DOLLAR,47507,2021-08-23,410.16
2021-08-24,409.19,409.69,US DOLLAR,47520,2021-08-24,410.19
2021-08-25,409.21,409.71,US DOLLAR,47532,2021-08-25,410.21
2021-08-26,409.23,409.73,US DOLLAR,47544,2021-08-26,410.23
2021-08-27,409.26,409.76,US DOLLAR,47557,2021-08-27,410.26
2021-08-30,409.29,409.79,US DOLLAR,47569,2021-08-30,410.29
2021-08-31,409.32,409.82,US DOLLAR,47581,2021-08-31,410.32
2021-09-01,409.35,409.85,US DOLLAR,47593,2021-09-01,410.35
2021-09-02,409.37,409.87,US DOLLAR,47605,2021-09-02,410.37
2021-09-03,409.4,409.9,US DOLLAR,47617,2021-09-03,410.4
2021-09-06,409.41,409.91,US DOLLAR,47629,2021-09-06,410.41
2021-09-07,409.42,409.92,US DOLLAR,47641,2021-09-07,410.42
2021-09-08,409.45,409.95,US DOLLAR,47653,2021-09-08,410.45
2021-09-09,409.47,409.97,US DOLLAR,47665,2021-09-09,410.47
2021-09-10,409.48,409.98,US DOLLAR,47677,2021-09-10,410.48
2021-09-13,409.51,410.01,US DOLLAR,47689,2021-09-13,410.51
2021-09-14,409.54,410.04,US DOLLAR,47701,2021-09-14,410.54
2021-09-15,409.55,410.05,US DOLLAR,47713,2021-09-15,410.55
2021-09-16,409.57,410.07,US DOLLAR,47725,2021-09-16,410.57
2021-09-17,409.58,410.08,US DOLLAR,47737,2021-09-17,410.58
2021-09-20,409.59,410.09,US DOLLAR,47749,2021-09-20,410.59
2021-09-21,409.6,410.1,US DOLLAR,47761,2021-09-21,410.6
2021-09-22,409.63,410.13,US DOLLAR,47773,2021-09-22,410.63
2021-09-23,409.67,410.17,US DOLLAR,47785,2021-09-23,410.67
2021-09-24,409.7,410.2,US DOLLAR,47798,2021-09-24,410.7
2021-09-27,408.71,409.71,US DOLLAR,47810,2021-09-27,410.71
2021-09-28,408.77,409.77,US DOLLAR,47822,2021-09-28,410.77
2021-09-29,409.8,410.3,US DOLLAR,47834,2021-09-29,410.8
2021-09-30,409.8,410.3,US DOLLAR,47846,2021-09-30,410.8
2021-10-04,409.83,410.33,US DOLLAR,47858,2021-10-04,410.83
2021-10-05,409.82,410.32,US DOLLAR,47870,2021-10-05,410.82
2021-10-06,409.81,410.31,US DOLLAR,47882,2021-10-06,410.81
2021-10-07,409.81,410.31,US DOLLAR,47894,2021-10-07,410.81
2021-10-08,409.81,410.31,US DOLLAR,47906,2021-10-08,410.81
2021-10-11,409.87,410.37,US DOLLAR,47918,2021-10-11,410.87
2021-10-12,409.87,410.37,US DOLLAR,47930,2021-10-12,410.87
2021-10-13,409.87,410.37,US DOLLAR,47944,2021-10-13,410.87
2021-10-14,409.91,410.41,US DOLLAR,47956,2021-10-14,410.91
2021-10-15,409.91,410.41,US DOLLAR,47968,2021-10-15,410.91
2021-10-18,409.89,410.39,US DOLLAR,47980,2021-10-18,410.89
2021-10-20,409.89,410.39,US DOLLAR,47992,2021-10-20,410.89
2021-10-21,409.91,410.41,US DOLLAR,48004,2021-10-21,410.91
2021-10-22,409.96,410.46,US DOLLAR,48016,2021-10-22,410.96
2021-10-25,409.99,410.49,US DOLLAR,48028,2021-10-25,410.99
2021-10-26,410.02,410.52,US DOLLAR,48042,2021-10-26,411.02
2021-10-27,410.02,410.52,US DOLLAR,48054,2021-10-27,411.02
2021-10-28,410.06,410.56,US DOLLAR,48066,2021-10-28,411.06
2021-10-29,410.09,410.59,US DOLLAR,48078,2021-10-29,411.09
2021-11-01,410.17,410.67,US DOLLAR,48090,2021-11-01,411.17
2021-11-02,410.21,410.71,US DOLLAR,48102,2021-11-02,411.21
2021-11-03,410.24,410.74,US DOLLAR,48114,2021-11-03,411.24
2021-11-04,410.27,410.77,US DOLLAR,48127,2021-11-04,411.27
2021-11-05,410.29,410.79,US DOLLAR,48139,2021-11-05,411.29
2021-11-08,410.32,410.82,US DOLLAR,48151,2021-11-08,411.32
2021-11-09,410.34,410.84,US DOLLAR,48163,2021-11-09,411.34
2021-11-10,410.37,410.87,US DOLLAR,48175,2021-11-10,411.37
2021-11-11,410.39,410.89,US DOLLAR,48187,2021-11-11,411.39
2021-11-12,410.42,410.92,US DOLLAR,48199,2021-11-12,411.42
2021-11-15,410.43,410.93,US DOLLAR,48211,2021-11-15,411.43
2021-11-16,410.54,411.04,US DOLLAR,48223,2021-11-16,411.54
2021-11-17,410.57,411.07,US DOLLAR,48235,2021-11-17,411.57
2021-11-18,410.59,411.09,US DOLLAR,48247,2021-11-18,411.59
2021-11-19,410.59,411.09,US DOLLAR,48259,2021-11-19,411.59
2021-11-22,409.63,410.63,US DOLLAR,48271,2021-11-22,411.63
2021-11-23,409.64,410.64,US DOLLAR,48283,2021-11-23,411.64
2021-11-24,409.63,410.63,US DOLLAR,48295,2021-11-24,411.63
2021-11-25,409.64,410.64,US DOLLAR,48307,2021-11-25,411.64
2021-11-26,409.64,410.64,US DOLLAR,48319,2021-11-26,411.64
2021-11-29,409.64,410.64,US DOLLAR,48331,2021-11-29,411.64
2021-11-30,409.66,410.66,US DOLLAR,48343,2021-11-30,411.66
2021-12-01,409.7,410.7,US DOLLAR,48355,2021-12-01,411.7
2021-12-02,409.73,410.73,US DOLLAR,48367,2021-12-02,411.73
2021-12-03,409.74,410.74,US DOLLAR,48378,2021-12-03,411.74
2021-12-06,409.73,410.73,US DOLLAR,48390,2021-12-06,411.73
2021-12-07,409.74,410.74,US DOLLAR,48402,2021-12-07,411.74
2021-12-08,409.74,410.74,US DOLLAR,48415,2021-12-08,411.74
2021-12-09,409.75,410.75,US DOLLAR,48427,2021-12-09,411.75
2021-12-10,409.76,410.76,US DOLLAR,48439,2021-12-10,411.76
2021-12-13,409.72,410.72,US DOLLAR,48449,2021-12-13,411.72
2021-12-14,409.73,410.73,US DOLLAR,48470,2021-12-14,411.73
2021-12-15,409.83,410.83,US DOLLAR,48482,2021-12-15,411.83
2021-12-16,409.91,410.91,US DOLLAR,48493,2021-12-16,411.91
2021-12-17,409.91,410.91,US DOLLAR,48505,2021-12-17,411.91
2021-12-20,410.91,411.41,US DOLLAR,48517,2021-12-20,411.91
2021-12-21,410.92,411.42,US DOLLAR,48529,2021-12-21,411.92
2021-12-22,410.93,411.43,US DOLLAR,48541,2021-12-22,411.93
2021-12-23,410.9,411.4,US DOLLAR,48553,2021-12-23,411.9
2021-12-24,410.95,411.45,US DOLLAR,48565,2021-12-24,411.95
2021-12-29,411,411.5,US DOLLAR,48576,2021-12-29,412
2021-12-30,411.7,412.2,US DOLLAR,48588,2021-12-30,412.7
2021-12-31,412.49,412.99,US DOLLAR,48600,2021-12-31,413.49
2022-01-04,412.67,413.17,US DOLLAR,48612,2022-01-04,413.67
2022-01-05,412.79,413.29,US DOLLAR,48624,2022-01-05,413.79
2022-01-06,412.96,413.46,US DOLLAR,48636,2022-01-06,413.96
2022-01-07,413.14,413.64,US DOLLAR,48648,2022-01-07,414.14
2022-01-10,413.26,413.76,US DOLLAR,48660,2022-01-10,414.26
2022-01-11,413.44,413.94,US DOLLAR,48672,2022-01-11,414.44
2022-01-12,413.61,414.11,US DOLLAR,48684,2022-01-12,414.61
2022-01-13,413.79,414.29,US DOLLAR,48696,2022-01-13,414.79
2022-01-14,413.89,414.39,US DOLLAR,48708,2022-01-14,414.89
2022-01-17,414,414.5,US DOLLAR,48720,2022-01-17,415
2022-01-18,414.17,414.67,US DOLLAR,48732,2022-01-18,415.17
2022-01-19,414.3,414.8,US DOLLAR,48744,2022-01-19,415.3
2022-01-20,414.45,414.95,US DOLLAR,48756,2022-01-20,415.45
2022-01-21,414.53,415.03,US DOLLAR,48768,2022-01-21,415.53
2022-01-24,414.64,415.14,US DOLLAR,48780,2022-01-24,415.64
2022-01-25,414.82,415.32,US DOLLAR,48792,2022-01-25,415.82
2022-01-26,414.99,415.49,US DOLLAR,48804,2022-01-26,415.99
2022-01-27,415.16,415.66,US DOLLAR,48816,2022-01-27,416.16
2022-01-28,415.33,415.83,US DOLLAR,48828,2022-01-28,416.33
2022-01-31,414.26,415.26,US DOLLAR,48852,2022-01-31,416.26
2022-02-01,415.36,415.86,US DOLLAR,48864,2022-02-01,416.36
2022-02-02,415.54,416.04,US DOLLAR,48876,2022-02-02,416.54
2022-02-03,415.71,416.21,US DOLLAR,48888,2022-02-03,416.71
2022-02-04,415.88,416.38,US DOLLAR,48900,2022-02-04,416.88
2022-02-07,416.05,416.55,US DOLLAR,48912,2022-02-07,417.05
2022-02-08,416.25,416.75,US DOLLAR,48924,2022-02-08,417.25
2022-02-09,416.37,416.87,US DOLLAR,48936,2022-02-09,417.37
2022-02-10,416.51,417.01,US DOLLAR,48947,2022-02-10,417.51
2022-02-11,415.91,416.41,US DOLLAR,48959,2022-02-11,416.91
2022-02-14,415.31,415.81,US DOLLAR,48971,2022-02-14,416.31
2022-02-15,415.31,415.81,US DOLLAR,48983,2022-02-15,416.31
2022-02-16,415.37,415.87,US DOLLAR,48995,2022-02-16,416.37
2022-02-17,415.37,415.87,US DOLLAR,49010,2022-02-17,416.37
2022-02-18,415.37,415.87,US DOLLAR,49023,2022-02-18,416.37
2022-02-21,415.39,415.89,US DOLLAR,49036,2022-02-21,416.39
2022-02-22,415.39,415.89,US DOLLAR,49047,2022-02-22,416.39
2022-02-23,415.39,415.89,US DOLLAR,49059,2022-02-23,416.39
2022-02-24,415.39,415.89,US DOLLAR,49071,2022-02-24,416.39
2022-02-25,415.52,416.02,US DOLLAR,49083,2022-02-25,416.52
2022-02-28,415.59,416.09,US DOLLAR,49095,2022-02-28,416.59
2022-03-01,415.46,415.96,US DOLLAR,49107,2022-03-01,416.46
2022-03-02,415.36,415.86,US DOLLAR,49118,2022-03-02,416.36
2022-03-03,415.41,415.91,US DOLLAR,49131,2022-03-03,416.41
2022-03-04,415.27,415.77,US DOLLAR,49143,2022-03-04,416.27
2022-03-07,415.34,415.84,US DOLLAR,49155,2022-03-07,416.34
2022-03-08,415.34,415.84,US DOLLAR,49167,2022-03-08,416.34
2022-03-09,415.34,415.84,US DOLLAR,49179,2022-03-09,416.34
2022-03-10,415.34,415.84,US DOLLAR,49191,2022-03-10,416.34
2022-03-11,415.3,415.8,US DOLLAR,49203,2022-03-11,416.3
2022-03-14,415.45,415.95,US DOLLAR,49215,2022-03-14,416.45
2022-03-15,415.42,415.92,US DOLLAR,49227,2022-03-15,416.42
2022-03-16,415.42,415.92,US DOLLAR,49239,2022-03-16,416.42
2022-03-17,415.42,415.92,US DOLLAR,49251,2022-03-17,416.42
2022-03-18,415.39,415.89,US DOLLAR,49264,2022-03-18,416.39
2022-03-21,415.32,415.82,US DOLLAR,49276,2022-03-21,416.32
2022-03-22,415.25,415.75,US DOLLAR,49288,2022-03-22,416.25
2022-03-23,415.25,415.75,US DOLLAR,49300,2022-03-23,416.25
2022-03-24,415.25,415.75,US DOLLAR,49312,2022-03-24,416.25
2022-03-25,415.23,415.73,US DOLLAR,49324,2022-03-25,416.23
2022-03-28,415.25,415.75,US DOLLAR,49336,2022-03-28,416.25
2022-03-29,415.22,415.72,US DOLLAR,49372,2022-03-29,416.22
2022-03-30,415.25,415.75,US DOLLAR,49360,2022-03-30,416.25
2022-04-01,415.22,415.72,US DOLLAR,49384,2022-04-01,416.22
2022-04-04,415.22,415.72,US DOLLAR,49395,2022-04-04,416.22
2022-04-05,415.15,415.65,US DOLLAR,49407,2022-04-05,416.15
2022-04-06,415.15,415.65,US DOLLAR,49419,2022-04-06,416.15
2022-04-07,415.15,415.65,US DOLLAR,49431,2022-04-07,416.15
2022-04-08,415.12,415.62,US DOLLAR,49443,2022-04-08,416.12
2022-04-11,414.09,415.09,US DOLLAR,49455,2022-04-11,416.09
2022-04-12,414.08,415.08,US DOLLAR,49467,2022-04-12,416.08
2022-04-13,414.03,415.03,US DOLLAR,49479,2022-04-13,416.03
2022-04-14,414,415,US DOLLAR,49491,2022-04-14,416
2022-04-19,415,415.5,US DOLLAR,49503,2022-04-19,416
2022-04-20,415.08,415.58,US DOLLAR,49515,2022-04-20,416.08
2022-04-21,415.08,415.58,US DOLLAR,49527,2022-04-21,416.08
2022-04-22,414.08,415.08,US DOLLAR,49539,2022-04-22,416.08
2022-04-25,414.98,415.48,US DOLLAR,49551,2022-04-25,415.98
2022-04-26,414.92,415.42,US DOLLAR,49563,2022-04-26,415.92
2022-04-27,414.83,415.33,US DOLLAR,49575,2022-04-27,415.83
2022-04-28,414.76,415.26,US DOLLAR,49587,2022-04-28,415.76
2022-04-29,414.69,415.19,US DOLLAR,49599,2022-04-29,415.69
2022-05-04,414.62,415.12,US DOLLAR,49611,2022-05-04,415.62
2022-05-05,414.69,415.19,US DOLLAR,49624,2022-05-05,415.69
2022-05-06,414.8,415.3,US DOLLAR,49636,2022-05-06,415.8
2022-05-09,413.83,414.83,US DOLLAR,49648,2022-05-09,415.83
2022-05-10,413.8333,414.8333,US DOLLAR,49660,2022-05-10,415.8333
2022-05-11,413.83,414.83,US DOLLAR,49672,2022-05-11,415.83
2022-05-12,413.76,414.76,US DOLLAR,49684,2022-05-12,415.76
2022-05-13,413.74,414.74,US DOLLAR,49696,2022-05-13,415.74
2022-05-16,414.75,415.25,US DOLLAR,49708,2022-05-16,415.75
2022-05-17,414.68,415.18,US DOLLAR,49720,2022-05-17,415.68
2022-05-18,414.62,415.12,US DOLLAR,49732,2022-05-18,415.62
2022-05-19,414.62,415.12,US DOLLAR,49744,2022-05-19,415.62
2022-05-20,414.58,415.08,US DOLLAR,49756,2022-05-20,415.58
2022-05-23,414.68,415.18,US DOLLAR,49768,2022-05-23,415.68
2022-05-24,414.68,415.18,US DOLLAR,49780,2022-05-24,415.68
2022-05-25,414.72,415.22,US DOLLAR,49792,2022-05-25,415.72
2022-05-26,414.72,415.22,US DOLLAR,49804,2022-05-26,415.72
2022-05-27,414.63,415.13,US DOLLAR,49817,2022-05-27,415.63
2022-05-30,414.57,415.07,US DOLLAR,49829,2022-05-30,415.57
2022-05-31,414.65,415.15,US DOLLAR,49840,2022-05-31,415.65
2022-06-01,414.58,415.08,US DOLLAR,49852,2022-06-01,415.58
2022-06-02,414.62,415.12,US DOLLAR,49865,2022-06-02,415.62
2022-06-03,413.63,414.63,US DOLLAR,49877,2022-06-03,415.63
2022-06-06,414.63,415.13,US DOLLAR,49890,2022-06-06,415.63
2022-06-07,414.63,415.13,US DOLLAR,49902,2022-06-07,415.63
2022-06-08,414.63,415.13,US DOLLAR,49914,2022-06-08,415.63
2022-06-09,414.63,415.13,US DOLLAR,49926,2022-06-09,415.63
2022-06-10,414.76,415.26,US DOLLAR,49938,2022-06-10,415.76
2022-06-14,414.72,415.22,US DOLLAR,49950,2022-06-14,415.72
2022-06-15,413.79,414.79,US DOLLAR,49962,2022-06-15,415.79
2022-06-16,414.87,415.37,US DOLLAR,49974,2022-06-16,415.87
2022-06-17,414.82,415.32,US DOLLAR,49986,2022-06-17,415.82
2022-06-20,414.75,415.25,US DOLLAR,49998,2022-06-20,415.75
2022-06-21,414.65,415.15,US DOLLAR,50010,2022-06-21,415.65
2022-06-22,414.59,415.09,US DOLLAR,50022,2022-06-22,415.59
2022-06-23,414.49,414.99,US DOLLAR,50034,2022-06-23,415.49
2022-06-24,414.5,415,US DOLLAR,50046,2022-06-24,415.5
2022-06-27,413.64,414.64,US DOLLAR,50058,2022-06-27,415.64
2022-06-28,413.6,414.6,US DOLLAR,50070,2022-06-28,415.6
2022-06-29,413.77,414.77,US DOLLAR,50082,2022-06-29,415.77
2022-06-30,413.72,414.72,US DOLLAR,50094,2022-06-30,415.72
2022-07-01,413.86,414.86,US DOLLAR,50106,2022-07-01,415.86
2022-07-04,413.8,414.8,US DOLLAR,50118,2022-07-04,415.8
2022-07-05,413.83,414.83,US DOLLAR,50130,2022-07-05,415.83
2022-07-06,413.76,414.76,US DOLLAR,50142,2022-07-06,415.76
2022-07-07,413.83,414.83,US DOLLAR,50156,2022-07-07,415.83
2022-07-08,413.71,414.71,US DOLLAR,50168,2022-07-08,415.71
2022-07-13,413.83,414.83,US DOLLAR,50180,2022-07-13,415.83
2022-07-14,413.9,414.9,US DOLLAR,50192,2022-07-14,415.9
2022-07-15,413.92,414.92,US DOLLAR,50205,2022-07-15,415.92
2022-07-18,414.05,415.05,US DOLLAR,50217,2022-07-18,416.05
2022-07-19,413.85,414.85,US DOLLAR,50229,2022-07-19,415.85
2022-07-20,414.75,415.25,US DOLLAR,50241,2022-07-20,415.75
2022-07-21,414.72,415.22,US DOLLAR,50253,2022-07-21,415.72
2022-07-22,414.75,415.25,US DOLLAR,50265,2022-07-22,415.75
2022-07-25,414.79,415.29,US DOLLAR,50277,2022-07-25,415.79
2022-07-26,415.14,415.64,US DOLLAR,50289,2022-07-26,416.14
2022-07-27,414.96,415.46,US DOLLAR,50307,2022-07-27,415.96
2022-07-28,415.37,415.87,US DOLLAR,50320,2022-07-28,416.37
2022-07-29,414.68,415.68,US DOLLAR,50332,2022-07-29,416.68
2022-08-01,415.9,416.4,US DOLLAR,50345,2022-08-01,416.9
2022-08-02,416.19,416.69,US DOLLAR,50357,2022-08-02,417.19
2022-08-03,416.48,416.98,US DOLLAR,50369,2022-08-03,417.48
2022-08-04,417.07,417.57,US DOLLAR,50380,2022-08-04,418.07
2022-08-05,417.47,417.97,US DOLLAR,50392,2022-08-05,418.47
2022-08-08,417.47,417.97,US DOLLAR,50404,2022-08-08,418.47
2022-08-09,418.19,418.69,US DOLLAR,50416,2022-08-09,419.19
2022-08-10,418.37,418.87,US DOLLAR,50433,2022-08-10,419.37
2022-08-11,418.72,419.22,US DOLLAR,50445,2022-08-11,419.72
2022-08-12,418.89,419.39,US DOLLAR,50457,2022-08-12,419.89
2022-08-16,419.46,419.96,US DOLLAR,50469,2022-08-16,420.46
2022-08-17,419.83,420.33,US DOLLAR,50481,2022-08-17,420.83
2022-08-18,419.83,420.33,US DOLLAR,50493,2022-08-18,420.83
2022-08-19,420.4,420.9,US DOLLAR,50504,2022-08-19,421.4
2022-08-22,420.71,421.21,US DOLLAR,50516,2022-08-22,421.71
2022-08-23,421.08,421.58,US DOLLAR,50528,2022-08-23,422.08
2022-08-24,421.39,421.89,US DOLLAR,50540,2022-08-24,422.39
2022-08-25,421.7,422.2,US DOLLAR,50552,2022-08-25,422.7
2022-08-26,422.01,422.51,US DOLLAR,50564,2022-08-26,423.01
2022-08-29,422.38,422.88,US DOLLAR,50578,2022-08-29,423.38
2022-08-30,421.38,422.38,US DOLLAR,50590,2022-08-30,423.85
2022-08-31,422.48,423.48,US DOLLAR,50602,2022-08-31,424.48
2022-09-01,422.92,423.92,US DOLLAR,50614,2022-09-01,424.92
2022-09-02,423.55,424.55,US DOLLAR,50627,2022-09-02,425.55
2022-09-05,425.28,425.78,US DOLLAR,50640,2022-09-05,426.28
2022-09-06,425.61,426.11,US DOLLAR,50653,2022-09-06,426.61
2022-09-07,426.43,426.93,US DOLLAR,50665,2022-09-07,427.43
2022-09-08,426.76,427.26,US DOLLAR,50677,2022-09-08,427.76
2022-09-09,427.1,427.6,US DOLLAR,50689,2022-09-09,428.1
2022-09-12,427.51,428.01,US DOLLAR,50701,2022-09-12,428.51
2022-09-13,427.81,428.31,US DOLLAR,50713,2022-09-13,428.81
2022-09-14,428.11,428.61,US DOLLAR,50725,2022-09-14,429.11
2022-09-15,428.38,428.88,US DOLLAR,50737,2022-09-15,429.38
2022-09-16,428.68,429.18,US DOLLAR,50749,2022-09-16,429.68
2022-09-19,429.01,429.51,US DOLLAR,50761,2022-09-19,430.01
2022-09-20,429.37,429.87,US DOLLAR,50773,2022-09-20,430.37
2022-09-21,429.71,430.21,US DOLLAR,50785,2022-09-21,430.71
2022-09-22,430.09,430.59,US DOLLAR,50797,2022-09-22,431.09
2022-09-23,430.49,430.99,US DOLLAR,50809,2022-09-23,431.49
2022-09-26,430.83,431.33,US DOLLAR,50821,2022-09-26,431.83
2022-09-27,431.19,431.69,US DOLLAR,50833,2022-09-27,432.19
2022-09-28,431.54,432.04,US DOLLAR,50845,2022-09-28,432.54
2022-09-29,431.87,432.37,US DOLLAR,50857,2022-09-29,432.87
2022-10-04,432.54,433.04,US DOLLAR,50869,2022-10-04,433.54
2022-10-05,432.9,433.4,US DOLLAR,50881,2022-10-05,433.9
2022-10-06,433.22,433.72,US DOLLAR,50893,2022-10-06,434.22
2022-10-07,433.78,434.28,US DOLLAR,50905,2022-10-07,434.78
2022-10-11,434.27,434.77,US DOLLAR,50917,2022-10-11,435.27
2022-10-12,434.7,435.2,US DOLLAR,50929,2022-10-12,435.7
2022-10-13,435.06,435.56,US DOLLAR,50946,2022-10-13,436.06
2022-10-17,435.85,436.35,US DOLLAR,50958,2022-10-17,436.85
2022-10-18,435.98,436.48,US DOLLAR,50970,2022-10-18,436.98
2022-10-19,436.11,436.61,US DOLLAR,50982,2022-10-19,437.11
2022-10-20,436.28,436.78,US DOLLAR,50994,2022-10-20,437.28
2022-10-21,436.5,437,US DOLLAR,51006,2022-10-21,437.5
2022-10-24,436.68,437.18,US DOLLAR,51018,2022-10-24,437.68
2022-10-25,436.68,437.18,US DOLLAR,51030,2022-10-25,437.68
2022-10-26,437.16,437.66,US DOLLAR,51042,2022-10-26,438.16
2022-10-27,437.5,438,US DOLLAR,51054,2022-10-27,438.5
2022-10-28,437.85,438.35,US DOLLAR,51069,2022-10-28,438.85
2022-10-31,438.02,438.52,US DOLLAR,51081,2022-10-31,439.02
2022-11-01,438.37,438.87,US DOLLAR,51093,2022-11-01,439.37
2022-11-02,438.67,439.17,US DOLLAR,51105,2022-11-02,439.67
2022-11-03,438.88,439.38,US DOLLAR,51117,2022-11-03,439.88
2022-11-04,439.26,439.76,US DOLLAR,51129,2022-11-04,440.26
2022-11-07,439.53,440.03,US DOLLAR,51141,2022-11-07,440.53
2022-11-08,439.79,440.29,US DOLLAR,51153,2022-11-08,440.79
2022-11-09,440.13,440.63,US DOLLAR,51164,2022-11-09,441.13
2022-11-10,440.46,440.96,US DOLLAR,51178,2022-11-10,441.46
2022-11-11,440.83,441.33,US DOLLAR,51190,2022-11-11,441.83
2022-11-14,441.19,441.69,US DOLLAR,51202,2022-11-14,442.19
2022-11-15,441.52,442.02,US DOLLAR,51214,2022-11-15,442.52
2022-11-16,441.85,442.35,US DOLLAR,51226,2022-11-16,442.85
2022-11-17,442.16,442.66,US DOLLAR,51238,2022-11-17,443.16
2022-11-18,442.49,442.99,US DOLLAR,51250,2022-11-18,443.49
2022-11-21,442.63,443.13,US DOLLAR,51262,2022-11-21,443.63
2022-11-22,442.76,443.26,US DOLLAR,51274,2022-11-22,443.76
2022-11-23,442.93,443.43,US DOLLAR,51286,2022-11-23,443.93
2022-11-24,443.24,443.74,US DOLLAR,51298,2022-11-24,444.24
2022-11-25,443.37,443.87,US DOLLAR,51310,2022-11-25,444.37
2022-11-28,443.53,444.03,US DOLLAR,51322,2022-11-28,444.53
2022-11-29,443.67,444.17,US DOLLAR,51334,2022-11-29,444.67
2022-11-30,443.084,443.584,US DOLLAR,51346,2022-11-30,444.084
2022-12-01,444.04,444.54,US DOLLAR,51357,2022-12-01,445.04
2022-12-02,444.14,444.64,US DOLLAR,51369,2022-12-02,445.14
2022-12-05,444.31,444.81,US DOLLAR,51381,2022-12-05,445.31
2022-12-06,444.47,444.97,US DOLLAR,51394,2022-12-06,445.47
2022-12-07,444.47,444.97,US DOLLAR,51406,2022-12-07,445.47
2022-12-08,444.51,445.01,US DOLLAR,51418,2022-12-08,445.51
2022-12-09,444.65,445.15,US DOLLAR,51430,2022-12-09,445.65
2022-12-12,444.81,445.31,US DOLLAR,51442,2022-12-12,445.81
2022-12-13,444.96,445.46,US DOLLAR,51454,2022-12-13,445.96
2022-12-14,444.96,445.46,US DOLLAR,51466,2022-12-14,445.96
2022-12-15,445.32,445.82,US DOLLAR,51478,2022-12-15,446.32
2022-12-16,445.46,445.96,US DOLLAR,51490,2022-12-16,446.46
2022-12-19,445.46,445.96,US DOLLAR,51516,2022-12-19,446.46
2022-12-20,445.8,446.3,US DOLLAR,51528,2022-12-20,446.8
2022-12-21,446.13,446.63,US DOLLAR,51540,2022-12-21,447.13
2022-12-22,446.43,446.93,US DOLLAR,51552,2022-12-22,447.43
2022-12-23,446.78,447.28,US DOLLAR,51564,2022-12-23,447.78
2022-12-28,447.08,447.58,US DOLLAR,51576,2022-12-28,448.08
2022-12-29,447.58,448.08,US DOLLAR,51593,2022-12-29,448.58
2022-12-30,448.05,448.55,US DOLLAR,51605,2022-12-30,449.05
2023-01-03,448.51,449.01,US DOLLAR,51618,2023-01-03,449.51
2023-01-04,449.03,449.53,US DOLLAR,51630,2023-01-04,450.03
2023-01-05,449.55,450.05,US DOLLAR,51642,2023-01-05,450.55
2023-01-06,450.08,450.58,US DOLLAR,51654,2023-01-06,451.08
2023-01-09,449.58,450.58,US DOLLAR,51666,2023-01-09,451.58
2023-01-10,451.1,451.6,US DOLLAR,51679,2023-01-10,452.1
2023-01-11,451.63,452.13,US DOLLAR,51691,2023-01-11,452.63
2023-01-12,452.09,452.59,US DOLLAR,51703,2023-01-12,453.09
2023-01-13,452.61,453.11,US DOLLAR,51726,2023-01-13,453.61
2023-01-16,453.08,453.58,US DOLLAR,51738,2023-01-16,454.08
2023-01-17,453.55,454.05,US DOLLAR,51750,2023-01-17,454.55
2023-01-18,454.11,454.61,US DOLLAR,51762,2023-01-18,455.11
2023-01-19,454.56,455.06,US DOLLAR,51774,2023-01-19,455.56
2023-01-20,455.08,455.58,US DOLLAR,51786,2023-01-20,456.08
2023-01-23,459.31,459.81,US DOLLAR,51798,2023-01-23,460.31
2023-01-24,459.47,459.97,US DOLLAR,51810,2023-01-24,460.47
2023-01-25,459.78,460.28,US DOLLAR,51822,2023-01-25,460.78
2023-01-26,459.83,460.33,US DOLLAR,51834,2023-01-26,460.83
2023-01-27,459.91,460.41,US DOLLAR,51846,2023-01-27,460.91
2023-01-30,460.02,460.52,US DOLLAR,51860,2023-01-30,461.02
2023-01-31,460.5,461,US DOLLAR,51872,2023-01-31,461.5
2023-02-01,460.04,460.54,US DOLLAR,51884,2023-02-01,461.04
2023-02-02,460.04,460.54,US DOLLAR,51898,2023-02-02,461.04
2023-02-03,459.2,459.7,US DOLLAR,51909,2023-02-03,460.2
2023-02-06,459.92,460.42,US DOLLAR,51921,2023-02-06,460.92
2023-02-07,459.92,460.42,US DOLLAR,51934,2023-02-07,460.92
2023-02-08,459.97,460.47,US DOLLAR,51946,2023-02-08,460.97
2023-02-09,458.99,459.99,US DOLLAR,51958,2023-02-09,460.99
2023-02-10,460.02,460.52,US DOLLAR,51981,2023-02-10,461.02
2023-02-13,460.06,460.56,US DOLLAR,51993,2023-02-13,461.06
2023-02-14,460.06,460.56,US DOLLAR,52005,2023-02-14,461.06
2023-02-15,460.05,460.55,US DOLLAR,52017,2023-02-15,461.05
2023-02-16,460.04,460.54,US DOLLAR,52029,2023-02-16,461.04
2023-02-17,460,460.5,US DOLLAR,52041,2023-02-17,461
2023-02-20,459.97,460.47,US DOLLAR,52053,2023-02-20,460.97
2023-02-21,459.97,460.47,US DOLLAR,52065,2023-02-21,460.97
2023-02-22,459.94,460.44,US DOLLAR,52077,2023-02-22,460.94
2023-02-23,459.94,460.44,US DOLLAR,52089,2023-02-23,460.94
2023-02-24,459.95,460.45,US DOLLAR,52100,2023-02-24,460.95
2023-02-27,459.97,460.47,US DOLLAR,52112,2023-02-27,460.97
2023-02-28,459.97,460.47,US DOLLAR,52124,2023-02-28,460.97
2023-03-01,459.94,460.44,US DOLLAR,52136,2023-03-01,460.94
2023-03-02,459.97,460.47,US DOLLAR,52148,2023-03-02,460.97
2023-03-03,459.96,460.46,US DOLLAR,52160,2023-03-03,460.96
2023-03-07,459.99,460.49,US DOLLAR,52184,2023-03-07,460.99
2023-03-08,460.02,460.52,US DOLLAR,52196,2023-03-08,461.02
2023-03-09,460.02,460.52,US DOLLAR,52208,2023-03-09,461.02
2023-03-10,460.05,460.55,US DOLLAR,52220,2023-03-10,461.05
2023-03-13,460.01,460.51,US DOLLAR,52232,2023-03-13,461.01
2023-03-14,459.95,460.45,US DOLLAR,52244,2023-03-14,460.95
2023-03-15,459.94,460.44,US DOLLAR,52256,2023-03-15,460.94
2023-03-16,459.86,460.36,US DOLLAR,52268,2023-03-16,460.86
2023-03-17,459.89,460.39,US DOLLAR,52280,2023-03-17,460.89
2023-03-20,459.92,460.42,US DOLLAR,52293,2023-03-20,460.92
2023-03-21,459.95,460.45,US DOLLAR,52305,2023-03-21,460.95
2023-03-22,459.98,460.48,US DOLLAR,52317,2023-03-22,460.98
2023-03-23,459.92,460.42,US DOLLAR,52329,2023-03-23,460.92
2023-03-24,459.9,460.4,US DOLLAR,52341,2023-03-24,460.9
2023-03-27,459.85,460.35,US DOLLAR,52353,2023-03-27,460.85
2023-03-28,459.82,460.32,US DOLLAR,52365,2023-03-28,460.82
2023-03-29,459.85,460.35,US DOLLAR,52377,2023-03-29,460.85
2023-03-30,459.85,460.35,US DOLLAR,52389,2023-03-30,460.85
2023-03-31,459.85,460.35,US DOLLAR,52403,2023-03-31,460.85
2023-04-03,459.83,460.33,US DOLLAR,52415,2023-04-03,460.83
2023-04-04,459.86,460.36,US DOLLAR,52427,2023-04-04,460.86
2023-04-05,459.83,460.33,US DOLLAR,52439,2023-04-05,460.83
2023-04-06,459.86,460.36,US DOLLAR,52451,2023-04-06,460.86
2023-04-11,459.93,460.43,US DOLLAR,52463,2023-04-11,460.93
2023-04-12,459.93,460.43,US DOLLAR,52475,2023-04-12,460.93
2023-04-13,459.93,460.43,US DOLLAR,52487,2023-04-13,460.93
2023-04-14,459.93,460.43,US DOLLAR,52499,2023-04-14,460.93
2023-04-17,459.93,460.43,US DOLLAR,52512,2023-04-17,460.93
2023-04-18,460.03,460.53,US DOLLAR,52524,2023-04-18,461.03
2023-04-19,460.03,460.53,US DOLLAR,52537,2023-04-19,461.03
2023-04-20,459.97,460.47,US DOLLAR,52549,2023-04-20,460.97
2023-04-25,459.97,460.47,US DOLLAR,52561,2023-04-25,460.97
2023-04-26,459.97,460.47,US DOLLAR,52574,2023-04-26,460.97
2023-04-27,459.87,460.37,US DOLLAR,52586,2023-04-27,460.87
2023-04-28,459.81,460.31,US DOLLAR,52598,2023-04-28,460.81
2023-05-02,459.85,460.35,US DOLLAR,52610,2023-05-02,460.85
2023-05-03,459.84,460.34,US DOLLAR,52622,2023-05-03,460.84
2023-05-04,459.87,460.37,US DOLLAR,52634,2023-05-04,460.87
2023-05-05,460,460.5,US DOLLAR,52646,2023-05-05,461
2023-05-08,459.94,460.44,US DOLLAR,52659,2023-05-08,460.94
2023-05-09,460.06,460.56,US DOLLAR,52671,2023-05-09,461.06
2023-05-10,460.07,460.57,US DOLLAR,52684,2023-05-10,461.07
2023-05-11,460.03,460.53,US DOLLAR,52696,2023-05-11,461.03
2023-05-12,460.07,460.57,US DOLLAR,52708,2023-05-12,461.07
2023-05-15,460.04,460.54,US DOLLAR,52720,2023-05-15,461.04
2023-05-16,460.2,460.7,US DOLLAR,52732,2023-05-16,461.2
2023-05-17,460.36,460.86,US DOLLAR,52744,2023-05-17,461.36
2023-05-18,460.34,460.84,US DOLLAR,52755,2023-05-18,461.34
2023-05-19,460.31,460.81,US DOLLAR,52767,2023-05-19,461.31
2023-05-22,460.28,460.78,US DOLLAR,52780,2023-05-22,461.28
2023-05-23,460.31,460.81,US DOLLAR,52792,2023-05-23,461.31
2023-05-24,460.31,460.81,US DOLLAR,52804,2023-05-24,461.31
2023-05-25,460.45,460.95,US DOLLAR,52816,2023-05-25,461.45
2023-05-26,460.56,461.06,US DOLLAR,52828,2023-05-26,461.56
2023-05-30,460.6,461.1,US DOLLAR,52839,2023-05-30,461.6
2023-05-31,460.76,461.26,US DOLLAR,52851,2023-05-31,461.76
2023-06-01,460.92,461.42,US DOLLAR,52862,2023-06-01,461.92
2023-06-02,461.05,461.55,US DOLLAR,52876,2023-06-02,462.05
2023-06-05,461.18,461.68,US DOLLAR,52888,2023-06-05,462.18
2023-06-06,461.28,461.78,US DOLLAR,52904,2023-06-06,462.28
2023-06-07,461.67,462.17,US DOLLAR,52915,2023-06-07,462.67
2023-06-08,461.9,462.4,US DOLLAR,52927,2023-06-08,462.9
2023-06-09,462.38,462.88,US DOLLAR,52939,2023-06-09,463.38
2023-06-14,631.77,632.27,US DOLLAR,52951,2023-06-14,632.77
2023-06-15,588.45,588.95,US DOLLAR,52963,2023-06-15,589.45
2023-06-16,644.99,645.49,US DOLLAR,52976,2023-06-16,645.99
2023-06-19,640.86,641.36,US DOLLAR,52988,2023-06-19,641.86
2023-06-20,704.29,704.79,US DOLLAR,52999,2023-06-20,705.29
2023-06-21,713.36,713.86,US DOLLAR,53011,2023-06-21,714.36
2023-06-22,752.51,753.01,US DOLLAR,53023,2023-06-22,753.51
2023-06-23,742.27,742.77,US DOLLAR,53034,2023-06-23,743.27
2023-06-26,752.94,753.44,US DOLLAR,53048,2023-06-26,753.94
2023-06-27,758.78,759.28,US DOLLAR,53060,2023-06-27,759.78
2023-06-30,769.88,770.38,US DOLLAR,53072,2023-06-30,770.88
2023-07-03,745.89,746.39,US DOLLAR,53084,2023-07-03,746.89
2023-07-04,757.63,758.13,US DOLLAR,53096,2023-07-04,758.63
2023-07-05,755.6,756.1,US DOLLAR,53108,2023-07-05,756.6
2023-07-06,759.78,760.28,US DOLLAR,53120,2023-07-06,760.78
2023-07-07,786.18,786.68,US DOLLAR,53132,2023-07-07,787.18
2023-07-10,746.12,746.62,US DOLLAR,53144,2023-07-10,747.12
2023-07-11,785.03,785.53,US DOLLAR,53156,2023-07-11,786.03
2023-07-12,785.35,785.85,US DOLLAR,53168,2023-07-12,786.35
2023-07-13,770.48,770.98,US DOLLAR,53180,2023-07-13,771.48
2023-07-14,774.673,775.173,US DOLLAR,53192,2023-07-14,775.673
2023-07-17,771.811,772.311,US DOLLAR,53204,2023-07-17,772.811
2023-07-18,781.309,781.809,US DOLLAR,53216,2023-07-18,782.309
2023-07-19,789.51,790.01,US DOLLAR,53228,2023-07-19,790.51
2023-07-20,772.925,773.425,US DOLLAR,53240,2023-07-20,773.925
2023-07-21,769.889,770.389,US DOLLAR,53253,2023-07-21,770.889
2023-07-24,781.354,781.854,US DOLLAR,53265,2023-07-24,782.354
2023-07-25,787.924,788.424,US DOLLAR,53277,2023-07-25,788.924
2023-07-26,743.997,744.497,US DOLLAR,53289,2023-07-26,744.997
2023-07-27,774.277,774.777,US DOLLAR,53301,2023-07-27,775.277
2023-07-28,758.896,759.396,US DOLLAR,53313,2023-07-28,759.896
2023-07-31,757.022,757.522,US DOLLAR,53325,2023-07-31,758.022
2023-08-01,774.855,775.355,US DOLLAR,53337,2023-08-01,775.855
2023-08-02,740.665,741.165,US DOLLAR,53349,2023-08-02,741.665
2023-08-03,765.949,766.449,US DOLLAR,53361,2023-08-03,766.949
2023-08-04,749.615,750.115,US DOLLAR,53373,2023-08-04,750.615
2023-08-07,761.444,761.944,US DOLLAR,53385,2023-08-07,762.444
2023-08-08,767.767,768.267,US DOLLAR,53397,2023-08-08,768.767
2023-08-09,776.163,776.663,US DOLLAR,53409,2023-08-09,777.163
2023-08-10,777.627,778.127,US DOLLAR,53421,2023-08-10,778.627
2023-08-11,746.449,746.949,US DOLLAR,53433,2023-08-11,747.449
2023-08-14,748.05,748.55,US DOLLAR,53445,2023-08-14,749.05
2023-08-15,784.392,784.892,US DOLLAR,53457,2023-08-15,785.392
2023-08-16,766.467,766.967,US DOLLAR,53469,2023-08-16,767.467
2023-08-17,744.931,745.431,US DOLLAR,53481,2023-08-17,745.931
2023-08-18,743.635,744.135,US DOLLAR,53496,2023-08-18,744.635
2023-08-21,760.79,761.29,US DOLLAR,53508,2023-08-21,761.79
2023-08-22,755.27,755.77,US DOLLAR,53520,2023-08-22,756.27
2023-08-23,754.212,754.712,US DOLLAR,53532,2023-08-23,755.212
2023-08-24,770.836,771.336,US DOLLAR,53544,2023-08-24,771.836
2023-08-25,773.896,774.396,US DOLLAR,53556,2023-08-25,774.896
2023-08-28,771.965,772.465,US DOLLAR,53568,2023-08-28,772.965
2023-08-29,772.999,773.499,US DOLLAR,53580,2023-08-29,773.999
2023-08-30,741.268,741.768,US DOLLAR,53592,2023-08-30,742.268
2023-08-31,756.523,757.023,US DOLLAR,53604,2023-08-31,757.523
2023-09-01,739.99,740.49,US DOLLAR,53616,2023-09-01,740.99
2023-09-04,760.529,761.029,US DOLLAR,53628,2023-09-04,761.529
2023-09-05,753.862,754.362,US DOLLAR,53640,2023-09-05,754.862
2023-09-06,784.532,785.032,US DOLLAR,53652,2023-09-06,785.532
2023-09-07,747.855,748.355,US DOLLAR,53664,2023-09-07,748.855
2023-09-08,737.543,738.043,US DOLLAR,53676,2023-09-08,738.543
2023-09-11,770.325,770.825,US DOLLAR,53688,2023-09-11,771.325
2023-09-12,746.179,746.679,US DOLLAR,53700,2023-09-12,747.179
2023-09-13,768.192,768.692,US DOLLAR,53712,2023-09-13,769.192
2023-09-14,767.736,768.236,US DOLLAR,53729,2023-09-14,768.736
2023-09-15,759.932,760.432,US DOLLAR,53741,2023-09-15,760.932
2023-09-18,775.332,775.832,US DOLLAR,53754,2023-09-18,776.332
2023-09-19,770.271,770.771,US DOLLAR,53766,2023-09-19,771.271
2023-09-20,767.434,767.934,US DOLLAR,53778,2023-09-20,768.434
2023-09-21,737.22,737.72,US DOLLAR,53790,2023-09-21,738.22
2023-09-22,756.455,756.955,US DOLLAR,53802,2023-09-22,757.455
2023-09-26,777.602,778.102,US DOLLAR,53826,2023-09-26,778.602
2023-09-28,766.467,766.967,US DOLLAR,53838,2023-09-28,767.467
2023-09-29,768.26,768.76,US DOLLAR,53851,2023-09-29,769.26
2023-10-03,746.601,747.101,US DOLLAR,53863,2023-10-03,747.601
2023-10-04,761.543,762.043,US DOLLAR,53875,2023-10-04,762.543
2023-10-05,771.54,772.04,US DOLLAR,53887,2023-10-05,772.54
2023-10-06,758.708,759.208,US DOLLAR,53899,2023-10-06,759.708
2023-10-09,763.032,763.532,US DOLLAR,53911,2023-10-09,764.032
2023-10-10,759.493,759.993,US DOLLAR,53923,2023-10-10,760.493
2023-10-11,768.099,768.599,US DOLLAR,53935,2023-10-11,769.099
2023-10-12,769.508,770.008,US DOLLAR,53947,2023-10-12,770.508
2023-10-13,764.926,765.426,US DOLLAR,53959,2023-10-13,765.926
2023-10-16,764.241,764.741,US DOLLAR,53971,2023-10-16,765.241
2023-10-17,774.436,774.936,US DOLLAR,53983,2023-10-17,775.436
2023-10-18,882.56,883.06,US DOLLAR,53995,2023-10-18,883.56
2023-10-19,859.232,859.732,US DOLLAR,54007,2023-10-19,860.232
2023-10-20,831.578,832.078,US DOLLAR,54019,2023-10-20,832.578
2023-10-23,794.926,795.426,US DOLLAR,54031,2023-10-23,795.926
2023-10-24,823.927,824.427,US DOLLAR,54043,2023-10-24,824.927
2023-10-25,802.21,802.71,US DOLLAR,54055,2023-10-25,803.21
2023-10-26,798.736,799.236,US DOLLAR,54067,2023-10-26,799.736
2023-10-27,785.98,786.48,US DOLLAR,54079,2023-10-27,786.98
2023-10-30,908.928,909.428,US DOLLAR,54091,2023-10-30,909.928
2023-10-31,824.494,824.994,US DOLLAR,54103,2023-10-31,825.494
2023-11-01,815.016,815.516,US DOLLAR,54115,2023-11-01,816.016
2023-11-02,806.273,806.773,US DOLLAR,54127,2023-11-02,807.273
2023-11-03,782.674,783.174,US DOLLAR,54139,2023-11-03,783.674
2023-11-06,786.09,786.59,US DOLLAR,54151,2023-11-06,787.09
2023-11-07,802.81,803.31,US DOLLAR,54163,2023-11-07,803.81
2023-11-08,858.328,858.828,US DOLLAR,54175,2023-11-08,859.328
2023-11-09,964.258,964.758,US DOLLAR,54187,2023-11-09,965.258
2023-11-10,800.495,800.995,US DOLLAR,54199,2023-11-10,801.495
2023-11-13,844.942,845.442,US DOLLAR,54211,2023-11-13,845.942
2023-11-14,843.081,843.581,US DOLLAR,54223,2023-11-14,844.081
2023-11-15,826.8351,827.3351,US DOLLAR,54236,2023-11-15,827.8351
2023-11-16,839.5416,840.0416,US DOLLAR,54250,2023-11-16,840.5416
2023-11-17,819.683,820.183,US DOLLAR,54262,2023-11-17,820.683
2023-11-20,817.2469,817.7469,US DOLLAR,54274,2023-11-20,818.2469
2023-11-21,803.893,804.393,US DOLLAR,54286,2023-11-21,804.893
2023-11-22,837.4892,837.9892,US DOLLAR,54299,2023-11-22,838.4892
2023-11-23,837.4892,837.9892,US DOLLAR,54311,2023-11-23,838.4892
2023-11-24,805.108,805.608,US DOLLAR,54323,2023-11-24,806.108
2023-11-27,820.06,820.56,US DOLLAR,54335,2023-11-27,821.06
2023-11-29,822.762,823.262,US DOLLAR,54359,2023-11-29,823.762
2023-11-30,941.617,942.117,US DOLLAR,54371,2023-11-30,942.617
2023-12-01,952.139,952.639,US DOLLAR,54383,2023-12-01,953.139
2023-12-04,815.955,816.455,US DOLLAR,54395,2023-12-04,816.955
2023-12-05,951.441,951.941,US DOLLAR,54407,2023-12-05,952.441
2023-12-06,886.158,886.658,US DOLLAR,54419,2023-12-06,887.158
2023-12-07,886.158,886.658,US DOLLAR,54431,2023-12-07,887.158
2023-12-08,1012.12,1012.62,US DOLLAR,54443,2023-12-08,1013.12
2023-12-12,848.28,848.78,US DOLLAR,54474,2023-12-12,849.28
2023-12-13,912.2809,912.7809,US DOLLAR,54486,2023-12-13,913.2809
2023-12-14,869.133,869.633,US DOLLAR,54498,2023-12-14,870.133
2023-12-15,861.152,861.652,US DOLLAR,54511,2023-12-15,862.152
2023-12-18,854.841,855.341,US DOLLAR,54523,2023-12-18,855.841
2023-12-19,907.158,907.658,US DOLLAR,54535,2023-12-19,908.158
2023-12-20,905.394,905.894,US DOLLAR,54547,2023-12-20,906.394
2023-12-21,840.4061,840.9061,US DOLLAR,54561,2023-12-21,841.4061
2023-12-22,1038.63,1039.13,US DOLLAR,54573,2023-12-22,1039.63
2023-12-27,895.608,896.108,US DOLLAR,54585,2023-12-27,896.608
2023-12-28,881.031,881.531,US DOLLAR,54597,2023-12-28,882.031
2023-12-29,898.893,899.393,US DOLLAR,54609,2023-12-29,899.893
2024-01-02,913.435,913.935,US DOLLAR,54621,2024-01-02,914.435
2024-01-03,959.912,960.412,US DOLLAR,54633,2024-01-03,960.912
2024-01-04,963.863,964.363,US DOLLAR,54645,2024-01-04,964.863
2024-01-05,877.029,877.529,US DOLLAR,54657,2024-01-05,878.029
2024-01-08,853.954,854.454,US DOLLAR,54672,2024-01-08,854.954
2024-01-09,951.492,951.992,US DOLLAR,54684,2024-01-09,952.492
2024-01-10,957.061,957.561,US DOLLAR,54696,2024-01-10,958.061
2024-01-11,892.372,892.872,US DOLLAR,54712,2024-01-11,893.372
2024-01-12,864.9922,865.4922,US DOLLAR,54726,2024-01-12,865.9922
2024-01-15,852.771,853.271,US DOLLAR,54738,2024-01-15,853.771
2024-01-16,852.771,853.271,US DOLLAR,54752,2024-01-16,853.771
2024-01-17,894.522,895.022,US DOLLAR,54764,2024-01-17,895.522
2024-01-18,890.044,890.544,US DOLLAR,54777,2024-01-18,891.044
2024-01-19,890.0127,890.5127,US DOLLAR,54789,2024-01-19,891.0127
2024-01-22,913.5603,914.0603,US DOLLAR,54801,2024-01-22,914.5603
2024-01-23,899.266,899.766,US DOLLAR,54813,2024-01-23,900.266
2024-01-24,886.3883,886.8883,US DOLLAR,54825,2024-01-24,887.3883
2024-01-25,1055.878,1056.378,US DOLLAR,54837,2024-01-25,1056.878
2024-01-26,890.061,890.561,US DOLLAR,54849,2024-01-26,891.061
2024-01-29,888.923,889.423,US DOLLAR,54863,2024-01-29,889.923
2024-01-30,1191.942,1192.442,US DOLLAR,54873,2024-01-30,1192.942
2024-01-31,1356.383,1356.883,US DOLLAR,54883,2024-01-31,1357.383
2024-02-01,1413.125,1413.625,US DOLLAR,54893,2024-02-01,1414.125
2024-02-02,1367.245,1367.745,US DOLLAR,54903,2024-02-02,1368.245
2024-02-05,1408,1408.5,US DOLLAR,54913,2024-02-05,1409
2024-02-06,1417.135,1417.635,US DOLLAR,54923,2024-02-06,1418.135
2024-02-07,1444.06,1444.56,US DOLLAR,54933,2024-02-07,1445.06
2024-02-08,1473.615,1474.115,US DOLLAR,54943,2024-02-08,1474.615
2024-02-09,1480.982,1481.482,US DOLLAR,54953,2024-02-09,1481.982
2024-02-12,1514.592,1515.092,US DOLLAR,54967,2024-02-12,1515.592
2024-02-13,1472.256,1472.756,US DOLLAR,54979,2024-02-13,1473.256
2024-02-14,1516.204,1516.704,US DOLLAR,54991,2024-02-14,1517.204
2024-02-15,1492.73,1493.23,US DOLLAR,55003,2024-02-15,1493.73
2024-02-16,1536.573,1537.073,US DOLLAR,55014,2024-02-16,1537.573
2024-02-19,1605.32,1605.82,US DOLLAR,55026,2024-02-19,1606.32
2024-02-20,1563.39,1563.89,US DOLLAR,55040,2024-02-20,1564.39
2024-02-22,1439.621,1440.121,US DOLLAR,55064,2024-02-22,1440.621
2024-02-23,1505.852,1506.352,US DOLLAR,55076,2024-02-23,1506.852
2024-02-26,1661.85,1662.35,US DOLLAR,55088,2024-02-26,1662.85
2024-02-27,1629.659,1630.159,US DOLLAR,55100,2024-02-27,1630.659
2024-02-28,1616.545,1617.045,US DOLLAR,55112,2024-02-28,1617.545
2024-02-29,1543.581,1544.081,US DOLLAR,55124,2024-02-29,1544.581
2024-03-01,1537.743,1538.243,US DOLLAR,55136,2024-03-01,1538.743
2024-03-04,1560.011,1560.511,US DOLLAR,55148,2024-03-04,1561.011
2024-03-05,1590.169,1590.669,US DOLLAR,55160,2024-03-05,1591.169
2024-03-06,1589.143,1589.643,US DOLLAR,55172,2024-03-06,1590.143
2024-03-07,1593.342,1593.842,US DOLLAR,55184,2024-03-07,1594.342
2024-03-08,1624.232,1624.732,US DOLLAR,55196,2024-03-08,1625.232
2024-03-11,1611.781,1612.281,US DOLLAR,55208,2024-03-11,1612.781
2024-03-12,1592.91,1593.41,US DOLLAR,55220,2024-03-12,1593.91
2024-03-13,1612.941,1613.441,US DOLLAR,55232,2024-03-13,1613.941
2024-03-14,1609.74,1610.24,US DOLLAR,55244,2024-03-14,1610.74
2024-03-15,1572.007,1572.507,US DOLLAR,55256,2024-03-15,1573.007
2024-03-18,1476.247,1476.747,US DOLLAR,55269,2024-03-18,1477.247
2024-03-19,1561.188,1561.688,US DOLLAR,55281,2024-03-19,1562.188
2024-03-20,1409.943,1410.443,US DOLLAR,55293,2024-03-20,1410.943
2024-03-21,1447.886,1448.386,US DOLLAR,55305,2024-03-21,1448.886
2024-03-22,1404.966,1405.466,US DOLLAR,55317,2024-03-22,1405.966
2024-03-25,1415.134,1415.634,US DOLLAR,55329,2024-03-25,1416.134
2024-03-26,1364.379,1364.879,US DOLLAR,55341,2024-03-26,1365.379
2024-03-27,1303.342,1303.842,US DOLLAR,55354,2024-03-27,1304.342
2024-03-28,1329.76,1330.26,US DOLLAR,55367,2024-03-28,1330.76
2024-04-02,1329.756,1330.256,US DOLLAR,55379,2024-04-02,1330.756
2024-04-03,1259.99,1260.49,US DOLLAR,55391,2024-04-03,1260.99
2024-04-04,1250.7,1251.2,US DOLLAR,55403,2024-04-04,1251.7
2024-04-05,1246.165,1246.665,US DOLLAR,55415,2024-04-05,1247.165
2024-04-08,1237.679,1238.179,US DOLLAR,55437,2024-04-08,1238.679
2024-04-12,1138.133,1138.633,US DOLLAR,55439,2024-04-12,1139.133
2024-04-15,1160.714,1161.214,US DOLLAR,55451,2024-04-15,1161.714
2024-04-16,1146.529,1147.029,US DOLLAR,55463,2024-04-16,1147.529
2024-04-17,1118.485,1118.985,US DOLLAR,55476,2024-04-17,1119.485
2024-04-18,1160.131,1160.631,US DOLLAR,55485,2024-04-18,1161.131
2024-04-19,1149.66,1150.16,US DOLLAR,55498,2024-04-19,1150.66
2024-04-22,1251.087,1251.587,US DOLLAR,55509,2024-04-22,1252.087
2024-04-23,1277.026,1277.526,US DOLLAR,55522,2024-04-23,1278.026
2024-04-24,1329.44,1329.94,US DOLLAR,55534,2024-04-24,1330.44
2024-04-25,1164.343,1164.843,US DOLLAR,55546,2024-04-25,1165.343
2024-04-26,1326.85,1327.35,US DOLLAR,55558,2024-04-26,1327.85
2024-04-29,1373.146,1373.646,US DOLLAR,55570,2024-04-29,1374.146
2024-04-30,1329.205,1329.705,US DOLLAR,55583,2024-04-30,1330.205
2024-05-02,1441.083,1441.583,US DOLLAR,55595,2024-05-02,1442.083
2024-05-03,1382.065,1382.565,US DOLLAR,55616,2024-05-03,1383.065
2024-05-06,1381.66,1382.16,US DOLLAR,55628,2024-05-06,1382.66
2024-05-07,1412.073,1412.573,US DOLLAR,55642,2024-05-07,1413.073
2024-05-08,1414.099,1414.599,US DOLLAR,55654,2024-05-08,1415.099
2024-05-09,1439.148,1439.648,US DOLLAR,55666,2024-05-09,1440.148
2024-05-10,1456.514,1457.014,US DOLLAR,55678,2024-05-10,1457.514
2024-05-13,1406.56,1407.06,US DOLLAR,55690,2024-05-13,1407.56
2024-05-14,1501.636,1502.136,US DOLLAR,55712,2024-05-14,1502.636
2024-05-15,1491.58,1492.08,US DOLLAR,55714,2024-05-15,1492.58
2024-05-16,1529.867,1530.367,US DOLLAR,55726,2024-05-16,1530.867
2024-05-17,1500.337,1500.837,US DOLLAR,55738,2024-05-17,1501.337
2024-05-20,1481.375,1481.875,US DOLLAR,55750,2024-05-20,1482.375
2024-05-21,1445.781,1446.281,US DOLLAR,55762,2024-05-21,1446.781
2024-05-22,1467.183,1467.683,US DOLLAR,55774,2024-05-22,1468.183
2024-05-23,1478.694,1479.194,US DOLLAR,55786,2024-05-23,1479.694
2024-05-24,1480.119,1480.619,US DOLLAR,55798,2024-05-24,1481.119
2024-05-27,1381.893,1382.393,US DOLLAR,55810,2024-05-27,1382.893
2024-05-28,1327.04,1327.54,US DOLLAR,55822,2024-05-28,1328.04
2024-05-29,1196.113,1196.613,US DOLLAR,55834,2024-05-29,1197.113
2024-05-30,1474.19,1474.69,US DOLLAR,55845,2024-05-30,1475.19
2024-05-31,1482.482,1482.982,US DOLLAR,55857,2024-05-31,1483.482
2024-06-03,1473.777,1474.277,US DOLLAR,55869,2024-06-03,1474.777
2024-06-04,1473.919,1474.419,US DOLLAR,55881,2024-06-04,1474.919
2024-06-05,1480.171,1480.671,US DOLLAR,55893,2024-06-05,1481.171
2024-06-06,1484.822,1485.322,US DOLLAR,55905,2024-06-06,1485.822
2024-06-07,1447.465,1447.965,US DOLLAR,55917,2024-06-07,1448.465
2024-06-10,1480.646,1481.146,US DOLLAR,55929,2024-06-10,1481.646
2024-06-11,1472.65,1473.15,US DOLLAR,55955,2024-06-11,1473.65
2024-06-13,1477.148,1477.648,US DOLLAR,55967,2024-06-13,1478.148
2024-06-14,1473.59,1474.09,US DOLLAR,55979,2024-06-14,1474.59
2024-06-19,1478.807,1479.307,US DOLLAR,55981,2024-06-19,1479.807
2024-06-20,1482.311,1482.811,US DOLLAR,55993,2024-06-20,1483.311
2024-06-21,1479.518,1480.018,US DOLLAR,56005,2024-06-21,1480.518
2024-06-24,1488.455,1488.955,US DOLLAR,56017,2024-06-24,1489.455
2024-06-25,1498.368,1498.868,US DOLLAR,56029,2024-06-25,1499.368
2024-06-26,1507.453,1507.953,US DOLLAR,56041,2024-06-26,1508.453
2024-06-27,1512.735,1513.235,US DOLLAR,56053,2024-06-27,1513.735
2024-06-28,1469.691,1470.191,US DOLLAR,56065,2024-06-28,1470.691
2024-07-01,1508.688,1509.188,US DOLLAR,56077,2024-07-01,1509.688
2024-07-02,1507.536,1508.036,US DOLLAR,56101,2024-07-02,1508.536
2024-07-03,1507.536,1508.036,US DOLLAR,56126,2024-07-03,1508.536
2024-07-04,1516.36,1516.86,US DOLLAR,56113,2024-07-04,1517.36
2024-07-05,1512.21,1512.71,US DOLLAR,56138,2024-07-05,1513.21
2024-07-08,1523.87,1524.37,US DOLLAR,56150,2024-07-08,1524.87
2024-07-09,1548.888,1549.388,US DOLLAR,56162,2024-07-09,1549.888
2024-07-10,1520.062,1520.562,US DOLLAR,56174,2024-07-10,1521.062
2024-07-11,1559.79,1560.29,US DOLLAR,56189,2024-07-11,1560.79
2024-07-12,1565.618,1566.118,US DOLLAR,56201,2024-07-12,1566.618
2024-07-15,1565.392,1565.892,US DOLLAR,56213,2024-07-15,1566.392
2024-07-16,1572.492,1572.992,US DOLLAR,56225,2024-07-16,1573.492
2024-07-17,1583.739,1584.239,US DOLLAR,56237,2024-07-17,1584.739
2024-07-18,1584.063,1584.563,US DOLLAR,56249,2024-07-18,1585.063
2024-07-19,1584,1584.5,US DOLLAR,56261,2024-07-19,1585
2024-07-22,1533.559,1534.059,US DOLLAR,56273,2024-07-22,1534.559
2024-07-23,1541.093,1541.593,US DOLLAR,56285,2024-07-23,1542.093
2024-07-24,1593.978,1594.478,US DOLLAR,56307,2024-07-24,1594.978
2024-07-25,1598.892,1599.392,US DOLLAR,56309,2024-07-25,1599.892
2024-07-26,1601.364,1601.864,US DOLLAR,56321,2024-07-26,1602.364
2024-07-29,1609.067,1609.567,US DOLLAR,56333,2024-07-29,1610.067
2024-07-30,1609.917,1610.417,US DOLLAR,56345,2024-07-30,1610.917
2024-07-31,1610.71,1611.21,US DOLLAR,56368,2024-07-31,1611.71
2024-08-01,1599.86,1600.36,US DOLLAR,56380,2024-08-01,1600.86
2024-08-02,1618.232,1618.732,US DOLLAR,56392,2024-08-02,1619.232
2024-08-05,1605.52,1606.02,US DOLLAR,56404,2024-08-05,1606.52
2024-08-06,1592.136,1592.636,US DOLLAR,56416,2024-08-06,1593.136
2024-08-07,1591.08,1591.58,US DOLLAR,56428,2024-08-07,1592.08
2024-08-08,1583.027,1583.527,US DOLLAR,56440,2024-08-08,1584.027
2024-08-09,1567.657,1568.157,US DOLLAR,56452,2024-08-09,1568.657
2024-08-12,1568.046,1568.546,US DOLLAR,56464,2024-08-12,1569.046
2024-08-13,1573.398,1573.898,US DOLLAR,56466,2024-08-13,1574.398
2024-08-14,1579.77,1580.27,US DOLLAR,56478,2024-08-14,1580.77
2024-08-15,1584.34,1584.84,US DOLLAR,56490,2024-08-15,1585.34
2024-08-16,1577.765,1578.265,US DOLLAR,56502,2024-08-16,1578.765
2024-08-19,1574.69,1575.19,US DOLLAR,56514,2024-08-19,1575.69
2024-08-20,1587.347,1587.847,US DOLLAR,56526,2024-08-20,1588.347
2024-08-21,1569.033,1569.533,US DOLLAR,56538,2024-08-21,1570.033
2024-08-22,1591.967,1592.467,US DOLLAR,56550,2024-08-22,1592.967
2024-08-23,1564.429,1564.929,US DOLLAR,56562,2024-08-23,1565.429
2024-08-26,1586.142,1586.642,US DOLLAR,56574,2024-08-26,1587.142
2024-08-27,1591.15,1591.65,US DOLLAR,56586,2024-08-27,1592.15
2024-08-28,1602.797,1603.297,US DOLLAR,56598,2024-08-28,1603.797
2024-08-29,1597.642,1598.142,US DOLLAR,56610,2024-08-29,1598.642
2024-08-30,1595.64,1596.14,US DOLLAR,56622,2024-08-30,1596.64
2024-09-02,1597.27,1597.77,US DOLLAR,56634,2024-09-02,1598.27
2024-09-03,1594.074,1594.574,US DOLLAR,56646,2024-09-03,1595.074
2024-09-04,1620.749,1621.249,US DOLLAR,56658,2024-09-04,1621.749
2024-09-05,1620.022,1620.522,US DOLLAR,56670,2024-09-05,1621.022
2024-09-06,1628.645,1629.145,US DOLLAR,56682,2024-09-06,1629.645
2024-09-09,1611.454,1611.954,US DOLLAR,56694,2024-09-09,1612.454
2024-09-10,1626.95,1627.45,US DOLLAR,56706,2024-09-10,1627.95
2024-09-11,1587.42,1587.92,US DOLLAR,56720,2024-09-11,1588.42
2024-09-12,1645.126,1645.626,US DOLLAR,56732,2024-09-12,1646.126
2024-09-13,1608.355,1608.855,US DOLLAR,56755,2024-09-13,1609.355
2024-09-17,1651.736,1652.236,US DOLLAR,56767,2024-09-17,1652.736
2024-09-18,1593.372,1593.872,US DOLLAR,56769,2024-09-18,1594.372
2024-09-19,1593.07,1593.57,US DOLLAR,56792,2024-09-19,1594.07
2024-09-20,1620.578,1621.078,US DOLLAR,56804,2024-09-20,1621.578
2024-09-23,1596.978,1597.478,US DOLLAR,56806,2024-09-23,1597.978
2024-09-24,1659.333,1659.833,US DOLLAR,56837,2024-09-24,1660.333
2024-09-25,1666.219,1666.719,US DOLLAR,56839,2024-09-25,1667.219
2024-09-26,1637.192,1637.692,US DOLLAR,56861,2024-09-26,1638.192
2024-09-27,1585.263,1585.763,US DOLLAR,56873,2024-09-27,1586.263
2024-09-30,1600.528,1601.028,US DOLLAR,56875,2024-09-30,1601.528
2024-10-02,1657.114,1657.614,US DOLLAR,56887,2024-10-02,1658.114
2024-10-03,1656.86,1657.36,US DOLLAR,56899,2024-10-03,1657.86
2024-10-04,1620.759,1621.259,US DOLLAR,56911,2024-10-04,1621.759
2024-10-07,1628.304,1628.804,US DOLLAR,56933,2024-10-07,1629.304
2024-10-08,1589.689,1590.189,US DOLLAR,56944,2024-10-08,1590.689
2024-10-09,1627.193,1627.693,US DOLLAR,56946,2024-10-09,1628.193
2024-10-10,1625.327,1625.827,US DOLLAR,56958,2024-10-10,1626.327
2024-10-11,1626.666,1627.166,US DOLLAR,56980,2024-10-11,1627.666
2024-10-14,1602.08,1602.58,US DOLLAR,56982,2024-10-14,1603.08
2024-10-15,1654.685,1655.185,US DOLLAR,57004,2024-10-15,1655.685
2024-10-16,1652.161,1652.661,US DOLLAR,57008,2024-10-16,1653.161
2024-10-17,1651.727,1652.227,US DOLLAR,57020,2024-10-17,1652.727
2024-10-18,1639.428,1639.928,US DOLLAR,57032,2024-10-18,1640.428
2024-10-21,1639.34,1639.84,US DOLLAR,57054,2024-10-21,1640.34
2024-10-22,1655.42,1655.92,US DOLLAR,57067,2024-10-22,1656.42
2024-10-23,1650.661,1651.161,US DOLLAR,57079,2024-10-23,1651.661
2024-10-24,1634.69,1635.19,US DOLLAR,57081,2024-10-24,1635.69
2024-10-25,1636.71,1637.21,US DOLLAR,57093,2024-10-25,1637.71
2024-10-28,1664.1,1664.6,US DOLLAR,57105,2024-10-28,1665.1
2024-10-29,1650.438,1650.938,US DOLLAR,57127,2024-10-29,1651.438
2024-10-30,1650.783,1651.283,US DOLLAR,57129,2024-10-30,1651.783
2024-10-31,1669.47,1669.97,US DOLLAR,57141,2024-10-31,1670.47
2024-11-01,1665.413,1665.913,US DOLLAR,57153,2024-11-01,1666.413
2024-11-04,1664.355,1664.855,US DOLLAR,57165,2024-11-04,1665.355
2024-11-05,1668.906,1669.406,US DOLLAR,57178,2024-11-05,1669.906
2024-11-06,1680.409,1680.909,US DOLLAR,57190,2024-11-06,1681.409
2024-11-07,1664.841,1665.341,US DOLLAR,57202,2024-11-07,1665.841
2024-11-08,1654.882,1655.382,US DOLLAR,57214,2024-11-08,1655.882
2024-11-11,1671.281,1671.781,US DOLLAR,57236,2024-11-11,1672.281
2024-11-12,1687.567,1688.067,US DOLLAR,57238,2024-11-12,1688.567
2024-11-13,1652.138,1652.638,US DOLLAR,57251,2024-11-13,1653.138
2024-11-14,1657.933,1658.433,US DOLLAR,57263,2024-11-14,1658.933
2024-11-15,1658.371,1658.871,US DOLLAR,57275,2024-11-15,1659.371
2024-11-18,1682.221,1682.721,US DOLLAR,57287,2024-11-18,1683.221
2024-11-19,1674.666,1675.166,US DOLLAR,57299,2024-11-19,1675.666
2024-11-20,1687.784,1688.284,US DOLLAR,57311,2024-11-20,1688.784
2024-11-21,1664.994,1665.494,US DOLLAR,57334,2024-11-21,1665.994
2024-11-22,1662.697,1663.197,US DOLLAR,57336,2024-11-22,1663.697
2024-11-25,1687.233,1687.733,US DOLLAR,57345,2024-11-25,1688.233
2024-11-26,1678.717,1679.217,US DOLLAR,57357,2024-11-26,1679.717
2024-11-27,1679.26,1679.76,US DOLLAR,57369,2024-11-27,1680.26
2024-11-28,1658.741,1659.241,US DOLLAR,57381,2024-11-28,1659.741
2024-11-29,1662.896,1663.396,US DOLLAR,57393,2024-11-29,1663.896
2024-12-02,1661.1225,1661.1225,US DOLLAR,57405,2024-12-02,1661.1225
2024-12-03,1642.15,1642.65,US DOLLAR,57417,2024-12-03,1643.15
2024-12-04,1612.69,1613.19,US DOLLAR,57439,2024-12-04,1613.69
2024-12-05,1587.79,1588.29,US DOLLAR,57441,2024-12-05,1588.79
2024-12-06,1532.76,1533.26,US DOLLAR,57463,2024-12-06,1533.76
2024-12-09,1533.6771,1534.1771,US DOLLAR,57465,2024-12-09,1534.6771
2024-12-10,1531.1057,1531.6057,US DOLLAR,57477,2024-12-10,1532.1057
2024-12-11,1532.0936,1532.5936,US DOLLAR,57489,2024-12-11,1533.0936
2024-12-12,1533.6011,1534.1011,US DOLLAR,57511,2024-12-12,1534.6011
2024-12-13,1532.2747,1532.7747,US DOLLAR,57513,2024-12-13,1533.2747
2024-12-16,1532.5669,1533.0669,US DOLLAR,57525,2024-12-16,1533.5669
2024-12-17,1533.1055,1533.6055,US DOLLAR,57537,2024-12-17,1534.1055
2024-12-18,1537.878,1538.378,US DOLLAR,57560,2024-12-18,1538.878
2024-12-19,1536.4253,1536.9253,US DOLLAR,57562,2024-12-19,1537.4253
2024-12-20,1535.9275,1536.4275,US DOLLAR,57575,2024-12-20,1536.9275
2024-12-23,1534.7157,1535.2157,US DOLLAR,57588,2024-12-23,1535.7157
2024-12-24,1537.57,1538.07,US DOLLAR,57610,2024-12-24,1538.57
2024-12-27,1537.3917,1537.8917,US DOLLAR,57622,2024-12-27,1538.3917
2024-12-30,1535.917,1536.417,US DOLLAR,57635,2024-12-30,1536.917
2024-12-31,1534.8176,1535.3176,US DOLLAR,57648,2024-12-31,1535.8176
2025-01-02,1540.3611,1540.8611,US DOLLAR,57661,2025-01-02,1541.3611
2025-01-03,1533.5585,1534.0585,US DOLLAR,57673,2025-01-03,1534.5585
2025-01-06,1532.6065,1533.1065,US DOLLAR,57685,2025-01-06,1533.6065
2025-01-07,1533.1643,1533.6643,US DOLLAR,57697,2025-01-07,1534.1643
2025-01-08,1538.3976,1538.8976,US DOLLAR,57709,2025-01-08,1539.3976
2025-01-09,1540.0559,1540.5559,US DOLLAR,57721,2025-01-09,1541.0559
2025-01-10,1541.0256,1541.5256,US DOLLAR,57734,2025-01-10,1542.0256
2025-01-13,1545.853,1546.353,US DOLLAR,57746,2025-01-13,1546.853
2025-01-14,1546.6695,1547.1695,US DOLLAR,57758,2025-01-14,1547.6695
2025-01-15,1548.2019,1548.7019,US DOLLAR,57770,2025-01-15,1549.2019
2025-01-16,1548.95,1549.45,US DOLLAR,57782,2025-01-16,1549.95
2025-01-17,1545.7212,1546.2212,US DOLLAR,57794,2025-01-17,1546.7212
2025-01-20,1546.9989,1547.4989,US DOLLAR,57806,2025-01-20,1547.9989
2025-01-21,1550.2508,1550.7508,US DOLLAR,57818,2025-01-21,1551.2508
2025-01-22,1550.9172,1551.4172,US DOLLAR,57820,2025-01-22,1551.9172
2025-01-23,1549.4787,1549.9787,US DOLLAR,57832,2025-01-23,1550.4787
2025-01-24,1532.263,1532.763,US DOLLAR,57844,2025-01-24,1533.263
2025-01-27,1533.5483,1534.0483,US DOLLAR,57866,2025-01-27,1534.5483
2025-01-28,1526.3599,1526.8599,US DOLLAR,57868,2025-01-28,1527.3599
2025-01-29,1507.398,1507.898,US DOLLAR,57880,2025-01-29,1508.398
2025-01-30,1499.78,1500.28,US DOLLAR,57904,2025-01-30,1500.78
2025-01-31,1477.22,1477.72,US DOLLAR,57916,2025-01-31,1478.22
2025-02-03,1487.99,1488.49,US DOLLAR,57928,2025-02-03,1488.99
2025-02-04,1496.41,1496.91,US DOLLAR,57941,2025-02-04,1497.41
2025-02-05,1498.14,1498.64,US DOLLAR,57953,2025-02-05,1499.14
2025-02-06,1498.982,1499.482,US DOLLAR,57963,2025-02-06,1499.982
2025-02-07,1499.41,1499.91,US DOLLAR,57975,2025-02-07,1500.41
2025-02-10,1498.78,1499.28,US DOLLAR,57987,2025-02-10,1499.78
2025-02-11,1502.0718,1502.5718,US DOLLAR,57999,2025-02-11,1503.0718
2025-02-12,1503.3012,1503.8012,US DOLLAR,58011,2025-02-12,1504.3012
2025-02-13,1506.8789,1507.3789,US DOLLAR,58023,2025-02-13,1507.8789
2025-02-14,1507.6637,1508.1637,US DOLLAR,58035,2025-02-14,1508.6637
2025-02-17,1507.5889,1508.0889,US DOLLAR,58048,2025-02-17,1508.5889
2025-02-18,1506.223,1506.723,US DOLLAR,58060,2025-02-18,1507.223
2025-02-19,1508.0387,1508.5387,US DOLLAR,58072,2025-02-19,1509.0387
2025-02-20,1499.524,1500.024,US DOLLAR,58085,2025-02-20,1500.524
2025-02-21,1499.7304,1500.2304,US DOLLAR,58097,2025-02-21,1500.7304
2025-02-24,1496.1146,1496.6146,US DOLLAR,58109,2025-02-24,1497.1146
2025-02-25,1494.914,1495.414,US DOLLAR,58121,2025-02-25,1495.914
2025-02-26,1498.1102,1498.6102,US DOLLAR,58133,2025-02-26,1499.1102
2025-02-27,1498.0692,1498.5692,US DOLLAR,58145,2025-02-27,1499.0692
2025-02-28,1491.491,1491.991,US DOLLAR,58157,2025-02-28,1492.491
2025-03-03,1497.981,1498.481,US DOLLAR,58169,2025-03-03,1498.981
2025-03-04,1490.67,1491.17,US DOLLAR,58181,2025-03-04,1491.67
2025-03-05,1499.8,1500.3,US DOLLAR,58195,2025-03-05,1500.8
2025-03-06,1511.3022,1511.8022,US DOLLAR,58207,2025-03-06,1512.3022
2025-03-07,1516.2448,1516.7448,US DOLLAR,58219,2025-03-07,1517.2448
2025-03-10,1529.1451,1529.6451,US DOLLAR,58231,2025-03-10,1530.1451
2025-03-11,1535.1532,1535.6532,US DOLLAR,58243,2025-03-11,1536.1532
2025-03-12,1537.6807,1538.1807,US DOLLAR,58255,2025-03-12,1538.6807
2025-03-13,1546.819,1547.319,US DOLLAR,58267,2025-03-13,1547.819
2025-03-14,1516.93,1517.43,US DOLLAR,58279,2025-03-14,1517.93
2025-03-17,1527.03,1527.53,US DOLLAR,58292,2025-03-17,1528.03
2025-03-18,1531.9303,1532.4303,US DOLLAR,58305,2025-03-18,1532.9303
2025-03-19,1529.52,1530.02,US DOLLAR,58317,2025-03-19,1530.52
2025-03-20,1529.62,1530.12,US DOLLAR,58330,2025-03-20,1530.62
2025-03-21,1535.89,1536.39,US DOLLAR,58342,2025-03-21,1536.89
2025-03-24,1530.1887,1530.6887,US DOLLAR,58354,2025-03-24,1531.1887
2025-03-25,1531.3907,1531.8907,US DOLLAR,58366,2025-03-25,1532.3907
2025-03-26,1536.6163,1537.1163,US DOLLAR,58379,2025-03-26,1537.6163
2025-03-27,1537.6582,1538.1582,US DOLLAR,58391,2025-03-27,1538.6582
2025-03-28,1535.8158,1536.3158,US DOLLAR,58405,2025-03-28,1536.8158
2025-04-02,1530.2451,1530.7451,US DOLLAR,58417,2025-04-02,1531.2451
2025-04-03,1551.5309,1552.0309,US DOLLAR,58429,2025-04-03,1552.5309
2025-04-04,1566.0215,1566.5215,US DOLLAR,58441,2025-04-04,1567.0215
2025-04-07,1611.2368,1611.7368,US DOLLAR,58453,2025-04-07,1612.2368
2025-04-08,1610.5535,1611.0535,US DOLLAR,58465,2025-04-08,1611.5535
2025-04-09,1628.9366,1629.4366,US DOLLAR,58478,2025-04-09,1629.9366
2025-04-10,1590.8496,1591.3496,US DOLLAR,58490,2025-04-10,1591.8496
2025-04-11,1602.7832,1603.2832,US DOLLAR,58529,2025-04-11,1603.7832
2025-04-14,1603.4809,1603.9809,US DOLLAR,58516,2025-04-14,1604.4809
2025-04-15,1597.9548,1598.4548,US DOLLAR,58541,2025-04-15,1598.9548
2025-04-16,1598.7991,1599.2991,US DOLLAR,58553,2025-04-16,1599.7991
2025-04-17,1598.9384,1599.4384,US DOLLAR,58566,2025-04-17,1599.9384
2025-04-22,1601.6318,1602.1318,US DOLLAR,58578,2025-04-22,1602.6318
2025-04-23,1601.3043,1601.8043,US DOLLAR,58591,2025-04-23,1602.3043
2025-04-24,1600.8226,1601.3226,US DOLLAR,58602,2025-04-24,1601.8226
2025-04-25,1598.5491,1599.0491,US DOLLAR,58614,2025-04-25,1599.5491
2025-04-28,1598.9452,1599.4452,US DOLLAR,58626,2025-04-28,1599.9452
2025-04-29,1598.7055,1599.2055,US DOLLAR,58638,2025-04-29,1599.7055
2025-04-30,1595.6891,1596.1891,US DOLLAR,58650,2025-04-30,1596.6891
2025-05-02,1601.1811,1601.6811,US DOLLAR,58662,2025-05-02,1602.1811
2025-05-05,1604.6284,1605.1284,US DOLLAR,58674,2025-05-05,1605.6284
2025-05-06,1605.6413,1606.1413,US DOLLAR,58686,2025-05-06,1606.6413
2025-05-07,1607.6036,1608.1036,US DOLLAR,58698,2025-05-07,1608.6036
2025-05-08,1608.6357,1609.1357,US DOLLAR,58710,2025-05-08,1609.6357
2025-05-09,1605.1524,1605.6524,US DOLLAR,58722,2025-05-09,1606.1524
2025-05-12,1599.4396,1599.9396,US DOLLAR,58734,2025-05-12,1600.4396
2025-05-13,1599.0307,1599.5307,US DOLLAR,58746,2025-05-13,1600.0307
2025-05-14,1595.7,1596.2,US DOLLAR,58758,2025-05-14,1596.7
2025-05-15,1598.3294,1598.8294,US DOLLAR,58770,2025-05-15,1599.3294
2025-05-16,1597.721,1598.221,US DOLLAR,58782,2025-05-16,1598.721
2025-05-19,1597.6885,1598.1885,US DOLLAR,58793,2025-05-19,1598.6885
2025-05-20,1589.4571,1589.9571,US DOLLAR,58805,2025-05-20,1590.4571
2025-05-21,1583.4966,1583.9966,US DOLLAR,58817,2025-05-21,1584.4966
2025-05-22,1583.9542,1584.4542,US DOLLAR,58829,2025-05-22,1584.9542
2025-05-23,1579.4411,1579.9411,US DOLLAR,58841,2025-05-23,1580.4411
2025-05-26,1578.408,1578.908,US DOLLAR,58852,2025-05-26,1579.408
2025-05-27,1582.7388,1583.2388,US DOLLAR,58865,2025-05-27,1583.7388
2025-05-28,1589.7471,1590.2471,US DOLLAR,58876,2025-05-28,1590.7471
2025-05-29,1585.152,1585.652,US DOLLAR,58889,2025-05-29,1586.152
2025-05-30,1585.1524,1585.6524,US DOLLAR,58901,2025-05-30,1586.1524
2025-06-02,1580.5866,1581.0866,US DOLLAR,58913,2025-06-02,1581.5866
2025-06-03,1578.275,1578.775,US DOLLAR,58925,2025-06-03,1579.275
2025-06-04,1564.4625,1564.9625,US DOLLAR,58937,2025-06-04,1565.4625
2025-06-05,1552.1157,1552.6157,US DOLLAR,58949,2025-06-05,1553.1157
2025-06-10,1539.0481,1539.5481,US DOLLAR,58961,2025-06-10,1540.0481
2025-06-11,1538.7248,1539.2248,US DOLLAR,58973,2025-06-11,1539.7248
2025-06-13,1548.3511,1548.8511,US DOLLAR,58985,2025-06-13,1549.3511
2025-06-16,1543.6264,1544.1264,US DOLLAR,58997,2025-06-16,1544.6264
2025-06-17,1544.265,1544.765,US DOLLAR,59009,2025-06-17,1545.265
2025-06-18,1548.2093,1548.7093,US DOLLAR,59021,2025-06-18,1549.2093
2025-06-19,1548.4193,1548.9193,US DOLLAR,59033,2025-06-19,1549.4193
2025-06-20,1546.3636,1546.8636,US DOLLAR,59044,2025-06-20,1547.3636
2025-06-23,1547.5237,1548.0237,US DOLLAR,59056,2025-06-23,1548.5237
2025-06-24,1548.0368,1548.5368,US DOLLAR,59066,2025-06-24,1549.0368
2025-06-25,1548.2616,1548.7616,US DOLLAR,59079,2025-06-25,1549.2616
2025-06-26,1535.0817,1535.5817,US DOLLAR,59091,2025-06-26,1536.0817
2025-06-27,1538.2359,1538.7359,US DOLLAR,59103,2025-06-27,1539.2359
2025-06-30,1528.7105,1529.2105,US DOLLAR,59115,2025-06-30,1529.7105
2025-07-01,1528.5795,1529.0795,US DOLLAR,59127,2025-07-01,1529.5795
2025-07-02,1525.1577,1525.6577,US DOLLAR,59139,2025-07-02,1526.1577
2025-07-03,1524.8246,1525.3246,US DOLLAR,59151,2025-07-03,1525.8246
2025-07-04,1527.5616,1528.0616,US DOLLAR,59162,2025-07-04,1528.5616
2025-07-07,1527.3301,1527.8301,US DOLLAR,59175,2025-07-07,1528.3301
2025-07-08,1528.223,1528.723,US DOLLAR,59188,2025-07-08,1529.223
2025-07-09,1519.749,1520.249,US DOLLAR,59200,2025-07-09,1520.749
2025-07-10,1524.98,1525.48,US DOLLAR,59215,2025-07-10,1525.98
2025-07-11,1529.2634,1529.7634,US DOLLAR,59227,2025-07-11,1530.2634
2025-07-14,1517.8873,1518.3873,US DOLLAR,59239,2025-07-14,1518.8873
2025-07-16,1529.2562,1529.7562,US DOLLAR,59251,2025-07-16,1530.2562
2025-07-17,1532.1109,1532.6109,US DOLLAR,59263,2025-07-17,1533.1109
2025-07-18,1531.3405,1531.8405,US DOLLAR,59276,2025-07-18,1532.3405
2025-07-21,1531.5428,1532.0428,US DOLLAR,59288,2025-07-21,1532.5428
2025-07-22,1534.2369,1534.7369,US DOLLAR,59301,2025-07-22,1535.2369
2025-07-23,1534.6169,1535.1169,US DOLLAR,59313,2025-07-23,1535.6169
2025-07-24,1533.7887,1534.2887,US DOLLAR,59325,2025-07-24,1534.7887
2025-07-25,1533.7193,1534.2193,US DOLLAR,59336,2025-07-25,1534.7193
2025-07-28,1533.209,1533.709,US DOLLAR,59348,2025-07-28,1534.209
2025-07-29,1532.1823,1532.6823,US DOLLAR,59360,2025-07-29,1533.1823
2025-07-30,1533.5214,1534.0214,US DOLLAR,59373,2025-07-30,1534.5214
2025-07-31,1532.554,1533.054,US DOLLAR,59385,2025-07-31,1533.554
2025-08-01,1532.7443,1533.2443,US DOLLAR,59397,2025-08-01,1533.7443
2025-08-04,1530.954,1531.454,US DOLLAR,59409,2025-08-04,1531.954
2025-08-05,1532.1032,1532.6032,US DOLLAR,59421,2025-08-05,1533.1032
2025-08-06,1533.4368,1533.9368,US DOLLAR,59433,2025-08-06,1534.4368
2025-08-07,1532.7313,1533.2313,US DOLLAR,59445,2025-08-07,1533.7313
2025-08-08,1532.5652,1533.0652,US DOLLAR,59457,2025-08-08,1533.5652
2025-08-11,1534.9285,1535.4285,US DOLLAR,59469,2025-08-11,1535.9285
2025-08-12,1536.0949,1536.5949,US DOLLAR,59481,2025-08-12,1537.0949
2025-08-13,1533.8274,1534.3274,US DOLLAR,59493,2025-08-13,1534.8274
2025-08-14,1533.5244,1534.0244,US DOLLAR,59505,2025-08-14,1534.5244
2025-08-15,1531.5145,1532.0145,US DOLLAR,59518,2025-08-15,1532.5145
2025-08-18,1532.6715,1533.1715,US DOLLAR,59530,2025-08-18,1533.6715
2025-08-19,1533.9346,1534.4346,US DOLLAR,59542,2025-08-19,1534.9346
2025-08-20,1535.7346,1536.2346,US DOLLAR,59555,2025-08-20,1536.7346
2025-08-21,1534.7833,1535.2833,US DOLLAR,59567,2025-08-21,1535.7833
2025-08-22,1534.0379,1534.5379,US DOLLAR,59579,2025-08-22,1535.0379
2025-08-25,1535.4245,1535.9245,US DOLLAR,59591,2025-08-25,1536.4245
2025-08-26,1536.616,1537.116,US DOLLAR,59603,2025-08-26,1537.616
2025-08-27,1536.0748,1536.5748,US DOLLAR,59615,2025-08-27,1537.0748
2025-08-28,1534.4746,1534.9746,US DOLLAR,59627,2025-08-28,1535.4746
2025-08-29,1530.5703,1531.0703,US DOLLAR,59640,2025-08-29,1531.5703
2025-09-01,1525.094,1525.594,US DOLLAR,59651,2025-09-01,1526.094
2025-09-02,1525.0565,1525.5565,US DOLLAR,59663,2025-09-02,1526.0565
2025-09-03,1520.4569,1520.9569,US DOLLAR,59676,2025-09-03,1521.4569
2025-09-04,1513.8671,1514.3671,US DOLLAR,59687,2025-09-04,1514.8671
2025-09-08,1505.8433,1506.3433,US DOLLAR,59690,2025-09-08,1506.8433
2025-09-09,1505.085,1505.585,US DOLLAR,59711,2025-09-09,1506.085
2025-09-10,1499.9152,1500.4152,US DOLLAR,59723,2025-09-10,1500.9152
2025-09-11,1501.1311,1501.6311,US DOLLAR,59735,2025-09-11,1502.1311
2025-09-12,1500.4991,1500.9991,US DOLLAR,59747,2025-09-12,1501.4991
2025-09-15,1496.4655,1496.9655,US DOLLAR,59759,2025-09-15,1497.4655
2025-09-16,1483.1395,1483.6395,US DOLLAR,59771,2025-09-16,1484.1395
2025-09-17,1493.0126,1493.5126,US DOLLAR,59783,2025-09-17,1494.0126
2025-09-18,1497.9763,1498.4763,US DOLLAR,59795,2025-09-18,1498.9763
2025-09-19,1486.8962,1487.3962,US DOLLAR,59807,2025-09-19,1487.8962
2025-09-22,1487.6017,1488.1017,US DOLLAR,59819,2025-09-22,1488.6017
2025-09-23,1486.3651,1486.8651,US DOLLAR,59831,2025-09-23,1487.3651
2025-09-24,1487.5642,1488.0642,US DOLLAR,59843,2025-09-24,1488.5642
2025-09-25,1487.2578,1487.7578,US DOLLAR,59854,2025-09-25,1488.2578
2025-09-26,1479.657,1480.157,US DOLLAR,59866,2025-09-26,1480.657
2025-09-29,1475.3477,1475.8477,US DOLLAR,59878,2025-09-29,1476.3477
2025-09-30,1474.3473,1474.8473,US DOLLAR,59890,2025-09-30,1475.3473
2025-10-02,1454.2373,1454.7373,US DOLLAR,59902,2025-10-02,1455.2373
2025-10-03,1464.6776,1465.1776,US DOLLAR,59915,2025-10-03,1465.6776
2025-10-06,1469.2614,1469.7614,US DOLLAR,59927,2025-10-06,1470.2614
2025-10-07,1470.0892,1470.5892,US DOLLAR,59939,2025-10-07,1471.0892
2025-10-08,1469.6202,1470.1202,US DOLLAR,59951,2025-10-08,1470.6202
2025-10-09,1465.6526,1466.1526,US DOLLAR,59963,2025-10-09,1466.6526
2025-10-10,1454.173,1454.673,US DOLLAR,59975,2025-10-10,1455.173
2025-10-13,1456.5122,1457.0122,US DOLLAR,59988,2025-10-13,1457.5122
2025-10-14,1462.2342,1462.7342,US DOLLAR,60000,2025-10-14,1463.2342
2025-10-15,1472.2943,1472.7943,US DOLLAR,60012,2025-10-15,1473.2943
2025-10-16,1470.0299,1470.5299,US DOLLAR,60024,2025-10-16,1471.0299
2025-10-17,1474.3516,1474.8516,US DOLLAR,60036,2025-10-17,1475.3516
2025-10-20,1464.2936,1464.7936,US DOLLAR,60048,2025-10-20,1465.2936
2025-10-21,1462.452,1462.952,US DOLLAR,60061,2025-10-21,1463.452
2025-10-22,1462.4375,1462.9375,US DOLLAR,60073,2025-10-22,1463.4375
2025-10-23,1459.4939,1459.9939,US DOLLAR,60085,2025-10-23,1460.4939
2025-10-24,1456.9571,1457.4571,US DOLLAR,60097,2025-10-24,1457.9571
2025-10-27,1451.7943,1452.2943,US DOLLAR,60109,2025-10-27,1452.7943
2025-10-28,1447.205,1447.705,US DOLLAR,60121,2025-10-28,1448.205
2025-10-29,1443.422,1443.922,US DOLLAR,60133,2025-10-29,1444.422
2025-10-30,1435.9701,1436.4701,US DOLLAR,60146,2025-10-30,1436.9701
2025-10-31,1420.7343,1421.2343,US DOLLAR,60158,2025-10-31,1421.7343
2025-11-03,1435.3427,1435.8427,US DOLLAR,60170,2025-11-03,1436.3427
2025-11-04,1432.6585,1433.1585,US DOLLAR,60183,2025-11-04,1433.6585
2025-11-05,1437.495,1437.995,US DOLLAR,60194,2025-11-05,1438.495
2025-11-06,1435.742,1436.242,US DOLLAR,60206,2025-11-06,1436.742
2025-11-07,1435.5778,1436.0778,US DOLLAR,60219,2025-11-07,1436.5778
2025-11-10,1436.2933,1436.7933,US DOLLAR,60231,2025-11-10,1437.2933
2025-11-11,1437.711,1438.211,US DOLLAR,60243,2025-11-11,1438.711
2025-11-12,1442.0804,1442.5804,US DOLLAR,60255,2025-11-12,1443.0804
2025-11-13,1440.4445,1440.9445,US DOLLAR,60267,2025-11-13,1441.4445
2025-11-14,1441.4309,1441.9309,US DOLLAR,60279,2025-11-14,1442.4309
2025-11-17,1447.0304,1447.5304,US DOLLAR,60291,2025-11-17,1448.0304
2025-11-18,1446.4297,1446.9297,US DOLLAR,60304,2025-11-18,1447.4297
2025-11-19,1453.1849,1453.6849,US DOLLAR,60316,2025-11-19,1454.1849
2025-11-20,1451.1342,1451.6342,US DOLLAR,60328,2025-11-20,1452.1342
2025-11-21,1455.7249,1456.2249,US DOLLAR,60340,2025-11-21,1456.7249
2025-11-24,1452.8443,1453.3443,US DOLLAR,60352,2025-11-24,1453.8443
2025-11-25,1445.3156,1445.8156,US DOLLAR,60364,2025-11-25,1446.3156
2025-11-26,1441.9201,1442.4201,US DOLLAR,60377,2025-11-26,1442.9201
2025-11-27,1442.9028,1443.4028,US DOLLAR,60389,2025-11-27,1443.9028
2025-11-28,1445.7421,1446.2421,US DOLLAR,60401,2025-11-28,1446.7421
2025-12-01,1447.4355,1447.9355,US DOLLAR,60413,2025-12-01,1448.4355
2025-12-02,1444.3929,1444.8929,US DOLLAR,60425,2025-12-02,1445.3929
2025-12-03,1446.6494,1447.1494,US DOLLAR,60437,2025-12-03,1447.6494
2025-12-04,1446.8263,1447.3263,US DOLLAR,60449,2025-12-04,1447.8263
2025-12-05,1449.4287,1449.9287,US DOLLAR,60462,2025-12-05,1450.4287
2025-12-08,1450.863,1451.363,US DOLLAR,60473,2025-12-08,1451.863
2025-12-09,1450.863,1451.363,US DOLLAR,60485,2025-12-09,1451.863
2025-12-10,1454.3823,1454.8823,US DOLLAR,60497,2025-12-10,1455.3823
2025-12-11,1455.0656,1455.5656,US DOLLAR,60510,2025-12-11,1456.0656
2025-12-12,1453.4123,1453.9123,US DOLLAR,60522,2025-12-12,1454.4123
2025-12-15,1450.8169,1451.3169,US DOLLAR,60534,2025-12-15,1451.8169
2025-12-16,1454.0817,1454.5817,US DOLLAR,60545,2025-12-16,1455.0817
2025-12-17,1454.4983,1454.9983,US DOLLAR,60558,2025-12-17,1455.4983
2025-12-18,1456.8402,1457.3402,US DOLLAR,60570,2025-12-18,1457.8402
2025-12-19,1463.4974,1463.9974,US DOLLAR,60582,2025-12-19,1464.4974
2025-12-22,1455.5637,1456.0637,US DOLLAR,60594,2025-12-22,1456.5637
2025-12-23,1448.9869,1449.4869,US DOLLAR,60606,2025-12-23,1449.9869
2025-12-24,1442.3767,1442.8767,US DOLLAR,60609,2025-12-24,1443.3767
2025-12-29,1441.5126,1442.0126,US DOLLAR,60629,2025-12-29,1442.5126
2025-12-30,1444.6828,1445.1828,US DOLLAR,60641,2025-12-30,1445.6828
2025-12-31,1434.7571,1435.2571,US DOLLAR,60654,2025-12-31,1435.7571
2026-01-02,1429.8479,1430.3479,US DOLLAR,60666,2026-01-02,1430.8479
2026-01-05,1428.3054,1428.8054,US DOLLAR,60678,2026-01-05,1429.3054
2026-01-06,1418.065,1418.565,US DOLLAR,60690,2026-01-06,1419.065
2026-01-07,1417.2606,1417.7606,US DOLLAR,60702,2026-01-07,1418.2606
2026-01-08,1418.7151,1419.2151,US DOLLAR,60714,2026-01-08,1419.7151
2026-01-09,1422.1674,1422.6674,US DOLLAR,60726,2026-01-09,1423.1674
2026-01-12,1420.4581,1420.9581,US DOLLAR,60738,2026-01-12,1421.4581
2026-01-13,1418.6585,1419.1585,US DOLLAR,60750,2026-01-13,1419.6585
2026-01-14,1419.0375,1419.5375,US DOLLAR,60762,2026-01-14,1420.0375
2026-01-15,1418.2844,1418.7844,US DOLLAR,60774,2026-01-15,1419.2844
2026-01-16,1416.9483,1417.4483,US DOLLAR,60786,2026-01-16,1417.9483
2026-01-19,1419.2814,1419.7814,US DOLLAR,60798,2026-01-19,1420.2814
2026-01-20,1418.3452,1418.8452,US DOLLAR,60810,2026-01-20,1419.3452
2026-01-21,1419.692,1420.192,US DOLLAR,60822,2026-01-21,1420.692
2026-01-22,1421.0703,1421.5703,US DOLLAR,60835,2026-01-22,1422.0703
2026-01-23,1420.6265,1421.1265,US DOLLAR,60848,2026-01-23,1421.6265
2026-01-26,1417.9522,1418.4522,US DOLLAR,60859,2026-01-26,1418.9522
2026-01-27,1400.2209,1400.7209,US DOLLAR,60871,2026-01-27,1401.2209
2026-01-28,1399.4768,1399.9768,US DOLLAR,60883,2026-01-28,1400.4768
2026-01-29,1395.9909,1396.4909,US DOLLAR,60895,2026-01-29,1396.9909
2026-01-30,1385.5532,1386.0532,US DOLLAR,60911,2026-01-30,1386.5532
2026-02-02,1389.3622,1389.8622,US DOLLAR,60924,2026-02-02,1390.3622
2026-02-03,1371.9142,1372.4142,US DOLLAR,60937,2026-02-03,1372.9142
2026-02-04,1357.2839,1357.7839,US DOLLAR,60949,2026-02-04,1358.2839
2026-02-05,1365.0573,1365.5573,US DOLLAR,60962,2026-02-05,1366.0573
2026-02-06,1365.1954,1365.6954,US DOLLAR,60975,2026-02-06,1366.1954
2026-02-09,1353.2574,1353.7574,US DOLLAR,60988,2026-02-09,1354.2574
2026-02-10,1350.0205,1350.5205,US DOLLAR,61000,2026-02-10,1351.0205
2026-02-11,1347.9529,1348.4529,US DOLLAR,61012,2026-02-11,1348.9529
2026-02-12,1352.6556,1353.1556,US DOLLAR,61028,2026-02-12,1353.6556
2026-02-13,1354.4181,1354.9181,US DOLLAR,61042,2026-02-13,1355.4181
2026-02-16,1346.7798,1347.2798,US DOLLAR,61056,2026-02-16,1347.7798
2026-02-17,1334.958,1335.458,US DOLLAR,61069,2026-02-17,1335.958
2026-02-18,1337.1066,1337.6066,US DOLLAR,61082,2026-02-18,1338.1066
2026-02-19,1340.3509,1340.8509,US DOLLAR,61095,2026-02-19,1341.3509
2026-02-20,1345.3234,1345.8234,US DOLLAR,61108,2026-02-20,1346.3234
2026-02-23,1348.2352,1348.7352,US DOLLAR,61121,2026-02-23,1349.2352
2026-02-24,1354.3745,1354.8745,US DOLLAR,61134,2026-02-24,1355.3745
2026-02-25,1355.1141,1355.6141,US DOLLAR,61147,2026-02-25,1356.1141
2026-02-26,1358.8181,1359.3181,US DOLLAR,61161,2026-02-26,1359.8181
2026-02-27,1362.3954,1362.8954,US DOLLAR,61173,2026-02-27,1363.3954
2026-03-02,1377.0246,1377.5246,US DOLLAR,61187,2026-03-02,1378.0246
2026-03-03,1383.292,1383.792,US DOLLAR,61200,2026-03-03,1384.292
2026-03-04,1386.0955,1386.5955,US DOLLAR,61213,2026-03-04,1387.0955
2026-03-05,1386.4475,1386.9475,US DOLLAR,61226,2026-03-05,1387.4475
2026-03-06,1392.2556,1392.7556,US DOLLAR,61239,2026-03-06,1393.2556
2026-03-09,1392.2556,1392.7556,US DOLLAR,61252,2026-03-09,1393.2556
2026-03-10,1400.4014,1400.9014,US DOLLAR,61266,2026-03-10,1401.4014
2026-03-11,1375.1925,1375.6925,US DOLLAR,61279,2026-03-11,1376.1925
2026-03-12,1370.5063,1371.0063,US DOLLAR,61291,2026-03-12,1371.5063
2026-03-13,1365.233,1365.733,US DOLLAR,61305,2026-03-13,1366.233
2026-03-16,1356.7697,1357.2697,US DOLLAR,61318,2026-03-16,1357.7697
2026-03-17,1343.4158,1343.9158,US DOLLAR,61332,2026-03-17,1344.4158
2026-03-18,1352,1352.5,US DOLLAR,61346,2026-03-18,1353
2026-03-23,1387.3841,1387.8841,US DOLLAR,61359,2026-03-23,1388.3841
2026-03-24,1381.6325,1382.1325,US DOLLAR,61372,2026-03-24,1382.6325
2026-03-25,1385.7049,1386.2049,US DOLLAR,61385,2026-03-25,1386.7049
2026-03-26,1382.883,1383.383,US DOLLAR,61399,2026-03-26,1383.883
2026-03-27,1379.5766,1380.0766,US DOLLAR,61411,2026-03-27,1380.5766
2026-03-30,1382.5814,1383.0814,US DOLLAR,61424,2026-03-30,1383.5814
2026-03-31,1385.7156,1386.2156,US DOLLAR,61437,2026-03-31,1386.7156
2026-04-01,1377.7011,1378.2011,US DOLLAR,61450,2026-04-01,1378.7011
2026-04-02,1379.7942,1380.2942,US DOLLAR,61463,2026-04-02,1380.7942
2026-04-07,1385.6573,1386.1573,US DOLLAR,61476,2026-04-07,1386.6573
2026-04-08,1370.8224,1371.3224,US DOLLAR,61489,2026-04-08,1371.8224
2026-04-09,1358.3156,1358.8156,US DOLLAR,61502,2026-04-09,1359.3156
2026-04-10,1355.8898,1356.3898,US DOLLAR,61507,2026-04-10,1356.8898
2026-04-13,1355.1852,1355.6852,US DOLLAR,61528,2026-04-13,1356.1852
2026-04-14,1342.7658,1343.2658,US DOLLAR,61542,2026-04-14,1343.7658
2026-04-15,1342.7409,1343.2409,US DOLLAR,61555,2026-04-15,1343.7409
2026-04-16,1341.3037,1341.8037,US DOLLAR,61568,2026-04-16,1342.3037
2026-04-17,1342.6398,1343.1398,US DOLLAR,61580,2026-04-17,1343.6398
2026-04-20,1348.6737,1349.1737,US DOLLAR,61597,2026-04-20,1349.6737
2026-04-21,1349.7402,1350.2402,US DOLLAR,61610,2026-04-21,1350.7402
2026-04-22,1347.4492,1347.9492,US DOLLAR,61623,2026-04-22,1348.4492
2026-04-23,1352.9081,1353.4081,US DOLLAR,61636,2026-04-23,1353.9081
2026-04-24,1357.4351,1357.9351,US DOLLAR,61651,2026-04-24,1358.4351
2026-04-27,1363.2374,1363.7374,US DOLLAR,61665,2026-04-27,1364.2374
2026-04-28,1379.7066,1380.2066,US DOLLAR,61678,2026-04-28,1380.7066
2026-04-29,1378.4605,1378.9605,US DOLLAR,61691,2026-04-29,1379.4605
2026-04-30,1373.9431,1374.4431,US DOLLAR,61704,2026-04-30,1374.9431
2026-05-04,1364.2319,1364.7319,US DOLLAR,61717,2026-05-04,1365.2319
2026-05-05,1365.5592,1366.0592,US DOLLAR,61731,2026-05-05,1366.5592
2026-05-06,1356.3371,1356.8371,US DOLLAR,61744,2026-05-06,1357.3371
2026-05-07,1354.8502,1355.3502,US DOLLAR,61757,2026-05-07,1355.8502
2026-05-08,1360.395,1360.895,US DOLLAR,61770,2026-05-08,1361.395
2026-05-11,1372.164,1372.664,US DOLLAR,61785,2026-05-11,1373.164
2026-05-12,1374.6219,1375.1219,US DOLLAR,61797,2026-05-12,1375.6219
2026-05-13,1369.56,1370.06,US DOLLAR,61810,2026-05-13,1370.56
2026-05-14,1369.8862,1370.3862,US DOLLAR,61823,2026-05-14,1370.8862
2026-05-15,1370.0391,1370.5391,US DOLLAR,61836,2026-05-15,1371.0391
2026-05-18,1372.7004,1373.2004,US DOLLAR,61849,2026-05-18,1373.7004
2026-05-19,1372.8717,1373.3717,US DOLLAR,61862,2026-05-19,1373.8717
2026-05-20,1372.3431,1372.8431,US DOLLAR,61875,2026-05-20,1373.3431
2026-05-21,1371.3079,1371.8079,US DOLLAR,61889,2026-05-21,1372.3079
2026-05-22,1374.458,1374.958,US DOLLAR,61902,2026-05-22,1375.458
2026-05-25,1373.9172,1374.4172,US DOLLAR,61915,2026-05-25,1374.9172
2026-05-26,1374.4073,1374.9073,US DOLLAR,61928,2026-05-26,1375.4073
2026-05-29,1372.2545,1372.7545,US DOLLAR,61945,2026-05-29,1373.2545
2026-06-01,1365.795,1366.295,US DOLLAR,61958,2026-06-01,1366.795
2026-06-02,1360.0497,1360.5497,US DOLLAR,61971,2026-06-02,1361.0497
2026-06-03,1356.2615,1356.7615,US DOLLAR,61984,2026-06-03,1357.2615
2026-06-04,1357.7478,1358.2478,US DOLLAR,61999,2026-06-04,1358.7478
2026-06-05,1361.2123,1361.7123,US DOLLAR,62004,2026-06-05,1362.2123
2026-06-08,1361.8397,1362.3397,US DOLLAR,62025,2026-06-08,1362.8397
2026-06-09,1359.5519,1360.0519,US DOLLAR,62038,2026-06-09,1360.5519
2026-06-10,1361.0549,1361.5549,US DOLLAR,62051,2026-06-10,1362.0549
2026-06-11,1362.825,1363.325,US DOLLAR,62064,2026-06-11,1363.825
2026-06-15,1355.2704,1355.7704,US DOLLAR,62077,2026-06-15,1356.2704
2026-06-16,1356.1808,1356.6808,US DOLLAR,62084,2026-06-16,1357.1808
2026-06-17,1359.0725,1359.5725,US DOLLAR,62103,2026-06-17,1360.0725
2026-06-18,1362.304,1362.804,US DOLLAR,62117,2026-06-18,1363.304
2026-06-19,1369.4556,1369.9556,US DOLLAR,62130,2026-06-19,1370.4556
2026-06-22,1368.1064,1368.6064,US DOLLAR,62143,2026-06-22,1369.1064
2026-06-23,1369.6373,1370.1373,US DOLLAR,62156,2026-06-23,1370.6373
2026-06-24,1379.0775,1379.5775,US DOLLAR,62169,2026-06-24,1380.0775
2026-06-25,1379.1079,1379.6079,US DOLLAR,62182,2026-06-25,1380.1079
2026-06-26,1379.9329,1380.4329,US DOLLAR,62195,2026-06-26,1380.9329
2026-06-29,1382.6262,1383.1262,US DOLLAR,62208,2026-06-29,1383.6262
2026-06-30,1378.6842,1379.1842,US DOLLAR,62223,2026-06-30,1379.6842
2026-07-01,1371.4072,1371.9072,US DOLLAR,62236,2026-07-01,1372.4072
2026-07-02,1369.1516,1369.6516,US DOLLAR,62249,2026-07-02,1370.1516
2026-07-03,1369.1904,1369.6904,US DOLLAR,62262,2026-07-03,1370.1904
2026-07-06,1367.2664,1367.7664,US DOLLAR,62276,2026-07-06,1368.2664
2026-07-07,1374.7463,1375.2463,US DOLLAR,62290,2026-07-07,1375.7463
2026-07-08,1378.0675,1378.5675,US DOLLAR,62303,2026-07-08,1379.0675
2026-07-09,1377.4313,1377.9313,US DOLLAR,62316,2026-07-09,1378.4313
2026-07-10,1378.6201,1379.1201,US DOLLAR,62329,2026-07-10,1379.6201
2026-07-13,1378.6504,1379.1504,US DOLLAR,62342,2026-07-13,1379.6504
2026-07-14,1382.0755,1382.5755,US DOLLAR,62355,2026-07-14,1383.0755
2026-07-15,1381.1841,1381.6841,US DOLLAR,63363,2026-07-15,1382.1841
2026-07-16,1380.5299,1381.0299,US DOLLAR,63376,2026-07-16,1381.5299
2026-07-17,1379.1847,1379.6847,US DOLLAR,63389,2026-07-17,1380.1847
2026-07-20,1379.1093,1379.6093,US DOLLAR,63402,2026-07-20,1380.1093
2026-07-21,1374.3083,1374.8083,US DOLLAR,63415,2026-07-21,1375.3083
2026-07-22,1368.6346,1369.1346,US DOLLAR,63428,2026-07-22,1369.6346
2026-07-23,1366.7574,1367.2574,US DOLLAR,63441,2026-07-23,1367.7574
2026-07-24,1361.0866,1361.5866,US DOLLAR,63453,2026-07-24,1362.0866
2026-07-27,1361.2064,1361.7064,US DOLLAR,63469,2026-07-27,1362.2064
2026-07-28,1364.5303,1365.0303,US DOLLAR,63482,2026-07-28,1365.5303
2026-07-29,1365.714,1366.214,US DOLLAR,63495,2026-07-29,1366.714
2026-07-30,1365.7278,1366.2278,US DOLLAR,63500,2026-07-30,1366.7278
2026-07-31,1367.2232,1367.7232,US DOLLAR,63511,2026-07-31,1368.2232
2026-08-03,1363.8344,1364.3344,US DOLLAR,63534,2026-08-03,1364.8344
2026-08-04,1361.5542,1362.0542,US DOLLAR,63547,2026-08-04,1362.5542
2026-08-05,1362.8491,1363.3491,US DOLLAR,63560,2026-08-05,1363.8491
2026-08-06,1363.8846,1364.3846,US DOLLAR,63573,2026-08-06,1364.8846
2026-08-07,1364.6856,1365.1856,US DOLLAR,63586,2026-08-07,1365.6856
2026-08-10,1359.1415,1359.6415,US DOLLAR,63599,2026-08-10,1360.1415
2026-08-11,1363.8992,1364.3992,US DOLLAR,63612,2026-08-11,1364.8992
2026-08-12,1359.5792,1360.0792,US DOLLAR,63625,2026-08-12,1360.5792
2026-08-13,1356.6516,1357.1516,US DOLLAR,63638,2026-08-13,1357.6516
2026-08-14,1356.6088,1357.1088,US DOLLAR,63651,2026-08-14,1357.6088
2026-08-17,1348.5372,1349.0372,US DOLLAR,63664,2026-08-17,1349.5372
2026-08-18,1342.3202,1342.8202,US DOLLAR,63677,2026-08-18,1343.3202
2026-08-19,1349.4134,1349.9134,US DOLLAR,63690,2026-08-19,1350.4134
2026-08-20,1346.6284,1347.1284,US DOLLAR,63703,2026-08-20,1347.6284
2026-08-21,1345.4913,1345.9913,US DOLLAR,63716,2026-08-21,1346.4913
2026-08-24,1345.976,1346.476,US DOLLAR,63729,2026-08-24,1346.976
2026-08-26,1342.5943,1343.0943,US DOLLAR,63742,2026-08-26,1343.5943
2026-08-27,1337.5865,1338.0865,US DOLLAR,63756,2026-08-27,1338.5865
2026-08-28,1336.2873,1336.7873,US DOLLAR,63769,2026-08-28,1337.2873
2026-08-31,1331.9396,1332.4396,US DOLLAR,63782,2026-08-31,1332.9396
2026-09-01,1328.43,1328.93,US DOLLAR,63795,2026-09-01,1329.43
2026-09-02,1325.6862,1326.1862,US DOLLAR,63808,2026-09-02,1326.6862
