date,crudeOilPrice,id,postDate
2009-10-23,80.49,6,23/10/2009
2009-11-04,78.93,7,04/11/2009
2009-11-06,78.65,8,06/11/2009
2009-11-11,78.54,9,11/11/2009
2009-11-13,76.71,10,13/11/2009
2009-11-20,77.45,11,20/11/2009
2009-11-23,79,12,23/11/2009
2009-11-25,77.04,13,25/11/2009
2009-11-30,77.72,14,30/11/2009
2009-12-04,79.3,15,04/12/2009
2009-12-07,77.84,16,07/12/2009
2009-12-08,76.85,17,08/12/2009
2009-12-09,76.21,18,09/12/2009
2009-12-10,73.18,19,10/12/2009
2009-12-11,72.62,20,11/12/2009
2009-12-15,72.45,21,15/12/2009
2009-12-16,73.61,22,16/12/2009
2009-12-17,73.27,23,17/12/2009
2009-12-22,72.92,24,22/12/2009
2009-12-23,74.33,25,23/12/2009
2009-12-28,77.5,26,28/12/2009
2009-12-29,78.15,27,29/12/2009
2009-12-30,79.04,28,30/12/2009
2009-12-31,79.43,29,31/12/2009
2010-01-04,80.07,30,04/01/2010
2010-01-05,80.97,31,05/01/2010
2010-01-06,80.7,32,06/01/2010
2010-01-07,82.45,33,07/01/2010
2010-01-08,81.38,34,08/01/2010
2010-01-11,82.43,35,11/01/2010
2010-01-12,80.82,36,12/01/2010
2010-01-13,79.6,37,13/01/2010
2010-01-14,79.22,38,14/01/2010
2010-01-15,78.21,39,15/01/2010
2010-01-18,77.53,40,18/01/2010
2010-01-19,76.32,41,19/01/2010
2010-01-20,76.68,42,20/01/2010
2010-01-21,76.28,43,21/01/2010
2010-01-22,74.24,44,22/01/2010
2010-01-25,73.33,45,25/01/2010
2010-01-26,73.45,46,26/01/2010
2010-01-27,73.64,47,27/01/2010
2010-01-28,72.74,48,28/01/2010
2010-01-29,72.41,49,29/01/2010
2010-02-01,72.41,50,01/02/2010
2010-02-02,74.37,51,02/02/2010
2010-02-03,77.2,52,03/02/2010
2010-02-04,73.65,53,04/02/2010
2010-02-05,70.77,54,05/02/2010
2010-02-08,70.84,55,08/02/2010
2010-02-09,72,56,09/02/2010
2010-02-10,72.83,57,10/02/2010
2010-02-11,74.26,58,11/02/2010
2010-02-12,73.46,59,12/02/2010
2010-02-15,73.93,60,15/02/2010
2010-02-16,74.53,61,16/02/2010
2010-02-17,76.76,62,17/02/2010
2010-02-18,76.51,63,18/02/2010
2010-02-19,77.62,64,19/02/2010
2010-02-22,78.76,65,22/02/2010
2010-02-23,78.22,66,23/02/2010
2010-02-24,77.36,67,24/02/2010
2010-02-25,77.68,68,25/02/2010
2010-03-01,77.42,69,01/03/2010
2010-03-02,77.99,70,02/03/2010
2010-03-03,79.16,71,03/03/2010
2010-03-04,79.57,72,04/03/2010
2010-03-05,80,73,05/03/2010
2010-03-08,80.96,74,08/03/2010
2010-03-09,80.01,75,09/03/2010
2010-03-10,80.82,76,10/03/2010
2010-03-11,81.21,77,11/03/2010
2010-03-12,81.38,78,12/03/2010
2010-03-15,79.54,79,15/03/2010
2010-03-16,79.77,80,16/03/2010
2010-03-17,81.87,81,17/03/2010
2010-03-18,81.82,82,18/03/2010
2010-03-19,81.16,83,19/03/2010
2010-03-22,79.07,84,22/03/2010
2010-03-23,80.32,85,23/03/2010
2010-03-24,79.53,86,24/03/2010
2010-03-25,79.86,87,25/03/2010
2010-03-26,80.65,88,26/03/2010
2010-03-29,80.26,89,29/03/2010
2010-03-30,81.1,90,30/03/2010
2010-03-31,81.16,91,31/03/2010
2010-04-01,83.65,92,01/04/2010
2010-04-06,86.04,93,06/04/2010
2010-04-07,86.07,94,07/04/2010
2010-04-08,84.93,95,08/04/2010
2010-04-09,85.03,96,09/04/2010
2010-04-12,84.81,97,12/04/2010
2010-04-13,85.06,98,13/04/2010
2010-04-14,86.08,99,14/04/2010
2010-04-15,87.44,100,15/04/2010
2010-04-16,86.71,101,16/04/2010
2010-04-19,84.21,102,19/04/2010
2010-04-20,85.64,103,20/04/2010
2010-04-21,86.19,104,21/04/2010
2010-04-22,85.94,105,22/04/2010
2010-05-25,68.23,106,25/05/2010
2010-05-26,71.67,107,26/05/2010
2010-06-10,75.26,108,10/06/2010
2010-07-05,73.46,109,05/07/2010
2010-07-06,74.47,110,06/07/2010
2010-07-07,73.67,111,07/07/2010
2010-07-08,76.04,112,08/07/2010
2010-07-12,75.75,113,12/07/2010
2010-07-13,76.97,114,13/07/2010
2010-07-14,77.82,115,14/07/2010
2010-07-15,77.8,116,15/07/2010
2010-07-16,77.54,117,16/07/2010
2010-07-19,77.22,118,19/07/2010
2010-07-20,77.18,119,20/07/2010
2010-07-21,78.2,120,21/07/2010
2010-07-22,77.78,121,22/07/2010
2010-07-23,78.82,122,23/07/2010
2010-07-26,78.77,123,26/07/2010
2010-07-27,78.99,124,27/07/2010
2010-07-28,78.15,125,28/07/2010
2010-07-29,78.87,126,29/07/2010
2010-07-30,79.56,127,30/07/2010
2010-08-02,82.09,128,02/08/2010
2010-08-03,84.32,129,03/08/2010
2010-08-04,85.09,130,04/08/2010
2010-08-05,83.36,131,05/08/2010
2010-08-06,83.08,132,06/08/2010
2010-08-09,83.25,133,09/08/2010
2010-08-10,81.51,134,10/08/2010
2010-08-11,80.7,135,11/08/2010
2010-08-12,78.27,136,12/08/2010
2010-08-13,77.47,137,13/08/2010
2010-08-16,77.22,138,16/08/2010
2010-08-17,77.94,139,17/08/2010
2010-08-18,77.05,140,18/08/2010
2010-08-19,77.31,141,19/08/2010
2010-08-20,75.77,142,20/08/2010
2010-08-23,75.67,143,23/08/2010
2010-08-24,73.97,144,24/08/2010
2010-08-25,72.22,145,25/08/2010
2010-08-26,75.73,146,26/08/2010
2010-08-27,76.43,147,27/08/2010
2010-08-30,77.57,148,30/08/2010
2010-08-31,77.77,149,31/08/2010
2010-09-01,77.52,150,01/09/2010
2010-09-02,77.08,151,02/09/2010
2010-09-03,77.8,152,03/09/2010
2010-09-06,78.1,153,06/09/2010
2010-09-07,77.62,154,07/09/2010
2010-09-08,79.36,155,08/09/2010
2010-09-09,79.71,156,09/09/2010
2010-09-10,79.38,157,10/09/2010
2010-09-13,80.36,158,13/09/2010
2010-09-14,80.73,159,14/09/2010
2010-09-15,80.3,160,15/09/2010
2010-09-16,80.73,161,16/09/2010
2010-09-17,79.27,162,17/09/2010
2010-09-20,80.42,163,20/09/2010
2010-09-21,81.09,164,21/09/2010
2010-09-22,79.9,165,22/09/2010
2010-09-23,78.65,166,23/09/2010
2010-09-24,80.08,167,24/09/2010
2010-09-27,80.08,168,27/09/2010
2010-09-28,79.42,169,28/09/2010
2010-09-29,80.2,170,29/09/2010
2010-09-30,82.17,171,30/09/2010
2010-10-04,84.94,172,04/10/2010
2010-10-05,84.92,173,05/10/2010
2010-10-06,85.97,174,06/10/2010
2010-10-07,86.41,175,07/10/2010
2010-10-08,84.19,176,08/10/2010
2010-10-11,85.14,177,11/10/2010
2010-10-12,84.78,178,12/10/2010
2010-10-13,85.73,179,13/10/2010
2010-10-14,85.93,180,14/10/2010
2010-10-15,84.41,181,15/10/2010
2010-10-18,83.21,182,18/10/2010
2010-10-19,83.51,183,19/10/2010
2010-10-20,82.82,184,20/10/2010
2010-10-21,83.54,185,21/10/2010
2010-10-22,82.71,186,22/10/2010
2010-10-25,83.52,187,25/10/2010
2010-10-26,84.03,188,26/10/2010
2010-10-27,83.57,189,27/10/2010
2010-10-28,84.31,190,28/10/2010
2010-10-29,84.17,191,29/10/2010
2010-11-01,85.53,192,01/11/2010
2010-11-02,85.99,193,02/11/2010
2010-11-03,86.63,194,03/11/2010
2010-11-04,88.53,195,04/11/2010
2010-11-05,88.55,196,05/11/2010
2010-11-08,88.61,197,08/11/2010
2010-11-09,89.37,198,09/11/2010
2010-11-10,89.18,199,10/11/2010
2010-11-11,90.16,200,11/11/2010
2010-11-12,87.99,201,12/11/2010
2010-11-15,85.17,202,15/11/2010
2010-11-18,85.24,203,18/11/2010
2010-11-19,84.6,204,19/11/2010
2010-11-22,83.84,205,22/11/2010
2010-11-23,83.89,206,23/11/2010
2010-11-24,85.97,207,24/11/2010
2010-11-25,87.23,208,25/11/2010
2010-11-26,86.27,209,26/11/2010
2010-11-29,87.4,210,29/11/2010
2010-11-30,87.65,211,30/11/2010
2010-12-01,88.17,212,01/12/2010
2010-12-02,90.47,213,02/12/2010
2010-12-03,91.99,214,03/12/2010
2010-12-06,92.83,215,06/12/2010
2010-12-07,93.25,216,07/12/2010
2010-12-08,92.14,217,08/12/2010
2010-12-09,92.03,218,09/12/2010
2010-12-10,92.05,219,10/12/2010
2010-12-13,92.58,220,13/12/2010
2010-12-14,91.99,221,14/12/2010
2010-12-15,91.75,222,15/12/2010
2010-12-16,91.96,223,16/12/2010
2010-12-17,92.74,224,17/12/2010
2010-12-20,92.9,225,20/12/2010
2010-12-23,95.04,226,23/12/2010
2010-12-24,95.09,227,24/12/2010
2010-12-29,94.89,228,29/12/2010
2010-12-30,95.23,229,30/12/2010
2010-12-31,94.01,230,31/12/2010
2011-01-03,97.1,231,03/01/2011
2011-01-04,96.3,232,04/01/2011
2011-01-05,94.74,233,05/01/2011
2011-01-06,97.3,234,06/01/2011
2011-01-07,95.84,235,07/01/2011
2011-01-10,96.11,236,10/01/2011
2011-01-11,97.2,237,11/01/2011
2011-01-12,98.97,238,12/01/2011
2011-01-13,99.16,239,13/01/2011
2011-01-14,99.82,240,14/01/2011
2011-01-17,99.64,241,17/01/2011
2011-01-18,99.1,242,18/01/2011
2011-01-19,99.67,243,19/01/2011
2011-01-20,99.13,244,20/01/2011
2011-01-21,98.69,245,21/01/2011
2011-01-24,99.04,246,24/01/2011
2011-01-25,96.35,247,25/01/2011
2011-01-27,98.96,248,27/01/2011
2011-01-28,98.45,249,28/01/2011
2011-01-31,99.35,250,31/01/2011
2011-02-01,101.33,251,01/02/2011
2011-02-02,102.75,252,02/02/2011
2011-02-03,103.63,253,03/02/2011
2011-02-04,103.02,254,04/02/2011
2011-02-07,101.38,255,07/02/2011
2011-02-08,100.25,256,08/02/2011
2011-02-09,101.71,257,09/02/2011
2011-02-10,103.01,258,10/02/2011
2011-02-14,102.52,259,14/02/2011
2011-02-16,103.63,260,16/02/2011
2011-02-17,105.14,261,17/02/2011
2011-02-18,103.87,262,18/02/2011
2011-02-21,105.65,263,21/02/2011
2011-02-22,108.09,264,22/02/2011
2011-02-23,109.25,265,23/02/2011
2011-02-24,117.24,266,24/02/2011
2011-02-25,114.02,267,25/02/2011
2011-02-28,113.96,268,28/02/2011
2011-03-01,113.95,269,01/03/2011
2011-03-02,116.55,270,02/03/2011
2011-03-03,116.84,271,03/03/2011
2011-03-04,117.23,272,04/03/2011
2011-03-07,119.07,273,07/03/2011
2011-03-08,115.86,274,08/03/2011
2011-03-09,114.8,275,09/03/2011
2011-03-10,116.15,276,10/03/2011
2011-03-11,115.46,277,11/03/2011
2011-03-14,114.44,278,14/03/2011
2011-03-15,112.59,279,15/03/2011
2011-03-16,112.4,280,16/03/2011
2011-03-17,115.18,281,17/03/2011
2011-03-18,116.91,282,18/03/2011
2011-03-21,117.25,283,21/03/2011
2011-03-22,116.18,284,22/03/2011
2011-03-23,117.2,285,23/03/2011
2011-03-24,117.06,286,24/03/2011
2011-03-25,116.88,287,25/03/2011
2011-03-28,116.79,288,28/03/2011
2011-03-29,116.39,289,29/03/2011
2011-03-30,116.88,290,30/03/2011
2011-03-31,118.75,291,31/03/2011
2011-04-01,119.54,292,01/04/2011
2011-04-04,121.62,293,04/04/2011
2011-04-05,122.6,294,05/04/2011
2011-04-06,125.3,295,06/04/2011
2011-04-07,124.85,296,07/04/2011
2011-04-08,127.06,297,08/04/2011
2011-04-11,128.32,298,11/04/2011
2011-04-12,126.19,299,12/04/2011
2011-04-13,124.66,300,13/04/2011
2011-04-14,124.53,301,14/04/2011
2011-04-18,124.85,302,18/04/2011
2011-04-19,122.3,303,19/04/2011
2011-04-20,125.15,304,20/04/2011
2011-04-21,126.58,305,21/04/2011
2011-04-27,126.82,306,27/04/2011
2011-04-28,128.3,307,28/04/2011
2011-04-29,129.03,308,29/04/2011
2011-05-03,128.14,309,03/05/2011
2011-05-04,126.18,310,04/05/2011
2011-05-06,114.53,311,06/05/2011
2011-05-09,116.41,312,09/05/2011
2011-05-10,119.91,313,10/05/2011
2011-05-11,120.72,314,11/05/2011
2011-05-12,116.43,315,12/05/2011
2011-05-13,118.34,316,13/05/2011
2011-05-16,117.25,317,16/05/2011
2011-05-17,115.91,318,17/05/2011
2011-05-18,115.78,319,18/05/2011
2011-05-19,116.77,320,19/05/2011
2011-05-20,116.11,321,20/05/2011
2011-05-23,113.81,322,23/05/2011
2011-05-24,116.28,323,24/05/2011
2011-05-27,112.25,324,27/05/2011
2011-06-09,121.85,325,09/06/2011
2011-06-10,123.1,326,10/06/2011
2011-06-13,122.94,327,13/06/2011
2011-06-14,123.27,328,14/06/2011
2011-06-15,121.95,329,15/06/2011
2011-06-16,117.67,330,16/06/2011
2011-06-17,117.88,331,17/06/2011
2011-06-20,115.64,332,20/06/2011
2011-06-21,115.47,333,21/06/2011
2011-06-22,114.92,334,22/06/2011
2011-06-23,113.88,335,23/06/2011
2011-06-24,109.9,336,24/06/2011
2011-06-27,107.06,337,27/06/2011
2011-06-28,109.37,338,28/06/2011
2011-06-29,113.27,339,29/06/2011
2011-06-30,114.06,340,30/06/2011
2011-07-01,112.9,341,01/07/2011
2011-07-04,114.15,342,04/07/2011
2011-07-05,115.25,343,05/07/2011
2011-07-06,115.51,344,06/07/2011
2011-07-11,119.71,345,11/07/2011
2011-07-12,119.24,346,12/07/2011
2011-07-13,120.76,347,13/07/2011
2011-07-14,120.97,348,14/07/2011
2011-07-15,119.78,349,15/07/2011
2011-07-18,119.99,350,18/07/2011
2011-07-19,120.99,351,19/07/2011
2011-07-20,121.64,352,20/07/2011
2011-07-21,120.98,353,21/07/2011
2011-07-22,121.04,354,22/07/2011
2011-07-25,120.71,355,25/07/2011
2011-07-26,121.05,356,26/07/2011
2011-07-27,120.35,357,27/07/2011
2011-07-28,120.61,358,28/07/2011
2011-07-29,120.42,359,29/07/2011
2011-08-02,118.25,360,02/08/2011
2011-08-04,113.97,361,04/08/2011
2011-08-05,109.69,362,05/08/2011
2011-08-08,107.52,363,08/08/2011
2011-08-09,104.86,364,09/08/2011
2011-08-10,106.64,365,10/08/2011
2011-08-11,108.02,366,11/08/2011
2011-08-12,109.99,367,12/08/2011
2011-08-15,110.65,368,15/08/2011
2011-08-16,110.82,369,16/08/2011
2011-08-17,113.16,370,17/08/2011
2011-08-18,111.43,371,18/08/2011
2011-08-19,109.8,372,19/08/2011
2011-08-22,109.93,373,22/08/2011
2011-08-23,111.66,374,23/08/2011
2011-08-24,112.87,375,24/08/2011
2011-08-25,113.83,376,25/08/2011
2011-08-26,113.6,377,26/08/2011
2011-08-29,115.05,378,29/08/2011
2011-09-01,118.53,379,01/09/2011
2011-09-02,118.12,380,02/09/2011
2011-09-06,115.44,381,06/09/2011
2011-09-07,118.65,382,07/09/2011
2011-09-08,119.77,383,08/09/2011
2011-09-09,117.45,384,09/09/2011
2011-09-12,115.9,385,12/09/2011
2011-09-13,116.8,386,13/09/2011
2011-09-14,116.19,387,14/09/2011
2011-09-15,118.81,388,15/09/2011
2011-09-16,119.96,389,16/09/2011
2011-09-19,117.82,390,19/09/2011
2011-09-20,116.22,391,20/09/2011
2011-09-21,114.88,392,21/09/2011
2011-09-22,113.19,393,22/09/2011
2011-09-23,114.61,394,23/09/2011
2011-09-26,110.64,395,26/09/2011
2011-09-27,111.92,396,27/09/2011
2011-09-28,111.71,397,28/09/2011
2011-09-29,109.67,398,29/09/2011
2011-09-30,107.93,399,30/09/2011
2011-10-04,105.44,400,04/10/2011
2011-10-05,106.72,401,05/10/2011
2011-10-06,106.72,402,06/10/2011
2011-10-07,107.62,403,07/10/2011
2011-10-10,111.68,404,10/10/2011
2011-10-11,112.5,405,11/10/2011
2011-10-12,116.02,406,12/10/2011
2011-10-13,116.15,407,13/10/2011
2011-10-14,118.91,408,14/10/2011
2011-10-17,116.2,409,17/10/2011
2011-10-18,115.19,410,18/10/2011
2011-10-19,115.44,411,19/10/2011
2011-10-20,113.18,412,20/10/2011
2011-10-21,114.76,413,21/10/2011
2011-10-24,114.89,414,24/10/2011
2011-10-25,115.43,415,25/10/2011
2011-10-26,115.24,416,26/10/2011
2011-10-27,115.7,417,27/10/2011
2011-10-28,115.04,418,28/10/2011
2011-10-31,112.72,419,31/10/2011
2011-11-01,110.71,420,01/11/2011
2011-11-02,114.06,421,02/11/2011
2011-11-03,113.62,422,03/11/2011
2011-11-04,115.26,423,04/11/2011
2011-11-09,115.9,424,09/11/2011
2011-11-10,116.77,425,10/11/2011
2011-11-14,117.38,426,14/11/2011
2011-11-15,116.06,427,15/11/2011
2011-11-16,115.63,428,16/11/2011
2011-11-17,113.73,429,17/11/2011
2011-11-18,112.45,430,18/11/2011
2011-11-21,110.84,431,21/11/2011
2011-11-22,111.04,432,22/11/2011
2011-11-23,111.14,433,23/11/2011
2011-11-24,111.02,434,24/11/2011
2011-11-25,110.27,435,25/11/2011
2011-11-28,112.16,436,28/11/2011
2011-11-29,114.48,437,29/11/2011
2011-11-30,115.17,438,30/11/2011
2011-12-01,113.57,439,01/12/2011
2011-12-02,113.01,440,02/12/2011
2011-12-05,114.05,441,05/12/2011
2011-12-06,113.16,442,06/12/2011
2011-12-07,113.68,443,07/12/2011
2011-12-08,112.68,444,08/12/2011
2011-12-09,112.94,445,09/12/2011
2011-12-12,110.61,446,12/12/2011
2011-12-13,111.23,447,13/12/2011
2011-12-14,109.93,448,14/12/2011
2011-12-15,107.72,449,15/12/2011
2011-12-16,107.28,450,16/12/2011
2011-12-19,107.46,451,19/12/2011
2011-12-20,109.68,452,20/12/2011
2011-12-21,110.86,453,21/12/2011
2011-12-22,111.53,454,22/12/2011
2011-12-23,111.77,455,23/12/2011
2012-01-05,116.81,456,05/01/2012
2012-01-06,115.81,457,06/01/2012
2012-01-09,114.75,458,09/01/2012
2012-01-10,114.84,459,10/01/2012
2012-01-11,114.7,460,11/01/2012
2012-01-12,115.3,461,12/01/2012
2012-01-13,112.85,462,13/01/2012
2012-01-16,112.8,463,16/01/2012
2012-01-17,113.77,464,17/01/2012
2012-01-18,113.31,465,18/01/2012
2012-01-19,112.96,466,19/01/2012
2012-01-20,112.3,467,20/01/2012
2012-01-23,112.19,468,23/01/2012
2012-01-24,111.47,469,24/01/2012
2012-01-25,110.42,470,25/01/2012
2012-01-26,112.12,471,26/01/2012
2012-01-27,111.67,472,27/01/2012
2012-02-01,114,473,01/02/2012
2012-02-02,114.46,474,02/02/2012
2012-02-03,115.5,475,03/02/2012
2012-02-07,118.68,476,07/02/2012
2012-02-08,119.56,477,08/02/2012
2012-02-09,121.09,478,09/02/2012
2012-02-10,120.25,479,10/02/2012
2012-02-13,121.71,480,13/02/2012
2012-02-14,120.95,481,14/02/2012
2012-02-15,122.28,482,15/02/2012
2012-02-16,123.67,483,16/02/2012
2012-02-17,123.63,484,17/02/2012
2012-02-20,124.79,485,20/02/2012
2012-02-21,123.62,486,21/02/2012
2012-02-22,124.69,487,22/02/2012
2012-02-23,125.87,488,23/02/2012
2012-02-24,127.84,489,24/02/2012
2012-02-27,127.82,490,27/02/2012
2012-02-28,127.1,491,28/02/2012
2012-02-29,126.04,492,29/02/2012
2012-03-01,126.98,493,01/03/2012
2012-03-02,128.54,494,02/03/2012
2012-03-05,128.14,495,05/03/2012
2012-03-06,128.6,496,06/03/2012
2012-03-07,127.76,497,07/03/2012
2012-03-08,130.04,498,08/03/2012
2012-03-09,130.13,499,09/03/2012
2012-03-12,129.6,500,12/03/2012
2012-03-13,130.37,501,13/03/2012
2012-03-14,130.43,502,14/03/2012
2012-03-15,128.25,503,15/03/2012
2012-03-16,126.71,504,16/03/2012
2012-03-19,128.44,505,19/03/2012
2012-03-20,127.08,506,20/03/2012
2012-03-21,126.97,507,21/03/2012
2012-03-22,125.56,508,22/03/2012
2012-03-23,126.66,509,23/03/2012
2012-03-26,128.17,510,26/03/2012
2012-03-27,128.55,511,27/03/2012
2012-03-28,126.91,512,28/03/2012
2012-03-29,126.59,513,29/03/2012
2012-03-30,126.12,514,30/03/2012
2012-04-02,125.86,515,02/04/2012
2012-04-03,126.8,516,03/04/2012
2012-04-04,126.76,517,04/04/2012
2012-04-05,125.46,518,05/04/2012
2012-04-10,124.65,519,10/04/2012
2012-04-11,123.31,520,11/04/2012
2012-04-12,123.26,521,12/04/2012
2012-04-13,123.62,522,13/04/2012
2012-04-16,123.07,523,16/04/2012
2012-04-17,122.26,524,17/04/2012
2012-04-18,119.08,525,18/04/2012
2012-04-19,119.78,526,19/04/2012
2012-04-20,120.12,527,20/04/2012
2012-04-23,119.4,528,23/04/2012
2012-04-24,120.51,529,24/04/2012
2012-04-25,120.44,530,25/04/2012
2012-04-27,121.88,531,27/04/2012
2012-04-30,122.07,532,30/04/2012
2012-05-02,121.65,533,02/05/2012
2012-05-03,119.52,534,03/05/2012
2012-05-04,116.36,535,04/05/2012
2012-05-07,114.69,536,07/05/2012
2012-05-08,113.64,537,08/05/2012
2012-05-09,113.94,538,09/05/2012
2012-05-10,115.19,539,10/05/2012
2012-05-11,114.31,540,11/05/2012
2012-05-14,113.05,541,14/05/2012
2012-05-15,114.33,542,15/05/2012
2012-05-16,113.69,543,16/05/2012
2012-05-17,112.53,544,17/05/2012
2012-05-18,110.72,545,18/05/2012
2012-05-21,111.44,546,21/05/2012
2012-05-22,112.25,547,22/05/2012
2012-05-23,110.52,548,23/05/2012
2012-05-24,109.46,549,24/05/2012
2012-05-25,110.23,550,25/05/2012
2012-05-28,111.03,551,28/05/2012
2012-05-30,107.38,552,30/05/2012
2012-05-31,106.01,553,31/05/2012
2012-06-01,101.49,554,01/06/2012
2012-06-04,99.29,555,04/06/2012
2012-06-05,100.57,556,05/06/2012
2012-06-06,102.39,557,06/06/2012
2012-06-07,103.13,558,07/06/2012
2012-06-08,100.14,559,08/06/2012
2012-06-11,102.15,560,11/06/2012
2012-06-12,99.95,561,12/06/2012
2012-06-13,98.86,562,13/06/2012
2012-06-14,98.22,563,14/06/2012
2012-06-15,98.21,564,15/06/2012
2012-06-18,98.33,565,18/06/2012
2012-06-19,97.29,566,19/06/2012
2012-06-20,96.24,567,20/06/2012
2012-06-21,92.61,568,21/06/2012
2012-06-22,91.21,569,22/06/2012
2012-06-25,90.83,570,25/06/2012
2012-06-26,92.44,571,26/06/2012
2012-06-27,93.55,572,27/06/2012
2012-06-28,93.53,573,28/06/2012
2012-06-29,95.2,574,29/06/2012
2012-07-02,96.62,575,02/07/2012
2012-07-03,100.96,576,03/07/2012
2012-07-04,101.35,577,04/07/2012
2012-07-05,102.89,578,05/07/2012
2012-07-06,101.05,579,06/07/2012
2012-07-09,100.54,580,09/07/2012
2012-07-10,101.34,581,10/07/2012
2012-07-11,100.88,582,11/07/2012
2012-07-12,100.77,583,12/07/2012
2012-07-13,103.47,584,13/07/2012
2012-07-16,104.44,585,16/07/2012
2012-07-17,107.22,586,17/07/2012
2012-07-18,106.64,587,18/07/2012
2012-07-19,109.32,588,19/07/2012
2012-07-20,108.66,589,20/07/2012
2012-07-23,105.65,590,23/07/2012
2012-07-24,105.34,591,24/07/2012
2012-07-25,105.08,592,25/07/2012
2012-07-27,107.27,593,27/07/2012
2012-07-30,107.95,1,30/07/2012
2012-07-31,107.97,2,31/07/2012
2012-08-01,107.16,3,01/08/2012
2012-08-02,107.95,4,02/08/2012
2012-08-03,109.58,5,03/08/2012
2012-08-06,110.68,595,06/08/2012
2012-08-07,112.46,596,07/08/2012
2012-08-08,113.88,597,08/08/2012
2012-08-09,114.31,598,09/08/2012
2012-08-10,113.92,599,10/08/2012
2012-08-13,115.45,600,13/08/2012
2012-08-14,115.97,601,14/08/2012
2012-08-15,115.82,602,15/08/2012
2012-08-16,117.81,603,16/08/2012
2012-08-17,115.17,604,17/08/2012
2012-08-27,115.86,607,27/08/2012
2012-08-28,114.64,608,28/08/2012
2012-08-31,114.21,609,31/08/2012
2012-09-03,115.52,610,03/09/2012
2012-09-04,116.92,611,04/09/2012
2012-09-10,115.69,613,10/09/2012
2012-09-12,116.87,614,12/09/2012
2012-09-13,117.43,615,13/09/2012
2012-09-14,118.7,616,14/09/2012
2012-09-17,118.08,617,17/09/2012
2012-09-18,115.37,618,18/09/2012
2012-09-19,111.6,619,19/09/2012
2012-09-20,109.56,620,20/09/2012
2012-09-21,112.39,621,21/09/2012
2012-09-24,111.52,622,24/09/2012
2012-09-25,111.78,623,25/09/2012
2012-09-26,110.39,624,26/09/2012
2012-09-27,112.25,625,27/09/2012
2012-09-28,113.07,626,28/09/2012
2012-10-02,114.25,628,02/10/2012
2012-10-03,112.07,629,03/10/2012
2012-10-04,111.59,630,04/10/2012
2012-10-05,114.25,631,05/10/2012
2012-10-08,114.06,632,08/10/2012
2012-10-09,115.01,633,09/10/2012
2012-10-10,116.78,634,10/10/2012
2012-10-11,117.87,635,11/10/2012
2012-10-12,117.14,636,12/10/2012
2012-10-15,116.9,637,15/10/2012
2012-10-16,117.64,638,16/10/2012
2012-10-17,115.48,639,17/10/2012
2012-10-18,114.71,640,18/10/2012
2012-10-19,114.5,641,19/10/2012
2012-10-22,112.4,642,22/10/2012
2012-10-23,110.25,643,23/10/2012
2012-10-24,109.66,644,24/10/2012
2012-10-29,111.23,645,29/10/2012
2012-10-30,111.51,646,30/10/2012
2012-10-31,111.43,647,31/10/2012
2012-11-01,110.99,648,01/11/2012
2012-11-02,110.3,649,02/11/2012
2012-11-05,107.6,650,05/11/2012
2012-11-06,109.78,651,06/11/2012
2012-11-07,112.04,652,07/11/2012
2012-11-08,109.79,653,08/11/2012
2012-11-09,109.12,654,09/11/2012
2012-11-12,111.62,655,12/11/2012
2012-11-13,110.69,656,13/11/2012
2012-11-14,110.77,657,14/11/2012
2012-11-15,112.25,658,15/11/2012
2012-11-16,109.24,659,16/11/2012
2012-11-19,110.94,660,19/11/2012
2012-11-20,112.09,661,20/11/2012
2012-11-21,112.64,662,21/11/2012
2012-11-22,112.34,663,22/11/2012
2012-11-23,112.43,664,23/11/2012
2012-11-26,112.9,665,26/11/2012
2012-11-27,112.33,666,27/11/2012
2012-11-28,110.51,667,28/11/2012
2012-11-29,111.7,668,29/11/2012
2012-11-30,111.95,669,30/11/2012
2012-12-03,113.31,670,03/12/2012
2012-12-04,112.05,671,04/12/2012
2012-12-05,111.94,672,05/12/2012
2012-12-06,110.14,673,06/12/2012
2012-12-07,109.23,674,07/12/2012
2012-12-10,109.71,675,10/12/2012
2012-12-11,109.96,676,11/12/2012
2012-12-12,110.85,677,12/12/2012
2012-12-14,110.79,678,14/12/2012
2012-12-17,110.29,679,17/12/2012
2012-12-18,111.29,680,18/12/2012
2012-12-19,112.56,681,19/12/2012
2012-12-20,113.19,682,20/12/2012
2012-12-24,110.52,683,24/12/2012
2012-12-27,112.39,684,27/12/2012
2012-12-28,112.08,685,28/12/2012
2013-01-02,114.05,686,02/01/2013
2013-01-03,115.19,687,03/01/2013
2013-01-04,114.11,688,04/01/2013
2013-01-07,114.59,689,07/01/2013
2013-01-08,115.61,690,08/01/2013
2013-01-09,115.67,691,09/01/2013
2013-01-10,116.46,692,10/01/2013
2013-01-11,113.87,693,11/01/2013
2013-01-14,113.59,694,14/01/2013
2013-01-15,114.48,696,15/01/2013
2013-01-16,113.49,697,16/01/2013
2013-01-17,113.1,698,17/01/2013
2013-01-18,113.92,699,18/01/2013
2013-01-21,114.82,700,21/01/2013
2013-01-22,115.26,701,22/01/2013
2013-01-23,115.52,702,23/01/2013
2013-01-25,116.98,703,25/01/2013
2013-01-28,116.31,704,28/01/2013
2013-01-29,116.56,705,29/01/2013
2013-01-30,117.97,707,30/01/2013
2013-01-31,117.84,708,31/01/2013
2013-02-01,119.21,709,01/02/2013
2013-02-04,119.32,711,04/02/2013
2013-02-05,118.79,712,05/02/2013
2013-02-08,120.54,713,08/02/2013
2013-02-11,120.35,714,11/02/2013
2013-02-12,120.85,715,12/02/2013
2013-02-13,121.02,716,13/02/2013
2013-02-14,120.13,717,14/02/2013
2013-02-15,120.38,718,15/02/2013
2013-02-18,120.6,719,18/02/2013
2013-02-19,119.55,720,19/02/2013
2013-02-20,119.81,721,20/02/2013
2013-02-21,117.68,722,21/02/2013
2013-02-22,116.71,723,22/02/2013
2013-02-25,117.8,725,25/02/2013
2013-02-26,115.99,726,26/02/2013
2013-02-27,115.31,727,27/02/2013
2013-02-28,114.5,728,28/02/2013
2013-03-01,115.48,729,01/03/2013
2013-03-04,112.5,730,04/03/2013
2013-03-05,112.75,731,05/03/2013
2013-03-06,113.14,732,06/03/2013
2013-03-07,112.51,733,07/03/2013
2013-03-08,112.02,734,08/03/2013
2013-03-11,111.28,735,11/03/2013
2013-03-12,111.28,736,12/03/2013
2013-03-13,110.58,737,13/03/2013
2013-03-14,121.99,738,14/03/2013
2013-03-15,115.48,739,15/03/2013
2013-03-18,110.39,740,18/03/2013
2013-03-19,110.61,741,19/03/2013
2013-03-20,109.83,742,20/03/2013
2013-03-21,109.97,743,21/03/2013
2013-03-22,108.84,744,22/03/2013
2013-03-25,109.71,745,25/03/2013
2013-03-26,108.97,746,26/03/2013
2013-03-27,112.34,747,27/03/2013
2013-03-28,110.86,748,28/03/2013
2013-04-02,112.56,749,02/04/2013
2013-04-03,112.02,750,03/04/2013
2013-04-04,108.85,751,04/04/2013
2013-04-05,107.88,752,05/04/2013
2013-04-08,107.25,753,08/04/2013
2013-04-09,107.12,754,09/04/2013
2013-04-10,108.15,755,10/04/2013
2013-04-11,107.61,756,11/04/2013
2013-04-18,100.5,757,18/04/2013
2013-04-19,101.7,758,19/04/2013
2013-04-22,102.74,759,22/04/2013
2013-04-23,101.57,760,23/04/2013
2013-04-24,103.15,761,24/04/2013
2013-04-25,104.26,762,25/04/2013
2013-04-26,105.12,763,26/04/2013
2013-04-29,105.61,764,29/04/2013
2013-04-30,105.77,765,30/04/2013
2013-05-02,102.89,766,02/05/2013
2013-05-03,106.4,767,03/05/2013
2013-05-08,107.6,768,08/05/2013
2013-05-09,107.01,769,09/05/2013
2013-05-10,105.78,770,10/05/2013
2013-05-13,105.48,771,13/05/2013
2013-05-14,105.43,772,14/05/2013
2013-05-15,105.19,773,15/05/2013
2013-05-16,107.11,774,16/05/2013
2013-05-17,107.68,775,17/05/2013
2013-05-20,107.45,776,20/05/2013
2013-05-21,107.06,777,21/05/2013
2013-05-22,105.91,778,22/05/2013
2013-05-23,103.49,779,23/05/2013
2013-05-24,104.91,780,24/05/2013
2013-05-27,104.54,781,27/05/2013
2013-05-28,106.66,782,28/05/2013
2013-05-30,104.16,783,30/05/2013
2013-05-31,104.21,784,31/05/2013
2013-06-03,103.81,785,03/06/2013
2013-06-04,104.73,786,04/06/2013
2013-06-06,106.03,787,06/06/2013
2013-06-07,106.88,788,07/06/2013
2013-06-10,107.09,789,10/06/2013
2013-06-11,105.72,790,11/06/2013
2013-06-13,105.87,791,13/06/2013
2013-06-14,108.23,792,14/06/2013
2013-06-17,108.42,793,17/06/2013
2013-06-18,108.57,794,18/06/2013
2013-06-19,109,795,19/06/2013
2013-06-20,106.5,796,20/06/2013
2013-06-21,105.11,797,21/06/2013
2013-06-24,103.53,798,24/06/2013
2013-06-25,104.67,799,25/06/2013
2013-06-28,106.01,800,28/06/2013
2013-07-01,105.14,801,01/07/2013
2013-07-02,105.51,802,02/07/2013
2013-07-03,107.61,803,03/07/2013
2013-07-04,107.72,804,04/07/2013
2013-07-05,108.92,805,05/07/2013
2013-07-08,109.98,806,08/07/2013
2013-07-09,109.69,807,09/07/2013
2013-07-10,110.81,808,10/07/2013
2013-07-11,110.64,809,11/07/2013
2013-07-12,110.54,810,12/07/2013
2013-07-15,111.23,811,15/07/2013
2013-07-16,111.7,812,16/07/2013
2013-07-17,110.57,813,17/07/2013
2013-07-18,111.78,814,18/07/2013
2013-07-19,112.28,815,19/07/2013
2013-07-22,111.43,816,22/07/2013
2013-07-23,111.36,817,23/07/2013
2013-07-24,110.72,818,24/07/2013
2013-07-25,110.06,819,25/07/2013
2013-07-26,109.99,820,26/07/2013
2013-07-29,110.23,821,29/07/2013
2013-07-30,109.76,822,30/07/2013
2013-07-31,109.56,823,31/07/2013
2013-08-01,112.21,824,01/08/2013
2013-08-02,112.24,825,02/08/2013
2013-08-05,111.32,826,05/08/2013
2013-08-06,111.64,827,06/08/2013
2013-08-07,110.65,828,07/08/2013
2013-08-12,111.5,829,12/08/2013
2013-08-13,113.2,830,13/08/2013
2013-08-14,112.8,831,14/08/2013
2013-08-15,113.92,832,15/08/2013
2013-08-16,112.81,833,16/08/2013
2013-08-19,114.55,834,19/08/2013
2013-08-20,112.65,835,20/08/2013
2013-08-21,112.94,836,21/08/2013
2013-08-22,113.08,837,22/08/2013
2013-08-23,113.62,838,23/08/2013
2013-08-26,114.52,839,26/08/2013
2013-08-27,116.23,840,27/08/2013
2013-08-28,119.17,841,28/08/2013
2013-08-29,119.09,842,29/08/2013
2013-08-30,118.3,843,30/08/2013
2013-09-04,117.84,844,04/09/2013
2013-09-09,118.26,845,09/09/2013
2013-09-10,114.99,846,10/09/2013
2013-09-11,115.08,847,11/09/2013
2013-09-12,115.29,848,12/09/2013
2013-09-13,115.39,849,13/09/2013
2013-09-16,113.32,850,16/09/2013
2013-09-17,112.25,851,17/09/2013
2013-09-18,111.42,852,18/09/2013
2013-09-19,113.23,853,19/09/2013
2013-09-20,112.31,854,20/09/2013
2013-09-23,112.11,855,23/09/2013
2013-09-24,110.86,856,24/09/2013
2013-09-26,111.2,857,26/09/2013
2013-10-02,111.8,858,02/10/2013
2013-10-03,112.91,859,03/10/2013
2013-10-04,113.17,860,04/10/2013
2013-10-07,112.54,861,07/10/2013
2013-10-08,113.91,862,08/10/2013
2013-10-09,113.1,863,09/10/2013
2013-10-10,113.95,864,10/10/2013
2013-10-11,114.83,865,11/10/2013
2013-10-14,114.42,866,14/10/2013
2013-10-17,113.13,867,17/10/2013
2013-10-18,113.36,868,18/10/2013
2013-10-21,112.78,869,21/10/2013
2013-10-22,113.39,870,22/10/2013
2013-10-23,112.56,871,23/10/2013
2013-10-24,110.31,872,24/10/2013
2013-10-25,109.48,873,25/10/2013
2013-10-28,110.71,874,28/10/2013
2013-10-29,112.07,875,29/10/2013
2013-10-30,111.88,876,30/10/2013
2013-10-31,111.82,877,31/10/2013
2013-11-01,110.42,878,01/11/2013
2013-11-04,108.53,879,04/11/2013
2013-11-05,108.66,880,05/11/2013
2013-11-06,108.79,881,06/11/2013
2013-11-07,107.33,882,07/11/2013
2013-11-08,106.5,883,08/11/2013
2013-11-11,108.9,884,11/11/2013
2013-11-12,109.85,885,12/11/2013
2013-11-13,110.02,886,13/11/2013
2013-11-14,110.93,887,14/11/2013
2013-11-15,111.61,888,15/11/2013
2013-11-18,111.62,889,18/11/2013
2013-11-19,111.91,890,19/11/2013
2013-11-20,110.5,891,20/11/2013
2013-11-21,112.11,892,21/11/2013
2013-11-22,114.49,893,22/11/2013
2013-11-25,113.8,894,25/11/2013
2013-11-26,115.41,895,26/11/2013
2013-11-27,115.43,896,27/11/2013
2013-11-28,115.09,897,28/11/2013
2013-11-29,114.94,898,29/11/2013
2013-12-02,112.55,899,02/12/2013
2013-12-03,114.47,900,03/12/2013
2013-12-04,115.08,901,04/12/2013
2013-12-05,114.67,902,05/12/2013
2013-12-06,114.14,903,06/12/2013
2013-12-09,113.44,904,09/12/2013
2013-12-10,112.23,905,10/12/2013
2013-12-11,109.91,906,11/12/2013
2013-12-12,111.51,907,12/12/2013
2013-12-13,110.85,908,13/12/2013
2013-12-17,111.13,909,17/12/2013
2013-12-18,111.19,910,18/12/2013
2013-12-19,112.16,911,19/12/2013
2013-12-20,111.99,912,20/12/2013
2013-12-23,114.56,913,23/12/2013
2013-12-24,113.94,914,24/12/2013
2013-12-27,113.86,915,27/12/2013
2013-12-30,113.79,916,30/12/2013
2013-12-31,112.75,917,31/12/2013
2014-01-02,111.8,918,02/01/2014
2014-01-03,109.53,919,03/01/2014
2014-01-06,109.21,920,06/01/2014
2014-01-07,109,921,07/01/2014
2014-01-08,109.39,922,08/01/2014
2014-01-09,109.69,923,09/01/2014
2014-01-10,109.06,924,10/01/2014
2014-01-13,109.07,925,13/01/2014
2014-01-15,108.96,926,15/01/2014
2014-01-16,109.51,927,16/01/2014
2014-01-17,109.45,928,17/01/2014
2014-01-20,109.86,929,20/01/2014
2014-01-21,111.18,930,21/01/2014
2014-01-22,111.65,931,22/01/2014
2014-01-23,111.69,932,23/01/2014
2014-01-24,110.96,933,24/01/2014
2014-01-27,110.96,934,27/01/2014
2014-01-28,110.96,935,28/01/2014
2014-01-29,111.15,936,29/01/2014
2014-01-30,110.31,937,30/01/2014
2014-01-31,110.02,938,31/01/2014
2014-02-03,109.4,939,03/02/2014
2014-02-04,109.51,940,04/02/2014
2014-02-05,109.17,941,05/02/2014
2014-02-06,110.31,942,06/02/2014
2014-02-07,111.01,943,07/02/2014
2014-02-10,112.08,944,10/02/2014
2014-02-11,112.21,945,11/02/2014
2014-02-12,111.59,946,12/02/2014
2014-02-13,110.32,947,13/02/2014
2014-02-14,110.72,948,14/02/2014
2014-02-17,111.56,949,17/02/2014
2014-02-18,112.2,950,18/02/2014
2014-02-19,112.63,951,19/02/2014
2014-02-20,112.1,952,20/02/2014
2014-02-21,111.91,953,21/02/2014
2014-02-24,111.11,954,24/02/2014
2014-02-25,111.39,955,25/02/2014
2014-02-26,110.76,956,26/02/2014
2014-02-27,110.46,957,27/02/2014
2014-02-28,110.38,958,28/02/2014
2014-03-03,113.35,959,03/03/2014
2014-03-04,111.52,960,04/03/2014
2014-03-05,110.58,961,05/03/2014
2014-03-06,109.88,962,06/03/2014
2014-03-07,111.02,963,07/03/2014
2014-03-10,110.26,964,10/03/2014
2014-03-11,110.38,965,11/03/2014
2014-03-12,109.92,966,12/03/2014
2014-03-13,109.94,967,13/03/2014
2014-03-14,109.51,968,14/03/2014
2014-03-17,109,969,17/03/2014
2014-03-18,108.57,970,18/03/2014
2014-03-19,107.99,971,19/03/2014
2014-03-20,107.66,972,20/03/2014
2014-03-21,109.26,973,21/03/2014
2014-03-24,108.88,974,24/03/2014
2014-03-25,108.81,975,25/03/2014
2014-03-26,108.7,976,26/03/2014
2014-03-27,108.55,977,27/03/2014
2014-03-28,109.1,978,28/03/2014
2014-03-31,108.53,979,31/03/2014
2014-04-01,108.62,980,01/04/2014
2014-04-02,106.21,981,02/04/2014
2014-04-03,106.7,982,03/04/2014
2014-04-04,108.74,983,04/04/2014
2014-04-07,108.18,984,07/04/2014
2014-04-08,108.01,985,08/04/2014
2014-04-09,109.72,986,09/04/2014
2014-04-10,109.68,987,10/04/2014
2014-04-11,109.41,988,11/04/2014
2014-04-14,110.16,989,14/04/2014
2014-04-15,110.89,990,15/04/2014
2014-04-16,112.41,991,16/04/2014
2014-04-17,113.63,992,17/04/2014
2014-04-22,111.62,993,22/04/2014
2014-04-23,111.47,994,23/04/2014
2014-04-24,111.7,995,24/04/2014
2014-04-25,112.06,996,25/04/2014
2014-04-28,112.17,1015,28/04/2014
2014-04-29,111.9,998,29/04/2014
2014-04-30,111.4,999,30/04/2014
2014-05-02,111.54,1000,02/05/2014
2014-05-05,111.81,1001,05/05/2014
2014-05-09,111.57,1002,09/05/2014
2014-05-12,111.2,1003,12/05/2014
2014-05-13,111.3,1004,13/05/2014
2014-05-14,112.21,1005,14/05/2014
2014-05-15,112.38,1006,15/05/2014
2014-05-16,111.73,1007,16/05/2014
2014-05-19,113.42,1008,19/05/2014
2014-05-20,113.08,1009,20/05/2014
2014-05-21,113.5,1010,21/05/2014
2014-05-22,113.89,1011,22/05/2014
2014-05-23,113.16,1012,23/05/2014
2014-05-26,112.34,1013,26/05/2014
2014-05-27,112.35,1014,27/05/2014
2014-05-30,111.86,1016,30/05/2014
2014-06-02,111.95,1017,02/06/2014
2014-06-03,111.65,1018,03/06/2014
2014-06-04,112.1,1019,04/06/2014
2014-06-05,111.1,1020,05/06/2014
2014-06-06,111.63,1021,06/06/2014
2014-06-09,112.71,1022,09/06/2014
2014-06-10,113.25,1023,10/06/2014
2014-06-11,112.41,1024,11/06/2014
2014-06-12,114.32,1025,12/06/2014
2014-06-13,116.05,1026,13/06/2014
2014-06-16,114.99,1027,16/06/2014
2014-06-17,115.87,1028,17/06/2014
2014-06-18,116.54,1029,18/06/2014
2014-06-19,116.99,1030,19/06/2014
2014-06-20,117.7,1031,20/06/2014
2014-06-23,116.96,1032,23/06/2014
2014-06-24,116.57,1033,24/06/2014
2014-06-25,115.42,1034,25/06/2014
2014-06-26,115.42,1035,26/06/2014
2014-06-27,115.44,1036,27/06/2014
2014-06-30,114.74,1037,30/06/2014
2014-07-01,113.58,1038,01/07/2014
2014-07-02,112.85,1039,02/07/2014
2014-07-03,111.93,1040,03/07/2014
2014-07-04,111.61,1041,04/07/2014
2014-07-07,111.6,1042,07/07/2014
2014-07-08,110.64,1043,08/07/2014
2014-07-09,109.68,1044,09/07/2014
2014-07-10,109.03,1045,10/07/2014
2014-07-11,108.75,1046,11/07/2014
2014-07-14,108.27,1047,14/07/2014
2014-07-15,106.35,1048,15/07/2014
2014-07-16,107.8,1049,16/07/2014
2014-07-17,109.07,1050,17/07/2014
2014-07-18,108.94,1051,18/07/2014
2014-07-21,107.75,1052,21/07/2014
2014-07-22,109.08,1053,22/07/2014
2014-07-23,109.07,1054,23/07/2014
2014-07-24,109.3,1055,24/07/2014
2014-07-25,108.3,1056,25/07/2014
2014-07-30,109.56,1057,30/07/2014
2014-07-31,107.95,1058,31/07/2014
2014-08-01,105.71,1059,01/08/2014
2014-08-04,104.42,1060,04/08/2014
2014-08-05,104.44,1061,05/08/2014
2014-08-06,104.23,1062,06/08/2014
2014-08-07,104.63,1063,07/08/2014
2014-08-11,104.14,1064,11/08/2014
2014-08-13,102.05,1065,13/08/2014
2014-08-18,100.87,1066,18/08/2014
2014-08-19,99.58,1067,19/08/2014
2014-08-20,100.99,1068,20/08/2014
2014-08-21,100.3,1069,21/08/2014
2014-08-22,101.31,1070,22/08/2014
2014-08-25,100.98,1071,25/08/2014
2014-08-26,101.38,1072,26/08/2014
2014-08-27,101.13,1073,27/08/2014
2014-08-28,101.3,1074,28/08/2014
2014-08-29,101.74,1075,29/08/2014
2014-09-01,102.31,1076,01/09/2014
2014-09-02,101.39,1077,02/09/2014
2014-09-03,101.08,1078,03/09/2014
2014-09-04,102.07,1079,04/09/2014
2014-09-05,101.29,1080,05/09/2014
2014-09-08,99.51,1081,08/09/2014
2014-09-09,99.22,1082,09/09/2014
2014-09-10,98.07,1083,10/09/2014
2014-09-11,99.61,1084,11/09/2014
2014-09-12,97.86,1085,12/09/2014
2014-09-15,96.93,1086,15/09/2014
2014-09-16,98.21,1087,16/09/2014
2014-09-17,98.39,1088,17/09/2014
2014-09-18,98.13,1089,18/09/2014
2014-09-19,97.32,1090,19/09/2014
2014-09-22,97.22,1091,22/09/2014
2014-09-23,96.48,1092,23/09/2014
2014-09-24,95.24,1093,24/09/2014
2014-09-25,96.06,1094,25/09/2014
2014-09-26,96.11,1095,26/09/2014
2014-09-29,95.7,1096,29/09/2014
2014-09-30,96.77,1097,30/09/2014
2014-10-02,92.65,1098,02/10/2014
2014-10-03,92.81,1099,03/10/2014
2014-10-08,91.51,1100,08/10/2014
2014-10-09,91.42,1101,09/10/2014
2014-10-10,89.78,1102,10/10/2014
2014-10-13,88.85,1103,13/10/2014
2014-10-14,87.99,1104,14/10/2014
2014-10-15,84.96,1105,15/10/2014
2014-10-16,83.83,1106,16/10/2014
2014-10-17,87.21,1107,17/10/2014
2014-10-20,86.02,1108,20/10/2014
2014-10-21,86.63,1109,21/10/2014
2014-10-22,87.42,1110,22/10/2014
2014-10-24,86.58,1111,24/10/2014
2014-10-27,86.25,1112,27/10/2014
2014-10-28,86.83,1113,28/10/2014
2014-10-29,87.58,1114,29/10/2014
2014-10-30,86.95,1115,30/10/2014
2014-10-31,85.31,1116,31/10/2014
2014-11-03,86.14,1117,03/11/2014
2014-11-04,83.68,1118,04/11/2014
2014-11-05,83.12,1119,05/11/2014
2014-11-06,83.59,1120,06/11/2014
2014-11-07,83.97,1121,07/11/2014
2014-11-10,85.23,1122,10/11/2014
2014-11-11,82.7,1123,11/11/2014
2014-11-12,81.76,1124,12/11/2014
2014-11-13,79.78,1125,13/11/2014
2014-11-14,78.88,1126,14/11/2014
2014-11-17,78.02,1127,17/11/2014
2014-11-18,78.72,1128,18/11/2014
2014-11-19,78.58,1129,19/11/2014
2014-11-20,77.99,1130,20/11/2014
2014-11-21,80.79,1131,21/11/2014
2014-11-24,80.52,1132,24/11/2014
2014-11-25,80.3,1133,25/11/2014
2014-11-26,78.46,1134,26/11/2014
2014-11-27,76.22,1135,27/11/2014
2014-11-28,73.17,1136,28/11/2014
2014-12-01,70.06,1137,01/12/2014
2014-12-02,72.37,1138,02/12/2014
2014-12-03,71.56,1139,03/12/2014
2014-12-04,70.35,1140,04/12/2014
2014-12-05,69.55,1141,05/12/2014
2014-12-08,68.12,1142,08/12/2014
2014-12-09,66.58,1143,09/12/2014
2014-12-10,66.25,1144,10/12/2014
2014-12-11,64.88,1145,11/12/2014
2014-12-12,63.65,1146,12/12/2014
2014-12-15,63.45,1147,15/12/2014
2014-12-16,60.26,1148,16/12/2014
2014-12-17,60.34,1149,17/12/2014
2014-12-18,62.8,1150,18/12/2014
2014-12-19,60.12,1151,19/12/2014
2014-12-22,61.4,1152,22/12/2014
2014-12-23,59.97,1153,23/12/2014
2014-12-24,60.26,1154,24/12/2014
2014-12-29,59.88,1155,29/12/2014
2014-12-30,57.46,1156,30/12/2014
2014-12-31,57.8,1157,31/12/2014
2015-01-05,54.79,1158,05/01/2015
2015-01-06,51.78,1159,06/01/2015
2015-01-07,50.95,1160,07/01/2015
2015-01-08,51.13,1161,08/01/2015
2015-01-09,50.28,1162,09/01/2015
2015-01-12,48.39,1163,12/01/2015
2015-01-13,46.37,1164,13/01/2015
2015-01-14,46.75,1165,14/01/2015
2015-01-15,49.02,1166,15/01/2015
2015-01-16,49.8,1167,16/01/2015
2015-01-19,49.14,1168,19/01/2015
2015-01-20,47.61,1169,20/01/2015
2015-01-21,47.82,1170,21/01/2015
2015-01-22,48.42,1171,22/01/2015
2015-01-23,47.13,1172,23/01/2015
2015-01-26,46.64,1173,26/01/2015
2015-01-27,46.73,1174,27/01/2015
2015-01-28,47.62,1175,28/01/2015
2015-01-29,47.7,1176,29/01/2015
2015-01-30,48.16,1177,30/01/2015
2015-02-02,51.7,1178,02/02/2015
2015-02-03,54.76,1179,03/02/2015
2015-02-04,55.1,1180,04/02/2015
2015-02-05,54.43,1181,05/02/2015
2015-02-06,57.39,1182,06/02/2015
2015-02-09,56.51,1183,09/02/2015
2015-02-10,56.83,1184,10/02/2015
2015-02-11,54.94,1185,11/02/2015
2015-02-12,54.77,1186,12/02/2015
2015-02-13,58.96,1187,13/02/2015
2015-02-16,60.76,1188,16/02/2015
2015-02-17,61.83,1189,17/02/2015
2015-02-18,61.39,1190,18/02/2015
2015-02-20,60.28,1191,20/02/2015
2015-02-23,59.76,1192,23/02/2015
2015-02-24,59.82,1193,24/02/2015
2015-02-25,59.91,1194,25/02/2015
2015-02-26,62.16,1195,26/02/2015
2015-02-27,61.89,1196,27/02/2015
2015-03-02,61.88,1197,02/03/2015
2015-03-03,60.93,1198,03/03/2015
2015-03-04,60.64,1199,04/03/2015
2015-03-05,60.7,1200,05/03/2015
2015-03-06,60.59,1201,06/03/2015
2015-03-09,58.78,1202,09/03/2015
2015-03-10,57.44,1203,10/03/2015
2015-03-11,56.35,1204,11/03/2015
2015-03-12,58.02,1205,12/03/2015
2015-03-13,56.35,1206,13/03/2015
2015-03-16,53.28,1207,16/03/2015
2015-03-17,52.63,1208,17/03/2015
2015-03-18,52.81,1209,18/03/2015
2015-03-19,54.32,1210,19/03/2015
2015-03-20,53.72,1211,20/03/2015
2015-03-23,54.44,1212,23/03/2015
2015-03-24,55.14,1213,24/03/2015
2015-03-25,54.66,1214,25/03/2015
2015-03-26,57.32,1215,26/03/2015
2015-03-27,57.35,1216,27/03/2015
2015-03-30,55.3,1217,30/03/2015
2015-03-31,54.66,1218,31/03/2015
2015-04-01,54.58,1219,01/04/2015
2015-04-02,56.3,1220,02/04/2015
2015-04-07,58.16,1221,07/04/2015
2015-04-08,58.36,1222,08/04/2015
2015-04-09,57.33,1223,09/04/2015
2015-04-10,57.47,1224,10/04/2015
2015-04-13,59.06,1225,13/04/2015
2015-04-14,58.64,1226,14/04/2015
2015-04-15,59.84,1227,15/04/2015
2015-04-16,63.39,1228,16/04/2015
2015-04-17,62.3,1229,17/04/2015
2015-04-20,61.79,1230,20/04/2015
2015-04-21,61.78,1231,21/04/2015
2015-04-22,60.57,1232,22/04/2015
2015-04-23,61.73,1233,23/04/2015
2015-04-24,64.23,1234,24/04/2015
2015-04-27,64,1237,27/04/2015
2015-04-28,63.86,1238,28/04/2015
2015-04-29,63.59,1239,29/04/2015
2015-04-30,65.32,1240,30/04/2015
2015-05-04,65.79,1241,04/05/2015
2015-05-05,66.44,1242,05/05/2015
2015-05-06,67.46,1243,06/05/2015
2015-05-08,65.07,1244,08/05/2015
2015-05-11,64.54,1245,11/05/2015
2015-05-12,65.24,1246,12/05/2015
2015-05-13,66.86,1247,13/05/2015
2015-05-14,66.76,1248,14/05/2015
2015-05-15,65.59,1249,15/05/2015
2015-05-18,66.17,1250,18/05/2015
2015-05-19,65.06,1251,19/05/2015
2015-05-20,64.62,1252,20/05/2015
2015-05-21,65.79,1253,21/05/2015
2015-05-22,64.84,1254,22/05/2015
2015-05-25,64.59,1255,25/05/2015
2015-05-26,63.63,1256,26/05/2015
2015-05-27,62.39,1257,27/05/2015
2015-05-28,61.28,1258,28/05/2015
2015-06-01,64.44,1259,01/06/2015
2015-06-03,63.74,1260,03/06/2015
2015-06-04,62.62,1261,04/06/2015
2015-06-05,60.75,1262,05/06/2015
2015-06-08,61.81,1263,08/06/2015
2015-06-09,63.3,1264,09/06/2015
2015-06-10,65.14,1265,10/06/2015
2015-06-11,64.96,1266,11/06/2015
2015-06-12,64.03,1267,12/06/2015
2015-06-15,62.61,1268,15/06/2015
2015-06-16,62.22,1269,16/06/2015
2015-06-17,62.04,1270,17/06/2015
2015-06-18,61.79,1271,18/06/2015
2015-06-19,60.72,1272,19/06/2015
2015-06-22,60.33,1273,22/06/2015
2015-06-23,61.97,1274,23/06/2015
2015-06-24,62.51,1275,24/06/2015
2015-06-25,61.51,1276,25/06/2015
2015-06-26,60.42,1277,26/06/2015
2015-07-01,60.8,1278,01/07/2015
2015-07-02,61.72,1279,02/07/2015
2015-07-03,60.73,1280,03/07/2015
2015-07-06,57.84,1281,06/07/2015
2015-07-07,55.94,1282,07/07/2015
2015-07-08,56.15,1283,08/07/2015
2015-07-09,57.49,1284,09/07/2015
2015-07-10,58.21,1285,10/07/2015
2015-07-13,57.57,1286,13/07/2015
2015-07-14,56.67,1287,14/07/2015
2015-07-15,57.76,1288,15/07/2015
2015-07-16,57.26,1289,16/07/2015
2015-07-21,56.51,1290,21/07/2015
2015-07-22,56,1291,22/07/2015
2015-07-23,55.96,1292,23/07/2015
2015-07-24,54.2,1293,24/07/2015
2015-07-27,53.81,1295,27/07/2015
2015-07-28,53.42,1296,28/07/2015
2015-07-29,53.86,1297,29/07/2015
2015-07-30,54.76,1298,30/07/2015
2015-07-31,53.57,1299,31/07/2015
2015-08-03,51.65,1300,03/08/2015
2015-08-04,49.9,1301,04/08/2015
2015-08-05,49.67,1302,05/08/2015
2015-08-06,48.6,1303,06/08/2015
2015-08-07,49.67,1304,07/08/2015
2015-08-10,48.23,1305,10/08/2015
2015-08-11,48.65,1306,11/08/2015
2015-08-12,48.61,1307,12/08/2015
2015-08-13,49.07,1308,13/08/2015
2015-08-14,48.17,1309,14/08/2015
2015-08-17,48.44,1310,17/08/2015
2015-08-18,47.54,1311,18/08/2015
2015-08-19,47.4,1312,19/08/2015
2015-08-20,45.29,1313,20/08/2015
2015-08-21,44.8,1314,21/08/2015
2015-08-24,42.54,1315,24/08/2015
2015-08-25,42.54,1316,25/08/2015
2015-08-26,41.91,1317,26/08/2015
2015-08-27,43.79,1318,27/08/2015
2015-08-28,46.56,1319,28/08/2015
2015-08-31,49.66,1320,31/08/2015
2015-09-01,50.72,1321,01/09/2015
2015-09-02,47.75,1322,02/09/2015
2015-09-03,50.34,1323,03/09/2015
2015-09-04,49.34,1324,04/09/2015
2015-09-07,47.96,1325,07/09/2015
2015-09-08,47.67,1326,08/09/2015
2015-09-09,49.05,1327,09/09/2015
2015-09-10,47.85,1328,10/09/2015
2015-09-11,47.27,1329,11/09/2015
2015-09-14,46.86,1330,14/09/2015
2015-09-15,46.22,1331,15/09/2015
2015-09-16,47.47,1332,16/09/2015
2015-09-17,48.96,1333,17/09/2015
2015-09-18,48.61,1334,18/09/2015
2015-09-22,47.67,1335,22/09/2015
2015-09-23,48.67,1336,23/09/2015
2015-09-28,47.14,1337,28/09/2015
2015-09-29,47.12,1338,29/09/2015
2015-09-30,47.91,1339,30/09/2015
2015-10-01,48.57,1340,01/10/2015
2015-10-02,47.15,1341,02/10/2015
2015-10-05,48.92,1342,05/10/2015
2015-10-06,50.08,1343,06/10/2015
2015-10-07,52.76,1344,07/10/2015
2015-10-08,52,1345,08/10/2015
2015-10-09,53.48,1346,09/10/2015
2015-10-12,52.67,1347,12/10/2015
2015-10-13,50.15,1348,13/10/2015
2015-10-14,48.47,1349,14/10/2015
2015-10-15,48.8,1350,15/10/2015
2015-10-16,49.59,1351,16/10/2015
2015-10-19,49.15,1352,19/10/2015
2015-10-20,47.84,1353,20/10/2015
2015-10-21,47.19,1354,21/10/2015
2015-10-22,47.37,1355,22/10/2015
2015-10-23,47.32,1356,23/10/2015
2015-10-26,47.02,1357,26/10/2015
2015-10-27,46.3,1358,27/10/2015
2015-10-28,46.95,1359,28/10/2015
2015-10-29,47.77,1360,29/10/2015
2015-10-30,48.32,1361,30/10/2015
2015-11-02,48.61,1362,02/11/2015
2015-11-03,48.66,1363,03/11/2015
2015-11-04,49.02,1364,04/11/2015
2015-11-05,47.4,1365,05/11/2015
2015-11-06,47.5,1366,06/11/2015
2015-11-09,46.97,1367,09/11/2015
2015-11-10,46.03,1368,10/11/2015
2015-11-11,46.67,1369,11/11/2015
2015-11-12,45.26,1370,12/11/2015
2015-11-13,43.66,1371,13/11/2015
2015-11-16,43.38,1372,16/11/2015
2015-11-17,41.87,1373,17/11/2015
2015-11-18,41.99,1374,18/11/2015
2015-11-19,42.42,1375,19/11/2015
2015-11-20,42.75,1376,20/11/2015
2015-11-23,42.88,1377,23/11/2015
2015-11-24,44.52,1378,24/11/2015
2015-11-25,44.15,1379,25/11/2015
2015-11-26,44.27,1380,26/11/2015
2015-11-30,43.72,1381,30/11/2015
2015-12-01,43.35,1382,01/12/2015
2015-12-02,42.46,1383,02/12/2015
2015-12-03,41.84,1384,03/12/2015
2015-12-04,42.63,1385,04/12/2015
2015-12-07,40.75,1386,07/12/2015
2015-12-08,39.3,1387,08/12/2015
2015-12-09,39.28,1388,09/12/2015
2015-12-10,39.04,1389,10/12/2015
2015-12-11,38.11,1390,11/12/2015
2015-12-14,35.94,1391,14/12/2015
2015-12-15,37.43,1392,15/12/2015
2015-12-17,36.63,1393,17/12/2015
2015-12-18,36.18,1394,18/12/2015
2015-12-21,35.56,1395,21/12/2015
2015-12-22,35.57,1396,22/12/2015
2015-12-23,35.49,1397,23/12/2015
2015-12-29,36.09,1398,29/12/2015
2015-12-30,36.36,1399,30/12/2015
2015-12-31,35.7,1400,31/12/2015
2016-01-04,37.94,1401,04/01/2016
2016-01-05,36.33,1402,05/01/2016
2016-01-06,34.13,1403,06/01/2016
2016-01-07,32.32,1404,07/01/2016
2016-01-08,32.5,1405,08/01/2016
2016-01-11,31.31,1406,11/01/2016
2016-01-12,29.65,1407,12/01/2016
2016-01-13,29.47,1408,13/01/2016
2016-01-14,27.96,1409,14/01/2016
2016-01-15,28.93,1410,15/01/2016
2016-01-18,27.66,1411,18/01/2016
2016-01-19,26.95,1412,19/01/2016
2016-01-20,27.59,1413,20/01/2016
2016-01-21,25.81,1414,21/01/2016
2016-01-22,29.47,1415,22/01/2016
2016-01-25,30.25,1416,25/01/2016
2016-01-26,28.95,1417,26/01/2016
2016-01-27,30.19,1418,27/01/2016
2016-01-28,32.92,1419,28/01/2016
2016-01-29,32.96,1420,29/01/2016
2016-02-01,32.59,1421,01/02/2016
2016-02-02,30.35,1423,02/02/2016
2016-02-03,30.69,1424,03/02/2016
2016-02-04,32.83,1425,04/02/2016
2016-02-05,31.7,1426,05/02/2016
2016-02-08,31.11,1427,08/02/2016
2016-02-09,30.75,1428,09/02/2016
2016-02-10,28.85,1429,10/02/2016
2016-02-11,29.15,1430,11/02/2016
2016-02-12,29.94,1431,12/02/2016
2016-02-15,32.32,1432,15/02/2016
2016-02-16,32.66,1433,16/02/2016
2016-02-17,31.51,1434,17/02/2016
2016-02-19,32.28,1435,19/02/2016
2016-02-22,32.54,1436,22/02/2016
2016-02-23,32.89,1437,23/02/2016
2016-02-24,31.26,1438,24/02/2016
2016-02-25,32.15,1439,25/02/2016
2016-02-26,34.6,1440,26/02/2016
2016-02-29,34.76,1441,29/02/2016
2016-03-01,35.83,1442,01/03/2016
2016-03-02,35.53,1443,02/03/2016
2016-03-03,35.7,1444,03/03/2016
2016-03-04,35.76,1445,04/03/2016
2016-03-07,38.45,1446,07/03/2016
2016-03-08,39.46,1447,08/03/2016
2016-03-09,39.02,1448,09/03/2016
2016-03-10,39.74,1449,10/03/2016
2016-03-11,39.52,1450,11/03/2016
2016-03-14,38.37,1451,14/03/2016
2016-03-15,37.43,1452,15/03/2016
2016-03-16,38.33,1453,16/03/2016
2016-03-17,39.29,1454,17/03/2016
2016-03-18,39.67,1455,18/03/2016
2016-03-21,39.41,1456,21/03/2016
2016-03-22,40.03,1457,22/03/2016
2016-03-23,40.19,1458,23/03/2016
2016-03-24,37.85,1459,24/03/2016
2016-03-29,37.44,1460,29/03/2016
2016-03-30,37.83,1461,30/03/2016
2016-03-31,37.32,1462,31/03/2016
2016-04-01,37.23,1463,01/04/2016
2016-04-04,36.38,1464,04/04/2016
2016-04-05,35.51,1465,05/04/2016
2016-04-06,36.92,1466,06/04/2016
2016-04-08,39.29,1467,08/04/2016
2016-04-11,40.91,1468,11/04/2016
2016-04-12,42.18,1469,12/04/2016
2016-04-13,42.99,1470,13/04/2016
2016-04-14,42.78,1471,14/04/2016
2016-04-15,41.65,1472,15/04/2016
2016-04-18,40.26,1473,18/04/2016
2016-04-19,42.41,1474,19/04/2016
2016-04-20,42.35,1475,20/04/2016
2016-04-21,44.19,1476,21/04/2016
2016-04-22,43.4,1477,22/04/2016
2016-04-25,43.41,1478,25/04/2016
2016-04-26,42.81,1479,26/04/2016
2016-04-27,44.77,1480,27/04/2016
2016-04-28,45.4,1481,28/04/2016
2016-04-29,46.29,1482,29/04/2016
2016-05-03,44.15,1483,03/05/2016
2016-05-04,43.38,1484,04/05/2016
2016-05-05,44.13,1485,05/05/2016
2016-05-06,43.59,1486,06/05/2016
2016-05-09,44.17,1487,09/05/2016
2016-05-10,43.11,1488,10/05/2016
2016-05-11,44.81,1489,11/05/2016
2016-05-12,46.64,1490,12/05/2016
2016-05-13,46.86,1491,13/05/2016
2016-05-16,47.85,1492,16/05/2016
2016-05-17,48.44,1493,17/05/2016
2016-05-18,48.59,1494,18/05/2016
2016-05-19,47.17,1495,19/05/2016
2016-05-20,48.02,1496,20/05/2016
2016-05-23,47.84,1497,23/05/2016
2016-05-24,47.93,1498,24/05/2016
2016-05-25,48.75,1499,25/05/2016
2016-05-26,49.64,1500,26/05/2016
2016-05-27,48.72,1501,27/05/2016
2016-05-31,49.52,1502,31/05/2016
2016-06-01,48.18,1503,01/06/2016
2016-06-02,49,1504,02/06/2016
2016-06-03,49.44,1505,03/06/2016
2016-06-06,49.48,1506,06/06/2016
2016-06-07,49.6,1507,07/06/2016
2016-06-08,50.91,1508,08/06/2016
2016-06-09,50.84,1509,09/06/2016
2016-06-13,49.06,1510,13/06/2016
2016-06-14,48.6,1511,14/06/2016
2016-06-15,47.61,1512,15/06/2016
2016-06-16,46.32,1513,16/06/2016
2016-06-17,46.63,1514,17/06/2016
2016-06-20,48.54,1515,20/06/2016
2016-06-21,48.43,1516,21/06/2016
2016-06-22,49.2,1517,22/06/2016
2016-06-23,48.9,1518,23/06/2016
2016-06-24,46.92,1519,24/06/2016
2016-06-27,46.04,1520,27/06/2016
2016-06-28,46.32,1521,28/06/2016
2016-06-29,47.91,1522,29/06/2016
2016-06-30,48.49,1523,30/06/2016
2016-07-01,48.04,1524,01/07/2016
2016-07-04,48.65,1525,04/07/2016
2016-07-08,45.04,1526,08/07/2016
2016-07-11,44.78,1527,11/07/2016
2016-07-12,45.51,1528,12/07/2016
2016-07-13,46,1529,13/07/2016
2016-07-14,45.62,1530,14/07/2016
2016-07-15,46.45,1531,15/07/2016
2016-07-18,46.01,1532,18/07/2016
2016-07-19,45.8,1533,19/07/2016
2016-07-20,45.77,1534,20/07/2016
2016-07-21,46.43,1535,21/07/2016
2016-07-22,45.18,1536,22/07/2016
2016-07-25,44.24,1537,25/07/2016
2016-07-26,43.63,1538,26/07/2016
2016-07-27,43.49,1539,27/07/2016
2016-07-28,42.36,1540,28/07/2016
2016-07-29,41.56,1541,29/07/2016
2016-08-01,40.6,1542,01/08/2016
2016-08-02,40.8,1543,02/08/2016
2016-08-03,40.41,1544,03/08/2016
2016-08-04,41.11,1545,04/08/2016
2016-08-05,42.33,1546,05/08/2016
2016-08-08,43.43,1547,08/08/2016
2016-08-09,43.73,1548,09/08/2016
2016-08-10,43.17,1549,10/08/2016
2016-08-11,42.62,1550,11/08/2016
2016-08-12,44.78,1551,12/08/2016
2016-08-15,46.15,1552,15/08/2016
2016-08-16,48,1553,16/08/2016
2016-08-17,48.85,1554,17/08/2016
2016-08-18,49.75,1555,18/08/2016
2016-08-19,48.54,1556,19/08/2016
2016-08-22,49.02,1557,22/08/2016
2016-08-23,48.29,1558,23/08/2016
2016-08-24,48.42,1559,24/08/2016
2016-08-25,48.28,1560,25/08/2016
2016-08-26,49.83,1561,26/08/2016
2016-08-29,49.78,1562,29/08/2016
2016-08-30,49.17,1563,30/08/2016
2016-08-31,47.66,1564,31/08/2016
2016-09-01,46.39,1565,01/09/2016
2016-09-02,46.35,1566,02/09/2016
2016-09-05,48.16,1567,05/09/2016
2016-09-06,47.36,1568,06/09/2016
2016-09-07,48,1569,07/09/2016
2016-09-08,49.29,1570,08/09/2016
2016-09-09,49.6,1571,09/09/2016
2016-09-14,47.25,1572,14/09/2016
2016-09-15,46.6,1573,15/09/2016
2016-09-16,46.16,1574,16/09/2016
2016-09-19,46.56,1575,19/09/2016
2016-09-20,45.87,1576,20/09/2016
2016-09-21,46.82,1577,21/09/2016
2016-09-22,47.68,1578,22/09/2016
2016-09-23,48.09,1579,23/09/2016
2016-09-26,47.06,1580,26/09/2016
2016-09-27,46.61,1581,27/09/2016
2016-09-28,46.72,1582,28/09/2016
2016-09-29,48.77,1583,29/09/2016
2016-10-04,49.9,1585,04/10/2016
2016-10-05,50.88,1586,05/10/2016
2016-10-06,50.89,1587,06/10/2016
2016-10-07,51.23,1588,07/10/2016
2016-10-10,51.74,1589,10/10/2016
2016-10-11,52.07,1590,11/10/2016
2016-10-12,51.38,1591,12/10/2016
2016-10-13,50.62,1592,13/10/2016
2016-10-14,50.84,1593,14/10/2016
2016-10-17,50.23,1594,17/10/2016
2016-10-18,50.89,1595,18/10/2016
2016-10-19,51.97,1596,19/10/2016
2016-10-20,51.83,1597,20/10/2016
2016-10-21,51.58,1598,21/10/2016
2016-10-24,51.37,1599,24/10/2016
2016-10-25,51.05,1600,25/10/2016
2016-10-26,49.59,1601,26/10/2016
2016-10-27,50.05,1602,27/10/2016
2016-10-28,49.89,1603,28/10/2016
2016-10-30,49.21,1584,30/10/2016
2016-10-31,47.62,1604,31/10/2016
2016-11-01,48.15,1605,01/11/2016
2016-11-02,46.03,1606,02/11/2016
2016-11-03,44.84,1607,03/11/2016
2016-11-07,43.66,1608,07/11/2016
2016-11-08,43.48,1609,08/11/2016
2016-11-09,43.48,1610,09/11/2016
2016-11-10,44.36,1611,10/11/2016
2016-11-11,43.16,1612,11/11/2016
2016-11-14,41.73,1613,14/11/2016
2016-11-15,43.69,1614,15/11/2016
2016-11-16,44.64,1615,16/11/2016
2016-11-17,45.37,1616,17/11/2016
2016-11-18,44.63,1617,18/11/2016
2016-11-21,45.97,1618,21/11/2016
2016-11-22,46.52,1619,22/11/2016
2016-11-23,46.53,1620,23/11/2016
2016-11-24,46.75,1621,24/11/2016
2016-11-25,47.03,1622,25/11/2016
2016-11-28,46.06,1623,28/11/2016
2016-11-29,45.46,1624,29/11/2016
2016-11-30,47.35,1625,30/11/2016
2016-12-01,50.91,1626,01/12/2016
2016-12-05,53.5,1627,05/12/2016
2016-12-06,53.1,1628,06/12/2016
2016-12-07,52.35,1629,07/12/2016
2016-12-08,52.07,1630,08/12/2016
2016-12-09,52.67,1631,09/12/2016
2016-12-12,55.12,1632,12/12/2016
2016-12-13,53.53,1633,13/12/2016
2016-12-14,53.15,1634,14/12/2016
2016-12-16,52.98,1635,16/12/2016
2016-12-19,54.73,1636,19/12/2016
2016-12-20,54.31,1637,20/12/2016
2016-12-23,54.01,1638,23/12/2016
2016-12-28,55.55,1639,28/12/2016
2016-12-29,55.59,1640,29/12/2016
2016-12-30,55.89,1641,30/12/2016
2017-01-03,56.69,1642,03/01/2017
2017-01-04,54.91,1643,04/01/2017
2017-01-05,55.83,1644,05/01/2017
2017-01-09,55.53,1645,09/01/2017
2017-01-10,54.4,1646,10/01/2017
2017-01-11,53.25,1647,11/01/2017
2017-01-13,54.79,1648,13/01/2017
2017-01-16,54.66,1649,16/01/2017
2017-01-17,55.6,1650,17/01/2017
2017-01-18,53.25,1651,18/01/2017
2017-01-19,53.44,1652,19/01/2017
2017-01-20,54.23,1653,20/01/2017
2017-01-23,54.87,1654,23/01/2017
2017-01-24,55.32,1655,24/01/2017
2017-01-25,54.34,1656,25/01/2017
2017-01-27,55.65,1657,27/01/2017
2017-01-30,55.18,1658,30/01/2017
2017-01-31,55.13,1659,31/01/2017
2017-02-01,55.34,1660,01/02/2017
2017-02-02,56.43,1661,02/02/2017
2017-02-03,55.94,1662,03/02/2017
2017-02-06,55.9,1663,06/02/2017
2017-02-07,54.94,1664,07/02/2017
2017-02-08,53.82,1666,08/02/2017
2017-02-09,54.81,1667,09/02/2017
2017-02-10,54.93,1668,10/02/2017
2017-02-13,54.88,1669,13/02/2017
2017-02-14,54.86,1670,14/02/2017
2017-02-15,54.65,1671,15/02/2017
2017-02-16,54.77,1672,16/02/2017
2017-02-17,54.31,1673,17/02/2017
2017-02-20,55.35,1674,20/02/2017
2017-02-21,56.16,1675,21/02/2017
2017-02-22,55.75,1676,22/02/2017
2017-02-23,56.06,1677,23/02/2017
2017-02-24,55.46,1678,24/02/2017
2017-02-27,55.38,1679,27/02/2017
2017-02-28,54.4,1680,28/02/2017
2017-03-01,54.98,1681,01/03/2017
2017-03-02,55.32,1682,02/03/2017
2017-03-03,54.34,1683,03/03/2017
2017-03-06,54.5,1684,06/03/2017
2017-03-07,55.25,1685,07/03/2017
2017-03-08,54.35,1686,08/03/2017
2017-03-09,51.05,1687,09/03/2017
2017-03-10,51.43,1688,10/03/2017
2017-03-13,50.37,1689,13/03/2017
2017-03-14,50.05,1690,14/03/2017
2017-03-15,51.17,1691,15/03/2017
2017-03-16,51.42,1692,16/03/2017
2017-03-17,51.14,1693,17/03/2017
2017-03-20,50.56,1694,20/03/2017
2017-03-21,51.01,1695,21/03/2017
2017-03-22,49.58,1696,22/03/2017
2017-03-23,50.28,1697,23/03/2017
2017-03-24,50.48,1698,24/03/2017
2017-03-27,50.17,1699,27/03/2017
2017-03-28,50.93,1700,28/03/2017
2017-03-29,51.12,1701,29/03/2017
2017-03-30,51.92,1702,30/03/2017
2017-03-31,52.21,1703,31/03/2017
2017-04-03,52.91,1704,03/04/2017
2017-04-04,52.71,1705,04/04/2017
2017-04-05,54.1,1706,05/04/2017
2017-04-06,54.11,1707,06/04/2017
2017-04-07,54.59,1708,07/04/2017
2017-04-10,55.28,1709,10/04/2017
2017-04-11,55.16,1710,11/04/2017
2017-04-12,55.92,1711,12/04/2017
2017-04-18,54.7,1712,18/04/2017
2017-04-19,52.91,1713,19/04/2017
2017-04-20,51.58,1714,20/04/2017
2017-04-21,52.56,1715,21/04/2017
2017-04-24,50.62,1716,24/04/2017
2017-04-25,49.91,1717,25/04/2017
2017-04-28,51.03,1718,28/04/2017
2017-05-02,50.66,1719,02/05/2017
2017-05-03,49.23,1720,03/05/2017
2017-05-04,48.81,1721,04/05/2017
2017-05-05,47.54,1722,05/05/2017
2017-05-08,47.59,1723,08/05/2017
2017-05-09,47.65,1724,09/05/2017
2017-05-10,48,1725,10/05/2017
2017-05-11,49.24,1726,11/05/2017
2017-05-12,49.32,1727,12/05/2017
2017-05-15,51.05,1728,15/05/2017
2017-05-16,51.5,1729,16/05/2017
2017-05-17,51.52,1730,17/05/2017
2017-05-18,51.45,1731,18/05/2017
2017-05-19,52.77,1732,19/05/2017
2017-05-22,53.65,1733,22/05/2017
2017-05-23,53.29,1734,23/05/2017
2017-05-24,53.75,1735,24/05/2017
2017-05-25,52.91,1736,25/05/2017
2017-05-26,51.11,1737,26/05/2017
2017-05-30,51.2,1738,30/05/2017
2017-05-31,50.22,1739,31/05/2017
2017-06-01,50.36,1740,01/06/2017
2017-06-02,49.05,1741,02/06/2017
2017-06-05,48.82,1742,05/06/2017
2017-06-06,48.93,1743,06/06/2017
2017-06-07,48.77,1744,07/06/2017
2017-06-08,47.28,1745,08/06/2017
2017-06-09,46.9,1746,09/06/2017
2017-06-12,47.55,1747,12/06/2017
2017-06-13,47.2,1748,13/06/2017
2017-06-14,47.31,1749,14/06/2017
2017-06-15,46.05,1750,15/06/2017
2017-06-16,46.53,1751,16/06/2017
2017-06-19,46.44,1752,19/06/2017
2017-06-20,45.19,1753,20/06/2017
2017-06-21,44.89,1754,21/06/2017
2017-06-22,44.47,1755,22/06/2017
2017-06-23,44.67,1756,23/06/2017
2017-06-28,46.53,1757,28/06/2017
2017-06-29,47.55,1758,29/06/2017
2017-06-30,47.52,1759,30/06/2017
2017-07-03,48.76,1760,03/07/2017
2017-07-04,49.19,1761,04/07/2017
2017-07-05,48.31,1762,05/07/2017
2017-07-06,48.16,1763,06/07/2017
2017-07-07,46.55,1764,07/07/2017
2017-07-10,46.27,1765,10/07/2017
2017-07-11,46.21,1766,11/07/2017
2017-07-12,47.81,1767,12/07/2017
2017-07-13,46.8,1768,13/07/2017
2017-07-14,47.88,1769,14/07/2017
2017-07-17,48.3,1770,17/07/2017
2017-07-18,47.79,1771,18/07/2017
2017-07-19,48.39,1772,19/07/2017
2017-07-20,48.77,1773,20/07/2017
2017-07-21,48.29,1774,21/07/2017
2017-07-24,47.37,1775,24/07/2017
2017-07-25,48.64,1776,25/07/2017
2017-07-26,49.84,1777,26/07/2017
2017-07-28,51.43,1778,28/07/2017
2017-07-31,52.03,1779,31/07/2017
2017-08-01,51.93,1780,01/08/2017
2017-08-02,51.3,1781,02/08/2017
2017-08-03,52.54,1782,03/08/2017
2017-08-04,51.92,1783,04/08/2017
2017-08-07,51.85,1784,07/08/2017
2017-08-08,52.18,1785,08/08/2017
2017-08-09,52.15,1786,09/08/2017
2017-08-10,53.05,1787,10/08/2017
2017-08-11,51.69,1788,11/08/2017
2017-08-14,51.59,1789,14/08/2017
2017-08-15,50,1790,15/08/2017
2017-08-16,50.49,1791,16/08/2017
2017-08-17,49.96,1792,17/08/2017
2017-08-18,50.79,1793,18/08/2017
2017-08-21,52.1,1794,21/08/2017
2017-08-22,51.99,1795,22/08/2017
2017-08-23,52.02,1796,23/08/2017
2017-08-24,52.36,1797,24/08/2017
2017-08-25,52.07,1798,25/08/2017
2017-08-29,51.39,1799,29/08/2017
2017-08-30,51.48,1800,30/08/2017
2017-08-31,51.46,1801,31/08/2017
2017-09-05,53.43,1802,05/09/2017
2017-09-06,54.39,1803,06/09/2017
2017-09-07,55.08,1804,07/09/2017
2017-09-08,55.15,1805,08/09/2017
2017-09-11,54.5,1806,11/09/2017
2017-09-12,55.04,1807,12/09/2017
2017-09-13,55.75,1808,13/09/2017
2017-09-14,56.56,1809,14/09/2017
2017-09-15,56.98,1810,15/09/2017
2017-09-18,56.28,1811,18/09/2017
2017-09-19,56.62,1812,19/09/2017
2017-09-20,57.38,1813,20/09/2017
2017-09-21,57.48,1814,21/09/2017
2017-09-22,57.23,1815,22/09/2017
2017-09-25,59.34,1816,25/09/2017
2017-09-26,59.87,1817,26/09/2017
2017-09-27,59.92,1818,27/09/2017
2017-09-28,59.92,1819,28/09/2017
2017-09-29,59.04,1820,29/09/2017
2017-10-03,56.67,1821,03/10/2017
2017-10-04,56.51,1822,04/10/2017
2017-10-05,57.08,1823,05/10/2017
2017-10-06,56.76,1824,06/10/2017
2017-10-09,56.37,1825,09/10/2017
2017-10-10,56.79,1826,10/10/2017
2017-10-11,57.34,1827,11/10/2017
2017-10-12,56.91,1828,12/10/2017
2017-10-13,56.81,1829,13/10/2017
2017-10-16,58.47,1830,16/10/2017
2017-10-17,58.42,1831,17/10/2017
2017-10-18,59,1832,18/10/2017
2017-10-19,58.35,1833,19/10/2017
2017-10-20,58.08,1834,20/10/2017
2017-10-23,58.54,1835,23/10/2017
2017-10-24,58.24,1836,24/10/2017
2017-10-25,59.14,1837,25/10/2017
2017-10-26,59.11,1838,26/10/2017
2017-10-27,58.83,1839,27/10/2017
2017-10-30,61.24,1840,30/10/2017
2017-10-31,61.56,1841,31/10/2017
2017-11-01,62.36,1842,01/11/2017
2017-11-02,61.18,1843,02/11/2017
2017-11-03,61.82,1844,03/11/2017
2017-11-06,63.34,1845,06/11/2017
2017-11-07,65.28,1846,07/11/2017
2017-11-08,64.78,1847,08/11/2017
2017-11-09,64.45,1848,09/11/2017
2017-11-13,64.32,1849,13/11/2017
2017-11-14,62.99,1850,14/11/2017
2017-11-21,62.42,1851,21/11/2017
2017-11-22,63.72,1852,22/11/2017
2017-11-23,63.71,1853,23/11/2017
2017-11-24,64.23,1854,24/11/2017
2017-11-27,64.32,1855,27/11/2017
2017-11-28,64.07,1856,28/11/2017
2017-11-29,64,1857,29/11/2017
2017-11-30,64.97,1858,30/11/2017
2017-12-04,64.32,1859,04/12/2017
2017-12-05,63.53,1860,05/12/2017
2017-12-07,62.79,1861,07/12/2017
2017-12-08,63.68,1862,08/12/2017
2017-12-11,64.61,1863,11/12/2017
2017-12-12,67.05,1864,12/12/2017
2017-12-13,65.35,1865,13/12/2017
2017-12-14,64.12,1866,14/12/2017
2017-12-15,64.51,1867,15/12/2017
2017-12-18,64.46,1868,18/12/2017
2017-12-19,65.03,1869,19/12/2017
2017-12-20,64.59,1870,20/12/2017
2017-12-21,64.88,1871,21/12/2017
2017-12-22,64.81,1872,22/12/2017
2017-12-27,66.7,1873,27/12/2017
2017-12-28,66.37,1874,28/12/2017
2017-12-29,67.46,1875,29/12/2017
2018-01-02,67.45,1876,02/01/2018
2018-01-03,67.7,1877,03/01/2018
2018-01-04,68.76,1878,04/01/2018
2018-01-05,68.86,1879,05/01/2018
2018-01-08,68.65,1880,08/01/2018
2018-01-09,69.36,1881,09/01/2018
2018-01-10,70.75,1882,10/01/2018
2018-01-11,70.8,1883,11/01/2018
2018-01-12,70.33,1884,12/01/2018
2018-01-15,71.1,1885,15/01/2018
2018-01-16,70.72,1886,16/01/2018
2018-01-17,69.74,1887,17/01/2018
2018-01-18,70.03,1888,18/01/2018
2018-01-19,69.78,1889,19/01/2018
2018-01-22,69.38,1890,22/01/2018
2018-01-23,70.11,1891,23/01/2018
2018-01-24,70.49,1892,24/01/2018
2018-01-25,71.68,1893,25/01/2018
2018-01-26,71.5,1894,26/01/2018
2018-01-29,70.44,1895,29/01/2018
2018-01-30,69,1896,30/01/2018
2018-01-31,68.61,1897,31/01/2018
2018-02-01,69.97,1898,01/02/2018
2018-02-02,69.69,1899,02/02/2018
2018-02-05,68.01,1900,05/02/2018
2018-02-06,67.4,1901,06/02/2018
2018-02-07,67.67,1902,07/02/2018
2018-02-08,65.8,1903,08/02/2018
2018-02-09,64.79,1904,09/02/2018
2018-02-12,64.2,1905,12/02/2018
2018-02-13,62.48,1906,13/02/2018
2018-02-14,62.97,1907,14/02/2018
2018-02-15,64.29,1908,15/02/2018
2018-02-16,64.62,1909,16/02/2018
2018-02-19,65.51,1910,19/02/2018
2018-02-20,65.29,1911,20/02/2018
2018-02-21,65.42,1912,21/02/2018
2018-02-22,65.71,1913,22/02/2018
2018-02-23,66.89,1914,23/02/2018
2018-02-26,68.07,1915,26/02/2018
2018-02-27,68.54,1916,27/02/2018
2018-02-28,67.45,1917,28/02/2018
2018-03-01,65.78,1918,01/03/2018
2018-03-02,65.22,1919,02/03/2018
2018-03-05,66.13,1920,05/03/2018
2018-03-06,67.15,1921,06/03/2018
2018-03-07,66.67,1922,07/03/2018
2018-03-08,65.21,1923,08/03/2018
2018-03-09,65.29,1924,09/03/2018
2018-03-12,65.93,1925,12/03/2018
2018-03-13,65.57,1926,13/03/2018
2018-03-14,65.79,1927,14/03/2018
2018-03-15,65.11,1928,15/03/2018
2018-03-16,64.92,1929,16/03/2018
2018-03-19,64.92,1930,19/03/2018
2018-03-20,66.61,1931,20/03/2018
2018-03-21,68.11,1932,21/03/2018
2018-03-22,69.1,1933,22/03/2018
2018-03-23,70.45,1934,23/03/2018
2018-03-26,70.39,1935,26/03/2018
2018-03-27,70.43,1936,27/03/2018
2018-03-28,69.44,1937,28/03/2018
2018-03-29,69.04,1938,29/03/2018
2018-04-03,68.22,1939,03/04/2018
2018-04-04,67.08,1940,04/04/2018
2018-04-05,67.57,1941,05/04/2018
2018-04-06,67.54,1942,06/04/2018
2018-04-09,68.14,1943,09/04/2018
2018-04-10,70.52,1944,10/04/2018
2018-04-11,72.32,1945,11/04/2018
2018-04-12,72.87,1946,12/04/2018
2018-04-13,73.31,1947,13/04/2018
2018-04-16,73.39,1948,16/04/2018
2018-04-17,73.55,1949,17/04/2018
2018-04-18,74.23,1950,18/04/2018
2018-04-19,75.95,1951,19/04/2018
2018-04-23,75.93,1952,23/04/2018
2018-04-24,76.12,1953,24/04/2018
2018-04-25,75.78,1954,25/04/2018
2018-04-26,75.82,1955,26/04/2018
2018-04-27,76.64,1956,27/04/2018
2018-04-30,75.98,1957,30/04/2018
2018-05-02,75.14,1958,02/05/2018
2018-05-04,75.03,1959,04/05/2018
2018-05-08,76.86,1960,08/05/2018
2018-05-09,77.9,1961,09/05/2018
2018-05-10,78.67,1962,10/05/2018
2018-05-11,78.73,1963,11/05/2018
2018-05-14,78.32,1964,14/05/2018
2018-05-15,79.97,1965,15/05/2018
2018-05-16,78.89,1966,16/05/2018
2018-05-17,80.75,1967,17/05/2018
2018-05-18,80.08,1968,18/05/2018
2018-05-21,78.6,1969,21/05/2018
2018-05-22,80.25,1970,22/05/2018
2018-05-23,79.88,1971,23/05/2018
2018-05-25,77.89,1972,25/05/2018
2018-06-04,74.86,1973,04/06/2018
2018-06-05,73.4,1974,05/06/2018
2018-06-06,74.31,1975,06/06/2018
2018-06-07,75.22,1976,07/06/2018
2018-06-08,76.04,1977,08/06/2018
2018-06-11,75.2,1978,11/06/2018
2018-06-12,75.1,1979,12/06/2018
2018-06-13,75.24,1980,13/06/2018
2018-06-14,76.12,1981,14/06/2018
2018-06-15,74.68,1982,15/06/2018
2018-06-19,75.82,1983,19/06/2018
2018-06-20,76.07,1984,20/06/2018
2018-06-21,73.3,1985,21/06/2018
2018-06-22,74.31,1986,22/06/2018
2018-06-25,74.08,1987,25/06/2018
2018-06-26,74.25,1988,26/06/2018
2018-06-27,76.2,1989,27/06/2018
2018-06-28,76.72,1990,28/06/2018
2018-07-02,77.11,1991,02/07/2018
2018-07-03,77.46,1992,03/07/2018
2018-07-04,77.49,1993,04/07/2018
2018-07-05,77.66,1994,05/07/2018
2018-07-06,76.48,1995,06/07/2018
2018-07-09,76.5,1996,09/07/2018
2018-07-10,78.74,1997,10/07/2018
2018-07-11,77.02,1998,11/07/2018
2018-07-12,73.68,1999,12/07/2018
2018-07-13,73.89,2000,13/07/2018
2018-07-16,73.16,2001,16/07/2018
2018-07-17,71.25,2002,17/07/2018
2018-07-18,71.3,2003,18/07/2018
2018-07-19,71.71,2004,19/07/2018
2018-07-20,72.35,2005,20/07/2018
2018-07-30,75.63,2006,30/07/2018
2018-07-31,75.37,2007,31/07/2018
2018-08-01,73.92,2008,01/08/2018
2018-08-02,72.96,2009,02/08/2018
2018-08-03,74.05,2010,03/08/2018
2018-08-06,73.99,2011,06/08/2018
2018-08-07,73.98,2012,07/08/2018
2018-08-08,72.98,2013,08/08/2018
2018-08-13,71.61,2014,13/08/2018
2018-08-14,72.18,2015,14/08/2018
2018-08-15,70.35,2016,15/08/2018
2018-08-16,69.61,2017,16/08/2018
2018-08-17,70.75,2018,17/08/2018
2018-08-20,71.05,2019,20/08/2018
2018-08-21,72.17,2020,21/08/2018
2018-08-22,73.63,2021,22/08/2018
2018-08-23,73.97,2022,23/08/2018
2018-08-24,75.41,2023,24/08/2018
2018-08-28,75.58,2024,28/08/2018
2018-08-29,76.36,2025,29/08/2018
2018-08-30,77.44,2026,30/08/2018
2018-08-31,77.76,2027,31/08/2018
2018-09-03,77.65,2028,03/09/2018
2018-09-04,79.31,2029,04/09/2018
2018-09-05,77.26,2030,05/09/2018
2018-09-06,77.45,2031,06/09/2018
2018-09-07,76.44,2032,07/09/2018
2018-09-10,77.36,2033,10/09/2018
2018-09-11,77.94,2034,11/09/2018
2018-09-12,79.52,2035,12/09/2018
2018-09-13,79.9,2036,13/09/2018
2018-09-14,78.22,2037,14/09/2018
2018-09-17,78.63,2038,17/09/2018
2018-09-18,79.41,2039,18/09/2018
2018-09-19,79.95,2040,19/09/2018
2018-09-20,80.06,2041,20/09/2018
2018-09-21,80.41,2042,21/09/2018
2018-09-24,81.32,2043,24/09/2018
2018-09-25,82.77,2044,25/09/2018
2018-09-26,82.1,2045,26/09/2018
2018-09-27,82.8,2046,27/09/2018
2018-09-28,82.65,2047,28/09/2018
2018-10-02,86.01,2048,02/10/2018
2018-10-03,86.31,2049,03/10/2018
2018-10-04,87.35,2050,04/10/2018
2018-10-05,85.83,2051,05/10/2018
2018-10-08,84.28,2052,08/10/2018
2018-10-09,86.17,2053,09/10/2018
2018-10-10,85.82,2054,10/10/2018
2018-10-11,82.82,2055,11/10/2018
2018-10-12,82.03,2056,12/10/2018
2018-10-15,81.96,2057,15/10/2018
2018-10-16,81.5,2058,16/10/2018
2018-10-17,81.75,2059,17/10/2018
2018-10-18,80.15,2060,18/10/2018
2018-10-19,81.7,2061,19/10/2018
2018-10-22,81.14,2062,22/10/2018
2018-10-23,79.94,2063,23/10/2018
2018-10-24,78.33,2064,24/10/2018
2018-10-25,77.91,2065,25/10/2018
2018-10-26,77.8,2066,26/10/2018
2018-10-29,78.56,2067,29/10/2018
2018-10-30,77.71,2068,30/10/2018
2018-10-31,76.62,2069,31/10/2018
2018-11-01,74.98,2070,01/11/2018
2018-11-02,72.54,2071,02/11/2018
2018-11-05,72.54,2072,05/11/2018
2018-11-06,73.28,2073,06/11/2018
2018-11-07,72.98,2074,07/11/2018
2018-11-08,72.21,2075,08/11/2018
2018-11-09,69.03,2076,09/11/2018
2018-11-12,71.4,2077,12/11/2018
2018-11-13,69.14,2078,13/11/2018
2018-11-14,65.97,2079,14/11/2018
2018-11-15,66.18,2080,15/11/2018
2018-11-16,67.68,2081,16/11/2018
2018-11-19,66.01,2082,19/11/2018
2018-11-21,62.73,2083,21/11/2018
2018-11-22,62.69,2085,22/11/2018
2018-11-23,60.26,2086,23/11/2018
2018-11-26,60.27,2087,26/11/2018
2018-11-27,60.59,2088,27/11/2018
2018-11-28,60.31,2089,28/11/2018
2018-11-29,58.7,2090,29/11/2018
2018-11-30,58.96,2091,30/11/2018
2018-12-03,61.71,2092,03/12/2018
2018-12-04,62.62,2093,04/12/2018
2018-12-05,61.93,2094,05/12/2018
2018-12-06,59.71,2095,06/12/2018
2018-12-07,59.81,2096,07/12/2018
2018-12-10,60.81,2097,10/12/2018
2018-12-11,60.5,2098,11/12/2018
2018-12-12,60.75,2099,12/12/2018
2018-12-13,59.55,2100,13/12/2018
2018-12-14,60.31,2101,14/12/2018
2018-12-17,59.9,2102,17/12/2018
2018-12-18,57.12,2103,18/12/2018
2018-12-19,55.67,2104,19/12/2018
2018-12-20,54.4,2105,20/12/2018
2018-12-21,52.42,2106,21/12/2018
2018-12-27,66.7,2107,27/12/2018
2018-12-28,51.9,2108,28/12/2018
2018-12-31,67.46,2109,31/12/2018
2019-01-02,52.63,2110,02/01/2019
2019-01-03,54.75,2111,03/01/2019
2019-01-04,56.82,2112,04/01/2019
2019-01-07,56.97,2113,07/01/2019
2019-01-08,56.76,2114,08/01/2019
2019-01-09,58.39,2115,09/01/2019
2019-01-10,59.78,2116,10/01/2019
2019-01-11,60.6,2117,11/01/2019
2019-01-14,59.53,2118,14/01/2019
2019-01-15,59.54,2119,15/01/2019
2019-01-16,60.61,2120,16/01/2019
2019-01-17,60.62,2121,17/01/2019
2019-01-18,61.94,2122,18/01/2019
2019-01-21,63.27,2123,21/01/2019
2019-01-22,62.77,2124,22/01/2019
2019-01-23,62.79,2125,23/01/2019
2019-01-24,62.01,2126,24/01/2019
2019-01-25,62.52,2127,25/01/2019
2019-01-28,61.72,2128,28/01/2019
2019-01-29,61.76,2129,29/01/2019
2019-01-30,62.53,2130,30/01/2019
2019-01-31,62.69,2131,31/01/2019
2019-02-01,62.45,2132,01/02/2019
2019-02-04,63.74,2133,04/02/2019
2019-02-05,63.6,2134,05/02/2019
2019-02-06,62.53,2135,06/02/2019
2019-02-07,63.17,2136,07/02/2019
2019-02-08,62.68,2137,08/02/2019
2019-02-11,62.63,2138,11/02/2019
2019-02-12,63.92,2139,12/02/2019
2019-02-13,64.43,2140,13/02/2019
2019-02-14,65.12,2141,14/02/2019
2019-02-15,66.68,2142,15/02/2019
2019-02-18,67.37,2143,18/02/2019
2019-02-19,67.46,2144,19/02/2019
2019-02-20,67.14,2145,20/02/2019
2019-02-21,68.11,2146,21/02/2019
2019-02-22,68.42,2147,22/02/2019
2019-02-25,67.37,2148,25/02/2019
2019-02-26,65.34,2149,26/02/2019
2019-02-27,66.24,2150,27/02/2019
2019-02-28,66.23,2151,28/02/2019
2019-03-01,66.9,2152,01/03/2019
2019-03-04,66.03,2153,04/03/2019
2019-03-05,65.89,2154,05/03/2019
2019-03-06,65.73,2155,06/03/2019
2019-03-07,67.02,2156,07/03/2019
2019-03-08,65.48,2157,08/03/2019
2019-03-11,66.71,2158,11/03/2019
2019-03-12,67.55,2159,12/03/2019
2019-03-13,67.49,2160,13/03/2019
2019-03-14,68.13,2161,14/03/2019
2019-03-15,67.47,2162,15/03/2019
2019-03-18,68.21,2163,18/03/2019
2019-03-19,69.07,2164,19/03/2019
2019-03-20,68.94,2165,20/03/2019
2019-03-21,70.04,2166,21/03/2019
2019-03-22,68.91,2167,22/03/2019
2019-03-25,68.32,2168,25/03/2019
2019-03-26,69.64,2169,26/03/2019
2019-03-27,69.39,2170,27/03/2019
2019-03-28,68.26,2171,28/03/2019
2019-03-29,69.02,2172,29/03/2019
2019-04-01,70.11,2173,01/04/2019
2019-04-02,71.05,2174,02/04/2019
2019-04-03,71.58,2175,03/04/2019
2019-04-04,71.18,2176,04/04/2019
2019-04-05,71.13,2177,05/04/2019
2019-04-08,72.48,2178,08/04/2019
2019-04-09,72.84,2179,09/04/2019
2019-04-10,72.89,2180,10/04/2019
2019-04-11,73.15,2181,11/04/2019
2019-04-12,73.28,2182,12/04/2019
2019-04-15,72.81,2183,15/04/2019
2019-04-16,72.69,2184,16/04/2019
2019-04-17,73.17,2185,17/04/2019
2019-04-18,72.58,2186,18/04/2019
2019-04-23,74.94,2187,23/04/2019
2019-04-24,75.91,2188,24/04/2019
2019-04-25,75.93,2189,25/04/2019
2019-04-26,74.3,2190,26/04/2019
2019-04-29,72.62,2191,29/04/2019
2019-04-30,73.72,2192,30/04/2019
2019-05-02,73.11,2193,02/05/2019
2019-05-03,72.72,2194,03/05/2019
2019-05-07,72.23,2195,07/05/2019
2019-05-08,71.92,2196,08/05/2019
2019-05-09,71.94,2197,09/05/2019
2019-05-10,72.72,2198,10/05/2019
2019-05-13,73.89,2199,13/05/2019
2019-05-14,73.88,2200,14/05/2019
2019-05-15,73.67,2201,15/05/2019
2019-05-16,74.9,2202,16/05/2019
2019-05-17,75.76,2203,17/05/2019
2019-08-07,56.73,2204,07/08/2019
2019-08-08,57.99,2206,08/08/2019
2019-08-09,59.27,2207,09/08/2019
2019-08-12,59.03,2208,12/08/2019
2019-08-13,61.8,2209,13/08/2019
2019-08-14,59.76,2210,14/08/2019
2019-08-15,59.37,2211,15/08/2019
2019-08-16,61.3,2212,16/08/2019
2019-08-19,62.09,2213,19/08/2019
2019-08-20,61.33,2214,20/08/2019
2019-08-21,62.9,2215,21/08/2019
2019-08-22,61.91,2216,22/08/2019
2019-08-23,60.79,2217,23/08/2019
2019-08-27,60.59,2218,27/08/2019
2019-08-28,62.57,2219,28/08/2019
2019-08-29,62.74,2220,29/08/2019
2019-08-30,63.19,2221,30/08/2019
2019-09-02,60.4,2222,02/09/2019
2019-09-03,59.78,2223,03/09/2019
2019-09-04,62.53,2224,04/09/2019
2019-09-05,65.1,2225,05/09/2019
2019-09-06,63.63,2226,06/09/2019
2019-09-09,66.34,2227,09/09/2019
2019-09-10,67.02,2228,10/09/2019
2019-09-11,65.57,2229,11/09/2019
2019-09-12,63.36,2230,12/09/2019
2019-09-13,63.85,2231,13/09/2019
2019-09-16,71.02,2232,16/09/2019
2019-09-17,68.19,2233,17/09/2019
2019-09-18,66.89,2234,18/09/2019
2019-09-19,66.85,2235,19/09/2019
2019-09-20,67.83,2236,20/09/2019
2019-09-23,67.36,2237,23/09/2019
2019-09-24,66.96,2239,24/09/2019
2019-09-25,65.01,2240,25/09/2019
2019-09-26,64.68,2241,26/09/2019
2019-09-27,65.03,2242,27/09/2019
2019-09-30,63.54,2243,30/09/2019
2019-10-01,62.61,2244,01/10/2019
2019-10-02,60.47,2245,02/10/2019
2019-10-03,60.46,2246,03/10/2019
2019-10-04,61.58,2247,04/10/2019
2019-10-07,61.9,2248,07/10/2019
2019-10-08,60.49,2249,08/10/2019
2019-10-09,62.05,2250,09/10/2019
2019-10-10,61.43,2251,10/10/2019
2019-10-11,60.64,2252,11/10/2019
2019-10-14,58.56,2253,14/10/2019
2019-10-15,59.24,2254,15/10/2019
2019-10-16,60.4,2255,16/10/2019
2019-10-17,60.86,2256,17/10/2019
2019-10-18,62.07,2257,18/10/2019
2019-10-21,60.72,2258,21/10/2019
2019-10-22,61.54,2259,22/10/2019
2019-10-23,61.5,2260,23/10/2019
2019-10-24,63.12,2261,24/10/2019
2019-10-25,63.4,2262,25/10/2019
2019-10-28,63.83,2263,28/10/2019
2019-10-29,61.93,2264,29/10/2019
2019-10-30,62.54,2265,30/10/2019
2019-10-31,61.68,2266,31/10/2019
2019-11-01,60.83,2267,01/11/2019
2019-11-04,62.54,2268,04/11/2019
2019-11-05,63.1,2269,05/11/2019
2019-11-06,63.16,2270,06/11/2019
2019-11-07,63,2271,07/11/2019
2019-11-08,61.92,2272,08/11/2019
2019-11-11,62.86,2273,11/11/2019
2019-11-12,63.3,2274,12/11/2019
2019-11-13,62.1,2275,13/11/2019
2019-11-14,63.47,2276,14/11/2019
2019-11-15,63.67,2277,15/11/2019
2019-11-18,64.33,2278,18/11/2019
2019-11-19,63.19,2279,19/11/2019
2019-11-20,62.25,2280,20/11/2019
2019-11-21,64.35,2281,21/11/2019
2019-11-22,66.1,2282,22/11/2019
2019-11-25,65,2283,25/11/2019
2019-11-26,65.58,2284,26/11/2019
2019-11-27,65.86,2285,27/11/2019
2019-11-28,65.67,2286,28/11/2019
2019-11-29,65.87,2287,29/11/2019
2019-12-02,64.39,2288,02/12/2019
2019-12-03,63.76,2289,03/12/2019
2019-12-04,65.2,2290,04/12/2019
2019-12-05,67.08,2291,05/12/2019
2019-12-06,66.99,2292,06/12/2019
2019-12-09,67.51,2293,09/12/2019
2019-12-10,67.52,2294,10/12/2019
2019-12-11,67.3,2295,11/12/2019
2019-12-12,67.61,2296,12/12/2019
2019-12-13,68.53,2297,13/12/2019
2019-12-16,69.23,2298,16/12/2019
2019-12-17,69.87,2299,17/12/2019
2019-12-18,70.04,2300,18/12/2019
2019-12-19,70.56,2301,19/12/2019
2019-12-20,70.68,2302,20/12/2019
2019-12-23,70,2303,23/12/2019
2019-12-24,69.12,2304,24/12/2019
2019-12-27,71.31,2305,27/12/2019
2019-12-30,70.57,2306,30/12/2019
2019-12-31,67.91,2307,31/12/2019
2020-01-02,69.04,2308,02/01/2020
2020-01-03,71.21,2309,03/01/2020
2020-01-06,71.98,2310,06/01/2020
2020-01-07,72.18,2311,07/01/2020
2020-01-08,71.48,2312,08/01/2020
2020-01-09,68.79,2313,09/01/2020
2020-01-10,68.88,2314,10/01/2020
2020-01-13,68.64,2315,13/01/2020
2020-01-14,67.3,2316,14/01/2020
2020-01-15,66.04,2317,15/01/2020
2020-01-16,67.38,2318,16/01/2020
2020-01-17,66.7,2319,17/01/2020
2020-01-20,67.28,2320,20/01/2020
2020-01-21,66.31,2321,21/01/2020
2020-01-22,64.76,2322,22/01/2020
2020-01-23,63.91,2323,23/01/2020
2020-01-24,61.99,2324,24/01/2020
2020-01-27,61.19,2325,27/01/2020
2020-01-28,62.02,2326,28/01/2020
2020-01-29,62.56,2327,29/01/2020
2020-01-30,61.02,2328,30/01/2020
2020-01-31,61.07,2329,31/01/2020
2020-02-03,57.3,2330,03/02/2020
2020-02-04,57.2,2331,04/02/2020
2020-02-05,58.66,2332,05/02/2020
2020-02-06,58.48,2333,06/02/2020
2020-02-07,57.83,2334,07/02/2020
2020-02-10,56.69,2335,10/02/2020
2020-02-11,56.55,2336,11/02/2020
2020-02-12,58.09,2337,12/02/2020
2020-02-13,58.89,2338,13/02/2020
2020-02-14,59.92,2339,14/02/2020
2020-02-17,60.38,2340,17/02/2020
2020-02-18,59.9,2341,18/02/2020
2020-02-19,62.27,2342,19/02/2020
2020-02-20,62.64,2343,20/02/2020
2020-02-21,61.15,2344,21/02/2020
2020-02-24,58.59,2345,24/02/2020
2020-02-25,58.62,2346,25/02/2020
2020-02-26,57.51,2347,26/02/2020
2020-02-27,54.74,2348,27/02/2020
2020-02-28,53.76,2349,28/02/2020
2020-03-02,54.97,2350,02/03/2020
2020-03-03,54.69,2351,03/03/2020
2020-03-04,54.31,2352,04/03/2020
2020-03-05,53.74,2353,05/03/2020
2020-03-06,48.05,2354,06/03/2020
2020-03-09,37.33,2355,09/03/2020
2020-03-10,37.57,2356,10/03/2020
2020-03-11,36.83,2357,11/03/2020
2020-03-12,33.02,2358,12/03/2020
2020-03-13,34.25,2359,13/03/2020
2020-03-16,31.47,2360,16/03/2020
2020-03-17,29.61,2361,17/03/2020
2020-03-18,27.56,2362,18/03/2020
2020-03-19,25.38,2363,19/03/2020
2020-03-20,27.93,2364,20/03/2020
2020-03-23,25,2365,23/03/2020
2020-03-24,23.05,2366,24/03/2020
2020-03-25,21.4,2367,25/03/2020
2020-03-26,21.39,2368,26/03/2020
2020-03-27,18.47,2369,27/03/2020
2020-03-30,15.07,2370,30/03/2020
2020-03-31,15.26,2371,31/03/2020
2020-04-01,11.03,2372,01/04/2020
2020-04-02,14.75,2373,02/04/2020
2020-04-03,19,2374,03/04/2020
2020-04-06,17.69,2375,06/04/2020
2020-04-07,19.56,2376,07/04/2020
2020-04-08,20.72,2377,08/04/2020
2020-04-09,18.47,2378,09/04/2020
2020-04-14,18.58,2379,14/04/2020
2020-04-15,15.53,2380,15/04/2020
2020-04-16,14.53,2381,16/04/2020
2020-04-17,15.4,2382,17/04/2020
2020-04-20,13.84,2383,20/04/2020
2020-04-21,7.15,2384,21/04/2020
2020-04-22,9.02,2385,22/04/2020
2020-04-23,11.54,2386,23/04/2020
2020-04-24,11.35,2387,24/04/2020
2020-04-27,9.75,2388,27/04/2020
2020-04-28,10.62,2389,28/04/2020
2020-04-29,13.18,2390,29/04/2020
2020-04-30,13.88,2391,30/04/2020
2020-05-01,13.91,2392,01/05/2020
2020-05-04,14.79,2393,04/05/2020
2020-05-05,20.38,2394,05/05/2020
2020-05-06,19.61,2395,06/05/2020
2020-05-07,25.97,2396,07/05/2020
2020-05-11,26.23,2397,11/05/2020
2020-05-12,27.01,2398,12/05/2020
2020-05-13,26.57,2399,13/05/2020
2020-05-14,26.89,2400,14/05/2020
2020-05-15,28.29,2401,15/05/2020
2020-05-18,32.2,2402,18/05/2020
2020-05-19,32.25,2403,19/05/2020
2020-05-21,34.88,2404,21/05/2020
2020-05-22,33.51,2405,22/05/2020
2020-05-26,33.62,2406,26/05/2020
2020-05-27,33.69,2407,27/05/2020
2020-05-28,33.5,2408,28/05/2020
2020-05-29,33.91,2409,29/05/2020
2020-06-01,36.09,2410,01/06/2020
2020-06-02,37.8,2411,02/06/2020
2020-06-03,37.84,2412,03/06/2020
2020-06-04,37.91,2413,04/06/2020
2020-06-05,41.24,2414,05/06/2020
2020-06-08,40.37,2415,08/06/2020
2020-06-09,39.21,2416,09/06/2020
2020-06-10,40.06,2417,10/06/2020
2020-06-11,38.33,2418,11/06/2020
2020-06-12,38.45,2419,12/06/2020
2020-06-15,38.69,2420,15/06/2020
2020-06-16,40.35,2421,16/06/2020
2020-06-17,40.52,2422,17/06/2020
2020-06-18,41.7,2423,18/06/2020
2020-06-19,42.94,2424,19/06/2020
2020-06-22,42.98,2425,22/06/2020
2020-06-23,43.72,2426,23/06/2020
2020-06-24,40.71,2427,24/06/2020
2020-06-25,40.98,2428,25/06/2020
2020-06-26,41.07,2429,26/06/2020
2020-06-29,41.67,2430,29/06/2020
2020-06-30,42.49,2431,30/06/2020
2020-07-01,43.15,2432,01/07/2020
2020-07-02,43.55,2433,02/07/2020
2020-07-03,43.85,2434,03/07/2020
2020-07-06,44.04,2435,06/07/2020
2020-07-07,44.5,2436,07/07/2020
2020-07-08,44.42,2437,08/07/2020
2020-07-09,43.37,2438,09/07/2020
2020-07-10,43.88,2439,10/07/2020
2020-07-13,44.53,2440,13/07/2020
2020-07-14,44.33,2441,14/07/2020
2020-07-15,44.91,2442,15/07/2020
2020-07-16,45.15,2443,16/07/2020
2020-07-17,44.43,2444,17/07/2020
2020-07-20,43.91,2445,20/07/2020
2020-07-21,45.56,2446,21/07/2020
2020-07-22,44.17,2447,22/07/2020
2020-07-23,44.5,2448,23/07/2020
2020-07-24,43.91,2449,24/07/2020
2020-07-27,43.3,2450,27/07/2020
2020-07-28,43.92,2451,28/07/2020
2020-07-29,44.39,2452,29/07/2020
2020-07-30,42.97,2453,30/07/2020
2020-07-31,43.62,2454,31/07/2020
2020-08-03,44.3,2455,03/08/2020
2020-08-04,44.38,2456,04/08/2020
2020-08-05,46.2,2457,05/08/2020
2020-08-06,45.69,2458,06/08/2020
2020-08-07,44.72,2459,07/08/2020
2020-08-10,44.54,2460,10/08/2020
2020-08-11,44.75,2461,11/08/2020
2020-08-12,45.45,2462,12/08/2020
2020-08-13,45.5,2463,13/08/2020
2020-08-14,45.2,2464,14/08/2020
2020-08-17,45.08,2465,17/08/2020
2020-08-18,45.57,2466,18/08/2020
2020-08-19,45.24,2467,19/08/2020
2020-08-20,44.49,2468,20/08/2020
2020-08-21,43.54,2469,21/08/2020
2020-08-24,44.33,2470,24/08/2020
2020-08-25,46.21,2471,25/08/2020
2020-08-26,45.94,2472,26/08/2020
2020-08-27,44.77,2473,27/08/2020
2020-08-28,44.94,2474,28/08/2020
2020-08-31,45.26,2475,31/08/2020
2020-09-01,45.66,2476,01/09/2020
2020-09-02,44.66,2477,02/09/2020
2020-09-03,41.19,2478,03/09/2020
2020-09-04,42.92,2479,04/09/2020
2020-09-07,40.68,2480,07/09/2020
2020-09-08,38.62,2481,08/09/2020
2020-09-09,40,2482,09/09/2020
2020-09-10,39.7,2483,10/09/2020
2020-09-11,39.36,2484,11/09/2020
2020-09-14,38.39,2485,14/09/2020
2020-09-15,38.96,2486,15/09/2020
2020-09-16,40.73,2488,16/09/2020
2020-09-17,42.19,2489,17/09/2020
2020-09-18,42.23,2490,18/09/2020
2020-09-21,39.98,2492,21/09/2020
2020-09-22,40.8,2491,22/09/2020
2020-09-23,41.3,2493,23/09/2020
2020-09-24,40.71,2494,24/09/2020
2020-09-25,40.59,2495,25/09/2020
2020-09-28,40.94,2496,28/09/2020
2020-09-29,39.91,2497,29/09/2020
2020-09-30,39.74,2498,30/09/2020
2020-10-02,38.05,2499,02/10/2020
2020-10-05,39.57,2500,05/10/2020
2020-10-06,40.66,2501,06/10/2020
2020-10-07,39.65,2502,07/10/2020
2020-10-08,41.01,2503,08/10/2020
2020-10-09,41.38,2504,09/10/2020
2020-10-12,39.95,2505,12/10/2020
2020-10-13,40.79,2506,13/10/2020
2020-10-14,41.05,2507,14/10/2020
2020-10-15,40.37,2508,15/10/2020
2020-10-16,40.88,2509,16/10/2020
2020-10-19,41.17,2510,19/10/2020
2020-10-20,40.39,2511,20/10/2020
2020-10-21,39.67,2512,21/10/2020
2020-10-22,41.08,2514,22/10/2020
2020-10-23,40.91,2515,23/10/2020
2020-10-26,38.99,2516,26/10/2020
2020-10-27,39.73,2517,27/10/2020
2020-10-28,37.79,2518,28/10/2020
2020-10-30,36.37,2519,30/10/2020
2020-11-02,36.49,2520,02/11/2020
2020-11-03,38.04,2521,03/11/2020
2020-11-04,39.19,2522,04/11/2020
2020-11-05,39.5,2523,05/11/2020
2020-11-06,38.38,2524,06/11/2020
2020-11-09,41.15,2525,09/11/2020
2020-11-10,41.65,2526,10/11/2020
2020-11-11,43.06,2527,11/11/2020
2020-11-12,42.54,2528,12/11/2020
2020-11-13,41.66,2529,13/11/2020
2020-11-16,42.95,2530,16/11/2020
2020-11-17,42.01,2531,17/11/2020
2020-11-18,42.96,2532,18/11/2020
2020-11-19,42.74,2533,19/11/2020
2020-11-20,43.16,2534,20/11/2020
2020-11-23,44.65,2535,23/11/2020
2020-11-24,47.48,2536,24/11/2020
2020-11-25,47.73,2537,25/11/2020
2020-11-26,26.27,2538,26/11/2020
2020-11-27,47.34,2539,27/11/2020
2020-11-30,46.67,2540,30/11/2020
2020-12-01,47.66,2541,01/12/2020
2020-12-02,48.45,2542,02/12/2020
2020-12-03,48.45,2543,03/12/2020
2020-12-04,49.43,2544,04/12/2020
2020-12-07,49.35,2545,07/12/2020
2020-12-08,49.31,2546,08/12/2020
2020-12-09,49.14,2547,09/12/2020
2020-12-10,51.4,2548,10/12/2020
2020-12-11,50.49,2549,11/12/2020
2020-12-14,49.98,2550,14/12/2020
2020-12-15,51.22,2551,15/12/2020
2020-12-16,51.87,2552,16/12/2020
2020-12-17,51.55,2553,17/12/2020
2020-12-18,52.5,2554,18/12/2020
2020-12-21,50.32,2555,21/12/2020
2020-12-22,50.6,2556,22/12/2020
2020-12-23,51.66,2557,23/12/2020
2020-12-24,50.99,2558,24/12/2020
2020-12-29,51.11,2559,29/12/2020
2020-12-30,50.94,2560,30/12/2020
2020-12-31,51.27,2561,31/12/2020
2021-01-04,50.67,2562,04/01/2021
2021-01-05,52.96,2563,05/01/2021
2021-01-06,54.66,2564,06/01/2021
2021-01-07,54.38,2565,07/01/2021
2021-01-08,55.42,2566,08/01/2021
2021-01-11,55.25,2567,11/01/2021
2021-01-12,56.39,2568,12/01/2021
2021-01-13,56.2,2569,13/01/2021
2021-01-14,55.46,2570,14/01/2021
2021-01-15,55.203,2571,15/01/2021
2021-01-18,54.9,2572,18/01/2021
2021-01-19,55.73,2573,19/01/2021
2021-01-20,56.18,2574,20/01/2021
2021-01-21,55.77,2575,21/01/2021
2021-01-22,55.31,2576,22/01/2021
2021-01-25,55.13,2577,25/01/2021
2021-01-26,55.41,2578,26/01/2021
2021-01-27,55.74,2579,27/01/2021
2021-01-28,55.17,2580,28/01/2021
2021-01-29,55.16,2581,29/01/2021
2021-02-01,55.8,2582,01/02/2021
2021-02-02,57.81,2583,02/02/2021
2021-02-03,58.61,2584,03/02/2021
2021-02-04,59.05,2585,04/02/2021
2021-02-05,60.2,2586,05/02/2021
2021-02-08,60.33,2587,08/02/2021
2021-02-09,60.91,2588,09/02/2021
2021-02-10,61.59,2589,10/02/2021
2021-02-11,61.37,2590,11/02/2021
2021-02-12,62.21,2591,12/02/2021
2021-02-15,64.3,2592,15/02/2021
2021-02-16,63.91,2593,16/02/2021
2021-02-17,64.71,2594,17/02/2021
2021-02-18,65.01,2595,18/02/2021
2021-02-19,63.95,2596,19/02/2021
2021-02-22,64.3,2597,22/02/2021
2021-02-23,65.18,2598,23/02/2021
2021-02-24,66.71,2599,24/02/2021
2021-02-25,67.15,2600,25/02/2021
2021-02-26,66.07,2601,26/02/2021
2021-03-01,65.75,2602,01/03/2021
2021-03-02,63.89,2603,02/03/2021
2021-03-03,64.64,2604,03/03/2021
2021-03-04,67.73,2605,04/03/2021
2021-03-05,69.37,2606,05/03/2021
2021-03-08,68.7,2607,08/03/2021
2021-03-09,67.16,2608,09/03/2021
2021-03-10,66.9,2609,10/03/2021
2021-03-11,69.35,2610,11/03/2021
2021-03-12,69.41,2611,12/03/2021
2021-03-15,68.71,2612,15/03/2021
2021-03-16,67.85,2613,16/03/2021
2021-03-17,67.34,2614,17/03/2021
2021-03-18,65.03,2615,18/03/2021
2021-03-19,63.44,2616,19/03/2021
2021-03-22,63.79,2617,22/03/2021
2021-03-23,61.71,2618,23/03/2021
2021-03-24,63.66,2619,24/03/2021
2021-03-25,61.39,2620,25/03/2021
2021-03-26,63.85,2621,26/03/2021
2021-03-29,63.24,2622,29/03/2021
2021-03-30,63.4,2623,30/03/2021
2021-03-31,62.98,2624,31/03/2021
2021-04-01,61.7,2625,01/04/2021
2021-04-06,62.15,2626,06/04/2021
2021-04-07,60.65,2627,07/04/2021
2021-04-08,61.53,2628,08/04/2021
2021-04-09,61.86,2629,09/04/2021
2021-04-12,62.48,2630,12/04/2021
2021-04-13,62.83,2631,13/04/2021
2021-04-14,65.59,2632,14/04/2021
2021-04-15,65.55,2633,15/04/2021
2021-04-16,65.74,2634,16/04/2021
2021-04-19,66.19,2635,19/04/2021
2021-04-20,64.25,2636,20/04/2021
2021-04-21,64.36,2637,21/04/2021
2021-04-22,64.92,2638,22/04/2021
2021-04-23,65.42,2639,23/04/2021
2021-04-26,64.98,2640,26/04/2021
2021-04-27,65.12,2641,27/04/2021
2021-04-28,66.69,2642,28/04/2021
2021-04-29,67.2,2643,29/04/2021
2021-04-30,66.84,2644,30/04/2021
2021-05-04,68.37,2645,04/05/2021
2021-05-05,69.59,2646,05/05/2021
2021-05-06,68.28,2647,06/05/2021
2021-05-07,67.82,2648,07/05/2021
2021-05-10,67.58,2649,10/05/2021
2021-05-11,67.86,2650,11/05/2021
2021-05-14,68.21,2651,14/05/2021
2021-05-17,68.61,2652,17/05/2021
2021-05-18,68.76,2653,18/05/2021
2021-05-19,65.52,2654,19/05/2021
2021-05-20,65.56,2655,20/05/2021
2021-05-21,66.1,2656,21/05/2021
2021-05-24,67.49,2657,24/05/2021
2021-05-25,67.88,2658,25/05/2021
2021-05-26,68.13,2659,26/05/2021
2021-05-27,68.21,2660,27/05/2021
2021-05-28,68.59,2661,28/05/2021
2021-06-01,69.26,2662,01/06/2021
2021-06-02,69.39,2663,02/06/2021
2021-06-03,69.33,2664,03/06/2021
2021-06-04,70.45,2665,04/06/2021
2021-06-07,70.23,2666,07/06/2021
2021-06-08,70.6,2667,08/06/2021
2021-06-09,71.45,2668,09/06/2021
2021-06-10,71.61,2669,10/06/2021
2021-06-11,72.06,2670,11/06/2021
2021-06-14,72.98,2671,14/06/2021
2021-06-15,73.46,2672,15/06/2021
2021-06-16,74.79,2673,16/06/2021
2021-06-17,73.27,2674,17/06/2021
2021-06-18,74.22,2675,18/06/2021
2021-06-21,74.99,2676,21/06/2021
2021-06-22,75.92,2677,22/06/2021
2021-06-23,76.86,2678,23/06/2021
2021-06-24,76.91,2679,24/06/2021
2021-06-25,77.31,2680,25/06/2021
2021-06-28,76.48,2681,28/06/2021
2021-06-29,76.53,2682,29/06/2021
2021-06-30,78.01,2683,30/06/2021
2021-07-01,77.76,2684,01/07/2021
2021-07-02,78.55,2685,02/07/2021
2021-07-05,79.18,2686,05/07/2021
2021-07-06,77.17,2687,06/07/2021
2021-07-07,75.05,2688,07/07/2021
2021-07-08,75.55,2689,08/07/2021
2021-07-09,78.41,2690,09/07/2021
2021-07-12,77.88,2691,12/07/2021
2021-07-13,77.74,2692,13/07/2021
2021-07-14,77.99,2693,14/07/2021
2021-07-15,76.35,2694,15/07/2021
2021-07-16,75.39,2695,16/07/2021
2021-07-19,70.69,2696,19/07/2021
2021-07-22,74.06,2697,22/07/2021
2021-07-23,75.76,2698,23/07/2021
2021-07-26,75.19,2699,26/07/2021
2021-07-27,75.47,2700,27/07/2021
2021-07-28,75.54,2701,28/07/2021
2021-07-29,76.33,2702,29/07/2021
2021-07-30,77.07,2703,30/07/2021
2021-08-02,74.53,2704,02/08/2021
2021-08-03,73.5,2705,03/08/2021
2021-08-04,71.79,2706,04/08/2021
2021-08-05,72.25,2707,05/08/2021
2021-08-06,71.67,2708,06/08/2021
2021-08-09,69.29,2709,09/08/2021
2021-08-10,71.32,2710,10/08/2021
2021-08-11,70.54,2711,11/08/2021
2021-08-12,71.61,2712,12/08/2021
2021-08-13,71.35,2713,13/08/2021
2021-08-16,70,2714,16/08/2021
2021-08-17,70.19,2715,17/08/2021
2021-08-18,69.65,2716,18/08/2021
2021-08-19,66.18,2717,19/08/2021
2021-08-20,65.93,2718,20/08/2021
2021-08-23,68.6,2719,23/08/2021
2021-08-24,70.47,2720,24/08/2021
2021-08-25,70.98,2721,25/08/2021
2021-08-26,70.43,2722,26/08/2021
2021-08-27,71.25,2723,27/08/2021
2021-08-31,73.18,2724,31/08/2021
2021-09-01,70.78,2725,01/09/2021
2021-09-02,73.53,2726,02/09/2021
2021-09-03,73.04,2727,03/09/2021
2021-09-06,72.13,2728,06/09/2021
2021-09-07,71.13,2729,07/09/2021
2021-09-08,71.89,2730,08/09/2021
2021-09-09,72.73,2731,09/09/2021
2021-09-10,72.5,2732,10/09/2021
2021-09-13,73.2,2733,13/09/2021
2021-09-14,73.4,2734,14/09/2021
2021-09-15,75.44,2735,15/09/2021
2021-09-16,74.63,2736,16/09/2021
2021-09-17,74.46,2737,17/09/2021
2021-09-20,74.11,2738,20/09/2021
2021-09-21,73.52,2739,21/09/2021
2021-09-22,75.16,2740,22/09/2021
2021-09-23,76.59,2741,23/09/2021
2021-09-24,77.41,2742,24/09/2021
2021-09-27,79.26,2743,27/09/2021
2021-09-28,78.73,2744,28/09/2021
2021-09-29,78.35,2745,29/09/2021
2021-09-30,78.11,2746,30/09/2021
2021-10-04,81.95,2747,04/10/2021
2021-10-05,83.49,2748,05/10/2021
2021-10-06,81.74,2749,06/10/2021
2021-10-07,82.58,2750,07/10/2021
2021-10-08,83.18,2751,08/10/2021
2021-10-11,84.5,2752,11/10/2021
2021-10-12,84.54,2753,12/10/2021
2021-10-13,84.36,2754,13/10/2021
2021-10-14,83.3,2755,14/10/2021
2021-10-15,85.66,2756,15/10/2021
2021-10-18,85.24,2757,18/10/2021
2021-10-19,85.8,2758,19/10/2021
2021-10-20,86.21,2759,20/10/2021
2021-10-21,84.04,2760,21/10/2021
2021-10-22,85.38,2761,22/10/2021
2021-10-25,85.9,2762,25/10/2021
2021-10-26,85.53,2763,26/10/2021
2021-10-27,84.85,2764,27/10/2021
2021-10-28,83.76,2765,28/10/2021
2021-10-29,84.35,2766,29/10/2021
2021-11-01,85.35,2767,01/11/2021
2021-11-02,85.3,2768,02/11/2021
2021-11-03,82.77,2769,03/11/2021
2021-11-04,82.49,2770,04/11/2021
2021-11-05,83.35,2771,05/11/2021
2021-11-08,84.28,2772,08/11/2021
2021-11-09,84.75,2773,09/11/2021
2021-11-10,85.34,2774,10/11/2021
2021-11-11,84.03,2775,11/11/2021
2021-11-12,83.88,2776,12/11/2021
2021-11-15,82.22,2777,15/11/2021
2021-11-16,83.61,2778,16/11/2021
2021-11-17,82.72,2779,17/11/2021
2021-11-18,82.88,2780,18/11/2021
2021-11-19,80.63,2781,19/11/2021
2021-11-22,82.2,2782,22/11/2021
2021-11-23,83.96,2783,23/11/2021
2021-11-24,83.82,2784,24/11/2021
2021-11-25,82.9,2785,25/11/2021
2021-11-26,74.05,2786,26/11/2021
2021-11-29,75.55,2787,29/11/2021
2021-11-30,71.54,2788,30/11/2021
2021-12-01,72.75,2789,01/12/2021
2021-12-02,71.17,2790,02/12/2021
2021-12-03,72.68,2791,03/12/2021
2021-12-06,72.85,2792,06/12/2021
2021-12-07,76.71,2793,07/12/2021
2021-12-08,76.62,2794,08/12/2021
2021-12-09,75.75,2795,09/12/2021
2021-12-10,75.11,2796,10/12/2021
2021-12-13,75.17,2797,13/12/2021
2021-12-14,74.15,2798,14/12/2021
2021-12-15,73.68,2799,15/12/2021
2021-12-16,75.82,2800,16/12/2021
2021-12-17,74.06,2801,17/12/2021
2021-12-20,69.73,2802,20/12/2021
2021-12-21,73.26,2803,21/12/2021
2021-12-22,74.86,2804,22/12/2021
2021-12-23,76.51,2805,23/12/2021
2021-12-24,75.91,2806,24/12/2021
2021-12-29,78.66,2807,29/12/2021
2021-12-30,79.31,2808,30/12/2021
2021-12-31,76.25,2809,31/12/2021
2022-01-04,80.07,2810,04/01/2022
2022-01-05,82.17,2811,05/01/2022
2022-01-06,83.49,2812,06/01/2022
2022-01-07,84.53,2813,07/01/2022
2022-01-10,84.06,2814,10/01/2022
2022-01-11,86.64,2815,11/01/2022
2022-01-12,88.07,2816,12/01/2022
2022-01-13,87.99,2817,13/01/2022
2022-01-14,88.69,2818,14/01/2022
2022-01-17,90.09,2819,17/01/2022
2022-01-18,90.83,2820,18/01/2022
2022-01-19,92.56,2821,19/01/2022
2022-01-20,93.04,2822,20/01/2022
2022-01-21,91.03,2823,21/01/2022
2022-01-24,89.93,2824,24/01/2022
2022-01-25,91.54,2825,25/01/2022
2022-01-26,94.18,2826,26/01/2022
2022-01-27,93.85,2827,27/01/2022
2022-01-28,95.23,2828,28/01/2022
2022-01-31,94.89,2829,31/01/2022
2022-02-01,93.32,2830,01/02/2022
2022-02-02,93.2,2831,02/02/2022
2022-02-03,94.41,2832,03/02/2022
2022-02-04,99.81,2833,04/02/2022
2022-02-07,100.45,2834,07/02/2022
2022-02-08,98.12,2835,08/02/2022
2022-02-09,98.56,2836,09/02/2022
2022-02-10,100.99,2837,10/02/2022
2022-02-11,99.39,2838,11/02/2022
2022-02-14,103.24,2839,14/02/2022
2022-02-15,100.69,2840,15/02/2022
2022-02-16,100.98,2841,16/02/2022
2022-02-17,97.93,2842,17/02/2022
2022-02-18,98.83,2843,18/02/2022
2022-02-21,101.6,2844,21/02/2022
2022-02-22,101.38,2845,22/02/2022
2022-02-23,101.94,2846,23/02/2022
2022-02-24,103.94,2847,24/02/2022
2022-02-25,100.8,2848,25/02/2022
2022-02-28,103.23,2849,28/02/2022
2022-03-01,114.89,2850,01/03/2022
2022-03-02,118.75,2851,02/03/2022
2022-03-03,121.42,2852,03/03/2022
2022-03-04,122.9,2853,04/03/2022
2022-03-07,133.63,2854,07/03/2022
2022-03-08,139.41,2855,08/03/2022
2022-03-09,130.28,2856,09/03/2022
2022-03-10,122.13,2857,10/03/2022
2022-03-11,120.13,2858,11/03/2022
2022-03-14,113.43,2859,14/03/2022
2022-03-15,110.5,2860,15/03/2022
2022-03-16,109.17,2861,16/03/2022
2022-03-17,116.37,2862,17/03/2022
2022-03-18,117.04,2863,18/03/2022
2022-03-21,123.9,2864,21/03/2022
2022-03-22,124.11,2865,22/03/2022
2022-03-23,130.41,2866,23/03/2022
2022-03-24,128.49,2867,24/03/2022
2022-03-25,126.41,2868,25/03/2022
2022-03-28,118.84,2869,28/03/2022
2022-03-29,115.52,2870,29/03/2022
2022-03-30,119.05,2871,30/03/2022
2022-03-31,111.51,2872,31/03/2022
2022-04-01,110.43,2873,01/04/2022
2022-04-04,111.77,2874,04/04/2022
2022-04-05,110.12,2875,05/04/2022
2022-04-06,107.09,2876,06/04/2022
2022-04-07,101.85,2877,07/04/2022
2022-04-08,102.94,2878,08/04/2022
2022-04-11,100.48,2879,11/04/2022
2022-04-12,107.1,2880,12/04/2022
2022-04-13,108.49,2881,13/04/2022
2022-04-14,109.1,2882,14/04/2022
2022-04-19,107.56,2883,19/04/2022
2022-04-20,107.33,2884,20/04/2022
2022-04-21,109.06,2885,21/04/2022
2022-04-22,107.45,2886,22/04/2022
2022-04-25,98.61,2887,25/04/2022
2022-04-26,103.71,2888,26/04/2022
2022-04-27,104.08,2889,27/04/2022
2022-04-28,106.38,2890,28/04/2022
2022-04-29,110.11,2891,29/04/2022
2022-05-04,110.64,2892,04/05/2022
2022-05-05,114.21,2893,05/05/2022
2022-05-06,116.41,2894,06/05/2022
2022-05-09,108.78,2895,09/05/2022
2022-05-10,105.94,2896,10/05/2022
2022-05-11,109.41,2897,11/05/2022
2022-05-12,110.38,2898,12/05/2022
2022-05-13,113.02,2899,13/05/2022
2022-05-16,115.13,2900,16/05/2022
2022-05-17,117.85,2901,17/05/2022
2022-05-18,112.71,2902,18/05/2022
2022-05-19,113.32,2903,19/05/2022
2022-05-20,115.75,2904,20/05/2022
2022-05-23,121.33,2905,23/05/2022
2022-05-24,122.04,2906,24/05/2022
2022-05-25,122.33,2907,25/05/2022
2022-05-26,125.91,2908,26/05/2022
2022-05-27,125.95,2909,27/05/2022
2022-05-30,128.53,2910,30/05/2022
2022-05-31,133.73,2911,31/05/2022
2022-06-01,130.23,2912,01/06/2022
2022-06-02,132.21,2913,02/06/2022
2022-06-03,132.43,2914,03/06/2022
2022-06-06,131.64,2915,06/06/2022
2022-06-07,133.23,2916,07/06/2022
2022-06-08,134.93,2917,08/06/2022
2022-06-09,136.4,2918,09/06/2022
2022-06-10,133.99,2919,10/06/2022
2022-06-14,137.95,2920,14/06/2022
2022-06-15,134.44,2921,15/06/2022
2022-06-16,131.02,2922,16/06/2022
2022-06-17,127.55,2923,17/06/2022
2022-06-20,125.11,2924,20/06/2022
2022-06-21,125.58,2925,21/06/2022
2022-06-22,121.77,2926,22/06/2022
2022-06-23,122.68,2927,23/06/2022
2022-06-24,125.15,2928,24/06/2022
2022-06-27,126.57,2929,27/06/2022
2022-06-28,128.29,2930,28/06/2022
2022-06-29,129.87,2931,29/06/2022
2022-06-30,126.94,2932,30/06/2022
2022-07-01,124.55,2933,01/07/2022
2022-07-04,127.89,2934,04/07/2022
2022-07-05,116.5,2935,05/07/2022
2022-07-06,114.78,2936,06/07/2022
2022-07-07,120.31,2937,07/07/2022
2022-07-08,121.07,2938,08/07/2022
2022-07-13,116.09,2939,13/07/2022
2022-07-14,113.34,2940,14/07/2022
2022-07-15,122.84,2941,15/07/2022
2022-07-18,126.97,2942,18/07/2022
2022-07-19,123.28,2943,19/07/2022
2022-07-20,125.48,2944,20/07/2022
2022-07-21,123.15,2945,21/07/2022
2022-07-22,118.74,2946,22/07/2022
2022-07-25,117.75,2947,25/07/2022
2022-07-26,118.12,2948,26/07/2022
2022-07-27,119.56,2949,27/07/2022
2022-07-28,120.04,2950,28/07/2022
2022-07-29,121.51,2951,29/07/2022
2022-08-01,114.49,2952,01/08/2022
2022-08-02,115.35,2953,02/08/2022
2022-08-03,112.69,2954,03/08/2022
2022-08-04,106.33,2955,04/08/2022
2022-08-05,108.63,2956,05/08/2022
2022-08-08,110.87,2957,08/08/2022
2022-08-09,112.25,2958,09/08/2022
2022-08-10,110.72,2959,10/08/2022
2022-08-11,111.95,2960,11/08/2022
2022-08-12,108.97,2961,12/08/2022
2022-08-15,102.61,2962,15/08/2022
2022-08-16,101.53,2963,16/08/2022
2022-08-17,101.92,2964,17/08/2022
2022-08-18,101.51,2965,18/08/2022
2022-08-19,101.57,2966,19/08/2022
2022-08-22,97.85,2967,22/08/2022
2022-08-23,103.18,2968,23/08/2022
2022-08-24,102.8,2969,24/08/2022
2022-08-25,104.95,2970,25/08/2022
2022-08-26,103.77,2971,26/08/2022
2022-08-30,104.45,2972,30/08/2022
2022-08-31,101.14,2973,31/08/2022
2022-09-01,97.02,2974,01/09/2022
2022-09-02,97.79,2975,02/09/2022
2022-09-05,97.99,2976,05/09/2022
2022-09-06,95.14,2977,06/09/2022
2022-09-07,91.78,2978,07/09/2022
2022-09-08,90.8,2979,08/09/2022
2022-09-09,93.48,2980,09/09/2022
2022-09-12,96.88,2981,12/09/2022
2022-09-13,94.54,2982,13/09/2022
2022-09-14,96.04,2983,14/09/2022
2022-09-15,91.85,2984,15/09/2022
2022-09-16,91.9,2985,16/09/2022
2022-09-20,92.01,2986,20/09/2022
2022-09-21,92.42,2987,21/09/2022
2022-09-22,93.47,2988,22/09/2022
2022-09-23,88.89,2989,23/09/2022
2022-09-26,88.2,2991,26/09/2022
2022-09-27,89.37,2990,27/09/2022
2022-09-28,92.01,2992,28/09/2022
2022-09-29,93.02,2993,29/09/2022
2022-09-30,92.4,2994,30/09/2022
2022-10-04,97.31,2995,04/10/2022
2022-10-05,97.95,2996,05/10/2022
2022-10-06,98.91,2997,06/10/2022
2022-10-07,102.01,2998,07/10/2022
2022-10-10,102.01,3000,10/10/2022
2022-10-11,99,2999,11/10/2022
2022-10-12,98.05,3001,12/10/2022
2022-10-13,98.91,3002,13/10/2022
2022-10-14,97.44,3003,14/10/2022
2022-10-17,95.57,3004,17/10/2022
2022-10-18,91.42,3005,18/10/2022
2022-10-19,92.59,3006,19/10/2022
2022-10-20,95.42,3007,20/10/2022
2022-10-21,93.82,3008,21/10/2022
2022-10-24,94.2,3009,24/10/2022
2022-10-25,94.14,3010,25/10/2022
2022-10-26,95.31,3011,26/10/2022
2022-10-27,96.8,3012,27/10/2022
2022-10-28,96.81,3013,28/10/2022
2022-10-31,96.04,3014,31/10/2022
2022-11-01,97.73,3015,01/11/2022
2022-11-02,99.4,3016,02/11/2022
2022-11-03,98.12,3017,03/11/2022
2022-11-04,100.4,3018,04/11/2022
2022-11-07,103.16,3019,07/11/2022
2022-11-08,100.75,3020,08/11/2022
2022-11-09,96.21,3021,09/11/2022
2022-11-10,96.21,3022,10/11/2022
2022-11-11,98.18,3023,11/11/2022
2022-11-14,96.97,3024,14/11/2022
2022-11-15,95.65,3025,15/11/2022
2022-11-16,93.52,3026,16/11/2022
2022-11-17,93.41,3027,17/11/2022
2022-11-18,90.5,3028,18/11/2022
2022-11-21,85.43,3029,21/11/2022
2022-11-22,91.14,3030,22/11/2022
2022-11-23,87.26,3031,23/11/2022
2022-11-24,87.42,3032,24/11/2022
2022-11-25,86.4,3033,25/11/2022
2022-11-28,84.65,3034,28/11/2022
2022-11-30,86.79,3036,30/11/2022
2022-12-01,89.7,3037,01/12/2022
2022-12-02,89.1,3038,02/12/2022
2022-12-05,87.19,3039,05/12/2022
2022-12-06,82.07,3040,06/12/2022
2022-12-07,79.71,3041,07/12/2022
2022-12-08,77.52,3042,08/12/2022
2022-12-09,78.49,3043,09/12/2022
2022-12-12,79.56,3044,12/12/2022
2022-12-13,81.49,3045,13/12/2022
2022-12-14,84.62,3046,14/12/2022
2022-12-15,83.59,3047,15/12/2022
2022-12-16,81.11,3048,16/12/2022
2022-12-19,83.09,3049,19/12/2022
2022-12-20,79.95,3050,20/12/2022
2022-12-21,80.77,3051,21/12/2022
2022-12-22,82.08,3052,22/12/2022
2022-12-23,83.29,3053,23/12/2022
2022-12-28,28.11,3054,28/12/2022
2022-12-29,82.04,3055,29/12/2022
2022-12-30,82.58,3056,30/12/2022
2023-01-03,82.81,3057,03/01/2023
2023-01-04,76.83,3058,04/01/2023
2023-01-05,78.58,3059,05/01/2023
2023-01-06,78.87,3060,06/01/2023
2023-01-09,79.16,3061,09/01/2023
2023-01-10,80.31,3062,10/01/2023
2023-01-11,82.68,3063,11/01/2023
2023-01-12,85.13,3064,12/01/2023
2023-01-13,85.15,3065,13/01/2023
2023-01-16,84.6,3066,16/01/2023
2023-01-17,85.86,3067,17/01/2023
2023-01-18,87.92,3068,18/01/2023
2023-01-19,86.47,3069,19/01/2023
2023-01-20,88.25,3070,20/01/2023
2023-01-23,90.38,3071,23/01/2023
2023-01-24,87.91,3072,24/01/2023
2023-01-25,87.44,3073,25/01/2023
2023-01-26,89.47,3074,26/01/2023
2023-01-27,88.66,3075,27/01/2023
2023-01-30,87.66,3076,30/01/2023
2023-01-31,86.3,3077,31/01/2023
2023-02-01,86.43,3078,01/02/2023
2023-02-02,84.01,3079,02/02/2023
2023-02-03,84.07,3080,03/02/2023
2023-02-06,83.07,3081,06/02/2023
2023-02-07,85.57,3082,07/02/2023
2023-02-08,86.54,3083,08/02/2023
2023-02-09,86.73,3084,09/02/2023
2023-02-10,89.13,3085,10/02/2023
2023-02-13,89.19,3086,13/02/2023
2023-02-14,88.27,3087,14/02/2023
2023-02-15,86.7,3088,15/02/2023
2023-02-16,87.71,3089,16/02/2023
2023-02-17,85.51,3091,17/02/2023
2023-02-20,85.89,3092,20/02/2023
2023-02-21,85.77,3093,21/02/2023
2023-02-22,83.83,3094,22/02/2023
2023-02-23,85.16,3095,23/02/2023
2023-02-24,85.44,3096,24/02/2023
2023-02-27,84.84,3097,27/02/2023
2023-02-28,86.87,3098,28/02/2023
2023-03-01,86.49,3099,01/03/2023
2023-03-02,87.92,3100,02/03/2023
2023-03-03,88.76,3101,03/03/2023
2023-03-06,89.23,3102,06/03/2023
2023-03-07,87.45,3103,07/03/2023
2023-03-08,85.76,3104,08/03/2023
2023-03-09,86.5,3105,09/03/2023
2023-03-10,86.1,3106,10/03/2023
2023-03-13,84.75,3107,13/03/2023
2023-03-14,82.37,3108,14/03/2023
2023-03-15,75.55,3109,15/03/2023
2023-03-16,76.49,3110,16/03/2023
2023-03-17,73.77,3111,17/03/2023
2023-03-20,73.31,3112,20/03/2023
2023-03-21,76.12,3113,21/03/2023
2023-03-22,77.61,3114,22/03/2023
2023-03-23,77.16,3115,23/03/2023
2023-03-24,74.43,3116,24/03/2023
2023-03-27,76.45,3117,27/03/2023
2023-03-28,79.33,3118,28/03/2023
2023-03-29,79.67,3119,29/03/2023
2023-03-30,79.75,3120,30/03/2023
2023-03-31,80.8,3121,31/03/2023
2023-04-03,86.95,3122,03/04/2023
2023-04-04,86.58,3123,04/04/2023
2023-04-05,86.8,3124,05/04/2023
2023-04-06,87.62,3125,06/04/2023
2023-04-11,87.87,3126,11/04/2023
2023-04-12,89.82,3127,12/04/2023
2023-04-13,89.01,3128,13/04/2023
2023-04-14,89.53,3129,14/04/2023
2023-04-18,87.8,3130,18/04/2023
2023-04-19,88.07,3131,19/04/2023
2023-04-20,85.5,3132,20/04/2023
2023-04-25,84.22,3133,25/04/2023
2023-04-26,83.94,3134,26/04/2023
2023-04-27,81.89,3135,27/04/2023
2023-04-28,83.3,3136,28/04/2023
2023-05-02,79.24,3137,02/05/2023
2023-05-03,74.64,3138,03/05/2023
2023-05-04,75.15,3139,04/05/2023
2023-05-05,77.68,3140,05/05/2023
2023-05-08,79.63,3141,08/05/2023
2023-05-09,75.69,3142,09/05/2023
2023-05-10,77.35,3143,10/05/2023
2023-05-11,76.22,3144,11/05/2023
2023-05-12,75.24,3145,12/05/2023
2023-05-15,75.66,3146,15/05/2023
2023-05-16,75.37,3147,16/05/2023
2023-05-17,76.32,3148,17/05/2023
2023-05-18,76.06,3149,18/05/2023
2023-05-19,76.68,3150,19/05/2023
2023-05-22,77.93,3151,22/05/2023
2023-05-23,79.11,3152,23/05/2023
2023-05-24,79.89,3153,24/05/2023
2023-05-25,77.73,3154,25/05/2023
2023-05-26,78.52,3155,26/05/2023
2023-05-30,76.25,3156,30/05/2023
2023-05-31,74.75,3157,31/05/2023
2023-06-01,76.6,3158,01/06/2023
2023-06-02,77.88,3159,02/06/2023
2023-06-05,79.42,3160,05/06/2023
2023-06-06,78.48,3161,06/06/2023
2023-06-07,79.35,3162,07/06/2023
2023-06-08,78.31,3163,08/06/2023
2023-06-09,78.25,3164,09/06/2023
2023-06-13,76.21,3165,13/06/2023
2023-06-14,76.28,3166,14/06/2023
2023-06-15,77.04,3167,15/06/2023
2023-06-16,78.13,3168,16/06/2023
2023-06-19,78.39,3169,19/06/2023
2023-06-20,77.05,3170,20/06/2023
2023-06-21,78.96,3171,21/06/2023
2023-06-22,75.97,3172,22/06/2023
2023-06-23,75.25,3173,23/06/2023
2023-06-26,75.64,3174,26/06/2023
2023-06-27,75.01,3175,27/06/2023
2023-06-30,76.22,3176,30/06/2023
2023-07-03,77.76,3177,03/07/2023
2023-07-04,78.33,3178,04/07/2023
2023-07-05,78.78,3179,05/07/2023
2023-07-06,77.39,3180,06/07/2023
2023-07-07,79.7,3181,07/07/2023
2023-07-10,80.43,3182,10/07/2023
2023-07-11,81.5,3183,11/07/2023
2023-07-12,82.48,3184,12/07/2023
2023-07-13,82.74,3185,13/07/2023
2023-07-14,82.4,3186,14/07/2023
2023-07-17,80.66,3187,17/07/2023
2023-07-18,81.73,3188,18/07/2023
2023-07-19,82.55,3189,19/07/2023
2023-07-20,81.44,3190,20/07/2023
2023-07-21,82.57,3191,21/07/2023
2023-07-24,84.56,3192,24/07/2023
2023-07-25,84.95,3193,25/07/2023
2023-07-26,86.54,3194,26/07/2023
2023-07-27,86.8,3195,27/07/2023
2023-07-28,86.35,3196,28/07/2023
2023-07-31,87.98,3197,31/07/2023
2023-08-01,87.98,3198,01/08/2023
2023-08-02,86.79,3199,02/08/2023
2023-08-03,88.71,3200,03/08/2023
2023-08-04,89.86,3201,04/08/2023
2023-08-07,89.21,3202,07/08/2023
2023-08-08,89.6,3203,08/08/2023
2023-08-09,91.53,3204,09/08/2023
2023-08-10,90.94,3205,10/08/2023
2023-08-11,90.98,3206,11/08/2023
2023-08-14,90.43,3207,14/08/2023
2023-08-15,88.94,3208,15/08/2023
2023-08-16,88.73,3209,16/08/2023
2023-08-17,88.64,3210,17/08/2023
2023-08-18,88.34,3211,18/08/2023
2023-08-21,88.94,3212,21/08/2023
2023-08-22,87.68,3213,22/08/2023
2023-08-23,88.23,3214,23/08/2023
2023-08-24,88.11,3215,24/08/2023
2023-08-25,89.35,3216,25/08/2023
2023-08-28,89.17,3217,28/08/2023
2023-08-29,90.05,3218,29/08/2023
2023-08-30,90.13,3220,30/08/2023
2023-08-31,91.37,3221,31/08/2023
2023-09-01,93.51,3222,01/09/2023
2023-09-04,94.55,3223,04/09/2023
2023-09-05,96.08,3224,05/09/2023
2023-09-06,95.53,3225,06/09/2023
2023-09-07,95.9,3226,07/09/2023
2023-09-08,96.29,3227,08/09/2023
2023-09-11,96.05,3228,11/09/2023
2023-09-12,97.98,3229,12/09/2023
2023-09-13,97.42,3230,13/09/2023
2023-09-14,98.94,3231,14/09/2023
2023-09-15,99.53,3232,15/09/2023
2023-09-18,100.48,3233,18/09/2023
2023-09-19,101.14,3234,19/09/2023
2023-09-20,100.16,3235,20/09/2023
2023-09-21,98.84,3236,21/09/2023
2023-09-22,98.64,3237,22/09/2023
2023-09-25,97.96,3238,25/09/2023
2023-09-26,98.42,3239,26/09/2023
2023-09-27,101.76,3240,27/09/2023
2023-09-28,101.73,3241,28/09/2023
2023-09-29,100.42,3242,29/09/2023
2023-10-03,99.33,3243,03/10/2023
2023-10-04,96.55,3244,04/10/2023
2023-10-05,93.48,3245,05/10/2023
2023-10-06,92.42,3246,06/10/2023
2023-10-09,95.83,3247,09/10/2023
2023-10-10,95.24,3248,10/10/2023
2023-10-11,91.97,3249,11/10/2023
2023-10-12,93.79,3250,12/10/2023
2023-10-13,97.75,3251,13/10/2023
2023-10-16,96.4,3252,16/10/2023
2023-10-17,95.3,3253,17/10/2023
2023-10-18,96.46,3254,18/10/2023
2023-10-19,96.13,3255,19/10/2023
2023-10-20,98.94,3256,20/10/2023
2023-10-23,97.44,3257,23/10/2023
2023-10-24,91.69,3258,24/10/2023
2023-10-25,92.43,3259,25/10/2023
2023-10-26,93.2,3260,26/10/2023
2023-10-27,92.81,3261,27/10/2023
2023-10-30,92.34,3262,30/10/2023
2023-10-31,93.8,3263,31/10/2023
2023-11-01,92.28,3264,01/11/2023
2023-11-02,92.46,3265,02/11/2023
2023-11-03,91.8,3266,03/11/2023
2023-11-06,92.04,3267,06/11/2023
2023-11-07,88.46,3268,07/11/2023
2023-11-08,86.91,3269,08/11/2023
2023-11-09,86.96,3270,09/11/2023
2023-11-10,88.06,3271,10/11/2023
2023-11-13,88.5,3272,13/11/2023
2023-11-14,89.63,3273,14/11/2023
2023-11-15,87.36,3274,15/11/2023
2023-11-16,79.85,3275,16/11/2023
2023-11-17,82.1,3276,17/11/2023
2023-11-20,85.36,3277,20/11/2023
2023-11-21,83.52,3278,21/11/2023
2023-11-22,80.86,3279,22/11/2023
2023-11-23,82.33,3280,23/11/2023
2023-11-24,81.65,3281,24/11/2023
2023-11-27,79.94,3282,27/11/2023
2023-11-28,81.93,3283,28/11/2023
2023-11-29,82.11,3284,29/11/2023
2023-11-30,82.6,3285,30/11/2023
2023-12-01,81.09,3286,01/12/2023
2023-12-04,78.48,3287,04/12/2023
2023-12-05,78.34,3288,05/12/2023
2023-12-06,74.74,3289,06/12/2023
2023-12-07,74.48,3290,07/12/2023
2023-12-08,75.99,3291,08/12/2023
2023-12-11,75.75,3292,11/12/2023
2023-12-12,78.36,3293,12/12/2023
2023-12-13,75.89,3294,13/12/2023
2023-12-14,78.8,3295,14/12/2023
2023-12-15,78.59,3296,15/12/2023
2023-12-18,80.64,3297,18/12/2023
2023-12-19,81.57,3298,19/12/2023
2023-12-20,82.87,3299,20/12/2023
2023-12-21,82.44,3300,21/12/2023
2023-12-22,81.98,3301,22/12/2023
2023-12-27,82.92,3302,27/12/2023
2023-12-28,80.94,3303,28/12/2023
2023-12-29,79.4,3304,29/12/2023
2024-01-02,77.93,3305,02/01/2024
2024-01-03,79.03,3306,03/01/2024
2024-01-04,77.63,3307,04/01/2024
2024-01-05,80.16,3308,05/01/2024
2024-01-08,77.32,3309,08/01/2024
2024-01-09,80.12,3310,09/01/2024
2024-01-10,80.62,3311,10/01/2024
2024-01-11,82.33,3312,11/01/2024
2024-01-12,82.03,3313,12/01/2024
2024-01-15,81.91,3314,15/01/2024
2024-01-16,82.3,3315,16/01/2024
2024-01-17,81.04,3316,17/01/2024
2024-01-18,83.19,3317,18/01/2024
2024-01-19,82.86,3318,19/01/2024
2024-01-22,83.85,3319,22/01/2024
2024-01-23,84.19,3320,23/01/2024
2024-01-24,84.3,3321,24/01/2024
2024-01-25,84.48,3322,25/01/2024
2024-01-26,85.24,3323,26/01/2024
2024-01-29,86.09,3324,29/01/2024
2024-01-30,86.22,3325,30/01/2024
2024-01-31,85.08,3326,31/01/2024
2024-02-01,84.3,3327,01/02/2024
2024-02-02,81.64,3328,02/02/2024
2024-02-05,81.4,3329,05/02/2024
2024-02-06,82.71,3330,06/02/2024
2024-02-07,83.43,3331,07/02/2024
2024-02-08,85.26,3332,08/02/2024
2024-02-09,85.83,3333,09/02/2024
2024-02-12,86.12,3334,12/02/2024
2024-02-13,86.98,3335,13/02/2024
2024-02-14,86.66,3336,14/02/2024
2024-02-15,86.6,3337,15/02/2024
2024-02-16,86.98,3338,16/02/2024
2024-02-19,87.62,3339,19/02/2024
2024-02-20,87.38,3340,20/02/2024
2024-02-21,87.77,3341,21/02/2024
2024-02-22,88.85,3342,22/02/2024
2024-02-23,87.68,3343,23/02/2024
2024-02-26,87.51,3344,26/02/2024
2024-02-27,87.3,3345,27/02/2024
2024-02-28,87.57,3346,28/02/2024
2024-02-29,88.07,3347,29/02/2024
2024-03-01,88.32,3348,01/03/2024
2024-03-04,90.07,3349,04/03/2024
2024-03-05,89.32,3350,05/03/2024
2024-03-06,90.1,3351,06/03/2024
2024-03-07,88.38,3352,07/03/2024
2024-03-08,87.76,3353,08/03/2024
2024-03-11,86.94,3354,11/03/2024
2024-03-12,87.16,3355,12/03/2024
2024-03-13,87.95,3356,13/03/2024
2024-03-14,90.16,3357,14/03/2024
2024-03-15,89.39,3358,15/03/2024
2024-03-18,89.57,3359,18/03/2024
2024-03-19,90.46,3360,19/03/2024
2024-03-20,88.87,3361,20/03/2024
2024-03-21,88.02,3362,21/03/2024
2024-03-22,87.97,3363,22/03/2024
2024-03-25,89.28,3364,25/03/2024
2024-03-26,89.01,3365,26/03/2024
2024-03-27,88.04,3366,27/03/2024
2024-03-28,89.27,3367,28/03/2024
2024-04-02,90.73,3368,02/04/2024
2024-04-03,93.68,3369,03/04/2024
2024-04-04,93.32,3370,04/04/2024
2024-04-05,95.81,3371,05/04/2024
2024-04-08,94.73,3372,08/04/2024
2024-04-12,96.61,3373,12/04/2024
2024-04-15,94.34,3374,15/04/2024
2024-04-16,94.69,3375,16/04/2024
2024-04-17,92.94,3376,17/04/2024
2024-04-18,91.74,3377,18/04/2024
2024-04-19,91.36,3378,19/04/2024
2024-04-22,90.7,3379,22/04/2024
2024-04-23,91.71,3380,23/04/2024
2024-04-24,92.41,3381,24/04/2024
2024-04-25,90.8,3382,25/04/2024
2024-04-26,92.65,3383,26/04/2024
2024-04-29,91.12,3384,29/04/2024
2024-04-30,90.93,3385,30/04/2024
2024-05-02,87.51,3386,02/05/2024
2024-05-03,86.3,3387,03/05/2024
2024-05-07,84.44,3389,07/05/2024
2024-05-08,84.74,3390,08/05/2024
2024-05-09,85.58,3391,09/05/2024
2024-05-10,85.69,3392,10/05/2024
2024-05-13,85.48,3393,13/05/2024
2024-05-14,83.3,3394,14/05/2024
2024-05-15,82.28,3395,15/05/2024
2024-05-16,83.85,3396,16/05/2024
2024-05-17,84.44,3397,17/05/2024
2024-05-20,84.11,3398,20/05/2024
2024-05-21,83.42,3399,21/05/2024
2024-05-22,82.1,3400,22/05/2024
2024-05-23,81.45,3401,23/05/2024
2024-05-24,81.12,3402,24/05/2024
2024-05-28,83.54,3403,28/05/2024
2024-05-29,83.71,3404,29/05/2024
2024-05-30,83.62,3405,30/05/2024
2024-05-31,80.66,3406,31/05/2024
2024-06-03,77.7,3407,03/06/2024
2024-06-04,76.58,3408,04/06/2024
2024-06-05,76.66,3409,05/06/2024
2024-06-06,78.87,3410,06/06/2024
2024-06-07,79.37,3411,07/06/2024
2024-06-10,80.84,3412,10/06/2024
2024-06-11,81.15,3413,11/06/2024
2024-06-12,81.52,3414,12/06/2024
2024-06-13,82.44,3415,13/06/2024
2024-06-14,82.49,3416,14/06/2024
2024-06-19,86.64,3417,19/06/2024
2024-06-20,86.92,3418,20/06/2024
2024-06-21,88.47,3419,21/06/2024
2024-06-24,88.8,3420,24/06/2024
2024-06-25,88.86,3421,25/06/2024
2024-06-26,87.81,3422,26/06/2024
2024-06-27,89.04,3423,27/06/2024
2024-06-28,89.31,3424,28/06/2024
2024-07-01,88.62,3425,01/07/2024
2024-07-02,90.33,3426,02/07/2024
2024-07-03,90.3,3427,03/07/2024
2024-07-04,90.39,3428,04/07/2024
2024-07-05,90.74,3429,05/07/2024
2024-07-08,89.2,3430,08/07/2024
2024-07-09,88.55,3431,09/07/2024
2024-07-10,88.6,3432,10/07/2024
2024-07-11,88.5,3433,11/07/2024
2024-07-12,89.4,3434,12/07/2024
2024-07-15,88.47,3435,15/07/2024
2024-07-16,88.65,3436,16/07/2024
2024-07-17,87.8,3437,17/07/2024
2024-07-18,88.31,3438,18/07/2024
2024-07-19,87.23,3439,19/07/2024
2024-07-22,85.49,3440,22/07/2024
2024-07-23,84.27,3441,23/07/2024
2024-07-24,85.06,3442,24/07/2024
2024-07-25,84.63,3443,25/07/2024
2024-07-26,83.4,3444,26/07/2024
2024-07-29,82.99,3445,29/07/2024
2024-07-30,82.16,3446,30/07/2024
2024-07-31,84.29,3447,31/07/2024
2024-08-01,84.27,3448,01/08/2024
2024-08-02,81.25,3449,02/08/2024
2024-08-05,80.42,3450,05/08/2024
2024-08-06,79.22,3451,06/08/2024
2024-08-07,80.86,3452,07/08/2024
2024-08-08,83.36,3453,08/08/2024
2024-08-09,82.97,3454,09/08/2024
2024-08-12,84.96,3455,12/08/2024
2024-08-13,84.41,3456,13/08/2024
2024-08-14,84.05,3457,14/08/2024
2024-08-15,84.99,3458,15/08/2024
2024-08-16,83.46,3459,16/08/2024
2024-08-19,83.89,3460,19/08/2024
2024-08-20,81.65,3461,20/08/2024
2024-08-21,81.57,3462,21/08/2024
2024-08-22,81.6,3463,22/08/2024
2024-08-23,83.12,3464,23/08/2024
2024-08-27,84.31,3465,27/08/2024
2024-08-28,82.81,3466,28/08/2024
2024-08-29,84.35,3467,29/08/2024
2024-08-30,83,3468,30/08/2024
2024-09-02,80.27,3469,02/09/2024
2024-09-03,78.91,3470,03/09/2024
2024-09-04,77.32,3471,04/09/2024
2024-09-05,77.12,3472,05/09/2024
2024-09-06,75.47,3473,06/09/2024
2024-09-09,75.02,3474,09/09/2024
2024-09-10,72.44,3475,10/09/2024
2024-09-11,72.41,3476,11/09/2024
2024-09-12,75.91,3477,12/09/2024
2024-09-13,75.64,3478,13/09/2024
2024-09-16,75.89,3479,16/09/2024
2024-09-17,76.5,3480,17/09/2024
2024-09-18,76.47,3481,18/09/2024
2024-09-19,77.88,3482,19/09/2024
2024-09-20,77.91,3483,20/09/2024
2024-09-23,76.9,3484,23/09/2024
2024-09-24,76.39,3485,24/09/2024
2024-09-25,76.5,3486,25/09/2024
2024-09-26,74.76,3487,26/09/2024
2024-09-27,73.33,3488,27/09/2024
2024-09-30,73.95,3489,30/09/2024
2024-10-02,76.46,3490,02/10/2024
2024-10-03,78.77,3491,03/10/2024
2024-10-04,80.51,3492,04/10/2024
2024-10-07,82.94,3493,07/10/2024
2024-10-08,79.39,3494,08/10/2024
2024-10-09,78.26,3495,09/10/2024
2024-10-10,80.45,3496,10/10/2024
2024-10-11,81.22,3497,11/10/2024
2024-10-14,79.42,3498,14/10/2024
2024-10-15,74.63,3499,15/10/2024
2024-10-16,74.6,3500,16/10/2024
2024-10-17,75.32,3501,17/10/2024
2024-10-18,73.7,3502,18/10/2024
2024-10-21,74.24,3503,21/10/2024
2024-10-22,76.54,3504,22/10/2024
2024-10-23,75.63,3505,23/10/2024
2024-10-24,75.22,3506,24/10/2024
2024-10-25,76.58,3507,25/10/2024
2024-10-28,72.82,3508,28/10/2024
2024-10-29,72.04,3509,29/10/2024
2024-10-30,74.16,3510,30/10/2024
2024-10-31,74.2,3511,31/10/2024
2024-11-01,74.87,3512,01/11/2024
2024-11-04,76.15,3514,04/11/2024
2024-11-05,78.23,3513,05/11/2024
2024-11-06,77.77,3515,06/11/2024
2024-11-07,76.93,3516,07/11/2024
2024-11-08,75.24,3517,08/11/2024
2024-11-11,73.39,3518,11/11/2024
2024-11-12,73.76,3519,12/11/2024
2024-11-13,74.06,3520,13/11/2024
2024-11-14,74.59,3521,14/11/2024
2024-11-15,74.64,3522,15/11/2024
2024-11-18,75.3,3523,18/11/2024
2024-11-19,75.27,3524,19/11/2024
2024-11-20,75.28,3525,20/11/2024
2024-11-21,76.04,3526,21/11/2024
2024-11-22,77.05,3527,22/11/2024
2024-11-25,75.2,3528,25/11/2024
2024-11-26,75.51,3529,26/11/2024
2024-11-27,74.86,3530,27/11/2024
2024-11-28,74.92,3531,28/11/2024
2024-11-29,75.11,3532,29/11/2024
2024-12-02,73.75,3533,02/12/2024
2024-12-03,75.7,3534,03/12/2024
2024-12-04,75.58,3535,04/12/2024
2024-12-05,74.68,3536,05/12/2024
2024-12-06,73.67,3537,06/12/2024
2024-12-09,74.62,3538,09/12/2024
2024-12-10,74.54,3539,10/12/2024
2024-12-11,75.27,3540,11/12/2024
2024-12-12,74.41,3541,12/12/2024
2024-12-13,75.79,3542,13/12/2024
2024-12-16,75.25,3543,16/12/2024
2024-12-17,74.06,3544,17/12/2024
2024-12-18,75.47,3545,18/12/2024
2024-12-19,74.65,3546,19/12/2024
2024-12-20,74.09,3547,20/12/2024
2024-12-23,73.07,3548,23/12/2024
2024-12-24,74.4,3549,24/12/2024
2024-12-27,74.65,3550,27/12/2024
2024-12-30,75.19,3551,30/12/2024
2024-12-31,75.48,3552,31/12/2024
2025-01-02,77.04,3553,02/01/2025
2025-01-03,77.62,3554,03/01/2025
2025-01-06,77.17,3555,06/01/2025
2025-01-07,78.76,3557,07/01/2025
2025-01-08,78.27,3558,08/01/2025
2025-01-09,79.34,3559,09/01/2025
2025-01-10,80.78,3560,10/01/2025
2025-01-13,83.64,3561,13/01/2025
2025-01-14,83.39,3562,14/01/2025
2025-01-15,84.48,3563,15/01/2025
2025-01-16,83.39,3564,16/01/2025
2025-01-17,84.02,3565,17/01/2025
2025-01-20,82.63,3566,20/01/2025
2025-01-21,82.72,3567,21/01/2025
2025-01-22,82.13,3568,22/01/2025
2025-01-23,80.91,3569,23/01/2025
2025-01-24,80.75,3570,24/01/2025
2025-01-27,79.64,3571,27/01/2025
2025-01-28,79.54,3572,28/01/2025
2025-01-29,79.94,3573,29/01/2025
2025-01-30,79.88,3574,30/01/2025
2025-01-31,79.6,3575,31/01/2025
2025-02-03,76.93,3576,03/02/2025
2025-02-04,78.78,3577,04/02/2025
2025-02-05,76.87,3578,05/02/2025
2025-02-06,76.66,3579,06/02/2025
2025-02-07,76.49,3580,07/02/2025
2025-02-10,76.72,3581,10/02/2025
2025-02-11,78.92,3582,11/02/2025
2025-02-12,78.31,3583,12/02/2025
2025-02-13,76.97,3584,13/02/2025
2025-02-14,77.04,3585,14/02/2025
2025-02-17,77.12,3586,17/02/2025
2025-02-18,77.82,3587,18/02/2025
2025-02-19,78.7,3588,19/02/2025
2025-02-20,78.8,3589,20/02/2025
2025-02-21,77.17,3590,21/02/2025
2025-02-24,76.87,3591,24/02/2025
2025-02-25,74.6,3592,25/02/2025
2025-02-26,74.57,3593,26/02/2025
2025-02-27,76.45,3594,27/02/2025
2025-02-28,75.45,3595,28/02/2025
2025-03-03,75.86,3596,03/03/2025
2025-03-04,73.32,3597,04/03/2025
2025-03-05,71.49,3598,05/03/2025
2025-03-06,72.15,3599,06/03/2025
2025-03-07,73.89,3600,07/03/2025
2025-03-10,73.42,3601,10/03/2025
2025-03-11,74.13,3602,11/03/2025
2025-03-12,75.13,3603,12/03/2025
2025-03-13,74.07,3604,13/03/2025
2025-03-14,73.72,3605,14/03/2025
2025-03-17,74.84,3606,17/03/2025
2025-03-18,73.69,3607,18/03/2025
2025-03-19,73.95,3608,19/03/2025
2025-03-20,74.79,3609,20/03/2025
2025-03-21,74.45,3610,21/03/2025
2025-03-24,75.44,3611,24/03/2025
2025-03-25,75.53,3612,25/03/2025
2025-03-26,76.5,3613,26/03/2025
2025-03-27,76.51,3614,27/03/2025
2025-03-28,75.9,3615,28/03/2025
2025-04-02,79.57,3616,02/04/2025
2025-04-03,73.92,3617,03/04/2025
2025-04-04,69.98,3618,04/04/2025
2025-04-07,68.51,3619,07/04/2025
2025-04-08,67.63,3620,08/04/2025
2025-04-09,64.04,3621,09/04/2025
2025-04-10,66.82,3622,10/04/2025
2025-04-11,67.29,3623,11/04/2025
2025-04-14,68.69,3624,14/04/2025
2025-04-15,68.42,3625,15/04/2025
2025-04-16,69.52,3626,16/04/2025
2025-04-17,70.64,3627,17/04/2025
2025-04-22,70.54,3628,22/04/2025
2025-04-23,68.83,3629,23/04/2025
2025-04-24,69.92,3630,24/04/2025
2025-04-25,69.22,3631,25/04/2025
2025-04-28,67.24,3632,28/04/2025
2025-04-29,66.66,3633,29/04/2025
2025-04-30,64.88,3634,30/04/2025
2025-05-02,63.16,3635,02/05/2025
2025-05-06,64.49,3636,06/05/2025
2025-05-07,63.24,3637,07/05/2025
2025-05-08,63.39,3638,08/05/2025
2025-05-09,64.57,3639,09/05/2025
2025-05-12,66.85,3640,12/05/2025
2025-05-13,67.85,3641,13/05/2025
2025-05-14,67.18,3642,14/05/2025
2025-05-15,65.43,3643,15/05/2025
2025-05-16,66.19,3644,16/05/2025
2025-05-19,66.6,3645,19/05/2025
2025-05-20,67.17,3646,20/05/2025
2025-05-21,68,3647,21/05/2025
2025-05-22,66.45,3648,22/05/2025
2025-05-23,66.84,3649,23/05/2025
2025-05-27,65.78,3650,27/05/2025
2025-05-28,66.73,3651,28/05/2025
2025-05-29,66.52,3652,29/05/2025
2025-05-30,65.73,3653,30/05/2025
2025-06-02,66.57,3654,02/06/2025
2025-06-03,69.17,3655,03/06/2025
2025-06-04,67.98,3656,04/06/2025
2025-06-05,68.87,3657,05/06/2025
2025-06-10,71.98,3658,10/06/2025
2025-06-11,72.15,3659,11/06/2025
2025-06-13,77.32,3660,13/06/2025
2025-06-16,75.41,3661,16/06/2025
2025-06-17,79.17,3662,17/06/2025
2025-06-18,79.44,3663,18/06/2025
2025-06-19,82.45,3664,19/06/2025
2025-06-20,80.14,3665,20/06/2025
2025-06-23,80.04,3666,23/06/2025
2025-06-24,72.84,3667,24/06/2025
2025-06-25,72.16,3668,25/06/2025
2025-06-26,71.67,3670,26/06/2025
2025-06-27,71.14,3669,27/06/2025
2025-06-30,71.29,3671,30/06/2025
2025-07-01,69.4,3672,01/07/2025
2025-07-02,71.39,3673,02/07/2025
2025-07-03,72.17,3674,03/07/2025
2025-07-04,72.07,3675,04/07/2025
2025-07-07,73.29,3676,07/07/2025
2025-07-08,74.36,3677,08/07/2025
2025-07-09,74.87,3678,09/07/2025
2025-07-10,72.65,3679,10/07/2025
2025-07-11,74.15,3680,11/07/2025
2025-07-14,72.82,3681,14/07/2025
2025-07-16,72.09,3682,16/07/2025
2025-07-17,73.32,3683,17/07/2025
2025-07-18,73.9,3684,18/07/2025
2025-07-21,72.45,3685,21/07/2025
2025-07-22,73.61,3686,22/07/2025
2025-07-23,71.72,3687,23/07/2025
2025-07-24,73.14,3688,24/07/2025
2025-07-25,72.49,3689,25/07/2025
2025-07-28,72.99,3690,28/07/2025
2025-07-29,74.44,3691,29/07/2025
2025-07-30,76.12,3692,30/07/2025
2025-07-31,76.34,3693,31/07/2025
2025-08-01,73.14,3694,01/08/2025
2025-08-04,72.65,3695,04/08/2025
2025-08-05,71.31,3696,05/08/2025
2025-08-06,72.34,3697,06/08/2025
2025-08-07,70.4,3698,07/08/2025
2025-08-08,69.79,3699,08/08/2025
2025-08-11,69.84,3700,11/08/2025
2025-08-12,69.54,3701,12/08/2025
2025-08-13,68.64,3702,13/08/2025
2025-08-14,70.51,3703,14/08/2025
2025-08-15,70.18,3704,15/08/2025
2025-08-18,70.17,3705,18/08/2025
2025-08-19,69.51,3706,19/08/2025
2025-08-20,70.11,3707,20/08/2025
2025-08-21,70.12,3708,21/08/2025
2025-08-22,71.24,3709,22/08/2025
2025-08-26,70.58,3710,26/08/2025
2025-08-27,69.7,3711,27/08/2025
2025-08-28,70.27,3712,28/08/2025
2025-08-29,70.98,3713,29/08/2025
2025-09-01,70.39,3714,01/09/2025
2025-09-02,70.3,3715,02/09/2025
2025-09-03,68.97,3716,03/09/2025
2025-09-04,69.75,3717,04/09/2025
2025-09-05,67.11,3718,05/09/2025
2025-09-08,68.21,3719,08/09/2025
2025-09-09,68.91,3720,09/09/2025
2025-09-10,71.42,3721,10/09/2025
2025-09-11,69.07,3722,11/09/2025
2025-09-12,70.99,3723,12/09/2025
2025-09-15,70.35,3724,15/09/2025
2025-09-16,71.41,3725,16/09/2025
2025-09-17,71.79,3726,17/09/2025
2025-09-18,71.28,3727,18/09/2025
2025-09-19,69.65,3728,19/09/2025
2025-09-22,69.39,3729,22/09/2025
2025-09-23,69.94,3730,23/09/2025
2025-09-24,70.82,3731,24/09/2025
2025-09-25,71.14,3732,25/09/2025
2025-09-26,73.36,3733,26/09/2025
2025-09-29,70.27,3734,29/09/2025
2025-09-30,69.51,3735,30/09/2025
2025-10-01,68.51,3736,01/10/2025
2025-10-02,67.22,3737,02/10/2025
2025-10-03,67.6,3738,03/10/2025
2025-10-06,68.56,3739,06/10/2025
2025-10-07,68.42,3740,07/10/2025
2025-10-08,69.55,3741,08/10/2025
2025-10-09,68.44,3742,09/10/2025
2025-10-10,66.52,3743,10/10/2025
2025-10-13,66.47,3744,13/10/2025
2025-10-14,64.21,3745,14/10/2025
2025-10-15,64.11,3746,15/10/2025
2025-10-16,63.69,3747,16/10/2025
2025-10-17,62.43,3748,17/10/2025
2025-10-20,62.13,3749,20/10/2025
2025-10-21,62.39,3750,21/10/2025
2025-10-22,63.5,3751,22/10/2025
2025-10-23,66.86,3752,23/10/2025
2025-10-24,68.38,3753,24/10/2025
2025-10-27,67.34,3754,27/10/2025
2025-10-28,65.48,3755,28/10/2025
2025-10-29,66.43,3756,29/10/2025
2025-10-30,66.55,3757,30/10/2025
2025-10-31,66.74,3758,31/10/2025
2025-11-03,67.04,3759,03/11/2025
2025-11-04,67.01,3760,04/11/2025
2025-11-05,66.52,3761,05/11/2025
2025-11-06,64.94,3762,06/11/2025
2025-11-07,65.13,3763,07/11/2025
2025-11-10,65.05,3764,10/11/2025
2025-11-11,65.71,3765,11/11/2025
2025-11-12,63.04,3766,12/11/2025
2025-11-13,63.82,3767,13/11/2025
2025-11-14,65.09,3768,14/11/2025
2025-11-17,64.96,3769,17/11/2025
2025-11-18,64.6,3770,18/11/2025
2025-11-19,64.94,3771,19/11/2025
2025-11-20,65.24,3774,20/11/2025
2025-11-21,64.08,3772,21/11/2025
2025-11-24,64.62,3775,24/11/2025
2025-11-25,65.05,3776,25/11/2025
2025-11-26,65.37,3777,26/11/2025
2025-11-27,66.51,3778,27/11/2025
2025-11-28,65.69,3779,28/11/2025
2025-12-01,65.49,3780,01/12/2025
2025-12-02,65.45,3781,02/12/2025
2025-12-03,65.62,3782,03/12/2025
2025-12-04,65.86,3783,04/12/2025
2025-12-05,66.22,3784,05/12/2025
2025-12-08,65.02,3785,08/12/2025
2025-12-09,64.31,3786,09/12/2025
2025-12-10,63.75,3787,10/12/2025
2025-12-11,63.35,3788,11/12/2025
2025-12-12,63.12,3789,12/12/2025
2025-12-15,62.94,3790,15/12/2025
2025-12-16,61.56,3791,16/12/2025
2025-12-17,62.45,3792,17/12/2025
2025-12-18,62.65,3793,18/12/2025
2025-12-19,62.68,3794,19/12/2025
2025-12-22,64.13,3795,22/12/2025
2025-12-23,63.79,3796,23/12/2025
2025-12-24,64.89,3797,24/12/2025
2025-12-29,64.59,3798,29/12/2025
2025-12-30,64.6,3799,30/12/2025
2025-12-31,63.35,3800,31/12/2025
2026-01-02,62.13,3801,02/01/2026
2026-01-05,64.29,3802,05/01/2026
2026-01-06,64.38,3803,06/01/2026
2026-01-07,63.31,3804,07/01/2026
2026-01-08,63.79,3805,08/01/2026
2026-01-09,66.53,3806,09/01/2026
2026-01-12,66.81,3807,12/01/2026
2026-01-13,68.76,3808,13/01/2026
2026-01-14,69.53,3809,14/01/2026
2026-01-15,67.48,3810,15/01/2026
2026-01-16,68.44,3811,16/01/2026
2026-01-19,68.6,3812,19/01/2026
2026-01-20,69.11,3813,20/01/2026
2026-01-21,69.89,3814,21/01/2026
2026-01-22,67.32,3815,22/01/2026
2026-01-23,68.69,3816,23/01/2026
2026-01-26,69.28,3817,26/01/2026
2026-01-27,70.51,3818,27/01/2026
2026-01-28,72.31,3819,28/01/2026
2026-01-29,75.03,3820,29/01/2026
2026-01-30,72.79,3821,30/01/2026
2026-02-02,69.29,3822,02/02/2026
2026-02-03,69.87,3823,03/02/2026
2026-02-04,71.72,3824,04/02/2026
2026-02-05,70.66,3825,05/02/2026
2026-02-06,72.4,3826,06/02/2026
2026-02-09,72.97,3827,09/02/2026
2026-02-10,72.57,3828,10/02/2026
2026-02-11,73.69,3829,11/02/2026
2026-02-12,71.5,3830,12/02/2026
2026-02-13,71.19,3831,13/02/2026
2026-02-16,72.04,3832,16/02/2026
2026-02-17,71.08,3833,17/02/2026
2026-02-18,73.25,3834,18/02/2026
2026-02-19,74.41,3835,19/02/2026
2026-02-20,73.61,3836,20/02/2026
2026-02-23,74.38,3837,23/02/2026
2026-02-24,72.8,3838,24/02/2026
2026-02-25,72.51,3839,25/02/2026
2026-02-26,72.78,3840,26/02/2026
2026-02-27,73.88,3841,27/02/2026
2026-03-02,77.27,3842,02/03/2026
2026-03-03,83.58,3843,03/03/2026
2026-03-04,83.13,3844,04/03/2026
2026-03-05,85.4,3845,05/03/2026
2026-03-06,94.6,3846,06/03/2026
2026-03-09,103.8,3847,09/03/2026
2026-03-10,91.91,3848,10/03/2026
2026-03-11,91.73,3849,11/03/2026
2026-03-12,99.21,3850,12/03/2026
2026-03-13,104.92,3851,13/03/2026
2026-03-16,105.2,3852,16/03/2026
2026-03-17,103.73,3853,17/03/2026
2026-03-18,115.17,3854,18/03/2026
2026-03-23,114.86,3855,23/03/2026
2026-03-24,116.08,3856,24/03/2026
2026-03-25,113.4,3857,25/03/2026
2026-03-26,123,3858,26/03/2026
2026-03-27,124.86,3859,27/03/2026
2026-03-30,128.15,3860,30/03/2026
2026-03-31,135.62,3861,31/03/2026
2026-04-01,117.9,3862,01/04/2026
2026-04-02,133.34,3863,02/04/2026
2026-04-07,137.01,3864,07/04/2026
2026-04-08,132.32,3865,08/04/2026
2026-04-09,133.94,3866,09/04/2026
2026-04-10,129.71,3867,10/04/2026
2026-04-13,135.87,3868,13/04/2026
2026-04-14,132.07,3869,14/04/2026
2026-04-15,131.01,3870,15/04/2026
2026-04-16,129.26,3871,16/04/2026
2026-04-17,117.28,3872,17/04/2026
2026-04-20,113.9,3873,20/04/2026
2026-04-21,116.54,3874,21/04/2026
2026-04-22,121.78,3875,22/04/2026
2026-04-23,122.19,3876,23/04/2026
2026-04-24,122.18,3877,24/04/2026
2026-04-27,123,3878,27/04/2026
2026-04-28,124.68,3879,28/04/2026
2026-04-29,132.14,3880,29/04/2026
2026-04-30,128.13,3881,30/04/2026
2026-05-05,125.28,3882,05/05/2026
2026-05-06,110.98,3883,06/05/2026
2026-05-07,105.08,3884,07/05/2026
2026-05-08,108.09,3885,08/05/2026
2026-05-11,110.38,3886,11/05/2026
2026-05-12,114.55,3887,12/05/2026
2026-05-13,115.03,3888,13/05/2026
2026-05-14,114.2,3889,14/05/2026
2026-05-15,118.48,3890,15/05/2026
2026-05-18,120.1,3891,18/05/2026
2026-05-19,119.18,3892,19/05/2026
2026-05-20,114.03,3893,20/05/2026
2026-05-21,116.72,3894,21/05/2026
2026-05-22,111.74,3895,22/05/2026
2026-05-26,108.37,3896,26/05/2026
2026-05-27,104.31,3897,27/05/2026
2026-05-28,101.99,3898,28/05/2026
2026-05-29,98.17,3899,29/05/2026
2026-06-01,102.38,3900,01/06/2026
2026-06-02,102.55,3901,02/06/2026
2026-06-03,104.41,3902,03/06/2026
2026-06-04,103.14,3903,04/06/2026
2026-06-05,102.02,3904,05/06/2026
2026-06-08,103.47,3905,08/06/2026
2026-06-09,98.74,3906,09/06/2026
2026-06-10,97.65,3907,10/06/2026
2026-06-11,91.06,3908,11/06/2026
2026-06-15,86.31,3909,15/06/2026
2026-06-16,82.67,3910,16/06/2026
2026-06-17,83.05,3911,17/06/2026
2026-06-18,79.7,3912,18/06/2026
2026-06-19,81.62,3913,19/06/2026
2026-06-22,79.46,3914,22/06/2026
2026-06-23,77.27,3915,23/06/2026
2026-06-24,73.71,3916,24/06/2026
2026-06-25,74.57,3917,25/06/2026
2026-06-26,71.82,3918,26/06/2026
2026-06-29,72.85,3919,29/06/2026
2026-06-30,73.2,3920,30/06/2026
2026-07-01,70.45,3921,01/07/2026
2026-07-02,69.96,3922,02/07/2026
2026-07-03,70.32,3923,03/07/2026
2026-07-06,71.05,3924,06/07/2026
2026-07-07,73.1,3925,07/07/2026
2026-07-08,79.04,3926,08/07/2026
2026-07-09,77.08,3927,09/07/2026
2026-07-10,75.71,3928,10/07/2026
2026-07-13,79.35,3929,13/07/2026
2026-07-14,83.85,3930,14/07/2026
2026-07-15,84.22,3931,15/07/2026
2026-07-16,84.64,3932,16/07/2026
2026-07-17,85.15,3933,17/07/2026
2026-07-20,86.6,3934,20/07/2026
2026-07-21,90.92,3935,21/07/2026
2026-07-22,98.53,3936,22/07/2026
2026-07-23,102.74,3937,23/07/2026
2026-07-24,102.04,3938,24/07/2026
2026-07-27,94.88,3939,27/07/2026
2026-07-28,89.84,3940,28/07/2026
2026-07-29,93.6,3941,29/07/2026
2026-07-30,92.77,3942,30/07/2026
2026-07-31,94.79,3943,31/07/2026
2026-08-03,92.95,3944,03/08/2026
2026-08-04,86.98,3945,04/08/2026
2026-08-05,87.96,3946,05/08/2026
2026-08-06,90.44,3947,06/08/2026
2026-08-07,92.33,3948,07/08/2026
2026-08-10,92.58,3949,10/08/2026
2026-08-11,98.77,3950,11/08/2026
2026-08-12,98.78,3951,12/08/2026
2026-08-13,97.38,3952,13/08/2026
2026-08-14,98.4,3953,14/08/2026
2026-08-17,97.9,3954,17/08/2026
2026-08-18,98.9,3955,18/08/2026
2026-08-19,100.25,3956,19/08/2026
2026-08-20,98.03,3957,20/08/2026
2026-08-21,97.58,3958,21/08/2026
2026-08-24,97.12,3959,24/08/2026
2026-08-25,92.22,3960,25/08/2026
2026-08-26,90.68,3961,26/08/2026
2026-08-27,91.23,3962,27/08/2026
2026-08-28,92.28,3963,28/08/2026
2026-09-01,95.31,3964,01/09/2026
2026-09-02,97.78,3965,02/09/2026
