date,blockPercent,blocked,gross,id,liquid,moveDate
2006-04-03,0.534,193374291.92,36210291242.27,1,36016916950.35,03/04/2006
2006-04-04,0.5335,192977489.39,36171251136.3,2,35978273646.91,04/04/2006
2006-04-05,0.5354,192613627.22,35973034782.94,3,35780421155.72,05/04/2006
2006-04-06,0.5388,193828132.47,35976909806.57,4,35783081674.1,06/04/2006
2006-04-07,0.5425,193828132.47,35725668794.09,5,35531840661.62,07/04/2006
2006-04-11,0.5531,197673876.43,35736291789.58,6,35538617913.15,11/04/2006
2006-04-12,0.5534,197673876.43,35721375604.02,7,35523701727.59,12/04/2006
2006-04-13,0.5472,197673876.43,36121350682.48,8,35923676806.05,13/04/2006
2006-04-18,0.5521,198603329.93,35972750962.14,9,35774147632.21,18/04/2006
2006-04-19,0.5843,212435388.17,36359011613.91,10,36146576225.74,19/04/2006
2006-04-20,0.5832,215892932.75,37016342147.08,11,36800449214.33,20/04/2006
2006-04-21,1.2581,423300372.62,33646993613.46,12,33223693240.84,21/04/2006
2006-04-24,1.8629,618394727.45,33195181187.96,13,32576786460.51,24/04/2006
2006-04-25,1.2596,410987287.58,32627740820.31,14,32216753532.73,25/04/2006
2006-04-26,1.2887,418792195,32497201132.04,15,32078408937.04,26/04/2006
2006-04-27,1.2924,418792195,32404332151.17,16,31985539956.17,27/04/2006
2006-04-28,1.27,419811946.58,32975183546.44,17,32555371599.86,28/04/2006
2006-05-02,1.27,419904836.45,32948438196.7,18,32528533360.25,02/05/2006
2006-05-03,1.27,419904836.45,32941440611.73,19,32521535775.28,03/05/2006
2006-05-04,1.32,434446972.08,32941047587.17,20,32506600615.09,04/05/2006
2006-05-05,1.32,433861054.08,32944690458.97,21,32510829404.89,05/05/2006
2006-05-08,1.31,433001825.62,32962066789.64,22,32529064964.02,08/05/2006
2006-05-09,1.29,423883513.73,32796765844.83,23,32372882331.09,09/05/2006
2006-05-10,1.3,423674987.31,32526128399.87,24,32102453412.56,10/05/2006
2006-05-11,1.31,423674987.31,32413154627.66,25,31989479640.35,11/05/2006
2006-05-12,1.42,459440485.77,32366115404.39,26,31906674918.62,12/05/2006
2006-05-15,1.39,459440485.77,33006355970.28,27,32546915484.51,15/05/2006
2006-05-16,1.37,451236619.96,33034315705.18,28,32583079085.22,16/05/2006
2006-05-17,1.32,451236619.96,34207601650.7,29,33756365030.74,17/05/2006
2006-05-18,1.32,451236619.96,34288508063.72,30,33837271443.76,18/05/2006
2006-05-19,1.32,451236619.96,34195904534.31,31,33744667614.34,19/05/2006
2006-05-22,1.32,451236619.96,34205548725.62,32,33754312105.66,22/05/2006
2006-05-23,1.3,445858468.15,34205145907.13,33,33759287438.98,23/05/2006
2006-05-24,1.31,445800489.89,34036555039.12,34,33590754549.23,24/05/2006
2006-05-25,1.31,445781173.86,33968475055.88,35,33522693882.02,25/05/2006
2006-05-26,1.31,445781173.86,33968475055.88,36,33522693882.02,26/05/2006
2006-05-30,1.32,446196173.86,33855368799.79,37,33409172625.93,30/05/2006
2006-05-31,1.32,451450357.93,34141894705.98,38,33690444348.05,31/05/2006
2006-06-01,1.34,454204177.52,33963382809.86,39,33509178632.34,01/06/2006
2006-06-02,1.34,454204177.59,33861808012.9,40,33407603835.32,02/06/2006
2006-06-05,1.34,454099183.49,33848780471.01,41,33394681287.52,05/06/2006
2006-06-06,1.35,454099183.49,33629877284.73,42,33175778101.24,06/06/2006
2006-06-07,1.36,453881481.29,33479829391.99,43,33025947910.7,07/06/2006
2006-06-08,1.39,463657270.95,33421957836.75,44,32958300565.8,08/06/2006
2006-06-09,1.38,463539904.6,33711953390.05,45,33248413485.45,09/06/2006
2006-06-12,1.4,473336478.68,33738640546.22,46,33265304067.54,12/06/2006
2006-06-13,1.37,474094748.9,34569997956.52,47,34095903207.62,13/06/2006
2006-06-14,1.38,476189773.54,34602287500.01,48,34126097726.48,14/06/2006
2006-06-15,1.38,476834439.17,34633534620.85,49,34156700181.69,15/06/2006
2006-06-16,1.36,476834439.17,35086773988.28,50,34609939549.12,16/06/2006
2006-06-19,1.34,476527414.38,35518368527.66,51,35041841113.28,19/06/2006
2006-06-20,1.33,476527414.38,35724263971.22,52,35247736556.84,20/06/2006
2006-06-21,1.33,476331404.09,35712486018.02,53,35236154613.92,21/06/2006
2006-06-22,1.33,476331404.09,35709511112.67,54,35233179708.58,22/06/2006
2006-06-23,1.33,476331404.09,35716231137.38,55,35239899733.29,23/06/2006
2006-06-26,1.33,476347918.89,35722870671.98,56,35246522753.09,26/06/2006
2006-06-27,1.31,475687918.89,36270289634.38,57,35794601715.48,27/06/2006
2006-06-28,1.31,475687918.89,36229724264.86,58,35754036345.97,28/06/2006
2006-06-29,1.33,478560627.92,36032363599.73,59,35553802971.81,29/06/2006
2006-06-30,2.39,874882570.44,36628311680.51,60,35753429110.07,30/06/2006
2006-07-03,2.42,876823400.38,36223389849.83,61,35346566449.45,03/07/2006
2006-07-04,2.42,876691732.05,36225023162.7,62,35348331430.65,04/07/2006
2006-07-05,2.54,923660806.36,36312254372.65,63,35388593566.29,05/07/2006
2006-07-06,2.55,923660806.36,36211351703.56,64,35287690897.2,06/07/2006
2006-07-07,2.55,923660806.36,36214700634.91,65,35291039828.55,07/07/2006
2006-07-10,2.55,924023812.78,36216480213.78,66,35292456401,10/07/2006
2006-07-11,2.55,922752104.39,36135816964.2,67,35213064859.81,11/07/2006
2006-07-12,2.54,922204456.81,36280953441.07,68,35358748984.26,12/07/2006
2006-07-13,2.47,893008680.32,36220374992.43,69,35327366312.11,13/07/2006
2006-07-14,2.43,891360172.98,36746020099.32,70,35854659926.34,14/07/2006
2006-07-17,2.44,894360172.98,36682248194.75,71,35787888021.77,17/07/2006
2006-07-18,2.63,963357220.94,36694436975.55,72,35731079754.61,18/07/2006
2006-07-19,2.51,956469012.97,38095986790.86,73,37139517777.89,19/07/2006
2006-07-20,2.54,967288689.74,38086699525.93,74,37119410836.19,20/07/2006
2006-07-21,2.54,968126442.78,38075781501.17,75,37107655058.39,21/07/2006
2006-07-24,2.54,967168320.78,38075272006.66,76,37108103685.88,24/07/2006
2006-07-25,2.55,972269035.53,38066796098.32,77,37094527062.79,25/07/2006
2006-07-26,2.55,972269035.53,38072045071.87,78,37099776036.34,26/07/2006
2006-07-27,2.56,971930873.27,37945429172.65,79,36973498299.38,27/07/2006
2006-07-28,2.56,971930873.27,37936840135.65,80,36964909262.38,28/07/2006
2006-07-31,2.44,927547845.26,38074218572.23,81,37146670726.97,31/07/2006
2006-08-01,2.42,924896657.66,38172950089.08,82,37248053431.42,01/08/2006
2006-08-02,2.42,925626440.09,38203832289.95,83,37278205849.86,02/08/2006
2006-08-03,2.42,922383841.37,38174709584.33,84,37252325742.96,03/08/2006
2006-08-04,2.43,919741442.57,37922084872.92,85,37002343430.35,04/08/2006
2006-08-07,2.44,919741442.57,37759569798.16,86,36839828355.59,07/08/2006
2006-08-08,2.42,915502705.91,37787243924.47,87,36871741218.56,08/08/2006
2006-08-09,2.42,913859805.94,37784752417.6,88,36870892611.66,09/08/2006
2006-08-10,2.42,913438020.39,37786307751.06,89,36872869730.67,10/08/2006
2006-08-11,2.34,907542406.91,38748098817.37,90,37840556410.46,11/08/2006
2006-08-14,2.34,907542406.91,38764648034.35,91,37857105627.44,14/08/2006
2006-08-15,2.35,907542406.91,38662891981.49,92,37755349574.58,15/08/2006
2006-08-16,2.35,907542406.91,38618140377.88,93,37710597970.97,16/08/2006
2006-08-17,2.36,907542406.91,38483200046.21,94,37575657639.3,17/08/2006
2006-08-18,2.31,912895614.15,39555501375.15,95,38642605761,18/08/2006
2006-08-21,2.31,912915374.94,39561978835.75,96,38649063460.81,21/08/2006
2006-08-22,2.33,912915374.94,39230230923.1,97,38317315548.16,22/08/2006
2006-08-23,2.33,915214343.19,39204942326.88,98,38289727983.69,23/08/2006
2006-08-24,2.32,910913068.51,39187349858.78,99,38276436790.27,24/08/2006
2006-08-25,2.33,911350704.72,39136591056.73,100,38225240352.01,25/08/2006
2006-08-28,2.36,923071843.26,39078631783.75,101,38155559940.49,28/08/2006
2006-08-29,2.37,923071843.26,38909884810.62,102,37986812967.36,29/08/2006
2006-08-30,2.37,923071843.26,38894952606.76,103,37971880763.5,30/08/2006
2006-08-31,2.37,927979974.97,39172315124.83,104,38244335149.86,31/08/2006
2006-09-01,2.37,927852092.04,39197881353.37,105,38270029261.33,01/09/2006
2006-09-04,2.36,923146046.52,39185748645.74,106,38262602599.22,04/09/2006
2006-09-05,2.36,923153269.17,39129860726.17,107,38206707457,05/09/2006
2006-09-06,2.36,923025678.59,39185303989.23,108,38262278310.64,06/09/2006
2006-09-07,2.36,923025678.59,39099563046.24,109,38176537367.65,07/09/2006
2006-09-08,2.36,922537693.33,39067953963.28,110,38145416269.95,08/09/2006
2006-09-11,2.3,921843471.38,40112963027.32,111,39191119555.94,11/09/2006
2006-09-12,2.31,921252764.04,39813826420.32,112,38892573656.28,12/09/2006
2006-09-13,2.32,921252764.04,39737933028.85,113,38816680264.81,13/09/2006
2006-09-14,2.3,912350349.14,39640747482.38,114,38728397133.24,14/09/2006
2006-09-15,2.31,912350349.14,39449335205.37,115,38536984856.23,15/09/2006
2006-09-18,2.39,940211779.55,39406705479.24,116,38466493699.69,18/09/2006
2006-09-19,2.3,901326183.49,39263589173.89,117,38362262990.4,19/09/2006
2006-09-20,2.3,901227619.6,39166492517.12,118,38265264897.52,20/09/2006
2006-09-21,2.22,900514651.82,40578567651.54,119,39678052999.72,21/09/2006
2006-09-22,2.32,942659944.73,40596223423.03,120,39653563478.3,22/09/2006
2006-09-25,2.59,1051874250.24,40589560853.48,121,39537686603.24,25/09/2006
2006-09-26,2.57,1038819068.04,40458960605.1,122,39420141537.06,26/09/2006
2006-09-27,2.61,1054726267.55,40434933356.15,123,39380207088.6,27/09/2006
2006-09-28,2.58,1050104095.52,40643131412.74,124,39593027317.22,28/09/2006
2006-09-29,2.6,1046681870.6,40243814782.61,125,39197132912.01,29/09/2006
2006-10-03,2.65,1062073725.5,40114122264.92,126,39052048539.42,03/10/2006
2006-10-04,2.63,1062073725.5,40384505035.95,127,39322431310.45,04/10/2006
2006-10-05,2.64,1062064222.16,40275570766.85,128,39213506544.69,05/10/2006
2006-10-06,2.87,1156122142.28,40297386197.48,129,39141264055.2,06/10/2006
2006-10-09,3.33,1345107611,40426314404.89,130,39081206793.89,09/10/2006
2006-10-10,3.31,1337109623.47,40386857348.13,131,39049747724.66,10/10/2006
2006-10-11,3.31,1335757007.65,40390830067.75,132,39055073060.1,11/10/2006
2006-10-12,3.25,1337851702.37,41139357205.96,133,39801505503.59,12/10/2006
2006-10-13,3.26,1337953240.63,40989370983.39,134,39651417742.76,13/10/2006
2006-10-16,3.28,1337953240.63,40812860003.38,135,39474906762.75,16/10/2006
2006-10-17,3.26,1326469547.93,40691730836.37,136,39365261288.44,17/10/2006
2006-10-18,3.15,1319646649.31,41871016245.84,137,40551369596.53,18/10/2006
2006-10-19,3.16,1319646649.31,41731617563.13,138,40411970913.82,19/10/2006
2006-10-20,3.18,1326876537.57,41689102369.39,139,40362225831.82,20/10/2006
2006-10-24,3.31,1377547737.21,41660851547.38,140,40283303810.17,24/10/2006
2006-10-25,3.25,1355214164.39,41638504422.93,141,40283290258.54,25/10/2006
2006-10-26,3.28,1356198417.77,41388068688.76,142,40031870270.99,26/10/2006
2006-10-27,3.27,1356192088.38,41415618412.11,143,40059426323.73,27/10/2006
2006-10-30,3.25,1347441921.45,41412872697.04,144,40065430775.59,30/10/2006
2006-10-31,3.25,1348803935.47,41465383770.53,145,40116579835.06,31/10/2006
2006-11-01,3.25,1350183232.75,41528680377.42,146,40178497144.67,01/11/2006
2006-11-02,3.26,1348365183.83,41314401938.36,147,39966036754.53,02/11/2006
2006-11-03,3.27,1346919481.14,41249549335.16,148,39902629854.02,03/11/2006
2006-11-06,3.44,1414817066.66,41161543310.72,149,39746726244.06,06/11/2006
2006-11-07,3.46,1414817066.66,40909947409.91,150,399495130343.25,07/11/2006
2006-11-08,3.43,1403647251.91,40921886998.14,151,39518239746.23,08/11/2006
2006-11-09,3.39,1412563351.21,41621248520.8,152,40208685169.59,09/11/2006
2006-11-10,3.51,1408889120.4,40176391638.12,153,38767502517.72,10/11/2006
2006-11-13,3.52,1408889120.4,40067503852.57,154,38658614732.17,13/11/2006
2006-11-14,3.52,1408887632.6,40080187197.49,155,38671299564.89,14/11/2006
2006-11-15,3.38,1397324667.16,41371724382.59,156,39974399715.43,15/11/2006
2006-11-16,3.37,1397324667.16,41421637570.3,157,40024312903.14,16/11/2006
2006-11-17,3.37,1395872156.21,41421587971.02,158,40025715814.81,17/11/2006
2006-11-20,3.26,1393201696.66,42800634380.31,159,41407432683.65,20/11/2006
2006-11-21,3.21,1384216542.91,43061875154.32,160,41677658611.41,21/11/2006
2006-11-22,3.23,1383310176.61,42878974505,161,41495664328.39,22/11/2006
2006-11-23,3.29,1409758598.02,42876341658.41,162,41466583060.39,23/11/2006
2006-11-24,3.31,1419361364.28,42863618136.86,163,41444256772.58,24/11/2006
2006-11-27,3.33,1428341929.94,42870290313.11,164,41441948383.17,27/11/2006
2006-11-28,3.32,1407991129.93,42355794146.19,165,40947803016.26,28/11/2006
2006-11-29,3.33,1408686629.5,42288487479.58,166,40879800850.08,29/11/2006
2006-11-30,3.35,1420987548.76,42441549563.07,167,41020562014.31,30/11/2006
2006-12-01,3.26,1385255349.29,42537203087.28,168,41151947737.99,01/12/2006
2006-12-04,3.27,1385189959.24,42322336667.93,169,40937146708.69,04/12/2006
2006-12-05,3.3,1380486897.24,41866952455.3,170,40486465558.06,05/12/2006
2006-12-06,3.29,1378486995.62,41914008969.27,171,40535521973.65,06/12/2006
2006-12-07,3.29,1377993792.33,41838787735.86,172,40460793943.53,07/12/2006
2006-12-08,3.31,1384118599.35,41833982412.37,173,40449863813.02,08/12/2006
2006-12-11,3.22,1381319335.17,42917248370.47,174,41535929035.3,11/12/2006
2006-12-12,3.23,1386698594.37,42931309426.95,175,41544610832.58,12/12/2006
2006-12-13,3.24,1386075716.9,42802157395.84,176,41416081678.94,13/12/2006
2006-12-14,3.13,1386075716.9,44315264278.78,177,42929188561.88,14/12/2006
2006-12-15,3.14,1385822165.96,44138304728.95,178,42752482562.99,15/12/2006
2006-12-18,3.13,1381709825.64,44097238818.21,179,42715528992.57,18/12/2006
2006-12-19,3.15,1381709825.64,43895565115.61,180,42513855289.97,19/12/2006
2006-12-20,3.15,1381120549.45,43816006100.45,181,42434885551,20/12/2006
2006-12-21,3.14,1372130241.82,43659523581.81,182,42287393339.99,21/12/2006
2006-12-22,3.12,1359784883.91,43539696794.92,183,42179911911.01,22/12/2006
2006-12-27,3.18,1358091732.23,42651806266.73,184,41293714534.5,27/12/2006
2006-12-28,3.26,1358091732.23,41642300587.23,185,40284208855,28/12/2006
2006-12-29,3.23,1382433154.55,42298111631.2,186,40915678476.65,29/12/2006
2007-01-04,3.3,1383836347.37,41902503180.24,187,40518666832.87,04/01/2007
2007-01-05,3.3,1405852380.3,42657211567.81,188,41251359187.51,05/01/2007
2007-01-08,3.27,1401700380.3,42841841617.02,189,41440141236.72,08/01/2007
2007-01-09,3.3,1400337294.84,42482539356.41,190,41082202061.57,09/01/2007
2007-01-10,3.3,1400734370.52,42495896933.59,191,41095162563.07,10/01/2007
2007-01-11,3.27,1399562941.92,42814909691.58,192,41415346749.66,11/01/2007
2007-01-12,3.27,1399562941.92,42813019581.78,193,41413456639.86,12/01/2007
2007-01-15,3.27,1398406360.71,42784492802.67,194,41386086441.96,15/01/2007
2007-01-16,3.23,1399197360.71,43334764795.83,195,41935567435.12,16/01/2007
2007-01-17,3.22,1396330069.99,43303435567.52,196,41907105497.53,17/01/2007
2007-01-18,3.21,1389617449.68,43263541074.92,197,41873923625.24,18/01/2007
2007-01-19,3.18,1388148502.22,43644462283.1,198,42256313780.88,19/01/2007
2007-01-22,3.18,1388148502.22,43601587834.57,199,42213439332.35,22/01/2007
2007-01-23,3.18,1386397136.35,43634472089.76,200,42248074953.41,23/01/2007
2007-01-24,3.19,1383777681.55,43374391847.78,201,41990614166.23,24/01/2007
2007-01-25,3.18,1378743728.67,43304713134.98,202,41925969406.31,25/01/2007
2007-01-26,3.1,1340409437.88,43265829199.93,203,41925419762.05,26/01/2007
2007-01-30,3.09,1336921795.94,43263450519.22,204,41926528723.28,30/01/2007
2007-01-31,3.07,1331910113.55,43510782672.97,205,42178872559.42,31/01/2007
2007-02-01,3.05,1323167338.95,43425002709.98,206,42101835371.03,01/02/2007
2007-02-02,3.04,1320597057.63,43421197911.46,207,42100600853.83,02/02/2007
2007-02-05,3.04,1317802814.5,43414109099.99,208,42096306285.49,05/02/2007
2007-02-06,3.04,1316424784.96,43253819802.34,209,41937395017.38,06/02/2007
2007-02-07,3.03,1316424784.96,43380178542.02,210,42063753757.06,07/02/2007
2007-02-08,3.03,1313373842.46,43307047546.68,211,41993673704.22,08/02/2007
2007-02-09,3.02,1309097000.97,43285277513.76,212,41976180512.79,09/02/2007
2007-02-12,3.02,1311262248.82,43392491685.82,213,42081229437,12/02/2007
2007-02-13,2.98,1310953417.76,43961061169.43,214,42650107751.67,13/02/2007
2007-02-14,3,1310953417.76,43723317830.42,215,42412364412.66,14/02/2007
2007-02-15,3.02,1305116923.53,43149275753.34,216,41844158829.81,15/02/2007
2007-02-16,2.97,1305121551.77,43984773046.47,217,42679651494.7,16/02/2007
2007-02-19,2.98,1310136053.82,43988142043.3,218,42678005989.48,19/02/2007
2007-02-20,3,1312301470.51,43755621847.37,219,42443320376.86,20/02/2007
2007-02-21,2.99,1318986804.2,44090839307.13,220,42771852502.93,21/02/2007
2007-02-22,3.05,1333840556.98,43702384660.65,221,42368544103.67,22/02/2007
2007-02-26,3.1,1353588176.31,43709739203.6,222,42356151027.29,26/02/2007
2007-02-27,3.13,1350476606.05,43111978634.82,223,41761502028.77,27/02/2007
2007-02-28,3.16,1349379156.08,42550608816.16,224,41201229660.08,28/02/2007
2007-03-01,3.1,1349884955.94,43479637121.55,225,42129482165.61,01/03/2007
2007-03-02,3.16,1341152596.14,42466522653.4,226,41125370057.26,02/03/2007
2007-03-05,3.15,1336614392.5,42465019943.79,227,41128405551.29,05/03/2007
2007-03-06,3.16,1340022183.35,42372205757.27,228,41032183573.92,06/03/2007
2007-03-07,3.18,1336995886.36,42060231702.39,229,40723235816.03,07/03/2007
2007-03-08,3.18,1333484198.47,41952336384.23,230,40618852185.76,08/03/2007
2007-03-09,3.18,1332530569.95,41953171053.06,231,40620640483.11,09/03/2007
2007-03-12,3.18,1332719866.57,41953453826.9,232,40620733960.33,12/03/2007
2007-03-13,3.18,1331737915.13,41872756617.58,233,40541018702.45,13/03/2007
2007-03-14,3.12,1329910548.68,42557463211.4,234,41227552662.72,14/03/2007
2007-03-15,3.14,1329910548.68,42373067109.46,235,41043156560.78,15/03/2007
2007-03-16,3.07,1329910548.68,43383734644.09,236,42053824095.41,16/03/2007
2007-03-19,3.1,1347431228.23,43433152597.18,237,42085721368.95,19/03/2007
2007-03-20,3.67,1591229026.11,43402075354.28,238,41810846328.17,20/03/2007
2007-03-21,3.67,1590794699.61,43394592396.54,239,41803797696.93,21/03/2007
2007-03-22,3.7,1590794699.61,43006475548.15,240,41415680848.54,22/03/2007
2007-03-23,3.68,1580187258.3,42981652640.66,241,41401465382.36,23/03/2007
2007-03-26,3.68,1579667258.3,42968404909.8,242,41388737651.5,26/03/2007
2007-03-27,3.68,1579338492.37,42926909802.32,243,41347571309.95,27/03/2007
2007-03-28,3.46,1476442256.67,42707451831.06,244,41231009574.39,28/03/2007
2007-03-29,3.49,1484260648.06,42484642583.59,245,41000381935.53,29/03/2007
2007-03-30,3.49,1487991072.66,42633859899.13,246,41145868826.47,30/03/2007
2007-04-03,3.49,1487922168.53,42667620814.93,247,41179698646.4,03/04/2007
2007-04-04,3.48,1485552619.53,42649802553.22,248,41164249933.69,04/04/2007
2007-04-05,3.58,1514403807.75,42292329584.06,249,40777925776.31,05/04/2007
2007-04-10,3.58,1513909326.05,42318420206.41,250,40804510880.36,10/04/2007
2007-04-11,3.57,1512812331.55,42321476494.23,251,40808664162.68,11/04/2007
2007-04-12,3.57,1510883279.34,42296482840.04,252,40785599560.7,12/04/2007
2007-04-13,3.57,1510279585.32,42248104072.24,253,40737824486.92,13/04/2007
2007-04-16,3.53,1509997451.22,42783257669.71,254,41273260218.49,16/04/2007
2007-04-17,3.45,1509891232.41,43824503757.83,255,42314612525.42,17/04/2007
2007-04-18,3.45,1509701984.53,43791903834.11,256,42282201849.58,18/04/2007
2007-04-19,3.51,1535641244.97,43763405303.09,257,42227764058.12,19/04/2007
2007-04-20,3.49,1525593864.18,43688269301.76,258,42162675437.58,20/04/2007
2007-04-23,3.51,1525112772.95,43423763789.09,259,41898651016.14,23/04/2007
2007-04-24,3.65,1581507394.47,43377191964.32,260,41795684569.85,24/04/2007
2007-04-25,3.63,1576448304.68,43390373110.02,261,41813924805.34,25/04/2007
2007-04-26,3.62,1569772599.84,43322563112.19,262,41752790512.35,26/04/2007
2007-04-27,3.63,1569093784.18,43243193000.11,263,41674099215.93,27/04/2007
2007-04-30,3.62,1576487967.63,43530549101.2,264,41954061133.57,30/04/2007
2007-05-02,3.59,1560458977.15,43520266477.92,265,41959807500.77,02/05/2007
2007-05-03,3.6,1566417018.77,43530321735.51,266,41963904716.74,03/05/2007
2007-05-04,3.6,1566417018.77,43529874920.14,267,41963457901.37,04/05/2007
2007-05-07,3.61,1566417018.77,43384325751.13,268,41817908732.36,07/05/2007
2007-05-08,3.58,1564839505.19,43730689012.49,269,42165849507.3,08/05/2007
2007-05-09,3.58,1564839505.19,43726346350.95,270,42161506845.76,09/05/2007
2007-05-10,3.58,1564839505.19,43726503017.49,271,42161663512.3,10/05/2007
2007-05-11,3.58,1559893705.19,43606419645.07,272,42046525939.88,11/05/2007
2007-05-14,3.59,1561335936,43514979980.54,273,41953644044.54,14/05/2007
2007-05-15,3.59,1557935157.43,43338178527.53,274,41780243370.1,15/05/2007
2007-05-16,3.59,1557576369.39,43343027294.06,275,41785450924.67,16/05/2007
2007-05-17,3.6,1557576369.39,43263226649.89,276,41705650280.5,17/05/2007
2007-05-18,3.53,1557808138.87,44090342793.45,277,42532534654.58,18/05/2007
2007-05-21,3.52,1557808138.87,44200767819.99,278,42642959681.12,21/05/2007
2007-05-22,3.54,1557693141.37,44020030016.34,279,42462336874.97,22/05/2007
2007-05-23,3.73,1626878012.05,43611953313.39,280,41985075301.34,23/05/2007
2007-05-24,3.73,1626878012.05,43621514061.25,281,41994636049.2,24/05/2007
2007-05-25,3.74,1625591398.26,43483586614.84,282,41857995216.58,25/05/2007
2007-05-28,3.74,1625591398.26,43483578776.53,283,41857987378.27,28/05/2007
2007-05-30,3.74,1614773815.38,43171622408.19,284,41556848592.81,30/05/2007
2007-05-31,3.73,1608374221.71,43130301995.21,285,41521927773.5,31/05/2007
2007-06-01,3.86,1665523177.81,43138082205.29,286,41472559027.48,01/06/2007
2007-06-04,3.86,1665523177.81,43140317221.98,287,41474794044.17,04/06/2007
2007-06-05,3.94,1699970859.55,43140430723.34,288,41440459863.79,05/06/2007
2007-06-06,3.96,1699970859.55,42932822455.5,289,41232851595.95,06/06/2007
2007-06-07,4.05,1733257942.5,42787546808.25,290,41054288865.75,07/06/2007
2007-06-08,4.09,1732543275.41,42373083388.71,291,40640540113.3,08/06/2007
2007-06-11,4.09,1723249917.53,42121893112.04,292,40398643194.51,11/06/2007
2007-06-12,4.03,1723249917.53,42723700561.73,293,41000450644.2,12/06/2007
2007-06-13,4.03,1721640421.53,42770601900.51,294,41048961478.98,13/06/2007
2007-06-14,4.02,1721640421.53,42777980803.29,295,41056340381.76,14/06/2007
2007-06-15,3.96,1725592683.77,43537915200.67,296,41812322516.9,15/06/2007
2007-06-18,3.94,1718462129.06,43583526410.23,297,41865064281.17,18/06/2007
2007-06-19,3.94,1718476100.03,43584778506.36,298,41866302406.33,19/06/2007
2007-06-20,3.91,1718476100.03,43951834071.96,299,42233357971.93,20/06/2007
2007-06-21,3.96,1716626088.3,43375786541.44,300,41659160453.14,21/06/2007
2007-06-22,3.9,1688775384.12,43248792373.87,301,41560016989.75,22/06/2007
2007-06-25,3.91,1686520167.34,43187152425.82,302,41500632258.48,25/06/2007
2007-06-26,3.93,1689476474.09,42996557235.67,303,41307080761.58,26/06/2007
2007-06-27,3.93,1688065978.2,42985165899.21,304,41297099921.01,27/06/2007
2007-06-28,3.94,1688063722.24,42858600703.26,305,41170536981.02,28/06/2007
2007-06-29,3.96,1691746589.87,42626201353.05,306,40934454763.18,29/06/2007
2007-07-02,3.96,1692700922.37,42712903224.39,307,41020202302.02,02/07/2007
2007-07-03,4.08,1742744535.39,42735162786.47,308,40992418251.08,03/07/2007
2007-07-04,4.08,1742744535.39,42737299724.41,309,40994555189.02,04/07/2007
2007-07-05,4.09,1742744535.39,42586979770.42,310,40844235235.03,05/07/2007
2007-07-06,4.08,1739971439.23,42653975269.65,311,40914003830.42,06/07/2007
2007-07-09,4.07,1737727866.24,42673009356.37,312,40935281490.13,09/07/2007
2007-07-10,3.98,1733283249.65,43593897907.06,313,41860614657.41,10/07/2007
2007-07-11,4.01,1732415031.62,43253052492.53,314,41520637460.91,11/07/2007
2007-07-12,4.01,1731141434.75,43126851443.63,315,41395710008.88,12/07/2007
2007-07-13,3.98,1709711441.38,43000888607.12,316,41291177165.74,13/07/2007
2007-07-16,3.97,1709711441.38,43017052459.01,317,41307341017.63,16/07/2007
2007-07-17,3.88,1666651075.58,42903143831.07,318,41236492755.49,17/07/2007
2007-07-18,3.78,1667161125.47,44063395508.38,319,42396234382.91,18/07/2007
2007-07-19,3.78,1666549778.27,44097096128.51,320,42430546350.24,19/07/2007
2007-07-20,3.8,1667191675.83,43875965250.69,321,42208773574.86,20/07/2007
2007-07-23,3.82,1664943326.31,43528300423.28,322,41863357096.97,23/07/2007
2007-07-24,3.83,1664943326.31,43436098334.85,323,41771155008.54,24/07/2007
2007-07-25,3.85,1659115584.56,43142791133.7,324,41483675549.14,25/07/2007
2007-07-26,3.86,1658255030.81,42936456618.26,325,41278201587.45,26/07/2007
2007-07-27,3.87,1662006199.15,42913731744.69,326,41251725545.54,27/07/2007
2007-07-30,3.87,1658124995.2,42876347875.43,327,41218222880.23,30/07/2007
2007-07-31,3.85,1661065214.85,43263882904.64,328,41602817689.79,31/07/2007
2007-08-01,3.87,1670037038.34,43194838091.14,329,41524801052.8,01/08/2007
2007-08-02,3.86,1668277017.47,43222423630.56,330,41554146613.09,02/08/2007
2007-08-03,3.87,1668752508.63,43152677707.91,331,41483925199.28,03/08/2007
2007-08-06,3.89,1667622519.09,42837043351.08,332,41169420831.99,06/08/2007
2007-08-07,3.79,1664765218.44,43872617829.36,333,42207852610.92,07/08/2007
2007-08-08,3.8,1664765218.44,43856851704.2,334,42192086485.76,08/08/2007
2007-08-09,3.74,1639344178.87,43806280199.61,335,42166936020.74,09/08/2007
2007-08-10,3.73,1629264251.69,43693752165.08,336,42064487913.39,10/08/2007
2007-08-13,3.79,1657932084.11,43726229462.95,337,42068297378.84,13/08/2007
2007-08-14,3.77,1656174729.93,43950208906.73,338,42294034176.8,14/08/2007
2007-08-15,4.58,2016797497.81,43988180238.98,339,41971382741.17,15/08/2007
2007-08-16,4.55,1996471500.67,43847985582.41,340,41851514081.74,16/08/2007
2007-08-17,4.41,1995211166.87,45237423124.66,341,43242211957.79,17/08/2007
2007-08-20,4.39,1992815112.29,45359358470.07,342,43366543357.78,20/08/2007
2007-08-21,4.39,1989391120.66,45349980763.13,343,43360589642.47,21/08/2007
2007-08-22,4.38,1988861717.14,45390782113.9,344,43401920396.76,22/08/2007
2007-08-23,4.46,2017396161.72,45261536151.43,345,43244139989.71,23/08/2007
2007-08-24,4.44,2011097398.13,45304863804.72,346,43293766406.59,24/08/2007
2007-08-27,4.44,2011097398.13,45318362375.84,347,43307264977.71,27/08/2007
2007-08-28,4.44,2007577356.38,45185738926.67,348,43178161570.29,28/08/2007
2007-08-29,4.47,2007572262.38,44870594130.02,349,42863021867.64,29/08/2007
2007-08-30,4.49,2007572060.79,44734397179.6,350,42726825118.81,30/08/2007
2007-08-31,4.42,1990891133.05,45010399408.7,351,43019508275.65,31/08/2007
2007-09-03,4.42,1990959967.02,45058731961.03,352,43067771994.01,03/09/2007
2007-09-04,4.42,1990833754.88,45023983925.97,353,43033150171.09,04/09/2007
2007-09-05,4.41,1990833754.88,45093908595.07,354,43103074840.19,05/09/2007
2007-09-06,4.41,1990425754.88,45118608979.56,355,43128183224.68,06/09/2007
2007-09-07,4.33,1987421520.35,45942825249.59,356,43955403729.24,07/09/2007
2007-09-10,4.3,1977729086.55,45950398889.69,357,43972669803.14,10/09/2007
2007-09-11,4.32,1977729086.55,45820444765.22,358,43842715678.67,11/09/2007
2007-09-12,4.31,1964915247.17,45607176627.44,359,43642261380.27,12/09/2007
2007-09-13,4.32,1964133464.93,45491431633.17,360,43527298168.24,13/09/2007
2007-09-14,4.35,1980895821.86,45501492420.08,361,43520593598.22,14/09/2007
2007-09-17,4.35,1980518355.68,45560060489.68,362,43579542134,17/09/2007
2007-09-18,4.35,1980518355.68,45565399452.62,363,43584881096.94,18/09/2007
2007-09-19,4.34,1978499972.95,45614025773.63,364,43635525800.68,19/09/2007
2007-09-20,4.18,1978485148.79,47360436214.44,365,45381951065.65,20/09/2007
2007-09-21,4.23,1974237877.25,46706584391.69,366,44732346514.44,21/09/2007
2007-09-24,4.23,1974603511.19,46722376921.83,367,44747773410.64,24/09/2007
2007-09-25,4.19,1972484106.89,47046116690.12,368,45073632583.23,25/09/2007
2007-09-26,4.18,1972258557.28,47128810584.49,369,45156552027.21,26/09/2007
2007-09-27,4.18,1970454432.28,47187124324.39,370,45216669892.11,27/09/2007
2007-09-28,4.15,1990326755.88,47930218126.5,371,45939891370.62,28/09/2007
2007-10-02,4.19,1992952181.04,47591809626.98,372,45598857445.94,02/10/2007
2007-10-03,4.19,1993003836.49,47585346700.4,373,45592342863.91,03/10/2007
2007-10-04,4.19,1992611935.96,47585970337.56,374,45593358401.6,04/10/2007
2007-10-05,4.1,1987169905.71,48518938918.42,375,46531769012.71,05/10/2007
2007-10-08,4.04,1958676803.06,48494822560.8,376,46536145757.74,08/10/2007
2007-10-09,4.04,1957826784.5,48506422122.66,377,46548595338.16,09/10/2007
2007-10-10,4.03,1956887319.41,48541262152.07,378,46584374832.66,10/10/2007
2007-10-15,4.01,1944504028.41,48498597388.87,379,46554093360.46,15/10/2007
2007-10-16,4.01,1944109693.59,48497145383.82,380,46553035690.23,16/10/2007
2007-10-17,4.04,1941970972.55,48077117838.09,381,46135146865.54,17/10/2007
2007-10-18,3.97,1940464708.22,48937734240.66,382,46997269532.44,18/10/2007
2007-10-19,3.97,1940464708.22,48929850204.34,383,46989385496.12,19/10/2007
2007-10-22,3.93,1926453727.86,48975470265.48,384,47049016537.62,22/10/2007
2007-10-23,3.93,1925196310.13,48988980917.33,385,47063784607.2,23/10/2007
2007-10-24,3.93,1921486486.68,48854706993.27,386,46933220506.59,24/10/2007
2007-10-25,3.94,1915952434.92,48582637183.24,387,46666684748.32,25/10/2007
2007-10-29,3.92,1910690470.76,48755838399.27,388,46845147928.51,29/10/2007
2007-10-30,3.92,1910279244.26,48734454471.98,389,46824172227.72,30/10/2007
2007-10-31,3.93,1929796662.92,49209743212.35,390,47279946549.43,31/10/2007
2007-11-01,3.94,1933134318.88,49125851074.63,391,47192716755.75,01/11/2007
2007-11-02,3.93,1928152628.38,49086477976.56,392,47158325348.18,02/11/2007
2007-11-05,3.93,1929605443.82,49055628608.78,393,47126023164.96,05/11/2007
2007-11-06,3.94,1929605443.82,48981414910.75,394,47051809466.93,06/11/2007
2007-11-07,3.9,1927242246.99,49457200598.89,395,47529958351.9,07/11/2007
2007-11-08,3.88,1927699157.69,49625263176.22,396,47697564018.53,08/11/2007
2007-11-09,3.89,1927878821.88,49613682014.05,397,47685803192.17,09/11/2007
2007-11-12,3.87,1921173267.73,49602754788.32,398,47681581520.59,12/11/2007
2007-11-13,3.88,1921173267.73,49472210250.37,399,47551036982.64,13/11/2007
2007-11-14,3.76,1923998711.05,51162614355.97,400,49238615644.92,14/11/2007
2007-11-15,3.75,1920688426.15,51153469536.45,401,49232781110.3,15/11/2007
2007-11-16,3.77,1918574154.35,50912734405.9,402,48994160251.55,16/11/2007
2007-11-19,3.74,1903004764.36,50886552256.26,403,48983547491.9,19/11/2007
2007-11-20,3.73,1897955123.45,508999556525.92,404,49002000429.47,20/11/2007
2007-11-21,3.73,1897955123.45,50905883756.28,405,49007928632.83,21/11/2007
2007-11-22,3.75,1908776730.14,50933648054.07,406,49024871323.93,22/11/2007
2007-11-23,3.81,1907944422.99,50091988930.4,407,48184044507.41,23/11/2007
2007-11-26,3.81,1907944422.99,50092954049.2,408,48185009626.21,26/11/2007
2007-11-27,3.8,1903256251.04,50080144493.67,409,48176888242.63,27/11/2007
2007-11-28,3.79,1898557573.2,50038743910.39,410,48140186337.19,28/11/2007
2007-11-29,3.83,1894488407.95,49426993821.12,411,47532505413.17,29/11/2007
2007-11-30,3.81,1904128919.95,50127521521.24,412,48223392601.29,30/11/2007
2007-12-03,3.84,1922075491.9,50023376936.77,413,48101301444.87,03/12/2007
2007-12-04,3.84,1918414235.4,50013254798.43,414,48094840563.03,04/12/2007
2007-12-05,3.83,1916184265.36,50018484640.7,415,48102300375.34,05/12/2007
2007-12-06,3.86,1914751342.93,49573771197.31,416,47659019854.38,06/12/2007
2007-12-07,3.85,1914806206.88,49672582784.44,417,47757776577.56,07/12/2007
2007-12-10,3.81,1928017211.27,50568602952.99,418,48640585741.72,10/12/2007
2007-12-11,3.81,1928017211.27,50542032230.41,419,48614015019.14,11/12/2007
2007-12-12,3.77,1902558872.23,50519238779.25,420,48616679907.02,12/12/2007
2007-12-13,3.62,1898353775.09,52469889438.91,421,50571535663.82,13/12/2007
2007-12-14,3.62,1895205682.58,52404979596.01,422,50509773913.43,14/12/2007
2007-12-17,3.62,1893663816.59,52372084578.19,423,50478420761.6,17/12/2007
2007-12-18,3.64,1899147672.22,52193209887.13,424,50294062214.91,18/12/2007
2007-12-21,3.63,1892123665.83,52097969070.37,425,50205845404.54,21/12/2007
2007-12-24,3.63,1892123665.83,52054406729.94,426,50162283064.11,24/12/2007
2007-12-27,3.73,1881096109.32,50461045409.71,427,48579949300.39,27/12/2007
2007-12-28,3.71,1883145353.73,50747737101.16,428,48864591747.43,28/12/2007
2007-12-31,3.67,1882748285.72,51333152495.79,429,49450404210.07,31/12/2007
2008-01-02,3.68,1884722668.4,51213225264.27,430,49328502595.87,02/01/2008
2008-01-03,3.68,1883426054.17,51211908887.97,431,49328482833.8,03/01/2008
2008-01-04,3.67,1883445816.24,51327228119.74,432,49443782303.5,04/01/2008
2008-01-07,3.67,1882839111.23,51329537479.43,433,49446698368.2,07/01/2008
2008-01-08,3.67,1881422859.39,51256020550.47,434,49374597691.08,08/01/2008
2008-01-09,3.66,1879195692.66,51290668363.94,435,49411472671.28,09/01/2008
2008-01-10,3.66,1877630461.79,51236407462.12,436,49358777000.33,10/01/2008
2008-01-11,3.56,1876611448.04,52735560497.72,437,50858949049.68,11/01/2008
2008-01-14,3.54,1875145799.09,52979836778.91,438,51104690979.82,14/01/2008
2008-01-15,3.51,1858794669.09,53003324600.49,439,51144529931.4,15/01/2008
2008-01-16,3.51,1858622187.09,52936713449.15,440,51078091262.06,16/01/2008
2008-01-17,3.39,1851395528.78,54606572165.24,441,52755176636.46,17/01/2008
2008-01-18,3.4,1860587725.19,54788016277.19,442,52927428552,18/01/2008
2008-01-21,3.39,1859878177.76,54798579097.85,443,52938700920.09,21/01/2008
2008-01-22,3.36,1850539240.42,54996762890.11,444,53146223649.69,22/01/2008
2008-01-23,3.36,1844256560.85,55006033604.88,445,53161777044.03,23/01/2008
2008-01-24,3.36,1843821386.6,54948259736.41,446,53104438349.81,24/01/2008
2008-01-25,3.39,1843821386.6,54428623064.6,447,52584801678,25/01/2008
2008-01-28,3.4,1840581451.88,54096454361.9,448,52255872910.02,28/01/2008
2008-01-29,3.4,1840599443.04,54092254581.47,449,52251655138.43,29/01/2008
2008-01-30,3.42,1840537736.3,53875081194.64,450,52034543458.34,30/01/2008
2008-01-31,3.38,1831977089.91,54215791475.32,451,52383814385.41,31/01/2008
2008-02-01,3.38,1843895347.35,54632250787.05,452,52788355439.7,01/02/2008
2008-02-04,3.37,1843155382.47,54647809283.03,453,52804653900.56,04/02/2008
2008-02-05,3.37,1839552916.39,54647320295.72,454,52807767379.33,05/02/2008
2008-02-06,3.37,1839365333.97,54645079854.14,455,52805714520.17,06/02/2008
2008-02-07,3.35,1832900821.14,54634812131.28,456,52801911310.14,07/02/2008
2008-02-08,3.27,1832900821.14,56001847604.4,457,54168946783.26,08/02/2008
2008-02-11,3.27,1827752595.17,55979807137.03,458,54152054541.86,11/02/2008
2008-02-12,3.27,1827480505.14,55952449571.67,459,54124969066.53,12/02/2008
2008-02-13,3.29,1827480505.14,55549552506.44,460,53722072001.3,13/02/2008
2008-02-14,3.28,1823700681.87,55546604296.23,461,53722903614.36,14/02/2008
2008-02-15,3.27,1823899994.09,55839865858.05,462,54015965863.96,15/02/2008
2008-02-18,3.26,1821505052.49,55813458604.27,463,53991953551.78,18/02/2008
2008-02-19,3.25,1821405217.58,56125602266.52,464,54304197048.94,19/02/2008
2008-02-20,3.19,1817352372.74,56938503472.22,465,55121151099.48,20/02/2008
2008-02-21,3.2,1817352372.74,56881067015.19,466,55063714642.45,21/02/2008
2008-02-22,3.19,1817328856.99,56882975728.77,467,55065646871.78,22/02/2008
2008-02-25,3.2,1816946708.07,56781473222.12,468,54964526514.05,25/02/2008
2008-02-26,3.16,1791441797.41,56619271587.18,469,54827829789.77,26/02/2008
2008-02-27,3.16,1791441797.41,56622001495.84,470,54830559698.43,27/02/2008
2008-02-28,3.17,1791355172.93,56595724412.86,471,54804369239.93,28/02/2008
2008-02-29,3.17,1803214149.87,56908415447.12,472,55105201297.25,29/02/2008
2008-03-03,3.17,1803555266.53,56863644357.89,473,55060089091.36,03/03/2008
2008-03-04,3.17,1802458385.94,56829650396.01,474,55027192010.07,04/03/2008
2008-03-05,3.16,1793625240.71,56821277566.59,475,55027652325.88,05/03/2008
2008-03-06,3.18,1853914250.71,58385320084.11,476,56531405833.4,06/03/2008
2008-03-07,3.17,1849742964.17,58299362690.57,477,56449619726.4,07/03/2008
2008-03-10,3.17,1847168758.08,58302004958.44,478,56454836200.36,10/03/2008
2008-03-11,3.16,1845663723.13,58335100954.96,479,56489437231.83,11/03/2008
2008-03-12,3.17,1844794066.36,58240343506.16,480,56395549439.8,12/03/2008
2008-03-13,3.08,1846413798.19,59883195167.21,481,58036781369.02,13/03/2008
2008-03-14,3.08,1844714192.92,59985443123.05,482,58140728930.13,14/03/2008
2008-03-17,3.08,1846185905.3,59981911514.85,483,58135725609.55,17/03/2008
2008-03-18,3.06,1836924495.26,60026322222.62,484,58189397727.36,18/03/2008
2008-03-20,3.06,1835526253.71,59957704530.93,485,58122178277.22,20/03/2008
2008-03-25,3.06,1829815254.08,59838383479.78,486,58008568225.7,25/03/2008
2008-03-26,3.08,1836643064.93,59615304979.76,487,57778661914.83,26/03/2008
2008-03-27,3.09,1838525705.93,59547968903.64,488,57709443197.71,27/03/2008
2008-03-28,3.09,1835223213.18,59427127450.49,489,57591904237.31,28/03/2008
2008-03-29,2.91,1774829312.48,60896672304.03,490,59121842991.55,29/03/2008
2008-03-31,3.08,1835410025.11,59756512515.46,491,57921102490.35,31/03/2008
2008-04-01,3.07,1823261191.69,59429245776.12,492,57605984584.43,01/04/2008
2008-04-02,3.09,1832425452.15,59347113984.04,493,57514688531.89,02/04/2008
2008-04-03,3.08,1821000064.11,59199196016.51,494,57378195952.4,03/04/2008
2008-04-04,3.08,1817517788.04,59099091456.33,495,57281573668.29,04/04/2008
2008-04-07,3.08,1818430331.49,59104792661.45,496,57286362329.96,07/04/2008
2008-04-08,3.08,1817144016.43,59030899794.96,497,57213755778.53,08/04/2008
2008-04-09,3.07,1810745167.19,58918131335.94,498,57107386168.75,09/04/2008
2008-04-10,3.08,1814575628.89,58819715728.68,499,57005140099.79,10/04/2008
2008-04-11,3.08,1812294738.03,58791529966.79,500,56979235228.76,11/04/2008
2008-04-14,3.05,1795301436.5,58808344052.4,501,57013042615.9,14/04/2008
2008-04-15,3.05,1792238610.3,58762437351.54,502,56970198741.24,15/04/2008
2008-04-16,3,1794422887.61,59786259989.6,503,57991837101.99,16/04/2008
2008-04-17,2.99,1785990209.46,59722356385.37,504,57936366175.91,17/04/2008
2008-04-18,2.9,1784205674.28,61506629415.39,505,59722423741.11,18/04/2008
2008-04-21,2.9,1784104660.09,61498725013.89,506,59714620353.8,21/04/2008
2008-04-22,2.9,1784439839.27,61532873522.16,507,59748433682.89,22/04/2008
2008-04-23,2.91,1784332150.49,61217013288.43,508,59432681137.94,23/04/2008
2008-04-24,2.92,1783360205.23,61101670068.6,509,59318309863.37,24/04/2008
2008-04-25,2.91,1779189320.59,61046648544.46,510,59267459223.87,25/04/2008
2008-04-28,2.91,1777364837.5,61014972892.81,511,59237608055.31,28/04/2008
2008-04-30,2.9,1761719308.52,60815850947.41,512,59054131638.89,30/04/2008
2008-05-02,2.93,1763355918.35,60256308849.28,513,58492952930.93,02/05/2008
2008-05-05,2.92,1760368868.2,60261357094.91,514,58500988226.71,05/05/2008
2008-05-06,2.94,1761755416.79,59960025015.37,515,58198269598.58,06/05/2008
2008-05-07,2.94,1757387870.77,59860229008.37,516,58102841137.6,07/05/2008
2008-05-08,2.94,1755333798.89,59707235489.11,517,57951901690.22,08/05/2008
2008-05-09,2.89,1757532624.66,60884562484.63,518,59127029859.97,09/05/2008
2008-05-12,2.89,1759439348.31,60801579854.25,519,59042140505.94,12/05/2008
2008-05-13,2.83,1760118631.05,62239902957.82,520,60479784326.77,13/05/2008
2008-05-14,2.83,1757569290.32,62108578365.19,521,60351009074.87,14/05/2008
2008-05-15,2.83,1755911845.8,61967373676.12,522,60211461830.32,15/05/2008
2008-05-16,2.82,1741793246.77,61747438833.03,523,60005645586.26,16/05/2008
2008-05-19,2.83,1742446562.68,61553271102.38,524,59810824539.7,19/05/2008
2008-05-20,2.85,1748167536.49,61413641420.95,525,59665473884.46,20/05/2008
2008-05-21,2.87,1760220410.36,61344566864.51,526,59584346454.15,21/05/2008
2008-05-22,2.91,1752816448.5,60299231783.49,527,58546415334.99,22/05/2008
2008-05-23,2.91,1751339837.33,60189793287.75,528,58438453450.42,23/05/2008
2008-05-26,2.91,1751447660.09,60185398004.85,529,58433950344.76,26/05/2008
2008-05-27,2.95,1748958244.82,59346804506.82,530,57597846262,27/05/2008
2008-05-28,2.95,1743588015.51,59162137106.57,531,57418549091.06,28/05/2008
2008-05-30,2.94,1738578152.73,59180138158.81,532,57441560006.08,30/05/2008
2008-06-02,2.96,1747743541.03,59197137637.64,533,57449394096.61,02/06/2008
2008-06-03,2.96,1744699273.54,59049818702.34,534,57305119428.8,03/06/2008
2008-06-04,2.96,1740773342.84,58958784414.19,535,57218011071.35,04/06/2008
2008-06-05,2.89,1739058786.53,60301880708.13,536,58562821921.6,05/06/2008
2008-06-06,2.9,1747930774.92,60397079020.95,537,58649148246.03,06/06/2008
2008-06-09,2.91,1750840981.24,60247588914.84,538,58496747933.6,09/06/2008
2008-06-10,2.91,1743575251.59,60094942430.95,539,58351367179.36,10/06/2008
2008-06-11,2.85,1738903899.28,61180914991.28,540,59442011092,11/06/2008
2008-06-12,2.86,1735778808.52,60848199329.13,541,59112420520.61,12/06/2008
2008-06-13,2.82,1708356719.3,60776134624.95,542,59067777905.65,13/06/2008
2008-06-16,2.81,1705738071.06,60743045201.07,543,59037307130.01,16/06/2008
2008-06-17,2.82,1707139592.77,60564327567.59,544,58857187974.82,17/06/2008
2008-06-18,2.84,1709599828.37,60308459067.34,545,58598859238.97,18/06/2008
2008-06-19,2.85,1712888238.27,60233218788.56,546,58520330550.29,19/06/2008
2008-06-20,2.85,1711586446.09,60142208376.62,547,58430621930.53,20/06/2008
2008-06-23,2.85,1708187815.74,60064182010.3,548,58355994194.56,23/06/2008
2008-06-24,2.85,1708072232.06,59951202939.21,549,58243130707.15,24/06/2008
2008-06-25,2.86,1707858355.48,59812901910.49,550,58105043555.01,25/06/2008
2008-06-26,2.87,1708141349.85,59639481176.35,551,57931339826.5,26/06/2008
2008-06-27,2.87,1699286651.72,59354502657.95,552,57655216006.23,27/06/2008
2008-06-30,2.88,1701321844.5,59157150601.7,553,57455828757.2,30/06/2008
2008-07-01,2.86,1698042434.83,59395979421.38,554,57697936986.55,01/07/2008
2008-07-02,2.87,1698871842.85,59319464630.35,555,57620592787.5,02/07/2008
2008-07-03,2.87,1695660171.24,59250341432.09,556,57554681260.85,03/07/2008
2008-07-04,2.87,1690405144.98,59076729043.64,557,57386323898.66,04/07/2008
2008-07-07,2.87,1689655022.85,59010658085.16,558,57321003062.31,07/07/2008
2008-07-08,2.8,1690227202,60467133800.62,559,58776906598.62,08/07/2008
2008-07-09,2.8,1690480270.18,60432390873.71,560,58741910603.53,09/07/2008
2008-07-10,2.79,1681748776.56,60316362374.66,561,58634613598.1,10/07/2008
2008-07-11,2.7,1681748776.56,62400386960.95,562,60718638184.39,11/07/2008
2008-07-14,2.71,1685132334.39,62358642623.02,563,60673510288.63,14/07/2008
2008-07-15,2.68,1668381058.48,62317423833.7,564,60649042775.22,15/07/2008
2008-07-16,2.69,1665104403,62109377807.74,565,60444273404.74,16/07/2008
2008-07-17,2.69,1663334851.07,61912362850.06,566,60249027998.99,17/07/2008
2008-07-18,2.69,1662052431.41,61891226046.2,567,60229173614.79,18/07/2008
2008-07-21,2.7,1662932252.75,61694633999.03,568,60031701746.28,21/07/2008
2008-07-22,2.71,1664549552.8,61503137246.75,569,59838587693.95,22/07/2008
2008-07-23,2.7,1659715643.09,61560152085.96,570,59900436442.87,23/07/2008
2008-07-24,2.71,1657740834.62,61196967116.25,571,59539226281.63,24/07/2008
2008-07-25,2.72,1652136350.66,60781443475.28,572,59129307124.62,25/07/2008
2008-07-28,2.75,1661696058.25,60643112627.2,573,58981416568.95,28/07/2008
2008-07-29,2.75,1655056444.21,60255030395.17,574,58599973950.96,29/07/2008
2008-07-30,2.75,1654187053.58,60173440223.06,575,58519253169.48,30/07/2008
2008-07-31,2.75,1656767695.89,60342131104.92,576,58685363409.03,31/07/2008
2008-08-01,2.77,1661361601.54,60114348375.66,577,58452986774.12,01/08/2008
2008-08-04,2.77,1661883051.85,60140418873.16,578,58478535821.31,04/08/2008
2008-08-05,2.78,1659416508.15,59819075154.63,579,58159658646.48,05/08/2008
2008-08-06,2.78,1658182950.03,59761745431.63,580,58103562481.6,06/08/2008
2008-08-07,2.7,1659197294.49,61529370289.91,581,59870172995.42,07/08/2008
2008-08-08,2.55,1649624093.96,64850289411.52,582,63200665317.56,08/08/2008
2008-08-11,2.55,1646557037.2,64733783558.21,583,63087226521.01,11/08/2008
2008-08-12,2.56,1642894940.3,64271532515.31,584,62628637575.01,12/08/2008
2008-08-13,2.59,1637714808.1,63419267556.17,585,61781552748.07,13/08/2008
2008-08-15,2.79,1746565022.75,62813658119.81,586,61067093097.06,15/08/2008
2008-08-18,2.78,1738895207.8,62642017279.74,587,60903122071.94,18/08/2008
2008-08-19,2.81,1737543200.73,61979726181.88,588,60242182981.15,19/08/2008
2008-08-20,2.81,1738703442.21,61928475870.64,589,60189772428.43,20/08/2008
2008-08-21,2.84,1737833813.95,61342371551.85,590,59604537737.9,21/08/2008
2008-08-22,2.86,1739627612.8,60896208997.41,591,59156581384.61,22/08/2008
2008-08-25,2.85,1738444377.18,61210261869.02,592,59471817491.84,25/08/2008
2008-08-26,2.85,1732139985.68,60848198901.48,593,59116058915.8,26/08/2008
2008-08-27,2.88,1736181362.23,60470059893.67,594,58733878531.44,27/08/2008
2008-08-28,2.89,1740203382.4,60380619631.63,595,58640416249.23,28/08/2008
2008-08-29,2.89,1737334901,60201735067.21,596,58464400166.21,29/08/2008
2008-09-01,2.88,1738337927.51,60541545672.63,597,58803207745.12,01/09/2008
2008-09-02,2.87,1721369994.44,60155214045.19,598,58433844050.75,02/09/2008
2008-09-03,2.85,1711237153.25,60165746371.17,599,58454509217.92,03/09/2008
2008-09-04,2.74,1702257903.67,62193732913.52,600,60491475009.85,04/09/2008
2008-09-05,2.76,1708654369.86,62036183259.88,601,60327528890.02,05/09/2008
2008-09-08,2.76,1704176793.69,61780879136.45,602,60076702342.76,08/09/2008
2008-09-09,2.69,1702011156.73,63450485146.53,603,61748473989.8,09/09/2008
2008-09-10,2.68,1698435460.58,63530753721.17,604,61832318260.59,10/09/2008
2008-09-11,2.68,1690060162.57,63193066359,605,61503006196.43,11/09/2008
2008-09-12,2.7,1701559271.4,63098744058.24,606,61397184786.84,12/09/2008
2008-09-15,2.69,1694798049.53,63033538998.84,607,61338740949.31,15/09/2008
2008-09-16,2.7,1698083375.99,62983404109.64,608,61285320733.65,16/09/2008
2008-09-17,2.7,1694217790.05,62779111036.46,609,61084893246.41,17/09/2008
2008-09-18,2.71,1701559271.4,62880358083.84,610,61178798812.44,18/09/2008
2008-09-19,2.73,1695743010.33,62310715018.98,611,60614972008.65,19/09/2008
2008-09-22,2.74,1706348037.83,62282096680.74,612,60575748642.91,22/09/2008
2008-09-23,2.77,1717388038.18,62099248439.56,613,60381860401.38,23/09/2008
2008-09-24,2.77,1712098751.19,61819657033.59,614,60107558282.4,24/09/2008
2008-09-25,2.78,1700436267.59,61348826956.56,615,59648390688.97,25/09/2008
2008-09-26,2.76,1698013594.01,61677028330.92,616,59979014736.91,26/09/2008
2008-09-30,2.74,1696973230.3,62081860436.87,617,60384887206.57,30/09/2008
2008-10-01,2.75,1700318506.57,61988033126.56,618,60287714619.99,01/10/2008
2008-10-02,2.74,1678673942.85,61481865284.63,619,59803191341.78,02/10/2008
2008-10-03,2.73,1673062762.8,61435393074.13,620,59762330311.33,03/10/2008
2008-10-06,3.06,1867893911.32,61073984424.42,621,59206090513.1,06/10/2008
2008-10-07,2.67,1662141864.09,62263984992.52,622,60601843128.43,07/10/2008
2008-10-08,3.01,1864804487.82,62108025236.13,623,60243220748.31,08/10/2008
2008-10-09,2.62,1661963191.28,63575663197.31,624,61913700006.03,09/10/2008
2008-10-10,2.63,1659185763.99,63212662186.99,625,61553476423,10/10/2008
2008-10-13,2.63,1661651832.18,63261856468.24,626,61600204636.06,13/10/2008
2008-10-14,2.67,1669653129.43,62704597594.52,627,61034944465.09,14/10/2008
2008-10-15,2.57,1607286297.75,62548564783.74,628,60941278485.99,15/10/2008
2008-10-16,2.67,1653863644.02,62060109200.69,629,60406245556.67,16/10/2008
2008-10-17,2.68,1646999357.56,61482829802.27,630,59835830444.71,17/10/2008
2008-10-20,2.68,1638995007,61351501853.03,631,59712506846.03,20/10/2008
2008-10-21,2.69,1628908671.78,60713228351.57,632,59084319679.79,21/10/2008
2008-10-22,3.02,1819361263.87,60402520173.89,633,58583158910.02,22/10/2008
2008-10-23,1.7,1016302980.37,59873034962.89,634,58856731982.52,23/10/2008
2008-10-24,2.71,1606180125.36,59391086639.8,635,57784906514.44,24/10/2008
2008-10-27,2.71,1600330390.01,59146179502.27,636,57545849112.26,27/10/2008
2008-10-28,2.74,1603365770.21,58690263341.99,637,57086897571.78,28/10/2008
2008-10-29,2.76,1609487679,58426401372.24,638,56816913693.24,29/10/2008
2008-10-30,2.77,1615972377.25,58383015576.02,639,56767043198.77,30/10/2008
2008-10-31,2.74,1607927842.34,58685514701.6,640,57077586859.26,31/10/2008
2008-11-03,2.75,1606395169.67,58526227551.02,641,56919832381.35,03/11/2008
2008-11-04,2.75,1600425148.79,58330969041.13,642,56730543892.34,04/11/2008
2008-11-05,2.68,1604092851.52,59895408331.17,643,58291315479.65,05/11/2008
2008-11-06,2.7,1608163958.73,59696074286.92,644,58087910328.19,06/11/2008
2008-11-07,2.7,1608163958.73,59664946668.09,645,58056782709.36,07/11/2008
2008-11-10,2.7,1607797081.5,59691245509.28,646,58083448427.78,10/11/2008
2008-11-11,2.7,1603655220.14,59556837424.49,647,57953182204.35,11/11/2008
2008-11-12,2.65,1590683858.12,60200839145.02,648,58610155286.9,12/11/2008
2008-11-13,2.68,1593325098.58,59647962643.02,649,58054637544.44,13/11/2008
2008-11-14,2.68,1596724080.96,59622456251.27,650,58025732170.31,14/11/2008
2008-11-17,2.67,1588640338.22,59508903981.67,651,57920263643.45,17/11/2008
2008-11-18,2.68,1588694227.67,59303460101.02,652,57714765873.35,18/11/2008
2008-11-19,2.69,1579841430.41,58906457494.38,653,57326616063.97,19/11/2008
2008-11-20,2.72,1576428661.72,58100903446.37,654,56524474784.65,20/11/2008
2008-11-21,2.74,1577487743.82,57673809121.13,655,56096321377.31,21/11/2008
2008-11-24,2.74,1579905986.3,57763534841.42,656,56183628855.12,24/11/2008
2008-11-25,2.77,1583803499.85,57239336543.27,657,55655533043.42,25/11/2008
2008-11-26,2.77,1584668534.59,57264462781.03,658,55679794246.44,26/11/2008
2008-11-27,2.77,1583336957.83,57254973698.6,659,55671636740.77,27/11/2008
2008-11-28,2.76,1582546867,57545134368.99,660,55962587501.99,28/11/2008
2008-12-02,2.71,1549949481,57310997289.99,661,55761047808.99,02/12/2008
2008-12-03,2.65,1544533498.93,58371959789.89,662,56827426290.96,03/12/2008
2008-12-04,2.65,1543101850.21,58244898235.44,663,56701796385.23,04/12/2008
2008-12-05,2.66,1544528938.32,58109121177.21,664,56564592238.89,05/12/2008
2008-12-10,2.64,1527527599.51,58015327477.3,665,56487799877.79,10/12/2008
2008-12-11,2.66,1532810911.83,57791642810.5,666,56258831898.67,11/12/2008
2008-12-12,2.66,1533536352.07,57714306781.75,667,56180770429.68,12/12/2008
2008-12-15,2.71,1541052247.28,56869819275.69,668,55328767028.41,15/12/2008
2008-12-16,2.76,1545246722.34,56018468320.92,669,54473221598.58,16/12/2008
2008-12-17,2.81,1540884972.68,54969453448.23,670,53428568475.55,17/12/2008
2008-12-18,2.82,1552601015.1,55059481324.06,671,53506880308.96,18/12/2008
2008-12-19,2.84,1547162773.76,54566644435.45,672,53019481661.69,19/12/2008
2008-12-22,2.86,1546660996.85,54211310838.67,673,52664649841.82,22/12/2008
2008-12-23,2.9,1546140369.58,53404633090.39,674,51858492720.81,23/12/2008
2008-12-24,2.9,1546553250.7,53337809592.94,675,51791256342.24,24/12/2008
2008-12-29,2.94,1548602049.06,52744198226.49,676,51195596177.43,29/12/2008
2008-12-30,2.95,1550009201.72,52596776655.84,677,51046767454.12,30/12/2008
2008-12-31,2.93,1545220514.62,52823044779.21,678,51277824264.59,31/12/2008
2009-01-02,2.93,1543602547.97,52784134851.63,679,51240532303.66,02/01/2009
2009-01-05,2.93,1534863345.31,52466292288.56,680,50931428943.25,05/01/2009
2009-01-06,2.93,1527226607.61,52170780808.35,681,50643554200.74,06/01/2009
2009-01-07,2.9,1534205221.75,52983830648.16,682,51449625426.41,07/01/2009
2009-01-08,2.83,1494519764.99,52923328958.63,683,51428809193.64,08/01/2009
2009-01-09,2.8,1496460676.23,53495831776.48,684,51999371100.25,09/01/2009
2009-01-12,2.81,1495351802.96,53254384343.77,685,51759032540.81,12/01/2009
2009-01-13,2.81,1488279457.35,52980554546.31,686,51492275088.96,13/01/2009
2009-01-14,2.82,1485098164.05,52751594606.87,687,51266496442.82,14/01/2009
2009-01-15,2.85,1477279349.05,52014693048.46,688,50537413699.41,15/01/2009
2009-01-16,2.87,1479566917.03,51713695276.41,689,50234128359.38,16/01/2009
2009-01-19,2.87,1477996477.77,51677393885.88,690,50199397408.11,19/01/2009
2009-01-20,2.88,1469907096.64,51073565468.16,691,49603658371.52,20/01/2009
2009-01-21,2.88,1467786512.27,50968744493.99,692,49500957981.72,21/01/2009
2009-01-22,2.89,1467786512.27,50921953557,693,49454167044.73,22/01/2009
2009-01-23,2.88,1462153047.27,50840988518.38,694,49378835471.11,23/01/2009
2009-01-26,2.87,1447611332.98,50583248762.45,695,49135637429.47,26/01/2009
2009-07-01,3.64,1576472977.06,43312231228.06,696,41735758251,01/07/2009
2009-07-02,3.65,1576404449.08,43295650680.5,697,41719246231.42,02/07/2009
2009-07-03,3.64,1569335932.55,43188158570.46,698,41618822637.91,03/07/2009
2009-07-06,3.61,1555997683.56,43126995502.78,699,41570997819.22,06/07/2009
2009-07-07,3.57,1561539021.17,43841640835.3,700,42280101814.13,07/07/2009
2009-07-08,3.56,1556103535.62,43767302287.7,701,42211198752.08,08/07/2009
2009-07-09,3.54,1557791950.67,44102950305.19,702,42545158354.52,09/07/2009
2009-07-10,3.55,1555694912.43,43938737215.27,703,42383042302.84,10/07/2009
2009-07-13,3.54,1555625450.51,43951991950.16,704,42396366499.65,13/07/2009
2009-07-14,3.57,1556527005.77,43698179853.06,705,42141652847.29,14/07/2009
2009-07-15,3.57,1558150504.75,43722705627.05,706,42164555122.3,15/07/2009
2009-07-16,3.57,1557440389.32,43740826597.49,707,42183386208.17,16/07/2009
2009-07-17,3.6,1566510415.2,43515518181.7,708,41949007766.5,17/07/2009
2009-07-20,3.61,1570076803.5,43577205278.28,709,42007128474.78,20/07/2009
2009-07-21,3.63,1568932095.25,43331504450.27,710,41762572355.02,21/07/2009
2009-07-22,3.61,1560265965.66,43326677133.81,711,41766411168.15,22/07/2009
2009-07-23,3.61,1560972062.67,43354213256.52,712,41793241193.85,23/07/2009
2009-07-24,3.62,1561561236.48,43187755893.37,713,41626194656.89,24/07/2009
2009-07-27,3.59,1562629166.99,43630688163.67,714,42068058996.68,27/07/2009
2009-07-28,3.6,1560550741.23,43361569504.39,715,41801018763.16,28/07/2009
2009-07-29,3.6,1556723013.44,43291686593.87,716,41734963580.43,29/07/2009
2009-07-30,3.64,1570452482.5,43211733427.13,717,41641280944.63,30/07/2009
2009-07-31,3.63,1569946417.19,43317506370.67,718,41747559953.48,31/07/2009
2009-08-03,3.64,1576986105.42,43435869791.31,719,41858883685.89,03/08/2009
2009-08-04,3.68,1578794111.72,42976675168.67,720,41397881056.95,04/08/2009
2009-08-05,3.68,1579058266.79,42970880669.75,721,41391822402.96,05/08/2009
2009-08-06,3.58,1552962736.3,43438559225.71,722,41885596489.41,06/08/2009
2009-08-07,3.57,1549408245.16,43464200329.17,723,41914792084.01,07/08/2009
2009-08-10,3.56,1545067252.48,43413915578.92,724,41868848326.44,10/08/2009
2009-08-11,3.59,1542659837.32,42976460216.34,725,41433800379.02,11/08/2009
2009-08-12,3.53,1536064468.31,43565055554.35,726,42028991086.04,12/08/2009
2009-08-13,3.69,1597860074.97,43329262050.27,727,41731401975.3,13/08/2009
2009-08-14,3.69,1597132181.5,43347265704.74,728,41750133523.24,14/08/2009
2009-08-17,3.68,1587923127.82,43250583536.3,729,41662660408.48,17/08/2009
2009-08-18,3.7,1589399321.4,42973310634.59,730,41383911313.19,18/08/2009
2009-08-19,3.71,1590033729.31,42868426464.99,731,41278392735.68,19/08/2009
2009-08-20,3.74,1593233909.15,42615183191.8,732,41021949282.65,20/08/2009
2009-08-21,3.75,1595759763.8,42651921624.28,733,41056161860.48,21/08/2009
2009-08-24,3.82,1622572284.22,42489997099.63,734,40867424815.41,24/08/2009
2009-08-25,3.86,1619000240.98,42006056023.42,735,40387055782.44,25/08/2009
2009-08-26,3.86,1616489102.08,41941447593.64,736,40324958491.56,26/08/2009
2009-08-27,3.84,1596427683.19,41623922621.24,737,40027494938.05,27/08/2009
2009-08-28,3.84,1597331969.66,41597421926.05,738,40000089956.39,28/08/2009
2009-08-31,3.83,1597635375.72,41732799100.92,739,40135163725.2,31/08/2009
2009-09-01,3.87,1597990167.29,41301506277.66,740,39703516110.37,01/09/2009
2009-09-02,3.86,1587066741.51,41192042745.32,741,39604976003.81,02/09/2009
2009-09-03,3.78,1591092675.82,42180850090.55,742,40589757414.73,03/09/2009
2009-09-04,3.81,1601245486.58,42102898937.12,743,40501653450.54,04/09/2009
2009-09-07,3.81,1600919832.22,42121109887.81,744,40520190055.59,07/09/2009
2009-09-08,3.83,1604664933.64,41910153969.87,745,40305489036.23,08/09/2009
2009-09-09,3.81,1589217622.22,41804094586.75,746,40214876964.53,09/09/2009
2009-09-10,3.78,1568141654.43,41585048420.7,747,40016906766.27,10/09/2009
2009-09-11,3.75,1568712892.82,41880046990,748,40311334097.18,11/09/2009
2009-09-14,3.72,1558340356.7,41931890012.5,749,40373549655.8,14/09/2009
2009-09-15,3.75,1559097806.23,41679016225.42,750,40119918419.19,15/09/2009
2009-09-16,3.77,1559497471.37,41425210830.77,751,39865713359.4,16/09/2009
2009-09-17,3.8,1562184290.07,41215790407.95,752,39653606117.88,17/09/2009
2009-09-18,3.79,1556318368.95,41170354220.2,753,39614035851.25,18/09/2009
2009-09-23,3.76,1543113750.2,41119774803.56,754,39576661053.36,23/09/2009
2009-09-24,3.79,1542831355.05,40794406857.66,755,39251575502.61,24/09/2009
2009-09-25,3.79,1539631882.01,40662064510.56,756,39122432628.55,25/09/2009
2009-09-28,3.79,1543231205.2,40737115835.39,757,39193884630.19,28/09/2009
2009-09-29,3.77,1531922837.4,40686876106.3,758,39154953268.9,29/09/2009
2009-09-30,3.76,1534272946.48,40907204014.17,759,39372931067.69,30/09/2009
2009-10-02,3.78,1537290862.04,40724531020.2,760,39187240158.16,02/10/2009
2009-10-05,3.88,1580500083.42,40751746507.05,761,39171246423.63,05/10/2009
2009-10-06,3.8,1578820647.08,41653709567.5,762,40074888920.42,06/10/2009
2009-10-07,3.79,1576637267,41630551047.02,763,40053913780.02,07/10/2009
2009-10-08,4.02,1667842829.02,41588090631.31,764,39920247802.29,08/10/2009
2009-10-09,3.99,1668786951.15,41924651338.69,765,40255864387.54,09/10/2009
2009-10-12,3.8,1666673495.5,43938805627.25,766,42272132131.75,12/10/2009
2009-10-13,3.82,1678883888.66,43991423132.34,767,42312539243.68,13/10/2009
2009-10-14,3.84,1692039521.24,44095091683.92,768,42403052162.68,14/10/2009
2009-10-15,3.83,1681027446.27,43903684158.56,769,42222656712.29,15/10/2009
2009-10-16,3.84,1680961118.32,43860824229.87,770,42179863111.55,16/10/2009
2009-10-19,3.83,1679508971.6,43883459179.8,771,42203950208.2,19/10/2009
2009-10-20,3.86,1674918293.54,43464183986.02,772,41789265692.48,20/10/2009
2009-10-21,3.94,1706607675.07,43410793687.13,773,41704186012.06,21/10/2009
2009-10-22,3.95,1705476250.3,43201687199.13,774,41496210948.83,22/10/2009
2009-10-23,3.97,1712419115.58,43182350784.53,775,41469931668.95,23/10/2009
2009-10-26,4,1726213887.18,43183300029.71,776,41457086142.53,26/10/2009
2009-10-27,4.04,1732357785.86,42930378579.66,777,41198020793.8,27/10/2009
2009-10-28,4.05,1733678642.43,42889687042.74,778,41156008400.31,28/10/2009
2009-10-29,4.03,1726781038.1,42867612510,779,41140831471.9,29/10/2009
2009-10-30,4.02,1728280955.97,43050385706.77,780,41322104750.8,30/10/2009
2009-11-02,4.02,1727457000.95,43031477070.92,781,41304020069.97,02/11/2009
2009-11-03,4.18,1783621468.71,42758190536.77,782,40974569068.06,03/11/2009
2009-11-04,4.09,1786513066.58,43747215959.69,783,41960702893.11,04/11/2009
2009-11-05,4.15,1805947043.74,43571307363.34,784,41765360319.6,05/11/2009
2009-11-06,4.17,1807798642.71,43383936733.53,785,41576138090.82,06/11/2009
2009-11-09,4.21,1825465427.67,43459349919.87,786,41633884492.2,09/11/2009
2009-11-10,4.22,1820055189.6,43223998098.06,787,41403942908.46,10/11/2009
2009-11-11,4.24,1831006614.24,43224857309.35,788,41393850695.11,11/11/2009
2009-11-12,4.26,1826705088.83,42880420940.56,789,41053715851.73,12/11/2009
2009-11-13,4.27,1829407071.86,42871572959.87,790,41042165888.01,13/11/2009
2009-11-16,4.27,1825552891.98,42848367718.66,791,41022814826.68,16/11/2009
2009-11-17,4.28,1822314364.46,42592731861.07,792,40770417496.61,17/11/2009
2009-11-18,4.26,1811338016.81,42612261833.05,793,40800923816.24,18/11/2009
2009-11-19,4.26,1806903774.95,42434043911.5,794,40627140136.55,19/11/2009
2009-11-20,4.28,1806759092.17,42296835679.24,795,40490076587.07,20/11/2009
2009-11-23,4.27,1807794943.9,42342931029.13,796,40535136085.23,23/11/2009
2009-11-24,4.31,1820908210.76,42285451079.19,797,40464542868.43,24/11/2009
2009-11-25,4.37,1871521739.56,42863595904.09,798,40992074164.53,25/11/2009
2009-11-30,4.39,1886358083.2,42988757634.81,799,41102399551.61,30/11/2009
2009-12-01,4.42,1897374538.24,42938092582.74,800,41040718044.5,01/12/2009
2009-12-02,4.42,1901674342.68,43038656337.56,801,41136981994.88,02/12/2009
2009-12-03,4.32,1899456341.17,44039002524.71,802,42139546183.54,03/12/2009
2009-12-04,4.3,1888466359.1,44010510742.35,803,42122044383.25,04/12/2009
2009-12-07,4.31,1886452376.17,43866614381.62,804,41980162005.45,07/12/2009
2009-12-08,4.31,1886330897.04,43859183837.37,805,41972852940.33,08/12/2009
2009-12-09,4.31,1885387343.32,43818014707.7,806,41932627364.38,09/12/2009
2009-12-10,4.28,1883006502.82,44057134803.78,807,42174128300.96,10/12/2009
2009-12-11,4.3,1881479137.27,43773340982.13,808,41891861844.86,11/12/2009
2009-12-14,4.38,1914128311.22,43716393790.92,809,41802265479.7,14/12/2009
2009-12-15,4.41,1911872674.28,43432347021.06,810,41520474346.78,15/12/2009
2009-12-16,4.4,1905167850.43,43384467841.56,811,41479299991.13,16/12/2009
2009-12-17,4.35,1879035664.51,43284627480.6,812,41405591816.09,17/12/2009
2009-12-18,4.3,1851027053.65,43127729168.77,813,41276702115.12,18/12/2009
2009-12-21,4.31,1848841628.74,42903656474.52,814,41054814845.78,21/12/2009
2009-12-22,4.36,1846040964.29,42382378679.16,815,40536337714.87,22/12/2009
2009-12-23,4.34,1837345316.24,42400663925.17,816,40563318608.93,23/12/2009
2009-12-28,4.38,1859766586.05,42476941387.84,817,40617174801.79,28/12/2009
2009-12-29,4.35,1845146880.54,42474560987.38,818,40629414106.84,29/12/2009
2009-12-30,4.4,1866154425.36,42433628244.67,819,40567473819.31,30/12/2009
2009-12-31,4.4,1864241201.56,42409433656.99,820,40545192455.43,31/12/2009
2010-01-04,4.36,1847841333.29,42398467480.62,821,40550626147.33,04/01/2010
2010-01-05,4.36,1843888695.02,42373428057.63,822,40529539362.61,05/01/2010
2010-01-06,4.36,1843652729.51,42317115760.13,823,40473463030.62,06/01/2010
2010-01-07,4.31,1842324605.41,42812310324.91,824,40969985719.5,07/01/2010
2010-01-08,4.24,1842883741.73,43489883631.73,825,41646999890,08/01/2010
2010-01-11,4.25,1848123014.65,43566329918.7,826,41718206904.05,11/01/2010
2010-01-12,4.37,1892566435.1,43364447122.92,827,41471880687.82,12/01/2010
2010-01-13,4.38,1897656374.71,43367108112.84,828,41469451738.13,13/01/2010
2010-01-14,4.41,1896598399,43089768109.67,829,41193169710.67,14/01/2010
2010-01-15,4.42,1904020729.21,43083185671.78,830,41179164942.57,15/01/2010
2010-01-18,4.42,1903917066.12,43081168576.45,831,41177251510.33,18/01/2010
2010-01-19,4.68,2002873294.81,42798625728.19,832,40795752433.38,19/01/2010
2010-01-20,4.7,2002686670.55,42655950899.59,833,40653264229.04,20/01/2010
2010-01-21,4.81,2036788918.57,42394375698.95,834,40357586780.38,21/01/2010
2010-01-22,4.79,2028095173.96,42402802336.34,835,40374707162.38,22/01/2010
2010-01-25,4.76,2016255792.32,42414685722.81,836,40398429930.49,25/01/2010
2010-01-26,4.77,2010543671.31,42183648109.45,837,40173104438.14,26/01/2010
2010-01-28,4.78,2000242910.17,41849352489.71,838,39849109579.54,28/01/2010
2010-01-29,4.77,2003991560.11,42046947949.07,839,40042956388.96,29/01/2010
2010-02-01,4.71,1984455066.26,42175174165.2,840,40190719098.94,01/02/2010
2010-02-02,4.74,1988157970.07,41972656152.96,841,39984498182.89,02/02/2010
2010-02-03,4.85,2029364998.65,41905836733.06,842,39876471734.41,03/02/2010
2010-02-04,4.88,2035258029.16,41763865794.06,843,39728607764.9,04/02/2010
2010-02-05,4.84,2030937089.91,42022822478.56,844,39991885388.65,05/02/2010
2010-02-08,4.71,2028622649.03,43090686356.03,845,41062063707,08/02/2010
2010-02-09,4.75,2030876058.75,42823046920.17,846,40792170861.42,09/02/2010
2010-02-10,4.75,2031550162.39,42786614562.85,847,40755064400.46,10/02/2010
2010-02-11,4.75,2029869829.12,42744686145.82,848,40714816316.7,11/02/2010
2010-02-12,4.78,2027875786.57,42443770853.06,849,40415895066.49,12/02/2010
2010-02-15,4.79,2027809719.91,42339863120.28,850,40312053400.37,15/02/2010
2010-02-16,4.82,2032402611.29,42196006915.81,851,40163604304.52,16/02/2010
2010-02-17,4.83,2036941741.79,42225401506.24,852,40188459764.45,17/02/2010
2010-02-18,4.84,2030958397.74,41987717100.49,853,39956758702.75,18/02/2010
2010-02-19,4.83,2014293817.58,41782905248.88,854,39768611431.3,19/02/2010
2010-02-23,4.84,2010713575.62,41546679211.92,855,39535965636.3,23/02/2010
2010-02-24,4.75,1972945068.02,41537694697.82,856,39564749629.8,24/02/2010
2010-02-25,4.49,1855680200.31,41386587352.87,857,39530907152.56,25/02/2010
2010-03-01,4.48,1856648073.76,41518155768.95,858,39661507695.19,01/03/2010
2010-03-02,4.46,1848833365.16,41525350230.13,859,39676516864.97,02/03/2010
2010-03-03,4.48,1851507568.87,41386721258.67,860,39535213689.8,03/03/2010
2010-03-04,4.43,1852934636.33,41848709037.56,861,39995774401.23,04/03/2010
2010-03-05,4.43,1840172463.87,41541108204.59,862,39700935740.72,05/03/2010
2010-03-08,4.4,1827102787.71,41550120425.31,863,39723017637.6,08/03/2010
2010-03-09,4.32,1779674518.24,41198563185.89,864,39418888667.65,09/03/2010
2010-03-10,4.38,1801576580.64,41224593687.12,865,39423017106.48,10/03/2010
2010-03-11,4.37,1827425161.49,41852962373.31,866,40025537211.82,11/03/2010
2010-03-12,4.37,1830585093.24,41890497912,867,40059912818.76,12/03/2010
2010-03-15,4.36,1825863648.8,41886110369.71,868,40060246720.91,15/03/2010
2010-03-17,4.43,1842914179.22,41654034918.92,869,39811120739.7,17/03/2010
2010-03-18,4.45,1839322450.59,41408484797.99,870,39569162347.4,18/03/2010
2010-03-19,4.46,1834088543.68,41177759848.88,871,39343671305.2,19/03/2010
2010-03-22,4.47,1831438989.14,41036134933.99,872,39204695944.85,22/03/2010
2010-03-23,4.48,1825480904.87,40835483724.89,873,39010002820.02,23/03/2010
2010-03-24,4.48,1822508916.46,40728001424.25,874,38905492507.79,24/03/2010
2010-03-25,4.48,1815077243.28,40585122382.42,875,38770045139.14,25/03/2010
2010-03-26,4.47,1811216202.49,40591128833.81,876,38779912631.32,26/03/2010
2010-03-29,4.47,1815221121.56,40629313861,877,38814092739.44,29/03/2010
2010-03-30,4.47,1806903830.83,40453980990.27,878,38647077159.44,30/03/2010
2010-03-31,4.45,1807189272.42,40679449707.19,879,38872260434.77,31/03/2010
2010-04-01,4.51,1822935832.46,40483328604.89,880,38660392772.43,01/04/2010
2010-04-06,4.47,1807252235.09,40452677664.39,881,38645425429.3,06/04/2010
2010-04-07,4.46,1803012480.41,40430347107.99,882,38627334627.58,07/04/2010
2010-04-08,4.4,1794114618.04,40827942562.12,883,39033827944.08,08/04/2010
2010-04-09,4.39,1792811281.82,40855779658.19,884,39062968376.37,09/04/2010
2010-04-12,4.37,1788898980.95,40976418735.89,885,39187519754.94,12/04/2010
2010-04-13,4.31,1803814385.54,41869107264.64,886,40065292879.1,13/04/2010
2010-04-14,4.3,1796832375.16,41836234576,887,40039402200.84,14/04/2010
2010-04-15,4.32,1793482575.52,41519160145.77,888,39725677570.25,15/04/2010
2010-04-16,5.21,2162232244.43,41514263196.94,889,39352030952.51,16/04/2010
2010-04-19,5.25,2158689083.47,41135244933.17,890,38976555849.7,19/04/2010
2010-04-20,5.33,2177329603.54,40894218701.88,891,38716889098.34,20/04/2010
2010-04-21,5.33,2174803758.7,40823778819.99,892,38648975061.29,21/04/2010
2010-04-22,5.36,2174448843.6,40569866808.55,893,38395417964.95,22/04/2010
2010-04-23,5.38,2181118409.93,40580859457.73,894,38399741047.8,23/04/2010
2010-04-26,5.38,2184924880.62,40618124690.45,895,38433199809.83,26/04/2010
2010-04-27,5.41,2178871093.68,40332141845.67,896,38153270751.99,27/04/2010
2010-04-28,5.4,2175803881.64,40299066122,897,38123262240.36,28/04/2010
2010-04-29,5.47,2189152776.39,40035020614.31,898,37845867837.92,29/04/2010
2010-04-30,5.44,2189424003.95,40305917653.95,899,38116493650,30/04/2010
2010-05-04,5.44,2181970320.52,40124110815.64,900,37942140495.12,04/05/2010
2010-05-05,5.59,2239342374.47,40101372983.21,901,37862030608.74,05/05/2010
2010-05-07,5.56,2228683024.06,40113164201.95,902,37884481177.89,07/05/2010
2010-05-10,5.55,2233108262.41,40250293641.8,903,38017185379.39,10/05/2010
2010-05-11,5.6,2221941936.68,39690244802.57,904,37468302865.89,11/05/2010
2010-05-12,5.44,2221487904.91,40887411539.63,905,38665923634.72,12/05/2010
2010-05-13,5.48,2218772832.14,40496820761.81,906,38278047929.67,13/05/2010
2010-05-14,5.47,2209707479.41,40417912885.94,907,38208205406.53,14/05/2010
2010-05-17,5.47,2202511017.74,40280898108.7,908,38078387090.96,17/05/2010
2010-05-18,5.53,2204646795.72,39876364709.48,909,37671717913.76,18/05/2010
2010-05-19,5.53,2200606185.16,39806814519.92,910,37606208334.76,19/05/2010
2010-05-20,5.63,2209881488.37,39254943582.13,911,37045062093.76,20/05/2010
2010-05-21,5.63,2212604441.41,39326036009.77,912,37113431568.36,21/05/2010
2010-05-24,5.63,2209199250.08,39265971197.1,913,37056771947.02,24/05/2010
2010-05-25,5.67,2199347697.72,38835791334.03,914,36636443636.31,25/05/2010
2010-05-26,5.67,2201562492.83,38833816850.2,915,36632254357.37,26/05/2010
2010-05-27,5.7,2192973674.58,38486574276.74,916,36293600602.16,27/05/2010
2010-05-28,5.67,2196871608.18,38798710026.66,917,36601838418.48,28/05/2010
2010-06-01,5.7,2202955548.08,38706419261.63,918,36503463713.55,01/06/2010
2010-06-02,5.69,2202369317.58,38719307027.38,919,36516937709.8,02/06/2010
2010-06-03,5.69,2200055581.04,38700640626.38,920,36500585045.34,03/06/2010
2010-06-04,5.73,2192666396.12,38300818384.34,921,36108151988.22,04/06/2010
2010-06-07,5.8,2189773686.39,37812702863.69,922,35622929177.3,07/06/2010
2010-06-08,5.83,2186802431.29,37540436772.31,923,35353634341.02,08/06/2010
2010-06-09,5.67,2174617164.93,38408312686.88,924,36233695521.95,09/06/2010
2010-06-10,5.68,2176129079.27,38373474703.38,925,36197345624.11,10/06/2010
2010-06-11,5.61,2178443018.85,38835153455.2,926,36656710436.35,11/06/2010
2010-06-14,5.82,2251383880.99,38743734160.57,927,36492350279.58,14/06/2010
2010-06-15,5.88,2250571089.85,38275625392.95,928,36025054303.1,15/06/2010
2010-06-16,5.89,2251126647.16,38243784687.38,929,35992658040.22,16/06/2010
2010-06-17,6.08,2310855861.54,38028890440.44,930,35718034578.9,17/06/2010
2010-06-18,6.08,2308341251.29,38002969581.34,931,35694628330.05,18/06/2010
2010-06-21,6.07,2307395031.91,38013690425.84,932,35706295393.93,21/06/2010
2010-06-22,6.11,2300222876.83,37659039299.46,933,35358816422.63,22/06/2010
2010-06-23,6.11,2298591518.16,37634509469,934,35335917950.84,23/06/2010
2010-06-24,6.15,2297119311.93,37395321582.13,935,35098202270.2,24/06/2010
2010-06-25,6.11,2284701150.62,37432101528.73,936,35147400378.11,25/06/2010
2010-06-28,6.1,2282439224.77,37443274801.27,937,35160835576.5,28/06/2010
2010-06-29,6.13,2275534571.29,37174609992.7,938,34899075421.41,29/06/2010
2010-06-30,6.09,2278405248.52,37424379165.98,939,35145973917.46,30/06/2010
2010-07-01,6.12,2275399236.31,37202091747.63,940,34926692511.32,01/07/2010
2010-07-02,6.17,2283910064.22,37038269875.27,941,34754359811.05,02/07/2010
2010-07-05,6.17,2283910064.22,37021395835.67,942,34737485771.45,05/07/2010
2010-07-06,6.18,2280297075.7,36926148760.17,943,34645851684.47,06/07/2010
2010-07-07,6.03,2279474467.58,37854185493.31,944,35574711025.73,07/07/2010
2010-07-08,5.9,2289200076.83,38855800583.07,945,36566600506.24,08/07/2010
2010-07-09,5.87,2277698062.83,38824175021.06,946,36546476958.23,09/07/2010
2010-07-12,5.87,2272756078.56,38772287591.67,947,36499531513.11,12/07/2010
2010-07-13,6.42,2474952925.14,38585153570.96,948,36110200645.82,13/07/2010
2010-07-14,6.44,2479953501.37,38527463804.81,949,36047510303.44,14/07/2010
2010-07-15,6.49,2488159526.06,38351790564.57,950,35863631038.51,15/07/2010
2010-07-16,6.55,2508744384.93,38351905748.28,951,35843161363.35,16/07/2010
2010-07-19,6.54,2506992766.85,38356080747.88,952,35849087981.03,19/07/2010
2010-07-20,6.56,2494301587.68,38034685575.46,953,35540383987.78,20/07/2010
2010-07-21,6.59,2487836731.08,37762066427.19,954,35274229696.11,21/07/2010
2010-07-22,6.61,2502522651.68,37861207346.84,955,35358684695.16,22/07/2010
2010-07-23,6.65,2499942076.91,37606380340.16,956,35106438263.25,23/07/2010
2010-07-26,6.65,2499516696.89,37600403367.27,957,35100886670.38,26/07/2010
2010-07-27,6.68,2504852806.27,37520681554.63,958,35015828748.36,27/07/2010
2010-07-28,6.73,2504538371.95,37219304675.63,959,34714766303.68,28/07/2010
2010-07-29,6.77,2507163096.52,37061483142.8,960,34554320046.28,29/07/2010
2010-07-30,6.77,2507079414.93,37080688341.28,961,34573608926.35,30/07/2010
2010-08-02,6.74,2499070189.29,37082587342.77,962,34583517153.48,02/08/2010
2010-08-03,6.76,2512517267.35,37212341224.1,963,34699823956.75,03/08/2010
2010-08-04,6.62,2510598835.87,37954985266.2,964,35444386430.33,04/08/2010
2010-08-05,6.59,2492204227.7,37835545617.57,965,35343341389.87,05/08/2010
2010-08-06,6.6,2490664776.68,37767032290,966,35276367513.32,06/08/2010
2010-08-09,6.59,2490851693.95,37806154545.32,967,35315302851.37,09/08/2010
2010-08-10,6.62,2483027267.62,37536385595.96,968,35053358328.34,10/08/2010
2010-08-11,6.43,2480152442.58,38597075831.49,969,36116923388.91,11/08/2010
2010-08-12,6.43,2461617126.54,38307208280.03,970,35845591153.49,12/08/2010
2010-08-13,6.44,2460394403.77,38221289806.02,971,35760895402.25,13/08/2010
2010-08-16,6.41,2446460783.91,38174502405.6,972,35728041621.69,16/08/2010
2010-08-17,6.53,2480699463.95,38007509250.38,973,35526809786.43,17/08/2010
2010-08-18,6.48,2461350901.66,37993350044.45,974,35531999142.79,18/08/2010
2010-08-19,6.55,2465901188.24,37674793007.7,975,35208891819.46,19/08/2010
2010-08-20,6.56,2457642645.87,37482346328.77,976,35024703682.9,20/08/2010
2010-08-23,6.54,2448684714.64,37475590608.53,977,35026905893.89,23/08/2010
2010-08-24,6.57,2441835047.56,37207934393.8,978,34766099346.24,24/08/2010
2010-08-25,6.49,2409742877.47,37184624890.24,979,34774882012.77,25/08/2010
2010-08-26,6.51,2408924607.95,37020859176.13,980,34611934568.18,26/08/2010
2010-08-27,6.55,2409685982.56,36808001615.8,981,34398315633.24,27/08/2010
2010-08-30,6.54,2405025588.77,36782391628.92,982,34377366040.15,30/08/2010
2010-08-31,6.59,2406765316.95,36544049608.44,983,34137284291.49,31/08/2010
2010-09-01,6.61,2407584374.04,36442355815.13,984,34034771441.09,01/09/2010
2010-09-02,6.61,2379164986,36010934249.02,985,33631769263.02,02/09/2010
2010-09-03,6.61,2380404248.18,36017915286.81,986,33637511038.63,03/09/2010
2010-09-06,6.62,2383335657.43,36041581801.81,987,33658246144.38,06/09/2010
2010-09-07,6.42,2379498921.83,37084060338.67,988,34704561416.84,07/09/2010
2010-09-08,6.54,2418698535.18,37008925817.88,989,34590227282.7,08/09/2010
2010-09-13,6.58,2410147766.08,36663042303.81,990,34252894537.73,13/09/2010
2010-09-14,6.65,2420207110.66,36430194797.24,991,34009987686.58,14/09/2010
2010-09-15,6.55,2435206778.37,37215335269.24,992,34780128490.87,15/09/2010
2010-09-16,6.61,2440957257.43,36937288063.84,993,34496330806.41,16/09/2010
2010-09-17,6.62,2442545845.58,36934120783.16,994,34491574937.58,17/09/2010
2010-09-20,6.58,2428311836.2,36949518843.8,995,34521207007.6,20/09/2010
2010-09-21,6.63,2430597617.16,36683296953.71,996,34252699336.55,21/09/2010
2010-09-22,6.65,2436524405.54,36641843410.63,997,34205319005.09,22/09/2010
2010-09-23,6.67,2414968690.37,36219003457.88,998,33804034767.51,23/09/2010
2010-09-24,6.79,2425302312.91,35730848521.87,999,33305546208.96,24/09/2010
2010-09-27,6.81,2427385214.33,35655994331.62,1000,33228609117.29,27/09/2010
2010-09-28,6.89,2422167607.06,35181470749.48,1001,32759303142.42,28/09/2010
2010-09-29,6.89,2428667254.74,35299817346.84,1002,32871150092.1,29/09/2010
2010-09-30,7.02,2425617237.81,34589153200.27,1003,32163535962.46,30/09/2010
2010-10-04,6.99,2418374316.64,34618455575.59,1004,32200081258.95,04/10/2010
2010-10-05,7,2419965353.14,34576545359.8,1005,32156580006.66,05/10/2010
2010-10-06,6.85,2423228754.04,35381634483.14,1006,32958405729.1,06/10/2010
2010-10-07,6.96,2421691457.91,34840799415.74,1007,32419107957.83,07/10/2010
2010-10-08,6.96,2417455158.93,34734287782.55,1008,32316832623.62,08/10/2010
2010-10-11,6.99,2425284765.22,34743521160.17,1009,32318236394.95,11/10/2010
2010-10-12,6.85,2416638474.77,35293292955.48,1010,32876654480.71,12/10/2010
2010-10-13,6.87,2418601449.24,35241178667.49,1011,32822577218.25,13/10/2010
2010-10-14,6.96,2418066196.27,34750316831.34,1012,32332250635.07,14/10/2010
2010-10-15,6.95,2410608537.22,34718376958.91,1013,32307768421.69,15/10/2010
2010-10-18,6.94,2396634876.97,34534742458.49,1014,32138107581.52,18/10/2010
2010-10-19,6.99,2390630111.1,34210266291.64,1015,31819636180.54,19/10/2010
2010-10-20,6.99,2388067050.27,34185497799.37,1016,31797430749.1,20/10/2010
2010-10-21,7.06,2391118525.41,33906642076.14,1017,31515523550.73,21/10/2010
2010-10-22,7.07,2386093715.97,33761310424.91,1018,31375216708.94,22/10/2010
2010-10-25,7.05,2375149038.83,33715475056.37,1019,31340326017.54,25/10/2010
2010-10-26,7.09,2369558385.58,33448556123.44,1020,31078997737.86,26/10/2010
2010-10-27,7.1,2369345075.62,33400591448.3,1021,31031246372.68,27/10/2010
2010-10-28,7.1,2361925786.72,33280231508.96,1022,30918305722.24,28/10/2010
2010-10-29,7.05,2362054544.39,33530330803,1023,31168276258.61,29/10/2010
2010-11-01,7.04,2361448004.1,33565476287.21,1024,31204028283.11,01/11/2010
2010-11-02,7.07,2358035147.12,33356105661.44,1025,30998070514.32,02/11/2010
2010-11-03,6.86,2355372713.08,34359222621.41,1026,32003849908.33,03/11/2010
2010-11-04,6.91,2356739664.06,34116507642.57,1027,31759767978.51,04/11/2010
2010-11-05,6.93,2362728341.97,34100701170.3,1028,31737972828.33,05/11/2010
2010-11-08,6.93,2352038849.97,33986909872.53,1029,31634871022.56,08/11/2010
2010-11-09,6.94,2342534777.35,33773253902.37,1030,31430719125.02,09/11/2010
2010-11-10,6.78,2337115046.45,34504138202.31,1031,32167023155.86,10/11/2010
2010-11-11,6.77,2331168826.74,34450850857.63,1032,32119682030.89,11/11/2010
2010-11-12,6.77,2320562939.75,34288694719,1033,31968131779.25,12/11/2010
2010-11-15,6.76,2314284839.47,34268974475.35,1034,31954689635.88,15/11/2010
2010-11-18,6.76,2305160848.85,34143473770.37,1035,31838312921.52,18/11/2010
2010-11-19,6.74,2298778650.62,34113717181,1036,31814938530.38,19/11/2010
2010-11-22,6.76,2295519172.58,33969852636.3,1037,31674333463.72,22/11/2010
2010-11-23,6.8,2283362383.45,33620971414.37,1038,31337609030.92,23/11/2010
2010-11-24,6.78,2269997275.91,33510572800.78,1039,31240575524.87,24/11/2010
2010-11-25,6.78,2270122226.33,33500749621.03,1040,31230627394.7,25/11/2010
2010-11-26,6.84,2263599631.31,33130211792.23,1041,30866612160.92,26/11/2010
2010-11-29,6.8,2252439522.52,33125322367.78,1042,30872882845.26,29/11/2010
2010-11-30,6.79,2243404277.83,33087588212,1043,30844183934.17,30/11/2010
2010-12-01,6.78,2244764163.18,33112152111.53,1044,30867387948.35,01/12/2010
2010-12-02,6.82,2242304778.58,32926002347.39,1045,30683697568.81,02/12/2010
2010-12-03,6.6,2245146601.2,34056309409.25,1046,31811162808.05,03/12/2010
2010-12-06,6.71,2269454658.31,33857318159.76,1047,31587863501.45,06/12/2010
2010-12-07,6.73,2265598510.75,33673175627.78,1048,31407577117.03,07/12/2010
2010-12-08,6.57,2259790569.54,34424895876.42,1049,32165105306.88,08/12/2010
2010-12-09,6.61,2257761651.91,34158837645.69,1050,31901075993.78,09/12/2010
2010-12-10,6.66,2252994547.62,33838867545.09,1051,31585872997.47,10/12/2010
2010-12-13,6.8,2298202904.66,33814616511.57,1052,31516413606.91,13/12/2010
2010-12-14,6.89,2306257100.74,33506090828.42,1053,31199833727.68,14/12/2010
2010-12-15,6.89,2300238248.64,33410260345.71,1054,31110022097.07,15/12/2010
2010-12-16,7.01,2279237654.81,32543552312.25,1055,30264314657.44,16/12/2010
2010-12-17,7,2278559155.85,32581907680.19,1056,30303348524.34,17/12/2010
2010-12-20,6.98,2267392046.56,32519492933.21,1057,30252100886.65,20/12/2010
2010-12-21,6.96,2260895619.74,32509943030.44,1058,30249047410.7,21/12/2010
2010-12-22,6.93,2234578381.25,32263234482.03,1059,30028656100.78,22/12/2010
2010-12-23,6.91,2221803787.04,32194710668,1060,29972906880.96,23/12/2010
2010-12-24,7.04,2231566855.95,31724052553.53,1061,29492485697.58,24/12/2010
2010-12-29,7,2226008650.93,31805659272.98,1062,29579650622.05,29/12/2010
2010-12-30,6.93,2216588036.24,31991580480.8,1063,29774992444.56,30/12/2010
2010-12-31,6.87,2221743516.27,32347493827.94,1064,30125750311.67,31/12/2010
2011-01-04,7.32,2367372163.08,32367890711.5,1065,30000518548.42,04/01/2011
2011-01-05,7.33,2362872062.06,32255431919.75,1066,29892559857.69,05/01/2011
2011-01-06,6.94,2335826126.2,33683076583.8,1067,31347250457.6,06/01/2011
2011-01-07,6.98,2328518944.45,33378303874.05,1068,31049784929.6,07/01/2011
2011-01-10,6.97,2324381424.64,33358722721.23,1069,31034341296.59,10/01/2011
2011-01-11,7.05,2351007273.83,33377635079.19,1070,31026627805.36,11/01/2011
2011-01-12,6.94,2356066181.74,33995446684.55,1071,31639380502.81,12/01/2011
2011-01-13,6.95,2345606666.39,33786031977.5,1072,31440425311.11,13/01/2011
2011-01-14,6.98,2338242343.79,33528338331.3,1073,31190095987.51,14/01/2011
2011-01-17,6.98,2337402920.49,33520124161.62,1074,31182721241.13,17/01/2011
2011-01-18,6.99,2340703996.7,33490024554.87,1075,31149320558.17,18/01/2011
2011-01-19,7.03,2332451594.49,33208181009.6,1076,30875729415.11,19/01/2011
2011-01-20,7.08,2351642056.49,33261529399.53,1077,30909887343.04,20/01/2011
2011-01-21,7.12,2346142998.2,32955946717.98,1078,30609803719.78,21/01/2011
2011-01-24,7.07,2328428730.29,32955840230.98,1079,30627411500.69,24/01/2011
2011-01-25,7.01,2304428832.49,32906701469.48,1080,30602272636.99,25/01/2011
2011-01-26,7.06,2305956214.25,32664532317.8,1081,30358576103.55,26/01/2011
2011-01-27,7.07,2306365324.18,32642338381.82,1082,30335973057.64,27/01/2011
2011-01-28,6.93,2277608892.35,32881799545.05,1083,30604190652.7,28/01/2011
2011-01-31,6.86,2270972770.87,33124872253.44,1084,30853899482.57,31/01/2011
2011-02-01,6.92,2293116132.18,33158205643.82,1085,30865089511.64,01/02/2011
2011-02-02,6.98,2297312445.08,32935562502.21,1086,30638250057.13,02/02/2011
2011-02-03,6.62,2290695532.47,34621604900.41,1087,32330909367.94,03/02/2011
2011-02-04,6.64,2280325542.77,34374573208.84,1088,32094247666.07,04/02/2011
2011-02-07,6.63,2275837061.66,34337239253.98,1089,32061402192.32,07/02/2011
2011-02-08,6.65,2279144520.27,34296389926.75,1090,32017245406.48,08/02/2011
2011-02-09,6.53,2273666319.45,34843547932.81,1091,32569881613.36,09/02/2011
2011-02-10,6.52,2268447989.08,34827739327.66,1092,32559291338.58,10/02/2011
2011-02-11,6.56,2261530612.68,34501414647.88,1093,32239884035.2,11/02/2011
2011-02-14,6.52,2245029035.7,34442110183.24,1094,32197081147.54,14/02/2011
2011-02-16,6.55,2242470272.56,34250990145.12,1095,32008519872.56,16/02/2011
2011-02-17,6.58,2235847875.81,34008101048.46,1096,31772253172.65,17/02/2011
2011-02-18,6.61,2233251675.79,33804180538.41,1097,31570928862.62,18/02/2011
2011-02-21,6.61,2236449706.91,33846767625.92,1098,31610317919.01,21/02/2011
2011-02-22,6.59,2227016643.58,33843608480.75,1099,31616591837.17,22/02/2011
2011-02-23,6.64,2228998732.89,33616567876.32,1100,31387569143.43,23/02/2011
2011-02-24,6.7,2250170920.62,33617746459.44,1101,31367575538.82,24/02/2011
2011-02-25,6.78,2254656662.29,33260809030.91,1102,31006152368.62,25/02/2011
2011-02-28,6.77,2249289339.43,33249743543.39,1103,31000454203.96,28/02/2011
2011-03-01,6.75,2240710149.79,33234406445,1104,30993696295.21,01/03/2011
2011-03-02,6.77,2237672147.27,33072124431.69,1105,30834452284.42,02/03/2011
2011-03-03,6.36,2237865106.18,35200390443.94,1106,32962525337.76,03/03/2011
2011-03-04,6.13,2234180860.97,36485027756.13,1107,34250846895.16,04/03/2011
2011-03-07,6.14,2235872832.89,36467685366.35,1108,34231812533.46,07/03/2011
2011-03-08,6.2,2255151278.93,36385403518.27,1109,34130252239.34,08/03/2011
2011-03-10,6.25,2240905434.52,35902844717.75,1110,33661939283.23,10/03/2011
2011-03-11,6.3,2235411279.29,35535379937.45,1111,33299968658.16,11/03/2011
2011-03-14,6.29,2237807365.1,35597554934.17,1112,33359747569.07,14/03/2011
2011-03-15,6.28,2229442479.62,35509973534.31,1113,33280531054.69,15/03/2011
2011-03-16,6.36,2238868024.91,35215709139.6,1114,32976841114.69,16/03/2011
2011-03-17,6.37,2241816560.99,35199817146.7,1115,32958000585.71,17/03/2011
2011-03-18,6.46,2244504339.89,34764105785.95,1116,32519601446.06,18/03/2011
2011-03-21,6.46,2246463036.56,34792388377.55,1117,32545925340.99,21/03/2011
2011-03-22,6.47,2250494265.56,34827838899.31,1118,32577344633.75,22/03/2011
2011-03-23,6.44,2209755331.08,34334323363.55,1119,32124568032.47,23/03/2011
2011-03-24,6.45,2207314958.29,34244783224.25,1120,32037468265.96,24/03/2011
2011-03-25,6.53,2203325791.12,33789042105.07,1121,31585716313.95,25/03/2011
2011-03-28,6.58,2216394830.89,33721667565.82,1122,31505272734.93,28/03/2011
2011-03-29,6.57,2210698419.27,33683552975.42,1123,31472854556.15,29/03/2011
2011-03-30,6.61,2209539997.95,33448100483.71,1124,31238560485.76,30/03/2011
2011-03-31,6.67,2214898785.24,33219304184.25,1125,31004405399.01,31/03/2011
2011-04-01,6.53,2137349010.7,32766246495.91,1126,30628897485.21,01/04/2011
2011-04-04,6.5,2126967335.62,32768692988.69,1127,30641725653.07,04/04/2011
2011-04-05,6.48,2121528265.24,32759965066.09,1128,30638436800.85,05/04/2011
2011-04-06,6.07,2117772750.53,34945498768.19,1129,32827726017.66,06/04/2011
2011-04-07,6.04,2107680237.35,34912725444.73,1130,32805045207.38,07/04/2011
2011-04-08,6.11,2110431347.94,34557594217.67,1131,32447162869.73,08/04/2011
2011-04-11,6.11,2105870935.5,34502767424.88,1132,32396896489.38,11/04/2011
2011-04-12,6.11,2104514541.9,34477813395.75,1133,32373298853.85,12/04/2011
2011-04-13,6.15,2102062727.16,34229385058.25,1134,32127322331.09,13/04/2011
2011-04-14,6.13,2094270632.59,34182484646.89,1135,32088214014.3,14/04/2011
2011-04-15,6.19,2093759235.76,33847951366.94,1136,31754192131.18,15/04/2011
2011-04-18,6.17,2081397913.96,33764018868.26,1137,31682620954.3,18/04/2011
2011-04-19,6.17,2080670019,33774821564.07,1138,31694151545.07,19/04/2011
2011-04-20,6.23,2088127817.46,33556151915.6,1139,31468024098.14,20/04/2011
2011-04-21,6.17,2066126339.41,33517916679.62,1140,31451790340.21,21/04/2011
2011-04-27,6.23,2061019436.56,33090047189.09,1141,31029027752.53,27/04/2011
2011-04-28,6.21,2053872045.9,33122278217.8,1142,31068406171.9,28/04/2011
2011-04-29,6.27,2057525917.2,32841571966.32,1143,30784046049.12,29/04/2011
2011-05-03,6.33,2062770949.18,32634698312.05,1144,30571927362.87,03/05/2011
2011-05-04,6.33,2064364591.94,32660323080.82,1145,30595958488.88,04/05/2011
2011-05-05,6.31,2058758126.02,32629206988.85,1146,30570448862.83,05/05/2011
2011-05-06,6.11,2044834046.69,33481493377.6,1147,31436659330.91,06/05/2011
2011-05-09,6.03,2032768370.37,33722358081.62,1148,31689589711.25,09/05/2011
2011-05-10,5.83,2031073316.89,34842008210.14,1149,32810934893.25,10/05/2011
2011-05-11,5.87,2027949586.18,34556544740.55,1150,32528595154.37,11/05/2011
2011-05-12,5.48,1876071677.11,34261962739.73,1151,32385891062.62,12/05/2011
2011-05-13,5.55,1880966489.93,33943176279.55,1152,32062209789.62,13/05/2011
2011-05-16,5.48,1853545603.43,33858575169.44,1153,32005029566.01,16/05/2011
2011-05-17,5.48,1853778321.17,33869223752.42,1154,32015445431.25,17/05/2011
2011-05-18,5.56,1852434174.23,33371325716.59,1155,31518891542.36,18/05/2011
2011-05-19,5.55,1850949547.41,33354976556.57,1156,31504027009.16,19/05/2011
2011-05-20,5.6,1849193517.91,33033061308.66,1157,31183867790.75,20/05/2011
2011-05-23,5.58,1838675574.42,32982114287.14,1158,31143438712.72,23/05/2011
2011-05-24,5.56,1832663041.05,32969292678.62,1159,31136629637.57,24/05/2011
2011-05-25,5.63,1831015139.56,32540663000.66,1160,30709647861.1,25/05/2011
2011-05-26,5.71,1856893869.55,32575560708.35,1161,30718666838.8,26/05/2011
2011-05-27,5.72,1833045451.09,32083756693.59,1162,30250711242.5,27/05/2011
2011-05-31,5.73,1835038520.16,32080276961.41,1163,30245238441.25,31/05/2011
2011-06-01,5.73,1834897050.73,32040611922.19,1164,30205714871.46,01/06/2011
2011-06-02,5.73,1834990252.55,32067695789.03,1165,30232705536.48,02/06/2011
2011-06-03,5.5,1838053976.06,33464601293.62,1166,31626547317.56,03/06/2011
2011-06-06,5.51,1841528345.61,33475263192.46,1167,31633734846.85,06/06/2011
2011-06-07,5.53,1849038396.31,33473965460.41,1168,31624927064.1,07/06/2011
2011-06-08,5.57,1846775823.51,33197547168.35,1169,31350771344.84,08/06/2011
2011-06-09,5.59,1846945098.16,33067354829.5,1170,31220409731.34,09/06/2011
2011-06-10,5.34,1824090912.27,34194420182.07,1171,32370329269.8,10/06/2011
2011-06-13,5.34,1817633151.78,34099551416.05,1172,32281918264.27,13/06/2011
2011-06-14,5.35,1820118740.25,34039292668.82,1173,32219173928.57,14/06/2011
2011-06-15,5.39,1811386655.87,33645317930.48,1174,31833931274.61,15/06/2011
2011-06-16,5.35,1796762013.64,33637564361.48,1175,31840802347.84,16/06/2011
2011-06-17,5.41,1802481344.09,33341149136.37,1176,31538667792.28,17/06/2011
2011-06-20,5.4,1797745690.7,33307714842.44,1177,31509969151.74,20/06/2011
2011-06-21,5.41,1800925838.41,33299190715.8,1178,31498264877.39,21/06/2011
2011-06-22,5.46,1795017312.03,32887143548.78,1179,31092126236.75,22/06/2011
2011-06-23,5.44,1782981219.02,32811109459.16,1180,31028128240.14,23/06/2011
2011-06-24,5.46,1763823235.61,32312506926.21,1181,30548683690.6,24/06/2011
2011-06-27,5.51,1763351124.19,32015341718.48,1182,30251990594.29,27/06/2011
2011-06-28,5.51,1762533765.69,31997433004.16,1183,30234899238.47,28/06/2011
2011-06-29,5.55,1762812660.19,31784468960.5,1184,30021656300.31,29/06/2011
2011-06-30,5.53,1760448060.92,31889488446.16,1185,30129040385.24,30/06/2011
2011-07-01,5.54,1755536766.58,31708432455.05,1186,29952895688.47,01/07/2011
2011-07-04,5.55,1754323067.24,31665138757.21,1187,29910815689.97,04/07/2011
2011-07-05,5.56,1753238393.57,31581164429.94,1188,29827926036.37,05/07/2011
2011-07-06,5.09,1746365631.41,34343386963.05,1189,32597021331.64,06/07/2011
2011-07-07,5.05,1742274130.82,34518791729.2,1190,32776517598.38,07/07/2011
2011-07-08,5.08,1730635945.84,34130355381.48,1191,32399719435.64,08/07/2011
2011-07-11,4.89,1723393541.95,35262640317.63,1192,33539246775.68,11/07/2011
2011-07-12,4.94,1718665024.5,34856605545.87,1193,33137940521.37,12/07/2011
2011-07-13,4.99,1722066251.02,34570706997.44,1194,32848640746.42,13/07/2011
2011-07-14,4.98,1723106280.77,34669997476.38,1195,32946891195.61,14/07/2011
2011-07-15,4.98,1712622391.03,34437740990.71,1196,32725118599.68,15/07/2011
2011-07-18,4.99,1705281846.97,34208080795.67,1197,32502798948.7,18/07/2011
2011-07-19,5,1708023878.61,34222999515.98,1198,32514975637.37,19/07/2011
2011-07-20,5.06,1709225987.31,33796858007.3,1199,32087632019.99,20/07/2011
2011-07-21,5.06,1706155816.8,33730688231.5,1200,32024532414.7,21/07/2011
2011-07-22,5.11,1712517658.8,33543630919.39,1201,31831113260.59,22/07/2011
2011-07-25,5.12,1711626089.6,33454898526.76,1202,31743272437.16,25/07/2011
2011-07-26,5.12,1713225156.19,33491833045.35,1203,31778607889.16,26/07/2011
2011-07-27,5.2,1715002244.75,33036153046.62,1204,31321150801.87,27/07/2011
2011-07-28,5.18,1706597537.94,32965791374.07,1205,31259193836.13,28/07/2011
2011-07-29,5.25,1705282274.74,32507047201.03,1206,30801764926.29,29/07/2011
2011-08-01,5.26,1711070922.23,32558354659.41,1207,30847283737.18,01/08/2011
2011-08-02,5.22,1693626594.8,32458625784.35,1208,30764999189.55,02/08/2011
2011-08-03,4.84,1694888854.56,35086868292.74,1209,33391979438.18,03/08/2011
2011-08-04,4.83,1693831588.91,35070238275.52,1210,33376406686.61,04/08/2011
2011-08-05,4.87,1688107861.89,34704866579.05,1211,33016758717.16,05/08/2011
2011-08-08,4.7,1687590599.29,35907373896.28,1212,34219783296.99,08/08/2011
2011-08-09,4.7,1686581520.42,35891255486.94,1213,34204673966.52,09/08/2011
2011-08-10,4.78,1689511145.23,35382538219.49,1214,33693027074.26,10/08/2011
2011-08-11,4.77,1682404172.97,35303566944.5,1215,33621162771.53,11/08/2011
2011-08-12,4.79,1679358357.4,35071940325.99,1216,33392581968.59,12/08/2011
2011-08-15,4.81,1679269825.84,34961986201.17,1217,33282716375.33,15/08/2011
2011-08-16,4.76,1663310797.33,34961821591.74,1218,33298510794.41,16/08/2011
2011-08-17,4.81,1665444769.85,34674948263.42,1219,33009503493.57,17/08/2011
2011-08-18,4.81,1660066667.95,34575360078.35,1220,32915293410.4,18/08/2011
2011-08-19,4.85,1657903524.04,34206555321.73,1221,32548651797.69,19/08/2011
2011-08-22,4.83,1651276452.92,34190137692.87,1222,32538861239.95,22/08/2011
2011-08-23,4.85,1652272082.14,34124978970.26,1223,32472706888.12,23/08/2011
2011-08-24,4.92,1649723720.25,33590715822.87,1224,31940992102.62,24/08/2011
2011-08-25,4.82,1613041064.87,33477006981.35,1225,31863965916.48,25/08/2011
2011-08-26,5.04,1655927044.47,32906921312.07,1226,31250994267.6,26/08/2011
2011-08-29,5.04,1657490903.71,32928246557.32,1227,31270755653.61,29/08/2011
2011-09-01,4.97,1637987052.69,32961530912.53,1228,31323543859.84,01/09/2011
2011-09-02,5.06,1631629159.09,32300276572.71,1229,30668647413.62,02/09/2011
2011-09-05,5.05,1628097069.25,32271578720.78,1230,30643481651.53,05/09/2011
2011-09-06,4.58,1596968974.93,34875755760.59,1231,33278786785.66,06/09/2011
2011-09-07,4.62,1588631949.79,34452229718.12,1232,32863597768.33,07/09/2011
2011-09-08,4.65,1589953578.01,34255369962.94,1233,32665416384.93,08/09/2011
2011-09-09,4.69,1581837817.67,33785861860,1234,32204024042.33,09/09/2011
2011-09-12,4.79,1679358357.4,35071940325.99,1235,33392581968.59,12/09/2011
2011-09-13,4.7,1572902697.53,33491287599.91,1236,31918384902.38,13/09/2011
2011-09-14,4.52,1574303710.79,34859655672.85,1237,33285351962.06,14/09/2011
2011-09-15,4.51,1571057696.17,34858097611.95,1238,33287039915.78,15/09/2011
2011-09-16,4.51,1549903539.97,34391057215.84,1239,32841153675.87,16/09/2011
2011-09-19,4.53,1545477118.53,34119096111.73,1240,32573618993.2,19/09/2011
2011-09-20,4.6,1563837784.71,34006892059.53,1241,32443054274.82,20/09/2011
2011-09-21,4.64,1554494033.27,33573991907.66,1242,32019497874.39,21/09/2011
2011-09-22,4.62,1545968822.64,33481530806.35,1243,31935561983.71,22/09/2011
2011-09-23,4.66,1540138499.85,33115807878.09,1244,31575669378.24,23/09/2011
2011-09-26,4.66,1535431908.42,32953485096.26,1245,31418053187.84,26/09/2011
2011-09-27,4.64,1529173913.01,32965836570.62,1246,31436662657.61,27/09/2011
2011-09-28,4.69,1527024366.87,32574875022.73,1247,31047850655.86,28/09/2011
2011-09-29,4.69,1525405488.21,32525395393.05,1248,30999989904.84,29/09/2011
2011-09-30,4.84,1535961563.6,31746307427.23,1249,30210345863.63,30/09/2011
2011-10-04,4.84,1527591723.71,31596409018.37,1250,30068817294.66,04/10/2011
2011-10-05,4.87,1524350766.14,31318915770.87,1251,29794565004.73,05/10/2011
2011-10-06,4.86,1522919717.62,31362668696.16,1252,29839748978.54,06/10/2011
2011-10-07,4.95,1527131168.95,30862252966.39,1253,29335121797.44,07/10/2011
2011-10-10,4.95,1526338219.26,30891523923.01,1254,29365185703.75,10/10/2011
2011-10-11,4.94,1525605876.5,30886649569.05,1255,29361043692.55,11/10/2011
2011-10-12,4.64,1518920875.46,32766008657.89,1256,31247087782.43,12/10/2011
2011-10-13,4.64,1528668727.03,32989797311.05,1257,31461128584.02,13/10/2011
2011-10-14,4.43,1531857587.61,34599143218.6,1258,33067285630.99,14/10/2011
2011-10-17,4.44,1531529102.57,34531664577.91,1259,33000135475.34,17/10/2011
2011-10-18,4.44,1527157755.34,34452345846.75,1260,32925188091.41,18/10/2011
2011-10-19,4.49,1529018484.12,34109059985.85,1261,32580041501.73,19/10/2011
2011-10-20,4.52,1528063598.48,33864247793.85,1262,32336184195.37,20/10/2011
2011-10-21,4.54,1527919321.79,33670989386.25,1263,32143070064.46,21/10/2011
2011-10-24,4.57,1527400891.44,33453341864,1264,31925940972.56,24/10/2011
2011-10-25,4.59,1532112459.01,33428884187.35,1265,31896771728.34,25/10/2011
2011-10-26,4.62,1541557399.73,33385835326.6,1266,31844277926.87,26/10/2011
2011-10-27,4.66,1538746825.23,33021950675.28,1267,31483203850.05,27/10/2011
2011-10-28,4.68,1530126945,32721567923.12,1268,31191440978.12,28/10/2011
2011-10-31,4.67,1531126273.72,32786924373.14,1269,31255798099.42,31/10/2011
2011-11-01,4.67,1530948637.85,32807952021.12,1270,31277003383.27,01/11/2011
2011-11-02,4.67,1530461793.5,32820747286.87,1271,31290285493.37,02/11/2011
2011-11-03,4.67,1530090494.69,32833984673.21,1272,31303894178.52,03/11/2011
2011-11-04,4.67,1530915856.52,32846991978.85,1273,31316076122.33,04/11/2011
2011-11-09,4.66,1532907548.99,32964921085.28,1274,31432013536.29,09/11/2011
2011-11-10,4.64,1531480915.94,33060995405.46,1275,31529514489.52,10/11/2011
2011-11-11,4.63,1530560914.25,33093590236.78,1276,31563029322.53,11/11/2011
2011-11-14,4.62,1526039477.1,33053006701.73,1277,31526967224.63,14/11/2011
2011-11-15,4.62,1524602212.4,33014945441.62,1278,31490343229.22,15/11/2011
2011-11-16,4.62,1523097775.23,33021976504.19,1279,31498878728.96,16/11/2011
2011-11-17,4.61,1521916022.91,33019512548.6,1280,31497596525.69,17/11/2011
2011-11-18,4.61,1520567607.8,33018325683.42,1281,31497758075.62,18/11/2011
2011-11-21,4.59,1516808992.83,33067188609.21,1282,31550379616.38,21/11/2011
2011-11-22,4.59,1515475094.44,33069729147.48,1283,31554254053.04,22/11/2011
2011-11-23,4.58,1513968293.95,33067193235.37,1284,31553224941.42,23/11/2011
2011-11-24,4.58,1512278120.7,33064242041.98,1285,31551963921.28,24/11/2011
2011-11-25,4.58,1510215791.34,33043779867.28,1286,31533564075.94,25/11/2011
2011-11-28,4.56,1503505045.75,33039892134.82,1287,31536387089.07,28/11/2011
2011-11-29,4.55,1500959198.47,33030817247.75,1288,31529858049.28,29/11/2011
2011-11-30,4.54,1498494368.28,33014825100.75,1289,31516330732.47,30/11/2011
2011-12-01,4.54,1496429201.75,33005420012.05,1290,31508990810.3,01/12/2011
2011-12-02,4.54,1494525369.81,32990009194.84,1291,31495483825.03,02/12/2011
2011-12-05,4.52,1487037716.04,32971448546.21,1292,31484410830.17,05/12/2011
2011-12-06,4.5,1484084448.58,33030619730.6,1293,31546535282.02,06/12/2011
2011-12-07,4.48,1481288759.32,33080902158.67,1294,31599613399.35,07/12/2011
2011-12-08,4.46,1477175417.16,33144410260.32,1295,31667234843.16,08/12/2011
2011-12-09,4.45,1474810684.1,33199631669.73,1296,31724820985.63,09/12/2011
2011-12-12,4.43,1468657236.2,33167036145.12,1297,31698378908.92,12/12/2011
2011-12-13,4.43,1466538321.99,33137399011.35,1298,31670860689.36,13/12/2011
2011-12-14,4.42,1463753975.56,33146285790.21,1299,31682531814.65,14/12/2011
2011-12-15,4.41,1460965315.43,33152263325.46,1300,31691298010.03,15/12/2011
2011-12-16,4.41,1458178595.95,33105670296.41,1301,31647491700.46,16/12/2011
2011-12-19,4.39,1449403941.57,33027339183.05,1302,31577935241.48,19/12/2011
2011-12-20,4.39,1446160885.43,32988361795.85,1303,31542200910.42,20/12/2011
2011-12-21,4.38,1443241807.93,32956299764.89,1304,31513057956.96,21/12/2011
2011-12-22,4.38,1439483416.27,32934168237.78,1305,31494684821.51,22/12/2011
2011-12-23,4.37,1435784175.04,32913273984.12,1306,31477489809.08,23/12/2011
2011-12-28,4.32,1417786099.58,32892425532.21,1307,31474639432.63,28/12/2011
2011-12-29,4.3,1414061497.95,32899587743.82,1308,31485526245.87,29/12/2011
2011-12-30,4.29,1410366433.11,32915095192.78,1309,31504728759.67,30/12/2011
2012-01-03,4.25,1399397146.31,32985598843.96,1310,31586201697.65,03/01/2012
2012-01-04,4.22,1395741474.84,33095284548.28,1311,31699543073.44,04/01/2012
2012-01-05,4.2,1392226225.75,33206122991.35,1312,31813896765.6,05/01/2012
2012-01-06,4.18,1388705870.76,33241164265.5,1313,31852458394.74,06/01/2012
2012-01-09,4.14,1380364015.78,33388193542.91,1314,32007829527.13,09/01/2012
2012-01-10,4.13,1377932587.36,33418651852.46,1315,32040719265.1,10/01/2012
2012-01-11,4.12,1375531730.5,33440438441.48,1316,32064906710.98,11/01/2012
2012-01-12,4.11,1373283571.24,33477196038.48,1317,32103912467.24,12/01/2012
2012-01-13,4.09,1370941715.07,33564555372.84,1318,32193613657.77,13/01/2012
2012-01-16,4.05,1365605717.46,33721296495.85,1319,32355690778.39,16/01/2012
2012-01-17,4.04,1364768613.21,33781894305.53,1320,32417125692.32,17/01/2012
2012-01-18,4.04,1363815953.19,33835589061.96,1321,32471773108.77,18/01/2012
2012-01-19,4.03,1363344153.59,33902938143.48,1322,32539593989.89,19/01/2012
2012-01-20,4.02,1363020631.48,33961113825.35,1323,32598093193.87,20/01/2012
2012-01-23,4,1363353665.87,34164589016.41,1324,32801235350.54,23/01/2012
2012-01-24,3.99,1363686086.53,34235116454.59,1325,32871430368.06,24/01/2012
2012-01-25,3.98,1364121167.66,34296205060.37,1326,32932083892.71,25/01/2012
2012-01-26,3.98,1364686995.11,34353397265.44,1327,32988710270.33,26/01/2012
2012-01-27,3.97,1365095414.87,34410589470.52,1328,33045494055.65,27/01/2012
2012-01-30,3.96,1367680563.17,34579742741.67,1329,33212062178.5,30/01/2012
2012-01-31,3.96,1368396349.14,34629359553.46,1330,33260963204.32,31/01/2012
2012-02-01,3.95,1368989596.96,34671050707.91,1331,33302061110.95,01/02/2012
2012-02-02,3.95,1369522843.09,34718029875.09,1332,33348507032,02/02/2012
2012-02-03,3.95,1369993963.56,34750615695.02,1333,33380621731.46,03/02/2012
2012-02-07,3.94,1371715901.87,34898370298.09,1334,33526654396.22,07/02/2012
2012-02-08,3.93,1372259377.71,34946449401.85,1335,33574190024.14,08/02/2012
2012-02-09,3.93,1372810433.74,34985163191.92,1336,33612352758.18,09/02/2012
2012-02-10,3.93,1373307442.73,34993716922.21,1337,33620409479.48,10/02/2012
2012-02-13,3.93,1374954071.33,35035908408.64,1338,33660954337.31,13/02/2012
2012-02-14,3.93,1375539452.7,35020737045.44,1339,33645197592.74,14/02/2012
2012-02-15,3.94,1376187318.68,34977812639.37,1340,33601625320.69,15/02/2012
2012-02-16,3.94,1375592269.27,34930760061.59,1341,33555167792.32,16/02/2012
2012-02-17,3.94,1375194636.29,34906463574.96,1342,33531268938.67,17/02/2012
2012-02-20,3.94,1373217041.12,34853962158.91,1343,33480745117.79,20/02/2012
2012-02-21,3.95,1373073487.35,34838858920.95,1344,33465785433.6,21/02/2012
2012-02-22,3.95,1372829773.47,34815913634.03,1345,33443083860.56,22/02/2012
2012-02-23,3.95,1372781759.57,34792975141.09,1346,33420193381.52,23/02/2012
2012-02-24,3.95,1372485335.25,34777486847.95,1347,33405001512.7,24/02/2012
2012-02-27,3.95,1371492510.46,34741085262.27,1348,33369592751.81,27/02/2012
2012-02-28,3.95,1371212328.7,34727580230.78,1349,33356367902.08,28/02/2012
2012-02-29,3.95,1370917854.98,34718639967.12,1350,33347722112.14,29/02/2012
2012-03-01,3.95,1370446110.83,34705105227.67,1351,33334659116.84,01/03/2012
2012-03-02,3.95,1370096904.8,34699496145.59,1352,33329399240.79,02/03/2012
2012-03-05,3.97,1374708969.97,34639107273.96,1353,33264398303.99,05/03/2012
2012-03-06,3.98,1377039297.43,34659371422.34,1354,33282332124.91,06/03/2012
2012-03-07,3.98,1379666937.68,34672581901.17,1355,33292914963.49,07/03/2012
2012-03-08,3.99,1382552151.28,34682292250.13,1356,33299740098.85,08/03/2012
2012-03-09,4,1385150869.36,34685357698.96,1357,33300206829.6,09/03/2012
2012-03-12,4.01,1392958744.21,34748914692.05,1358,33355955947.84,12/03/2012
2012-03-13,4.02,1395432891.95,34747636902.34,1359,33352204010.39,13/03/2012
2012-03-14,4.02,1397933552.73,34777958176.42,1360,33380024623.69,14/03/2012
2012-03-15,4.03,1400268143.37,34809178315.14,1361,33408910171.77,15/03/2012
2012-03-16,4.03,1402833915.2,34880586553.87,1362,33477752638.67,16/03/2012
2012-03-19,4.03,1411012544.75,35076730045.17,1363,33665717500.42,19/03/2012
2012-03-20,4.03,1413911411.06,35136751848.92,1364,33722840437.86,20/03/2012
2012-03-21,4.03,1416815523.07,35188797059.7,1365,33771981536.63,21/03/2012
2012-03-22,4.03,1418883990.32,35233362782.96,1366,33814478792.64,22/03/2012
2012-03-23,4.03,1420844223.67,35276143484.34,1367,33855299260.67,23/03/2012
2012-03-26,4.03,1427054520.58,35420743902.59,1368,33993689382.01,26/03/2012
2012-03-27,4.03,1429233276.33,35469632970.39,1369,34040399694.06,27/03/2012
2012-03-28,4.04,1431433022.46,35514760238.87,1370,34083327216.41,28/03/2012
2012-03-29,4.04,1433533006.36,35556213830.7,1371,34122680824.34,29/03/2012
2012-03-30,4.04,1435738752.04,35600868229.99,1372,34165129477.95,30/03/2012
2012-04-02,4.04,1443345081.35,35750218582.23,1373,34306873500.88,02/04/2012
2012-04-03,4.04,1443111504.3,35801180292.49,1374,34358068788.19,03/04/2012
2012-04-04,4.03,1442783044.52,35822362444.13,1375,34379579399.61,04/04/2012
2012-04-05,4.03,1442127852.29,35836544099.06,1376,34394416246.77,05/04/2012
2012-04-10,4,1436980644.02,35969437140.57,1377,34532456496.55,10/04/2012
2012-04-11,3.99,1436078195.04,36008626785.09,1378,34572548590.05,11/04/2012
2012-04-12,3.99,1435228522.62,36048849505.63,1379,34613620983.01,12/04/2012
2012-04-13,3.98,1434481449.56,36087494506.52,1380,34653013056.96,13/04/2012
2012-04-16,3.97,1432040290.36,36142314855.71,1381,34710274565.35,16/04/2012
2012-04-17,3.96,1431138017.41,36150452788.45,1382,34719314771.04,17/04/2012
2012-04-18,3.96,1429895026.61,36151354539.12,1383,34721459512.51,18/04/2012
2012-04-19,3.95,1428650882.23,36184222371.27,1384,34755571489.04,19/04/2012
2012-04-20,3.95,1427448332.47,36215165104.95,1385,34787716772.48,20/04/2012
2012-04-23,3.93,1425010645.58,36349254227.14,1386,34924243581.56,23/04/2012
2012-04-24,3.92,1424202968.77,36396777659.53,1387,34972574690.76,24/04/2012
2012-04-25,3.91,1423131164.54,36438301654.85,1388,35015170490.31,25/04/2012
2012-04-26,3.9,1422137042.16,36479237301.56,1389,35057100259.4,26/04/2012
2012-04-27,3.9,1421192878.41,36520294186.34,1390,35099101307.93,27/04/2012
2012-04-30,3.87,1418511003.04,36662898674.46,1391,35244387671.42,30/04/2012
2012-05-02,3.87,1417841168.51,36706773997.14,1392,35288932828.63,02/05/2012
2012-05-03,3.86,1417280118.2,36748282560.59,1393,35331002442.39,03/05/2012
2012-05-04,3.86,1416678081.08,36784924268.32,1394,35368246187.24,04/05/2012
2012-05-07,3.86,1416045440.27,36705657292.71,1395,35289611852.44,07/05/2012
2012-05-08,3.86,1415684279.35,36758001914.12,1396,35342317634.77,08/05/2012
2012-05-09,3.85,1415190073.99,36804250607.27,1397,35389060533.28,09/05/2012
2012-05-10,3.84,1414669846.24,36850285379.41,1398,35435615533.17,10/05/2012
2012-05-11,3.84,1414499224.22,36892907379.03,1399,35478408154.81,11/05/2012
2012-05-14,3.82,1413277093.29,37023607843.2,1400,35610330749.91,14/05/2012
2012-05-15,3.81,1412111622.26,37072040732.02,1401,35659929109.76,15/05/2012
2012-05-16,3.8,1410793267.23,37151633303.17,1402,35740840035.94,16/05/2012
2012-05-17,3.79,1409615069.91,37223665352.07,1403,35814050282.16,17/05/2012
2012-05-18,3.78,1408330770.11,37285969561.31,1404,35877638791.2,18/05/2012
2012-05-21,3.76,1404572326.72,37439170781.81,1405,36034598455.09,21/05/2012
2012-05-22,3.75,1403139446.79,37482285499.23,1406,36079146052.44,22/05/2012
2012-05-23,3.74,1401711230.08,37516120377.39,1407,36114409147.31,23/05/2012
2012-05-24,3.73,1400256762.46,37547904765.88,1408,36147648003.42,24/05/2012
2012-05-25,3.73,1398738976.18,37566199510.06,1409,36167460533.88,25/05/2012
2012-05-28,3.71,1394610296.95,37644455804.17,1410,36249845507.22,28/05/2012
2012-05-30,3.7,1391548219.39,37682361993.71,1411,36290813774.32,30/05/2012
2012-05-31,3.69,1389842317.45,37688257244.38,1412,36298414926.93,31/05/2012
2012-06-01,3.69,1387821695.24,37686391035.1,1413,36298569339.86,01/06/2012
2012-06-04,3.67,1381844338.43,37699709860.6,1414,36317865522.17,04/06/2012
2012-06-05,3.66,1379891933.15,37705267586.92,1415,36325375653.77,05/06/2012
2012-06-06,3.66,1378845599.23,37768304327.8,1416,36389458728.57,06/06/2012
2012-06-07,3.66,1377974975.96,37749414619.1,1417,36371439643.14,07/06/2012
2012-06-08,3.66,1377098311.64,37719577785.85,1418,36342479474.21,08/06/2012
2012-06-11,3.66,1374547773.33,37647191683.17,1419,36272643909.84,11/06/2012
2012-06-12,3.66,1373477609.97,37625769379.59,1420,36252291769.62,12/06/2012
2012-06-13,3.66,1372941638.93,37591813395.02,1421,36218871756.09,13/06/2012
2012-06-14,3.66,1372624610.5,37550571225,1422,36177946614.5,14/06/2012
2012-06-15,3.67,1372497586.86,37461761514.49,1423,36089263927.63,15/06/2012
2012-06-18,3.69,1372917247.87,37276792515.16,1424,35903875267.29,18/06/2012
2012-06-19,3.69,1373364544.35,37242250787.5,1425,35868886243.15,19/06/2012
2012-06-20,3.7,1373787160.27,37190196509.5,1426,35816409349.23,20/06/2012
2012-06-21,3.71,1374315334.55,37136812353.77,1427,35762497019.22,21/06/2012
2012-06-22,3.71,1374569609.42,37076904405.8,1428,35702334796.38,22/06/2012
2012-06-25,3.73,1375638243.19,36931189425.27,1429,35555551182.08,25/06/2012
2012-06-26,3.74,1375911369.69,36886648982.94,1430,35510737613.25,26/06/2012
2012-06-27,3.74,1376155248.94,36829232311.16,1431,35453077062.22,27/06/2012
2012-06-28,3.75,1376303336.73,36768298166.67,1432,35391994829.94,28/06/2012
2012-06-29,3.75,1376787375.75,36718909292.17,1433,35342121916.42,29/06/2012
2012-07-02,3.77,1378555381.24,36602741234.48,1434,35224185853.24,02/07/2012
2012-07-03,3.78,1379108601.81,36566608820.59,1435,35187500218.78,03/07/2012
2012-07-04,3.78,1379584844.39,36529665028.84,1436,35150080184.45,04/07/2012
2012-07-05,3.78,1379833816.29,36571697672.31,1437,35191863856.02,05/07/2012
2012-07-06,3.78,1379193988.33,36545176504.87,1438,35165982516.54,06/07/2012
2012-07-09,3.78,1377281782.28,36508584086.84,1439,35131302304.56,09/07/2012
2012-07-10,3.78,1376923563.3,36497704063.55,1440,35120780500.25,10/07/2012
2012-07-11,3.78,1375929495.44,36479564300.31,1441,35103634804.87,11/07/2012
2012-07-12,3.78,1375493122.16,36450568263.63,1442,35075075141.47,12/07/2012
2012-07-13,3.78,1375025305.07,36429710135.38,1443,35054684830.31,13/07/2012
2012-07-16,3.78,1373907845.39,36418686770.03,1444,35044778924.64,16/07/2012
2012-07-17,3.78,1373521571.9,36420992369.88,1445,35047470797.98,17/07/2012
2012-07-18,3.78,1372612577.28,36379100007.63,1446,35006487430.35,18/07/2012
2012-07-19,3.78,1371777558.37,36371416239.81,1447,34999638681.44,19/07/2012
2012-07-20,3.77,1370773127.5,36365654316.16,1448,34994881188.66,20/07/2012
2012-07-23,3.76,1368251571,36391121322.75,1449,35022869751.75,23/07/2012
2012-07-24,3.76,1367425916.08,36403418309.95,1450,35035992393.87,24/07/2012
2012-07-25,3.76,1366693566.56,36403703249.25,1451,35037009682.69,25/07/2012
2012-07-26,3.75,1365468107.82,36412666247.31,1452,35047198139.49,26/07/2012
2012-07-27,3.75,1364197859.46,36426688425.81,1453,35062490566.35,27/07/2012
2012-07-30,3.73,1360436777.11,36500546808.49,1454,35140110031.38,30/07/2012
2012-07-31,3.73,1359010299.71,36528797536.19,1455,35169787236.48,31/07/2012
2012-08-01,3.72,1357527242.12,36546676541.09,1456,35189149298.97,01/08/2012
2012-08-02,3.71,1356062789.55,36566336896.9,1457,35210274107.35,02/08/2012
2012-08-03,3.7,1354543581.3,36579327572.64,1458,35224783991.33,03/08/2012
2012-08-06,3.71,1351248001.97,36408399424.92,1459,35057151422.95,06/08/2012
2012-08-07,3.71,1350175507.75,36356393269.39,1460,35006217761.63,07/08/2012
2012-08-08,3.71,1349296989.18,36412422228.09,1461,35063125238.91,08/08/2012
2012-08-09,3.7,1347998180.29,36465852627.16,1462,35117854446.87,09/08/2012
2012-08-10,3.7,1346316208.42,36511260947.45,1463,35164944799.04,10/08/2012
2012-08-13,3.7,1341205190.4,36696999193.14,1464,35355794002.74,13/08/2012
2012-08-14,3.7,1339720856.5,36810099216.93,1465,35470378360.44,14/08/2012
2012-08-15,3.7,1338256510.52,36916410505.28,1466,35578153994.76,15/08/2012
2012-08-16,3.7,1336664200.89,37021967015.9,1467,35685302815.01,16/08/2012
2012-08-17,3.7,1335179449.78,37160875377.18,1468,35825695927.4,17/08/2012
2012-08-22,3.7,1328513174.17,37753128249.94,1469,36424615075.77,22/08/2012
2012-08-23,3.7,1327603770.01,37876788441.42,1470,36549184671.41,23/08/2012
2012-08-24,3.7,1376659666.22,38005222648.54,1471,36678562982.32,24/08/2012
2012-08-27,3.7,1325353703.17,38379251455.95,1472,37053897752.78,27/08/2012
2012-08-28,3.7,1325034328.02,38504696217.39,1473,37179661889.37,28/08/2012
2012-08-29,3.7,1324613578.01,38620525992.32,1474,37295912414.31,29/08/2012
2012-08-30,3.7,1324325022.82,38736205071.26,1475,37411880048.44,30/08/2012
2012-08-31,3.7,1324142021.24,38854002242.67,1476,37529860221.43,31/08/2012
2012-09-03,3.7,1323766970.92,39225287023.66,1477,37901520052.74,03/09/2012
2012-09-04,3.7,1323607550.87,39351978615.33,1478,38028371064.46,04/09/2012
2012-09-05,3.35,1323345060.8,39554965915.2,1479,38231620854.4,05/09/2012
2012-09-06,3.33,1323144288.08,39758359577.31,1480,38435215289.23,06/09/2012
2012-09-07,3.32,1322745065.19,39848103938.11,1481,38525358872.92,07/09/2012
2012-09-10,3.21,1322567165.54,40167418596.86,1482,38844851431.32,10/09/2012
2012-09-11,3.28,1322375919.1,40282451918.92,1483,38960075999.82,11/09/2012
2012-09-12,3.27,1322043445.15,40409596458.55,1484,39087553013.4,12/09/2012
2012-09-13,3.26,1321592412.31,40488376474.07,1485,39166784061.76,13/09/2012
2012-09-14,3.26,1321392549.12,40568255619.21,1486,39246863070.09,14/09/2012
2012-09-17,3.24,1320863257.7,40758035401.79,1487,39437172144.09,17/09/2012
2012-09-18,3.24,1320520322.8,40811695013.18,1488,39491174690.38,18/09/2012
2012-09-19,3.23,1320137099.94,40856938306.57,1489,39536801206.63,19/09/2012
2012-09-20,3.23,1319706548.36,40900147340.22,1490,39580440791.86,20/09/2012
2012-09-21,3.22,1319085737.04,40936330459.85,1491,39617244722.81,21/09/2012
2012-09-24,3.21,1317033484,41061328391.24,1492,39744294907.24,24/09/2012
2012-09-25,3.2,1316491534.82,41099581501.88,1493,39783089967.06,25/09/2012
2012-09-26,3.2,1315979951.51,41127191020.99,1494,39811211069.48,26/09/2012
2012-09-27,3.2,1315051500.76,41156333004.33,1495,39841281503.57,27/09/2012
2012-09-28,3.19,1314188312.63,41186461204.18,1496,39872272891.55,28/09/2012
2012-10-02,3.17,1310840431.35,41330555036.85,1497,40019714605.5,02/10/2012
2012-10-03,3.17,1309980964.4,41367811433.26,1498,40057830468.86,03/10/2012
2012-10-04,3.16,1309184757.17,41483490331.69,1499,40174305574.52,04/10/2012
2012-10-05,3.15,1308283990.78,41514987253.19,1500,40206703262.41,05/10/2012
2012-10-08,3.14,1305954863.25,41623841196.83,1501,40317886333.58,08/10/2012
2012-10-09,3.13,1305248529.52,41662605047.39,1502,40357356517.87,09/10/2012
2012-10-10,3.13,1304767394.92,41689647597.83,1503,40384880202.91,10/10/2012
2012-10-12,3.12,1303865764.06,41795152679.45,1504,40491286915.39,12/10/2012
2012-10-15,3.11,1302246155.19,41939101817.24,1505,40636855662.05,15/10/2012
2012-10-16,3.1,1301801140.8,41989724609.86,1506,40687923469.06,16/10/2012
2012-10-17,3.1,1301437583.98,42026937745.63,1507,40725500161.65,17/10/2012
2012-10-18,3.09,1299624083,42064970040.63,1508,40765345957.63,18/10/2012
2012-10-19,3.08,1297724798.98,42102049393.95,1509,40804324594.97,19/10/2012
2012-10-22,3.06,1292099267.6,42230978498.22,1510,40938879230.62,22/10/2012
2012-10-23,3.06,1291635365.34,42273492607.53,1511,40981857242.19,23/10/2012
2012-10-24,3.05,1291179841.92,42308039438.38,1512,41016859596.46,24/10/2012
2012-10-29,3.03,1288713775.68,42566140152.61,1513,41277426376.93,29/10/2012
2012-10-30,3.02,1287979805.8,42619204281.14,1514,41331224475.34,30/10/2012
2012-10-31,3.02,1287269591.31,42670065867.15,1515,41382796275.84,31/10/2012
2012-11-01,3.01,1286430961.05,42719655876.49,1516,41433224915.44,01/11/2012
2012-11-02,3.01,1285523238.9,42767268894.84,1517,41481745655.94,02/11/2012
2012-11-05,3.01,1282937817.11,42687990049.94,1518,41405052232.83,05/11/2012
2012-11-06,3.01,1282081062.11,42663557411.36,1519,41381476349.25,06/11/2012
2012-11-07,3,1281219856.63,42725227772.46,1520,41444007915.83,07/11/2012
2012-11-08,2.99,1280292256.14,42796949330.61,1521,41516657074.47,08/11/2012
2012-11-09,2.98,1279381242.72,42908073858.81,1522,41628692616.09,09/11/2012
2012-11-10,2.97,1278500928.88,42984479199.49,1523,41705978270.61,10/11/2012
2012-11-11,2.97,1277632247.71,43065928428.52,1524,41788296180.81,11/11/2012
2012-11-12,2.96,1276755546.22,43147289841.37,1525,41870534295.15,12/11/2012
2012-11-13,2.95,1275872023.55,43227904202.55,1526,41952032179,13/11/2012
2012-11-14,2.94,1274909625.66,43302146342.84,1527,42027236717.18,14/11/2012
2012-11-15,2.94,1273849070.73,43375804130.76,1528,42101955060.03,15/11/2012
2012-11-16,2.93,1272511324.37,43454341997.87,1529,42181830673.5,16/11/2012
2012-11-21,2.9,1273925821.88,43882511582.59,1530,42608585760.71,21/11/2012
2012-11-23,2.89,1271614608.35,44038989971.94,1531,42767375363.59,23/11/2012
2012-11-26,2.87,1268071011.16,44251317482.74,1532,42983246471.58,26/11/2012
2012-11-27,2.86,1266869695.46,44322325921.04,1533,43055456225.58,27/11/2012
2012-11-28,2.85,1266033730.39,44386394457.89,1534,43120360727.5,28/11/2012
2012-11-29,2.85,1265285121.56,44454450566.64,1536,43189165445.08,29/11/2012
2012-11-30,2.84,1264425162.22,44467501580.8,1537,43203076418.58,30/11/2012
2012-12-03,2.84,1262402725.33,44516134071.66,1538,43253731436.33,03/12/2012
2012-12-04,2.83,1261794357.93,44533702910.46,1539,43271908552.53,04/12/2012
2012-12-05,2.83,1261165944.4,44545293368.36,1540,43284127423.96,05/12/2012
2012-12-06,2.82,1260461112.22,44640622009.69,1541,43380160897.47,06/12/2012
2012-12-07,2.82,1259649286.71,44644748542.01,1542,43385099255.3,07/12/2012
2012-12-10,2.82,1257256244.7,44583485076.61,1543,43326228831.91,10/12/2012
2012-12-11,2.82,1256475276.08,44567874242.91,1544,43311398966.84,11/12/2012
2012-12-12,2.82,1254419554.66,44549118053.64,1545,43294698498.98,12/12/2012
2012-12-13,2.81,1252358834.59,44529997371.48,1550,43277638536.89,13/12/2012
2012-12-14,2.81,1250339981.66,44509377270.47,1551,43259037288.81,14/12/2012
2012-12-17,2.8,1244808999.94,44465216540.93,1552,43220407540.99,17/12/2012
2012-12-18,2.8,1243493219.25,44453649961,1553,43210156741.75,18/12/2012
2012-12-19,2.8,1242304420.89,44421420379.92,1554,43179115959.03,19/12/2012
2012-12-20,2.8,1241051136.77,44383528924.37,1555,43142477787.6,20/12/2012
2012-12-21,2.8,1241425858.66,44339951123.48,1556,43098525264.82,21/12/2012
2012-12-24,2.81,1242628429.16,44256971167.49,1557,43014342738.33,24/12/2012
2012-12-28,2.87,1245293832.07,44178395481.45,1558,42933101649.38,28/12/2012
2013-01-02,2.82,1251971046.72,44337483928.68,1559,43085512881.96,02/01/2013
2013-01-03,2.83,1253738952.86,44379241614.83,1560,43125502661.97,03/01/2013
2013-01-04,2.82,1255514347.68,44497549844.05,1561,43242035496.37,04/01/2013
2013-01-07,2.83,1261337274.2,44612355685.96,1562,43351018411.76,07/01/2013
2013-01-08,2.83,1263740538.85,44653346147.76,1563,43389605608.91,08/01/2013
2013-01-09,2.83,1266169868.52,44666114180.48,1564,43399944311.96,09/01/2013
2013-01-10,2.84,1268606946.86,44678462979.17,1565,43409856032.31,10/01/2013
2013-01-11,2.85,1272387916.85,44693626803.7,1566,43421238886.85,11/01/2013
2013-01-14,2.87,1283741324.96,44757931281.8,1567,43474189956.84,14/01/2013
2013-01-15,2.87,1287497331.29,44817701649.77,1568,43530204318.48,15/01/2013
2013-01-16,2.88,1291175242.53,44875004565.75,1569,43583829323.22,16/01/2013
2013-01-17,2.88,1294359656.3,44931486247.53,1570,43637126591.23,17/01/2013
2013-01-18,2.88,1297413697.88,45004918516.16,1571,43707504818.28,18/01/2013
2013-01-21,2.88,1303522367.53,45263312567.41,1572,43959790199.88,21/01/2013
2013-01-22,2.88,1304874176.78,45350107244.21,1573,44045233067.43,22/01/2013
2013-01-23,2.87,1305890943.11,45425299303.27,1574,44119408360.16,23/01/2013
2013-01-25,2.87,1307489859.12,45569221614.42,1575,44261731755.3,25/01/2013
2013-01-28,2.86,1307901654.32,45781301777.04,1576,44473400122.72,28/01/2013
2013-01-29,2.85,1307693451.93,45852699100.55,1577,44545005648.62,29/01/2013
2013-01-30,2.85,1307645117.66,45918826917.98,1578,44611181800.32,30/01/2013
2013-01-31,2.84,1307594808.16,45984803126.16,1579,44677208318,31/01/2013
2013-02-01,2.84,1306799021.52,46045685892.89,1580,44738886871.37,01/02/2013
2013-02-04,2.83,1304990941.77,46090557471.15,1581,44785566529.38,04/02/2013
2013-02-05,2.83,1304296874.9,46080925212.59,1582,44776628337.69,05/02/2013
2013-02-06,2.82,1303569511.76,46151007114.25,1583,44847437602.49,06/02/2013
2013-02-07,2.82,1302407110.31,46219899961.67,1584,44917492851.36,07/02/2013
2013-02-08,2.81,1301092307.35,46284924062.58,1585,44983831755.23,08/02/2013
2013-02-11,2.79,1296801960.07,46480190813.99,1586,45183388853.92,11/02/2013
2013-02-12,2.78,1295366384.02,46545248764.73,1587,45249882380.71,12/02/2013
2013-02-13,2.77,1293834490.82,46632523697.77,1588,45338689206.95,13/02/2013
2013-02-14,2.77,1292219472.54,46681641570.23,1589,45389422097.69,14/02/2013
2013-02-15,2.76,1290632015.77,46726871588.54,1590,45436239572.77,15/02/2013
2013-02-18,2.74,1286266365.49,46872559304.03,1591,45586292938.54,18/02/2013
2013-02-19,2.74,1285281647.87,46923789458.34,1592,45638507810.47,19/02/2013
2013-02-20,2.73,1284382440.35,46969834806.99,1593,45685452366.64,20/02/2013
2013-02-21,2.73,1283432843.11,47017087739.88,1594,45733654896.77,21/02/2013
2013-02-22,2.73,1282695569.72,47071275539.74,1595,45788579970.02,22/02/2013
2013-02-23,2.72,1281958296.32,47125463339.6,1596,45843505043.28,23/02/2013
2013-02-24,2.72,1281655639.58,47186112946.43,1597,45904457306.85,24/02/2013
2013-02-25,2.71,1281377323.26,47246750946.39,1598,45965373623.13,25/02/2013
2013-02-26,2.71,1280989301.17,47297731387.63,1599,46016742086.46,26/02/2013
2013-02-27,2.71,1280639782.14,47341921276.57,1600,46061281494.43,27/02/2013
2013-02-28,2.7,1280320645.02,47384758440.59,1601,46104437795.57,28/02/2013
2013-03-01,2.7,1279655724.13,47426948621.58,1602,46147292897.45,01/03/2013
2013-03-04,2.69,1277594386.54,47563132449.59,1603,46285538063.04,04/03/2013
2013-03-05,2.68,1276848194.42,47609792537.79,1604,46332944343.37,05/03/2013
2013-03-06,2.67,1276068190.39,47725898159.23,1605,46449829968.85,06/03/2013
2013-03-07,2.67,1275360870.11,47840889786.11,1606,46565528916,07/03/2013
2013-03-08,2.66,1274780365.69,47902094271.08,1607,46627313905.39,08/03/2013
2013-03-11,2.65,1273332759.43,48104179509.6,1608,46830846750.17,11/03/2013
2013-03-12,2.64,1272850717.83,48173664781.56,1609,46900814063.73,12/03/2013
2013-03-13,2.64,1272304723.49,48235893182.88,1610,49963588459.39,13/03/2013
2013-03-14,2.63,1271714919.54,48290896883.34,1611,47019181963.8,14/03/2013
2013-03-15,2.63,1271031868.89,48315674629.3,1612,47044642760.41,15/03/2013
2013-03-18,2.62,1269407044.86,48408819982.19,1613,47139412937.33,18/03/2013
2013-03-19,2.62,1268876854.14,48439577943.32,1614,47170701089.18,19/03/2013
2013-03-20,2.62,1268299572.88,48458118762.26,1615,47189819189.38,20/03/2013
2013-03-21,2.61,1267223139.61,48475233293.36,1616,47208010153.76,21/03/2013
2013-03-22,2.61,1265987666,48487062031.45,1617,47221074365.45,22/03/2013
2013-03-25,2.6,1262865512.59,48539149399.94,1618,47276283887.34,25/03/2013
2013-03-26,2.6,1261734543.89,48556413639.33,1619,47294679095.45,26/03/2013
2013-03-27,2.6,1260311864.02,48561001651.21,1620,47300689787.19,27/03/2013
2013-03-28,2.59,1258876585.73,48573236414.38,1621,47314359828.65,28/03/2013
2013-04-02,2.57,1252818323.12,48680711456.03,1622,47427893132.91,02/04/2013
2013-04-03,2.57,1251706754.68,48697532351.7,1623,47445825597.02,03/04/2013
2013-04-04,2.57,1250631213.49,48713093587.58,1624,47462462374.09,04/04/2013
2013-04-05,2.57,1249823918.23,48723033680.24,1625,47473209762.01,05/04/2013
2013-04-08,2.56,1247468064.56,48704214989.74,1626,47456746925.18,08/04/2013
2013-04-09,2.56,1246708294.68,48688519883.41,1627,47441811588.73,09/04/2013
2013-04-10,2.56,1246096272.63,48699778293.87,1628,47453682021.24,10/04/2013
2013-04-11,2.56,1245066588.8,48705272270.86,1629,47460205682.06,11/04/2013
2013-04-12,2.55,1244070368.95,48706018239.06,1630,47461947870.11,12/04/2013
2013-04-15,2.55,1241358846.5,48746499339.46,1631,47505140492.96,15/04/2013
2013-04-16,2.54,1240521895.94,48762197716.13,1632,47521675820.19,16/04/2013
2013-04-17,2.54,1239687027.81,48768302516.1,1633,47528615488.29,17/04/2013
2013-04-18,2.54,1238729344.58,48774600116.99,1634,47535870772.41,18/04/2013
2013-04-19,2.54,1237823950.42,48779826766.39,1635,47542002815.97,19/04/2013
2013-04-22,2.53,1235539336.07,48815148156.01,1636,47579608819.94,22/04/2013
2013-04-23,2.53,1234739155.32,48827898224.69,1637,47593159069.37,23/04/2013
2013-04-24,2.53,1234462381.4,48830644899.26,1638,47596182517.86,24/04/2013
2013-04-25,2.53,1234307164.49,48835466355.46,1639,47601159190.97,25/04/2013
2013-04-26,2.53,1234320169.25,48838704684.93,1640,47604384515.68,26/04/2013
2013-04-29,2.53,1234784000.05,48853528461.38,1641,47618744461.33,29/04/2013
2013-04-30,2.53,1234901867.6,48853996646.01,1642,47619094778.41,30/04/2013
2013-05-02,2.53,1235145099.61,48857523519.68,1643,47622378420.07,02/05/2013
2013-05-03,2.53,1235777567.01,48854369571.97,1644,47618592004.96,03/05/2013
2013-05-06,2.54,1237896657.61,48722991355.91,1645,47485094698.3,06/05/2013
2013-05-07,2.55,1238904133.93,48651328455.78,1646,47412424321.85,07/05/2013
2013-05-08,2.55,1239574354.54,48647996415.25,1647,47408422060.71,08/05/2013
2013-05-09,2.55,1240254697.77,48643956752.89,1648,47403702055.12,09/05/2013
2013-05-10,2.55,1240724354.76,48601658431.28,1649,47360934076.52,10/05/2013
2013-05-13,2.56,1243466584.17,48514421528,1650,47270954943.83,13/05/2013
2013-05-14,2.57,1244360957.16,48512258092.97,1651,47267897135.81,14/05/2013
2013-05-15,2.57,1245077484.93,48496413563.37,1652,47251336078.44,15/05/2013
2013-05-16,2.57,1245659861.07,48480496900.42,1653,47234837039.35,16/05/2013
2013-05-17,2.57,1246191849.2,48463156082.63,1654,47216964233.43,17/05/2013
2013-05-20,2.58,1248028210.21,48444805006.03,1655,47196776795.82,20/05/2013
2013-05-21,2.58,1248614786.14,48443009575.4,1656,47194394789.26,21/05/2013
2013-05-22,2.58,1249254675.57,48432636109.97,1658,47183381434.4,22/05/2013
2013-05-23,2.58,1249909149.11,48422927029.84,1659,47173017880.73,23/05/2013
2013-05-24,2.58,1249948183.21,48413440556.61,1660,47163492373.4,24/05/2013
2013-05-27,2.58,1250198510.22,48413783530.53,1661,47163585020.31,27/05/2013
2013-05-28,2.58,1250312590.78,48418115630.91,1662,47167803040.13,28/05/2013
2013-05-31,2.58,1250506242.73,48410670816.39,1663,47160164573.66,31/05/2013
2013-06-03,2.58,1249583211.13,48425831761.58,1664,47176248550.45,03/06/2013
2013-06-04,2.58,1249126046.41,48433907056.91,1665,47184781010.5,04/06/2013
2013-06-05,2.58,1248023839.53,48425020409.84,1666,47176996570.31,05/06/2013
2013-06-06,2.58,1247026523.14,48423378677.37,1667,47176352154.23,06/06/2013
2013-06-07,2.57,1246355888.28,48425107748.05,1668,47178751859.77,07/06/2013
2013-06-10,2.57,1244632719.26,48455218520.35,1669,47210585801.09,10/06/2013
2013-06-11,2.57,1244138538.24,48465544433.4,1670,47221405895.16,11/06/2013
2013-06-12,2.57,1244825102.22,48486337362.43,1671,47241512260.21,12/06/2013
2013-06-13,2.57,1245352867.94,48479306665.52,1672,47233953797.58,13/06/2013
2013-06-14,2.57,1245801442.5,48471853396.79,1673,47226051954.29,14/06/2013
2013-06-17,2.57,1247631793.18,48470374722.69,1674,47222742929.51,17/06/2013
2013-06-18,2.58,1248287504.59,48471876132.34,1675,47223588627.75,18/06/2013
2013-06-19,2.58,1248972303.09,48451889510.59,1676,47202917207.5,19/06/2013
2013-06-20,2.58,1249470928.82,48426035655.81,1677,47176564726.99,20/06/2013
2013-06-21,2.58,1249946104.44,48400467661.78,1678,47150521557.34,21/06/2013
2013-06-24,2.59,1251748922.69,48330141946.64,1679,47078393023.95,24/06/2013
2013-06-25,2.59,1252453842.41,48285623137.9,1680,47033169295.49,25/06/2013
2013-06-26,2.6,1253025913.89,48236119096.97,1681,46983093183.08,26/06/2013
2013-06-27,2.6,1253605411.51,48150255490.1,1682,46896650078.59,27/06/2013
2013-06-28,2.61,1254221062.13,48044272333.68,1683,46790051271.55,28/06/2013
2013-07-01,2.63,1256135473.33,47772048600.83,1684,46515913127.5,01/07/2013
2013-07-02,2.63,1256140653.76,47679877055.34,1685,46423736401.58,02/07/2013
2013-07-03,2.64,1256159506.87,47573455681.21,1686,46317296174.34,03/07/2013
2013-07-04,2.65,1256129286.38,47466105009.67,1687,46209975723.29,04/07/2013
2013-07-05,2.65,1255995330.75,47479528531.35,1688,46223533200.6,05/07/2013
2013-07-08,2.65,1255299399.17,47377713890.7,1689,46122414491.53,08/07/2013
2013-07-09,2.65,1255110388.44,47296842643.08,1690,46041732254.64,09/07/2013
2013-07-10,2.66,1254925853.86,47203144763.21,1691,45948218909.35,10/07/2013
2013-07-11,2.66,1254890918.58,47114975118.39,1692,45860084199.81,11/07/2013
2013-07-12,2.66,1253671833.52,47079555639.41,1693,45825883805.89,12/07/2013
2013-07-15,2.66,1250963978.77,47009074668.47,1694,45758110689.7,15/07/2013
2013-07-16,2.66,1250200112.68,46990926884.81,1695,45740726772.13,16/07/2013
2013-07-17,2.66,1249421441.42,46962475075.23,1696,45713053633.81,17/07/2013
2013-07-18,2.66,1248581247.28,46933638166.48,1697,45685056919.2,18/07/2013
2013-07-19,2.66,1247684484.16,46911825527.4,1699,45664141043.24,19/07/2013
2013-07-22,2.66,1245635135.49,46886750417.37,1700,45641115281.88,22/07/2013
2013-07-23,2.66,1244959612.42,46882385638.52,1701,45637426026.1,23/07/2013
2013-07-24,2.65,1244258595.79,46879180260.18,1702,45634921664.39,24/07/2013
2013-07-25,2.65,1243450428.34,46869042134.66,1703,45625591706.32,25/07/2013
2013-07-26,2.65,1242809931.78,46854110428.46,1704,45611300496.68,26/07/2013
2013-07-29,2.64,1240809065.09,46960459701.9,1705,45719650636.81,29/07/2013
2013-07-30,2.64,1240145850.35,47002617257.2,1706,45762471406.85,30/07/2013
2013-07-31,2.64,1239584733.26,47030696632.26,1707,45791111899,31/07/2013
2013-08-01,2.63,1239485763.29,47059364267.66,1708,45819878504.37,01/08/2013
2013-08-02,2.63,1239442287.6,47091861423.78,1709,45852419136.18,02/08/2013
2013-08-05,2.64,1238898765.6,46984217964.47,1710,45745319198.87,05/08/2013
2013-08-06,2.64,1238343244.28,46988161768.71,1711,45749818524.43,06/08/2013
2013-08-07,2.63,1237797186.86,47006140579.07,1712,45768343392.21,07/08/2013
2013-08-12,2.62,1234164674.14,47144991324.68,1713,45910826650.54,12/08/2013
2013-08-13,2.62,1233326846.7,47130582745.66,1714,45897255898.96,13/08/2013
2013-08-14,2.62,1232545079.97,47105684647.07,1716,45873139567.1,14/08/2013
2013-08-15,2.62,1231658384.97,47080273478.13,1717,45848615093.16,15/08/2013
2013-08-16,2.62,1230790946.21,47056816628.34,1718,45826025682.13,16/08/2013
2013-08-19,2.61,1228421396.56,47013566296.28,1719,45785144899.72,19/08/2013
2013-08-20,2.61,1227612846.31,47001272290.41,1720,45773659444.1,20/08/2013
2013-08-21,2.61,1226581152.48,46976147466.06,1721,45749566313.58,21/08/2013
2013-08-22,2.61,1225356865.6,46940285909.96,1722,45714929044.36,22/08/2013
2013-08-23,2.61,1224100570.54,46906666924.39,1723,45682566353.85,23/08/2013
2013-08-26,2.6,1220525556.7,46890331691.46,1724,45669806134.759,26/08/2013
2013-08-27,2.6,1218971015.9,46887393940.98,1725,45668422925.08,27/08/2013
2013-08-28,2.6,1217418702.33,46870974937.18,1726,45653556234.85,28/08/2013
2013-08-29,2.59,1215581279.09,46853087764.04,1727,45637506484.95,29/08/2013
2013-08-30,2.59,1213665648.23,46840534112.1,1728,45626868463.87,30/08/2013
2013-09-02,2.58,1208195549.79,46824641118.89,1729,45616445569.1,02/09/2013
2013-09-03,2.58,1206320271.4,46814042586.95,1730,45607722315.55,03/09/2013
2013-09-04,2.57,1204988050.23,46856790150.8,1731,45651802100.57,04/09/2013
2013-09-05,2.57,1203728139.21,46826197014.36,1732,45622468875.15,05/09/2013
2013-09-06,2.57,1202427660.53,46770551939.92,1733,45568124279.39,06/09/2013
2013-09-09,2.57,1198544516.17,46603520594.1,1742,45404976077.93,09/09/2013
2013-09-10,2.57,1197367654.29,46544773183.23,1736,45347405528.94,10/09/2013
2013-09-11,2.57,1196115199.86,46466734458.13,1737,45270619258.27,11/09/2013
2013-09-12,2.58,1194911904.49,46391802096.92,1738,45196890192.43,12/09/2013
2013-09-13,2.58,1193760363.42,46341124285.96,1739,45147363922.54,13/09/2013
2013-09-16,2.58,1190174605.46,46203656343.69,1740,45013481738.23,16/09/2013
2013-09-17,2.58,1188950952.81,46151664775.55,1741,44962713822.74,17/09/2013
2013-09-18,2.58,1187798328.82,46086828784.23,1743,44899030455.41,18/09/2013
2013-09-19,2.58,1186760293.25,46022673763.8,1744,44835913470.55,19/09/2013
2013-09-20,2.58,1185801330.96,45959723777.43,1745,44773922446.47,20/09/2013
2013-09-23,2.58,1183503204.8,45824818962.15,1746,44641315757.35,23/09/2013
2013-09-24,2.58,1182606347.04,45782798745.3,1747,44600192398.26,24/09/2013
2013-09-25,2.58,1181714176.58,45725927143.26,1748,44544212966.68,25/09/2013
2013-09-26,2.59,1180594621.11,45668312751.04,1749,44487718129.93,26/09/2013
2013-09-27,2.59,1179486071.48,45615053919.17,1750,44435567847.69,27/09/2013
2013-09-30,2.59,1176805988.99,45476075563.85,1751,44299269574.86,30/09/2013
2013-10-02,2.59,1174476484.67,45388053647.81,1752,44213577163.14,02/10/2013
2013-10-03,2.59,1173331610.68,45340277943.74,1753,44166946333.06,03/10/2013
2013-10-04,2.59,1171979256.3,45301475624.31,1754,44129496368.01,04/10/2013
2013-10-07,2.58,1167971940.55,45204675826.94,1755,44036703886.39,07/10/2013
2013-10-08,2.58,1166481684.67,45175672382.84,1756,44009190698.17,08/10/2013
2013-10-09,2.58,1164941785.02,45135986443.57,1757,43971044658.55,09/10/2013
2013-10-10,2.58,1163224116.57,45096820989.32,1758,43933596872.75,10/10/2013
2013-10-11,2.58,1161452123,45096434007.8,1759,43934981884.8,11/10/2013
2013-10-14,2.56,1155731125.19,45083987373.81,1760,43928256248.62,14/10/2013
2013-10-17,2.55,1149336107.45,45072855418.06,1761,43923519310.61,17/10/2013
2013-10-18,2.54,1147153290.98,45077950446.1,1762,43930797155.12,18/10/2013
2013-10-21,2.53,1140534708.4,45115497557.17,1763,43974962848.77,21/10/2013
2013-10-22,2.52,1137789817.25,45133441565.62,1764,43995651748.37,22/10/2013
2013-10-23,2.51,1135113345.76,45138882953.82,1765,44003769608.06,23/10/2013
2013-10-24,2.51,1132405856.72,45145205508.9,1766,44012799652.18,24/10/2013
2013-10-25,2.5,1131075778.8,45154968139.06,1769,44023892360.26,25/10/2013
2013-10-28,2.5,1128641116.84,45206656931.29,1770,44078015814.45,28/10/2013
2013-10-29,2.49,1127496245.2,45225008252.3,1771,44097512007.1,29/10/2013
2013-10-30,2.49,1126741366.49,45228228029.86,1767,44101486663.37,30/10/2013
2013-10-31,2.49,1124426549.05,45229487170.49,1768,44105060621.44,31/10/2013
2013-11-01,2.48,1120636059.31,45214236757.14,1772,44093600697.83,01/11/2013
2013-11-04,2.46,1109619093.44,45081012165.3,1773,43971393071.86,04/11/2013
2013-11-05,2.46,1106011660.42,45010554235.97,1774,43904542575.55,05/11/2013
2013-11-06,2.45,1102383911.14,45005920371.33,1775,43903536460.19,06/11/2013
2013-11-07,2.44,1098842705.36,45001014977.77,1777,43902172272.41,07/11/2013
2013-11-08,2.43,1095121914.85,44997501666.93,1776,43902379752.08,08/11/2013
2013-11-11,2.41,1084483182.22,44953794798.43,1778,43869311616.21,11/11/2013
2013-11-12,2.4,1080903504.66,44949003851.71,1779,43868100347.05,12/11/2013
2013-11-13,2.4,1077676883.5,44935801328.08,1780,43858124444.58,13/11/2013
2013-11-14,2.39,1074398945.81,44921214579.11,1781,43846815633.3,14/11/2013
2013-11-15,2.39,1072584721.75,44896851211.57,1782,43824266489.82,15/11/2013
2013-11-18,2.38,1067147709.33,44847746157.7,1783,43780598448.37,18/11/2013
2013-11-19,2.38,1065258045.87,44835229253.13,1784,43769971207.26,19/11/2013
2013-11-20,2.37,1063412273.75,44809199920.13,1785,43745787646.38,20/11/2013
2013-11-21,2.37,1062083826.9,44774892433.98,1786,43712808607.08,21/11/2013
2013-11-22,2.37,1060716237.88,44742292035.98,1787,43681575798.1,22/11/2013
2013-11-25,2.36,1054251960.28,44666731227.29,1788,43612479267.01,25/11/2013
2013-11-26,2.36,1051646875.4,44645312591.25,1789,43593665715.85,26/11/2013
2013-11-27,2.35,1049100710.64,44610926364.25,1790,43561825653.61,27/11/2013
2013-11-28,2.35,1046767472.53,44577512957.67,1791,43530745485.14,28/11/2013
2013-11-29,2.34,1044448570.47,44551077780.97,1792,43506629210.5,29/11/2013
2013-12-02,2.35,1045060341.74,44508745987.65,1793,43463685645.91,02/12/2013
2013-12-03,2.35,1045589621.24,44567399062.33,1795,43521809441.09,03/12/2013
2013-12-04,2.34,1046115819.84,44612625876.51,1796,43566510056.67,04/12/2013
2013-12-05,2.34,1046650523.44,44662092611.59,1797,43615442088.15,05/12/2013
2013-12-06,2.35,1047330192.12,44621208255.45,1798,43573878063.33,06/12/2013
2013-12-09,2.36,1050056209.33,44519067849,1799,43469011639.67,09/12/2013
2013-12-10,2.36,1050796362.66,44488274850.9,1800,43437478488.24,10/12/2013
2013-12-11,2.37,1051567593.71,44445417679.85,1801,43393850086.14,11/12/2013
2013-12-12,2.37,1051627761.87,44401384823.71,1802,43349757061.84,12/12/2013
2013-12-13,2.37,1051594084.32,44353755863.3,1803,43302161778.98,13/12/2013
2013-12-16,2.37,1048712754.79,44234933979.59,1806,43186221224.8,16/12/2013
2013-12-17,2.37,1047241598.93,44198122301.52,1807,43150880702.59,17/12/2013
2013-12-18,2.37,1047095614.68,44158019970.27,1808,43110924355.59,18/12/2013
2013-12-19,2.37,1046939589.9,44104052072.99,1809,43057112483.09,19/12/2013
2013-12-20,2.38,1046729021.68,44051456154.17,1810,43004727132.49,20/12/2013
2013-12-23,2.38,1046355133.8,43932965343.99,1811,42886610210.19,23/12/2013
2013-12-24,2.38,1046306431.2,43880297533.44,1812,42833991102.24,24/12/2013
2013-12-27,2.39,1045904266.85,43733882986.81,1813,42687978719.96,27/12/2013
2013-12-30,2.4,1044961517.19,43628883830.95,1814,42583922313.76,30/12/2013
2013-12-31,2.4,1044577873.31,43610514239.85,1815,42565936366.54,31/12/2013
2014-01-02,2.4,1044345472.53,43505064557.82,1816,42460719085.29,02/01/2014
2014-01-06,2.41,1044076816.66,43308844887.9,1817,42264768071.24,06/01/2014
2014-01-07,2.41,1043655940.78,43314270548.95,1818,42270614608.17,07/01/2014
2014-01-08,2.41,1043172444.87,43302364254.22,1819,42259191809.35,08/01/2014
2014-01-09,2.41,1043329615.85,43290581497.3,1820,42247251881.45,09/01/2014
2014-01-10,2.41,1043467929.07,43276977158.64,1821,42233509229.57,10/01/2014
2014-01-13,2.42,1046455177.58,43242146903.8,1822,42195691726.22,13/01/2014
2014-01-15,2.42,1048547353.39,43262307573.42,1823,42213760220.03,15/01/2014
2014-01-16,2.43,1049407319.22,43256662616.3,1824,42207255297.08,16/01/2014
2014-01-17,2.43,1049055923.34,43241427012.99,1825,42192371089.65,17/01/2014
2014-01-20,2.42,1048206842.86,43263204282.83,1826,42214997439.97,20/01/2014
2014-01-21,2.42,1047893310.15,43259904963.57,1827,42212011653.42,21/01/2014
2014-01-22,2.42,1047454902.6,43241018674.32,1828,42193563771.72,22/01/2014
2014-01-23,2.42,1047056746.26,43238608322.9,1829,42191551576.64,23/01/2014
2014-01-24,2.42,1046983294.04,43223904049.6,1830,42176920755.56,24/01/2014
2014-01-27,2.42,1047154880.43,43182168072.48,1831,42135013192.05,27/01/2014
2014-01-28,2.43,1047129709.42,43160464044.22,1832,42113334334.8,28/01/2014
2014-01-29,2.43,1047172014.73,43121361772.14,1833,42074189757.41,29/01/2014
2014-01-30,2.43,1047234131.5,43061689934.63,1835,42014455803.13,30/01/2014
2014-01-31,2.44,1047255177.46,42988423146.77,1834,41941167969.31,31/01/2014
2014-02-03,2.45,1047396553.65,42775163335.23,1836,41727766781.58,03/02/2014
2014-02-04,2.45,1047567775.97,42695190145.34,1837,41647622369.37,04/02/2014
2014-02-05,2.46,1048045547.58,42604781796.62,1838,41556736249.04,05/02/2014
2014-02-06,2.47,1048551779.66,42514106697.61,1839,41465554917.95,06/02/2014
2014-02-07,2.47,1049052262.66,42427205910.92,1840,41378153648.26,07/02/2014
2014-02-10,2.49,1049625021.99,42196739223.28,1841,41147114201.29,10/02/2014
2014-02-11,2.49,1049946563.39,42125780049.28,1842,41075833485.89,11/02/2014
2014-02-12,2.5,1050104002.8,42009427380.05,1843,40959323377.25,12/02/2014
2014-02-13,2.51,1050270603.06,41906919586.75,1844,40856648983.69,13/02/2014
2014-02-14,2.51,1050534633.34,41795995495.35,1845,40745460862.01,14/02/2014
2014-02-17,2.53,1051710164.43,41537684278.65,1846,40485974114.22,17/02/2014
2014-02-18,2.54,1052243771.33,41439456176,1847,40387212404.67,18/02/2014
2014-02-19,2.55,1052799664.33,41301936496.71,1848,40249136832.38,19/02/2014
2014-02-20,2.56,1053319272.58,41171217023.66,1849,40117897751.08,20/02/2014
2014-02-21,2.57,1053900860.98,41046795190.38,1850,39992894329.4,21/02/2014
2014-02-24,2.59,1054784032.93,40688781910.53,1851,39633997877.6,24/02/2014
2014-02-25,2.6,1054882030.22,40560380678.2,1852,39505498647.98,25/02/2014
2014-02-26,2.61,1055493923.88,40406280683.87,1853,39350786759.99,26/02/2014
2014-02-27,2.62,1056600853.71,40258770019.62,1854,39202169165.91,27/02/2014
2014-02-28,2.64,1058117826.14,40116462659.16,1855,39058344833.02,28/02/2014
2014-03-03,2.68,1062706300.43,39725702178.91,1856,38662995878.48,03/03/2014
2014-03-04,2.69,1064262555.27,39596408184.68,1857,38532145629.41,04/03/2014
2014-03-05,2.7,1065428403.31,39450172804.16,1858,38384744400.85,05/03/2014
2014-03-06,2.71,1066591817.28,39401437770.18,1859,38334845952.9,06/03/2014
2014-03-07,2.72,1067513109.57,39294729906.22,1860,38227216796.65,07/03/2014
2014-03-10,2.75,1070935824.74,39001375296.1,1861,37930439471.36,10/03/2014
2014-03-11,2.76,1072083245.59,38908733506.7,1862,37836650261.11,11/03/2014
2014-03-12,2.77,1072991621.71,38796446506.25,1863,37723454884.54,12/03/2014
2014-03-14,2.78,1074846139.66,38647035442.62,1864,37572189302.96,14/03/2014
2014-03-17,2.8,1077274353.93,38406104297.21,1865,37328829943.28,17/03/2014
2014-03-18,2.81,1077243479.77,38321342639.26,1866,37244099159.49,18/03/2014
2014-03-19,2.82,1077309160.4,38218386742.47,1867,37141077582.07,19/03/2014
2014-03-20,2.82,1077098747.8,38130734085.36,1868,37053635337.56,20/03/2014
2014-03-21,2.83,1076901862.3,38068470491.02,1869,36991568628.72,21/03/2014
2014-03-24,2.84,1076274935.84,37926064359.76,1870,36849789423.92,24/03/2014
2014-03-25,2.84,1075945226.77,37881889634.3,1871,36805944407.53,25/03/2014
2014-03-26,2.84,1075730124.37,37830277539,1872,36754547414.63,26/03/2014
2014-03-27,2.84,1075334783.26,37806193327.12,1873,36730858543.86,27/03/2014
2014-03-28,2.84,1074673244.25,37803484296,1874,36728811051.75,28/03/2014
2014-03-31,2.83,1070449397.41,37834193878.53,1875,36763744481.12,31/03/2014
2014-04-01,2.82,1068913816.77,37850281218.25,1876,36781367401.48,01/04/2014
2014-04-02,2.82,1067400601.79,37851940115.7,1877,36784539513.91,02/04/2014
2014-04-03,2.81,1065834631.9,37866657630.27,1878,36800822998.37,03/04/2014
2014-04-04,2.8,1064282601.73,37952967281.64,1879,36888684679.91,04/04/2014
2014-04-07,2.79,1059621214.64,37972265235.24,1880,36912644020.6,07/04/2014
2014-04-08,2.79,1058064014.85,37983405768.97,1881,36925341754.12,08/04/2014
2014-04-09,2.78,1056440500.37,37976470151.27,1882,36920029650.9,09/04/2014
2014-04-10,2.78,1054827175.34,37962009070.18,1883,36907181894.84,10/04/2014
2014-04-11,2.77,1053214105.22,37954889015.95,1884,36901674910.73,11/04/2014
2014-04-14,2.77,1049569503.15,37899165140.02,1885,36849595636.87,14/04/2014
2014-04-15,2.77,1048340248.54,37913466103.98,1886,36865125855.44,15/04/2014
2014-04-16,2.76,1047158982.26,37911483756.05,1887,36864324773.79,16/04/2014
2014-04-17,2.76,1046790874.54,37915031604.53,1888,36868240729.99,17/04/2014
2014-04-22,2.74,1044479270.79,38058264268.7,1889,37013784997.91,22/04/2014
2014-04-23,2.74,1043147114.12,38083386852.61,1890,37040239738.49,23/04/2014
2014-04-24,2.73,1041820010.2,38102847720.11,1891,37061027709.91,24/04/2014
2014-04-25,2.73,1040489055.58,38125334663.78,1892,37084845608.2,25/04/2014
2014-04-28,2.72,1037083947.21,38142138883.56,1893,37105054936.35,28/04/2014
2014-04-29,2.72,1035902953.15,38148666981.85,1894,37112764028.7,29/04/2014
2014-04-30,2.71,1035346058.57,38138476141.65,1895,37103130083.08,30/04/2014
2014-05-02,2.71,1034015188.95,38122374517.07,1896,37088359328.12,02/05/2014
2014-05-05,2.72,1031992887.16,37958695499.12,1897,36926702611.96,05/05/2014
2014-05-06,2.72,1031379988.91,37885462686.89,1898,36854082697.98,06/05/2014
2014-05-07,2.73,1030759793.33,37797025987.26,1899,36766266193.93,07/05/2014
2014-05-08,2.73,1029939160.12,37710789125.07,1900,36680849964.95,08/05/2014
2014-05-09,2.73,1029119476.55,37630802945.67,1901,36601683469.12,09/05/2014
2014-05-12,2.74,1026610251.98,37532817735.35,1902,36506207483.37,12/05/2014
2014-05-13,2.73,1025731220.83,37568712517.26,1903,36542981296.43,13/05/2014
2014-05-14,2.73,1023965856.99,37543154642.63,1904,36519188785.64,14/05/2014
2014-05-15,2.73,1022771789.4,37517425162.78,1905,36494653373.38,15/05/2014
2014-05-16,2.72,1021558140.78,37500423575.82,1906,36478865435.04,16/05/2014
2014-05-19,2.72,1017877686.41,37452335117.59,1907,36434457431.18,19/05/2014
2014-05-20,2.72,1017596194.19,37433677854.13,1908,36416081659.94,20/05/2014
2014-05-21,2.72,1017290057.71,37399396657.56,1909,36382106599.85,21/05/2014
2014-05-22,2.72,1017412439.8,37369767657.37,1910,36352355217.57,22/05/2014
2014-05-23,2.73,1018103247.14,37315625431.83,1911,36297522184.69,23/05/2014
2014-05-26,2.74,1020237374.89,37195294087.19,1912,36175056712.3,26/05/2014
2014-05-27,2.75,1020766695.68,37147171812.91,1913,36126405117.23,27/05/2014
2014-05-28,2.75,1021232710.4,37081754924.74,1914,36060522214.34,28/05/2014
2014-05-30,2.76,1021558606.94,36959723789.48,1915,35938165182.54,30/05/2014
2014-06-02,2.78,1021481770.91,36808603298.2,1916,35787121527.29,02/06/2014
2014-06-03,2.78,1021545939.84,36757424337.19,1917,35735878397.35,03/06/2014
2014-06-04,2.78,1021568900.85,36697005542.93,1918,35675436642.08,04/06/2014
2014-06-05,2.78,1021498245.76,36755108537.55,1919,35733610291.79,05/06/2014
2014-06-06,2.77,1021534014.42,36821434848.1,1920,35799900833.68,06/06/2014
2014-06-09,2.76,1022331511.75,37033659150.12,1921,36011327638.37,09/06/2014
2014-06-10,2.76,1022915927.92,37106095736.66,1922,36083179808.74,10/06/2014
2014-06-11,2.76,1023502346.96,37065470186.2,1923,36041967839.24,11/06/2014
2014-06-12,2.77,1023956526.03,37028954215.23,1924,36004997689.2,12/06/2014
2014-06-13,2.77,1024412439.68,37036425673.75,1925,36012013234.07,13/06/2014
2014-06-16,2.77,1026127232.5,37078277936.21,1926,36052150703.71,16/06/2014
2014-06-17,2.77,1026719390.83,37093826310.92,1927,36067106920.09,17/06/2014
2014-06-18,2.77,1027223639.61,37092386395.44,1928,36065162755.83,18/06/2014
2014-06-19,2.77,1026788803.81,37089761805.58,1929,36062973001.77,19/06/2014
2014-06-20,2.77,1026648935.59,37092727674.01,1930,36066078738.42,20/06/2014
2014-06-23,2.76,1026343758.1,37170831675.63,1931,36144487917.53,23/06/2014
2014-06-24,2.76,1026197588.13,37202934996.06,1932,36176737407.93,24/06/2014
2014-06-25,2.76,1026135423.56,37230427921.13,1933,36204292497.57,25/06/2014
2014-06-26,2.75,1026151354.07,37268686860.6,1934,36242535506.53,26/06/2014
2014-06-27,2.75,1026220633.77,37315153450.57,1935,36288932816.8,27/06/2014
2014-06-30,2.74,1026583772.11,37480547327.15,1936,36453963555.04,30/06/2014
2014-07-01,2.73,1026756038.65,37545340618.72,1937,36518584580.07,01/07/2014
2014-07-02,2.73,1026893664.64,37603275367.77,1938,36576381703.13,02/07/2014
2014-07-03,2.72,1027080779.68,37744262505.79,1939,36717181726.11,03/07/2014
2014-07-04,2.71,1027290779.03,37897166825.49,1940,36869876046.46,04/07/2014
2014-07-07,2.7,1028037685.58,38018769848.75,1941,36990732163.17,07/07/2014
2014-07-08,2.7,1028271026.5,38066629022.17,1942,37038357995.67,08/07/2014
2014-07-09,2.7,1028474986.19,38100281271.82,1943,37071806285.63,09/07/2014
2014-07-10,2.7,1028354065.85,38135818969.53,1944,37107464903.68,10/07/2014
2014-07-11,2.69,1028255723.13,38176321756.07,1945,37148066032.94,11/07/2014
2014-07-14,2.69,1028467185.88,38265752867.85,1946,37237285681.97,14/07/2014
2014-07-15,2.68,1028533990.53,38316012817.14,1947,37287478826.61,15/07/2014
2014-07-16,2.68,1028554980.77,38369161482.92,1948,37340606502.15,16/07/2014
2014-07-17,2.68,1028554182.13,38425231702.77,1949,37396677520.64,17/07/2014
2014-07-18,2.67,1028415297.26,38490069588.3,1950,37461654291.04,18/07/2014
2014-07-21,2.65,1027441297.68,38721508243.54,1951,37694066945.86,21/07/2014
2014-07-22,2.65,1026954943.76,38806092342.79,1952,37779137399.03,22/07/2014
2014-07-23,2.64,1026456373.58,38874940346.09,1953,37848483972.51,23/07/2014
2014-07-24,2.63,1026019887.6,38942868287.39,1954,37916848399.79,24/07/2014
2014-07-25,2.63,1025561986.72,39003983077.99,1955,37978421091.27,25/07/2014
2014-07-26,2.62,1025152171.87,39066560307.99,1956,38041408136.12,26/07/2014
2014-07-27,2.62,1024757009.22,39138640665.23,1957,38113883656.01,27/07/2014
2014-07-28,2.61,1024361846.55,39210721022.46,1958,38186359175.91,28/07/2014
2014-07-29,2.61,1023966683.89,39282801379.69,1959,38258834695.8,29/07/2014
2014-07-30,2.6,1024369367.75,39342954175.64,1960,38318584807.89,30/07/2014
2014-07-31,2.6,1024635300.02,39400894621.35,1961,38376259321.33,31/07/2014
2014-08-04,2.6,1025388354.49,39362930216.22,1962,38337541861.73,04/08/2014
2014-08-05,2.61,1025562017.41,39333210252.89,1963,38307648235.48,05/08/2014
2014-08-06,2.61,1025635077.76,39367594942.81,1964,38341959865.05,06/08/2014
2014-08-07,2.6,1025726644.56,39402196728.33,1965,38376470083.77,07/08/2014
2014-08-08,2.6,1025784941.38,39440768017.78,1966,38414983076.4,08/08/2014
2014-08-11,2.59,1025939536.97,39576279514.67,1967,38550339977.7,11/08/2014
2014-08-12,2.59,1025942207.03,39621502726.5,1968,38595560519.47,12/08/2014
2014-08-13,2.59,1025819664.95,39620445335.16,1969,38594625670.21,13/08/2014
2014-08-14,2.59,1025477369.2,39613136949.1,1970,38587659579.9,14/08/2014
2014-08-15,2.59,1025287566.39,39593002694.07,1971,38567715127.68,15/08/2014
2014-08-18,2.59,1025162915.7,39575815391.46,1972,38550652475.76,18/08/2014
2014-08-19,2.59,1025163072.69,39592246077.45,1973,38567083004.76,19/08/2014
2014-08-20,2.59,1025148102.67,39586875154.11,1974,38561727051.44,20/08/2014
2014-08-21,2.59,1025115103.6,39582183044.57,1975,38557067940.97,21/08/2014
2014-08-22,2.59,1025063075.98,39582638031.24,1976,38557574955.26,22/08/2014
2014-08-25,2.59,1024877746.85,39612888265.8,1977,38588010518.95,25/08/2014
2014-08-26,2.59,1024734388.19,39621613357.38,1978,38596878969.19,26/08/2014
2014-08-27,2.59,1024554242.75,39613501592.89,1979,38588947350.14,27/08/2014
2014-08-28,2.59,1024319698.31,39605279581.63,1980,38580959883.32,28/08/2014
2014-08-29,2.58,1023167383.65,39591281082.92,1981,38568113699.27,29/08/2014
2014-09-01,2.58,1020197746.51,39593649723.21,1982,38573451976.7,01/09/2014
2014-09-02,2.57,1019444703.2,39601401700.92,1983,38581956997.72,02/09/2014
2014-09-03,2.57,1018733628.67,39587979975.68,1984,38569246347.01,03/09/2014
2014-09-04,2.57,1018289158.21,39653533518.29,1985,38635244360.08,04/09/2014
2014-09-05,2.57,1017981523.5,39636563412.82,1986,38618581889.32,05/09/2014
2014-09-08,2.57,1017260291.52,39602442976.3,1987,38585182684.78,08/09/2014
2014-09-09,2.57,1017046976.44,39593357770.13,1988,38576310793.69,09/09/2014
2014-09-10,2.57,1016890806.88,39573156010.52,1989,38556265203.64,10/09/2014
2014-09-11,2.57,1016232081.78,39557870211.18,1990,38541638129.4,11/09/2014
2014-09-12,2.57,1015711862.67,39543253963.8,1991,38527542101.13,12/09/2014
2014-09-15,2.56,1014515334.51,39565744100.75,1992,38551228766.24,15/09/2014
2014-09-16,2.56,1014009497.32,39606843070.93,1993,38592833573.61,16/09/2014
2014-09-17,2.56,1013515862.51,39600126231.07,1994,38586610368.56,17/09/2014
2014-09-18,2.56,1012990238.69,39595480210.81,1995,38582489972.12,18/09/2014
2014-09-19,2.56,1012486466.2,39593447407.44,1996,38580960941.24,19/09/2014
2014-09-22,2.55,1011205342.14,39602898236.5,1997,38591692894.36,22/09/2014
2014-09-23,2.55,1010768041.37,39604241183.98,1998,38593473142.61,23/09/2014
2014-09-24,2.55,1010341357.8,39590874917.43,1999,38580533559.63,24/09/2014
2014-09-25,2.55,1009830137.28,39580443275.69,2000,38570613138.41,25/09/2014
2014-09-26,2.55,1009363456.4,39565224802.72,2001,38555861346.32,26/09/2014
2014-09-29,2.55,1008310272.29,39534621321.57,2002,38526311049.28,29/09/2014
2014-09-30,2.55,1008346151.1,39521030523.64,2003,38512684372.54,30/09/2014
2014-10-02,2.55,1008317098.77,39472895554.83,2004,38464578456.06,02/10/2014
2014-10-03,2.55,1008142109.35,39546615907.83,2005,38538473798.48,03/10/2014
2014-10-08,2.54,1005662984.14,39565867790.1,2006,38560204805.96,08/10/2014
2014-10-09,2.54,1005053196.27,39561654356.23,2007,38556601159.96,09/10/2014
2014-10-10,2.54,1004349155.26,39550031840.75,2008,38545682685.49,10/10/2014
2014-10-13,2.54,1003766957.02,39536561686.89,2009,38532794729.87,13/10/2014
2014-10-14,2.54,1003549421.94,39531629091.47,2010,38528079669.53,14/10/2014
2014-10-15,2.54,1003450441.45,39469690269.72,2011,38466239828.27,15/10/2014
2014-10-16,2.55,1003509980.66,39410261619.08,2012,38406751638.42,16/10/2014
2014-10-17,2.55,1003631442.66,39353411133.32,2013,38349779690.66,17/10/2014
2014-10-20,2.56,1004131851.71,39206864598.5,2014,38202732746.79,20/10/2014
2014-10-21,2.56,1004061452.81,39169764113.68,2015,38165702660.87,21/10/2014
2014-10-22,2.57,1003997976.94,39117836294.24,2016,38113838317.3,22/10/2014
2014-10-23,2.57,1003879710.97,39063642187.15,2017,38059762476.18,23/10/2014
2014-10-24,2.57,1003813284.89,39002945946.17,2018,37999132661.28,24/10/2014
2014-10-27,2.58,1003981613.26,38863400432.07,2019,37859418818.81,27/10/2014
2014-10-28,2.59,1004052382.68,38821069284.69,2020,37817016902.01,28/10/2014
2014-10-29,2.59,1004619045.77,38763253526.27,2021,37758634480.5,29/10/2014
2014-11-02,2.61,1005382734.94,38459791307.06,2022,37454408572.12,02/11/2014
2014-11-03,2.62,1005542980.96,38324170405.19,2023,37318627424.23,03/11/2014
2014-11-04,2.63,1005842194.39,38250227358.98,2024,37244385164.6,04/11/2014
2014-11-05,2.64,1006062702.61,38160431306.63,2025,37154368604.02,05/11/2014
2014-11-06,2.64,1006242653.41,38072567433.05,2026,37066324779.64,06/11/2014
2014-11-07,2.65,1006537459.49,37979986005.21,2027,36973448545.72,07/11/2014
2014-11-10,2.67,1007490979.71,37765617622.56,2029,36758126642.85,10/11/2014
2014-11-11,2.67,1007833357.02,37698570406.51,2030,36690737049.49,11/11/2014
2014-11-12,2.68,1008118011.15,37646103528.61,2031,36637985517.46,12/11/2014
2014-11-13,2.68,1008497245.58,37596252034.83,2032,36587754789.25,13/11/2014
2014-11-14,2.69,1008892805.21,37549822443.71,2033,36540929638.5,14/11/2014
2014-11-17,2.7,1009414325.36,37424986467.18,2034,36415572141.82,17/11/2014
2014-11-18,2.7,1009561443.65,37375812773.58,2035,36366251329.93,18/11/2014
2014-11-19,2.71,1009772704.58,37309616359.48,2036,36299843654.9,19/11/2014
2014-11-20,2.71,1010182264.75,37240517765.84,2037,36230335501.09,20/11/2014
2014-11-21,2.72,1010519348.39,37179751554.58,2038,36169232206.19,21/11/2014
2014-11-24,2.73,1011629928.69,37034747522.51,2039,36023117593.82,24/11/2014
2014-11-25,2.74,1011976830.85,36978566584.55,2040,35966589753.7,25/11/2014
2014-11-26,2.74,1012213205.65,36915521147.9,2041,35903307942.25,26/11/2014
2014-11-27,2.75,1012446503.01,36852402015.54,2042,35839955512.53,27/11/2014
2014-11-28,2.75,1012163693.84,36803671453.87,2043,35791507760.03,28/11/2014
2014-12-01,2.76,1011273945.6,36682393745.32,2044,35671119799.72,01/12/2014
2014-12-02,2.76,1010817658.8,36639553082.39,2045,35628735423.59,02/12/2014
2014-12-03,2.76,1010329931.97,36579988201.94,2046,35569658269.97,03/12/2014
2014-12-04,2.77,1009675005.55,36442811237.89,2047,35433136232.34,04/12/2014
2014-12-05,2.78,1009119078.77,36304817798.71,2048,35295698719.94,05/12/2014
2014-12-08,2.8,1007653444.49,35950662963.64,2049,34943009519.15,08/12/2014
2014-12-09,2.81,1007136055.46,35884696313.9,2050,34877560258.44,09/12/2014
2014-12-10,2.81,1006474002.5,35813215126.94,2051,34806741124.44,10/12/2014
2014-12-11,2.81,1005883924.82,35740495639.6,2052,34734611714.78,11/12/2014
2014-12-12,2.82,1005269513.31,35656409739.24,2053,34651140225.93,12/12/2014
2014-12-15,2.83,1003161673.72,35420949176.63,2054,34417787502.91,15/12/2014
2014-12-16,2.83,1001879874.57,35342697467.62,2055,34340817593.05,16/12/2014
2014-12-17,2.84,1000586049.5,35272268554.26,2056,34271682504.76,17/12/2014
2014-12-18,2.84,999178713.69,35196352296.47,2057,34197173582.78,18/12/2014
2014-12-19,2.84,997709989.22,35131170836.66,2058,34133460847.44,19/12/2014
2014-12-22,2.84,993573442.18,34923590141.92,2059,33930016699.74,22/12/2014
2014-12-23,2.85,992205226.26,34843668143.49,2060,33851462917.23,23/12/2014
2014-12-24,2.85,990729367.7,34774816804.81,2061,33784087437.11,24/12/2014
2014-12-29,2.85,983821829,34528692078.69,2062,33544870249.69,29/12/2014
2014-12-30,2.85,982460775.52,34495665567.19,2063,33513204791.67,30/12/2014
2014-12-31,2.85,981089976.75,34468621680.57,2064,33487531703.82,31/12/2014
2015-01-05,2.83,975000611,34493455664.11,2065,33518455053.11,05/01/2015
2015-01-06,2.82,973849094.15,34513389390.84,2066,33539540296.69,06/01/2015
2015-01-07,2.82,972856754.85,34477272720.74,2067,33504415965.89,07/01/2015
2015-01-08,2.82,971616103.79,34488566743.96,2068,33516950640.17,08/01/2015
2015-01-09,2.81,970495513.44,34489777757.48,2069,33519282244.04,09/01/2015
2015-01-12,2.81,969328565.9,34491637989.17,2070,33522309423.27,12/01/2015
2015-01-13,2.81,968159243.55,34508911976.29,2071,33540752732.74,13/01/2015
2015-01-14,2.8,967027442.65,34510112726.11,2072,33543085283.46,14/01/2015
2015-01-15,2.8,965791140.48,34505571965.96,2073,33539780825.48,15/01/2015
2015-01-16,2.8,964510897.37,34492518624.1,2074,33528007726.73,16/01/2015
2015-01-19,0,962554330.07,34466330266.85,2075,33503775936.78,19/01/2015
2015-01-20,2.79,962008170.32,34468674298.75,2076,33506666128.43,20/01/2015
2015-01-21,2.79,961432674.17,34461696319.83,2077,33500263645.66,21/01/2015
2015-01-22,2.79,960741525.05,34449441521.98,2078,33488699996.93,22/01/2015
2015-01-23,2.79,959826912.12,34455783047.07,2079,33495956134.95,23/01/2015
2015-01-26,2.78,957475152.14,34440052010.09,2080,33482576857.95,26/01/2015
2015-01-27,2.78,956721633.85,34415541937.28,2081,33458820303.43,27/01/2015
2015-01-28,2.78,955967885.09,34378477248,2082,33422509362.91,28/01/2015
2015-01-29,2.78,955157234.71,34337919926.06,2083,33382762691.35,29/01/2015
2015-01-30,2.78,954369980.26,34280682291.56,2084,33326312311.3,30/01/2015
2015-02-02,2.79,952067070.81,34090015784.38,2085,33137948713.57,02/02/2015
2015-02-03,2.8,951317364.55,34023334697.91,2086,33072017333.36,03/02/2015
2015-02-04,2.8,950612919.27,33949372435.77,2088,32998759516.5,04/02/2015
2015-02-05,2.8,949899728.9,33872897636.94,2087,32922997908.04,05/02/2015
2015-02-06,2.81,949179282.73,33789251216.29,2089,32840071933.56,06/02/2015
2015-02-09,2.82,946441107.52,33518665795.39,2090,32572224687.87,09/02/2015
2015-02-10,2.83,945544914,33420307560.1,2091,32474762646.1,10/02/2015
2015-02-11,2.84,944667040.65,33314373746.12,2092,32369706705.47,11/02/2015
2015-02-12,2.84,943818342.06,33181396894.16,2093,32237578552.1,12/02/2015
2015-02-13,2.85,942847179.88,33041539587.56,2094,32098692407.68,13/02/2015
2015-02-16,2.88,940349047.24,32661241916.33,2095,31720892869.09,16/02/2015
2015-02-17,2.89,939530460.92,32548595636.86,2096,31609065175.94,17/02/2015
2015-02-18,2.89,938679889.69,32432577716.97,2097,31493897827.28,18/02/2015
2015-02-19,2.9,937834269.49,32306782665.46,2098,31368948395.97,19/02/2015
2015-02-20,2.91,936965316.72,32170874672.06,2099,31233909355.34,20/02/2015
2015-02-23,2.94,935101400.35,31799581973.05,2100,30864480572.7,23/02/2015
2015-02-24,2.95,935405648.98,31681114139.83,2101,30745708490.85,24/02/2015
2015-02-25,2.96,934864291.9,31575132877.52,2102,30640268585.62,25/02/2015
2015-02-26,2.97,934334315.41,31461398312.13,2103,30527063996.72,26/02/2015
2015-02-27,2.98,933735460.08,31356320578.48,2104,30422585118.4,27/02/2015
2015-03-02,3,932005311.21,31065248068.07,2105,30133242756.86,02/03/2015
2015-03-03,3.01,931338285.76,30968534624.05,2106,30037196338.29,03/03/2015
2015-03-04,3.01,930652483.77,30873757493.85,2107,29943105010.08,04/03/2015
2015-03-05,3.02,929881054.76,30815858935.44,2108,29885977880.68,05/03/2015
2015-03-06,3.02,928973597.32,30758862268.55,2109,29829888671.23,06/03/2015
2015-03-09,3.03,926581831.9,30618549808.25,2110,29691967976.35,09/03/2015
2015-03-10,3.03,925747562.33,30572783878.98,2111,29647036316.65,10/03/2015
2015-03-11,3.03,924897891.05,30492725544.31,2112,29567827653.26,11/03/2015
2015-03-12,3.04,924118803.26,30414514561.6,2113,29490395758.34,12/03/2015
2015-03-13,3.04,923188828.21,30340087164.52,2114,29416898336.31,13/03/2015
2015-03-17,3.05,919671059.29,30155350526.71,2115,29235679467.42,17/03/2015
2015-03-18,3.05,918761177.11,30129352706.77,2116,29210591529.66,18/03/2015
2015-03-19,3.05,917773793.54,30077546672.35,2117,29159772878.81,19/03/2015
2015-03-20,3.05,916826432.71,30016077597.03,2118,29099251164.32,20/03/2015
2015-03-23,3.06,914246972.6,29917445437.64,2119,29003198465.04,23/03/2015
2015-03-24,3.06,913401665.35,29892467293.65,2120,28979065628.3,24/03/2015
2015-03-25,3.05,912356661.97,29865174238.62,2121,28952817576.65,25/03/2015
2015-03-26,3.05,910446950.52,29836217499.51,2122,28925770548.99,26/03/2015
2015-03-27,3.05,909339467.39,29818381131.71,2123,28909041664.32,27/03/2015
2015-03-30,3.04,906103434.44,29797179196.39,2124,28891075761.95,30/03/2015
2015-03-31,3.04,904945456.76,29789685844.42,2125,28884740387.66,31/03/2015
2015-04-01,3.04,903875169.02,29778223397.68,2126,28874348228.66,01/04/2015
2015-04-02,3.03,903043952.51,29766020026.73,2127,28862976074.22,02/04/2015
2015-04-07,3.04,899566011.56,29614491474.35,2128,28714925462.79,07/04/2015
2015-04-08,3.04,898938008.42,29606580932.03,2129,28707642923.61,08/04/2015
2015-04-09,3.04,898339892.59,29589041671.28,2130,28690701778.69,09/04/2015
2015-04-10,3.04,897728576.75,29565060590.18,2131,28667332013.43,10/04/2015
2015-04-13,3.04,896100097.07,29514719127.03,2132,28618619029.96,13/04/2015
2015-04-14,3.04,895586413.28,29503456277.31,2133,28607869864.03,14/04/2015
2015-04-15,3.04,895182710.4,29492115996.04,2134,28596933285.64,15/04/2015
2015-04-16,3.03,894615298.94,29481468805.72,2135,28586853506.78,16/04/2015
2015-04-20,3.02,892350861.66,29500232151.72,2136,28607881290.06,20/04/2015
2015-04-21,3.02,891721223.11,29507913302.11,2137,28616192079,21/04/2015
2015-04-22,3.02,890951238.93,29505155296.05,2138,28614204057.12,22/04/2015
2015-04-23,3.02,890180086.44,29505863448.16,2139,28615683361.72,23/04/2015
2015-04-24,3.01,889633111.14,29508610454.86,2140,28618977343.72,24/04/2015
2015-04-27,3.01,887996071,29519259384.86,2141,28631263313.86,27/04/2015
2015-04-28,3.01,887421729.76,29512462564.01,2142,28625040834.25,28/04/2015
2015-04-29,3.01,886914979.44,29512003037.7,2143,28625088058.26,29/04/2015
2015-04-30,3,886535240.39,29528024399.2,2144,28641489158.81,30/04/2015
2015-05-04,2.99,884309934.95,29617413412.11,2145,28733103477.16,04/05/2015
2015-05-05,2.98,883640407.17,29630776490.3,2146,28747136083.13,05/05/2015
2015-05-06,2.98,883016092.91,29670014623.94,2147,28786998531.03,06/05/2015
2015-05-07,2.97,882445856.21,29677776244.48,2148,28795330388.27,07/05/2015
2015-05-08,2.97,882157580.41,29673640254.38,2149,28791482673.97,08/05/2015
2015-05-12,2.96,880640073.16,29731526602.21,2150,28850886529.05,12/05/2015
2015-05-13,2.96,880126971.93,29763286205.89,2151,28883159233.96,13/05/2015
2015-05-14,2.95,879690676.5,29786757961.45,2152,28907067284.95,14/05/2015
2015-05-15,2.95,879366763.11,29808779750.87,2153,28929412987.76,15/05/2015
2015-05-18,2.95,878943467.42,29819291536.72,2154,28940348069.3,18/05/2015
2015-05-19,2.95,878658425.75,29798389889.41,2155,28919731463.66,19/05/2015
2015-05-20,2.95,878390090.3,29779288205.43,2156,28900898115.13,20/05/2015
2015-05-21,2.95,877985652.81,29758789705.71,2157,28880804052.9,21/05/2015
2015-05-22,2.95,877649637.25,29737064867.9,2158,28859415230.65,22/05/2015
2015-05-25,2.95,876721603.64,29669153744.1,2159,28792432140.46,25/05/2015
2015-05-26,2.96,876345681.32,29641562134.21,2160,28765216452.89,26/05/2015
2015-05-27,2.96,875997737.44,29616826031.69,2161,28740828294.25,27/05/2015
2015-05-28,2.96,875635766.57,29595284788.81,2162,28719649022.24,28/05/2015
2015-06-01,2.97,873629193.67,29440954937.11,2163,28567325743.44,01/06/2015
2015-06-02,2.97,872906360.85,29392099744.9,2164,28519193384.05,02/06/2015
2015-06-03,2.97,872069886.8,29350495393.77,2165,28478425506.97,03/06/2015
2015-06-04,2.97,871317651.09,29343929995.51,2166,28472612344.42,04/06/2015
2015-06-05,2.97,870487267.49,29306866312.21,2167,28436379044.72,05/06/2015
2015-06-08,2.97,867296487.11,29215582128.93,2168,28348285641.82,08/06/2015
2015-06-09,2.97,866057918.63,29181276463.22,2169,28315218544.59,09/06/2015
2015-06-10,2.97,865251625.23,29153777198.29,2170,28288525573.06,10/06/2015
2015-06-11,2.97,864403930.41,29127899016.37,2171,28263495085.96,11/06/2015
2015-06-12,2.96,862325768.08,29099272001.02,2172,28236946232.94,12/06/2015
2015-06-15,2.95,855597196.94,29038180412.24,2173,28182583215.3,15/06/2015
2015-06-16,2.94,853267056.57,29021698100.45,2175,28168431043.88,16/06/2015
2015-06-17,2.93,850681649.52,29004196193.56,2174,28153514544.04,17/06/2015
2015-06-18,2.92,848260081.88,29008577305.52,2176,28160317223.64,18/06/2015
2015-06-19,2.92,845799276.24,29008592476.86,2177,28162793200.62,19/06/2015
2015-06-22,2.89,838910756.47,29031537740.9,2178,28192626984.43,22/06/2015
2015-06-23,2.88,836436418.34,29033682353.95,2179,28197245935.61,23/06/2015
2015-06-24,2.87,834012219.68,29036230171.77,2180,28202217952.09,24/06/2015
2015-06-25,2.86,831584618.13,29029901590.71,2181,28198316972.58,25/06/2015
2015-06-26,2.86,829196693.76,29022441933.68,2182,28193245239.92,26/06/2015
2015-06-29,2.83,821996567.18,29008068876.47,2183,28186072309.29,29/06/2015
2015-06-30,2.83,819506978.53,29000454437.21,2184,28180947458.68,30/06/2015
2015-07-01,2.81,817364756.23,29077255135.94,2185,28259890379.71,01/07/2015
2015-07-02,2.8,815132534.07,29157103039.03,2186,28341970504.96,02/07/2015
2015-07-03,2.78,813054760.13,29276820452.84,2187,28463765692.71,03/07/2015
2015-07-06,2.73,806601663.76,29548987037.26,2188,28742385373.5,06/07/2015
2015-07-07,2.71,804333764.8,29630428497.4,2189,28826094732.6,07/07/2015
2015-07-08,2.7,802097579.94,29719105491.39,2190,28917007911.45,08/07/2015
2015-07-09,2.68,799916821.23,29807933719.98,2191,29008016898.75,09/07/2015
2015-07-10,2.67,797762098.62,29885498525.17,2192,29087736426.55,10/07/2015
2015-07-13,2.66,795581498.78,29955854769.29,2193,29160273270.51,13/07/2015
2015-07-14,2.64,794615106.48,30043687585.87,2194,29249072479.39,14/07/2015
2015-07-15,2.64,793637811.87,30109349821.69,2195,29315712009.82,15/07/2015
2015-07-16,2.63,792920036.86,30195052033.89,2196,29402131997.03,16/07/2015
2015-07-21,2.58,790376283.41,30622866191.34,2197,29832489907.93,21/07/2015
2015-07-22,2.57,789905118.14,30697280994.61,2198,29907375876.47,22/07/2015
2015-07-23,2.57,789637169.7,30773635249.55,2199,29983998079.85,23/07/2015
2015-07-24,2.56,789368771.3,30845668318.22,2200,30056299546.92,24/07/2015
2015-07-27,2.54,789153742.68,31084466687.97,2201,30295312945.29,27/07/2015
2015-07-28,2.53,788882778.56,31175881731.04,2202,30386998952.48,28/07/2015
2015-07-29,2.52,788615553.52,31270891750.63,2203,30482276197.11,29/07/2015
2015-07-30,2.51,788120073.12,31365213765.85,2204,30577093692.73,30/07/2015
2015-07-31,2.5,787666878.27,31459895965.57,2205,30672229087.3,31/07/2015
2015-08-03,2.49,786446647.52,31581643188.73,2206,30795196541.21,03/08/2015
2015-08-04,2.49,786085494.16,31553800705.87,2207,30767715211.71,04/08/2015
2015-08-05,2.49,785732857.95,31522690028.92,2208,30736957170.97,05/08/2015
2015-08-06,2.49,785185997.98,31535875703.68,2209,30750689705.7,06/08/2015
2015-08-07,2.49,784796527.8,31537244328.21,2210,30752447800.41,07/08/2015
2015-08-10,2.48,783892967.91,31572749653.56,2211,30788856685.65,10/08/2015
2015-08-11,2.48,783317754.43,31589562057.09,2212,30806244302.66,11/08/2015
2015-08-12,2.48,782789763.12,31624262847.92,2213,30841473084.8,12/08/2015
2015-08-13,2.47,782264870.33,31619702866.16,2214,30837437995.83,13/08/2015
2015-08-14,2.47,781766015.59,31631763106.68,2215,30849997091.09,14/08/2015
2015-08-17,2.47,779400785.34,31602957783.92,2216,30823556998.58,17/08/2015
2015-08-18,2.46,778542697.31,31585216536.12,2217,30806673838.81,18/08/2015
2015-08-19,2.46,777677693.55,31558045375.48,2218,30780367681.93,19/08/2015
2015-08-20,2.46,776907599.83,31527337731.09,2219,30750430131.26,20/08/2015
2015-08-21,2.46,776202662.5,31510141662.11,2220,30733938999.61,21/08/2015
2015-08-24,2.46,773560180.35,31474289732.32,2221,30700729551.97,24/08/2015
2015-08-25,2.46,772660055.35,31461799578.1,2223,30689139522.75,25/08/2015
2015-08-26,2.45,771726998.01,31446962719.56,2224,30675235721.55,26/08/2015
2015-08-27,2.45,771033271.33,31429350678.21,2222,30658317406.88,27/08/2015
2015-08-28,2.45,770326740.09,31398675126.04,2225,30628348385.95,28/08/2015
2015-08-31,2.45,768863130.97,31322405218.73,2226,30553542087.76,31/08/2015
2015-09-01,2.45,768370388.8,31302070084.17,2227,30533699695.37,01/09/2015
2015-09-02,2.45,767889588.58,31282577786.35,2228,30514688197.77,02/09/2015
2015-09-03,2.46,767348850.45,31252857682.87,2229,30485508832.42,03/09/2015
2015-09-04,2.46,766769529.39,31219391127.18,2230,30452621597.79,04/09/2015
2015-09-07,2.47,765426700.58,31013097329.39,2231,30247670628.81,07/09/2015
2015-09-08,2.47,764955481.04,30944537372.7,2232,30179581891.66,08/09/2015
2015-09-09,2.48,764466055.31,30875896040.52,2233,30111429985.21,09/09/2015
2015-09-10,2.48,764241294.21,30840462522.72,2234,30076221228.51,10/09/2015
2015-09-11,2.48,763795744.68,30793965691.73,2235,30030169947.05,11/09/2015
2015-09-14,2.48,762474383.3,30693022579.22,2236,29930548195.92,14/09/2015
2015-09-15,2.49,761970062.26,30659243964.56,2237,29897273902.3,15/09/2015
2015-09-16,2.49,761523407.38,30626321476.92,2238,29864798069.54,16/09/2015
2015-09-17,2.49,761112995.45,30597125197.53,2239,29836012202.08,17/09/2015
2015-09-18,2.49,760747095.55,30578996396,2240,29818249300.45,18/09/2015
2015-09-21,2.49,759495221.07,30539396048.07,2241,29779900827,21/09/2015
2015-09-22,2.49,758997413.01,30517237761.15,2242,29758240348.14,22/09/2015
2015-09-23,2.49,758429524.86,30485231449.19,2243,29726801924.33,23/09/2015
2015-09-28,2.49,755888609.39,30385613173.07,2244,29629724563.68,28/09/2015
2015-09-29,2.49,755380371.06,30370283917.11,2245,29614903546.05,29/09/2015
2015-09-30,2.49,754857006.27,30343621327.16,2246,29588764320.89,30/09/2015
2015-10-02,2.49,753756540.05,30289483172.6,2247,29535726632.55,02/10/2015
2015-10-05,2.49,752298822.18,30252302826.79,2248,29500004004.61,05/10/2015
2015-10-06,2.49,751817876.08,30244440076.29,2249,29492622200.21,06/10/2015
2015-10-07,2.48,751334688.04,30236777371.68,2250,29485442683.64,07/10/2015
2015-10-08,2.48,750833168.17,30226519264.8,2251,29475686096.63,08/10/2015
2015-10-09,2.48,750335368.99,30215018572.87,2252,29464683203.88,09/10/2015
2015-10-12,2.49,749205783.32,30083035682.18,2253,29333829898.86,12/10/2015
2015-10-13,2.49,748801462.06,30069562549.99,2254,29320761087.93,13/10/2015
2015-10-14,2.49,748424107.47,30060114257.16,2255,29311690149.69,14/10/2015
2015-10-15,2.49,748089020.2,30060555050.26,2256,29312466030.06,15/10/2015
2015-10-16,2.49,747805843.82,30055521593.63,2257,29307715749.81,16/10/2015
2015-10-19,2.48,746359834.38,30042726210.56,2258,29296366376.18,19/10/2015
2015-10-20,2.48,745570328.14,30042563183.44,2259,29296992855.3,20/10/2015
2015-10-21,2.48,744828464.01,30044617052.97,2260,29299788588.96,21/10/2015
2015-10-22,2.48,744019361.13,30055555545.38,2261,29311536184.25,22/10/2015
2015-10-23,2.47,743412125.89,30070084728.58,2262,29326672602.69,23/10/2015
2015-10-26,2.46,741566459.25,30110560310.18,2263,29368993850.93,26/10/2015
2015-10-27,2.46,740851743.93,30130813898.04,2264,29389962154.11,27/10/2015
2015-10-28,2.45,740092700.37,30153748751.7,2265,29413656051.33,28/10/2015
2015-10-29,2.45,739283661.31,30176902601.84,2266,29437618940.53,29/10/2015
2015-10-30,2.45,738534539.88,30192213223.17,2267,29453678683.29,30/10/2015
2015-11-02,2.43,736367922.4,30250008584.33,2271,29513640661.93,02/11/2015
2015-11-03,2.43,735638319.24,30271432474.32,2270,29535794155.08,03/11/2015
2015-11-04,2.43,734868227.11,30292372904.32,2269,29557504677.21,04/11/2015
2015-11-05,2.42,734077511.99,30308087031.36,2272,29574009519.37,05/11/2015
2015-11-06,2.42,733287513.48,30328837622.47,2273,29595550108.99,06/11/2015
2015-11-09,2.4,730856586.94,30414495347.77,2274,29683638760.83,09/11/2015
2015-11-10,2.4,729954025.13,30442411986.22,2275,29712457961.09,10/11/2015
2015-11-11,2.39,729048393.82,30469795222.43,2278,29740746828.61,11/11/2015
2015-11-12,2.39,728232873.62,30462924856.1,2277,29734691982.48,12/11/2015
2015-11-13,2.39,727410758.03,30441298187.03,2276,29713887429,13/11/2015
2015-11-16,2.39,724877649.15,30370060347.74,2279,29645182698.59,16/11/2015
2015-11-17,2.39,723972577.9,30348663659.39,2280,29624691081.49,17/11/2015
2015-11-18,2.39,723509161.73,30318530447.51,2281,29595021285.78,18/11/2015
2015-11-19,2.39,723043533.57,30291239197.55,2282,29568195663.98,19/11/2015
2015-11-20,2.39,722576809.83,30256351256.56,2283,29533774446.73,20/11/2015
2015-11-23,2.39,721113198.23,30159716261.16,2284,29438603062.93,23/11/2015
2015-11-24,2.39,720505419.51,30125747767.06,2285,29405242347.55,24/11/2015
2015-11-25,2.39,719869124.73,30091702797.69,2286,29371833672.96,25/11/2015
2015-11-26,2.39,719324958.78,30049017872.33,2287,29329692913.55,26/11/2015
2015-11-27,2.4,718804500.12,30012702042.65,2288,29293897542.53,27/11/2015
2015-11-30,2.4,717303643.03,29916577288.73,2289,29199273645.7,30/11/2015
2015-12-01,2.4,716801194.36,29880808523.14,2290,29164007328.78,01/12/2015
2015-12-02,2.4,716323223.44,29839697551.97,2291,29123374328.53,02/12/2015
2015-12-03,2.4,715832699.89,29796174398.38,2292,29080341698.49,03/12/2015
2015-12-04,2.41,715441132.06,29746880521.32,2293,29031439389.26,04/12/2015
2015-12-07,2.41,714312891.12,29597277838.46,2294,28882964947.34,07/12/2015
2015-12-08,2.41,713810094.08,29575026220.78,2295,28861216126.7,08/12/2015
2015-12-09,2.41,713410107.87,29554311250.3,2296,28840901142.43,09/12/2015
2015-12-10,2.41,713028473.09,29535973782.86,2297,28822945309.77,10/12/2015
2015-12-11,2.41,712656067.76,29517680648.39,2298,28805024580.63,11/12/2015
2015-12-14,2.41,711492953.13,29477970778.47,2299,28766477825.34,14/12/2015
2015-12-15,2.41,711034793.99,29463262183.13,2300,28752227389.14,15/12/2015
2015-12-16,2.41,710597112.73,29447372512.49,2301,28736775399.76,16/12/2015
2015-12-17,2.41,710153216.23,29423270611.67,2302,28713117395.44,17/12/2015
2015-12-18,2.41,709706598.54,29419149848.34,2303,28709443249.8,18/12/2015
2015-12-21,2.41,708416513.51,29375476109.56,2304,28667059596.05,21/12/2015
2015-12-22,2.41,708081810.23,29341608255.43,2305,28633526445.2,22/12/2015
2015-12-23,2.41,707790026.74,29309588932.5,2306,28601798905.76,23/12/2015
2015-12-29,2.43,706456253.61,29131697234.02,2307,28425240980.41,29/12/2015
2015-12-30,2.43,706123753.91,29101401156,2308,28395277402.09,30/12/2015
2015-12-31,2.43,705716240.58,29069779151.59,2309,28364062911.01,31/12/2015
2016-01-04,2.43,703927354.74,28978207411.84,2310,28274280057.1,04/01/2016
2016-01-05,2.43,703351226.23,28957937271.54,2311,28254586045.31,05/01/2016
2016-01-06,2.43,702857306.76,28959085671.76,2312,28256228365,06/01/2016
2016-01-07,2.43,702447616.07,28931111697.35,2313,28228664081.28,07/01/2016
2016-01-08,2.43,702014343.35,28895312944.32,2314,28193298600.97,08/01/2016
2016-01-11,2.43,700738431.7,28782251091.62,2315,28081512659.92,11/01/2016
2016-01-12,2.44,700303413.09,28737668864.43,2316,28037365451.34,12/01/2016
2016-01-13,2.44,699911344.09,28708850964.39,2317,28008939620.3,13/01/2016
2016-01-14,2.44,699556399.05,28673947851.59,2318,27974391452.54,14/01/2016
2016-01-15,2.44,699200754.44,28624413816.18,2319,27925213061.74,15/01/2016
2016-01-18,2.45,698219606.2,28475565507.43,2320,27777345901.23,18/01/2016
2016-01-19,2.46,697759776.11,28421031707.4,2321,27723271931.29,19/01/2016
2016-01-20,2.46,697310644.39,28396154337.55,2322,27698843693.16,20/01/2016
2016-01-21,2.46,696770702.94,28368406354.78,2323,27671635651.84,21/01/2016
2016-01-22,2.46,696232754.47,28346437854.61,2324,27650205100.14,22/01/2016
2016-01-25,2.46,694614526.8,28272167847.08,2325,27577553320.28,25/01/2016
2016-01-26,2.46,694074312.76,28241834224.72,2326,27547759911.96,26/01/2016
2016-01-27,2.46,693546241.18,28213125959.76,2327,27519579718.58,27/01/2016
2016-01-28,2.46,693101627.22,28189682766.89,2328,27496581139.67,28/01/2016
2016-01-29,2.46,692670935.29,28161680698.1,2329,27469009762.81,29/01/2016
2016-02-01,2.46,691558512.78,28091460822.61,2330,27399902309.83,01/02/2016
2016-02-02,2.46,691184466.12,28068123384.26,2331,27376938918.14,02/02/2016
2016-02-03,2.46,690851426.61,28045973295.24,2332,27355121868.63,03/02/2016
2016-02-04,2.46,690609062.92,28023626005.64,2333,27333016942.72,04/02/2016
2016-02-05,2.47,690343352.4,27993334372.93,2334,27302991020.53,05/02/2016
2016-02-08,2.47,689490042.76,27916533144.98,2335,27227043102.22,08/02/2016
2016-02-09,2.47,689189374,27894555394.99,2336,27205366020.99,09/02/2016
2016-02-10,2.47,688805947.14,27873104266.96,2337,27184298319.82,10/02/2016
2016-02-11,2.47,688446976.11,27859331735.88,2338,27170884759.77,11/02/2016
2016-02-12,2.47,688062702.04,27839833227.96,2339,27151770525.92,12/02/2016
2016-02-15,2.47,686926923.07,27812948118.84,2340,27126021195.77,15/02/2016
2016-02-16,2.47,686529050.68,27805685162.46,2341,27119156111.78,16/02/2016
2016-02-17,2.47,686079637.71,27797595340.34,2342,27111515702.63,17/02/2016
2016-02-18,2.47,685746327.97,27789807490.22,2343,27104061162.25,18/02/2016
2016-02-19,2.47,685405808.54,27793120890.81,2344,27107715082.27,19/02/2016
2016-02-22,2.46,684380391.16,27806009603.96,2345,27121629212.8,22/02/2016
2016-02-23,2.46,683993157.49,27801552644.92,2346,27117559487.43,23/02/2016
2016-02-24,2.46,683595548.38,27804344657.03,2347,27120749108.65,24/02/2016
2016-02-25,2.46,683212981.26,27807658279.72,2348,27124445298.46,25/02/2016
2016-02-26,2.45,682391355.25,27809348779.28,2349,27126957424.03,26/02/2016
2016-02-29,2.44,679968133.13,27823592842.1,2350,27143624708.97,29/02/2016
2016-03-01,2.44,679067599.63,27822689989.53,2351,27143622389.9,01/03/2016
2016-03-02,2.44,678110831.03,27821462264.94,2352,27143351433.91,02/03/2016
2016-03-03,2.43,677147828.19,27820412159.85,2353,27143264331.66,03/03/2016
2016-03-04,2.43,676220114.22,27841080740.88,2354,27164860626.66,04/03/2016
2016-03-07,2.41,673250218.51,27879917288.9,2355,27206667070.39,07/03/2016
2016-03-08,2.41,672170942.52,27881288439.02,2356,27209117496.5,08/03/2016
2016-03-09,2.41,671060174.65,27882357636.21,2357,27211297461.56,09/03/2016
2016-03-10,2.4,669874222.91,27882596859.43,2358,27212722636.52,10/03/2016
2016-03-11,2.4,668791730.08,27876163558.8,2359,27207371828.72,11/03/2016
2016-03-14,2.39,665584800.03,27872345586.62,2360,27206760786.59,14/03/2016
2016-03-15,2.38,664523478.36,27867081467.45,2361,27202557989.09,15/03/2016
2016-03-16,2.38,663473726.36,27853597008.41,2362,27190123282.05,16/03/2016
2016-03-17,2.38,662481680.3,27864077342.52,2363,27201595662.22,17/03/2016
2016-03-18,2.37,661524074.77,27875442449.42,2364,27213918374.65,18/03/2016
2016-03-21,2.36,658683947.41,27888285805.13,2365,27229601857.72,21/03/2016
2016-03-22,2.36,657700233.98,27880226906.26,2368,27222526672.28,22/03/2016
2016-03-23,2.36,656746541.54,27873130144.98,2367,27216383603.44,23/03/2016
2016-03-24,2.35,655800488.54,27871866814.3,2366,27216066325.76,24/03/2016
2016-03-29,2.34,652366550.54,27870347537.5,2369,27217980986.96,29/03/2016
2016-03-30,2.34,652070527.68,27864573748.84,2370,27212503221.16,30/03/2016
2016-03-31,2.34,651828593.53,27864604436.09,2371,27212775842.56,31/03/2016
2016-04-01,2.34,651675443.61,27858054241.1,2372,27206378797.49,01/04/2016
2016-04-04,2.34,651184962.35,27785921115.1,2373,27134736152.75,04/04/2016
2016-04-05,2.35,651033313.46,27750049743.57,2374,27099016430.11,05/04/2016
2016-04-06,2.35,650999390.4,27707692114.87,2375,27056692724.47,06/04/2016
2016-04-07,2.35,650987515.55,27673012153.45,2376,27022024637.9,07/04/2016
2016-04-08,2.36,651030894.72,27639305394.89,2377,26988274500.17,08/04/2016
2016-04-11,2.36,651294079.64,27541357156.99,2378,26890063077.35,11/04/2016
2016-04-12,2.37,651392034.76,27499002592.98,2379,26847610558.22,12/04/2016
2016-04-13,2.37,651475070.58,27471006389.8,2380,26819531319.22,13/04/2016
2016-04-14,2.37,651539356.41,27450405611.69,2381,26798866255.28,14/04/2016
2016-04-15,2.37,651620083.47,27445486098.36,2382,26793866014.89,15/04/2016
2016-04-18,2.38,651771782.76,27368428896.11,2383,26716657113.35,18/04/2016
2016-04-19,2.38,651846937.34,27341318567.08,2384,26689471629.74,19/04/2016
2016-04-20,2.39,651940600.52,27308024022.6,2385,26656083422.08,20/04/2016
2016-04-22,2.39,652163435.49,27266414179.36,2386,26614250743.87,22/04/2016
2016-04-25,2.4,652518859.03,27202532190.24,2387,26550013331.21,25/04/2016
2016-04-26,2.4,652642048.8,27175902245.81,2388,26523260197.01,26/04/2016
2016-04-27,2.4,652772900.84,27149903122,2389,26497130221.16,27/04/2016
2016-04-28,2.41,652876804.46,27123309570.05,2390,26470432765.59,28/04/2016
2016-04-29,2.41,652882596.3,27089608046.55,2391,26436725450.25,29/04/2016
2016-05-03,2.42,652814864.69,26977402425.98,2392,26324587561.29,03/05/2016
2016-05-04,2.42,652774447.45,26946979106,2393,26294204658.55,04/05/2016
2016-05-05,2.42,652719658.64,26919544538.38,2394,26266824879.74,05/05/2016
2016-05-06,2.43,652672230.81,26898915483.33,2395,26246243252.52,06/05/2016
2016-05-09,2.43,652557853.55,26832830869.44,2396,26180273015.89,09/05/2016
2016-05-10,2.43,652546329.18,26801402555.7,2397,26148856226.52,10/05/2016
2016-05-11,2.44,652489925.97,26787594492.56,2398,26135104566.59,11/05/2016
2016-05-12,2.44,652427581.05,26783763751.31,2399,26131336170.26,12/05/2016
2016-05-13,2.44,652386211.77,26762856916.21,2400,26110470704.44,13/05/2016
2016-05-16,2.44,652297167.78,26684140242.48,2401,26031843074.7,16/05/2016
2016-05-17,2.45,652260311.42,26656283752.5,2402,26004023441.08,17/05/2016
2016-05-18,2.45,652209589.48,26625969381.02,2403,25973759791.54,18/05/2016
2016-05-19,2.45,652119408.61,26587601426.45,2404,25935482017.84,19/05/2016
2016-05-20,2.45,652020083.69,26569781369.99,2405,25917761286.3,20/05/2016
2016-05-23,2.46,651809960.91,26506667908.1,2406,25854857947.19,23/05/2016
2016-05-24,2.46,651738589.04,26483985711.34,2407,25832247122.3,24/05/2016
2016-05-25,2.46,651710319.71,26455651002.9,2408,25803940683.19,25/05/2016
2016-05-26,2.46,651683948.81,26439683894.12,2409,25787999945.31,26/05/2016
2016-05-27,2.47,651593955.84,26422899284.45,2410,25771305328.61,27/05/2016
2016-05-31,2.47,651300797.73,26387286123.89,2411,25735985326.16,31/05/2016
2016-06-01,2.47,651202807.48,26377096590.39,2412,25725893782.91,01/06/2016
2016-06-02,2.47,650866613.55,26372681185.6,2413,25721814572.05,02/06/2016
2016-06-03,2.47,650525073.43,26372074605.71,2414,25721549532.28,03/06/2016
2016-06-06,2.46,649564236.06,26374462610.54,2415,25724898374.48,06/06/2016
2016-06-07,2.46,649231029.73,26383208720.81,2416,25733977691.08,07/06/2016
2016-06-08,2.46,648927831.1,26401408492.41,2417,25752480661.31,08/06/2016
2016-06-09,2.45,648585424.6,26423473237.94,2418,25774887813.34,09/06/2016
2016-06-10,2.45,648248129.79,26430082451.69,2419,25781834321.9,10/06/2016
2016-06-13,2.45,647218741.1,26448391391.8,2420,25801172650.7,13/06/2016
2016-06-14,2.45,646842092.25,26449794621.26,2421,25802952529.01,14/06/2016
2016-06-15,2.44,646473154.03,26447628906.29,2422,25801155752.26,15/06/2016
2016-06-16,2.44,646090332.03,26443785536.84,2423,25797695204.81,16/06/2016
2016-06-17,2.44,645710821.99,26445433756.02,2424,25799722934.03,17/06/2016
2016-06-20,2.44,644665151.88,26443345034.94,2427,25798679883.06,20/06/2016
2016-06-21,2.44,644310613.41,26447053510.28,2425,25802742896.87,21/06/2016
2016-06-22,2.44,644106145.83,26434875124.18,2426,25790768978.35,22/06/2016
2016-06-23,2.44,643927148.56,26424138284,2428,25780211135.44,23/06/2016
2016-06-24,2.44,643630273.37,26415265911.68,2429,25771635638.31,24/06/2016
2016-06-27,2.44,642788533.65,26367130893.5,2430,25724342359.85,27/06/2016
2016-06-28,2.44,642510811.74,26349650125.71,2431,25707139313.97,28/06/2016
2016-06-29,2.44,642223134.59,26332628569.02,2432,25690405434.43,29/06/2016
2016-06-30,2.43,641945889.81,26363435288.83,2433,25721489399.02,30/06/2016
2016-07-01,2.43,641697553.39,26390357037.15,2434,25748659483.76,01/07/2016
2016-07-04,2.43,641646540.55,26398054759.22,2435,25756408218.67,04/07/2016
2016-07-08,2.43,641512253.99,26417534452.37,2436,25776022198.38,08/07/2016
2016-07-11,2.43,641432363.07,26379871431.42,2437,25738439068.35,11/07/2016
2016-07-12,2.43,641413013.75,26374159579.09,2438,25732746565.34,12/07/2016
2016-07-13,2.43,641287162.61,26366448626.37,2439,25725161463.76,13/07/2016
2016-07-14,2.43,641182875.08,26346810935.26,2440,25705628060.18,14/07/2016
2016-07-15,2.42,637961675.27,26336484559.91,2441,25698522884.64,15/07/2016
2016-07-18,2.38,627984621.52,26342509267.93,2442,25714524646.41,18/07/2016
2016-07-19,2.37,624630973.39,26346275268.56,2443,25721644295.17,19/07/2016
2016-07-20,2.36,621302447.25,26348670303.69,2444,25727367856.44,20/07/2016
2016-07-21,2.35,617973196.88,26347107916.8,2445,25729134719.92,21/07/2016
2016-07-22,2.34,614621029.73,26321577251.14,2446,25706956221.41,22/07/2016
2016-07-25,2.3,604305072.72,26247547920.29,2447,25643242847.57,25/07/2016
2016-07-26,2.29,600924938.83,26229961624.29,2448,25629036685.46,26/07/2016
2016-07-27,2.28,597601253.43,26219394747.46,2449,25621793494.03,27/07/2016
2016-07-28,2.27,594300649.1,26209234809.25,2450,25614934160.15,28/07/2016
2016-07-29,2.26,591052429.74,26195609336.85,2451,25604556907.11,29/07/2016
2016-08-01,2.23,581299784.85,26115175208.29,2452,25533875423.44,01/08/2016
2016-08-02,2.22,578063594.6,26065447193.54,2453,25487383598.94,02/08/2016
2016-08-03,2.21,574825610.77,26034181311.47,2454,25459355700.7,03/08/2016
2016-08-04,2.2,571568442.16,26001062268.82,2455,25429493826.66,04/08/2016
2016-08-05,2.19,568310354.59,25971610949.22,2456,25403300594.63,05/08/2016
2016-08-08,2.16,558688597.51,25918622054.81,2457,25359933457.3,08/08/2016
2016-08-09,2.14,555552042.48,25915257935.19,2458,25359705892.71,09/08/2016
2016-08-10,2.13,552639844.7,25901023883.42,2459,25348384038.72,10/08/2016
2016-08-11,2.12,549697078.72,25878918643.45,2460,25329221564.73,11/08/2016
2016-08-12,2.11,546878198.08,25859703777.29,2461,25312825579.21,12/08/2016
2016-08-15,2.11,544420912.86,25805188419.76,2462,25260767506.9,15/08/2016
2016-08-16,2.11,544737720.76,25780765483.46,2463,25236027762.7,16/08/2016
2016-08-17,2.12,545164972.15,25754576440.68,2464,25209411468.53,17/08/2016
2016-08-18,2.12,545410073.25,25729750016.23,2465,25184339942.98,18/08/2016
2016-08-19,2.12,545855857.49,25709642035.51,2466,25163786178.02,19/08/2016
2016-08-22,2.13,547181125.28,25668285869.87,2467,25121104744.59,22/08/2016
2016-08-23,2.14,547624059.63,25631801057.41,2468,25084176997.78,23/08/2016
2016-08-24,2.14,548226713.28,25600746724.98,2469,25052520011.7,24/08/2016
2016-08-25,2.15,548871466.92,25576002560.03,2470,25027131093.11,25/08/2016
2016-08-26,2.15,549506770.84,25544542356.43,2471,24995035585.59,26/08/2016
2016-08-29,2.17,551609824.4,25456730300.36,2472,24905120475.96,29/08/2016
2016-08-30,2.18,554987991.28,25436558517.43,2473,24881570526.15,30/08/2016
2016-08-31,2.2,558367709.12,25417398048.39,2474,24859030339.27,31/08/2016
2016-09-01,2.21,561741870.09,25390008204.99,2475,24828266334.9,01/09/2016
2016-09-02,2.23,565576712.13,25363430087.18,2476,24797853375.05,02/09/2016
2016-09-05,2.28,577191478.35,25280555658.39,2477,24703364180.04,05/09/2016
2016-09-06,2.31,582904048.7,25252548778.99,2478,24669644730.29,06/09/2016
2016-09-07,2.33,588514404.49,25204581513.98,2479,24616067109.49,07/09/2016
2016-09-08,2.36,594211560.11,25157243447.21,2480,24563031887.1,08/09/2016
2016-09-09,2.39,599702614.11,25111764555.27,2481,24512061941.16,09/09/2016
2016-09-14,2.52,627753730.08,24918434393.75,2482,24290680663.67,14/09/2016
2016-09-15,2.55,633404343.13,24879630445.83,2483,24246226102.7,15/09/2016
2016-09-16,2.57,639295817.53,24871865232.82,2484,24232569415.29,16/09/2016
2016-09-19,2.64,655972774,24838459381.81,2485,24182486607.81,19/09/2016
2016-09-20,2.67,661124728.81,24780351088.63,2486,24119226359.82,20/09/2016
2016-09-21,2.69,666281715.61,24759561463.52,2487,24093279747.91,21/09/2016
2016-09-22,2.71,671350911.51,24743864186.06,2488,24072513274.55,22/09/2016
2016-09-23,2.74,676260162.5,24722392741.97,2489,24046132579.47,23/09/2016
2016-09-26,2.8,690542361.13,24637658592.18,2490,23947116231.05,26/09/2016
2016-09-27,2.82,695201624.14,24615588157.87,2491,23920386533.73,27/09/2016
2016-09-28,2.84,699579401.2,24595776176.66,2492,23896196775.46,28/09/2016
2016-09-29,2.86,701457017.2,24566419717.56,2493,23864962700.36,29/09/2016
2016-09-30,2.87,703256050.79,24531257238.82,2494,23828001188.03,30/09/2016
2016-10-04,2.9,709139475.74,24420580178.05,2495,23711440702.31,04/10/2016
2016-10-05,2.91,710711876.5,24393889390,2496,23683177513.5,05/10/2016
2016-10-06,2.92,710386261.91,24365067110.92,2497,23654680849.01,06/10/2016
2016-10-07,2.92,710017011.32,24334631328.94,2498,23624614317.62,07/10/2016
2016-10-10,2.92,708567199.26,24260473087.83,2499,23551905888.57,10/10/2016
2016-10-11,2.92,708122984.85,24238330608.7,2500,23530207623.85,11/10/2016
2016-10-12,2.92,707665041.7,24215912526.28,2501,23508247484.58,12/10/2016
2016-10-13,2.92,707143376.74,24187937761.28,2502,23480794384.54,13/10/2016
2016-10-14,2.92,706483014.63,24160273861.67,2503,23453790847.04,14/10/2016
2016-10-17,2.93,704328022.79,24014206354.8,2504,23309878332.01,17/10/2016
2016-10-18,2.94,703357654.26,23955731289.98,2505,23252373635.72,18/10/2016
2016-10-19,2.94,703254676.14,23897235422.9,2506,23193980746.76,19/10/2016
2016-10-20,2.94,703246809.21,23901804106.71,2507,23198557297.5,20/10/2016
2016-10-21,2.94,703259753.39,23907327735.68,2508,23204067982.29,21/10/2016
2016-10-24,2.94,703539116.73,23930462966.53,2509,23226923849.8,24/10/2016
2016-10-25,2.94,703632910.91,23939115823.55,2510,23235482912.64,25/10/2016
2016-10-26,2.94,703828397.78,23945068752.15,2512,23241240354.37,26/10/2016
2016-10-27,2.94,703766379.61,23947628177.61,2513,23243861798,27/10/2016
2016-10-28,2.94,703797439.05,23949114675.04,2514,23245317235.99,28/10/2016
2016-10-31,2.94,704026567.71,23952767526.57,2515,23248740958.86,31/10/2016
2016-11-01,2.94,704133809.66,23946448274.45,2516,23242314464.79,01/11/2016
2016-11-02,2.94,704218213.48,23957052737.32,2517,23252834523.84,02/11/2016
2016-11-03,2.94,704221394.21,23968404221.21,2518,23264182827,03/11/2016
2016-11-04,2.94,703997817.42,23979544696.99,2519,23275546879.57,04/11/2016
2016-11-07,2.93,703159626.25,24024182690.83,2520,23321023064.58,07/11/2016
2016-11-08,2.92,702563411.74,24045881742.86,2521,23343318331.12,08/11/2016
2016-11-09,2.92,702068160.68,24062400054.32,2522,23360331893.64,09/11/2016
2016-11-10,2.91,701393062.59,24078882681.56,2523,23377489618.97,10/11/2016
2016-11-11,2.91,700809334.03,24095036499.14,2524,23394227165.11,11/11/2016
2016-11-14,2.89,698935924.3,24164111366.25,2525,23465175441.95,14/11/2016
2016-11-15,2.89,698156436.24,24198429321.88,2526,23500272885.64,15/11/2016
2016-11-16,2.88,697735622.03,24234884205.3,2527,23537148583.27,16/11/2016
2016-11-17,2.87,697327661.55,24285834642.02,2528,23588506980.47,17/11/2016
2016-11-18,2.86,696540524.68,24341840552.22,2529,23645300027.54,18/11/2016
2016-11-21,2.84,694008747.24,24457337137.15,2530,23763328389.91,21/11/2016
2016-11-22,2.83,693297394.65,24495705850.05,2531,23802408455.4,22/11/2016
2016-11-23,2.82,692570195.44,24533817369.74,2532,23841247174.3,23/11/2016
2016-11-24,2.82,691824033.29,24572153220.34,2533,23880329187.05,24/11/2016
2016-11-25,2.81,691119188.01,24604144210.51,2534,23913025022.5,25/11/2016
2016-11-28,2.79,689766864.82,24695254922.16,2535,24005488057.34,28/11/2016
2016-11-29,2.79,689255737.88,24727756057.07,2536,24038500319.19,29/11/2016
2016-11-30,2.78,688794261.18,24771597897.24,2537,24082803636.06,30/11/2016
2016-12-01,2.77,688332988.35,24816631794.17,2538,24128298805.82,01/12/2016
2016-12-02,2.77,687944672.36,24844884296.21,2539,24156939623.85,02/12/2016
2016-12-05,2.76,686849088.51,24930314558.06,2540,24243465469.55,05/12/2016
2016-12-06,2.75,686152288.68,24959210074.73,2541,24273057786.05,06/12/2016
2016-12-07,2.75,685920565.43,24970769668.13,2542,24284849102.7,07/12/2016
2016-12-08,2.75,686315335.07,24981903366.12,2543,24295588031.05,08/12/2016
2016-12-09,2.75,686635070.93,24988752342.61,2544,24302117271.68,09/12/2016
2016-12-13,2.75,687758429,25048571313.67,2545,24360812884.67,13/12/2016
2016-12-14,2.75,688065599.89,25041205608.41,2546,24353140008.52,14/12/2016
2016-12-15,2.75,688313901.27,25043149161.31,2547,24354835260.04,15/12/2016
2016-12-16,2.74,688536964.92,25084957844.06,2549,24396420879.14,16/12/2016
2016-12-19,2.74,689264832.67,25187213128.33,2550,24497948295.66,19/12/2016
2016-12-20,2.73,689487087.64,25248383696.89,2551,24558896609.25,20/12/2016
2016-12-21,2.72,689630179.77,25309416989.86,2552,24619786810.09,21/12/2016
2016-12-22,2.72,689745250.07,25361449212.7,2553,24671703962.63,22/12/2016
2016-12-23,2.71,689900045.78,25415127602.75,2554,24725227556.97,23/12/2016
2016-12-28,2.68,690383913.59,25720747086.88,2555,25030363173.29,28/12/2016
2016-12-29,2.68,690461262.45,25781627911.07,2556,25091166648.62,29/12/2016
2016-12-30,2.67,690563692.51,25843598926.12,2559,25153035233.61,30/12/2016
2017-01-03,2.65,691514539.38,26094171361.78,2560,25402656822.4,03/01/2017
2017-01-04,2.65,692801665.13,26155993688.71,2561,25463192023.58,04/01/2017
2017-01-05,0,694383492.95,26218593665.88,2562,25524210172.93,05/01/2017
2017-01-06,2.65,696250867.86,26292898753.53,2563,25596647885.67,06/01/2017
2017-01-09,2.64,700116412.51,26552374523.05,2564,25852258110.54,09/01/2017
2017-01-10,2.63,701407224.63,26658895002.03,2565,25957487777.4,10/01/2017
2017-01-11,2.63,702674004.08,26765271361.92,2566,26062597357.84,11/01/2017
2017-01-12,2.62,703673412.12,26876344589.03,2567,26172671176.91,12/01/2017
2017-01-13,2.61,704544563.21,26967693545.84,2568,26263148982.63,13/01/2017
2017-01-16,2.6,707427879.23,27222824841.44,2569,26515396962.21,16/01/2017
2017-01-17,2.59,708373994.55,27315727095.55,2570,26607353101,17/01/2017
2017-01-18,2.59,709254606.83,27378231520.75,2571,26668976913.92,18/01/2017
2017-01-19,2.59,710182849.72,27435474134.46,2572,26725291284.74,19/01/2017
2017-01-20,2.59,711027611.4,27493651261.55,2573,26782623650.15,20/01/2017
2017-01-23,2.58,713528468.02,27693520618.78,2574,26979992150.76,23/01/2017
2017-01-24,2.57,714036369.37,27760135215.82,2575,27046098846.45,24/01/2017
2017-01-25,2.57,714557165.1,27828421827.48,2576,27113864662.38,25/01/2017
2017-01-26,2.56,715038348.11,27888503122.97,2577,27173464774.86,26/01/2017
2017-01-27,2.56,715546496.11,27945556180.71,2578,27230009684.6,27/01/2017
2017-01-30,2.55,716812988.73,28121107200.76,2579,27404294212.03,30/01/2017
2017-01-31,2.55,717195020,28174226894.44,2580,27457031874.44,31/01/2017
2017-02-01,2.54,717520836.63,28227251639.09,2581,27509730802.46,01/02/2017
2017-02-02,2.54,717110053.07,28282416231.79,2582,27565306178.72,02/02/2017
2017-02-03,2.53,716132225.35,28340421392.68,2583,27624289167.33,03/02/2017
2017-02-06,2.5,712719325.63,28505702655.69,2584,27792983330.06,06/02/2017
2017-02-07,2.49,711522540.91,28582433314.99,2585,27870910774.08,07/02/2017
2017-02-08,2.48,710330557.1,28641768249.84,2586,27931437692.74,08/02/2017
2017-02-09,2.47,709075335.13,28698901189.94,2587,27989825854.81,09/02/2017
2017-02-10,2.46,708042539.48,28755645761.68,2588,28047603222.2,10/02/2017
2017-02-13,2.44,706698859.66,28915228752.71,2589,28208529893.05,13/02/2017
2017-02-14,2.44,706344636.29,28970098849.6,2590,28263754213.31,14/02/2017
2017-02-15,2.43,706005697.97,29000564331.15,2591,28294558633.18,15/02/2017
2017-02-16,2.43,705833368.11,29051165985.75,2592,28345332617.64,16/02/2017
2017-02-17,2.42,705667810.72,29111310588.67,2593,28405642777.95,17/02/2017
2017-02-20,2.41,705275570.65,29282517871.82,2594,28577242301.17,20/02/2017
2017-02-21,2.4,705122806.99,29328242977.64,2595,28623120170.65,21/02/2017
2017-02-22,2.4,704938459.71,29370845980.29,2596,28665907520.58,22/02/2017
2017-02-23,2.4,705093393.48,29414029124.37,2597,28708935730.89,23/02/2017
2017-02-24,2.39,705250879.31,29456211695.78,2598,28750960816.47,24/02/2017
2017-02-27,2.38,705850242.21,29605238905.13,2599,28899388662.92,27/02/2017
2017-02-28,2.38,705737025.8,29646676385.39,2600,28940939359.59,28/02/2017
2017-03-01,2.38,705596759.43,29688482702.41,2601,28982885942.98,01/03/2017
2017-03-02,2.37,705330307.9,29737567257.83,2602,29032236949.93,02/03/2017
2017-03-03,2.37,705128430.64,29786425309.07,2603,29081296878.43,03/03/2017
2017-03-06,2.35,704610538.24,29920349405.5,2604,29215738867.26,06/03/2017
2017-03-07,2.35,704452442.45,29967367378.61,2605,29262914936.16,07/03/2017
2017-03-08,2.35,703910800.39,30014586926.89,2606,29310676126.5,08/03/2017
2017-03-09,2.34,703492374.09,30038995232.87,2607,29335502858.78,09/03/2017
2017-03-10,2.34,702400160,30079351596.1,2608,29376951436.1,10/03/2017
2017-03-13,2.31,698839950.79,30194865481.1,2609,29496025530.31,13/03/2017
2017-03-14,2.31,697507901.92,30231261726.08,2610,29533753824.16,14/03/2017
2017-03-15,2.3,696085832.92,30267110168.85,2611,29571024335.93,15/03/2017
2017-03-16,2.29,694699628.54,30303807036.12,2612,29609107407.58,16/03/2017
2017-03-17,2.29,693314785.11,30340545770.95,2613,29647230985.84,17/03/2017
2017-03-20,2.27,688689816.58,30352075446.78,2614,29663385630.2,20/03/2017
2017-03-21,2.26,687213648.52,30349506897.67,2615,29662293249.15,21/03/2017
2017-03-22,2.26,685685314.99,30346927473.99,2616,29661242159,22/03/2017
2017-03-23,2.25,683990085.67,30348621856.49,2617,29664631770.82,23/03/2017
2017-03-24,2.25,682396435.64,30340326322.26,2618,29657929886.62,24/03/2017
2017-03-27,2.24,677588728.84,30311565855.2,2619,29633977126.36,27/03/2017
2017-03-28,2.23,675895109.44,30302133759.82,2620,29626238650.38,28/03/2017
2017-03-29,2.23,674172139.43,30296992831.68,2621,29622820692.25,29/03/2017
2017-03-30,2.22,672751071.61,30297668329.65,2622,29624917258.04,30/03/2017
2017-03-31,2.22,671475030.3,30297945681.58,2623,29626470651.28,31/03/2017
2017-04-03,2.2,667879906.34,30307152708.37,2624,29639272802.03,03/04/2017
2017-04-04,2.2,666676158.29,30318307726.83,2625,29651631568.54,04/04/2017
2017-04-05,2.19,665541978,30325761977.25,2626,29660219999.25,05/04/2017
2017-04-06,2.19,664341851.17,30345551203.88,2628,29681209352.71,06/04/2017
2017-04-07,2.19,663589279.22,30366539549.7,2627,29702950270.48,07/04/2017
2017-04-10,2.18,662315635.36,30393893720.34,2629,29731578084.98,10/04/2017
2017-04-11,2.18,662289946.35,30393916268.92,2630,29731626322.57,11/04/2017
2017-04-12,2.18,662585818.54,30416813383.81,2631,29754227565.27,12/04/2017
2017-04-13,2.18,664113799.24,30443755522.79,2632,29779641723.55,13/04/2017
2017-04-18,2.2,671668058.88,30563781231.46,2633,29892113172.58,18/04/2017
2017-04-19,2.2,673588620.96,30585796012.86,2634,29912207391.9,19/04/2017
2017-04-20,2.21,675738536.17,30606213992.9,2635,29930475456.73,20/04/2017
2017-04-21,2.21,677888434.6,30627528544.9,2636,29949640110.3,21/04/2017
2017-04-24,2.23,684849158.94,30731134001.38,2637,30046284842.44,24/04/2017
2017-04-25,2.23,687182284.89,30762702559.06,2638,30075520274.17,25/04/2017
2017-04-26,2.24,689464790.17,30801857639.28,2639,30112392849.11,26/04/2017
2017-04-27,2.24,691713880.77,30841112129.45,2640,30149398248.68,27/04/2017
2017-04-28,2.25,694025600.8,30864632988.75,2642,30170607387.95,28/04/2017
2017-05-02,2.27,703055469.49,30974826259.87,2641,30271770790.38,02/05/2017
2017-05-03,2.28,705166561.01,30984544928.46,2643,30279378367.45,03/05/2017
2017-05-04,2.28,707225095.59,30988403723.52,2644,30281178627.93,04/05/2017
2017-05-05,2.29,709149380.93,30983699573.18,2645,30274550192.25,05/05/2017
2017-05-08,2.31,714837076.46,30933760959.84,2646,30218923883.38,08/05/2017
2017-05-09,2.32,716513867.85,30928485613.39,2647,30211971745.54,09/05/2017
2017-05-10,2.32,717728642.72,30922469153.91,2648,30204740511.19,10/05/2017
2017-05-11,2.33,719161403.43,30911121646.17,2649,30191960242.74,11/05/2017
2017-05-12,2.33,720384099.12,30878596579.55,2650,30158212480.43,12/05/2017
2017-05-15,2.34,720392528.82,30781380682.1,2651,30060988153.28,15/05/2017
2017-05-16,2.34,720538516.15,30752601335.71,2652,30032062819.56,16/05/2017
2017-05-17,2.35,720892278.09,30723881732.64,2653,30002989454.55,17/05/2017
2017-05-18,2.35,720872226.07,30695951057.66,2654,29975078831.59,18/05/2017
2017-05-19,2.35,720560936.7,30665258244.94,2655,29944697308.24,19/05/2017
2017-05-22,2.35,719041041.88,30577859413.75,2656,29858818371.87,22/05/2017
2017-05-23,2.35,718742246.19,30547633350.5,2657,29828891104.31,23/05/2017
2017-05-24,2.35,718378341.7,30519533090.26,2658,29801154748.56,24/05/2017
2017-05-25,2.35,717960045.97,30494680050.09,2659,29776720004.12,25/05/2017
2017-05-26,2.36,717553791.09,30461558379.15,2660,29744004588.06,26/05/2017
2017-05-30,2.36,716351896.49,30360798903.04,2661,29644447006.55,30/05/2017
2017-05-31,2.36,715878041.68,30329636330.56,2662,29613758288.88,31/05/2017
2017-06-01,2.36,715356846.08,30300203047.02,2663,29584846200.94,01/06/2017
2017-06-02,2.36,714834975.73,30283215914.65,2664,29568380938.92,02/06/2017
2017-06-05,2.36,713717198.99,30278952618.51,2665,29565235419.52,05/06/2017
2017-06-06,2.36,713400965.72,30289699857.99,2666,29576298892.27,06/06/2017
2017-06-07,2.36,713536411.42,30291917668.47,2667,29578381257.05,07/06/2017
2017-06-08,2.36,713650991.99,30283709848.27,2668,29570058856.28,08/06/2017
2017-06-09,2.36,713931519.34,30266804074.62,2669,29552872555.28,09/06/2017
2017-06-12,2.36,714014347.77,30235146548.27,2670,29521132200.5,12/06/2017
2017-06-13,2.36,713871820.97,30222184954.97,2671,29508313134,13/06/2017
2017-06-14,2.36,713695997.77,30214007176.31,2672,29500311178.54,14/06/2017
2017-06-15,2.36,713400850.59,30211411611.23,2673,29498010760.64,15/06/2017
2017-06-16,2.36,712892864.88,30209243589.11,2674,29496350724.23,16/06/2017
2017-06-19,2.36,712195485.48,30218218788.47,2675,29506023302.99,19/06/2017
2017-06-20,2.36,711795986.37,30219027093.47,2676,29507231107.1,20/06/2017
2017-06-21,2.35,711056952.35,30220925682.49,2677,29509868730.14,21/06/2017
2017-06-22,2.35,711031799.75,30223287416.81,2678,29512255617.06,22/06/2017
2017-06-23,2.35,710998252.32,30227985757.31,2679,29516987504.99,23/06/2017
2017-06-28,2.35,711097441.05,30256322882.2,2680,29545225441.15,28/06/2017
2017-06-29,2.35,711224099.5,30271801742.73,2681,29560577643.23,29/06/2017
2017-06-30,2.35,711666291.59,30288411299.29,2682,29576745007.7,30/06/2017
2017-07-03,2.35,713590548.09,30309442306.82,2683,29595851758.73,03/07/2017
2017-07-04,2.36,714183546.31,30323748470.69,2684,29609564924.38,04/07/2017
2017-07-05,2.36,714566860.16,30339249642.84,2685,29624682782.68,05/07/2017
2017-07-06,2.36,714999410.63,30333811209.67,2686,29618811799.04,06/07/2017
2017-07-07,2.36,715467666.31,30325316268.38,2687,29609848602.07,07/07/2017
2017-07-10,2.36,716194794.13,30340267544.87,2688,29624072750.74,10/07/2017
2017-07-11,2.36,715872829.84,30362759195.17,2689,29646886365.33,11/07/2017
2017-07-12,2.36,715724282.94,30386940500.46,2690,29671216217.52,12/07/2017
2017-07-13,2.35,715672260.69,30413671635.23,2691,29697999374.54,13/07/2017
2017-07-14,2.35,715823314.12,30427376599.2,2692,29711553285.08,14/07/2017
2017-07-17,2.35,716211968.73,30466371664.25,2693,29750159695.52,17/07/2017
2017-07-18,2.35,716504928.9,30486477221.17,2694,29769972292.27,18/07/2017
2017-07-19,2.35,716695765.76,30511602509.45,2695,29794906743.69,19/07/2017
2017-07-20,2.35,717034402.37,30542544310.29,2696,29825509907.92,20/07/2017
2017-07-21,2.35,717336056.72,30570768443.62,2697,29853432386.9,21/07/2017
2017-07-24,2.34,716138531.51,30658556659.18,2698,29942418127.67,24/07/2017
2017-07-25,2.33,715765493.45,30690433946.43,2699,29974668452.98,25/07/2017
2017-07-26,2.33,715985702.93,30717616516.41,2700,30001630813.48,26/07/2017
2017-07-27,2.33,716286046.7,30743882448.01,2701,30027596401.31,27/07/2017
2017-07-28,2.33,716606898.53,30774441012.09,2702,30057834113.56,28/07/2017
2017-07-31,2.32,717064034.61,30843102473.56,2703,30126038438.95,31/07/2017
2017-08-01,2.32,716487813.92,30876017697.15,2704,30159529883.23,01/08/2017
2017-08-02,2.32,715957649.58,30899599684.45,2705,30183642034.87,02/08/2017
2017-08-03,2.31,715490075.57,30927296027.32,2706,30211805951.75,03/08/2017
2017-08-04,2.31,715000285.36,30965876757.18,2707,30250876471.82,04/08/2017
2017-08-07,2.29,713199525.88,31154312750.56,2708,30441113224.68,07/08/2017
2017-08-08,2.28,712540754.72,31222178575.93,2709,30509637821.21,08/08/2017
2017-08-09,2.28,712669154.61,31266086965.44,2710,30553417810.83,09/08/2017
2017-08-10,2.28,712641852.82,31311015522.82,2711,30598373670,10/08/2017
2017-08-11,2.27,712580401.71,31357386217.72,2712,30644805816.01,11/08/2017
2017-08-14,2.26,712126513.31,31485085622.41,2713,30772959109.1,14/08/2017
2017-08-15,2.26,711890674.48,31523227462.32,2714,30811336787.84,15/08/2017
2017-08-16,2.26,711646252.44,31551330609.82,2715,30839684357.38,16/08/2017
2017-08-17,2.25,711174842.84,31572831645.51,2716,30861656802.67,17/08/2017
2017-08-18,2.25,710875394.49,31598895310.47,2717,30888019915.98,18/08/2017
2017-08-19,2.25,710529832.24,31618753701,2719,30908223868.76,19/08/2017
2017-08-20,2.24,710255211.32,31642542920.6,2720,30932287709.28,20/08/2017
2017-08-21,2.24,709990305.76,31667997303.26,2721,30958006997.5,21/08/2017
2017-08-22,2.24,709808337.1,31681683104.45,2722,30971874767.35,22/08/2017
2017-08-23,2.24,709607939.85,31697063176.5,2723,30987455236.65,23/08/2017
2017-08-24,2.24,709300341.47,31715022550.9,2724,31005722209.43,24/08/2017
2017-08-25,2.24,709300341.47,31715022550.9,2725,31005722209.43,25/08/2017
2017-08-26,2.23,707447564.91,31761566932.57,2726,31054119367.66,26/08/2017
2017-08-27,2.22,706473756.63,31783984814.61,2727,31077511057.98,27/08/2017
2017-08-28,2.22,705539432.45,31800575438.8,2728,31095036006.35,28/08/2017
2017-08-29,2.22,704685840.79,31811620611.47,2729,31106934770.68,29/08/2017
2017-08-30,2.21,703795980.8,31826304011.39,2730,31122508030.59,30/08/2017
2017-08-31,2.21,703559354.64,31825701619.59,2731,31122142264.95,31/08/2017
2017-09-05,2.21,702482064.67,31761674597.09,2732,31059192532.42,05/09/2017
2017-09-06,2.21,702291614.73,31755055310.71,2733,31052763695.98,06/09/2017
2017-09-07,2.21,702060919.97,31748981206.48,2734,31046920286.51,07/09/2017
2017-09-08,2.21,701972006.46,31745870751.63,2735,31043898745.17,08/09/2017
2017-09-11,2.21,701841642.86,31763111148.48,2736,31061269505.62,11/09/2017
2017-09-12,2.21,702070711.16,31800293241.44,2737,31098222530.28,12/09/2017
2017-09-13,2.21,702301965.53,31845098429.11,2738,31142796463.58,13/09/2017
2017-09-14,2.2,702530690.67,31883732360.08,2739,31181201669.41,14/09/2017
2017-09-15,2.2,702804300.01,31913976957.23,2740,31211172657.22,15/09/2017
2017-09-18,2.2,703673635.46,32015989583.71,2741,31312315948.25,18/09/2017
2017-09-19,2.2,703933281.36,32046979446.78,2742,31343046165.42,19/09/2017
2017-09-20,2.2,704196128.23,32078893921.93,2743,31374697793.7,20/09/2017
2017-09-21,2.19,704340116.5,32121478683.42,2744,31417138566.92,21/09/2017
2017-09-22,2.19,704457390.25,32162189162.28,2745,31457731772.03,22/09/2017
2017-09-25,2.18,704962593.36,32280707305.11,2746,31575744711.75,25/09/2017
2017-09-26,2.18,705066199.11,32321852515.36,2747,31616786316.25,26/09/2017
2017-09-27,2.18,705114058.98,32372715891.25,2748,31667601832.27,27/09/2017
2017-09-28,2.17,705048366.69,32429314634.37,2749,31724266267.68,28/09/2017
2017-09-29,2.17,705007352.98,32490900723.28,2750,31785893370.3,29/09/2017
2017-10-03,2.15,704895089.09,32740684366.8,2751,32035789277.71,03/10/2017
2017-10-04,2.15,704420614.88,32805864514.58,2752,32101443899.7,04/10/2017
2017-10-05,2.14,703883563.88,32849717881.48,2753,32145834317.6,05/10/2017
2017-10-06,2.14,703315679.42,32896279718.5,2754,32192964039.08,06/10/2017
2017-10-09,2.12,701748055.41,33032136118.72,2755,32330388063.31,09/10/2017
2017-10-10,2.12,701221459.87,33076156501.35,2756,32374935041.48,10/10/2017
2017-10-11,2.12,700812031.53,33101146775.44,2757,32400334743.91,11/10/2017
2017-10-12,2.11,700122786.17,33112042883,2758,32411920096.83,12/10/2017
2017-10-13,2.11,699394821.91,33127651768.19,2759,32428256946.28,13/10/2017
2017-10-16,2.1,697309096.65,33214422214.9,2760,32517113118.25,16/10/2017
2017-10-17,2.09,696609976.96,33254861222.92,2761,32558251245.96,17/10/2017
2017-10-18,2.09,695948523.85,33306005614.95,2762,32610057091.1,18/10/2017
2017-10-19,2.08,695177730.35,33357519451.13,2763,32662341720.78,19/10/2017
2017-10-20,2.08,694337046.62,33407502574.25,2764,32713165527.63,20/10/2017
2017-10-23,2.06,692380212.18,33546666143.3,2765,32854285931.12,23/10/2017
2017-10-24,2.06,692498843.78,33583034451.59,2766,32890535607.81,24/10/2017
2017-10-25,2.06,692710334.47,33617817698.67,2767,32925107364.2,25/10/2017
2017-10-26,2.06,692924776.8,33656087483.1,2768,32963162706.3,26/10/2017
2017-10-27,2.06,693208781.29,33689852805.92,2769,32996644024.63,27/10/2017
2017-10-30,2.05,694051420.94,33786150815.05,2770,33092099394.11,30/10/2017
2017-10-31,2.05,694286247.79,33825011432.47,2771,33130725184.68,31/10/2017
2017-11-01,2.05,694297779.12,33862879436.89,2772,33168581657.77,01/11/2017
2017-11-02,2.05,694343446.5,33898980788.71,2773,33204637342.21,02/11/2017
2017-11-03,2.05,694792809.63,33931281790.35,2774,33236488980.72,03/11/2017
2017-11-06,2.05,696358408.11,34009141213.58,2775,33312782805.47,06/11/2017
2017-11-07,2.05,696867258.2,34029633900.29,2776,33332766642.09,07/11/2017
2017-11-08,2.05,697299525.78,34073420885.6,2777,33376121359.82,08/11/2017
2017-11-09,2.04,697752001.33,34122826483,2778,33425074481.67,09/11/2017
2017-11-10,2.04,698184915.33,34160455924.51,2779,33462271009.18,10/11/2017
2017-11-13,2.04,699247927.08,34271851810.14,2780,33572603883.06,13/11/2017
2017-11-14,2.04,699634372.83,34306076688.82,2781,33606442315.99,14/11/2017
2017-11-15,2.04,700276302.73,34329781617.07,2782,33629505314.34,15/11/2017
2017-11-16,2.04,700888504.25,34356468043.23,2783,33655579538.98,16/11/2017
2017-11-17,2.04,701549707.77,34374108373.35,2784,33672558665.58,17/11/2017
2017-11-20,2.05,703935797.19,34414306283.61,2785,33710370486.42,20/11/2017
2017-11-21,2.05,704726838.49,34429914922.29,2786,33725188083.8,21/11/2017
2017-11-22,2.05,705218012.97,34457842787.28,2787,33752624774.31,22/11/2017
2017-11-23,2.04,705186496.17,34491200036.34,2788,33786013540.17,23/11/2017
2017-11-24,2.04,705106875.02,34529194966.56,2789,33824088091.54,24/11/2017
2017-11-27,2.04,704882589.89,34633123470.64,2790,33928240880.75,27/11/2017
2017-11-28,2.03,704803820.09,34673806308.35,2791,33969002488.26,28/11/2017
2017-11-29,2.02,704785363.68,34816024449.91,2792,34111239086.23,29/11/2017
2017-11-30,2.02,704745623.3,34945550023.21,2793,34240804399.91,30/11/2017
2017-12-01,2.01,704929178.48,35076068209.55,2794,34371139031.07,01/12/2017
2017-12-04,1.99,705448535.71,35468280668.6,2795,34762832132.89,04/12/2017
2017-12-05,1.98,705552334.92,35593474814.34,2796,34887922479.42,05/12/2017
2017-12-06,1.97,705561528.11,35728460476.23,2797,35022898948.12,06/12/2017
2017-12-07,1.97,705463821.33,35863941983.6,2798,35158478162.27,07/12/2017
2017-12-08,1.96,705570933.74,36009919799.87,2799,35304348866.13,08/12/2017
2017-12-11,1.94,705846324.21,36434386661.31,2800,35728540337.1,11/12/2017
2017-12-12,1.93,705914364.59,36575831517.48,2801,35869917152.89,12/12/2017
2017-12-13,1.92,706304151.96,36715248665.83,2802,36008944513.87,13/12/2017
2017-12-14,1.92,706511060.88,36853971498.7,2803,36147460437.82,14/12/2017
2017-12-15,1.91,706475968.64,36979821074.42,2804,36273345105.78,15/12/2017
2017-12-18,1.89,706269423.61,37353429177.59,2805,36647159753.98,18/12/2017
2017-12-19,1.88,706430770.17,37494313710.85,2806,36787882940.68,19/12/2017
2017-12-20,1.88,706585524.67,37636754982.88,2807,36930169458.21,20/12/2017
2017-12-21,1.87,706740586.92,37780073976.85,2808,37073333389.93,21/12/2017
2017-12-22,1.86,706857299.32,37921897617.66,2809,37215040318.34,22/12/2017
2017-12-27,1.83,707375541.61,38602267412.49,2812,37894891870.88,27/12/2017
2017-12-28,1.83,707416610.85,38730963336.96,2810,38023546726.11,28/12/2017
2017-12-29,1.82,707400743.94,38765961445.42,2811,38058560701.48,29/12/2017
2018-01-02,1.82,707402962.64,38912059328.29,2813,38204656365.65,02/01/2018
2018-01-03,1.81,707609259.22,38992762722.96,2814,38285153463.74,03/01/2018
2018-01-04,1.81,707785421.62,39074969396.36,2815,38367183974.74,04/01/2018
2018-01-05,1.81,707977035.62,39158562811.5,2816,38450585775.88,05/01/2018
2018-01-08,1.8,708669786.65,39338143110.27,2817,38629473323.62,08/01/2018
2018-01-09,1.8,708819447.58,39381091438.21,2818,38672271990.63,09/01/2018
2018-01-10,1.8,709043216.31,39429448507.32,2819,38720405291.01,10/01/2018
2018-01-11,1.8,709269976.27,39476089011.51,2820,38766819035.24,11/01/2018
2018-01-12,1.79,709188791.58,39531441209.71,2821,38822252418.13,12/01/2018
2018-01-15,1.79,709436776.25,39720808789.6,2822,39011372013.35,15/01/2018
2018-01-16,1.78,709357312.44,39786684587.24,2823,39077327274.8,16/01/2018
2018-01-17,1.78,709312999.38,39864255961.27,2824,39154942961.89,17/01/2018
2018-01-18,1.78,709082469.1,39924699942.91,2825,39215617473.81,18/01/2018
2018-01-19,1.77,708895350.04,39984932830.37,2826,39276037480.33,19/01/2018
2018-01-22,1.76,708454408.22,40151262478.72,2827,39442808070.5,22/01/2018
2018-01-23,1.76,708728799.18,40212591170.23,2828,39503862371.05,23/01/2018
2018-01-24,1.76,709035452.98,40271040333.87,2829,39562004880.89,24/01/2018
2018-01-25,1.76,709304660.99,40330005174.85,2830,39620700513.86,25/01/2018
2018-01-26,1.76,709570779.6,40392164647.66,2831,39682593868.06,26/01/2018
2018-01-29,1.75,710563020.69,40563826628.33,2832,39853263607.64,29/01/2018
2018-01-30,1.75,710855079.68,40625286969.64,2833,39914431889.96,30/01/2018
2018-01-31,1.75,711095459.72,40685233207.04,2834,39974137747.32,31/01/2018
2018-02-01,1.74,711093891.32,40755741937.92,2835,40044648046.6,01/02/2018
2018-02-02,1.74,710949847.96,40793202004.51,2836,40082252156.55,02/02/2018
2018-02-05,1.74,710647696.01,40892377125.18,2837,40181729429.17,05/02/2018
2018-02-06,1.74,710480909.89,40922469298.25,2838,40211988388.36,06/02/2018
2018-02-07,1.73,710276667.18,41005550667.62,2839,40295274000.44,07/02/2018
2018-02-08,1.73,710057849.21,41092672948.1,2840,40382615098.89,08/02/2018
2018-02-09,1.72,709829248.81,41176183157.61,2841,40466353908.8,09/02/2018
2018-02-12,1.71,709060208.34,41403243627.53,2842,40694183419.19,12/02/2018
2018-02-13,1.71,708816556.46,41469487136.23,2843,40760670579.77,13/02/2018
2018-02-14,1.71,708543022.16,41535524537.35,2844,40826981515.19,14/02/2018
2018-02-15,1.7,708467491.8,41580353073.39,2845,40871885581.59,15/02/2018
2018-02-16,1.7,708552067.79,41621070013.51,2846,40912517945.72,16/02/2018
2018-02-19,1.7,708396658.77,41734731179.73,2847,41026334520.96,19/02/2018
2018-02-20,1.7,708304748.16,41773287317.39,2848,41064982569.23,20/02/2018
2018-02-21,1.69,708051580.13,41816475760.7,2849,41108424180.57,21/02/2018
2018-02-22,1.69,707540660.37,41857790584.14,2850,41150249923.77,22/02/2018
2018-02-23,1.69,707105793.74,41926730407.11,2851,41219624613.37,23/02/2018
2018-02-26,1.67,705851849.03,42212029654.03,2852,41506177805,26/02/2018
2018-02-27,1.67,705298597.23,42354085175.2,2853,41648786577.97,27/02/2018
2018-02-28,1.66,704748001.75,42492668841.44,2854,41787920839.69,28/02/2018
2018-03-01,1.65,704360293.99,42626409029.5,2855,41922048735.51,01/03/2018
2018-03-02,1.65,703734276.24,42756853579.83,2856,42053119303.59,02/03/2018
2018-03-05,1.63,702632982.52,43126211153.26,2857,42423578170.74,05/03/2018
2018-03-06,1.62,702333341.15,43285639422.87,2858,42583306081.72,06/03/2018
2018-03-07,1.62,702031476.11,43451218407.22,2860,42749186931.11,07/03/2018
2018-03-08,1.61,701791962.93,43618046410.4,2859,42916254447.47,08/03/2018
2018-03-09,1.6,701484525.89,43732262715.85,2861,43030778189.96,09/03/2018
2018-03-12,1.59,700875006.13,44078896851.82,2862,43378021845.69,12/03/2018
2018-03-13,1.59,700668088.4,44201760547.06,2863,43501092458.66,13/03/2018
2018-03-14,1.58,700497606.25,44333718867.23,2864,43633221260.98,14/03/2018
2018-03-15,1.57,700283929.14,44468021703.74,2865,43767737774.6,15/03/2018
2018-03-16,1.57,699985024.94,44599725575.92,2866,43899740550.98,16/03/2018
2018-03-19,1.55,698830235.81,45055358785.46,2867,44356528549.65,19/03/2018
2018-03-20,1.54,698399522.71,45207776826.92,2868,44509377304.21,20/03/2018
2018-03-21,1.54,697967821.54,45360962230.86,2869,44662994409.32,21/03/2018
2018-03-22,1.53,697630778.03,45514358633.24,2872,44816727855.21,22/03/2018
2018-03-23,1.53,697361926.02,45658659442.63,2871,44961297516.61,23/03/2018
2018-03-26,1.51,696086714.71,46041428266.08,2870,45345341551.37,26/03/2018
2018-03-27,1.51,696753188.69,46166526391.24,2873,45469773202.55,27/03/2018
2018-03-28,1.51,697578169.71,46208868997.21,2874,45511290827.5,28/03/2018
2018-03-29,1.51,698404855.33,46257182160.71,2875,45558777305.38,29/03/2018
2018-04-03,1.51,702966088.42,46506539094.24,2877,45803573005.82,03/04/2018
2018-04-04,1.51,704083952.53,46554122232.04,2878,45850038279.51,04/04/2018
2018-04-05,1.51,705104832.89,46592100457.61,2879,45886995624.72,05/04/2018
2018-04-06,1.51,706193125.44,46631215746.51,2880,45925022621.07,06/04/2018
2018-04-09,1.52,709381074.48,46753388198.62,2881,46044007124.14,09/04/2018
2018-04-10,1.52,710547940.33,46798173792.92,2882,46087625852.59,10/04/2018
2018-04-11,1.52,711736776.07,46845672037,2883,46133935260.93,11/04/2018
2018-04-12,1.52,713045585.61,46881737510.88,2884,46168691925.27,12/04/2018
2018-04-13,1.52,714316866.95,46917346675.74,2885,46203029808.79,13/04/2018
2018-04-16,1.53,718382151.07,47009456867.78,2886,46291074716.71,16/04/2018
2018-04-17,1.53,719778496.57,47036167404.64,2887,46316388908.07,17/04/2018
2018-04-18,1.53,720932372.88,47081645633.88,2888,46360713261,18/04/2018
2018-04-19,1.53,722063067.78,47127796387.86,2889,46405733320.08,19/04/2018
2018-04-20,1.53,723155338.3,47171628080.48,2890,46448472742.18,20/04/2018
2018-04-23,1.54,726129343.32,47297372528.18,2891,46571243184.86,23/04/2018
2018-04-24,1.54,727051223.01,47333934686.61,2892,46606883463.6,24/04/2018
2018-04-25,1.54,727934232.04,47361932274.91,2893,46633998042.87,25/04/2018
2018-04-26,1.54,727734964.17,47388634779.48,2895,46660899815.31,26/04/2018
2018-04-27,1.53,727421344.67,47416599658.79,2896,46689178314.12,27/04/2018
2018-04-30,1.53,726767755.63,47492639431.7,2897,46765871676.07,30/04/2018
2018-05-02,1.53,726723299.23,47513882146.56,2898,46787158847.33,02/05/2018
2018-05-03,1.53,726732343.24,47576510381.45,2899,46849778038.21,03/05/2018
2018-05-04,1.52,726747737.39,47655822515.56,2900,46929074778.17,04/05/2018
2018-05-07,1.52,726440639.57,47804549760.88,2901,47078109121.31,07/05/2018
2018-05-08,1.52,726504280.34,47831459723.39,2902,47104955443.05,08/05/2018
2018-05-09,1.52,726884242.37,47852386892.77,2903,47125502650.4,09/05/2018
2018-05-10,1.52,727375936.53,47865678576.82,2904,47138302640.29,10/05/2018
2018-05-11,1.52,727845427.37,47846286868.65,2905,47118441441.28,11/05/2018
2018-05-14,1.53,728886310.18,47793420671.44,2906,47064534361.26,14/05/2018
2018-05-15,1.53,729152039.98,47787468131.98,2907,47058316092,15/05/2018
2018-05-16,1.53,729400918.69,47784084649.8,2908,47054683731.11,16/05/2018
2018-05-17,1.53,729953700.14,47793953949.35,2909,47064000249.21,17/05/2018
2018-05-18,1.53,730500948.66,47799652453.8,2910,47069151505.14,18/05/2018
2018-05-21,1.53,732966615.52,47754406198.48,2911,47021439582.96,21/05/2018
2018-05-22,1.54,733835016.38,47741576221.08,2912,47007741204.7,22/05/2018
2018-05-23,1.54,734674240.18,47725795115.92,2913,46991120875.74,23/05/2018
2018-05-24,1.54,735459561.29,47707951025.05,2914,46972491463.76,24/05/2018
2018-05-25,1.54,736207094.35,47692757718.06,2915,46956550623.71,25/05/2018
2018-05-28,1.55,737472616.71,47655421061.86,2916,46917948445.15,28/05/2018
2018-05-30,1.55,737166715.25,47622706934.38,2917,46885540219.13,30/05/2018
2018-05-31,1.55,737079616.04,47605290416.49,2918,46868210800.45,31/05/2018
2018-06-01,1.55,736854675.48,47596058224.93,2919,46859203549.45,01/06/2018
2018-06-04,1.55,736391929.67,47472550210.24,2920,46736158280.57,04/06/2018
2018-06-05,1.55,736068787.39,47452170009.61,2921,46716101222.22,05/06/2018
2018-06-06,1.55,735646662.63,47436780843.82,2922,46701134181.19,06/06/2018
2018-06-07,1.55,735452770.53,47425119657.05,2923,46689666886.52,07/06/2018
2018-06-08,1.55,734914036.92,47437063993.37,2924,46702149956.45,08/06/2018
2018-06-11,1.54,733311231.7,47547188966.37,2925,46813877734.67,11/06/2018
2018-06-12,1.54,733098820.4,47585290116.57,2926,46852191296.17,12/06/2018
2018-06-13,1.54,733687613.88,47627340654.09,2927,46893653040.21,13/06/2018
2018-06-14,1.54,734331394.74,47655078327.23,2928,46920746932.49,14/06/2018
2018-06-19,1.54,735756638.9,47774904038.44,2929,47039147399.54,19/06/2018
2018-06-20,1.54,735472406.96,47781789297.04,2930,47046316890.08,20/06/2018
2018-06-21,1.54,734688379.36,47784255384.29,2931,47049567004.93,21/06/2018
2018-06-22,1.54,733976563.3,47787183152.82,2932,47053206589.52,22/06/2018
2018-06-25,1.53,732333408.07,47804356828.87,2933,47072023420.8,25/06/2018
2018-06-26,1.53,731820673.39,47790210493.04,2934,47058389819.65,26/06/2018
2018-06-27,1.53,732290132.49,47782034919.15,2935,47049744786.66,27/06/2018
2018-06-28,1.53,732715858.94,47775590008.87,2936,47042874149.93,28/06/2018
2018-06-29,1.53,733003036.72,47788529071.25,2937,47055526034.53,29/06/2018
2018-07-02,1.54,733771190.46,47798672375.68,2938,47064901185.22,02/07/2018
2018-07-03,1.54,734152120.69,47795493983.22,2939,47061341862.53,03/07/2018
2018-07-04,1.54,734385594.87,47798617747.83,2940,47064232152.96,04/07/2018
2018-07-05,1.54,734868624.99,47798884273.66,2941,47064015648.67,05/07/2018
2018-07-06,1.54,735706964.34,47792804698.81,2942,47057097734.47,06/07/2018
2018-07-09,1.54,737519746.92,47749218711.14,2943,47011698964.22,09/07/2018
2018-07-10,1.55,738097520.38,47728612007.97,2944,46990514487.59,10/07/2018
2018-07-11,1.55,738321027.87,47697265382.53,2945,46958944354.66,11/07/2018
2018-07-12,1.55,738785845.65,47663909039.09,2946,46925123193.44,12/07/2018
2018-07-13,1.55,738502318.68,47621760982.81,2947,46883258664.13,13/07/2018
2018-07-16,1.55,737698275.13,47514746800.94,2948,46777048525.81,16/07/2018
2018-07-17,1.55,737197398.46,47481257502.06,2949,46744060103.6,17/07/2018
2018-07-18,1.55,736723115.26,47447891619.63,2950,46711168504.37,18/07/2018
2018-07-19,1.55,736839513.34,47409827619.42,2951,46672988106.08,19/07/2018
2018-07-20,1.56,737071497.03,47388377466.65,2952,46651305969.62,20/07/2018
2018-07-23,1.56,739102644.6,47327123730.35,2953,46588021085.75,23/07/2018
2018-07-24,1.56,739677565.71,47303236909.85,2954,46563559344.14,24/07/2018
2018-07-25,1.57,740205225.3,47280120365.73,2956,46539915140.43,25/07/2018
2018-07-26,1.57,740789179.3,47268259026.47,2957,46527469847.17,26/07/2018
2018-07-27,1.57,741336545.9,47249765344.19,2958,46508428798.29,27/07/2018
2018-07-30,1.57,742764695.88,47164590628.47,2959,46421825932.59,30/07/2018
2018-07-31,1.58,743060508.94,47119702152.49,2960,46376641643.55,31/07/2018
2018-08-01,1.58,743166420.76,47073976639.36,2961,46330810218.6,01/08/2018
2018-08-02,1.58,743209062.77,47069068473.32,2962,46325859410.55,02/08/2018
2018-08-03,1.58,743239421.78,47013291560.17,2963,46270052138.39,03/08/2018
2018-08-06,1.58,742483438.81,46868986381.63,2964,46126502942.82,06/08/2018
2018-08-07,1.58,741977442.23,46813740523.61,2965,46071763081.38,07/08/2018
2018-08-08,1.59,741341379.72,46759600969.27,2966,46018259589.55,08/08/2018
2018-08-09,1.59,740758612.17,46701701708.11,2967,45960943095.94,09/08/2018
2018-08-10,1.59,739956074.35,46663263322.2,2968,45923307247.85,10/08/2018
2018-08-13,1.58,736698789.99,46556792907.4,2969,45820094117.41,13/08/2018
2018-08-14,1.58,735551225.69,46508986775.73,2970,45773435550.04,14/08/2018
2018-08-15,1.58,734280783.6,46461629557.21,2971,45727348773.61,15/08/2018
2018-08-16,1.58,733284490.11,46419656870.42,2972,45686372380.31,16/08/2018
2018-08-17,1.58,732325323.76,46373157380.82,2973,45640832057.06,17/08/2018
2018-08-20,1.58,729379025.43,46257472301.62,2974,45528093276.19,20/08/2018
2018-08-23,1.57,726472930.35,46128716299.08,2975,45402243368.73,23/08/2018
2018-08-24,1.57,725533084.09,46091147878.33,2976,45365614794.24,24/08/2018
2018-08-27,1.57,722633338.53,45989446177.29,2977,45266812838.76,27/08/2018
2018-08-28,1.57,721581437.76,45945412788.54,2978,45223831350.78,28/08/2018
2018-08-29,1.57,720756897,45909954058.88,2979,45189197161.88,29/08/2018
2018-08-30,1.57,719915323.87,45874969959.55,2980,45155054635.68,30/08/2018
2018-08-31,1.57,719219254.9,45838593558.72,2981,45119374303.82,31/08/2018
2018-09-03,1.57,717068779.29,45627450231.94,2982,44910381452.65,03/09/2018
2018-09-04,1.57,716337158.84,45550496192.63,2983,44834159033.79,04/09/2018
2018-09-05,1.57,715860028.7,45509960213.5,2984,44794100184.8,05/09/2018
2018-09-06,1.57,715340560.1,45468258469.27,2985,44752917909.17,06/09/2018
2018-09-07,1.57,714926162.05,45421618930.38,2986,44706692768.33,07/09/2018
2018-09-10,1.57,713534622.84,45312818175.68,2987,44599283552.84,10/09/2018
2018-09-11,1.57,712905326.67,45276241614.98,2988,44563336288.31,11/09/2018
2018-09-12,1.57,712304597.83,45246957715.99,2989,44534653118.16,12/09/2018
2018-09-13,1.57,711713301.8,45228393882.48,2990,44516680580.68,13/09/2018
2018-09-14,1.57,711233150.93,45198606664.73,2991,44487373513.8,14/09/2018
2018-09-17,1.57,709646673.51,45070859484.27,2992,44361212810.76,17/09/2018
2018-09-18,1.58,709133782.84,45002874361.85,2993,44293740579.01,18/09/2018
2018-09-19,1.58,710169418.67,44944594002.19,2994,44234424583.52,19/09/2018
2018-09-20,1.58,711388517.81,44890327540.49,2995,44178939022.68,20/09/2018
2018-09-21,1.59,712603244.82,44825565824.91,2996,44112962580.09,21/09/2018
2018-09-24,1.61,716554604.07,44610731529.19,2997,43894176925.12,24/09/2018
2018-09-25,1.61,718002184.34,44529985818.82,2998,43811983634.48,25/09/2018
2018-09-26,1.62,719496115.37,44458822330.6,2999,43739326215.23,26/09/2018
2018-09-27,1.62,721011675.42,44380658132.53,3000,43659646457.11,27/09/2018
2018-09-28,1.63,722649977.56,44305099103.88,3001,43582449126.32,28/09/2018
2018-10-02,1.66,728991950.79,44025805725.99,3002,43296813775.2,02/10/2018
2018-10-03,1.66,730463580.79,43973902186.83,3003,43243438606.04,03/10/2018
2018-10-04,1.67,731959099.6,43922881310.68,3004,43190922211.08,04/10/2018
2018-10-05,1.67,733444880.05,43838985723.33,3005,43105540843.28,05/10/2018
2018-10-08,1.69,737869263.41,43610336600.75,3006,42872467337.34,08/10/2018
2018-10-09,1.7,739681577.42,43528523380.29,3007,42788841802.87,09/10/2018
2018-10-10,1.71,741709853.62,43437951431.22,3008,42696241577.6,10/10/2018
2018-10-11,1.72,743793120.92,43349506864.39,3009,42605713743.47,11/10/2018
2018-10-12,1.72,745870954.56,43257257499.92,3010,42511386545.36,12/10/2018
2018-10-15,1.75,751959421.12,43002460464.54,3011,42250501043.42,15/10/2018
2018-10-16,1.76,753890566.63,42916930791.69,3012,42163040225.06,16/10/2018
2018-10-17,1.76,755686500.15,42841189390.31,3013,42085502890.16,17/10/2018
2018-10-18,1.77,757441771.3,42781066437.46,3014,42023624666.16,18/10/2018
2018-10-19,1.77,757519419.77,42719127494.41,3015,41961608074.64,19/10/2018
2018-10-22,1.78,757068491.38,42529972220.33,3017,41772903728.95,22/10/2018
2018-10-23,1.78,756791568.69,42462419960.12,3018,41705628391.43,23/10/2018
2018-10-24,1.78,756390605.5,42405862753.69,3019,41649472148.19,24/10/2018
2018-10-25,1.79,756067973.11,42343454924.36,3020,41587386951.25,25/10/2018
2018-10-26,1.79,755779850.27,42281967457.61,3021,41526187607.34,26/10/2018
2018-10-29,1.79,752907347.29,42128219115.6,3022,41375311768.31,29/10/2018
2018-10-30,1.78,750435131.33,42061942045.27,3023,41311506913.94,30/10/2018
2018-10-31,1.78,747939121.65,41995242740.39,3024,41247303618.74,31/10/2018
2018-11-01,1.78,745656216.58,41946702284.25,3025,41201046067.67,01/11/2018
2018-11-02,1.77,743379643.88,41911280903.67,3026,41167901259.79,02/11/2018
2018-11-05,1.76,736465630.6,41824609062.88,3027,41088143432.28,05/11/2018
2018-11-06,1.76,734148248.6,41791116916.63,3028,41056968668.03,06/11/2018
2018-11-07,1.75,731937875.19,41771829459.65,3029,41039891584.46,07/11/2018
2018-11-08,1.75,729314863.77,41756643938.29,3030,41027329074.52,08/11/2018
2018-11-09,1.74,726705559.03,41735914564.12,3031,41009209005.09,09/11/2018
2018-11-12,1.72,718779313.88,41691426159.64,3032,40972646845.76,12/11/2018
2018-11-13,1.72,716177861.27,41666511222.08,3033,40950333360.81,13/11/2018
2018-11-14,1.71,713710077.03,41644458677.92,3034,40930748600.89,14/11/2018
2018-11-15,1.71,711264968.68,41620539474.55,3035,40909274505.87,15/11/2018
2018-11-16,1.7,709095835.52,41604453293.11,3036,40895357457.59,16/11/2018
2018-11-19,1.69,702907784.82,41559439606.9,3037,40856531822.08,19/11/2018
2018-11-21,1.68,698568272.52,41533670829.05,3038,40835102556.53,21/11/2018
2018-11-22,1.68,696345528.13,41523249350.55,3039,40826903822.42,22/11/2018
2018-11-23,1.67,694009188.44,41599135527.05,3040,40905126338.61,23/11/2018
2018-11-26,1.64,686747360.83,41829552420.64,3041,41142805059.81,26/11/2018
2018-11-27,1.63,684229262.8,41909779995.91,3042,41225550733.11,27/11/2018
2018-11-28,1.63,683737617.07,41992014764.96,3043,41308277147.89,28/11/2018
2018-11-29,1.62,683517958.53,42076622654.67,3044,41393104696.14,29/11/2018
2018-11-30,1.62,683335188.51,42167181452.09,3045,41483846263.58,30/11/2018
2018-12-03,1.63,688653919.73,42331337525.87,3046,41642683606.14,03/12/2018
2018-12-04,1.64,694297143.69,42406342409.68,3047,41712045265.99,04/12/2018
2018-12-05,1.65,701116522.68,42485909321.77,3048,41784792799.09,05/12/2018
2018-12-07,1.69,719206701.25,42600734414.43,3049,41881527713.18,07/12/2018
2018-12-10,1.76,753657997.76,42754874009.86,3050,42001216012.1,10/12/2018
2018-12-11,1.79,765481653.92,42795561094.85,3051,42030079440.93,11/12/2018
2018-12-12,1.81,777384097.84,42834903666.8,3052,42057519568.96,12/12/2018
2018-12-13,1.84,789206074.55,42877233418.93,3053,42088027344.38,13/12/2018
2018-12-14,1.87,800969904.15,42918575967.21,3054,42117606063.06,14/12/2018
2018-12-17,1.94,835817254.11,43041539128.64,3055,42205721874.53,17/12/2018
2018-12-18,1.97,847349864.41,43084864560.81,3056,42237514696.4,18/12/2018
2018-12-19,1.99,858920518.29,43132823635.22,3057,42273903116.93,19/12/2018
2018-12-20,2.02,870706405.98,43174209288.5,3058,42303502882.52,20/12/2018
2018-12-21,2.04,882881477.92,43242589363.97,3059,42359707886.05,21/12/2018
2018-12-24,2.12,919237884.83,43285731816.88,3060,42366493932.05,24/12/2018
2018-12-27,2.21,955449847.85,43226681006.06,3061,42271231158.21,27/12/2018
2018-12-28,2.24,967548653.74,43195564993.83,3062,42228016340.09,28/12/2018
2018-12-31,2.33,1003324269.92,43116863592.93,3063,42113539323.01,31/12/2018
2019-01-02,2.37,1020993681.82,43075740907.99,3064,42054747226.17,02/01/2019
2019-01-03,2.38,1025446067.69,43057191024.3,3065,42031744956.61,03/01/2019
2019-01-04,2.39,1029245692.44,43039364684.59,3066,42010118992.15,04/01/2019
2019-01-07,2.4,1031679585.39,43041236798.16,3067,42009557212.77,07/01/2019
2019-01-08,2.4,1031546797.85,43046345896.13,3068,42014799098.28,08/01/2019
2019-01-09,2.4,1031154845.83,43047958085.22,3069,42016803239.39,09/01/2019
2019-01-10,2.39,1030968960.54,43052128708.38,3070,42021159747.84,10/01/2019
2019-01-11,2.39,1031033794.29,43058564545.66,3071,42027530751.37,11/01/2019
2019-01-14,2.39,1031366599.54,43102626862.5,3072,42071260262.96,14/01/2019
2019-01-15,2.39,1031453454.52,43100152684.83,3073,42068699230.31,15/01/2019
2019-01-16,2.39,1031731500.59,43107574689.05,3074,42075843188.46,16/01/2019
2019-01-17,2.39,1031998333.75,43101134684.52,3075,42069136350.77,17/01/2019
2019-01-18,2.39,1032257199.28,43113423493.94,3076,42081166294.66,18/01/2019
2019-01-21,2.39,1032327565.23,43129624082.4,3077,42097296517.17,21/01/2019
2019-01-22,2.39,1032306516.92,43121295121.11,3078,42088988604.19,22/01/2019
2019-01-23,2.39,1032193943.02,43118709397.66,3079,42086515454.64,23/01/2019
2019-01-24,2.39,1031988845.3,43114926854.4,3080,42082938009.1,24/01/2019
2019-01-25,2.39,1031787342.1,43111461238.78,3081,42079673896.68,25/01/2019
2019-01-28,2.39,1031498542.89,43165494606.95,3082,42133996064.06,28/01/2019
2019-01-29,2.39,1031567437.64,43174902413.69,3083,42143334976.05,29/01/2019
2019-01-30,2.39,1031773588.89,43176061146.91,3084,42144287558.02,30/01/2019
2019-01-31,2.39,1032027617.39,43174283435.47,3085,42142255818.08,31/01/2019
2019-02-01,2.39,1032310689.44,43170076572.29,3086,42137765882.85,01/02/2019
2019-02-04,2.41,1036522574.61,43041597825.74,3087,42005075251.13,04/02/2019
2019-02-05,2.41,1037641920.34,43020589778.35,3088,41982947858.01,05/02/2019
2019-02-06,2.42,1038604301.35,42991525810.71,3089,41952921509.36,06/02/2019
2019-02-07,2.42,1038720229.08,42970241624.71,3090,41931521395.63,07/02/2019
2019-02-08,2.42,1038559059.54,42948944130.37,3091,41910385070.83,08/02/2019
2019-02-11,2.42,1038830293.93,42908261473.66,3092,41869431179.73,11/02/2019
2019-02-12,2.42,1040101553.36,42891298587,3093,41851197033.64,12/02/2019
2019-02-13,2.43,1042119712.12,42877975864.7,3094,41835856152.58,13/02/2019
2019-02-14,2.43,1043102558.46,42860877993.88,3095,41817775435.42,14/02/2019
2019-02-15,2.44,1043957937.45,42837649791.8,3096,41793691854.35,15/02/2019
2019-02-18,2.45,1046547865.82,42736190991.44,3097,41689643125.62,18/02/2019
2019-02-19,2.45,1047385493.89,42689327861.38,3098,41641942367.49,19/02/2019
2019-02-20,2.46,1048323008.63,42628474610.39,3099,41580151601.76,20/02/2019
2019-02-21,2.46,1049404634.04,42580208959.46,3100,41530804325.42,21/02/2019
2019-02-22,2.47,1050690088.81,42529886827.29,3101,41479196738.48,22/02/2019
2019-02-25,2.49,1054824084.66,42381002116.45,3102,41326178031.79,25/02/2019
2019-02-26,2.5,1056288826.81,42331256610.03,3103,41274967783.22,26/02/2019
2019-02-27,2.5,1057592104.86,42309609753.75,3104,41252017648.89,27/02/2019
2019-02-28,2.5,1058858749.44,42296734110.71,3105,41237875361.27,28/02/2019
2019-03-01,2.5,1060005549.91,42316914238.68,3106,41256908688.77,01/03/2019
2019-03-04,2.51,1063303685.51,42395434726.05,3107,41332131040.54,04/03/2019
2019-03-05,2.51,1064375378.93,42466393720.03,3108,41402018341.1,05/03/2019
2019-03-06,2.51,1066078646.51,42548153590.33,3109,41482074943.82,06/03/2019
2019-03-07,2.51,1067762489.21,42606655471.1,3110,41538892981.89,07/03/2019
2019-03-08,2.51,1069572482.97,42663018278.28,3111,41593445795.31,08/03/2019
2019-03-11,2.51,1075997403.44,42818708213.98,3112,41742710810.54,11/03/2019
2019-03-12,2.51,1078100907.72,42871040349.18,3114,41792939441.46,12/03/2019
2019-03-13,2.51,1078223549.62,42928009054.22,3115,41849785504.6,13/03/2019
2019-03-14,2.51,1078130882.16,42987262843.81,3116,41909131961.65,14/03/2019
2019-03-15,2.5,1077351932.81,43050847295.9,3117,41973495363.09,15/03/2019
2019-03-18,2.49,1078039169.01,43317340520.2,3118,42239301351.19,18/03/2019
2019-03-19,2.48,1078179839.35,43410836201.45,3119,42332656362.1,19/03/2019
2019-03-20,2.48,1078089777.03,43507520972.48,3120,42429431195.45,20/03/2019
2019-03-21,2.47,1078080837.55,43619456802.63,3121,42541375965.08,21/03/2019
2019-03-22,2.46,1075949793.79,43729659507.06,3122,42653709713.27,22/03/2019
2019-03-25,2.43,1069137087.92,44040074764.1,3123,42970937676.18,25/03/2019
2019-03-26,2.42,1066849562.51,44143006292.13,3124,43076156729.62,26/03/2019
2019-03-27,2.41,1064512261.97,44245864885.07,3125,43181352623.1,27/03/2019
2019-03-28,2.4,1062022475.81,44341627009.87,3126,43279604534.06,28/03/2019
2019-03-29,2.38,1059596036.75,44428102947.32,3127,43368506910.57,29/03/2019
2019-04-01,2.36,1052690686.81,44608044246.25,3128,43555353559.44,01/04/2019
2019-04-02,2.35,1050657149.18,44648417180.76,3129,43597760031.58,02/04/2019
2019-04-03,2.35,1048627541,44682918720.15,3130,43634291179.15,03/04/2019
2019-04-04,2.34,1046711682.44,44682645349.9,3131,43635933667.46,04/04/2019
2019-04-05,2.34,1044253229.79,44678750645.36,3132,43634497415.57,05/04/2019
2019-04-08,2.32,1036677438.12,44687900775.59,3133,43651223337.47,08/04/2019
2019-04-09,2.31,1033820341.97,44702407696.19,3134,43668587354.22,09/04/2019
2019-04-10,2.31,1031680330.44,44710347545.49,3135,43678667215.05,10/04/2019
2019-04-11,2.3,1029518599.69,44721689976.76,3136,43692171377.07,11/04/2019
2019-04-12,2.3,1027356159.89,44728029780.85,3137,43700673620.96,12/04/2019
2019-04-15,2.28,1021420181.47,44736779836.23,3138,43715359654.76,15/04/2019
2019-04-16,2.28,1019397658.31,44735785090.13,3139,43716387431.82,16/04/2019
2019-04-17,2.27,1017586516.71,44736751008.92,3140,43719164492.21,17/04/2019
2019-04-18,2.27,1015756247.7,44740594631.28,3141,43724838383.58,18/04/2019
2019-04-23,2.26,1013708532.29,44762234877.91,3142,43748526345.62,23/04/2019
2019-04-24,2.26,1014018161.2,44777453767.34,3143,43763435606.14,24/04/2019
2019-04-25,2.26,1014306450.23,44787974015.62,3144,43773667565.39,25/04/2019
2019-04-26,2.27,1014592756.63,44792822848.03,3145,43778230091.4,26/04/2019
2019-04-29,2.27,1015778047.62,44802693927.79,3146,43786915880.17,29/04/2019
2019-04-30,2.27,1016306137.02,44792699904.76,3147,43776393767.74,30/04/2019
2019-05-02,2.27,1016607218.96,44792305640.18,3148,43775698421.22,02/05/2019
2019-05-03,2.27,1015720313.69,44803156630.18,3149,43787436316.49,03/05/2019
2019-05-06,2.26,1012728301.71,44813226103.84,3150,43800497802.13,06/05/2019
2019-05-07,2.26,1011639280.71,44837320096.25,3151,43825680815.54,07/05/2019
2019-05-08,2.25,1010993532.73,44843629529.3,3152,43832635996.57,08/05/2019
2019-05-09,2.25,1010367989.39,44853398815.48,3153,43843030826.09,09/05/2019
2019-05-10,2.25,1009016356.04,44875393167.61,3154,43866376811.57,10/05/2019
2019-05-14,2.23,1003877201.82,44959618290.47,3155,43955741088.65,14/05/2019
2019-05-15,2.23,1002805107.38,44982377665.69,3156,43979572558.31,15/05/2019
2019-05-16,2.23,1001616089.9,45004529059.84,3157,44002912969.94,16/05/2019
2019-05-17,2.22,1000366617.5,45023930548.86,3158,44023563931.36,17/05/2019
2019-05-20,2.21,996613377.74,45060647717.28,3159,44064034339.54,20/05/2019
2019-05-21,2.2,992602549.07,45068431079.91,3160,44075828530.84,21/05/2019
2019-05-22,2.17,980033626.97,45073967817.97,3161,44093934191,22/05/2019
2019-05-23,2.15,967648161.2,45069237444.75,3162,44101589283.55,23/05/2019
2019-05-24,2.12,955293113.13,45068111409.25,3163,44112818296.12,24/05/2019
2019-05-27,2.04,918466324.54,45087820758.07,3164,44169354433.53,27/05/2019
2019-05-28,2.01,906382520.33,45086846532.05,3165,44180464011.72,28/05/2019
2019-05-30,1.95,880668386.59,45109392760.18,3166,44228724373.59,30/05/2019
2019-05-31,1.92,867059816.06,45122817866.02,3167,44255758049.96,31/05/2019
2019-06-03,1.84,828398858.76,45139007993.35,3168,44310609134.59,03/06/2019
2019-06-06,1.75,791491421.53,45143432870.58,3169,44351941449.05,06/06/2019
2019-06-07,1.73,779693436.51,45160156925.47,3170,44380463488.96,07/06/2019
2019-06-10,1.65,744771197.8,45175227549.13,3171,44430456351.33,10/06/2019
2019-06-11,1.62,733441798.52,45173096613.46,3172,44439654814.94,11/06/2019
2019-06-13,1.57,710806520.88,45162872749.39,3173,44452066228.51,13/06/2019
2019-06-14,1.55,699585573.65,45152889154.02,3174,44453303580.37,14/06/2019
2019-06-17,1.48,666168727.56,45118916437.48,3175,44452747709.92,17/06/2019
2019-06-18,1.45,655124755.63,45106811343.72,3176,44451686588.09,18/06/2019
2019-06-19,1.43,644155001.48,45095913639.51,3177,44451758638.03,19/06/2019
2019-06-20,1.41,635861351.16,45087550532.98,3178,44451689181.82,20/06/2019
2019-06-21,1.41,636014223.8,45086156781.08,3179,44450142557.28,21/06/2019
2019-06-24,1.41,636271224.72,45089532150.09,3180,44453260925.37,24/06/2019
2019-06-25,1.41,636172200.98,45084256971.62,3181,44448084770.64,25/06/2019
2019-06-26,1.41,635924744.32,45074473892.85,3182,44438549148.53,26/06/2019
2019-06-27,1.41,635762906.8,45071288244.38,3183,44435525337.58,27/06/2019
2019-06-28,1.41,635560843.7,45069454867.59,3184,44433894023.89,28/06/2019
2019-07-01,1.42,638851963.91,45046195309.18,3185,44407343345.27,01/07/2019
2019-07-02,1.42,638917272.46,45038946267.45,3186,44400028994.99,02/07/2019
2019-07-03,1.42,639079367.2,45077137066.56,3187,44438057699.36,03/07/2019
2019-07-04,1.42,639241037.6,45114747377.87,3188,44475506340.27,04/07/2019
2019-07-05,1.42,639462643.82,45149641258.18,3189,44510178614.36,05/07/2019
2019-07-08,1.41,638142985.04,45140134713.98,3190,44501991728.94,08/07/2019
2019-07-09,1.41,637562919.69,45134511890.91,3191,44496948971.22,09/07/2019
2019-07-10,1.41,636198440.05,45126638521.39,3192,44490440081.34,10/07/2019
2019-07-11,1.41,634766858.64,45120928010.48,3193,44486161151.84,11/07/2019
2019-07-12,1.4,633272560.77,45113902305.88,3194,44480629745.11,12/07/2019
2019-07-15,1.39,628486150.48,45109912940.69,3195,44481426790.21,15/07/2019
2019-07-16,1.39,626696458.68,45099837274.17,3196,44473140815.49,16/07/2019
2019-07-17,1.39,624895620.18,45094126111.71,3197,44469230491.53,17/07/2019
2019-07-19,1.38,621076233.9,45086668965.71,3198,44465592731.81,19/07/2019
2019-07-22,1.36,614871332.8,45061568061.61,3199,44446696728.81,22/07/2019
2019-07-23,1.36,612166021.56,45043776140.06,3200,44431610118.5,23/07/2019
2019-07-24,1.35,609416387.97,45028668308.27,3201,44419251920.3,24/07/2019
2019-07-25,1.35,606854618.51,45009054399.28,3202,44402199780.77,25/07/2019
2019-07-26,1.34,604960638.18,44992671894.24,3203,44387711256.06,26/07/2019
2019-07-29,1.33,598558346.35,44942817011.07,3204,44344258664.72,29/07/2019
2019-07-30,1.33,596349644.28,44923322845.17,3205,44326973200.89,30/07/2019
2019-07-31,1.32,594127956.06,44903031403.58,3206,44308903447.52,31/07/2019
2019-08-01,1.32,592985387.96,44878593076.91,3207,44285607688.95,01/08/2019
2019-08-02,1.32,591766946.65,44847431156.78,3208,44255664210.13,02/08/2019
2019-08-05,1.31,587920611.17,44756448119.35,3209,44168527508.18,05/08/2019
2019-08-06,1.31,586671784.46,44722512048.91,3210,44135840264.45,06/08/2019
2019-08-07,1.31,585256125.04,44693166678.97,3211,44107910553.93,07/08/2019
2019-08-08,1.31,584033816.24,44657953012.6,3212,44073919196.36,08/08/2019
2019-08-09,1.31,583190485.57,44617064802.53,3213,44033874316.96,09/08/2019
2019-08-14,1.3,579199066.97,44455366080.43,3214,43876167013.46,14/08/2019
2019-08-15,1.3,578294543.28,44425423487.63,3215,43847128944.35,15/08/2019
2019-08-16,1.3,577466786.99,44385359430.79,3216,43807892643.8,16/08/2019
2019-08-19,1.3,574943317.05,44248030960.27,3217,43673087643.22,19/08/2019
2019-08-20,1.3,575070521.13,44186115074.91,3218,43611044553.78,20/08/2019
2019-08-21,1.31,575995224.14,44129215031.99,3219,43553219807.85,21/08/2019
2019-08-22,1.31,577035300.98,44067439616.86,3220,43490404315.88,22/08/2019
2019-08-23,1.31,578115466.38,44007768832.42,3221,43429653366.04,23/08/2019
2019-08-26,1.32,580329859.98,43843273594.35,3222,43262943734.37,26/08/2019
2019-08-27,1.33,580755103.08,43786448501.7,3223,43205693398.62,27/08/2019
2019-08-28,1.33,581376816.76,43733034944.57,3224,43151658127.81,28/08/2019
2019-08-29,1.33,582065575.16,43673107887.72,3225,43091042312.56,29/08/2019
2019-08-30,1.34,582796286.95,43607804397.71,3226,43025008110.76,30/08/2019
2019-09-02,1.35,584881460.68,43358331414.69,3227,42773449954.01,02/09/2019
2019-09-03,1.35,585456755.64,43268080029.8,3229,42682623274.16,03/09/2019
2019-09-04,1.36,586097226.21,43188675286.04,3228,42602578059.83,04/09/2019
2019-09-05,1.36,586634372.33,43144239727.24,3230,42557605354.91,05/09/2019
2019-09-06,1.36,587256167.11,43102160836.63,3231,42514904669.52,06/09/2019
2019-09-09,1.37,589017097.97,43004251599.87,3232,42415234501.9,09/09/2019
2019-09-10,1.37,589635740.79,42957167261.16,3233,42367531520.37,10/09/2019
2019-09-11,1.38,590142791.61,42905428307.45,3234,42315285515.84,11/09/2019
2019-09-12,1.38,590498396.48,42844124559.1,3235,42253626162.62,12/09/2019
2019-09-13,1.38,591063766.19,42760729230.03,3236,42169665463.84,13/09/2019
2019-09-16,1.39,592810086.81,42584929975.36,3237,41992119888.55,16/09/2019
2019-09-17,1.4,593555807.23,42516899252.65,3238,41923343445.42,17/09/2019
2019-09-18,1.4,594207422.11,42461806416,3239,41867598993.89,18/09/2019
2019-09-19,1.4,593862670.1,42409528270.64,3241,41815665600.54,19/09/2019
2019-09-20,1.4,593508133.33,42356310406.83,3240,41762802273.5,20/09/2019
2019-09-23,1.4,592254259.29,42224168068.46,3242,41631913809.17,23/09/2019
2019-09-24,1.4,591643676.74,42164759431.62,3243,41573115754.88,24/09/2019
2019-09-25,1.4,591022172.93,42107718897.76,3244,41516696724.83,25/09/2019
2019-09-26,1.4,590387790.7,42051269553.2,3245,41460881762.5,26/09/2019
2019-09-27,1.4,589451559.8,41992829531.65,3246,41403377971.85,27/09/2019
2019-09-30,1.4,586604071.35,41852286712.26,3247,41265682640.91,30/09/2019
2019-10-02,1.4,585111322.56,41765381998.56,3248,41180270676,02/10/2019
2019-10-03,1.4,583786409.64,41742730248.51,3249,41158943838.87,03/10/2019
2019-10-04,1.4,582417880.6,41714250881.2,3250,41131833000.6,04/10/2019
2019-10-07,1.39,578225924.98,41523950299.88,3251,40945724374.9,07/10/2019
2019-10-08,1.39,576528468.87,41463276898.44,3252,40886748429.57,08/10/2019
2019-10-09,1.39,574765395.27,41391170435.22,3253,40816405039.95,09/10/2019
2019-10-10,1.39,572990696.15,41331562605.84,3254,40758571909.69,10/10/2019
2019-10-11,1.38,571307255.29,41274000797.42,3255,40702693542.13,11/10/2019
2019-10-14,1.38,566705812.67,41124820777.6,3256,40558114964.93,14/10/2019
2019-10-15,1.38,565076166.77,41076804374.05,3257,40511728207.28,15/10/2019
2019-10-16,1.37,563337790.93,41037380456.85,3258,40474042665.92,16/10/2019
2019-10-17,1.37,561311377.49,40995247992.14,3259,40433936614.65,17/10/2019
2019-10-18,1.37,559562341.17,40953382486.63,3260,40393820145.46,18/10/2019
2019-10-21,1.36,556104644.02,40837887844.54,3261,40281783200.52,21/10/2019
2019-10-22,1.36,556074704.8,40795915435.01,3262,40239840730.21,22/10/2019
2019-10-23,1.36,556165888.4,40755977642.1,3263,40199811753.7,23/10/2019
2019-10-24,1.37,556341001.23,40721385164.13,3264,40165044162.9,24/10/2019
2019-10-25,1.37,556515052.42,40686892093.79,3265,40130377041.37,25/10/2019
2019-10-28,1.37,557747478.23,40589583603.34,3266,40031836125.11,28/10/2019
2019-10-29,1.38,558598933.06,40545317416.02,3267,39986718482.96,29/10/2019
2019-10-30,1.38,559438808.76,40500856853.01,3268,39941418044.25,30/10/2019
2019-10-31,1.38,560173639.42,40464165373.19,3269,39903991733.77,31/10/2019
2019-11-01,1.39,560692719.62,40435513995.35,3270,39874821275.73,01/11/2019
2019-11-04,1.4,564869377.89,40282735362.83,3271,39717865984.94,04/11/2019
2019-11-05,1.41,566110645.69,40254958634.95,3272,39688847989.26,05/11/2019
2019-11-06,1.41,567549232.81,40233150637.95,3273,39665601405.14,06/11/2019
2019-11-07,1.42,569218634.41,40196897552.29,3274,39627678917.88,07/11/2019
2019-11-08,1.42,572040409.45,40171585487.12,3275,39599545077.67,08/11/2019
2019-11-12,1.46,583189074.64,40078390526.49,3276,39495201451.85,12/11/2019
2019-11-13,1.46,585896696.64,40084279346.51,3277,39498382649.87,13/11/2019
2019-11-14,1.47,588722890.93,40060537146.99,3278,39471814256.06,14/11/2019
2019-11-15,1.48,592081302.95,40037993627.81,3279,39445912324.86,15/11/2019
2019-11-18,1.51,602720039.21,39995742500.4,3280,39393022461.19,18/11/2019
2019-11-19,1.52,606674697.45,39981471957.07,3281,39374797259.62,19/11/2019
2019-11-20,1.52,608981687.35,39969715603.42,3282,39360733916.07,20/11/2019
2019-11-21,1.53,611231829.64,39953888883.34,3283,39342657053.7,21/11/2019
2019-11-22,1.54,613508493.6,39929315531.24,3284,39315807037.64,22/11/2019
2019-11-25,1.56,620319766.56,39878145935.78,3285,39257826169.22,25/11/2019
2019-11-26,1.56,620891075,39852655166.45,3286,39231764091.45,26/11/2019
2019-11-27,1.58,628126658.25,39833338387.34,3287,39205211729.09,27/11/2019
2019-11-28,1.59,635003703.5,39822318242.86,3288,39187314539.36,28/11/2019
2019-11-29,1.61,641723029.62,39803153018.89,3289,39161429989.27,29/11/2019
2019-12-02,1.67,662165220.47,39701049077,3290,39038883856.53,02/12/2019
2019-12-03,1.69,669002936.3,39682687594.95,3291,39013684658.65,03/12/2019
2019-12-04,1.7,675821089.24,39656899080.06,3292,38981077990.82,04/12/2019
2019-12-05,1.72,682779995.14,39617464931.51,3293,38934684936.37,05/12/2019
2019-12-06,1.74,690518307.72,39576346753.54,3294,38885828445.82,06/12/2019
2019-12-09,1.8,711449318.9,39479218738.22,3295,38767769419.32,09/12/2019
2019-12-10,1.82,718015028.82,39436810893.09,3296,38718795864.27,10/12/2019
2019-12-11,1.84,724249743.63,39378340283.72,3297,38654090540.09,11/12/2019
2019-12-12,1.86,730050031.11,39319647452.23,3298,38589597421.12,12/12/2019
2019-12-13,1.87,735832994.96,39244472292.91,3299,38508639297.95,13/12/2019
2019-12-16,1.93,752442178.63,39064723827.52,3300,38312281648.89,16/12/2019
2019-12-17,1.94,757326940.23,39035118168.33,3301,38277791228.1,17/12/2019
2019-12-18,1.95,761510373.8,39006457118.9,3302,38244946745.1,18/12/2019
2019-12-19,1.96,765655752.43,38969713375.42,3303,38204057622.99,19/12/2019
2019-12-20,1.98,769803843.73,38925298976.35,3304,38155495132.62,20/12/2019
2019-12-23,2.02,782260616.92,38815526491.2,3305,38033265874.28,23/12/2019
2019-12-24,2.03,786292587.81,38775774909.42,3306,37989482321.61,24/12/2019
2019-12-27,2.06,795185196.19,38683734809.31,3307,37888549613.12,27/12/2019
2019-12-30,2.05,792631967.21,38619108129.81,3308,37826476162.6,30/12/2019
2019-12-31,2.05,791836496.49,38595257595.93,3309,37803421099.44,31/12/2019
2020-01-02,2.05,789667321.09,38535675521.34,3310,37746008200.25,02/01/2020
2020-01-03,2.05,788430049.6,38489214082.93,3311,37700784033.33,03/01/2020
2020-01-06,2.04,783195842.75,38366096032.43,3312,37582900189.68,06/01/2020
2020-01-07,2.04,781195668.14,38347841703.82,3313,37566646035.68,07/01/2020
2020-01-08,2.03,779520977.76,38318379975.51,3314,37538858997.75,08/01/2020
2020-01-09,2.03,777828146.32,38289155179.76,3315,37511327033.44,09/01/2020
2020-01-10,2.03,776448571.42,38289141427.56,3316,37512692856.14,10/01/2020
2020-01-13,2.02,773732541.07,38312471864.28,3317,37538739323.21,13/01/2020
2020-01-14,2.02,772694341.42,38321754556.05,3318,37549060214.63,14/01/2020
2020-01-15,2.01,771837493.77,38342061031.16,3319,37570223537.39,15/01/2020
2020-01-16,2.01,771496129.02,38320000843.15,3320,37548504714.13,16/01/2020
2020-01-17,2.01,771195319.41,38301531270.61,3321,37530335951.2,17/01/2020
2020-01-20,2.01,770399444.21,38281995642.27,3322,37511596198.05,20/01/2020
2020-01-21,2.01,769930587.34,38273312809.92,3323,37503382222.59,21/01/2020
2020-01-22,2.01,769501306.76,38253769628.41,3324,37484268321.65,22/01/2020
2020-01-23,2.01,769205306.87,38231673792.48,3325,37462468485.61,23/01/2020
2020-01-24,2.01,768886446.4,38210014551.44,3326,37441128105.04,24/01/2020
2020-01-27,2.01,767821258.19,38138423715.64,3327,37370602457.45,27/01/2020
2020-01-28,2.01,767398599.15,38115690640.74,3328,37348292041.59,28/01/2020
2020-01-29,2.01,766911087.56,38095632339.16,3329,37328721251.6,29/01/2020
2020-01-30,2.01,766367462.76,38055949870.73,3330,37289582407.97,30/01/2020
2020-01-31,2.01,765870020.54,38009763479.7,3331,37243893459.16,31/01/2020
2020-02-03,2.02,765579351.93,37878679405,3332,37113100053.07,03/02/2020
2020-02-04,2.02,765599077.71,37854278809.4,3333,37088679731.69,04/02/2020
2020-02-05,2.03,765690165.31,37792718579.35,3334,37027028414.04,05/02/2020
2020-02-06,1.63,596415128.19,36583332335.02,3414,35986917206.83,06/02/2020
2020-02-07,2.03,765480483.6,37660101889,3336,36894621405.4,07/02/2020
2020-02-10,2.04,764880203.4,37452455226.99,3337,36687575023.59,10/02/2020
2020-02-11,2.05,764888256.21,37372555429.97,3338,36607667173.76,11/02/2020
2020-02-12,2.05,765009963.23,37297990666.17,3339,36532980702.93,12/02/2020
2020-02-13,2.06,765122162.77,37231836221.07,3340,36466714058.3,13/02/2020
2020-02-14,2.06,764670825.3,37151501310.53,3341,36386830485.23,14/02/2020
2020-02-17,2.07,763240813.28,36932718823.55,3342,36169478010.27,17/02/2020
2020-02-18,2.07,762714516.29,36852999824.69,3343,36090285308.4,18/02/2020
2020-02-19,2.07,762193197.6,36771293533.58,3344,36009100335.98,19/02/2020
2020-02-20,2.08,761805104.59,36695877926.24,3345,35934072821.65,20/02/2020
2020-02-21,2.08,761518248.37,36638114443.41,3346,35876596195.04,21/02/2020
2020-02-24,2.08,760205143.45,36469339024.87,3347,35709133881.42,24/02/2020
2020-02-25,2.09,759648208.8,36426008092.7,3348,35666359883.9,25/02/2020
2020-02-26,2.09,759123427.44,36377354682.54,3349,35618231255.1,26/02/2020
2020-02-27,2.09,758623523.61,36329195481.16,3350,35570571957.55,27/02/2020
2020-02-28,2.09,758280408.72,36299517218.46,3351,35541236809.74,28/02/2020
2020-03-02,2.09,757256096.88,36261373279.39,3352,35504117182.51,02/03/2020
2020-03-03,2.09,756995009.45,36246469537.65,3353,35489474528.2,03/03/2020
2020-03-04,2.09,756578249.14,36245371094.2,3354,35488792845.06,04/03/2020
2020-03-05,2.09,756218068.69,36220774623.25,3355,35464556554.56,05/03/2020
2020-03-09,2.09,754883393.97,36181491482.97,3357,35426608089.01,09/03/2020
2020-03-10,2.08,751933474.42,36173117851.5,3358,35421184377.09,10/03/2020
2020-03-11,2.07,748888845.19,36166454434.74,3359,35417565589.55,11/03/2020
2020-03-12,2.06,745581476.19,36159103989.85,3360,35413522513.66,12/03/2020
2020-03-13,2.05,741754558.95,36138455392.13,3361,35396700833.18,13/03/2020
2020-03-16,2.03,731496295.67,36050032068.89,3362,35318535773.23,16/03/2020
2020-03-17,2.02,728127039.26,36018825226.19,3363,35290698186.92,17/03/2020
2020-03-18,2.01,724753458.66,35979284367.86,3364,35254530909.2,18/03/2020
2020-03-19,2.01,721302285.4,35942589541.31,3365,35221287255.91,19/03/2020
2020-03-20,2,717871121.18,35892334651.92,3366,35174463530.75,20/03/2020
2020-03-23,1.98,707733929.14,35747350970.22,3367,35039617041.08,23/03/2020
2020-03-24,1.97,704297230.3,35710163426.4,3368,35005866196.1,24/03/2020
2020-03-25,1.97,700960880.3,35661543745.92,3369,34960582865.62,25/03/2020
2020-03-26,1.96,697646799.99,35590254308.23,3370,34892607508.24,26/03/2020
2020-03-27,1.96,694820995.95,35515483005.86,3371,34820662009.91,27/03/2020
2020-03-30,1.95,685920509.17,35260811488.94,3373,34574890979.77,30/03/2020
2020-03-31,1.94,682707632.8,35164442405.72,3374,34481734772.92,31/03/2020
2020-04-01,1.94,679364375.04,35075556441.06,3375,34396192066.02,01/04/2020
2020-04-02,1.93,675907100.16,34976371365.22,3376,34300464265.07,02/04/2020
2020-04-03,1.93,672400412.83,34903050952.61,3377,34230650539.78,03/04/2020
2020-04-06,1.91,661620884.72,34673469248.9,3378,34011848364.18,06/04/2020
2020-04-07,1.9,657431926.35,34586381011.49,3379,33928949085.14,07/04/2020
2020-04-08,1.89,653223565.14,34493334874.62,3380,33840111309.48,08/04/2020
2020-04-09,1.89,651682973.23,34396132807.32,3381,33744449834.09,09/04/2020
2020-04-14,1.9,645093757.11,33979327741.93,3382,33334233984.82,14/04/2020
2020-04-15,1.9,643328532.92,33908440143.11,3383,33265111610.18,15/04/2020
2020-04-16,1.9,641636659.1,33843829913.11,3384,33202193254,16/04/2020
2020-04-17,1.89,639935721.99,33792228394.59,3385,33152292672.6,17/04/2020
2020-04-20,1.89,635323179.23,33690084290.99,3386,33054761111.76,20/04/2020
2020-04-21,1.88,633840962.22,33661380054.36,3387,33027539092.14,21/04/2020
2020-04-22,1.88,632387835.52,33625767695.69,3388,32993379860.17,22/04/2020
2020-04-23,1.88,630934866.92,33581181418.96,3389,32950246552.04,23/04/2020
2020-04-24,1.88,629569610.92,33542618520.54,3390,32913048909.62,24/04/2020
2020-04-27,1.87,624127026.46,33463465788.35,3391,32839338761.89,27/04/2020
2020-04-28,1.86,621919661.88,33442983004.22,3392,32821063342.35,28/04/2020
2020-04-29,1.85,619996970.63,33427963219.82,3393,32807966249.19,29/04/2020
2020-04-30,1.84,618111290.3,33520904270.72,3394,32902792980.42,30/04/2020
2020-05-04,1.8,611128598.63,33892492280.17,3395,33281363681.54,04/05/2020
2020-05-05,1.79,609395227.48,33986989141.06,3396,33377593913.58,05/05/2020
2020-05-06,1.78,607597821.98,34085231107.48,3397,33477633285.5,06/05/2020
2020-05-07,1.77,606245478.82,34186894019.02,3398,33580648540.2,07/05/2020
2020-05-08,1.76,604914364.92,34299209973.51,3399,33694295608.58,08/05/2020
2020-05-11,1.73,600919822.8,34657290303.46,3400,34056370480.66,11/05/2020
2020-05-12,1.72,599596198.24,34784255151.59,3401,34184658953.35,12/05/2020
2020-05-13,1.71,598276478.55,34911555094.53,3402,34313278615.98,13/05/2020
2020-05-14,1.71,598179470.63,35034422699.71,3403,34436243229.08,14/05/2020
2020-05-15,1.7,598141426.78,35151663460.43,3404,34553522033.65,15/05/2020
2020-05-18,1.69,598170186.02,35473058190.03,3405,34874888004.01,18/05/2020
2020-05-19,1.68,597935646.2,35573393108.07,3406,34975457461.87,19/05/2020
2020-05-20,1.68,597577846.92,35666581813.39,3407,35069003966.47,20/05/2020
2020-05-21,1.67,597199858.08,35765372647.99,3408,35168172789.91,21/05/2020
2020-05-22,1.66,596846154.07,35866951269.88,3409,35270105115.81,22/05/2020
2020-05-27,1.64,595752503.89,36401948833.6,3410,35806196329.71,27/05/2020
2020-05-28,1.63,595839134.46,36499029025.23,3411,35903189890.77,28/05/2020
2020-05-29,1.63,595970558.19,36594997046.98,3412,35999026488.79,29/05/2020
2020-06-01,1.63,596310695.45,36572256994.79,3413,35975946299.34,01/06/2020
2020-06-03,1.63,596540963.46,36577904250.72,3415,35981363287.26,03/06/2020
2020-06-04,1.63,596683462.24,36563332885.69,3416,35966649423.45,04/06/2020
2020-06-05,1.63,596838566.72,36549648801.05,3417,35952810234.33,05/06/2020
2020-06-08,1.64,597648175.97,36512950235.4,3418,35915302059.43,08/06/2020
2020-06-09,1.64,597902433.68,36495586958.36,3419,35897684524.68,09/06/2020
2020-06-10,1.64,598160818.67,36477067337.31,3420,35878906518.64,10/06/2020
2020-06-11,1.64,598393257.2,36448076497.38,3421,35849683240.18,11/06/2020
2020-06-15,1.64,597638174.39,36348987587.95,3422,35751349413.56,15/06/2020
2020-06-16,1.64,597210232.84,36334236735.41,3423,35737026502.57,16/06/2020
2020-06-17,1.64,596692019.99,36328825943.86,3424,35732133923.87,17/06/2020
2020-06-18,1.64,596449190.83,36316049578.48,3425,35719600387.65,18/06/2020
2020-06-19,1.64,596146935.51,36301830523.86,3426,35705683588.35,19/06/2020
2020-06-22,1.64,595400656.41,36260110142.62,3427,35664709486.21,22/06/2020
2020-06-23,1.64,595085702.3,36248036019.91,3428,35652950317.61,23/06/2020
2020-06-24,1.64,594763498.15,36235221208.25,3429,35640457710.1,24/06/2020
2020-06-25,1.64,594525689.92,36220854179.83,3430,35626328489.91,25/06/2020
2020-06-26,1.64,593717133.18,36214049835.82,3432,35620332702.64,26/06/2020
2020-06-29,1.63,591280379.56,36199028314.74,3433,35607747935.18,29/06/2020
2020-06-30,1.63,589853224.78,36185274656.1,3434,35595421431.32,30/06/2020
2020-07-01,1.63,588433650.4,36168413961.51,3435,35579980311.11,01/07/2020
2020-07-02,1.62,587039493.66,36161953501.57,3436,35574914007.91,02/07/2020
2020-07-03,1.62,585438062.8,36155867999.07,3437,35570429936.27,03/07/2020
2020-07-06,1.61,580794946.88,36151117963.44,3438,35570323016.56,06/07/2020
2020-07-07,1.6,579300101.31,36146665094.34,3439,35567364993.03,07/07/2020
2020-07-09,1.59,575778705.88,36133858646.4,3441,35558079940.52,09/07/2020
2020-07-10,1.59,574010536.82,36131988308.25,3442,35557977771.43,10/07/2020
2020-07-13,1.57,568733849.03,36128306802.45,3443,35559572953.42,13/07/2020
2020-07-14,1.57,566797597.83,36124120228.67,3444,35557322630.84,14/07/2020
2020-07-15,1.56,564991825.92,36118208056.51,3445,35553216230.59,15/07/2020
2020-07-16,1.56,563260439.47,36101964195.93,3446,35538703756.46,16/07/2020
2020-07-17,1.56,561554964.12,36083154413,3447,35521599448.88,17/07/2020
2020-07-20,1.54,556509075.2,36048479956.13,3448,35491970880.93,20/07/2020
2020-07-21,1.54,554818264.73,36035158893.02,3449,35480340628.29,21/07/2020
2020-07-22,1.54,553160486.4,36017606135.29,3450,35464445648.89,22/07/2020
2020-07-23,1.53,552137138.5,35996463820.18,3451,35444326681.68,23/07/2020
2020-07-24,1.53,551070586.65,35975017840.87,3452,35423947254.22,24/07/2020
2020-07-27,1.53,548792594.58,35915157956.52,3453,35366365361.94,27/07/2020
2020-07-28,1.53,548216792.34,35899123278.29,3454,35350906485.95,28/07/2020
2020-07-29,1.53,547631440.47,35877636049.95,3455,35330004609.48,29/07/2020
2020-08-03,1.53,548593540.38,35764434366.84,3456,35215840826.46,03/08/2020
2020-08-04,1.54,549274648.39,35736424895,3457,35187150246.61,04/08/2020
2020-08-05,1.54,549958837.44,35705757148.04,3458,35155798310.6,05/08/2020
2020-08-06,1.54,550639688.17,35678722705.59,3459,35128083017.42,06/08/2020
2020-08-07,1.55,551598789.77,35655499320.55,3460,35103900530.78,07/08/2020
2020-08-10,1.56,554437707.22,35619162873.81,3461,35064725166.59,10/08/2020
2020-08-11,1.56,555386146.3,35625477471.26,3462,35070091324.96,11/08/2020
2020-08-12,1.56,556336959.27,35630111626.34,3463,35073774667.07,12/08/2020
2020-08-13,1.56,557476027.69,35623465519.94,3464,35065989492.25,13/08/2020
2020-08-14,1.57,558409402.01,35619089720.41,3465,35060680318.4,14/08/2020
2020-08-17,1.58,561041183.44,35608545421.66,3466,35047504238.22,17/08/2020
2020-08-18,1.58,561528708.44,35601556051.37,3467,35040027342.93,18/08/2020
2020-08-19,1.58,563034108.67,35598724369.78,3468,35035690261.11,19/08/2020
2020-08-20,1.59,564517489.71,35597596206.19,3469,35033078716.48,20/08/2020
2020-08-21,1.59,565947818.27,35606802374.99,3470,35040854556.72,21/08/2020
2020-08-24,1.6,568616316.3,35644668378.1,3471,35076052061.8,24/08/2020
2020-08-25,1.6,569548192.5,35650667349.3,3472,35081119156.8,25/08/2020
2020-08-26,1.6,570437838.91,35660106406.04,3473,35089668567.13,26/08/2020
2020-08-27,1.6,571326944.49,35662718135.96,3474,35091391191.47,27/08/2020
2020-08-28,1.6,572391797.81,35665293089.61,3475,35092901291.8,28/08/2020
2020-08-31,1.61,575588980.6,35671263210.88,3476,35095674230.28,31/08/2020
2020-09-01,1.62,576664385.75,35671063783.93,3477,35094399398.18,01/09/2020
2020-09-02,1.62,577233331.46,35666093076.87,3478,35088859745.41,02/09/2020
2020-09-03,1.62,577758910.45,35682813318.03,3479,35105054407.58,03/09/2020
2020-09-04,1.62,578400288.69,35703788193.37,3480,35125387904.68,04/09/2020
2020-09-07,1.62,580734393.33,35767823353.92,3481,35187088960.59,07/09/2020
2020-09-08,1.62,581420019.04,35788303388.48,3482,35206883369.44,08/09/2020
2020-09-09,1.63,582118702.67,35780203755.38,3483,35198085052.71,09/09/2020
2020-09-10,1.63,582850049.3,35771621672.92,3484,35188771623.62,10/09/2020
2020-09-11,1.63,583595480.95,35765700040.2,3485,35182104559.25,11/09/2020
2020-09-14,1.64,586148149.34,35794953560.76,3486,35208805411.42,14/09/2020
2020-09-15,1.64,587041932.1,35798697916.41,3487,35211655984.31,15/09/2020
2020-09-16,1.64,587831262.87,35805216819.33,3488,35217385556.46,16/09/2020
2020-09-17,1.63,582317568.5,35811967013.5,3489,35229649445,17/09/2020
2020-09-18,1.61,575624967.61,35814868103.34,3490,35239243135.73,18/09/2020
2020-09-21,1.55,555653502.17,35796657704.94,3491,35241004202.77,21/09/2020
2020-09-22,1.53,548968162.94,35782284068.05,3492,35233315905.11,22/09/2020
2020-09-23,1.52,542244233.52,35767541547.19,3493,35225297313.67,23/09/2020
2020-09-24,1.5,535493524.48,35756814133.56,3494,35221320609.08,24/09/2020
2020-09-25,1.48,528747732.26,35745758147.4,3495,35217010415.14,25/09/2020
2020-09-28,1.42,508257775.69,35720019669.49,3496,35211761893.8,28/09/2020
2020-09-29,1.4,501382696.99,35723757571.92,3497,35222374874.93,29/09/2020
2020-09-30,1.38,494354660.54,35738842863.71,3498,35244488203.17,30/09/2020
2020-10-02,1.36,487108742.82,35748419277.78,3499,35261310534.96,02/10/2020
2020-10-05,1.3,465378615.17,35739084626.88,3500,35273706011.71,05/10/2020
2020-10-06,1.28,458035966.28,35734986014.09,3501,35276950047.81,06/10/2020
2020-10-07,1.26,450561779.54,35731671742.05,3502,35281109962.51,07/10/2020
2020-10-08,1.24,442637291.21,35725054423.6,3503,35282417132.39,08/10/2020
2020-10-09,1.22,435109894.82,35717255418.65,3504,35282145523.83,09/10/2020
2020-10-12,1.16,412461250.78,35697584364.44,3505,35285123113.66,12/10/2020
2020-10-13,1.13,404851820.03,35687127083.78,3506,35282275263.75,13/10/2020
2020-10-14,1.11,397235832.16,35674644600.93,3507,35277408768.77,14/10/2020
2020-10-15,1.09,389781998.44,35672289720.18,3508,35282507721.74,15/10/2020
2020-10-16,1.07,382324078.59,35670079408.85,3509,35287755330.26,16/10/2020
2020-10-19,1.05,373864206.26,35671619728.54,3510,35297755522.28,19/10/2020
2020-10-20,1.05,373388223.22,35672423734.42,3511,35299035511.2,20/10/2020
2020-10-21,1.05,372912602.12,35671852168.36,3512,35298939566.24,21/10/2020
2020-10-22,1.04,372438916.67,35669865757.32,3513,35297426840.65,22/10/2020
2020-10-23,1.04,371989510.51,35669394023.42,3514,35297404512.91,23/10/2020
2020-10-26,1.04,370724074.6,35681891002.38,3515,35311166927.78,26/10/2020
2020-10-27,1.04,370793231.83,35685752728.44,3516,35314959496.61,27/10/2020
2020-10-28,1.04,371099053.83,35689545008.08,3517,35318445954.25,28/10/2020
2020-11-02,1.05,374172771.65,35663773962.69,3519,35289601191.04,02/11/2020
2020-11-03,1.05,374914214.27,35653499038,3520,35278584823.73,03/11/2020
2020-11-04,1.05,375583415.96,35656042948.51,3521,35280459532.55,04/11/2020
2020-11-05,1.06,376274155.11,35650723809.29,3522,35274449654.18,05/11/2020
2020-11-06,1.06,377002809.56,35643203303.72,3523,35266200494.16,06/11/2020
2020-11-09,1.06,378894232.56,35637902909.93,3524,35259008677.37,09/11/2020
2020-11-10,1.06,379279076.88,35631652863.77,3525,35252373786.89,10/11/2020
2020-11-11,1.07,379548832.44,35624422986.08,3526,35244874153.64,11/11/2020
2020-11-12,1.07,379870420.31,35613383037.4,3527,35233512617.09,12/11/2020
2020-11-13,1.07,380198321.83,35601833632.99,3528,35221635311.16,13/11/2020
2020-11-16,1.07,380791581.16,35552428397,3529,35171636815.84,16/11/2020
2020-11-17,1.07,381183268.2,35538730999.03,3531,35157547730.83,17/11/2020
2020-11-19,1.08,381862688.49,35506016269.44,3533,35124153580.95,19/11/2020
2020-11-20,1.08,382229147.32,35491601626.04,3534,35109372478.72,20/11/2020
2020-11-23,1.08,383394215.95,35462218167.65,3535,35078823951.7,23/11/2020
2020-11-24,1.08,383668915.88,35451547495.4,3536,35067878579.52,24/11/2020
2020-11-25,1.08,383956081.73,35440109912.53,3537,35056153830.8,25/11/2020
2020-11-26,1.08,383940415.73,35428792625.17,3539,35044852209.44,26/11/2020
2020-11-27,1.08,382530824.15,35413202793.05,3540,35030671968.9,27/11/2020
2020-12-01,1.07,377228878.7,35331119686.85,3542,34953890808.15,01/12/2020
2020-12-02,1.06,375886397.4,35297377100.04,3543,34921490702.64,02/12/2020
2020-12-03,1.06,373824121.94,35262391229.84,3544,34888567107.9,03/12/2020
2020-12-04,1.06,371858683.5,35211075483.57,3546,34839216800.07,04/12/2020
2020-12-08,1.04,364182093.85,35048141246.32,3549,34683959152.47,08/12/2020
2020-12-09,1.04,362594844.75,35013238147.84,3550,34650643303.09,09/12/2020
2020-12-10,1.03,361231447.99,34969923967.05,3552,34608692519.06,10/12/2020
2020-12-11,1.03,359998491.3,34925512398.28,3553,34565513906.98,11/12/2020
2020-12-14,1.02,356283367.97,34851013002.52,3554,34494729634.55,14/12/2020
2020-12-15,1.02,355053954.53,34846938328.12,3555,34491884373.59,15/12/2020
2020-12-16,1.02,353827281.06,34837868698.96,3556,34484041417.9,16/12/2020
2020-12-17,1.01,352423960.17,34825216064.12,3557,34472792103.95,17/12/2020
2020-12-18,1.01,351028413.33,34841313139.16,3559,34490284725.83,18/12/2020
2020-12-21,0.99,346890053.42,34898604186.12,3560,34551714132.7,21/12/2020
2020-12-22,0.99,345529270.66,34909199420.48,3561,34563670149.82,22/12/2020
2020-12-23,0.99,344124078.15,34927268412.62,3562,34583144334.47,23/12/2020
2020-12-24,0.98,342807967.37,34978535688,3563,34635727720.63,24/12/2020
2020-12-29,0.96,338578413.13,35262062455.84,3564,34923484042.71,29/12/2020
2020-12-30,0.96,337714782.74,35319120891.5,3565,34981406108.76,30/12/2020
2020-12-31,0.95,337022139.36,35373915212.72,3566,35036893073.36,31/12/2020
2021-01-04,0.94,336830426.79,35647798620.65,3567,35310968193.86,04/01/2021
2021-01-05,0.94,336914248.59,35715651529.35,3568,35378737280.76,05/01/2021
2021-01-07,0.94,337089222.54,35834042773.7,3570,35496953551.16,07/01/2021
2021-01-08,0.94,337146403.64,35899139188.7,3572,35561992785.06,08/01/2021
2021-01-11,0.93,336531575.29,36141280820.69,3573,35804749245.4,11/01/2021
2021-01-12,0.93,335895484.03,36218678169.51,3574,35882782685.48,12/01/2021
2021-01-13,0.92,334744070.8,36262752297.62,3575,35928008226.82,13/01/2021
2021-01-14,0.92,333585978.92,36304273598.71,3576,35970687619.79,14/01/2021
2021-01-15,0.91,332379059.51,36350067832.47,3577,36017688772.96,15/01/2021
2021-01-18,0.9,328709410.69,36442942107.46,3578,36114232696.77,18/01/2021
2021-01-19,0.9,327835812.47,36464588999.53,3579,36136753187.06,19/01/2021
2021-01-20,0.89,326017376.95,36483856701.23,3580,36157839324.28,20/01/2021
2021-01-21,0.89,324211710.23,36508524756.04,3581,36184313045.81,21/01/2021
2021-01-25,0.87,317515623.24,36469940426.08,3583,36152424802.84,25/01/2021
2021-01-26,0.87,315737118.31,36431944190.34,3584,36116207072.03,26/01/2021
2021-01-27,0.86,313952437.44,36395129838.36,3585,36081177400.92,27/01/2021
2021-01-28,0.86,312178139.66,36344828366.49,3586,36032650226.83,28/01/2021
2021-01-29,0.86,310631878.73,36303090978.12,3587,35992459099.39,29/01/2021
2021-02-01,0.84,305464340.61,36198300761.33,3588,35892836420.72,01/02/2021
2021-02-02,0.84,303704758.82,36157785806.31,3589,35854081047.49,02/02/2021
2021-02-03,0.84,301985150.87,36116593345.37,3590,35814608194.5,03/02/2021
2021-02-04,0.83,300270163.7,36073712757.63,3592,35773442593.93,04/02/2021
2021-02-05,0.83,298699287.26,36041990954.52,3593,35743291667.26,05/02/2021
2021-02-08,0.82,293780467.6,35927981941.08,3594,35634201473.48,08/02/2021
2021-02-09,0.81,292203486.93,35888394050.19,3595,35596190563.26,09/02/2021
2021-02-10,0.81,290766729.52,35846651003.93,3596,35555884274.41,10/02/2021
2021-02-11,0.81,289390960.49,35804106600.99,3597,35514715640.5,11/02/2021
2021-02-12,0.81,288509560.06,35757919843.78,3598,35469410283.72,12/02/2021
2021-02-15,0.8,285909638.58,35633198994.91,3599,35347289356.33,15/02/2021
2021-02-16,0.8,285028427.11,35580533253.06,3600,35295504825.95,16/02/2021
2021-02-17,0.8,284141335.99,35527476921.11,3601,35243335585.12,17/02/2021
2021-02-18,0.8,282894347.25,35473864097.44,3602,35190969750.19,18/02/2021
2021-02-19,0.8,282449272.54,35421731925.93,3603,35139282653.39,19/02/2021
2021-02-22,0.8,280936363.13,35275874101.97,3604,34994937738.84,22/02/2021
2021-02-23,0.8,280404771.31,35225621227.39,3605,34945216456.08,23/02/2021
2021-02-24,0.8,279872023.36,35171382801.14,3606,34891510777.78,24/02/2021
2021-02-25,0.8,279455138.1,35136511608.2,3607,34857056470.1,25/02/2021
2021-02-26,0.79,279017478.75,35099861581.91,3608,34820844103.16,26/02/2021
2021-03-01,0.79,277695190.77,34998144388.85,3609,34720449198.08,01/03/2021
2021-03-02,0.79,277303341.13,34956816662.9,3610,34679513321.77,02/03/2021
2021-03-03,0.79,276953779.78,34915277372.9,3611,34638323593.12,03/03/2021
2021-03-04,0.79,276606685.92,34877931164.7,3614,34601324478.78,04/03/2021
2021-03-05,0.79,276240661.29,34842747313.93,3615,34566506652.64,05/03/2021
2021-03-08,0.79,275049046.82,34741033464.65,3616,34465984417.83,08/03/2021
2021-03-09,0.79,274636125.59,34711125498.59,3617,34436489373,09/03/2021
2021-03-10,0.79,274182384.41,34666178879.98,3618,34391996495.57,10/03/2021
2021-03-11,0.79,273679490.1,34629642307.41,3619,34355962817.31,11/03/2021
2021-03-12,0.79,273175686.4,34593150760.79,3620,34319975074.39,12/03/2021
2021-03-15,0.79,272101579.29,34504783552.99,3621,34232681973.7,15/03/2021
2021-03-16,0.79,271543136.11,34475618424.99,3622,34204075288.88,16/03/2021
2021-03-17,0.79,271013766.14,34441940091.85,3623,34170926325.71,17/03/2021
2021-03-18,0.79,270481725.25,34416654369.36,3624,34146172644.11,18/03/2021
2021-03-19,0.78,269968953.23,34456231077.21,3625,34186262123.99,19/03/2021
2021-03-22,0.78,268597645.48,34571940880.13,3626,34303343234.65,22/03/2021
2021-03-23,0.77,267812249.3,34598924182.31,3627,34331111933.02,23/03/2021
2021-03-24,0.77,267010228.32,34623027424.33,3628,34356017196.01,24/03/2021
2021-03-25,0.77,266173833.18,34645350604.12,3629,34379176770.94,25/03/2021
2021-03-26,0.77,265405618.25,34674122861.13,3630,34408717242.88,26/03/2021
2021-03-29,0.76,263126421.96,34764790091.45,3631,34501663669.48,29/03/2021
2021-03-30,0.75,262366942.12,34792582813.82,3632,34530215871.71,30/03/2021
2021-03-31,0.75,261530857.1,34820456887.35,3633,34558926030.25,31/03/2021
2021-04-01,0.75,260698906.82,34845580171.17,3634,34584881264.35,01/04/2021
2021-04-06,0.73,256635966.48,34975404899.58,3635,34718768933.1,06/04/2021
2021-04-07,0.73,256228310.62,34977191813.87,3636,34720963503.25,07/04/2021
2021-04-08,0.73,255849610,35006147823.55,3637,34750298213.55,08/04/2021
2021-04-09,0.73,255447549.17,35035877379.71,3638,34780429830.53,09/04/2021
2021-04-12,0.72,252815272.57,35138266253.53,3639,34885450980.96,12/04/2021
2021-04-13,0.71,250874622.34,35171671774.13,3640,34920797151.79,13/04/2021
2021-04-14,0.71,249266279.35,35199464544.89,3641,34950198265.55,14/04/2021
2021-04-15,0.7,247656150.11,35226424300.67,3642,34978768150.56,15/04/2021
2021-04-16,0.7,246065950.88,35254964105.06,3643,35008898154.18,16/04/2021
2021-04-19,0.68,241243602.59,35218844135.51,3644,34977600532.92,19/04/2021
2021-04-20,0.68,239605287.83,35182904284.93,3645,34943298997.1,20/04/2021
2021-04-21,0.68,237980211.32,35151659027.21,3646,34913678815.89,21/04/2021
2021-04-22,0.67,236707967.05,35122990468.15,3647,34886282501.1,22/04/2021
2021-04-23,0.67,235475055.8,35094492294.72,3648,34859017238.92,23/04/2021
2021-04-26,0.66,231767392.07,35008255812.91,3649,34776488420.84,26/04/2021
2021-04-27,0.66,230510312.17,34973840905.09,3650,34743330592.92,27/04/2021
2021-04-28,0.66,229191668.91,34940290577.73,3651,34711098908.82,28/04/2021
2021-04-29,0.65,227910149.57,34909133296.86,3652,34681223147.29,29/04/2021
2021-04-30,0.65,226400984.96,34881389455.49,3653,34654988470.53,30/04/2021
2021-05-04,0.63,220295786.81,34786549484.51,3654,34566253697.7,04/05/2021
2021-05-05,0.63,218712534.89,34757604811.07,3655,34538892276.18,05/05/2021
2021-05-06,0.63,217127896.45,34735888450.86,3656,34518760554.41,06/05/2021
2021-05-07,0.62,215168752.05,34716874400.63,3657,34501705648.58,07/05/2021
2021-05-10,0.6,209288647.34,34605317553.92,3658,34396028906.58,10/05/2021
2021-05-11,0.6,207360898.14,34579951893.06,3659,34372590994.92,11/05/2021
2021-05-14,0.6,206285852.9,34505931223.15,3660,34299645370.25,14/05/2021
2021-05-17,0.6,205031708.35,34431030015.3,3661,34225998306.95,17/05/2021
2021-05-18,0.59,204653415.05,34403425061.17,3662,34198771646.12,18/05/2021
2021-05-19,0.59,204324402.48,34378834968.53,3663,34174510566.05,19/05/2021
2021-05-20,0.59,204081285.58,34352642020.54,3664,34148560734.96,20/05/2021
2021-05-21,0.59,203846395.7,34330875871.58,3665,34127029475.88,21/05/2021
2021-05-24,0.59,203092095.34,34293517378.11,3666,34090425282.77,24/05/2021
2021-05-25,0.59,202830642.95,34286611075.32,3667,34083780432.37,25/05/2021
2021-05-26,0.59,202512037.51,34267903252.54,3668,34065391215.03,26/05/2021
2021-05-27,0.59,202180419.42,34246422550.21,3669,34044242130.79,27/05/2021
2021-05-28,0.59,201871063.05,34242309482.73,3670,34040438419.68,28/05/2021
2021-05-31,0.59,201464232.24,34229048746.13,3671,34027584513.89,31/05/2021
2021-06-01,0.59,201639065.52,34219091933.07,3672,34017452867.55,01/06/2021
2021-06-04,0.59,202247843.24,34170260380.48,3676,33968012537.24,04/06/2021
2021-06-07,0.59,202902152.38,34102539282.28,3677,33899637129.9,07/06/2021
2021-06-08,0.6,203078554.09,34077122926.39,3678,33874044372.3,08/06/2021
2021-06-09,0.6,203228978.06,34047507410.92,3680,33844278432.86,09/06/2021
2021-06-10,0.6,203635677.71,34006718840,3681,33803083162.29,10/06/2021
2021-06-11,0.6,203966727.69,33969147383.13,3684,33765180655.44,11/06/2021
2021-06-15,0.61,205600273.43,33848963751.99,3703,33643363478.56,15/06/2021
2021-06-16,0.61,205996242.81,33823791106.33,3704,33617794863.52,16/06/2021
2021-06-17,0.61,206272713.01,33794267566.83,3705,33587994853.82,17/06/2021
2021-06-18,0.61,207088320.62,33762719174.08,3706,33555630853.46,18/06/2021
2021-06-21,0.62,209258707.51,33670642959.7,3707,33461384252.19,21/06/2021
2021-06-22,0.62,209962633.63,33634302986.09,3708,33424340352.46,22/06/2021
2021-06-23,0.63,210650685.07,33592432279.72,3709,33381781594.65,23/06/2021
2021-06-24,0.63,211345651.74,33547103109.06,3710,33335757457.31,24/06/2021
2021-06-25,0.63,212109314.99,33519809563.45,3711,33307700248.46,25/06/2021
2021-06-28,0.64,214624077.75,33416789189.14,3712,33202165111.39,28/06/2021
2021-06-29,0.64,215236916.02,33370519770.15,3713,33155282854.13,29/06/2021
2021-06-30,0.65,215940964.61,33323503869.26,3714,33107562904.65,30/06/2021
2021-07-01,0.65,217432355.53,33279270666.13,3715,33061838310.6,01/07/2021
2021-07-02,0.66,218928353.8,33233282223.71,3716,33014353869.91,02/07/2021
2021-07-05,0.67,223438693.04,33144138884.52,3718,32920700191.48,05/07/2021
2021-07-07,0.68,226497287.45,33120131311.26,3720,32893634023.81,07/07/2021
2021-07-08,0.69,229220630.86,33120767740.33,3722,32891547109.47,08/07/2021
2021-07-09,0.7,231551839.86,33099735064.95,3723,32868183225.09,09/07/2021
2021-07-12,0.72,237909810.74,33087940547.05,3724,32850030736.31,12/07/2021
2021-07-14,0.73,242054666.32,33103085800.46,3726,32861031134.14,14/07/2021
2021-07-15,0.74,244067159.14,33104467507.84,3727,32860400348.7,15/07/2021
2021-07-16,0.74,246107124.26,33117770596.6,3728,32871663472.34,16/07/2021
2021-07-19,0.76,251456119,33171245824.35,3729,32919789705.34,19/07/2021
2021-07-22,0.77,256346180.51,33227447142.83,3730,32971100962.32,22/07/2021
2021-07-23,0.78,258018900.25,33250709641.78,3731,32992690741.53,23/07/2021
2021-07-26,0.79,263022993.09,33317217114.99,3732,33054194121.9,26/07/2021
2021-07-27,0.79,264697845.34,33331738300.69,3733,33067040455.36,27/07/2021
2021-07-28,0.8,266303598.55,33355045018.62,3734,33088741420.07,28/07/2021
2021-07-29,0.8,268235210.45,33380681076.1,3735,33112445865.65,29/07/2021
2021-07-30,0.81,269967906.9,33402616891.94,3737,33132648985.04,30/07/2021
2021-08-02,0.81,272452249.63,33484345196.85,3738,33211892947.22,02/08/2021
2021-08-03,0.82,273306725.54,33512294515.19,3739,33238987789.65,03/08/2021
2021-08-04,0.82,274145563.3,33539841498.36,3740,33265695935.06,04/08/2021
2021-08-05,0.82,274945541.22,33565859014.88,3741,33290913473.66,05/08/2021
2021-08-06,0.82,275784692.79,33561943526.73,3742,33286158833.94,06/08/2021
2021-08-09,0.82,275537585.56,33568315116.03,3743,33292777530.48,09/08/2021
2021-08-10,0.82,275583824.85,33589082687.3,3744,33313498862.45,10/08/2021
2021-08-11,0.82,275559271.25,33586353082.67,3745,33310793811.42,11/08/2021
2021-08-12,0.82,275580020.07,33584267290.88,3746,33308687270.81,12/08/2021
2021-08-13,0.82,275788939.53,33578751855.96,3747,33302962916.43,13/08/2021
2021-08-16,0.82,276443050.04,33554064117.95,3751,33277621067.91,16/08/2021
2021-08-17,0.82,276602915.73,33539199658.8,3749,33262596743.07,17/08/2021
2021-08-18,0.82,275783011.53,33529149357.86,3750,33253366346.33,18/08/2021
2021-08-19,0.82,274698165.1,33515636956.19,3752,33240938791.09,19/08/2021
2021-08-20,0.82,273605573.91,33497245792.25,3753,33223640218.34,20/08/2021
2021-08-23,0.81,270148568.3,33430571971.28,3754,33160423402.98,23/08/2021
2021-08-24,0.81,269016443.44,33399280417.69,3755,33130263974.25,24/08/2021
2021-08-25,0.8,267877317.46,33481803469.08,3756,33213926151.62,25/08/2021
2021-08-26,0.79,266738362.27,33571295693.8,3757,33304557331.53,26/08/2021
2021-08-27,0.79,265566158.18,33661821123.56,3758,33396254965.38,27/08/2021
2021-08-30,0.77,261951667.08,33933413408.03,3759,33671461740.95,30/08/2021
2021-08-31,0.77,260895790.04,34017914833.45,3760,33757019043.41,31/08/2021
2021-09-01,0.76,259749108.28,34100174010.95,3761,33840424902.67,01/09/2021
2021-09-02,0.76,258623482.77,34180156101.55,3762,33921532618.78,02/09/2021
2021-09-03,0.75,257509696.63,34257843218.01,3763,34000333521.38,03/09/2021
2021-09-06,0.74,254225241.64,34498446053,3764,34244220811.36,06/09/2021
2021-09-07,0.73,253069683.54,34597022538.23,3765,34343952854.69,07/09/2021
2021-09-08,0.73,251953277.09,34699475246.41,3766,34447521969.32,08/09/2021
2021-09-09,0.72,250830447.53,34779357298.22,3767,34528526850.69,09/09/2021
2021-09-10,0.72,249770086.66,34859257746.98,3768,34609487660.32,10/09/2021
2021-09-13,0.7,246242528.07,35109300948.65,3769,34863058420.58,13/09/2021
2021-09-14,0.7,245029344.23,35189454974.66,3770,34944425630.43,14/09/2021
2021-09-15,0.69,243797642.73,35271675391.45,3771,35027877748.72,15/09/2021
2021-09-16,0.69,242626709.25,35366333234.48,3772,35123706525.23,16/09/2021
2021-09-17,0.68,242408001.9,35455219333.27,3773,35212811331.37,17/09/2021
2021-09-20,0.68,242543785.41,35735657553.74,3774,35493113768.33,20/09/2021
2021-09-21,0.68,242476445.05,35825097396.78,3775,35582620951.73,21/09/2021
2021-09-22,0.67,242413388.52,35953688000.73,3778,35711274612.21,22/09/2021
2021-09-23,0.67,242340919.97,36088900956.07,3779,35846560036.1,23/09/2021
2021-09-24,0.67,242175547.14,36108455107.13,3780,35866279559.99,24/09/2021
2021-09-27,0.67,241634334.49,36260708375.3,3781,36019074040.81,27/09/2021
2021-09-28,0.66,241424439.29,36412921974.67,3782,36171497535.38,28/09/2021
2021-09-29,0.66,241165434.8,36595475082.52,3784,36354309647.72,29/09/2021
2021-09-30,0.65,240700212.84,36782343499.62,3788,36541643286.78,30/09/2021
2021-10-04,0.64,238937452.9,37568183107.96,3787,37329245655.06,04/10/2021
2021-10-06,0.63,238074378.87,37992347240.15,3790,37754272861.29,06/10/2021
2021-10-07,0.62,237638811.91,38184221574.52,3791,37946582762.61,07/10/2021
2021-10-08,0.62,237183723.5,38386867622.69,3792,38149683899.19,08/10/2021
2021-10-11,0.6,235896782.95,39007427999.13,3793,38771531216.18,11/10/2021
2021-10-12,0.6,235497825.36,39212664137.58,3794,38977166312.22,12/10/2021
2021-10-13,0.6,235117142.07,39420049023.1,3795,39184931881.03,13/10/2021
2021-10-14,0.59,234723263.24,39620260264.38,3796,39385537001.14,14/10/2021
2021-10-15,0.59,234321107.24,39819504412.8,3797,39585183305.56,15/10/2021
2021-10-18,0.58,233210976.26,40385950274.31,3798,40152739298.05,18/10/2021
2021-10-20,0.57,232491989.82,40762985461.45,3799,40530493471.63,20/10/2021
2021-10-21,0.57,232201676.01,40957507993.82,3800,40725306317.81,21/10/2021
2021-10-22,0.56,231940764.83,41116768322.47,3801,40884827557.64,22/10/2021
2021-10-25,0.56,230875183.87,41597790577.68,3802,41366915393.81,25/10/2021
2021-10-26,0.55,230302910.25,41753381094.29,3803,41523078184.04,26/10/2021
2021-10-27,0.55,229748133.83,41806748911.35,3804,41577000777.52,27/10/2021
2021-10-29,0.55,229190202.71,41828981480.48,3805,41599791277.77,29/10/2021
2021-11-01,0.54,227165584.83,41790814426.29,3807,41563648841.46,01/11/2021
2021-11-02,0.54,226622351.42,41775272855.06,3808,41548650503.64,02/11/2021
2021-11-03,0.54,226074981.28,41755955706.01,3809,41529880724.73,03/11/2021
2021-11-04,0.54,225461985.57,41726778269.13,3810,41501316283.56,04/11/2021
2021-11-05,0.54,224866378.8,41702436750.14,3811,41477570371.34,05/11/2021
2021-11-08,0.54,223272144.04,41598746121.09,3812,41375473977.05,08/11/2021
2021-11-09,0.54,222732264.36,41579301125.19,3813,41356568860.83,09/11/2021
2021-11-10,0.53,222292537.52,41557045588.67,3814,41334753051.15,10/11/2021
2021-11-11,0.53,221829451.24,41534671963.41,3815,41312842512.17,11/11/2021
2021-11-12,0.53,221341602.31,41507876765.88,3816,41286535163.57,12/11/2021
2021-11-15,0.53,219849480.99,41455158667.12,3817,41235309186.13,15/11/2021
2021-11-16,0.53,219333929.58,41431239472.87,3818,41211905543.29,16/11/2021
2021-11-17,0.53,218831826.21,41418755237.7,3819,41199923411.49,17/11/2021
2021-11-18,0.53,218293345.49,41405300480.31,3820,41187007134.82,18/11/2021
2021-11-19,0.53,217736724.02,41386596414.88,3821,41168859690.86,19/11/2021
2021-11-22,0.53,217373482.29,41368848070.14,3822,41151474587.85,22/11/2021
2021-11-23,0.52,217004990.04,41349840957.22,3823,41132835967.18,23/11/2021
2021-11-24,0.52,216620044.66,41325546466.28,3824,41108926421.62,24/11/2021
2021-11-25,0.52,216238625.35,41300779002.53,3825,41084540377.18,25/11/2021
2021-11-26,0.52,216247392.73,41279495331.26,3827,41063247938.53,26/11/2021
2021-11-29,0.52,216314166.93,41215470283.52,3828,40999156116.59,29/11/2021
2021-11-30,0.53,216356088.17,41186700542.29,3829,40970344454.12,30/11/2021
2021-12-01,0.53,216499529.23,41154633988.51,3830,40938134459.28,01/12/2021
2021-12-02,0.53,216597729.13,41118144331.31,3831,40901546602.19,02/12/2021
2021-12-03,0.53,216771433.87,41085479624.01,3832,40868708190.13,03/12/2021
2021-12-06,0.53,217311101.37,40972067869.18,3833,40754756767.81,06/12/2021
2021-12-07,0.53,217455940.56,40950787737.4,3834,40733331796.84,07/12/2021
2021-12-08,0.53,217566599,40930517205.3,3835,40712950606.31,08/12/2021
2021-12-09,0.53,217579381.78,40904855247.92,3836,40687275866.14,09/12/2021
2021-12-10,0.53,217572541.94,40888135776.06,3837,40670563234.12,10/12/2021
2021-12-14,0.53,217289116.52,40731057647.49,3838,40513768530.97,14/12/2021
2021-12-15,0.53,217202538.95,40706942894.87,3840,40489740355.92,15/12/2021
2021-12-16,0.53,217132109.25,40690614373.54,3841,40473482264.29,16/12/2021
2021-12-17,0.53,217060073.9,40669218505.03,3842,40452158431.13,17/12/2021
2021-12-20,0.53,216943548.68,40619899990.87,3843,40402956442.19,20/12/2021
2021-12-21,0.53,216910827.36,40610310419.25,3844,40393399591.89,21/12/2021
2021-12-22,0.53,216732425.18,40599911513.73,3845,40383179088.55,22/12/2021
2021-12-23,0.53,216535083.87,40587771174.53,3846,40371236090.66,23/12/2021
2021-12-24,0.53,216357437.63,40575687850.27,3847,40359330412.64,24/12/2021
2021-12-29,0.53,215347437.23,40529377228.67,3848,40314029791.44,29/12/2021
2021-12-30,0.53,215097214.71,40526363782.84,3849,40311266568.13,30/12/2021
2021-12-31,0.53,214743205.79,40520531729.93,3850,40305788524.14,31/12/2021
2022-01-04,0.53,213522860.61,40518116445.4,3851,40304593584.79,04/01/2022
2022-01-05,0.53,213129969.51,40518750500.55,3852,40305620531.04,05/01/2022
2022-01-06,0.53,212790941.14,40498836322.88,3854,40286045381.74,06/01/2022
2022-01-07,0.52,212484965.95,40496292043.36,3855,40283807077.41,07/01/2022
2022-01-10,0.52,211866474.2,40509184532.47,3856,40297318058.27,10/01/2022
2022-01-11,0.52,211706755.12,40509975025.83,3857,40298268270.71,11/01/2022
2022-01-12,0.52,211558232.56,40509483595.23,3858,40297925362.67,12/01/2022
2022-01-13,0.52,211431656.96,40498854796.76,3859,40287423139.8,13/01/2022
2022-01-14,0.52,211264438.2,40479843188.02,3860,40268578749.82,14/01/2022
2022-01-17,0.52,210707769.16,40417256950.3,3861,40206549181.14,17/01/2022
2022-01-18,0.52,210509974.47,40398748604.52,3862,40188238630.05,18/01/2022
2022-01-19,0.52,210329908.69,40376905232.11,3863,40166575323.42,19/01/2022
2022-01-20,0.52,210171018.28,40346357336.28,3864,40136186318,20/01/2022
2022-01-21,0.52,210009506.71,40314778535.51,3865,40104769028.79,21/01/2022
2022-01-24,0.52,209590279.81,40240113922.59,3866,40030523642.78,24/01/2022
2022-01-25,0.52,209450676.18,40213341647.64,3867,40003890971.46,25/01/2022
2022-01-26,0.52,209275691.16,40183690240.27,3868,39974414549.11,26/01/2022
2022-01-27,0.52,208940812.44,40150974968.2,3869,39942034155.76,27/01/2022
2022-01-28,0.52,208557854.26,40119715013.28,3870,39911157159.02,28/01/2022
2022-01-31,0.52,207374343.64,40039162875.91,3871,39831788532.27,31/01/2022
2022-02-02,0.52,206480444.53,39984860856.21,3873,39778380411.67,02/02/2022
2022-02-03,0.52,206034666.52,39982874976.01,3874,39776840309.49,03/02/2022
2022-02-04,0.51,205734525.42,39980658651.45,3875,39774924126.03,04/02/2022
2022-02-07,0.51,204934500.08,39943498878.47,3876,39738564378.39,07/02/2022
2022-02-08,0.51,204757234.98,39920686424.69,3877,39715929189.71,08/02/2022
2022-02-09,0.51,204483152.3,39895330863.65,3878,39690847711.35,09/02/2022
2022-02-10,0.51,204153543.02,39871825064.22,3879,39667671521.2,10/02/2022
2022-02-11,0.51,203793912.61,39849082453.78,3880,39645288541.17,11/02/2022
2022-02-14,0.51,202732675.18,39795146602.34,3881,39592413927.16,14/02/2022
2022-02-15,0.51,202371832.03,39776942768.43,3882,39574570936.4,15/02/2022
2022-02-16,0.51,202028961.24,39781972989.39,3883,39579944028.15,16/02/2022
2022-02-17,0.51,201756183.36,39786079239.67,3885,39584323056.31,17/02/2022
2022-02-18,0.51,201584522.37,39795449262.6,3886,39593864740.23,18/02/2022
2022-02-21,0.5,201069206.02,39825524366.62,3887,39624455160.6,21/02/2022
2022-02-22,0.5,200883988.25,39830392293.92,3888,39629508305.67,22/02/2022
2022-02-23,0.5,200703387.47,39836129630.77,3889,39635426243.3,23/02/2022
2022-02-24,0.5,200431829.38,39841988159.93,3890,39641556330.55,24/02/2022
2022-02-25,0.5,200199256.27,39844933503.93,3891,39644734247.66,25/02/2022
2022-02-28,0.49,195553170.98,39863413918.07,3892,39667860747.09,28/02/2022
2022-03-01,0.5,200124595.9,39864574352.17,3893,39664449756.27,01/03/2022
2022-03-02,0.5,200075939.1,39870511212.01,3894,39670435272.91,02/03/2022
2022-03-03,0.5,200046605.74,39873453064.03,3895,39673406458.29,03/03/2022
2022-03-04,0.5,200137212,39870968069.92,3896,39670830857.92,04/03/2022
2022-03-07,0.5,200055913.74,39800030268.3,3897,39599974354.56,07/03/2022
2022-03-08,0.5,200001150.65,39785876734.07,3898,39585875583.42,08/03/2022
2022-03-09,0.5,199859678.26,39768456693.57,3899,39568597015.31,09/03/2022
2022-03-10,0.5,199677604.95,39754616462.18,3900,39554938857.23,10/03/2022
2022-03-11,0.5,199688273.48,39741757681.25,3902,39542069407.77,11/03/2022
2022-03-14,0.5,199757729.92,39711680488.82,3903,39511922758.9,14/03/2022
2022-03-15,0.5,199629685.15,39703836934.81,3904,39504207249.66,15/03/2022
2022-03-16,0.5,199595035.76,39702360537.28,3905,39502765201.52,16/03/2022
2022-03-17,0.5,199465001.52,39696709622.24,3906,39497244620.72,17/03/2022
2022-03-18,0.5,199256683.78,39665070495.53,3907,39465813811.75,18/03/2022
2022-03-21,0.5,196655262.65,39578409601.18,3908,39381754338.53,21/03/2022
2022-03-22,0.5,198030202.01,39544880720.92,3909,39346850518.91,22/03/2022
2022-03-23,0.51,199731028.48,39519365175.58,3910,39319634147.1,23/03/2022
2022-03-24,0.51,201356220.39,39528594287.68,3911,39327238067.29,24/03/2022
2022-03-25,0.51,202992399.6,39529935787.63,3912,39326943388.03,25/03/2022
2022-03-28,0.53,208126031.58,39549946861.88,3913,39341820830.3,28/03/2022
2022-03-29,0.53,210293372.71,39551042889.88,3914,39340749517.17,29/03/2022
2022-03-30,0.54,212440701.51,39553478298.66,3915,39341037597.15,30/03/2022
2022-03-31,0.54,214632270.06,39546756727.81,3916,39332124457.75,31/03/2022
2022-04-01,0.55,216736526.2,39537785516.85,3917,39321048990.65,01/04/2022
2022-04-04,0.56,222317563.43,39568888488.1,3918,39346570924.67,04/04/2022
2022-04-05,0.57,224892751.86,39604970157.46,3919,39380077405.6,05/04/2022
2022-04-06,0.57,227432203.95,39631010632.14,3920,39403578428.19,06/04/2022
2022-04-07,0.58,229986366.77,39647857132.71,3921,39417870765.94,07/04/2022
2022-04-08,0.59,232462717.65,39659957150.18,3922,39427494432.53,08/04/2022
2022-04-11,0.6,239808444.56,39704996120.64,3923,39465187676.08,11/04/2022
2022-04-12,0.61,242259174.77,39713433092.6,3924,39471173917.83,12/04/2022
2022-04-13,0.62,244677905.99,39725624012.51,3925,39480946106.52,13/04/2022
2022-04-14,0.62,247154394.38,39735309465.87,3926,39488155071.49,14/04/2022
2022-04-19,0.65,259807973.26,39781617040.55,3927,39521809067.29,19/04/2022
2022-04-20,0.66,262333300.55,39795294527.15,3928,39532961226.6,20/04/2022
2022-04-21,0.67,264826010.9,39811560184.08,3929,39546734173.18,21/04/2022
2022-04-22,0.67,265227253.84,39805991121.05,3930,39540763867.22,22/04/2022
2022-04-25,0.67,266669130.66,39713854941.83,3931,39447185811.17,25/04/2022
2022-04-26,0.67,267104784.09,39677508992.78,3932,39410404208.69,26/04/2022
2022-04-27,0.67,267485214.44,39645674646.73,3933,39378189432.29,27/04/2022
2022-04-28,0.67,267280291.16,39615433888.34,3934,39348153597.18,28/04/2022
2022-04-29,0.67,267119458.21,39579280535.54,3935,39312161077.33,29/04/2022
2022-05-04,0.68,267483486.58,39426731078.99,3936,39159247592.41,04/05/2022
2022-05-05,0.68,266947553.4,39367429045.94,3937,39100481492.54,05/05/2022
2022-05-06,0.68,266461577.95,39309518226.66,3938,39043056648.71,06/05/2022
2022-05-09,0.68,265059601.32,39166668413.42,3939,38901608812.1,09/05/2022
2022-05-10,0.68,264610048.97,39124102995.12,3940,38859492946.15,10/05/2022
2022-05-11,0.68,264112245.22,39074703749.63,3941,38810591504.41,11/05/2022
2022-05-12,0.67,263497302.43,39041257795.42,3942,38777760492.99,12/05/2022
2022-05-13,0.67,262935458.63,39011855262.97,3943,38748919804.34,13/05/2022
2022-05-16,0.67,261532879.98,38919248180.22,3944,38657715300.23,16/05/2022
2022-05-17,0.67,261136682.72,38880531487.23,3945,38619394804.51,17/05/2022
2022-05-18,0.67,260729344.2,38836689446.55,3946,38575960102.35,18/05/2022
2022-05-19,0.67,260313301.62,38795008907.25,3947,38534695605.63,19/05/2022
2022-05-20,0.67,259903508.54,38750750201.25,3948,38490846692.71,20/05/2022
2022-05-23,0.67,258928731.91,38651886286.47,3949,38392957554.56,23/05/2022
2022-05-24,0.67,258702171.69,38625224660.49,3950,38366522488.8,24/05/2022
2022-05-25,0.67,258470568.14,38597574811.15,3951,38339104243.01,25/05/2022
2022-05-26,0.67,258306073.74,38570830611.28,3952,38312524537.54,26/05/2022
2022-05-27,0.67,258225532.13,38542557294.73,3953,38284331762.6,27/05/2022
2022-05-30,0.67,258390108.35,38483589385.62,3954,38225199277.27,30/05/2022
2022-05-31,0.67,258386496.42,38483657153.93,3955,38225270657.51,31/05/2022
2022-06-02,0.67,258229762.15,38476145376.7,3957,38217915614.55,02/06/2022
2022-06-03,0.67,258191326.53,38459710191.57,3958,38201518865.04,03/06/2022
2022-06-06,0.67,258055041.64,38421941420.21,3959,38163886378.57,06/06/2022
2022-06-07,0.67,257952983.21,38463371735.04,3960,38205418751.83,07/06/2022
2022-06-08,0.67,257460024.71,38489623752.41,3961,38232163727.7,08/06/2022
2022-06-09,0.67,256962187.67,38516060142.82,3962,38259097955.15,09/06/2022
2022-06-10,0.67,256521650.18,38546019724.71,3963,38289498074.53,10/06/2022
2022-06-14,0.66,255096987.59,38616202696.05,3965,38361105708.46,14/06/2022
2022-06-15,0.66,254680580.58,38633195967.13,3966,38378515386.55,15/06/2022
2022-06-16,0.66,254175896.12,38664486718.15,3967,38410310822.03,16/06/2022
2022-06-17,0.66,253724387.01,38695816588.5,3968,38442092201.49,17/06/2022
2022-06-20,0.65,252369980.99,38791247662.02,3969,38538877681.03,20/06/2022
2022-06-21,0.65,251938334.37,38818858013.59,3970,38566919679.22,21/06/2022
2022-06-22,0.65,251395259.5,38848476557.32,3971,38597081297.82,22/06/2022
2022-06-23,0.65,250823966.39,38884522116.37,3972,38633698149.98,23/06/2022
2022-06-24,0.64,250269804.73,38925142422.46,3973,38674872617.73,24/06/2022
2022-06-27,0.64,248538538.69,39055061661.72,3974,38806523123.03,27/06/2022
2022-06-28,0.63,247970610.63,39091790655.17,3975,38843820044.54,28/06/2022
2022-06-29,0.63,247378418.08,39134840970.82,3976,38887462552.74,29/06/2022
2022-06-30,0.63,246837172.38,39155282548.2,3977,38908445375.82,30/06/2022
2022-07-01,0.63,246364566.2,39173949470.57,3978,38927584904.37,01/07/2022
2022-07-04,0.62,244966950.73,39254022756.09,3979,39009055805.36,04/07/2022
2022-07-05,0.62,244421373.45,39271001316.92,3980,39026579943.47,05/07/2022
2022-07-06,0.62,243830869.8,39335616147.59,3982,39091785277.79,06/07/2022
2022-07-07,0.62,243300957.8,39344695830.57,3983,39101394872.77,07/07/2022
2022-07-08,0.62,243124554.62,39354641084.66,3984,39111516530.04,08/07/2022
2022-07-13,0.61,242092403.52,39423194836.53,3985,39181102433.01,13/07/2022
2022-07-14,0.61,241958625.62,39430078763.05,3986,39188120137.43,14/07/2022
2022-07-15,0.61,241852359.97,39440991330.68,3987,39199138970.71,15/07/2022
2022-07-18,0.61,241565559.6,39444541007.69,3988,39202975448.09,18/07/2022
2022-07-19,0.61,241532963.15,39438667194.82,3989,39197134231.67,19/07/2022
2022-07-22,0.61,241329284.24,39388449915.18,3992,39147120630.94,22/07/2022
2022-07-25,0.61,241234031.04,39305867423.87,3993,39064633392.83,25/07/2022
2022-07-26,0.64,249513003.87,39273634049.84,3994,39024121045.97,26/07/2022
2022-07-27,0.65,256410028,39247835555.81,3995,38991425527.81,27/07/2022
2022-07-28,0.67,263440473.14,39219234945.94,3996,38955794472.8,28/07/2022
2022-08-01,0.77,300732167.33,39093696105.71,3998,38792963938.38,01/08/2022
2022-08-02,0.79,310092545.43,39071993196.11,3999,38761900650.68,02/08/2022
2022-08-03,0.82,319086472.12,39074126879.55,4000,38755040407.43,03/08/2022
2022-08-04,0.84,329666139.74,39085717041.69,4001,38756050901.96,04/08/2022
2022-08-05,0.87,339953965.2,39048266913.15,4002,38708312947.95,05/08/2022
2022-08-08,0.96,374630842.68,38954333398.4,4003,38579702555.72,08/08/2022
2022-08-09,1,388673849.93,38920231596.82,4004,38531557746.89,09/08/2022
2022-08-10,1.03,401623063.69,38882699606.51,4005,38481076542.82,10/08/2022
2022-08-11,1.07,414120557.09,38881774437.2,4006,38467653880.11,11/08/2022
2022-08-12,1.1,426542433.37,38884254644.77,4007,38457712211.4,12/08/2022
2022-08-15,1.19,463555394.03,38896638536.12,4008,38433083142.09,15/08/2022
2022-08-16,1.23,479023165.06,38894018498.43,4009,38414995333.37,16/08/2022
2022-08-17,1.27,494411301.85,38906607962.32,4010,38412196660.47,17/08/2022
2022-08-18,1.31,509715613.77,38907939219.25,4011,38398223605.48,18/08/2022
2022-08-19,1.35,525335245.28,38912610736.15,4012,38387275490.87,19/08/2022
2022-08-22,1.47,572096293.04,38940084247.74,4013,38367987954.7,22/08/2022
2022-08-23,1.51,587637600.93,38941446244.76,4014,38353808643.83,23/08/2022
2022-08-24,1.55,604475320.23,38940231277.56,4015,38335755957.33,24/08/2022
2022-08-25,1.57,611728362.77,38947303012.76,4016,38335574649.99,25/08/2022
2022-08-26,1.59,620051204.12,38956657483.44,4017,38336606279.32,26/08/2022
2022-08-29,1.64,639885936.28,39002069695.86,4018,38362183759.58,29/08/2022
2022-08-30,1.65,645623446.07,39015334321.97,4019,38369710875.9,30/08/2022
2022-08-31,1.67,651249232.83,39024891148.44,4020,38373641915.61,31/08/2022
2022-09-01,1.68,656871877.24,39024065949.29,4021,38367194072.05,01/09/2022
2022-09-02,1.7,662861089.35,38998166330.13,4022,38335305240.78,02/09/2022
2022-09-05,1.74,676953372.87,38935146437.46,4023,38258193064.59,05/09/2022
2022-09-06,1.77,689191687.21,38916423092.75,4025,38227231405.54,06/09/2022
2022-09-07,1.79,696242728.12,38915668025.56,4026,38219425297.44,07/09/2022
2022-09-08,1.81,703343145.59,38915702846.24,4027,38212359700.65,08/09/2022
2022-09-09,1.83,713225257.52,38917954741.74,4028,38204729484.22,09/09/2022
2022-09-12,1.92,744498605.87,38816042732.17,4029,38071544126.3,12/09/2022
2022-09-13,1.95,754786841.12,38782090813.79,4030,38027303972.67,13/09/2022
2022-09-14,1.97,765014770.5,38735508778.97,4031,37970494008.47,14/09/2022
2022-09-15,2,772122214.56,38689328961.79,4032,37917206747.23,15/09/2022
2022-09-16,2.02,779662752.39,38648714949.57,4033,37869052197.18,16/09/2022
2022-09-19,2.08,801716013.09,38569826461.76,4034,37768110448.67,19/09/2022
2022-09-20,2.1,808788224.78,38539005219.07,4035,37730216994.29,20/09/2022
2022-09-21,2.12,815966477.74,38511327857.74,4036,37695361380,21/09/2022
2022-09-22,2.14,823782850.37,38485821925.32,4037,37662039074.95,22/09/2022
2022-09-23,2.16,830222443.76,38463187593.79,4038,37632965150.03,23/09/2022
2022-09-26,2.22,853919054.03,38385009735.56,4056,37531090681.53,26/09/2022
2022-09-27,2.25,862012222.46,38356497902.12,4057,37494485679.66,27/09/2022
2022-09-28,2.27,870144738.71,38318833839.09,4058,37448689100.38,28/09/2022
2022-09-29,2.29,878389239.94,38284630992.62,4059,37406241752.68,29/09/2022
2022-09-30,2.32,886659594.3,38252906234.21,4060,37366246639.91,30/09/2022
2022-10-04,2.41,919795824.02,38139282722.72,4062,37219486898.7,04/10/2022
2022-10-05,2.44,928210333.91,38109487660.7,4063,37181277326.78,05/10/2022
2022-10-06,2.44,929030899.58,38099319022.79,4064,37170288123.21,06/10/2022
2022-10-07,2.45,931294151.09,38071846401.69,4065,37140552250.6,07/10/2022
2022-10-11,2.47,937007431.38,37974871124.49,4070,37037863693.11,11/10/2022
2022-10-12,2.48,939366376.48,37946851774.72,4071,37007485398.24,12/10/2022
2022-10-13,2.48,941904335.08,37906197208.25,4072,36964292873.17,13/10/2022
2022-10-14,2.49,944535721.86,37882049864.13,4073,36937514142.27,14/10/2022
2022-10-17,2.52,951449781.98,37795960114.77,4074,36844510332.79,17/10/2022
2022-10-18,2.53,953612233.61,37760212079.42,4075,36806599845.81,18/10/2022
2022-10-19,2.53,955844105.79,37714686543.38,4076,36758842437.59,19/10/2022
2022-10-20,2.54,958187669.15,37681395735.36,4077,36723208066.21,20/10/2022
2022-10-21,2.55,960308422.88,37647984666.84,4078,36687676243.96,21/10/2022
2022-10-24,2.57,964789367.15,37555992532.41,4079,36591203165.26,24/10/2022
2022-10-25,2.58,966309269.44,37520200761.49,4080,36553891492.05,25/10/2022
2022-10-26,2.58,968012856.62,37488769534.64,4081,36520756678.02,26/10/2022
2022-10-27,2.59,969482740.94,37467402821.31,4082,36497920080.37,27/10/2022
2022-10-28,2.59,970954226.86,37445333679.34,4083,36474379452.48,28/10/2022
2022-10-31,2.61,974689951.28,37386700903.44,4084,36412010952.16,31/10/2022
2022-11-01,2.61,975582134.7,37365627178.58,4085,36390045043.88,01/11/2022
2022-11-03,2.62,977192427.02,37365862984.39,4087,36388670557.37,03/11/2022
2022-11-04,2.62,978771928.74,37363105135.78,4089,36384333207.04,04/11/2022
2022-11-07,2.64,984022124.31,37295069743.55,4090,36311047619.24,07/11/2022
2022-11-08,2.64,985727819,37272524724.07,4091,36286796905.07,08/11/2022
2022-11-09,2.65,987437202.16,37247002786.96,4092,36259565584.8,09/11/2022
2022-11-10,2.65,986718856.47,37221965880.64,4093,36235247024.17,10/11/2022
2022-11-11,2.65,986116866.22,37202170300.83,4094,36216053434.61,11/11/2022
2022-11-14,2.65,984987115.57,37180864526.67,4095,36195877411.1,14/11/2022
2022-11-15,2.65,985053657.78,37177874243.05,4096,36192820585.27,15/11/2022
2022-11-16,2.65,985146479.64,37188055800.73,4097,36202909321.09,16/11/2022
2022-11-17,2.65,985094908.35,37191219834.43,4098,36206124926.08,17/11/2022
2022-11-18,2.65,985890076.94,37192381390.59,4099,36206491313.65,18/11/2022
2022-11-21,2.66,988745420.94,37193436290.6,4100,36204690869.66,21/11/2022
2022-11-22,2.66,989731733.26,37192292682.73,4101,36202560949.47,22/11/2022
2022-11-23,2.66,990365760.92,37186524137.74,4102,36196158376.82,23/11/2022
2022-11-24,2.67,991015280.96,37181415906.16,4103,36190400625.2,24/11/2022
2022-11-25,2.67,992647571.91,37172503981.39,4104,36179856409.48,25/11/2022
2022-11-28,2.69,997531579,37124366550.76,4105,36126834971.76,28/11/2022
2022-11-29,2.69,998911877.59,37117899042.9,4106,36118987165.31,29/11/2022
2022-11-30,2.7,1000738633.18,37112947063,4107,36112208429.82,30/11/2022
2022-12-01,2.7,1002568046.53,37104957404.2,4108,36102389357.67,01/12/2022
2022-12-02,2.71,1004335763.79,37075171904.74,4109,36070836140.95,02/12/2022
2022-12-05,2.72,1008088727.87,36998943787.5,4110,35990855059.63,05/12/2022
2022-12-06,2.73,1009173253.38,36968391667.48,4111,35959218414.1,06/12/2022
2022-12-07,2.73,1010218957.37,36966434167.15,4112,35956215209.78,07/12/2022
2022-12-08,2.74,1011700864.12,36962421996.06,4113,35950721131.94,08/12/2022
2022-12-09,2.74,1013197022.95,36957607601.34,4114,35944410578.39,09/12/2022
2022-12-13,2.76,1020649207.25,36948759588.08,4116,35928110380.83,13/12/2022
2022-12-14,2.76,1021632421.92,36949143385.63,4117,35927510963.71,14/12/2022
2022-12-15,2.77,1022542809.66,36946867010.77,4118,35924324201.11,15/12/2022
2022-12-16,2.77,1024005679.81,36939576301.08,4119,35915570621.27,16/12/2022
2022-12-19,2.78,1027082124.11,36944921325.01,4120,35917839200.9,19/12/2022
2022-12-20,2.78,1028184393.35,36945587514.08,4121,35917403120.73,20/12/2022
2022-12-21,2.79,1029271754.72,36947672924.38,4122,35918401169.66,21/12/2022
2022-12-22,2.79,1030366698.5,36953048723.34,4123,35922682024.84,22/12/2022
2022-12-23,2.79,1031715022.46,36966681365.42,4124,35934966342.96,23/12/2022
2022-12-28,2.79,1034244631.5,37075174503.35,4125,36040929871.85,28/12/2022
2022-12-29,2.79,1034325118.12,37089086325.25,4126,36054761207.13,29/12/2022
2022-12-30,2.79,1034458107.04,37082778138.18,4127,36048320031.14,30/12/2022
2023-01-03,2.79,1035679007.67,37069719188.92,4128,36034040181.25,03/01/2023
2023-01-04,2.79,1036262311.39,37109363493.5,4129,36073101182.11,04/01/2023
2023-01-05,2.79,1036689528.14,37152905268.4,4130,36116215740.26,05/01/2023
2023-01-06,2.79,1037073851.4,37163028089.43,4131,36125954238.03,06/01/2023
2023-01-09,2.79,1037078191.74,37195093893.94,4132,36158015702.2,09/01/2023
2023-01-10,2.79,1036869208.21,37200498031.91,4133,36163628823.7,10/01/2023
2023-01-11,2.78,1035120592.24,37205351780.51,4134,36170231188.27,11/01/2023
2023-01-12,2.78,1033799351.49,37206459462.34,4135,36172660110.85,12/01/2023
2023-01-13,2.77,1032400160.3,37205775379.58,4136,36173375219.28,13/01/2023
2023-01-16,2.76,1027225454.93,37210617123.82,4137,36183391668.89,16/01/2023
2023-01-17,2.76,1028337477.22,37208381574.34,4138,36180044097.12,17/01/2023
2023-01-18,2.77,1029258455.96,37205768012.17,4139,36176509556.21,18/01/2023
2023-01-19,2.77,1029701058.86,37201976881.38,4141,36172275822.52,19/01/2023
2023-01-20,2.77,1030194374.44,37192203536.74,4142,36162009162.3,20/01/2023
2023-01-23,2.78,1031796003.51,37146427991.74,4143,36114631988.23,23/01/2023
2023-01-24,2.78,1032116910.85,37121732899.27,4144,36089615988.42,24/01/2023
2023-01-25,2.79,1034489690.38,37096919743.85,4145,36062430053.47,25/01/2023
2023-01-26,2.79,1035688724.31,37069867763.27,4146,36034179038.96,26/01/2023
2023-01-27,2.8,1037301561.55,37040597648.94,4147,36003296087.39,27/01/2023
2023-01-30,2.82,1043209977.88,37006097776.45,4148,35962887798.57,30/01/2023
2023-01-31,2.82,1044415722.41,36996157229.1,4149,35951741506.69,31/01/2023
2023-02-01,2.83,1046075640.03,37009927133.94,4150,35963851493.91,01/02/2023
2023-02-02,2.82,1045694609.64,37020126413.31,4151,35974431803.67,02/02/2023
2023-02-03,2.83,1044991123.6,36988807940.28,4152,35943816816.68,03/02/2023
2023-02-06,2.83,1044999050.45,36898023487.05,4153,35853024436.6,06/02/2023
2023-02-07,2.84,1045533034.92,36856217912.53,4154,35810684877.61,07/02/2023
2023-02-08,2.84,1044590009.47,36820937099.99,4155,35776347090.52,08/02/2023
2023-02-09,2.84,1044460762.92,36820793068.78,4156,35776332305.86,09/02/2023
2023-02-10,2.84,1044472187.33,36820837039.16,4157,35776364851.84,10/02/2023
2023-02-13,2.84,1046597722.19,36817284240.42,4158,35770686518.23,13/02/2023
2023-02-14,2.84,1047109129.52,36808626944.68,4159,35761517815.16,14/02/2023
2023-02-15,2.85,1046996684.36,36794556843.36,4160,35747560159,15/02/2023
2023-02-16,2.84,1044255375.53,36778628220.66,4161,35734372845.13,16/02/2023
2023-02-17,2.83,1041872575.32,36760796944.51,4162,35718924369.19,17/02/2023
2023-02-20,2.82,1037052607.12,36733880698.85,4163,35696828091.73,20/02/2023
2023-02-21,2.82,1034308544.16,36724035983.54,4166,35689727439.38,21/02/2023
2023-02-23,2.8,1027067780.37,36706991312.29,4168,35679923531.92,23/02/2023
2023-02-24,2.79,1022299464.79,36698009334.95,4169,35675709870.16,24/02/2023
2023-02-27,2.75,1008171912.1,36678837822.02,4170,35670665909.92,27/02/2023
2023-03-01,2.73,1000490410.31,36656047016.5,4172,35655556606.19,01/03/2023
2023-03-02,2.72,997832698.26,36648578649.09,4173,35650745950.83,02/03/2023
2023-03-03,2.72,995324178.28,36612679267.14,4175,35617355088.86,03/03/2023
2023-03-06,2.71,991201444.83,36515610298.64,4176,35524408853.81,06/03/2023
2023-03-07,2.71,989887651.06,36470906759.83,4177,35481019108.77,07/03/2023
2023-03-08,2.71,988063589.98,36442971430.7,4178,35454907840.72,08/03/2023
2023-03-09,2.71,985680740.74,36414834991.72,4179,35429154250.98,09/03/2023
2023-03-10,2.71,984582733.89,36388943074.42,4180,35404360340.53,10/03/2023
2023-03-13,2.72,983323159.92,36196998062.68,4181,35213674902.76,13/03/2023
2023-03-14,2.72,983539028.84,36135039900.92,4182,35151500872.08,14/03/2023
2023-03-15,2.73,983256442.22,36077699484.54,4183,35094443042.32,15/03/2023
2023-03-16,2.73,984480820.68,36021799156.64,4184,35037318335.96,16/03/2023
2023-03-17,2.74,986301608.25,35978434818.99,4185,34992133210.74,17/03/2023
2023-03-20,2.76,990345947.9,35867588997.75,4186,34877243049.85,20/03/2023
2023-03-21,2.77,991631219,35841664494.86,4187,34850033275.86,21/03/2023
2023-03-22,2.77,992890578.08,35814768984.91,4188,34821878406.83,22/03/2023
2023-03-23,2.78,994044830.89,35777689009.46,4190,34783644178.57,23/03/2023
2023-03-24,2.79,995895429.21,35740695283.7,4191,34744799854.49,24/03/2023
2023-03-27,2.81,1002518492.65,35643109743.3,4192,34640591250.65,27/03/2023
2023-03-28,2.82,1004443929.51,35604913284.53,4193,34600469355.02,28/03/2023
2023-03-29,2.83,1006259027.99,35567681997.07,4194,34561422969.08,29/03/2023
2023-03-30,2.82,1002429724.97,35533257488.54,4195,34530827763.57,30/03/2023
2023-03-31,2.81,997746707.41,35497122764.58,4196,34499376057.17,31/03/2023
2023-04-03,2.77,982293766.8,35414626316.19,4197,34432332549.39,03/04/2023
2023-04-04,2.76,976233257.14,35388699832.69,4198,34412466575.55,04/04/2023
2023-04-05,2.74,970476884.82,35386027691.26,4199,34415550806.44,05/04/2023
2023-04-06,2.73,964787364.8,35393230330.35,4200,34428442965.55,06/04/2023
2023-04-11,2.65,937622839.82,35430975144.91,4201,34493352305.09,11/04/2023
2023-04-12,2.63,931138337.03,35432118825.2,4202,34500980488.17,12/04/2023
2023-04-13,2.61,925920637.9,35420474058.89,4203,34494553420.99,13/04/2023
2023-04-14,2.6,921595640.35,35406175484.13,4204,34484579843.78,14/04/2023
2023-04-17,2.56,904449948.2,35353195559.63,4205,34448745611.43,17/04/2023
2023-04-18,2.54,898565936.97,35337703187.91,4206,34439137250.94,18/04/2023
2023-04-19,2.52,891643292.8,35326409784.39,4207,34434766491.59,19/04/2023
2023-04-20,2.5,884429959.05,35310323468.78,4208,34425893509.73,20/04/2023
2023-04-25,2.41,850475707.04,35288137015.59,4209,34437661308.55,25/04/2023
2023-04-26,2.39,843196398.88,35262496531.18,4211,34419300132.3,26/04/2023
2023-04-28,2.35,829060236.07,35250914723.61,4217,34421854487.54,28/04/2023
2023-05-02,2.32,818749453.94,35277569586.69,4219,34458820132.75,02/05/2023
2023-05-03,2.31,815915500.96,35276085482.71,4220,34460169981.75,03/05/2023
2023-05-04,2.3,813258896.17,35288818073.47,4221,34475559177.3,04/05/2023
2023-05-05,2.3,810412379.84,35277581917.73,4222,34467169537.89,05/05/2023
2023-05-08,2.28,802147116.61,35256869028.46,4223,34454721911.85,08/05/2023
2023-05-09,2.27,799492101.28,35237514803.29,4224,34438022702.01,09/05/2023
2023-05-10,2.26,796674276.08,35222674747.9,4225,34426000471.82,10/05/2023
2023-05-12,2.25,791965002.03,35188325095.94,4227,34396360093.91,12/05/2023
2023-05-15,2.22,780607487.61,35192939461.87,4228,34412331974.26,15/05/2023
2023-05-16,2.2,775237948.1,35194298664.42,4229,34419060716.32,16/05/2023
2023-05-17,2.19,770764443.36,35196540388.85,4230,34425775945.49,17/05/2023
2023-05-18,2.18,766286635.07,35178329120.29,4231,34412042485.22,18/05/2023
2023-05-19,2.17,762903579.75,35198503584.26,4232,34435600004.51,19/05/2023
2023-05-22,2.15,757091125.39,35189191670.35,4233,34432100544.96,22/05/2023
2023-05-23,2.14,754354529.99,35182253816.14,4234,34427899286.15,23/05/2023
2023-05-25,2.13,749172246.67,35158242660.52,4236,34409070413.85,25/05/2023
2023-05-26,2.13,746975889.02,35147391756.74,4237,34400415867.72,26/05/2023
2023-05-30,2.11,739247313.93,35094421973.75,4238,34355174659.82,30/05/2023
2023-06-02,2.1,736062788.1,35022326539.71,4241,34286263751.61,02/06/2023
2023-06-05,2.1,734604781.3,34951786555.29,4242,34217181773.99,05/06/2023
2023-06-06,2.1,733951853.27,34922199385.75,4243,34188247532.48,06/06/2023
2023-06-07,2.1,733446447.6,34884353158.54,4244,34150906710.94,07/06/2023
2023-06-08,2.1,732964846.15,34850880979.6,4245,34117916133.45,08/06/2023
2023-06-09,2.1,732533582.73,34814939915.09,4246,34082406332.36,09/06/2023
2023-06-13,2.1,730274140.33,34693636278.23,4247,33963362137.9,13/06/2023
2023-06-14,2.1,727746145.58,34656606962.96,4248,33928860817.38,14/06/2023
2023-06-15,2.1,728591996.42,34620936189.12,4249,33892344192.7,15/06/2023
2023-06-16,2.11,728574141.68,34592598639.4,4250,33864024497.72,16/06/2023
2023-06-19,2.11,728685180.41,34493298488,4251,33764613307.59,19/06/2023
2023-06-20,2.11,728588936.68,34449366568.28,4252,33720777631.6,20/06/2023
2023-06-21,2.12,728151795.67,34398467970.01,4253,33670316174.34,21/06/2023
2023-06-22,2.12,727754142.21,34352854760.24,4254,33625100618.03,22/06/2023
2023-06-23,2.12,727150090.82,34307379347.22,4255,33580229256.4,23/06/2023
2023-06-26,2.12,725800684.59,34220621706.49,4256,33494821021.9,26/06/2023
2023-06-27,2.12,725300889.14,34192242646.18,4257,33466941757.04,27/06/2023
2023-06-30,2.13,727539848.81,34119447985.86,4258,33391908137.05,30/06/2023
2023-07-03,2.15,730081252.27,34019797241.73,4259,33289715989.46,03/07/2023
2023-07-04,2.14,730497188.05,34087652638.01,4260,33357155449.96,04/07/2023
2023-07-05,2.15,730964256.78,34068767256.85,4261,33337803000.07,05/07/2023
2023-07-06,2.15,730837045.97,34059175988.11,4262,33328338942.14,06/07/2023
2023-07-07,2.15,733036003.31,34062885562.64,4263,33329849559.33,07/07/2023
2023-07-10,2.16,735210051.43,34080899890.24,4264,33345689838.81,10/07/2023
2023-07-11,2.16,736296618.29,34070520770.34,4265,33334224152.05,11/07/2023
2023-07-12,2.16,736460516.69,34060871161.32,4266,33324410644.63,12/07/2023
2023-07-13,2.16,736705204.68,34047668666.7,4267,33310963462.02,13/07/2023
2023-07-14,2.17,737684141.63,34038631614.55,4268,33300947472.92,14/07/2023
2023-07-18,2.17,738326810.21,33995389196,4270,33257062385.79,18/07/2023
2023-07-19,2.17,738340366.69,33980006467.32,4271,33241666100.63,19/07/2023
2023-07-20,2.18,739171930.07,33972711685.07,4281,33233539755,20/07/2023
2023-07-21,2.18,740013606.96,33965691619.03,4282,33225678012.07,21/07/2023
2023-07-25,2.19,743391315.73,33944720572.88,4284,33201329257.15,25/07/2023
2023-07-26,2.19,744385671.09,33946494875.26,4285,33202109204.17,26/07/2023
2023-07-27,2.2,745393332.97,33949405649.23,4286,33204012316.26,27/07/2023
2023-07-28,2.2,746385923.01,33952248666.81,4287,33205862743.8,28/07/2023
2023-08-01,2.19,744850810.66,33944987133.42,4289,33200136322.76,01/08/2023
2023-08-02,2.19,745067828.97,33965384240.22,4290,33220316411.25,02/08/2023
2023-08-03,2.2,745313900.37,33926891371.6,4291,33181577471.23,03/08/2023
2023-08-04,2.2,746705162.19,33929253237.84,4293,33182548075.65,04/08/2023
2023-08-07,2.21,749342429.27,33935293505.61,4294,33185951076.34,07/08/2023
2023-08-08,2.21,749349204.73,33918924322.39,4295,33169575117.66,08/08/2023
2023-08-09,2.21,748966809.09,33897958919.23,4297,33148992110.14,09/08/2023
2023-08-10,2.21,748582281.12,33884843549.27,4298,33136261268.15,10/08/2023
2023-08-11,2.21,749110063.69,33870600947.33,4299,33121490883.64,11/08/2023
2023-08-14,2.21,749582392.14,33860189101.22,4300,33110606709.08,14/08/2023
2023-08-15,2.22,750269794.61,33845244656.68,4301,33094974862.07,15/08/2023
2023-08-16,2.22,750587914.19,33833151959.87,4305,33082564045.68,16/08/2023
2023-08-17,2.22,750895917.52,33820931335.1,4306,33070035417.58,17/08/2023
2023-08-18,2.22,751118322.19,33807272746.86,4310,33056154424.67,18/08/2023
2023-08-21,2.22,751409471.65,33775718097.24,4311,33024308625.59,21/08/2023
2023-08-22,2.23,751646838.88,33764605225.18,4312,33012958386.3,22/08/2023
2023-08-23,2.23,752023917.5,33751621852.07,4313,32999597934.57,23/08/2023
2023-08-24,2.23,751839834.39,33741036346.79,4314,32989196512.4,24/08/2023
2023-08-25,2.23,751594671.79,33729721361.91,4315,32978126690.12,25/08/2023
2023-08-28,2.23,750818566.09,33681077135.74,4316,32930258569.65,28/08/2023
2023-08-29,2.23,750566194.68,33653196898.8,4317,32902630704.12,29/08/2023
2023-08-30,2.23,749832915.68,33625252735.15,4318,32875419819.47,30/08/2023
2023-08-31,2.2,745696384.55,33954113883.81,4288,33208417499.26,31/08/2023
2023-09-01,2.23,748177321.55,33572906346.23,4320,32824729024.68,01/09/2023
2023-09-04,2.23,745452703.21,33464320240.03,4321,32718867536.82,04/09/2023
2023-09-05,2.22,742695386.95,33430777181.9,4322,32688081794.95,05/09/2023
2023-09-06,2.22,739763754.56,33391452584.66,4323,32651688830.1,06/09/2023
2023-09-08,2.2,734265948.62,33327224179.95,4325,32592958231.33,08/09/2023
2023-09-11,2.19,728079357.12,33293300404.47,4326,32565221047.35,11/09/2023
2023-09-12,2.18,726148090.29,33293917315.69,4327,32567769225.4,12/09/2023
2023-09-13,2.17,723390159.16,33294357961.37,4328,32570967802.21,13/09/2023
2023-09-14,2.16,720634014.94,33300263007.36,4329,32579628992.42,14/09/2023
2023-09-15,2.17,721082454.86,33296351900.27,4330,32575269445.41,15/09/2023
2023-09-18,2.17,722537592.53,33286962204.28,4331,32564424611.75,18/09/2023
2023-09-19,2.18,724760622.25,33283049915.99,4332,32558289293.74,19/09/2023
2023-09-20,2.18,726949989.38,33280272632.29,4333,32553322642.91,20/09/2023
2023-09-21,2.19,728543054.21,33280104046.91,4334,32551560992.7,21/09/2023
2023-09-22,2.19,729961755.78,33276615958.53,4335,32546654202.75,22/09/2023
2023-09-25,2.21,735994005.82,33261165806.6,4336,32525171800.78,25/09/2023
2023-09-26,2.22,737737370.15,33251343686.94,4337,32513606316.79,26/09/2023
2023-09-28,2.23,741148512.06,33242364042.7,4338,32501215530.64,28/09/2023
2023-09-29,2.24,743588199.18,33237603572.34,4339,32494015373.16,29/09/2023
2023-10-03,2.27,753773077,33226321384.71,4340,32472548307.71,03/10/2023
2023-10-04,2.28,756336146.9,33226415800.65,4341,32470079653.75,04/10/2023
2023-10-05,2.29,759534471.65,33227015518.79,4342,32467481047.14,05/10/2023
2023-10-06,2.3,762837649.12,33222630687.92,4343,32459793038.8,06/10/2023
2023-10-10,2.34,776992057.46,33221060054.2,4345,32444067996.74,10/10/2023
2023-10-11,2.35,780811101.15,33222964556.01,4346,32442153454.86,11/10/2023
2023-10-12,2.36,784505718.91,33224350901.04,4347,32439845182.13,12/10/2023
2023-10-13,2.37,789033421.11,33223774656.14,4349,32434741235.03,13/10/2023
2023-10-16,2.4,796710365.73,33231639212.11,4350,32434928846.38,16/10/2023
2023-10-17,2.4,798535968.64,33236318790.57,4351,32437782821.93,17/10/2023
2023-10-18,2.41,800166342.21,33242086833.29,4352,32441920491.08,18/10/2023
2023-10-19,2.41,800011650,33249485891.06,4353,32449474241.06,19/10/2023
2023-10-20,2.41,799882691.57,33255912707.78,4354,32456030016.21,20/10/2023
2023-10-23,2.4,798921516.97,33284233737.58,4355,32485312220.61,23/10/2023
2023-10-24,2.4,797877786.13,33295883053.63,4356,32498005267.5,24/10/2023
2023-10-25,2.39,796766341.49,33307883270.83,4358,32511116929.34,25/10/2023
2023-10-26,2.39,795878074.42,33326309317.7,4359,32530431243.28,26/10/2023
2023-10-27,2.38,794985878.98,33335982756.63,4360,32540996877.65,27/10/2023
2023-10-30,2.37,791936959.88,33372202514.63,4361,32580265554.75,30/10/2023
2023-10-31,2.37,790842736.28,33396135968.56,4362,32605293232.28,31/10/2023
2023-11-03,2.36,787468344.86,33437810933.67,4367,32650342588.81,03/11/2023
2023-11-06,2.35,784309357.3,33410499480.64,4368,32626190123.34,06/11/2023
2023-11-07,2.34,783227881.73,33405605665.52,4369,32622377783.79,07/11/2023
2023-11-08,2.34,782143320.23,33406467568.74,4370,32624324248.51,08/11/2023
2023-11-09,2.34,780642765.45,33393423973.57,4371,32612781208.12,09/11/2023
2023-11-10,2.33,779224628.24,33377594803.42,4372,32598370175.18,10/11/2023
2023-11-14,2.32,773944498.07,33324834782.3,4374,32550890284.23,14/11/2023
2023-11-15,2.32,772598743.62,33318646432.28,4375,32546047688.66,15/11/2023
2023-11-16,2.31,770934078.7,33312017620.44,4376,32541083541.74,16/11/2023
2023-11-17,2.31,769541576.26,33302405979.52,4377,32532864403.26,17/11/2023
2023-11-21,2.3,764206732.75,33249406759.11,4380,32485200026.36,21/11/2023
2023-11-22,2.3,763626267.88,33226907892.4,4381,32463281624.52,22/11/2023
2023-11-23,2.3,763282338.64,33203621950.96,4382,32440339612.32,23/11/2023
2023-11-24,2.3,762638483.01,33172473508.58,4383,32409835025.57,24/11/2023
2023-11-27,2.3,760735032.2,33095538668.93,4384,32334803636.73,27/11/2023
2023-11-28,2.3,759965729.18,33068509628.99,4385,32308543899.81,28/11/2023
2023-11-29,2.3,759113448.92,33044394186.04,4386,32285280737.12,29/11/2023
2023-11-30,2.3,758236431.83,33004054737.4,4387,32245818305.57,30/11/2023
2023-12-01,2.3,756761249.82,32969611432.88,4388,32212850183.06,01/12/2023
2023-12-04,2.29,752472007.95,32883210396.6,4389,32130738388.65,04/12/2023
2023-12-06,2.28,749653340.7,32879226260.55,4391,32129572919.85,06/12/2023
2023-12-07,2.28,748123196.47,32875915028.77,4392,32127791832.3,07/12/2023
2023-12-08,2.27,747564101.44,32860236874.25,4394,32112672772.81,08/12/2023
2023-12-11,2.27,745634507.55,32864736103.81,4395,32119101596.26,11/12/2023
2023-12-12,2.27,745687533.95,32856370811.15,4396,32110683277.2,12/12/2023
2023-12-13,2.27,745618349.31,32849288277.54,4397,32103669928.23,13/12/2023
2023-12-14,2.27,745895742.61,32842050659.65,4398,32096154917.04,14/12/2023
2023-12-15,2.27,746072590.73,32830804044.88,4399,32084731454.15,15/12/2023
2023-12-18,2.28,746311734.95,32804318753.59,4400,32058007018.64,18/12/2023
2023-12-19,2.27,744157039.34,32795796365.01,4401,32051639325.67,19/12/2023
2023-12-20,2.26,742218801.42,32785638882.93,4402,32043420081.51,20/12/2023
2023-12-21,2.26,740117382.46,32792173991.5,4403,32052056609.04,21/12/2023
2023-12-22,2.25,738025475.79,32800465802.09,4404,32062440326.3,22/12/2023
2023-12-27,2.22,729302475.84,32870500672.8,4405,32141198196.96,27/12/2023
2023-12-28,2.21,727668015.99,32892386111.03,4407,32164718095.04,28/12/2023
2023-12-29,2.21,727058168.9,32912429900.17,4409,32185371731.27,29/12/2023
2024-01-02,2.2,726519866.67,33016694504.75,4410,32290174638.08,02/01/2024
2024-01-03,2.2,725985530.66,33042246777.25,4411,32316261246.59,03/01/2024
2024-01-04,2.2,725562394.77,33040303054.69,4412,32314740659.92,04/01/2024
2024-01-05,2.19,725064951.17,33039337902.45,4414,32314272951.28,05/01/2024
2024-01-08,2.19,722125651.17,33036637813.06,4415,32314512161.89,08/01/2024
2024-01-09,2.18,720748943.97,33035943837.68,4416,32315194893.71,09/01/2024
2024-01-10,2.18,719571613.86,33060738701.85,4417,32341167087.99,10/01/2024
2024-01-11,2.17,717637631,33088403944.85,4418,32370766313.85,11/01/2024
2024-01-12,2.16,715743554.94,33113631880.03,4419,32397888325.09,12/01/2024
2024-01-15,2.14,710209555.08,33188071164.15,4421,32477861609.07,15/01/2024
2024-01-16,2.13,708179409.98,33196047328.05,4422,32487867918.07,16/01/2024
2024-01-18,2.12,706443082.55,33249329425.71,4424,32542886343.16,18/01/2024
2024-01-19,2.12,706368585.41,33277300685.71,4425,32570932100.3,19/01/2024
2024-01-22,2.12,706628391.78,33344344753.04,4426,32637716361.26,22/01/2024
2024-01-23,2.12,706423790.1,33354989574.25,4427,32648565784.15,23/01/2024
2024-01-24,2.12,706231374.05,33364240699.51,4428,32658009325.46,24/01/2024
2024-01-25,2.12,705875520.03,33368833206.75,4429,32662957686.72,25/01/2024
2024-01-26,2.11,705637870.7,33371694655.31,4430,32666056784.61,26/01/2024
2024-01-29,2.11,703526889.87,33374268392.77,4431,32670741502.9,29/01/2024
2024-01-30,2.11,702737295.98,33353665926.86,4432,32650928630.88,30/01/2024
2024-02-05,2.1,698091091.7,33171648349.63,4437,32473557257.93,05/02/2024
2024-02-08,2.11,698799791.58,33116051881.11,4440,32417252089.53,08/02/2024
2024-02-13,2.14,711203622.76,33172390885.92,4443,32461187263.16,13/02/2024
2024-02-14,2.15,713672176.54,33212105731.99,4444,32498433555.45,14/02/2024
2024-02-15,2.15,716387120.48,33262171509.12,4445,32545784388.64,15/02/2024
2024-02-16,2.16,719661488.7,33294663549.72,4446,32575002061.02,16/02/2024
2024-02-19,2.19,732653391.09,33390918111.14,4447,32658264720.05,19/02/2024
2024-02-20,2.21,739071920.12,33416893056.61,4448,32677821136.49,20/02/2024
2024-02-21,2.23,745474971.51,33446458032.12,4449,32700983060.61,21/02/2024
2024-02-23,2.26,758545414.61,33518152780.37,4451,32759607365.76,23/02/2024
2024-02-28,2.35,790700454.05,33676484816.25,4454,32885784362.2,28/02/2024
2024-02-29,2.36,796386186.85,33718605623.13,4455,32922219436.28,29/02/2024
2024-03-01,2.38,802211035.46,33762501353.97,4456,32960290318.51,01/03/2024
2024-03-04,2.42,819926597.93,33897249127.51,4457,33077322529.58,04/03/2024
2024-03-05,2.43,825778522.69,33956859682.09,4458,33131081159.4,05/03/2024
2024-03-06,2.45,832673359.89,34017673827.28,4459,33185000467.39,06/03/2024
2024-03-07,2.46,839898876.99,34110027381,4460,33270128504.01,07/03/2024
2024-03-08,2.47,844498449.49,34205616719.54,4461,33361118270.05,08/03/2024
2024-03-11,2.49,855535841.38,34336401924.69,4462,33480866083.31,11/03/2024
2024-03-12,2.5,858640694.25,34374296037.83,4463,33515655343.58,12/03/2024
2024-03-13,2.5,861894995.78,34412797520.09,4464,33550902524.31,13/03/2024
2024-03-14,2.51,865376812.12,34415503936.26,4465,33550127124.14,14/03/2024
2024-03-15,2.52,868891314.65,34419741973.69,4466,33550850659.04,15/03/2024
2024-03-18,2.55,878151417.95,34449783650.82,4467,33571632232.87,18/03/2024
2024-03-19,2.56,880760600.35,34388681074.68,4468,33507920474.33,19/03/2024
2024-03-20,2.56,880384905.97,34323334474.59,4469,33442949568.62,20/03/2024
2024-03-21,2.57,879914121.4,34263642298.33,4470,33383728176.93,21/03/2024
2024-03-26,2.58,877537761.51,33951731739.52,4473,33074193978.01,26/03/2024
2024-03-27,2.59,876860232.61,33885616518.49,4474,33008756285.88,27/03/2024
2024-03-28,2.59,876135897.78,33827356277.14,4475,32951220379.36,28/03/2024
2024-04-02,2.6,873952742.35,33570108457.66,4477,32696155715.31,02/04/2024
2024-04-03,2.61,873434433.88,33509402982.6,4479,32635968548.72,03/04/2024
2024-04-04,2.61,873168023.7,33434419404.89,4480,32561251381.19,04/04/2024
2024-04-05,2.62,872868911.55,33361176759.23,4481,32488307847.68,05/04/2024
2024-04-08,2.64,871089191.85,33041308697.64,4482,32170219505.79,08/04/2024
2024-04-12,2.66,868481785.77,32612493564.27,4483,31744011778.5,12/04/2024
2024-04-15,2.68,865242444.9,32291812309.83,4484,31426569864.93,15/04/2024
2024-04-16,2.68,864122317.82,32203606495.81,4485,31339484177.99,16/04/2024
2024-04-17,2.69,863723526.56,32120898948.75,4486,31257175422.19,17/04/2024
2024-04-18,2.69,863830527.11,32109503564.07,4489,31245673036.96,18/04/2024
2024-04-19,2.69,863997008.03,32106860592.87,4490,31242863584.84,19/04/2024
2024-04-22,2.69,864402930.86,32109259653.27,4491,31244856722.41,22/04/2024
2024-04-23,2.69,864341333.06,32112541707.75,4492,31248200374.69,23/04/2024
2024-04-24,2.69,864354567.18,32117625276.02,4493,31253270708.84,24/04/2024
2024-04-25,2.69,865189166.04,32131783156.67,4495,31266593990.63,25/04/2024
2024-04-26,2.69,866135370.68,32152208272.98,4496,31286072902.3,26/04/2024
2024-04-29,2.7,869242257.22,32232611676.43,4497,31363369419.21,29/04/2024
2024-04-30,2.7,870256098.96,32254525124.3,4498,31384269025.34,30/04/2024
2024-05-02,2.7,872348049.52,32284889023.82,4499,31412540974.3,02/05/2024
2024-05-03,2.7,873437234.04,32300696083.22,4500,31427258849.18,03/05/2024
2024-05-06,2.71,876310854.37,32346884264.01,4501,31470573409.64,06/05/2024
2024-05-07,2.71,877160718.6,32368629780.74,4503,31491469062.14,07/05/2024
2024-05-08,2.71,877950942.41,32390451717.29,4504,31512500774.88,08/05/2024
2024-05-09,2.71,879767851.53,32418302843.56,4505,31538534992.03,09/05/2024
2024-05-10,2.72,881623150.08,32447198785.22,4507,31565575635.14,10/05/2024
2024-05-13,2.73,887769286.95,32528997289.13,4509,31641228002.18,13/05/2024
2024-05-14,2.73,890001068.99,32555274727.44,4510,31665273658.45,14/05/2024
2024-05-15,2.74,892247868.82,32608926444.7,4511,31716678575.88,15/05/2024
2024-05-16,2.74,894416408.33,32642208645.23,4512,31747792236.9,16/05/2024
2024-05-17,2.74,895864458.24,32663807504.51,4513,31767943046.27,17/05/2024
2024-05-20,2.75,899316060.98,32720108687.96,4514,31820792626.98,20/05/2024
2024-05-21,2.75,900433534.78,32729107642.56,4515,31828674107.78,21/05/2024
2024-05-22,2.76,901972032.66,32736861826.72,4516,31834889794.06,22/05/2024
2024-05-23,2.76,903469107.21,32742638934,4517,31839169826.79,23/05/2024
2024-05-24,2.76,904981492.59,32734412991.22,4519,31829431498.63,24/05/2024
2024-05-27,2.78,907908202.43,32694097536.69,4520,31786189334.26,27/05/2024
2024-05-28,2.78,909001700.65,32678097182.53,4523,31769095481.88,28/05/2024
2024-05-29,2.78,909938486.41,32690416634.74,4525,31780478148.33,29/05/2024
2024-05-30,2.79,911278287.65,32695298560.42,4527,31784020272.77,30/05/2024
2024-05-31,2.79,912535734.94,32694681787.23,4528,31782146052.29,31/05/2024
2024-06-03,2.8,916702720.57,32748796253.91,4529,31832093533.34,03/06/2024
2024-06-04,2.8,917629649.68,32775745237.91,4532,31858115588.23,04/06/2024
2024-06-05,2.8,918936350.5,32794677027.16,4533,31875740676.66,05/06/2024
2024-06-06,2.81,920586039.83,32804576028.23,4535,31883989988.4,06/06/2024
2024-06-07,2.8,921819133.1,32886130592.68,4536,31964311459.58,07/06/2024
2024-06-10,2.79,922940615.81,33081864484.03,4537,32158923868.22,10/06/2024
2024-06-11,2.78,922781549.73,33159898032.66,4539,32237116482.93,11/06/2024
2024-06-13,2.77,922331191.78,33303578417.35,4541,32381247225.57,13/06/2024
2024-06-14,2.76,921927483.62,33342929812.02,4543,32421002328.4,14/06/2024
2024-06-19,2.74,921059619.86,33578312491.4,4544,32657252871.54,19/06/2024
2024-06-20,2.74,920730028.71,33640904347.93,4545,32720174319.22,20/06/2024
2024-06-21,2.73,920364417.61,33701142507.29,4546,32780778089.68,21/06/2024
2024-06-24,2.71,919211246.17,33913193053.95,4547,32993981807.78,24/06/2024
2024-06-25,2.7,918852927.49,33998818342.77,4548,33079965415.28,25/06/2024
2024-06-26,2.7,918303191.65,34072713854.58,4549,33154410662.93,26/06/2024
2024-06-27,2.69,917784844.23,34143615899.11,4550,33225831054.88,27/06/2024
2024-06-28,2.68,917133685.98,34191523805.75,4551,33274390119.77,28/06/2024
2024-07-01,2.67,915251977.15,34340719250.7,4552,33425467273.55,01/07/2024
2024-07-02,2.65,914169901.87,34432047079.59,4553,33517877177.72,02/07/2024
2024-07-03,2.64,913047129.04,34546507522.25,4554,33633460393.21,03/07/2024
2024-07-04,2.63,912179448.57,34656734459.85,4555,33744555011.28,04/07/2024
2024-07-05,2.62,911255792.94,34770768329.49,4556,33859512536.55,05/07/2024
2024-07-08,2.59,908336424.35,35051009415.57,4557,34142672991.22,08/07/2024
2024-07-09,2.58,907750933.16,35134058178.69,4558,34226307245.53,09/07/2024
2024-07-10,2.58,906647827.16,35179422567.57,4559,34272774740.41,10/07/2024
2024-07-11,2.57,905883577.39,35277858362.48,4560,34371974785.09,11/07/2024
2024-07-12,2.56,905257250.78,35375089461.59,4561,34469832210.81,12/07/2024
2024-07-15,2.53,903580982.45,35696544883.74,4562,34792963901.29,15/07/2024
2024-07-16,2.52,902755655.5,35772251942.79,4563,34869496287.29,16/07/2024
2024-07-17,2.52,902231259.01,35851838250.03,4564,34949606991.02,17/07/2024
2024-07-18,2.51,901564474.36,35932792725.75,4565,35031228251.39,18/07/2024
2024-07-19,2.5,900753548.43,36012619715.49,4566,35111866167.06,19/07/2024
2024-07-22,2.48,898814646.89,36236942716.86,4567,35338128069.97,22/07/2024
2024-07-23,2.47,897796615.45,36308587431.95,4568,35410790816.5,23/07/2024
2024-07-24,2.47,896836744.48,36374723052,4569,35477886307.52,24/07/2024
2024-07-25,2.46,895743336.01,36437533996.66,4570,35541790660.65,25/07/2024
2024-07-26,2.45,894745016.63,36506693335.22,4571,35611948318.59,26/07/2024
2024-07-29,2.43,891645009.82,36708266442.78,4572,35816621432.96,29/07/2024
2024-07-30,2.42,890502800.93,36769110780.73,4573,35878607979.8,30/07/2024
2024-07-31,2.42,889561682.38,36797462436.28,4574,35907900753.9,31/07/2024
2024-08-01,2.41,888680868.33,36827202609.06,4575,35938521740.73,01/08/2024
2024-08-02,2.41,887821312.72,36836680927.97,4576,35948859615.25,02/08/2024
2024-08-05,2.4,885018951.39,36860671194.22,4577,35975652242.83,05/08/2024
2024-08-06,2.4,883729172.58,36867725282.08,4578,35983996109.5,06/08/2024
2024-08-07,2.39,882448551.66,36872116820.1,4579,35989668268.44,07/08/2024
2024-08-08,2.39,880795305.57,36848743307.53,4580,35967948001.96,08/08/2024
2024-08-09,2.39,879567729.48,36830470228.49,4581,35950902499.01,09/08/2024
2024-08-12,2.39,875636836.25,36620472571.92,4582,35744835735.67,12/08/2024
2024-08-13,2.39,874359591.19,36578805977.41,4583,35704446386.22,13/08/2024
2024-08-14,2.39,873276329.03,36537359405.1,4584,35664083076.07,14/08/2024
2024-08-15,2.39,872171408.41,36529147679.8,4585,35656976271.39,15/08/2024
2024-08-16,2.38,870770406.69,36516801818.24,4586,35646031411.55,16/08/2024
2024-08-19,2.38,867239598.36,36476929619.24,4587,35609690020.88,19/08/2024
2024-08-20,2.37,865843982.74,36462619138.21,4588,35596775155.47,20/08/2024
2024-08-21,2.37,864390090.89,36453301529.02,4589,35588911438.13,21/08/2024
2024-08-22,2.37,863402126.84,36444466479.34,4590,35581064352.5,22/08/2024
2024-08-23,2.37,862405209.35,36437558550.74,4591,35575153341.39,23/08/2024
2024-08-26,2.36,860432313.23,36395204628.91,4592,35534772315.68,26/08/2024
2024-08-27,2.37,860116437.52,36362862403.55,4593,35502745966.03,27/08/2024
2024-08-28,2.37,859959246.37,36343194424.93,4594,35483235178.56,28/08/2024
2024-08-29,2.37,862439621.93,36321520656.17,4595,35459081034.24,29/08/2024
2024-08-30,2.38,864938167.18,36305654424.25,4597,35440716257.07,30/08/2024
2024-09-02,2.41,872406448.76,36244425593.93,4598,35372019145.17,02/09/2024
2024-09-03,2.41,874695968.3,36274611010.81,4600,35399915042.51,03/09/2024
2024-09-04,2.42,877114222.35,36304622351.9,4601,35427508129.55,04/09/2024
2024-09-05,2.42,879767791.22,36337007354,4602,35457239562.78,05/09/2024
2024-09-06,2.42,882244155.26,36392445699.21,4603,35510201543.95,06/09/2024
2024-09-09,2.43,889757840.3,36642499383.65,4605,35752741543.35,09/09/2024
2024-09-10,2.43,892234971.75,36730334989.53,4606,35838100017.78,10/09/2024
2024-09-11,2.43,894208812.45,36811187094.8,4607,35916978282.35,11/09/2024
2024-09-12,2.43,896223863.5,36865626436.68,4608,35969402573.18,12/09/2024
2024-09-13,2.43,898435881.87,36942563699,4609,36044127817.13,13/09/2024
2024-09-17,2.44,907958245.94,37243223583.21,4611,36335265337.27,17/09/2024
2024-09-18,2.44,910522378.22,37310574243.41,4612,36400051865.19,18/09/2024
2024-09-19,2.44,913335118.65,37394291080.33,4613,36480955961.68,19/09/2024
2024-09-20,2.44,916107439.33,37471714452.67,4614,36555607013.34,20/09/2024
2024-09-23,2.45,924165678.42,37708677628.49,4615,36784511950.07,23/09/2024
2024-09-24,2.45,926656496.47,37782464910.11,4616,36855808413.64,24/09/2024
2024-09-25,2.45,928365417.09,37868856126.82,4617,36940490709.73,25/09/2024
2024-09-26,2.45,930180804.88,37966085843.34,4618,37035905038.46,26/09/2024
2024-09-27,2.45,932052598.9,38058535916.64,4619,37126483317.74,27/09/2024
2024-09-30,2.43,930312396.22,38352539980.61,4620,37422227584.39,30/09/2024
2024-10-02,2.41,928796040.55,38541350104.07,4621,37612554063.52,02/10/2024
2024-10-03,2.4,927599533.83,38575548346.35,4622,37647948812.52,03/10/2024
2024-10-04,2.4,926223810.71,38607540628.88,4623,37681316818.17,04/10/2024
2024-10-07,2.39,922448063.88,38660504110.45,4624,37738056046.57,07/10/2024
2024-10-08,2.38,921163188.99,38670596932.52,4625,37749433743.53,08/10/2024
2024-10-09,2.38,919526023.14,38669008636.42,4626,37749482613.28,09/10/2024
2024-10-10,2.37,917203723.72,38670118453.76,4627,37752914730.04,10/10/2024
2024-10-11,2.36,915172755.04,38709403004.09,4628,37794230249.05,11/10/2024
2024-10-14,2.34,909083506.41,38798855447.65,4629,37889771941.24,14/10/2024
2024-10-15,2.34,906777122.76,38832470121.47,4630,37925692998.71,15/10/2024
2024-10-16,2.33,904771855.28,38876757225.03,4631,37971985369.75,16/10/2024
2024-10-17,2.32,903394061.78,38928284408.27,4632,38024890346.49,17/10/2024
2024-10-18,2.31,902070662.18,38992565456.23,4633,38090494794.05,18/10/2024
2024-10-21,2.29,897838751.08,39156915886.93,4634,38259077135.85,21/10/2024
2024-10-22,2.28,895208460.2,39230493740.64,4635,38335285280.44,22/10/2024
2024-10-23,2.27,892337783.79,39295399007.38,4636,38403061223.59,23/10/2024
2024-10-24,2.26,889187018.69,39365020637.27,4637,38475833618.58,24/10/2024
2024-10-25,2.25,885806840.89,39440297304.27,4638,38554490463.38,25/10/2024
2024-10-28,2.21,876021625.2,39658749580.78,4639,38782727955.58,28/10/2024
2024-10-29,2.2,872965534.46,39735702625.7,4640,38862737091.24,29/10/2024
2024-10-30,2.19,869094492.15,39766935222.14,4641,38897840729.99,30/10/2024
2024-10-31,2.18,865691064.98,39785523194.43,4642,38919832129.45,31/10/2024
2024-11-01,2.17,862931401.17,39832802155.22,4645,38969870754.05,01/11/2024
2024-11-04,2.14,855490882.72,39956183373.32,4646,39100692490.6,04/11/2024
2024-11-05,2.13,853087663.07,39997822741.02,4647,39144735077.95,05/11/2024
2024-11-06,2.12,850591585.15,40037035645.85,4648,39186444060.7,06/11/2024
2024-11-07,2.11,847590773.3,40077530113.01,4649,39229939339.71,07/11/2024
2024-11-08,2.11,844952975.66,40117381598.76,4650,39272428623.1,08/11/2024
2024-11-11,2.09,839055616.04,40167398386.5,4651,39328342770.46,11/11/2024
2024-11-12,2.08,836876472.56,40207036341.55,4652,39370159868.99,12/11/2024
2024-11-13,2.07,834541303.14,40235360415.31,4653,39400819112.17,13/11/2024
2024-11-14,2.07,832320904.07,40263153425.28,4654,39430832521.21,14/11/2024
2024-11-15,2.06,829795692.98,40274780861.84,4655,39444985168.86,15/11/2024
2024-11-18,2.03,819060952.22,40291800385.38,4656,39472739433.16,18/11/2024
2024-11-19,2.02,814928107.3,40288718867.72,4657,39473790760.42,19/11/2024
2024-11-20,2.02,811964899.76,40277024533.4,4658,39465059633.64,20/11/2024
2024-11-22,2.01,807735963.29,40271036922.71,4660,39463300959.42,22/11/2024
2024-11-25,2,803293422.33,40257357004.73,4661,39454063582.4,25/11/2024
2024-11-26,1.99,801619352.3,40208680840.51,4662,39407061488.21,26/11/2024
2024-11-27,1.99,800041780.71,40236119326.8,4663,39436077546.09,27/11/2024
2024-11-28,1.98,798106843.55,40221685368.03,4664,39423578524.48,28/11/2024
2024-11-29,1.98,796295398.07,40232463200.2,4665,39436167802.13,29/11/2024
2024-12-02,1.96,790034416.34,40292275574.8,4667,39502241158.46,02/12/2024
2024-12-03,1.96,787983023.66,40301117835.12,4668,39513134811.46,03/12/2024
2024-12-05,1.94,783808187.48,40319374642.41,4670,39535566454.93,05/12/2024
2024-12-06,1.94,781650946.7,40314274480.47,4671,39532623533.77,06/12/2024
2024-12-09,1.93,777375731.44,40376482861.33,4672,39599107129.89,09/12/2024
2024-12-10,1.92,777514818.45,40424143446.12,4673,39646628627.67,10/12/2024
2024-12-11,1.92,777864224.78,40479023617.28,4674,39701159392.5,11/12/2024
2024-12-12,1.92,778141100.69,40525007858.86,4675,39746866758.17,12/12/2024
2024-12-13,1.92,778758533.53,40564099289.84,4676,39785340756.31,13/12/2024
2024-12-16,1.92,780989830.43,40691956238.19,4679,39910966407.76,16/12/2024
2024-12-17,1.92,781716128.75,40735256141.84,4680,39953540013.09,17/12/2024
2024-12-18,1.92,781813347.36,40761740665.21,4681,39979927317.85,18/12/2024
2024-12-19,1.92,782417645.13,40790567365.21,4682,40008149720.08,19/12/2024
2024-12-20,1.92,782305853.34,40816353839.33,4683,40034047985.99,20/12/2024
2024-12-23,1.92,783013446.58,40848598834.13,4684,40065585387.55,23/12/2024
2024-12-24,1.91,782200954.53,40846499229.18,4685,40064298274.65,24/12/2024
2024-12-27,1.91,780962924.06,40868396706.13,4686,40087433782.07,27/12/2024
2024-12-30,1.91,781223890.15,40884855767.06,4687,40103631876.91,30/12/2024
2024-12-31,1.9,778690088.27,40877997438.45,4688,40099307350.18,31/12/2024
2025-01-02,1.89,773052944.09,40883835441.27,4689,40110782497.18,02/01/2025
2025-01-03,1.88,769423505.87,40884057959.24,4690,40114634453.37,03/01/2025
2025-01-06,1.86,759628707.88,40920504684.25,4691,40160875976.37,06/01/2025
2025-01-07,1.85,756137274.73,40912582881.96,4692,40156445607.23,07/01/2025
2025-01-08,1.84,752934959.07,40852276638.21,4693,40099341679.14,08/01/2025
2025-01-09,1.83,748155662.84,40803429298.31,4695,40055273635.47,09/01/2025
2025-01-10,1.82,743361430.16,40753079884.09,4696,40009718453.93,10/01/2025
2025-01-13,1.8,729343174.2,40560691583.21,4697,39831348409.01,13/01/2025
2025-01-14,1.79,724655292.04,40485101589.66,4698,39760446297.62,14/01/2025
2025-01-15,1.78,719783079.32,40422961055.92,4699,39703177976.6,15/01/2025
2025-01-16,1.77,715194153.22,40350760199.71,4700,39635566046.49,16/01/2025
2025-01-17,1.76,710969161.92,40295942548.8,4701,39584973386.88,17/01/2025
2025-01-20,1.74,698843873.61,40154128405.81,4702,39455284532.2,20/01/2025
2025-01-21,1.73,694989298.19,40087887911.16,4703,39392898612.97,21/01/2025
2025-01-22,1.73,690778180.75,40035000466.66,4704,39344222285.91,22/01/2025
2025-01-23,1.72,687293700.12,39991989882.1,4705,39304696181.98,23/01/2025
2025-01-24,1.71,683891401.7,39953081872.9,4706,39269190471.2,24/01/2025
2025-01-27,1.69,672667973.38,39837055800.57,4707,39164387827.19,27/01/2025
2025-01-28,1.68,668822522.5,39799953780.46,4709,39131131257.96,28/01/2025
2025-01-29,1.67,665305066.48,39773938856.7,4710,39108633790.22,29/01/2025
2025-01-30,1.67,665307461.37,39772037487.62,4711,39106730026.25,30/01/2025
2025-01-31,1.67,665359025.68,39723161364.78,4712,39057802339.1,31/01/2025
2025-02-03,1.69,667454481.79,39598873429.83,4713,38931418948.04,03/02/2025
2025-02-04,1.69,667935749.61,39548578024.36,4714,38880642274.75,04/02/2025
2025-02-05,1.69,668660698.95,39497356763.63,4715,38828696064.68,05/02/2025
2025-02-06,1.69,668511167.55,39453380775.22,4716,38784869607.67,06/02/2025
2025-02-07,1.7,668017703.12,39404472680.64,4717,38736454977.52,07/02/2025
2025-02-10,1.7,666097212.02,39271121103.34,4718,38605023891.32,10/02/2025
2025-02-11,1.7,665248199.34,39221881565.96,4719,38556633366.62,11/02/2025
2025-02-12,1.7,664374045.86,39154092910.77,4720,38489718864.91,12/02/2025
2025-02-13,1.7,664069586.61,39097282416.86,4732,38433212830.25,13/02/2025
2025-02-14,1.7,663833323.2,39038280217.86,4733,38374446894.66,14/02/2025
2025-02-17,1.71,663090411.43,38880899057.07,4734,38217808645.64,17/02/2025
2025-02-18,1.71,662856207.11,38827297421.59,4735,38164441214.48,18/02/2025
2025-02-19,1.71,662085174.63,38776696735.04,4736,38114611560.41,19/02/2025
2025-02-20,1.71,663823928.28,38738168884.27,4737,38074344955.99,20/02/2025
2025-02-21,1.72,667382884.8,38699255309.36,4738,38031872424.56,21/02/2025
2025-02-24,1.76,679046870.43,38580428603.38,4739,37901381732.95,24/02/2025
2025-02-25,1.77,683021150.18,38538843837.82,4740,37855822687.64,25/02/2025
2025-02-26,1.78,686976062.15,38498356866.28,4741,37811380804.13,26/02/2025
2025-02-27,1.8,691271338.07,38457758083.65,4742,37766486745.58,27/02/2025
2025-02-28,1.81,695564906.82,38416382169.39,4743,37720817262.57,28/02/2025
2025-03-03,1.84,706105702.32,38362550878.6,4744,37656445176.28,03/03/2025
2025-03-04,1.85,709031874.54,38349702646.02,4745,37640670771.48,04/03/2025
2025-03-05,1.86,712150357.77,38342575775.68,4746,37630425417.91,05/03/2025
2025-03-06,1.87,715573115.58,38348811905.22,4747,37633238789.64,06/03/2025
2025-03-07,1.87,719032274.66,38350324900.18,4748,37631292625.52,07/03/2025
2025-03-10,1.91,732413917.4,38372687102.59,4749,37640273185.19,10/03/2025
2025-03-11,1.92,736888255.03,38360799564.41,4750,37623911309.38,11/03/2025
2025-03-12,1.93,741631731.67,38360875584.29,4751,37619243852.62,12/03/2025
2025-03-13,1.95,746372906.95,38368304667.44,4752,37621931760.49,13/03/2025
2025-03-14,1.96,751028071.55,38373775359.98,4753,37622747288.43,14/03/2025
2025-03-17,1.99,763267864.07,38378849975.91,4754,37615582111.84,17/03/2025
2025-03-18,2,767360260.71,38370468744.92,4755,37603108484.21,18/03/2025
2025-03-19,2.01,771426398.96,38358224562.27,4756,37586798163.31,19/03/2025
2025-03-20,2.02,775469695.28,38351455043.22,4757,37575985347.94,20/03/2025
2025-03-21,2.03,779995779.2,38334043865.16,4758,37554048085.96,21/03/2025
2025-03-24,2.04,782177439.94,38303937693.89,4759,37521760253.95,24/03/2025
2025-03-25,2.04,782303387.02,38315174773.13,4761,37532871386.11,25/03/2025
2025-03-26,2.04,781876252.39,38322560989.17,4762,37540684736.78,26/03/2025
2025-03-27,2.04,781448632.36,38333130723.48,4764,37551682091.12,27/03/2025
2025-03-28,2.04,781037062.99,38308209720.17,4766,37527172657.18,28/03/2025
2025-04-02,2.04,777167702.65,38172640640.06,4767,37395472937.41,02/04/2025
2025-04-03,2.03,776480585.53,38159177171.1,4768,37382696585.57,03/04/2025
2025-04-04,2.03,775674765.95,38138669147.93,4769,37362994381.98,04/04/2025
2025-04-07,2.03,772996809.07,38093943512.55,4770,37320946703.48,07/04/2025
2025-04-08,2.03,772039640,38080367370.52,4771,37308327730.52,08/04/2025
2025-04-09,2.03,771001731.96,38052413426.99,4772,37281411695.03,09/04/2025
2025-04-10,2.02,769935552.52,38036527639.13,4773,37266592086.61,10/04/2025
2025-04-11,2.02,768924576.63,38000112401.66,4774,37231187825.03,11/04/2025
2025-04-14,2.02,766203321.55,37925767700.81,4775,37159564379.26,14/04/2025
2025-04-15,2.02,765336658.02,37906979076.82,4776,37141642418.8,15/04/2025
2025-04-16,2.02,764469600.54,37888906122.59,4777,37124436522.05,16/04/2025
2025-04-17,2.02,763470020.8,37877123864.91,4778,37113653844.11,17/04/2025
2025-04-22,2.01,758902254.97,37838865903.55,4779,37079963648.58,22/04/2025
2025-04-23,2,757816669.04,37827020680.64,4780,37069204011.6,23/04/2025
2025-04-24,2,756662823.71,37811128244.17,4781,37054465420.46,24/04/2025
2025-04-25,2,755948862.27,37797537063.57,4782,37041588201.3,25/04/2025
2025-04-28,1.99,753764692.51,37839069720.19,4783,37085305027.68,28/04/2025
2025-04-29,1.99,752873636.11,37895733002.33,4784,37142859366.22,29/04/2025
2025-04-30,1.98,751966272.92,37933500695.06,4785,37181534422.14,30/04/2025
2025-05-02,1.97,750138632.38,38009474845.92,4786,37259336213.54,02/05/2025
2025-05-05,1.96,747610839.06,38084493408.14,4787,37336882569.08,05/05/2025
2025-05-06,1.96,746564717.93,38096139389.58,4788,37349574671.65,06/05/2025
2025-05-07,1.96,745563421.67,38095091165.87,4789,37349527744.2,07/05/2025
2025-05-08,1.95,744553208.2,38101965195.64,4790,37357411987.44,08/05/2025
2025-05-09,1.95,742995483.79,38123792563.36,4792,37380797079.57,09/05/2025
2025-05-12,1.93,738142366.6,38217230917.58,4796,37479088550.98,12/05/2025
2025-05-13,1.92,735979923.6,38271173581.18,4797,37535193657.58,13/05/2025
2025-05-14,1.92,733834699.04,38298134766.73,4798,37564300067.69,14/05/2025
2025-05-15,1.91,732157945.39,38335279455.52,4799,37603121510.13,15/05/2025
2025-05-16,1.9,730384046.96,38378293571.36,4800,37647909524.4,16/05/2025
2025-05-19,1.88,725495149.23,38503625125.7,4801,37778129976.47,19/05/2025
2025-05-20,1.88,723892864.52,38526061247.97,4802,37802168383.45,20/05/2025
2025-05-21,1.87,722303070.74,38544920376.23,4803,37822617305.49,21/05/2025
2025-05-22,1.87,720634824.17,38561088550.55,4804,37840453726.38,22/05/2025
2025-05-23,1.86,718575026.38,38552929086.21,4805,37834354059.83,23/05/2025
2025-05-26,1.85,712730427.82,38531628165.02,4806,37818897737.2,26/05/2025
2025-05-27,1.85,710683616.56,38518738554.25,4807,37808054937.69,27/05/2025
2025-05-28,1.84,708596634.45,38504035039.01,4808,37795438404.56,28/05/2025
2025-05-29,1.84,706332368.79,38466994926.24,4809,37760662557.45,29/05/2025
2025-05-30,1.83,704080427.34,38448383517.74,4810,37744303090.4,30/05/2025
2025-06-02,1.82,697261265.46,38391034306.63,4811,37693773041.17,02/06/2025
2025-06-03,1.81,694724293.9,38358799177.48,4812,37664074883.58,03/06/2025
2025-06-04,1.81,692396972.75,38327411216.13,4813,37635014243.38,04/06/2025
2025-06-05,1.8,690121761.65,38277671873.39,4814,37587550111.74,05/06/2025
2025-06-10,1.79,680694500.33,38045617768.06,4815,37364923267.73,10/06/2025
2025-06-11,1.79,680594518.78,38020946134.81,4816,37340351616.03,11/06/2025
2025-06-13,1.8,681246393.55,37933230422.96,4817,37251984029.41,13/06/2025
2025-06-16,1.8,680914332.86,37823303396.92,4818,37142389064.06,16/06/2025
2025-06-17,1.8,680777234.7,37780228369.29,4819,37099451134.59,17/06/2025
2025-06-18,1.8,680753123.13,37738301314.56,4820,37057548191.43,18/06/2025
2025-06-19,1.8,680712292.2,37713672930.34,4821,37032960638.14,19/06/2025
2025-06-20,1.8,679718763.93,37663246115.76,4823,36983527351.83,20/06/2025
2025-06-23,1.81,678037757.71,37521872596.73,4824,36843834839.02,23/06/2025
2025-06-24,1.81,677141357.55,37468932328.7,4825,36791790971.15,24/06/2025
2025-06-25,1.81,676161187.7,37414841707.66,4826,36738680519.96,25/06/2025
2025-06-26,1.81,675465329.61,37369371932.71,4827,36693906603.1,26/06/2025
2025-06-27,1.81,674713665.36,37319840921.74,4828,36645127256.38,27/06/2025
2025-06-30,1.81,673291073.91,37210889172.99,4829,36537598099.08,30/06/2025
2025-07-01,1.81,673111635.47,37195790669.11,4830,36522679033.64,01/07/2025
2025-07-02,1.81,672989953.4,37181544706.64,4831,36508554753.24,02/07/2025
2025-07-03,1.81,673028681.09,37180584106.27,4832,36507555425.18,03/07/2025
2025-07-04,1.81,673076603.56,37181140633.46,4833,36508064029.9,04/07/2025
2025-07-07,1.81,673084228.84,37275073206.13,4834,36601988977.29,07/07/2025
2025-07-08,1.8,672899276.02,37282220356.38,4835,36609321080.36,08/07/2025
2025-07-09,1.8,672718528.13,37329333764.1,4836,36656615235.97,09/07/2025
2025-07-10,1.8,672634419.65,37355420793.08,4837,36682786373.43,10/07/2025
2025-07-11,1.79,670917103.23,37432022911.17,4838,36761105807.94,11/07/2025
2025-07-14,1.77,665864948.88,37638655464.33,4839,36972790515.45,14/07/2025
2025-07-16,1.76,663043216.98,37777650136.38,4840,37114606919.4,16/07/2025
2025-07-17,1.75,661825679.65,37854180808.82,4841,37192355129.17,17/07/2025
2025-07-18,1.74,660488371.33,37938563162.01,4842,37278074790.68,18/07/2025
2025-07-21,1.72,658403601.42,38245303751.24,4843,37586900149.82,21/07/2025
2025-07-22,1.71,657717030.98,38366438349.04,4844,37708721318.06,22/07/2025
2025-07-23,1.71,656837127.49,38499192504.08,4845,37842355376.59,23/07/2025
2025-07-24,1.7,655922692.14,38632519015.45,4846,37976596323.31,24/07/2025
2025-07-25,1.69,654977745.61,38765574388.13,4847,38110596642.52,25/07/2025
2025-07-28,1.66,651644707.94,39141695593.46,4848,38490050885.52,28/07/2025
2025-07-29,1.66,650690909.3,39266117752.59,4849,38615426843.29,29/07/2025
2025-07-30,1.65,649577002.5,39359322066.32,4850,38709745063.82,30/07/2025
2025-08-01,1.64,647166549.72,39543460755.79,4851,38896294206.07,01/08/2025
2025-08-04,1.62,643607068.46,39814456144.02,4853,39170849075.56,04/08/2025
2025-08-05,1.61,642330060.96,39906870071.75,4854,39264540010.79,05/08/2025
2025-08-06,1.6,641151667.09,39994365309.48,4855,39353213642.39,06/08/2025
2025-08-07,1.6,641153113.9,40159836294.79,4856,39518683180.89,07/08/2025
2025-08-08,1.59,640996969.81,40292578138.84,4857,39651581169.03,08/08/2025
2025-08-11,1.58,641608721.55,40585495871.93,4858,39943887150.38,11/08/2025
2025-08-12,1.58,642137106.41,40654898247.27,4859,40012761140.86,12/08/2025
2025-08-13,1.58,642662324.62,40724435938.52,4860,40081773613.9,13/08/2025
2025-08-14,1.58,642847734.66,40790619247.31,4862,40147771512.65,14/08/2025
2025-08-15,1.57,642525484.62,40835832522.64,4861,40193307038.02,15/08/2025
2025-08-18,1.57,641732959.9,40962507783.86,4863,40320774823.96,18/08/2025
2025-08-19,1.56,641446285.54,41001830139.96,4864,40360383854.42,19/08/2025
2025-08-20,1.56,641134937.31,41046707376.11,4865,40405572438.8,20/08/2025
2025-08-21,1.56,641120440.51,41077910917.64,4866,40436790477.13,21/08/2025
2025-08-22,1.56,641127830.69,41106622311.25,4867,40465494480.56,22/08/2025
2025-08-25,1.56,643009491.53,41192203979.97,4868,40549194488.44,25/08/2025
2025-08-26,1.56,643974469.44,41220550897.11,4869,40576576427.67,26/08/2025
2025-08-27,1.56,645111418.27,41244260313.28,4870,40599148895.01,27/08/2025
2025-08-28,1.57,646720767,41267681770.16,4871,40620961003.16,28/08/2025
2025-08-29,1.57,648822202.11,41305527591.44,4872,40656705389.33,29/08/2025
2025-09-01,1.58,654380905.01,41422074554.62,4873,40767693649.61,01/09/2025
2025-09-02,1.58,656300067.97,41460602141.81,4874,40804302073.84,02/09/2025
2025-09-03,1.59,658241884.22,41499791747.19,4875,40841549862.97,03/09/2025
2025-09-04,1.59,660265354.72,41537815275.34,4876,40877549920.62,04/09/2025
2025-09-08,1.6,665839343.42,41571095241.95,4877,40905255898.53,08/09/2025
2025-09-09,1.6,667040080.85,41596180766.26,4878,40929140685.41,09/09/2025
2025-09-10,1.6,667526209.37,41624926325.27,4879,40957400115.9,10/09/2025
2025-09-11,1.6,667778598.51,41663367500.46,4880,40995588901.95,11/09/2025
2025-09-12,1.6,668290359.31,41698134362.47,4881,41029844003.16,12/09/2025
2025-09-15,1.6,670994819.74,41844961279.44,4882,41173966459.7,15/09/2025
2025-09-16,1.6,672019727.85,41899697302.97,4883,41227677575.12,16/09/2025
2025-09-17,1.6,672903242.39,41954776586.38,4884,41281873343.99,17/09/2025
2025-09-18,1.6,673664708.92,41997808299.27,4885,41324143590.35,18/09/2025
2025-09-19,1.6,674340131.84,42032859667.89,4886,41358519536.05,19/09/2025
2025-09-22,1.61,676831526.76,42136969730.49,4887,41460138203.73,22/09/2025
2025-09-23,1.61,677616629.72,42169044497.3,4888,41491427867.58,23/09/2025
2025-09-24,1.61,678271505.21,42202224383.45,4889,41523952878.24,24/09/2025
2025-09-25,1.61,678586081.55,42225813222.86,4890,41547227141.31,25/09/2025
2025-09-26,1.61,678906778.32,42256025984.57,4892,41577119206.25,26/09/2025
2025-09-29,1.6,677370806.26,42326296484.68,4893,41648925678.42,29/09/2025
2025-09-30,1.6,676645402.12,42353924827.45,4894,41677279425.33,30/09/2025
2025-10-02,1.59,674468328.72,42407011028.12,4895,41732542699.4,02/10/2025
2025-10-03,1.59,673029266.73,42442291640.1,4896,41769262373.37,03/10/2025
2025-10-06,1.57,668660473.11,42544737390.84,4897,41876076917.73,06/10/2025
2025-10-07,1.57,667114378.73,42574308562.73,4898,41907194184,07/10/2025
2025-10-08,1.56,665534642.49,42560967629.95,4899,41895432987.46,08/10/2025
2025-10-09,1.56,663763943.65,42576101192.15,4900,41912337248.5,09/10/2025
2025-10-10,1.55,661804714.98,42589500804.38,4901,41927696089.4,10/10/2025
2025-10-13,1.54,656450836.3,42632525388.76,4902,41976074552.46,13/10/2025
2025-10-14,1.53,654597066.64,42650279694.51,4903,41995682627.87,14/10/2025
2025-10-15,1.53,652721449.08,42669615589.17,4904,42016894140.09,15/10/2025
2025-10-16,1.52,650781290.64,42681997447.26,4905,42031216156.62,16/10/2025
2025-10-17,1.52,648965779.19,42695682004.5,4906,42046716225.31,17/10/2025
2025-10-20,1.5,643853128.38,42792143825.21,4907,42148290696.83,20/10/2025
2025-10-21,1.5,641297838.96,42826507848.9,4908,42185210009.94,21/10/2025
2025-10-22,1.49,638768357.51,42865361539.06,4909,42226593181.55,22/10/2025
2025-10-23,1.48,636205716.13,42903567714.17,4910,42267361998.04,23/10/2025
2025-10-24,1.48,633668286.89,42942417510.54,4911,42308749223.65,24/10/2025
2025-10-27,1.45,626307188.64,43070212732.26,4912,42443905543.62,27/10/2025
2025-10-28,1.45,623712583.15,43109846975.25,4913,42486134392.1,28/10/2025
2025-10-29,1.44,621088616.29,43146913212.53,4914,42525824596.24,29/10/2025
2025-10-30,1.43,618631631.61,43172807389.41,4915,42554175757.8,30/10/2025
2025-10-31,1.42,615478517.85,43197508512.67,4916,42582029994.82,31/10/2025
2025-11-03,1.41,607946899.83,43259077473.23,4917,42651130573.4,03/11/2025
2025-11-04,1.4,605401535.53,43278982642.04,4918,42673581106.51,04/11/2025
2025-11-05,1.39,602867719.93,43300666948.67,4919,42697799228.74,05/11/2025
2025-11-06,1.39,600365448.05,43324608748.43,4920,42724243300.38,06/11/2025
2025-11-07,1.38,597852973.7,43348172178.07,4921,42750319204.37,07/11/2025
2025-11-10,1.36,591364343.95,43366464398.38,4922,42775100054.43,10/11/2025
2025-11-11,1.36,589313506.8,43396736250.41,4923,42807422743.61,11/11/2025
2025-11-12,1.35,587209378.8,43427675679.22,4924,42840466300.42,12/11/2025
2025-11-13,1.34,585110523.55,43535283516.4,4925,42950172992.85,13/11/2025
2025-11-14,1.34,582778897.66,43640368493.34,4926,43057589595.68,14/11/2025
2025-11-17,1.31,575811603.94,43971811123.9,4927,43395999519.96,17/11/2025
2025-11-18,1.3,573328959.56,44045723909.74,4928,43472394950.18,18/11/2025
2025-11-19,1.29,571058386.31,44116798253.46,4929,43545739867.15,19/11/2025
2025-11-20,1.29,569505808.66,44189337559.3,4930,43619831750.64,20/11/2025
2025-11-21,1.28,567956199.54,44261939315.02,4931,43693983115.48,21/11/2025
2025-11-24,1.27,563609103.84,44459297574.58,4932,43895688470.74,24/11/2025
2025-11-25,1.26,561885717.42,44507676512.41,4933,43945790794.99,25/11/2025
2025-11-26,1.26,560065275.88,44557442126.9,4934,43997376851.02,26/11/2025
2025-11-27,1.25,558584088.6,44606818611.55,4935,44048234522.95,27/11/2025
2025-11-28,1.25,557082250.54,44668271689.41,4936,44111189438.87,28/11/2025
2025-12-01,1.24,554050112.75,44858052158.55,4937,44304002045.8,01/12/2025
2025-12-02,1.23,553203160.13,44914193857.03,4938,44360990696.9,02/12/2025
2025-12-03,1.23,552400934.15,44968000641.65,4939,44415599707.5,03/12/2025
2025-12-04,1.22,551770069.71,45042932210.07,4940,44491162140.36,04/12/2025
2025-12-05,1.22,551850778.69,45111631388.01,4941,44559780609.32,05/12/2025
2025-12-08,1.22,552129630.71,45317949266.21,4942,44765819635.5,08/12/2025
2025-12-09,1.22,552231621.14,45382808553.62,4943,44830576932.48,09/12/2025
2025-12-10,1.22,552282209.13,45411013556.48,4944,44858731347.35,10/12/2025
2025-12-11,1.22,552295689.89,45439774409.34,4945,44887478719.45,11/12/2025
2025-12-12,1.21,552393570.44,45472190058.46,4946,44919796488.02,12/12/2025
2025-12-15,1.22,553680073.93,45323771719.79,4947,44770091645.86,15/12/2025
2025-12-16,1.23,554580352.74,45266093194.14,4948,44711512841.4,16/12/2025
2025-12-17,1.23,555530369.05,45209038796.12,4949,44653508427.07,17/12/2025
2025-12-18,1.23,556672750.37,45209286867.85,4950,44652614117.48,18/12/2025
2025-12-19,1.23,557814591.71,45216934486.1,4951,44659119894.39,19/12/2025
2025-12-22,1.24,560968355.72,45236119849.99,4952,44675151494.27,22/12/2025
2025-12-23,1.24,561864678.77,45237879481.91,4953,44676014803.14,23/12/2025
2025-12-24,1.24,562195072.28,45275294799.44,4954,44713099727.16,24/12/2025
2025-12-29,1.24,563734964.3,45453282243.34,4955,44889547279.04,29/12/2025
2025-12-30,1.24,563506708.7,45488194042.29,4956,44924687333.59,30/12/2025
2025-12-31,1.24,563868304.69,45502438609.74,4957,44938570305.05,31/12/2025
2026-01-02,1.24,563562726.7,45565213963.81,4958,45001651237.11,02/01/2026
2026-01-05,1.23,561134316.46,45605968592.79,4959,45044834276.33,05/01/2026
2026-01-06,1.23,560965468.29,45623610629.54,4960,45062645161.25,06/01/2026
2026-01-07,1.23,560297775.54,45642287022.42,4961,45081989246.88,07/01/2026
2026-01-08,1.23,559646596.63,45665671649.8,4962,45106025053.17,08/01/2026
2026-01-09,1.22,558697438.43,45673850022.66,4963,45115152584.23,09/01/2026
2026-01-12,1.22,556194404.67,45738923211.76,4964,45182728807.09,12/01/2026
2026-01-13,1.21,555318702.09,45779184901.79,4965,45223866199.7,13/01/2026
2026-01-14,1.21,553859396.36,45822068397.21,4966,45268209000.85,14/01/2026
2026-01-15,1.2,552372573.83,45860335590.75,4967,45307963016.92,15/01/2026
2026-01-16,1.2,550858631.61,45901041472.24,4968,45350182840.63,16/01/2026
2026-01-19,1.19,546218923.4,45950377156.48,4969,45404158233.08,19/01/2026
2026-01-20,1.19,545333267.03,45973024351.16,4970,45427691084.13,20/01/2026
2026-01-21,1.18,544439565.58,45989167914.47,4971,45444728348.89,21/01/2026
2026-01-22,1.18,543440398.38,46012214749.87,4972,45468774351.49,22/01/2026
2026-01-23,1.18,543348140.48,46013120977.83,4973,45469772837.35,23/01/2026
2026-01-26,1.18,542585343.41,46037536755.68,4974,45494951412.27,26/01/2026
2026-01-27,1.18,542565011.61,46065393620.8,4975,45522828609.19,27/01/2026
2026-01-28,1.18,542891287.66,46113196740.24,4976,45570305452.58,28/01/2026
2026-01-29,1.18,546404331.35,46175595317.63,4977,45629190986.28,29/01/2026
2026-01-30,1.19,549963114.03,46279901472.26,4978,45729938358.23,30/01/2026
2026-02-02,1.2,561303957.74,46594837062.16,4979,46033533104.42,02/02/2026
2026-02-03,1.21,565203637.89,46700676013.71,4980,46135472375.82,03/02/2026
2026-02-04,1.22,569200665.17,46806919971.22,4981,46237719306.05,04/02/2026
2026-02-05,1.22,572696837.36,46912283802.24,4982,46339586964.88,05/02/2026
2026-02-06,1.22,575854511.15,47025233492.57,4985,46449378981.42,06/02/2026
2026-02-09,1.24,585654792.01,47376344672.56,4994,46790689880.55,09/02/2026
2026-02-10,1.24,588953130.16,47530933362.09,4997,46941980231.93,10/02/2026
2026-02-11,1.24,592245502.39,47673175714.22,4998,47080930211.83,11/02/2026
2026-02-12,1.25,595519980.79,47808931772.03,4999,47213411791.24,12/02/2026
2026-02-13,1.25,598781639.77,47945242714.14,5002,47346461074.37,13/02/2026
2026-02-16,1.26,608591522.86,48365793948.47,5003,47757202425.61,16/02/2026
2026-02-17,1.27,617656646,48500627569.3,5004,47882970923.3,17/02/2026
2026-02-18,1.29,627108780.57,48637431147.77,5005,48010322367.2,18/02/2026
2026-02-19,1.3,635260949.1,48769642010.19,5006,48134381061.09,19/02/2026
2026-02-20,1.32,643358129.49,48899518731.81,5007,48256160602.32,20/02/2026
2026-02-23,1.35,667582264.32,49273270054.32,5017,48605687790,23/02/2026
2026-02-24,1.37,675429889.73,49393321785.18,5020,48717891895.45,24/02/2026
2026-02-25,1.38,682853995.97,49509279517.89,5021,48826425521.92,25/02/2026
2026-02-26,1.39,690411969.89,49604836373.19,5023,48914424403.3,26/02/2026
2026-02-27,1.4,697953251.93,49693978529.92,5024,48996025277.99,27/02/2026
2026-03-02,1.43,710466053.88,49848268355.06,5026,49137802301.18,02/03/2026
2026-03-03,1.43,713861035.16,49883122032.74,5027,49169260997.58,03/03/2026
2026-03-04,1.44,717235794.6,49907657641.35,5028,49190421846.75,04/03/2026
2026-03-05,1.44,720537845.92,49930186226.79,5029,49209648380.87,05/03/2026
2026-03-06,1.45,723719679.57,49944303971.68,5030,49220584292.11,06/03/2026
2026-03-09,1.47,734158069.3,49988795924.34,5031,49254637855.04,09/03/2026
2026-03-10,1.48,737825417.15,50010907668.86,5032,49273082251.71,10/03/2026
2026-03-11,1.48,741468115.66,50027858237.79,5033,49286390122.13,11/03/2026
2026-03-12,1.49,744956592.96,50008643464.17,5037,49263686871.21,12/03/2026
2026-03-13,1.5,748408079,49973609044.13,5035,49225200965.13,13/03/2026
2026-03-16,1.52,758852968.11,49865385822.55,5036,49106532854.44,16/03/2026
2026-03-17,1.53,762386678.19,49830266504.22,5038,49067879826.03,17/03/2026
2026-03-18,1.54,765914478.34,49786652508.24,5039,49020738029.9,18/03/2026
2026-03-23,1.52,756093757.59,49606869172.9,5040,48850775415.31,23/03/2026
2026-03-24,1.52,754452065.12,49572131362.82,5041,48817679297.7,24/03/2026
2026-03-25,1.52,752972038.95,49528393509.78,5042,48775421470.83,25/03/2026
2026-03-26,1.52,751451604.2,49480881109.43,5043,48729429505.23,26/03/2026
2026-03-27,1.52,750309236.17,49440902118.26,5044,48690592882.09,27/03/2026
2026-03-30,1.51,745870098.88,49296373616.74,5045,48550503517.86,30/03/2026
2026-03-31,1.51,744274882.3,49238455590.7,5047,48494180708.4,31/03/2026
2026-04-01,1.51,743143168.63,49180537989.19,5048,48437394820.56,01/04/2026
2026-04-02,1.51,742333142.67,49132993288.34,5049,48390660145.67,02/04/2026
2026-04-07,1.51,739138911.42,48940318318.54,5050,48201179407.12,07/04/2026
2026-04-08,1.51,738670720.23,48886906953.39,5051,48148236233.16,08/04/2026
2026-04-09,1.51,738208623.22,48846647634.35,5052,48108439011.13,09/04/2026
2026-04-10,1.51,737967327.32,48808168480.38,5054,48070201153.06,10/04/2026
2026-04-13,1.51,737804296.09,48723105623.59,5055,47985301327.5,13/04/2026
2026-04-14,1.51,737726352.42,48699727859.19,5056,47962001506.77,14/04/2026
2026-04-15,1.52,737658405.2,48675591316.6,5057,47937932911.4,15/04/2026
2026-04-16,1.52,737591536.82,48647891539.23,5058,47910300002.41,16/04/2026
2026-04-17,1.52,737007109.2,48621584209.21,5059,47884577100.01,17/04/2026
2026-04-20,1.51,735200089.05,48541820944.62,5060,47806620855.57,20/04/2026
2026-04-21,1.51,734519886.88,48513590012.85,5061,47779070125.97,21/04/2026
2026-04-22,1.51,733769410.31,48480415058.84,5062,47746645648.53,22/04/2026
2026-04-23,1.51,733001108.06,48449046297.28,5063,47716045189.22,23/04/2026
2026-04-24,1.51,732401364.34,48437247574.73,5064,47704846210.39,24/04/2026
2026-04-27,1.51,730911669.15,48389213652.83,5065,47658301983.68,27/04/2026
2026-04-28,1.51,730400624.12,48371786994,5066,47641386369.88,28/04/2026
2026-04-29,1.51,729887486.29,48367260146.17,5067,47637372659.88,29/04/2026
2026-04-30,1.51,729491897.13,48364008532.76,5068,47634516635.63,30/04/2026
2026-05-04,1.51,727984426.09,48340658012.68,5069,47612673586.59,04/05/2026
2026-05-05,1.51,727617779.14,48331934430.37,5070,47604316651.23,05/05/2026
2026-05-06,1.5,725719813.04,48324203353.27,5071,47598483540.23,06/05/2026
2026-05-07,1.5,723778954.89,48325895434.19,5072,47602116479.3,07/05/2026
2026-05-08,1.49,721748825.6,48363015731.45,5073,47641266905.85,08/05/2026
2026-05-11,1.48,715048736.36,48450035161.77,5074,47734986425.41,11/05/2026
2026-05-12,1.47,712603080.16,48481233797.15,5075,47768630716.99,12/05/2026
2026-05-13,1.46,710128015.76,48511778275.33,5076,47801650259.57,13/05/2026
2026-05-14,1.46,707643917.09,48543932793.27,5077,47836288876.18,14/05/2026
2026-05-15,1.45,704916256.59,48575386813.52,5078,47870470556.93,15/05/2026
2026-05-18,1.43,697206337.78,48684683360.15,5079,47987477022.37,18/05/2026
2026-05-19,1.43,694501322.81,48720461186.64,5080,48025959863.83,19/05/2026
2026-05-21,1.41,688260885.78,48891305153.64,5082,48203044267.86,21/05/2026
2026-05-22,1.4,687396816.47,48982559756.39,5083,48295162939.92,22/05/2026
2026-05-25,1.39,684906827.83,49259782053.02,5084,48574875225.19,25/05/2026
2026-05-26,1.39,684037595.87,49342403349.55,5085,48658365753.68,26/05/2026
2026-05-29,1.37,681270416.71,49580970779.29,5086,48899700362.58,29/05/2026
2026-06-01,1.36,678221882.22,49800457238.56,5087,49122235356.34,01/06/2026
2026-06-02,1.36,677026572.2,49876182832.73,5088,49199156260.53,02/06/2026
2026-06-03,1.35,675801216.33,49956025828.23,5089,49280224611.9,03/06/2026
2026-06-04,1.35,674062216.11,50037742372.92,5090,49363680156.81,04/06/2026
2026-06-05,1.34,673776618.46,50117794833.51,5091,49444018215.05,05/06/2026
2026-06-08,1.34,672925011.8,50268851856.56,5092,49595926844.76,08/06/2026
2026-06-09,1.34,672635029.81,50349328681.93,5093,49676693652.12,09/06/2026
2026-06-10,1.33,672343958.39,50427837958.15,5094,49755493999.76,10/06/2026
2026-06-11,1.33,672166996.97,50505832498.92,5095,49833665501.95,11/06/2026
2026-06-15,1.32,672334374.03,50813206381.35,5096,50140872007.32,15/06/2026
2026-06-16,1.32,672170743.04,50886342486.6,5097,50214171743.56,16/06/2026
2026-06-17,1.32,672216514.58,50962409691.37,5098,50290193176.79,17/06/2026
2026-06-18,1.32,671715414.42,51035544733.65,5099,50363829319.23,18/06/2026
2026-06-19,1.32,671693793.54,51060744774.43,5100,50389050980.89,19/06/2026
2026-06-22,1.3,667307906.6,51142046237.5,5101,50474738330.9,22/06/2026
2026-06-23,1.3,664974978.93,51173918905.8,5102,50508943926.87,23/06/2026
2026-06-24,1.29,662560637.73,51205713921.73,5103,50543153284,24/06/2026
2026-06-25,1.29,660155093.87,51248338482.93,5104,50588183389.06,25/06/2026
2026-06-26,1.28,657799654.52,51292613627.61,5105,50634813973.09,26/06/2026
2026-06-29,1.27,651037127,51429540549.33,5106,50778503422.33,29/06/2026
2026-06-30,1.26,648788685.18,51459234516.22,5107,50810445831.04,30/06/2026
2026-07-03,1.25,642583289.1,51525533681.71,5110,50882950392.61,03/07/2026
2026-07-06,1.24,638233787.79,51579791722.06,5111,50941557934.27,06/07/2026
2026-07-07,1.23,636719677.18,51642764535.26,5112,51006044858.08,07/07/2026
2026-07-08,1.23,634942650.55,51714828949.12,5113,51079886298.57,08/07/2026
2026-07-09,1.22,633225882.42,51743250005.74,5114,51110024123.32,09/07/2026
2026-07-10,1.22,631520078.59,51769097905.85,5115,51137577827.26,10/07/2026
2026-07-13,1.21,626404455.26,51845254713.67,5116,51218850258.41,13/07/2026
2026-07-14,1.2,624092813.82,51867951708.77,5117,51243858894.95,14/07/2026
2026-07-15,1.2,621718838.41,51893218034.06,6117,51271499195.65,15/07/2026
2026-07-16,1.19,619714908.13,51915644681.03,6118,51295929772.9,16/07/2026
2026-07-17,1.19,617655842.44,51942503897.49,6121,51324848055.05,17/07/2026
2026-07-20,1.18,613201879.61,52024877734.05,6122,51411675854.44,20/07/2026
2026-07-21,1.18,611714058.35,52034024065.82,6123,51422310007.47,21/07/2026
2026-07-22,1.17,609884159.57,52036617698.86,6124,51426733539.29,22/07/2026
2026-07-23,1.17,608115696.07,52029933515.37,6125,51421817819.3,23/07/2026
2026-07-24,1.17,606176375.9,52016172458.36,6127,51409996082.46,24/07/2026
2026-07-27,1.16,600340657.73,51964525283.17,6128,51364184625.44,27/07/2026
2026-07-28,1.15,598349724.31,51938721691.53,6129,51340371967.22,28/07/2026
2026-07-29,1.15,596216676.39,51922201255.87,6130,51325984579.48,29/07/2026
2026-07-30,1.14,594199144.73,51922202442.36,6131,51328003297.63,30/07/2026
2026-07-31,1.14,591927473.09,51924109310.9,6132,51332181837.81,31/07/2026
2026-08-03,1.13,585060639.96,51942751630.24,6133,51357690990.28,03/08/2026
2026-08-04,1.12,582625426.25,51948064129.73,6134,51365438703.48,04/08/2026
2026-08-05,1.12,580360236.9,52004744504.01,6137,51424384267.11,05/08/2026
2026-08-06,1.11,578051595.17,52032365922,6138,51454314326.83,06/08/2026
2026-08-07,1.11,576011634.8,52056696341.61,6139,51480684706.81,07/08/2026
2026-08-10,1.09,569452013.37,52140505512.29,6140,51571053498.92,10/08/2026
2026-08-11,1.09,567058066.29,52171292261.44,6141,51604234195.15,11/08/2026
2026-08-12,1.08,564723053.29,52198150071.15,6142,51633427017.86,12/08/2026
2026-08-13,1.08,563012028.87,52258557970.02,6144,51695545941.15,13/08/2026
2026-08-14,1.07,561324922.93,52322389874.29,6145,51761064951.36,14/08/2026
2026-08-17,1.06,556610407.04,52519399520.85,6146,51962789113.81,17/08/2026
2026-08-18,1.05,554654475.13,52583349482.39,6147,52028695007.26,18/08/2026
2026-08-19,1.05,552761588.91,52657561567.97,6148,52104799979.06,19/08/2026
2026-08-21,1.04,549055698.88,52832044742.52,6150,52282989043.64,21/08/2026
2026-08-24,1.03,544660323.99,53112288772.78,6151,52567628448.79,24/08/2026
2026-08-26,1.02,541872227.41,53297539689.17,6152,52755667461.76,26/08/2026
2026-08-27,1.02,542149247.4,53310450542.38,6153,52768301294.98,27/08/2026
2026-08-28,1.01,539800003.33,53509860818.39,6154,52970060815.06,28/08/2026
2026-08-31,1,536637072.08,53806572626.5,6155,53269935554.42,31/08/2026
2026-09-01,0.99,535353140,53900072971.84,6156,53364719831.84,01/09/2026
