date,amtOffered,auction,auctionDate,auctionNo,id,maturityDate,netType,netValue,rangeBid,rate,rateDescription,securityType,successfulBidRates,tenor,totalAmtRepaid,totalSubscription,totalSuccessful,trueYield,week
2006-01-03,,OMO,January-03-2006,OMO/S/241/05,576,February-28-2006,Sales,19,12.0000%,12,Maginal,NTB,12.0000%,56,0,19,19,12.2244,
2006-01-04,20000,Primary Market,January-04-2006,04/01/2006,577,July-05-2006,Purchases,11008,13.5000% - 14.0000%,14,Maginal,NTB,13.5000% - 14.0000%,182,17995,6987,6987,15.0476,
2006-01-05,15000,Primary Market,January-05-2006,05/01/2006,578,April-06-2006,Purchases,2582,7.2000% - 17.0000%,12.5,Issue,NTB,7.2000% - 12.5000%,91,14027,11997,11445,12.901,1st Week
2006-01-18,,OMO,January-18-2006,OMO/S/04/06,579,March-22-2006,Sales,2000,11.5000% - 12.0000%,12,Maginal,NTB,11.5000% - 12.0000%,63,0,2000,2000,12.2531,3rd Week
2006-01-18,20000,Primary Market,January-18-2006,18/01/06,580,July-19-2006,Sales,5324.69,12.0000% - 21.0000%,14.24,Maginal,NTB,12.0000% - 14.2400%,182,14675.31,37927.66,20000,15.3252,
2006-01-19,,OMO,January-19-2006,OMO/S/5/05,581,March-23-2006,Sales,1000,11.9000% - 12.8900%,11.9,Issue,NTB,11.9000%,63,0,4000,1000,12.1489,
2006-01-19,10000,Primary Market,January-19-2006,19/01/2006,582,April-20-2006,Sales,4007,7.4590% - 14.0220%,11.9,Maginal,NTB,7.4590% - 11.8970%,91,5993,13819,10000,12.2596,3rd Week
2006-02-08,,OMO,February-08-2006,OMO/S/09/06,583,March-15-2006,Sales,11000,10.5000% - 11.7490%,11.1,Issue,NTB,10.5000% - 11.1000%,35,0,22200,11000,11.2191,
2006-02-08,20000,Primary Market,February-08-2006,08/02/2006,584,August-09-2006,Sales,8348.28,12.0000% - 17.0000%,14.03,Maginal,NTB,12.0000% - 14.0300%,182,11651.72,32550.89,20000,15.0822,
2006-02-09,15000,Primary Market,February-09-2006,09/02/2006,585,March-30-2006,Sales,468,7.5000% - 12.0000%,11.15,Maginal,NTB,7.5000% - 11.1500%,49,14532,27553,15000,11.319,2nd Week
2006-02-10,,OMO,February-10-2006,OMO/S/11/06,586,March-31-2006,Sales,47500,10.5000% - 10.9900%,10.99,Maginal,NTB,10.5000% - 10.9900%,49,0,47500,47500,11.1541,
2006-02-14,,OMO,February-14-2006,OMO/S/13/06,587,April-11-2006,Sales,2450,10.7500% - 17.0000%,11.5,Issue,NTB,10.7500% - 11.5000%,56,0,6450,2450,11.706,
2006-02-16,,OMO,February-16-2006,OMO/S/15/06,588,July-13-2006,Sales,9900,12.3000% - 13.9700%,12.5,Issue,NTB,12.3000% - 12.5000%,147,0,1010,9900,13.1607,
2006-02-21,,OMO,February-21-2006,OMO/S/18/06,589,August-22-2006,Purchases,20,14.2500% - 22.0000%,15,Issue,NTB,14.2500% - 15.0000%,182,6020,40550,6000,16.209,
2006-02-22,,OMO,February-22-2006,OMO/S/19/06,590,August-23-2006,Sales,7050,13.4800% - 22.0000%,14.5,Issue,NTB,13.4800% - 14.5000%,182,1200,25930,8250,15.6267,
2006-02-23,15860.57,Primary Market,February-23-2006,23/02/2006,591,May-25-2006,Sales,3140,5.9900% - 13.9800%,8,Issue,NTB,5.9900% - 8.0000%,91,11860,19136.79,13120,8.1624,
2006-02-24,,OMO,February-24-2006,OMO/S/21/06,592,August-25-2006,Sales,13350,13.0000% - 15.9400%,13.5,Issue,NTB,13.0000% - 13.5000%,182,1300,22500,14650,14.4715,
2006-03-03,,OMO,March-03-2006,OMO/S/26/06,593,September-01-2006,Sales,22900,10.7500% - 13.9700%,12.5,Issue,NTB,10.7500% - 12.500%,182,0,25400,22900,13.3285,
2006-03-03,25000,Primary Market,March-03-2006,03/03/2006,594,March-02-2007,Sales,25000,8.0000% - 18.0000%,9.68,Maginal,NTB,8.0000% - 9.6800%,364,0,51275,25000,10.7112,1st Week
2006-03-20,,OMO,March-20-2006,OMO/S/39/06,595,May-22-2006,Purchases,5000,0,0,Stop,NTB,0,63,5000,0,0,0,
2006-03-22,,OMO,March-22-2006,OMO/S/41/06,596,May-24-2006,Sales,380,7.2480   -  7.4780,7.48,Maginal,NTB,7.2480  -  7.4780,63,0,380,380,7.5755,
2006-03-22,,OMO,March-22-2006,OMO/S/42/06,597,June-21-2006,Sales,1250,8.4890  -  8.5000,8.5,Issue,NTB,8.4890  -  8.5000,91,0,1250,1250,8.6835,
2006-03-22,20000,Primary Market,March-22-2006,22/03/2006,598,September-20-2006,Sales,7882,10.8500  -  17.000,11.54,Issue,NTB,10.8500  -  11.5400,182,12118,35208,20000,12.2425,
2006-03-23,,OMO,March-23-2006,OMO/S/43/06,599,June-22-2006,Sales,750,8.5,8.5,Maginal,NTB,8.5,91,0,750,750,8.6835,
2006-03-29,10000,Primary Market,March-29-2006,29/02/06,600,September-27-2006,Purchases,16615,10.00  -  15.50,10.89,Issue,NTB,10.00  -  10.89,182,16615,32730,10000,11.5135,5th Week
2006-04-12,10000,Primary Market,April-12-2006,12/04/2006,601,October-11-2006,Sales,3110,8.5000% - 11.1490%,9.9,Maginal,NTB,8.5000% - 9.9000%,182,6890,36007,10000,10.4126,
2006-04-13,10000,Primary Market,April-13-2006,13/04/2006,602,July-13-2006,Sales,6543,4.5000% - 6.8900%,6,Maginal,NTB,4.5000% - 5.9980%,91,3457,10686,10000,6.0888,2nd Week
2006-04-20,10000,Primary Market,April-20-2006,20/04/2006,603,July-20-2006,Sales,9.56,4.5000% - 6.5000%,5.98,Maginal,NTB,4.5000% - 5.9750%,91,9990.44,10348.88,10000,6.0651,3rd Week
2006-04-20,,OMO,April-20-2006,OMO/S/49/06,604,October-19-2006,Sales,3550,9.4000% - 12.0000%,10,Issue,NTB,9.4000% - 10.0000%,182,0,5950,3550,10.5233,
2006-04-24,,OMO,April-24-2006,OMO/S/51/06,605,October-23-2006,Sales,11000,9.5000% - 10.7500%,10,Issue,NTB,9.5000% - 10.0000%,182,0,11750,11000,10.5233,
2006-04-25,,OMO,April-25-2006,OMO/S/52/06,606,October-24-2006,Sales,3000,9.5000% - 10.0000%,9.8,Issue,NTB,9.5000% - 9.8000%,182,0,3750,3000,10.302,
2006-04-26,,OMO,April-26-2006,OMO/S/53/06,607,October-25-2006,Sales,2000,7.5000% - 9.7500%,7.5,Issue,NTB,7.500%,182,0,11500,2000,7.7905,
2006-04-27,10000,Primary Market,April-27-2006,27/4/2006,608,July-27-2006,Sales,379.93,4.5000% - 5.9000%,5.05,Maginal,NTB,4.5000% - 5.0500%,91,9620.07,20772.14,10000,5.1142,3rd Week
2006-04-27,,OMO,April-27-2006,OMO/S/54/06,609,October-26-2006,Purchases,4630,7.5000%,7.5,Maginal,NTB,7.5000%,182,7630,3000,3000,7.7905,
2006-04-28,,OMO,April-28-2006,OMO/S/55/06,610,October-27-2006,Purchases,2400,7.2500% - 7.5000%,7.5,Maginal,NTB,7.2500% - 7.5000%,182,6900,4500,4500,7.7905,
2006-05-02,,OMO,May-02-2006,OMO/S/56/06,611,October-31-2006,Sales,0,7.5000%,7.5,Maginal,NTB,7.5000%,182,6000,6000,6000,7.7905,1st Week
2006-05-03,10000,Primary Market,May-03-2006,03/05/2006,612,November-01-2006,Sales,6033.58,6.0000% - 8.2500%,7.04,Maginal,NTB,6.0000% - 7.0400%,182,3966.42,16357.63,10000,7.2954,
2006-05-04,10000,Primary Market,May-04-2006,04/05/2006,613,August-03-2006,Sales,0,4.2000% - 7.0150%,5,Maginal,NTB,4.2000% - 5.0000%,91,10000,11645.01,10000,5.0629,
2006-05-04,,OMO,May-04-2006,OMO/S/58/06,614,November-02-2006,Sales,4000,7.2500% - 7.5000%,7.5,Maginal,NTB,7.2500% - 7.5000%,182,0,4000,4000,7.7905,1st Week
2006-05-05,,OMO,May-05-2006,OMO/S/59/06,615,November-03-2006,Sales,13000,7.2500% - 7.5000%,7.5,Maginal,NTB,7.2500% - 7.5000%,182,0,13000,13000,7.7905,
2006-05-05,25000,Primary Market,May-05-2006,05/05/2006,616,May-04-2007,Sales,25000,8.5000% - 10.7500%,8.95,Maginal,NTB,8.5000% - 8.9500%,364,0,49576.93,25000,9.8245,1st Week
2006-05-10,,OMO,May-10-2006,OMO/S/62/06,617,July-05-2006,Sales,750,4.3500% - 8.0000%,4.35,Issue,NTB,4.3500%,56,0,2500,750,4.3791,
2006-05-10,10000,Primary Market,May-10-2006,10/05/2006,618,November-08-2006,Purchases,1587.1,6.3900% - 8.0000%,6.7,Maginal,NTB,6.3900% - 6.7000%,182,11587.1,18256.85,10000,6.9309,2nd Week
2006-05-11,,OMO,May-11-2006,OMO/S/63/06,619,July-06-2006,Sales,5000,4.0000% - 4.2500%,4.25,Maginal,NTB,4.0000% - 4.2500%,56,0,5000,5000,4.2778,2nd Week
2006-05-11,10000,Primary Market,May-11-2006,11/05/2006,620,August-10-2006,Purchases,4843.29,4.0000% - 5.0000%,4.5,Maginal,NTB,4.0000% - 4.5000%,91,14843.29,17870.03,10000,4.5509,
2006-05-12,,OMO,May-12-2006,OMO/S/64/06,621,July-07-2006,Sales,0,4.3450% - 4.3500%,0,Issue,NTB,0,56,0,1500,0,0,
2006-05-17,10000,Primary Market,May-17-2006,17/05/2006,622,November-15-2006,Sales,10000,5.0000% - 9.9900%,6.5,Maginal,NTB,5.0000% - 6.4990%,182,0,17210.89,10000,6.716,
2006-05-18,10000,Primary Market,May-18-2006,18/05/2006,623,August-17-2006,Purchases,730.33,3.9000% - 5.8890%,4.35,Maginal,NTB,3.9000% - 4.3500%,91,10730.33,12639.53,10000,4.3976,3rd Week
2006-05-19,,OMO,May-19-2006,OMO/S/69/06,624,May-18-2007,Sales,6650,9.9600% - 14.0000%,10,Issue,NTB,9.9000% - 10.0000%,364,0,11650,6650,11.1044,
2006-05-22,,OMO,May-22-2006,OMO/S/70/06,625,May-21-2007,Sales,3750,10.0000% - 11.0000%,10,Issue,NTB,10.0000%,364,0,4750,3750,11.1044,
2006-05-23,,OMO,May-23-2006,OMO/S/71/06,626,May-22-2007,Sales,452,9.7500% - 10.0000%,10,Maginal,NTB,9.7500% - 10.0000%,364,5250,5702,5702,11.1044,
2006-05-25,,OMO,May-25-2006,OMO/S/71/06/56,627,July-20-2006,Sales,1500,3.5000% - 3.6500%,3.65,Maginal,NTB,3.5000% - 3.6500%,56,0,1500,1500,3.6705,
2006-05-25,10000,Primary Market,May-25-2006,25/05/2006,628,August-24-2006,Purchases,1368,3.5000% - 5.1000%,4,Maginal,NTB,3.5000% - 4.0000%,91,11368,16267,10000,4.0402,
2006-05-25,,OMO,May-25-2006,OMO/S/71A/06,629,May-24-2007,Sales,6500,9.8500% - 10.0000%,10,Maginal,NTB,9.8500% - 10.0000%,364,0,6500,6500,11.1044,
2006-05-26,10360,Primary Market,May-26-2006,26/05A/2006,630,May-26-2013,Sales,10360,12.0000% - 18.0000%,15,Maginal,Bonds,12.0000% -15.0000%,2557,0,16590,10360,-312.8205,
2006-05-26,,OMO,May-26-2006,OMO/S/72/06/182,631,November-24-2006,Sales,4000,7.0000% - 7.5000%,7.5,Maginal,NTB,7.0000% - 7.5000%,182,0,4000,4000,7.7905,
2006-05-26,,OMO,May-26-2006,OMO/S/72/06/364,632,May-25-2007,Sales,6400,8.9000% - 12.0000%,10,Issue,NTB,8.9000% - 10.0000%,364,0,12650,6400,11.1044,4th Week
2006-05-30,,OMO,May-30-2006,OMO/S/73/06/35,633,July-04-2006,Sales,10000,3.7500%,3.75,Maginal,NTB,3.7500%,35,0,10000,10000,3.7635,
2006-05-30,,OMO,May-30-2006,OMO/S/73/06/182,634,November-28-2006,Sales,185.08,7.0000%,7,Maginal,NTB,7.0000%,182,0,185.08,185,7.2524,5th Week
2006-05-30,,OMO,May-30-2006,OMO/S/73/06/364,635,May-29-2007,Sales,2700,9.9980% - 10.0000%,10,Maginal,NTB,9.9980% - 10.0000%,364,2700,2700,2700,11.1044,
2006-05-31,10000,Primary Market,May-31-2006,31/05/2006/182,636,November-29-2006,Purchases,5788.34,5.2400% - 6.6500%,6.65,Issue,NTB,5.2400% - 6.6500%,182,12015.28,6226.94,6227,6.8774,
2006-05-31,,OMO,May-31-2006,OMO/S/74/06/364,637,May-30-2007,Sales,5000,10.0000%,10,Maginal,NTB,10.0000%,364,0,5000,5000,11.1044,
2006-06-01,10000,Primary Market,June-01-2006,01/06/2006,638,August-31-2006,Sales,860.91,3.5000% - 4.0000%,4,Maginal,NTB,3.5000% - 4.0000%,91,4745.97,5606.88,5607,4.0402,
2006-06-02,,OMO,June-02-2006,OMO/S/76/06/364,639,June-01-2007,Sales,5050,12.0000% - 13.5000%,12.5,Issue,NTB,12.0000% - 12.5000%,364,0,9750,5050,14.2746,
2006-06-02,25000,Primary Market,June-02-2006,O2/06/2006/364,640,May-01-2007,Sales,13566,10000% - 12000%,12,Issue,NTB,10000% - 12000%,365,0,13566,13566,13.6262,1st Week
2006-06-05,,OMO,June-05-2006,OMO/S/77/06/364,641,June-04-2007,Sales,19500,12.0000% - 12.6500%,12.5,Issue,NTB,12.0000% - 12.5500%,364,0,20000,19500,14.2746,
2006-06-07,10000,Primary Market,June-07-2006,07/06/2006/182,642,December-06-2006,Purchases,4668.07,6.0500% - 12.0000%,6.44,Maginal,NTB,6.0500% - 6.4400%,182,14668.07,14140,10000,6.6531,
2006-06-07,,OMO,June-07-2006,OMO/S/79/06/364,643,June-06-2007,Sales,14695,11.0000% - 13.0000%,12.5,Issue,NTB,11.0000% - 12.5000,364,0,15695,14695,14.2746,
2006-06-08,10000,Primary Market,June-08-2006,08/06/2006/91,644,September-07-2006,Purchases,4625.23,3.2500% - 4.6480%,4.65,Maginal,NTB,3.2500% - 4.6480%,91,14625.23,14512.68,10000,4.7023,
2006-06-12,,OMO,June-12-2006,OMO/S/82/06/364,645,June-11-2007,Purchases,3000,12.5000% - 13.0000%,0,Issue,NTB,0,364,3000,500,0,0,
2006-06-13,,OMO,June-13-2006,OMO/S/83/06/364,646,June-12-2007,Sales,1035,12.0000% - 12.5000%,12.5,Maginal,NTB,12.0000% - 12.5000%,364,0,1035,1035,14.2746,
2006-06-14,10000,Primary Market,June-14-2006,14/06/2006/182,647,December-13-2006,Purchases,4769,5.9000% - 12.0000%,6.3,Maginal,NTB,5.9000% - 6.3000%,182,14769,14467,10000,6.5037,
2006-06-14,,OMO,June-14-2006,OMO/S/84/06/364,648,June-13-2007,Purchases,200,12.5000% - 13.5000%,12.5,Issue,NTB,12.5000%,364,750,1650,550,14.2746,
2006-06-15,10000,Primary Market,June-15-2006,15/06/2006/91,649,September-14-2006,Purchases,5787,3.0000% - 4.0000%,3.5,Issue,NTB,3.0000% - 3.5000%,91,15199,9473,9412,3.5307,
2006-06-19,,OMO,June-19-2006,OMO/S/87/06/364,650,June-18-2007,Sales,1875,12.5000%,12.5,Maginal,NTB,12.5000%,364,0,1875,1875,14.2746,
2006-06-20,,OMO,June-20-2006,OMO/S/88/06/364,651,June-19-2007,Purchases,369,12.0000% - 12.5000%,12.5,Maginal,NTB,12.0000% - 12.5000%,364,7200,6831,6831,14.2746,
2006-06-21,,OMO,June-21-2006,OMO/S/89/06/35,652,July-26-2006,Sales,4000,3.0000% - 3.2500%,3.25,Maginal,NTB,3.0000% - 3.2500%,35,1000,5000,5000,3.2601,
2006-06-21,10000,Primary Market,June-21-2006,21/06/2006/182,653,December-20-2006,Purchases,2587.33,5.9500% - 12.5000%,6.25,Maginal,NTB,5.9500% - 6.2500%,182,12587.33,16188.36,10000,6.4505,
2006-06-21,,OMO,June-21-2006,OMO/S/89/06/364,654,June-20-2007,Sales,4072,12.2500% - 12.7500%,12.5,Issue,NTB,12.2500% - 12.5000%,364,0,4572,4072,14.2746,
2006-06-22,,OMO,June-22-2006,OMO/S/90/06/35,655,July-27-2006,Sales,1000,3.0000%,3,Issue,NTB,3.0000%,35,0,1000,1000,3.0086,
2006-06-22,10000,Primary Market,June-22-2006,22/06/2006/91,656,September-21-2006,Purchases,3177.45,2.9000% - 8.0000%,3.5,Maginal,NTB,2.9000% - 3.5000%,91,13177.45,12000,10000,3.5307,
2006-06-22,,OMO,June-22-2006,OMO/S/90/06/182,657,December-21-2006,Sales,2000,6.0000%,6,Maginal,NTB,6.0000%,182,0,2000,2000,6.1845,
2006-06-22,,OMO,June-22-2006,OMO/S/90/06/364,658,June-21-2007,Sales,6215,12.4980% - 13.5000%,12.5,Issue,NTB,12.4980% - 12.5000%,364,0,6325,6215,14.2746,
2006-06-23,,OMO,June-23-2006,OMO/S/91/06/364,659,June-22-2007,Purchases,12100,12.5000%,12.5,Maginal,NTB,12.5000%,364,17950,5850,5850,14.2746,
2006-06-26,,OMO,June-26-2006,OMO/S/92/06/364,660,June-25-2007,Sales,17500,12.5000% - 14.5000%,14,Issue,NTB,12.5000% - 14.0000%,364,0,18000,17500,16.2646,
2006-06-27,,OMO,June-27-2006,OMO/S/93/06/35,661,August-01-2006,Purchases,500,3.7500% - 12.5000%,3.75,Issue,NTB,3.7500%,35,1000,1500,500,3.7635,
2006-06-27,,OMO,June-27-2006,OMO/S/93/06/364,662,June-26-2007,Sales,12591,13.5000% - 17.0000%,14,Issue,NTB,13.5000% - 14.0000%,364,0,22991,12591,16.2646,
2006-06-28,10000,Primary Market,June-28-2006,28/06/2006,663,December-27-2006,Purchases,3348.25,4.2000% - 12.0000%,11.99,Maginal,NTB,4.2000% - 11.9900%,182,13348.25,11500,10000,12.7502,
2006-06-28,,OMO,June-28-2006,OMO/S/94/06/364,664,June-27-2007,Sales,7745.22,13.8000% - 17.0000%,14,Issue,NTB,13.8000% - 14.0000%,364,15750,39240.72,23495,16.2646,
2006-06-29,,OMO,June-29-2006,OMO/S/95/06/91,665,September-28-2006,Sales,3000,10.5000% - 11.5000%,11.5,Maginal,NTB,10.5000% - 11.5000%,91,0,3000,3000,11.8385,
2006-06-29,,OMO,June-29-2006,OMO/S/95/06/182,666,December-28-2006,Purchases,4050,12.0000% - 13.5000%,13,Issue,NTB,12.0000% - 13.0000%,182,10050,7000,6000,13.8985,
2006-06-29,,OMO,June-29-2006,OMO/S/95/06/364,667,June-28-2007,Sales,25593,13.9400% - 17.0000%,14,Issue,NTB,13.9400% - 14.0000%,364,0,35339,25593,16.2646,
2006-06-30,28944.56,Primary Market,June-30-2006,30/06/2006/7,668,June-30-2013,Sales,21697.56,8.0000% - 16.0000%,16,Issue,FGN Bonds,8.0000% - 16.0000%,7,0,21697.56,21698,16.0491,
2006-06-30,,OMO,June-30-2006,OMO/S/98/06/182,669,December-29-2006,Sales,10494,12.0000% - 13.5000%,13,Issue,NTB,12.0000% - 13.0000%,182,0,12994,10494,13.8985,
2006-06-30,25000,Primary Market,June-30-2006,30/06/2006/364,670,June-29-2007,Sales,25000,10.0000% - 16.5000%,14,Maginal,NTB,10.0000% - 16.5000%,364,0,35490,25000,16.2646,
2006-07-03,,OMO,July-03-2006,OMO/S/97/2006/91,671,October-02-2006,Sales,0,11.5,0,Issue,NTB,0,91,0,10000,0,0,1st Week
2006-07-03,,OMO,July-03-2006,OMO/S/97/2006/182,672,January-01-2007,Sales,0,13,0,Issue,NTB,0,182,0,5000,0,0,1st Week
2006-07-03,,OMO,July-03-2006,OMO/S/97/2006/364,673,July-02-2007,Sales,0,14.00  -  14.50,0,Issue,NTB,0,364,0,2525,0,0,1st Week
2006-07-04,,OMO,July-04-2006,OMO/S/99/06/364,674,July-03-2007,Sales,1525,13.0000% - 14.0000%,13,Issue,NTB,13.0000% -,364,0,7975,1525,14.9303,
2006-07-05,10000,Primary Market,July-05-2006,05/07/2006/182,675,January-03-2007,Sales,9376.66,10.5000% - 13.0000%,11.75,Maginal,NTB,10.5000% - 11.7500%,182,623.34,16015,10000,12.4791,
2006-07-05,,OMO,July-05-2006,OMO/S/100/06/364,676,July-04-2007,Sales,12956,12.0000% - 14.0000%,13,Issue,NTB,12.0000% - 13.0000%,364,750,13906,13706,14.9303,
2006-07-06,,OMO,July-06-2006,OMO/S/100/2006/56,677,August-31-2006,Purchases,-5000,0,0,Issue,NTB,0,56,5000,0,0,0,
2006-07-06,,Primary Market,July-06-2006,06/07/2006,678,October-05-2006,Sales,3.18,5.0000 - 11.9900,8,Issue,NTB,8,91,9996.12,15167.52,10000,8.1624,
2006-07-06,,OMO,July-06-2006,OMO/S/100/2006/182,679,January-04-2007,Sales,6317.94,11.4900 - 12.5000,11.99,Issue,NTB,11.99,182,0,26317.94,6318,12.7502,
2006-07-06,,OMO,July-06-2006,OMO/S/100/2006/364,680,July-05-2007,Sales,10300,12.5000 - 14.0000,12.94,Issue,NTB,12.94,364,0,11450,10300,14.8513,2nd Week
2006-07-07,,OMO,July-07-2006,OMO/S/101/2006/182,681,January-05-2007,Sales,10750,11.7500 - 11.9500,11.95,Issue,NTB,11.7500 - 11.9500,182,0,10750,10750,12.705,
2006-07-07,,OMO,July-07-2006,OMO/S/101/2006/364,682,July-06-2007,Sales,6660,12.7500 - 13.0000,12.9,Issue,NTB,12.7500 - 12.9000,364,0,6660,6475,14.7986,
2006-07-10,,OMO,July-10-2006,OMO/S/102/2006/182,683,January-08-2007,Sales,500,11.9,11.9,Issue,NTB,11.9,182,0,500,500,12.6485,
2006-07-10,,OMO,July-10-2006,OMO/S/102/2006/364,684,July-09-2007,Sales,1135,12.8000 - 12.9000,12.9,Issue,NTB,12.8000 - 12.9000,364,0,1135,1135,14.7986,
2006-07-11,,OMO,July-11-2006,OMO/S/103/2006/182,685,January-09-2007,Sales,6500,11.5000 - 11.9000,11.5,Issue,NTB,11.5,182,0,6500,1500,12.1975,
2006-07-11,,OMO,July-11-2006,OMO/S/103/2006/364,686,July-10-2007,Sales,7515,12.7500 - 12.9000,12.79,Issue,NTB,12.7500 - 12.7900,364,0,7515,6555,14.654,
2006-07-12,,OMO,July-12-2006,OMO/S/104/2006/147,687,December-06-2006,Purchases,3500,0,0,Issue,NTB,0,147,3500,0,3500,0,
2006-07-12,,OMO,July-12-2006,OMO/S/104/2006/182,688,January-10-2007,Sales,11000,11.0000% - 11.3500%,11.35,Issue,NTB,11.0000% - 11.3500%,182,0,11000,11000,12.0289,
2006-07-12,,OMO,July-12-2006,OMO/S/104/2006/364,689,July-11-2007,Sales,7130,12.5000% - 12.7780%,12.78,Issue,NTB,12.5000% - 12.7780%,364,7130,7130,7130,14.6383,
2006-07-13,,Primary Market,July-13-2006,13/7/2006,690,October-12-2006,Sales,24.07,6.0000 - 9.0000,7.5,Issue,NTB,6.0000 - 7.5000,91,9975.93,13009.71,10000,7.6425,
2006-07-13,,Primary Market,July-13-2006,12/7/2006,691,January-11-2007,Sales,-9944.65,10.0000 - 12.0000,10.9,Issue,NTB,10.0000 - 10.9000,182,19944.65,27629.01,10000,11.5247,
2006-07-13,,OMO,July-13-2006,OMO/S/105/2006/364,692,July-12-2007,Sales,1000,12.2500 - 12.7500,12.75,Issue,NTB,12.2500 - 12.7500,364,0,1000,1000,14.6015,
2006-07-14,,OMO,July-14-2006,OMO/S/106/2006/182,693,January-12-2007,Sales,4000,11.3500%,11.35,Issue,NTB,11.3500%,182,7750,4000,4000,12.0289,
2006-07-14,,OMO,July-14-2006,OMO/S/106/2006/364,694,July-13-2007,Sales,11683.67,12.7000% - 12.7470%,12.75,Issue,NTB,12.7000% - 12.7470%,364,11683.67,11683.67,11684,14.5976,
2006-07-17,,OMO,July-17-2006,OMO/S/107/2006/147,695,December-11-2006,Purchases,17550,0,0,Issue,NTB,0,147,17550,0,17550,0,
2006-07-17,,OMO,July-17-2006,OMO/S/107/2006/182,696,January-15-2007,Sales,7500,11.1500% - 11.3000%,11.3,Issue,NTB,11.1500% - 11.3000%,182,0,7500,7500,11.9728,
2006-07-17,,OMO,July-17-2006,OMO/S/107/2006/364,697,July-16-2007,Sales,10645,12.5000% - 12.6500%,12.65,Issue,NTB,12.5000% - 12.6500%,364,0,10645,10645,14.4705,
2006-07-18,,OMO,July-18-2006,OMO/S/108/2006/364,698,July-17-2007,Sales,4340,12.5000%,12.5,Issue,NTB,12.5000%,364,0,4340,4340,14.2746,
2006-07-19,,Primary Market,July-19-2006,19-07-2006,699,January-17-2007,Sales,-6308.66,9.5000% - 12.4900%,10,Issue,NTB,9.5000% - 10.0000%,182,16308.66,24908.08,10000,10.5233,
2006-07-20,,OMO,July-20-2006,OMO/S/110/2006/56,700,September-14-2006,Purchases,1500,0,0,Issue,NTB,0,56,1500,0,1500,0,
2006-07-20,,Primary Market,July-20-2006,20-07-2006,701,October-19-2006,Sales,22.63,5.0000%- 7.2500%,7.25,Issue,NTB,5.0000% - 7.2500%,91,9977.37,10067.74,10000,7.3831,
2006-07-21,,OMO,July-21-2006,OMO/S/111/2006/56,702,September-15-2006,Sales,2000,5.5000%,5.5,Issue,NTB,5.5000%,56,0,2000,2000,5.5467,
2006-07-21,,OMO,July-21-2006,OMO/S/111/2006/182,703,January-19-2007,Sales,11500,10.2500% - 11.0000%,10.5,Issue,NTB,10.2500% - 10.5000%,182,0,21500,11500,11.0784,
2006-07-21,,OMO,July-21-2006,OMO/S/111/2006/364,704,July-20-2007,Sales,15885,11.8500% - 13.4900%,12,Issue,NTB,11.8500% - 12.0000%,364,0,22385,15885,13.6262,
2006-07-24,,OMO,July-24-2006,OMO/S/112/2006/56,705,September-18-2006,Sales,2000,5.5,5.5,Issue,NTB,5.5,56,0,2000,2000,5.5467,
2006-07-24,,OMO,July-24-2006,OMO/S/112/2006/182,706,January-22-2007,Sales,14000,10.0000% - 10.6500%,10.35,Issue,NTB,10.0000% - 10.3500%,182,0,15100,14000,10.9116,
2006-07-24,,OMO,July-24-2006,OMO/S/112/2006/364,707,July-23-2007,Sales,10000,11.0100% - 14.0000%,12,Issue,NTB,11.0100% - 11.9990%,364,0,14000,10000,13.6249,
2006-07-25,,OMO,July-25-2006,OMO/S/113/2006/364,708,July-24-2007,Sales,0,11.7400% - 12.6000%,0,Issue,NTB,0,364,0,7581.9,0,0,
2006-07-26,15000,Primary Market,July-26-2006,26/7/2006,709,January-24-2007,Sales,573.13,8.0000% - 10.5000%,9.5,Issue,NTB,8.0000% - 9.5000%,182,11302.18,18375.31,11875,9.971,
2006-07-28,,OMO,July-28-2006,OMO/S/115/2006/56,710,September-22-2006,Purchases,0,5.5000%,0,Issue,NTB,0,56,0,1000,0,0,
2006-07-28,10000,Primary Market,July-28-2006,27/7/2006,711,October-27-2006,Sales,17.78,5.2500% - 7.0000%,7,Issue,NTB,5.2500% - 7.0000%,91,9982.22,10236.05,10000,7.124,
2006-07-28,,OMO,July-28-2006,OMO/S/115/2006/182,712,January-26-2007,Purchases,0,9.7500% - 9.9000%,0,Issue,NTB,0,182,0,2000,0,0,
2006-07-28,,OMO,July-28-2006,OMO/S/115/2006/364,713,July-27-2007,Sales,2081.9,10.0000% - 12.4900%,11.5,Issue,NTB,10.0000% - 11.5000%,364,1000,11581.9,3082,12.9851,
2006-07-31,,OMO,July-31-2006,OMO/S/117/2006/364,714,July-30-2007,Sales,6000,11.0000% - 12.0000%,11.5,Issue,NTB,11.0000% - 11.5000%,364,0,6250,6000,12.9851,
2006-08-02,,OMO,August-02-2006,OMO/S/119/2006/35,715,September-06-2006,Sales,8000,4.7500% - 5.0000%,5,Issue,NTB,4.7500% - 5.0000%,35,0,8000,8000,5.024,
2006-08-02,,OMO,August-02-2006,OMO/S/119/2006/182,716,January-31-2007,Purchases,0,9.5000% - 10.0000%,0,Issue,NTB,0,182,0,2000,0,0,
2006-08-02,,OMO,August-02-2006,OMO/S/119/2006/364,717,August-01-2007,Purchases,0,11.2500% - 11.5000%,0,Issue,NTB,0,364,0,6190,0,0,
2006-08-03,,OMO,August-03-2006,OMO/S/120/2006/35,718,September-07-2006,Sales,4000,5.0000%,5,Issue,NTB,5.0000%,35,0,4000,4000,5.024,
2006-08-03,10000,Primary Market,August-03-2006,03-08-2006,719,November-02-2006,Purchases,-3093.58,6.0000% - 7.0000%,7,Issue,NTB,6.0000% - 7.0000%,91,9993.26,6899.68,6900,7.124,
2006-08-03,,OMO,August-03-2006,OMO/S/120/2006/182,720,February-01-2007,Sales,4500,9.4000% - 9.7000%,9.7,Issue,NTB,9.4000% - 9.7000%,182,0,4500,4500,10.1916,
2006-08-03,,OMO,August-03-2006,OMO/S/120/2006/364,721,August-02-2007,Sales,4220,10.9900% - 11.5000%,10.99,Issue,NTB,10.9900% - 10.9900%,364,0,11110,4220,12.3386,
2006-08-04,,OMO,August-04-2006,OMO/S/121/2006/182,722,February-02-2007,Sales,10250,9.5000% - 10.2500%,9.75,Issue,NTB,9.5000% - 9.7500%,182,0,11000,10250,10.2468,
2006-08-04,25000,Primary Market,August-04-2006,04-08-2006,723,August-03-2007,Sales,164,9.5000% - 14.0000%,10,Issue,NTB,9.5000% - 10.0000%,364,24835,66289,25000,11.1044,
2006-08-07,,OMO,August-07-2006,OMO/S/122/2006/182,724,February-05-2007,Sales,3000,9.3500 - 9.5500,9.35,Issue,NTB,9.35,182,0,7000,3000,9.8059,
2006-08-07,,OMO,August-07-2006,OMO/S/122/2006/364,725,August-06-2007,Sales,2000,10.7500 - 10.9500,10.75,Issue,NTB,10.75,364,0,8050,2000,12.0369,
2006-08-08,,OMO,August-08-2006,OMO/S/123/2006/35,726,September-12-2006,Purchases,0,5.0000%,0,Issue,NTB,0,35,0,2000,0,0,
2006-08-08,,OMO,August-08-2006,OMO/S/123/2006/182,727,February-06-2007,Purchases,0,9.0000%,0,Issue,NTB,0,182,0,7000,0,0,
2006-08-08,,OMO,August-08-2006,OMO/S/123/2006/364,728,August-07-2007,Sales,1500,10.2500% - 10.7500%,10.45,Issue,NTB,10.2500% - 10.4500%,364,0,9500,1500,11.662,
2006-08-09,,OMO,August-09-2006,OMO/S/124/2006/35,729,September-13-2006,Purchases,0,4.2500%,0,Issue,NTB,0,35,0,2000,0,0,
2006-08-09,10000,Primary Market,August-09-2006,9-8-2006,730,February-07-2007,Purchases,-9500,8.4000% - 10.0000%,8.88,Issue,NTB,8.4000% - 8.8800%,182,19500,24375.97,10000,9.2902,
2006-08-09,,OMO,August-09-2006,OMO/S/124/2006/364,731,August-08-2007,Sales,6307.08,10.0000% - 11.4490%,10.25,Issue,NTB,10.0000% - 10.2500%,364,0,10007.08,6307,11.4135,
2006-08-10,10000,Primary Market,August-10-2006,10/8/2006/91,732,November-09-2006,Sales,41.6,5.2500% - 7.0000%,6.95,Issue,NTB,5.2500% - 6.9500%,91,9958.4,12531.11,10000,7.0722,
2006-08-10,,OMO,August-10-2006,OMO/S/125/2006/182,733,February-08-2007,Purchases,0,9.0000%,0,Issue,NTB,0,182,0,5500,0,0,
2006-08-10,,OMO,August-10-2006,OMO/S/125/2006/364,734,August-09-2007,Sales,3200,10.0000% - 10.2500%,10,Issue,NTB,10.0000%,364,0,9700,3200,11.1044,
2006-08-11,,OMO,August-11-2006,OMO/S/126/2006/35,735,September-15-2006,Sales,2000,4.0000%,4,Issue,NTB,4.0000%,35,0,2000,2000,4.0154,
2006-08-11,,OMO,August-11-2006,OMO/S/126/2006/182,736,February-09-2007,Sales,3000,8.9500%,8.95,Issue,NTB,8.9500%,182,0,3000,3000,9.3669,
2006-08-11,,OMO,August-11-2006,OMO/S/126/2006/364,737,August-10-2007,Sales,6000,9.5000% - 10.0000%,9.75,Issue,NTB,9.5000% - 9.7500%,364,,11500,6000,10.797,
2006-08-15,,OMO,August-15-2006,OMO/S/128/2006/182,738,February-13-2007,Sales,2000,8.3,8.3,Maginal,NTB,8.3,182,0,2000,2000,8.6573,3rd Week
2006-08-15,,OMO,August-15-2006,OMO/S/127/2006/364,739,August-14-2007,Sales,2000,9.5,9.5,Maginal,NTB,9.5,364,0,2000,2000,10.4912,3rd Week
2006-08-16,0,OMO,August-16-2006,OMO/S/129/06/182,740,February-14-2007,Sales,0,9.5000 - 9.5000,0,Issue,OMO,0,182,0,500,0,0,2nd Week
2006-08-17,10000,Primary Market,August-17-2006,17/AUG/06,741,November-16-2006,Purchases,805,5.7500 - 7.5480,6.95,Issue,NTB,5.7500 - 6.9500,91,9195,11161,10000,7.0722,3rd Week
2006-08-23,,OMO,August-23-2006,OMO/S/131/06/182,742,February-21-2007,Sales,-7250,8.2500 - 8.5000,8.25,Stop,NTB,8.25,182,8250,1800,1000,8.6029,3rd Week
2006-08-24,10000,Primary Market,August-24-2006,24/AUG/2006,743,November-23-2006,Sales,4297,5.2500 - 7.4380,6.2,Issue,NTB,5.2500 - 6.2000,91,5703,17973,10000,6.2971,
2006-08-24,,,August-24-2006,OMO/S/132/06/182,744,February-22-2007,Sales,15400,8.0000 - 8.2500,8.2,Issue,NTB,8.0000 - 8.20000,182,27600,46000,43000,8.5486,
2006-08-25,0,Primary Market,August-25-2006,25/AUG/2006,745,August-25-2009,Sales,29279,11.0000 - 18.0000,12,Issue,FGN Bonds,11.0000 - 12.0000,3,0,53899,29279,12.0118,4th Week
2006-08-25,,OMO,August-25-2006,OMO/S/133/06/91,746,November-24-2006,Sales,2000,7,7,Maginal,NTB,7,91,0,2000,2000,7.124,
2006-08-25,,OMO,August-25-2006,OMO/S/133/06/182,747,February-23-2007,Sales,5600,8.0000 - 8.5000,8.15,Issue,NTB,8.0000 - 8.1500,182,14650,28750,20250,8.4942,
2006-08-28,,OMO,August-28-2006,OMO/S/134/06/91,748,November-27-2006,Sales,0,6.25,0,Issue,NTB,0,91,0,1000,0,0,
2006-08-28,,OMO,August-28-2006,OMO/S/134/06/182,749,February-26-2007,Purchases,10550,6.7500 - 6.9500,6.95,Maginal,NTB,6.7500 - 6.9500,182,14550,4000,4000,7.1988,
2006-08-29,,OMO,August-29-2006,OMO/S/135/06/56,750,October-24-2006,Sales,1000,6.25,0,Issue,NTB,0,56,0,1000,0,0,
2006-08-29,,OMO,August-29-2006,OMO/S/135/06/91,751,November-28-2006,Sales,1000,6.25,6.95,Maginal,NTB,6.95,91,0,1000,1000,7.0722,
2006-08-30,,OMO,August-30-2006,OMO/S/136/06/182,752,February-28-2007,Sales,1300,7.9,7.9,Issue,NTB,7.9,182,0,1300,1300,8.223,
2006-09-04,,OMO,September-04-2006,OMO/S/139/2006/182,753,March-05-2007,Sales,8300,7.8500%,7.85,Issue,NTB,7.8500%,182,9050,750,750,8.1689,
2006-09-05,,OMO,September-05-2006,OMO/S/140/2006/91,754,December-05-2006,Sales,11150,6.2000%,6.2,Issue,NTB,6.2000%,91,16150,5000,5000,6.2971,
2006-09-06,,OMO,September-06-2006,OMO/S/141/2006/182,755,March-07-2007,Sales,6000,7.5000% - 8.0000%,7.75,Issue,NTB,7.5000% - 7.7500%,182,12000,7500,6000,8.0606,
2006-09-07,10000,Primary Market,September-07-2006,7-9-2006,756,December-07-2006,Sales,10,5.2500% - 6.4800%,6,Issue,NTB,5.2500% - 6.0000%,91,9990,18147,10000,6.0909,
2006-09-07,,OMO,September-07-2006,OMO/S/142/2006/182,757,March-08-2007,Sales,0,7.5000% - 7.7500%,7.75,Issue,NTB,7.5000% - 7.7500%,182,0,3000,3000,8.0606,
2006-09-08,,OMO,September-08-2006,OMO/S/143/2006/182,758,March-09-2007,Purchases,4000,7.7000% - 7.8000%,0,Issue,NTB,0,182,4000,1500,0,0,
2006-09-11,,OMO,September-11-2006,OMO/S/144/2006/182,759,March-12-2007,Sales,5500,7.4500% - 7.7000%,7.7,Issue,NTB,7.4500% - 7.7000%,182,0,5500,5500,8.0066,
2006-09-13,,OMO,September-13-2006,OMO/S/146/2006/182,760,March-14-2007,Sales,7450,7.5000%,7.5,Issue,NTB,7.5000%,182,5600,13050,13050,7.7905,
2006-09-14,10000,Primary Market,September-14-2006,14-9-2006/91,761,December-14-2006,Sales,1176,5.0000% - 7.0000%,5.3,Issue,NTB,5.0000% - 5.3000%,91,8824,14680,10000,5.3708,
2006-09-15,,OMO,September-15-2006,OMO/S/149/2006/91,762,December-15-2006,Purchases,4000,5.9550% - 5.9950%,0,Issue,NTB,0,91,4000,2000,0,0,
2006-09-18,,OMO,September-18-2006,OMO/S/150/06/01,763,September-19-2006,Purchases,0,0,0,Issue,NTB,0,1,2000,0,0,0,
2006-09-19,,OMO,September-19-2006,OMO/S/150/06/02,764,September-21-2006,Purchases,0,0,0,Issue,NTB,0,2,0,0,0,0,
2006-09-20,10000,Primary Market,September-20-2006,20/SEPT/2006,765,March-21-2007,Purchases,2855.45,5.9900 - 7.0000,6.25,Issue,NTB,5.9900 - 6.7500,182,12855.45,11362.21,10000,6.4505,4th Week
2006-09-22,,OMO,September-22-2006,OMO/S/152/2006/91,766,December-22-2006,Sales,3000,5.500%,5.5,Issue,NTB,5.500%,91,0,3000,3000,5.5763,
2006-09-25,,OMO,September-25-2006,OMO/S/155/91/2006,767,December-25-2006,Sales,1500,5.5000%,5.5,Issue,NTB,5.5000%,91,1000,2500,2500,5.5763,
2006-09-26,,OMO,September-26-2006,OMO/S/156/2006/91,768,December-26-2006,Sales,10057.5,5.5000%,5.5,Issue,NTB,5.5000%,91,11057.5,1000,1000,5.5763,
2006-09-27,,OMO,September-27-2006,OMO/S/157/2006/91,769,December-27-2006,Purchases,9050,0,0,Issue,NTB,0,91,9050,0,0,0,
2006-09-28,10000,Primary Market,September-28-2006,28-SEPT-06,770,December-28-2006,Sales,6382,4.0000  -  5.7500,4.5,Issue,NTB,4.0000  -  4.5000,91,3618,20130,10000,4.5509,
2006-09-29,26862,Primary Market,September-29-2006,29 -SEP- 2006,771,September-29-2011,Sales,26862,8.0000  -  20.0000,12.99,Stop,FGN Bonds,12.99,5,0,26862,26862,13.0131,5th Week
2006-10-04,10000,Primary Market,October-04-2006,4-10-2006/182,772,April-04-2007,Sales,2705,6.0000%-8.0000%,8,Issue,NTB,6.0000% - 8.0000%,182,7295,10858,10000,8.3314,
2006-10-05,10000,Primary Market,October-05-2006,5-10-2006/91,773,January-04-2007,Sales,2064,3.5000% - 6.5000%,6.5,Issue,NTB,3.5000% - 6.5000%,91,7340,9404,9404,6.6068,
2006-10-06,25000,Primary Market,October-06-2006,6-10-2006/364,774,October-05-2007,Sales,24446,7.7480% - 13.0000%,10,Issue,NTB,7.7480% - 10.0000%,364,0,24646,24446,11.1044,
2006-10-11,10000,Primary Market,October-11-2006,11-10-2006,775,April-11-2007,Sales,0,6.0000% - 12.0000%,8,Issue,NTB,6.0000% - 8.0000%,182,10000,18786.27,10000,8.3314,
2006-10-17,,OMO,October-17-2006,OMO/S/166/2006/35,776,November-21-2006,Sales,2000,4.7500%,4.75,Issue,NTB,4.7500%,35,8000,10000,10000,4.7717,
2006-10-17,,OMO,October-17-2006,OMO/S/166/2006/91,777,January-16-2007,Sales,0,7.0000% - 9.5000%,0,Issue,NTB,0,91,0,5500,0,0,
2006-10-18,,OMO,October-18-2006,OMO/S/167/2006/35,778,November-22-2006,Sales,4000,4.6000% - 4.7000%,4.7,Issue,NTB,4.6000% - 4.7000%,35,0,4000,4000,4.7212,
2006-10-18,,OMO,October-18-2006,OMO/S/137/2006/91,779,January-17-2007,Sales,3500,6.5000%,6.5,Issue,NTB,6.5000%,91,0,3500,3500,6.6068,
2006-10-18,10000,Primary Market,October-18-2006,12/10/2006/182,780,April-18-2007,Sales,6694.04,7.0000% - 12.0000%,7.5,Issue,NTB,7.0000% - 7.5000%,182,3305.06,41706.05,10000,7.7905,
2006-10-19,,OMO,October-19-2006,OMO/S/168/2006/35,781,November-23-2006,Sales,2300,4.5000% - 4.7000%,4.7,Issue,NTB,4.5000% - 4.7000%,35,3700,6000,6000,4.7212,
2006-10-19,,OMO,October-19-2006,OMO/S/168/2006/91,782,January-18-2007,Sales,3500,6.4450% - 6.5000%,6.5,Issue,NTB,6.4450% - 6.5000%,91,0,3500,3500,6.6068,
2006-10-20,,OMO,October-20-2006,OMO/S/169/2006/35,783,November-24-2006,Sales,2000,4.7000% - 5.0000%,4.8,Issue,NTB,4.7000% - 4.8000%,35,4000,8000,6000,4.8221,
2006-10-20,,OMO,October-20-2006,OMO/S/169/2006/91,784,January-19-2007,Sales,2000,6.4500% - 6.5000%,6.5,Issue,NTB,6.4500% - 6.5000%,91,0,2000,2000,6.6068,
2006-10-25,,OMO,October-25-2006,OMO/S/170/2006,785,November-29-2006,Sales,13000,4.8000% - 5.0000%,4.8,Issue,NTB,4.8000%,35,16000,6000,3000,4.8221,
2006-10-25,10000,Primary Market,October-25-2006,25-10-2006,786,April-25-2007,Sales,2000,6.6000% - 10.0000%,7,Issue,NTB,6.6000% - 7.0000%,182,8000,38668.69,10000,7.2524,
2006-10-26,,OMO,October-26-2006,OMO/S/171/2006,787,November-30-2006,Sales,4000,4.8000% - 4.8500%,4.8,Issue,NTB,4.8000%,35,3000,8000,7000,4.8221,
2006-10-26,,OMO,October-26-2006,OMO/S/171/2006/91,788,January-25-2007,Sales,6750,6.0000% - 6.5000%,6.25,Issue,NTB,6.0000% - 6.2500%,91,0,9250,6750,6.3487,
2006-10-27,10000,Primary Market,October-27-2006,27-10-2006,789,October-27-2013,Sales,10000,10.2500% - 16.0000%,12.74,Issue,FGN Bonds,12.7400%,7,0,41506,10000,12.7711,
2006-10-27,,OMO,October-27-2006,OMO/S/172/2006/35,790,December-01-2006,Sales,3500,4.8000%,4.8,Issue,NTB,4.8000%,35,4500,1000,1000,4.8221,
2006-10-27,,OMO,October-27-2006,OMO/S/172/2006/91,791,January-26-2007,Sales,10500,5.9900% - 6.4500%,6.25,Issue,NTB,5.9900% - 6.2500%,91,0,11500,10500,6.3487,
2006-10-30,,OMO,October-30-2006,OMO/S/173/2006/91,792,January-29-2007,Sales,1000,6.0000% - 6.2500%,6.25,Issue,NTB,6.0000% - 6.2500%,91,0,1000,1000,6.3487,
2006-10-31,,OMO,October-31-2006,OMO/S/174/2006/91,793,January-30-2007,Sales,2500,6.2500% - 6.5000%,6.25,Issue,NTB,6.2500%,91,6000,5000,3500,6.3487,
2006-11-01,,OMO,November-01-2006,OMO/S/175/2006/91,794,January-31-2007,Purchases,3000,6.2500% - 7.0000%,0,Issue,NTB,0,91,3000,500,0,0,
2006-11-01,10000,Primary Market,November-01-2006,01-11-2006,795,May-02-2007,Sales,0,5.0000% - 9.0000%,6.75,Issue,NTB,5.0000% - 6.7500%,182,0,15870.21,10000,6.9844,
2006-11-02,,OMO,November-02-2006,OMO/S/175/2006/35,796,December-07-2006,Purchases,0,4.7500% - 4.8000%,0,Issue,NTB,0,35,0,17200,0,0,
2006-11-02,10000,Primary Market,November-02-2006,02-11-2006,797,February-01-2007,Sales,0,4.9000% - 6.0000%,5.2,Issue,NTB,4.9000% - 5.2000%,91,10000,16499.33,10000,5.2681,
2006-11-08,10000,Primary Market,November-08-2006,8-11-2006/182,798,May-09-2007,Sales,2200,5.9990% - 9.1500%,6.25,Issue,NTB,5.9990% - 6.2500%,182,7800,15967,10000,6.4505,
2006-11-09,10000,Primary Market,November-09-2006,9/11/2006/91,799,February-08-2007,Sales,19,4.5000% - 5.2000%,5,Issue,NTB,4.5000% - 4.9980%,91,9981,14075,10000,5.0609,
2006-11-15,,OMO,November-15-2006,OMO/S/185/2006/91,800,February-14-2007,Sales,1500,5.7500% - 6.0000%,6,Issue,NTB,5.7500% - 6.0000%,91,0,1500,1500,6.0909,
2006-11-15,10000,Primary Market,November-15-2006,15-11-2006/182,801,May-16-2007,Sales,4445.23,5.9500% - 9.0000%,6.54,Issue,NTB,5.9500% - 6.5400%,182,5554.77,11143.31,10000,6.7598,
2006-11-16,10000,Primary Market,November-16-2006,16/11/2006/91,802,February-15-2007,Sales,1015.47,4.00% -5.48%,5.48,Issue,NTB,4.00% - 5.48%,91,8984.53,10000,10000,5.5557,
2006-11-20,,OMO,November-20-2006,OMO/S/182/2006/182,803,May-21-2007,Purchases,0,0,0,Issue,NTB,0,182,5000,0,0,0,
2006-11-21,,OMO,November-21-2006,OMO/S/189/2006/35,804,December-26-2006,Purchases,0,6.0000% - 6.2500%,0,Issue,NTB,0,35,10000,10000,0,0,
2006-11-22,10000,Primary Market,November-22-2006,22-11-2006/182,805,May-23-2007,Sales,594.7,6.0000% - 9.0000%,6.49,Issue,NTB,6.0000% - 6.4940%,182,10594.7,22275.49,10000,6.7107,
2006-11-23,10000,Primary Market,November-23-2006,22-11-2006/91,806,February-22-2007,Sales,0,4.0000% - 7.4990%,5.45,Issue,NTB,4.0000% - 5.4500%,91,10000,22021.96,10000,5.5249,
2006-11-24,10000,Primary Market,November-24-2006,24/11/2006/7YEARS,807,November-24-2013,Sales,10000,9.0000% - 14.0000%,10.98,Maginal,FGN Bonds,9.0000% - 10.9800%,7,0,43031.35,10000,11.0031,
2006-11-24,,OMO,November-24-2006,OMO/S/193/2006/35,808,December-29-2006,Purchases,6000,0,0,Issue,NTB,0,35,6000,0,0,0,
2006-11-24,,OMO,November-24-2006,OMO/S/193/2006/91,809,February-23-2007,Purchases,2000,0,0,Issue,NTB,0,91,2000,0,0,0,
2006-11-28,,OMO,November-28-2006,OMO/S/194/2006/35,810,January-02-2007,Sales,1000,4.2000% - 4.7000%,0,Issue,NTB,0,35,1000,8000,0,0,
2006-11-29,,OMO,November-29-2006,OMO/S/195/2006/35,811,January-03-2007,Purchases,3000,0,0,Issue,NTB,0,35,3000,0,0,0,
2006-11-29,10000,Primary Market,November-29-2006,29-11-2006/182,812,May-30-2007,Sales,4225.2,5.6990% - 9.0000%,6.15,Issue,NTB,5.6990% - 6.1500%,182,5774.8,22763.76,10000,6.344,
2006-11-30,,OMO,November-30-2006,OMO/S/196/2006/35,813,January-04-2007,Purchases,7000,0,0,Issue,NTB,0,35,7000,0,0,0,
2006-11-30,10000,Primary Market,November-30-2006,30-11-2006/91,814,March-01-2007,Sales,1101.89,4.5000% - 6.0000%,5.45,Issue,NTB,4.5000% - 5.4480%,91,8898.11,10000,10000,5.5228,
2006-12-06,10000,Primary Market,December-06-2006,6-12-2006/182,815,June-06-2007,Sales,64.11,5.98 - 9.00,6.1,Issue,NTB,5.98 - 6.10,182,9935.89,21000,10000,6.2908,
2006-12-07,10000,Primary Market,December-07-2006,7-12-2006/91,816,March-08-2007,Sales,0,4.95 - 10.50,5.5,Issue,NTB,4.95 - 5.50,91,10000,11550,10000,5.5763,
2006-12-08,,OMO,December-08-2006,OMO/S/202/2006/91,817,March-09-2007,Purchases,13000,0,0,Issue,NTB,0,91,13000,0,0,0,
2006-12-13,10000,Primary Market,December-13-2006,13-12-2006/182,818,June-13-2007,Sales,0,5.9900% - 9.7400%,9.74,Issue,NTB,5.9900% - 9.7400%,182,10000,10210,10000,10.2358,
2006-12-14,10000,Primary Market,December-14-2006,14-12-2006/91,819,March-15-2007,Sales,0,4.8500% - 9.1400%,7.4,Issue,NTB,4.8500% - 7.4000%,91,10000,11760,10000,7.5387,
2006-12-19,10000,Primary Market,December-19-2006,19-12-2006/182,820,June-19-2007,Sales,0,8.4900% - 12.0000%,9.74,Issue,NTB,8.4900% - 9.7400%,182,10000,21522.32,10000,10.2358,
2006-12-21,,OMO,December-21-2006,OMO/2006/35,821,January-25-2007,Purchases,2000,0,0,Issue,NTB,0,35,2000,0,0,0,
2006-12-21,10000,Primary Market,December-21-2006,21-12-2006/91,822,March-22-2007,Sales,0,6.0000% - 10.5000%,7.4,Issue,NTB,6.0000% - 7.4000%,91,10000,11004,10000,7.5387,
2006-12-22,10000,Primary Market,December-22-2006,22-12-2006/7YRS,823,December-22-2013,Sales,0,8.5000% - 16.0000%,11.99,Maginal,FGN Bonds,8.5000% - 11.9900%,7,0,28940,10000,12.0176,
2006-12-27,10000,Primary Market,December-27-2006,27/12/2006/182,824,June-27-2007,Sales,0,5.5000% - 10.7400%,9.99,Issue,NTB,5.5000% - 9.9900%,182,10000,12016,10000,10.5122,
2006-12-28,10000,Primary Market,December-28-2006,28/12/2006/91,825,March-29-2007,Sales,2175,6.0000% - 7.2500%,7.25,Issue,NTB,6.0000% - 7.2500%,91,10000,7825,7825,7.3831,
2007-01-04,,OMO,January-04-2007,OMO/S/01/2007/35,826,February-08-2007,Purchases,0,0,0,Issue,NTB,0,35,6318,0,0,0,
2007-01-04,10000,Primary Market,January-04-2007,04-01-2007/91,827,April-05-2007,Sales,0,6.50 - 7.40,7.4,Issue,NTB,6.50  - 7.40,91,10000,10000,10000,7.5387,
2007-01-04,10000,Primary Market,January-04-2007,04-01-2007/182,828,July-05-2007,Sales,0,6.1000% - 10.0000%,9,Issue,NTB,6.1000 - 9.0000,182,10000,12000,10000,9.4217,
2007-01-05,,OMO,January-05-2007,OMO/S/02/2007/35,829,February-09-2007,Purchases,0,0,0,Issue,NTB,0,35,0,10750,0,0,
2007-01-05,25000,Primary Market,January-05-2007,05-01-2007/364,830,January-04-2008,Sales,25000,9.50 - 13.00,10.15,Issue,NTB,9.50 - 10.15,364,0,77792,25000,11.2896,
2007-01-08,,OMO,January-08-2007,OMO/S/3/2007/35,831,February-12-2007,Purchases,-500,0,0,Issue,NTB,0,35,500,0,0,0,2nd Week
2007-01-09,,OMO,January-09-2007,OMO/S/4/2007,832,February-13-2007,Purchases,-1500,0,0,Issue,NTB,0,35,0,0,0,0,
2007-01-10,10000,Primary Market,January-10-2007,10-01-2007,833,July-11-2007,Sales,0,8.7000 - 9.5000,9,Issue,NTB,8.7000 - 9.0000,182,10000,13103,10000,9.4217,2nd Week
2007-01-11,,OMO,January-11-2007,OMO/S/6/2007/35,834,February-15-2007,Purchases,1000,0,0,Issue,NTB,0,35,1000,0,0,0,2nd Week
2007-01-11,10000,Primary Market,January-11-2007,11-01-2007-91,835,April-12-2007,Sales,0,6.0000 - 7.4000,7.25,Issue,NTB,6.0000 - 7.2500,91,10000,10858,10000,7.3831,
2007-01-12,,OMO,January-12-2007,OMO/S/7/2007,836,February-16-2007,Purchases,7000,0,0,Issue,NTB,0,35,7000,0,0,0,2nd Week
2007-01-15,,OMO,January-15-2007,OMO/S/7/200735,837,February-19-2007,Purchases,7500,0,0,Issue,NTB,0,35,7500,0,0,0,
2007-01-17,,OMO,January-17-2007,OMO/S/8/2007/35,838,February-21-2007,Purchases,3500,0,0,Issue,NTB,0,35,3500,0,0,0,3rd Week
2007-01-17,10000,Primary Market,January-17-2007,17-01-2007-182,839,July-18-2007,Purchases,0,8.2500 - 10.000,8.99,Issue,NTB,8.2500 - 8.9980,182,10000,30579,10000,9.4107,
2007-01-18,,OMO,January-18-2007,OMO/S/9/2007,840,February-22-2007,Purchases,3500,0,0,Issue,NTB,0,35,3500,0,0,0,
2007-01-18,10000,Primary Market,January-18-2007,18-01-2007/91,841,April-19-2007,Sales,0,6.8000 - 7.1500,6.8,Issue,NTB,6.8000 - 6.8000,91,10000,10301,10000,6.9169,
2007-01-19,,OMO,January-19-2007,OMO/S/10/2007,842,February-23-2007,Purchases,13500,0,0,Issue,NTB,0,35,13500,0,0,0,
2007-01-22,,OMO,January-22-2007,OMO/S/11/2007,843,February-26-2007,Purchases,14000,0,0,Issue,NTB,0,35,14000,0,0,0,4th Week
2007-01-24,10000,Primary Market,January-24-2007,24/01/2007,844,July-25-2007,Purchases,1875,5.5000 - 8.9000,8.64,Issue,NTB,5.5000 - 8.6400,182,11875,16486,10000,9.0279,
2007-01-25,0,OMO,January-25-2007,OMO/S/12/2007/35,845,March-01-2007,Purchases,6750,0,0,Issue,OMO,0,35,6750,0,0,0,1st Week
2007-01-26,40000,Primary Market,January-26-2007,26/1/2007,846,January-26-2010,Sales,40000,7.5000 - 18.0000,10.75,Issue,FGN Bonds,7.5000 - 10.7500,3,0,124857,40000,10.7595,
2007-01-26,,OMO,January-26-2007,OMO/S/14/2007/35,847,March-02-2007,Purchases,0,0,0,Issue,NTB,0,35,14000,0,0,0,
2007-01-31,,OMO,January-31-2007,OMO/S/15/2007,848,March-07-2007,Purchases,10000,0,0,Issue,NTB,0,35,10000,0,0,0,5th Week
2007-01-31,10000,Primary Market,January-31-2007,31/01/2007,849,August-01-2007,Purchases,0,8.0000 - 9.2400,8.35,Issue,NTB,8.0000 - 8.3500,182,10000,28798,10000,8.7117,
2007-02-01,,OMO,February-01-2007,1/2/2007,850,May-03-2007,Sales,3894,6.0000-8480,6.6,Issue,NTB,6.0000-6.6000,91,10000,7106,7106,6.7101,
2007-02-05,0,,February-05-2007,OMO/S/16/2007,851,March-12-2007,Purchases,3000,0,0,Stop,NTB,0,35,3000,0,0,0,
2007-02-05,15000,Primary Market,February-05-2007,2/2/2007,852,February-04-2008,Purchases,10000,8.1700-9.9980,9.01,Issue,NTB,8.1700 - 9.010,364,25000,112217,15000,9.8968,
2007-02-07,,OMO,February-07-2007,OMO/S/17/2007,853,March-14-2007,Purchases,9000,0,0,Issue,NTB,0,35,9000,0,0,0,
2007-02-07,10000,Primary Market,February-07-2007,07/02/2007,854,August-08-2007,Purchases,0,7.0000  -  11.4950,8,Issue,NTB,7.0000 - 7.9990,182,10000,28600,10000,8.3304,
2007-02-08,,OMO,February-08-2007,OMO/S/18/2007,855,March-15-2007,Purchases,0,0,0,Issue,NTB,0,35,0,0,0,0,
2007-02-08,10000,Primary Market,February-08-2007,08/02/2007,856,May-10-2007,Purchases,0,5.9000  -  9.0000,7,Issue,NTB,5.9000  - 7.0000,91,10000,12130,10000,7.124,
2007-02-09,,OMO,February-09-2007,OMO/S/19/2007,857,March-16-2007,Purchases,3000,0,0,Issue,NTB,0,35,3000,0,0,0,
2007-02-14,10000,Primary Market,February-14-2007,15/02/2007,858,August-15-2007,Purchases,0,7.0000  - 8.4500,7.85,Issue,NTB,7.0000 - 78500,182,10000,17808,10000,8.1689,
2007-02-15,10000,Primary Market,February-15-2007,15/02/2007,859,May-17-2007,Purchases,0,6.5000  -  8.49000,7,Issue,NTB,6.5000  -  7.0000,91,10000,14113,10000,7.124,
2007-02-16,,OMO,February-16-2007,OMO/MMI/27/01/07,860,March-15-2007,Sales,10000,6.5000 - 7.5000,7.22,Issue,NTB,6.50000 - 7.2200,27,0,14500,10000,7.2587,
2007-02-16,,OMO,February-16-2007,OMO/MMI/90/01/07,861,May-17-2007,Sales,10000,7.0000  - 8.0000,7.48,Issue,NTB,7.0000  - 7.4800,90,10000,13500,10000,7.6202,
2007-02-21,,OMO,February-21-2007,OMO/S/20/2007,862,March-28-2007,Purchases,4000,0,0,Issue,NTB,0,35,4000,0,0,0,
2007-02-21,,Primary Market,February-21-2007,21/02/2007,863,August-22-2007,Sales,0,7.0000 - 7.7701,7.77,Issue,NTB,7.77,182,10000,32075.47,10000,8.0824,
2007-02-22,10000,Primary Market,February-22-2007,22/02/2007,864,May-24-2007,Sales,0,6.0000  -  7.5000,7.25,Issue,NTB,6.0000 - 7.2500,91,10000,10518.87,10000,7.3831,
2007-02-23,35000,Primary Market,February-23-2007,23/02/2007,865,February-23-2012,Sales,35000,8.0000  -  13.0000,9.5,Issue,FGN Bonds,8.0000  -  9.5000,5,0,99800,35000,9.5123,
2007-02-23,,OMO,February-23-2007,OMO/MMI/27/02/2007,866,March-22-2007,Sales,20000,7.0500 - 7.3700,7.2,Issue,NTB,7.0500  -  7.2000,27,0,27250,20000,7.2384,
2007-02-23,,OMO,February-23-2007,OMO/MMI/55/02/2007,867,April-19-2007,Purchases,10250,7.1000  -  7.8000,7.21,Issue,NTB,7.1000  - 7.2100,55,20250,13000,10000,7.289,
2007-02-26,,OMO,February-26-2007,OMO/S/22/07,868,April-02-2007,Purchases,6500,0,0,Issue,NTB,0,35,6500,0,0,0,
2007-02-28,10000,Primary Market,February-28-2007,28/02/20007,869,August-29-2007,Sales,1909.14,7.3750 - 8.0000,7.51,Issue,NTB,7.3750 - 7.5100,182,8090,15410,10000,7.8013,
2007-03-01,10000,Primary Market,March-01-2007,01/03/2007,870,May-31-2007,Sales,0,6.2500  -  8.0000,7,Issue,NTB,6.2500  - 7.0000,91,10000,13515.64,10000,7.124,
2007-03-02,,OMO,March-02-2007,OMO/MMI/27/03/07,871,March-29-2007,Sales,5000,7.1500  - 7.3500,7.17,Issue,NTB,7.1500 - 7.1700,27,15000,30000,30000,7.2081,
2007-03-02,,OMO,March-02-2007,OMO/MMI/55/03/07,872,April-26-2007,Purchases,0,7.1700  -  7.2500,7.25,Issue,NTB,7.1700 - 7.2500,55,0,10000,10000,7.3299,
2007-03-02,15000,Primary Market,March-02-2007,02/03/2007,873,February-29-2008,Sales,0,7.4800  -  8.8400,8,Issue,NTB,7.4800  -  8.0000,364,15000,76868,15000,8.6915,
2007-03-05,,OMO,March-05-2007,OMO/S/24/2007,874,April-09-2007,Purchases,750,0,0,Issue,NTB,0,35,750,0,0,0,
2007-03-07,,Primary Market,March-07-2007,07/03/2007,875,September-05-2007,Purchases,0,7.0000  -  7.7500,7.24,Issue,NTB,7.0000 - 7.2400,182,10000,34155,10000,7.5104,
2007-03-08,,Primary Market,March-08-2007,08/03/2007,876,June-07-2007,Purchases,0,6.0000  -  7.1000,6.9,Issue,NTB,6.0000 - 6.9000,91,10000,11508.83,10000,7.0204,
2007-03-14,10000,Primary Market,March-14-2007,14/03/2007,877,September-12-2007,Purchases,0,6.7500  -  7.5000,7.1,Issue,NTB,6.75000  -  7.1000,182,10000,36202,10000,7.3598,
2007-03-15,10000,Primary Market,March-15-2007,15/03/2007,878,June-14-2007,Purchases,0,6.2500  -  7.0000,6.75,Issue,NTB,6.2500  -  6.7500,91,10000,20958.86,10000,6.8652,
2007-03-21,15000,Primary Market,March-21-2007,21-03-2007/182,879,September-19-2007,Sales,5000,6.4990% - 7.2500%,6.9,Issue,NTB,6.4990% - 6.9000%,182,10000,46495.31,15000,7.1452,
2007-03-22,10000,Primary Market,March-22-2007,22-03-2007/91,880,June-21-2007,Sales,0,5.9000% - 7.0000%,6.3,Issue,NTB,5.9000% - 6.3000%,91,10000,27779.62,10000,6.4003,
2007-03-23,,OMO,March-23-2007,OMO/S/162/90/2007,881,June-21-2007,Sales,36151.66,5.9000% - 10.0000%,7.25,Issue,NTB,5.9000% - 7.2500%,90,0,50351.66,36152,7.3816,
2007-03-23,,OMO,March-23-2007,OMO/S/161/181/2007,882,September-20-2007,Sales,51000,6.3000% - 7.9998%,7.5,Issue,NTB,6.3000% - 7.5000%,181,0,53000,51000,7.7889,
2007-03-29,10000,Primary Market,March-29-2007,29-03-07/91,883,June-28-2007,Sales,12000,5.9999% - 7.2250%,7.22,Issue,NTB,5.9999% - 7.2200%,91,10000,22612.86,22000,7.352,
2007-03-29,10000,Primary Market,March-29-2007,29-03-07/182,884,September-27-2007,Sales,16000,6.40000% -7.5000%,7.45,Issue,NTB,6.40000% 7.4500%,182,10000,26636.47,26000,7.7366,
2007-03-30,35000,Primary Market,March-30-2007,30-03-07,885,March-30-2014,Sales,35000,7.0000% - 13.0000%,10.75,Maginal,FGN Bonds,7.0000% - 10.75000%,7,0,49084.17,35000,10.7721,
2007-03-30,,OMO,March-30-2007,90/OMO.2007/000164,886,June-28-2007,Sales,42200,7.0700% - 12.0000%,7.5,Issue,NTB,7.0700% - 7.5000%,90,0,38050,42200,7.6409,
2007-03-30,,OMO,March-30-2007,OMO/MM1.2007/000163/,887,September-27-2007,Sales,57800,7.3100% - 12.50000%,7.7,Issue,NTB,7.3100% - 7.7000%,181,0,55050,57800,8.0048,
2007-04-12,10000,Primary Market,April-12-2007,12-04-2007/91,888,July-12-2007,Sales,10000,6.0000% - 9.0000%,7.2,Issue,NTB,6.0000% - 7.2000%,91,0,13104.26,10000,7.3312,
2007-04-12,10000,Primary Market,April-12-2007,12-04-2007/182,889,October-11-2007,Sales,11557.57,7.7500% - 10.0000%,7.75,Issue,NTB,7.7500% - 7.7500%,182,0,16557.67,11558,8.0606,
2007-04-12,15000,Primary Market,April-12-2007,12-04-07/364,890,April-10-2008,Sales,10000,7.9000% - 12.0000%,8.5,Issue,NTB,7.9000%  - 8.5000%,364,25000,45170.66,15000,9.2849,
2007-04-17,,OMO,April-17-2007,OMO/S/2007/174,891,May-10-2007,Sales,4500,7.2000% - 7.6000%,7.45,Issue,NTB,7.2000% - 7.4500%,23,0,5500,45000,7.485,
2007-04-17,,OMO,April-17-2007,OMO/S/2007/173,892,May-17-2007,Sales,26000,7.2500% - 7.7500%,7.5,Issue,NTB,7.2500% - 7.5000%,30,10000,5500,4000,7.5464,
2007-04-19,10000,Primary Market,April-19-2007,19-04-2007/91,893,July-19-2007,Sales,0,6.7500% - 9.0000%,7.25,Issue,NTB,6.7500% - 7.2500%,91,10000,14489.61,10000,7.3831,
2007-04-19,10000,Primary Market,April-19-2007,19-04-2007/182,894,October-18-2007,Sales,0,7.2000% - 10.0000%,7.75,Issue,NTB,7.2000% - 7.7499%,182,10000,17602.43,10000,8.0605,
2007-04-26,,OMO,April-26-2007,OMO/S/177/2007/182,895,October-25-2007,Sales,3650,7.5000 - 11.0000,8.2,Issue,NT Bonds,7.5000 - 8.2000,182,10000,12175,6350,8.5486,
2007-04-26,,OMO,April-26-2007,OMO/S/178/2007/91,896,July-26-2007,Sales,3500,7.1500 - 10.0000,7.25,Issue,NTB,7.1500 - 7.2500,91,0,11350,3500,7.3831,
2007-04-26,30000,Primary Market,April-26-2007,26 -04- 2007/182,897,October-25-2007,Sales,17799.68,7.3000 - 11.0000,8.1,Issue,NTB,7.3000 - 8.0999,182,10000,34562.27,29800,8.4398,
2007-04-27,65000,Primary Market,April-27-2007,27-04-2007/3YRS,898,April-27-2010,Sales,65000,7.9500 - 11.1000,9,Maginal,NTB,9,3,0,172358.13,65000,9.0066,
2007-05-03,10000,Primary Market,May-03-2007,03-05-2007/91,899,August-02-2007,Sales,0,6.7500%  - 7.5000%,7.25,Issue,NTB,6.7500% - 7.2500%,91,10000,11143.75,10000,7.3831,
2007-05-03,10000,Primary Market,May-03-2007,03-05-2007/182,900,November-01-2007,Sales,0,6.7500% - 11.0000%,8.06,Issue,NTB,6.7500% - 8.0600%,182,10000,10000,10000,8.3965,
2007-05-04,0,Primary Market,May-04-2007,04-05-2007/364,901,May-02-2008,Purchases,0,0,0,Issue,NTB,0,364,25000,0,0,0,
2007-05-10,10000,Primary Market,May-10-2007,10-05-07/91,902,August-09-2007,Sales,,6.7500 - 10.0000,7.25,Issue,NTB,6.7500 - 7.2500,91,10000,18311.42,10107,7.3831,
2007-05-10,10000,Primary Market,May-10-2007,10-05-07/182,903,November-08-2007,Sales,15000,7.0000 - 11.0000,8.06,Issue,NTB,7.0000 - 8.0600,182,10000,33708.58,25000,8.3965,
2007-05-10,15000,Primary Market,May-10-2007,10-05-07/364,904,May-08-2008,Sales,79000,7.2500 - 11.0000,8.5,Issue,NTB,7.2500 - 8.5000,364,0,93804.18,79000,9.2849,
2007-05-11,,OMO,May-11-2007,OMO/S/179/2007/24,905,June-04-2007,Sales,15000,7.0500 - 8.2500,7.2,Issue,NTB,7.0500 - 7.2000,24,15000,12350,30000,7.2342,
2007-05-11,,OMO,May-11-2007,OMO/S/180/2007/34,906,June-14-2007,Sales,30000,7.1090 - 8.0000,7.22,Issue,NTB,7.1090 - 7.2200,34,0,22500,30000,7.2688,
2007-05-11,,OMO,May-11-2007,OMO/S/181/2007/55,907,July-05-2007,,40000,7.0990 - 8.5000,7.25,Issue,NTB,7.0990 - 7.2490,55,0,27500,40000,7.3288,
2007-05-17,10000,Primary Market,May-17-2007,17/05/2007/91,908,August-16-2007,Sales,0,6.7500 - 8.0000,7.2,Issue,NTB,6.7500 - 7.2000,91,10000,21201.07,10000,7.3312,
2007-05-17,10000,Primary Market,May-17-2007,17/05/2007/182,909,November-15-2007,Purchases,0,7.7500  - 8.5000,7.99,Issue,NTB,7.7500 - 7.9900,182,10000,35139.41,10000,8.3206,
2007-05-24,10000,Primary Market,May-24-2007,24/05/07/91,910,August-23-2007,Sales,0,6.7500 - 8.0000,7.15,Issue,NTB,6.7500 - 7.1450,91,10000,17865.3,10000,7.2742,
2007-05-24,10000,Primary Market,May-24-2007,24/05/2007/182,911,November-22-2007,Sales,0,7.4980 - 8.4900,7.8,Issue,NTB,7.4980 - 7.7999,182,10000,33980.2,10000,8.1146,
2007-05-25,50000,Primary Market,May-25-2007,25/05/07/5YRS,912,May-25-2012,Sales,50000,8.0100 - 11.0000,9.23,Maginal,NT Bonds,9.23,5,0,105362.23,50000,9.2417,
2007-05-25,,OMO,May-25-2007,OMO/MMI/27/11/07,913,June-21-2007,Sales,6350,7.12,7.12,Issue,NTB,7.12,27,6400,0.05,0,7.1576,
2007-06-01,,OMO,June-01-2007,OMO/MMI/34/12/07,914,July-05-2007,Sales,4000,7.3000 - 7.3500,7.35,Issue,NTB,7.35,34,0,4000,4000,7.4005,
2007-06-01,,OMO,June-01-2007,OMO/MMI/41/12/07,915,July-12-2007,Sales,4000,7.0900 - 7.2500,7.25,Issue,NTB,7.0900 - 7.2500,41,0,4000,4000,7.3094,
2007-06-01,,OMO,June-01-2007,OMO/MMI/48/12/07,916,July-19-2007,Sales,1050,7.1500 - 7.3000,7.3,Issue,NTB,7.1500 - 7.3000,48,5050,4000,6000,7.3706,
2007-06-07,10000,Primary Market,June-07-2007,7/6/2007/91,917,September-06-2007,Sales,0,6.7500 - 7.9999,7,Issue,NTB,6.7500 - 7.0000,91,10000,26462.72,10000,7.124,
2007-06-07,10000,Primary Market,June-07-2007,7/6/2007/182,918,December-06-2007,Sales,0,7.1000 - 9.0000,7.25,Issue,NTB,7.1000 - 7.2500,182,10000,42291.29,10000,7.5212,
2007-06-07,15000,Primary Market,June-07-2007,7/6/2007/364,919,June-05-2008,Sales,0,7.4900 - 10.0000,7.79,Issue,NTB,7.4900 - 7.7900,364,15000,138699.28,15000,8.4442,
2007-06-12,,OMO,June-12-2007,OMO.2007/000193,920,August-01-2007,Sales,11000,6.3000% - 7.7500%,6.5,Issue,NTB,6.3000% -,50,0,11500,11000,6.5582,
2007-06-12,,OMO,June-12-2007,OMO.2007-000194,921,August-09-2007,Sales,8000,6.2500% - 7.7500%,6.5,Issue,NTB,6.2500% - 6.500%,58,0,8000,8000,6.5677,
2007-06-13,,OMO,June-13-2007,OMO.2007/000195,922,August-04-2007,Sales,12000,6.4500% - 7.7500%,6.8,Issue,NTB,6.4500% - 6.800%,52,0,12000,12000,6.8663,
2007-06-13,,OMO,June-13-2007,OMO.2007-000196,923,August-09-2007,Sales,12000,6.4500% - 7.7500%,6.6,Issue,NTB,6.4500% - 6.6000%,57,0,12000,12000,6.6685,
2007-06-14,,OMO,June-14-2007,OMO.2007-000199,924,August-09-2007,Sales,17305,6.5900% - 8.0000%,6.93,Issue,NTB,6.5900% - 6.9250%,56,14695,32000,32000,6.9992,
2007-06-14,,OMO,June-14-2007,OMO.2007-000200,925,August-16-2007,Sales,19450,6.5900% - 8.0000%,6.95,Issue,NTB,6.5900% - 6.9500%,63,550,20000,20000,7.0342,
2007-06-14,10000,Primary Market,June-14-2007,14/06/07/91,926,September-13-2007,Sales,0,5.6000% - 7.0850%,6.2,Issue,NTB,5.6000% - 6.2000%,91,10000,24306,10000,6.2971,
2007-06-14,10000,Primary Market,June-14-2007,14/06/07/182,927,December-13-2007,Sales,0,5.7500% - 7.5900%,6.29,Issue,NTB,5.7500% - 6.2900%,182,10000,52892.9,10000,6.4931,
2007-06-15,,OMO,June-15-2007,OMO.2007-000201,928,August-09-2007,Sales,10500,5.7000% - 7.1000%,6.49,Issue,NTB,5.7000%- 6.4900%,55,0,17900,10500,6.5539,
2007-06-15,,OMO,June-15-2007,OMO.2007-000202,929,August-16-2007,Sales,11500,5.8990% - 7.2400%,6.5,Issue,NTB,5.8990% - 6.5000%,62,0,20100,11500,6.5724,
2007-06-19,,OMO,June-19-2007,OMO.2007-000202A,930,August-09-2007,Sales,4000,6.4000% - 7.3000%,6.5,Issue,NTB,6.5000%,51,0,0,4000,6.5594,
2007-06-19,,OMO,June-19-2007,OMO.2007-000201A,931,August-16-2007,Sales,3169,6.4000% - 7.3000%,6.45,Issue,NTB,6.4000% - 6.4500%,58,6831,0,10000,6.5166,
2007-06-21,10000,Primary Market,June-21-2007,21/06/07/91,932,September-20-2007,Sales,0,5.50000% - 6.2500%,6.18,Issue,NTB,5.5000% - 6.1800%,91,10000,14783.69,10000,6.2764,
2007-06-21,10000,Primary Market,June-21-2007,21/06/07/182,933,December-20-2007,Sales,0,5.7990% - 7.5000%,6.29,Maginal,NTB,5.7990% - 6.2900%,182,10000,28645.95,10000,6.4931,
2007-06-26,,OMO,June-26-2007,OMO.2007-000203/58,934,August-23-2007,Sales,23500,6.4500% - 6.7800%,6.78,Issue,NTB,6.4500% - 6.7800%,58,17500,41000,41000,6.8536,
2007-06-26,,OMO,June-26-2007,OMO.2007-000204/65,935,August-30-2007,Sales,10000,6.5500%,6.55,Issue,NTB,6.5500%,65,0,10000,10000,6.6271,
2007-06-27,,OMO,June-27-2007,OMO.2007-000205/64,936,August-30-2007,Sales,495.22,6.7000% - 7.0000%,7,Issue,NTB,6.7000% - 7.0000%,64,23495.22,23000,23000,7.0867,
2007-06-27,,OMO,June-27-2007,OMO.2007-000206/71,937,September-06-2007,Sales,21000,6.6000% - 6.8000%,6.8,Issue,NTB,6.6000% - 6.8000%,71,0,21000,21000,6.8909,
2007-06-28,,OMO,June-28-2007,OMO2007-000211,938,September-13-2007,Sales,21000,6.8000% - 7.5000%,7.5,Issue,NTB,6.8000% - 7.5000%,77,0,21000,21000,7.6202,
2007-06-28,,OMO,June-28-2007,OMO2007-000213,939,September-20-2007,Sales,18000,6.8500% - 7.5000%,7.5,Issue,NTB,6.8500% - 7.5000%,84,0,18000,18000,7.6314,
2007-06-28,10000,Primary Market,June-28-2007,28/6/07/91,940,September-27-2007,Sales,0,5.7000% - 6.3500%,6.1,Issue,NTB,5.7000% - 6.1000%,91,10000,11255.63,10000,6.1939,
2007-06-28,,OMO,June-28-2007,OMO2007-000212,941,October-11-2007,Sales,4800,6.8500% - 7.7500%,7.75,Issue,NTB,6.8500% - 7.7500%,105,42200,47000,47000,7.9262,
2007-06-28,,OMO,June-28-2007,OMO2007-000214,942,December-06-2007,Sales,1593.37,7.0000% - 8.0000%,8,Issue,NTB,7.0000% - 8.0000%,161,25593.37,24000,24000,8.2918,
2007-06-28,10000,Primary Market,June-28-2007,28/6/07/182,943,December-27-2007,Sales,0,5.8900% - 6.9900%,6.2,Issue,NTB,5.8900% - 6.2000%,182,10000,20259.65,10000,6.3972,
2007-06-29,,OMO,June-29-2007,OMO2007-000218/125,944,November-01-2007,Sales,16000,7.5500% - 10.0000%,8,Issue,NTB,7.5500% - 8.0000%,125,0,16000,16000,8.2247,
2007-06-29,0,OMO,June-29-2007,OMO2007-000219/146,945,November-22-2007,Sales,19000,7.7500% - 8.0000%,8,Issue,OMO,7.7500% - 8.0000%,146,0,19000,19000,8.2637,4th Week
2007-06-29,0,OMO,June-29-2007,OMO2007-000217/167,946,December-13-2007,Sales,26055.77,7.0500% - 8.0000%,8,Issue,OMO,7.0500% - 8.0000%,167,22944.23,49000,49000,8.3031,3rd Week
2007-06-29,0,OMO,June-29-2007,OMO.2007-000216/174,947,December-20-2007,Sales,27000,7.1000% - 8.0000%,8,Issue,OMO,7.1000% - 8.0000%,174,0,27000,27000,8.3163,4th Week
2007-07-12,10000,Primary Market,July-12-2007,12/07/2007/91,948,October-11-2007,Sales,0,5.8000% - 6.2500%,6,Issue,NTB,5.8000% - 6.0000%,91,10000,15759.68,10000,6.0909,
2007-07-12,10000,Primary Market,July-12-2007,12/07/2007/182,949,January-10-2008,Sales,0,5.9900% - 12.0000%,6.21,Issue,NTB,5.9900% - 6.2100%,182,10000,13215.04,10000,6.4079,
2007-07-19,10000,Primary Market,July-19-2007,19/07/2007/91,950,October-18-2007,Sales,0,5.8990%  - 6.2000%,6.12,Issue,NTB,5.8990% - 6.1200%,91,10000,10550,10000,6.2146,
2007-07-19,10000,Primary Market,July-19-2007,19/7/2007/182,951,January-17-2008,Sales,0,6.0000%- 6.3000%,6.21,Issue,NTB,6.0000% - 6.2090%,182,10000,14134,10000,6.4068,
2007-07-24,,OMO,July-24-2007,OMO.2007.000.222/44,952,September-06-2007,Sales,15000,6.7000% - 8.5000%,8.5,Issue,NTB,6.7000% - 8.5000%,44,0,15000,15000,8.5878,
2007-07-24,,OMO,July-24-2007,OMO.2007.000.223/86,953,October-18-2007,Sales,22000,6.7000% - 8.5000%,8.5,Issue,NTB,6.7000% - 8.5000%,86,0,22000,22000,8.6732,
2007-07-25,,OMO,July-25-2007,OMO.2007.000.224/22,954,August-16-2007,Sales,2000,6.5000% - 8.5000%,6.5,Issue,NTB,6.5000%,22,0,2000,2000,6.5255,
2007-07-25,,OMO,July-25-2007,OMO.2007.000.226/43,955,September-06-2007,Sales,2000,6.30000% - 8.5000%,6.3,Issue,NTB,6.3000%,43,0,2000,2000,6.347,
2007-07-26,10000,Primary Market,July-26-2007,26/07/2007/91,956,October-25-2007,Sales,0,5.7500% - 6.2000%,6.05,Issue,NTB,5.7500% - 6.0500%,91,10000,13307.31,10000,6.1424,
2007-07-26,10000,Primary Market,July-26-2007,26/07/2007/182,957,January-24-2008,Sales,0,6.0500% - 6.3000%,6.12,Issue,NTB,6.0500% - 6.1150%,182,10000,13633.7,10000,6.3068,
2007-07-27,36000,Primary Market,July-27-2007,27/07/2007/3YRS,958,July-27-2010,Sales,36000,6.5000% - 10.0000%,7.8,Maginal,FGN Bonds,7.9500%,3,0,72040,36000,7.8,
2007-07-27,20000,Primary Market,July-27-2007,27/07/2007/10YRS,959,July-27-2017,Sales,20000,9.0000% - 14.5000%,9.85,Maginal,FGN Bonds,9.8500%,10,0,35260,20000,9.8766,
2007-07-27,,OMO,July-27-2007,OMO.2007.000.226/20,960,August-16-2007,Sales,12340,6.4500% - 10.0000%,6.45,Issue,NTB,6.4500%,20,14340,2000,2000,6.4728,
2007-07-27,,OMO,July-27-2007,OMO.2007.000.227/41,961,September-06-2007,Sales,5000,6.9000% - 10.0000%,6.9,Issue,NTB,6.9000%,41,0,5000,5000,6.9537,
2007-07-27,,OMO,July-27-2007,OMO.2007.000.228/83,962,October-18-2007,Sales,17000,6.6000% - 10.0000%,7,Issue,NTB,6.6000% - 7.0000%,83,0,17000,17000,7.1129,
2007-08-09,10000,Primary Market,August-09-2007,09/08/2007/91,963,November-08-2007,Sales,0,5.7000% - 6.1000%,6.1,Issue,NTB,5.7000% - 6.1000%,91,10000,10349.42,10000,6.1939,
2007-08-09,10000,Primary Market,August-09-2007,09/08/2007/182,964,February-07-2008,Sales,0,5.8990% - 6.1400%,6.11,Issue,NTB,5.8990% - 6.1100%,182,10000,11233,10000,6.3015,
2007-08-09,25000,Primary Market,August-09-2007,09/08/2007/364,965,August-07-2008,Sales,25000,5.9000% - 8.0000%,7.3,Issue,NTB,5.9000% - 7.3000%,364,0,65857.76,25000,7.8715,
2007-08-14,,OMO,August-14-2007,OMO.2007-000/254,966,November-22-2007,Sales,6000,7.0500% - 7.4900%,7.16,Issue,NTB,7.0500% 7.1600%,100,0,6000,6000,7.3029,
2007-08-15,,OMO,August-15-2007,OMO.2007-000/255,967,November-15-2007,Sales,9000,7.1500% - 7.4000%,7.2,Issue,NTB,7.1500% - 7.2000%,92,0,9000,9000,7.3327,
2007-08-15,,OMO,August-15-2007,OMO.2007-000/256,968,November-22-2007,Sales,6000,7.1500% - 7.3300%,7.15,Issue,NTB,7.1500%,99,0,6000,6000,7.291,
2007-08-16,10000,Primary Market,August-16-2007,16/08/2007/91,969,November-15-2007,Sales,0,5.8990% - 6.4800%,6.11,Issue,NTB,5.8990% - 6.1100%,91,10000,10545.39,10000,6.2043,
2007-08-16,10000,Primary Market,August-16-2007,16/08/2007/182,970,February-14-2008,Sales,0,5.8990% - 7.7000%,6.2,Issue,NTB,5.8990% - 6.2000%,182,10000,13564.09,10000,6.3972,
2007-08-17,,OMO,August-17-2007,OMO.2007-000/257,971,October-04-2007,Sales,8000,7.000%,7,Issue,NTB,7.0000%,48,10000,2000,2000,7.0649,
2007-08-17,,OMO,August-17-2007,OMO.2007-000/258,972,November-01-2007,Sales,2000,7.0000%,7,Issue,NTB,7.0000%,76,0,2000,2000,7.1032,
2007-08-17,,OMO,August-17-2007,OMO.2007-000/259,973,November-22-2007,Sales,8000,7.1500% - 7.4500%,7.2,Issue,NTB,7.1500% - 7.2000%,97,0,8000,8000,7.3401,
2007-08-17,,OMO,August-17-2007,OMO.2007-000/260,974,November-29-2007,Sales,8000,7.0700% - 7.4900%,7.2,Issue,NTB,7.0700% - 7.2000%,104,0,8000,8000,7.3504,
2007-08-17,,OMO,August-17-2007,OMO.2007-000/261,975,December-13-2007,Sales,2000,7.1900%,7.19,Issue,NTB,7.1900%,118,0,2000,2000,7.3606,
2007-08-17,,OMO,August-17-2007,OMO.2007-000/262,976,December-20-2007,Sales,6000,7.1500% - 7.2000%,7.2,Issue,NTB,7.1500% - 7.2000%,125,0,6000,6000,7.3815,
2007-08-21,,OMO,August-21-2007,OMO.2007-000264,977,November-22-2007,Sales,6000,7.1500% - 7.4500%,7.2,Issue,NTB,7.1500% - 7.2000%,93,0,6000,6000,7.3342,
2007-08-22,,OMO,August-22-2007,OMO.2007-000265,978,November-29-2007,Sales,4000,6.9800% - 7.4000%,7.02,Issue,NTB,6.9800% - 7.4000%,99,0,4000,4000,7.1559,
2007-08-23,10000,Primary Market,August-23-2007,22/8/07/91,979,November-22-2007,Sales,0,5.8990% - 7.1000%,6.11,Issue,NTB,5.8990% - 6.1100%,91,10000,10868.23,10000,6.2043,
2007-08-23,10000,Primary Market,August-23-2007,23/8/07/182,980,February-21-2008,Sales,0,5.8990% - 6.7500%,6.15,Issue,NTB,5.8990% - 6.1500%,182,10000,12731.17,10000,6.344,
2007-08-24,,OMO,August-24-2007,OMO.2007-000269,981,November-22-2007,Sales,6000,7.000% 7.4000%,7.1,Issue,NTB,7.000% - 7.1000%,90,0,6000,6000,7.2262,
2007-08-24,,OMO,August-24-2007,OMO.2007-000270,982,November-29-2007,Sales,15000,7.000% - 7.4000%,7.15,Issue,NTB,7.0000% - 7.1500%,97,0,15000,15000,7.2881,
2007-08-28,,OMO,August-28-2007,OMO.2007-000273/79,983,November-15-2007,Sales,2000,6.9500%,6.95,Issue,NTB,6.9500%,79,0,2000,2000,7.0558,
2007-08-28,,OMO,August-28-2007,OMO.2007-000274/100,984,December-06-2007,Sales,2000,7.0000%,7,Issue,NTB,7.0000%,100,0,2000,2000,7.1365,
2007-08-29,,OMO,August-29-2007,OMO.2007-000275/99,985,December-06-2007,Sales,11000,7.0000% - 7.1500%,7.15,Issue,NTB,7.0000% - 7.1500%,99,0,11000,11000,7.291,
2007-08-29,,OMO,August-29-2007,OMO.2007-000276/106,986,December-13-2007,Sales,7000,7.0000% - 7.1500%,7.15,Issue,NTB,7.0000% - 7.1500%,106,0,7000,7000,7.3012,
2007-08-30,10000,Primary Market,August-30-2007,30-08-2007/91,987,November-29-2007,Sales,10000,5.9000% - 6.0000%,6,Issue,NTB,6.0000%,91,10000,5000.27,10000,6.0909,
2007-08-30,10000,Primary Market,August-30-2007,30-08-2007/182,988,February-28-2008,Sales,0,6.0000% - 6.2000%,6.2,Issue,NTB,6.0000% - 6.20000%,182,10000,8526.42,10000,6.3972,
2007-08-31,46000,Primary Market,August-31-2007,31-08-2007 5YRS FGN,989,August-31-2012,Sales,46000,7.0000% - 12.0000%,9.5,Maginal,FGN Bonds,9.5000%,5,0,48250,46000,9.5123,
2007-08-31,20000,Primary Market,August-31-2007,31-08-07 /10YRS FGN,990,August-31-2017,Sales,20000,7.9900% - 10.9600%,9.35,Maginal,FGN Bonds,7.9900% - 9.3500%,10,0,40610,20000,9.3739,
2007-09-04,,OMO,September-04-2007,OMO.2007-000280/93,991,December-06-2007,Sales,6000,7.1500% - 7.4500%,7.2,Issue,NTB,7.1500% - 7.2000%,93,0,6000,6000,7.3342,
2007-09-04,,OMO,September-04-2007,OMO.2007-000281/149,992,January-31-2008,Sales,15000,7.1500% - 7.4500%,7.2,Issue,NTB,7.1500% - 7.2000%,149,0,15000,15000,7.4174,
2007-09-05,,OMO,September-05-2007,OMO.2007-000282/79,993,November-23-2007,Sales,2000,7.1000% - 7.4000%,7.1,Issue,NTB,7.1000%,79,0,2000,2000,7.2105,
2007-09-06,10000,Primary Market,September-06-2007,6-9-2007/91,994,December-06-2007,Sales,0,5.7500% - 6.1000%,6.1,Issue,NTB,5.7500% - 6.1000%,91,10000,5640.83,10000,6.1939,
2007-09-06,10000,Primary Market,September-06-2007,6-9-2007/182,995,March-06-2008,Sales,0,6.2000% - 6.9500%,6.25,Issue,NTB,6.2000% - 6.2500%,182,10000,7747.92,10000,6.4505,
2007-09-06,43988.65,Primary Market,September-06-2007,6-9-2007/364,996,September-04-2008,Sales,43988.65,7.1000% - 8.1300%,8.13,Issue,NTB,7.1000% - 8.1300%,364,0,43988.65,43989,8.8452,
2007-09-07,,OMO,September-07-2007,OMO.2007-000283/47,997,October-24-2007,Sales,35000,7.0000% - 7.3500%,7,Issue,NTB,7.0000%,47,0,35000,35000,7.0635,
2007-09-14,10000,Primary Market,September-14-2007,13-09-2007/91,998,December-14-2007,Sales,0,5.8500% - 6.0000%,6,Issue,NTB,5.8500% - 6.0000%,91,10000,10000,10000,6.0909,
2007-09-19,,OMO,September-19-2007,OMO.2007-000288/134,999,January-31-2008,Sales,25000,6.95000% - 7.0000%,7,Issue,NTB,6.9500% - 7.0000%,134,0,25000,25000,7.1841,
2007-09-20,10000,Primary Market,September-20-2007,20-09-07/91,1000,December-20-2007,Sales,0,5.7000% - 6.5000%,6.5,Issue,NTB,5.7000% - 6.5000%,91,10000,3576.13,10000,6.6068,
2007-09-21,,OMO,September-21-2007,OMO.2007-000289/69,1001,November-29-2007,Sales,7000,6.5000% - 7.3000%,6.9,Issue,NTB,6.5000% - 6.9000%,69,0,7000,7000,6.9909,
2007-09-21,,OMO,September-21-2007,OMO.2007-000290/132,1002,January-31-2008,Sales,50000,6.8500% - 7.4500%,6.9,Issue,NTB,6.8500% - 6.9000%,132,0,50000,50000,7.0761,
2007-09-25,,OMO,September-25-2007,OMO.2007-0000292/79,1003,December-13-2007,Sales,2000,6.5000% - 6.8000%,6.5,Issue,NTB,6.5000%,79,0,2000,2000,6.5925,
2007-09-25,,OMO,September-25-2007,OMO.2007-000293/121,1004,January-24-2008,Sales,6000,6.7000% - 7.2000%,6.8,Issue,NTB,6.7000% - 6.8000%,121,0,6000,6000,6.9564,
2007-09-26,,OMO,September-26-2007,OMO.2007-000295/85,1005,December-20-2007,Sales,2000,6.3000% - 6.7500%,6.3,Issue,NTB,6.3000%,85,0,2000,2000,6.3935,
2007-09-26,,OMO,September-26-2007,OMO.2007-000294/134,1006,February-07-2008,Sales,2000,6.7500% - 7.3500%,6.75,Issue,NTB,6.7500%,134,0,2000,2000,6.921,
2007-09-27,5000,Primary Market,September-27-2007,27/9/2007/91,1007,December-27-2007,Sales,5000,6.0000% - 7.0000%,6.45,Issue,NTB,6.0000% - 6.4500%,91,10000,16245.4,5000,6.5551,
2007-09-27,,OMO,September-27-2007,OMO.2007-000298/119,1008,January-24-2008,Sales,24000,6.7000% - 7.3000%,6.9,Issue,NTB,6.7000% - 6.9000%,119,0,24000,24000,7.0584,
2007-09-27,,OMO,September-27-2007,OMO.2007-000301/132,1009,February-06-2008,Purchases,307000,0,0,Issue,NTB,0,132,30700,0,0,0,
2007-09-27,10000,Primary Market,September-27-2007,27/9/07/182,1010,March-27-2008,Sales,0,6.5990% - 6.7900%,6.79,Issue,NTB,6.5990% - 6.7900%,182,10000,45115,10000,7.0273,
2007-09-28,30000,Primary Market,September-28-2007,28/9/07- 7YRS FGN BO,1011,September-28-2014,Sales,37190,8.0000% - 11.0000%,9.25,Maginal,FGN Bonds,8.0000% - 9.2500%,7,0,46590,37190,9.2664,
2007-09-28,20000,Primary Market,September-28-2007,28/9/07-10YRS FGN BO,1012,September-28-2017,Sales,20000,8.0000% - 13.0000%,9.51,Maginal,FGN Bonds,8.0000% - 9.5100%,10,0,27290,20000,9.5348,
2007-10-03,,OMO,October-03-2007,OMO-2007-000306-78,1013,December-20-2007,Sales,2000,6.5500 - 702500,6.55,Stop,NTB,6.55,78,0,2000,2000,6.6427,
2007-10-03,,OMO,October-03-2007,OMO-2007-000305-134,1014,February-14-2008,Sales,4000,6.7000  -  7.4000,6.8,Issue,NTB,6.7000  -  6.8000,134,0,4000,4000,6.9736,
2007-10-04,5000,Primary Market,October-04-2007,4-10-2007-91,1015,January-03-2008,Purchases,5000,6.0000  -  6.8500,6.5,Issue,NTB,6.0000  -  6.5,91,10000,9407.75,5000,6.6068,
2007-10-04,,OMO,October-04-2007,OMO-2007-000309-154,1016,March-06-2008,Sales,15000,6.9000  - 7.1000,6.9,Issue,NTB,6.9,154,0,15000,15000,7.1063,
2007-10-04,10000,Primary Market,October-04-2007,4/10/2007,1017,April-03-2008,Sales,0,6.9000  -  7.4000,7.15,Issue,NTB,6.9000  -  7.1500,182,10000,12000,10000,7.4136,
2007-10-05,,OMO,October-05-2007,OMO-2007-000305-160,1018,March-13-2008,Sales,30000,6.6500  -  7.1000,7.1,Stop,NTB,6.6500  -  7.1000,160,0,30000,30000,7.3274,
2007-10-09,,OMO,October-09-2007,OMO-2007-000316-58,1019,December-06-2007,Sales,11000,6.2000 - 6.3000,6.3,Issue,NTB,6.2000  -  6.3000,58,0,11000,11000,6.3635,
2007-10-10,,OMO,October-10-2007,OMO-2007-000313,1020,November-29-2007,Purchases,0,0,0,Maginal,NTB,0,50,0,9750,0,0,2nd Week
2007-10-11,35556,Primary Market,October-11-2007,15-OCTOBER-2007-91,1021,January-10-2008,Sales,24000,6.6500  - 7.5000,7.5,Issue,NTB,6.6500 - 7500,91,11556,36078,35556,7.6425,
2007-10-11,5000,Primary Market,October-11-2007,15-OCTOBER-2007-182,1022,April-10-2008,Purchases,5000,5.9000 - 7.0500,6.55,Stop,NTB,5.9000  - 6.5500,182,10000,5509,5000,6.7705,
2007-10-11,25000,Primary Market,October-11-2007,10-OCTOBER-2007-364,1023,October-09-2008,Sales,25000,6.9000 - 8.9000,7,Stop,NTB,6.9000  - 7.0000,364,0,157713,25000,7.5238,
2007-10-16,,OMO,October-16-2007,OMO.2207-000321/177,1024,April-10-2008,Sales,41000,6.5000% - 7.3000%,7,Issue,NTB,6.5000% - 7.0000%,177,0,41000,41000,7.2453,
2007-10-17,,OMO,October-17-2007,OMO.2007-000322/162,1025,March-27-2008,Sales,25000,6.9000% - 7.4000%,7,Issue,NTB,6.9000% - 7.0000%,162,0,25000,25000,7.2238,
2007-10-18,5,Primary Market,October-18-2007,18-10-2007/91,1026,January-17-2008,Sales,5000,6.0000% - 6.9500%,6.1,Issue,NTB,6.0000% - 6.1000%,91,10000,7195.98,5000,6.1939,
2007-10-18,35000,Primary Market,October-18-2007,18-10-2007/182,1027,April-17-2008,Sales,4464.74,6.9000% - 8.9900%,7.5,Issue,NTB,6.9000% - 7.5000%,182,10000,21464.74,14465,7.7905,
2007-10-26,30000,,October-26-2007,26/10/07-3YRS FGN BO,1028,October-26-2010,,,6.0000% - 10.8600%,9.2,Maginal,FGN Bonds,9.2000%,3,,33280,30000,9.2069,
2007-10-30,,OMO,October-30-2007,OMO.2007-000341/72,1029,January-10-2008,Sales,4000,6.3000% - 7.9000%,6.4,Issue,NTB,6.3000% - 6.4000%,72,0,4000,4000,6.4816,
2007-10-30,,OMO,October-30-2007,OMO.2007-000341/142,1030,March-20-2008,Sales,26000,7.2000% - 7.9000%,7.5,Issue,NTB,7.2000% - 7.5000%,142,0,26000,26000,7.7248,
2007-10-30,,OMO,October-30-2007,OMO.2007-0000343/176,1031,April-23-2008,Sales,19000,7.3000% - 7.9000%,7.5,Issue,NTB,7.3000% - 7.5000%,176,0,19000,19000,7.7806,
2007-10-31,,OMO,October-31-2007,OMO.2007-000340/141,1032,March-20-2008,Sales,2000,7.4000% - 7.4500%,7.45,Issue,NTB,7.4000% - 7.4500%,141,0,2000,2000,7.6701,
2007-11-01,5000,Primary Market,November-01-2007,01/11/2007/91,1033,January-31-2008,Sales,5000,5.9000% - 7.0000%,6.4,Issue,NTB,5.9000% - 6.4000%,91,10000,5958.2,5000,6.5035,
2007-11-01,,OMO,November-01-2007,OMO.2007-000345/182,1034,May-01-2008,Sales,13101.27,7.3900% - 7.5000%,7.5,Issue,NTB,7.3900% - 7.5000%,182,0,13101.27,13101,7.7905,
2007-11-08,5106.56,Primary Market,November-08-2007,08/11/2007/91,1035,February-07-2008,Sales,5106.56,5.9000% - 8.9900%,7.35,Issue,NTB,5.9000% - 7.3500%,91,10000,7469.13,5107,7.4868,
2007-11-08,35000,Primary Market,November-08-2007,08/11/2007/182,1036,May-08-2008,Sales,35000,7.0000% - 8.5900%,7.5,Issue,NTB,7.0000% - 7.5000%,182,10000,23678.84,35000,7.7905,
2007-11-08,25000,Primary Market,November-08-2007,08/11/2007/364,1037,November-06-2008,Sales,25000,6.5800% - 8.9900%,7.35,Issue,NTB,6.5800% - 7.3500%,364,0,80567.39,25000,7.9296,
2007-11-15,5000,Primary Market,November-15-2007,15/11/2007/91,1038,February-14-2008,Sales,5000,6.8990% - 8.9900%,7.45,Issue,NTB,6.8990% - 7.4500%,91,10000,10325.22,5000,7.5906,
2007-11-15,0,OMO,November-15-2007,OMO.2007-000355/99,1039,February-22-2008,Sales,10000,7.2500% - 8.0000%,7.25,Issue,OMO,7.2500%,99,0,10000,10000,7.395,4th Week
2007-11-16,0,OMO,November-16-2007,OMO.2007-000356/167,1040,May-01-2008,Sales,0,7.9000% - 10.0500%,0,Issue,OMO,0,167,0,16000,0,0,1st Week
2007-11-22,5000,Primary Market,November-22-2007,22-11-2007/91,1041,February-21-2008,Sales,5000,6.5000% - 8.9900%,7.5,Issue,NTB,6.5000% - 7.5000%,91,10000,10478.58,5000,7.6425,
2007-11-23,,OMO,November-23-2007,OMO.2007-000367/76,1042,February-07-2008,Sales,17000,7.2000% - 8.0000%,7.25,Issue,NTB,7.2000% - 7.2500%,76,0,17000,17000,7.3608,
2007-11-23,,OMO,November-23-2007,OMO.2007-000368/153,1043,April-24-2008,Sales,17000,7.4000%-8.0000%,7.45,Issue,NTB,7.4000% - 7.4500%,153,0,17000,17000,7.6895,
2007-11-27,,OMO,November-27-2007,OMO.2007-000370/177,1044,May-22-2008,Sales,5000,7.5500%,7.55,Issue,NTB,7.5500%,177,0,5000,5000,7.8361,
2007-11-29,5000,Primary Market,November-29-2007,29-11-2007/91,1045,February-28-2008,Sales,5000,6.4500% - 7.4400%,7,Issue,NTB,6.4500% - 7.0000%,91,10000,7155.19,5000,7.124,
2007-11-30,22810,,November-30-2007,30/11/07-3YRS FGN,1046,November-30-2010,,,6.0000% - 9.2300%,7,Maginal,FGN Bonds,6.0000% - 7.0000%,3,,67730,22810,7.004,
2007-11-30,20000,,November-30-2007,FGN BONDS 10YRS 30/1,1047,November-30-2017,,,7.0000% - 13.0000%,11,Maginal,FGN Bonds,7.0000% - 11.0000%,10,,32279,20000,11.0332,
2007-12-06,5000,Primary Market,December-06-2007,6-12-2007/91,1048,March-06-2008,Sales,5751.92,7.0000% - 8.5500%,7.44,Issue,NTB,7.0000% - 7.4400%,91,10000,4998.08,4248,7.5802,
2007-12-06,35000,Primary Market,December-06-2007,6-12-2007/182,1049,June-05-2008,Sales,25000,7.5000% - 9.5000%,7.78,Issue,NTB,7.5000% - 7.7797%,182,10000,25279.15,35000,8.0928,
2007-12-06,25000,Primary Market,December-06-2007,364/6-12-2007,1050,December-04-2008,Sales,25000,7.3000% - 11.2500%,8,Issue,NTB,7.3000% - 7.9950%,364,0,88645.06,25000,8.6856,
2007-12-13,5000,Primary Market,December-13-2007,13-12-2007/91,1051,March-13-2008,Sales,5000,6.9900% - 7.8000%,7.6,Issue,NTB,6.9900% - 7.6000%,91,10000,4978.41,5000,7.7464,
2007-12-13,30554.43,Primary Market,December-13-2007,13-12-2007/182,1052,June-12-2008,Sales,60000,7.0000% - 9.5000%,8,Issue,NTB,7.0000% - 8.0000%,182,10000,55804.43,60000,8.3314,
2007-12-14,30000,Primary Market,December-14-2007,14-12-07 - FGN BONDS,1053,December-14-2010,Sales,30000,6.7500% - 10.5000%,8.99,Maginal,FGN Bonds,6.7500% - 8.9900%,3,0,66440,30000,8.9966,
2007-12-14,20000,Primary Market,December-14-2007,14-12-07 -FGN BONDS,1054,December-14-2017,Sales,20000,8.0000% - 13.5000%,11.03,Maginal,FGN Bonds,8.0000% - 11.0300%,10,0,61050,20000,11.0633,
2007-12-18,,OMO,December-18-2007,18-12-07/170 DAYS- O,1055,June-05-2008,Sales,50000,7.7500 - 8.9300,8.13,Issue,NTB,7.7500 -8.125,170,0,23500,50000,8.4437,
2007-12-18,,OMO,December-18-2007,18/12/07/261D-OMO,1056,September-04-2008,Sales,50000,7.6000% - 8.6250%,8.63,Issue,NTB,7.6000% - 8.6250%,261,0,31000,50000,9.1903,
2007-12-21,5000,Primary Market,December-21-2007,21-12-2007/91,1057,March-21-2008,Sales,5000,7.2000% - 8.0000%,7.58,Issue,NTB,7.2000% - 7.5800%,91,10000,7993.51,5000,7.7256,
2007-12-21,100000,Primary Market,December-21-2007,21-12-2007/182,1058,June-20-2008,Sales,78643.83,7.4000% - 10.0000%,8.38,Issue,NTB,7.4000% - 8.3750%,182,21356.17,39200,100000,8.7389,
2007-12-27,5000,Primary Market,December-27-2007,27/12/2007/91,1059,December-27-2098,Sales,815.71,7.2000 % - 8.5000%,8.5,Issue,NTB,7.2000% - 8.5000%,91,5000,4184.29,5000,8.6835,
2007-12-27,100000,Primary Market,December-27-2007,27-12-2007/182,1060,December-27-2189,Sales,90000,8.0000% - 8.7500%,8.75,Issue,NTB,8.0000% - 8.7500%,182,10000,4867.45,100000,9.148,
2008-01-03,5000,Primary Market,January-03-2008,03/01/08/91,1061,April-03-2008,Sales,0,7.2500% - 8.5000%,8.5,Issue,NTB,7.2500% - 8.5000%,91,5000,5196.14,5000,8.6835,
2008-01-03,10000,Primary Market,January-03-2008,03/01/08/182,1062,July-03-2008,Sales,0,8.5000% - 8.7400%,8.7,Issue,NTB,8.5000% - 8.7000%,182,10000,11809.83,10000,9.0934,
2008-01-08,,OMO,January-08-2008,08-01-2008/274,1063,October-08-2008,Sales,2000,8.8500%,8.85,Issue,NTB,8.8500%,274,0,2000,2000,9.478,
2008-01-10,5000,Primary Market,January-10-2008,10-01-2008/91,1064,April-10-2008,Sales,0,8.0000% - 8.7500%,8.75,Issue,NTB,8.0000% - 8.7500%,91,5000,4840.65,5000,8.9446,
2008-01-10,35000,Primary Market,January-10-2008,10-01-2008/182,1065,July-10-2008,Sales,5480.47,8.0000% - 9.9500%,9,Issue,NTB,8.0000% - 9.0000%,182,10000,18480.47,15480,9.4217,
2008-01-10,,OMO,January-10-2008,10-01-2008/273,1066,October-09-2008,Sales,3000,8.7000% -  8.8000%,8.8,Issue,NTB,8.8000%,273,6000,9000,9000,9.4182,
2008-01-10,25000,Primary Market,January-10-2008,10-01-2008/364,1067,January-08-2009,Sales,25000,8.0000% - 9.5000%,8.23,Issue,NTB,8.0000% - 8.2300%,364,0,57849.4,25000,8.9637,
2008-01-11,,OMO,January-11-2008,11-01-2008/272,1068,October-09-2008,Sales,16000,9.0000%,9,Issue,NTB,9.0000%,272,0,16000,16000,9.6451,
2008-01-17,,OMO,January-17-2008,17/01/2008/OMO/182/B,1069,July-17-2008,Sales,2000,9.125,9.13,Issue,NTB,9.125,182,0,2000,2000,9.5587,
2008-01-17,,OMO,January-17-2008,17/01/2008/OMO/322,1070,December-04-2008,Sales,5000,9.0000%,9,Issue,NTB,9.0000%,322,0,5000,5000,9.7739,
2008-01-18,,OMO,January-18-2008,18/02/2008/OMO/321,1071,December-04-2008,Sales,5000,9.10 - 9.15,9.1,Issue,NTB,9.1,321,0,5000,5000,9.8893,
2008-01-24,,OMO,January-24-2008,24-01-2008/91,1072,April-24-2008,Sales,110.45,8.00 - 9.00,8.5,Issue,NTB,8.00 - 8.50,91,5000,5055.45,5110,8.6835,
2008-01-24,,OMO,January-24-2008,24-01-2008/OMO/182,1073,July-24-2008,Sales,39000,9.00  - 9.25,9,Issue,NTB,9,182,45000,6000,6000,9.4217,
2008-01-25,30000,Primary Market,January-25-2008,25-01-2008/3YRS/FGN,1074,January-25-2011,Sales,30000,7.1000% - 11.0000%,9,Maginal,FGN Bonds,9.0000%,3,0,49390,30000,9.0066,
2008-01-25,20000,Primary Market,January-25-2008,25-01-2008/5YRS/FGN,1075,January-25-2013,Sales,20000,7.95 - 12.50,9.45,Maginal,FGN Bonds,9.45,5,0,45360,20000,9.4622,
2008-01-25,,OMO,January-25-2008,25-01-2008/OMO/111,1076,May-15-2008,Sales,2000,8.65,8.65,Issue,NTB,8.65,111,2000,2000,2000,8.883,
2008-01-25,,OMO,January-25-2008,25-01-2008/OMO/118,1077,May-22-2008,Sales,2000,8.7,8.7,Issue,NTB,8.7,118,2000,2000,2000,8.9511,
2008-01-25,,OMO,January-25-2008,25-01-2008/OMO/125A,1078,May-29-2008,Sales,2000,8.7,8.7,Issue,NTB,8.7,125,2000,2000,2000,8.9664,
2008-01-25,,OMO,January-25-2008,25-01-2008/OMO/195,1079,August-07-2008,Sales,5000,9.10 9.15,9.1,Issue,NTB,9.1,195,0,5000,5000,9.5637,
2008-01-31,5000,Primary Market,January-31-2008,31-01-08-91,1080,May-01-2008,Sales,0,8.0000% - 8.7000%,8.5,Maginal,NTB,8.0000% - 8.5000,91,5000,3176.1,5000,8.6835,
2008-01-31,40000,Primary Market,January-31-2008,31-01-08-182,1081,July-31-2008,Sales,0,8.7000% - 9.5000%,9.15,Maginal,NTB,8.7000% - 9.1500%,182,10000,14105,14105,9.5862,
2008-02-07,5106.56,Primary Market,February-07-2008,07-02-08-91,1082,May-08-2008,Sales,0,8.0000% - 9.4000%,8.5,Maginal,NTB,8.0000% - 8.5000%,91,5106.56,6063.4,5107,8.6835,
2008-02-07,35000,Primary Market,February-07-2008,07-02-08-182A,1083,August-07-2008,Sales,0,8.7500% - 10.0000%,9.5,Issue,NTB,8.7500% - 9.5000%,182,10000,18733,10000,9.971,
2008-02-07,15000,Primary Market,February-07-2008,07-02-08-364,1084,February-05-2009,Sales,15000,7.9900% - 9.5000%,9.5,Issue,NTB,7.9900% - 9.5000%,364,0,13716,13716,10.4912,
2008-02-12,,OMO,February-12-2008,12-02-08-331-OMO,1085,January-08-2009,Sales,4000,9.4500%,9.45,Maginal,NTB,9.4500%,331,0,4000,4000,10.3331,
2008-02-13,,OMO,February-13-2008,13-02-08-330-OMO,1086,January-08-2009,Sales,12000,9.5000%,9.5,Maginal,NTB,9.5000%,330,0,12000,12000,10.39,
2008-02-14,5000,Primary Market,February-14-2008,14-02-08-91,1087,May-15-2008,Sales,0,8.0000% - 9.6500%,8.5,Maginal,NTB,8.0000% - 8.5000%,91,5000,7529,5000,8.6835,
2008-02-14,35000,Primary Market,February-14-2008,14-02-08-182,1088,August-14-2008,Sales,11011,8.9990% - 10.0000%,9.5,Issue,NTB,8.9990% - 9.5000%,182,10000,32011,21011,9.971,
2008-02-14,,OMO,February-14-2008,14-02-08-294-OMO,1089,December-04-2008,Sales,4000,9.4500%,9.45,Maginal,NTB,9.4500%,294,0,4000,4000,10.2263,
2008-02-14,,OMO,February-14-2008,14-02-08-329-OMO,1090,January-08-2009,Sales,2000,9.3500%,9.35,Maginal,NTB,9.3500%,329,0,2000,2000,10.208,
2008-02-15,,OMO,February-15-2008,15-02-08-328-OMO,1091,January-08-2009,Sales,9500,9.5000%,9.5,Maginal,NTB,9.5000%,328,5500,15000,15000,10.3841,
2008-02-19,,OMO,February-19-2008,19-02-08-232-OMO,1092,October-08-2008,Sales,8000,9.4000%,9.4,Maginal,NTB,9.4000%,232,0,8000,8000,9.9956,
2008-02-19,,OMO,February-19-2008,13-02-08-330-OMO,1093,January-14-2009,Sales,12000,9.5000%,9.5,Maginal,NTB,9.5000%,330,0,12000,12000,10.39,
2008-02-20,,OMO,February-20-2008,20-02-08-260-OMO,1094,November-06-2008,Sales,6000,9.5000% - 9.7500%,9.5,Issue,NTB,9.5000%,260,0,8000,6000,10.1875,
2008-02-21,5000,Primary Market,February-21-2008,21-02-08-91,1095,May-22-2008,Sales,0,8.0000% - 9.0000%,8.75,Maginal,NTB,8.0000% - 8.7500%,91,5000,7265.16,5000,8.9446,
2008-02-21,31756.05,Primary Market,February-21-2008,21-02-08-182,1096,August-21-2008,Sales,21756.05,8.8990% - 10.0000%,9.5,Maginal,NTB,8.8990% - 9.5000%,182,10000,43756.05,31756,9.971,
2008-02-21,,OMO,February-21-2008,21-02-08-259-OMO,1097,November-06-2008,Purchases,4000,9.5000%,9.5,Maginal,NTB,9.5000%,259,10000,6000,6000,10.1847,
2008-02-22,,OMO,February-22-2008,22-02-08-258-OMO,1098,November-06-2008,Sales,13000,9.5000%,9.5,Maginal,NTB,9.5000%,258,0,13000,13000,10.1819,
2008-02-26,,OMO,February-26-2008,OMO.2008-000451/25/0,1099,July-11-2008,Sales,5000,9.25 - 9.45,9.25,Issue,NTB,9.25,136,0,5000,5000,9.5793,
2008-02-26,,OMO,February-26-2008,OMO.2008-000450/25/0,1100,July-18-2008,Sales,2000,9.20 - 9.35,9.2,Issue,NTB,9.2,143,0,6000,2000,9.543,
2008-02-26,,OMO,February-26-2008,OMO.2008-000449/25/2,1101,January-09-2009,Sales,2000,9.5,9.5,Issue,NTB,9.5,318,0,2000,2000,10.3547,
2008-02-28,,OMO,February-28-2008,OMO.2008-000454/28/0,1102,August-28-2008,Sales,5000,9.20 - 9.25,9.2,Issue,NTB,9.2,182,25000,20000,20000,9.6411,
2008-02-28,,OMO,February-28-2008,OMO.2008-000453/28/0,1103,January-08-2009,Sales,2000,9.25 - 9.50,9.25,Issue,NTB,9.25,315,0,2000,2000,10.0501,
2008-02-29,30000,Primary Market,February-29-2008,29-02-08/3/YRS/FGN B,1104,February-28-2011,Sales,30000,8.80 - 10.75,9.5,Maginal,FGN Bonds,9.5,3,0,40040,30000,9.5074,
2008-02-29,20000,Primary Market,February-29-2008,29-02-08/FGN BOD/5-Y,1105,February-28-2013,Sales,20000,9.00 - 11.40,10.3,Maginal,FGN Bonds,10.3,5,0,24745,20000,10.3145,
2008-02-29,,OMO,February-29-2008,OMO.2008-000455/29/2,1106,January-08-2009,Sales,4000,9.25 - 9.50,9.25,Issue,NTB,9.25,314,0,4000,4000,10.0473,
2008-03-05,,OMO,March-05-2008,OMO.2008-000456/5/2/,1107,January-08-2009,Sales,2000,9.25,9.25,Issue,NTB,9.25,309,0,2000,2000,10.0336,
2008-03-06,5000,Primary Market,March-06-2008,06/03/2008/91,1108,June-05-2008,Sales,0,8.00 - 9.00,8.5,Issue,NTB,8.00 - 8.50,91,5000,3126.58,5000,8.6835,
2008-03-06,35000,Primary Market,March-06-2008,06/03/2008/182,1109,September-04-2008,Sales,26750.58,9.00 - 9.65,9.25,Issue,NTB,9.00 - 9.25,182,10000,22236.62,8249,9.696,
2008-03-06,,OMO,March-06-2008,6/03/2008/308,1110,January-08-2009,Sales,13000,9.25 - 9.55,9.25,Issue,NTB,9.25,308,15000,2000,2000,10.0308,
2008-03-06,15000,Primary Market,March-06-2008,06/03/2008/364,1111,March-05-2009,Sales,15000,8.47 - 10.01,8.99,Issue,NTB,8.47 - 8.99,364,0,72828.84,15000,9.8727,
2008-03-07,,OMO,March-07-2008,10-03-2008/OMO/304,1112,January-05-2009,Sales,6000,9.20 - 9.35,9.25,Issue,NTB,9.20 - 9.25,304,0,6000,6000,10.0198,
2008-03-07,,OMO,March-07-2008,7/3/2008/307,1113,January-08-2009,Sales,8000,9.25 - 9.55,9.25,Issue,NTB,9.25,307,0,8000,8000,10.0281,
2008-03-07,,OMO,March-07-2008,10-03-2008/OMO/332,1114,February-02-2009,Sales,7000,9.25 - 9.65,9.25,Issue,NTB,9.25,332,0,7000,7000,10.0972,
2008-03-07,,OMO,March-07-2008,07/03/2008/335,1115,February-05-2009,Sales,2000,9.25 - 9.55,9.25,Issue,NTB,9.25,335,0,2000,2000,10.1056,
2008-03-12,,OMO,March-12-2008,12-03-08/OMO/302,1116,January-08-2009,Sales,2000,9.30 - 9.55,9.3,Issue,NTB,9.3,302,0,2000,2000,10.073,
2008-03-12,,OMO,March-12-2008,12-03-08/OMO/330,1117,February-05-2009,Sales,8000,9.25 - 9.60,9.3,Issue,NTB,9.25 - 9.30,330,0,8000,8000,10.1512,
2008-03-13,5000,Primary Market,March-13-2008,13-03-2008/91,1118,June-12-2008,Sales,0,8.00 - 9.00,8.5,Issue,NTB,8.00 -  8.50,91,5000,4143.34,5000,8.6835,
2008-03-13,10000,Primary Market,March-13-2008,13-03-2008/182,1119,September-11-2008,Sales,5353.54,9.00 - 10.00,9.2,Issue,NTB,9.00 - 9.20,182,10000,49353.54,15354,9.6411,
2008-03-13,,OMO,March-13-2008,13-03-08/OMO/329,1120,February-05-2009,Sales,51000,9.25,9.25,Issue,NTB,9.25,329,53000,2000,2000,10.0889,
2008-03-14,,OMO,March-14-2008,14-03-2008/OMO/328,1121,February-05-2009,Sales,2000,9.2,9.2,Issue,NTB,9.2,328,0,2000,2000,10.0267,
2008-03-18,,OMO,March-18-2008,18/03/2008/OMO/177,1122,September-11-2008,Sales,5000,9.10  - 9.50,9.1,Issue,NTB,9.1,177,0,5000,5000,9.5189,
2008-03-18,,OMO,March-18-2008,18/03/2008/OMO/296,1123,January-08-2009,Sales,7000,9.2,9.2,Issue,NTB,9.2,296,0,7000,7000,9.9395,
2008-03-20,5000,Primary Market,March-20-2008,20-03-2008/91,1124,June-19-2008,Sales,0,8.00 - 8.70,8.7,Issue,NTB,8.00 - 8.70,91,5000,4266.77,5000,8.8924,
2008-03-20,102643.83,Primary Market,March-20-2008,20-03-2008/182,1125,September-18-2008,Sales,0,8.90 - 10.00,9.1,Issue,NTB,8.90 - 9.10,182,13000,41670.4,13000,9.5313,
2008-03-27,5000,Primary Market,March-27-2008,27-03-2008/91,1126,June-26-2008,Sales,0,8.00 - 9.25,8.3,Issue,NTB,8.00 - 8.30,91,5000,8687.59,5000,8.4749,
2008-03-27,35000,Primary Market,March-27-2008,27-03-2008/182,1127,September-25-2008,Sales,25000,9.00 - 10.25,9.23,Issue,NTB,9.00 - 9.225,182,10000,38665.6,35000,9.6685,
2008-03-28,30000,Primary Market,March-28-2008,28-03-2008/FGN/BONDS,1128,March-28-2011,Sales,30000,8.50 - 10.45,9.45,Maginal,FGN Bonds,8.50 - 9.45,3,0,44000,30000,9.4573,
2008-03-28,20000,Primary Market,March-28-2008,28-03-2008/FGN BONDS,1129,March-28-2013,Sales,20000,9.00 - 11.06,9.97,Maginal,FGN Bonds,9.00 - 9.97,5,0,39610,20000,9.9836,
2008-03-28,,OMO,March-28-2008,28-03-2008/REV REPO/,1130,April-04-2008,Sales,41000,5.9558,5.96,Issue,NTB,5.9558,7,0,41000,41000,5.9626,
2008-03-28,,OMO,March-28-2008,28-03-08/REV REPO/10,1131,April-07-2008,Sales,15000,5.9558,5.96,Issue,NTB,5.9558,10,0,15000,15000,5.9655,
2008-03-28,,OMO,March-28-2008,28-03-08/REV REPO/12,1132,April-09-2008,Sales,10000,5.9558,5.96,Issue,NTB,5.9558,12,0,10000,10000,5.9675,
2008-03-28,,OMO,March-28-2008,28-03-2008/OMO/181,1133,September-25-2008,Sales,7000,8.92 - 9.50,9.1,Issue,NTB,8.92 - 9.10,181,0,7000,7000,9.5288,
2008-04-03,5000,Primary Market,April-03-2008,03-04-200/91DAY,1134,July-03-2008,Sales,0,8.00 - 9.50,8.2,Issue,NTB,8.00 - 8.20,91,5000,6482.97,5000,8.3707,
2008-04-03,35000,Primary Market,April-03-2008,03-04-2008/182DAY,1135,October-02-2008,Sales,25000,9.00 - 10.20,9.23,Issue,NTB,9.00 - 9.225,182,10000,59756.54,35000,9.6685,
2008-04-10,5000,Primary Market,April-10-2008,10-04-2008/91DAY,1136,July-10-2008,Sales,0,8.00 - 8.25,8.25,Issue,NTB,8.00 - 8.25,91,5000,5365.28,5000,8.4228,
2008-04-10,35556.56,Primary Market,April-10-2008,10-04-2008/182DAY,1137,October-09-2008,Sales,25556.56,8.50 - 10.20,9.31,Issue,NTB,8.50 - 9.308,182,10000,52738.7,35557,9.7597,
2008-04-10,15000,Primary Market,April-10-2008,10-04-2008/364DAY,1138,April-09-2009,Sales,15000,8.92 - 10.00,9.08,Issue,NTB,8.92 - 9.08,364,0,74132.14,15000,9.9814,
2008-04-11,0,OMO,April-11-2008,11-04-08/OMO/167,1139,September-25-2008,Sales,2000,9.25,9.25,Issue,OMO,9.25,167,0,2000,2000,9.6576,4th Week
2008-04-11,,OMO,April-11-2008,11-04-08/OMO/209,1140,November-06-2008,Sales,2000,9.2,9.2,Issue,NTB,9.2,209,0,2000,2000,9.7101,
2008-04-17,35000,Primary Market,April-17-2008,17-04-2008/182,1141,October-16-2008,Sales,25000,9.00 - 10.20,9.2,Issue,NTB,9.00 - 9.20,182,10000,52519.24,35000,9.6411,
2008-04-18,5000,Primary Market,April-18-2008,17-04-2008/91,1142,July-18-2008,Sales,0,8.00 - 9.15,8.15,Issue,NTB,8.00 - 8.15,91,5000,5088.02,5000,8.3186,
2008-04-23,,OMO,April-23-2008,OMO-23-04-2008/260,1143,January-08-2009,Sales,2000,9.21 - 9.45,9.21,Issue,NTB,9.21,260,0,2000,2000,9.8548,
2008-04-23,,OMO,April-23-2008,OMO-23-04-2008/288,1144,February-05-2009,Sales,10000,9.21 - 9.45,9.21,Issue,NTB,9.21,288,0,10000,10000,9.9296,
2008-04-24,5110.45,Primary Market,April-24-2008,24-04-2008/91,1145,July-24-2008,Sales,0,7.99 - 9.40,8.1,Issue,NTB,7.99 - 8.10,91,5110.45,5110.45,5110,8.2665,
2008-04-24,35000,Primary Market,April-24-2008,24-04-2008/182,1146,October-23-2008,Sales,25000,8.00 - 10.00,9.25,Issue,NTB,8.00 - 9.25,182,10779.68,75774.62,35000,9.696,
2008-04-24,,OMO,April-24-2008,OMO-24-04-2008/196,1147,November-06-2008,Sales,78000,9.15 - 9.45,9.15,Issue,NTB,9.15,196,80000,2000,2000,9.6215,
2008-04-25,30000,Primary Market,April-25-2008,5-YEAR/FGN/BOND/25-0,1148,April-25-2013,Sales,30000,7.50 - 10.75,9.65,Maginal,FGN Bonds,9.65,5,0,57995,30000,9.6627,
2008-04-29,,OMO,April-29-2008,7-DAY REVERSE REPO/2,1149,May-06-2008,Sales,61450,5.9558,5.96,Issue,NTB,5.9558,7,0,61450,61450,5.9626,
2008-04-29,,OMO,April-29-2008,29-04-2008/OMO/177,1150,October-23-2008,Sales,12000,9.15 - 9.45,9.15,Issue,NTB,9.15,177,0,12000,12000,9.5736,
2008-04-29,,OMO,April-29-2008,29-04-2008/OMO/191,1151,November-06-2008,Sales,14000,9.10 - 9.45,9.3,Issue,NTB,9.1,191,0,14000,14000,9.7744,
2008-04-29,,OMO,April-29-2008,28-04-2008/OMO/192,1152,November-07-2008,Sales,10000,9.10 - 9.45,9.1,Issue,NTB,9.1,192,0,10000,10000,9.5562,
2008-04-30,,OMO,April-30-2008,7-DAY REVERSE REPO/3,1153,May-07-2008,Sales,11200,5.9558,5.96,Issue,NTB,5.9558,7,0,11200,11200,5.9626,
2008-04-30,,OMO,April-30-2008,30-04-2008/OMO/106,1154,August-14-2008,Sales,2000,8.15 - 9.50,8.15,Issue,NTB,8.15,106,0,2000,2000,8.347,
2008-04-30,,OMO,April-30-2008,30-04-2008/OMO/176,1155,October-23-2008,Sales,28000,9.15 - 9.50,9.15,Issue,NTB,9.15,176,0,28000,28000,9.5711,
2008-05-02,5000,Primary Market,May-02-2008,01-05-2008/91DAY,1156,August-01-2008,Sales,0,8.00 - 8.15,8.15,Issue,NTB,8.15,91,5000,4344.92,5000,8.3186,
2008-05-02,35000,Primary Market,May-02-2008,02-05-2008/182DAY,1157,October-31-2008,Sales,25000,8.95 - 9.45,9.25,Issue,NTB,9.25,182,10000,28177.84,35000,9.696,
2008-05-06,,OMO,May-06-2008,06-05-08/OMO/177,1158,October-30-2008,Sales,5000,9.15 - 9.50,9.15,Issue,NTB,9.15,177,0,5000,5000,9.5736,
2008-05-08,35527.53,Primary Market,May-08-2008,08-05-2008/182,1159,November-06-2008,Sales,25527.53,8.99 - 10.00,9.25,Issue,NTB,8.99 - 9.25,182,10000,42279.98,35528,9.696,
2008-05-08,15000,Primary Market,May-08-2008,08-05-2008/364,1160,May-07-2009,Sales,15000,8.78 - 10.00,8.88,Issue,NTB,8.78 - 8.88,364,0,76966.45,15000,9.7402,
2008-05-09,,OMO,May-09-2008,09/05/2008/OMO/272,1161,February-05-2009,Sales,9000,9.25 - 9.50,9.25,Issue,NTB,9.25,272,0,9000,9000,9.9328,
2008-05-14,5110,Primary Market,May-14-2008,08-05-2008/91,1162,August-13-2008,Sales,0,8.00 - 9.60,8.4,Issue,NTB,8.00 - 8.40,91,5110,6382.55,5110,8.5792,
2008-05-20,,OMO,May-20-2008,20/05/2008/OMO/134,1163,October-01-2008,Sales,2000,9.10 - 9.45,9.1,Issue,NTB,9.1,134,0,2000,2000,9.4136,
2008-05-20,,OMO,May-20-2008,20/05/08/OMO/232,1164,January-07-2009,Sales,2000,9.10 - 9.45,9.1,Issue,NTB,9.1,232,2000,2000,2000,9.657,
2008-05-22,,OMO,May-22-2008,22/05/2008/REV REPO/,1165,May-29-2008,Sales,30000,5.9558,5.96,Issue,NTB,5.9558,7,0,30000,30000,5.9626,
2008-05-22,,OMO,May-22-2008,22/05/2008/OMO/70,1166,July-31-2008,Sales,5000,8.00 - 8.50,8,Issue,NTB,8,70,0,5000,5000,8.1243,
2008-05-22,,OMO,May-22-2008,22/05/2008/OMO/119,1167,September-18-2008,Sales,5000,8.25 - 8.75,8.4,Issue,NTB,8.25 - 8.40,119,0,5000,5000,8.6359,
2008-05-22,,OMO,May-22-2008,22/05/2008/OMO/147,1168,October-16-2008,Sales,4000,9.00 - 9.50,9,Issue,NTB,9,147,0,4000,4000,9.3375,
2008-05-22,,OMO,May-22-2008,22/05/2008/OMO/182,1169,November-20-2008,Sales,4000,9.00 - 9.50,9.25,Issue,NTB,9.00 - 9.25,182,0,4000,4000,9.696,
2008-05-26,,OMO,May-26-2008,26-05-08/NOM/122D,1170,September-25-2008,Sales,2000,9.00 - 9.50,9,Issue,NTB,9,122,0,2000,2000,9.28,5th Week
2008-05-26,0,OMO,May-26-2008,26-05-08/OMO/192D,1171,December-04-2008,Sales,6000,9.00 - 9.50,9.31,Issue,NTB,9.00 - 9.31,192,0,6000,6000,9.79,5th Week
2008-05-29,30000,Primary Market,May-29-2008,30-05-08/FGN BONDS,1172,May-28-2013,Sales,30000,8.75 - 10.86,10.5,Maginal,FGN Bonds,8.75 - 10.50,5,0,33840,30000,10.52,5th Week
2008-05-29,5000,Primary Market,May-29-2008,30-05-08/PMA/91D,1173,August-28-2008,Sales,0,8.00 - 9.2399,8.55,Issue,NTB,8.00 - 8.55,91,5000,4724.63,5000,8.74,5th Week
2008-05-29,35000,Primary Market,May-29-2008,30-05-08/PMA/182D,1174,November-27-2008,Sales,25000,9.00 - 9.60,9.25,Issue,NTB,9.00 - 9.25,182,10000,37977,35000,9.7,5th Week
2008-05-30,30000,Primary Market,May-30-2008,FGN BONDS/5YRS,1175,May-29-2013,Sales,30000,8.7500 - 10.8600,10.5,Maginal,FGN Bonds,10.5,5,0,33840,30000,10.5151,5th Week
2008-05-30,20000,Primary Market,May-30-2008,FGN BONDS/10YRS,1176,May-28-2018,Sales,20000,8.8000 - 11.8500,10.7,Maginal,FGN Bonds,8.8000 - 10.7000,10,0,35080,20000,10.7315,5th Week
2008-06-04,0,OMO,June-04-2008,04/06/08/OMO/169D,1177,November-20-2008,Sales,2000,9.23 - 9.30,9.23,Issue,NTB,9.23,169,0,2000,2000,9.64,1st Week
2008-06-04,0,OMO,June-04-2008,04-05-08/OMO/246D,1178,February-05-2009,Sales,13000,9.30 - 9.60,9.3,Issue,NTB,9.3,246,13000,13000,13000,9.92,1st Week
2008-06-05,0,OMO,June-05-2008,05-06-08/OMO/183D,1179,December-04-2008,Sales,40000,9.50 - 9.70,9.5,Issue,NTB,9.5,182,46000,6000,6000,9.97,1st Week
2008-06-05,0,OMO,June-05-2008,05-06-08/OMO/245D,1180,February-05-2009,Sales,2000,9.40 - 9.70,9.4,Issue,NTB,9.4,245,0,2000,2000,10.03,1st Week
2008-06-06,5000,OMO,June-06-2008,06-06-08/PM/90D,1181,September-04-2008,Sales,0,8.00 - 9.50,8.5,Issue,NTB,8.00 - 8.50,90,5000,7000,5000,8.68,1st Week
2008-06-06,35000,OMO,June-06-2008,06-06-08/PM/181D,1182,December-04-2008,Sales,25000,9.00 - 9.60,9.5,Issue,NTB,9.00 - 9.50,181,10000,59500,35000,9.97,1st Week
2008-06-06,15000,Primary Market,June-06-2008,06-06-08/PM/364D,1183,June-04-2009,Sales,15000,8.80 - 9.30,9.2,Issue,NTB,8.80 - 9.20,363,0,52750,15000,10.13,1st Week
2008-06-11,0,OMO,June-11-2008,11-06-08/OMO/221D,1184,January-18-2009,Sales,2000,9.50 - 9.75,9.5,Issue,NTB,9.5,221,0,2000,2000,10.08,2nd Week
2008-06-12,5000,Primary Market,June-12-2008,12-06-08/PM/91D,1185,September-11-2008,Sales,0,8.00 - 9.25,8.45,Issue,NTB,8.00 - 8.45,91,5000,4467.58,5000,8.63,2nd Week
2008-06-12,0,OMO,June-12-2008,12-06-08/OMO/161D,1186,November-20-2008,Sales,2000,9.30 - 9.65,9.3,Issue,NTB,9.3,161,0,2000,2000,9.7,2nd Week
2008-06-12,35000,Primary Market,June-12-2008,02-06-08/PM/182,1187,December-11-2008,Sales,25000,9.00 - 9.80,9.55,Issue,NTB,9.00 - 9.55,182,10000,50834.29,35000,10.03,2nd Week
2008-06-17,0,OMO,June-17-2008,17/06/08/OMO/233D,1188,February-05-2009,Sales,2000,9.4500 - 9.7500,9.45,Issue,NTB,9.45,233,0,2000,2000,10.0567,3rd Week
2008-06-18,0,OMO,June-18-2008,18-06-08/OMO/155D,1189,November-20-2008,Sales,2000,9.4000 - 9.7500,9.4,Issue,NTB,9.4,155,0,2000,2000,9.7908,3rd Week
2008-06-18,0,OMO,June-18-2008,18-06-08/OMO/169D,1190,December-04-2008,Sales,2000,9.5000 - 9.7500,9.5,Issue,NTB,9.5,169,0,2000,2000,9.9371,3rd Week
2008-06-18,0,OMO,June-18-2008,18-06/08OMO/232,1191,February-05-2009,Sales,8000,9.5000 - 9.7500,9.55,Issue,NTB,9.5000 - 9.5500,232,0,8000,8000,10.1672,3rd Week
2008-06-19,,OMO,June-19-2008,REVERSE REPO,1192,June-26-2008,Sales,5000,5.9558,5.9558,Issue,NTB,5.9558,7,,5000,5000,5.9626,3rd Week
2008-06-19,0,OMO,June-19-2008,19-6-08/OMO/180D,1193,December-20-2008,Sales,84657.33,9.5,9.5,Issue,NTB,9.5,184,89657.33,5000,5000,9.9778,3rd Week
2008-06-20,,OMO,June-20-2008,20-6-08/REVERSE REPO,1194,June-27-2008,Sales,15000,5.9558,5.9558,Issue,NTB,5.9558,7,,15000,15000,5.9626,3rd Week
2008-06-20,0,OMO,June-20-2008,20-6-08/OMO/183D,1195,December-20-2008,Sales,4000,9.4500 - 9.7500,9.5,Issue,NTB,9.4500 - 9.5000,183,,4000,4000,9.9751,3rd Week
2008-06-20,0,OMO,June-20-2008,20-6-08/OMO/230D,1196,February-05-2009,Sales,12000,9.5500 - 9.7500,9.55,Issue,NTB,9.55,230,0,12000,12000,10.1615,3rd Week
2008-06-25,,OMO,June-25-2008,25-06-08/OMO/127D,1197,October-30-2008,Sales,2000,9.3500 - 9.5500,9.35,Issue,NTB,9.35,127,0,2000,2000,9.6644,4th Week
2008-06-25,,OMO,June-25-2008,25-06-08/OMO/148D,1198,November-20-2008,Sales,6000,9.4500 - 9.5500,9.45,Issue,NTB,9.45,148,0,6000,6000,9.8265,4th Week
2008-06-25,,OMO,June-25-2008,25-06-08/OMO/225D,1199,February-05-2009,Sales,2000,9.55,9.55,Issue,NTB,9.55,225,0,2000,2000,10.1474,4th Week
2008-06-26,5000,Primary Market,June-26-2008,26-06-08/PM/91D,1200,September-25-2008,Sales,0,8.0000 - 9.2500,9.25,Issue,NTB,8.0000 - 9.2500,91,5000,6332.72,5000,9.4684,4th Week
2008-06-26,35000,Primary Market,June-26-2008,26-06-08/182D,1201,December-25-2008,,32199.5,9.2500 - 10.0000,9.54,Issue,NTB,9.2500 - 9.5400,182,10356.17,74805.54,42555.67,10.0165,4th Week
2008-06-26,0,OMO,June-26-2008,26-06-08/OMO/224,1202,February-05-2009,Sales,93000,9.4500 - 9.7000,9.45,Issue,NTB,9.45,224,95000,2000,2000,10.0318,4th Week
2008-06-27,30000,Primary Market,June-27-2008,FGN BOND/5YRS,1203,June-26-2013,Sales,30000,9.4500 - 12.5000,10.7,Maginal,FGN Bonds,9.4500 - 10.7000,5,0,44300,30000,10.7157,4th Week
2008-06-27,20000,Primary Market,June-27-2008,FGN BONDS /10YRS,1204,June-25-2018,Sales,18543.56,9.0000 - 12.7500,12.75,Maginal,FGN Bonds,9.0000 - 12.7500,10,0,18543.56,18543.56,12.7947,4th Week
2008-06-27,0,OMO,June-27-2008,27-06-08/OMO/90,1205,September-25-2008,Sales,6000,9.1000 - 9.5000,9.2,Issue,NTB,9.1000 - 9.2000,90,0,6000,6000,9.4135,4th Week
2008-06-30,0,OMO,June-30-2008,30-06-07/REV REPO/7,1206,July-07-2008,Sales,160000,5.9558,5.9558,Issue,NTB,5.9558,7,15000,175000,175000,5.9626,1st Week
2008-06-30,0,OMO,June-30-2008,30-06-08/OMO/87D,1207,September-25-2008,Sales,19000,9.2000 - 9.6000,9.25,Issue,NTB,9.20000 - 9.2500,87,0,19000,19000,9.4585,5th Week
2008-06-30,0,OMO,June-30-2008,30-06-08/OMO/164D,1208,December-11-2008,Sales,14000,9.4000 - 9.7500,9.5,Issue,NTB,9.40000 - 9.5000,164,0,14000,14000,9.9236,5th Week
2008-06-30,0,OMO,June-30-2008,30-06-08/OMO/283D,1209,April-09-2009,Sales,5000,9.4700 - 9.7500,9.52,Issue,NTB,9.4700 - 9.5200,283,0,5000,5000,10.2787,5th Week
2008-07-01,0,OMO,July-01-2008,01-07-08/OMO/86,1210,September-25-2008,Sales,7000,9.20000 - 9.5500,9.25,Issue,NTB,9.2000 - 9.2500,86,0,7000,7000,9.4561,1st Week
2008-07-01,0,OMO,July-01-2008,01-07-08/OMO/93D,1211,October-02-2008,Sales,2000,9.2500 - 9.3500,9.25,Issue,NTB,9.25,93,0,2000,2000,9.4733,1st Week
2008-07-01,0,OMO,July-01-2008,01-07-0/8/OMO/142D,1212,November-20-2008,Sales,7000,9.3500 - 9.6500,9.37,Issue,NTB,9.3500 - 9.3700,142,0,7000,7000,9.7245,1st Week
2008-07-01,0,OMO,July-01-2008,01-07-08/OMO/282D,1213,April-09-2009,Sales,10000,9.5000 - 9.7500,9.55,Issue,NTB,9.5000 - 9.5500,282,0,10000,10000,10.3108,1st Week
2008-07-02,0,OMO,July-02-2008,02-07-08/REV REPO/7,1214,July-09-2008,Sales,47000,5.9558,5.9558,Issue,NTB,5.9558,7,0,47000,47000,5.9626,1st Week
2008-07-02,0,OMO,July-02-2008,02-07-08/OMO/92,1215,October-02-2008,Sales,2000,9.2000 - 9.5500,9.2,Issue,NTB,9.2,92,0,2000,2000,9.4184,1st Week
2008-07-02,0,OMO,July-02-2008,02-07-08/OMO/134,1216,November-13-2008,Sales,2000,9.4500 - 9.6500,9.45,Issue,NTB,9.45,134,0,2000,2000,9.7896,1st Week
2008-07-02,0,OMO,July-02-2008,02-07-08/OMO/176,1217,December-25-2008,Sales,4000,9.4000 - 9.8000,9.45,Issue,NTB,9.4000 - 9.4500,176,0,4000,4000,9.9012,1st Week
2008-07-02,30000,OMO,July-02-2008,02-07-08/AUC/281,1218,April-09-2009,Sales,8000,9.4900 - 9.6500,9.55,Issue,NTB,9.4900 - 9.5500,281,0,15000,8000,10.3079,1st Week
2008-07-02,0,OMO,July-02-2008,02-07-08/OMO/310,1219,May-08-2009,Sales,6000,9.5500 - 9.7500,9.55,Issue,NTB,9.55,310,0,6000,6000,10.393,1st Week
2008-07-03,0,OMO,July-03-2008,03-07-08/REV REPO/7,1220,July-10-2008,Sales,13000,5.9558,5.9558,Issue,NTB,5.9558,7,0,13000,13000,5.9626,1st Week
2008-07-03,0,OMO,July-03-2008,03-07-08/OMO/91,1221,October-02-2008,Sales,5000,9.2400 - 9.7500,9.24,Issue,NTB,9.24,91,0,5000,5000,9.4579,1st Week
2008-07-03,0,OMO,July-03-2008,03-07/08/OMO/182,1222,January-01-2009,Sales,1000,9.5500 - 9.7000,9.55,Issue,NTB,9.55,182,0,1000,1000,10.0275,1st Week
2008-07-03,0,OMO,July-03-2008,03-07-08/OMO/309,1223,May-08-2009,Sales,84000,9.3000 - 9.7500,9.55,Issue,NTB,9.3000 - 9.5500,309,90000,6000,6000,10.39,1st Week
2008-07-03,10000,Primary Market,July-03-2008,03-07-08/364,1224,July-02-2009,Sales,48032.58,8.9300 - 10.000,9.5499,Issue,NTB,8.9300 - 9.5499,364,0,54632.58,48032.58,10.5551,1st Week
2008-07-04,0,OMO,July-04-2008,04-07-08/REV REPO/7,1225,July-11-2008,Sales,11200,5.9558,5.9558,Issue,NTB,5.9558,7,0,11200,11200,5.9626,1st Week
2008-07-04,0,OMO,July-04-2008,04-07-08/OMO/216,1226,February-05-2009,Sales,2000,9.55,9.55,Issue,NTB,9.55,216,0,2000,2000,10.122,1st Week
2008-07-04,0,OMO,July-04-2008,04-07-08/OMO/279,1227,April-09-2009,Sales,2000,9.5500 - 9.7500,9.55,Issue,NTB,9.55,279,0,2000,2000,10.302,1st Week
2008-07-07,0,OMO,July-07-2008,07-07-08/OMO/101,1228,October-16-2008,Sales,11000,9.2000 - 9.6500,9.25,Issue,NTB,9.2000 - 9.2500,101,0,11000,11000,9.493,2nd Week
2008-07-07,0,OMO,July-07-2008,07-07-08/OMO/108,1229,October-23-2008,Sales,7000,9.2000 - 9.5500,9.25,Issue,NTB,9.2000 - 9.2500,108,0,7000,7000,9.5103,2nd Week
2008-07-08,0,OMO,July-08-2008,08/07/08/OMO/79,1230,September-25-2008,Sales,5000,9.2000 - 9.7500,9.2,Issue,NTB,9.2,79,0,5000,5000,9.3869,2nd Week
2008-07-08,0,OMO,July-08-2008,08/07/08/OMO/107,1231,October-23-2008,Sales,5000,9.2000 - 9.7500,9.2,Issue,NTB,9.2,107,0,5000,5000,9.455,2nd Week
2008-07-08,0,OMO,July-08-2008,08/07/08/OMO/135,1232,November-20-2008,Sales,5000,9.3000 - 9.7500,9.3,Issue,NTB,9.3,135,0,5000,5000,9.6313,2nd Week
2008-07-08,0,OMO,July-08-2008,08/07/08/OMO/142,1233,November-27-2008,Sales,5000,9.3500 - 9.7500,9.35,Issue,NTB,9.35,142,0,5000,5000,9.7029,2nd Week
2008-07-08,0,OMO,July-08-2008,08/07/08/OMO/156,1234,December-11-2008,Sales,7000,9.4000 - 9.7500,9.4,Issue,NTB,9.4,156,0,7000,7000,9.7935,2nd Week
2008-07-08,0,OMO,July-08-2008,08/07/08/OMO163,1235,December-18-2008,Sales,10000,9.4500 - 9.7500,9.5,Issue,NTB,9.4500 - 9.5000,163,0,10000,10000,9.9209,2nd Week
2008-07-08,0,OMO,July-08-2008,07/07/08/OMO/170,1236,December-25-2008,Sales,2000,9.4500 - 9.6500,9.55,Issue,NTB,9.4500 - 9.5500,170,7000,7000,7000,9.9946,2nd Week
2008-07-08,0,OMO,July-08-2008,08/07/08/OMO/177,1237,January-01-2009,Sales,5000,9.5000 - 9.7500,9.5,Issue,NTB,9.5,177,0,5000,5000,9.9588,2nd Week
2008-07-08,0,OMO,July-08-2008,08/07/08/OMO/304,1238,May-08-2009,Sales,5000,9.5000 - 9.7500,9.5,Issue,OMO,9.5,304,0,5000,5000,10.3163,2nd Week
2008-07-08,0,OMO,July-08-2008,08/07/08/OMO/359,1239,July-02-2009,Sales,5000,9.5500 - 9.7500,9.55,Issue,OMO,9.55,359,0,5000,5000,10.54,2nd Week
2008-07-09,0,OMO,July-09-2008,09/07/08/OMO/162,1240,December-18-2008,Sales,1000,9.5000 - 9.7500,9.5,Issue,OMO,9.5,162,0,1000,1000,9.9182,2nd Week
2008-07-09,0,OMO,July-09-2008,09/07/08/OMO/358,1241,July-02-2009,Sales,6000,9.5500 - 9.7500,9.55,Issue,OMO,9.55,358,0,6000,6000,10.537,2nd Week
2008-07-10,5000,Primary Market,July-10-2008,10/07/08/PMA/91,1242,October-09-2008,Sales,0,8.2000 - 9.5400,9,Issue,NTB,8.2000 - 9.0000,91,5000,11839.97,5000,9.2066,2nd Week
2008-07-10,0,OMO,July-10-2008,10/07/08/OMO/112,1243,October-30-2008,Sales,1000,9.2200 - 9.7500,9.22,Issue,OMO,9.22,112,0,1000,1000,9.4884,2nd Week
2008-07-10,0,OMO,July-10-2008,10/07/08/OMO/126,1244,November-13-2008,Sales,10480.47,9.3200 - 9.7500,9.32,Issue,OMO,9.32,126,15480.47,5000,5000,9.6298,2nd Week
2008-07-10,0,OMO,July-10-2008,10/07/08/OMO/161,1245,December-18-2008,Sales,5000,9.5000 - 9.7500,9.5,Issue,OMO,9.5,161,0,5000,5000,9.9155,2nd Week
2008-07-10,35000,Primary Market,July-10-2008,10/07/08/PMA/182,1246,January-08-2009,Sales,18544.54,9.2000 - 9.7200,9.55,Issue,NTB,9.2000 - 9.5500,182,10000,34144.54,28544.54,10.0275,2nd Week
2008-07-10,0,OMO,July-10-2008,10/07/08/OMO/210,1247,February-05-2009,Sales,3000,9.5000 - 9.7500,9.5,Issue,OMO,9.5,210,0,3000,3000,10.0493,2nd Week
2008-07-10,0,OMO,July-10-2008,10/07/08/OMO/329,1248,June-04-2009,Sales,5000,9.5400 - 9.7500,9.54,Issue,NTB,9.54,329,0,5000,5000,10.4375,2nd Week
2008-07-10,0,OMO,July-10-2008,10/07/08/OMO/357,1249,July-02-2009,Sales,5000,9.5400 - 9.750,9.54,Issue,NTB,9.54,357,0,5000,5000,10.5218,2nd Week
2008-07-11,0,OMO,July-11-2008,11/07/08/OMO/272,1250,April-09-2009,Sales,2000,9.55,9.55,Issue,NTB,9.55,272,0,2000,2000,10.2817,2nd Week
2008-07-15,0,OMO,July-15-2008,15-07-08/REV REPO/7,1251,July-22-2008,Sales,44000,5.9558,5.9558,Issue,NTB,5.9558,7,50000,6000,6000,5.9626,3rd Week
2008-07-16,0,OMO,July-16-2008,16-07-08/REV REPO/7,1252,July-23-2008,Sales,8200,5.9558,5.9558,Issue,NTB,5.9558,7,0,8200,8200,5.9626,3rd Week
2008-07-16,0,OMO,July-16-2008,16-07-08/OMO/267,1253,April-09-2009,Sales,2000,9.5400 - 9.7500,9.54,Issue,NTB,9.54,267,0,2000,2000,10.2557,3rd Week
2008-07-16,0,OMO,July-16-2008,16-07-08/OMO/296,1254,May-08-2009,Sales,4000,9.5400 - 9.7500,9.54,Issue,NTB,9.54,296,0,4000,4000,10.34,3rd Week
2008-07-16,0,OMO,July-16-2008,16-07-08/OMO/323,1255,June-04-2009,Sales,7000,9.5500 - 9.7500,9.55,Issue,NTB,9.55,323,0,7000,7000,10.4316,3rd Week
2008-07-16,0,OMO,July-16-2008,16-07-08/OMO/351,1256,July-02-2009,Sales,2000,9.5500 - 9.7500,9.55,Issue,NTB,9.55,351,0,2000,2000,10.5157,3rd Week
2008-07-17,0,OMO,July-17-2008,17-07-08/REV REPO/7,1257,July-24-2008,Sales,10000,5.9558,5.9558,Issue,NTB,5.9558,7,0,10000,10000,5.9626,3rd Week
2008-07-17,5000,Primary Market,July-17-2008,17-07-08/PMA/91,1258,October-16-2008,Sales,0,8.4990 - 10.0990,9.299,Issue,NTB,8.4990 - 9.2990,91,5000,9597.03,5000,9.5197,3rd Week
2008-07-17,0,OMO,July-17-2008,17-07-08/OMO/182A,1259,January-15-2009,Sales,22012,9.4000 - 9.7500,9.4,Issue,NTB,9.4,182,25012,3000,3000,9.8623,3rd Week
2008-07-18,0,OMO,July-18-2008,18-07-08/REV REPO/14,1260,August-01-2008,Sales,133000,5.9558,5.9558,Issue,NTB,5.9558,14,0,133000,133000,5.9694,3rd Week
2008-07-18,0,OMO,July-18-2008,18-07-08/OMO/90,1261,October-16-2008,Sales,2000,9.2000 - 9.7500,9.2,Issue,NTB,9.2,90,0,2000,2000,9.4135,3rd Week
2008-07-18,0,OMO,July-18-2008,18-07-08/OMO/97,1262,October-23-2008,Sales,7000,9.4000 - 7.5000,9.4,Issue,NTB,9.4,97,0,7000,7000,9.6408,3rd Week
2008-07-18,0,OMO,July-18-2008,18-07-08/OMO/118,1263,November-13-2008,Sales,4000,9.2990 - 9.7500,9.299,Issue,NTB,9.299,118,0,4000,4000,9.5872,3rd Week
2008-07-18,0,OMO,July-18-2008,18-07-08/OMO/181,1264,January-15-2009,Sales,12000,9.5100 - 9.7500,9.52,Issue,NTB,9.5100 - 9.5200,181,0,12000,12000,9.9917,3rd Week
2008-07-18,0,OMO,July-18-2008,18-07-08/OMO/321,1265,June-04-2009,Sales,7000,9.555 - 9.7500,9.55,Issue,NTB,9.55,321,0,7000,7000,10.4256,3rd Week
2008-07-21,0,OMO,July-21-2008,21-07-08/REV REPO/14,1266,August-04-2008,Sales,10500,5.9558,5.9558,Issue,NTB,5.9558,14,0,10500,10500,5.9694,4th Week
2008-07-21,0,OMO,July-21-2008,21/07/08/OMO/227,1267,March-05-2009,Sales,5000,9.5500 - 9.7500,9.55,Issue,NTB,9.55,227,0,5000,5000,10.153,4th Week
2008-07-22,0,OMO,July-22-2008,22-07-08/OMO/170,1268,January-08-2009,Sales,2000,9.5000 - 9.7500,9.5,Issue,NTB,9.5,170,0,2000,2000,9.9398,4th Week
2008-07-22,20000,OMO,July-22-2008,22-07-08/OMO/226,1269,March-05-2009,Sales,5000,9.5400 - 12.5000,9.55,Issue,NTB,9.5400 - 9.5500,226,0,7000,5000,10.1502,4th Week
2008-07-23,0,OMO,July-23-2008,23-07-08/OMO/169,1270,January-08-2009,Sales,1000,9.5000 - 9.7500,9.4,Issue,NTB,9.5,169,0,1000,1000,9.8277,4th Week
2008-07-24,5110.45,Primary Market,July-24-2008,24/07/08/PMA/91,1271,October-23-2008,Sales,0,8.2990 - 9.6500,9.25,Issue,NTB,8.2990 - 9.2500,91,5110.45,12795.17,5110.45,9.4684,
2008-07-24,35000,Primary Market,July-24-2008,24/07/08/PMA/182,1272,January-22-2009,Sales,18928.78,9.2000 - 11.5000,9.55,Issue,NTB,9.2000 - 9.5500,182,10000,37228.78,28928.78,10.0275,4th Week
2008-07-25,25000,Primary Market,July-25-2008,FGN BOND,1273,July-25-2011,Sales,15820,7.5000 - 13.0000,10.5,Maginal,FGN Bonds,10.5,3,0,31320,15820,10.51,4th Week
2008-07-25,20000,Primary Market,July-25-2008,25-07-08,1274,July-23-2018,Sales,9820,9.2000 - 20.0000,12.75,Maginal,FGN Bonds,9.2000 - 12.7500,10,0,32230,9820,12.7947,4th Week
2008-07-31,5000,Primary Market,July-31-2008,31/07/08/PMA/91,1275,October-30-2008,Sales,0,8.7500 - 10.0990,9.249,Issue,NTB,8.7500 - 9.2490,91,5000,11540.41,5000,9.4673,5th Week
2008-07-31,35000,Primary Market,July-31-2008,31/07/08/PMA/182,1276,January-29-2009,Sales,26526.82,9.4500 - 10.0990,9.548,Issue,NTB,9.4500 - 9.5480,182,10000,50676.82,36526.82,10.0253,5th Week
2008-08-07,5106.56,Primary Market,August-07-2008,07-08-2008/PMA/91,1277,November-06-2008,Sales,106.56,8.7990 - 10.0000,9.2,Issue,NTB,8.7990 - 9.2000,91,5000,25166.41,5106.56,9.416,2nd Week
2008-08-07,35000,Primary Market,August-07-2008,07/08/2008/PMA/182,1278,February-05-2009,Sales,13851.5,8.9000 - 9.7500,9.2,Issue,NTB,8.9000 - 9.2000,182,10000,28851.5,23851.5,9.6423,2nd Week
2008-08-07,10000,Primary Market,August-07-2008,07/08/2008/PMA/364,1279,August-06-2009,Sales,15000,9.1500 - 9.9900,9.2,Issue,NTB,9.1500 - 9.2000,364,25000,25175.34,10000,10.1293,
2008-08-08,0,OMO,August-08-2008,08/08/2008/OMO/160,1280,January-15-2009,Sales,2000,9.4000 - 10.0000,9.4,Issue,NTB,9.4,160,0,2000,2000,9.804,2nd Week
2008-08-08,0,OMO,August-08-2008,08/08/2008/OMO/174,1281,January-29-2009,Sales,5000,9.5000 - 10.0000,9.5,Issue,NTB,9.5,174,0,5000,5000,9.9506,2nd Week
2008-08-14,5000,Primary Market,August-14-2008,14/08/2008,1282,November-13-2008,Sales,0,8.7990 - 9.6000,9.1,Issue,NTB,8.7990 - 9.1000,91,5000,6205.69,5000,9.3113,3rd Week
2008-08-14,35000,Primary Market,August-14-2008,14/08/2008/182,1283,February-12-2009,Sales,9643.31,9.2000 - 9.7499,9.55,Issue,NTB,9.2000 - 9.5500,182,10000,22393.31,19643.31,10.0275,3rd Week
2008-08-21,5000,Primary Market,August-21-2008,21/08/2008,1284,November-20-2008,Sales,0,8.2000 - 9.7000,9.1,Issue,NTB,8.2000 - 9.1000,91,5000,6944.59,5000,9.3113,3rd Week
2008-08-21,5000,Primary Market,August-21-2008,21/08/08/PMA/182,1285,February-19-2009,Sales,5000,9.2990 - 10.0000,9.5,Issue,NTB,9.2990 - 9.5000,182,10000,21480,5000,9.9724,3rd Week
2008-08-28,5000,Primary Market,August-28-2008,28-08-2008/PMA/91,1286,November-27-2008,Sales,0,8.7000 - 9.5000,9.1,Issue,NTB,8.7000 - 9.1000,91,5000,5675.09,5000,9.3113,5th Week
2008-08-28,5000,Primary Market,August-28-2008,28/08/08/PMA/182,1287,February-26-2009,Sales,5000,9.2000 - 9.8500,9.499,Issue,NTB,9.2000 - 9.4990,182,10000,14388.52,5000,9.9713,5th Week
2008-08-29,30000,Primary Market,August-29-2008,29/08/08,1288,August-29-2011,Sales,30000,7.5000 - 12.0000,11.4,Maginal,FGN Bonds,11.4,3,0,32340,30000,11.4107,5th Week
2008-08-29,20000,Primary Market,August-29-2008,29/08/08/10YRS,1289,August-27-2018,Sales,0,10.7000 - 18.0000,12.749,Maginal,FGN Bonds,12.749,10,0,44260,20000,12.7937,5th Week
2008-09-04,5000,Primary Market,September-04-2008,04/09/2008/91,1290,December-04-2008,Sales,0,8.7500 - 9.1000,9.1,Issue,NTB,8.7500 - 9.1000,91,5000,4362.95,5000,9.3113,1st Week
2008-09-04,5000,Primary Market,September-04-2008,04/09/2008/182,1291,March-05-2009,Sales,5000,9.2990 - 9.5500,9.43,Issue,NTB,9.2990 - 9.4300,182,10000,6349.47,5000,9.8953,1st Week
2008-09-04,10000,Primary Market,September-04-2008,04/09/2008/364,1292,September-03-2009,Sales,0,9.2000 - 10.0000,9.44,Issue,NTB,9.2000 - 9.4400,364,10000,10061.61,10000,10.4211,1st Week
2008-09-11,4344.92,Primary Market,September-11-2008,11/09/08/91,1293,December-11-2008,Sales,655.08,8.7990 - 9.1000,9.1,Issue,NTB,8.7990 - 9.1000,91,5000,4364.03,4344.92,9.3113,2nd Week
2008-09-11,5000,Primary Market,September-11-2008,11/09/08/182,1294,March-12-2009,Sales,5000,9.2990 - 9.5500,9.4299,Issue,NTB,9.2990 - 9.4299,182,10000,7313.2,5000,9.8952,2nd Week
2008-09-18,5000,Primary Market,September-18-2008,18/09/08/91,1295,December-18-2008,Sales,0,8.7500 - 12.49900,9.1,Issue,NTB,8.7500 - 9.1000,91,5000,5795.12,5000,9.3113,3rd Week
2008-09-18,5000,Primary Market,September-18-2008,18-09-08/182,1296,March-19-2009,Sales,8000,9.2990 - 9.8000,9.4298,Issue,NTB,9.2990 - 9.4298,182,13000,10092.98,5000,9.8951,3rd Week
2008-09-24,0,OMO,September-24-2008,24-09-08/43,1297,November-06-2008,Purchases,4000,9.0000 - 9.0000,9,Issue,NTB,9.0000 - 9.0000,43,0,4000,4000,9.0964,4th Week
2008-09-25,5000,Primary Market,September-25-2008,25-09-08/91,1298,December-25-2008,Sales,0,8.5000 - 9.2000,9.03,Issue,NTB,8.5000 - 9.0300,91,5000,6813.74,5000,9.238,4th Week
2008-09-25,10000,Primary Market,September-25-2008,25-09-08/182,1299,March-26-2009,Sales,0,8.9450 - 9.5000,9.1,Issue,NTB,8.9450 - 9.1000,182,10000,29255.28,10000,9.5325,4th Week
2008-09-26,30000,Primary Market,September-26-2008,26-09-08/FGN BOND/3,1300,September-26-2011,Sales,30000,9.5000 - 12.3000,11,Maginal,FGN Bonds,9.5000 - 11.0000,3,0,55110,30000,11.01,4th Week
2008-09-26,20000,Primary Market,September-26-2008,26-09-08/FGN BOND/10,1301,September-24-2018,Sales,20000,11.25000 - 15.4900,12.45,Maginal,FGN Bonds,11.2500 - 12.4500,10,0,46280,20000,12.4926,4th Week
2008-09-26,0,OMO,September-26-2008,26-09-08/41,1302,November-06-2008,Purchases,4000,8.6500 - 9.0000,9,Issue,NTB,8.6500 - 9.0000,41,0,4000,4000,9.0919,4th Week
2008-09-26,0,OMO,September-26-2008,26-09-08/55,1303,November-20-2008,Purchases,1000,8.9000 - 8.9000,8.9,Issue,NTB,8.9,55,0,1000,1000,9.021,4th Week
2008-10-02,0,OMO,October-02-2008,02-10-2008/49,1304,November-20-2008,Sales,3000,8.6,8.6,Issue,NTB,8.6,49,,3000,3000,8.7004,1st Week
2008-10-02,5000,Primary Market,October-02-2008,02/10/2008/91,1305,January-01-2009,Sales,0,8.8000 - 10.1500,9.125,Issue,NTB,8.8000 - 9.1250,91,5000,6241.95,5000,9.3374,1st Week
2008-10-02,10000,Primary Market,October-02-2008,02-10-2008/182,1306,April-02-2009,Sales,0,8.9000 - 10.1500,9.425,Issue,NTB,8.9000 - 9.4250,182,10000,9414.25,10000,9.8898,1st Week
2008-10-09,5000,Primary Market,October-09-2008,09-10-2008/91,1307,January-08-2009,Sales,0,8.5000 - 9.3000,8.8,Issue,NTB,8.5000 - 8.8000,91,5000,17047.75,5000,8.9974,2nd Week
2008-10-09,10556.565,Primary Market,October-09-2008,09-10-2008/182,1308,April-09-2009,Sales,0,8.7200 - 9.5000,9,Issue,NTB,8.7200 - 9.0000,182,10556.565,40706.44,10556.565,9.4229,2nd Week
2008-10-09,25000,Primary Market,October-09-2008,09-10-2008/364,1309,October-08-2009,Sales,0,9.0900 - 10.0000,9.3,Issue,NTB,9.0900 - 9.3000,364,25000,31323.45,25000,10.2507,2nd Week
2008-10-16,5000,Primary Market,October-16-2008,16-10-2008/91,1310,January-15-2009,Sales,0,7.5000 - 8.8000,7.5,Issue,NTB,7.5,91,5000,34638.12,5000,7.6429,3rd Week
2008-10-16,10000,Primary Market,October-16-2008,16-10-2008/182,1311,April-16-2009,Sales,0,8.0000 - 9.6000,8.5,Issue,NTB,"8.0000 - ,8.5000",182,10000,43679.14,10000,8.8762,3rd Week
2008-10-23,5110.45,Primary Market,October-23-2008,23-10-2008/91,1312,January-22-2009,Sales,0,6.0000 - 8.8000,6.8,Issue,NTB,6.0000 - 6.8000,91,5110.45,22410.32,5110.45,6.9173,4th Week
2008-10-23,10799.68,Primary Market,October-23-2008,23-10-2008/182,1313,April-23-2009,Sales,10799.68,6.5000 - 9.3000,7.74,Issue,NTB,6.5000 - 7.7400,182,10799.68,39259.1,10799.68,8.0507,4th Week
2008-10-30,5000,Primary Market,October-30-2008,30-10-2008/91,1314,January-29-2009,Sales,0,6.0000 - 8.8000,6.5,Issue,NTB,6.0000 - 6.5000,91,5000,18799.13,5000,6.6071,5th Week
2008-10-30,10000,Primary Market,October-30-2008,30-10-2008/182,1315,April-30-2009,Sales,0,6.5000 - 9.3000,8.2,Issue,NTB,6.5000 - 8.2000,182,10000,16184.22,10000,8.5496,5th Week
2008-11-20,5000,Primary Market,November-20-2008,20-11-2008/91,1316,February-19-2009,Sales,0,6.0000 - 7.1000,6.8,Issue,NTB,6.0000 - 6.8000,91,5000,13235.31,5000,6.9173,4th Week
2008-11-20,10000,Primary Market,November-20-2008,20-11-2008/182,1317,May-21-2009,Sales,0,6.4999 - 7.3000,6.9,Issue,NTB,6.4999 - 6.9000,182,10000,41580.92,10000,7.1459,4th Week
2008-11-21,0,OMO,November-21-2008,21-11-2008/7,1318,November-28-2008,Purchases,15012,10,10,Issue,NTB,10,7,0,15012,15012,10.0192,4th Week
2008-11-21,0,OMO,November-21-2008,21-11-2008/30,1319,December-21-2008,Purchases,19896.48,16.5,16.5,Issue,NTB,16.5,30,19896.48,19896.48,19896.48,16.7268,4th Week
2008-11-24,0,OMO,November-24-2008,24/11/2008,1320,January-23-2009,Sales,19896.48,16.75,16.75,Issue,NTB,16.75,60,0,19896.48,19896.48,17.22,5th Week
2008-11-27,0,OMO,November-27-2008,27/11/08,1321,February-25-2009,Sales,20031.24,17.25,17.25,Issue,NTB,17.25,90,41633.24,21602,21602,18.02,5th Week
2008-11-27,5000,Primary Market,November-27-2008,27/11/08/91,1322,February-26-2009,Sales,0,6.0000 - 7.1000,6.5,Issue,NTB,6.0000 - 6.5000,91,5000,26208.74,5000,6.6071,5th Week
2008-11-27,10000,Primary Market,November-27-2008,27/11/08/182,1323,May-28-2009,Sales,0,6.4999 - 7.3000,6.595,Issue,NTB,6.4999 - 6.5950,182,10000,42577.84,10000,6.8192,5th Week
2008-11-28,20000,Primary Market,November-28-2008,28/11/08/3,1324,November-28-2011,Sales,20000,9.0000 - 13.5000,10,Maginal,FGN Bonds,9.0000 - 10.0000,3,0,34890,20000,10.0082,5th Week
2008-11-28,10000,Primary Market,November-28-2008,28/11/08/5,1325,November-27-2013,Sales,10000,5.0000 - 16.0000,10.5,Maginal,FGN Bonds,5.0000 - 10.5000,5,0,25890,10000,10.5151,5th Week
2008-11-28,10000,Primary Market,November-28-2008,28/11/08/20,1326,November-23-2028,Sales,10000,11.5000 - 21.49000,15,Maginal,FGN Bonds,11.50 - 15.0000,20,0,23520,10000,15.1243,5th Week
2008-11-28,0,OMO,November-28-2008,28/11/08/7,1327,December-05-2008,Sales,22377.67,10.0000 - 15.7500,15.75,Issue,NTB,10.0000 - 15.7500,7,15012,37389.67,37389.67,15.7977,5th Week
2008-12-04,5000,Primary Market,December-04-2008,04-12-08/91,1328,March-05-2009,Sales,0,5.6400 - 7.1500,5.94,Issue,NTB,5.6400 - 5.9400,91,5000,18544.86,5000,6.0293,1st Week
2008-12-04,10000,Primary Market,December-04-2008,04-12-2008/182,1329,June-04-2009,Sales,0,5.7200 - 7.2500,5.989,Issue,NTB,5.7200 - 5.9890,182,10000,44059.16,10000,6.1734,1st Week
2008-12-04,25000,Primary Market,December-04-2008,04/12/08/364,1330,December-03-2009,Sales,0,7.0000 - 9.000,7.6499,Issue,NTB,7.0000 - 7.6499,364,25000,87499.02,25000,8.2817,1st Week
2008-12-10,0,OMO,December-10-2008,10/12/08/90,1331,March-10-2009,Purchases,19598.68,17.2500 - 17.2500,17.25,Issue,NTB,17.25,90,0,19598.68,19598.68,18.0163,2nd Week
2008-12-11,5000,Primary Market,December-11-2008,11/12/08/91,1332,March-12-2009,Sales,665.08,5.0000 - 6.6500,5.44,Issue,NTB,5.0000 - 5.4400,91,4334.92,22419.81,5000,5.5148,2nd Week
2008-12-11,10000,Primary Market,December-11-2008,11/12/08/182,1333,June-11-2009,Sales,0,5.0000 - 7.0000,5.74,Issue,NTB,5.0000 - 5.7400,182,10000,21378.64,10000,5.9091,2nd Week
2008-12-18,5000,Primary Market,December-18-2008,18/12/2008/91,1334,March-19-2009,Sales,0,4.5000 - 5.4350,5.435,Issue,NTB,4.5000 - 5.4350,91,5000,23822.38,5000,5.5097,3rd Week
2008-12-18,10000,Primary Market,December-18-2008,18/12/2008/182,1335,June-18-2009,Sales,0,5.0000 - 5.7300,5.2,Issue,NTB,5..0000 - 5.2000,182,10000,34050.95,10000,5.3384,3rd Week
2008-12-22,0,OMO,December-22-2008,22-12-2008/7,1336,December-29-2008,Purchases,886,10.0000 - 15.7500,15.75,Issue,NTB,10.0000 - 15.7500,7,70756,69870,69870,15.7977,4th Week
2008-12-29,0,OMO,December-29-2008,29-12-2008/7,1337,January-05-2009,Purchases,7510,10.0000 - 15.7500,15.75,Issue,NTB,10.0000 - 15.7500,7,69870,77380,77380,15.7977,5th Week
2008-12-30,0,OMO,December-30-2008,30-12-08/90,1338,March-30-2009,Purchases,7451.11,17.25,17.25,Issue,OMO,17.25,90,0,7451.11,7451.11,18.0163,5th Week
2008-12-31,0,OMO,December-31-2008,31-12-08/30,1339,January-30-2009,Purchases,0,16.75,16.75,Issue,OMO,16.75,30,89770.45,89770.45,89770.45,16.9838,5th Week
2009-01-01,15000,OMO,January-01-2009,01-01-09/91,1340,April-02-2009,Sales,10000,4.000 - 7.0000,5.1,Issue,OMO,4.0000 - 5.1000,91,5000,17207.02,15000,5.1657,1st Week
2009-01-01,20356.17,Primary Market,January-01-2009,01-01-09/281,1341,July-02-2009,Sales,15356.17,2.4800 - 9.0000,6,Issue,NTB,2.4800 - 9.0000,182,5000,24108.75,20356.17,6.185,1st Week
2009-01-15,15000,Primary Market,January-15-2009,15-01-2009/91,1342,April-16-2009,Sales,10000,3.0000 - 5.9900,3.7,Issue,NTB,3.0000 - 3.7000,91,5000,44109.49,15000,3.7344,3rd Week
2009-01-15,15000,Primary Market,January-15-2009,15-01-2009/182,1343,July-16-2009,Sales,10000,3.5000 - 8.0000,4.4,Issue,NTB,3.5000 - 4.4000,182,5000,47827.92,15000,4.4987,3rd Week
2009-01-15,30000,Primary Market,January-15-2009,15-01-2009/364,1344,January-14-2010,Sales,30000,3.9000 - 9.2499,5.5,Issue,NTB,3.9000 - 5.5000,364,0,133250,30000,5.8192,3rd Week
2009-01-29,10110.45,Primary Market,January-29-2009,29-01-2009/91,1345,April-30-2009,Sales,5110.45,2.0800 - 3.9900,2.34,Issue,NTB,2.0800 - 2.3400,91,5000,40450.92,10110.45,2.3537,5th Week
2009-01-29,10000,Primary Market,January-29-2009,29-01-2009/182,1346,July-30-2009,Sales,5000,2.0200 - 4.5900,2.85,Issue,NTB,2.0200 - 2.8500,182,5000,63159.94,10000,2.8911,5th Week
2009-01-30,10000,Primary Market,January-30-2009,30-01-2009/3YR,1347,January-30-2012,Sales,10000,7.0000 - 14.0000,9.92,Maginal,FGN Bonds,7.0000 - 9.9200,3,0,36570,10000,9.9281,5th Week
2009-01-30,20000,Primary Market,January-30-2009,30-01-2009/5YR,1348,January-29-2014,Sales,20000,8.5000 - 16.0000,11.4,Maginal,FGN Bonds,8.5000 - 11.4000,5,0,26580,20000,11.4178,5th Week
2009-01-30,20000,Primary Market,January-30-2009,30-01-2009/20YR,1349,January-25-2029,Sales,20000,11.0000 - 18.0200,13.24,Maginal,FGN Bonds,11.0000 - 13.2400,20,0,48550,20000,13.3368,5th Week
2009-01-30,20000,OMO,January-30-2009,30-01-90/90,1350,April-30-2009,Sales,20286.68,1.2500 - 5.5000,2,Issue,NTB,1.2500 - 2.0000,90,0,68536.68,20286.68,2.0099,5th Week
2009-02-12,15106.56,Primary Market,February-12-2009,12-02-2009/91,1351,May-14-2009,Sales,10106.56,1.4499 - 8.0000,1.898,Issue,NTB,1.4499 - 1.8980,91,5000,54231.56,15106.56,1.907,2nd Week
2009-02-12,15000,Primary Market,February-12-2009,12-02-2009/182,1352,August-13-2009,Sales,10000,2.0000 - 8.0000,2.588,Issue,NTB,2.0000 - 2.5880,182,5000,33939.8,15000,2.6218,2nd Week
2009-02-12,20000,Primary Market,February-12-2009,12-02-2009/364,1353,February-11-2010,Sales,20000,2.5000 - 9.0000,4.749,Issue,NTB,2.5000 - 4.7490,364,0,55753,20000,4.9851,2nd Week
2009-02-26,15000,Primary Market,February-26-2009,26-02-2009/91,1354,May-28-2009,Sales,10000,1.2000 - 8.3599,2,Issue,NTB,1.2000 - 2.0000,91,5000,24653.41,15000,2.01,4th Week
2009-02-26,15000,Primary Market,February-26-2009,26-02-2009/182,1355,August-27-2009,Sales,10000,2.0000 - 9.2599,2.55,Issue,NTB,2.0000 - 2.5500,182,5000,28811.4,15000,2.5828,4th Week
2009-02-27,20000,Primary Market,February-27-2009,27-02-09,1356,February-27-2012,Sales,20000,7.0000 - 14.5000,10.25,Maginal,FGN Bonds,7.0000 -10.2500,3,0,35490,20000,10.2586,4th Week
2009-02-27,20000,Primary Market,February-27-2009,27-02-09/20,1357,February-22-2029,Sales,20000,11.2000-16.0100,13.21,Maginal,FGN Bonds,11.2000-13.2100,20,0,25210,20000,13.3063,4th Week
2009-02-27,20000,Primary Market,February-27-2009,27-02-2009,1358,February-26-2014,Sales,20000,7.0000-15.0000,11.64,Maginal,NT Bonds,7.0000-11.6400,5,0,27370,20000,11.6586,4th Week
2009-03-05,20000,OMO,March-05-2009,05-03-2009/84,1359,May-28-2009,Sales,10000,1.9000 - 5.5000,2.45,Issue,NTB,1.9000 - 2.4500,84,10000,35500,20000,2.4639,1st Week
2009-03-12,10000,Primary Market,March-12-2009,12-03-09/91,1360,June-11-2009,Sales,5000,1.3500 - 3.9900,2.45,Issue,NTB,1.3500 - 2.4500,91,5000,11250,10000,2.4651,2nd Week
2009-03-12,10000,Primary Market,March-12-2009,12-03-09/182,1361,September-10-2009,Sales,5000,2.2500 - 2.6500,2.65,Issue,NTB,2.2500 - 2.6500,182,5000,10000,10000,2.6855,2nd Week
2009-03-12,20000,Primary Market,March-12-2009,12-03-09/364,1362,March-11-2010,Sales,20000,4.5000 - 5.9800,5.98,Issue,NTB,4.5000 - 5.9800,364,0,20000,20000,6.3592,2nd Week
2009-03-19,20000,OMO,March-19-2009,19-03-2009/147,1363,August-13-2009,Sales,22000,2.2500 - 8.0000,2.85,Issue,NTB,2.2500 - 2.8500,147,0,35500,22000,2.8831,3rd Week
2009-03-20,20000,Primary Market,March-20-2009,20-03-2009,1364,March-19-2012,Sales,20000,7.0000 - 12.7500,10.95,Maginal,FGN Bonds,7.0000 - 10.9500,3,0,26700,20000,10.9599,3rd Week
2009-03-20,20000,Primary Market,March-20-2009,20-03-09,1365,March-19-2014,Sales,20000,8.0000 - 13.0000,12,Maginal,FGN Bonds,8.0000 - 12.0000,5,0,23640,20000,12.0198,3rd Week
2009-03-20,10000,Primary Market,March-20-2009,20-03-09/20,1366,March-15-2029,Sales,10000,9.8000 - 15.6500,13.4999,Maginal,FGN Bonds,9.8000 - 13.4999,20,0,26400,10000,13.6005,3rd Week
2009-03-26,10000,Primary Market,March-26-2009,26-03-09/91,1367,June-25-2009,Sales,10000,1.8000 - 6.9900,2.6,Issue,NTB,1.8000 - 2.6000,91,0,13078.69,10000,2.617,4th Week
2009-03-26,30000,Primary Market,March-26-2009,26-03-09/182,1368,September-24-2009,Sales,20000,2.4590 - 5.4900,3,Issue,NTB,2.4590 - 3.0000,182,10000,45228.55,30000,3.0456,4th Week
2009-04-09,15000,Primary Market,April-09-2009,09-04-09/91,1369,July-09-2009,Sales,15000,2.0000 - 5.4900,3.15,Issue,NTB,2.0000 - 3.1500,91,0,16000,15000,3.1749,2nd Week
2009-04-09,15556.57,Primary Market,April-09-2009,09-04-09/182,1370,October-08-2009,Sales,5000.2,2.8980 - 9.3500,4.588,Issue,NTB,2.89800 - 4.588,182,15556.57,17275.36,15556.57,4.695,2nd Week
2009-04-09,30000,Primary Market,April-09-2009,09-04-09/364,1371,April-08-2010,Sales,15000,5.7990 - 9.2400,6.5,Issue,NTB,5.7990 - 6.5000,364,15000,45000,30000,6.9505,2nd Week
2009-04-16,10000,OMO,April-16-2009,16-04-2009/133,1372,August-27-2009,Sales,7000,3.1500 - 5.9890,4.39,Issue,NTB,3.1500 - 4.3900,133,0,11500,7000,4.4614,3rd Week
2009-04-16,10000,OMO,April-16-2009,16-04-2009/161,1373,September-24-2009,Sales,7000,3.4000 - 6.0000,4.5,Issue,NTB,3.4000 - 4.5000,161,0,10000,7000,4.5911,3rd Week
2009-04-23,35000,Primary Market,April-23-2009,24-04-09/3YRS,1374,April-22-2012,Sales,35000,5.0000 - 12.0000,11,Maginal,FGN Bonds,5.0000 - 11.0000,3,0,39440,35000,11.01,4th Week
2009-04-23,25000,Primary Market,April-23-2009,24-04-09/5YRS,1375,April-22-2014,Sales,25000,8.0000 - 14.0000,11.85,Maginal,FGN Bonds,8.0000 - 11.8500,5,0,40060,25000,11.8693,4th Week
2009-04-23,10000,Primary Market,April-23-2009,24-04-09/20YRS,1376,April-18-2029,Sales,10000,8.5000 - 17.0000,11.5,Maginal,FGN Bonds,8.5000 - 11.5000,20,0,33180,10000,11.5729,4th Week
2009-04-23,10000,Primary Market,April-23-2009,23-04-09/91,1377,July-23-2009,Sales,10000,3.0000 - 7.0600,3.6,Issue,NTB,3.0000 - 3.6000,91,0,13731.7,10,3.6326,4th Week
2009-04-23,30799.68,Primary Market,April-23-2009,23-04-09/182,1378,October-22-2009,Sales,20000,2.2000 - 6.3800,5.199,Issue,NTB,2.2000 - 5.1990,182,10799.68,43226.28,30799.68,5.3374,4th Week
2009-05-07,15110.15,OMO,May-07-2009,07-05-09/91,1379,August-06-2009,Sales,15110.15,2.5000 - 7.0900,3.4,Issue,NTB,2.5000 - 3.4000,91,0,21299.62,15110.15,3.4291,2nd Week
2009-05-07,30000,OMO,May-07-2009,07-05-09/182,1380,November-05-2009,Sales,20000,4.2490 - 7.0000,5.15,Issue,NTB,4.2490 - 5.1500,182,10000,45011.1,30000,5.2857,2nd Week
2009-05-07,30000,OMO,May-07-2009,07-05-09/364,1381,May-06-2010,Sales,15000,5.8980 - 9.0000,6.75,Issue,NTB,5.8980 - 6.7500,364,15000,36000,30000,7.2372,2nd Week
2009-05-21,15106.56,Primary Market,May-21-2009,21-05-09/91,1382,August-20-2009,Sales,15106.56,2.9700 - 5.0000,3.135,Issue,NTB,2.9700 - 3.1350,91,0,28876.47,15106.56,3.1597,4th Week
2009-05-21,30000,Primary Market,May-21-2009,21-05-09/182,1383,November-19-2009,Sales,20000,4.0800 - 7.0000,5.05,Issue,NTB,4.0800 - 7.0000,182,10000,60008,30000,5.1804,
2009-05-22,20000,Primary Market,May-22-2009,22-05-09/3,1384,May-21-2012,Sales,20000,6.0000 - 12.7500,10.5,Maginal,FGN Bonds,6.0000 - 10.5000,3,0,35890,20000,10.5091,4th Week
2009-05-22,20000,Primary Market,May-22-2009,22-05-09/5,1385,May-21-2014,Sales,20000,7.2000 - 12.5400,11.2,Maginal,FGN Bonds,7.2000 - 11.2000,5,0,48440,20000,11.2172,4th Week
2009-05-22,10000,Primary Market,May-22-2009,22-05-09/20,1386,May-17-2029,Sales,10000,10.0000 - 14.9000,12.49,Maginal,FGN Bonds,10.0000 - 12.4900,20,0,33280,10000,12.5761,4th Week
2009-05-28,10000,OMO,May-28-2009,28-05-09/119,1387,September-24-2009,Sales,1750,2.4000 - 4.9990,3.04,Issue,NTB,2.4000 - 3.0400,119,20000,45750,18250,3.0704,5th Week
2009-05-28,10000,OMO,May-28-2009,28-05-09/189,1388,December-03-2009,Sales,21000,4.2500 - 6.0000,5,Issue,NTB,4.2500 - 5.0000,189,0,30250,21000,5.1329,5th Week
2009-06-04,15000,Primary Market,June-04-2009,04-06-09/91,1389,September-03-2009,Sales,15000,2.7000 - 5.0000,2.999,Issue,NTB,2.7000 - 2.9990,91,0,29491.49,15000,3.0216,1st Week
2009-06-04,30000,Primary Market,June-04-2009,04-06-09/182,1390,December-03-2009,Sales,20000,3.0000 - 5.5000,4.85,Issue,NTB,3.0000 - 4.8500,182,10000,63261,30000,4.9702,1st Week
2009-06-04,30000,Primary Market,June-04-2009,04-06-09/364,1391,June-03-2010,Sales,15000,5.4980 - 7.0000,6,Issue,NTB,5.4980 - 6.0000,364,15000,88750,30000,6.3819,1st Week
2009-06-18,15000,Primary Market,June-18-2009,18-06-09/91,1392,September-17-2009,Sales,15000,2.0000 - 8.3900,3.645,Issue,NTB,2.0000 - 3.6450,91,0,18824.11,15000,3.6784,3rd Week
2009-06-18,30000,Primary Market,June-18-2009,18-06-09/182,1393,December-17-2009,Sales,20000,3.4900 - 8.3900,6.125,Issue,NTB,3.4900 - 6.1250,182,10000,33507.5,30000,6.318,3rd Week
2009-06-19,20000,Primary Market,June-19-2009,19-06-2009/3YRS,1394,June-18-2012,Sales,20000,7.0000 - 11.8000,10.1,Maginal,FGN Bonds,7.0000 - 10.1000,3,0,40070,20000,10.1084,3rd Week
2009-06-19,10000,Primary Market,June-19-2009,19-06-2009/5YRS,1395,June-18-2014,Sales,10000,7.0000 - 12.5000,10.7,Maginal,FGN Bonds,7.0000 - 10.7000,5,0,35690,10000,10.7157,3rd Week
2009-06-19,20000,Primary Market,June-19-2009,19-06-2009/20YRS,1396,June-14-2029,Sales,20000,8.0000. - 15.0000,12.33,Maginal,FGN Bonds,8.0000 - 12.3300,20,0,43920,20000,12.4139,3rd Week
2009-06-25,10000,OMO,June-25-2009,25-06-09/84,1397,September-17-2009,Sales,7000,3.9000 - 7.2500,3.644,Issue,NTB,3.9000 - 3.6440,84,0,12000,7000,3.6748,4th Week
2009-06-25,20000,OMO,June-25-2009,25-06-09/231,1398,February-11-2010,Sales,20550,4.7900 - 7.2500,5.74,Issue,NTB,4.7900 - 5.7400,231,0,39600,20550,5.9564,4th Week
2009-07-02,10000,Primary Market,July-02-2009,02-07-09/91,1399,October-01-2009,Sales,10000,2.8000 - 5.4000,3.64,Issue,NTB,2.8000 - 3.6400,91,0,12888.91,10000,3.6733,1st Week
2009-07-02,20356.17,Primary Market,July-02-2009,02-07-09/182,1400,December-31-2009,Sales,0,4.5000 - 6.5000,5.699,Issue,NTB,4.5000 - 5.6990,182,20356.17,32471.18,20356.17,5.8657,1st Week
2009-07-17,20000,Primary Market,July-17-2009,17-07-09/3YR,1401,July-16-2012,Sales,20000,6.0500 - 10.5000,8.14,Maginal,FGN Bonds,6.0500 - 8.1400,3,0,51360,20000,8.1454,3rd Week
2009-07-17,20000,Primary Market,July-17-2009,17-07-09/5YR,1402,July-16-2014,Sales,20000,6.0000 - 12.0000,9.39,Maginal,FGN Bonds,6.0000 - 9.3900,5,0,40420,20000,9.4021,3rd Week
2009-07-17,20000,Primary Market,July-17-2009,17-07-09-20YR,1403,July-12-2029,Sales,20000,8.2600 - 12.7500,11,Maginal,FGN Bonds,8.2600 - 11.0000,20,0,46440,20000,11.0667,3rd Week
2009-07-23,15000,Primary Market,July-23-2009,23-07-2009/91,1404,October-22-2009,Sales,5000,3.0000 - 4.4990,4.115,Issue,NTB,3.0000 - 4.1150,91,10000,23952.03,15000,4.1577,4th Week
2009-07-23,30000,Primary Market,July-23-2009,23-07-2009/182,1405,January-21-2010,Sales,0,4.4300 - 5.7500,5.189,Issue,NTB,4.4300 - 5.1890,182,0,56018.37,30000,5.3268,4th Week
2009-07-28,0,OMO,July-28-2009,28-07-09/28,1406,August-25-2009,Purchases,2502,9.0000 - 9.0000,9,Issue,NTB,9,28,0,2502,2502,9.0626,5th Week
2009-07-29,0,OMO,July-29-2009,29-07-2009/30,1407,August-28-2009,Purchases,57573.85,9.0000 - 9.0000,9,Issue,NTB,9,30,65573.85,8000,8000,9.0671,5th Week
2009-07-30,0,OMO,July-30-2009,30-07-2009/30,1408,August-29-2009,Purchases,10597,9.0000 - 9.0000,9,Issue,Others,9,30,29750,18153,18153,9.0671,5th Week
2009-08-11,0,OMO,August-11-2009,11-08-2009/30,1409,September-10-2009,Purchases,20000,9.0000 - 9.0000,9,Issue,Others,9,30,0,20000,20000,9.0671,3rd Week
2009-08-12,0,OMO,August-12-2009,12-08-2009/30,1410,September-11-2009,Purchases,6210,9.0000 - 9.0000,9,Issue,Others,9,30,0,6210,6210,9.0671,3rd Week
2009-08-13,15110.45,Primary Market,August-13-2009,13-08-2009/91,1411,November-12-2009,Sales,15110.45,3.4900 - 4.7000,4.7,Issue,NTB,3.4900 - 4.7000,91,0,15510.58,15110.45,4.7557,3rd Week
2009-08-13,30000,Primary Market,August-13-2009,13-08-2009/182,1412,February-11-2010,Sales,15000,3.5000 - 5.8000,5.399,Issue,NTB,3.5000 - 5.3990,182,15000,46754.83,30000,5.5484,3rd Week
2009-08-13,30000,Primary Market,August-13-2009,13-08-2009/364,1413,August-12-2010,Sales,30000,4.9999 - 7.4590,5.6,Issue,NTB,4.9999 - 5.6000,364,0,70251.1,30000,5.9312,3rd Week
2009-08-13,0,OMO,August-13-2009,13-08-2009/7,1414,August-20-2009,Sales,3510,9.0000 - 9.0000,9,Issue,Others,9,7,0,3510,3510,9.0156,3rd Week
2009-08-13,0,OMO,August-13-2009,13-08-2009/30,1415,September-12-2009,Purchases,5670,9.0000 - 9.0000,9,Issue,Others,9,30,0,5670,5670,9.0671,3rd Week
2009-08-26,0,OMO,August-26-2009,26/08/2009/26,1416,September-21-2009,Purchases,5000,9.0000 - 9.0000,9,Issue,Others,9,26,0,5000,5000,9.0581,5th Week
2009-08-27,15106.56,Primary Market,August-27-2009,27/08/2009/91,1417,November-26-2009,Sales,15106.56,3.9900 - 4.9000,4.8,Issue,NTB,3.9900 - 4.8000,91,0,17066.94,15106.56,4.8581,5th Week
2009-08-27,15000,Primary Market,August-27-2009,27/08/2009/182,1418,February-25-2010,Sales,0,4.9300 - 6.1499,5.5,Issue,NTB,4.9300 - 5.5000,182,15000,19472.5,15000,5.6551,5th Week
2009-08-28,0,OMO,August-28-2009,30/08/09/30,1419,September-27-2009,Purchases,12000,9.0000 - 9.0000,9,Issue,Others,9,30,8000,20000,20000,9.0671,5th Week
2009-09-10,15000,Primary Market,September-10-2009,10-09--2009/91,1420,December-10-2009,Sales,15000,3.9900 - 6.0000,4.799,Issue,NTB,3.9900 - 4.7990,91,0,22681.53,15000,4.8571,2nd Week
2009-09-10,30000,Primary Market,September-10-2009,10/09/2009/182,1421,March-11-2010,Sales,20000,5.0000 - 6.0122,5.69,Issue,NTB,5.0000 - 5.6900,182,10000,38504.5,30000,5.8562,2nd Week
2009-09-10,30000,Primary Market,September-10-2009,10/09/2009/364,1422,September-09-2010,Sales,30000,5.2490 - 6.4590,5.6,Issue,NTB,5.2490 - 5.6000,364,0,54000.05,30000,5.9312,2nd Week
2009-10-15,15000,Primary Market,October-15-2009,15/10/2009/91,1423,January-14-2010,Sales,15000,3.9900 - 8.1250,5.25,Issue,NTB,3.9900 - 5.2500,91,0,39187.46,15000,5.3196,3rd Week
2009-10-15,30556.57,Primary Market,October-15-2009,15/10/2009/182,1424,April-15-2010,Sales,30556.57,5.4500 - 8.4439,6.91,Issue,NTB,5.4500 - 6.9100,182,0,48351.25,30556.57,7.1566,3rd Week
2009-10-15,30000,Primary Market,October-15-2009,15/10/2009/364,1425,October-14-2010,Sales,30000,5.5000 - 9.0149,7.1,Issue,NTB,5.5000 - 7.1000,364,0,44500,30000,7.641,3rd Week
2009-10-23,20000,Primary Market,October-23-2009,23/10/09,1426,October-22-2012,Sales,31500,5.0000 - 8.2500,7,Maginal,FGN Bonds,5.000 - 7.0000,3,0,32890,31500,7.004,4th Week
2009-10-23,10000,Primary Market,October-23-2009,23/10/2009,1427,October-21-2019,Sales,10000,4.3400 - 12.4900,7,Maginal,FGN Bonds,4.3400 - 7.0000,10,0,35890,10000,7.0135,4th Week
2009-10-23,19440,Primary Market,October-23-2009,23/10/09/20,1428,October-18-2029,Sales,19440,5.0000 - 12.0000,8.79,Maginal,FGN Bonds,5.0000 - 8.79000,20,0,42840,19440,8.8325,4th Week
2009-10-29,15000,Primary Market,October-29-2009,29/10/2009/91,1429,January-28-2010,Sales,5000,3.9999 - 5.5000,4.9,Issue,NTB,3.9999 - 4.9000,91,10000,26142.48,15000,4.9606,5th Week
2009-10-29,30799.68,Primary Market,October-29-2009,29/10/2009/182,1430,April-29-2010,Sales,30799.68,4.9900 - 7.2490,5.745,Issue,NTB,4.9900 - 5.7450,182,0,71457,30799.68,5.9144,5th Week
2009-11-12,15110.45,Primary Market,November-12-2009,12-11-2009/91,1431,February-11-2010,Sales,0,3.8900 - 6.0000,4.655,Issue,NTB,3.8900 - 4.6550,91,15110.45,36245.34,15110.45,4.7097,2nd Week
2009-11-12,30000,Primary Market,November-12-2009,12-11-2009/182,1432,May-13-2010,Sales,30000,4.5000 - 6.3990,5.659,Issue,NTB,4.5000 - 5.6590,182,0,39864.1,30000,5.8233,2nd Week
2009-11-12,30000,Primary Market,November-12-2009,12-11-2009/364,1433,November-11-2010,Sales,30000,4.6310 - 7.4990,5.7,Issue,NTB,4.6310 - 5.7000,364,0,71752.1,30000,6.0435,2nd Week
2009-11-20,15000,Primary Market,November-20-2009,20/11/2009,1434,November-19-2012,Sales,15000,5.1000 - 9.000,6.75,Maginal,FGN Bonds,5.1000 - 6.7500,3,0,43400,15000,6.7537,3rd Week
2009-11-20,20000,Primary Market,November-20-2009,20/11/2009 /10YR,1435,November-18-2019,Sales,20000,5.7500 - 10.0000,8.32,Maginal,FGN Bonds,5.7500 - 8.3200,10,0,30430,20000,8.339,3rd Week
2009-11-20,30000,Primary Market,November-20-2009,20/11/2009/20YRS,1436,November-15-2029,Sales,30000,5.4000 - 12.2500,8.5,Maginal,FGN Bonds,5.4000 - 12.2500,20,0,74160,30000,8.5398,3rd Week
2009-11-26,15106.56,Primary Market,November-26-2009,26/11/2009/91,1437,February-25-2010,Sales,0,3.0000 - 5.6590,4.3,Issue,NTB,3.0000 - 4.3000,91,15106.56,30600.25,15106.56,4.3466,4th Week
2009-11-26,30000,Primary Market,November-26-2009,26/11/2009/182,1438,May-27-2010,Sales,30000,4.6990 - 6.0840,5.31,Issue,NTB,4.6990 - 5.3100,182,0,68571.5,30000,5.4544,4th Week
2009-12-10,15000,Primary Market,December-10-2009,10-12-2009/91,1439,March-11-2010,Sales,0,3.2000 - 5.0990,3.625,Issue,NTB,3.2000 - 3.6250,91,15000,42432.69,15000,3.6581,2nd Week
2009-12-10,30000,Primary Market,December-10-2009,10-12-2009/182,1440,June-10-2010,Sales,30000,4.1500 - 5.8990,5.215,Issue,NTB,4.1500 - 5.2150,182,0,46800.9,30000,5.3542,2nd Week
2009-12-10,30000,Primary Market,December-10-2009,10-12-2009/364,1441,December-09-2010,Sales,30000,4.6000 - 7.0990,5.299,Issue,NTB,4.6000 -5.2990,364,0,66050,30000,5.5946,2nd Week
2009-12-17,16648.64,Primary Market,December-17-2009,17-12-2009/91,1442,March-18-2010,Sales,0,2.7000 - 5.4490,3.999,Issue,NTB,2.7000 - 3.9990,91,16648.64,27667.36,16648.64,4.0393,3rd Week
2009-12-17,,Primary Market,December-17-2009,17-12-2009/182,1443,June-17-2010,Sales,0,3.9000 - 6.2250,4.745,Issue,NTB,3.9000 - 4.7450,182,30000,75002,30000,4.86,3rd Week
2009-12-31,10553.02,Primary Market,December-31-2009,31-12-2009/91,1444,April-01-2010,Sales,8351.36,2.5000- 6.0000,4.545,Issue,NTB,2.5000-4.5450,91,18904.38,24033.55,10553.02,4.5971,5th Week
2009-12-31,30356.17,Primary Market,December-31-2009,31-12-2009/182,1445,July-01-2010,Sales,10000,4.4990-6.9000,5.999,Issue,NTB,4.4990-5.9990,182,20356.17,41349.59,30356.17,6.184,5th Week
2010-01-14,18585.62,Primary Market,January-14-2010,14-01-2010/91,1446,April-15-2010,Sales,3585.62,2.7500 - 5.5499,3.9998,Issue,NTB,2.7500 - 3.9998,91,15000,38514.68,18585.62,4.0401,2nd Week
2010-01-14,45403.15,Primary Market,January-14-2010,14-01-2010/182,1447,July-15-2010,Sales,45403.15,4.5000 - 7.2175,5.249,Issue,NTB,4.5000 - 5.2490,182,0,82258.4,45403.15,5.3901,3rd Week
2010-01-14,45845.41,Primary Market,January-14-2010,14-01-2010/364,1448,January-13-2011,Sales,15845.41,4.5000 - 8.1500,5.35,Issue,NTB,4.5000 - 5.3500,364,30000,98051,45845.41,5.6515,3rd Week
2010-01-22,38500,Primary Market,January-22-2010,22-01-2010/3YRS,1449,January-21-2013,Sales,38500,5.1500 - 9.0000,6.8299,Maginal,FGN Bonds,5.1500 - 6.8299,3,0,40430,38500,6.8337,4th Week
2010-01-22,25000,Primary Market,January-22-2010,22-01-2010/10YRS,1450,January-20-2020,Sales,25000,6.3500 - 10.5000,8.14,Maginal,FGN Bonds,6.3500 - 10.5000,10,0,42100,25000,8.1582,4th Week
2010-01-22,30000,Primary Market,January-22-2010,22-01-2010/20YRS,1451,January-17-2030,Sales,30000,6.5000 - 12.0000,8.5,Maginal,FGN Bonds,6.5000 - 8.5000,20,0,65500,30000,8.5398,4th Week
2010-01-28,10000,Primary Market,January-28-2010,28/01/2010/91,1452,April-29-2010,Sales,5000,2.9000 - 4.1998,3.1985,Issue,NTB,2.9000 - 3.1985,91,15000,58435.72,10000,3.2242,5th Week
2010-01-28,30000,Primary Market,January-28-2010,28/01/2010/182,1453,July-29-2010,Sales,20000,4.2000 - 5.4900,4.73,Issue,NTB,4.2000 - 4.7300,182,10000,107037.36,30000,4.8443,5th Week
2010-02-11,5110.45,Primary Market,February-11-2010,11/02/2010/91,1454,May-13-2010,Purchases,10000,1.8500-3.2320,2.645,Issue,NTB,1.8500-2.6450,91,15110.45,18951.98,5110.45,2.6626,2nd Week
2010-02-11,30000,Primary Market,February-11-2010,11/02/2010/182,1455,August-12-2010,,0,3.9000-5.1550,4.23,Issue,NTB,3.9000-4.2300,182,30000,88767.6,30000,4.3211,2nd Week
2010-02-11,30000,Primary Market,February-11-2010,11/02/2010/364,1456,February-10-2011,Sales,10000,2.6150-5.6900,4.55,Issue,NTB,2.6150-4.5500,364,20000,127029.2,30000,4.7663,2nd Week
2010-02-19,20000,Primary Market,February-19-2010,19-02-2010/3YEARS,1457,February-18-2013,Sales,20000,3.5000-12.0000,5.5,Maginal,FGN Bonds,3.5000-5.5000,3,0,78030,20000,5.5025,3rd Week
2010-02-19,25000,Primary Market,February-19-2010,19-02-2010/10YEARS,1458,February-17-2020,Sales,25000,5.3500-9.0000,7.15,Maginal,FGN Bonds,5.3500-7.1500,10,0,53200,25000,7.164,3rd Week
2010-02-19,30000,Primary Market,February-19-2010,19-02-2010/20YEARS,1459,February-14-2030,Sales,30000,6.4000-11.0000,8.02,Maginal,FGN Bonds,6.4000-8.0200,20,0,66050,30000,8.0554,3rd Week
2010-02-25,30000,Primary Market,February-25-2010,25/02/2010/182,1460,August-26-2010,Sales,30000,1.9000-5.5755,2.444,Issue,NT Bonds,1.9000-2.4440,182,15000,128765.7,3000,2.4742,4th Week
2010-02-25,5106.56,Primary Market,February-25-2010,25/02/2010/91,1461,May-27-2010,Purchases,5106.56,1.8400-3.8550,2.02,Issue,NTB,1.8400-2.0200,91,15106.56,45518.56,5106.56,2.0302,4th Week
2010-03-11,5000,Primary Market,March-11-2010,11/03/201091,1462,June-10-2010,Sales,0,0.9500 - 2.0200,1.04,Issue,NTB,0.9500 - 1.0400,91,5000,27296.01,5000,1.0427,2nd Week
2010-03-11,30000,Primary Market,March-11-2010,11-03-2010/182,1463,September-09-2010,Sales,0,1.2500 - 3.0000,1.53,Issue,NTB,1.2500 - 1.5300,182,30000,62504,30000,1.5418,2nd Week
2010-03-11,30000,Primary Market,March-11-2010,11-03-2010/364,1464,March-10-2011,Sales,0,1.5500 - 4.9990,1.9,Issue,NTB,1.5500 - 1.9000,364,30000,78750,30000,1.9367,2nd Week
2010-04-01,10553.02,Primary Market,April-01-2010,01-04-2010/91,1465,July-01-2010,Sales,0,1.0000 - 2.7500,1.15,Issue,NTB,1.0000 - 1.1500,91,10553.02,51915.12,10553.02,1.1533,1st Week
2010-04-01,30000,Primary Market,April-01-2010,01-04-2010/182,1466,September-30-2010,Sales,0,1.2950 - 2.2970,1.673,Issue,NTB,1.2950 - 1.6730,182,30000,58775.4,30000,1.6871,1st Week
2010-04-07,20000,OMO,April-07-2010,07-04-2010/183,1467,October-07-2010,Sales,20000,1.5000 - 5.0000,2.249,Issue,NTB,1.5000 - 2.2490,183,0,25000,20000,2.2746,2nd Week
2010-04-15,18585.62,Primary Market,April-15-2010,15-04-2010/91,1468,July-15-2010,Sales,0,1.0000 - 4.5110,1.1599,Issue,NTB,1.0000 - 1.1599,91,18585.62,51964.18,18585.62,1.1633,3rd Week
2010-04-15,30556.57,Primary Market,April-15-2010,15-04-2010/182,1469,October-14-2010,Sales,0,1.5000 - 4.9110,2,Issue,NTB,1.500 - 2.0000,182,30556.57,47024.8,30556.57,2.0201,3rd Week
2010-04-15,30000,Primary Market,April-15-2010,15-04-2010/364,1470,April-14-2011,Sales,0,2.0450 - 6.5110,2.549,Issue,NTB,2.0450 - 2.5490,364,30000,54500,30000,2.6155,3rd Week
2010-04-21,20000,OMO,April-21-2010,21-04-2010/57,1471,June-17-2010,Sales,20000,1.2040 - 4.9110,1.799,Issue,NTB,1.2040 - 1.7990,57,0,49500,20000,1.8041,4th Week
2010-04-21,20000,OMO,April-21-2010,21-04-2010/127,1472,August-26-2010,Sales,20000,1.5990 - 5.1110,1.997,Issue,NTB,1.5990 - 1.9970,127,0,48250,20000,2.011,4th Week
2010-04-21,20000,OMO,April-21-2010,21-04-2010/169,1473,October-07-2010,Sales,20000,1.8000 - 6.5110,2.1912,Issue,NTB,1.8000 - 2.1912,169,0,77500,20000,2.2137,4th Week
2010-04-23,30000,Primary Market,April-23-2010,23/04/2010/3,1474,April-22-2013,Sales,30000,1.9500  - 5.5000,4.86,Maginal,FGN Bonds,1.9500 - 4.8600,3,0,36300,30000,4.8619,4th Week
2010-04-23,20000,Primary Market,April-23-2010,23/04/2010/5,1475,April-22-2015,Sales,20000,2.6200 - 6.5000,4,Maginal,FGN Bonds,2.6200 - 4.0000,5,0,68720,20000,4.0022,4th Week
2010-04-23,30000,Primary Market,April-23-2010,23/04/2010/20,1476,April-18-2030,Sales,30000,5.0000 - 10.5000,7.24,Maginal,FGN Bonds,5.000 - 7.2400,20,0,51150,30000,7.2688,4th Week
2010-04-27,20000,OMO,April-27-2010,27-04-2010/226,1477,December-09-2010,Sales,20000,2.3500 - 3.4990,2.989,Issue,NTB,2.3500 - 2.9890,226,0,31750,20000,3.0454,5th Week
2010-04-27,20000,OMO,April-27-2010,27-04-2010/352,1478,April-14-2011,Sales,20000,2.6000 - 5.1110,3.0123,Issue,NTB,2.6000 - 3.0123,352,0,43500,20000,3.1024,5th Week
2010-04-29,10000,Primary Market,April-29-2010,29-04-2010/91,1479,July-29-2010,Sales,0,1.0000 - 3.9990,1.3399,Issue,NTB,1.0000 - 1.3399,91,10000,54162.98,10000,1.3444,5th Week
2010-04-29,30799.68,Primary Market,April-29-2010,29-04-2010/182,1480,October-28-2010,Sales,0,1.4990 - 3.2490,2.9999,Issue,NTB,1.4990 - 2.9999,182,30799.68,47548.85,30788.68,3.0455,5th Week
2010-05-13,5110.45,Primary Market,May-13-2010,13/05/2010/91,1481,August-12-2010,Sales,0,1.0000 - 19550,1.65,Issue,NTB,1.0000 - 1.6500,91,5110.45,11785.89,5110.45,1.6568,3rd Week
2010-05-13,30000,Primary Market,May-13-2010,13/05/2010/182,1482,November-11-2010,Sales,0,2.7500 - 4.1700,3.1,Issue,NTB,2.7500 - 3.1000,182,30000,65003,30000,3.1487,3rd Week
2010-05-13,30000,Primary Market,May-13-2010,13/05/2010/364,1483,May-12-2011,Sales,30000,3.1830 - 4.4500,3.99,Issue,NTB,3.1830 - 3.9900,364,0,43500,30000,4.1553,3rd Week
2010-05-21,25000,Primary Market,May-21-2010,21-05-2010/3YR,1484,May-20-2013,Sales,25000,2.7500 - 8.2500,8.25,Maginal,FGN Bonds,2.7500 - 8.2500,3,0,26050,25000,8.2556,3rd Week
2010-05-21,25000,Primary Market,May-21-2010,21-05-2010/5YR,1485,May-20-2015,Sales,25000,3.0000 - 10.0000,9,Maginal,FGN Bonds,3.0000 - 9.0000,5,0,26200,25000,9.0111,3rd Week
2010-05-21,30000,Primary Market,May-21-2010,21-05-2010/20YR,1486,May-16-2030,Sales,30000,6.2000 - 13.7500,10,Maginal,FGN Bonds,6.2000 - 10.0000,20,0,43460,30000,10.0551,3rd Week
2010-05-27,5106.56,Primary Market,May-27-2010,27/05/2010/91,1487,August-26-2010,Sales,0,1.2900 - 5.0000,1.6,Issue,NTB,1.2900 - 1.6000,91,5106.56,21369.56,5106.56,1.6064,4th Week
2010-05-27,30000,Primary Market,May-27-2010,27/05/2010/182,1488,November-25-2010,Sales,0,2.1000 - 6.0000,6,Issue,NTB,2.1000 - 6.0000,182,30000,92532.5,30000,6.185,4th Week
2010-06-10,20000,Primary Market,June-10-2010,10/06/2010/91,1489,September-09-2010,Sales,15000,1.5000 - 4.0499,2.1,Issue,NTB,1.5000 - 2.1000,91,5000,23185.72,20000,2.1111,2nd Week
2010-06-10,40000,Primary Market,June-10-2010,10/06/2010182,1490,December-09-2010,Sales,10000,1.8000 - 4.5100,3.2215,Issue,NTB,1.8000 - 3.2215,182,30000,78200.5,40000,3.2741,2nd Week
2010-06-10,40000,Primary Market,June-10-2010,10/06/2010/365,1491,June-09-2011,Sales,40000,1.8000 - 6.5499,3.9,Issue,NTB,1.8000 - 3.9000,364,0,68263,40000,4.0578,2nd Week
2010-06-17,18700,Primary Market,June-17-2010,17-06-2010/91,1492,September-16-2010,Sales,18700,1.7500 - 4.0000,2.5,Issue,NTB,1.7500 - 2.5000,91,0,24234.95,18700,2.5157,3rd Week
2010-06-17,40000,Primary Market,June-17-2010,17-06-2010/182,1493,December-16-2010,Sales,10000,2.9900 - 4.4899,3.51,Issue,NTB,2.9900 - 3.5100,182,30000,63253.69,40000,3.5725,
2010-06-25,30000,Primary Market,June-25-2010,25-06-2010/3YRS,1494,June-24-2013,Sales,30000,1.0000 - 9.1000,6.24,Maginal,FGN Bonds,1.0000 - 6.2400,3,0,98100,30000,6.2432,4th Week
2010-06-25,30000,Primary Market,June-25-2010,25-06-2010/5YRS,1495,June-24-2015,Sales,30000,5.000 - 9.7500,7.6089,Maginal,FGN Bonds,5.0000 - 7.6089,5,0,64210,30000,7.6168,4th Week
2010-06-25,20000,Primary Market,June-25-2010,25-06-2010/20YRS,1496,June-20-2030,Sales,20000,6.7500 - 13.000,8.69,Maginal,FGN Bonds,6.7500 - 8.6900,20,0,67020,20000,8.7316,4th Week
2010-07-01,31567.24,Primary Market,July-01-2010,01-07-2010/91,1497,September-30-2010,Sales,21014.22,2.0000 - 4.1190,2.975,Issue,NTB,2.0000 - 2.9750,91,10553.02,60736.71,31567.24,2.9972,1st Week
2010-07-01,50356.17,Primary Market,July-01-2010,01-07-2010/182,1498,December-30-2010,Sales,20000,3.4900 - 5.2490,3.995,Issue,NTB,3.4900 - 3.9950,182,30356.17,87374.19,50356.17,4.0762,1st Week
2010-07-01,50000,Primary Market,July-01-2010,01-07-2010/364,1499,June-30-2011,Sales,20000,3.4900 - 8.0000,4.6167,Issue,NTB,3.4900 - 4.6167,364,30000,94005,50000,4.8395,1st Week
2010-07-15,18585.62,Primary Market,July-15-2010,15-07-2010/91,1500,October-14-2010,Sales,0,2.4000 - 3.9990,2.9,Issue,NTB,2.4000 - 2.9000,91,18585.62,50463.95,18585.62,2.9211,3rd Week
2010-07-15,45403.15,Primary Market,July-15-2010,15-07-2010/182,1501,January-13-2011,Sales,0,2.8455 - 5.0230,4,Issue,NTB,2.8455 - 4.0000,182,45403.15,99967.08,45403.15,4.0814,3rd Week
2010-07-23,35000,Primary Market,July-23-2010,23/07/2010/3YRS,1502,July-22-2013,Sales,35000,5.0000 - 9.9500,7.48,Maginal,FGN Bonds,5.0000 - 7.4800,3,0,77000,35000,7.4846,4th Week
2010-07-23,35000,Primary Market,July-23-2010,23/07/2010/5YRS,1503,July-22-2015,Sales,35000,4.5000 - 10.9900,8.85,Maginal,FGN Bonds,4.5000 - 8.8500,5,0,61340,35000,8.8607,4th Week
2010-07-23,35000,Primary Market,July-23-2010,23/07/2010/20YRS,1504,July-18-2030,Sales,35000,6.0000 - 16.2400,10,Maginal,FGN Bonds,6.0000 - 10.0000,20,0,73280,35000,10.0551,4th Week
2010-07-29,15000,Primary Market,July-29-2010,29-07-2010/91,1505,October-28-2010,Sales,5000,2.4900 - 3.9990,2.8999,Issue,NTB,2.4900 - 2.8999,91,10000,48950.67,15000,2.921,5th Week
2010-07-29,40000,Primary Market,July-29-2010,29-07-2010/182,1506,January-27-2011,Sales,10000,3.5990 - 5.4169,3.9999,Issue,NTB,3.5990 - 3.9999,182,30000,111546.76,40000,4.0813,5th Week
2010-08-12,16700.45,Primary Market,August-12-2010,12-08-2010/91,1507,November-11-2010,Sales,11590,2.1000 - 3.2990,2.749,Issue,NTB,2.1000 - 2.7490,91,5110.45,40533.57,16700.45,2.768,2nd Week
2010-08-12,40000,Primary Market,August-12-2010,12-08-2010/182,1508,February-10-2011,Sales,10000,3.4800 - 4.3990,3.65,Issue,NTB,3.4800 - 3.6500,182,30000,125416.46,40000,3.7177,2nd Week
2010-08-12,40000,Primary Market,August-12-2010,12-08-2010/364,1509,August-11-2011,Sales,10000,3.8850 - 5.2990,4.2,Issue,NTB,3.8850 - 4.2000,364,30000,105513.3,40000,4.3836,2nd Week
2010-08-20,35000,Primary Market,August-20-2010,20-08-2010/3YR,1510,August-19-2013,Sales,42490,1.0000 - 13.4900,7.54,Maginal,NT Bonds,1.0000 - 7.5400,3,0,82690,42490,7.5447,3rd Week
2010-08-20,35000,Primary Market,August-20-2010,20-08-2010/5YR,1511,August-19-2015,Sales,42330,4.0000 - 14.9800,9.25,Maginal,NT Bonds,4.0000 - 9.2500,5,0,50880,42330,9.2617,3rd Week
2010-08-20,35000,Primary Market,August-20-2010,20-08-2010/20YR,1512,August-15-2030,Sales,41640,6.0000 - 18.1841,11,Maginal,NT Bonds,6.0000 - 11.0000,20,0,69290,41640,11.0667,3rd Week
2010-08-26,14456.56,Primary Market,August-26-2010,26-08-2010/91,1513,November-25-2010,Sales,9350,2.3500 - 3.5990,2.5,Issue,NTB,2.3500 - 2.5000,91,5106.56,54364.76,14456.56,2.5157,4th Week
2010-08-26,30000,Primary Market,August-26-2010,26-08-2010/182,1514,February-24-2011,Sales,0,3.2600 - 6.0000,3.499,Issue,NTB,3.2600 - 3.4990,182,30000,93319.6,30000,3.5611,4th Week
2010-09-28,30000,OMO,September-28-2010,28/09/2010/65,1515,December-02-2010,Sales,10000,4.7248 - 9.9990,5.0234,Issue,NTB,4.7248 - 5.0234,65,0,56250,10000,5.0687,5th Week
2010-09-29,14000,OMO,September-29-2010,29/09/2010/95,1516,December-30-2010,Sales,14000,5.0000 - 5.8500,5.2,Issue,NTB,5.0000 - 5.2000,92,0,14000,14000,5.2691,5th Week
2010-09-30,31567.24,Primary Market,September-30-2010,30-09-2010/91,1517,December-30-2010,Sales,0,1.7500 - 7.9990,6.599,Issue,NTB,1.7500 - 6.5990,91,31567.24,46615.3,31567.24,6.7094,5th Week
2010-09-30,450000,Primary Market,September-30-2010,30-09-2010/182,1518,March-31-2011,Sales,265.9,5.7000 - 8.9990,7.549,Issue,NTB,5.7000 - 7.5490,182,30000,43015.9,30265.9,7.8443,5th Week
2010-09-30,50000,Primary Market,September-30-2010,30-09-2010/364,1519,September-29-2011,Sales,40250,5.9900 - 9.9990,7.999,Issue,NTB,5.9900 - 7.9990,364,0,57000,40250,8.6924,5th Week
2010-10-14,23585.62,Primary Market,October-14-2010,14-10-2010/91,1520,January-13-2011,Sales,5000,4.9000 - 9.2500,6.584,Issue,NTB,4.9000 - 6.5840,91,18585.62,64711.99,44337,6.6939,3rd Week
2010-10-14,34000,Primary Market,October-14-2010,14-10-2010/182,1521,April-14-2011,Sales,3513.21,5.5591 - 10.0000,7.549,Issue,NTB,5.5591 - 7.5490,182,30556.57,49369.78,34000,7.8443,3rd Week
2010-10-14,30000,Primary Market,October-14-2010,14-10-2010/364,1522,October-13-2011,Sales,4441,6.9990 - 10.9900,7.999,Issue,NTB,6.9990 - 7.9990,364,30000,43359,25559,8.6924,3rd Week
2010-10-22,40000,Primary Market,October-22-2010,22/10/2010/3,1523,October-21-2013,Sales,26670.48,5.5000 - 15.0000,10.5,Maginal,FGN Bonds,5.5000 - 10.5000,3,0,37795.62,26670.48,10.5091,4th Week
2010-10-22,62810,Primary Market,October-22-2010,22/10/2010/7,1524,October-20-2017,Sales,37503.86,6.0000 - 16.0000,11,Maginal,FGN Bonds,6.0000 - 11.0000,7,0,54103.86,37503.86,11.0233,4th Week
2010-10-22,40000,Primary Market,October-22-2010,22/10/2010/20,1525,October-17-2030,Sales,58760,7.0000 - 17.9400,14,Maginal,FGN Bonds,7.0000 - 14.0000,20,0,68168.62,58760,14.1082,4th Week
2010-10-28,30000,Primary Market,October-28-2010,28-10-2010/91,1526,January-27-2011,Sales,15000,5.7900 - 9.1800,6.9999,Issue,NTB,5.7900 - 6.9999,91,15000,53006.92,30000,7.1242,5th Week
2010-10-28,16730.41,Primary Market,October-28-2010,28-10-2010/182,1527,April-28-2011,Sales,14069.27,6.0000 - 9.9990,9,Issue,NTB,6.0000 - 9.0000,182,30799.68,24230.41,16730.41,9.4229,5th Week
2010-10-28,16385.9,Primary Market,October-28-2010,28-10-2010/364,1528,October-27-2011,Sales,16385.9,8.2490 - 10.9900,9.28,Issue,NTB,8.2490 - -9.2800,364,0,33385.9,16385.9,10.2264,5th Week
2010-10-29,2000,OMO,October-29-2010,29-10-2010/181,1529,April-28-2011,Sales,2000,8.6000 - 9.0000,8.6,Issue,NTB,8.6,181,0,2000,2000,8.9831,5th Week
2010-11-11,39276.37,Primary Market,November-11-2010,11-11-2010/91,1530,February-10-2011,Sales,22575.92,6.0000 - 8.8500,7.5,Issue,NTB,6.0000 - 7.5000,91,16700.45,42283.93,39276.37,7.6429,2nd Week
2010-11-11,45000,Primary Market,November-11-2010,11-11-2010/182,1531,May-12-2011,Sales,15000,7.9900 - 10.5970,9.5,Issue,NTB,7.9900 - 9.5000,182,30000,61295.25,45000,9.9724,2nd Week
2010-11-11,42786.39,Primary Market,November-11-2010,11-11-2010/364,1532,November-10-2011,Sales,12786.39,7.7999 - 12.0000,9.999,Issue,NTB,7.7999 - 9.9990,364,30000,58936.39,42786.39,11.1065,2nd Week
2010-11-19,22029.25,Primary Market,November-19-2010,19-11-2010/3YRS,1533,November-18-2013,Sales,22029.25,6.2400 - 14.0000,11.5,Maginal,FGN Bonds,6.2400 - 11.5000,3,0,34529.25,22029.25,11.5109,3rd Week
2010-11-19,25305.998,Primary Market,November-19-2010,19-11-2010/7YRS,1534,November-17-2017,Sales,25305.998,9.2500 - 15.0000,13.2083,Maginal,FGN Bonds,9.2500 - 13.2083,7,0,30899.12,25305.998,13.2418,3rd Week
2010-11-19,41903.1,Primary Market,November-19-2010,19-11-2010/20YRS,1535,November-14-2030,Sales,41903.1,10.0000 - 17.0000,14.5,Maginal,FGN Bonds,10.0000 - 14.5000,20,0,61513.1,41903.1,14.6161,3rd Week
2010-11-24,17647.81,Primary Market,November-24-2010,24-11-2010/91,1536,February-23-2011,Sales,3191.21,5.7900 - 9.1800,7.75,Issue,NTB,5.7900 - 7.7500,91,14456.6,51720.41,17647.81,7.9027,4th Week
2010-11-24,30683.6,Primary Market,November-24-2010,24-11-2010/182,1537,May-25-2011,Sales,683.6,8.0000 - 11.4950,9.75,Issue,NTB,8.0000 - 9.7500,182,30000,55907.1,30683.6,10.2482,4th Week
2010-11-24,30536.7,Primary Market,November-24-2010,24-11-2010/364,1538,November-23-2011,Sales,30536.7,9.5000 - 12.2520,10.249,Issue,NTB,9.5000 - 10.2490,364,0,55286.7,30536.7,11.4158,4th Week
2010-11-30,10000,OMO,November-30-2010,30-11-2010/149,1539,April-28-2011,Sales,11000,9.6580 - 10.0000,9.7,Issue,OMO,9.6850 - 9.7000,149,0,18750,11000,10.0999,1st Week
2010-11-30,20000,OMO,November-30-2010,29-11-2010/331,1540,October-27-2011,Sales,18500,9.0000 - 10.9949,10.249,Issue,OMO,9.0000 - 10.2490,331,0,28500,18500,11.2992,1st Week
2010-12-01,1000,OMO,December-01-2010,01-12-2010/85,1541,February-24-2011,Sales,0,4.8500 - 4.8500,4.85,Issue,OMO,4.85,85,0,1000,1000,4.9054,1st Week
2010-12-03,7000,OMO,December-03-2010,03-12-2010/83,1542,February-24-2011,Sales,7000,5.0000 - 6.0000,6,Issue,OMO,5.0000 - 6.0000,83,0,7000,7000,6.083,1st Week
2010-12-09,20000,Primary Market,December-09-2010,9-12-2010/91,1543,March-10-2011,Sales,0,6.9999 - 9.5555,7.3999,Issue,NTB,6.9999 - 7.3999,91,20000,60387.31,20000,7.539,2nd Week
2010-12-09,45000,Primary Market,December-09-2010,9-12-2010/182,1544,June-09-2011,Sales,5000,9.0000 - 10.6450,9.649,Issue,NTB,9.0000 - 9.6490,182,40000,113330.28,45000,10.1367,2nd Week
2010-12-09,50000,Primary Market,December-09-2010,9-12-2010/364,1545,December-08-2011,Sales,20000,9.0000 - 11.9990,10.25,Issue,NTB,9.0000 - 10.2500,364,30000,95489.69,50000,11.417,2nd Week
2010-12-17,25000,Primary Market,December-17-2010,17-12-2010/3,1546,December-16-2013,Sales,0,6.2400 - 13.9900,12,Maginal,FGN Bonds,6.2400 - 12.0000,3,0,41320,25000,12.0118,3rd Week
2010-12-17,20000,Primary Market,December-17-2010,17-12-2010/5,1547,December-16-2015,Sales,20000,10.5000 - 14.9900,12,Maginal,FGN Bonds,10.5000 - 12.0000,5,0,55800,20000,12.0198,3rd Week
2010-12-17,25000,Primary Market,December-17-2010,17-12-2010/20,1548,December-12-2030,Sales,25000,12.0000 - 17.0000,14.5,Maginal,FGN Bonds,12.0000 - 14.5000,20,0,44420,25000,14.6161,3rd Week
2010-12-22,20000,OMO,December-22-2010,22-12-2010/127,1549,April-28-2011,Sales,26500,7.2500 - 10.2490,9.5,Issue,NTB,7.2500 - 9.5000,127,0,36581,26500,9.8248,4th Week
2010-12-22,30000,OMO,December-22-2010,22-12-2010/295,1550,October-13-2011,Sales,18750,8.8000 - 10.9999,10,Issue,NTB,8.8000 - 10.0000,295,0,54600,18750,10.8793,4th Week
2010-12-23,25000,Primary Market,December-23-2010,23-12-2010/91,1551,March-24-2011,Sales,25000,6.0000 - 8.6490,7.5,Issue,NTB,6.0000 - 7.5000,91,0,30660.97,25000,7.6429,4th Week
2010-12-23,35986.41,Primary Market,December-23-2010,23-12-2010/182,1552,June-23-2011,Sales,35986.41,8.2500 - 10.3200,9.547,Issue,NTB,8.2500 - 9.5470,182,0,83989.5,35986.41,10.0242,4th Week
2010-12-23,40000,Primary Market,December-23-2010,23-12-2010/364,1553,December-22-2011,Sales,40000,9.5000 - 10.9990,10.247,Issue,NTB,9.5000 - 10.2470,364,0,74109.2,40000,11.4133,4th Week
2010-12-30,31567.24,Primary Market,December-30-2010,30-12-2010/91,1554,March-31-2011,Sales,0,6.5000 - 8.7490,7.498,Issue,NTB,6.5000 - 7.4980,91,31567.24,44602.09,31567.24,7.6408,5th Week
2010-12-30,50356.17,Primary Market,December-30-2010,30-12-2010/182,1555,June-30-2011,Sales,0,8.5000 - 10.4480,9.505,Issue,NTB,8.5000 - 9.5050,182,50356.17,79062.33,50356.17,9.9779,5th Week
2011-01-06,30000,OMO,January-06-2011,06-01-2011/77,1556,March-24-2011,Sales,25309.5,6.8800 - 9.0000,7.3,Issue,NTB,6.8800 - 7.3000,77,0,36559.5,25309.5,7.4142,2nd Week
2011-01-06,30000,OMO,January-06-2011,06-01-2011/140,1557,May-26-2011,Sales,39550,8.8000 - 10.2200,9.33,Issue,NTB,8.8000 - 9.3300,140,0,55600,39550,9.6763,2nd Week
2011-01-13,44336.99,Primary Market,January-13-2011,13-01-2011/91,1558,April-14-2011,Sales,0,6.5000 - 9.1999,7.599,Issue,NTB,6.5000 - 7.5990,91,44336.99,56550.57,44336.99,7.7457,4th Week
2011-01-13,45403.15,Primary Market,January-13-2011,13-01-2011/182,1559,July-14-2011,Sales,0,8.5000 - 9.9999,9.45,Issue,NTB,8.5000 - 9.4500,182,45403.15,88553.04,45403.15,9.9173,4th Week
2011-01-13,45845.4,Primary Market,January-13-2011,13-01-2011/364,1560,January-12-2012,Sales,0,9.8000 - 10.5890,10.199,Issue,NTB,9.8000 - 10.1990,364,45845.4,119452.22,45845.4,11.3538,4th Week
2011-01-21,30000,Primary Market,January-21-2011,21/01/2011/3,1561,January-20-2014,Sales,30000,5.5000 - 13.0000,10.4,Maginal,FGN Bonds,5.5000 - 10.4000,3,0,80949.97,30000,10.4089,4th Week
2011-01-21,30000,Primary Market,January-21-2011,21-01-2011/5,1562,January-20-2016,Sales,30000,9.0000 - 14.0000,11.13,Maginal,FGN Bonds,9.0000 - 11.1300,5,0,56496.75,30000,11.147,4th Week
2011-01-27,30000,Primary Market,January-27-2011,27-01-2011/91,1563,April-28-2011,Sales,0,7.0000 - 9.0890,7.34,Issue,NTB,7.0000 - 7.3400,91,30000,69713.94,30000,7.4768,4th Week
2011-01-27,40000,Primary Market,January-27-2011,27-01-2011/182,1564,July-28-2011,Sales,0,7.2000 - 10.4900,9.25,Issue,NTB,7.2000 - 9.2500,182,40000,131547.3,40000,9.6973,4th Week
2011-01-28,20000,OMO,January-28-2011,28-01-2011/195,1565,August-11-2011,Sales,34929.72,8.5000 - 9.8550,9.2,Issue,NTB,8.5000 - 9.2000,195,0,51279.72,34929.72,9.6756,4th Week
2011-01-28,20000,OMO,January-28-2011,28-01-2011/223,1566,September-08-2011,Sales,19750,8.7500 - 10.0000,9.25,Issue,NTB,8.7500 - 9.2500,223,0,52500,19750,9.8041,5th Week
2011-01-28,20000,OMO,January-28-2011,28-01-2011/244,1567,September-29-2011,Sales,21000,8.7850 - 10.2490,9.3,Issue,NTB,8.7850 - 9.3000,244,0,60000,21000,9.9165,5th Week
2011-02-10,39276.37,Primary Market,February-10-2011,10-02-2011/91,1568,May-12-2011,Sales,0,6.0000 - 9.2400,7.09,Issue,NTB,6.0000 - 7.0900,91,39276.37,56753.79,39276.37,7.2176,2nd Week
2011-02-10,40000,Primary Market,February-10-2011,10-02-2011/182,1569,August-11-2011,Sales,0,7.5000 - 9.8900,9,Issue,NTB,7.5000 - 9.0000,182,40000,110892.61,40000,9.4229,2nd Week
2011-02-10,30000,Primary Market,February-10-2011,10-02-2011/364,1570,February-09-2012,Sales,0,8.0000 - 10.5550,9.5999,Issue,NTB,8.0000 - 9.5999,364,30000,175656.26,30000,10.6163,2nd Week
2011-02-18,36500,Primary Market,February-18-2011,18-02-2011/3,1571,February-17-2014,Sales,36500,5.5000 - 12.2400,9.25,Maginal,FGN Bonds,5.5000 - 9.2500,3,0,83110.62,36500,9.257,3rd Week
2011-02-18,30000,Primary Market,February-18-2011,18-02-2011/5,1572,February-17-2016,Sales,30000,8.7500 - 12.7800,11,Maginal,FGN Bonds,8.7500 - 12.7800,5,0,56900,30000,11.0166,3rd Week
2011-03-02,20000,OMO,March-02-2011,02-03-2011/29,1573,March-31-2011,Sales,21532.48,6.0000 - 8.5100,6.45,Issue,NTB,6.0000 - 6.4500,29,0,45532.48,21532.48,6.4832,1st Week
2011-03-02,40000,OMO,March-02-2011,02-03-2011/36,1574,April-07-2011,Sales,39180,6.1900 - 7.0800,6.75,Issue,NTB,6.1900 - 6.7500,36,0,62182,39180,6.7952,1st Week
2011-03-09,20000,OMO,March-09-2011,09-03-2011/43,1575,April-21-2011,Sales,9205.7,6.7500 - 8.7500,7,Issue,NTB,6.7500 - 7.0000,43,0,15706.7,9205.7,7.0582,2nd Week
2011-03-10,30000,Primary Market,March-10-2011,10-03-2011/91,1576,June-09-2011,Sales,10000,6.2450 - 8.2450,6.8,Issue,NTB,6.2450 - 6.8000,91,20000,58017.92,30000,6.9173,2nd Week
2011-03-10,50000,Primary Market,March-10-2011,10-03-2011/182,1577,September-08-2011,Sales,20000,7.5000 - 9.4990.00,8.418,Issue,NTB,7.5000 - 8.4180,182,30000,74017.35,50000,8.7868,2nd Week
2011-03-10,50000,Primary Market,March-10-2011,10-03-2010/364,1578,March-08-2012,Sales,20000,8.0990 - 12.0000,9.09,Issue,NTB,8.0990 - 9.0900,364,30000,178773.55,50000,9.9962,2nd Week
2011-03-18,30000,Primary Market,March-18-2011,18-03-2011/3,1579,March-17-2014,Sales,30000,8.0000 - 12.2500,10.5,Maginal,FGN Bonds,8.0000 - 10.5000,3,0,55888.44,30000,10.5091,3rd Week
2011-03-18,30000,Primary Market,March-18-2011,18-03-2011/5,1580,March-16-2016,Sales,30000,9.9800 - 13.2867,12,Maginal,FGN Bonds,9.9800 - 12.0000,5,0,45483.15,30000,12.0198,3rd Week
2011-03-24,37489.76,Primary Market,March-24-2011,24-03-2011/91,1581,June-23-2011,Sales,12489.76,5.5550 - 11.0000,8.4,Issue,NTB,5.5550 - 8.4000,91,25000,41007.88,37489.76,8.5797,4th Week
2011-03-24,40000,Primary Market,March-24-2011,24-03-2011/182,1582,September-22-2011,Sales,40000,8.5000 - 12.1250,9.8048,Issue,NTB,8.5000 - 9.8048,182,0,77767.78,40000,10.3088,4th Week
2011-03-31,31567.24,Primary Market,March-31-2011,31-03-2011/91,1583,June-30-2011,Sales,0,7.5000 - 10.5000,9.499,Issue,NTB,7.5000 - 9.4990,91,31567.24,39975.11,31567.24,9.7294,5th Week
2011-03-31,45000,Primary Market,March-31-2011,31-03-2011/182,1584,September-29-2011,Sales,0,9.4500 - 11.7580,10.2349,Issue,NTB,9.4500 - 10.2349,182,45000,80380,45000,10.7853,5th Week
2011-04-04,30000,OMO,April-04-2011,04-04-2011/31,1585,May-05-2011,Sales,6316,8.7500 - 13.9990,9.1,Issue,NTB,8.7500 - 9.1000,31,0,37566,6316,9.1709,1st Week
2011-04-04,30000,OMO,April-04-2011,04-04-2011/45,1586,May-19-2011,Sales,7774.25,8.0000 - 15.4990,9.299,Issue,NTB,8.0000 - 9.2990,45,0,32692.25,7774.25,9.4068,1st Week
2011-04-07,30000,OMO,April-07-2011,07-04-2011/28,1587,May-05-2011,Sales,44616.95,9.0000 - 13.9990,9.05,Issue,NTB,9.0000 - 9.0500,28,46630,37002.46,2013.05,9.1133,2nd Week
2011-04-07,30000,OMO,April-07-2011,07-04-2011/42,1588,May-19-2011,Sales,7283.88,8.9990 - 15.4990,9.299,Issue,NTB,9.000 - 9.2990,42,0,35255.88,7283.88,9.3996,2nd Week
2011-04-14,44337,Primary Market,April-14-2011,18-04-2011/91,1589,July-14-2011,Sales,0,6.8000 - 10.9900,9.599,Issue,NTB,6.8000 - 9.5990,91,44337,65119.51,44337,9.8344,3rd Week
2011-04-14,44000,Primary Market,April-14-2011,14-04-2011/182,1590,October-13-2011,Sales,10000,9.3000 - 11.9990,10.4717,Issue,NTB,9.3000 - 10.4717,182,34000,100933.99,44000,11.0486,3rd Week
2011-04-14,50000,Primary Market,April-14-2011,14-04-2011/364,1591,April-12-2012,Sales,20000,9.0900 - 13.9990,10.9922,Issue,NTB,9.0900 - 10.9922,364,30000,131202.56,50000,12.3455,3rd Week
2011-04-21,35000,Primary Market,April-21-2011,21-04-2011/3,1592,April-20-2014,Sales,35000,10.0000 - 15.0000,12.149,Maginal,FGN Bonds,10.0000 - 12.1490,3,0,65887.16,35000,12.1611,4th Week
2011-04-21,35000,Primary Market,April-21-2011,21-04-2011/5,1593,April-19-2016,Sales,35000,11.7500 - 15.0000,13.1989,Maginal,FGN Bonds,11.7500 - 13.1989,5,0,62330.61,35000,13.2228,4th Week
2011-04-28,30000,Primary Market,April-28-2011,28-04-2011/91,1594,July-28-2011,Sales,0,8.5000 - 10.2450,9.4,Issue,NTB,8.5000 - 9.4000,91,30000,84405.84,30000,9.6256,5th Week
2011-04-28,46730.42,Primary Market,April-28-2011,28-04-2011/182,1595,October-27-2011,Sales,30000,10.0000 - 11.0990,10.399,Issue,NTB,10.0000 - 10.3990,182,16730.42,136347.95,46730.42,10.9677,5th Week
2011-05-20,35000,Primary Market,May-20-2011,20-05-2011/3,1596,May-19-2014,Sales,35000,9.2000 - 15.0000,11.039,Maginal,FGN Bonds,9.2000 - 11.0390,3,0,100214.95,35000,11.049,3rd Week
2011-05-20,35000,Primary Market,May-20-2011,20-05-2011/5,1597,May-18-2016,Sales,35000,10.5000 - 15.0000,12.23,Maginal,FGN Bonds,10.5000 - 12.2300,5,0,98802.21,35000,12.2505,3rd Week
2011-05-26,29647.81,Primary Market,May-26-2011,26-05-2011/91,1598,August-25-2011,Sales,12000,7.0000 - 10.2500,8.625,Issue,NTB,7.0000 - 8.6250,91,17647.81,68903.33,29647.81,8.8145,5th Week
2011-05-26,40683.6,Primary Market,May-26-2011,26-05-2011/182,1599,November-24-2011,Sales,10000,7.5000 - 11.2500,9.39,Issue,NTB,7.5000 - 9.3900,182,30683.6,138308.95,40683.6,9.8512,5th Week
2011-05-27,21816.19,OMO,May-27-2011,27-05-2011/118,1600,September-22-2011,Sales,21816.19,8.4000 - 10.2450,9.1,Issue,NTB,8.4000 - 9.1000,118,0,35466.19,21816.19,9.3758,4th Week
2011-05-27,26791.36,OMO,May-27-2011,27-05-2011/181,1601,November-24-2011,Sales,26791.36,9.0150 - 10.7990,9.389,Issue,NTB,9.0150 - 9.3890,181,0,83868.93,26791.36,9.8475,4th Week
2011-06-09,30000,Primary Market,June-09-2011,09-06-2011/91,1602,September-08-2011,Sales,0,7.7487 - 9.8999,8.6901,Issue,NTB,7.7487 - 8.6901,91,30000,48804.33,30000,8.8825,2nd Week
2011-06-09,45000,Primary Market,June-09-2011,09-06-2011/182,1603,December-08-2011,Sales,0,8.5000 - 10.3455,9.34,Issue,NTB,8.5000 - 9.3400,182,45000,121540.78,45000,9.7962,2nd Week
2011-06-09,50000,Primary Market,June-09-2011,09-06-2011/364,1604,June-07-2012,Sales,10000,9.4100 - 11.1155,9.7,Issue,NTB,9.4100 - 9.7000,364,40000,142328.46,50000,10.7388,2nd Week
2011-06-17,35000,Primary Market,June-17-2011,17-06-2010/3,1605,June-16-2014,Sales,35000,9.0000 - 15.0000,11.69,Maginal,NT Bonds,9.0000 - 11.6900,3,0,62520,35000,11.7012,3rd Week
2011-06-17,35000,Primary Market,June-17-2011,17-06-2011/5,1606,June-15-2016,Sales,35000,10.0000 - 15.5000,12.75,Maginal,NT Bonds,10.0000 - 12.7500,5,0,90630,35000,12.7723,3rd Week
2011-06-23,37489.76,Primary Market,June-23-2011,23-06-2011/91,1607,September-22-2011,Sales,0,8.0000 - 10.0000,8.545,Issue,NTB,8.0000 - 8.5450,91,37489.76,71202.45,37489.76,8.731,4th Week
2011-06-23,45729.85,Primary Market,June-23-2011,23-06-2011/182,1608,December-22-2011,Sales,9743.44,8.5000 - 10.9900,9.189,Issue,NTB,8.5000 - 9.1890,182,35986.41,127340.91,45729.85,9.6302,4th Week
2011-06-30,31567.24,Primary Market,June-30-2011,30-06-2011/91,1609,September-29-2011,Sales,0,7.0000 - 8.5450,7.79,Issue,NTB,7.0000 - 7.7900,91,31567.24,73040.83,31567.24,7.9443,5th Week
2011-06-30,50356.17,Primary Market,June-30-2011,30-06-2011/182,1610,December-29-2011,Sales,0,7.4200 - 9.5000,8.368,Issue,NTB,7.4200 - 8.3680,182,50356.17,91347.3,50356.17,8.7324,5th Week
2011-06-30,50000,Primary Market,June-30-2011,30-06-2011/364,1611,June-28-2012,Sales,0,8.4000 - 10.2145,9.01,Issue,NTB,8.4000 - 9.0100,364,50000,79308,50000,9.8995,5th Week
2011-07-14,44337,Primary Market,July-14-2011,14-07-2011/91,1612,October-13-2011,Sales,0,6.3000 - 8.5000,6.8,Issue,NTB,6.3000 - 6.8000,91,44337,90193.32,44337,6.9173,2nd Week
2011-07-14,45403.15,Primary Market,July-14-2011,14-07-2011/182,1613,January-12-2012,Sales,0,7.2500 - 9.6990,7.79,Issue,NTB,7.2500 - 7.7900,182,45403.15,146943,45403.15,8.1048,2nd Week
2011-07-20,20000,OMO,July-20-2011,20-07-2011/162,1614,December-29-2011,Sales,19502.5,6.9000 - 9.2490,7.2011,Issue,NTB,6.9000 - 7.2011,162,0,47855.5,19502.5,7.4389,4th Week
2011-07-20,20000,OMO,July-20-2011,20-07-2011/204,1615,February-09-2012,Sales,20750,7.0000 - 9.2490,7.42,Issue,NTB,7.0000 - 7.4200,204,0,61750,20750,7.741,4th Week
2011-07-20,30000,OMO,July-20-2011,20-07-2011/323,1616,June-07-2012,Sales,29463,7.5575 - 10.0100,8.25,Issue,NTB,7.5575 - 8.2500,323,0,62963,29463,8.8997,4th Week
2011-07-22,30000,Primary Market,July-22-2011,22-07-2011/3,1617,July-21-2014,Sales,30000,6.0000 - 12.9999,10.2499,Maginal,NT Bonds,6.0000 - 10.2499,3,0,65941.42,30000,10.2585,4th Week
2011-07-22,15000,Primary Market,July-22-2011,22-07-2011/5,1618,July-20-2016,Sales,15000,9.0000 - 14.0499,10.7,Maginal,NT Bonds,9.0000 - 10.7000,5,0,46317.01,15000,10.7157,4th Week
2011-07-22,25000,Primary Market,July-22-2011,22-07-2011/10,1619,July-19-2021,Sales,25000,9.9400 - 13.5000,11.4989,Maginal,NT Bonds,9.9400 - 11.4989,10,0,45714.6,25000,11.5352,4th Week
2011-07-26,20000,OMO,July-26-2011,26-07-2011/261,1620,April-12-2012,Sales,10600,8.2480 - 9.8999,8.5,Issue,NTB,8.2480 - 8.5000,261,0,28850,10600,9.0501,5th Week
2011-07-26,20000,OMO,July-26-2011,26-07-2011/338,1621,June-28-2012,Sales,17500,8..4450 - 10.5950,8.85,Issue,NTB,8.4450 - 8.8500,338,0,26000,17500,9.64,4th Week
2011-07-28,30000,Primary Market,July-28-2011,28-07-2011/91,1622,October-27-2011,Sales,0,6.3500 - 9.5545,7.49,Issue,NTB,6.3500 - 7.4900,91,30000,49968.7,30000,7.6325,5th Week
2011-07-28,40000,Primary Market,July-28-2011,28-07-2011/182,1623,January-26-2012,Sales,0,7.7799 - 10.3339,8.17,Issue,NTB,7.7799 - 8.1700,182,40000,89546.47,40000,8.517,5th Week
2011-07-28,50000,Primary Market,July-28-2011,28-07-2011/364,1624,July-26-2012,Sales,50000,8.6000 - 11.5850,9.0575,Issue,NTB,8.6000 - 9.0575,364,0,112672.06,50000,9.9569,5th Week
2011-08-02,30000,OMO,August-02-2011,02-08-2011/177,1625,January-26-2012,Sales,35462.63,7.5000 - 8.7720,8,Issue,NTB,7.5000 - 8.0000,177,0,58212.63,35462.63,8.3229,1st Week
2011-08-02,10000,OMO,August-02-2011,02-08-2011/205,1626,February-23-2012,Sales,20011.42,7.6000 - 8.9999,8.067,Issue,NTB,7.6000 - 8.0670,205,0,36761.42,20011.42,8.4498,1st Week
2011-08-02,10000,OMO,August-02-2011,02-08-2011/219,1627,March-08-2012,Sales,14760.85,7.6000 - 9.0000,8.3,Issue,NTB,7.6000 - 8.3000,219,0,23010.85,14760.85,8.735,1st Week
2011-08-02,10000,OMO,August-02-2011,02-08-2011/282,1628,May-10-2012,Sales,19520.62,7.9900 - 8.9990,8.58,Issue,NTB,7.9900 - 8.5800,282,0,22270.62,19520.62,9.1891,1st Week
2011-08-02,20000,OMO,August-02-2011,02-08-2011/359,1629,July-26-2012,Sales,20250,8.2990 - 9.4000,8.7999,Issue,NTB,8.2990 - 8.7999,359,0,80380,20250,9.6337,1st Week
2011-08-04,30000,OMO,August-04-2011,04-08-2011/189,1630,February-09-2012,Sales,40959.65,7.9611 - 9.3940,8.18,Issue,NTB,7.9611 - 8.1800,189,0,53559.65,40959.65,8.5418,1st Week
2011-08-04,20000,OMO,August-04-2011,04-08-2011/252,1631,April-12-2012,Sales,37500,8.2970 - 9.6500,8.64,Issue,NTB,8.2970 - 8.6400,252,0,47750,37500,9.1881,1st Week
2011-08-04,30000,OMO,August-04-2011,04-08-2011/357,1632,July-26-2012,Sales,23630,8.6411 - 10.2400,9,Issue,NTB,8.6411 - 9.0000,357,0,56130,23630,9.8687,1st Week
2011-08-11,39276.37,Primary Market,August-11-2011,11-08-2011/91,1633,November-10-2011,Sales,0,6.5000 - 8.9999,7.34,Issue,NTB,6.5000 - 7.3400,91,39276.37,51829.49,39276.37,7.4768,2nd Week
2011-08-11,40000,Primary Market,August-11-2011,11-08-2011/182,1634,February-09-2012,Sales,0,7.0900 - 9.5895,8.2405,Issue,NTB,7.0900 - 8.2405,182,40000,59572.94,40000,8.5936,2nd Week
2011-08-11,60000,Primary Market,August-11-2011,11-08-2011/364,1635,August-09-2012,Sales,20000,8.6500 - 10.9999,9.05,Issue,NTB,8.6500 - 9.0500,364,40000,125646.26,60000,9.9478,2nd Week
2011-08-17,100000,OMO,August-17-2011,17-08-2011/15,1636,September-01-2011,Sales,82981,6.7000 - 10.9900,8.49,Issue,OMO,6.7000 - 8.4900,15,0,142981,89981,8.5197,3rd Week
2011-08-19,30000,Primary Market,August-19-2011,19-08-2011/3,1637,August-18-2014,Sales,53000,9.2999 - 20.0000,10.75,Maginal,FGN Bonds,9.2999 - 10.7500,3,0,68013.97,53000,10.7595,3rd Week
2011-08-19,15000,Primary Market,August-19-2011,19-08-2011/5,1638,August-17-2016,Sales,15000,10.0000 - 12.7500,11.19,Maginal,FGN Bonds,10.0000 - 11.1900,5,0,42869.17,15000,11.2072,3rd Week
2011-08-19,25000,Primary Market,August-19-2011,19-8-2011/10,1639,August-16-2021,Sales,25000,9.5000 - 13.0000,11.3999,Maginal,FGN Bonds,9.5000 - 11.3999,10,0,42550.3,25000,11.4356,3rd Week
2011-08-22,50000,OMO,August-22-2011,22-08-2010/10,1640,September-01-2011,Sales,49600,7.5000 - 10.1800,8.6,Issue,OMO,7.5000 - 8.6000,10,0,69100,49600,8.6203,4th Week
2011-09-08,100000,OMO,September-08-2011,08-09-2011/7,1641,September-15-2011,Sales,51024.4,8.0000 - 10.5500,9,Issue,OMO,8.0000 - 9.0000,7,0,76024.4,51024.4,9.0156,2nd Week
2011-09-16,25000,Primary Market,September-16-2011,16/09/2011/3,1642,September-15-2014,Sales,25000,7.0000 - 12.2500,10.5,Maginal,FGN Bonds,7.0000 - 10.5000,3,0,76095.81,25000,10.5091,3rd Week
2011-09-16,20000,Primary Market,September-16-2011,16/09/2011/5,1643,September-14-2016,Sales,20000,7.0000 - 12.7500,11.25,Maginal,NT Bonds,7.0000 - 11.2500,5,0,56712.87,20000,11.2674,3rd Week
2011-09-16,25000,Primary Market,September-16-2011,16/9/2011/10,1644,September-13-2021,Sales,25000,7.0000 - 13.11000,11.49,Maginal,NT Bonds,7.0000 - 11.4900,10,0,50350.6,25000,11.5263,3rd Week
2011-09-22,37489.76,Primary Market,September-22-2011,22-09-2011/91,1645,December-22-2011,Sales,0,7.0000 - 9.0000,8.249,Issue,NTB,7.0000 - 8.2490,91,37489.76,45752.05,37489.76,8.4222,4th Week
2011-09-22,49349.15,Primary Market,September-22-2011,22-09-2011/182,1646,March-22-2012,Sales,9349.15,7.700 - 12.0000,8.83,Issue,NTB,7.7000 - 8.8300,182,40000,82834.03,49349.15,9.2367,4th Week
2011-09-27,50000,OMO,September-27-2011,27-09-2011/37,1647,November-03-2011,Sales,20328.23,8.4500 - 11.9900,11,Issue,OMO,8.4500 - 11.0000,37,0,54328.23,20328.23,11.124,5th Week
2011-09-28,60000,OMO,September-28-2011,28-09-2011/64,1648,December-01-2011,Sales,6247,9.5000 - 13.0950,11,Issue,OMO,9.5000 - 11.0000,64,0,101527.95,6247,11.2163,5th Week
2011-09-29,60000,OMO,September-29-2011,29-09-2011/63,1649,December-01-2011,Sales,93397.58,10.2500 - 13.0000,12,Issue,OMO,10.2500 - 12.0000,63,0,95147.58,93397.58,12.2538,5th Week
2011-09-29,19100.46,Primary Market,September-29-2011,29-09-2011/91,1650,December-29-2011,Sales,12466.78,8.2400 - 12.5000,10.23,Issue,NTB,8.2400 - 10.2300,91,31567.24,29633.46,19100.46,10.4977,5th Week
2011-09-29,19081.14,Primary Market,September-29-2011,29-09-2011/182,1651,March-29-2012,Sales,25918.86,9.000 - 12.9990,10.85,Issue,NTB,9.0000 - 10.8500,182,45000,34781.14,19081.14,11.4706,5th Week
2011-09-29,15446.67,Primary Market,September-29-2011,29-09-2011/364,1652,September-27-2012,Sales,34553.33,9.9000 - 13.4990,11.2495,Issue,NTB,9.9000 - 11.2495,364,50000,45599.67,15446.67,12.671,5th Week
2011-10-07,50000,OMO,October-07-2011,07-10-2011/27,1653,November-03-2011,Sales,16879.54,11.0000 - 18.0000,12.3056,Issue,OMO,11.0000 - 12.3056,27,0,93731.61,16879.54,12.4186,1st Week
2011-10-07,25000,OMO,October-07-2011,07-10-2011/55,1654,December-01-2011,Sales,16033.7,11.3000 - 18.0000,12.399,Issue,OMO,11.3000 - 12.3990,55,0,93122.45,16033.7,12.6351,1st Week
2011-10-13,44336.998,Primary Market,October-13-2011,13-10-2011/91,1655,January-12-2012,Sales,25822.21,10.1000 - 19.0100,15,Issue,NTB,10.1000 - 15.0000,91,44336.998,74719.21,70159.21,15.5828,2nd Week
2011-10-13,44000,Primary Market,October-13-2011,13-10-2011/182,1656,April-12-2012,Sales,19490.87,11.2500 - 19.1100,16,Issue,NTB,11.2500 - 16.0000,182,44000,65790.87,63490.87,17.3872,2nd Week
2011-10-13,40559,Primary Market,October-13-2011,13-10-2011/364,1657,October-11-2012,Sales,42625.89,12.5000 - 19.5550,16.2219,Issue,NTB,12.5000 - 16.2219,364,25559,83543.95,68184.89,19.3527,2nd Week
2011-10-14,71190.25,OMO,October-14-2011,14-10-2011/188,1658,April-19-2012,Sales,71190.25,16.0000 - 16.0000,16,Issue,OMO,16,188,0,71190.25,71190.25,17.437,2nd Week
2011-10-14,108582.64,OMO,October-14-2011,14-10-2011/272,1659,July-12-2012,Sales,108582.64,16.1000 - 16.1000,16.1,Issue,OMO,16.1,272,0,108582.64,108582.64,18.295,2nd Week
2011-10-14,193954.35,OMO,October-14-2011,14-10-2011/356,1660,October-04-2012,Sales,193954.35,16.2000 - 16.2000,16.2,Issue,OMO,16.2,356,0,193954.35,193954.35,19.24,2nd Week
2011-10-18,100000,OMO,October-18-2011,18-10-2011/58,1661,December-15-2011,Sales,58741.23,14.9990 - 20.6890,17,Issue,OMO,14.9990 - 17.0000,58,0,91641.23,58741.23,17.472,3rd Week
2011-11-04,150000,OMO,November-04-2011,04-11-2011/6,1662,November-10-2011,Sales,3000,14.0000 - 20.1500,14,Issue,OMO,14.0000 - 14.0000,6,0,120802,3000,14.0323,1st Week
2011-11-09,50000,OMO,November-09-2011,09-11-2011/29,1663,December-08-2011,Sales,4504,13.0100 - 18.2900,14.24,Issue,OMO,13.0100 - 14.2400,29,0,70794,4504,14.403,2nd Week
2011-11-09,50000,OMO,November-09-2011,09-11-2011/36,1664,December-15-2011,Sales,107.5,14.0000 - 18.2900,14.25,Issue,OMO,14.0000 - 14.2500,36,0,60115.41,107.5,14.4531,2nd Week
2011-11-10,39276.37,Primary Market,November-10-2011,10-11-2011/91,1665,February-09-2012,Sales,0,13.0000 - 17.0000,15,Issue,NTB,13.0000 - 15.0000,91,39276.37,77250.83,39276.37,15.5828,2nd Week
2011-11-10,45000,Primary Market,November-10-2011,10-11-2011/182,1666,May-10-2012,Sales,0,14.5000 - 17.9990,16.2,Issue,NTB,14.5000 - 16.2000,182,45000,78964.02,45000,17.6236,2nd Week
2011-11-10,47786.39,Primary Market,November-10-2011,10-11-2011/364,1667,November-08-2012,Sales,0,15.0000 - 20.0000,16.3491,Issue,NTB,15.0000 - 16.3491,364,47786.39,85212.77,47786.39,19.534,2nd Week
2011-11-11,50000,OMO,November-11-2011,11-11-2011/139,1668,March-29-2012,Sales,5311.75,15.1750 - 18.5000,15.9,Issue,OMO,15.1750 - 15.9000,139,0,43613.81,5311.75,16.9248,2nd Week
2011-11-11,50000,OMO,November-11-2011,11-11-2011/167,1669,April-26-2012,Sales,17971.87,14.5000 - 18.5000,16,Issue,OMO,14.5000 - 16.0000,167,0,53798.87,17971.87,17.2638,2nd Week
2011-11-14,20000,OMO,November-14-2011,14-11-2011/129,1670,March-22-2012,Sales,29987,15.1000 - 18.5000,15.8999,Issue,OMO,15.1000 - 15.8999,129,0,56987,29987,16.8466,3rd Week
2011-11-14,40000,OMO,November-14-2011,14-11-2011/136,1671,March-29-2012,Sales,43487,15.5000 - 18.5000,16,Issue,OMO,15.5000 - 16.0000,136,0,72237,43487,17.0143,3rd Week
2011-11-15,50000,OMO,November-15-2011,15-11-2011/163,1672,April-26-2012,Sales,31220.8,15.5500 - 18.3000,16.4999,Issue,OMO,15.5500 - 16.4999,163,0,44222.3,31220.8,17.8124,3rd Week
2011-11-15,20000,OMO,November-15-2011,15-11-2011/226,1673,June-28-2012,Sales,21250,15.9000 - 17.9900,16.589,Issue,OMO,15.9000 - 16.5890,226,0,24750,21250,18.488,3rd Week
2011-11-18,35000,Primary Market,November-18-2011,18/11/2011/10,1674,May-30-2018,Sales,35000,10.70000 - 20.0000,16.5,Maginal,FGN Bonds,10.7000 - 16.5000,2385,0,73990,35000,-211.1306,3rd Week
2011-11-18,30000,Primary Market,November-18-2011,18/11/2011,1675,October-23-2019,Sales,30000,14.9600 - 23.0743,16.5,Maginal,FGN Bonds,14.9600 - 16.5000,2896,0,83730,30000,-53.372,3rd Week
2011-11-24,29647.81,Primary Market,November-24-2011,24-11-2011/91,1676,February-23-2012,Sales,0,13.0000 - 16.1490,13.9,Issue,NTB,13.0000 - 13.9000,91,29647.81,100220.8,29647.81,14.399,4th Week
2011-11-24,40683.6,Primary Market,November-24-2011,24-11-2011/182,1677,May-24-2012,Sales,0,14.4800 - 16.8990,15.1,Issue,NTB,14.4800 - 15.1000,182,40683.6,109686.5,40683.6,16.3295,4th Week
2011-11-24,40536.7,Primary Market,November-24-2011,24-11-2011/364,1678,November-22-2012,Sales,10000,15.0000 - 17.1490,15.49,Issue,NTB,15.0000 - 15.4900,364,30536.7,145972.33,40536.7,18.32,4th Week
2011-11-25,25000,OMO,November-25-2011,25-11-2011/62,1679,January-26-2012,Sales,25072.29,12.5000 - 16.6950,14.5,Issue,OMO,12.5000 - 14.5000,62,0,40072.29,25072.29,14.8662,4th Week
2011-11-25,75000,OMO,November-25-2011,25-11-2011/167,1680,May-10-2012,Sales,110531.55,12.5000 - 16.9950,15.999,Issue,OMO,12.5000 - 15.9990,167,0,121531.55,110531.55,17.2626,4th Week
2011-11-30,30000,OMO,November-30-2011,30-11-2011/176,1681,May-24-2012,Sales,21092.87,15.0000 - 18.0000,16,Issue,OMO,15.0000 - 16.0000,176,0,40942.87,21092.87,17.3376,5th Week
2011-11-30,70000,OMO,November-30-2011,30-11-2011/281,1682,September-06-2012,Sales,30140,15.6500 - 18.0990,16.4,Issue,OMO,15.6500 - 16.4000,281,0,61740,30140,18.7698,5th Week
2011-12-01,50000,OMO,December-01-2011,01-12-2011/175,1683,May-24-2012,Sales,29567.18,15.8450 - 18.0000,16,Issue,OMO,15.8450 - 16.0000,175,0,65375.15,29567.18,17.3294,1st Week
2011-12-01,50000,OMO,December-01-2011,01-12-2011/252,1684,August-09-2012,Sales,26036.45,15.9990 - 18.5000,16.39,Issue,OMO,15.9990 - 16.3900,252,0,53601.85,26036.45,18.4813,1st Week
2011-12-05,50000,OMO,December-05-2011,05-12-2011/115,1685,March-29-2012,Sales,14123.4,14.9500 - 17.2400,15.7,Issue,OMO,14.9500 - 15.7000,115,0,58390,14123.4,16.517,2nd Week
2011-12-05,50000,OMO,December-05-2011,05-12-2011/248,1686,August-09-2012,Sales,11644.09,15.7500 - 17.500,16.3999,Issue,OMO,15.7500 - 16.3999,248,0,28001.09,11644.09,18.4565,2nd Week
2011-12-05,50000,OMO,December-05-2011,05-12-2011/297,1687,September-27-2012,Sales,7878.7,16.2900 - 17.5000,16.4,Issue,OMO,16.2900 -16.400,297,0,32416.83,7878.7,18.9255,2nd Week
2011-12-08,30090.08,Primary Market,December-08-2011,08-12-2011/91,1688,March-08-2012,Sales,0,12.0000 - 15.8900,14,Issue,NTB,12.0000 - 14.0000,91,30090.08,65034.96,30090.08,14.5063,2nd Week
2011-12-08,45000,Primary Market,December-08-2011,08-12-2011/182,1689,June-07-2012,Sales,0,14.0000 - 17.0000,15.95,Issue,NTB,14.0000 - 15.9500,182,45000,65658.57,45000,17.3281,
2011-12-08,50000,Primary Market,December-08-2011,08-12-2011/364,1690,December-06-2012,Sales,0,14.5000 - 17.0000,16.41,Issue,NTB,14.5000 - 16.4100,364,50000,63364.77,50000,19.621,2nd Week
2011-12-13,50000,OMO,December-13-2011,13-12-2011/135,1691,April-26-2012,Sales,39047.06,15.4500 - 17.0000,16.099,Issue,OMO,15.4500 - 16.0990,135,39047.06,52615.06,39047.06,17.1183,3rd Week
2011-12-13,50000,OMO,December-13-2011,13-12-2011/289,1692,September-27-2012,Sales,12963.24,16.1000 - 17.5890,16.39,Issue,OMO,16.1000 - 16.3900,289,0,39383.09,12963.24,18.8342,
2011-12-13,50000,OMO,December-13-2011,13-12-2011/317,1693,October-25-2012,Sales,4528,16.2900 - 18.1480,16.398,Issue,OMO,16.2900 - 16.3980,317,4528,35878,4528,19.1211,3rd Week
2011-12-20,50000,OMO,December-20-2011,20-12-2011/156,1694,May-24-2012,Sales,37404.03,15.3000 - 16.8190,16.1,Issue,OMO,15.3000 - 16.1000,156,0,60904.03,37404.03,17.2897,3rd Week
2011-12-20,50000,OMO,December-20-2011,20-12-2011/310,1695,October-25-2012,Sales,25728,16.0000 - 17.8480,16.385,Issue,OMO,16.0000 - 16.3850,310,0,36772.2,25728,19.0337,3rd Week
2011-12-22,37489.76,Primary Market,December-22-2011,22-12-2011/91,1696,March-22-2012,Sales,0,12.5000 - 16.4100,14.09,Issue,NTB,12.5000- 14.0900,91,37489.76,45744.86,37489.76,14.603,4th Week
2011-12-22,50000,OMO,December-22-2011,22-12-2011/105,1697,April-05-2012,Sales,57596.65,14.9890 - 18.9900,16.75,Issue,OMO,14.9890 - 16.7500,105,0,63346.65,57596.65,17.598,4th Week
2011-12-22,6329.26,OMO,December-22-2011,22-12-2011/119,1698,April-19-2012,Sales,6329.26,16.0000 - 16.0000,16,Issue,OMO,16.0000 - 16.0000,119,0,6329.26,6329.26,16.8806,4th Week
2011-12-22,50000,OMO,December-22-2011,22-12-2011/133,1699,May-03-2012,Sales,38022.19,15.4990 - 19.5900,16.9999,Issue,OMO,15.4990 - 16.9999,133,0,42522.19,38022.19,18.1225,4th Week
2011-12-22,45729.85,Primary Market,December-22-2011,22-12-2011/182,1700,June-21-2012,Sales,0,13.5000 - 17.1420,16.2,Issue,NTB,13.5000 - 16.2000,182,45729.85,53312.29,45729.85,17.6236,4th Week
2011-12-22,9882.48,OMO,December-22-2011,22-12-2011/203,1701,July-12-2012,Sales,9882.48,16.1000 - 16.1000,16.1,Issue,OMO,16.1000 - 16.1000,203,0,9882.48,9882.48,17.6834,4th Week
2011-12-22,17182.78,OMO,December-22-2011,22-12-2011/287,1702,October-04-2012,Sales,17182.78,16.2000 - 16.2000,16.2,Issue,OMO,16.2000 - 16.2000,287,0,17182.78,17182.78,18.5648,4th Week
2011-12-22,47029.27,Primary Market,December-22-2011,22-12-2011/364,1703,December-20-2012,Sales,7029.27,14.3000 - 17.4890,16.75,Issue,NTB,14.3000 - 16.7500,364,40000,53652.84,47029.27,20.109,4th Week
2011-12-23,50000,OMO,December-23-2011,23-12-2011/104,1704,April-05-2012,Sales,40745.3,16.0000 - 18.9900,16.98,Issue,OMO,16.0000 - 16.9800,104,0,57760.3,40745.3,17.8433,4th Week
2011-12-29,50000,OMO,December-29-2011,29-12-2011/182,1705,June-28-2012,Sales,50136.95,16.5000 - 18.1420,17.05,Issue,OMO,16.5000 - 17.0500,182,0,70736.95,50136.95,18.6342,4th Week
2012-01-04,100000,OMO,January-04-2012,04-01-2012/36,1706,February-09-2012,Sales,11919.76,14.0000 - 18.3400,15.49,Issue,OMO,14.0000 - 15.4900,36,0,237204.62,11919.76,15.7303,1st Week
2012-01-05,50000,OMO,January-05-2012,05-01-2012/119,1707,May-03-2012,Sales,56664.38,15.0000 - 19.9900,16.75,Issue,OMO,15.0000 - 16.7500,119,0,144824.68,56664.38,17.7175,1st Week
2012-01-05,50000,OMO,January-05-2012,05-01-2012/168,1708,June-21-2012,Sales,24470.78,15.5000 - 19.9900,16.999,Issue,OMO,15.5000 - 16.9990,168,0,58221.78,24470.78,18.4419,1st Week
2012-01-26,54888.9,Primary Market,January-26-2012,26-01-2012/91,1709,April-26-2012,Sales,25206.02,12.0000 - 17.2749,14.7999,Issue,NTB,12.0000 - 14.7999,91,30000,63268.11,54888.9,15.3669,4th Week
2012-01-26,60000,Primary Market,January-26-2012,26-01-2012/182,1710,July-26-2012,Sales,43229.89,14.2400 - 17.5490,16.1,Issue,NTB,14.2400 - 16.1000,182,40000,194861.69,83229.89,17.5053,4th Week
2012-01-27,19760,Primary Market,January-27-2012,27-01-2012/10,1711,May-30-2018,Sales,19760,14.5000 - 17.9989,16.987,Maginal,FGN Bonds,14.5000 - 16.9870,2315,0,22400,19760,-219.4854,4th Week
2012-01-27,35000,Primary Market,January-27-2012,10/27-01-2012,1712,October-30-2019,Sales,18900,13.0000 - 18.0100,16,Maginal,FGN Bonds,13.0000 -16.0000,2833,0,35000,18900,-66.1531,4th Week
2012-01-27,35000,Primary Market,January-27-2012,27-01-2012,1713,January-25-2022,Sales,35000,12.0000 - 22.0000,16.39,Maginal,FGN Bonds,12.0000 - 16.36900,3651,0,59920,35000,-25.6314,4th Week
2012-01-31,60000,OMO,January-31-2012,31-01-2012/142,1714,June-21-2012,Sales,15082.45,15.9500 - 18.0000,16.05,Issue,OMO,15.9500 - 16.0500,142,0,119688.97,15082.45,17.1189,1st Week
2012-01-31,40000,OMO,January-31-2012,31-01-2012/240,1715,September-27-2012,Sales,22687.1,16.1099 - 18.5000,16.5,Issue,OMO,16.1099 - 16.5000,240,0,74445.2,22687.1,18.508,1st Week
2012-02-01,50000,OMO,February-01-2012,01-02-2012/176,1716,July-26-2012,Sales,28555.68,15.3490 - 18.0000,16.05,Issue,OMO,15.3490 - 16.0500,176,0,88117.37,28555.68,17.3963,1st Week
2012-02-01,50000,OMO,February-01-2012,01-02-2012/253,1717,October-11-2012,Sales,27705.68,16.2595 - 17.9800,16.599,Issue,OMO,16.2595 - 16.5990,253,0,77984.93,27705.68,18.7571,1st Week
2012-02-02,50000,OMO,February-02-2012,02-02-2012/189,1718,August-09-2012,Sales,43859.95,14.4475 - - 17.2125,16.1,Issue,OMO,14.4475 - 16.1000,189,0,97108.71,43859.95,17.5643,1st Week
2012-02-09,32057.31,Primary Market,February-09-2012,09-02-2012/91,1719,May-10-2012,Sales,7219.06,13.0000 - 16.4394,14.7,Issue,NTB,13.0000 - 14.7000,91,39076.37,53896.42,32057.31,15.2592,2nd Week
2012-02-09,50000,Primary Market,February-09-2012,09-02-2012/182,1720,August-09-2012,Sales,10000,14.5000 - 17.3150,16.097,Issue,NTB,14.5000 - 16.0970,182,40000,106149.78,50000,17.5018,2nd Week
2012-02-09,67219.56,Primary Market,February-09-2012,09-02-2012/364,1721,February-07-2013,Sales,37219.06,15.9400 - 20.0000,16.899,Issue,NTB,15.9400 - 16.8990,364,30000,156807.41,67219.06,20.3242,
2012-02-23,44647.81,Primary Market,February-23-2012,23-02-2012/91,1722,May-24-2012,Sales,5000,14.0000 - 16.4395,14.8,Issue,NTB,14.0000 - 14.8000,91,49647.81,59333.21,44647.81,15.367,4th Week
2012-02-23,20000,Primary Market,February-23-2012,23-02-2012/182,1723,August-23-2012,Sales,30000,15.0000 - 17.3150,15.5,Issue,NTB,15.0000 - 15.5000,182,50000,157164.22,20000,16.7983,4th Week
2012-02-23,85000,Primary Market,February-23-2012,23-02-2012/364,1724,February-21-2013,Sales,35000,14.5000 - 19.0000,15.55,Issue,NTB,14.5000 - 15.5500,364,50000,260367.96,85000,18.404,4th Week
2012-02-27,50000,OMO,February-27-2012,27-02-2012/178,1725,August-23-2012,Sales,14231.3,15.1000 - 17.5000,15.499,Issue,OMO,15.1000 - 15.4990,178,0,161579.22,14231.3,16.7663,5th Week
2012-02-28,50000,OMO,February-28-2012,28-02-2012/317,1726,January-10-2013,Sales,6384.87,15.3900 - 17.5900,15.548,Issue,OMO,15.3900 - 15.5480,317,0,89626.97,6384.87,17.9753,5th Week
2012-02-28,50000,OMO,February-28-2012,28-02-2012/345,1727,February-07-2013,Sales,48338.85,15.0400 - 17.5000,15.5499,Issue,OMO,15.0400 - 15.5499,345,0,149829.68,48338.85,18.2292,5th Week
2012-02-29,20000,Primary Market,February-29-2012,29-02-2012/344,1728,February-07-2013,Sales,16905.5,15.2800 - 17.4900,15.5499,Issue,NTB,15.2800 - 15.5499,344,0,70298.88,16905.5,18.2201,5th Week
2012-02-29,50000,Primary Market,February-29-2012,29-02-2012/358,1729,February-21-2013,Sales,15764.003,15.3000 - 17.9900,15.55,Issue,NTB,15.3000 - 15.5500,358,0,96414.003,15764.003,18.3485,5th Week
2012-03-01,50000,OMO,March-01-2012,01-03-2012/252,1730,November-08-2012,Sales,24136.86,15.1000 - 17.4900,15.539,Issue,OMO,15.1000 - 15.5390,252,0,78636.86,24136.86,17.4064,1st Week
2012-03-01,50000,OMO,March-01-2012,01-03-2012/315,1731,January-10-2013,Sales,41864.32,15.2000 - 18.0000,15.55,Issue,OMO,15.2000 - 15.5500,315,0,109461.83,41864.32,17.9602,1st Week
2012-03-02,20000,OMO,March-02-2012,02-03-2012/251,1732,November-08-2012,Sales,31147.28,15.3499 - 17.4900,15.538,Issue,OMO,15.3499 - 15.5380,251,0,73400.28,31147.28,17.3969,1st Week
2012-03-02,30000,OMO,March-02-2012,02-03-2012/314,1733,January-10-2013,Sales,24495.54,15.4199 - 18.0000,15.5499,Issue,OMO,15.4199 - 15.5499,314,0,83023.05,24495.54,17.9513,1st Week
2012-03-08,50090.08,Primary Market,March-08-2012,08-03-2012/91,1734,June-07-2012,Sales,12880.63,13.7500 - 15.5000,14.1849,Issue,NTB,13.7500 - 14.8149,91,30090.08,56050.49,42970.71,14.7049,2nd Week
2012-03-08,50000,Primary Market,March-08-2012,08-03-2012/182,1735,September-06-2012,Sales,0,14.16000 - 17.4900,15.487,Issue,NTB,14.1600 - 15.4870,182,50000,112156.99,50000,16.783,2nd Week
2012-03-08,50000,Primary Market,March-08-2012,08-03-2012/364,1736,March-07-2013,Sales,7119.37,14.8000 - 17.4900,15.57,Issue,NTB,14.8000 - 15.5700,364,50000,160580.68,57119.37,18.432,2nd Week
2012-03-22,37489.76,Primary Market,March-22-2012,22-03-2012/91,1737,June-21-2012,Sales,0,13.0000 - 15.4925,14.3,Issue,NTB,13.0000 - 14.3000,91,37489.76,77512.71,37489.76,14.8287,4th Week
2012-03-22,63730.99,Primary Market,March-22-2012,22-03-2012/182,1738,September-20-2012,Sales,14381.84,14.4890 - 17.2500,15,Issue,NTB,14.4890 - 15.0000,182,49349.15,249069.17,63730.99,16.2126,4th Week
2012-03-22,50000,OMO,March-22-2012,22-03-2012/245,1739,November-22-2012,Sales,38082.71,14.7450 - 17.0000,15.2,Issue,OMO,14.7450 - 15.2000,245,0,116511.51,38082.71,16.927,4th Week
2012-03-22,50000,OMO,March-22-2012,22-03-2012/350,1740,March-07-2013,Sales,180211.31,14.9199 - 17.1290,15.38,Issue,OMO,14.9199 - 15.3800,350,0,180211.31,84443.71,18.0406,4th Week
2012-03-23,50000,OMO,March-23-2012,23-03-2012/258,1741,December-06-2012,Sales,59375.496,15.0000 - 17.0000,15.25,Issue,OMO,15.0000 - 15.2500,258,0,113176.496,59375.496,17.0925,4th Week
2012-03-23,50000,OMO,March-23-2012,23-03-2012/335,1742,February-21-2013,Sales,75273.1,15.1500 - 17.0000,15.37,Issue,OMO,15.1500 - 15.3700,335,0,143650.1,75273.1,17.8943,4th Week
2012-03-26,20000,OMO,March-26-2012,26-03-2012/255,1743,December-06-2012,Sales,40973.8,15.0000- 17.0000,15.249,Issue,OMO,15.0000 - 15.2490,255,0,73120.5,40973.8,17.0672,5th Week
2012-03-26,30000,OMO,March-26-2012,26-03-2012/332,1744,February-21-2013,Sales,33948.62,15.2000 - 17.0000,15.369,Issue,OMO,15.2000 - 15.3690,332,0,77948.62,33948.62,17.8667,5th Week
2012-03-29,21838.51,OMO,March-29-2012,29-03-2012/91,1745,June-28-2012,Sales,0,13.5000 - 15.8999,14.19,Issue,OMO,13.5000 - 14.1900,91,21838.51,43183.11,21838.51,14.7104,5th Week
2012-03-29,59081.14,OMO,March-29-2012,29-03-2012/182,1746,September-27-2012,Sales,40000,14.0000 - 16.9990,15.05,Issue,OMO,14.0000 - 15.0500,182,19081.14,104822.14,59081.14,16.271,5th Week
2012-03-30,20000,Primary Market,March-30-2012,30-03-2012/10,1747,October-23-2019,Sales,20000,12.0000 - 16.9989,15.3,Maginal,FGN Bonds,12.0000 - 15.3000,2763,0,63300,20000,-96.7197,5th Week
2012-03-30,30000,Primary Market,March-30-2012,30-03-2012,1748,January-27-2022,Sales,30000,12.0000 - 17.4400,15.41,Maginal,FGN Bonds,12.00000 - 15.4100,3590,0,68100,30000,-29.8835,5th Week
2012-04-12,30000,OMO,April-12-2012,12-04-2012/350,1749,March-28-2013,Sales,32549.4,14.9000 -18.5000,15.05,Issue,OMO,14.9000 -15.0500,350,0,96495.4,32549.4,17.5882,2nd Week
2012-04-12,50000,OMO,April-12-2012,12-04-2012/357,1750,April-04-2013,Sales,47494.49,14.8000 - 18.4900,15.06,Issue,OMO,14.8000 - 15.0600,357,0,170220.49,47494.49,17.6615,2nd Week
2012-04-26,34888.896,Primary Market,April-26-2012,26-04-2012/91,1751,July-26-2012,Sales,20000,13.0000 - 15.0000,13.849,Issue,NTB,13.0000 - 13.8490,91,54888.896,65356.36,34888.896,14.3443,4th Week
2012-04-26,45000,Primary Market,April-26-2012,26-04-2012/182,1752,October-25-2012,Sales,1730.415,14.0000 - 15.3990,14.59,Issue,NTB,14.0000 - 14.5900,182,46730.415,159730.696,450000,15.7347,4th Week
2012-04-26,60730.415,Primary Market,April-26-2012,26-04-2012/364,1753,April-25-2013,Sales,60730.415,13.0000 - 17.0000,14.64,Issue,NTB,13.0000 - 14.6400,364,0,314603.19,60730.415,17.1428,
2012-04-27,20000,Primary Market,April-27-2012,27/04/2012/3,1754,March-18-2014,Sales,20000,13.0000-16.6800,14.948,Maginal,FGN Bonds,13.0000-14.9480,690,0,62380,20000,20.8357,5th Week
2012-04-27,35000,Primary Market,April-27-2012,27/04/2012/5,1755,April-27-2017,Sales,35000,12.0000-17.6900,15.1,Maginal,FGN Bonds,12.0000-15.1000,1826,0,79120,35000,61.7369,5th Week
2012-04-27,35000,Primary Market,April-27-2012,27/04/2012/10,1756,January-27-2022,Sales,35000,12.0000-17.2200,15.4718,Maginal,FGN Bonds,12.0000-15.4718,3562,0,65330,35000,-30.3441,5th Week
2012-04-27,50000,OMO,April-27-2012,27-04-2012/118,1757,August-23-2012,Sales,50282.861,13.7000 - 15.2000,14.08,Issue,OMO,13.7000 - 14.0800,118,0,116433.47,50282.86,14.7515,4th Week
2012-04-27,20000,OMO,April-27-2012,27-04-2012/237,1758,December-20-2012,Sales,30000,14.0700 - 15.1800,14.34,Issue,OMO,14.0700 - 14.3400,237,0,105394.36,30000,15.8123,4th Week
2012-04-27,30000,OMO,April-27-2012,27-04-2012/335,1759,March-28-2013,Sales,92093.703,14.0900 - 15.5600,14.5,Issue,OMO,14.0900 - 14.5000,335,0,286439.603,92093.703,16.7259,4th Week
2012-04-30,30000,OMO,April-30-2012,30-04-2012/339,1760,April-04-2013,Sales,51759.755,14.1480 - 17.0000,14.4,Issue,OMO,14.1480 - 14.4000,339,0,198660.455,51759.755,16.6232,5th Week
2012-05-04,40000,OMO,May-04-2012,04-05-2012/118,1761,August-30-2012,Sales,34470.713,12.2000 - 14.9480,14.08,Issue,OMO,12.2000 -14.0800,118,0,56970.713,34470.713,14.7515,1st Week
2012-05-04,30000,OMO,May-04-2012,04-05-2012/139,1762,September-20-2012,Sales,55058.032,12.0000 - 14.9480,14.19,Issue,OMO,12.0000 - 14.1900,139,0,78808.032,55058.032,15.0006,1st Week
2012-05-10,32057.31,Primary Market,May-10-2012,10-05-2012/91,1763,August-09-2012,Sales,0,11.8900 - 15.0000,13.19,Issue,NTB,11.8900 - 13.1900,91,32057.31,98107.68,32057.31,13.6385,2nd Week
2012-05-10,50000,OMO,May-10-2012,10-05-2012/105,1764,August-23-2012,Sales,78408.76,12.7400 - 15.9990,13.3,Issue,OMO,12.7400 - 13.3000,105,130052.83,115630.07,51644.07,13.8291,2nd Week
2012-05-10,50000,Primary Market,May-10-2012,10-05-2012/182,1765,November-08-2012,Sales,5000,12.9990 - 16.0000,13.871,Issue,NTB,12.9990 - 16.0000,182,45000,145344.46,50000,14.9017,2nd Week
2012-05-10,65000,Primary Market,May-10-2012,10-05-2012/364,1766,May-09-2013,Sales,15000,13.0000 - 16.0000,13.947,Issue,NTB,13.0000 - 13.9470,364,50000,269986.29,65000,16.2003,2nd Week
2012-05-18,35000,Primary Market,May-18-2012,18-05-2012/5,1767,April-27-2017,Sales,35000,13.5000 - 16.5000,15.2492,Maginal,FGN Bonds,13.5000 - 15.2492,1805,0,62800,35000,62.0149,3rd Week
2012-05-18,35000,Primary Market,May-18-2012,18-05-2012/10,1768,January-27-2022,Sales,35000,13.5000 - 16.9400,15.45,Maginal,FGN Bonds,13.5000 - 15.4500,3541,0,68900,35000,-30.9705,3rd Week
2012-05-24,80000,OMO,May-24-2012,24-05-2012/42,1769,July-05-2012,Sales,1831.55,13.0000 - 16.2600,13.25,Issue,OMO,13.0000 - 13.2500,42,0,70173.55,1831.55,13.4551,4th Week
2012-05-24,70000,OMO,May-24-2012,24-05-2012/56,1770,July-19-2012,Sales,2517.35,13.0000 - 16.2500,13.4,Issue,OMO,13.0000 - 13.4000,56,0,69389.61,2517.35,13.6813,4th Week
2012-05-24,30647.81,Primary Market,May-24-2012,24-05-2012/91,1771,August-23-2012,Sales,0,11.0000- 15.0000,13.5,Issue,NTB,11.0000 - 13.5000,91,30647.81,62634.61,30647.81,13.9702,4th Week
2012-05-24,45000,Primary Market,May-24-2012,24-05-2012/182,1772,November-22-2012,Sales,0,12.5000 - 16.4890,14.14,Issue,NTB,12.5000 - 14.1400,182,45000,94157.84,45000,15.2126,4th Week
2012-05-25,80000,OMO,May-25-2012,25-05-2012/41,1773,July-05-2012,Sales,141.285,13.0000 - 16.7900,13.24,Issue,OMO,13.0000 - 13.2400,41,0,94141.285,141.285,13.4399,4th Week
2012-05-25,70000,OMO,May-25-2012,25-05-2012/55,1774,July-19-2012,Sales,3206.68,12.9990 - 16.9900,13.4,Issue,OMO,12.9990- 13.4000,55,0,89844.68,3209.68,13.6761,4th Week
2012-05-28,80000,OMO,May-28-2012,28-05-2012/38,1775,July-05-2012,Sales,21470,13.2000 - 15.8900,14.5,Issue,OMO,13.2000 - 14.5000,38,0,24470,21470,14.7222,5th Week
2012-05-28,70000,OMO,May-28-2012,28-05-2012/52,1776,July-19-2012,Sales,24047.63,13.2500 - 16.2400,14.5,Issue,NTB,13.2500 - 14.5000,52,0,47048.68,24047.68,14.8059,5th Week
2012-05-30,70000,OMO,May-30-2012,30-05-2012/50,1777,July-19-2012,Sales,65213.89,14.2999 -15.4900,14.5,Issue,OMO,14.2999 - 14.5000,50,0,96786.89,65213.89,14.7939,5th Week
2012-05-31,60000,OMO,May-31-2012,31-05-2012/63,1778,August-02-2012,Sales,55629.87,14.2000 - 15.0900,14.5,Issue,NTB,14.2000- 14.5000,63,0,71858.27,55629.87,14.8722,5th Week
2012-05-31,40000,OMO,May-31-2012,31-05-2012/77,1779,August-16-2012,Sales,47893.3,14.4990 - 15.5000,15,Issue,OMO,14.4990 - 15.0000,77,0,50893.3,47893.3,15.4902,5th Week
2012-06-01,70000,OMO,June-01-2012,01-06-2012/62,1780,August-02-2012,Sales,14116,14.4900 - 15.5000,14.5,Issue,OMO,14.4900 - 14.5000,62,0,48216,14116,14.8662,1st Week
2012-06-07,60000,Primary Market,June-07-2012,07-06-2012/364,1781,June-06-2013,Sales,0,13.0000 - 17.6300,15.6999,Issue,NTB,13.0000 - 15.6999,364,60000,106806,60000,18.6143,2nd Week
2012-06-28,21838.51,Primary Market,June-28-2012,28-06-2012/91,1782,September-27-2012,Sales,0,13.5000 - 15.6290,14.09,Issue,NTB,13.50000 - 14.0900,91,21838.51,31734.91,21838.51,14.603,5th Week
2012-06-28,52729.22,Primary Market,June-28-2012,28-06-2012/182,1783,December-27-2012,Sales,0,14.5000 - 16.1891,15.31,Issue,NTB,14.5000 - 15.3100,182,52729.22,83515.14,52729.22,16.5754,5th Week
2012-06-28,60000,Primary Market,June-28-2012,28-06-2012/364,1784,June-27-2013,Sales,0,14.7500 - 17.2500,15.6,Issue,NTB,14.7500 - 15.6000,364,60000,192643.85,60000,18.4741,5th Week
2012-06-29,23910,Primary Market,June-29-2012,29-06-2012/10,1785,June-27-2022,Sales,23910,14.0000 - 17.1499,16.2149,Maginal,FGN Bonds,14.0000 - 16.2149,10,0,33680,23910,16.2873,5th Week
2012-06-29,30000,Primary Market,June-29-2012,29-06-2012/5,1786,April-27-2017,Sales,30000,12.50000 - 17.0386,15.859,Maginal,FGN Bonds,12.5000 - 15.8590,1763,0,55840,30000,67.7768,5th Week
2012-06-29,30000,Primary Market,June-29-2012,29-06-2012/7,1787,June-29-2019,Sales,30000,14.0000 - 17.0400,16,Maginal,FGN Bonds,14.0000 - 16.0000,2556,0,40170,30000,-132.848,5th Week
2012-07-12,30159.21,Primary Market,July-12-2012,12-07-2012/91,1788,October-11-2012,Sales,0,12.2500 - 18.0000,13.75,Issue,NTB,12.2500 - 13.7500,91,30159.21,66275.17,30159.21,14.2381,2nd Week
2012-07-12,65403.15,Primary Market,July-12-2012,12-07-2012/182,1789,January-10-2013,Sales,65403.15,13.0000 - 16.5891,14.888,Issue,NTB,13.0000 - 14.8880,182,65403.15,223948.98,65403.15,16.0819,2nd Week
2012-07-20,25000,Primary Market,July-20-2012,20-07-2012,1790,April-27-2017,Sales,25000,15.0000 - 17.5000,16.199,Maginal,FGN Bonds,15.0000 - 16.1990,1742,0,41030,25000,71.3971,4th Week
2012-07-20,25000,Primary Market,July-20-2012,20-07-2012/7,1791,June-29-2019,Sales,25000,15.0000 - 17.1663,16.59,Maginal,FGN Bonds,15.0000 - 16.5900,2535,0,27800,25000,-108.9944,4th Week
2012-07-20,25000,Primary Market,July-20-2012,20-07-2012/10,1792,January-27-2022,Sales,25000,15.0000 - 18.0062,16.3031,Maginal,FGN Bonds,15.0000 - 16.3031,3478,0,51770,25000,-29.4554,4th Week
2012-07-26,34888.896,Primary Market,July-26-2012,26-07-2012/91,1793,October-25-2012,Sales,0,12.5000 - 17.2300,13.9475,Issue,NTB,12.5000 - 13.9475,91,34888.896,76448.9,34888.896,14.45,4th Week
2012-07-26,60000,Primary Market,July-26-2012,26-07-2012/182,1794,January-24-2013,Sales,0,13.0000 - 17.7000,14.94,Issue,NTB,13.0000 - 14.9400,182,60000,97094.81,60000,16.1425,4th Week
2012-07-26,60000,Primary Market,July-26-2012,26-07-2012/364,1795,July-25-2013,Sales,10000,14.7500 - 17.2500,15.6,Issue,NTB,14.7500 - 15.6000,364,60000,274865.6,60000,18.4741,4th Week
2012-07-27,70000,OMO,July-27-2012,27-07-2012/48,1796,September-13-2012,Sales,5302.2,13.9000 - 17.0000,14.1,Issue,OMO,13.9000 - 14.1000,48,0,17315.25,5302.2,14.3664,4th Week
2012-08-09,32057.31,Primary Market,August-09-2012,09-08-2012,1797,November-08-2012,Sales,0,12.0000 - 26.0000,14.5,Issue,NTB,12.0000 - 14.5000,91,32057.31,43633.36,32057.31,15.0483,2nd Week
2012-08-09,50000,Primary Market,August-09-2012,09-08-2012,1798,February-07-2013,Sales,0,13.0000 - 23.0000,15.3,Issue,NTB,13.0000 - 15.3000,182,50000,104333.3,50000,16.5636,2nd Week
2012-08-09,90000,Primary Market,August-09-2012,09-08-2012,1799,August-08-2013,Sales,0,13.0000 - 23.5000,15.38,Issue,NTB,13.0000 - 15.3800,364,60000,274865.6,90000,18.1663,2nd Week
2012-08-23,30647.81,Primary Market,August-23-2012,23-08-2012/91,1800,November-22-2012,Sales,0,12.5000 - 15.7189,14,Issue,NTB,12.5000 - 14.0000,91,30647.81,46738.63,30647.81,14.5049,4th Week
2012-08-23,20000,Primary Market,August-23-2012,23-08-2012/182,1801,February-21-2013,Sales,0,14.0000 - 18.0000,15.08,Issue,NTB,14.0000 - 15.0800,182,20000,90185.68,20000,16.3025,4th Week
2012-08-31,50,OMO,August-31-2012,31/08/2012/96,1802,November-08-2012,Sales,4500,14.0000 - 18.0000,14,Issue,OMO,14.0000 - 14.0000,96,0,39500,4500,14.3795,5th Week
2012-09-03,50,OMO,September-03-2012,03/09/2012/59,1803,November-01-2012,Sales,10000,13.9875 - 15.0589,14,Issue,OMO,13.9875 - 14.0000,59,0,1900,10000,14.3233,1st Week
2012-09-03,50,OMO,September-03-2012,03/09/2012/66,1804,November-08-2012,Sales,32227.059,13.8900 - 17.0000,14.2,Issue,NTB,13.8900 - 14.2000,66,0,42727.059,32227.059,14.5733,1st Week
2012-09-04,50,OMO,September-04-2012,04/09/2012/58,1805,November-01-2012,Sales,16631.94,13.9900 - 15.0589,14.2,Issue,OMO,13.9900 - 14.2000,58,0,21631.94,16631.94,14.5269,1st Week
2012-09-04,50,OMO,September-04-2012,04/09/2012/72,1806,November-15-2012,Sales,17364.362,14.0499 - 15.1890,14.5,Issue,OMO,14.0499 - 14.5000,72,0,22364.362,17364.362,14.9258,1st Week
2012-09-05,32970.71,Primary Market,September-05-2012,05/09/2012/91,1809,December-06-2012,Sales,32970.71,12.0000-16.0000,13.64,Issue,NTB,12.0000-13.6400,91,32970.71,62712.85,32970.71,14.1188,1st Week
2012-09-05,50000,Primary Market,September-05-2012,05/09/2012/182,1811,March-07-2013,Sales,20000,13.2500 - 17.0000,13.8,Issue,NTB,13.2500 - 13.8000,182,50000,109118.44,50000,14.8168,1st Week
2012-09-05,60000,Primary Market,September-05-2012,05/09/2012/364,1813,September-05-2013,Sales,90000,12.4500 - 17.6900,13.8726,Issue,NTB,12.4500 - 13.8726,364,60000,258919.5,60000,16.0929,1st Week
2012-09-06,50000,OMO,September-06-2012,06/09/2012/70,1810,November-15-2012,Sales,27510.5,13.3900-16.0000,14.5,Issue,OMO,13.3900-14.5000,70,0,28510.5,27510.5,14.9136,1st Week
2012-09-06,50000,OMO,September-06-2012,06/09/2012/84,1812,November-29-2012,Sales,39784.378,13.4900 - 16.2900,14.6,Issue,OMO,13.4900 - 14.6000,84,0,43318.943,39784.378,15.1062,1st Week
2012-09-07,30000,OMO,September-07-2012,07/09/2012/69,1807,November-15-2012,Sales,31033.65,14.2500-14.70000,14.5,Issue,OMO,14.2500-14.9075,69,0,40033.65,31033.65,14.9075,2nd Week
2012-09-07,52045.5,OMO,September-07-2012,07/09/2012/83,1808,November-29-2012,Sales,39045.5,14.4900-15.0000,14.6,Issue,OMO,14.4900-14.6000,83,0,52045.5,39045.5,15.0999,2nd Week
2012-09-19,37489.76,Primary Market,September-19-2012,19-09-2012/91,1814,December-20-2012,Sales,37489.76,11.4500 - 15.0000,12,Issue,NTB,11.4500 - 12.0000,91,0,77404.17,37489.76,12.369,3rd Week
2012-09-19,63730.99,Primary Market,September-19-2012,19-09-2012/182,1815,March-21-2013,Sales,63730.99,11.5000 - 15.0000,12.6,Issue,NTB,11.5000 - 12.6000,182,0,143480.2,63730.99,13.4422,3rd Week
2012-09-21,30000,Primary Market,September-21-2012,21-09-2012/5,1816,April-27-2017,Sales,30000,9.0001 - 16.3000,12.933,Maginal,FGN Bond,9.0001 - 12.9330,44010,0,36400,30000,0,4th Week
2012-09-21,30000,Primary Market,September-21-2012,21-09-2012/7,1817,June-29-2019,Sales,30000,9.0001 - 14.6631,12.9,Maginal,FGN Bond,9.0001 - 12.9000,76920,0,46570,30000,0,4th Week
2012-09-25,100000,OMO,September-25-2012,25-09-2012/51,1818,November-15-2012,Sales,83732.84,13.4900-15.0000,13.7,Issue,OMO,13.4900-13.7000,51,0,83732.84,14500,13.9666,4th Week
2012-09-26,21838.51,Primary Market,September-26-2012,26-09-2012/91,1819,December-27-2012,Sales,21838.51,10.5000 - 15.0000,12.7,Issue,NTB,10.5000 - 12.7000,91,21838.51,50042.49,21838.51,13.1141,4th Week
2012-09-26,59081.14,Primary Market,September-26-2012,26-09-2012/182,1820,March-28-2013,Sales,59081.14,10.5000 - 15.5000,13,Issue,NTB,10.5000 - 13.0000,182,59081.14,84494.91,49081.14,13.8985,4th Week
2012-09-26,23783.25,Primary Market,September-26-2012,26-09-2012/364,1821,September-26-2013,Sales,33783.25,11.9500 - 15.7500,13.05,Issue,NTB,11.9500 - 13.0500,364,15446.67,103778.97,33783.25,14.9963,4th Week
2012-09-27,100000,OMO,September-27-2012,27-09-2012/77,1822,December-13-2012,Sales,33494.33,13.2490 - 14.8950,13.97,Issue,OMO,13.2490 - 13.9700,77,0,77994.32,33494.33,14.393,4th Week
2012-09-28,100000,OMO,September-28-2012,13-09-2012/76,1823,December-13-2012,Sales,56823.61,13.7000 - 14.6000,14,Issue,OMO,13.7000 - 14.0000,76,0,103323.61,56823.61,14.4192,4th Week
2012-10-04,40000,OMO,October-04-2012,04-10-2012/70,1824,December-13-2012,Sales,49014.15,13.0000 - 14.2500,14,Issue,OMO,13.0000 - 14.0000,70,0,75765.15,49014.15,14.3852,1st Week
2012-10-04,60000,OMO,October-04-2012,04-10-2012/84,1825,December-27-2012,Sales,82453.54,13.3990 - 14.2500,14,Issue,OMO,13.3990 - 14.0000,84,0,139510.33,82453.54,14.4648,1st Week
2012-10-04,100000,OMO,October-04-2012,04-10-2012/87,1829,January-03-2013,Sales,91310,13.9500 - 14.7500,14.05,Issue,OMO,13.9500 - 14.0500,87,0,123141,91310,14.5368,1st Week
2012-10-05,50000,OMO,October-05-2012,05-10-2012/41,1826,November-15-2012,Sales,11262.5,13.9000 - 14.1500,13.95,Issue,OMO,13.9000 - 13.9500,41,0,14762.5,11262.5,14.1715,1st Week
2012-10-05,50000,OMO,October-05-2012,05-10-2012/48,1827,November-22-2012,Sales,32200,13.9000 -14.2500,13.99,Issue,OMO,13.8900 - 13.9900,48,0,34701,32200,14.2515,1st Week
2012-10-05,100000,OMO,October-05-2012,05-10-2012/55,1828,November-29-2012,Sales,92590.19,13.8900 - 14.2500,14,Issue,OMO,13.8900 - 14.0000,55,0,99614.19,92590.19,14.3009,1st Week
2012-10-10,30159.21,Primary Market,October-10-2012,10-10-2012/91,1830,January-10-2013,Sales,30159.21,12.0000-14.8900,13,Issue,NTB,12.0000-13.0000,91,30159.21,51234.87,30159.21,13.4342,2nd Week
2012-10-10,73490.87,Primary Market,October-10-2012,10-10-2012/182,1831,April-11-2013,Sales,73490.87,11.5000-14.6000,13.34,Issue,NTB,11.5000-133400,182,73490.87,145583.44,73490.87,14.2878,2nd Week
2012-10-10,68184.89,Primary Market,October-10-2012,10-10-2012/364,1832,October-10-2013,Sales,68184.89,12.5000-15.9900,13.3899,Issue,NTB,12.5000-13.3899,364,68184.89,159264.56,68184.89,15.4469,2nd Week
2012-10-17,15000,Primary Market,October-17-2012,17-10-2012/5-Year,1837,April-17-2017,Sales,15000,9.0000 – 16.0000,13.684,Maginal,FGN Bonds,9.0000 – 13.6840,5-Year,0,38050,15000,0,4th Week
2012-10-17,13.7465,Primary Market,October-17-2012,17-10-2012/7-Year,1838,June-29-2019,Sales,30000,10.0000 - 16.0000,13.7465,Maginal,FGN Bonds,10.0000 - 13.7465,7-Year,0,46000,30000,0,4th Week
2012-10-17,30000,Primary Market,October-17-2012,17-10-2012/10-Year,1839,January-27-2022,Sales,30000,10.0001 – 16.0000,13.5,Maginal,FGN Bonds,10.0001 – 13.5000,10-Year,0,60170,30000,0,4th Week
2012-10-18,50000,OMO,October-18-2012,18-10-2012/70,1833,December-27-2012,Sales,60717.1,13.2500 - 14.2500,14,Issue,OMO,13.2500 - 14.0000,70,0,68759.1,60717.1,14.3852,3rd Week
2012-10-18,100000,OMO,October-18-2012,18-10-2012/91,1834,January-17-2013,Sales,97481.64,13.8000 - 14.5000,14.1,Issue,OMO,13.8000 - 14.1000,91,0,103481.64,97481.64,14.6123,3rd Week
2012-10-19,50000,OMO,October-19-2012,19-10-2012/83,1835,January-13-2013,Sales,65750,13.9000-14.2999,14.05,Issue,OMO,13.9000-14.0500,83,0,70350,65750,14.5124,3rd Week
2012-10-19,70000,OMO,October-19-2012,19-10-2012/90,1836,January-17-2013,Sales,49874.02,14.0500-14.1000,14.1,Issue,OMO,14.0500-14.1000,90,70000,49874.02,49874.02,14.6064,3rd Week
2012-10-25,34888.9,Primary Market,October-25-2012,29-10-2012/91,1840,January-13-2013,Sales,34888.9,12.0000-15.0000,12.88,Issue,NTB,12.0000-12.8800,91,0,66444.08,34888.9,13.3073,3rd Week
2012-10-25,45000,Primary Market,October-25-2012,10-25-2012/182,1841,April-25-2013,Sales,45000,12.5000-14.5000,13.25,Issue,NTB,12.5000-13.2500,182,0,72801.1,45000,14.1873,4th Week
2012-10-25,31385.9,Primary Market,October-25-2012,10-25-2012/364,1842,October-24-2013,Sales,31385.9,12.5000-15.0000,13.2746,Issue,NTB,12.5000-13.2746,364,0,92222.13,31385.9,15.3001,4th Week
2012-10-31,80000,OMO,October-31-2012,31-10-2012/84,1843,January-24-2013,Sales,77114.34,13.9000 - 14.2500,14.05,Issue,OMO,13.9000 - 14.0500,84,0,89114.34,77114.34,14.5239,5th Week
2012-11-07,32057.31,Primary Market,November-07-2012,07-11-2012/91,1844,February-07-2013,Sales,39057.31,11.0000 - 14.0000,12.75,Issue,NTB,11.0000 - 12.7500,91,32057.31,56779.69,39057.31,13.1674,1st Week
2012-11-07,50000,Primary Market,November-07-2012,07-11-2012/182,1845,May-09-2013,Sales,50000,10.0000 - 14.5000,13.03,Issue,NTB,10.0000 - 13.0300,182,50000,109249.23,43000,13.9328,1st Week
2012-11-07,47786.39,Primary Market,November-07-2012,07-11-2012/364,1846,November-07-2013,Sales,47786.39,12.8500 - 14.5000,13.0489,Issue,NTB,12.8500 - 13.0489,364,47786.39,137061.74,47786.39,14.9949,1st Week
2012-11-08,100000,OMO,November-08-2012,08-11-2012/84,1847,January-31-2013,Sales,48799.34,13.8000 - 14.0500,13.999,Issue,OMO,13.8000 - 13.9990,84,0,214529.67,48799.34,14.465,2nd Week
2012-11-09,50000,OMO,November-09-2012,09-11-2012/83,1848,January-31-2013,Sales,132051.98,13.4990 - 14.0000,13.95,Issue,OMO,13.4990 - 13.9500,83,0,163051.98,132051.98,14.407,2nd Week
2012-11-09,50000,OMO,November-09-2012,09-11-2012/76,1849,January-24-2013,Sales,49565.48,13.1360 - 13.9900,13.9349,Issue,OMO,13.1360 - 13.9349,76,0,75608.48,49565.48,14.3513,2nd Week
2012-11-16,100000,OMO,November-16-2012,16-11-2012/76,1850,January-31-2013,Sales,148275.91,13.6000-13.9500,13.85,Issue,OMO,13.6000-13.8500,76,0,229288.26,148275.91,14.2613,3rd Week
2012-11-21,30647.81,Primary Market,November-21-2012,21-11-2012/91,1851,February-21-2013,Sales,30647.81,11.0000 - 14.0000,12.4,Issue,NTB,11.0000 - 12.4000,91,30647.81,67256.84,30647.81,12.7956,4th Week
2012-11-21,45000,Primary Market,November-21-2012,21-11-2012/182,1852,May-23-2013,Sales,31246.03,12.0000 - 14.0000,12.45,Issue,NTB,12.0000 - 12.4500,182,45000,110212.62,31246.03,13.274,4th Week
2012-11-21,40536.7,Primary Market,November-21-2012,21-11-2012/364,1853,November-21-2013,Sales,54290.67,12.0000 - 14.0150,12.5,Issue,NTB,12.0000 - 12.5000,364,40536.7,178445.43,54290.67,14.2801,4th Week
2012-11-22,80000,OMO,November-22-2012,22-11-2012/84,1854,February-14-2013,Sales,101097.58,12.9700 - 13.8000,13.5,Issue,OMO,12.9700 - 13.5000,84,70282.71,136124.23,101097.58,13.9329,4th Week
2012-11-22,70000,OMO,November-22-2012,22-11-2012/98,1855,February-28-2013,Sales,145675.77,12.2000 - 13.8500,13.559,Issue,OMO,12.2000 - 13.5590,98,0,242931.92,145675.77,14.0713,4th Week
2012-11-28,100000,OMO,November-28-2012,11-28-2012/113,1856,March-21-2013,Sales,111903.43,13.3000-14.1990,13.6,Issue,OMO,13.3000-13.6000,113,0,134903.43,111903.43,14.1978,4th Week
2012-12-10,100000,OMO,December-10-2012,12-10-2012/122,1857,April-11-2013,Sales,76995.77,12.9000-13.5780,13.499,Issue,OMO,12.9000-13.4990,122,0,161997.02,76995.77,14.1369,2nd Week
2012-12-10,50000,OMO,December-10-2012,12-10-2012,1858,March-21-2013,Sales,28441.24,12.2990-14.0000,13.4,Issue,OMO,12.2990-13.4000,101,0,40478.24,28441.24,13.916,2nd Week
2012-12-13,50000,OMO,December-13-2012,12-12-2012/112,1859,April-04-2013,Sales,63417,13.2400 - 13.9500,13.349,Issue,OMO,13.2400 - 13.3490,112,0,88970.5,63417,13.9191,2nd Week
2012-12-13,50000,OMO,December-13-2012,12/13/2012,1860,April-11-2013,Sales,125449.73,13.3000 - 14.0000,13.4,Issue,OMO,13.3000 - 13.4000,119,0,125449.73,104392.58,14.0122,2nd Week
2012-12-19,33266.32,Primary Market,December-19-2012,19-12-2012/91,1861,March-21-2013,Sales,33266.32,10.5000 - 14.0000,11.67,Issue,NTB,10.5000 - 11.6700,91,37489.76,40019.96,33266.32,12.0197,3rd Week
2012-12-19,78238.55,Primary Market,December-19-2012,19-12-2012/182,1862,June-20-2013,Sales,35029.27,10.0000 - 14.5000,11.7,Issue,NTB,10.0000 - 11.7000,182,63135.14,78238.55,35029.27,12.4249,3rd Week
2012-12-19,69358.57,Primary Market,December-19-2012,19-12-2012/364,1863,December-19-2013,Sales,69358.57,10.0000 - 14.6500,11.799,Issue,NTB,10.0000 - 11.7990,364,47029.27,180415.62,69358.57,13.3725,3rd Week
2012-12-19,16490,Primary Market,December-19-2012,19-12-2012/5-Year,1866,April-27-2017,Sales,16490,11.0000 - 15.1000,11.8,Maginal,FGN Bonds,11.0000 - 11.8000,5-Year,0,44180,16490,0,3rd Week
2012-12-19,30000,Primary Market,December-19-2012,19-12-2012/7-Year,1867,June-29-2019,Sales,30000,11.5000 - 14.0000,12.1,Maginal,FGN Bonds,11.5000 - 12.1000,7-Year,0,42150,30000,0,3rd Week
2012-12-19,30000,Primary Market,December-19-2012,19-12-2012/10-Year,1868,December-19-2012,Sales,30000,11.4700 - 14.0000,11.9001,Maginal,FGN Bonds,11.4700 - 11.9001,10-Year,0,57520,30000,0,3rd Week
2012-12-20,100000,OMO,December-20-2012,20-12-2012/119,1864,April-18-2013,Sales,70043.12,13.1000 - 13.5970,13.4,Issue,OMO,13.1000 - 13.4000,119,0,84143.12,70043.12,14.0122,3rd Week
2012-12-20,100000,OMO,December-20-2012,20-12-2012/126,1865,April-25-2013,Sales,107554.47,13.0800 - 13.9900,13.45,Issue,OMO,13.0800 - 13.4500,126,0,126554.47,107554.47,14.1049,3rd Week
2012-12-24,70000,OMO,December-24-2012,24-12-2012/115,1869,April-18-2013,Sales,37002,13.2000 - 13.5500,13.399,Issue,OMO,13.2000 - 13.3990,115,0,39502,37002,13.9896,4th Week
2012-12-24,50000,OMO,December-24-2012,24-12-2012/122,1870,April-25-2013,Sales,34538.5,13.3500 - 14.1500,13.44,Issue,OMO,13.3500 - 13.4400,122,0,43870.5,34538.5,14.0722,4th Week
2012-12-27,31838.51,Primary Market,December-27-2012,27-12-2012/91,1871,March-28-2013,Sales,31838.51,10.9500 - 14.0000,11.699,Issue,NTB,10.9500 - 11.6990,91,31838.51,37085.69,31838.51,12.0495,4th Week
2012-12-27,94790.28,Primary Market,December-27-2012,27-12-2012/182,1872,June-27-2013,Sales,42729.22,11.0000 - 14.4990,11.75,Issue,NTB,11.0000 - 11.7500,182,42729.22,42729.22,42729.22,12.4791,4th Week
2012-12-28,70000,OMO,December-28-2012,12-28-2012/90,1873,March-28-2013,Sales,33731.05,13.1500-13.5500,13.3,Issue,OMO,13.1500-13.3000,90,0,36237.73,33731.05,13.751,4th Week
2012-12-28,80000,OMO,December-28-2012,12-28-2012,1874,April-18-2013,Sales,30296.34,13.2000-14.1500,13.35,Issue,OMO,13.2000-13.9149,111,0,35578.84,30296.43,13.9149,4th Week
2013-01-02,50000,OMO,January-02-2013,01-02-2013/120,1875,May-02-2013,Sales,50275,12.8900-13.6000,13.299,Issue,OMO,12.8900-13.2990,120,0,50275,50275,13.9701,1st Week
2013-01-02,70000,OMO,January-02-2013,01-02-2013/127,1876,May-09-2013,Sales,90063.82,12.9200-13.7990,13.9893,Issue,OMO,12.9200-13.9893,127,0,155313.82,90063.82,13.9893,1st Week
2013-01-03,100000,OMO,January-03-2013,01-03-2013/119,1877,May-02-2013,Sales,138167.38,13.1000-13.5000,13.299,Issue,OMO,13.1000-13.2990,119,0,139352.38,138167.38,13.9018,1st Week
2013-01-03,100000,OMO,January-03-2013,01-03-2013/126,1878,May-02-2013,Sales,140317.7,13.2000-13.3400,13.339,Issue,OMO,13.2000-13.3390,126,0,140317.7,140317.7,13.9829,1st Week
2013-01-04,50000,OMO,January-04-2013,01-04-2013/132,1879,May-16-2013,Sales,61428.1,13.2000-13.3000,13.28,Issue,OMO,13.2000-13.2800,132,0,99782.6,61428.1,13.95,1st Week
2013-01-04,50000,OMO,January-04-2013,01-04-2013/139,1880,May-23-2013,Sales,59530.03,13.2000-13.3950,13.32,Issue,OMO,13.2000-13.3200,139,0,114367.03,59530.03,14.0318,1st Week
2013-01-07,50000,OMO,January-07-2013,01-07-2013/101,1881,April-18-2013,Sales,50298.83,13.1900-13.3000,13.25,Issue,OMO,13.1900-13.2500,101,0,62098.83,50298.83,13.7543,2nd Week
2013-01-07,50000,OMO,January-07-2013,01-07-2013/129,1882,May-16-2013,Sales,83557.14,13.2000-13.3000,13.274,Issue,OMO,13.2000-13.2740,129,0,112957.14,83557.14,13.9274,1st Week
2013-01-09,30159.21,Primary Market,January-09-2013,09-01-2013/91,1883,April-11-2013,Sales,30159.21,11.0000 - 14.0000,11.55,Issue,NTB,11.0000 - 11.5500,91,30159.21,56231.71,30159.21,0,2nd Week
2013-01-09,50403.15,Primary Market,January-09-2013,09-01-2013/182,1884,July-11-2013,Sales,50403.15,10.2500 - 15.0000,11.6,Issue,NTB,10.2500 - 11.6000,182,65403.15,112313.86,50403.15,0,2nd Week
2013-01-09,85845.41,Primary Market,January-09-2013,09-01-2013/364,1885,January-09-2014,Sales,85845.41,11.0000 - 13.2490,11.799,Issue,NTB,11.0000 - 11.7990,364,65845.41,191617.31,85845.41,0,2nd Week
2013-01-10,30000,OMO,January-10-2013,10-01-2013/56,1886,March-07-2013,Sales,32030.41,12.8989 - 13.5400,13.09,Issue,OMO,12.8989 - 13.0900,56,0,88168.18,32030.41,13.3583,2nd Week
2013-01-10,30000,OMO,January-10-2013,10-01-2013/77,1887,March-28-2013,Sales,51860.87,12.9899 - 13.5900,13.14,Issue,OMO,12.9899 - 13.1400,77,0,106289.17,51860.87,13.5146,2nd Week
2013-01-15,100000,OMO,January-15-2013,01-15-2013,1888,May-23-2013,Sales,110802.31,12.8200 - 13.2400,13.03,Issue,OMO,12.8200 - 13.0300,128,0,221834.16,110802.31,13.6539,2nd Week
2013-01-18,50000,OMO,January-18-2013,01-18-2013/34,1889,February-21-2013,Sales,19501.5,12.4999 - 13.1000,12.8,Issue,OMO,12.4999 - 12.8000,34,0,36771.5,19501.5,12.9545,3rd Week
2013-01-18,50000,OMO,January-18-2013,01-18-2013/48,1890,March-07-2013,Sales,22500,12.5100 - 13.0000,12.876,Issue,OMO,12.5100 - 12.8760,48,0,74502.37,22500,13.0978,3rd Week
2013-01-18,50000,OMO,January-18-2013,01-18-2013/55,1891,March-14-2013,Sales,33500,12.4900 - 13.1000,12.899,Issue,OMO,12.4900 - 12.8990,55,0,53500,33500,13.1547,3rd Week
2013-01-18,50000,OMO,January-18-2013,01-18-2013/62,1892,March-21-2013,Sales,117368.49,12.4700 - 13.2000,12.9,Issue,OMO,12.4700 - 12.9000,62,0,176934.23,117368.49,13.189,3rd Week
2013-01-22,50000,OMO,January-22-2013,01-22-2013/37,1896,February-21-2013,Sales,36301,12.3000 - 12.7990,12.65,Issue,OMO,12.3000 - 12.6500,37,0,45808,36301,12.8143,3rd Week
2013-01-22,50000,OMO,January-22-2013,01-22-2013/44,1897,March-07-2013,Sales,79500,12.3700 - 12.8459,212.7,Issue,OMO,12.3700 - 12.7000,44,0,111073.1,79500,12.8975,3rd Week
2013-01-22,50000,OMO,January-22-2013,01-22-2013/51,1898,March-14-2013,Sales,62911,12.4598 - 12.9000,12.71,Issue,NTB,12.4598 - 1212.7100,51,0,135660,62911,12.9398,3rd Week
2013-01-23,34888.9,Primary Market,January-23-2013,01-23-2013/91,1893,April-25-2013,Sales,34888.9,10.5000 - 13.0000,10.84,Issue,NTB,10.5000 - 10.8400,91,34888.9,52987.97,34888.9,11.1411,4th Week
2013-01-23,50000,Primary Market,January-23-2013,01-23-2013/182,1894,July-25-2013,Sales,30000,10.7200 - 13.0000,11,Issue,NTB,10.7200 - 11.0000,182,60000,93518.51,30000,11.6384,4th Week
2013-01-23,80000,Primary Market,January-23-2013,01-23-2013/364,1895,January-23-2014,Sales,100000,10.6000 - 13.0000,11.049,Issue,NTB,10.6000 - 11.0490,364,0,187702.55,100000,12.4172,4th Week
2013-01-23,35000,Primary Market,January-23-2013,23-01-2013/5-Year,1910,April-27-2017,Sales,35000,10.0000 - 12.5000,10.8,Maginal,FGN Bonds,10.0000 - 10.8000,5-Year,0,96100,35000,0,4th Week
2013-01-23,30000,Primary Market,January-23-2013,23-01-2013/7-Year,1911,June-29-2019,Sales,30000,10.0000 - 12.5000,11,Maginal,FGN Bonds,10.0000 - 11.0000,7-Year,0,55910,30000,0,4th Week
2013-01-23,45000,Primary Market,January-23-2013,23-01-2013/10-Year,1912,January-27-2022,Sales,45000,10.0000 - 12.5000,11.34,Maginal,FGN Bonds,10.0000 - 11.3400,10-Year,0,71040,45000,0,4th Week
2013-01-28,50000,OMO,January-28-2013,01-28-2013/59,1899,March-28-2013,Sales,53779.17,11.8500 - 12.9000,12.25,Issue,OMO,11.8500 - 12.2500,59,0,142379.17,53779.17,12.4975,4th Week
2013-01-28,50000,OMO,January-28-2013,01-28-2013/66,1900,April-04-2013,Sales,90165.53,11.9000 - 12.8000,12.41,Issue,OMO,11.9000 - 12.4100,66,0,167727.03,90165.53,12.6949,4th Week
2013-01-30,70000,OMO,January-30-2013,01-30-2013/85,1901,April-25-2013,Sales,72438.26,11.7490 - 12.6200,12.3,Issue,OMO,11.7490 - 12.3000,85,0,164414.69,72438.26,12.6627,4th Week
2013-01-30,70000,OMO,January-30-2013,01-30-2013/106,1902,May-16-2013,Sales,116253.4,11.7500 - 13.0000,12.35,Issue,OMO,11.7500 - 12.3500,106,0,258715.22,116253.4,12.8094,4th Week
2013-01-31,100000,OMO,January-31-2013,01-31-2013/14,1903,February-14-2013,Sales,69166,11.5000 - 14.0000,12,Issue,OMO,11.5000 - 12.0000,14,0,81666,69166,12.0555,5th Week
2013-01-31,100000,OMO,January-31-2013,01-31-2013/21,1904,February-21-2013,Purchases,114944.1,11.7000 - 14.0000,12.05,Issue,OMO,11.7000 - 12.0500,21,0,125444.1,114944.1,12.1341,5th Week
2013-02-01,60000,OMO,February-01-2013,02-01-2013/13,1905,February-14-2013,Sales,25000,11.9100 - 13.5000,12,Issue,OMO,11.9100 - 12.0000,13,0,31000,25000,12.0515,1st Week
2013-02-01,40000,OMO,February-01-2013,01-31-2013/27,1906,February-28-2013,Sales,49331.93,11.9000 - 13.2500,12.1,Issue,OMO,11.9000 - 12.1000,27,0,89331.93,49331.93,12.2093,1st Week
2013-02-06,42057.31,Primary Market,February-06-2013,02-06-2013/91,1914,May-09-2013,Sales,42057.31,9.5000 - 12.5000,10.32,Issue,NTB,9.5000 - 10.3200,91,0,62486.68,42057.31,10.5925,1st Week
2013-02-06,60000,Primary Market,February-06-2013,02-06-2013/182,1915,August-08-2013,Sales,60000,9.8000 - 12.5000,10.5,Issue,NTB,9.8000 - 10.5000,182,0,141894.02,60000,11.0801,1st Week
2013-02-06,117219.06,Primary Market,February-06-2013,02-06-2013/364,1916,February-06-2014,Sales,117219.06,10.0000 - 12.0000,10.6,Issue,NTB,10.0000 - 10.6000,364,0,342060.66,117219.06,11.853,1st Week
2013-02-07,40000,OMO,February-07-2013,02-07-2013/63,1907,April-11-2013,Sales,25100,11.4100 - 12.5500,11.495,Issue,OMO,11.4100 - 11.4950,63,0,57146.6,25100,11.7277,1st Week
2013-02-07,30000,OMO,February-07-2013,02-07-2013/70,1908,April-18-2013,Sales,28300,11.4400 - 13.0000,11.5,Issue,OMO,11.4400 - 11.5000,70,0,86814.14,28300,11.7594,1st Week
2013-02-07,130000,OMO,February-07-2013,02-07-2013/119,1909,June-06-2013,Sales,208386.3,11.2500 - 12.3500,11.7,Issue,OMO,11.2500 - 11.7000,119,0,325389.12,208386.3,12.164,1st Week
2013-02-08,100000,OMO,February-08-2013,02-08-2013/125,1913,June-13-2013,Sales,116611.78,11.3800 - 11.7000,11.5,Issue,NTB,11.3800 - 11.5000,125,0,271159.94,116611.78,11.9715,2nd Week
2013-02-13,35000,Primary Market,February-13-2013,13-02-2013/5-Year,1921,February-15-2017,Sales,35000,8.0000 - 13.0000,11.6775,Maginal,FGN Bonds,8.0000 - 11.6775,5-Year,0,63260,35000,0,2nd Week
2013-02-13,35000,Primary Market,February-13-2013,13-02-2013/7-Year,1924,June-29-2019,Sales,35000,10.0000 - 16.0000,10.96,Maginal,FGN Bonds,10.0000 - 10.9600,7-Year,0,53010,35000,0,2nd Week
2013-02-13,20000,Primary Market,February-13-2013,13-02-2013/10-Year,1925,January-27-2022,Sales,20000,9.0000 - 16.3900,10.96,Maginal,FGN Bonds,9.0000 - 10.9600,10 Year,0,57110,20000,0,2nd Week
2013-02-13,15000,Primary Market,February-13-2013,13-02-2013/20-Year,1926,July-23-2030,Sales,15000,9.0000 - 14.2499,10.9,Maginal,FGN Bonds,9.0000 - 10.9000,20-Year,0,78530,15000,0,2nd Week
2013-02-19,150000,OMO,February-19-2013,19-02-2013/100,1917,May-20-2013,Sales,130914.4,10.4980 - 11.2000,10.87,Issue,OMO,10.4980 - 10.8700,100,0,290101.63,130914.4,11.2037,3rd Week
2013-02-20,25647.81,Primary Market,February-20-2013,20-02-2013/91,1919,May-23-2013,Sales,25647.81,9.0000 - 11.0000,9.2,Issue,NTB,9.0000 - 9.2000,91,30647.81,40057.98,25647.81,9.416,3rd Week
2013-02-20,30000,Primary Market,February-20-2013,20-02-2013/182,1922,April-27-2017,Sales,30000,8.9000-13.0000,9.45,Issue,NTB,8.9000-9.4500,182,20000,142369.28,30000,9.9173,3rd Week
2013-02-20,80000,Primary Market,February-20-2013,20-02-2013/364,1923,February-20-2014,Sales,80000,8.9900-12.5000,9.54,Issue,NTB,8.9900-9.5400,364,85000,347493.62,80000,10.5431,3rd Week
2013-02-21,70000,OMO,February-21-2013,21-02-2013/98,1918,May-30-2013,Sales,37018.6,9.6900 - 10.5000,10.05,Issue,OMO,9.6900 - 10.0500,98,0,72041.93,37018.6,10.3287,3rd Week
2013-02-21,80000,OMO,February-21-2013,21-02-2013/112,1920,June-13-2013,Sales,19551.5,9.9700 - 10.6800,10.19,Issue,OMO,9.9700 - 10.1900,112,0,73188.5,19551.5,10.5189,3rd Week
2013-02-21,150000,OMO,February-21-2013,21-02-2013/133,1927,July-04-2013,Sales,95617.2,10.0000 - 11.1200,10.24,Issue,OMO,10.0000 - 10.2400,133,0,165867.2,95617.2,10.6369,3rd Week
2013-02-21,150000,OMO,February-21-2013,21-02-2013/161,1928,August-01-2013,Sales,210570.93,9.5200 - 12.0000,10.33,Issue,OMO,9.5200 - 10.3300,161,0,287105.93,210570.93,10.8232,3rd Week
2013-02-22,30000,OMO,February-22-2013,22-02-2013/90,1929,May-23-2013,Sales,0,9.7500 - 10.9000,0,Issue,OMO,0,90,0,28388.2,0,0,3rd Week
2013-02-22,50000,OMO,February-22-2013,22-02-2013/97,1930,May-30-2013,Sales,23862,9.800 - 10.9500,10.049,Issue,OMO,9.800 - 10.0490,97,0,29662,23862,10.3247,3rd Week
2013-02-22,70000,OMO,February-22-2013,22-02-2013/111,1931,June-13-2013,Purchases,93852.12,10.0000 - 10.9900,10.19,Maginal,OMO,10.0000 - 10.1900,111,0,97852.12,93852.12,10.4733,3rd Week
2013-02-22,150000,OMO,February-22-2013,22-02-2013/118,1932,June-20-2013,Sales,113223.46,9.8000 - 10.4900,10.19,Issue,OMO,9.8000 - 10.1900,118,0,131230.66,113223.46,10.5371,3rd Week
2013-02-25,50000,OMO,February-25-2013,25-02-2013/87,1933,May-23-2013,Sales,6240.72,9.8400-10.8490,9.99,Issue,OMO,9.8400-9.9900,87,0,15160.72,6240.72,10.2337,4th Week
2013-02-25,70000,OMO,February-25-2013,25-02-2013/115,1934,June-20-2013,Sales,50619.02,10.0200-10.8990,10.15,Issue,OMO,10.0200-10.1500,115,0,61369.02,50619.02,10.4853,4th Week
2013-02-27,100000,OMO,February-27-2013,27-02-2013/120,1935,June-27-2013,Sales,20295.9,9.7990 - 10.9900,10.18,Issue,OMO,9.7990 - 10.1800,120,0,23795.9,20295.9,10.5325,4th Week
2013-02-27,100000,OMO,February-27-2013,27-02-2013/190,1936,September-05-2013,Sales,97099.17,9.9859 - 11.0990,10.2,Issue,OMO,9.9859 - 10.2000,190,0,100599.17,97099.17,10.7719,4th Week
2013-03-01,50000,OMO,March-01-2013,01-03-2013/48,1937,April-18-2013,Sales,2000,10.0000 - 11.5000,10,Issue,OMO,10.0000 - 10.0000,48,0,7275,2000,10.1333,1st Week
2013-03-01,50000,OMO,March-01-2013,01-03-2013/62,1938,May-02-2013,Sales,2200,10.0000 - 11.2600,10.04,Issue,OMO,10.0000 - 10.0400,62,0,18220,2200,10.2142,1st Week
2013-03-01,100000,OMO,March-01-2013,01-03-2013/167,1939,August-15-2013,Sales,41969.33,10.1500 - 11.8500,10.5,Issue,OMO,10.1500 - 10.5000,167,0,70079,41969.33,11.0299,1st Week
2013-03-04,50000,OMO,March-04-2013,04-03-2013/80,1940,May-23-2013,Sales,3023.5,9.9800 - 10.7500,10.0349,Issue,OMO,9.9800 - 10.0349,80,0,4673.5,3023.5,10.2606,2nd Week
2013-03-04,50000,OMO,March-04-2013,04-03-2013/115,1941,June-27-2013,Sales,4530,10.0999 - 10.8500,10.45,Issue,OMO,10.0999 - 10.4500,115,0,6030,4530,10.2606,2nd Week
2013-03-04,50000,OMO,March-04-2013,04-03-2013/164,1942,August-15-2013,Sales,37821.6,10.2990 - 11.0000,10.5,Issue,OMO,10.2990 - 10.5000,164,0,55621.6,37821.6,11.0199,2nd Week
2013-03-05,100000,OMO,March-05-2013,05-03-2013/114,1943,June-27-2013,Sales,34998.45,10.2999 - 12.0120,10.44,Issue,OMO,10.2999 - 10.4400,114,0,39748.45,34998.45,10.7919,2nd Week
2013-03-05,100000,OMO,March-05-2013,05-03-2013/121,1944,July-04-2013,Sales,40996.6,10.3500 - 12.2500,10.495,Issue,OMO,10.3500 - 10.4950,121,0,54357.96,40996.6,10.8733,2nd Week
2013-03-06,32970.71,Primary Market,March-06-2013,06-03-2013/91,1945,June-06-2013,Sales,32970.71,7.5000 - 14.0000,9.2,Issue,NTB,7.5000 - 9.2000,91,0,40593.01,32970.71,9.416,1st Week
2013-03-06,40000,Primary Market,March-06-2013,06-03-2013/182,1946,September-05-2013,Sales,40000,8.5000 - 11.0000,9.449,Issue,NTB,8.5000 - 9.4490,182,0,67314.53,40000,9.9162,1st Week
2013-03-06,117119.37,Primary Market,March-06-2013,06-03-2013/364,1947,March-06-2014,Sales,117119.37,8.0000 - 15.0000,9.98,Issue,NTB,8.0000 - 9.9800,364,0,158214.52,117119.37,11.0831,1st Week
2013-03-07,32970.71,Primary Market,March-07-2013,06-03-2013/91,1953,June-06-2013,Sales,24963.1,7.5000 - 14.0000,9.2,Issue,NTB,7.5000 - 9.2000,91,0,40593.01,24963.1,9.416,2nd Week
2013-03-07,40000,Primary Market,March-07-2013,06-03-2013/182,1954,September-05-2013,Sales,30329.6,8.5000 - 11.0000,9.449,Issue,NTB,8.5000 - 9.4490,182,0,67314.53,30329.6,9.9162,2nd Week
2013-03-07,117119.37,Primary Market,March-07-2013,06-03-2013/364,1955,March-06-2014,Sales,117119.37,8.0000 - 15.0000,9.98,Issue,NTB,8.0000 - 9.9800,364,0,158214.52,117119.37,11.0831,2nd Week
2013-03-08,50000,OMO,March-08-2013,08-03-13/111,1948,June-27-2013,Sales,19444.23,10.2500 - 12.0120,10.45,Issue,OMO,10.2500 - 10.4500,111,0,23644.23,19444.23,10.793,2nd Week
2013-03-08,100000,OMO,March-08-2013,08-03-13/125,1949,July-11-2013,Sales,27755,10.2499 - 13.0000,10.48,Issue,OMO,10.2499 - 10.4800,125,0,40030,27755,10.8701,2nd Week
2013-03-08,50000,OMO,March-08-2013,08-03-13/139,1950,July-25-2013,Sales,56216.36,10.2500 - 13.0500,10.49,Issue,OMO,10.2500 - 10.4900,139,0,100865.72,56216.36,10.9265,2nd Week
2013-03-11,50000,OMO,March-11-2013,3/11/2013/122,1951,July-11-2013,Sales,15380,10.4300 - 12.0120,10.5,Issue,OMO,10.4300-10.5000,122,0,33550,15380,10.8819,3rd Week
2013-03-11,50000,OMO,March-11-2013,3-11-2013/150,1952,August-08-2013,Sales,44684.48,10.4000 - 12.3500,10.55,Issue,OMO,10.4000 - 10.5500,150,0,55184.48,44684.48,11.0281,3rd Week
2013-03-13,35000,Primary Market,March-13-2013,13-03-2013/5-Year,1956,April-27-2017,Sales,35000,9.5000 - 12.9000,10.7,Maginal,FGN Bonds,9.5000 - 10.7000,5-Year,0,70210,35000,0,3rd Week
2013-03-13,35000,Primary Market,March-13-2013,13-03-2013/10-Year,1957,January-27-2022,Sales,35000,10.0000 - 13.0000,11.08,Maginal,FGN Bonds,10.0000 - 11.0800,10-Year,0,61970,35000,0,3rd Week
2013-03-15,75000,OMO,March-15-2013,3/15/2013/160,1958,August-22-2013,Sales,73084.98,10.4489 - 11.8000,10.6,Issue,OMO,10.4489 - 10.6000,160,0,74084.98,73084.98,11.1165,3rd Week
2013-03-15,75000,OMO,March-15-2013,3/15/2013/167,1959,August-29-2013,Sales,96311.93,10.46,10.64,Issue,OMO,10.4600 - 10.6400,167,0,115811.93,96311.93,11.1845,3rd Week
2013-03-19,50000,OMO,March-19-2013,3/19/2013/121,1960,July-18-2013,Sales,43080.14,10.5500 - 12.4997,10.9,Issue,OMO,10.5500 - 10.9000,121,0,48080.14,43080.14,11.3086,4th Week
2013-03-19,150000,OMO,March-19-2013,3/19/2013/177,1961,September-12-2013,Sales,81714.59,10.5000 - 13.0000,11,Issue,OMO,10.5000 - 11.0000,177,0,105214.59,81714.59,11.6198,4th Week
2013-03-21,20278.04,Primary Market,March-21-2013,3/20/2013/91,1962,June-20-2013,Sales,20278.04,8.5000 - 14.0000,10.45,Issue,NTB,8.5000 - 10.4500,91,0,63199.08,20278.04,10.7295,4th Week
2013-03-21,33266.32,Primary Market,March-21-2013,3/20/2013/182,1963,September-19-2013,Sales,33266.32,8.5000 - 12.4189,10.65,Issue,NTB,8.5000 - 10.6500,182,0,73351.11,33266.32,11.2473,4th Week
2013-03-21,63730.99,Primary Market,March-21-2013,3/20/2013/364,1964,March-20-2014,Sales,63730.99,9.0000 - 12.9189,10.76,Issue,NTB,9.0000 - 10.7600,364,0,136999.02,63730.99,12.0534,4th Week
2013-03-22,0,OMO,March-22-2013,3/22/2013/280,1997,December-27-2013,Sales,447628.5,12.7500-12.7500,12.75,Issue,OMO,12.7500 - 12.7500,280,0,447628.5,447628.5,14.1323,4th Week
2013-03-26,40000,OMO,March-26-2013,3/26/2013/37,1965,May-02-2013,Sales,6501.3,11.0000 - 12.7500,11.1,Issue,OMO,11.0000 - 11.1000,37,0,30051.48,6501.3,11.2263,5th Week
2013-03-26,40000,OMO,March-26-2013,3/26/2013/65,1966,May-30-2013,Sales,6600,10.5000 - 12.8459,11.2,Issue,OMO,10.5000 - 11.2000,65,0,10919,6600,11.4279,5th Week
2013-03-26,100000,OMO,March-26-2013,3/26/2013/93,1967,June-27-2013,Sales,28815.57,10.6500 - 13.1450,11.75,Issue,OMO,10.6500 - 11.7500,93,0,33109.76,28815.57,12.1126,5th Week
2013-03-26,100000,OMO,March-26-2013,3/26/2013/107,1968,July-11-2013,Sales,74666,11.2000 - 13.2215,12,Issue,OMO,11.2000 - 12.0000,107,0,134238.27,74666,12.4375,5th Week
2013-03-27,50000,OMO,March-27-2013,3/27/2013/183,1969,September-26-2013,Sales,100822.02,11.9800 - 12.5000,12.5,Issue,OMO,11.9800 - 12.5000,183,0,100822.02,100822.02,13.3358,5th Week
2013-03-27,31838.51,Primary Market,March-27-2013,3/27/2013/91,1970,June-27-2013,Sales,31838.51,9.5000 - 12.7189,11,Issue,NTB,9.5000 - 11.0000,91,31838.51,57784.4,31838.51,11.3102,5th Week
2013-03-27,59081.14,Primary Market,March-27-2013,3/27/2013/182,1971,September-26-2013,Sales,59081.14,9.0000 - 13.1189,11.15,Issue,NTB,9.0000 - 11.1500,182,59081.14,147553.57,59081.14,11.8064,5th Week
2013-04-02,50000,OMO,April-02-2013,4/02/2013/79,1972,June-20-2013,Sales,20113,11.5000 - 12.4990,11.5,Issue,OMO,11.5000 - 11.5000,79,0,32483.11,20113,11.7935,1st Week
2013-04-02,100000,OMO,April-02-2013,4/02/2013/93,1973,July-04-2013,Sales,7250,11.6500 - 12.7490,11.7,Issue,OMO,11.6500 - 11.7000,93,0,126603.16,7250,12.0595,1st Week
2013-04-03,500000,OMO,April-03-2013,4/03/2013/289,1974,January-17-2014,Sales,419017.41,12.7500 - 12.7500,12.75,Issue,OMO,12.7500 - 12.7500,289,0,419017.41,419017.41,14.1817,1st Week
2013-04-04,50000,OMO,April-04-2013,4/04/2013/105,1975,July-18-2013,Sales,34407.41,11.1800 -12.5990,11.7499,Issue,OMO,11.1800 - 11.7499,105,0,61244.81,34407.41,12.161,1st Week
2013-04-04,50000,OMO,April-04-2013,4/04/2013/133,1976,August-15-2013,Sales,59122.52,11.3000 - 12.5000,11.9989,Issue,OMO,11.3000 - 11.9989,133,0,91615.45,59122.52,12.5475,1st Week
2013-04-08,100000,OMO,April-08-2013,4/08/2013/164,1977,September-19-2013,Sales,102981.66,11.5000 - 12.6000,12,Issue,OMO,11.5000 - 12.0000,164,0,149794.4,102981.66,12.6839,2nd Week
2013-04-10,20159.21,Primary Market,April-10-2013,4/10/2013/91,1978,July-11-2013,Sales,20159.21,9.8500 - 12.5000,10.49,Issue,NTB,9.8500 - 10.4900,91,30159.21,35083.61,20159.21,10.7717,2nd Week
2013-04-10,43490.87,Primary Market,April-10-2013,4/10/2013/182,1979,October-10-2013,Sales,43490.87,10.0000 - 13.2500,10.68,Issue,NTB,10.0000 - 10.6800,182,73490.87,95615.36,43490.87,11.2807,2nd Week
2013-04-10,120000,Primary Market,April-10-2013,4/10/2013/364,1980,April-10-2014,Sales,120000,10.2000 - 12.7500,10.71,Issue,NTB,10.2000 - 10.7100,364,80000,197293.26,120000,11.9907,2nd Week
2013-04-11,50000,OMO,April-11-2013,4/11/2013/98,1981,July-18-2013,Sales,49073.42,11.0000 - 12.0000,11.58,Issue,OMO,11.0000 - 11.5800,98,0,96372.37,49073.42,11.9516,2nd Week
2013-04-17,100000,OMO,April-17-2013,4/17/2013/183,1982,October-17-2013,Sales,92995,11.5000 - 12.0000,12,Issue,OMO,11.5000 - 12.0000,183,0,92995,92995,12.7682,3rd Week
2013-04-17,100000,OMO,April-17-2013,4/17/2013/225,1983,November-28-2013,Sales,131206.69,11.5000 - 12.5000,12.25,Issue,OMO,11.5000 - 12.2500,225,0,145206.69,131206.69,13.2506,3rd Week
2013-04-17,35000,Primary Market,April-17-2013,17-04-2013/7-Year,1988,June-29-2019,Sales,35000,7.0000 - 12.1850,11.5,Maginal,FGN Bonds,7.0000 - 11.5000,7-Year,0,40900,35000,0,3rd Week
2013-04-17,34800,Primary Market,April-17-2013,17-04-2013/10-Year,1989,January-27-2019,Sales,34800,10.0000 - 12.9427,11.199,Maginal,FGN Bonds,10.0000 - 11.1990,10-Year,0,51340,34800,0,3rd Week
2013-04-17,35000,Primary Market,April-17-2013,17-04-2013/20-Year,1990,July-23-2030,Sales,35000,10.0000 - 13.9990,12.599,Maginal,FGN Bonds,10.0000 - 12.5990,20-Year,0,41100,35000,0,3rd Week
2013-04-18,50000,OMO,April-18-2013,4/18/2013/147,1984,September-12-2013,Sales,21105.02,11.5000 - 12.2499,11.95,Issue,OMO,11.5000 - 11.9500,147,0,31605.02,21105.02,12.5542,3rd Week
2013-04-18,50000,OMO,April-18-2013,4/18/2013/182,1985,October-17-2013,Sales,63717.87,11.9000 - 12.2500,12,Issue,OMO,11.9000 - 12.0000,182,0,65717.87,63717.87,12.7637,3rd Week
2013-04-18,100000,OMO,April-18-2013,4/18/2013/210,1986,November-14-2013,Sales,104908.31,11.9000 - 12.4999,12.1998,Issue,OMO,11.9000 - 12.1998,210,0,141224.22,104908.31,13.1208,3rd Week
2013-04-19,50000,OMO,April-19-2013,4/19/2013/146,1987,September-12-2013,Sales,44294.14,11.7500 - 12.5000,11.95,Issue,OMO,11.7500 - 11.9500,146,0,55484.14,44294.14,12.5499,3rd Week
2013-04-23,100000,OMO,April-23-2013,4/23/2013,1991,October-31-2013,Sales,101253.744,11.9000 - 12.5000,12.5,Issue,OMO,11.9000 - 12.5000,191,0,101253.744,101253.744,13.3749,4th Week
2013-04-25,24888.9,Primary Market,April-25-2013,04/24/2013/91,1992,July-25-2013,Sales,24888.9,9.0000 - 12.0000,10.35,Issue,NTB,9.0000 - 10.3500,91,0,39439.87,24888.9,10.6241,4th Week
2013-04-25,30000,Primary Market,April-25-2013,04/24/2013/182,1993,October-24-2013,Sales,30000,10.0000 - 12.7500,12.09,Issue,NTB,10.0000 - 12.0900,182,0,49903.34,30000,12.8656,4th Week
2013-04-25,85730.42,Primary Market,April-25-2013,04/24/2013/364,1994,April-24-2014,Sales,85730.42,10.0000 - 12.9500,12.249,Issue,NTB,10.0000 - 12.2490,364,0,97032.81,85730.42,13.9535,4th Week
2013-04-29,100000,OMO,April-29-2013,4/29/2013/227,1995,December-12-2013,Sales,26572.42,12.9000-13.0000,12.5,Issue,OMO,12.2900-12.5000,227,0,107856.92,26572.42,13.5537,5th Week
2013-04-30,100000,OMO,April-30-2013,4/30/2013/226,1996,December-12-2013,Sales,132802.82,12.4500-12.8900,12.5,Issue,OMO,12.4500-12.5000,226,0,147092.59,132802.82,13.5486,5th Week
2013-05-02,100000,OMO,May-02-2013,5/02/2013/231,1998,December-12-2013,Sales,110735.46,12.4500-12.8890,12.5,Issue,OMO,12.4500-12.5000,231,0,123313.11,110735.46,13.5738,1st Week
2013-05-03,50000,OMO,May-03-2013,5/03/2013/230,1999,December-19-2013,Sales,63512,12.4000-12.5000,12.5,Issue,OMO,12.4000-12.5000,230,0,63512,63512,13.5688,1st Week
2013-05-09,22057.31,Primary Market,May-09-2013,5/8/2013/91,2000,August-08-2013,Sales,20000,8.5000 - 13.0000,10.3,Issue,NTB,8.5000 - 10.3000,91,42057.31,26048.74,22057.31,10.5715,2nd Week
2013-05-09,30000,Primary Market,May-09-2013,5/8/2013/182,2001,November-07-2013,Sales,20000,10.0000 - 12.7189,11.59,Issue,NTB,10.0000 - 11.5900,182,50000,76397.88,30000,12.3009,2nd Week
2013-05-09,105000,Primary Market,May-09-2013,5/8/2013/364,2002,May-08-2014,Sales,40000,10.0000 - 13.1189,11.68,Issue,NTB,10.0000 - 11.6800,364,65000,298368.06,105000,13.2198,2nd Week
2013-05-10,50000,OMO,May-10-2013,5/10/2013/153,2003,October-10-2013,Sales,75993.3,11.6900-12.5000,12.25,Issue,OMO,11.6900-12.2500,153,0,119285.8,75993.3,12.9131,2nd Week
2013-05-13,40000,OMO,May-13-2013,5/13/2013/178,2004,November-07-2013,Sales,86709.13,12.1000-12.5000,12.35,Issue,OMO,12.1000-12.3500,178,0,103072.95,86709.13,13.1415,3rd Week
2013-05-13,40000,OMO,May-13-2013,5/13/2013/164,2005,October-24-2013,Sales,47176.65,12.1000-12.5000,12.3,Issue,OMO,12.1000-12.3000,164,0,48560.65,47176.65,13.0195,3rd Week
2013-05-15,15000,Primary Market,May-15-2013,15-05-2013/5-Year,2006,April-23-2015,Sales,15000,9.5000 - 13.9999,11.6,Maginal,FGN Bonds,9.5000 - 11.6000,5-Year,0,39550,15000,0,3rd Week
2013-05-15,35000,Primary Market,May-15-2013,15-05-2013/7-Year,2007,April-27-2017,Sales,35000,10.0000 - 14.9999,12.25,Maginal,FGN Bonds,10.0000 - 12.2500,7-Year,0,62800,35000,0,3rd Week
2013-05-15,25000,Primary Market,May-15-2013,15-05-2013/10-Year,2008,June-29-2019,Sales,25000,6.0000 - 16.0000,11.7725,Maginal,FGN Bonds,6.0000 - 11.7725,10-Year,0,60990,25000,0,3rd Week
2013-05-15,35000,Primary Market,May-15-2013,15-05-2013/20-Year,2009,July-23-2030,Sales,35000,10.0000 - 14.9999,12.799,Maginal,FGN Bonds,10.0000 - 12.7990,20-Year,0,64170,35000,0,3rd Week
2013-05-16,50000,OMO,May-16-2013,16-05-2013/161,2010,October-24-2013,Sales,47662.59,12.2500 - 12.5000,13.3,Issue,OMO,12.2500 - 12.3000,161,0,55663.64,47662.59,13.0056,3rd Week
2013-05-16,50000,OMO,May-16-2013,16-05-2013/175,2011,November-07-2013,Sales,95368.69,12.3000 - 12.4900,12.35,Issue,OMO,12.3000 - 12.3500,175,0,106941.19,95368.69,13.1273,3rd Week
2013-05-21,100000,OMO,May-21-2013,21-05-2013/135,2012,October-03-2013,Sales,93790.91,12.1500-13.2500,12.3,Issue,OMO,12.1500 - 12.3000,135 Day,0,99094.11,93790.91,12.8862,4th Week
2013-05-22,20647.81,Primary Market,May-22-2013,23-05-2013/91,2018,August-22-2013,Sales,5000,9.7500 - 12.2000,10.9988,Issue,NTB,9.7500 - 10.9988,91,25647.81,22918.26,20647.81,11.3089,4th Week
2013-05-22,25000,Primary Market,May-22-2013,23-05-2013/182,2019,November-21-2013,Sales,20000,10.0000 - 12.7200,11.77,Issue,NTB,10.0000 - 11.7700,182,45000,48461.84,25000,12.5038,4th Week
2013-05-22,75683.6,Primary Market,May-22-2013,23-05-2013/364,2020,May-22-2014,Sales,25000,10.0000 - 13.1189,11.97,Issue,NTB,10.0000 - 11.9700,364,50683.6,117536.34,75683.6,13.5926,4th Week
2013-05-23,70000,OMO,May-23-2013,23-05-2013/182,2013,November-21-2013,Sales,66171.51,12.0000 - 12.5000,12.3,Issue,OMO,12.0000 - 12.3000,182,0,101570.99,66171.51,13.1037,4th Week
2013-05-23,70000,OMO,May-23-2013,23-05-2013/196,2017,December-05-2013,Sales,56819.23,12.3000 - 12.5000,12.35,Issue,OMO,12.3000 - 12.3500,196,0,146583.52,56819.23,13.2272,4th Week
2013-05-24,60000,OMO,May-24-2013,24-05-2013/195,2021,December-05-2013,Sales,131955.96,12.3000 - 12.7500,12.35,Issue,OMO,12.3000 - 12.3500,195,0,131455.96,131955.96,13.2224,4th Week
2013-05-27,100000,OMO,May-27-2013,5/27/2013/178,2022,November-21-2013,Sales,85071.88,12.2500 - 12.7500,12.3,Issue,OMO,12.2500 - 12.3000,178,0,97633.88,85071.88,13.0849,5th Week
2013-05-30,80000,OMO,May-30-2013,30-05-2013/70,2023,August-08-2013,Sales,29050.61,11.6000 - 12.5000,12.14,Issue,OMO,11.6000 - 12.1400,70,0,32550.61,29050.61,12.4294,5th Week
2013-05-30,70000,OMO,May-30-2013,30-05-2013/133,2024,October-10-2013,Sales,94081.66,12.1100 - 12.5000,12.25,Issue,OMO,12.1100 - 12.2500,133,0,121340.23,94081.66,12.8224,5th Week
2013-05-31,70000,OMO,May-31-2013,31-05-2013/83,2025,August-22-2013,Sales,44301.13,12.1000 - 12.1900,12.19,Issue,OMO,12.1000 - 12.1900,83,0,44301.13,44301.13,12.5375,5th Week
2013-06-05,22970.71,Primary Market,June-05-2013,6/5/2013/91,2026,September-05-2013,Sales,22970.71,9.5000 - 12.2500,11.65,Issue,NTB,9.5000 - 11.6500,91,32970.71,31905.52,22970.71,11.9985,2nd Week
2013-06-05,30000,Primary Market,June-05-2013,6/5/2013/182,2027,December-05-2013,Sales,30000,10.0000 - 13.0000,12.3,Issue,NTB,10.0000 - 12.3000,182,45000,37697.54,30000,13.1037,2nd Week
2013-06-05,85000,Primary Market,June-05-2013,6/5/2013/364,2028,June-05-2014,Sales,85000,10.0000 - 13.7900,12.64,Issue,NTB,10.0000 - 12.6400,364,60000,129838.65,85000,14.4631,2nd Week
2013-06-10,50000,OMO,June-10-2013,6/10/2013/136,2029,October-24-2013,Sales,13500,12.1000-13.8900,12.1,Issue,OMO,12.1000-12.1000,136,0,68747.18,13500,12.6713,3rd Week
2013-06-12,25000,Primary Market,June-12-2013,6/12/2013/5-Year,2030,April-23-2015,Sales,24,12.2500 - 17.4450,12.25,Maginal,FGN Bonds,12.2500 - 12.2500,5-Year,0,23220,2.4,0,3rd Week
2013-06-12,35000,Primary Market,June-12-2013,6/12/2013/5-Year,2031,April-27-2017,Sales,18800,12.0000 - 17.4900,13,Maginal,FGN Bonds,12.0000 - 13.0000,5-Year,0,78780,18800,0,3rd Week
2013-06-12,25000,Primary Market,June-12-2013,6/12/2013/20-Year,2032,July-23-2030,Sales,2010,11.0000 - 18.2500,13.5,Maginal,FGN Bonds,11.0000 - 13.5000,20-Year,0,55040,2010,0,3rd Week
2013-06-19,20278.04,Primary Market,June-19-2013,6/19/2013/91,2033,September-19-2013,Sales,20278.04,10.0000 - 12.1000,11.5,Issue,NTB,10.0000 - 11.5000,91,20278.04,21872.33,20278.04,11.8395,4th Week
2013-06-19,35029.27,Primary Market,June-19-2013,6/19/2013/182,2034,December-19-2013,Sales,35029.27,10.5000 - 13.5000,11.82,Issue,NTB,10.5000 - 11.8200,182,35029.27,79264.82,35029.27,12.5603,4th Week
2013-06-19,70000,Primary Market,June-19-2013,6/19/2013/364,2035,June-19-2014,Sales,70000,12.0000 - 14.5000,12.99,Issue,NTB,12.0000 - 12.9900,364,0,101712.3,70000,14.9232,4th Week
2013-06-26,31838.51,Primary Market,June-26-2013,26-06-2013/91,2037,September-26-2013,Sales,31838.51,10.7200 - 13.3000,11.624,Issue,NTB,10.7200 -11.6240,91 Day,31838.51,42820.1,31838.51,11.9709,5th Week
2013-06-26,21538.34,Primary Market,June-26-2013,26-06-2013/182,2038,December-26-2013,Sales,21538.34,11.0000 - 14.4189,12.75,Issue,NTB,11.0000 - 12.7500,182 Day,42729.22,31730.14,21538.34,13.6156,5th Week
2013-06-26,81190.88,Primary Market,June-26-2013,26-06-2013/364,2039,June-26-2014,Sales,81190.88,9.0000 - 15.0198,13.219,Issue,NTB,9.0000 - 13.2190,364 Day,60000,172046.27,81190.88,15.2262,5th Week
2013-06-27,80000,OMO,June-27-2013,27/06/2013,2036,June-27-2013,Sales,14491.62,13.0000 - 13.8900,13.299,Issue,OMO,13.0000 13.2990,231,0,74299.32,14491.62,14.5212,5th Week
2013-06-28,80000,OMO,June-28-2013,6/28/2013/230,2040,February-13-2014,Sales,53959,13.1000 - 13.5780,13.299,Issue,OMO,13.1000 - 13.2990,230,0,54959,53959,14.5154,5th Week
2013-07-04,300000,OMO,July-04-2013,04-07-2013/210,2041,January-30-2014,Sales,92457.44,13.1250 - 13.1250,13.125,Issue,OMO,13.1250 - 13.1250,210,0,92457.44,92457.44,14.1971,1st Week
2013-07-05,60000,OMO,July-05-2013,05-07-2013/209,2042,January-30-2014,Sales,29901.4,13.0500 - 13.4990,13.125,Issue,OMO,13.0500 - 13.1250,209,0,40980.4,29901.4,14.1916,1st Week
2013-07-09,100000,OMO,July-09-2013,09-07-2013/226,2043,February-20-2014,Sales,54686.1,13.0900 - 13.5000,13.2,Issue,OMO,13.0900 - 13.2000,226,0,103793.47,54686.1,14.3749,2nd Week
2013-07-10,20159.21,Primary Market,July-10-2013,07-10-2013/91,2044,October-10-2013,Sales,20159.21,10.5000 - 13.0000,11.5,Issue,NTB,10.5000 - 11.5000,91,20159.21,33644.73,20159.21,11.8395,2nd Week
2013-07-10,50403.15,Primary Market,July-10-2013,07-10-2013/182,2045,January-09-2014,Sales,50403.15,10.3500 - 14.4189,12.75,Issue,NTB,10.3500 - 12.7500,182,50403.15,144958.85,50403.15,13.6156,2nd Week
2013-07-11,70000,OMO,July-11-2013,11-07-2013/224,2046,February-20-2014,Sales,102872.8,13.0000 - 13.3500,13.2,Issue,OMO,13.0000 - 13.2000,224,0,107472.8,102872.8,14.3636,2nd Week
2013-07-15,30000,OMO,July-15-2013,15/7/2013/80,2047,October-03-2013,Sales,5982.9,11.8000 - 13.1000,12.5,Issue,OMO,11.8000 - 12.5000,80,0,25108.9,5982.9,12.8521,3rd Week
2013-07-15,40000,OMO,July-15-2013,15/7/2013/171,2048,January-02-2014,Sales,50234.38,13.0000 - 13.2000,13.15,Issue,OMO,13.0000 - 13.1500,171,0,61599.38,50234.38,14.0133,3rd Week
2013-07-17,20000,Primary Market,July-17-2013,17-07-2013/5 Year,2051,April-23-2015,Sales,20000,12.1400 - 15.0000,13.45,Maginal,FGN Bonds,12.1400 - 13.4500,5 Year,0,52670,20000,0,3rd Week
2013-07-17,35000,Primary Market,July-17-2013,17-07-2013/20 Year,2052,July-23-2030,Sales,35000,12.0000 - 16.5000,13.799,Maginal,FGN Bonds,12.0000 - 13.7990,20 Year,0,83260,35000,0,3rd Week
2013-07-18,70000,OMO,July-18-2013,18-07-2013/182,2049,January-16-2014,Sales,73141.06,12.4000 - 13.2000,13.15,Issue,OMO,12.4000 - 13.1500,182,0,85630.98,73141.06,14.0727,3rd Week
2013-07-18,70000,OMO,July-18-2013,18-07-2013/210,2050,February-13-2014,Sales,99468.55,13.0790 - 13.3500,13.18,Issue,OMO,13.0790 - 13.1800,210,0,133638.55,99468.55,14.2614,3rd Week
2013-07-24,32888.9,Primary Market,July-24-2013,24-07-2013/91,2053,October-24-2013,Sales,32888.9,10.0000 - 16.0000,11.6,Issue,NTB,10.0000 - 11.6000,91 Day,24888.9,60692.89,32888.9,11.9455,4th Week
2013-07-24,30000,Primary Market,July-24-2013,24-07-2013/182,2054,January-23-2014,Sales,30000,10.2500 - 19.9989,12.75,Issue,NTB,10.2500 - 12.7500,182 Day,30000,77464.69,30000,13.6156,4th Week
2013-07-24,52000,Primary Market,July-24-2013,24-07-2013/364,2055,July-24-2014,Sales,52000,11.5000 - 20.0000,13.3381,Issue,NTB,11.5000 - 13.3381,364 Day,60000,161155.21,52000,15.3845,4th Week
2013-08-07,22057.31,Primary Market,August-07-2013,07-08-2013/91,2056,November-07-2013,Sales,22057.31,10.5000 - 13.7519,11.5,Issue,NTB,10.5000 - 11.5000,91 Day,22057.31,31876.15,22057.31,11.8395,2nd Week
2013-08-07,60000,Primary Market,August-07-2013,07-08-2013/182,2057,February-06-2014,Sales,50000,10.0000 - 16.1189,12.7,Issue,NTB,10.0000 - 12.7000,182 Day,60000,91397.38,50000,13.5586,2nd Week
2013-08-07,90000,Primary Market,August-07-2013,07-08-2013/364,2058,August-07-2014,Sales,100000,11.0000 - 17.1189,13.08,Issue,NTB,11.0000 - 13.0800,364 Day,90000,305160.95,100000,15.0421,2nd Week
2013-08-14,35000,Primary Market,August-14-2013,14-08-2013/3 Year,2059,August-16-2016,Sales,0,9.0000 - 14.5000,13.05,Maginal,FGN Bonds,9.0000 - 13.0500,3 Year,0,80590,35000,0,3rd Week
2013-08-14,35000,Primary Market,August-14-2013,14-08-2013/20 Year,2060,July-23-2030,Sales,0,10.0000 - 15.6890,13.489,Maginal,FGN Bonds,10.0000 - 13.4890,20 Year,0,71860,35000,0,3rd Week
2013-08-21,20647.81,Primary Market,August-21-2013,21-08-2013/91,2061,November-21-2013,Sales,20647.81,10.0000 - 13.7519,11.094,Issue,NTB,10.0000 - 11.0940,91 Day,20647.81,48678.47,20647.81,11.4096,4th Week
2013-08-21,30000,Primary Market,August-21-2013,21-08-2013/182,2062,February-20-2014,Sales,30000,10.0000 - 14.5189,12.25,Issue,NTB,10.0000 - 12.2500,182 Day,30000,99272.97,30000,13.0469,4th Week
2013-08-30,100000,OMO,August-30-2013,30-08-2013/132,2063,January-09-2014,Sales,91727.38,11.5000 - 14.0000,12.75,Issue,OMO,11.5000 - 12.7500,132 Day,0,96478.67,91727.38,13.3663,5th Week
2013-09-02,40000,OMO,September-02-2013,02/09/2013-136,2064,January-16-2014,Sales,22450,12.6750 - 12.9900,12.75,Issue,OMO,12.6750 - 12.7500,136 Day,0,37700,22450,13.3859,1st Week
2013-09-05,100000,OMO,September-05-2013,05/09/2013-182,2065,March-16-2014,Sales,84018.27,12.6490 - 13.0900,12.75,Issue,OMO,12.6490 - 12.7500,182,0,105552.07,84018.27,13.6156,1st Week
2013-09-05,22970.71,Primary Market,September-05-2013,05/09/2013-91,2066,December-05-2013,Sales,22970.71,10.0000 - 15.0299,10.9,Issue,NTB,10.0000 - 10.9000,91,22970.71,52127.27,22970.71,11.2045,1st Week
2013-09-05,40000,Primary Market,September-05-2013,05/09/2013-182,2067,March-06-2014,Sales,40000,10.5000 - 14.5901,12.34,Issue,NTB,10.5000 - 12.3400,182,40000,66540.08,40000,13.1491,1st Week
2013-09-05,90000,Primary Market,September-05-2013,05/09/2013-364,2068,September-04-2014,Sales,90000,10.5000 - 14.2999,12.59,Issue,NTB,10.5000 - 12.5900,364,90000,259567.96,90000,14.3977,1st Week
2013-09-11,35000,Primary Market,September-11-2013,11/09/2013-3 Year,2069,August-16-2016,Sales,25470,12.0000 - 14.0000,13.5,Maginal,FGN Bonds,12.0000 - 13.5000,3 Year,0,39470,25470,0,2nd Week
2013-09-11,35000,Primary Market,September-11-2013,11/09/2013-20 Year,2070,July-23-2030,Sales,32260,10.0812 - 15.9900,13.69,Maginal,FGN Bonds,10.0812 - 13.6900,20 Year,0,60660,32260,0,2nd Week
2013-09-19,20278.04,Primary Market,September-19-2013,19/09/2013-91,2071,December-19-2013,Sales,20278.04,10.0000 - 17.0189,11,Issue,NTB,10.0000 - 11.0000,91,0,28394.32,20278.04,11.3102,3rd Week
2013-09-19,33266.32,Primary Market,September-19-2013,19/09/2013-182,2072,March-20-2014,Sales,33266.32,10.7000 - 17.2500,12.3,Issue,NTB,10.7000 - 12.3000,182,0,90616.38,33266.32,13.1037,3rd Week
2013-09-26,31838.51,Primary Market,September-26-2013,26/09/2013-91,2073,December-26-2013,Sales,31838.51,10.0000 - 13.0000,10.85,Issue,NTB,10.0000 - 10.8500,91,31838.51,39527.66,31838.51,11.1517,4th Week
2013-09-26,33783.25,Primary Market,September-26-2013,26/09/2013-182,2074,March-27-2014,Sales,33783.25,11.0000 - 15.4589,11.69,Issue,NTB,11.0000 - 11.6900,182,59081.14,84631.51,33783.25,12.4136,4th Week
2013-09-26,59081.14,Primary Market,September-26-2013,26/09/2013-364,2075,September-25-2014,Sales,59081.14,11.4000 - 15.0489,11.749,Issue,NTB,11.4000 - 11.7490,364,33783.25,191330.83,59081.14,13.3083,4th Week
2013-09-27,50000,OMO,September-27-2013,27/09/2013-132,2076,February-06-2014,Sales,64044.5,11.7000 - 12.7500,12,Issue,OMO,11.7000 - 12.0000,132,0,96844.5,64044.5,12.5444,4th Week
2013-10-02,80000,OMO,October-02-2013,02/10/2013-127,2077,February-06-2014,Sales,37207.3,11.9500 - 12.7500,12,Issue,OMO,11.9500 - 12.0000,127,0,43207.3,37207.3,12.5229,1st Week
2013-10-02,70000,OMO,October-02-2013,02/10/2013-155,2078,March-06-2014,Sales,42350.76,12.0000 - 12.7500,12.2,Issue,OMO,12.0000 - 12.2000,155,0,80450.76,42350.76,12.8666,1st Week
2013-10-03,70000,OMO,October-03-2013,03/10/2013-175,2079,March-27-2014,Sales,100119.2,11.9500 - 12.7500,12.25,Issue,OMO,11.9500 - 12.2500,175,0,109119.2,100119.2,13.0144,1st Week
2013-10-04,35000,OMO,October-04-2013,04/10/2013-125,2080,February-06-2014,Sales,17645.35,12.0000 - 12.7500,12,Issue,OMO,12.0000 - 12.0000,125,0,28145.35,17645.35,12.5143,1st Week
2013-10-04,35000,OMO,October-04-2013,04/10/2013-153,2081,March-06-2014,Sales,49344.28,12.1500 - 12.7500,12.2,Issue,OMO,12.1500 - 12.2000,153,0,60844.28,49344.28,12.8575,1st Week
2013-10-09,20159.21,Primary Market,October-09-2013,09/10/2013-91,2082,January-09-2014,Sales,20159.21,10.0000 - 12.2000,10.8,Issue,NTB,10.0000 - 10.8000,91 Day,20159.21,34619.6,20159.21,11.0988,2nd Week
2013-10-09,43490.87,Primary Market,October-09-2013,09/10/2013-182,2083,April-10-2014,Sales,43490.87,10.5000 - 15.4589,11.64,Issue,NTB,10.5000 - 11.6400,182 Day,43490.87,85258.04,43490.87,12.3572,2nd Week
2013-10-09,68184.89,Primary Market,October-09-2013,09/10/2013-364,2084,October-09-2014,Sales,68184.89,10.0000 - 15.0489,11.74,Issue,NTB,10.0000 - 11.7400,364 Day,68184.89,130697.07,68184.89,13.2968,2nd Week
2013-10-17,50000,OMO,October-17-2013,17/10/2013-98,2085,January-23-2014,Sales,34013.84,11.5000 - 12.2000,12.05,Issue,OMO,11.5000 - 12.0500,98,0,59563.84,34013.84,12.4529,3rd Week
2013-10-17,50000,OMO,October-17-2013,17/10/2013-147,2086,March-13-2014,Sales,43380,12.0000 - 12.7500,12.1,Issue,OMO,12.0000 - 12.1000,147,0,93179.44,43380,12.7199,3rd Week
2013-10-17,30000,OMO,October-17-2013,17/10/2013-168,2087,April-03-2014,Sales,67157.34,12.1000 - 12.7500,12.2,Issue,OMO,12.1000 - 12.2000,168,0,99964.12,67157.34,12.9258,3rd Week
2013-10-18,25000,Primary Market,October-18-2013,18/10/2013-3 Year,2095,August-16-2016,Sales,25000,12.0000 - 14.2500,13.0459,Maginal,FGN Bonds,12.0000 - 13.0459,3 Year,0,82820,25000,0,3rd Week
2013-10-18,30000,Primary Market,October-18-2013,18/10/2013-20 Year,2096,July-23-2030,Sales,30000,12.0000 - 15.0000,13.26,Maginal,FGN Bonds,12.0000 - 13.2600,20 Year,0,81070,30000,0,3rd Week
2013-10-21,80000,OMO,October-21-2013,21/10/2013-87,2088,January-16-2014,Sales,63112.66,11.3500 - 12.0500,12,Issue,OMO,11.3500 - 12.0000,87,0,73112.66,63122.66,12.3533,4th Week
2013-10-21,70000,OMO,October-21-2013,21/10/2013-150,2089,March-20-2014,Sales,66910,11.9500 - 12.5000,12.1,Issue,OMO,11.9500 - 12.1000,150,0,154258.42,66910,12.7332,4th Week
2013-10-22,80000,OMO,October-22-2013,22/10/2013-128,2090,February-27-2014,Sales,79654.94,12.0000 - 12.0500,12.05,Issue,OMO,12.0000 - 12.0500,128,0,79654.94,79654.94,12.5817,4th Week
2013-10-22,70000,OMO,October-22-2013,22/10/2013-142,2091,March-13-2014,Sales,97050.47,12.0000 - 12.5000,12.1,Issue,OMO,12.0000 - 12.1000,142,0,98050.47,97050.47,12.6977,4th Week
2013-10-23,32888.9,Primary Market,October-23-2013,23/10/2013-91,2092,January-23-2014,Sales,32888.9,10.0000 - 15.2619,10.8,Issue,NTB,10.0000 - 10.8000,91,32888.9,43685.51,32888.9,11.0988,4th Week
2013-10-23,30000,Primary Market,October-23-2013,23/10/2013-182,2093,April-24-2014,Sales,30000,11.0000 - 14.8089,11.58,Issue,NTB,11.0000 - 11.5800,182,30000,79928.54,30000,12.2896,4th Week
2013-10-23,31385.9,Primary Market,October-23-2013,23/10/2013-364,2094,October-23-2014,Sales,31385.9,10.0000 - 13.9750,11.7,Issue,NTB,10.0000 - 11.7000,364,31385.9,67511.48,31385.9,13.2455,4th Week
2013-10-24,70000,OMO,October-24-2013,24/10/2013-161,2097,April-03-2014,Sales,59922.26,12.0000 - 12.2000,12.1,Issue,OMO,12.0000 - 12.1000,161,0,66192.52,59922.26,12.7822,4th Week
2013-10-24,70000,OMO,October-24-2013,24/10/2013-175,2098,April-17-2014,Sales,82082.64,12.0000 - 12.5000,12.15,Issue,OMO,12.0000 - 12.1500,175,0,117932.64,82082.64,12.9016,4th Week
2013-10-25,90000,OMO,October-25-2013,25/10/2013-69,2099,January-02-2014,Sales,26760.8,11.7500 - 12.0000,11.9,Issue,OMO,11.7500 - 11.9000,69,0,50871.73,26760.8,12.1739,4th Week
2013-10-25,50000,OMO,October-25-2013,25/10/2013-90,2100,January-23-2014,Sales,65630.14,11.9000 - 12.1000,12,Issue,OMO,11.9000 - 12.0000,90,0,86051.41,65630.14,12.3659,4th Week
2013-10-30,50000,OMO,October-30-2013,30/10/2013-120,2102,February-27-2014,Sales,30649.79,11.9900 - 12.1000,12.05,Issue,OMO,11.9900-12.0500,120,0,39149.79,30649.79,12.5471,5th Week
2013-10-30,50000,OMO,October-30-2013,30/10/2013-141,2103,March-20-2014,Sales,42926.6,12.0000 - 12.3000,12.1,Issue,OMO,12.0000 - 12.1000,141,0,51686.6,42926.6,12.6933,5th Week
2013-10-31,50000,OMO,October-31-2013,31/10/2013-84,2104,January-23-2014,Sales,6512,11.8000 - 12.1000,11.9,Issue,OMO,11.8000 - 11.9000,84,0,54189.85,6512,12.2351,5th Week
2013-10-31,50000,OMO,October-31-2013,31/10/2013-119,2105,February-27-2014,Sales,85010.96,12.0000 - 12.5000,12.05,Issue,OMO,12.0000 - 12.0500,119,0,101105.69,85010.96,12.5428,5th Week
2013-11-06,22057.31,Primary Market,November-06-2013,06/11/2013-91,2106,February-06-2014,Sales,22057.31,10.0000 - 13.7189,10.899,Issue,NTB,10.0000 - 10.8990,91,22057.31,38932.9,22057.31,11.2034,2nd Week
2013-11-06,30000,Primary Market,November-06-2013,06/11/2013-182,2107,May-08-2014,Sales,30000,10.5000 - 14.0189,11.6,Issue,NTB,10.5000 - 11.6000,182,30000,55472.26,30000,12.3121,2nd Week
2013-11-06,47786.39,Primary Market,November-06-2013,06/11/2013-364,2108,November-06-2014,Sales,47786.39,11.0000 - 14.1189,11.8,Issue,NTB,11.0000 - 11.8000,364,47786.39,100016.97,47786.39,13.3738,2nd Week
2013-11-13,35000,Primary Market,November-13-2013,13/11/2013-3 Year,2110,August-16-2016,Sales,35000,10.0100 - 13.5500,12.55,Maginal,FGN Bonds,10.0100 - 12.5500,3 Year,0,74893,35000,0,3rd Week
2013-11-13,30000,Primary Market,November-13-2013,13/11/2013-20 Year,2111,July-23-2030,Sales,30000,10.0000 - 13.8111,12.989,Maginal,FGN Bonds,10.0000 - 12.9890,20 Year,0,64903,30000,0,3rd Week
2013-11-14,50000,OMO,November-14-2013,14/11/2013-147,2109,April-10-2014,Sales,136274.63,11.9000 - 12.1000,12.04,Issue,OMO,11.9000 - 12.0400,147,0,160421.03,136274.63,12.6536,3rd Week
2013-11-20,20647.81,Primary Market,November-20-2013,21/11/2013-91 Day,2112,February-20-2014,Sales,20647.81,10.0000 - 13.8189,10.7,Issue,NTB,10.0000 - 10.7000,91 Day,20647.81,33532.12,20647.81,10.9933,3rd Week
2013-11-20,25000,Primary Market,November-20-2013,21/11/2013-182 Day,2113,May-22-2014,Sales,25000,11.0000 - 14.2189,11.45,Issue,NTB,11.0000 - 14.2189,182 Day,25000,81295.8,25000,12.1433,3rd Week
2013-11-20,54290.67,Primary Market,November-20-2013,21/11/2013-364 Day,2114,November-20-2014,Sales,54290.67,10.5000 - 14.3189,11.649,Issue,NTB,10.5000 - 11.6490,364 Day,54290.67,129067.99,54290.67,13.1801,3rd Week
2013-11-21,50000,OMO,November-21-2013,21/11/2013-126 Day,2115,March-27-2014,Sales,53474.29,11.9000 - 12.0000,11.97,Issue,OMO,11.9000 - 11.9700,126 Day,0,111674.29,53474.29,12.4859,3rd Week
2013-11-21,50000,OMO,November-21-2013,21/11/2013-147 Day,2116,April-17-2014,Sales,88915.53,11.8900 - 12.3500,12,Issue,OMO,11.8900 - 12.0000,147 Day,0,145625.53,88915.53,12.6094,3rd Week
2013-11-22,50000,OMO,November-22-2013,22/11/2013-132 Day,2117,April-03-2014,Sales,47645.6,11.8000 - 12.0000,11.95,Issue,OMO,11.8000 - 11.9500,132 Day,0,55145.6,47645.6,12.4642,3rd Week
2013-11-22,20000,OMO,November-22-2013,22/11/2013-153 Day,2118,April-24-2014,Sales,130999.13,11.8000 - 12.3500,12,Issue,OMO,11.8000 - 12.0000,153 Day,0,132249.13,130999.13,12.6094,3rd Week
2013-11-26,20000,OMO,November-26-2013,26/11/2013-65 Day,2119,January-30-2014,Sales,18450,11.4500 - 11.8500,11.55,Issue,OMO,11.4500 - 11.5500,65 Day,0,33450,18450,11.7926,5th Week
2013-11-26,30000,OMO,November-26-2013,26/11/2013-72 Day,2120,February-06-2014,Sales,16802.19,11.4500 - 12.3500,11.65,Issue,OMO,11.4500 - 11.6500,72 Day,0,45830.94,16802.19,11.924,5th Week
2013-11-27,20000,OMO,November-27-2013,27/11/2013-64 Day,2121,January-30-2014,Sales,22506,11.5000 - 12.0000,11.55,Issue,OMO,11.5000 - 11.5500,64 Day,0,29756,22506,11.7887,5th Week
2013-11-27,30000,OMO,November-27-2013,27/11/2013-71 Day,2122,February-06-2014,Sales,45544.97,11.6000 - 12.1000,11.65,Issue,OMO,11.6000 - 11.6500,71 Day,0,55794.97,45544.97,11.9201,5th Week
2013-11-28,30000,OMO,November-28-2013,28//11/2013-56 Days,2123,January-23-2014,Sales,23252.02,11.5000 - 12.0000,11.55,Issue,OMO,11.5000 - 11.5500,56 Days,0,24252.02,23252.02,11.7584,5th Week
2013-11-28,30000,OMO,November-28-2013,28//11/2013-84 Days,2124,February-20-2014,Sales,22957,11.6500 - 12.0000,11.7,Issue,OMO,11.6500 - 11.7000,84 Days,0,24957,22957,12.0238,5th Week
2013-11-28,30000,OMO,November-28-2013,28//11/2013-98 Days,2125,March-06-2014,Sales,16756.58,11.6500 - 12.1000,11.81,Issue,OMO,11.6500 - 11.8100,98 Days,0,38701.67,16756.58,12.1967,5th Week
2013-11-29,30000,OMO,November-29-2013,29/11/2013-55 Days,2126,January-23-2014,Sales,11151.6,11.4500 - 12.0000,11.55,Issue,OMO,11.4500 - 11.5500,55 Days,0,12151.6,11151.6,11.7546,5th Week
2013-11-29,30000,OMO,November-29-2013,29/11/2013-76 Days,2127,February-13-2014,Sales,13666.5,11.6500 - 12.0000,11.7,Issue,OMO,11.6500 - 11.7000,76 Days,0,17166.5,13666.5,11.9921,5th Week
2013-11-29,30000,OMO,November-29-2013,29/11/2013-97 Days,2128,March-06-2014,Sales,39760.1,11.7500 - 12.0000,11.8,Issue,OMO,11.7500 - 11.8000,97 Days,0,46581.1,39760.1,12.182,5th Week
2013-12-02,30000,OMO,December-02-2013,02/12/2013-52 Days,2129,January-23-2014,Sales,7260.99,11.5000 - 11.6490,11.53,Issue,OMO,11.5000 - 11.5300,52 Days,0,8260.99,7260.99,11.7226,1st Week
2013-12-02,30000,OMO,December-02-2013,02/12/2013-101 Days,2130,March-13-2014,Sales,26049.5,11.7500 - 11.9400,11.94,Issue,OMO,11.7500 - 11.9400,101 Days,0,26049.5,26049.5,12.348,1st Week
2013-12-02,30000,OMO,December-02-2013,02/12/2013-136 Days,2131,April-17-2014,Sales,56895.3,11.8500 - 12.0500,12,Issue,OMO,11.8500 - 12.0000,136 Days,0,58895.3,56895.3,12.5617,1st Week
2013-12-03,30000,OMO,December-03-2013,03/12/2013-114 Days,2132,March-27-2014,Sales,6020,11.6999 - 12.0000,11.94,Issue,OMO,11.6999 - 11.9400,114 Days,0,12900,6020,12.4025,1st Week
2013-12-03,20000,OMO,December-03-2013,03/12/2013-142 Days,2133,April-24-2014,Sales,32031.85,12.0000 - 12.5000,12,Issue,OMO,12.0000 - 12.0000,142 Days,0,41031.85,32031.85,12.5877,1st Week
2013-12-04,22970.71,Primary Market,December-04-2013,04/12/2013-91 Days,2134,March-06-2014,Sales,22970.71,10.0000 - 11.2500,10.95,Issue,NTB,10.0000 - 10.9500,91 Days,22970.71,23487.99,22970.71,11.2573,1st Week
2013-12-04,30000,Primary Market,December-04-2013,04/12/2013-182 Days,2135,June-05-2014,Sales,30000,10.5000 - 13.4500,11.2,Issue,NTB,10.5000 - 11.2000,182 Days,30000,70531.16,30000,11.8625,1st Week
2013-12-04,71326.14,Primary Market,December-04-2013,04/12/2013-364 Days,2136,December-04-2014,Sales,71326.14,11.0000 - 13.4500,11.66,Issue,NTB,11.0000 - 11.6600,364 Days,71326.14,99840.06,71326.14,13.1942,1st Week
2013-12-06,30000,OMO,December-06-2013,06/12/2013-111 Days,2137,March-27-2014,Sales,40592.05,11.8000 - 12.0000,11.94,Issue,OMO,11.8000 - 11.9400,111 Days,0,52592.05,40592.05,12.3899,1st Week
2013-12-06,30000,OMO,December-06-2013,06/12/2013-139 Days,2138,April-24-2014,Sales,49798.72,11.9500 - 12.5000,12,Issue,OMO,11.9500 - 12.0000,139 Days,0,60298.72,49798.72,12.5746,1st Week
2013-12-11,40,Primary Market,December-11-2013,11/09/2013-3 Year,2146,August-16-2016,Sales,40,10.5000 - 13.7500,12.9,Maginal,FGN Bonds,10.5000 - 12.9000,3 Year,0,80.66,40,0,2nd Week
2013-12-11,35,Primary Market,December-11-2013,11/09/2013-20 Year,2147,July-23-2030,Sales,35,12.0000 - 14.0000,13.2,Maginal,FGN Bonds,12.0000 - 13.2000,20 Year,0,52.73,35,0,2nd Week
2013-12-12,30000,OMO,December-12-2013,12/12/2013-105 Days,2139,March-27-2014,Sales,11286.85,11.8500 - 12.2000,11.94,Issue,OMO,11.8500 - 11.9400,105 Days,0,27786.85,11286.85,12.3647,2nd Week
2013-12-12,20000,OMO,December-12-2013,12/12/2013-133 Days,2140,April-24-2014,Sales,16325.24,12.0000 - 12.5000,12,Issue,OMO,12.0000 - 12.0000,133 Days,0,37941.44,16325.24,12.5487,2nd Week
2013-12-18,50278.042,Primary Market,December-18-2013,18/12/2013-91 Day,2148,March-20-2014,Sales,50278.042,10.0000 - 12.0000,11,Issue,NTB,10.0000 - 11.0000,91 Day,0,52551.194,50278.042,11.3102,3rd Week
2013-12-18,65029.27,Primary Market,December-18-2013,18/12/2013-182 Day,2149,June-19-2014,Sales,65029.27,9.0000 - 13.4500,11.3,Issue,NTB,9.0000 - 11.3000,182 Day,0,82294.999,65029.27,11.9747,3rd Week
2013-12-18,107624.105,Primary Market,December-18-2013,18/12/2013-364 Day,2150,December-18-2014,Sales,107624.105,10.5000 - 14.9400,12.5,Issue,NTB,10.5000 - 12.5000,364 Day,0,122674.829,107624.105,14.2801,3rd Week
2013-12-25,21538.344,Primary Market,December-25-2013,25/12/2013-91 Day,2151,March-27-2014,Sales,21538.344,10.5000 - 12.4800,10.9,Issue,NTB,10.5000 - 10.9000,91 Day,0,28643.981,21538.344,11.2045,4th Week
2013-12-25,31838.514,Primary Market,December-25-2013,25/12/2013-182 Day,2152,June-26-2014,Sales,31838.514,10.2500 - 13.3000,11.85,Issue,NTB,10.2500 - 11.8500,182 Day,0,77644.601,31838.514,12.5942,4th Week
2013-12-30,70000,OMO,December-30-2013,30/12/2013-136 Days,2141,May-15-2014,Sales,101303.15,12.0000 - 12.1000,12,Issue,OMO,12.0000 - 12.0000,136 Days,0,110803.15,101303.15,0,5th Week
2014-01-07,50000,OMO,January-07-2014,07/01/2013-142 Days,2142,May-29-2014,Sales,86405.5,11.9500 - 12.1000,12.05,Issue,OMO,11.9500 - 12.0500,142 Days,0,87405.5,86405.5,12.5877,2nd Week
2014-01-08,20159.21,Primary Market,January-08-2014,08/01/2014-91 Days,2143,April-10-2014,Sales,20159.21,10.0000 - 12.0000,10.9,Issue,NTB,10.0000 - 10.9000,91 Days,20159.21,31432.37,20159.21,11.2045,2nd Week
2014-01-08,50403.15,Primary Market,January-08-2014,08/01/2014-182 Days,2144,July-10-2014,Sales,50403.15,10.2500 - 14.2519,11.85,Issue,NTB,10.2500 - 11.8500,182 Days,50403.15,77324.25,50403.15,12.5942,2nd Week
2014-01-08,85845.41,Primary Market,January-08-2014,08/01/2014-364 Days,2145,January-08-2015,Sales,85845.41,10.0000 - 13.9219,12,Issue,NTB,10.0000 - 12.0000,364 Days,85845.41,253294.6,85845.41,13.6313,2nd Week
2014-01-09,50000,OMO,January-09-2014,09/01/2014-140 Day,2156,May-29-2014,Sales,82992.84,12.0000 - 12.0500,12.05,Issue,OMO,12.0000 - 12.0500,140 Day,0,82992.84,82992.84,12.6339,2nd Week
2014-01-09,50000,OMO,January-09-2014,09/01/2014-147 Day,2157,June-05-2014,Sales,145975.47,12.0000 - 12.1000,12.05,Issue,OMO,12.0000 - 12.0500,147 Day,0,157975.47,145975.47,12.6646,2nd Week
2014-01-15,45,Primary Market,January-15-2014,15/01/2014-3 Year,2165,August-16-2016,Sales,45,10.5000 - 16.5000,13.1,Maginal,FGN Bonds,10.5000 - 13.1000,3 Year,0,98.6,45,0,3rd Week
2014-01-15,45,Primary Market,January-15-2014,15/01/2014-20 Year,2166,July-23-2030,Sales,45,12.0000 - 17.5000,13.6,Maginal,FGN Bonds,12.0000 - 13.6000,20 Year,0,75.36,45,0,3rd Week
2014-01-22,34888.89,Primary Market,January-22-2014,22/01/2014-91 Day,2153,April-24-2014,Sales,34888.89,10.0000 - 12.1000,10.75,Issue,NTB,10.0000 - 10.7500,91 Day,0,45039.54,34888.89,11.046,4th Week
2014-01-22,48000,Primary Market,January-22-2014,22/01/2014-182 Day,2154,July-24-2014,Sales,48000,10.5000 - 12.7500,11.94,Issue,NTB,10.5000 - 11.9400,182 Day,0,89328.94,48000,12.6959,4th Week
2014-01-22,120000,Primary Market,January-22-2014,22/01/2014-364 Day,2155,January-22-2015,Sales,120000,11.0000 - 15.4990,12.22,Issue,NTB,11.0000 - 12.2200,364 Day,0,215819.77,120000,13.9159,4th Week
2014-01-23,50000,OMO,January-23-2014,23/01/2014-28 Day,2158,February-20-2014,Sales,32783.65,10.7000 - 14.0000,11.2,Issue,OMO,10.7000 - 11.2000,28 Day,0,52283.65,32783.65,11.2971,4th Week
2014-01-23,50000,OMO,January-23-2014,23/01/2014-35 Day,2159,February-27-2014,Sales,32783.65,11.0000 - 14.0000,11.4,Issue,OMO,11.0000 - 11.4000,35 Day,0,88067.07,72532.07,11.526,4th Week
2014-01-27,40000,OMO,January-27-2014,27/01/2014-129 Day,2160,June-05-2014,Sales,93818.28,11.9900 - 12.2000,12.05,Issue,OMO,11.9900 - 12.0500,129 Day,0,96818.28,93818.28,12.586,5th Week
2014-01-27,60000,OMO,January-27-2014,27/01/2014-143 Day,2161,June-19-2014,Sales,100283.09,12.0000 - 12.1000,12.1,Issue,OMO,12.0000 - 12.1000,143 Day,0,100283.09,100283.09,12.7022,5th Week
2014-01-28,50000,OMO,January-28-2014,28/01/2014-121 Day,2162,May-29-2014,Sales,36910,12.0000 - 12.1000,12.05,Issue,OMO,12.0000 - 12.0500,121 Day,0,44910,36910,12.5514,5th Week
2014-01-28,40000,OMO,January-28-2014,28/01/2014-142 Day,2163,June-19-2014,Sales,77220,12.0500 - 12.1000,12.1,Issue,OMO,12.0500 12.1000,142 Day,0,77220,77220,12.6977,5th Week
2014-01-30,0,OMO,January-30-2014,30/01/2014-140 Day,2164,June-19-2014,Sales,57083.09,12.0000 - 12.5000,12.1,Issue,OMO,12.0000 - 12.1000,140 Day,0,65586.7,57083.09,12.6889,5th Week
2014-02-05,22057.31,Primary Market,February-05-2014,05/02/2014-91 Day,2167,May-08-2014,Sales,22057.31,10.0000 - 12.5000,11.75,Issue,NTB,10.0000 - 11.7500,91 Day,0,22121.54,22057.31,12.1046,1st Week
2014-02-05,50000,Primary Market,February-05-2014,05/02/2014-182 Day,2168,August-07-2014,Sales,50000,11.0000 - 13.1990,12.22,Issue,NTB,11.0000 - 12.2200,182 Day,0,62513.84,50000,13.0129,1st Week
2014-02-05,117219.06,Primary Market,February-05-2014,05/02/2014-364 Day,2169,February-05-2015,Sales,117219.06,10.0000 - 13.5990,13.34,Issue,NTB,10.0000 - 12.3400,364 Day,0,238323.41,117219.06,14.0717,1st Week
2014-02-06,50000,OMO,February-06-2014,06/02/2014-98 Days,2171,May-15-2014,Sales,25047.91,12.0000 - 13.0000,12.1,Issue,OMO,12.0000 - 12.1000,98 Day,0,36247.91,25047.91,12.5063,1st Week
2014-02-06,50000,OMO,February-06-2014,06/02/2014-140 Days,2172,June-26-2014,Sales,27091.42,12.1000 - 13.5000,12.2,Issue,OMO,12.1000 - 12.2000,140 Day,0,49291.42,27091.42,12.7989,1st Week
2014-02-10,50000,OMO,February-10-2014,10/02/2014-136 Day,2173,June-26-2014,Sales,57162.12,12.0000 - 13.9900,12.2,Issue,OMO,12.0000 - 12.2000,136 Day,0,107162.12,57162.12,12.781,2nd Week
2014-02-11,50000,OMO,February-11-2014,11/02/2014,2174,June-26-2014,Sales,28636.76,12.1000 - 12.2000,12.2,Issue,OMO,12.1000 - 12.2000,135 day,0,28636.76,28636.76,12.7765,2nd Week
2014-02-12,6258.35,OMO,February-12-2014,12/02/2014-134 Day,2175,June-26-2014,Sales,6258.35,12.1500 - 12.2000,12.2,Issue,OMO,12.1500 - 12.2000,134 Day,0,6258.35,6258.35,12.772,2nd Week
2014-02-12,45000,Primary Market,February-12-2014,12/02/2014-3 Year,2177,August-16-2016,Sales,45000,12.0000 - 17.5000,13.49,Maginal,FGN Bonds,12.0000 - 13.4900,3 Year,0,91000,45000,0,2nd Week
2014-02-12,45000,Primary Market,February-12-2014,12/02/2014,2178,July-23-2030,Sales,45000,13.0000 - 14.7500,13.6,Maginal,FGN Bonds,13.0000 - 13.6000,20 Year,0,94370,45000,0,2nd Week
2014-02-13,50000,OMO,February-13-2014,13/02/2014-147 Day,2176,July-10-2014,Sales,30991.95,12.2000 - 12.7500,12.2,Issue,OMO,12.2000 - 12.2000,147 Day,0,35624.89,30991.95,12.8304,2nd Week
2014-02-19,20647.81,Primary Market,February-19-2014,19/02/2014-91,2179,May-22-2014,Sales,20647.81,10.0000 - 14.1001,11.9,Issue,NTB,10.0000 - 11.9000,91 Day,0,24106.21,20647.81,12.2638,3rd Week
2014-02-19,50000,Primary Market,February-19-2014,19/02/2014-182 Day,2180,August-21-2014,Sales,30000,10.0000 - 13.1921,13.1418,Issue,NTB,10.0000 - 13.1418,182 Day,0,31494.69,30000,14.0634,3rd Week
2014-02-19,120000,Primary Market,February-19-2014,19/02/2014-364,2181,February-19-2015,Sales,80000,10.5000 - 14.0000,13.1992,Issue,NTB,10.5000 - 13.1992,364 Day,0,103433.49,80000,15.2,3rd Week
2014-02-27,40000,OMO,February-27-2014,2/27/2014-126 Day,2182,July-03-2014,Sales,44329.96,12.2000 - 14.5000,13.1,Issue,OMO,12.2000 - 13.1000,126 Day,0,54680.26,44329.96,13.7205,5th Week
2014-02-28,50000,OMO,February-28-2014,2-28-2014/125,2185,July-03-2014,Sales,87885.052,13.0000 - 13.1000,13.1,Issue,OMO,13.0000 - 13.1000,125 DAY,0,87885.052,87885.052,13.7153,5th Week
2014-03-03,50000,OMO,March-03-2014,03/03/2014-126 Day,2186,July-17-2014,Sales,52700.18,13.0500 - 13.1000,13.1,Issue,OMO,13.0500 - 13.1000,126 Day,0,52700.18,52700.18,13.7205,1st Week
2014-03-04,50000,OMO,March-04-2014,04/03/2014-135 Day,2187,July-17-2014,Sales,62161.19,13.1000 - 13.1000,13.1,Issue,OMO,13.1000 - 13.1000,135 Day,0,62161.19,62161.19,13.767,1st Week
2014-03-05,22970.71,Primary Market,March-05-2014,05/03/2014-91 Day,2188,June-05-2014,Sales,22970.71,10.5000 - 13.0357,11.89,Issue,NTB,10.5000 - 11.8900,91 Day,0,27728.32,22970.71,12.2532,1st Week
2014-03-05,65000,Primary Market,March-05-2014,05/03/2014-182 Day,2189,September-04-2014,Sales,65000,11.0000 - 14.4990,13.3581,Issue,NTB,11.0000 - 13.3581,182 Day,0,74782.76,65000,14.3113,1st Week
2014-03-05,187119.37,Primary Market,March-05-2014,05/03/2014-364 Day,2190,March-05-2015,Sales,187119.37,10.0000 - 16.9990,13.5094,Issue,NTB,10.0000 - 13.5094,364 Day,0,212327.68,187119.37,15.6128,1st Week
2014-03-07,50000,OMO,March-07-2014,07/03/2014-125 Day,2191,July-10-2014,Sales,26832.99,13.1000 - 15.2000,13.1,Issue,OMO,13.1000 - 13.1000,125 Day,0,79947.03,26832.99,13.7153,1st Week
2014-03-10,30000,OMO,March-10-2014,10/03/2014-122 Day,2192,July-10-2014,Sales,49384.77,13.1000 - 13.5000,13.1,Issue,OMO,13.1000 - 13.1000,122 Day,0,58946.77,49384.77,13.6999,2nd Week
2014-03-11,20000,OMO,March-11-2014,11/03/2014-121 Day,2193,July-10-2014,Sales,17101.22,13.1000 - 13.1500,13.1,Issue,OMO,13.1000 - 13.1000,121 Day,0,19304.22,17101.22,13.6999,2nd Week
2014-03-12,45,Primary Market,March-12-2014,13.05% FGN AUG 2016,2195,August-16-2016,Sales,35,13.0000 - 16.7500,14.1,Maginal,FGN Bonds,13.0000 - 14.1000,3 Year,0,71.22,35,0,2nd Week
2014-03-12,45,Primary Market,March-12-2014,14.20% FGN MAR 2024,2196,March-14-2024,Sales,50,9.5000 - 16.8000,14.2,Maginal,FGN Bonds,9.5000 - 14.2000,10 Year,0,114.34,50,0,2nd Week
2014-03-13,50000,OMO,March-13-2014,13/03/2014-147 Day,2194,August-07-2014,Sales,45471.88,12.8000 - 13.5000,13.1,Issue,OMO,12.8000 - 13.1000,147 Day,0,54992.21,45471.88,13.6999,2nd Week
2014-03-19,33266.32,Primary Market,March-19-2014,19/03/2014-91 Day,2197,June-19-2014,Sales,33266.32,10.2500 - 13.3776,11.95,Issue,NTB,10.2500 - 11.9500,91 Day,0,42500.94,33266.32,12.317,3rd Week
2014-03-19,50278.04,Primary Market,March-19-2014,19/03/2014-182 Day,2198,September-18-2014,Sales,50278.04,11.0000 - 14.3159,13.249,Issue,NTB,11.0000 - 13.2490,182 Day,0,134048.3,50278.04,14.1862,3rd Week
2014-03-19,83049.44,Primary Market,March-19-2014,19/03/2014-364 Day,2199,March-19-2015,Sales,83049.44,12.0000 - 15.2990,13.599,Issue,NTB,12.0000 - 13.5990,364 Day,0,205014.18,83049.44,15.7326,3rd Week
2014-03-20,50000,OMO,March-20-2014,20/03/2014-140 Day,2200,August-07-2014,Sales,109571.35,13.0200 - 13.2500,13.1,Issue,OMO,13.0200 - 13.1000,140 Day,0,113771.35,109571.35,13.7931,3rd Week
2014-03-21,50000,OMO,March-21-2014,21/03/2014-146 Day,2201,August-14-2014,Sales,56416.85,13.1000 - 13.2700,13.1,Issue,OMO,13.1000 - 13.1000,146 Day,0,66416.85,56416.85,13.8244,3rd Week
2014-03-26,21534.34,Primary Market,March-26-2014,26/03/2014-91 Day,2202,June-26-2014,Sales,21534.34,11.0000 - 14.0000,11.9,Issue,NTB,11.0000 - 11.9000,91 Day,0,22548.84,21534.34,12.2638,4th Week
2014-03-26,33783.25,Primary Market,March-26-2014,26/03/2014-182 Day,2203,September-25-2014,Sales,33783.25,11.5000 - 14.0000,13.18,Issue,NTB,11.5000 - 13.1800,182 Day,0,124259.68,33783.25,14.1071,4th Week
2014-03-27,50000,OMO,March-27-2014,27/03/2014-147 Day,2204,August-21-2014,Sales,146346.54,12.9500 - 13.1000,13.1,Issue,OMO,12.9500 - 13.1000,147 Day,0,146363.54,146363.54,13.8296,4th Week
2014-03-28,60000,OMO,March-28-2014,28/03/2014-125 Day,2205,July-31-2014,Sales,113990.39,13.0000 - 13.1000,13.1,Issue,OMO,13.0000 - 13.1000,125 Day,0,113990.39,113990.39,13.7153,4th Week
2014-03-31,30000,OMO,March-31-2014,31/03/2014-115 Day,2206,July-24-2014,Sales,5000,13.0400 - 13.1000,13.04,Issue,OMO,13.0400 - 13.0400,115 Day,0,31676.5,5000,13.5987,5th Week
2014-03-31,30000,OMO,March-31-2014,31/03/2014-136 Day,2207,August-14-2014,Sales,29594,13.0000 - 13.1500,13.1,Issue,OMO,13.0000 - 13.1000,136 Day,0,36616,29594,13.7722,5th Week
2014-04-01,50000,OMO,April-01-2014,01/04/2014-114 Day,2208,July-24-2014,Sales,39534.89,13.0000 - 13.4000,13.05,Issue,OMO,13.0000 - 13.0500,114 Day,0,39573.01,39534.89,13.6045,1st Week
2014-04-02,50000,OMO,April-02-2014,02/04/2014-134 Day,2209,August-14-2014,Sales,48271.96,13.0000 - 13.1000,13.1,Issue,OMO,13.0000 - 13.1000,134 Day,0,48271.96,48271.96,13.7619,1st Week
2014-04-09,20159.21,Primary Market,April-09-2014,09/04/2014-91 Day,2210,July-10-2014,Sales,20159.21,10.5500 - 15.0000,11.714,Issue,NTB,10.5500 - 11.7140,91,0,50907.57,20159.21,12.0664,2nd Week
2014-04-09,43490.87,Primary Market,April-09-2014,09/04/2014-182 Day,2211,October-09-2014,Sales,43490.87,11.5000 - 13.6990,12.84,Issue,NTB,11.5000 - 12.8400,182 Day,0,102471.96,43490.87,13.7183,2nd Week
2014-04-09,120000,Primary Market,April-09-2014,09/04/2014-364 Day,2212,April-09-2015,Sales,120000,12.2000 - 15.0000,13.04,Issue,NTB,12.2000 - 13.0400,364 Day,0,381372.06,120000,14.9892,1st Week
2014-04-23,25,Primary Market,April-23-2014,13.05% FGN AUG 2016,2213,August-16-2016,Sales,25,12.8000 - 14.5000,13.149,Maginal,FGN Bonds,12.8000 - 13.1490,3 Year,0,83.22,25,0,4th Week
2014-04-23,25,Primary Market,April-23-2014,14.20% FGN MAR 2024,2214,March-14-2024,Sales,25,12.0000 - 15.0000,13.1,Maginal,FGN Bonds,12.0000 - 13.1000,10 Year,0,99.85,25,0,4th Week
2014-04-23,34888.9,Primary Market,April-23-2014,23/04/2014-91 Day,2215,July-24-2014,Sales,34888.9,10.4000 - 15.0000,11,Issue,NTB,10.4000 - 11.0000,91,0,75002.95,34888.9,11.3102,4th Week
2014-04-23,30000,Primary Market,April-23-2014,23/04/2014-182 Day,2216,October-23-2014,Sales,30000,11.0000 - 13.0000,11.77,Issue,NTB,11.0000 - 11.7700,182 Day,0,165459.22,30000,12.5038,4th Week
2014-04-23,85730.42,Primary Market,April-23-2014,23/04/2014-364 Day,2217,April-23-2015,Sales,85730.42,11.7500 - 13.3385,12.249,Issue,NTB,11.7500 - 12.2490,364 Day,0,439691.14,85730.42,13.9535,4th Week
2014-04-24,70000,OMO,April-24-2014,24/04/2014-126 Day,2218,August-28-2014,Sales,198133.81,11.5000 - 13.0000,12,Issue,OMO,11.5000 - 12.0000,126 Day,0,271484.97,198133.81,12.5186,4th Week
2014-05-07,22057.31,Primary Market,May-07-2014,07/05/2014-91 Day,2219,August-07-2014,Sales,45177.87,9.5000 - 15.0000,10.24,Issue,NTB,9.5000 - 10.2400,91,0,101662.22,45177.87,10.5083,2nd Week
2014-05-07,30000,Primary Market,May-07-2014,07/05/2014-182 Day,2220,November-06-2014,Sales,30000,10.2000 - 12.7500,10.65,Issue,NTB,10.2000 - 10.6500,182 Day,0,159987.28,30000,11.2473,2nd Week
2014-05-07,105000,Primary Market,May-07-2014,07/05/2014-364 Day,2221,May-07-2015,Sales,82000,10.6000 - 13.5119,11.28,Issue,NTB,10.6000 - 11.2800,364 Day,0,551553.01,82000,12.7097,2nd Week
2014-05-08,40000,OMO,May-08-2014,08/05/2014-119 Day,2222,August-04-2014,Sales,186660.39,10.8000 - 11.8000,11,Issue,OMO,10.8000 - 11.0000,119 Day,0,255270.09,186660.39,11.4092,2nd Week
2014-05-14,35,Primary Market,May-14-2014,14/05/2014-3 Year,2239,August-16-2016,Sales,35,10.0000 - 13.9838,11.999,Maginal,FGN Bonds,10.0000 - 11.9990,3 Year,0,141.04,35,0,3rd Week
2014-05-14,35,Primary Market,May-14-2014,14/05/2014-10 Year,2240,March-14-2024,Sales,35,10.0000 - 14.2000,12.5499,Maginal,FGN Bonds,10.0000 - 12.5499,10 Year,0,97.99,35,0,3rd Week
2014-05-21,40647810,Primary Market,May-21-2014,21/05/2014-91 Day,2223,August-21-2014,Sales,40647810,8.5000 - 12.0000,10,Issue,NTB,8.5000 - 10.0000,91,0,65306498,40647810,10.2557,4th Week
2014-05-21,25000000,Primary Market,May-21-2014,21/05/2015-182 Day,2224,November-20-2014,Sales,25000000,9.2000 - 12.0000,10.015,Issue,NTB,9.2000 - 10.0150,182,0,98837416,25000000,10.5414,4th Week
2014-05-21,55683600,Primary Market,May-21-2014,21/05/2014-364 Day,2225,May-21-2015,Sales,55683600,9.7000 - 13.0000,10.125,Issue,NTB,9.7000 - 10.1250,364,0,356575293,55683600,11.2622,4th Week
2014-05-22,70000,OMO,May-22-2014,22/05/2014-119 Day,2226,September-18-2014,Sales,397623.172,9.9500 - 10.8000,10.8,Issue,OMO,9.9500 - 10.8000,119 Day,0,397623.172,397623.172,11.1942,4th Week
2014-05-26,50000,OMO,May-26-2014,26/05/2014-122 Day,2227,September-26-2014,Sales,56870.51,10.7000 - 12.0000,10.8,Issue,OMO,10.7000 - 10.8000,122 Day,0,143080.34,56870.51,11.2045,5th Week
2014-05-27,50000,OMO,May-27-2014,27/05/2014-121 Day,2228,September-25-2014,Sales,87490.1,10.7000 - 12.0000,10.8,Issue,OMO,10.7000 - 10.8000,121 Day,0,94490.1,87490.1,11.201,5th Week
2014-06-02,50000,OMO,June-02-2014,02/06/2014-122 Day,2229,October-02-2014,Sales,84587.45,10.8000 - 12.0000,10.8,Issue,OMO,10.8000 - 10.8000,122 Day,0,101609.75,84587.45,11.2045,1st Week
2014-06-03,50000,OMO,June-03-2014,03/06/2014-121 Day,2230,October-02-2014,Sales,35425.13,10.8000 - 12.0000,10.8,Issue,OMO,10.8000 - 10.8000,121 Day,0,45425.13,35425.13,11.201,1st Week
2014-06-04,22850.15,Primary Market,June-04-2014,04/06/2014-91 Day,2231,September-04-2014,Sales,27850.15,9.0000 - 12.0000,10,Issue,NTB,9.0000 - 10.0000,91,0,50137.603,27850.15,10.2557,1st Week
2014-06-04,30000,Primary Market,June-04-2014,04/06/2014-182 Day,2232,December-04-2014,Sales,30000,9.4600 - 12.2100,10.45,Issue,NTB,9.4600 - 10.4500,182,0,61877.96,30000,11.0244,1st Week
2014-06-04,85000,Primary Market,June-04-2014,04/06/2014-364 Day,2233,June-04-2015,Sales,80000,9.0000 - 13.0000,10.49,Issue,NTB,9.0000 - 10.4900,364,0,192366.34,80000,11.7156,1st Week
2014-06-05,70000,OMO,June-05-2014,05/06/2014-133 Day,2234,October-16-2014,Sales,128655.95,10.6900 - 11.5000,10.8,Issue,OMO,10.6900 - 10.8000,133 Day,0,179694.95,128655.95,11.2424,1st Week
2014-06-11,35,Primary Market,June-11-2014,11/06/2014-3 Year,2241,August-16-2016,Sales,30,10.0000 - 13.7500,11.3599,Maginal,FGN Bonds,10.0000 - 11.3599,3 Year,0,71.45,30,0,2nd Week
2014-06-11,35,Primary Market,June-11-2014,11/06/2014-10 Year,2242,March-14-2024,Sales,50,10.0000 - 14.2400,12.245,Maginal,FGN Bonds,10.0000 - 12.2450,10 Year,0,133.08,50,0,2nd Week
2014-06-18,33266.324,Primary Market,June-18-2014,18/06/2014-91 Day,2235,September-18-2014,Sales,33266.324,9.0000 - 11.5000,9.99,Issue,NTB,9.0000 - 9.9900,91,0,59459.459,33266.324,10.2452,3rd Week
2014-06-18,65029.27,Primary Market,June-18-2014,18/06/2014-182 Day,2236,December-18-2014,Sales,50029.27,9.4600 - 12.1198,10.38,Issue,NTB,9.4600 - 10.3800,182,0,110594.489,50029.27,10.9466,3rd Week
2014-06-18,70000,Primary Market,June-18-2014,18/06/2014-364 Day,2237,June-18-2015,Sales,85000,9.0000 - 12.6898,10.3973,Issue,NTB,9.0000 - 10.3973,364,0,234286.758,85000,11.6001,3rd Week
2014-06-19,30000,OMO,June-19-2014,19/06/2014-105 Day,2238,October-02-2014,Sales,161988.89,10.5500 - 10.9000,10.75,Issue,OMO,10.5500 - 10.7500,105 Day,0,229641.55,161988.89,11.093,3rd Week
2014-06-20,40000,OMO,June-20-2014,20/06/2014-125 Day,2243,October-23-2014,Sales,176969.879,10.7000 - 10.8500,10.8,Issue,OMO,10.7000 - 10.8000,125 Day,0,178979.957,176969.879,11.2148,3rd Week
2014-06-23,70000,OMO,June-23-2014,23/10/2014-129,2244,October-30-2014,Sales,165840.37,10.7500 - 10.8000,10.8,Issue,OMO,10.7500 - 10.8000,129 Day,0,165840.37,165840.37,11.2286,4th Week
2014-06-25,21538.34,Primary Market,June-25-2014,25/06/2014-91 Day,2245,September-25-2014,Sales,21538.34,9.0000 - 12.0000,9.95,Issue,NTB,9.0000 - 9.9500,91,0,40732.85,21538.34,10.2031,4th Week
2014-06-25,31838.51,Primary Market,June-25-2014,25/06/2014-182 Day,2246,December-25-2014,Sales,31838.51,10.0000 - 11.9519,10.25,Issue,NTB,10.0000 - 10.2500,182,0,75032.73,31838.51,10.8021,4th Week
2014-06-25,81190.88,Primary Market,June-25-2014,25/06/2014-364 Day,2247,June-25-2015,Sales,81190.88,10.0000 - 12.5189,10.349,Issue,NTB,10.0000 - 10.3490,364,0,198570.7,81190.88,11.54,4th Week
2014-06-26,70000,OMO,June-26-2014,26/06/2014-133 Day,2248,November-06-2014,Sales,203060.68,10.7500 - 10.8500,10.8,Issue,OMO,10.7500 - 10.8000,133,0,205303.88,203060.68,11.2424,4th Week
2014-06-30,50000,OMO,June-30-2014,30/06/2014-108,2249,October-16-2014,Sales,90041.798,10.7500 - 11.0000,10.8,Issue,OMO,10.7500 - 10.8000,108 Day,0,92041.798,90041.798,11.1565,5th Week
2014-07-07,70000,OMO,July-07-2014,07/07/2014-129 Day,2250,November-13-2014,Sales,244147.77,10.7900 - 10.8000,10.8,Issue,OMO,10.7900 - 10.8000,129 Day,0,244147.77,244147.77,11.2286,2nd Week
2014-07-09,20159.21,Primary Market,July-09-2014,09/07/2014-91 Day,2258,October-09-2014,Sales,20159.21,8.5000 - 11.0000,9.95,Issue,NTB,8.5000 - 9.9500,91,0,20997.16,20159.21,10.2031,2nd Week
2014-07-09,50403.15,Primary Market,July-09-2014,09/07/2014-182 Day,2259,January-08-2015,Sales,50403.15,9.0000 - 12.6189,10.2445,Issue,NTB,9.0000 - 10.2445,182,0,81667.45,50403.15,10.796,2nd Week
2014-07-16,15,Primary Market,July-16-2014,13.05% FGN AUG 2016,2251,August-16-2016,Sales,15,10.0000 - 13.0500,11,Maginal,FGN Bonds,10.0000 - 11.0000,3 Year,0,47.87,15,0,3rd Week
2014-07-16,50,Primary Market,July-16-2014,14.20% FGN MAR 2024,2252,March-14-2024,Sales,50,11.1981 - 13.5000,12.194,Maginal,FGN Bonds,11.1981 - 12.1940,10 Year,0,114.58,50,0,3rd Week
2014-07-16,35,Primary Market,July-16-2014,12.14% FGN JUL 2034,2257,July-18-2034,Sales,0,11.5000 - 14.0000,12.1493,Maginal,FGN Bonds,11.5000 - 12.1493,20 Year,0,101.46,35,0,3rd Week
2014-07-23,34888.9,Primary Market,July-23-2014,23/07/2014-91 Day,2260,October-23-2014,Sales,34888.9,9.0000 - 10.7000,9.84,Issue,NTB,9.0000 - 9.8400,91,0,38872.47,34888.9,10.0875,4th Week
2014-07-23,48000,Primary Market,July-23-2014,23/07/2014-182 Day,2261,January-22-2015,Sales,48000,9.8000 - 11.9519,10.1,Issue,NTB,9.8000 - 10.1000,182,0,78731.55,48000,10.6356,4th Week
2014-07-23,52000,Primary Market,July-23-2014,23/07/2014-364 Day,2262,July-23-2015,Sales,52000,9.9992 - 12.6189,10.14,Issue,NTB,9.9992 - 10.1400,364,0,188243.02,52000,11.2807,4th Week
2014-07-30,50000,OMO,July-30-2014,30/07/2014,2263,December-11-2014,Sales,151631.22,10.7500 - 11.2500,10.8,Issue,OMO,10.7500 - 10.8000,134 Day,0,153631.22,151631.22,11.2459,5th Week
2014-08-06,45177.87,Primary Market,August-06-2014,06/08/2014-91 Day,2265,November-06-2014,Sales,45177.87,8.0000 - 11.2500,10,Issue,NTB,8.0000 - 10.0000,91,0,48918.2,45177.87,10.2557,2nd Week
2014-08-06,50000,Primary Market,August-06-2014,06/08/2014-182 Day,2266,February-05-2015,Sales,30000,9.0000 - 11.9519,10.2,Issue,NTB,9.0000 - 10.2000,182,0,39229.8,30000,10.7466,2nd Week
2014-08-06,100000,Primary Market,August-06-2014,06/08/2014-364 Day,2267,August-06-2015,Sales,120000,9.8000- 12.5189,10.319,Issue,NTB,9.8000 - 10.3190,364,0,168667.19,120000,11.5027,2nd Week
2014-08-11,50000,OMO,August-11-2014,11/08/2014- 136 Day,2264,December-25-2014,Sales,221471.92,10.7500 - 10.8000,10.8,Issue,OMO,10.7500 - 10.8000,136 Day,0,221471.92,221471.92,11.2528,3rd Week
2014-08-13,15,Primary Market,August-13-2014,13.05% FGN AUG 2016,2268,August-16-2016,Sales,15,10.0000 - 11.1230,11.123,Maginal,FGN Bonds,10.0000 - 11.1230,3 Year,0,29.4,15,0,3rd Week
2014-08-13,50,Primary Market,August-13-2014,14.20% FGN MAR 2024,2269,March-14-2024,Sales,50,11.5000 - 13.9900,12.22,Maginal,FGN Bonds,11.5000 - 12.2200,10-Year,0,97.15,50,0,3rd Week
2014-08-13,35,Primary Market,August-13-2014,2.1493% FGN JUL 2034,2274,July-18-2034,Sales,35,11.8000 - 14.0190,12.389,Maginal,FGN Bonds,11.8000 - 12.3890,20-Year,0,47.46,35,0,3rd Week
2014-08-20,40647.81,Primary Market,August-20-2014,20/08/2014-91 Day,2275,November-20-2014,Sales,40647.81,8.5000 - 15.0000,9.9,Issue,NTB,8.5000 - 9.9000,91,0,56333.392,40647.81,10.1505,3rd Week
2014-08-20,30000,Primary Market,August-20-2014,20/08/2014-182 Day,2276,February-19-2015,Sales,30000,9.5000 - 12.5189,10.2,Issue,NTB,9.5000 - 10.2000,182,0,65997.299,30000,10.7466,3rd Week
2014-08-25,70000,OMO,August-25-2014,25/08/2014-136 Day,2277,January-08-2015,Sales,249322.812,10.7500 - 10.8000,10.8,Issue,OMO,10.7500 - 10.8000,136 Day,0,249322.812,249322.812,11.2528,4th Week
2014-08-28,70000,OMO,August-28-2014,28/08/2014-126 Day,2278,January-01-2015,Sales,183732.334,10.8000 - 10.8000,10.8,Issue,OMO,10.8000 - 10.8000,126 Day,0,183732.334,183732.334,11.2182,4th Week
2014-09-01,50000,OMO,September-01-2014,01/09/2014-136 Day,2279,January-15-2015,Sales,81051.148,10.8000 - 10.8000,10.8,Issue,OMO,10.8000 - 10.8000,136 Day,0,81051.148,81051.148,11.2528,1st Week
2014-09-03,27850.15,Primary Market,September-03-2014,03/09/2014-91 Day,2281,December-04-2014,Sales,27850.15,9.0000 - 14.0000,9.79,Issue,NTB,9.0000 - 9.7900,91,0,44927.99,27850.15,10.0349,1st Week
2014-09-03,50000,Primary Market,September-03-2014,03/09/2014-182 Day,2282,March-05-2015,Sales,50000,9.0000 - 12.1752,10.17,Issue,NTB,9.0000 - 10.1700,182,0,65180.49,50000,10.7133,1st Week
2014-09-03,105000,Primary Market,September-03-2014,03/09/2014-364 Day,2283,September-03-2015,Sales,105000,9.9900 - 12.5189,10.3519,Issue,NTB,9.9900 - 12.5189,364,0,174259.99,105000,11.5436,1st Week
2014-09-04,50000,OMO,September-04-2014,04/09/2014-133 Day,2280,January-15-2015,Sales,115269.248,10.8000 - 10.8000,10.8,Issue,OMO,10.8000 - 10.8000,133 Day,0,115269.248,115269.248,11.2424,1st Week
2014-09-11,70000,OMO,September-11-2014,11/09/2014-140 Day,2284,January-29-2015,Sales,234672.3,10.8000 - 10.8000,10.8,Issue,OMO,10.8000 - 10.8000,140 Day,0,234672.3,234672.3,11.2667,2nd Week
2014-09-17,33266.324,Primary Market,September-17-2014,17/09/2014-91 Day,2286,December-18-2014,Sales,33266.324,9.0000 - 12.1752,9.58,Issue,NTB,9.0000 - 9.5800,91,0,58489.251,33266.324,9.8144,3rd Week
2014-09-17,50278.042,Primary Market,September-17-2014,17/09/2014-182 Day,2287,March-19-2015,Sales,50278.042,9.7500 - 12.5189,10.24,Issue,NTB,9.7500 - 10.2400,182,0,63546.128,50278.042,10.791,3rd Week
2014-09-17,15,Primary Market,September-17-2014,17/09/2014-3 Year,2289,August-16-2016,Sales,15,10.0000 - 12.4000,11.49,Maginal,FGN Bonds,10.0000 - 11.4900,3 Year,0,23.88,15,0,4th Week
2014-09-17,50,Primary Market,September-17-2014,17/09/2014-10 Year,2290,March-14-2024,Sales,50,11.8900 - 13.9900,12.232,Maginal,FGN Bonds,11.8900 - 12.2320,10 Year,0,88.66,50,0,4th Week
2014-09-17,35,Primary Market,September-17-2014,17/09/2014-20 Year,2291,July-18-2034,Sales,35,11.9000 - 14.0190,12.299,Maginal,FGN Bonds,11.9000 - 12.2990,20 Year,0,63.45,35,0,4th Week
2014-09-18,70000,OMO,September-18-2014,18/09/2014-147 Day,2285,February-12-2015,Sales,167946.061,10.7500 - 10.9500,10.8,Issue,OMO,10.7500 - 10.8000,147 Day,0,202946.061,167946.061,11.2911,3rd Week
2014-09-22,70000,OMO,September-22-2014,22/09/2014-157 Day,2288,February-26-2015,Sales,130313.465,10.8000 - 11.0000,10.8,Issue,OMO,10.8000 - 10.8000,157 Day,0,152329.445,130313.465,11.3262,4th Week
2014-09-24,21538.34,Primary Market,September-24-2014,24/09/2014-91 Day,2292,December-25-2014,Sales,21538.34,9.0000 - 10.6000,9.95,Issue,NTB,9.0000 - 9.9500,91,0,23600.58,21538.34,10.2031,4th Week
2014-09-24,33783.25,Primary Market,September-24-2014,24/09/2014-182 Day,2293,March-26-2015,Sales,33783.25,9.8500 - 12.3452,10.1,Issue,NTB,9.8500 - 10.6356,182,0,52679.69,33783.25,10.6356,4th Week
2014-09-24,59081.14,Primary Market,September-24-2014,24/09/2014-364 Day,2294,September-24-2015,Sales,59081.14,9.8500 - 12.7189,10.35,Issue,NTB,9.8500 - 10.3500,364,0,105170.73,59081.14,11.5412,4th Week
2014-09-25,70000,OMO,September-25-2014,25/09/2014-154 Day,2295,February-26-2015,Sales,70311.261,10.8000 - 10.8000,10.8,Issue,OMO,10.8000 - 10.8000,154 Day,0,70311.261,70311.261,11.3156,4th Week
2014-09-29,50000,OMO,September-29-2014,29/09/2014-73 Day,2296,December-11-2014,Sales,8975.81,10.5500 - 10.8000,10.55,Issue,OMO,10.5500 - 10.5500,73 Day,0,27802.935,8975.81,10.7774,5th Week
2014-09-29,40000,OMO,September-29-2014,29/09/2014-164 Day,2297,March-12-2015,Sales,40722,10.8000 - 11.0000,10.8,Issue,OMO,10.8000 - 10.8000,164 Day,0,41722,40722,11.3508,5th Week
2014-09-30,30000,OMO,September-30-2014,30/09/2014-177 Day,2298,March-26-2015,Sales,23119.924,10.8000 - 11.0000,10.8,Issue,OMO,10.8000 - 10.8000,177 Day,0,26119.924,23119.924,11.3969,5th Week
2014-10-02,50000,OMO,October-02-2014,02/10/2014-161 Day,2299,March-12-2015,Sales,153256.434,10.8000 - 11.5000,10.8,Issue,OMO,10.8000 - 10.8000,161 Day,0,166388.584,153256.434,11.3402,1st Week
2014-10-03,60000,OMO,October-03-2014,03/10/2014-160 Day,2300,March-12-2015,Sales,46228.895,10.8000 - 11.5000,10.8,Issue,OMO,10.8000 - 10.8000,160 Day,0,51230.695,46228.895,11.3367,1st Week
2014-10-08,20159.21,Primary Market,October-08-2014,08/10/2014- 91 Day,2322,January-08-2015,Sales,20159.21,8.0000 - 11.0000,9.95,Issue,NTB,8.0000 - 9.9500,91,0,17815.92,20159.21,10.2031,2nd Week
2014-10-08,43490.87,Primary Market,October-08-2014,08/10/2014- 182 Day,2323,April-09-2015,Sales,43490.87,9.0000 - 12.3452,10.3,Issue,NTB,9.0000 - 10.3000,182,0,19358.91,43490.87,10.8576,2nd Week
2014-10-08,68184.89,Primary Market,October-08-2014,08/10/2014- 364 Day,2324,October-08-2015,Sales,68184.89,9.8000 - 12.7189,10.789,Issue,NTB,9.8000 - 10.7890,364,0,46907.44,68184.89,12.0898,2nd Week
2014-10-09,50000,OMO,October-09-2014,09/10/2014-168 Day,2301,March-26-2015,Sales,27887.021,10.8000 - 14.0000,10.9,Issue,OMO,10.8000 - 10.9000,168 Day,0,83719.658,27887.021,11.4757,2nd Week
2014-10-13,40000,OMO,October-13-2014,13/10/2014 -164 Day,2302,March-26-2015,Sales,71741.2,10.8000 - 12.5000,11,Issue,OMO,10.8000 - 11.0000,164-DAY,0,90725.17,71741.2,11.5719,3rd Week
2014-10-15,18.612,Primary Market,October-15-2014,15/10/2014/3YEAR,2303,August-16-2016,Sales,18.612,10.0000 - 13.5000,12.14,Maginal,FGN Bonds,10.0000 - 12.1400,3-YEAR,0,46.36,18.612,0,3rd Week
2014-10-15,30,Primary Market,October-15-2014,15/10/2014/10-YEAR,2304,March-14-2024,Sales,30,12.0000 - 14.0000,12.79,Maginal,FGN Bonds,12.0000 - 12.7900,10-YEAR,0,40.3,30,0,3rd Week
2014-10-15,25,Primary Market,October-15-2014,15/10/2014/20-YEAR,2305,July-18-2034,Sales,25,12.0000 - 13.1459,12.699,Maginal,FGN Bonds,12.0000 - 13.1459,20 -YEAR,0,29.65,25,0,3rd Week
2014-10-16,50000,OMO,October-16-2014,16/10/2014/161 Day,2306,March-26-2015,Sales,149333.39,10.9000 - 12.5000,11,Issue,OMO,10.9000 - 11.0000,161,218697.75,87217.66,69364.36,11.5609,3rd Week
2014-10-17,300000000,OMO,October-17-2014,17/10/2014/160 Day,2307,March-26-2015,Sales,22922.455,11.0000 - 12.0000,11,Issue,OMO,11.0000 - 11.0000,160,0,34980.755,22922.455,11.5573,3rd Week
2014-10-22,34888.9,Primary Market,October-22-2014,22/10/2014- 91 Day,2326,January-22-2015,Sales,59888.9,8.5000 - 10.5000,9.8,Issue,NTB,8.5000 - 9.8000,91,0,70085.67,59888.9,10.0454,4th Week
2014-10-22,31385.9,Primary Market,October-22-2014,22/10/2014- 182 Day,2329,April-23-2015,Sales,45000,9.0000 - 12.2200,10.2,Issue,NTB,9.5000 - 10.2000,182,0,56093.27,45000,10.7466,4th Week
2014-10-22,31385.9,Primary Market,October-22-2014,22/10/2014- 364 Day,2330,October-22-2015,Sales,66385.9,9.5000 - 12.1450,11.25,Issue,NTB,9.5000 - 11.2500,364,0,75758.99,66385.9,12.6717,4th Week
2014-10-27,40000,OMO,October-27-2014,27/10/2014-157 Day,2308,April-02-2015,Sales,72664.85,11.0000 - 12.0000,11,Issue,OMO,11.0000 - 11.0000,157,0,78202.43,72664.85,11.4701,5th Week
2014-10-28,70000,OMO,October-28-2014,28-10-2014/170,2309,April-16-2015,Sales,71700.78,11.0000 - 11.5000,11,Issue,OMO,11.0000 - 11.0000,170,0,86730.48,71700.78,11.594,5th Week
2014-10-29,50000,OMO,October-29-2014,29-10-2014/169,2310,March-26-2015,Sales,50077.89,11.0000 - 11.5000,11,Issue,OMO,11.0000 - 11.0000,169,0,54077.89,50077.89,11.5903,5th Week
2014-10-31,40000,OMO,October-31-2014,31/10/2014-167 Day,2311,April-16-2015,Sales,66661.698,11.0000 - 11.5000,11,Issue,OMO,11.0000 - 11.0000,167 Day,0,67661.698,66661.698,11.583,5th Week
2014-11-03,50000,OMO,November-03-2014,03-11-2014/178,2312,April-30-2015,Sales,90872.74,11.0000 - 11.5000,11,Issue,OMO,11.0000 - 11.0000,178,0,107872.74,90872.74,11.5903,1st Week
2014-11-04,40000,OMO,November-04-2014,04/11/2014-149 Day,2313,April-02-2015,Sales,76098.655,11.0000 - 11.0000,11,Issue,OMO,11.0000 - 11.0000,149 Day,0,76098.655,76098.655,11.5172,1st Week
2014-11-05,45177.868,Primary Market,November-05-2014,05/11/2014-91 Day,2325,February-05-2015,Sales,45177.868,8.5000 - 11.0000,9.7,Issue,NTB,8.5000 - 9.7000,91,0,51285.417,45177.868,9.9404,1st Week
2014-11-05,23432.803,Primary Market,November-05-2014,05/11/2014-182 Day,2327,May-07-2015,Sales,23432.803,9.5000 - 11.9336,10.5,Issue,NTB,9.5000 - 10.5000,182,0,27942.303,23432.803,11.0801,1st Week
2014-11-05,54353.587,Primary Market,November-05-2014,05/11/2014-364 Day,2328,November-05-2015,Sales,54353.587,10.5000 - 12.9900,11.2,Issue,NTB,10.5000 - 11.2000,364,0,156013.393,54353.587,12.6083,1st Week
2014-11-06,20000,OMO,November-06-2014,06-11-2014/105,2314,February-19-2015,Sales,44185,10.5000 - 11.0000,10.8,Issue,OMO,10.5000 - 10.8000,105-day,0,62310.18,44185,11.1463,1st Week
2014-11-06,40000,OMO,November-06-2014,06-11-2014/175,2315,April-30-2015,Sales,95716.38,10.8000 - 11.5000,11,Issue,OMO,10.8000 - 11.0000,175-day,0,98716.38,95716.38,11.6124,1st Week
2014-11-07,40000,OMO,November-07-2014,07-11-2014/167,2316,April-23-2015,Sales,288958.13,10.6000 - 11.0000,10.99,Issue,OMO,10.6000 - 10.9900,167-day,0,348440.025,288958.13,11.5719,1st Week
2014-11-10,30000,OMO,November-10-2014,10-11-2014/171,2317,April-30-2015,Sales,147016.575,10.7900 - 10.9900,10.97,Issue,OMO,10.7900 - 10.9700,171-day,0,147516.575,147016.575,11.5866,2nd Week
2014-11-12,10,Primary Market,November-12-2014,12/12/2014-3 Year,2319,August-16-2016,Sales,10,10.0000 - 13.5000,12,Maginal,FGN Bonds,10.0000 - 12.0000,3 Year,0,32.4,10,0,2nd Week
2014-11-12,30,Primary Market,November-12-2014,12/11/2014-10 Year,2320,March-14-2024,Sales,25,12.0000 - 14.0000,12.8,Maginal,FGN Bonds,12.0000 - 12.8000,10 Year,0,45.09,25,0,2nd Week
2014-11-12,25,Primary Market,November-12-2014,12/11/2014-20 Year,2321,July-18-2034,Sales,20,12.0120 - 14.5000,13,Maginal,FGN Bonds,12.0120 - 13.0000,20 Year,0,26.92,20,0,2nd Week
2014-11-13,50000,OMO,November-13-2014,13-11-2014/182,2318,May-14-2015,Sales,81011.21,10.9000 - 12.0000,10.96,Issue,OMO,10.9000 - 10.9600,182DAY,0,114202.34,81011.21,11.5936,2nd Week
2014-11-19,40647.81,Primary Market,November-19-2014,19/11/2014- 91 Day,2331,February-19-2015,Sales,32436.51,9.0000 - 13.0000,9.998,Issue,NTB,9.0000 - 9.9980,91,0,34901.35,32436.51,10.2536,4th Week
2014-11-19,25000,Primary Market,November-19-2014,19/11/2014- 182 Day,2332,May-21-2015,Sales,22824.45,9.6500 - 16.0000,10.8,Issue,NTB,9.6500 - 10.8000,182,0,29511.67,22824.45,11.4147,4th Week
2014-11-19,54290.67,Primary Market,November-19-2014,19/11/2014- 364 Day,2333,November-19-2015,Sales,64677.52,10.0000 - 16.0000,12.485,Issue,NTB,10.0000 - 12.4850,364,0,101436.78,64677.52,14.2606,4th Week
2014-12-17,33876.45,Primary Market,December-17-2014,17/12/2014- 91 Day,2334,March-19-2015,Sales,33876.45,9.5000 - 13.5000,11,Issue,NTB,9.5000 - 11.0000,91,0,34440.95,33876.45,11.3102,3rd Week
2014-12-17,51300.34,Primary Market,December-17-2014,17/12/2014- 182 Day,2335,June-18-2015,Sales,51300.34,9.7500 - 15.5000,13.849,Issue,NTB,9.7500 - 13.8490,182,0,57547.27,51300.34,14.8763,3rd Week
2014-12-17,110397.57,Primary Market,December-17-2014,17/12/2014- 364 Day,2336,December-17-2015,Sales,110397.57,10.0000 - 17.4490,15.99,Issue,NTB,10.0000 - 15.9900,364,0,95635.66,110397.57,19.0235,3rd Week
2015-01-05,50000,OMO,January-05-2015,05/01/2015-157 Day,2337,June-11-2015,Sales,55905.98,14.1500 - 18.0000,14.3,Issue,OMO,14.1500 - 14.3000,157,0,139439.31,55905.98,15.1048,2nd Week
2015-01-07,20159.21,Primary Market,January-07-2015,07/01/2015-91 Day,2338,April-09-2015,Sales,20159.21,10.0000 - 14.5000,11.2,Issue,NTB,10.0000 - 11.2000,91,0,22273.68,20159.21,11.5217,2nd Week
2015-01-07,50403.15,Primary Market,January-07-2015,07/01/2015-182 Day,2339,July-09-2015,Sales,50403.15,11.0000 - 16.0000,14.4,Issue,NTB,11.0000 - 14.4000,182,0,106862.68,50403.15,15.5139,2nd Week
2015-01-07,85845.41,Primary Market,January-07-2015,07/01/2015-364 Day,2340,January-07-2016,Sales,85845.41,10.9000 - 19.0000,15,Issue,NTB,10.9000 - 15.0000,364,0,332080.04,85845.41,17.6385,2nd Week
2015-01-08,50000,OMO,January-08-2015,08/01/2015-133 Day,2341,May-21-2015,Sales,185180.82,14.0000 - 14.3000,14.2,Issue,OMO,14.0000 - 14.2000,133,0,298360.56,185180.82,14.9933,2nd Week
2015-01-12,50000,OMO,January-12-2015,12/01/2015-143 Day,2342,June-04-2015,Sales,161897.66,14.0000 - 14.3000,14.2,Issue,OMO,14.0000 - 14.2000,143,0,208358.44,161897.66,14.9933,3rd Week
2015-01-21,38712.99,Primary Market,January-21-2015,21/01/2015-91 Day,2346,April-23-2015,Sales,38712.99,10.0000 - 13.0900,11.2,Issue,NTB,10.0000 - 11.2000,91,0,44036,38712.99,11.5217,4th Week
2015-01-21,69175.91,Primary Market,January-21-2015,21/01/2015-182 Day,2347,July-23-2015,Sales,69175.91,11.0000 - 14.9915,14.19,Issue,NTB,11.0000 - 14.1900,182,0,123556.86,69175.91,15.2705,4th Week
2015-01-21,120000,Primary Market,January-21-2015,21/01/2015-364 Day,2348,January-21-2016,Sales,120000,11.2500 - 16.9980,14.5616,Issue,NTB,11.2500 - 14.5616,364,0,443626.34,120000,17.0354,4th Week
2015-02-04,45177.87,Primary Market,February-04-2015,04/02/2015 - 91 Day,2343,May-07-2015,Sales,45177.87,9.5000 - 15.0000,10.98,Issue,NTB,9.5000 - 10.9800,91,0,55994.24,45177.87,11.289,1st Week
2015-02-04,30000,Primary Market,February-04-2015,04/02/2015 - 182 Day,2344,August-06-2015,Sales,30000,9.5000 - 14.9999,13.9,Issue,NTB,9.5000 - 13.9000,182,0,111386.67,30000,14.9351,1st Week
2015-02-04,117219.06,Primary Market,February-04-2015,04/02/2015 - 364 Day,2345,February-04-2016,Sales,117219.06,13.0000 - 18.0000,14.3,Issue,NTB,13.0000 - 14.3000,364,0,294546.36,117219.06,16.6785,1st Week
2015-02-11,35,Primary Market,February-11-2015,15.54% FGN FEB 2020,2349,February-13-2020,Sales,34,14.0000 - 17.5000%,15.54,Maginal,FGN Bonds,14.0000 - 15.5400%,5 Year,0,60.1,34,0,2nd Week
2015-02-11,30,Primary Market,February-11-2015,14.20% FGN MAR 2024,2350,March-14-2024,Sales,25,12.0111 - 18.5000%,15.75,Maginal,FGN Bonds,12.0111 - 15.7500%,10 Year,0,35.37,25,0,2nd Week
2015-02-11,25,Primary Market,February-11-2015,12.14% FGN JUL 2034,2356,July-18-2034,Sales,17.5,15.0000 - 19.9750,15.85,Maginal,FGN Bonds,15.0000 - 15.8500,20 Year,0,28.14,17.5,0,2nd Week
2015-02-18,32436.51,Primary Market,February-18-2015,18/02/2015-91 Day,2357,May-21-2015,Sales,32436.51,9.5000 - 15.0000,10.75,Issue,NTB,9.5000 - 10.7500,91,0,34799.23,32436.51,11.046,3rd Week
2015-02-18,30000,Primary Market,February-18-2015,18/02/2015-182 Day,2358,August-20-2015,Sales,30000,10.0000 - 16.4915,13.7,Issue,NTB,10.0000 - 13.7000,182,0,48152.67,30000,14.7045,3rd Week
2015-02-18,80000,Primary Market,February-18-2015,18/02/2015-364 Day,2359,February-18-2016,Sales,80000,12.5000 - 19.9800,15.25,Issue,NTB,12.5000 - 15.2500,364,0,171397.14,80000,17.9852,3rd Week
2015-02-26,50000,OMO,February-26-2015,26/01/2015-196 Day,2360,September-10-2015,Sales,46201.226,14.5000 - 17.0000,14.84,Issue,OMO,14.5000 - 14.8400,196 Day,0,82644.676,46201.226,16.125,4th Week
2015-02-27,50000,OMO,February-27-2015,27/01/2015-195 Day,2361,September-10-2015,Sales,55329.698,14.6000 - 16.0000,14.84,Issue,OMO,14.6000 - 14.8400,195 Day,0,66207.198,55329.698,16.1179,4th Week
2015-03-02,30000,OMO,March-02-2015,02/03/2015-178 Day,2362,August-27-2015,Sales,31142.772,14.7500 - 16.0000,14.84,Issue,OMO,14.7500 - 14.8400,178 Day,0,38142.772,31142.772,15.9978,1st Week
2015-03-03,30000,OMO,March-03-2015,3/3/2015-184 Day,2363,September-03-2015,Sales,53232.813,14.84000 - 15.5000,14.84,Issue,OMO,14.8400 - 14.8400,184 Day,0,63232.813,53232.813,16.0399,1st Week
2015-03-04,17850.15,Primary Market,March-04-2015,04/03/2015-91 Day,2364,June-04-2015,Sales,17850.15,9.0000 - 14.5000,10.8,Issue,NTB,9.0000 - 10.8000,91,0,18298.653,17850.15,11.0988,1st Week
2015-03-04,50000,Primary Market,March-04-2015,04/03/2015-182,2365,September-03-2015,Sales,15035.791,10.2500 - 15.6915,14.85,Maginal,NTB,10.2500 - 14.8500,182,0,22070.761,15035.791,16.0375,1st Week
2015-03-04,187119.374,Primary Market,March-04-2015,04/03/2015-364 Day,2366,March-03-2016,Sales,222083.583,12.0000 - 17.6185,15.899,Issue,NTB,12.0000 - 15.8990,364,0,278223.837,222083.583,18.8949,1st Week
2015-03-05,30000,OMO,March-05-2015,05/03/2015-175 Day,2367,August-27-2015,Sales,42698.524,14.8400 - 16.0000,14.85,Issue,OMO,14.8400 - 14.8500,175 Day,0,44698.524,42698.524,15.9883,1st Week
2015-03-11,35,Primary Market,March-11-2015,15.54% FGN FEB 2020,2368,February-13-2020,Sales,20,14.0000 - 17.4900,16.499,Maginal,FGN Bonds,14.0000 - 16.4990,5 Year,0,31.61,20,0,2nd Week
2015-03-11,30,Primary Market,March-11-2015,14.20% FGN MAR 2024,2369,March-14-2024,Sales,40,12.2225 - 19.4620,16.849,Maginal,FGN Bonds,12.2225 - 16.8490,10 Year,0,49.01,40,0,2nd Week
2015-03-11,30,Primary Market,March-11-2015,12.1493 FGN JUL 2034,2372,July-18-2034,Sales,31,15.8500 - 19.0000,16.9949,Maginal,FGN Bonds,15.8500 - 16.9949,20 Year,0,38.53,31,0,2nd Week
2015-03-18,33876.45,Primary Market,March-18-2015,18/03/2015-91 Day,2373,June-18-2015,Sales,33876.45,10.0000 - 14.5000,10.79,Issue,NTB,10.0000 - 10.7900,91,0,42577.42,33876.45,11.0883,3rd Week
2015-03-18,50278.04,Primary Market,March-18-2015,18/03/2015-182 Day,2374,September-17-2015,Sales,50278.04,10.0000 - 15.8000,14.7,Issue,NTB,10.0000 - 14.7000,182,0,68597.11,50278.04,15.8627,3rd Week
2015-03-18,83049.44,Primary Market,March-18-2015,18/03/2015-364 Day,2375,March-17-2016,Sales,83049.44,14.0000 - 18.9800,15.35,Issue,NTB,14.0000 - 15.3500,364,0,336655.74,83049.44,18.1245,3rd Week
2015-03-23,50000,OMO,March-23-2015,23/03/2015-192 Day,2376,October-01-2015,Sales,87954.93,14.8000 - 15.5300,14.85,Issue,OMO,14.8000 - 14.8500,192,0,94954.93,87954.93,16.1083,4th Week
2015-03-24,30000,OMO,March-24-2015,24/03/2015-184 Day,2377,September-24-2015,Sales,108832.7,14.8400 - 14.8500,14.85,Issue,OMO,14.8400 - 14.8500,184,0,108832.7,108832.7,16.0516,4th Week
2015-03-25,14038.34,Primary Market,March-25-2015,25/03/2015-91 Day,2378,June-25-2015,Sales,14038.34,10.0000 - 15.0000,10.6999,Issue,NTB,10.0000 - 10.6999,91,0,14185.76,14038.34,10.9932,4th Week
2015-03-25,10614.27,Primary Market,March-25-2015,25/03/2015-182 Day,2379,September-24-2015,Sales,10614.27,14.0000 - 15.6915,14.5,Issue,NTB,14.0000 - 14.5000,182,0,44256.42,10614.27,15.6301,4th Week
2015-03-25,73168.97,Primary Market,March-25-2015,25/03/2015-364 Day,2380,March-25-2015,Sales,73168.97,14.0000 - 18.0000,14.85,Issue,NTB,14.0000 - 14.8500,364,0,238630.76,73168.97,17.4315,4th Week
2015-03-26,20000,OMO,March-26-2015,26-03-2015/203 Day,2381,October-15-2015,Sales,104931.815,14.8400 - 14.8500,14.85,Issue,OMO,14.8400 - 14.8500,203,0,104931.815,104931.815,16.1869,4th Week
2015-04-08,20159.21,Primary Market,April-08-2015,08/04/2015-91 Day,2382,July-09-2015,Sales,20159.21,9.5000 - 15.0000,10.5,Issue,NTB,9.5000 - 10.5000,91,0,25527.984,20159.21,10.7823,2nd Week
2015-04-08,43490.874,Primary Market,April-08-2015,08/04/2015-182 Day,2383,October-08-2015,Sales,33490.874,13.0000 - 15.6915,14.1,Issue,NTB,13.0000 - 14.1000,182,0,52053.347,33490.874,15.1663,2nd Week
2015-04-08,120000,Primary Market,April-08-2015,08/04/2015-364 Day,2384,April-07-2016,Sales,130000,11.0000 - 16.3185,14.15,Issue,NTB,11.0000 - 14.1500,364,0,345562.378,130000,16.4748,2nd Week
2015-04-15,30,Primary Market,April-15-2015,15.54% FGN FEB 2020,2392,February-13-2020,Sales,20,12.0000 - 16.4990,14.449,Maginal,FGN Bonds,12.0000 - 14.4490,5 Year,0,45.93,20,0,3rd Week
2015-04-15,20,Primary Market,April-15-2015,14.20% FGN MAR 2024,2393,March-14-2024,Sales,25,13.2225 - 16.6690,14.2249,Maginal,FGN Bonds,13.2225 - 14.2249,10 Year,0,69.48,25,0,3rd Week
2015-04-15,20,Primary Market,April-15-2015,12.1493%FGN JUL 2034,2394,July-18-2034,Sales,25,13.5000 - 17.0000,14.459,Maginal,FGN Bonds,13.5000 - 14.4590,20 Year,0,70.21,25,0,3rd Week
2015-04-22,38712.99,Primary Market,April-22-2015,22/04/2015-91 Day,2385,July-23-2015,Sales,38712.99,9.2000 - 15.0000,10.09,Issue,NTB,9.2000 - 10.0900,91,0,41106.72,38712.99,10.3504,4th Week
2015-04-22,35000,Primary Market,April-22-2015,22/04/2015-182 Day,2386,October-22-2015,Sales,35000,11.3500 - 15.0000,12.8,Issue,NTB,11.3500 - 12.8000,182,0,62706.37,35000,13.6727,4th Week
2015-04-22,95730.42,Primary Market,April-22-2015,22/04/2015-364 Day,2387,April-21-2016,Sales,95730.42,12.0000 - 16.3185,12.9999,Issue,NTB,12.0000 - 12.9999,364,0,565867.07,95730.42,14.9363,4th Week
2015-04-27,100000,OMO,April-27-2015,27/04/2015-209 Day,2388,February-11-2016,Sales,234448.38,13.2000 - 14.6000,14,Issue,OMO,13.2000 - 14.0000,209 Day,0,268019.73,234448.38,15.2201,5th Week
2015-04-29,100000,OMO,April-29-2015,29/04/2015-274 Day,2389,January-28-2016,Sales,331352.85,13.5000 - 14.0000,14,Issue,OMO,13.5000 - 14.0000,274 Day,0,331352.85,331352.85,15.6441,5th Week
2015-04-30,70000,OMO,April-30-2015,30/04/2015-301 Day,2390,February-25-2016,Sales,257931.98,14.0000 - 14.5000,14,Issue,OMO,14.0000 - 14.5000,301 Day,0,259931.98,257931.98,15.8273,5th Week
2015-05-04,70000,OMO,May-04-2015,04/05/2015-255 Day,2391,January-14-2016,Sales,135916.62,14.0000 - 14.0000,14,Issue,OMO,14.0000 - 14.0000,255 Day,0,135916.62,135916.62,15.5178,1st Week
2015-05-06,45177.87,Primary Market,May-06-2015,06/05/2015-91 Day,2395,August-06-2015,Sales,45177.87,9.2500 - 14.0000,10.09,Issue,NTB,9.2500 - 10.0900,91,0,50367.18,45177.87,10.3504,1st Week
2015-05-06,23432.8,Primary Market,May-06-2015,06/05/2015-182 Day,2396,November-05-2015,Sales,23432.8,10.0000 - 15.0000,12.89,Issue,NTB,10.0000 - 12.8900,182,0,38941.89,23432.8,13.7754,1st Week
2015-05-06,82000,Primary Market,May-06-2015,06/05/2015-364 Day,2397,May-05-2016,Sales,82000,10.0000 - 16.3185,13.399,Maginal,NTB,10.0000 - 13.3990,364,0,240670,82000,15.4656,1st Week
2015-05-11,50000,OMO,May-11-2015,11/05/2015-171 Day,2398,October-29-2015,Sales,21132.97,13.7500 - 14.0000,13.9,Issue,OMO,13.7500 - 13.9000,171 Day,0,143689.29,21132.97,14.8682,2nd Week
2015-05-12,40000,OMO,May-12-2015,12/05/2015-170 Day,2399,October-29-2015,Sales,133996.52,13.8500 - 14.0000,13.9,Issue,OMO,13.8500 - 13.9000,170 Day,0,138996.52,133996.52,14.8622,2nd Week
2015-05-13,20,Primary Market,May-13-2015,15.54% FGN FEB 2020,2401,February-13-2020,Sales,20,11.0000 - 16.4990,13.845,Maginal,FGN Bonds,11.0000 - 13.8450,5 Year,0,42.55,20,0,3rd Week
2015-05-13,20,Primary Market,May-13-2015,14.20% FGN MAR 2024,2402,March-14-2024,Sales,20,10.5943 - 16.6990,13.48,Maginal,FGN Bonds,10.5943 - 13.4800,10 Year,0,81.68,20,0,3rd Week
2015-05-13,20,Primary Market,May-13-2015,12.1493 FGN JUL 2034,2404,July-18-2034,Sales,20,13.1750 - 17.0000,13.88,Maginal,FGN Bonds,13.1750 - 13.8800,20 Year,0,59.14,20,0,3rd Week
2015-05-14,40000,OMO,May-14-2015,14/05/2015-182 Day,2400,November-12-2015,Sales,119241.98,13.8500 - 14.0000,13.9,Issue,OMO,13.8500 - 13.9000,182 Day,0,124251.29,119241.98,14.9351,3rd Week
2015-05-20,32436.508,Primary Market,May-20-2015,20/05/2015-91 Day,2405,August-20-2015,Sales,32436.508,9.0000 – 13.6000,9.95,Issue,NTB,9.0000 - 9.9500,91,0,49267.482,32436.508,10.2031,4th Week
2015-05-20,22824.447,Primary Market,May-20-2015,20/05/2015-182 Day,2406,November-19-2015,Sales,22824.447,10.0000 – 15.4300,12.75,Issue,NTB,10.0000 – 12.7500,182,0,31154.351,22824.447,13.6156,4th Week
2015-05-20,55683.6,Primary Market,May-20-2015,20/05/2015-364 Day,2407,May-19-2016,Sales,55683.6,11.4300 – 16.5549,13,Issue,NTB,11.4300 – 13.0000,364,0,162317.634,55683.6,14.9364,4th Week
2015-06-02,30000,OMO,June-02-2015,02/06/2015-93 Day,2413,September-03-2015,Sales,10051,10.2500-13.9000,11.5,Issue,OMO,10.2500-11.5000,93 Day,0,54957,10051,11.8471,1st Week
2015-06-02,30000,OMO,June-02-2015,02/06/2015-163 Day,2414,November-12-2015,Sales,60365.89,13.5000-13.9000,13.8,Issue,OMO,13.5000-13.8000,163 Day,0,91358.35,60365.89,14.7063,1st Week
2015-06-03,17850.15,Primary Market,June-03-2015,03/06/2015-91 Day,2408,September-03-2015,Sales,17850.15,8.0000 - 13.9000,9.799,Issue,NTB,8.0000 - 9.7990,91,0,21076.71,17850.15,10.0444,1st Week
2015-06-03,18000,Primary Market,June-03-2015,03/06/2015-182 Day,2409,December-03-2015,Sales,18000,10.0000 - 14.6432,12.7,Issue,NTB,10.0000 - 12.7000,182,0,28344.15,18000,13.5586,1st Week
2015-06-03,80000,Primary Market,June-03-2015,03/06/2015-364 Day,2410,June-02-2016,Sales,80000,11.0000 - 16.2832,12.9999,Issue,NTB,11.0000 - 12.9999,364,0,204408.08,80000,14.9363,1st Week
2015-06-04,30000,OMO,June-04-2015,04/06/2015-91 Day,2417,September-03-2015,Sales,19092.3,11.2500-11.5000,11.45,Issue,OMO,11.2500-11.4500,91 Day,0,29204.94,19092.3,11.7865,1st Week
2015-06-04,40000,OMO,June-04-2015,04/06/2015-133 Day,2418,October-15-2015,Sales,60497.2,13.5000-13.8000,13.75,Issue,OMO,13.5000-13.7500,133 Day,0,109730.2,60497.2,14.4752,1st Week
2015-06-05,30000,OMO,June-05-2015,05/06/2015-146 Day,2419,October-29-2015,Sales,31881.49,13.6500-13.7500,13.73,Issue,OMO,13.6500-13.7300,146 Day,0,124622.36,31881.49,14.5279,1st Week
2015-06-08,30000,OMO,June-08-2015,08/06/2015-129 Day,2420,October-15-2015,Sales,118229.95,13.5800-13.7000,13.7,Issue,OMO,13.5800-13.7000,129 Day,0,118229.95,118229.95,14.3971,2nd Week
2015-06-11,50000,OMO,June-11-2015,11/06/2015-168 Day,2421,November-26-2015,Sales,162387.91,13.6400-13.7000,13.7,Issue,OMO,13.6400-13.7000,168 Day,0,162387.91,162387.91,14.622,2nd Week
2015-06-15,30000,OMO,June-15-2015,15/06/2015-178 Day,2422,December-10-2015,Sales,79713.5,13.6500-13.8500,13.7,Issue,OMO,13.6500-13.7000,178 Day,0,81713.49,79713.5,14.6808,2nd Week
2015-06-17,40,Primary Market,June-17-2015,15.54% FGN FEB 2020,2411,February-13-2020,Sales,40,13.0000 - 14.8990,14.429,Maginal,FGN Bond,13.0000 - 14.4290,5 Year,0,50.549,40,0,3rd Week
2015-06-17,15.22,Primary Market,June-17-2015,14.20% FGN MAR 2024,2412,March-14-2024,Sales,15.22,12.0000 - 15.5999,13.5,Maginal,FGN Bond,12.0000 - 13.5000,10 Year,0,36.315,15.22,0,3rd Week
2015-06-17,25,Primary Market,June-17-2015,12.1493 FGN JUL 2034,2416,July-18-2034,Sales,25,13.4945 - 15.9000,14.249,Maginal,FGN Bond,13.4945 - 14.2490,20 Year,0,44.007,25,0,3rd Week
2015-06-17,26300.34,Primary Market,June-17-2015,17/06/2015- 91 Day,2423,September-17-2015,Sales,26300.34,7.5000 - 15.0000,10,Issue,NTB,7.5000 - 10.0000,91,0,26457.85,26300.34,10.2557,3rd Week
2015-06-17,25000,Primary Market,June-17-2015,17/06/2015- 182 Day,2424,December-17-2015,Sales,25000,10.0000 - 14.6432,12.7,Issue,NTB,10.0000 - 12.7000,182,0,32720.66,25000,13.5586,3rd Week
2015-06-17,92343.29,Primary Market,June-17-2015,17/06/2015- 364 Day,2425,June-17-2015,Sales,92343.29,11.0000 - 16.2832,12.8,Issue,NTB,11.0000 - 12.8000,364,0,216132.91,92343.29,14.673,3rd Week
2015-06-17,40,Primary Market,June-17-2015,17-06-2015- 5 Year,2438,February-13-2020,Sales,40,13.0000 - 14.8990,14.429,Maginal,FGN Bonds,13.0000 - 14.4290,5 Year,0,50.549,40,0,3rd Week
2015-06-17,25,Primary Market,June-17-2015,17-06-2015-20 YEAR,2439,July-18-2034,Sales,25,13.4945 - 15.9000,14.249,Maginal,FGN Bonds,13.4945 - 14.2490,20 Year,0,44.007,25,0,3rd Week
2015-06-17,15.22,Primary Market,June-17-2015,17-06-2015- 10 Year,2440,March-14-2024,Sales,15.22,12.0000 - 15.5999,13.5,Maginal,FGN Bonds,12.0000 - 13.5000,10 Year,0,36.315,15.22,0,3rd Week
2015-06-24,31190.876,Primary Market,June-24-2015,24/06/2015 - 91 DAY,2429,September-24-2015,Sales,31190.876,9.0000 - 14.0000,10,Issue,NTB,9.0000 - 14.0000,91 DAY,31190.876,31322.39,31190.876,10.2557,5th Week
2015-06-24,39338.514,Primary Market,June-24-2015,24/06/2015 - 182 DAY,2430,December-24-2015,Sales,39338.514,12.0000 - 14.6432,12.8,Issue,NTB,12.0000 - 12 8000,182 DAY,39338.514,41886.115,39338.514,13.6727,5th Week
2015-06-24,50000,Primary Market,June-24-2015,24/06/2015 - 364 DAY,2431,June-23-2016,Sales,50000,12.0000 - 16.2832,16.2832,Issue,NTB,12.0000 - 16.2832,364 DAY,50000,93103,50000,14.9364,5th Week
2015-06-25,30000,OMO,June-25-2015,25/06/2015-168Day,2426,December-10-2015,Sales,54685.53,13.5000 - 13.8000,13.7,Issue,OMO,13.5000 - 13.7000,168,168954.59,116269.06,114269.06,14.622,4th Week
2015-06-26,70000,OMO,June-26-2015,26/06/2015 - 181,2427,December-24-2015,Sales,89877.115,"13,7000 - 13.9000",13.7,Issue,OMO,13.7000 - 13.7000,181,0,90877.115,89877.115,14.6986,4th Week
2015-07-01,30000,OMO,July-01-2015,01/07/2015 - 260,2428,March-15-2016,Sales,28069.766,13.7000 - 14.0000,13.7,Issue,OMO,13.7000 - 13.7000,260 DAY,0,75243.68,28069.766,15.1816,5th Week
2015-07-02,70000,OMO,July-02-2015,02-07-2015 - 259DAY,2432,March-17-2016,Sales,182158.75,13.7000 - 13.9000,13.7,Issue,OMO,13.7000 - 13.7000,259 DAY,260304.83,100920.08,78146.08,15.1752,1st Week
2015-07-03,50000,OMO,July-03-2015,03-07-2017 - 258,2433,March-17-2016,Sales,66617.4,13.7000 - 13.7000,13.7,Issue,OMO,13.7000 - 13.7000,258 DAY,0,66617.4,66617.4,15.1689,1st Week
2015-07-06,30000,OMO,July-06-2015,06/07/2015 - 171DAY,2434,December-24-2015,Sales,88933.62,13.5000 - 13.7000,13.7,Issue,OMO,13.5000 - 13.7000,171DAY,0,88933.62,88933.62,14.6396,2nd Week
2015-07-08,25403.15,Primary Market,July-08-2015,08-07-2015-91 Day,2435,October-08-2015,Sales,25403.15,9.0000 - 12.5000,10,Issue,NTB,9.0000 - 10.0000,91,0,25549.74,25403.15,10.2557,2nd Week
2015-07-08,25000,Primary Market,July-08-2015,08-07-2015-182 Day,2436,January-07-2016,Sales,25000,10.0000 - 14.6432,12.625,Issue,NTB,10.0000 - 12.6250,182,0,100697.54,25000,13.4732,2nd Week
2015-07-09,50000,OMO,July-09-2015,09-07-2015,2437,March-31-2016,Sales,179047.61,13.6500 - 13.8700,13.7,Issue,OMO,13.6500 - 13.7000,266DAY,0,181047.61,179047.61,15.2195,2nd Week
2015-07-15,40,Primary Market,July-15-2015,15-07-2015-5 YEAR,2441,February-13-2020,Sales,28,12.0000 - 16.7450,15.289,Maginal,FGN Bonds,12.0000 - 15.2890,5 Year,0,77.066,28,0,3rd Week
2015-07-15,25,Primary Market,July-15-2015,15-07-2015-20 YEAR,2442,July-18-2034,Sales,16,14.3000 - 17.0000,15.299,Maginal,FGN Bonds,14.3000 - 15.2990,20 Year,0,42.479,16,0,3rd Week
2015-07-22,36955.02,Primary Market,July-22-2015,22-07-2015- 91 Day,2452,October-22-2015,Sales,36786.99,8.0000 - 12.5000,10,Issue,NTB,8.0000 - 10.0000,91,0,36955.02,36786.99,10.2557,4th Week
2015-07-22,39175.91,Primary Market,July-22-2015,22-07-2015- 182 Day,2453,January-21-2016,Sales,39175.91,12.0000 - 14.8200,12.65,Issue,NTB,12.0000 - 12.6500,182,0,45633.55,39175.91,13.5016,3rd Week
2015-07-22,52000,Primary Market,July-22-2015,22-07-2015- 364 Day,2454,July-21-2016,Sales,52000,12.5000 -16.0000,13,Issue,NTB,12.5000 - 13.0000,364,0,65816.41,52000,14.9364,3rd Week
2015-07-28,30000,OMO,July-28-2015,28-07-2015 - 261 DAY,2443,April-14-2016,Sales,91423.805,13.7000 - 13.7000,13.7,Issue,OMO,13.7000 - 13.7000,261 DAY,0,91423.805,91423.805,15.1879,4th Week
2015-07-29,70000,OMO,July-29-2015,29-07-2015 - 274 DAY,2444,April-28-2016,Sales,96357.6,13.7000 - 13.7000,13.7,Issue,OMO,13.7000 - 13.7000,274 DAY,0,96357.6,96357.6,15.2705,4th Week
2015-07-30,70000,OMO,July-30-2015,30-07-2015 - 301 DAY,2445,May-26-2016,Sales,18851.64,13.7000 - 13.7000,13.7,Issue,OMO,13.7000 - 13.7000,301,102668.16,83816.52,83816.52,15.4449,5th Week
2015-07-31,20000,OMO,July-31-2015,31-07-2015 - 153 DAY,2446,December-31-2015,Sales,27380.56,13.5000 - 13.7000,13.7,Issue,OMO,13.5000 - 13.7000,153 DAY,0,27380.56,27380.56,14.5347,5th Week
2015-07-31,30000,OMO,July-31-2015,31-07-2015 - 286 DAY,2447,May-12-2016,Sales,32030.77,13.7000 - 14.0000,14,Issue,OMO,13.7000 - 14.0000,286 DAY,0,32030.77,32030.77,15.725,5th Week
2015-08-03,30000,OMO,August-03-2015,03-08-2015 - 346 DAY,2448,July-14-2016,Sales,33657.01,14.0000 - 14.2500,14,Issue,OMO,14.0000 - 14.0000,346 DAY,0,40188.81,33657.01,16.1423,1st Week
2015-08-05,45177.87,Primary Market,August-05-2015,05-08-2015- 91 Day,2449,November-05-2015,Sales,45177.87,9.0000 - 12.8000,10,Issue,NTB,9.0000 - 10.0000,91,0,45217.68,45177.87,10.2557,1st Week
2015-08-05,30000,Primary Market,August-05-2015,05-08-2015- 182 Day,2450,February-04-2016,Sales,30000,11.0000 - 15.0000,12.9,Issue,NTB,11.0000 - 12.9000,182,0,31810.09,30000,13.7868,1st Week
2015-08-05,120000,Primary Market,August-05-2015,05-08-2015- 364 Day,2451,August-04-2016,Sales,120000,12.0000 - 16.0189,14.7118,Issue,NTB,12.0000 - 14.7118,364,0,141577.08,120000,17.2414,1st Week
2015-08-12,40,Primary Market,August-12-2015,12-08-2015- 5 Year,2455,August-13-2020,Sales,40,12.0000 - 16.5000,15.389,Maginal,FGN Bonds,12.0000 - 15.3890,5 Year,0,88.325,40,0,2nd Week
2015-08-12,30,Primary Market,August-12-2015,12-08-2015- 20 Year,2456,July-18-2034,Sales,30,14.0000 - 17.2000,15.199,Maginal,FGN Bonds,14.0000 - 15.1990,20 Year,0,65.163,30,0,2nd Week
2015-08-19,32436.51,Primary Market,August-19-2015,19-08-2015- 91 Day,2457,November-19-2015,Sales,32436.51,9.0000 - 14.3000,10,Issue,NTB,9.0000 - 10.0000,91,0,33550.22,32436.51,10.2557,3rd Week
2015-08-19,30000,Primary Market,August-19-2015,19-08-2015- 182 Day,2458,February-18-2016,Sales,30000,10.0000 - 16.3145,13,Issue,NTB,10.0000 - 13.0000,182,0,41140.78,30000,13.9011,3rd Week
2015-09-02,17850.15,Primary Market,September-02-2015,03-09-2015-91 Day,2459,December-03-2015,Sales,17850.15,9.0000 - 14.0000,10,Issue,NTB,9.0000 - 10.0000,91,0,18202.5,17850.15,10.2557,1st Week
2015-09-02,50000,Primary Market,September-02-2015,03-09-2015-182 Day,2460,March-03-2016,Sales,50000,12.0000 - 15.2900,13.5,Issue,NTB,12.0000 - 13.5000,182,0,58379.13,50000,14.4743,1st Week
2015-09-02,105000,Primary Market,September-02-2015,03-09-2015-364 Day,2461,September-01-2016,Sales,105000,12.5000 - 17.2490,14.69,Issue,NTB,12.5000 - 14.6900,364,0,207982.9,105000,17.2114,1st Week
2015-09-16,40,Primary Market,September-16-2015,16-09-2015-5 Year,2462,February-13-2020,Sales,20,13.5000 - 20.0000,15.95,Maginal,FGN Bonds,13.5000 - 15.9500,5 Year,0,67.1,20,0,3rd Week
2015-09-16,30,Primary Market,September-16-2015,16-09-2015-20 Year,2463,July-18-2034,Sales,25,14.5000 - 20.0000,15.97,Maginal,FGN Bonds,14.5000 - 15.9700,20 Year,0,54.107,25,0,3rd Week
2015-09-23,31190.88,Primary Market,September-23-2015,23-09-2015-91 Day,2464,December-24-2015,Sales,28122,9.9800 - 14.0000,10.5,Issue,NTB,9.9800 - 10.5000,91,0,28141.58,28122,10.7823,5th Week
2015-09-23,10614.27,Primary Market,September-23-2015,23-09-2015-182 Day,2465,March-24-2016,Sales,13683.15,12.4000 - 14.5000,13.19,Issue,NTB,12.4000 - 13.1900,182,0,54337.28,13683.15,14.1186,5th Week
2015-09-23,59081.14,Primary Market,September-23-2015,23-09-2015-364 Day,2466,September-22-2016,Sales,59081.14,12.8000 - 15.9990,13.8012,Issue,NTB,12.8000 - 13.8012,364,0,235247.95,59081.14,16.0039,5th Week
2015-09-29,50000,OMO,September-29-2015,29-09-2015,2467,June-30-2016,Sales,53081.41,13.2500  - 15.0000,13.5,Issue,OMO,13.2500-13.5000,275 DAY,0,229627.27,53081.41,15.0286,5th Week
2015-10-07,25403.14,Primary Market,October-07-2015,07-10-2015-91 Day,2468,January-07-2016,Sales,25403.14,9.0000 - 13.8000,10,Issue,NTB,9.0000 - 10.0000,91,0,36639.9,25403.14,10.7823,2nd Week
2015-10-07,33490.87,Primary Market,October-07-2015,07-10-2015-182 Day,2469,April-07-2016,Sales,33490.87,10.0000 - 14.5000,12.2,Issue,NTB,10.0000 - 12.2000,182,0,76186.91,33490.87,12.9902,2nd Week
2015-10-07,68184.89,Primary Market,October-07-2015,07-10-2015-364 Day,2470,October-06-2016,Sales,68184.89,11.8025 - 14.9990,12.5,Issue,NTB,11.8025 - 12.5000,364,0,254469.02,68184.89,14.2801,2nd Week
2015-10-14,40,Primary Market,October-14-2015,14-10-2015-5 Year,2471,February-13-2020,Sales,40,12.0000 - 16.0000,13.111,Maginal,FGN Bonds,12.0000 - 13.1110,5 Year,0,102.71,40,0,3rd Week
2015-10-14,40,Primary Market,October-14-2015,14-10-2015-10 Year,2472,March-14-2024,Sales,40,12.0000 - 16.5000,13.87,Maginal,FGN Bonds,12.0000 - 13.8700,10 Year,0,82.17,40,0,3rd Week
2015-10-21,36786.99,Primary Market,October-21-2015,21-10-2015-91 Day,2473,January-21-2016,Sales,36786.99,6.9000 - 12.5000,8.499,Issue,NTB,6.9000 - 8.4990,91,0,78334.95,36786.99,8.683,4th Week
2015-10-21,35000,Primary Market,October-21-2015,21-10-2015-182 Day,2474,April-21-2016,Sales,35000,8.9000 - 13.5000,10.15,Issue,NTB,8.9000 - 10.1500,182,0,101567.3,35000,10.6911,4th Week
2015-10-21,66385.9,Primary Market,October-21-2015,21-10-2015-364 Day,2475,October-20-2016,Sales,66385.9,10.0000 - 15.2066,10.817,Issue,NTB,10.0000 - 10.8170,364,0,222011.19,66385.9,12.125,4th Week
2015-11-04,45177.87,Primary Market,November-04-2015,05-11-2015-91 Day,2476,February-04-2016,Sales,45177.87,4.9500 - 13.0000,5.8269,Issue,NTB,4.9500 - 5.8269,91,0,146934.61,45177.87,5.9128,1st Week
2015-11-04,23432.8,Primary Market,November-04-2015,05-11-2015-182 Day,2477,May-05-2016,Sales,23432.8,6.9100 - 12.3400,7.988,Issue,NTB,6.9100 - 7.9880,182,0,131835.06,23432.8,8.3194,1st Week
2015-11-04,54353.59,Primary Market,November-04-2015,05-11-2015-364 Day,2478,November-03-2016,Sales,54353.59,7.4800 - 13.0000,9.48,Issue,NTB,7.4800 - 9.4800,364,0,257109.68,54353.59,10.4698,1st Week
2015-11-11,30,Primary Market,November-11-2015,11-11-2015-5 Year,2479,February-13-2020,Sales,30,7.0000 - 15.5400,10.249,Maginal,FGN Bonds,7.0000 - 10.2490,5 Year,0,71.05,30,0,2nd Week
2015-11-11,20,Primary Market,November-11-2015,11-11-2015-10 Year,2480,March-14-2024,Sales,20,6.0000 - 14.5000,10.01,Maginal,FGN Bonds,6.0000 - 10.0100,10 Year,0,83.9,20,0,2nd Week
2015-11-18,32436.51,Primary Market,November-18-2015,18-11-2015-91 Day,2481,February-18-2016,Sales,32436.51,3.9900 - 12.5000,5.3424,Issue,NTB,3.9900 - 5.3424,91,0,67095.25,32436.51,5.4145,4th Week
2015-11-18,22824.45,Primary Market,November-18-2015,18-11-2015-182 Day,2482,May-19-2016,Sales,22824.45,5.0000 - 12.0000,7.25,Issue,NTB,5.0000 - 7.2500,182,0,63461.82,22824.45,7.5219,3rd Week
2015-11-18,64677.52,Primary Market,November-18-2015,18-11-2015-364 Day,2483,November-17-2016,Sales,64677.52,6.4400 - 9.3448,8.5,Issue,NTB,6.4400 - 8.5000,364,0,170498.31,64677.52,9.2873,3rd Week
2015-12-01,50000,OMO,December-01-2015,01-12-2015 - 296 DAY,2484,September-22-2016,Sales,47694.65,8.0000 - 13.5000,8,Issue,OMO,8.0000 - 8.0000,296,0,186762.28,47694.65,8.555,1st Week
2015-12-02,57850.15,Primary Market,December-02-2015,02-12-2015-91 Day,2485,March-03-2016,Sales,57850.15,3.0000 - 10.0000,5.6125,Issue,NTB,3.0000 - 5.6125,91,0,65945.89,57850.15,5.6921,1st Week
2015-12-02,18000,Primary Market,December-02-2015,02-12-2015-182 Day,2486,June-02-2016,Sales,18000,4.0000 - 12.5000,7,Issue,NTB,4.0000 - 7.0000,182,0,71423.28,18000,7.2532,1st Week
2015-12-02,53326.14,Primary Market,December-02-2015,02-12-2015-364 Day,2487,December-01-2016,Sales,53326.14,5.0000 - 13.3869,8,Issue,NTB,5.0000 - 8.0000,364,0,270176.33,53326.14,8.6936,1st Week
2015-12-09,30,Primary Market,December-09-2015,09-12-2015-5 Year,2488,February-13-2020,Sales,30,9.0000 - 15.5400,10.952,Maginal,FGN Bonds,9.0000 - 10.9520,5 Year,0,86.81,30,0,2nd Week
2015-12-09,20,Primary Market,December-09-2015,09-12-2015-10 Year,2489,March-14-2024,Sales,20,9.0000 - 14.5000,11,Maginal,FGN Bonds,9.0000 - 11.0000,10 Year,0,58.97,20,0,2nd Week
2015-12-16,60000,Primary Market,December-16-2015,16-12-2015-91 Day,2490,March-17-2016,Sales,60000,2.0000 - 10.5000,4,Issue,NTB,2.0000 - 4.0000,91,0,179656.85,60000,4.0403,3rd Week
2015-12-16,25000,Primary Market,December-16-2015,16-12-2015-182 Day,2491,June-16-2016,Sales,25000,5.0000 - 12.5000,6.19,Issue,NTB,5.0000 - 6.1900,182,0,115471.64,25000,6.3871,3rd Week
2015-12-16,70397.91,Primary Market,December-16-2015,16-12-2015-364 Day,2492,December-15-2016,Sales,70397.91,6.0251 - 12.1211,7.45,Issue,NTB,6.0251 - 7.4500,364,0,259451.14,70397.91,8.0479,3rd Week
2015-12-17,50000,OMO,December-17-2015,17-12-2015-301 Day,2512,October-13-2016,Sales,233841.05,7.0000 - 10.0000,8,Issue,OMO,7.0000 - 8.0000,301,0,236841.05,233841.05,8.5651,3rd Week
2015-12-23,28122,Primary Market,December-23-2015,23-12-2015- 91 Day,2493,March-24-2016,Sales,28122,2.0000 - 9.0245,3.625,Issue,NTB,2.0000 - 3.6250,91,0,143644.75,28122,3.6581,5th Week
2015-12-23,39338.51,Primary Market,December-23-2015,23-12-2015- 182 Day,2494,June-23-2016,Sales,39338.51,4.5000 - 13.5000,6.199,Issue,NTB,4.5000 - 6.1990,182,0,83338.26,39338.51,6.3967,5th Week
2015-12-29,50000,OMO,December-29-2015,29-12-2015- 310 Day,2495,November-03-2016,Sales,138788.9,7.9900 - 10.0000,8,Issue,OMO,7.9900 - 8.0000,310,0,162955.19,138788.9,8.5832,5th Week
2015-12-30,50000,OMO,December-30-2015,30-12-2015- 183 Day,2496,June-30-2016,Sales,61950.7,7.0000 - 8.0000,7.48,Issue,OMO,7.0000 - 7.4800,183,0,150393.69,61950.7,7.9874,5th Week
2016-01-05,50000,OMO,January-05-2016,05-01-2016- 205 Day,2497,July-28-2016,Sales,156992.89,7.3500 - 8.0000,7.75,Issue,OMO,7.3500 - 8.000,205,0,169026.73,156992.89,8.2961,1st Week
2016-01-06,55403.15,Primary Market,January-06-2016,06-01-2016- 91 Day,2498,April-07-2016,Sales,55403.15,3.0000 - 9.0000,4,Issue,NTB,3.0000 - 4.0000,91,0,99608.88,55403.15,4.0403,1st Week
2016-01-06,25000,Primary Market,January-06-2016,06-01-2016- 182 Day,2499,April-07-2016,Sales,25000,5.0000 - 9.0000,6.99,Issue,NTB,5.0000 - 6.9900,182,0,76900.11,25000,7.2424,1st Week
2016-01-06,55845.41,Primary Market,January-06-2016,06-01-2016- 364 Day,2500,January-05-2017,Sales,55845.41,6.0000 - 10.8300,8.05,Issue,NTB,6.0000 - 8.0500,364,0,135002.51,55845.41,8.7527,1st Week
2016-01-07,40000,OMO,January-07-2016,07-01-2016- 224 Day,2501,August-18-2016,Sales,33077.39,7.6500 - 8.0000,7.9,Issue,OMO,7.6500 - 7.9000,224,0,88137.12,33077.39,8.3025,1st Week
2016-01-11,40000,OMO,January-11-2016,11-01-2016- 220 Day,2502,August-18-2016,Sales,85323.82,7.9000 - 9.0000,7.9,Issue,OMO,7.9000 - 7.9000,220,0,100423.82,85323.82,8.4682,2nd Week
2016-01-14,40000,OMO,January-14-2016,14-01-2016-147 Day,2509,June-09-2016,Sales,129611.48,7.2500 - 7.8000,7.6,Issue,OMO,7.2500 - 7.6000,147,0,160350.98,129611.48,7.84,3rd Week
2016-01-19,50000,OMO,January-19-2016,19-01-2016-149 Day,2510,June-16-2016,Sales,161892.47,7.3000 - 7.6000,7.6,Issue,OMO,7.3000 - 7.6000,149,0,161892.47,161892.47,7.8433,4th Week
2016-01-20,36786.99,Primary Market,January-20-2016,20-01-2016- 91 Day,2503,April-21-2016,Sales,36786.99,3.2500 - 6.5990,4.29,Issue,NTB,3.2500 - 4.2900,91,0,64307.95,36786.99,4.3364,4th Week
2016-01-20,39175.91,Primary Market,January-20-2016,20-01-2016- 182 Day,2504,July-21-2016,Sales,39175.91,4.0000 - 10.0000,7.59,Issue,NTB,4.0000 - 7.5900,182,0,75488.74,39175.91,7.8886,4th Week
2016-01-20,40,Primary Market,January-20-2016,20-01-2016-5 Year,2505,February-13-2020,Sales,40,10.0000 - 15.5400,12.243,Maginal,FGN Bonds,10.0000 - 12.2430,5 Year,0,74.44,40,0,3rd Week
2016-01-20,120000,Primary Market,January-20-2016,20-01-2016- 364 Day,2506,January-19-2017,Sales,120000,6.5000 - 14.5000,9.3285,Issue,NTB,6.5000 - 9.3285,364,0,149262.39,120000,10.2853,4th Week
2016-01-20,40,Primary Market,January-20-2016,20-01-2016-10 Year,2507,January-22-2016,Sales,35,5.7856 - 15.0000,12.5,Maginal,FGN Bonds,5.7856 - 12.5000,10 Year,0,74.99,35,0,3rd Week
2016-01-29,50000,OMO,January-29-2016,29-01-2016-174 Day,2511,July-21-2016,Sales,131523.95,7.5000 - 10.0000,7.6,Issue,OMO,7.5000 - 7.6000,174,0,233428.81,131523.95,7.8857,5th Week
2016-02-01,50000,OMO,February-01-2016,01-02-2016- 192 Day,2508,August-11-2016,Sales,113678.62,7.6000 - 8.0000,7.8,Issue,OMO,7.6000 - 7.8000,192,0,116678.62,113678.62,8.1337,1st Week
2016-02-03,45177.87,Primary Market,February-03-2016,03-02-2016- 91 Day,2513,May-05-2016,Sales,45177.87,3.0000 - 9.0000,4.95,Issue,NTB,3.0000 - 4.9500,91,0,59925.5,45177.87,5.0119,1st Week
2016-02-03,80000,Primary Market,February-03-2016,03-02-2016- 182 Day,2514,August-04-2016,Sales,80000,6.0000 - 10.0000,7.978,Issue,NTB,6.0000 - 7.9780,182,0,119893.89,80000,8.3085,1st Week
2016-02-03,117219.06,Primary Market,February-03-2016,03-02-2016- 364 Day,2515,February-02-2017,Sales,117219.06,8.0000 - 15.0000,9.49,Issue,NTB,8.0000 - 9.4900,364,0,221015.99,117219.06,10.482,1st Week
2016-02-10,40,Primary Market,February-10-2016,10-02-2016- 5 Year,2516,February-13-2020,Sales,40,10.0000 - 15.5400,12.19,Maginal,FGN Bonds,10.0000 - 12.1900,5 Year,0,122.659,40,0,2nd Week
2016-02-10,50,Primary Market,February-10-2016,10-02-2016- 10 Year,2517,January-22-2026,Sales,50,10.0000 - 13.5400,12.39,Maginal,FGN Bonds,10.0000 - 12.3900,10 Year,0,111.6,50,0,2nd Week
2016-02-17,32436.51,Primary Market,February-17-2016,17-02-2016- 91 Day,2518,May-19-2016,Sales,32436.51,3.0000 - 7.0000,4.85,Issue,NTB,3.0000 - 4.8500,91,0,50053.19,32436.51,4.9094,3rd Week
2016-02-17,30000,Primary Market,February-17-2016,17-02-2016- 182 Day,2519,August-18-2016,Sales,30000,6.2500 - 9.5000,7.3,Issue,NTB,6.2500 - 7.3000,182,0,151268.41,30000,7.5758,3rd Week
2016-02-17,80000,Primary Market,February-17-2016,17-02-2016- 364 Day,2520,February-16-2017,Sales,80000,8.4895 - 14.0000,8.98,Issue,NTB,8.4895 - 8.9800,364,0,312408.6,80000,9.8633,3rd Week
2016-02-26,50000,OMO,February-26-2016,26-02-2016- 195 Day,2521,September-08-2016,Sales,293755.67,7.2000 - 8.5000,7.75,Issue,OMO,7.2000 - 7.7500,195,0,301568.67,293755.67,8.0847,4th Week
2016-02-29,50000,Primary Market,February-29-2016,29-02-2016- 206 Day,2522,September-22-2016,Sales,101799.61,7.7500 - 8.0000,7.75,Issue,OMO,7.7500 - 7.7500,206,0,131921.61,101799.61,8.1045,5th Week
2016-03-02,45850.15,Primary Market,March-02-2016,02-03-2016- 91 Day,2523,June-02-2016,Sales,45850.15,4.0000 - 7.2000,5.186,Issue,NTB,4.0000 - 5.1860,91,0,52292.09,45850.15,5.2539,1st Week
2016-03-02,155798.17,Primary Market,March-02-2016,02-03-2016- 182 Day,2524,September-01-2016,Sales,62000,6.1250 12.0000,7.57,Issue,NTB,6.1250 - 7.5700,182,0,155798.17,62000,7.8669,1st Week
2016-03-02,222083.58,Primary Market,March-02-2016,02-03-2016- 364 Day,2525,March-02-2017,Sales,222083.58,7.7000 - 10.9800,9,Issue,NTB,7.7000 - 9.0000,364,0,605446.49,222083.58,9.8874,1st Week
2016-03-04,50000,OMO,March-04-2016,04-03-2016- 181 Day,2526,September-01-2016,Sales,129100.87,7.5000 - 8.0000,7.7,Issue,OMO,7.5000 - 7.7000,181,0,211799.16,129100.87,8.0057,2nd Week
2016-03-07,50000,OMO,March-07-2016,07-03-2016-213 Day,2527,October-06-2016,Sales,160664.37,7.5000 - 8.0000,7.75,Issue,OMO,7.5000 - 7.7500,213,0,163664.37,160664.37,8.1171,2nd Week
2016-03-16,35100,Primary Market,March-16-2016,16-03-2016 - 91 Day,2528,June-16-2016,Sales,35100,4.5000 - 11.0000,5.749,Issue,NTB,4.5000 - 5.7490,91,0,40209.84,35100,5.8326,3rd Week
2016-03-16,48453.84,Primary Market,March-16-2016,16-03-2016 - 182 Day,2529,September-15-2016,Sales,48453.84,6.0000 - 11.0000,7.95,Issue,NTB,6.0000 - 7.9500,182,0,82924.61,48453.84,8.2782,3rd Week
2016-03-16,83049.44,Primary Market,March-16-2016,16-03-2016 - 364 Day,2530,March-16-2017,Sales,83049.44,8.0000 - 13.2521,9.15,Issue,NTB,8.0000 - 9.1500,364,0,286720.07,83049.44,10.0688,3rd Week
2016-03-16,20,Primary Market,March-16-2016,16-03-2016 - 5 Year,2531,February-13-2020,Sales,20,8.0000 - 15.5400,11.334,Maginal,FGN Bonds,8.0000 - 11.3340,5 Year,0,72.559,20,11.334,3rd Week
2016-03-16,40,Primary Market,March-16-2016,16-03-2016 - 10 Year,2532,January-22-2026,Sales,40,11.0000 - 13.7459,12.09,Maginal,FGN Bonds,11.0000 - 12.0900,10 Year,0,89.358,40,12.09,3rd Week
2016-03-16,40,Primary Market,March-16-2016,16-03-2016 - 20 Year,2533,March-18-2036,Sales,40,11.0000 - 14.9995,12.4,Maginal,FGN Bonds,11.0000 - 12.4000,20 Year,0,100.529,40,12.4,3rd Week
2016-03-23,18122,Primary Market,March-23-2016,23-03-2016 - 91 Day,2534,June-23-2016,Sales,18122,5.0000 - 10.0000,5.9999,Issue,NTB,5.0000 - 5.9999,91,0,42197.58,18122,6.091,4th Week
2016-03-23,13683.15,Primary Market,March-23-2016,23-03-2016 - 182 Day,2535,September-22-2016,Sales,13683.15,7.0000 - 10.9365,8.3,Issue,NTB,7.0000 - 8.3000,182,0,41037.09,13683.15,8.6583,4th Week
2016-03-23,83168.98,Primary Market,March-23-2016,23-03-2016 - 364 Day,2536,March-23-2017,Sales,83168.98,8.5000 - 14.3584,9.5585,Issue,NTB,8.5000 - 9.5585,364,0,240252.52,83168.98,10.5657,4th Week
2016-04-04,50000,Primary Market,April-04-2016,04-04-2016 - 206 Day,2537,October-27-2016,Sales,31634.1,8.7000 - 11.0000,8.8,Issue,OMO,8.7000 - 8.8000,206,0,86547.65,31634.1,9.2599,2nd Week
2016-04-05,50000,OMO,April-05-2016,05-04-2016- 205 Day,2541,October-27-2016,Sales,40324.45,8.8000 - 10.5000,8.8,Issue,OMO,8.8000 - 8.8000,205,0,64336.45,40324.45,9.2576,2nd Week
2016-04-06,55403.15,Primary Market,April-06-2016,06-04-16-91 Day,2538,July-07-2016,Sales,19000,5.0000 - 10.0000,6.1,Issue,NTB,5.0000 - 6.1000,91,0,25195.93,19000,6.1942,1st Week
2016-04-06,33490.87,Primary Market,April-06-2016,06-04-16-182 Day,2539,October-06-2016,Sales,33490.87,7.0000 - 10.0235,8.69,Issue,NTB,7.0000 - 8.6900,182,0,62268.98,33490.87,9.0836,1st Week
2016-04-06,130000,Primary Market,April-06-2016,06-04-16-364 Day,2540,April-06-2017,Sales,166403.15,8.0000 - 13.2521,9.488,Issue,NTB,8.0000 - 9.4880,364,0,358410.35,166403.15,10.4796,1st Week
2016-04-11,40000,OMO,April-11-2016,11-04-2016 - 220 Day,2542,November-17-2016,Sales,86048.99,8.8000 - 9.0000,9,Issue,OMO,8.8000 - 9.0000,220,0,86048.99,86048.99,9.5162,3rd Week
2016-04-13,20,Primary Market,April-13-2016,15.54% FGN FEB 2020,2543,February-13-2020,Sales,20,10.0000 - 18.0000,12,Maginal,FGN Bonds,10.0000 - 12.0000,5 Year,0,58.529,20,12,3rd Week
2016-04-13,40,Primary Market,April-13-2016,12.50% FGN JAN 2026,2544,January-22-2026,Sales,40,10.0000 - 18.0000,12.6,Maginal,FGN Bonds,10.0000 - 12.6000,10 Year,0,78.591,40,12.6,3rd Week
2016-04-13,40,Primary Market,April-13-2016,12.40% FGN MAR 2036,2545,March-18-2036,Sales,40,11.0000 - 18.0000,13.08,Maginal,FGN Bonds,11.0000 - 13.0800,20 Year,0,69.609,40,13.08,3rd Week
2016-04-14,50000,OMO,April-14-2016,14-04-2016 - 217 Day,2546,November-17-2016,Sales,53931.25,8.8900 - 9.6000,9,Issue,OMO,8.8900 - 9.0000,217,0,65531.25,53931.25,9.5088,3rd Week
2016-04-20,36786.99,Primary Market,April-20-2016,20-04-2016 - 91 Day,2547,July-21-2016,Sales,36786.99,5.0000 - 10.0000,7.8802,Issue,NTB,5.0000 - 7.8802,91,0,37309.2,36786.99,8.0381,4th Week
2016-04-20,35000,Primary Market,April-20-2016,20-04-2016 - 182 Day,2548,October-20-2016,Sales,35000,6.0100 - 10.0235,8.99,Issue,NTB,6.0100 - 8.9900,182,0,51502.78,35000,9.4119,4th Week
2016-04-20,95730.42,Primary Market,April-20-2016,20-04-2016 - 364 Day,2549,April-20-2017,Sales,95730.42,8.9900 - 14.2521,10.2485,Issue,NTB,8.9900 - 10.2485,364,0,95730.42,164394.87,11.4152,4th Week
2016-04-27,40000,OMO,April-27-2016,27-04-2016 - 225 Day,2550,December-08-2016,Sales,56095.8,9.2500 - 10.2000,9.5,Issue,OMO,9.2500 - 9.5000,225,0,93767.85,56095.8,10.0909,5th Week
2016-04-28,40000,OMO,April-28-2016,28-04-2016 - 224 Day,2551,December-08-2016,Sales,49168.55,9.5000 - 10.0000,9.5,Issue,OMO,9.5000 - 9.5000,224,0,53318.4,49168.55,10.0882,5th Week
2016-04-29,40000,OMO,April-29-2016,29-04-2016 - 237 Day,2552,December-22-2016,Sales,46512.4,9.5000 - 10.5000,9.5,Issue,OMO,9.5000 - 9.5000,237,0,57358.64,46512.4,10.1245,5th Week
2016-05-04,45177.87,Primary Market,May-04-2016,04-05-2016-91 Day,2553,August-04-2016,Sales,45177.87,6.0000 - 10.0000,7.999,Issue,NTB,6.0000 - 7.9990,91,0,57661.49,45177.87,8.1618,1st Week
2016-05-04,23432.8,Primary Market,May-04-2016,4-5-2016-182 Day,2554,November-03-2016,Sales,23432.8,7.0000 - 11.5000,9,Issue,NTB,7.0000 - 9.0000,182,0,62376.55,23432.8,9.4229,1st Week
2016-05-04,82000,Primary Market,May-04-2016,4-5-2016-364 Day,2555,May-04-2017,Sales,82000,9.0000 - 14.2521,11.05,Issue,NTB,9.0000 - 11.0500,364,0,141499.51,82000,12.4185,1st Week
2016-05-11,15,Primary Market,May-11-2016,15.54% FGN FEB 2020,2556,February-13-2020,Sales,7.5,10.9900 - 18.0000,13.249,Maginal,FGN Bonds,10.9900 - 13.2490,5 Year,0,35.4,7.5,13.249,3rd Week
2016-05-11,40,Primary Market,May-11-2016,12.50% FGN JAN 2026,2557,January-22-2026,Sales,20,11.0000 - 18.0000,13.743,Maginal,FGN Bonds,11.0000 - 13.7430,10 Year,0,51.71,20,13.743,3rd Week
2016-05-11,50,Primary Market,May-11-2016,12.40% FGN MAR 2036,2558,March-18-2036,Sales,25,11.0000 - 18.0000,13.9,Maginal,FGN Bonds,11.0000 - 13.9000,20 Year,0,72.49,25,13.9,3rd Week
2016-05-18,32436.51,Primary Market,May-18-2016,18-05-2016 - 91 Day,2559,August-18-2016,Sales,32436.51,6.0000 - 13.0000,8.1,Issue,NTB,6.0000 - 8.1000,91,0,49844.12,32436.51,8.2669,3rd Week
2016-05-18,22824.45,Primary Market,May-18-2016,18-05-2016 - 182 Day,2560,November-17-2016,Sales,22824.45,7.5000 - 13.3048,9.2,Issue,NTB,7.5000 - 9.2000,182,0,35793.96,22824.45,9.6423,3rd Week
2016-05-18,55683.6,Primary Market,May-18-2016,18-05-2016 - 364 Day,2561,May-18-2017,Sales,55683.6,8.0000 - 17.1521,12.48,Issue,NTB,8.0000 - 12.4800,364,0,130878.8,55683.6,14.254,3rd Week
2016-06-01,45850.15,Primary Market,June-01-2016,01-06-2016 - 91 Day,2563,September-01-2016,Sales,45850.15,6.0000 - 12.1250,7.99,Issue,NTB,6.0000 - 7.9900,91,0,64333.38,45850.15,8.1524,1st Week
2016-06-01,18000,Primary Market,June-01-2016,01-06-2016 - 182 Day,2564,December-01-2016,Sales,18000,8.0000 - 10.6905,9.05,Issue,NTB,8.0000 - 9.0500,182,0,58906.87,18000,9.4777,1st Week
2016-06-01,80000,Primary Market,June-01-2016,01-06-2016 - 364 Day,2565,June-01-2017,Sales,80000,10.1200 - 14.5521,11.1,Issue,NTB,10.1200 - 11.1000,364,0,271046.85,80000,12.4817,1st Week
2016-06-06,50000,OMO,June-06-2016,06-06-2016,2562,December-29-2016,Sales,93180.65,9.5000 - 11.0000,10,Issue,OMO,9.5000 - 10.0000,206-DAY,0,107441.25,93180.65,10.5964,1st Week
2016-06-15,48100,Primary Market,June-15-2016,15-06-2016 - 91 Day,2566,September-15-2016,Sales,48100,6.7500 - 10.0000,8,Issue,NTB,6.7500 - 8.0000,91,0,50497.83,48100,8.1628,3rd Week
2016-06-15,29000,Primary Market,June-15-2016,15-06-2016 - 182 Day,2567,December-15-2016,Sales,29000,7.5000 - 13.0948,9.35,Issue,NTB,7.5000 - 9.3500,182,0,48315.76,29000,9.8072,3rd Week
2016-06-15,152343.29,Primary Market,June-15-2016,15-06-2016 - 364 Day,2568,June-15-2017,Sales,152343.29,9.0000 - 13.8027,11.99,Issue,NTB,9.0000 - 11.9900,364,0,213460.68,152343.29,13.6184,3rd Week
2016-06-17,205942.58,OMO,June-17-2016,17-06-2016,2569,June-15-2017,Sales,205942.58,13.5000 - 13.5000,13.5,Issue,OMO,13.5000 - 13.5000,363,0,205942.58,205942.58,15.5936,3rd Week
2016-06-22,48122,Primary Market,June-22-2016,22-06-2016,2570,September-29-2016,Sales,18122,7.5000 - 13.0000,9.9948,Issue,NTB,7.5000 - 9.9948,91,0,20814.91,18122,10.2502,4th Week
2016-06-22,69338.51,Primary Market,June-22-2016,22-06-2016,2571,December-22-2016,Sales,11338.51,8.5000 - 17.9988,12.3,Issue,NTB,8.5000 - 12.3000,182,0,16573.29,11338.51,13.1037,4th Week
2016-06-22,50000,Primary Market,June-22-2016,22-06-2016,2572,June-22-2017,Sales,50000,10.5000 - 21.9456,14.999,Issue,NTB,10.5000 - 14.9990,364,0,74286.13,50000,17.6371,4th Week
2016-07-07,19000,Primary Market,July-07-2016,07-07-2016 91 DAY,2573,October-06-2016,Sales,28000,7.0000 - 13.7000,9.98,Issue,NTB,7.0000 - 9.9800,91,0,34833.905,28000,10.2347,1st Week
2016-07-07,25000,Primary Market,July-07-2016,07-07-2016 182 DAY,2574,January-05-2017,Sales,42000,9.0000 - 14.0890,12.24,Issue,NTB,9.0000 - 12.2400,182,0,51344.65,42000,13.0356,1st Week
2016-07-07,50000,Primary Market,July-07-2016,07-07-2016 364 DAY,2575,July-06-2017,Sales,120000,10.5000 - 16.0000,14.99,Issue,NTB,10.5000 - 14.9900,364,0,138088.08,120000,17.6247,1st Week
2016-07-13,40,Primary Market,July-13-2016,13-07-2016 5 YEAR,2576,July-15-2021,Sales,30,10.0000 - 17.0000,14.5,Maginal,FGN Bonds,10.0000 - 14.5000,5 Year,0,63.15,30,0,2nd Week
2016-07-13,40,Primary Market,July-13-2016,13-07-2016 10 YEAR,2577,January-22-2026,Sales,35,13.5000 - 17.0000,14.9,Maginal,FGN Bonds,13.5000 - 14.9000,10 Year,0,63.3,35,0,2nd Week
2016-07-13,40,Primary Market,July-13-2016,13-07-2016 20 YEAR,2578,March-18-2036,Sales,55,12.0000 - 17.0000,14.983,Maginal,FGN Bonds,12.0000 - 14.9830,20 Year,0,105.31,55,0,2nd Week
2016-07-18,73000,OMO,July-18-2016,18-07-2016,2579,October-27-2016,Sales,73000,12.5000 - 16.0000,16,Issue,OMO,12.5000 - 16.0000,101-day,0,73000,73000,16.7412,3rd Week
2016-07-18,33000,OMO,July-18-2016,18-07-2016,2580,January-19-2017,Sales,33000,14.0000 - 17.0000,17,Issue,OMO,33000,185-DAY,0,33000,33000,18.6029,3rd Week
2016-07-20,36786.99,Primary Market,July-20-2016,20-07-2016 91DAY,2581,October-20-2016,Sales,36786.99,9.5000 - 17.0108,14.14,Issue,NTB,9.5000 - 14.1400,91,0,52081.53,36786.99,14.6567,3rd Week
2016-07-20,39175.91,Primary Market,July-20-2016,20-07-2016 182DAY,2582,January-19-2017,Sales,39175.91,11.0000 - 18.6108,15.485,Issue,NTB,11.0000 - 15.4850,182,0,85067.82,39175.91,16.7807,3rd Week
2016-07-20,52000,Primary Market,July-20-2016,20-07-2016 364DAY,2583,July-20-2017,Sales,129000,12.0000 - 21.0693,16.48,Issue,NTB,12.0000 - 16.4800,364,0,255237.91,129000,19.7211,3rd Week
2016-07-21,70000,OMO,July-21-2016,21-07-2016,2584,July-13-2017,Sales,75539.52,16.4500 - 19.0000,17,Issue,OMO,16.4500 - 17.0000,357DAY,131523.95,122991.45,75539.52,20.3904,4th Week
2016-07-27,50000,OMO,July-27-2016,27-07-2016-288 Day,2585,May-11-2017,Sales,87662.54,16.9500 - 20.0000,18,Issue,OMO,16.9500 - 18.0000,288 Day,0,133619.44,87662.54,20.9797,4th Week
2016-07-28,70000,OMO,July-28-2016,28-07-2016-364 Day,2586,July-27-2017,Sales,65032.93,18.0000 - 20.0000,18.5,Issue,OMO,18.0000 - 18.5000,364 Day,0,156655.7,65032.93,22.6853,4th Week
2016-07-29,50000,OMO,July-29-2016,29-07-2016-279 Day,2587,May-04-2017,Sales,62977.43,18.0000 - 19.0000,18,Issue,OMO,18.0000 - 18.0000,279 Day,0,92512.43,62977.43,20.8717,4th Week
2016-08-01,50000,OMO,August-01-2016,01-08-2016 353 Day,2591,July-20-2017,Sales,97438.68,18.5000 - 20.0000,18.5,Issue,OMO,18.5000 - 18.5000,353 Day,0,120638.68,97438.68,22.5312,1st Week
2016-08-01,50000,OMO,August-01-2016,01-08-2016 185 Day,2592,February-02-2017,Sales,72898.33,17.5000 - 18.5000,18,Issue,OMO,17.5000 - 18.0000,185 Day,0,81564.83,72898.33,19.8071,1st Week
2016-08-03,45177.87,Primary Market,August-03-2016,03-08-2016-91 Day,2588,November-03-2016,Sales,45177.87,9.0000 - 19.0000,15.44,Issue,NTB,9.0000 - 15.4400,91,0,69442.52,45177.87,16.0581,1st Week
2016-08-03,80000,Primary Market,August-03-2016,03-08-2016-182 Day,2589,February-02-2017,Sales,80000,13.0000 - 20.4900,18.0589,Issue,NTB,13.0000 - 18.0589,182,0,128661.66,80000,19.846,1st Week
2016-08-03,120000,Primary Market,August-03-2016,03-08-2016-364 Day,2590,August-03-2017,Sales,120000,15.5000 - 25.3451,18.5,Issue,NTB,15.5000 - 18.5000,364,0,293429.6,120000,22.6853,1st Week
2016-08-16,50000,OMO,August-16-2016,16-08-2016,2593,May-25-2017,Sales,7000,18.0000 - 19.0000,18,Issue,OMO,18.0000 - 18.0000,282,0,119145.645,7000,20.9076,3rd Week
2016-08-16,100000,OMO,August-16-2016,16-08-2016,2594,February-23-2017,Sales,198050.08,18.0000 - 18.5000,18,Issue,OMO,18.0000 - 18.0000,191DAY,0,208550.08,198050.08,19.8718,3rd Week
2016-08-17,32436.51,Primary Market,August-17-2016,17-08-2016 - 91 Day,2595,November-17-2016,Sales,32436.51,12.0000 - 20.0000,14.99,Issue,NTB,12.0000 - 14.9900,91,0,76136.78,32436.51,15.572,3rd Week
2016-08-17,30000,Primary Market,August-17-2016,17-08-2016 - 182 Day,2596,February-16-2017,Sales,30000,11.0000 - 20.0000,17.48,Issue,NTB,11.0000 - 17.4800,182,0,198179.28,30000,19.846,3rd Week
2016-08-17,40,Primary Market,August-17-2016,17-08-2016 - 5 Year,2597,July-15-2021,Sales,40,10.0000 - 19.0000,15.08,Maginal,FGN Bonds,10.0000 - 15.0800,5 Year,0,74.37,40,0,3rd Week
2016-08-17,30,Primary Market,August-17-2016,17-08-2016 - 10 Year,2598,January-22-2026,Sales,30,12.5000 - 17.0000,15.2848,Maginal,FGN Bonds,12.5000 - 15.2848,10 Year,0,71.06,30,0,3rd Week
2016-08-17,40,Primary Market,August-17-2016,17-08-2016 - 20 Year,2599,March-18-2036,Sales,40,12.0000 - 18.5000,15.53,Maginal,FGN Bonds,12.0000 - 15.5300,20 Year,0,64.86,40,0,3rd Week
2016-08-18,50000,OMO,August-18-2016,18-08-2016,2600,June-29-2017,Sales,236118.05,17.9800 - 18.5000,18.5,Issue,OMO,17.9800 - 18.5000,315DAY,0,236118.05,236118.05,22.0148,3rd Week
2016-09-14,48100,Primary Market,September-14-2016,14-09-2016 - 91 Day,2601,December-15-2016,Sales,48100,11.0000 - 18.0000,14,Issue,NTB,11.0000 - 14.0000,91,0,71108.52,48100,14.5063,3rd Week
2016-09-14,48453.84,Primary Market,September-14-2016,14-09-2016 - 182 Day,2602,March-16-2017,Sales,48453.84,10.0000 - 20.0000,17.77,Issue,NTB,10.0000 - 17.7700,182,0,53225.45,48453.84,19.4976,3rd Week
2016-09-14,86685.8,Primary Market,September-14-2016,14-09-2016 - 364 Day,2603,September-14-2017,Sales,86685.8,13.5000 - 20.0000,18.48,Issue,NTB,13.5000 - 18.4800,364,0,141603.91,86685.8,22.6552,3rd Week
2016-09-14,40,Primary Market,September-14-2016,14-09-2016 5 Year,2604,July-15-2021,Sales,15,11.5000 - 17.0000,15.143,Maginal,FGN Bonds,11.5000 - 15.1430,5 Year,0,30.86,15,0,3rd Week
2016-09-14,40,Primary Market,September-14-2016,14-09-2016 10 Year,2605,January-22-2026,Sales,30,14.8800 - 18.0000,15.5357,Maginal,FGN Bonds,14.8800 - 15.5357,10 Year,0,50.34,30,0,3rd Week
2016-09-14,40,Primary Market,September-14-2016,14-09-2016 20 Year,2606,March-18-2036,Sales,60,12.0000 - 18.0000,15.5974,Maginal,FGN Bonds,12.0000 - 15.5974,20 Year,0,80.85,60,0,4th Week
2016-09-21,28122000,Primary Market,September-21-2016,21-09-2016-91 Day,2607,December-22-2016,Sales,28122000,12.0000 - 16.0000,14,Issue,NTB,12.0000 - 14.0000,91,0,29705285,28122000,14.5063,4th Week
2016-09-21,23683146,Primary Market,September-21-2016,21-09-2016-182 Day,2608,March-23-2017,Sales,23683146,11.0000 - 18.3000,17.27,Issue,NTB,11.0000 - 17.2700,182,0,74361885,23683146,18.8973,4th Week
2016-09-21,89081137,Primary Market,September-21-2016,21-09-2016-364 Day,2609,September-21-2017,Sales,89081137,15.0000 - 20.1889,18.3,Issue,NTB,15.0000 - 18.3000,364,0,295653785,89081137,22.3853,4th Week
2016-09-23,50000,OMO,September-23-2016,23-09-2016-251 Day,2610,June-01-2017,Sales,47455.04,18.0000 - 18.0000,18,Issue,OMO,18.0000 - 18.0000,251,0,47455.04,47455.04,20.5428,4th Week
2016-09-23,50000,OMO,September-23-2016,23-09-2016-356 Day,2611,September-14-2017,Sales,159675.62,18.5000 - 18.5000,18.5,Issue,OMO,18.5000 - 18.5000,356,0,159675.62,159675.62,22.573,4th Week
2016-09-27,50000,OMO,September-27-2016,27-06-2016 -345Day,2612,September-07-2017,Sales,135411.8,18.5000 - 18.5000,18.5,Issue,OMO,18.5000 - 18.5000,345,0,135411.8,135411.8,22.4205,4th Week
2016-10-05,28000,Primary Market,October-05-2016,05-10-2016 - 91 Day,2613,January-05-2017,Sales,28000,12.5000 - 18.0000,13.9,Issue,NTB,12.5000 - 13.9000,91,0,39126.66,28000,14.399,1st Week
2016-10-05,33490.87,Primary Market,October-05-2016,05-10-2016 - 182 Day,2614,April-06-2017,Sales,33490.87,12.0000 - 23.0000,17.09,Issue,NTB,12.0000 - 17.0900,182,0,68090.76,33490.87,18.682,1st Week
2016-10-05,68184.89,Primary Market,October-05-2016,05-10-2016 - 364 Day,2615,October-05-2017,Sales,68184.89,17.0000 - 21.0000,18.25,Issue,NTB,17.0000 - 18.2500,364,0,204649.9,68184.89,22.3105,1st Week
2016-10-07,50000,OMO,October-07-2016,07-10-2016 - 363 DAY,2616,October-05-2017,Sales,283132.945,18.4500 - 18.5000,18.5,Issue,OMO,18.4500 - 18.5000,363,0,283132.945,283132.945,22.6712,1st Week
2016-10-12,35,Primary Market,October-12-2016,12-10-2016 - 5 Year,2617,July-15-2021,Sales,10,12.0000 - 17.0000,15.299,Maginal,FGN Bonds,12.0000 - 15.2990,5 Year,0,35.86,10,0,2nd Week
2016-10-12,35,Primary Market,October-12-2016,12-10-2016 - 10 Year,2618,January-22-2026,Sales,45,14.8500 - 16.4000,15.4771,Maginal,FGN Bonds,14.8500 - 15.4771,10 Year,0,65.9,45,0,2nd Week
2016-10-12,35,Primary Market,October-12-2016,12-10-2016 - 20 Year,2619,March-18-2026,Sales,40,12.0000 - 16.5000,15.488,Maginal,FGN Bonds,12.0000 - 15.4880,10 Year,0,71.51,40,0,2nd Week
2016-10-19,36786.99,Primary Market,October-19-2016,19-10-2016 - 91 Day,2620,January-19-2017,Sales,36786.99,12.0000 - 20.1123,14,Maginal,NTB,12.0000 - 14.0000,91,0,22659.4,36786.99,14.5063,3rd Week
2016-10-19,35000,Primary Market,October-19-2016,19-10-2016 - 182 Day,2621,April-20-2017,Sales,35000,13.5000 - 20.2147,17.09,Issue,NTB,13.5000 - 17.0900,182,0,33660.3,35000,18.682,3rd Week
2016-10-19,66385.9,Primary Market,October-19-2016,19-10-2016 - 364 Day,2622,October-19-2017,Sales,66385.9,17.0000 - 20.4532,18.3,Issue,NTB,17.0000 - 18.3000,364,0,58957.4,66385.9,22.3853,3rd Week
2016-10-24,50000,OMO,October-24-2016,24-10-2016 - 185 day,2623,April-27-2017,Sales,25469.42,18.0000 - 18.0000,18,Issue,OMO,18.0000 - 18.0000,185,0,25469.42,25469.42,19.8071,4th Week
2016-10-24,50000,OMO,October-24-2016,24-10-2016 - 339 Day,2624,September-28-2017,Sales,94705.78,18.5000 - 18.5000,18.5,Issue,OMO,18.5000 - 18.5000,339,0,94705.78,94705.78,22.3382,4th Week
2016-10-25,50000,OMO,October-25-2016,25-10-2016 - 184 Day,2625,April-27-2017,Sales,22715.22,18.0000 - 18.0000,18,Issue,OMO,18.0000 - 18.0000,184,0,22715.22,22715.22,19.7963,4th Week
2016-10-25,50000,OMO,October-25-2016,25-10-2016 - 338 Day,2626,September-28-2017,Sales,28816.96,18.5000 - 18.5000,18.5,Issue,OMO,18.5000 - 18.5000,338,0,28816.96,28816.96,22.3245,4th Week
2016-10-26,30000,OMO,October-26-2016,26-10-2016 183 Day,2627,April-27-2017,Sales,4768.4,18.0000 - 18.0000,18,Issue,OMO,18.0000 - 18.0000,183,0,4768.4,4768.4,19.7856,4th Week
2016-10-26,30000,OMO,October-26-2016,26-10-2016 358 Day,2628,October-19-2017,Sales,49039.2,18.5000 - 18.5000,18.5,Issue,OMO,18.5000 - 18.5000,358,0,49039.2,49039.2,22.601,4th Week
2016-11-02,22148.08,Primary Market,November-02-2016,02-11-2016 - 91 Day,2629,February-02-2017,Sales,22148.08,12.0000 - 18.0000,14,Issue,NTB,12.0000 - 14.0000,91,0,24436.64,22148.08,14.5063,1st Week
2016-11-02,18653.32,Primary Market,November-02-2016,02-11-2016 - 182 Day,2630,May-04-2017,Sales,18653.32,13.5000 - 18.4000,17.5,Issue,NTB,13.5000 - 17.5000,182,0,21339.52,18653.32,19.173,1st Week
2016-11-02,46769.68,Primary Market,November-02-2016,02-11-2016 - 364 Day,2631,November-02-2017,Sales,46769.68,17.0000 - 20.0000,18.5,Issue,NTB,17.0000 - 18.5000,364,0,53344.68,46769.68,22.6853,1st Week
2016-11-16,32436.51,Primary Market,November-16-2016,16-11-2016 - 91 Day,2632,February-16-2017,Sales,32436.51,12.0000 - 17.8500,13.99,Issue,NTB,12.0000 - 13.9900,91,0,36626.65,32436.51,14.4956,3rd Week
2016-11-16,22824.45,Primary Market,November-16-2016,16-11-2016 - 182 Day,2633,May-18-2017,Sales,22824.45,14.0000 - 19.8334,17.4,Issue,NTB,14.0000 - 17.4000,182,0,34390.82,34390.82,19.0531,3rd Week
2016-11-16,64677.52,Primary Market,November-16-2016,16-11-2016 - 364 Day,2634,November-16-2017,Sales,64677.52,17.0000 - 20.3113,18.7,Issue,NTB,17.0000 - 18.7000,364,0,87060.79,64677.52,22.9867,3rd Week
2016-11-16,35,Primary Market,November-16-2016,16-11-2016 - 5 Year,2635,July-15-2021,Sales,5,12.0000 - 18.0000,15.4888,Maginal,FGN Bonds,12.0000 - 15.4888,5 Year,0,16.46,5,0,3rd Week
2016-11-16,25,Primary Market,November-16-2016,16-11-2016 - 10 Year,2636,January-22-2026,Sales,14,15.0800 - 18.0000,15.98,Maginal,FGN Bonds,15.0800 - 15.9800,10 Year,0,17.51,14,0,3rd Week
2016-11-16,35,Primary Market,November-16-2016,16-11-2016 - 20 Year,2637,March-18-2036,Sales,20,14.0000 - 18.0000,15.9499,Maginal,FGN Bonds,14.0000 - 15.9499,20 Year,0,27.72,20,0,3rd Week
2016-11-30,26143.54,Primary Market,November-30-2016,30-11-2016 - 91 Day,2638,March-02-2017,Sales,26143.54,12.0000 - 17.0000,13.99,Issue,NTB,12.0000 - 13.9900,91,0,28362.8,26143.54,14.4956,5th Week
2016-11-30,11005.93,Primary Market,November-30-2016,30-11-2016 - 182 Day,2639,June-01-2017,Sales,11005.93,15.0000 - 19.7334,17.49,Issue,NTB,15.0000 - 17.4900,182,0,13431.83,11005.93,19.161,5th Week
2016-11-30,80026.82,Primary Market,November-30-2016,30-11-2016 - 364 Day,2640,November-30-2017,Sales,80026.82,16.5000 - 20.0000,18.69,Issue,NTB,16.5000 - 18.6900,364,0,114778.48,80026.82,22.9716,5th Week
2016-12-01,50000,OMO,December-01-2016,01-12-2016,2643,November-16-2017,Sales,8363.9,18.5000 - 18.7500,18.5,Issue,OMO,18.5000 - 18.5000,350,0,37205.83,8363.9,22.4896,1st Week
2016-12-02,50000,OMO,December-02-2016,02-12-2016,2644,November-16-2017,Sales,8590.39,18.5000 - 18.7500,18.5,Issue,OMO,18.5000 - 18.5000,349,0,22741.607,8590.39,22.4757,1st Week
2016-12-05,50000,OMO,December-05-2016,05-12-2016 - 346 DAY,2645,November-16-2017,Sales,10505.5,18.5000 - 18.7500,18.6,Issue,OMO,18.5000 - 18.6000,346,0,16961.9,10505.5,22.5815,1st Week
2016-12-06,50000,OMO,December-06-2016,06-12-2016 - 345 DAY,2646,November-06-2017,Sales,19212.595,18.5000 - 18.7500,18.6,Issue,OMO,18.5000 - 18.6000,345,0,19212.595,14191.38,22.5676,2nd Week
2016-12-07,50000,OMO,December-07-2016,07-12-2016 - 176 DAY,2647,June-01-2017,Sales,3196.7,18.5000 - 18.5000,18,Issue,OMO,18.0000 - 18.0000,176,0,3196.7,3196.7,19.7108,2nd Week
2016-12-07,50000,OMO,December-07-2016,07-12-2016 - 344 DAY,2648,November-16-2017,Sales,42993.92,18.6000 - 18.6000,18.6,Issue,OMO,18.6000 - 18.6000,344,0,42993.92,4299.32,22.5536,2nd Week
2016-12-08,50000,OMO,December-08-2016,07-12-2016 - 175 DAY,2649,June-01-2017,Sales,14100.615,18.0000 - 18.0000,18,Issue,OMO,18.0000 - 18.0000,175,0,14100.615,14100.615,19.7001,2nd Week
2016-12-08,50000,OMO,December-08-2016,08-12-2016 - 343 DAY,2650,November-16-2017,Sales,54405.21,18.6000 - 18.6000,18.6,Issue,OMO,18.6000 - 18.6000,343,0,54405.26,54405.21,22.5397,2nd Week
2016-12-09,50,OMO,December-09-2016,09-12-2016 - 181 Day,2641,June-08-2017,Sales,15130.08,18.0000 - 18.0000,18,Issue,OMO,18.0000 - 18.0000,181,0,15130.08,15130.08,19.7642,2nd Week
2016-12-09,50,OMO,December-09-2016,09-12-2016 - 356 Day,2642,November-30-2017,Sales,78540.22,18.6000 - 18.6000,18.6,Issue,OMO,18.6000 - 18.6000,356,0,78540.22,78540.22,18.5,2nd Week
2016-12-13,50000,OMO,December-13-2016,13-12-2016 - 177DAY,2651,June-08-2017,Sales,8038,18.0000 - 18.0000,18,Issue,OMO,18.0000 - 18.0000,177,0,8038,8038,19.7214,3rd Week
2016-12-13,50000,OMO,December-13-2016,13-12-2016 - 352DAY,2652,November-30-2017,Sales,53401.85,18.6000 - 18.6000,18.6,Issue,OMO,18.6000 - 18.6000,352,0,53401.85,53401.85,22.6657,3rd Week
2016-12-14,35,Primary Market,December-14-2016,14-12-2016 - 5 Year,2653,July-15-2021,Sales,3.2,12.0000 - 19.0000,15.99,Maginal,FGN Bonds,12.0000 - 15.9900,5 Year,0,12.23,3.2,0,3rd Week
2016-12-14,25,Primary Market,December-14-2016,14-12-2016 - 10 Year,2654,January-22-2026,Sales,25,15.5555 - 18.0000,16.24,Maginal,FGN Bonds,15.5555 - 16.2400,10 Year,0,38.54,25,0,3rd Week
2016-12-14,35,Primary Market,December-14-2016,14-12-2016 - 20 Year,2655,March-18-2036,Sales,41,12.0000 - 17.3000,16.4348,Maginal,FGN Bonds,12.0000 - 16.4348,20 Year,0,52.07,41,0,3rd Week
2016-12-14,0,Primary Market,December-14-2016,14-12-2016 - 91 Day,2656,March-16-2017,Sales,39006.25,10.0000 - 17.0000,14,Issue,NTB,10.0000 - 14.0000,91,0,39265.51,39006.25,14.5063,3rd Week
2016-12-14,23024.75,Primary Market,December-14-2016,14-12-2016 - 182 Day,2657,June-15-2017,Sales,23024.75,16.8000 - 20.0000,17.5,Issue,NTB,16.8000 - 17.5000,182,0,25953.67,23024.75,19.173,3rd Week
2016-12-14,85466.91,Primary Market,December-14-2016,14-12-2016 - 364 Day,2658,December-14-2017,Sales,85466.91,17.0000 - 20.2326,18.68,Issue,NTB,17.0000 - 18.6800,364,0,120761.34,85466.91,22.9565,3rd Week
2016-12-20,30000,OMO,December-20-2016,20-12-2016 - 198 Day,2659,July-06-2017,Sales,10291.11,18.0000 - 18.0000,18,Issue,OMO,18.0000 - 18.0000,198,0,10291.11,10291.11,19.9478,3rd Week
2016-12-20,50000,OMO,December-20-2016,20-12-2016 - 352 Day,2660,December-07-2017,Sales,7636.403,18.6000 - 18.6000,18.6,Issue,OMO,18.6000 - 18.6000,352,0,7636.403,7636.403,22.6657,3rd Week
2016-12-21,13176.98,Primary Market,December-21-2016,21-12-2016 - 91 Day,2661,March-23-2017,Sales,13176.98,13.0000 - 18.0000,14,Issue,NTB,13.0000 - 14.0000,91,0,13320.48,13176.98,14.5063,4th Week
2016-12-21,26557.73,Primary Market,December-21-2016,21-12-2016 - 182 Day,2662,June-22-2017,Sales,26557.73,16.0000 - 20.0000,17.5,Issue,NTB,16.0000 - 17.5000,182,0,29368.91,26557.73,19.173,4th Week
2016-12-29,30000,OMO,December-29-2016,29-12-2016-196 Day,2663,July-13-2017,Sales,14419.83,18.0000 - 18.0000,18,Issue,OMO,18.0000 - 18.0000,196,0,14419.83,14419.83,19.926,5th Week
2016-12-29,40000,OMO,December-29-2016,29-12-2016-357 Day,2664,December-21-2017,Sales,56344.72,18.6000 - 18.6000,18.6,Issue,OMO,18.6000 - 18.6000,357,0,56344.72,56344.72,22.7363,5th Week
2017-01-03,50000,OMO,January-03-2017,03-01-2017 - 184 Day,2665,July-06-2017,Sales,20992.91,18.0000 - 18.0000,18,Issue,OMO,18.0000 - 18.0000,184,0,20992.91,20992.91,19.7963,1st Week
2017-01-03,50000,OMO,January-03-2017,03-01-2017 - 352 Day,2666,December-21-2017,Sales,29798.6,18.6000 - 18.6000,18.6,Issue,OMO,18.6000 - 18.6000,352,0,29798.6,29798.6,22.6657,1st Week
2017-01-04,35000,Primary Market,January-04-2017,04-01-2017 - 91 Day,2667,April-06-2017,Sales,35000,13.0000 - 18.0000,14,Issue,NTB,13.0000 - 14.0000,91,0,35702.44,35000,14.5063,1st Week
2017-01-04,22000,Primary Market,January-04-2017,04-01-2017 - 182 Day,2668,July-06-2017,Sales,22000,16.5000 - 18.0000,17.5,Maginal,NTB,16.5000 - 17.5000,182,0,23153.6,22000,19.173,1st Week
2017-01-04,115845.41,Primary Market,January-04-2017,04-01-2017 - 364 Day,2669,January-04-2018,Sales,115845.41,17.0000 - 19.6900,18.685,Issue,NTB,17.0000 - 18.6850,364,0,135274.31,115845.41,22.9641,1st Week
2017-01-16,30000,OMO,January-16-2017,16-01-2017 - 143 Day,2670,June-08-2017,Sales,27971.88,18.0000 - 18.0000,18,Issue,OMO,18.0000 - 18.0000,143,0,27971.88,27971.88,19.3657,3rd Week
2017-01-16,40000,OMO,January-16-2017,16-01-2017 - 297 Day,2671,November-09-2017,Sales,181010.49,18.5500 - 18.8000,18.6,Issue,OMO,18.5500 - 18.6000,297,0,182010.49,181010.49,21.9171,3rd Week
2017-01-18,36786.99,Primary Market,January-18-2017,18-01-2017 - 91 Day,2672,April-20-2017,Sales,36786.99,13.0000 - 18.5900,13.8999,Issue,NTB,13.0000 - 13.8999,91,0,59664.52,36786.99,14.3989,3rd Week
2017-01-18,39175.91,Primary Market,January-18-2017,18-01-2017 - 182 Day,2673,January-18-2017,Sales,39175.91,13.5000 - 19.2200,17.25,Issue,NTB,13.5000 - 17.2500,182,0,75221.73,39175.91,18.8734,3rd Week
2017-01-18,193000,Primary Market,January-18-2017,18-01-2017 - 364 Day,2674,January-18-2018,Sales,193000,17.0000 - 22.0000,18.6499,Issue,NTB,17.0000 - 18.6499,364,0,307386.46,193000,22.9111,3rd Week
2017-01-18,40,Primary Market,January-18-2017,18-01-2017 - 5 Year,2675,July-15-2021,Sales,34.95,15.0000 - 17.2590,16.899,Maginal,FGN Bonds,15.0000 - 16.8990,5 Year,0,39.15,34.95,0,3rd Week
2017-01-18,50,Primary Market,January-18-2017,18-01-2017 - 10 Year,2676,January-22-2026,Sales,74.9,16.0000 - 18.0000,16.9945,Maginal,FGN Bonds,16.0000 - 16.9945,10 Year,0,83,74.9,0,3rd Week
2017-01-18,40,Primary Market,January-18-2017,18-01-2017 - 20 Year,2677,March-18-2036,Sales,105.1,14.0000 - 18.0000,16.992,Maginal,FGN Bonds,14.0000 - 16.9920,20 Year,0,112.9,105.1,0,3rd Week
2017-01-26,30000,OMO,January-26-2017,26-01-2017-252-DAY,2678,October-05-2017,Sales,276.67,18.0000 - 18.0000,18,Issue,OMO,18.0000 - 18.0000,252,0,29219.45,276.67,20.5544,4th Week
2017-01-26,50000,OMO,January-26-2017,26-01-2017- 336 DAY,2679,December-28-2017,Sales,217059.83,18.6000 - 18.6000,18.6,Issue,OMO,18.6000 - 18.6000,336,0,217059.83,217059.83,22.4427,4th Week
2017-02-01,45177.87,Primary Market,February-01-2017,01-02-2017-91 Day,2680,May-04-2017,Sales,45177.87,12.0000 - 17.5000,13.799,Issue,NTB,12.0000 - 13.7990,91,0,69398.62,45177.87,14.2906,1st Week
2017-02-01,80000,Primary Market,February-01-2017,01-02-2017-182 Day,2681,August-03-2017,Sales,80000,15.5000 - 18.8220,17.2491,Issue,NTB,15.5000 - 17.2491,182,0,85440.63,80000,18.8723,1st Week
2017-02-01,117219.06,Primary Market,February-01-2017,01-02-2017-364 Day,2682,February-01-2018,Sales,177219.06,17.0000 - 22.0000,18.54,Issue,NTB,17.0000 - 18.5400,364,0,447345.34,177219.06,22.7455,1st Week
2017-02-03,30000,OMO,February-03-2017,03-02-2017-181 Day,2683,August-03-2017,Sales,82618.75,18.0000 - 18.0000,18,Issue,OMO,18.0000 - 18.0000,181,0,82618.75,82618.75,19.7642,1st Week
2017-02-03,60000,OMO,February-03-2017,03-02-2017-342 Day,2684,January-11-2018,Sales,309056.44,18.5000 - 18.6000,18.6,Issue,OMO,18.5000 - 18.6000,342,0,309056.44,309056.44,22.5258,1st Week
2017-02-15,45,Primary Market,February-15-2017,15-02-2017-5 Year,2685,July-15-2021,Sales,60,12.0000 - 17.3450,16.55,Maginal,FGN Bonds,12.0000 - 16.5500,5 Year,0,108.96,60,0,3rd Week
2017-02-15,20,Primary Market,February-15-2017,15-02-2017-10 Year,2686,January-22-2026,Sales,30,16.0000 - 17.5450,16.612,Maginal,FGN Bonds,16.0000 - 16.6120,10 Year,0,88.17,30,0,3rd Week
2017-02-15,45,Primary Market,February-15-2017,15-02-2017-20 Year,2687,March-18-2036,Sales,70,12.0000 - 18.0000,16.77,Maginal,FGN Bonds,12.0000 - 16.7700,20 Year,0,139.9,70,0,3rd Week
2017-02-15,32436.51,Primary Market,February-15-2017,15-02-2017- 91 Day,2688,May-18-2017,Sales,32436.51,9.0000 - 25.0000,13.69,Issue,NTB,9.0000 - 13.6900,91,0,38914.12,32436.51,14.1738,3rd Week
2017-02-15,30000,Primary Market,February-15-2017,15-02-2017- 182 Day,2689,August-17-2017,Sales,30000,16.0000 - 18.6642,17.15,Issue,NTB,16.0000 - 17.1500,182,0,42296.1,30000,18.7537,3rd Week
2017-02-15,80000,Primary Market,February-15-2017,15-02-2017- 364 Day,2690,February-15-2018,Sales,140000,17.0000 - 19.4666,18.4495,Issue,NTB,17.0000 - 18.4495,364,0,333835.8,140000,22.6094,3rd Week
2017-03-01,26143.54,Primary Market,March-01-2017,01-03-2017 - 91 Day,2691,June-01-2017,Sales,26143.54,13.0000 - 18.0000,13.65,Issue,NTB,13.0000 - 13.6500,91,0,27364.06,26143.54,14.1309,1st Week
2017-03-01,62000,Primary Market,March-01-2017,01-03-2017 - 182 Day,2692,August-31-2017,Sales,62000,16.0000 - 21.0000,17.2,Issue,NTB,16.0000 - 17.2000,182,0,62996.58,62000,18.8135,1st Week
2017-03-01,222083.58,Primary Market,March-01-2017,01-03-2017 - 364 Day,2693,March-01-2018,Sales,222083.58,17.0000 - 21.0000,18.4965,Issue,NTB,17.0000  - 18.4965,364,0,272736.12,222083.58,22.68,1st Week
2017-03-06,50000,OMO,March-06-2017,01-03-2017,2694,March-01-2018,Sales,15997.5,18.6000 - 18.6000,18.6,Issue,OMO,18.6000 - 18.6000,360,0,15997.5,15997.5,22.7788,1st Week
2017-03-07,30000,OMO,March-07-2017,07-03-2017,2695,March-01-2018,Sales,21988.594,18.6000 - 18.6000,18.6,Issue,OMO,18.6000 - 18.6000,359,0,21988.594,21988.594,22.7646,2nd Week
2017-03-09,20000,OMO,March-09-2017,09-03-2017,2696,August-24-2017,Sales,6674.04,18.0000 - 18.0000,18,Issue,OMO,18.0000 - 18.0000,168,0,6674.04,6674.04,19.626,2nd Week
2017-03-09,30000,OMO,March-09-2017,09-03-2017,2697,January-25-2018,Sales,25253.327,18.6000 - 18.6000,18.6,Issue,OMO,25253.327,322,0,25253.327,25253.327,22.2511,2nd Week
2017-03-10,20000,OMO,March-10-2017,01-03-2017,2698,August-24-2017,Sales,7976.134,18.0000 - 18.0000,18,Issue,OMO,18.0000 - 18.0000,167,0,7976.134,7976.134,19.6155,2nd Week
2017-03-10,30000,OMO,March-10-2017,10-03-2017,2699,January-25-2018,Sales,3286.109,18.6000 - 18.6000,18.6,Issue,OMO,18.6000 - 18.6000,321,0,3286.109,3286.109,22.2376,2nd Week
2017-03-14,10000,OMO,March-14-2017,14-03-2017,2702,August-03-2017,Sales,2796.654,18.0000 - 18.0000,18,Issue,OMO,18.0000 - 18.0000,143,0,2796.654,2796.654,19.3554,3rd Week
2017-03-14,20000,OMO,March-14-2017,14-03-2017,2703,January-25-2018,Sales,31926.388,18.6000 - 18.6000,18.6,Issue,OMO,18.6000 - 18.6000,317,0,31926.388,31926.388,22.1835,3rd Week
2017-03-15,39006.25,Primary Market,March-15-2017,15-03-2017 - 91 Day,2704,June-15-2017,Sales,39006.25,12.0000 - 13.6000,13.6,Issue,NTB,12.0000 - 13.6000,91,0,39006.25,39006.25,14.0773,3rd Week
2017-03-15,48453.84,Primary Market,March-15-2017,15-03-2017 - 182 Day,2705,September-14-2017,Sales,48453.84,16.9000 - 19.2122,17.2,Issue,NTB,16.9000 - 17.2000,182,0,50453.84,48453.84,18.8135,3rd Week
2017-03-15,166304.85,Primary Market,March-15-2017,15-03-2017 - 364 Day,2706,March-15-2018,Sales,166304.85,18.0000 - 21.5000,18.5598,Issue,NTB,18.0000 - 18.5598,364,0,176231.84,166304.85,22.7753,3rd Week
2017-03-16,30000,OMO,March-16-2017,03-16-2017,2707,February-15-2018,Sales,34726.61,18.6000 - 18.6000,18.6,Issue,OMO,18.6000 - 18.6000,336,0,34726.61,34726.61,22.4427,3rd Week
2017-03-20,10000,OMO,March-20-2017,20-03-2017,2708,October-12-2017,Sales,2316.21,18.0000 - 18.5000,18,Issue,OMO,18.0000 - 18.0000,206,0,2418.99,2316.21,20.0354,4th Week
2017-03-20,20000,OMO,March-20-2017,20-03-2017,2709,March-15-2018,Sales,63767.99,18.6000 - 18.6000,18.6,Issue,OMO,18.6000 - 18.6000,360,0,63767.99,63767.99,22.7788,4th Week
2017-03-22,28122,Primary Market,March-22-2017,22-03-2017 - 91 Day,2710,June-22-2017,Sales,28122,13.2999 - 17.0000,13.55,Issue,NTB,13.2999 - 13.5500,91,0,17049.02,28122,14.0238,4th Week
2017-03-22,23683.15,Primary Market,March-22-2017,22-03-2017 - 182 Day,2711,September-21-2017,Sales,23683.15,17.0000 - 19.2122,17.2,Issue,NTB,17.0000 - 17.2000,182,0,28304.54,23683.15,18.8135,4th Week
2017-03-22,83168.98,Primary Market,March-22-2017,22-03-2017 - 364 Day,2712,March-22-2018,Sales,83168.98,18.0000 - 19.8890,18.69,Issue,NTB,18.0000 - 18.6900,364,0,90380.69,83168.98,22.9716,4th Week
2017-03-27,10000,OMO,March-27-2017,27-03-2017-199 Day,2713,October-12-2017,Sales,3497.28,18.0000 - 18.0000,18,Issue,OMO,18.0000 - 18.0000,199,0,3497.28,3497.28,19.9587,5th Week
2017-03-27,20000,OMO,March-27-2017,27-03-2017-325 Day,2714,February-15-2018,Sales,39853.97,18.6000 - 18.6000,18.6,Issue,OMO,18.6000 - 18.6000,325,0,39853.97,39853.97,22.2919,5th Week
2017-03-28,20000,OMO,March-28-2017,28-03-2017-338 Day,2715,March-01-2018,Sales,15928.32,18.6000 - 18.6000,18.6,Issue,OMO,18.6000 - 18.6000,338,0,15928.32,15928.32,22.4703,5th Week
2017-03-30,40000,OMO,March-30-2017,30-03-2017,2716,March-08-2018,Sales,41572.74,18.6000 - 18.6000,18.6,Issue,OMO,18.6000 - 18.6000,343,0,41572.74,41572.74,22.5397,5th Week
2017-03-31,40000,OMO,March-31-2017,31-03-2017,2717,March-08-2018,Sales,25057.32,18.6000 - 18.6000,18.6,Issue,OMO,18.6000 - 18.6000,342,0,25057.32,25057.32,22.5258,5th Week
2017-04-03,10000,OMO,April-03-2017,03-04-2017,2718,October-12-2017,Sales,218.92,18.0000 - 18.0000,18,Issue,OMO,18.0000 - 18.0000,192,0,218.92,218.92,19.8826,1st Week
2017-04-03,30000,OMO,April-03-2017,03-04-2017,2719,February-08-2018,Sales,6819.996,18.6000 - 18.6000,18.6,Issue,OMO,18.6000 - 18.6000,311,0,6819.996,6819.996,22.1029,1st Week
2017-04-05,35000,Primary Market,April-05-2017,05-04-2017-91 Day,2728,July-06-2017,Sales,35000,13.1500 - 14.5000,13.5511,Issue,NTB,13.1500 - 13.5511,91,0,37500,35000,14.0249,1st Week
2017-04-05,33490.88,Primary Market,April-05-2017,05-04-2017-182 Day,2729,October-05-2017,Sales,33490.88,16.9000 - 18.0000,17.2121,Issue,NTB,16.9000 - 17.2121,182,0,34690.88,33490.88,18.828,1st Week
2017-04-05,166403.15,Primary Market,April-05-2017,05-04-2017-364 Day,2730,April-05-2018,Sales,166403.15,18.0000 - 21.0000,18.7411,Issue,NTB,18.0000 - 18.7411,364,0,166773.15,166403.15,23.0489,1st Week
2017-04-06,10000,OMO,April-06-2017,06-04-2017,2720,October-12-2017,Sales,3354.4,18.0000 - 18.0000,18,Issue,OMO,18.0000 - 18.0000,189,0,3354.4,3354.4,19.8501,2nd Week
2017-04-06,20000,OMO,April-06-2017,06-04-2017,2721,February-08-2018,Sales,20905.149,18.6000 - 18.7000,18.6,Issue,OMO,18.6000 - 18.6000,308,0,20919.149,20905.149,22.0628,2nd Week
2017-04-07,10000,OMO,April-07-2017,07-04-2017,2722,October-12-2017,Sales,2087.92,18.0000 - 18.0000,18,Issue,OMO,18.0000 - 18.0000,188,0,2087.92,2087.92,19.8394,2nd Week
2017-04-07,20000,OMO,April-07-2017,07-04-2017,2723,February-08-2018,Sales,12084.25,18.6000 - 18.6000,18.6,Issue,OMO,18.6000 - 18.6000,307,0,12084.25,12084.25,22.0495,2nd Week
2017-04-10,10000,OMO,April-10-2017,10-04-2017,2724,October-12-2017,Sales,1067.88,18.0000 - 18.0000,18,Issue,OMO,18.0000 - 18.0000,185,0,1067.88,1067.88,19.8071,3rd Week
2017-04-10,20000,OMO,April-10-2017,10-04-2017,2725,March-01-2018,Sales,18164.945,18.6000 - 18.6000,18.6,Issue,OMO,18.6000 - 18.6000,325,0,18164.945,18164.945,22.2919,3rd Week
2017-04-11,10000,OMO,April-11-2017,11-04-2017,2726,October-12-2017,Sales,162.545,18.0000 - 18.0000,18,Issue,OMO,18.0000 - 18.0000,184,0,162.545,162.545,19.7963,3rd Week
2017-04-11,10000,OMO,April-11-2017,11-04-2017,2727,March-08-2018,Sales,7164.95,18.6000 - 18.6000,18.6,Issue,OMO,18.6000 - 18.6000,331,0,7164.95,7164.95,22.3739,3rd Week
2017-04-12,10000,OMO,April-12-2017,12-04-2017,2731,February-08-2018,Sales,2951.94,18.6000 - 18.6000,18.6,Issue,OMO,18.6000 - 18.6000,302,0,2951.94,2951.94,21.9831,3rd Week
2017-04-12,35,Primary Market,April-12-2017,12-04-2017-5 Year,2736,July-15-2021,Sales,15.03,15.5000 - 17.2000,15.9899,Maginal,FGN Bonds,15.5000 - 15.9899,5 Year,0,20.93,15.03,0,2nd Week
2017-04-12,50,Primary Market,April-12-2017,12-04-2017-10 Year,2737,March-17-2027,Sales,34.04,15.4700 - 17.4000,16.243,Maginal,FGN Bonds,15.4700 - 16.2430,10 Year,0,37.54,34.04,0,2nd Week
2017-04-12,50,Primary Market,April-12-2017,12-04-2017-20 Year,2738,April-18-2037,Sales,56.25,15.0000 - 17.5599,16.2499,Maginal,FGN Bonds,15.0000 - 16.2499,20 Year,0,71,56.25,0,2nd Week
2017-04-13,10000,OMO,April-13-2017,13-04-2017-301 Day,2732,February-08-2018,Sales,1776.1,18.6000 - 18.6000,18.6,Issue,OMO,18.6000 - 18.6000,301,0,1776.1,1776.1,21.9699,2nd Week
2017-04-18,5000,OMO,April-18-2017,18-04-2017-177 Day,2734,October-12-2017,Sales,65,18.0000 - 18.0000,18,Issue,OMO,18.0000 - 18.0000,177,0,65,65,19.7214,3rd Week
2017-04-18,10000,OMO,April-18-2017,18-04-2017-331 Day,2735,March-15-2018,Purchases,381.7,18.6000 - 18.6000,18.6,Issue,OMO,18.6000 - 18.6000,331,0,381.7,381.7,22.3739,3rd Week
2017-04-19,36786.99,Primary Market,April-19-2017,19-04-2017-91 Day,2739,July-20-2017,Sales,12295.1,13.4990 - 17.0000,13.598,Issue,NTB,13.4990 - 13.5980,91,0,37846.99,12295.1,14.0752,3rd Week
2017-04-19,35000,Primary Market,April-19-2017,19-04-2017-182 Day,2740,October-19-2017,Sales,25509.32,16.7000 - 18.0000,17.4,Issue,NTB,16.7000 - 17.4000,182,0,35060,25509.32,19.0531,3rd Week
2017-04-19,95730.42,Primary Market,April-19-2017,19-04-2017-364 Day,2741,April-19-2018,Sales,51818.56,17.0000 - 22.0000,18.98,Issue,NTB,17.0000 - 18.9800,364,0,105221.52,51818.56,23.4113,3rd Week
2017-04-20,5000,OMO,April-20-2017,20-04-2017-175 Day,2742,October-12-2017,Sales,95.447,18.0000 - 18.0000,18,Issue,OMO,18.0000 - 18.0000,175,0,95.447,95.447,19.7001,3rd Week
2017-04-20,10000,OMO,April-20-2017,20-04-2017-301 Day,2743,February-15-2018,Sales,127.974,18.6000 - 18.6000,18.6,Issue,OMO,18.6000 - 18.6000,301,0,127.974,127.974,21.9699,3rd Week
2017-04-21,10000,OMO,April-21-2017,21-04-2017-174 Day,2744,October-12-2017,Sales,233.85,18.0000 - 18.0000,18,Issue,OMO,18.0000 - 18.0000,174,0,233.85,233.85,19.6895,3rd Week
2017-04-21,20000,OMO,April-21-2017,21-04-2017-335 Day,2745,March-22-2018,Sales,7521.8,18.6000 - 18.8000,18.6,Issue,OMO,18.6000 - 18.6000,335,0,23146.1,7521.8,22.4289,3rd Week
2017-04-24,50000,OMO,April-24-2017,24-07-2016,2746,October-26-2017,Sales,123,18.0000 - 18.0000,18,Issue,OMO,18.0000 - 18.0000,185,0,123,123,19.8071,5th Week
2017-04-24,10000,OMO,April-24-2017,24-07-2016,2747,March-22-2018,Sales,9878.85,18.6000 - 18.2500,18.6,Issue,OMO,18.6000 - 18.6000,332,0,19136.64,9878.85,22.3876,5th Week
2017-04-25,5000,OMO,April-25-2017,25-07-2016,2748,October-12-2017,Sales,478.74,18.0000 - 18.1000,18,Issue,OMO,18.0000 - 18.0000,170,0,530.74,478.74,19.6471,5th Week
2017-04-25,10000,OMO,April-25-2017,25-07-2016,2749,March-22-2018,Sales,3569.98,18.6000 - 18.6000,18.6,Issue,OMO,18.6000 - 18.6000,331,0,3569.98,3569.98,22.3739,5th Week
2017-04-26,5000,OMO,April-26-2017,26-07-2016,2750,October-26-2017,Sales,1186.6,18.0000 - 18.0000,18,Issue,OMO,18.0000 - 18.0000,183,0,1186.6,1186.6,19.7856,5th Week
2017-04-26,20000,OMO,April-26-2017,26-07-2016,2751,April-19-2018,Sales,67723.86,18.6000 - 20.0000,18.6,Issue,OMO,18.6000 - 18.6000,358,0,72723.86,67723.86,22.7504,5th Week
2017-04-27,20000,OMO,April-27-2017,27-04-2017,2752,October-26-2017,Sales,13245.98,18.0000 - 18.0000,18,Issue,OMO,18.0000 - 18.0000,182,0,13245.98,13245.98,19.7749,5th Week
2017-04-27,50000,OMO,April-27-2017,27-04-2017,2753,April-26-2018,Sales,79918.81,18.6000 - 20.0000,18.6,Issue,OMO,18.6000 - 18.6000,364,0,106418.81,79918.81,22.8358,5th Week
2017-04-28,20000,OMO,April-28-2017,28-04-2017,2754,October-12-2017,Sales,548.42,18.0000 - 18.0000,18,Issue,OMO,18.0000 - 18.0000,167,0,548.42,548.42,19.6155,5th Week
2017-04-28,50000,OMO,April-28-2017,28-04-2017,2755,March-29-2018,Sales,54228.06,18.6000 - 18.8000,18.6,Issue,OMO,18.6000 - 18.6000,335,0,55228.06,54228.06,22.4289,5th Week
2017-05-02,10000,OMO,May-02-2017,02-05-2017,2756,October-26-2017,Sales,918.88,18.0000 - 18.0000,18,Issue,OMO,18.0000 - 18.0000,177,0,918.88,918.88,19.7214,1st Week
2017-05-02,50000,OMO,May-02-2017,02-05-2017,2757,April-26-2018,Sales,21004.795,18.6000 - 18.6000,18.6,Issue,OMO,21004.795,359,0,21004.795,21004.795,22.7646,1st Week
2017-05-03,29143.39,Primary Market,May-03-2017,03-05-2017 - 91 Day,2758,August-03-2017,Sales,29143.39,13.4500 - 14.0000,13.6,Issue,NTB,13.4500 - 13.6000,91,0,30143.39,29143.39,14.0773,1st Week
2017-05-03,23432.8,Primary Market,May-03-2017,03-05-2017 - 182 Day,2759,November-02-2017,Sales,23432.8,16.5000 - 18.0000,17.26,Issue,NTB,16.5000 - 17.2600,182,0,29536.48,23432.8,18.8853,1st Week
2017-05-03,178034.48,Primary Market,May-03-2017,03-05-2017 - 364 Day,2760,May-03-2018,Sales,178034.48,18.0000 - 22.0000,18.815,Issue,NTB,18.0000 - 18.8150,364,0,205569.84,178034.48,23.1608,1st Week
2017-05-04,10000,OMO,May-04-2017,04-05-2017,2761,November-02-2017,Sales,3014.02,18.0000 - 18.0000,18,Issue,OMO,18.0000 - 18.0000,182,0,3014.02,3014.02,19.7749,1st Week
2017-05-04,20000,OMO,May-04-2017,04-05-2017,2762,April-19-2018,Sales,2837.83,18.6000 - 18.7000,18.6,Issue,OMO,18.6000 - 18.6000,350,0,8659.53,2837.83,22.6375,1st Week
2017-05-05,10000,OMO,May-05-2017,05-05-2017,2763,October-19-2017,Sales,479.9,18.0000 - 18.0000,18,Issue,OMO,18.0000 - 18.0000,167,0,479.9,479.9,19.6155,1st Week
2017-05-05,30000,OMO,May-05-2017,05-05-2017,2764,May-03-2018,Sales,18841.83,18.6000 - 18.6000,18.6,Issue,OMO,18.6000 - 18.6000,363,0,18841.83,18841.83,22.8215,1st Week
2017-05-09,10000,OMO,May-09-2017,09-05-2017,2765,October-19-2017,Sales,215.6,18.0000 - 18.0000,18,Issue,OMO,18.0000 - 18.0000,163,0,215.6,215.6,19.5734,2nd Week
2017-05-09,20000,OMO,May-09-2017,09-05-2017,2766,May-03-2018,Sales,17108.84,18.6000 - 18.6000,18.6,Issue,OMO,18.6000 - 18.6000,359,0,17108.84,17108.84,22.7646,2nd Week
2017-05-10,5000,OMO,May-10-2017,10-05-2017,2767,November-16-2017,Sales,222.045,18.0000 - 18.0000,18,Issue,OMO,18.0000 - 18.0000,190,0,222.045,222.045,19.8609,2nd Week
2017-05-10,30000,OMO,May-10-2017,10-05-2017,2768,April-05-2018,Sales,33437.05,18.6000 - 18.6000,18.6,Issue,OMO,18.6000 - 18.6000,330,0,33437.05,33437.05,22.3602,2nd Week
2017-05-10,40,Primary Market,May-10-2017,10-05-2017 - 5 Year,2803,July-15-2021,Sales,10,15.8500 - 17.5000,16.3,Maginal,FGN Bonds,15.8500 - 16.3000,5 Year,0,17.29,10,0,2nd Week
2017-05-10,50,Primary Market,May-10-2017,10-05-2017 - 10 Year,2804,March-17-2027,Sales,35,15.7500 - 18.0000,16.29,Maginal,FGN Bonds,15.7500 - 16.2900,10 Year,0,52.94,35,0,2nd Week
2017-05-10,50,Primary Market,May-10-2017,10-05-2017 - 20 Year,2805,April-18-2037,Sales,65,15.7500 - 18.0000,16.299,Maginal,FGN Bonds,15.7500 - 16.2990,20 Year,0,91.67,65,0,2nd Week
2017-05-11,5000,OMO,May-11-2017,11-05-2017,2769,October-26-2017,Sales,1781.4,18.0000 - 18.0000,18,Issue,OMO,18.0000 - 18.0000,168,0,1781.4,1781.4,19.626,2nd Week
2017-05-11,40000,OMO,May-11-2017,11-05-2017,2770,May-10-2018,Sales,24040.044,18.6000 - 18.6000,18.6,Issue,OMO,18.6000 - 18.6000,364,0,24040.044,24040.044,22.8358,2nd Week
2017-05-12,5000,OMO,May-12-2017,12-05-2017,2771,October-26-2017,Sales,157.6,18.0000 - 18.0000,18,Issue,OMO,18.0000 - 18.0000,167,0,157.6,157.6,19.6155,2nd Week
2017-05-12,30000,OMO,May-12-2017,12-05-2017,2772,May-10-2018,Sales,16867.239,18.6000 - 18.6000,18.6,Issue,OMO,18.6000 - 18.6000,363,0,16867.239,16867.239,22.8215,2nd Week
2017-05-15,5000,OMO,May-15-2017,15-05-2017,2782,November-16-2017,Sales,2250,18.0000 - 18.0000,18,Issue,OMO,18.0000 - 18.0000,185,0,2250,2250,19.8071,3rd Week
2017-05-15,10000,OMO,May-15-2017,15-05-2017,2783,May-03-2018,Sales,4572.6,18.6000 - 18.6000,18.6,Issue,OMO,18.6000 - 18.6000,353,0,4572.6,4572.6,22.6797,3rd Week
2017-05-16,5000,OMO,May-16-2017,16-05-2017,2781,December-07-2017,Sales,242.744,18.0000-18.0000,18,Issue,OMO,18.0000-18.0000,205,0,242.744,242.744,20.0244,3rd Week
2017-05-16,10000,OMO,May-16-2017,16-05-2017,2784,May-10-2018,Sales,3656.799,18.6000-18.6000,18.6,Issue,OMO,18.6000-18.6000,359,0,3656.799,3656.799,22.7646,3rd Week
2017-05-17,32436.51,Primary Market,May-17-2017,17-05-2017 - 91 Day,2773,August-17-2017,Sales,32436.51,13.4900 - 16.5000,13.5,Issue,NTB,13.4900 - 13.5000,91,0,37712.34,32436.51,13.9702,3rd Week
2017-05-17,22824.45,Primary Market,May-17-2017,17-05-2017 - 182 Day,2774,November-16-2017,Sales,22824.45,16.5000 - 18.0000,17.149,Issue,NTB,16.5000 - 17.1490,182,0,28701.43,22824.45,18.7525,3rd Week
2017-05-17,55683.6,Primary Market,May-17-2017,17-05-2017 - 364 Day,2775,May-17-2018,Sales,55683.6,18.0000 - 20.0000,18.7,Issue,NTB,18.0000 - 18.7000,364,0,138187.8,55683.6,22.9867,3rd Week
2017-05-18,5000,OMO,May-18-2017,18-05-2017,2787,October-19-2017,Sales,96.393,18.0000-18.0000,18,Issue,OMO,18.0000-18.0000,154,0,96.393,96.393,19.4794,3rd Week
2017-05-18,10000,OMO,May-18-2017,18-05-2017,2788,May-10-2018,Sales,47213.464,18.6000-18.6000,18.6,Issue,OMO,18.6000-18.6000,357,0,47213.464,47213.464,22.7363,3rd Week
2017-05-19,5000,OMO,May-19-2017,19-05-2017,2785,October-19-2017,Sales,202.88,18.0000 - 18.0000,18,Issue,OMO,18.0000 - 18.0000,181,0,202.88,202.88,19.7642,3rd Week
2017-05-19,10000,OMO,May-19-2017,19-05-2017,2786,May-10-2018,Sales,5687.47,18.6000 - 18.6000,18.6,Issue,OMO,18.6000 - 18.6000,349,0,5687.47,5687.47,22.6235,3rd Week
2017-05-22,5000,OMO,May-22-2017,22-05-2017,2779,December-07-2017,Sales,144.06,18.0000 - 18.0000,18,Issue,OMO,18.0000 - 18.0000,199,0,144.06,144.06,19.9587,4th Week
2017-05-22,10000,OMO,May-22-2017,22-05-2017,2780,March-22-2018,Sales,4411.33,18.6000 - 18.6000,18.6,Issue,OMO,18.6000 - 18.6000,304,0,4411.33,4411.33,22.0096,4th Week
2017-05-23,5000,OMO,May-23-2017,23-05-2017,2777,December-07-2017,Sales,280.7,18.0000 - 18.0000,18,Issue,OMO,18.0000 - 18.0000,198,0,280.7,280.7,19.9478,4th Week
2017-05-23,10000,OMO,May-23-2017,23-05-2017,2778,May-03-2018,Sales,7780.11,18.6000 - 18.6000,18.6,Issue,OMO,18.6000 - 18.6000,345,0,7780.11,7780.11,22.5676,4th Week
2017-05-24,10000,OMO,May-24-2017,24-05-2017,2776,March-29-2018,Sales,975.28,18.6000 - 18.6000,18.6,Issue,OMO,18.6000 - 18.6000,309,0,975.28,975.28,22.0762,4th Week
2017-05-25,5000,OMO,May-25-2017,25-07-2017,2789,December-14-2017,Sales,235.33,18.0000 - 18.0000,18,Issue,OMO,18.0000 - 18.0000,203,0,235.33,235.33,20.0024,4th Week
2017-05-25,10000,OMO,May-25-2017,25-05-2017,2790,May-24-2018,Sales,14078.78,18.6000 - 18.6000,18.6,Issue,OMO,18.6000 - 18.6000,364,0,14078.78,14078.78,22.8358,4th Week
2017-05-26,5000,OMO,May-26-2017,26-05-2017,2791,December-14-2017,Sales,88.6,18.0000 - 18.0000,18,Issue,OMO,18.0000 - 18.0000,202,0,88.6,88.6,19.9915,4th Week
2017-05-26,10000,OMO,May-26-2017,26-05-2017,2792,May-24-2018,Sales,14694.091,18.6000 - 18.6000,18.6,Issue,OMO,18.6000 - 18.6000,363,0,14694.091,14694.091,22.8215,4th Week
2017-05-30,5000,OMO,May-30-2017,30-05-2017,2793,December-07-2017,Sales,61,18.0000 - 18.0000,18,Issue,OMO,18.0000 - 18.0000,191,0,61,61,19.8718,5th Week
2017-05-30,10000,OMO,May-30-2017,30-05-2017,2794,May-24-2018,Sales,2722,18.6000 - 18.6000,18.6,Issue,OMO,18.6000 - 18.6000,359,0,2722,2722,22.7646,5th Week
2017-05-31,26143.54,Primary Market,May-31-2017,31-05-2017 - 91 Day,2806,August-31-2017,Sales,26143.54,13.4000 - 16.5000,13.4,Issue,NTB,13.4000 - 13.4000,91,0,26500.94,26143.54,13.8631,5th Week
2017-05-31,11005.93,Primary Market,May-31-2017,31-05-2017 - 182 Day,2807,November-30-2017,Sales,11005.93,17.0000 - 18.0000,17.139,Issue,NTB,17.0000 - 17.1390,182,0,11541.51,11005.93,18.7406,5th Week
2017-05-31,80000,Primary Market,May-31-2017,31-05-2017 - 364 Day,2808,May-31-2018,Sales,80000,18.0000 - 19.0000,18.65,Issue,NTB,18.0000 - 18.6500,364,0,163744.13,80000,22.9112,5th Week
2017-06-01,5000,OMO,June-01-2017,01-06-2017,2795,December-14-2017,Sales,232.8,18.0000 - 18.0000,18,Issue,OMO,18.0000 - 18.0000,196,0,232.8,232.8,19.926,1st Week
2017-06-01,10000,OMO,June-01-2017,01-06-2017,2796,May-17-2018,Sales,12696,18.6000 - 18.6000,18.6,Issue,OMO,18.6000 - 18.6000,350,0,12696,12696,22.6375,1st Week
2017-06-02,5000,OMO,June-02-2017,02-06-2017,2797,December-14-2017,Sales,3563.1,18.0000 - 18.0000,18,Issue,OMO,18.0000 - 18.0000,195,0,3563.1,3563.1,19.9151,1st Week
2017-06-02,10000,OMO,June-02-2017,02-06-2017,2798,May-24-2018,Sales,78235.41,18.6000 - 18.6000,18.6,Issue,OMO,18.6000 - 18.6000,356,0,78235.41,78235.41,22.7221,1st Week
2017-06-05,300,OMO,June-05-2017,05-06-2017 - 192 Day,2799,December-14-2017,Sales,300,17.9000 - 17.9000,17.9,Issue,OMO,17.9000 - 17.9000,192,0,300,300,19.7606,1st Week
2017-06-05,10000,OMO,June-05-2017,05-06-2017 - 346 Day,2800,May-17-2018,Sales,9988,18.6000 - 18.6000,18.6,Issue,OMO,18.6000 - 18.6000,346,0,9988,9988,22.5815,1st Week
2017-06-06,5000,OMO,June-06-2017,06-06-2017 - 191 Day,2801,December-14-2017,Sales,184,18.0000 - 18.0000,18,Issue,OMO,18.0000 - 18.0000,191,0,184,184,19.8718,1st Week
2017-06-06,10000,OMO,June-06-2017,06-06-2017 - 345 Day,2802,May-17-2018,Sales,18087.79,18.6000 - 18.6000,18.6,Issue,OMO,18.6000 - 18.6000,345,0,18087.79,18087.79,22.5676,1st Week
2017-06-07,5000,OMO,June-07-2017,07-06-2017,2809,December-14-2017,Sales,234.21,18.0000 - 18.0000,18,Issue,OMO,18.0000 - 18.0000,190,0,234.21,234.21,19.8609,2nd Week
2017-06-07,20000,OMO,June-07-2017,07-06-2017,2810,May-31-2018,Sales,13259.32,18.6000 - 18.6000,18.6,Issue,OMO,18.6000 - 18.6000,358,0,13259.32,13259.32,22.7504,2nd Week
2017-06-08,5000,OMO,June-08-2017,08-06-2017,2811,December-14-2017,Sales,1981.163,18.0000 - 18.0000,18,Issue,OMO,18.0000 - 18.0000,189,0,1981.163,1981.163,19.8501,2nd Week
2017-06-08,10000,OMO,June-08-2017,8-6-2017,2812,May-31-2018,Sales,14785.968,18.6000 - 18.6000,18.6,Issue,OMO,18.6000 - 18.6000,357,0,14785.968,14785.968,22.7363,2nd Week
2017-06-09,5000,OMO,June-09-2017,9-6-2017,2813,December-07-2017,Sales,3.5,18.0000 - 18.0000,18,Issue,OMO,18.0000 - 18.0000,181,0,3.5,3.5,19.7642,2nd Week
2017-06-09,10000,OMO,June-09-2017,9-6-2017,2814,May-17-2018,Sales,14972.831,18.6000 - 18.6000,18.6,Issue,OMO,18.6000 - 18.6000,342,0,14972.831,14972.831,22.5258,2nd Week
2017-06-12,10000,OMO,June-12-2017,12-06-2017,2815,May-31-2018,Sales,5305.891,18.6000 - 18.6000,18.6,Issue,OMO,18.6000 - 18.6000,353,0,5305.891,5305.891,22.6797,3rd Week
2017-06-13,5000,OMO,June-13-2017,13-06-2017,2816,December-14-2017,Sales,324,18.0000 - 18.0000,18,Issue,OMO,18.0000 - 18.0000,184,0,324,324,19.7963,3rd Week
2017-06-13,10000,OMO,June-13-2017,13-06-2017,2817,May-31-2018,Sales,1801.82,18.6000 - 18.6000,18.6,Issue,OMO,18.6000 - 18.6000,352,0,1801.82,1801.82,22.6657,3rd Week
2017-06-14,39006.25,Primary Market,June-14-2017,14-06-2017 - 91 Day,2818,September-14-2017,Sales,39006.25,13.3000 - 15.5000,13.5,Issue,NTB,13.3000 - 13.5000,91,0,39206.25,39006.25,13.9702,3rd Week
2017-06-14,23024.75,Primary Market,June-14-2017,14-06-2017 - 182 Day,2819,December-14-2017,Sales,23024.75,16.9000 - 18.0000,17.3,Issue,NTB,16.9000 - 17.3000,182,0,24790.75,23024.75,18.9332,3rd Week
2017-06-14,174640.72,Primary Market,June-14-2017,14-06-2017 - 364 Day,2820,June-14-2018,Sales,174640.72,18.0000 - 19.6099,18.6899,Issue,NTB,18.0000 - 18.6899,364,0,201198.92,174640.72,22.9715,3rd Week
2017-06-19,5000,OMO,June-19-2017,19-06-2017,2821,December-21-2017,Sales,4613.77,18.0000 - 18.0000,18,Issue,OMO,18.0000 - 18.0000,185,0,4613.77,4613.77,19.8071,4th Week
2017-06-19,10000,OMO,June-19-2017,19-06-2017,2822,May-31-2018,Sales,16853.64,18.6000 - 18.6000,18.6,Issue,OMO,18.6000 - 18.6000,346,0,16853.64,16853.64,22.5815,4th Week
2017-06-20,5000,OMO,June-20-2017,20-06-2017,2823,December-07-2017,Sales,1319,18.0000 - 18.0000,18,Issue,OMO,18.0000 - 18.0000,170,0,1319,1319,19.6471,4th Week
2017-06-20,10000,OMO,June-20-2017,20-06-2017,2824,May-31-2018,Sales,10000,18.6000 - 18.6000,18.6,Issue,OMO,18.6000 - 18.6000,345,0,10000,10000,22.5676,4th Week
2017-06-21,28122,Primary Market,June-21-2017,21-06-2017,2833,September-21-2017,Sales,28122,13.4000 - 13.4999,13.4999,Issue,NTB,13.4000 - 13.4999,91,0,28122,28122,13.9701,4th Week
2017-06-21,55124.499,Primary Market,June-21-2017,21-06-2017,2834,December-21-2017,Sales,43837.194,17.0000 - 17.5000,17.5,Issue,NTB,17.0000 - 17.5000,182,0,43837.194,43837.194,19.173,4th Week
2017-06-21,50000,Primary Market,June-21-2017,21-06-2017,2835,June-21-2018,Sales,61287.305,18.0000 - 18.8000,18.6499,Issue,NTB,18.0000 - 18.6499,364,0,82246.69,61287.305,18.6499,4th Week
2017-06-21,40,Primary Market,June-21-2017,21-06-2017-5 Year,2853,July-15-2021,Sales,4.22,15.7800 - 18.9000,16.19,Maginal,FGN Bonds,15.7800 - 16.1900,5 Year,0,12.52,4.22,0,4th Week
2017-06-21,50,Primary Market,June-21-2017,21-06-2017-10 Year,2854,March-17-2027,Sales,30.25,15.2500 - 19.8000,16.19,Maginal,FGN Bonds,15.2500 - 16.1900,10 Year,0,57.35,30.25,0,4th Week
2017-06-21,50,Primary Market,June-21-2017,21-06-2017-20 Year,2855,April-18-2037,Sales,64.79,15.2500 - 20.5600,16.1965,Maginal,FGN Bonds,15.2500 - 16.1965,20 Year,0,88.24,64.79,0,4th Week
2017-06-22,5000,OMO,June-22-2017,22-06-2017,2825,December-07-2017,Sales,377.88,18.0000 - 18.0000,18,Issue,OMO,18.0000 - 18.0000,168,0,377.88,377.88,19.626,4th Week
2017-06-22,10000,OMO,June-22-2017,22-06-2016,2826,June-14-2018,Sales,22341.56,18.6000 - 18.6000,18.6,Issue,OMO,18.6000 - 18.6000,357,0,22341.56,22341.56,22.7363,4th Week
2017-06-23,5000,OMO,June-23-2017,23-06-2017,2827,December-07-2017,Sales,383.1,18.0000 - 18.0000,18,Issue,OMO,18.0000 - 18.0000,167,0,383.1,383.1,19.6155,4th Week
2017-06-23,20000,OMO,June-23-2017,23-06-2017,2828,June-14-2018,Sales,20000,18.6000 - 18.6000,18.6,Issue,OMO,18.6000 - 18.6000,356,0,41776.6,20000,22.7221,4th Week
2017-06-28,10000,OMO,June-28-2017,28-06-2017,2829,December-21-2017,Sales,1800,18.0000 - 18.0000,18,Issue,OMO,18.0000 - 18.0000,176,0,1800,1800,19.7108,5th Week
2017-06-28,70000,OMO,June-28-2017,28-06-2017,2830,June-21-2018,Sales,52032.38,18.6000 - 18.6000,18.6,Issue,OMO,18.6000 - 18.6000,358,0,53887.38,52032.38,22.7504,5th Week
2017-06-30,5000,OMO,June-30-2017,30-06-2017,2831,December-07-2017,Sales,440,17.9800 - 18.0000,17.98,Issue,OMO,17.9800 - 17.9800,160,0,941.07,440,19.5184,5th Week
2017-06-30,30000,OMO,June-30-2017,30-06-2017,2832,June-14-2018,Sales,31524,18.54000 - 18.6000,18.569,Issue,OMO,18.5400 - 18.6000,349,31524,89388.12,31524,22.6235,5th Week
2017-07-03,10000,OMO,July-03-2017,03-07-2017,2841,January-18-2018,Sales,765.43,17.9000 - 18.0000,17.95,Issue,OMO,17.9000 - 17.9500,199,0,890.43,765.43,19.8972,1st Week
2017-07-03,50000,OMO,July-03-2017,03-07-2017,2842,June-07-2018,Sales,44662.62,18.5000 - 18.6000,18.55,Issue,OMO,18.5000 - 18.5500,339,0,45262.62,44662.62,22.4111,1st Week
2017-07-04,5000,OMO,July-04-2017,04-07-2017,2843,December-07-2017,Sales,114.87,17.9000 - 17.9500,17.95,Issue,OMO,17.9000 - 17.9500,156,0,114.87,114.87,19.4415,1st Week
2017-07-04,30000,OMO,July-04-2017,04-07-2017,2844,June-07-2018,Sales,27752.03,18.5000 - 18.5500,18.55,Issue,OMO,18.5000 - 18.5500,338,0,27752.03,27752.03,22.3974,1st Week
2017-07-05,35000,Primary Market,July-05-2017,05-07-2017 - 91 Day,2836,October-05-2017,Sales,28693.92,13.2242 - 15.5000,13.5,Issue,NTB,13.2242 - 13.5000,91,0,28844.02,28693.92,13.9702,1st Week
2017-07-05,22000,Primary Market,July-05-2017,05-07-2017 - 182 Day,2837,January-04-2018,Sales,21247.19,17.0000 - 18.0000,17.5,Issue,NTB,17.0000 - 17.5000,182,0,21407.19,21247.19,19.173,1st Week
2017-07-05,120000,Primary Market,July-05-2017,05-07-2017 - 364 Day,2838,July-05-2018,Sales,127058.89,18.0000 - 19.6000,18.599,Issue,NTB,18.0000 - 18.5990,364,0,161187.87,127058.89,22.8343,1st Week
2017-07-07,5000,OMO,July-07-2017,07-07-2017,2845,January-18-2018,Sales,228.82,17.9500 - 17.9500,17.95,Issue,OMO,17.9500 - 17.9500,195,0,228.82,228.82,19.8539,1st Week
2017-07-07,40000,OMO,July-07-2017,07-07-2017,2846,July-05-2018,Sales,25544.52,18.5400 - 18.5500,18.55,Issue,OMO,18.5400 - 18.5500,363,0,25544.52,25544.52,22.7463,1st Week
2017-07-10,5000,OMO,July-10-2017,10-07-2017,2839,January-25-2018,Sales,3300,17.9500 - 17.9500,17.95,Issue,OMO,17.9500 - 17.9500,199,0,3300,3300,19.8972,2nd Week
2017-07-10,20000,OMO,July-10-2017,10-07-2017,2840,July-05-2018,Sales,16117.04,18.5300 - 18.6000,18.55,Issue,OMO,18.5300 - 18.5500,360,0,17117.04,16117.04,22.7039,2nd Week
2017-07-11,5000,OMO,July-11-2017,11-07-2017,2847,January-18-2018,Sales,306.39,17.9500 - 17.9500,17.95,Issue,OMO,17.9500 - 17.9500,191,0,306.39,306.39,19.8108,2nd Week
2017-07-11,30000,OMO,July-11-2017,11-07-2017,2848,July-05-2018,Sales,24335.72,18.5300 - 18.6000,18.55,Issue,OMO,18.5300 - 18.5500,359,0,27335.72,24335.72,22.6898,2nd Week
2017-07-12,40000,OMO,July-12-2017,12-07-2017,2850,June-21-2018,Sales,34318.78,18.5490 - 18.5500,18.55,Issue,OMO,18.54900 - 18.5500,344,0,34318.78,34318.78,22.4801,2nd Week
2017-07-12,35,Primary Market,July-12-2017,12-07-2017-5 Year,2856,July-15-2021,Sales,3.9,15.8500 - 17.5000,16.24,Maginal,FGN Bonds,15.8500 - 16.2400,5 Year,0,9.1,3.9,0,2nd Week
2017-07-12,50,Primary Market,July-12-2017,12-07-2017-10 Year,2857,March-17-2027,Sales,47.01,15.5000 - 17.5000,16.25,Maginal,FGN Bonds,15.5000 - 16.2500,10 Year,0,55.31,47.01,0,2nd Week
2017-07-12,50,Primary Market,July-12-2017,12-07-2017-10 Year,2858,April-18-2037,Sales,55.05,15.5000 - 17.5000,16.2514,Maginal,FGN Bonds,15.5000 - 16.2514,20 Year,0,64.75,55.05,0,2nd Week
2017-07-13,5000,OMO,July-13-2017,13-07-2017,2851,January-25-2018,Sales,125,17.9500 - 17.9500,17.95,Issue,OMO,17.9500 - 17.9500,196,0,125,125,19.8647,2nd Week
2017-07-13,50000,OMO,July-13-2017,13-07-2017,2852,July-12-2018,Sales,28294.798,18.5399 - 18.5500,18.55,Issue,OMO,18.5399 - 18.5500,364,0,28294.798,28294.798,22.7605,2nd Week
2017-07-14,50000,OMO,July-14-2017,14-07-2017,2859,July-12-2018,Sales,25761.59,18.5490 - 18.5500,18.55,Issue,OMO,18.54900 - 18.5500,363,0,25761.59,25761.59,22.7463,2nd Week
2017-07-17,5000,OMO,July-17-2017,17-07-2017,2860,January-18-2018,Sales,5000,17.9500 - 17.9500,17.95,Issue,OMO,17.9500 - 17.9500,185,0,6293,5000,19.7465,3rd Week
2017-07-17,50000,OMO,July-17-2017,17-07-2017,2861,June-28-2018,Sales,14502.085,18.5000 - 18.5500,18.55,Issue,OMO,18.5000 - 18.5500,346,0,14502.085,14502.085,22.5079,3rd Week
2017-07-18,10000,OMO,July-18-2017,18-07-2017,2862,February-01-2018,Sales,10000,17.9400 - 17.9500,17.94,Issue,OMO,17.9400 - 17.9400,198,0,10750,10000,19.8741,3rd Week
2017-07-18,50000,OMO,July-18-2017,18-07-2017,2863,June-28-2018,Sales,31276.6,18.5400 - 18.5500,18.55,Issue,OMO,18.5400 - 18.5500,345,0,31276.6,31276.6,22.494,3rd Week
2017-07-19,36786.99,Primary Market,July-19-2017,19-07-2017 - 91 Day,2864,October-19-2017,Sales,32400,13.2000 - 13.5000,13.425,Issue,NTB,13.2000 - 13.4250,91,0,33612.88,32400,13.8899,3rd Week
2017-07-19,39175.91,Primary Market,July-19-2017,19-07-2017 - 182 Day,2865,January-18-2018,Sales,26600,17.0000 - 18.0000,17.3989,Issue,NTB,17.0000 - 17.3989,182,0,27428.11,26600,19.0518,3rd Week
2017-07-19,129000,Primary Market,July-19-2017,19-07-2017 - 364 Day,2866,July-19-2018,Sales,145962.9,18.0000 - 20.4990,18.549,Issue,NTB,18.0000 - 18.5490,364,0,254240.12,145962.9,22.759,3rd Week
2017-07-20,40000,OMO,July-20-2017,20-07-2017,2867,February-01-2018,Sales,688.23,17.9370 - 18.0000,17.95,Issue,OMO,17.9370 - 17.9500,196,0,938.23,688.23,19.8647,3rd Week
2017-07-20,100000,OMO,July-20-2017,20-07-2017,2868,July-19-2018,Sales,127006.23,18.5390 - 18.5500,18.55,Issue,OMO,18.5390 - 18.5500,364,0,127006.23,127006.23,22.7605,3rd Week
2017-07-21,20000,OMO,July-21-2017,21-07-2017,2869,February-01-2018,Sales,250,17.9500 - 17.9500,17.95,Issue,OMO,17.9500 - 17.9500,195,0,250,250,19.8539,3rd Week
2017-07-21,100000,OMO,July-21-2017,21-07-2017,2870,July-12-2018,Sales,85988.06,18.5400 - 18.5500,18.55,Issue,OMO,18.5400 - 18.5500,356,0,85988.06,85988.06,22.6475,3rd Week
2017-07-25,10000,OMO,July-25-2017,25-07-2017,2871,February-01-2018,Sales,201.3,17.9450 - 17.9450,17.945,Issue,OMO,17.9450 - 17.9450,191,0,201.3,201.3,19.8047,4th Week
2017-07-25,50000,OMO,July-25-2017,25-07-2017,2872,June-28-2018,Sales,45131.8,18.5490 - 18.5500,18.55,Issue,OMO,18.5490 - 18.5500,338,0,45131.8,45131.8,22.3959,4th Week
2017-07-26,10000,OMO,July-26-2017,26-07-2017,2873,February-01-2018,Sales,160,17.9400 - 17.94900,17.949,Issue,OMO,17.9400 - 17.9490,190,0,160,160,19.949,4th Week
2017-07-26,50000,OMO,July-26-2017,26-07-2017,2874,July-05-2018,Sales,74511.817,18.5490 - 18.5500,18.55,Issue,OMO,18.5490 - 18.5500,344,0,74511.817,74511.817,22.4801,4th Week
2017-07-27,10000,OMO,July-27-2017,27-07-2017,2875,February-01-2018,Sales,2190.1,17.9450 - 17.9450,17.945,Issue,OMO,17.9450 - 17.9450,189,0,2190.1,2190.1,19.7833,4th Week
2017-07-27,100000,OMO,July-27-2017,27-07-2017,2876,July-26-2018,Sales,126137.026,18.5490 - 18.5500,18.55,Issue,OMO,18.5490 - 18.5500,364,0,126137.026,126137.026,22.7605,4th Week
2017-07-28,5000,OMO,July-28-2017,28-07-2017,2877,February-01-2018,Sales,0.003,17.9500 - 17.9500,17.95,Issue,OMO,17.9500 - 17.9500,188,0,0.003,0.003,19.7786,4th Week
2017-07-28,30000,OMO,July-28-2017,28-07-2017,2878,June-07-2018,Sales,69684.71,18.5490 - 18.5500,18.55,Issue,OMO,18.5490 - 18.5500,314,0,69684.71,69684.71,22.0723,4th Week
2017-07-31,10000,OMO,July-31-2017,31-07-2017,2879,February-01-2018,Sales,8835.81,17.9400 - 17.9500,17.95,Issue,OMO,17.9400 - 17.9500,185,0,8835.8117,8835.81,19.7465,5th Week
2017-07-31,70000,OMO,July-31-2017,31-07-2017,2880,June-28-2018,Sales,51957.33,18.5490 - 18.5500,18.55,Issue,OMO,18.5490 - 18.5500,332,0,51957.33,51957.33,22.3152,5th Week
2017-08-02,29143.39,Primary Market,August-02-2017,02-08-2017 - 91 Day,2883,November-02-2017,Sales,23055.47,13.3500 - 18.0000,13.422,Issue,NTB,13.3500 - 13.4220,91,0,26175.49,23055.47,13.8867,1st Week
2017-08-02,80000,Primary Market,August-02-2017,02-08-2017 - 182 Day,2884,February-01-2018,Sales,69565.35,17.0000 - 19.5000,17.4,Issue,NTB,17.0000 - 17.4000,182,0,69746.11,69565.35,19.0531,1st Week
2017-08-02,120000,Primary Market,August-02-2017,02-08-2017 - 364 Day,2885,August-02-2018,Sales,136522.57,18.0000 - 18.8000,18.53,Issue,NTB,18.0000 - 18.5300,364,0,211052.82,136522.57,22.7304,1st Week
2017-08-03,10000,OMO,August-03-2017,03-08-2017,2881,February-08-2018,Sales,3578.84,17.9000 - 17.9500,17.95,Issue,OMO,17.9000 - 17.9500,189,0,3578.84,3578.84,19.7894,1st Week
2017-08-03,100000,OMO,August-03-2017,03-08-2017,2882,August-02-2018,Sales,134530.53,18.5000 - 18.5500,18.55,Issue,OMO,18.5000 - 18.5500,364,0,134530.83,134530.53,22.7605,1st Week
2017-08-04,5000,OMO,August-04-2017,04-08-2017,2886,February-08-2018,Sales,439.45,17.9500 - 17.9500,17.95,Issue,OMO,17.9500 - 17.9500,188,0,439.45,439.45,19.7786,1st Week
2017-08-04,50000,OMO,August-04-2017,04-08-2017,2887,July-26-2018,Sales,167164.57,18.5490 - 18.5500,18.55,Issue,OMO,18.5490 - 18.5500,356,0,167164.57,167164.57,22.6475,1st Week
2017-08-07,10000,OMO,August-07-2017,07-08-2017,2888,February-08-2018,Sales,121.8,17.9490 - 17.9500,17.95,Issue,OMO,17.9490 - 17.9500,185,0,121.8,121.8,19.7465,2nd Week
2017-08-07,50000,OMO,August-07-2017,07-08-2017,2889,July-05-2018,Sales,34286.86,18.5490 - 18.5500,18.55,Issue,OMO,18.5490 - 18.5500,332,0,34286.86,34286.86,22.3152,2nd Week
2017-08-09,5000,OMO,August-09-2017,09-08-2017,2890,February-08-2018,Sales,553.02,17.9490 - 17.9500,17.95,Issue,OMO,17.9490 - 17.9500,183,0,553.02,553.02,19.7252,2nd Week
2017-08-09,50000,OMO,August-09-2017,09-08-2017,2891,July-19-2018,Sales,11172.35,18.5490 - 18.5500,18.55,Issue,OMO,18.5490 - 18.5500,344,0,11172.35,11172.35,22.4801,2nd Week
2017-08-10,10000,OMO,August-10-2017,10-08-2017,2892,February-08-2018,Sales,481.1,17.9500 - 17.9500,17.95,Issue,OMO,17.9500 - 17.9500,182,0,481.1,481.1,19.7145,2nd Week
2017-08-10,50000,OMO,August-10-2017,10-08-2017,2893,August-09-2018,Sales,16313.87,18.5490 - 18.5500,18.55,Issue,OMO,18.5490 - 18.5500,364,0,16313.87,16313.87,22.7605,2nd Week
2017-08-11,5000,OMO,August-11-2017,11-08-2017,2894,February-08-2018,Sales,43.29,17.9490 - 17.9500,17.95,Issue,OMO,17.9490 - 17.9500,181,0,43.29,43.29,19.7039,2nd Week
2017-08-11,30000,OMO,August-11-2017,11-08-2017,2895,August-09-2018,Sales,20460.01,18.5490 - 18.5500,18.55,Issue,OMO,18.5490 - 18.5500,363,0,20460.01,20460.01,22.7463,2nd Week
2017-08-14,5000,OMO,August-14-2017,14-08-2017,2896,February-22-2018,Sales,180,17.9490 - 17.9500,17.95,Issue,OMO,17.9490 - 17.9500,192,0,180,180,19.8216,3rd Week
2017-08-14,20000,OMO,August-14-2017,14-08-2017,2897,August-09-2018,Sales,9205.37,18.5490 - 18.5500,18.55,Issue,OMO,18.5490 - 18.5500,360,0,9205.37,9205.37,22.9899,3rd Week
2017-08-15,5000,OMO,August-15-2017,15-08-2017,2898,August-22-2018,Sales,81.66,17.9500 - 17.9500,17.95,Issue,OMO,17.9500 - 17.9500,191,0,81.66,81.66,19.8108,3rd Week
2017-08-15,20000,OMO,August-15-2017,15-08-2017,2899,August-09-2018,Sales,25293.66,18.5490 - 18.5500,18.55,Issue,OMO,18.5490 - 18.5500,359,0,25293.66,25293.66,22.6898,3rd Week
2017-08-16,32436.51,Primary Market,August-16-2017,16-08-2017 - 91 Day,2902,November-16-2017,Sales,32436.51,13.2900 - 18.5000,13.35,Issue,NTB,13.2900 - 13.3500,91,0,33040.11,32436.51,13.8096,3rd Week
2017-08-16,30000,Primary Market,August-16-2017,16-08-2017 - 182 Day,2903,February-15-2018,Sales,30000,17.0000 - 20.0000,17.35,Issue,NTB,17.0000 - 17.3500,182,0,34746.66,30000,18.9931,3rd Week
2017-08-17,10000,OMO,August-17-2017,17-08-2017,2900,February-08-2018,Sales,8860.49,17.9490 - 17.9500,17.95,Issue,OMO,17.9490 - 17.9500,175,0,8860.49,8860.49,19.6403,3rd Week
2017-08-17,70000,OMO,August-17-2017,17-08-2017,2901,August-16-2018,Sales,90645.15,18.5000 - 18.5500,18.55,Issue,OMO,18.5000 - 18.5500,364,0,90645.15,90645.15,22.7605,3rd Week
2017-08-18,10000,OMO,August-18-2017,18-08-2017,2904,February-08-2018,Sales,3297.01,17.9490 - 17.9500,17.95,Issue,OMO,17.9490 - 17.9500,174,0,3297.01,3297.01,19.6297,3rd Week
2017-08-18,50000,OMO,August-18-2017,18-08-2016,2905,August-16-2018,Sales,65510.01,18.5490 - 18.5500,18.55,Issue,OMO,18.5490 - 18.5500,363,0,65510.36,65510.36,22.7463,3rd Week
2017-08-21,5000,OMO,August-21-2017,21-08-2017,2906,February-22-2018,Sales,27453.35,17.93000 - 17.9500,17.95,Issue,OMO,17.93000 - 17.9500,185,0,27453.35,27453.35,19.7465,4th Week
2017-08-21,30000,OMO,August-21-2017,21-08-2017,2907,August-09-2018,Sales,24476.33,18.5490 - 18.5500,18.549,Issue,OMO,18.5490 - 18.5490,353,0,82096.73,24476.33,22.604,4th Week
2017-08-22,10000,OMO,August-22-2017,22-08-2017,2908,February-22-2018,Sales,69.42,17.9500 – 17.9500,17.95,Issue,OMO,17.9500 – 17.9500,184,0,69.42,69.42,19.7359,4th Week
2017-08-22,50000,OMO,August-22-2017,22-08-2017,2909,August-09-2018,Sales,60796.109,18.4400-18.5490,18.549,Issue,OMO,18.4400-18.5490,352,0,60796.109,60796.109,22.59,4th Week
2017-08-23,10000,OMO,August-23-2017,23-08-2017,2910,February-22-2018,Sales,580,17.9500 - 17.9500,17.95,Issue,OMO,17.9500 - 17.9500,183,0,580,580,19.7252,4th Week
2017-08-23,50000,OMO,August-23-2017,23-08-2017,2911,August-02-2018,Sales,57696.54,18.5390 - 18.5490,18.549,Issue,OMO,18.5390 - 18.5490,344,0,57696.54,57696.54,22.4787,4th Week
2017-08-23,35,Primary Market,August-23-2017,23-08-2017,2914,July-15-2021,Sales,9.18,16.2000 - 17.0149,16.8,Maginal,FGN Bonds,16.2000 - 16.8000,5 Year,0,10.38,9.18,0,4th Week
2017-08-23,50,Primary Market,August-23-2017,23-08-2017,2915,March-17-2027,Sales,17.51,15.8000 - 17.0439,16.8,Maginal,FGN Bonds,15.8000 - 16.8000,10 Year,0,19.91,17.51,0,4th Week
2017-08-23,50,Primary Market,August-23-2017,23-08-2017,2916,April-18-2037,Sales,29.36,15.8000 - 17.2500,16.9,Maginal,FGN Bonds,15.8000 - 16.9000,20 Year,0,33.36,29.36,0,4th Week
2017-08-24,10000,OMO,August-24-2017,24-08-2017,2912,February-22-2018,Sales,120.033,17.9500 - 17.9500,17.95,Issue,OMO,17.9500 - 17.9500,182,0,120.033,120.033,19.7145,4th Week
2017-08-24,50000,OMO,August-24-2017,24-08-2017,2913,August-23-2018,Sales,21860.02,18.5400 - 18.5490,18.549,Issue,OMO,18.5400 - 18.5490,364,0,21860.02,21860.02,22.759,4th Week
2017-08-25,10000,OMO,August-25-2017,25-08-2017,2917,February-22-2018,Sales,145.75,17.9500 - 17.9500,17.95,Issue,OMO,17.9500 - 17.9500,181,0,145.75,145.75,19.7039,4th Week
2017-08-25,30000,OMO,August-25-2017,25-08-2017,2918,August-23-2018,Sales,26783.35,18.5000 - 18.5490,18.549,Issue,OMO,18.5000 - 18.5490,363,0,26783.35,26783.35,22.7448,4th Week
2017-08-29,20000,OMO,August-29-2017,29-07-2017,2919,August-22-2018,Sales,50,17.9500 - 17.9500,17.95,Issue,OMO,17.9500 - 17.9500,177,0,50,50,19.6614,5th Week
2017-08-30,26143.538,Primary Market,August-30-2017,30-08-2017-91 Days,2926,November-30-2017,Sales,26143.538,13.2950 - 13.3000,13.3,Issue,NTB,13.2950 - 13.3000,91,0,26143.538,26143.538,13.7561,5th Week
2017-08-30,62000,Primary Market,August-30-2017,30-08-2017-182 Days,2927,March-01-2018,Sales,30000,16.8000 - 18.0000,17.361,Issue,NTB,16.8000 - 17.3610,182,0,30685,30000,19.0063,5th Week
2017-08-30,105000,Primary Market,August-30-2017,30-08-2017-364 Days,2928,August-30-2018,Sales,137000,18.0000 - 18.6789,18.52,Issue,NTB,18.0000 - 18.5200,364,0,180455.8,137000,22.7154,5th Week
2017-08-31,50000,OMO,August-31-2017,31-07-2017,2920,February-22-2018,Sales,18581.08,17.9400 - 17.9500,17.95,Issue,OMO,17.9400 - 17.9500,175,0,18581.08,18581.08,19.6403,5th Week
2017-09-05,50000,OMO,September-05-2017,05-09-2017,2925,March-01-2018,Sales,1154.89,17.9490 - 17.9500,17.95,Issue,OMO,17.9490 - 17.9500,177,0,1154.89,1154.89,19.6614,1st Week
2017-09-06,10000,OMO,September-06-2017,06-09-2017,2921,December-07-2017,Sales,50,16.0000 - 17.5000,16,Issue,OMO,16.0000 - 16.0000,92,0,10120,50,16.6724,1st Week
2017-09-06,50000,OMO,September-06-2017,06-09-2017,2922,March-08-2018,Sales,39805,17.9490 - 17.9500,17.95,Issue,OMO,17.9490 - 17.9500,183,0,39805,39805,19.7252,1st Week
2017-09-07,30000,OMO,September-07-2017,07-09-2017,2923,December-07-2017,Sales,21000,16.0000 - 16.0000,16,Issue,OMO,16.0000 - 16.0000,91,0,21000,21000,16.6648,1st Week
2017-09-07,70000,OMO,September-07-2017,07-09-2017,2924,March-08-2018,Sales,39330.96,17.9490 - 17.9500,17.95,Issue,OMO,17.9490 - 17.9500,182,0,39330.96,39330.96,19.7145,1st Week
2017-09-08,10000,OMO,September-08-2017,08-09-2017-90 Days,2929,December-07-2017,Sales,97,16.0000 - 16.0000,16,Issue,OMO,16.0000 - 16.0000,90,0,97,97,16.6572,1st Week
2017-09-08,50000,OMO,September-08-2017,08-09-2017-188 Days,2930,March-15-2018,Sales,54054.721,17.9400 - 17.9500,17.95,Issue,OMO,17.9400 - 17.9500,188,0,54054.721,54054.721,19.7786,1st Week
2017-09-11,10000,OMO,September-11-2017,11-09-2017-87 Day,2931,December-07-2017,Sales,20,16.0000 - 16.0000,16,Issue,OMO,16.0000 - 16.0000,87,0,20,20,16.6344,2nd Week
2017-09-11,30000,OMO,September-11-2017,11-09-2017-192 Day,2932,March-22-2018,Sales,7084.05,17.9490 - 17.9500,17.95,Issue,OMO,17.9490 - 17.9500,192,0,7084.05,7084.05,19.8216,2nd Week
2017-09-12,30000,OMO,September-12-2017,12-09-2017-191 Day,2933,March-22-2018,Sales,4311.854,17.9490 - 17.9500,17.95,Issue,OMO,17.9490 - 17.9500,191,0,4311.854,4311.854,19.8108,2nd Week
2017-09-13,39006.249,Primary Market,September-13-2017,13-09-2017-91 Day,2936,December-14-2017,Sales,22923.687,13.1500 - 17.0000,13.25,Issue,NTB,13.1500 - 13.2500,91,0,22973.688,22923.687,13.7027,2nd Week
2017-09-13,48453.841,Primary Market,September-13-2017,13-09-2017-182 Day,2937,March-15-2018,Sales,25136.761,16.0000 - 21.0000,17.361,Issue,NTB,16.0000 - 17.3610,182,0,25336.761,25136.761,19.0063,2nd Week
2017-09-13,86685.8,Primary Market,September-13-2017,13-09-2017-364 Day,2938,September-13-2018,Sales,126085.442,17.0000 - 19.5000,17.75,Issue,NTB,17.0000 - 17.7500,364,0,338926.569,126085.442,21.5678,2nd Week
2017-09-14,50,OMO,September-14-2017,14-09-2017-84 Days,2934,December-07-2017,Sales,50,16.0000 - 16.0000,16,Issue,OMO,16.0000 - 16.0000,84,0,50,50,16.6117,2nd Week
2017-09-14,100000,OMO,September-14-2017,14-09-2017-194 Days,2935,March-27-2018,Sales,11674,17.9490 - 17.9500,17.95,Issue,OMO,17.9490 - 17.9500,194,0,11674,11674,19.8431,2nd Week
2017-09-15,50000,OMO,September-15-2017,15-09-2017-195 Day,2939,March-29-2018,Sales,49908.528,17.9490 - 17.9500,17.95,Issue,OMO,17.9490 - 17.9500,195,0,49908.528,49908.528,19.8539,2nd Week
2017-09-18,10000,OMO,September-18-2017,18-09-2017 - 80 DAY,2942,December-07-2017,Sales,5.18,16.0000 - 16.0000,16,Issue,OMO,16.0000 - 16.0000,80,0,5.18,5.18,16.5815,4th Week
2017-09-18,50000,OMO,September-18-2017,18-09-2017 - 185 DAY,2943,March-22-2018,Sales,17563,17.9400 - 17.9500,17.95,Issue,OMO,17.9400 - 17.9500,185,0,17563,17563,19.7465,4th Week
2017-09-19,10000,OMO,September-19-2017,19-09-2017- 79DAY,2940,December-07-2017,Sales,2,16.0000 - 16.0000,16,Issue,OMO,16.0000 - 16.0000,79,0,2,2,16.574,4th Week
2017-09-19,50000,OMO,September-19-2017,19-09-2017 - 184 DAY,2941,March-22-2018,Sales,14919.398,17.9490 - 17.9500,17.95,Issue,OMO,17.9490 - 17.9500,184,0,14919.398,14919.398,19.7359,4th Week
2017-09-21,50000,OMO,September-21-2017,21-09-2017 - 98 DAY,2944,December-28-2017,Sales,22.8,16.0000 - 16.0000,16,Issue,OMO,16.0000 - 16.0000,98,0,22.8,22.8,16.7182,4th Week
2017-09-21,100000,OMO,September-21-2017,21-09-2017 - 196 DAY,2945,April-05-2018,Sales,207657.275,17.5000 - 17.9500,17.95,Issue,OMO,17.5000 - 17.9500,196,0,207657.275,207657.275,19.8647,4th Week
2017-09-22,10000,OMO,September-22-2017,22-09-2017 - 97 DAY,2946,December-28-2017,Sales,1133,16.0000 - 16.0000,16,Issue,OMO,16.0000 - 16.0000,97,0,1133,1133,16.7105,4th Week
2017-09-22,50000,OMO,September-22-2017,22-09-2017 - 195 DAY,2947,April-05-2018,Sales,49515.403,17.9000 - 17.9500,17.95,Issue,OMO,17.9000 - 17.9500,195,0,49515.403,49515.403,19.8539,4th Week
2017-09-25,50000,OMO,September-25-2017,25-09-2017 - 178 DAY,2948,March-22-2018,Sales,55005.15,17.9450 - 17.9500,17.95,Issue,OMO,17.9450 - 17.9500,178,0,55005.15,55005.15,19.672,5th Week
2017-09-26,50000,OMO,September-26-2017,26-09-2017 - 184 DAY,2949,March-29-2018,Sales,4119.286,17.9450 - 17.9500,17.945,Issue,OMO,17.9450 - 17.9450,184,0,17213.056,4119.286,19.7298,5th Week
2017-09-27,35,Primary Market,September-27-2017,27-09-2017 - 5 Year,2954,July-15-2021,Sales,35.26,15.0000 - 16.7900,15.9899,Maginal,FGN Bonds,15.0000 - 15.9899,5 Year,0,50.28,35.26,0,5th Week
2017-09-27,50,Primary Market,September-27-2017,27-09-2017 - 10 Year,2955,March-17-2027,Sales,76.93,15.0000 - 16.9900,15.9,Maginal,FGN Bonds,15.0000 - 15.9000,10 Year,0,127.6,76.93,0,5th Week
2017-09-27,50,Primary Market,September-27-2017,27-09-2017 - 20 Year,2957,April-18-2037,Sales,131.59,15.0000 - 16.9900,15.92,Maginal,FGN Bonds,15.0000 - 15.9200,20 Year,0,216.97,131.59,0,5th Week
2017-09-28,50000,OMO,September-28-2017,28-09-2017 - 196 DAY,2950,April-12-2018,Sales,33950,17.8900 - 17.9500,17.93,Issue,OMO,17.8900 - 17 9300,196,0,55633.996,33950,19.8403,5th Week
2017-10-03,50000,OMO,October-03-2017,03-10-2017-191 Day,2956,April-12-2018,Sales,96378.562,17.8900 - 17.9300,17.92,Issue,OMO,17.8900 - 17.9200,191,0,98383.862,96378.562,19.7743,1st Week
2017-10-04,28693.92,Primary Market,October-04-2017,04-10-2017 - 91 Day,2951,January-04-2018,Sales,11769.54,12.8950 - 16.9000,13.25,Issue,NTB,12.8950 - 13.2500,91,0,12369.54,11769.54,13.7027,1st Week
2017-10-04,33490.87,Primary Market,October-04-2017,04-01-2017 - 182 Day,2952,April-05-2018,Sales,12229.64,15.0000 - 17.3000,15.499,Issue,NTB,15.0000 - 15.4990,182,0,49920.44,12229.64,16.7971,1st Week
2017-10-04,68184.89,Primary Market,October-04-2017,04-10-2017 - 364 Day,2953,October-04-2018,Sales,106370.5,15.0000 - 18.8000,15.7253,Issue,NTB,15.0000 - 15.7253,364,0,465731.96,106370.5,18.65,1st Week
2017-10-05,50000,OMO,October-05-2017,05-10-2017-105 Day,2958,January-18-2018,Sales,8100,15.8900 - 16.0000,16,Issue,OMO,15.8900 - 16.0000,105,0,8100,8100,16.772,1st Week
2017-10-05,100000,Primary Market,October-05-2017,05-10-2017-189 Day,2959,April-12-2018,Sales,214720.757,17.5000 - 17.9000,17.9,Issue,OMO,17.5000 - 17.9000,189,0,214720.757,214720.757,19.7286,1st Week
2017-10-06,30000,OMO,October-06-2017,06-10-2017-104 Day,2960,January-18-2018,Sales,7104.5,16.0000 - 16.0000,16,Issue,OMO,16.0000 - 16.0000,104,0,7104.5,7104.5,16.7643,1st Week
2017-10-06,70000,OMO,October-06-2017,06-10-2017-188 Day,2961,April-12-2018,Sales,96352.362,17.8490 - 17.9000,17.89,Maginal,OMO,17.8490 - 17.8900,188,0,96572.712,96352.362,19.7058,1st Week
2017-10-09,20000,OMO,October-09-2017,09-09-2017,2962,January-18-2018,Sales,8659,16.0000 - 16.0000,16,Issue,OMO,16.0000 - 16.0000,101,0,8659,8659,16.7412,2nd Week
2017-10-09,50000,OMO,October-09-2017,09-10-2017,2963,April-05-2018,Sales,34515.834,17.7990 - 17.8800,17.88,Issue,OMO,17.7990 - 17.8800,178,0,34515.834,34515.834,19.588,2nd Week
2017-10-10,10000,OMO,October-10-2017,10-10-2017,2964,January-18-2018,Sales,4.9,16.0000 - 16.0000,16,Issue,OMO,16.0000 - 16.0000,100,0,4.9,4.9,16.7335,2nd Week
2017-10-10,20000,OMO,October-10-2017,10-10-2017,2965,April-19-2018,Sales,20470.685,17.8500 - 17.8700,17.87,Issue,OMO,17.8500 - 17.8700,191,0,20470.685,20470.685,19.7134,2nd Week
2017-10-11,20000,OMO,October-11-2017,11-10-2017,2966,January-25-2018,Sales,3365.13,16.0000 - 16.0000,16,Issue,OMO,16.0000 - 16.0000,106,0,3365.13,3365.13,16.7797,2nd Week
2017-10-12,40000,OMO,October-12-2017,12-10-2017,2967,April-26-2018,Sales,64180.54,17.8000 - 17.8800,17.85,Issue,OMO,17.8000 - 17.8500,196,0,65179.54,64180.54,19.7423,2nd Week
2017-10-13,30000,OMO,October-13-2017,13-10-2017,2968,April-12-2018,Sales,34811.306,17.8000 - 17.8400,17.84,Issue,OMO,17.8000 - 17.8400,181,0,34811.306,34811.306,19.5714,2nd Week
2017-10-16,30000,OMO,October-16-2017,16-10-2017 - 185 Day,2969,April-19-2018,Sales,65795.15,17.8,17.83,Issue,OMO,17.8000 - 17.8300,185,0,65795.15,65795.15,19.6014,3rd Week
2017-10-17,40000,OMO,October-17-2017,17-10-2017 - 191 Day,2970,April-26-2018,Sales,19757.28,17.8000 - 17.8200,17.82,Issue,OMO,17.8000 - 17.8200,191,0,19757.28,19757.28,19.6526,3rd Week
2017-10-18,32400,Primary Market,October-18-2017,18-10-2017 - 91 Day,2971,January-18-2018,Sales,10250.26,13.0500 - 13.2500,13.1,Issue,NTB,13.0500 - 13.1000,91,0,10421.61,10250.26,13.5423,3rd Week
2017-10-18,35000,Primary Market,October-18-2017,18-10-2017 - 182 Day,2972,April-19-2018,Sales,11000,14.2000 - 20.0000,15.3,Issue,NTB,14.2000 - 15.3000,182,0,12811.23,11000,16.5636,3rd Week
2017-10-18,66385.9,Primary Market,October-18-2017,18-10-2017 - 364 Day,2973,October-18-2018,Sales,112535.64,13.2000 - 18.5000,15.59,Issue,NTB,13.2000 - 15.5900,364,0,171405.61,112535.64,18.46,3rd Week
2017-10-19,20000,OMO,October-19-2017,19-10-2017 - 91 Day,2974,January-18-2018,Sales,1210.34,16.0000 - 16.0000,16,Issue,OMO,16.0000 - 16.0000,91,0,1210.34,1210.34,16.6648,3rd Week
2017-10-19,50000,OMO,October-19-2017,19-10-2017 - 196 Day,2975,May-03-2018,Sales,97666.6,17.7900 - 17.8100,17.81,Issue,OMO,17.7900 - 17.8100,196,0,97666.6,97666.6,19.6934,3rd Week
2017-10-20,10000,OMO,October-20-2017,20-10-2017,2976,January-18-2018,Sales,2107,16.0000 - 16.0000,16,Issue,OMO,16.0000 - 16.0000,90,0,2107,2107,16.6572,4th Week
2017-10-20,40000,OMO,October-20-2017,20-10-2017,2977,May-10-2018,Sales,22272.005,17.7500 - 17.8100,17.75,Issue,OMO,17.7500 - 17.8100,202,0,22272.005,22272.005,19.7574,4th Week
2017-10-23,10000,OMO,October-23-2017,23-10-2017,2978,January-18-2018,Sales,58.787,16.0000 - 16.0000,16,Issue,OMO,16.0000 - 16.0000,87,0,58.787,58.787,16.6344,4th Week
2017-10-23,20000,OMO,October-23-2017,23-10-2017,2979,May-03-2018,Sales,17931.88,17.7800 - 17.8100,7.81,Issue,OMO,17.7800 - 17.8100,192,0,17931.88,17931.88,19.651,4th Week
2017-10-24,20000,OMO,October-24-2017,24-10-2017,2980,May-03-2018,Sales,11363.72,17.8000 - 17.8000,17.8,Issue,OMO,17.8000 - 17.8000,191,0,11363.72,11363.72,19.6283,4th Week
2017-10-25,50000,OMO,October-25-2017,25-10-2017,2981,May-03-2018,Sales,5727.068,17.8000 - 17.8000,17.8,Issue,OMO,17.8000 - 17.8000,190,0,5727.068,5727.068,19.6177,4th Week
2017-10-25,50,Primary Market,October-25-2017,25-10-2017 - 5 Year,2986,July-15-2021,Sales,3,14.5000 - 15.9899,15,Maginal,FGN Bonds,14.5000 - 15.0000,5 Year,0,21.17,3,0,4th Week
2017-10-25,50,Primary Market,October-25-2017,25-10-2017 - 10 Year,2987,March-17-2027,Sales,97,14.4500 - 16.2500,15,Maginal,FGN Bonds,14.4500 - 15.0000,10 Year,0,145.13,97,0,4th Week
2017-10-26,30000,OMO,October-26-2017,26-10-2017,2982,January-25-2018,Sales,395.05,16.0000 - 17.7900,16,Issue,OMO,16.0000 - 16.0000,91,0,410.05,395.05,16.6648,4th Week
2017-10-26,50000,OMO,October-26-2017,26-10-2017,2983,May-17-2018,Sales,52620.516,17.7990 - 17.8000,17.8,Issue,OMO,17.7990 - 17.8000,203,0,52620.516,52620.516,19.7558,4th Week
2017-10-27,20000,OMO,October-27-2017,27-10-2017,2984,February-08-2018,Sales,105.95,16.0000 - 16.0000,16,Issue,OMO,16.0000 - 16.0000,104,0,105.95,105.95,16.7643,4th Week
2017-10-27,100000,OMO,October-27-2017,27-10-2017,2985,May-17-2018,Sales,92390.86,17.7800 - 17.8200,17.8,Issue,OMO,17.7800 - 17.8000,202,0,92890.86,92390.86,19.7451,4th Week
2017-10-30,20000,OMO,October-30-2017,30-10-2017,2988,February-22-2018,Sales,6300,16.0000 - 16.0000,16,Issue,OMO,16.0000 - 16.0000,115,0,6300,6300,16.8494,5th Week
2017-10-30,30000,OMO,October-30-2017,30-10-2017,2989,May-10-2018,Sales,2458.877,17.7800 - 17.8000,17.8,Issue,OMO,17.7800 - 17.8000,192,0,2458.877,2458.877,19.6388,5th Week
2017-10-31,50000,OMO,October-31-2017,31-10-2017,2990,May-24-2018,Sales,26131.7,17.8000 - 17.8000,17.8,Issue,OMO,17.8000 - 17.8000,205,0,26131.7,26131.7,19.7772,5th Week
2017-11-02,75000,OMO,November-02-2017,02-11-2017,2991,February-22-2018,Sales,100,16.0000 - 16.0000,16,Issue,OMO,16.0000 - 16.0000,112,0,100,100,16.8261,1st Week
2017-11-02,250000,OMO,November-02-2017,02-11-2017,2992,May-31-2017,Sales,113582.66,17.7500 - 17.8000,17.8,Issue,OMO,17.7500 - 17.8000,210,0,113582.66,113582.66,19.8309,1st Week
2017-11-02,23055.47,Primary Market,November-02-2017,01-11-2017 - 91 Day,2994,February-01-2018,Sales,6099.84,12.5000 - 17.0000,13.1,Issue,NTB,12.5000 - 13.1000,91,0,6249.84,6099.84,13.5423,1st Week
2017-11-02,7786.15,Primary Market,November-02-2017,01-11-2017 - 182 Day,2995,May-03-2018,Sales,6704.15,14.2000 - 15.2800,15.28,Issue,NTB,14.2000 - 15.2800,182,0,7786.15,6704.15,16.5402,1st Week
2017-11-02,54353.59,Primary Market,November-02-2017,01-11-2017 - 364 Day,2996,November-01-2018,Sales,88037.88,14.8000 - 18.5000,15.6,Issue,NTB,14.8000 - 15.6000,364,0,138214.91,88037.88,18.4741,1st Week
2017-11-03,50000,OMO,November-03-2017,03-11-2017,2993,May-10-2018,Sales,11715,17.8000 - 17.8000,17.8,Issue,OMO,17.8000 - 17.8000,188,0,11715,11715,19.5967,1st Week
2017-11-06,20000,OMO,November-06-2017,06-11-2017,2997,February-08-2018,Sales,32,16.0000 - 16.0000,16,Issue,OMO,16.0000 - 16.0000,94,0,32,32,16.6876,2nd Week
2017-11-06,40000,OMO,November-06-2017,06-11-2017,2998,May-10-2018,Sales,25457.2,17.7900 - 17.8000,17.8,Issue,OMO,17.7900 - 17.8000,185,0,25457.2,25457.2,19.5652,2nd Week
2017-11-07,10000,OMO,November-07-2017,07-11-2017,2999,February-15-2018,Sales,98.879,16.0000 - 16.0000,16,Issue,OMO,16.0000 - 16.0000,100,0,98.879,98.879,16.7024,2nd Week
2017-11-07,40000,OMO,November-07-2017,07-11-2017,3000,May-24-2018,Sales,48090.605,17.7800 - 17.8000,17.8,Issue,OMO,17.8000 - 17.8000,198,0,48090.605,48090.605,19.7024,2nd Week
2017-11-08,40000,OMO,November-08-2017,08-11-2017,3001,May-10-2018,Sales,33480.277,17.7900 - 17.8000,17.8,Issue,OMO,17.7900 - 17.8000,183,0,33480.277,33480.277,19.5442,2nd Week
2017-11-08,20000,OMO,November-08-2017,08-11-2017,3002,February-15-2018,Sales,2205,16.0000 - 16.0000,16,Issue,OMO,16.0000 - 16.0000,99,0,2205,2205,16.7259,2nd Week
2017-11-09,50000,OMO,November-09-2017,09-11-2017,3003,February-22-2018,Sales,238.57,16.0000 - 16.0000,16,Issue,OMO,16.0000 - 16.0000,105,0,238.57,238.57,16.772,2nd Week
2017-11-09,150000,OMO,November-09-2017,09-11-2017,3004,May-24-2018,Sales,82998.25,17.7900 - 17.8000,17.87,Issue,OMO,17.7900 - 17.8000,196,0,82998.25,82998.25,19.6812,2nd Week
2017-11-10,20000,OMO,November-10-2017,10-11-2017,3005,February-08-2018,Sales,5625.732,16.0000 - 16.0000,16,Issue,OMO,16.0000 - 16.0000,90,0,5625.732,5625.732,16.6572,2nd Week
2017-11-10,50000,OMO,November-10-2017,10-11-2017,3006,May-10-2018,Sales,60995.033,17.7900 - 17.8000,17.8,Issue,OMO,17.7900 - 17.8000,181,0,60995.033,60995.033,19.5233,2nd Week
2017-11-13,20000,OMO,November-13-2017,13-11-2017,3007,February-15-2018,Sales,4000,16.0000 - 16.0000,16,Issue,OMO,16.0000 - 16.0000,94,0,4000,4000,16.6876,3rd Week
2017-11-13,80000,OMO,November-13-2017,13-11-2017,3008,May-17-2018,Sales,61736.958,17.7900 - 17.8000,17.8,Issue,OMO,17.7900 - 17.8000,185,0,61736.958,61736.958,19.5652,3rd Week
2017-11-14,20000,OMO,November-14-2017,14-11-2017,3009,February-15-2018,Sales,950,15.9900 - 16.0000,16,Issue,OMO,15.9900 - 16.0000,93,0,950,950,16.68,3rd Week
2017-11-14,80000,OMO,November-14-2017,14-11-2017,3010,May-10-2018,Sales,17754.099,17.7900 - 17.8000,17.8,Issue,OMO,17.7900 - 17.8000,177,0,17754.099,17754.099,19.4816,3rd Week
2017-11-15,32436.51,Primary Market,November-15-2017,15-11-2017 - 91 Day,3011,February-15-2018,Sales,6000,13.0000 - 16.0000,13,Issue,NTB,13.0000 - 13.0000,91,0,6055,6000,13.4355,3rd Week
2017-11-15,22824.45,Primary Market,November-15-2017,15-11-2017 - 182 Day,3012,May-17-2018,Sales,6000,15.0000 - 15.2500,15.25,Issue,NTB,15.0000 - 15.2500,182,0,6000,6000,16.5051,3rd Week
2017-11-15,64677.52,Primary Market,November-15-2017,15-11-2017 - 364 Day,3013,November-15-2018,Sales,107938.48,14.9700 - 18.2325,15.6,Issue,NTB,14.9700 - 15.6000,364,0,140838.42,107938.48,18.4741,3rd Week
2017-11-16,40000,OMO,November-16-2017,16-11-2017,3014,February-15-2018,Sales,8062.08,16.0000 - 16.0000,16,Issue,OMO,16.0000 - 16.0000,91,0,8062.08,8062.08,16.6648,3rd Week
2017-11-16,80000,OMO,November-16-2017,16-11-2017,3015,June-14-2018,Sales,122324.645,17.7800 - 17.8000,17.8,Issue,OMO,17.7800 - 17.8000,210,0,122324.645,122324.645,19.8309,3rd Week
2017-11-17,30000,OMO,November-17-2017,17-11-2017,3016,February-22-2018,Sales,121.22,16.0000 - 16.0000,16,Issue,OMO,16.0000 - 16.0000,97,0,121.22,121.22,16.7105,3rd Week
2017-11-17,70000,OMO,November-17-2017,17-11-2017,3017,June-21-2018,Sales,65895.82,17.7900 - 17.8000,17.8,Issue,OMO,17.7900 - 17.8000,216,0,65895.82,65895.82,19.8958,3rd Week
2017-11-20,20000,OMO,November-20-2017,20-11-2017,3018,February-15-2018,Sales,5,16.0000 - 16.0000,16,Issue,OMO,16.0000 - 16.0000,87,0,5,5,16.6344,4th Week
2017-11-20,40000,OMO,November-20-2017,20-11-2017,3019,May-31-2018,Sales,27663.879,17.7900 - 17.8000,17.8,Issue,OMO,17.7900 - 17.8000,192,0,27663.879,27663.879,19.6388,4th Week
2017-11-21,50000,OMO,November-21-2017,21-11-2017,3020,June-07-2018,Sales,18201.3,17.7800 - 17.8000,17.8,Issue,OMO,17.7800 - 17.8000,198,0,18201.3,18201.3,19.7024,4th Week
2017-11-22,40000,OMO,November-22-2017,22-11-2017,3021,June-07-2018,Sales,44427.952,17.7000 - 17.8000,17.75,Issue,OMO,17.7000 - 17.7500,197,0,66527.952,44427.952,19.6306,4th Week
2017-11-22,50,Primary Market,November-22-2017,22-11-2017-5 Year,3022,July-15-2021,Sales,14.6,14.0000-15.1400,14.79,Maginal,FGN Bonds,14.0000-14.7900,5 Year,0,23,14.6,0,4th Week
2017-11-22,50,Primary Market,November-22-2017,22-11-2017-10 Year,3023,March-17-2027,Sales,73.17,14.0000-15.1010,14.8,Maginal,FGN Bonds,14.0000-14.8000,10 Year,0,82.39,73.17,0,4th Week
2017-11-23,30000,OMO,November-23-2017,23-11-2017,3024,February-22-2018,Sales,2068,15.9500 - 15.9500,15.95,Issue,OMO,15.9500 - 15.9500,91,0,2068,2068,16.6105,4th Week
2017-11-23,70000,OMO,November-23-2017,23-11-2017,3025,June-21-2018,Sales,51964,17.6900 - 17.7500,17.7,Issue,OMO,17.6900 - 17.7000,210,0,133058.243,51964,19.7069,4th Week
2017-11-24,20000,OMO,November-24-2017,24-11-2017,3026,February-22-2018,Sales,139.575,15.9000 - 15.9000,15.9,Issue,OMO,15.9000 - 15.9000,90,0,139.575,139.575,16.5488,4th Week
2017-11-24,70000,OMO,November-24-2017,24-11-2017,3027,June-21-2018,Sales,173405.287,17.5500 - 17.6500,17.65,Issue,OMO,17.5500 - 17.6500,209,0,173405.287,173405.287,19.6343,4th Week
2017-11-27,20000,OMO,November-27-2017,27-11-2017,3028,February-22-2018,Sales,200,15.8500 - 15 8500,15.85,Issue,OMO,15.8500 - 15 8500,87,0,200,200,16.4723,5th Week
2017-11-27,70000,OMO,November-27-2017,27-11-2017,3029,June-14-2018,Sales,47817.713,17.5800 17.6000,17.6,Issue,OMO,17.5800 17.6000,199,0,47817.713,47817.713,19.4681,5th Week
2017-11-28,20000,OMO,November-28-2017,28-11-2017,3030,March-01-2018,Sales,13763.7,15.7500 - 15 8200,15.8,Issue,OMO,15.7500 - 15 8000,93,0,14016.7,13763.6,16.4627,5th Week
2017-11-28,100000,OMO,November-28-2017,28-11-2017,3031,June-07-2018,Sales,10562.07,17.5400 - 17.6000,17.55,Issue,OMO,17.5400 -17.5500,191,0,33636.155,10562.07,19.3247,5th Week
2017-11-29,26143.538,Primary Market,November-29-2017,29-11-2017-91 Day,3032,March-01-2018,Sales,7891.564,12.9000 - 12.9500,12.95,Issue,NTB,12.9000 - 12.9500,91,0,7891.564,7891.564,13.3821,5th Week
2017-11-29,11005.934,Primary Market,November-29-2017,29-11-2017-182 Day,3033,May-31-2018,Sales,6213.001,14.7000 - 15.0000,15,Issue,NTB,14.7000 - 15.0000,182,0,6213.001,6213.001,16.2126,5th Week
2017-11-29,80026.816,Primary Market,November-29-2017,29-11-2017-364 Day,3034,November-29-2018,Sales,103071.723,15.0000 - 18.0000,15.57,Issue,NTB,15.0000 - 15.5700,364,0,119694.932,103071.723,18.432,5th Week
2017-12-13,50,Primary Market,December-13-2017,13-12-2017-5 Year,3095,July-15-2021,Sales,24.77,12.5000 - 14.2300,13.19,Maginal,FGN Bonds,12.5000 - 13.1900,5 Year,0,89.95,24.77,0,3rd Week
2017-12-13,50,Primary Market,December-13-2017,13-12-2017-10 Year,3096,March-17-2027,Sales,52.81,12.5000 - 14.5000,13.21,Maginal,FGN Bonds,12.5000 - 13.2100,10 Year,0,190.14,52.81,0,3rd Week
2017-12-18,200000,OMO,December-18-2017,18-12-2017 - 101 DAY,3035,March-29-2018,Sales,38481.898,13.1500 -13.1500,13.15,Issue,OMO,13.1500 -13.1500,101,0,38481.898,38481.898,13.6466,4th Week
2017-12-18,250000,OMO,December-18-2017,18-12-2017 - 255 DAY,3036,August-30-2018,Sales,314770.587,14.9500 - 14.9500,14.95,Issue,OMO,14.9500 - 14.9500,255,0,314770.587,314770.587,16.6936,4th Week
2017-12-19,50000,OMO,December-19-2017,19-12-2017 - 72 DAY,3037,March-01-2018,Sales,22378,13.1000 -13.1000,13.1,Issue,OMO,13.1000 -13.1000,72,0,22378,22378,13.4475,4th Week
2017-12-19,100000,OMO,December-19-2017,19-12-2017 - 247 DAY,3038,August-23-2018,Sales,107336.078,14.9000 - 14.9000,14.9,Issue,OMO,14.9000 - 14.9000,247,0,107336.078,107336.078,16.5708,4th Week
2017-12-20,100000,OMO,December-20-2017,20-12-2017 - 92 DAY,3039,March-22-2018,Sales,26001.225,13.0500 -13.0500,13.05,Issue,OMO,13.0500 -13.0500,92,0,26001.225,26001.225,13.4939,4th Week
2017-12-20,200000,OMO,December-20-2017,20-12-2017 - 260 DAY,3040,September-06-2018,Sales,147911.95,14.7500 - 14.9000,14.85,Issue,OMO,14.7500 - 14.8500,260,0,148511.95,147911.95,16.6067,4th Week
2017-12-21,100000,OMO,December-21-2017,21-12-2017 - 84 DAY,3041,March-15-2018,Sales,143652.73,13.0000 -13.0000,13,Issue,OMO,13.0000 -13.0000,84,0,143652.73,143652.73,13.4009,4th Week
2017-12-21,250000,OMO,December-21-2017,21-12-2017 - 315 DAY,3042,November-01-2018,Sales,211707.587,14.7900 - 14.8000,14.8,Issue,OMO,14.7900 - 14.8000,315,0,211707.587,211707.587,16.9671,4th Week
2017-12-22,50000,OMO,December-22-2017,21-12-2017 - 90 DAY,3043,March-22-2018,Sales,14.8,12.9500 - 12.9500,12.95,Issue,OMO,12.9500 - 12.9500,90,0,14.8,14.8,13.3772,4th Week
2017-12-22,150000,OMO,December-22-2017,22-12-2017 - 286 DAY,3044,October-04-2018,Sales,95542.314,14.7400 - 14.7500,14.75,Issue,OMO,14.7400 - 14.7500,286,0,95542.314,95542.314,16.6775,4th Week
2017-12-27,50000,OMO,December-27-2017,27-12-2017 - 92 DAY,3045,March-29-2018,Sales,10103.5,12.9000 - 12.9000,12.9,Issue,OMO,12.9000 - 12.9000,92,0,10103.5,10103.5,13.387,5th Week
2017-12-27,150000,OMO,December-27-2017,27-12-2017 - 267 DAY,3046,September-20-2018,Sales,85786.236,14.6900 - 14.7000,14.7,Issue,OMO,14.6900 - 14.7000,267,0,85786.236,85786.236,16.4712,5th Week
2017-12-28,200000,OMO,December-28-2017,28-12-2017 - 294 DAY,3047,October-18-2018,Sales,121100.087,14.6000 - 14.6500,14.65,Issue,OMO,14.6000 - 14.6500,294,0,121100.087,121100.087,16.61,5th Week
2017-12-28,100000,OMO,December-28-2017,28-12-2017 - 91 DAY,3048,March-29-2018,Sales,7869.507,12.8500 - 12.8500,12.85,Issue,OMO,12.8500 - 12.8500,91,0,7869.507,7869.507,13.2753,5th Week
2017-12-29,50000,OMO,December-29-2017,29-12-2017 - 90 DAY,3049,March-29-2018,Sales,10842,12.8000 - 12.8000,12.8,Issue,OMO,12.8000 - 12.8000,90,0,10842,10842,13.2172,5th Week
2017-12-29,150000,OMO,December-29-2017,29-12-2017 - 279 DAY,3050,October-04-2018,Sales,88381.037,14.6000 - 14.6000,14.6,Issue,OMO,14.6000 - 14.6000,279,0,88381.037,88381.037,16.434,5th Week
2018-01-02,100000,OMO,January-02-2018,02-01-2018-79 Day,3051,March-22-2018,Sales,865.552,12.7500 – 12.7500,12.75,Issue,OMO,12.7500 – 12.7500,79,0,865.552,865.552,13.1118,1st Week
2018-01-02,200000,OMO,January-02-2018,02-01-2018-198 Day,3052,July-19-2018,Sales,57501.144,14.5400-14.5500,14.55,Issue,OMO,14.5400-14.5500,198,0,57501.144,57501.144,15.7968,1st Week
2018-01-03,11769.538,Primary Market,January-03-2018,03-01-2018-91 Day,3053,April-05-2018,Sales,11769.538,12.2900 - 13.4100,12.5499,Maginal,NTB,12.2900 - 12.5499,91,0,24324.883,11769.538,12.9553,1st Week
2018-01-03,33925.693,Primary Market,January-03-2018,03-01-2018-182 Day,3054,July-05-2018,Sales,33925.693,13.4899 - 17.0000,13.925,Issue,NTB,13.4899 - 13.9250,182,0,44990.159,33925.693,14.964,1st Week
2018-01-03,115845.406,Primary Market,January-03-2018,03-01-2018-364 Day,3055,January-03-2019,Sales,115845.406,13.8800 - 18.6000,14.3,Issue,NTB,13.8800 - 14.3000,364,0,319186.983,115845.406,16.6785,1st Week
2018-01-04,150000,OMO,January-04-2018,04-01-2018-91 Day,3056,April-05-2018,Sales,13371.439,12.6900 - 12.7000,12.7,Issue,OMO,12.6900 - 12.7000,91,0,13371.439,13371.439,13.1153,1st Week
2018-01-04,250000,OMO,January-04-2018,04-01-2018-189 Day,3057,July-12-2018,Sales,173514.286,14.2000 - 14.5000,14.5,Issue,OMO,14.2000 - 14.5000,189,0,173514.286,173514.286,15.6771,1st Week
2018-01-05,150000,OMO,January-05-2018,05-01-2018-111 Day,3058,April-26-2018,Sales,20100,12.6500-12.6500,12.65,Issue,OMO,12.6500-12.6500,111,0,20100,20100,13.1561,1st Week
2018-01-05,300000,OMO,January-05-2018,05-01-2018-251 Day,3059,September-13-2018,Sales,240449.457,14.4000-14.4500,14.45,Issue,OMO,14.4000-14.4500,251,0,240449.457,240449.457,16.0443,1st Week
2018-01-08,50000,OMO,January-08-2018,08-01-2018-80 Day,3060,March-29-2018,Sales,526.661,12.6000 - 12.6000,12.6,Issue,OMO,12.6000 - 12.6000,80,0,526.661,526.661,12.9578,2nd Week
2018-01-08,100000,OMO,January-08-2018,08-01-2018-241 Day,3061,September-06-2018,Sales,46767.225,14.3900-14.4000,14.4,Issue,OMO,14.3900-14.4000,241,0,46767.225,46767.225,15.913,2nd Week
2018-01-11,100000,OMO,January-11-2018,11-01-2018-105 Day,3062,April-26-2018,Sales,10826.387,12.5500 - 12.6000,12.6,Issue,OMO,12.5500 - 12.6000,105,0,10826.387,10826.387,13.0739,2nd Week
2018-01-11,250000,OMO,January-11-2018,11-01-2018-189 Day,3063,July-19-2018,Sales,234504.365,14.3400 - 14.4000,14.4,Issue,OMO,14.3400 - 14.4000,189,0,234504.365,234504.365,15.5602,2nd Week
2018-01-12,50000,OMO,January-12-2018,12-01-2018-76 Day,3064,March-29-2018,Sales,251.143,12.6000 - 12.6000,12.6,Issue,OMO,12.6000 - 12.6000,76,0,251.143,251.143,12.9395,2nd Week
2018-01-12,100000,OMO,January-12-2018,12-01-2018-209 Day,3065,August-09-2018,Sales,132122.642,14.3500 - 14.4000,14.4,Issue,OMO,14.3500 - 14.4000,209,0,132122.642,132122.642,15.694,2nd Week
2018-01-15,50000,OMO,January-15-2018,15-01-2018 - 164 Day,3066,June-28-2018,Sales,12798.47,14.4000 - 14.4000,14.4,Issue,OMO,14.4000 - 14.4000,164,0,12798.47,12798.47,14.9398,3rd Week
2018-01-16,50000,OMO,January-16-2018,16-01-2018 - 93 Day,3067,April-19-2018,Sales,2000,12.6000 - 12.6000,12.6,Issue,OMO,12.6000 - 12.6000,93,0,2000,2000,13.0179,3rd Week
2018-01-16,100000,OMO,January-16-2018,16-01-2018 - 163 Day,3068,June-28-2018,Sales,27559.69,14.3900 - 14.4000,15.3897,Issue,OMO,27559.69,163,0,27559.69,27559.69,15.3897,3rd Week
2018-01-17,10250.26,Primary Market,January-17-2018,17-01-2018 - 91 Day,3071,April-19-2018,Sales,10250.26,12.0000 - 15.0000,12.1,Issue,NTB,12.0000 - 12.1000,91,0,44732.96,10250.26,12.4764,3rd Week
2018-01-17,26600,Primary Market,January-17-2018,17-01-2018 - 182 Day,3072,July-19-2018,Sales,26600,12.4000 - 15.5000,13.75,Issue,NTB,12.4000 - 13.7500,182,0,29915.52,26600,14.7621,3rd Week
2018-01-17,193000,Primary Market,January-17-2018,17-01-2018 - 364 Day,3073,January-17-2019,Sales,193000,12.6000 - 18.0000,13.79,Issue,NTB,12.6000 - 13.7900,364,0,396853.01,193000,15.9888,3rd Week
2018-01-18,50000,OMO,January-18-2018,18-01-2018 - 91 Day,3069,April-19-2018,Sales,31364.46,12.5500 - 12.6000,12.6,Issue,OMO,12.5500 - 12.6000,91,0,31364.46,31364.46,13.0086,3rd Week
2018-01-18,100000,OMO,January-18-2018,18-01-2018 - 203 Day,3070,August-09-2018,Sales,163335.96,14.3000 - 14.4000,14.4,Issue,OMO,14.3000 - 14.4000,203,0,163335.96,163335.96,15.6537,3rd Week
2018-01-19,100000,OMO,January-19-2018,19-01-2018 - 97 Day,3074,April-26-2018,Sales,7168.2,12.6000 - 12.6000,12.6,Issue,OMO,12.6000 - 12.6000,97,0,7168.2,7168.2,13.0365,3rd Week
2018-01-19,200000,OMO,January-19-2018,19-01-2018 - 244 Day,3075,September-20-2018,Sales,119060.64,14.4000 - 14.4000,14.4,Issue,OMO,14.4000 - 14.4000,244,0,119060.64,119060.64,15.9338,3rd Week
2018-01-22,30000,OMO,January-22-2018,22-01-2018 - 94 Day,3076,April-26-2018,Sales,189.6,12.6000 - 12.6000,12.6,Issue,OMO,12.6000 - 12.6000,94,0,189.6,189.6,13.0226,4th Week
2018-01-22,50000,OMO,January-22-2018,22-01-2018 - 192 Day,3077,August-02-2018,Sales,75274.38,14.3500 - 14.4000,14.4,Issue,OMO,14.3500 - 14.4000,192,0,75274.38,75274.38,15.5802,4th Week
2018-01-23,30000,OMO,January-23-2018,23-01-2018 - 93 Day,3078,April-26-2018,Sales,410,12.6000 - 12.6000,12.6,Issue,OMO,12.6000 - 12.6000,93,0,410,410,13.0179,4th Week
2018-01-23,70000,OMO,January-23-2018,23-01-2018 - 205 Day,3079,August-16-2018,Sales,87420.94,14.3900 - 14.4000,14.4,Issue,OMO,14.3900 - 14.4000,205,0,87420.94,87420.94,15.6671,4th Week
2018-01-24,10000,OMO,January-24-2018,24-01-2018 - 85 Day,3080,April-19-2018,Sales,105.26,12.6000 - 12.6000,12.6,Issue,OMO,12.6000 - 12.6000,85,0,105.26,105.26,12.9809,4th Week
2018-01-24,70000,OMO,January-24-2018,24-01-2018 - 211 Day,3081,August-23-2018,Sales,88385.89,14.4000 - 14.4000,14.4,Issue,OMO,14.4000 - 14.4000,211,0,88385.89,88385.89,15.7076,4th Week
2018-01-24,50,Primary Market,January-24-2018,24-01-2018-5 Year,3097,July-15-2021,Sales,45.12,12.5000 - 14.2000,13.38,Maginal,FGN Bonds,12.5000 - 13.3800,5 Year,0,55.75,45.12,0,4th Week
2018-01-24,60,Primary Market,January-24-2018,24-01-2018-10 Year,3098,March-17-2027,Sales,64.88,12.5000 - 14.5000,13.491,Maginal,FGN Bonds,12.5000 - 13.4910,10 Year,0,94.26,64.88,0,4th Week
2018-01-25,50000,OMO,January-25-2018,25-01-2018 - 91 Day,3082,April-26-2018,Sales,3120.52,12.6000 - 12.6000,12.6,Issue,OMO,12.6000 - 12.6000,91,0,3120.52,3120.52,13.0086,4th Week
2018-01-25,100000,OMO,January-25-2018,25-01-2018 - 224 Day,3083,September-06-2018,Sales,96800.08,14.4000 - 14.4000,14.4,Issue,OMO,14.4000 - 14.4000,224,0,96800.08,96800.08,15.7959,4th Week
2018-01-26,250000,OMO,January-26-2018,26-01-2018 - 244 Day,3084,September-27-2018,Sales,164577.72,14.4000 - 14.4000,14.4,Issue,OMO,14.4000 - 14.4000,244,0,164577.72,164577.72,15.9338,5th Week
2018-01-29,100000,OMO,January-29-2018,29-01-2018 - 248 Day,3085,October-04-2018,Sales,84299.55,14.4000 - 14.4000,14.4,Issue,OMO,14.4000 - 14.4000,248,0,84299.55,84299.55,15.9617,5th Week
2018-01-30,250000,OMO,January-30-2018,30-01-2018 - 254 DAY,3086,October-11-2018,Sales,191340.988,14.4000 - 14.4000,14.4,Issue,OMO,14.4000 - 14.4000,254,0,191340.988,191340.988,16.0037,5th Week
2018-01-31,6099.84,Primary Market,January-31-2018,31-01-2018 - 91 Day,3087,May-03-2018,Sales,6099.84,12.0000 - 18.0000,12,Issue,NTB,12.0000 - 12.0000,91,0,6523.84,6099.84,12.3701,5th Week
2018-01-31,69565.35,Primary Market,January-31-2018,31-01-2018 - 182 Day,3088,August-02-2018,Sales,69565.35,13.0000 - 14.2000,13.65,Issue,NTB,13.0000 - 14.2000,182,0,70311.59,69565.35,14.6469,5th Week
2018-01-31,177219.06,Primary Market,January-31-2018,31-01-2018 - 364 Day,3089,January-31-2019,Sales,177219.06,12.0000 - 18.5000,13.7,Issue,NTB,12.0000 - 13.7000,364,0,278321.81,177219.06,15.868,5th Week
2018-02-01,100000,OMO,February-01-2018,01-02-2018 - 98 DAY,3090,May-10-2018,Sales,5000,12.6000 -12.6000,12.6,Issue,OMO,12.6000 -12.6000,98,0,5000,5000,13.0412,1st Week
2018-02-01,350000,OMO,February-01-2018,01-02-2018 - 266 DAY,3091,October-25-2018,Sales,210419.327,14.3500 - 14.4000,14.4,Issue,OMO,14.3500 - 14.4000,266,0,210419.327,210419.327,16.0884,1st Week
2018-02-05,40000,OMO,February-05-2018,05-02-2018 - 94 DAY,3092,May-10-2018,Sales,20009,12.6000 -12.6000,12.6,Issue,OMO,12.6000 -12.6000,94,0,20009,20009,13.0226,2nd Week
2018-02-05,70000,OMO,February-05-2018,05-02-2018 - 234 DAY,3093,September-27-2018,Sales,95739.569,14.4000 - 14.4000,14.4,Issue,OMO,14.4000 - 14.4000,234,0,95739.569,95739.569,15.8646,2nd Week
2018-02-06,30000,OMO,February-06-2018,06-02-2018 - 191 DAY,3094,August-16-2018,Sales,20953.794,14.4000 - 14.4000,14.4,Issue,OMO,14.4000 - 14.4000,191,0,20953.794,20953.794,15.5735,2nd Week
2018-02-08,30000,OMO,February-08-2018,08-02-2018 - 98 DAY,3099,May-17-2018,Sales,120.665,12.6000 -12.6000,12.6,Issue,OMO,12.6000 -12.6000,98,0,120.665,120.665,13.0412,2nd Week
2018-02-08,70000,OMO,February-08-2018,08-02-2018 - 252 DAY,3100,October-18-2018,Sales,23300.219,14.4000 - 14.4000,14.4,Issue,OMO,14.4000 - 14.4000,252,0,23300.219,23300.219,15.9897,2nd Week
2018-02-09,10000,OMO,February-09-2018,09-02-2018 - 111 DAY,3101,May-31-2018,Sales,3118.6,12.6000 -12.6000,12.6,Issue,OMO,12.6000 -12.6000,111,0,3118.6,3118.6,13.102,2nd Week
2018-02-09,20000,OMO,February-09-2018,09-02-2018 - 251 DAY,3102,October-18-2018,Sales,11235.956,14.4000 - 14.4000,14.4,Issue,OMO,14.4000 - 14.4000,251,0,11235.956,11235.956,15.9827,2nd Week
2018-02-12,30000,OMO,February-12-2018,14-02-2018 - 241 DAY,3103,October-11-2018,Sales,17961.007,14.4000 - 14.4000,14.4,Issue,OMO,14.4000 - 14.4000,241,0,17961.007,17961.007,15.913,3rd Week
2018-02-14,6000,Primary Market,February-14-2018,14-02-2018-91Day,3104,May-17-2018,Sales,6000,11.8000 - 15.0000,11.95,Issue,NTB,11.8000 - 11.9500,91,0,6150,6000,12.317,3rd Week
2018-02-14,30000,Primary Market,February-14-2018,14-02-2018-182Day,3105,August-16-2018,Sales,30000,13.0000 - 14.5000,13.65,Issue,NTB,13.0000 - 13.6500,182,0,30250,30000,14.6469,3rd Week
2018-02-14,140000,Primary Market,February-14-2018,14-02-2018-364Day,3106,February-14-2019,Sales,140000,13.0000 - 20.0000,13.7,Issue,NTB,13.0000 - 13.7000,364,0,193517.727,140000,15.868,3rd Week
2018-02-15,100000,OMO,February-15-2018,15-02-2018 - 266 DAY,3107,November-08-2018,Sales,57079.408,14.3900 - 14.4000,14.4,Issue,OMO,14.3900 - 14.4000,266,0,57079.408,57079.408,16.0884,3rd Week
2018-02-21,50,Primary Market,February-21-2018,21-02-2018-5 Year,3109,July-15-2021,Sales,27.18,12.0000 - 16.0000,13.7,Maginal,FGN Bonds,12.0000 - 13.7000,5 Year,0,38.89,27.18,0,4th Week
2018-02-21,50,Primary Market,February-21-2018,21-02-2018-10 Year,3110,February-23-2028,Sales,52.44,12.5000 - 16.0000,13.98,Maginal,FGN Bonds,12.5000 - 13.9800,10 Year,0,78.69,52.44,0,4th Week
2018-02-22,70000,OMO,February-22-2018,22-02-2018 - 182 DAY,3108,August-23-2018,Sales,67652.714,14.4000 - 14.4000,14.4,Issue,OMO,14.4000 - 14.4000,182,0,67652.714,67652.714,15.5139,4th Week
2018-02-23,50000,OMO,February-23-2018,23-02-2018 - 181 DAY,3111,August-23-2018,Sales,52309.071,14.4000 - 14.4000,14.4,Issue,OMO,14.4000 - 14.4000,181,0,52309.071,52309.071,15.5074,4th Week
2018-02-23,10000,OMO,February-23-2018,23-02-2018 - 181 DAY,3112,May-31-2018,Sales,1.447,12.6000 -12.6000,12.6,Issue,OMO,12.6000 -12.6000,97,0,1.447,1.447,13.0365,4th Week
2018-02-27,250000,OMO,February-27-2018,27-02-2018 - 254 DAY,3113,November-08-2018,Sales,249675.106,14.4000 - 14.4000,14.4,Issue,OMO,14.4000 - 14.4000,254,0,249675.106,249675.106,16.0037,5th Week
2018-02-28,12998.76,Primary Market,February-28-2018,28-02-2018 - 91 Days,3115,May-31-2018,Sales,12998.76,11.8000 - 13.1500,11.85,Issue,NTB,11.8000 - 11.8500,91,0,13103.88,12998.76,12.2108,5th Week
2018-02-28,64993.79,Primary Market,February-28-2018,28-02-2018 - 182 Day,3116,August-30-2018,Sales,64993.79,13.0000 - 17.2000,13.4999,Issue,NTB,13.0000 - 13.4999,182,0,65913.66,64993.79,14.4742,5th Week
2018-02-28,51995.03,Primary Market,February-28-2018,28-02-2018 - 364 Day,3117,February-28-2019,Sales,51995.03,13.1000 - 20.0000,13.5,Issue,NTB,13.1000 - 13.5000,364,0,283506.85,51995.03,15.6003,5th Week
2018-03-01,300000,OMO,March-01-2018,01-03-2018 - 259 DAY,3114,November-15-2018,Sales,276817.331,14.4000 - 14.4000,14.4,Issue,OMO,14.4000 - 14.4000,259,0,276817.331,276817.331,16.0389,1st Week
2018-03-05,150000,OMO,March-05-2018,05-03-2018 - 227DAY,3118,October-18-2018,Sales,89245.136,14.4000 - 14.4000,14.4,Issue,OMO,14.4000 - 14.4000,227,0,89245.136,89245.136,15.8165,2nd Week
2018-03-05,50000,OMO,March-05-2018,05-03-2018 - 94DAY,3119,June-07-2018,Sales,693.621,12.5000 -12.6000,2.6,Issue,OMO,12.5000 -12.6000,94,0,693.621,693.621,13.0226,2nd Week
2018-03-06,100000,OMO,March-06-2018,06-03-2018 - 219DAY,3120,October-11-2018,Sales,67770.802,14.4000 - 14.4000,14.4,Issue,OMO,14.4000 - 14.4000,219,0,67770.802,67770.802,15.7618,2nd Week
2018-03-08,150000,OMO,March-08-2018,08-03-2018 - 219DAY,3121,November-22-2018,Sales,150000,14.4000 - 14.4000,14.4,Issue,OMO,14.4000 - 14.4000,259,0,187811.039,150000,16.0389,2nd Week
2018-03-12,30000,OMO,March-12-2018,12-03-2018 - 87DAY,3122,June-07-2018,Sales,51,12.6000 -12.6000,12.6,Issue,OMO,12.6000 -12.6000,87,0,51,51,12.9901,3rd Week
2018-03-12,70000,OMO,March-12-2018,12-03-2018 -227DAY,3123,October-25-2018,Sales,88815.43,14.3700 - 14.4000,14.4,Issue,OMO,14.3700 - 14.4000,227,0,88815.43,88815.43,15.8165,3rd Week
2018-03-14,9572.08,Primary Market,March-14-2018,14-03-2018 - 91 Day,3124,June-14-2018,Sales,6217.07,11.5000 - 11.7500,11.75,Issue,NTB,11.5000 - 11.7500,91,0,6217.07,6217.07,12.1046,3rd Week
2018-03-14,47860.4,Primary Market,March-14-2018,14-03-2018 - 182 Day,3125,September-13-2018,Sales,4002.52,12.6000 - 14.2000,13,Issue,NTB,12.6000 - 13.0000,182,0,12518.49,4002.52,13.9011,3rd Week
2018-03-14,38288.32,Primary Market,March-14-2018,14-03-2018 - 364 Day,3126,March-14-2019,Sales,85501.22,12.4900 - 13.9649,13.185,Issue,NTB,12.4900 - 13.1850,364,0,154582.08,85501.22,15.1812,3rd Week
2018-03-15,100000,OMO,March-15-2018,15-03-2018 -105DAY,3127,June-28-2018,Sales,2.7,12.6000 -12.6000,12.6,Issue,OMO,12.6000 -12.6000,105,0,2.7,2.7,13.0739,3rd Week
2018-03-15,300000,OMO,March-15-2018,15-03-2018 -259 DAY,3128,November-29-2018,Sales,443755.511,14.3000 - 14.4000,14.4,Issue,OMO,14.3000 - 14.4000,259,0,443755.511,443755.511,16.0389,3rd Week
2018-03-21,5395.7,Primary Market,March-21-2018,21-03-2018 - 91 Day,3129,June-21-2018,Sales,5395.7,11.9500 - 12.5000,11.95,Issue,NTB,11.9500 - 11.9500,91,0,5645.7,5395.7,12.317,4th Week
2018-03-21,26978.48,Primary Market,March-21-2018,21-03-2018 - 182 Day,3130,September-20-2018,Sales,8385.2,12.5000 - 14.4864,13,Issue,NTB,12.5000 - 13.0000,182,0,13685.2,8385.2,13.9011,4th Week
2018-03-21,21582.78,Primary Market,March-21-2018,21-03-2018 - 364 Day,3131,March-21-2019,Sales,40176.06,12.5000 - 18.5000,13.15,Issue,NTB,12.5000 - 13.1500,364,0,60653.48,40176.06,15.1348,4th Week
2018-03-21,10,Primary Market,March-21-2018,21-03-2018-5 Year,3134,July-15-2021,Sales,10.05,12.5000 - 14.0500,13.4,Maginal,FGN Bonds,12.5000 - 13.4000,5 Year,0,18.85,10.05,0,4th Week
2018-03-21,30,Primary Market,March-21-2018,21-03-2018-7 Year,3135,May-23-2025,Sales,8.91,12.5000 - 14.0000,13.53,Maginal,FGN Bonds,12.5000 - 13.5300,7 Year,0,25.21,8.91,0,4th Week
2018-03-21,30,Primary Market,March-21-2018,21-03-2018-10 Year,3136,February-23-2028,Sales,45.1,12.5000 - 14.0000,13.6,Maginal,FGN Bonds,12.5000 - 13.6000,10 Year,0,98.75,45.1,0,4th Week
2018-03-23,50000,OMO,March-23-2018,23-03-2019 - 97 DAY,3132,June-28-2018,Sales,37.3,12.6000 -12.6000,12.6,Issue,OMO,12.6000 -12.6000,97,0,37.3,37.3,13.0365,4th Week
2018-03-23,150000,OMO,March-23-2018,23-03-2019 - 244 DAY,3133,November-22-2018,Sales,247719.2,14.3900 - 14.4000,14.4,Issue,OMO,14.3900 - 14.4000,244,0,247719.2,247719.2,15.9338,4th Week
2018-04-04,9520.12,Primary Market,April-04-2018,04-04-2018 - 91 Day,3137,July-05-2018,Sales,9520.12,11.5000 - 13.0000,11.75,Issue,NTB,11.5000 - 11.7500,91,0,9974.9,9520.12,12.1046,1st Week
2018-04-04,47600.58,Primary Market,April-04-2018,04-04-2018 - 182 Day,3138,October-04-2018,Sales,17600.58,12.7000 - 14.1500,12.7,Issue,NTB,12.7000 - 12.7000,182,0,20422.69,17600.58,13.5586,1st Week
2018-04-04,38080.46,Primary Market,April-04-2018,04-04-2018 - 364 Day,3139,April-04-2019,Sales,68080.46,12.0000 - 18.4000,13.0422,Issue,NTB,12.0000 - 13.0422,364,0,173915.87,68080.46,14.9921,1st Week
2018-04-05,200000,OMO,April-05-2018,05-04-2018 - 91DAY,3140,July-05-2018,Sales,63853.628,12.4900 12-5000,12.5,Issue,OMO,12.4900 12-5000,91,0,63853.628,63853.628,12.9021,1st Week
2018-04-05,500000,OMO,April-05-2018,05-04-2018 - 245DAY,3141,December-06-2018,Sales,684835.679,14.2205 - 14.3000,14.3,Issue,OMO,14.2205 - 14.3000,245,0,684835.679,684835.679,15.8183,1st Week
2018-04-12,100000,OMO,April-12-2018,12-04-2018 -112,3142,August-02-2018,Sales,1288.25,12.2000 - 12.2000,12.2,Issue,OMO,12.2000 - 12.2000,112 DAY,0,1288.25,1288.25,12.6745,2nd Week
2018-04-12,400000,OMO,April-12-2018,12-04-2018 - 245 DAY,3143,December-13-2018,Sales,498711.75,13.9500 14.2750,13.99,Issue,OMO,13.9500 - 13.9900,245,0,963972.29,498711.75,15.4399,2nd Week
2018-04-18,5849.03,Primary Market,April-18-2018,18-04-2018 - 91 Day,3144,July-19-2018,Sales,5849.03,10.9000 - 13.0000,10.9,Issue,NTB,10.9000 - 10.9000,91,0,18539.22,5849.03,11.2045,3rd Week
2018-04-18,29245.17,Primary Market,April-18-2018,18-04-2018 - 182 Day,3145,October-18-2018,Sales,29245.17,11.5000 - 13.6000,12,Issue,NTB,11.5000 - 12.0000,182,0,46578.91,29245.17,12.7637,3rd Week
2018-04-18,23396.13,Primary Market,April-18-2018,18-04-2018 - 364 Day,3146,April-18-2019,Sales,23396.13,11.5000 - 15.1000,12.078,Issue,NTB,11.5000 - 12.0780,364,0,374006.82,23396.13,13.732,3rd Week
2018-04-19,100000,OMO,April-19-2018,12-04-2018 -105 DAY,3147,August-02-2018,Sales,27583.447,10.7500 - 11.5000,10.9,Issue,OMO,10.7500 - 10.9000,105,0,30283.447,27583.447,11.2528,3rd Week
2018-04-19,300000,OMO,April-19-2018,19-04-2018 - 245 DAY,3148,December-20-2018,Sales,472416.553,11.4989 - 12.0000,11.95,Issue,OMO,11.4989 - 11.9500,245,0,856681.056,472416.553,12.9921,3rd Week
2018-04-25,30,Primary Market,April-25-2018,04-25-2018-5 Year,3153,April-27-2023,Sales,38.29,11.5000 - 13.4997,12.75,Maginal,FGN Bonds,11.5000 - 12.7500,5 Year,0,52.89,38.29,0,4th Week
2018-04-25,30,Primary Market,April-25-2018,25-04-2018-7 Year,3154,March-23-2025,Sales,12.75,11.5000 - 13.8947,12.85,Maginal,FGN Bonds,11.5000 - 12.8500,7 Year,0,49.4,12.75,0,4th Week
2018-04-25,30,Primary Market,April-25-2018,25-04-2018-10 Year,3155,February-23-2028,Sales,38.96,11.5000 - 13.9800,12.89,Maginal,FGN Bonds,11.5000 - 12.8900,10 Year,0,160.19,38.96,0,4th Week
2018-04-26,190000,OMO,April-26-2018,26-04-2018 - 245 DAY,3149,December-27-2018,Sales,115654.924,12.0000 - 12.0000,12,Issue,OMO,12.0000 - 12.0000,245,0,602052.587,115654.924,13.0513,4th Week
2018-04-26,40000,OMO,April-26-2018,26-04-2018 - 91 DAY,3150,July-26-2018,Sales,111021.21,10.3100 - 10.9000,10.9,Issue,OMO,10.3100 - 10.9000,91,0,111021.21,111021.21,11.2045,4th Week
2018-04-27,10000,OMO,April-27-2018,27-04-2018 - 97 DAY,3151,August-02-2018,Sales,27946.538,10.8500 - 10.9500,10.95,Issue,OMO,10.8500 - 10.9500,97,0,27946.538,27946.538,11.2782,4th Week
2018-04-27,40000,OMO,April-27-2018,26-04-2018 - 244 DAY,3152,December-27-2018,Sales,22053.462,12.0500 - 12.0500,12.05,Issue,OMO,12.0500 - 12.0500,244,0,435075.106,22053.462,13.1057,4th Week
2018-05-02,9541.924,Primary Market,May-02-2018,02-05-2018-91 Day,3156,August-02-2018,Sales,9541.924,10.0000 - 11.5000,10.2557,Issue,NTB,10.0000 - 10.2557,91,0,47789.124,9541.924,10.2557,1st Week
2018-05-02,47709.615,Primary Market,May-02-2018,02-05-2018-182 Day,3157,November-01-2018,Sales,47709.615,10.3000 - 12.5000,10.95,Issue,NTB,10.3000 - 10.9500,182,0,112095.464,47709.615,11.5824,1st Week
2018-05-02,38167.692,Primary Market,May-02-2018,02-05-2018-364 Day,3158,May-02-2019,Sales,38167.692,10.7500 - 13.7211,11.149,Issue,NTB,10.7500 - 11.1490,364,0,242853.292,38167.692,12.5437,1st Week
2018-05-03,150000,OMO,May-03-2018,03-05-2018 - 105 DAY,3159,August-16-2018,Sales,175486.346,10.6000 - 11.0000,11,Issue,OMO,10.6000 - 11.0000,105,0,175486.346,175486.346,11.3595,1st Week
2018-05-03,350000,OMO,May-03-2018,03-05-2018 - 245 DAY,3160,January-03-2019,Sales,424513.654,12.1000 - 12.1000,12.1,Issue,OMO,12.1000 - 12.1000,245,0,826753.593,424513.654,13.1696,1st Week
2018-05-10,50000,OMO,May-10-2018,10-05-2018 - 119 DAY,3161,September-06-2018,Sales,2979.3,11.0500 - 11.0500,11.05,Issue,OMO,11.0500 - 11.0500,119,0,2979.3,2979.3,11.463,2nd Week
2018-05-10,200000,OMO,May-10-2018,10-05-2018 - 231 DAY,3162,December-27-2018,Sales,451184.786,12.1500 - 12.1500,12.15,Issue,OMO,12.1500 - 12.1500,231,0,451184.786,451184.786,13.1621,2nd Week
2018-05-16,3384.18,Primary Market,May-16-2018,16-05-2018 - 91 Day,3163,August-16-2018,Sales,3384.18,9.0000 - 12.0000,10,Issue,NTB,9.0000 - 10.0000,91,0,3705.78,3384.18,10.2557,3rd Week
2018-05-16,16920.9,Primary Market,May-16-2018,16-05-2018 - 182 Day,3164,November-15-2018,Sales,16920.9,10.1000 - 12.5001,10.5,Issue,NTB,10.1000 - 10.5000,182,0,20904.42,16920.9,11.0801,3rd Week
2018-05-16,13536.72,Primary Market,May-16-2018,16-05-2018 - 364 Day,3165,May-16-2019,Sales,13536.72,10.0000 - 18.6000,10.7,Issue,NTB,10.0000 - 10.7000,364,0,48603.85,13536.72,11.9782,3rd Week
2018-05-17,50000,OMO,May-17-2018,17-05-2018 - 112 DAY,3166,September-06-2018,Sales,58.14,11.0500 - 11.0500,11.05,Issue,OMO,11.0500 - 11.0500,112,0,58.14,58.14,11.4378,3rd Week
2018-05-17,250000,OMO,May-17-2018,17-05-2018 - 182 DAY,3167,November-15-2018,Sales,40889.511,12.1500 - 12.5000,12.15,Issue,OMO,12.1500 - 12.1500,182,0,88620.408,40889.511,12.9336,3rd Week
2018-05-23,20,Primary Market,May-23-2018,23-05-2018-5 Year,3179,April-27-2023,Sales,3.5,12.9000 - 14.0000,13.5,Maginal,FGN Bonds,12.9000 - 13.5000,5 Year,0,8.72,3.5,0,4th Week
2018-05-23,20,Primary Market,May-23-2018,23-05-2018-7 Year,3180,March-23-2025,Sales,8.45,11.5000 - 14.0159,13.5,Maginal,FGN Bonds,11.5000 - 13.5000,7 Year,0,14.45,8.45,0,4th Week
2018-05-23,30,Primary Market,May-23-2018,23-05-2018-10 Year,3181,February-23-2028,Sales,38.5,11.5000 - 14.2915,13.55,Maginal,FGN Bonds,11.5000 - 13.5500,10 Year,0,66.65,38.5,0,4th Week
2018-05-24,50000,OMO,May-24-2018,24-05-2018 - 112 DAY,3168,September-13-2018,Sales,124.5,11.0500 - 11.0500,11.05,Issue,OMO,11.0500 - 11.0500,112,0,124.5,124.5,11.4378,4th Week
2018-05-24,250000,OMO,May-24-2018,24-05-2018 - 231 DAY,3169,January-10-2019,Sales,113309.58,12.1500 - 12.3000,12.15,Issue,OMO,12.1500 - 12.1500,231,0,114309.58,113309.58,13.1621,4th Week
2018-05-25,150000,OMO,May-25-2018,25-05-2018 - 230 DAY,3170,January-10-2019,Sales,37095.188,12.1500 - 12.1500,12.15,Issue,OMO,12.1500 - 12.1500,230,0,37095.188,37095.188,13.1573,4th Week
2018-05-30,4960.588,Primary Market,May-30-2018,30-05-2018-91,3171,August-30-2018,Sales,4960.588,9.7000 - 12.0000,10,Maginal,NTB,9.7000 - 10.0000,91,0,5210.588,4960.588,10.2557,5th Week
2018-05-30,24802.939,Primary Market,May-30-2018,30-05-2018-182,3172,November-29-2018,Sales,24802.939,10.0000 - 13.2000,10.3,Issue,NTB,10.0000 - 10.3000,182,0,34853.939,24802.939,10.8576,5th Week
2018-05-30,19842.352,Primary Market,May-30-2018,30-0502018-364,3173,May-30-2019,Sales,19842.352,10.0000 - 12.5000,11,Issue,NTB,10.0000 - 11.0000,364,0,62983.039,19842.352,12.3554,5th Week
2018-05-31,650000,OMO,May-31-2018,31-05-2018 - 231 DAY,3174,January-17-2019,Sales,560922.253,12.1400 - 12.1500,12.15,Issue,OMO,12.1400 - 12.1500,231,0,560922.253,560922.253,13.1621,5th Week
2018-05-31,150000,OMO,May-31-2018,31-05-2018 - 112 DAY,3175,September-20-2018,Sales,348.7,11,11.05,Issue,OMO,11.0500 - 11.0500,112,0,348.7,348.7,11.4378,5th Week
2018-06-01,50000,OMO,June-01-2018,01-06-2018 - 111 DAY,3176,September-20-2018,Sales,9250,11.0500 - 11.0500,11.05,Issue,OMO,11.0500 - 11.0500,111,0,9250,9250,11.4342,1st Week
2018-06-01,40000,OMO,June-01-2018,01-06-2018 - 223 DAY,3177,January-10-2019,Sales,165605.403,12.1500 - 12.1500,12.15,Issue,OMO,12.1500 - 12.1500,223,0,165605.403,165605.403,13.1242,1st Week
2018-06-04,250000,OMO,June-04-2018,04-06-2018-234,3178,January-24-2019,Sales,41242.498,12.1500 - 12.3000,12.15,Issue,OMO,12.1500 - 12.1500,234,0,45242.498,41242.498,13.1763,1st Week
2018-06-07,100000,OMO,June-07-2018,07-06-2018 - 112 DAY,3182,September-27-2018,Sales,495.85,11.0500 - 11.0500,11.05,Issue,OMO,11.0500 - 11.0500,112,0,495.85,495.85,11.4378,2nd Week
2018-06-07,300000,OMO,June-07-2018,07-06-2018 - 238 DAY,3183,January-31-2019,Sales,190888.113,12.1500 - 12.1500,12.15,Issue,OMO,12.1500 - 12.1500,238,0,190888.113,190888.113,13.1954,2nd Week
2018-06-13,50000,Primary Market,June-13-2018,13-06-2018-182 Day,3185,December-13-2018,Sales,50000,10.0000 - 12.5890,10.5,Issue,NTB,10.0000 - 10.5000,182,0,53000,50000,11.0801,2nd Week
2018-06-13,124640.724,Primary Market,June-13-2018,13-06-2018-364 Day,3186,June-13-2019,Sales,124640.724,10.4900 - 13.4900,11.5,Issue,NTB,10.4900 - 11.5000,364,0,191668.811,124640.724,12.9897,2nd Week
2018-06-14,6217.066,Primary Market,June-14-2018,13-06-2018-91 Day,3184,September-13-2018,Sales,6217.066,9.9000 - 10.2000,10.2,Maginal,NTB,9.9000 - 10.2000,91,0,6217.066,6217.066,10.4662,2nd Week
2018-06-19,150000,OMO,June-19-2018,19-06-2018 - 93 DAY,3187,September-20-2018,Sales,3792.095,11.0500 - 11.0500,11.05,Issue,OMO,11.0500 - 11.0500,93,0,3792.095,3792.095,11.3701,4th Week
2018-06-19,200000,OMO,June-19-2018,19-06-2018 - 219 DAY,3188,January-24-2019,Sales,133605.545,12.1500 - 12.5000,12.15,Issue,OMO,12.1500 - 12.5000,219,0,135605.545,133605.545,13.1054,4th Week
2018-06-20,5395.7,Primary Market,June-20-2018,20-06-2018 - 91 Day,3194,September-20-2018,Sales,5395.7,10.0000 - 10.0000,10,Issue,NTB,10.0000 - 10.0000,91,0,5395.7,5395.7,10.2557,5th Week
2018-06-20,20000,Primary Market,June-20-2018,20-06-2018 - 182 Day,3195,December-20-2018,Sales,20000,10.3000 - 11.0000,10.3,Issue,NTB,10.3000 - 11.0000,182,0,20161.83,20000,10.8576,5th Week
2018-06-25,100000,OMO,June-25-2018,25-06-2018 - 87 DAY,3189,September-20-2018,Sales,342.7,11.0500 - 11.0500,11.05,Issue,OMO,11.0500 - 11.0500,87,0,342.7,342.7,11.3489,5th Week
2018-06-25,150000,OMO,June-25-2018,25-06-2018 - 213 DAY,3190,January-24-2019,Sales,206695.68,12.1500 - 12.1500,12.15,Issue,OMO,12.1500 - 12.1500,213,0,206695.68,206695.68,13.0772,5th Week
2018-06-27,20,Primary Market,June-27-2018,27-06-2018-5 Year,3191,April-27-2023,Sales,3.49,13.2000 - 14.4000,13.5,Maginal,FGN Bonds,13.2000 - 13.5000,5 Year,0,8.29,3.49,0,4th Week
2018-06-27,20,Primary Market,June-27-2018,27-06-2018-7 Year,3192,March-23-2025,Sales,6.7,13.3500 - 14.4000,13.8,Maginal,FGN Bonds,13.3500 - 13.8000,7 Year,0,10.9,6.7,0,4th Week
2018-06-27,20,Primary Market,June-27-2018,27-06-2018-10 Year,3193,February-23-2028,Sales,21.03,12.8000 - 15.1949,13.81,Maginal,FGN Bonds,12.8000 - 13.8100,10 Year,0,47.53,21.03,0,4th Week
2018-06-28,41287.31,Primary Market,June-28-2018,20-06-2018 - 364 Day,3196,June-20-2019,Sales,14614.11,10.5000 - 13.1215,11.5,Issue,NTB,10.5000 - 11.5000,364,26673.2,37583.27,14614.11,12.9897,5th Week
2018-07-04,9520.117,Primary Market,July-04-2018,05-07-2018-91 Day,3199,October-04-2018,Sales,9520.117,9.8000 - 12.5000,10,Issue,NTB,9.8000 - 10.0000,91,0,18755.348,9520.117,10.2557,1st Week
2018-07-04,33925.693,Primary Market,July-04-2018,05-07-2018-182 Day,3200,January-03-2019,Sales,33925.693,10.2900 - 11.5000,10.5,Issue,NTB,10.2900 - 10.5000,182,0,33985.15,33925.693,11.0801,1st Week
2018-07-04,127058.893,Primary Market,July-04-2018,05-07-2018-364 Day,3201,July-04-2019,Sales,58857.012,11.0000 - 18.2000,11.5096,Issue,NTB,11.0000 - 11.5096,364,68201.881,99362.021,58857.012,13.002,1st Week
2018-07-12,300000,OMO,July-12-2018,12-07-2018 - 210 DAY,3197,February-07-2019,Sales,315319.26,12.1290 - 12.1500,12.15,Issue,OMO,12.1290 - 12.1500,210,0,315319.26,315319.26,13.0632,2nd Week
2018-07-12,100000,OMO,July-12-2018,12-07-2018 - 70 DAY,3198,September-20-2018,Sales,13,11.0500 - 11.0500,11.05,Issue,OMO,11.0500 - 11.0500,70,0,13,13,11.2892,2nd Week
2018-07-18,5849.034,Primary Market,July-18-2018,18-07-2018-91 Day,3202,October-18-2018,Sales,5849.034,9.8000 - 10.0000,10,Issue,NTB,9.8000 - 10.0000,91,0,6636.242,5849.034,10.2557,3rd Week
2018-07-18,26600,Primary Market,July-18-2018,18-07-2018-182 Day,3203,January-17-2019,Sales,26600,10.0000 - 11.0000,10.5,Issue,NTB,10.0000 - 10.5000,182,0,26816.661,26600,11.0801,3rd Week
2018-07-18,145962.899,Primary Market,July-18-2018,18-07-2018-364 Day,3204,July-18-2019,Sales,74598.126,11.2500 - 13.5000,11.49,Issue,NTB,11.2500 - 11.4900,364,71364.773,140937.177,74598.126,12.977,3rd Week
2018-07-19,100000,OMO,July-19-2018,19-07-2018- 91 DAY,3205,October-18-2018,Sales,60773.387,11.0500 - 11.0500,11.05,Issue,OMO,11.0500 - 11.0500,91,0,60773.387,60773.387,11.363,3rd Week
2018-07-19,450000,OMO,July-19-2018,19-07-2018- 210 DAY,3206,February-14-2019,Sales,435484.356,12.1470 - 12.1500,12.15,Issue,OMO,12.1470 - 12.1500,210,0,435484.356,435484.356,13.0632,3rd Week
2018-07-24,50000,OMO,July-24-2018,19-07-2018- 86 DAY,3207,October-18-2018,Sales,41470.619,11.0500 - 11.0500,11.05,Issue,OMO,11.0500 - 11.0500,86,0,41470.619,41470.619,11.3454,4th Week
2018-07-24,300000,OMO,July-24-2018,24-07-2018- 205 DAY,3208,February-14-2019,Sales,194462.417,12.1500 - 12.1500,12.15,Issue,OMO,12.1500 - 12.1500,205,0,194462.417,194462.417,13.0398,4th Week
2018-07-25,25,Primary Market,July-25-2018,25-07-2018 - 7 Year,3222,March-23-2025,Sales,11.58,12.8000 - 14.4900,14,Maginal,FGN Bonds,12.8000 - 14.0000,7 Year,0,13.58,11.58,0,4th Week
2018-07-25,40,Primary Market,July-25-2018,25-07-2018 - 10 Year,3223,February-23-2028,Sales,46.39,12.5000 - 14.6490,14.2999,Maginal,FGN Bonds,12.5000 - 14.2999,10 Year,0,50.51,46.39,0,4th Week
2018-07-26,100000,OMO,July-26-2018,26-07-2018- 91 DAY,3209,October-25-2018,Sales,73645.37,11.0400 - 11.0500,11.05,Issue,OMO,11.0400 - 11.0500,91,0,73645.37,73645.37,11.363,4th Week
2018-07-26,300000,OMO,July-26-2018,26-07-2018- 210 DAY,3210,February-21-2019,Sales,274983.412,12.1500 - 12.1500,12.15,Issue,OMO,12.1500 - 12.1500,210,0,274983.412,274983.412,13.0632,4th Week
2018-07-27,25,Primary Market,July-27-2018,25-07-2018 - 5 Year,3221,April-27-2023,Sales,8.93,13.3500 - 13.9000,13.69,Maginal,FGN Bonds,13.3500 - 13.6900,5 Year,0,12.93,8.93,0,4th Week
2018-08-01,9541.92,Primary Market,August-01-2018,01-08-2018 - 91 Day,3211,November-01-2018,Sales,9541.92,9.6500 - 10.2000,10,Issue,NTB,9.6500 - 10.0000,91,0,9626.92,9541.92,10.2557,1st Week
2018-08-01,69565.35,Primary Market,August-01-2018,01-08-2018 - 182 Day,3212,January-31-2019,Sales,69565.35,10.2000 - 11.0000,10.4,Issue,NTB,10.2000 - 10.4000,182,0,69639.35,69565.35,10.9688,1st Week
2018-08-01,136522.57,Primary Market,August-01-2018,01-08-2018 - 364 Day,3213,August-01-2019,Sales,136522.57,11.0000 - 18.2000,11.3,Issue,NTB,11.0000 - 11.3000,364,0,238898.37,136522.57,12.7351,1st Week
2018-08-02,200000,OMO,August-02-2018,02-08-2018 - 91DAY,3214,November-01-2018,Sales,58951.881,11.0500 - 11.0500,11.05,Issue,OMO,11.0500 - 11.0500,91,0,58951.881,58951.881,11.363,1st Week
2018-08-02,400000,OMO,August-02-2018,02-08-2018 - 203DAY,3215,February-21-2019,Sales,304007.009,12.1500 - 12.1500,12.15,Issue,OMO,12.1500 - 12.1500,203,0,304007.009,304007.009,13.0305,1st Week
2018-08-09,350000,OMO,August-09-2018,09-08-2018 - 203DAY,3216,February-28-2019,Sales,349635.26,12.1500 - 12.1500,12.15,Issue,OMO,12.1500 - 12.1500,203,0,349635.26,349635.26,13.0305,2nd Week
2018-08-09,100000,OMO,August-09-2018,09-08-2018 - 91DAY,3217,November-08-2018,Sales,27425.65,11.0500 - 11.0500,11.05,Issue,OMO,11.0500 - 11.0500,91,0,27425.65,27425.65,11.363,2nd Week
2018-08-15,3384.18,Primary Market,August-15-2018,15-08-2018 - 91 Day,3218,November-15-2018,Sales,3384.18,9.8000 - 10.0000,10,Issue,NTB,9.8000 - 10.0000,91,0,3384.18,3384.18,10.2557,3rd Week
2018-08-15,10000,Primary Market,August-15-2018,15-08-2018 - 182 Day,3219,February-14-2019,Sales,10000,10.0000 - 13.7500,10.4,Issue,NTB,10.0000 - 10.4000,182,0,10050,10000,10.9688,3rd Week
2018-08-15,20000,Primary Market,August-15-2018,15-08-2018 - 364 Day,3220,August-15-2019,Sales,20000,10.5000 - 15.0000,11.22,Issue,NTB,10.5000 - 11.2200,364,0,36033.91,20000,12.6336,3rd Week
2018-08-15,25,Primary Market,August-15-2018,15-08-2018- 5 Year,3245,April-27-2023,Sales,3.97,13.6000 - 15.0000,14.39,Maginal,FGN Bonds,13.6000 - 14.3900,5 Year,0,6.67,3.97,0,3rd Week
2018-08-15,25,Primary Market,August-15-2018,15-08-2018- 7 Year,3246,March-23-2025,Sales,14.35,12.8000 - 15.1000,14.6,Maginal,FGN Bonds,12.8000 - 14.6000,7 Year,0,24.35,14.35,0,3rd Week
2018-08-15,40,Primary Market,August-15-2018,15-08-2018- 10 Year,3247,February-23-2028,Sales,21.38,12.8000 - 15.9510,14.69,Maginal,FGN Bonds,12.8000 - 14.6900,10 Year,0,69.76,21.38,0,3rd Week
2018-08-16,100000,OMO,August-16-2018,16-08-2018 - 91DAY,3224,November-15-2018,Sales,24681.705,11.0000 - 11.0500,11.05,Issue,OMO,11.0000 - 11.0500,91,0,24681.705,24681.705,11.363,3rd Week
2018-08-16,350000,OMO,August-16-2018,16-08-2018 - 203DAY,3225,March-07-2019,Sales,128859.576,12.1500 - 12.1500,12.15,Issue,OMO,12.1500 - 12.1500,203,0,128859.576,128859.576,13.0305,3rd Week
2018-08-29,24960.59,Primary Market,August-29-2018,29-08-2018 - 91 Day,3226,November-29-2018,Sales,22727.51,9.9000 - 11.0000,11,Issue,NTB,9.9000 - 11.0000,91,0,22727.51,22727.51,11.3102,5th Week
2018-08-29,44993.79,Primary Market,August-29-2018,29-08-2018 - 182 Day,3227,February-28-2019,Sales,38751.85,10.0000 - 12.3000,12.3,Issue,NTB,10.0000 - 12.3000,182,0,38751.85,38751.85,13.1037,5th Week
2018-08-29,137000,Primary Market,August-29-2018,29-08-2018 - 364 Day,3228,August-29-2019,Sales,145475.02,10.7500 - 18.4000,13.0456,Issue,NTB,10.7500 - 13.0456,364,0,146071.77,145475.02,14.9966,5th Week
2018-09-04,100000,OMO,September-04-2018,04-09-2018 - 72 DAY,3229,November-15-2018,Sales,81438.545,11.0500 - 13.8500,11.05,Issue,OMO,81438.545,72,0,83156.045,81438.545,11.2962,1st Week
2018-09-04,500000,OMO,September-04-2018,04-09-2018 - 198 DAY,3230,March-21-2019,Sales,89831.165,12.1500 - 12.5000,12.15,Issue,OMO,12.1500 - 12.1500,198,0,184217.437,89831.165,13.0073,1st Week
2018-09-05,100000,OMO,September-05-2018,05-09-2018 - 64 DAY,3231,November-08-2018,Sales,7500,10.0000 - 11.0500,10,Issue,OMO,10.0000 - 10.0000,64,0,9800,7500,10.1785,1st Week
2018-09-05,100000,OMO,September-05-2018,05-09-2018 - 127 DAY,3232,January-10-2019,Sales,4000,11.5000 - 12.1500,11.5,Issue,OMO,11.5000 - 11 5000,127,0,10050,4000,11.9793,1st Week
2018-09-05,200000,OMO,September-05-2018,05-09-2018 - 190 DAY,3233,March-14-2019,Sales,126092.559,12.1500 - 15.0000,12.15,Issue,OMO,12.1500 - 12.1500,190,0,137092.559,126092.559,12.9703,1st Week
2018-09-06,100000,OMO,September-06-2018,05-09-2018 - 63 DAY,3234,November-08-2018,Sales,34300,10.0000 - 10.0000,10,Issue,OMO,10.0000 - 10.0000,63,0,34300,34300,10.1756,1st Week
2018-09-06,150000,OMO,September-06-2018,05-09-2018 - 126 DAY,3235,January-10-2019,Sales,55342,11.5000 - 12.1500,11.5,Issue,OMO,11.5000 - 11 5000,126,0,56342,55342,11.9754,1st Week
2018-09-06,300000,OMO,September-06-2018,06-09-2018 - 182 DAY,3236,March-07-2019,Sales,100089.16,12.1500 - 12.5000,12.5,Issue,OMO,12.1500 - 12.5000,182,0,100089.16,100089.16,13.3309,1st Week
2018-09-10,200000,OMO,September-10-2018,10-09-2018 - 199 DAY,3237,March-28-2019,Sales,21748,12.5000 - 13.0000,12.5,Issue,OMO,12.5000 -12.5000,199,0,62548.63,21748,13.4142,2nd Week
2018-09-11,50000,OMO,September-11-2018,11-09-2018 - 198 DAY,3238,March-28-2019,Sales,300,12.5000 - 13.0000,12.5,Issue,OMO,12.5000 -12.5000,198,0,9382.986,300,13.4093,2nd Week
2018-09-11,150000,OMO,September-11-2018,11-09-2018 - 324 DAY,3239,August-01-2019,Sales,81654.442,13.0000 -14.5000,13.2,Issue,OMO,13.0000 -13.2000,324,0,97156.442,81654.442,14.952,2nd Week
2018-09-12,6217.066,Primary Market,September-12-2018,12-09-2018 - 91 DAY,3240,December-13-2018,Sales,2650.808,11.0000 - 14.0000,11,Issue,NTB,11.00 - 11.00,91,0,3382.186,2650.808,11.3102,2nd Week
2018-09-12,4002.523,Primary Market,September-12-2018,12-09-2018 - 182 DAY,3242,March-14-2019,Sales,4002.523,12.0000 - 13.1970,12.3,Issue,NTB,12.0000 - 12.3000,182,0,7648.976,4002.523,13.1037,2nd Week
2018-09-12,126085.442,Primary Market,September-12-2018,12-09-2018 - 364 DAY,3244,September-12-2019,Sales,129651.7,11.0000 - 20.0000,13.5,Issue,NTB,11.0000 - 13.5000,364,0,202336.377,129651.7,15.6003,2nd Week
2018-09-19,5395.7,Primary Market,September-19-2018,19-09-2018 - 91 Day,3248,December-20-2018,Sales,5395.7,11.0000 - 13.4000,11,Issue,NTB,11.0000 - 11.0000,91,0,8601.35,5395.7,11.3102,3rd Week
2018-09-19,8385.2,Primary Market,September-19-2018,19-09-2018 - 182 Day,3249,March-21-2019,Sales,8385.2,11.9500 - 14.4000,12.2,Issue,NTB,11.9500 - 12.2000,182,0,11858.05,8385.2,12.9902,3rd Week
2018-09-19,168361.35,Primary Market,September-19-2018,19-09-2018 - 364 Day,3250,September-19-2019,Sales,168361.35,13.0000 - 15.5582,13.475,Issue,NTB,13.0000 - 15.5582,364,0,419491.65,168361.35,15.5669,3rd Week
2018-09-20,150000,OMO,September-20-2018,20-09-2018 - 182 DAY,3251,March-21-2019,Sales,31046.803,12.3000 - 13.0000,12.5,Issue,OMO,12.3000 - 12.5000,182,0,38046.803,31046.803,13.3309,3rd Week
2018-09-20,300000,OMO,September-20-2018,20-09-2018 - 364 DAY,3252,September-19-2019,Sales,306549.609,13.4500 - 14.0000,13.5,Issue,OMO,13.4500 - 13.5000,364,0,383389.609,306549.609,15.6003,3rd Week
2018-09-26,25,Primary Market,September-26-2018,26-09-2018-5 Year,3255,April-27-2023,Sales,17.48,14.7400 - 16.1000,15,Maginal,FGN Bonds,14.7400 - 15.0000,5 Year,0,20.68,17.48,0,4th Week
2018-09-26,25,Primary Market,September-26-2018,26-09-2018-7 Year,3256,March-23-2025,Sales,7.38,14.6000 - 16.0000,15.15,Maginal,FGN Bonds,14.6000 - 15.1500,7 Year,0,12.48,7.38,0,4th Week
2018-09-26,40,Primary Market,September-26-2018,26-09-2018-10 Year,3257,February-23-2028,Sales,71.88,12.9800 - 16.5000,15.2459,Maginal,FGN Bonds,12.9800 - 15.2459,10 Year,0,125.35,71.88,0,4th Week
2018-10-03,9520.117,Primary Market,October-03-2018,03-10-2018-91 Day,3258,January-03-2019,Sales,9520.117,10.6000 - 10.9000,10.9,Issue,NTB,10.6000 - 10.9000,91,0,9520.117,9520.117,11.2045,1st Week
2018-10-03,17600.581,Primary Market,October-03-2018,03-10-2018-182 Day,3259,April-04-2019,Sales,17600.581,11.7499 - 13.0000,12.098,Issue,NTB,11.7499 - 12.0980,182,0,31439.683,17600.58,12.8747,1st Week
2018-10-03,106370.499,Primary Market,October-03-2018,10-03-2018 364 Days,3260,October-03-2019,Sales,106370.499,12.8500 - 18.0000,13.33,Issue,NTB,12.8500 - 13.3300,364,0,397483.688,106370.499,15.3737,1st Week
2018-10-04,100000,OMO,October-04-2018,04-10-2018-182 Day,3253,April-04-2019,Sales,80620,12.3000 - 12.5000,12.5,Issue,OMO,12.3000 - 12.5000,182,0,80620,80620,13.3309,1st Week
2018-10-04,300000,OMO,October-04-2018,04-10-2018-364 Day,3254,October-03-2019,Sales,472370,13.3000 - 13.5000,13.5,Issue,OMO,13.3000 - 13.5000,364,0,472370,472370,15.6003,1st Week
2018-10-11,100000,OMO,October-11-2018,11-10-2018 - 182 DAY,3261,April-11-2019,Sales,31826.865,12.5000 - 12.5000,12.5,Issue,OMO,12.5000 - 12.5000,182,0,31826.865,31826.865,13.3309,2nd Week
2018-10-11,150000,OMO,October-11-2018,11-10-2018 - 350 DAY,3262,September-26-2019,Sales,217269.411,13.5000 - 13.5000,13.5,Issue,OMO,13.5000 - 13.5000,350,0,217269.411,217269.411,15.5075,2nd Week
2018-10-17,5849.034,Primary Market,October-17-2018,17-10-2018-91 Day,3266,January-17-2019,Sales,5849.034,10.7000 - 12.2800,10.96,Issue,NTB,10.7000 - 10.9600,91,0,5924.034,5849.034,11.2679,3rd Week
2018-10-17,29245.168,Primary Market,October-17-2018,17-10-2018-182 Day,3267,April-18-2019,Sales,29245.168,11.5000 - 12.8900,12.69,Issue,NTB,11.5000 - 12.6900,182,0,30492.519,29245.168,13.5472,3rd Week
2018-10-17,112535.643,Primary Market,October-17-2018,17-10-2018-364 Day,3268,October-17-2019,Sales,112535.643,12.5000 - 18.0000,13.449,Issue,NTB,12.5000 - 13.4490,364,0,167589.949,112535.643,15.5322,3rd Week
2018-10-18,50000,OMO,October-18-2018,18-10-2018 - 105 DAY,3263,January-31-2019,Sales,118.289,11.2500 - 12.4000,12.25,Issue,OMO,12.2500 - 12.2500,105,0,3118.289,118.289,0,3rd Week
2018-10-18,100000,OMO,October-18-2018,18-10-2018 - 182 DAY,3264,April-18-2019,Sales,45701.362,12.5000 - 12.7500,12.75,Issue,OMO,12.5000 - 12.7500,182,0,45701.362,45701.362,0,3rd Week
2018-10-18,200000,OMO,October-18-2018,18-10-2018 - 329 DAY,3265,September-12-2019,Sales,229516.587,13.5000 - 14.0000,14,Issue,OMO,13.5000 - 14.0000,329,0,229516.587,229516.587,0,3rd Week
2018-10-24,35000,Primary Market,October-24-2018,24-10-2018-5 Year,3324,April-27-2023,Sales,12650,14.8000 - 16.0000,15,Maginal,FGN Bonds,14.8000 - 15.0000,5,0,16500,12650,0,4th Week
2018-10-24,35000,Primary Market,October-24-2018,24-10-2018-7 Year,3325,March-23-2025,Sales,20140,14.8000 - 16.0000,15.15,Maginal,FGN Bonds,14.8000 - 15.1500,7,0,24900,20140,0,4th Week
2018-10-24,45000,Primary Market,October-24-2018,24-10-2018-10 Year,3326,February-23-2028,Sales,55290,12.9800 - 16.1500,15.32,Maginal,FGN Bonds,12.9800 - 15.3200,10,0,102080,55290,0,4th Week
2018-10-25,70000,OMO,October-25-2018,25-10-2018 - 98DAY,3269,January-31-2019,Sales,134.635,11.5000 - 11.5000,11.5,Issue,OMO,11.5000 - 11.5000,98,0,134.635,134.635,0,4th Week
2018-10-25,100000,OMO,October-25-2018,25-10-2018 - 182DAY,3270,April-25-2019,Sales,11795.609,12.7500 - 13.0000,13,Issue,OMO,12.7500 - 13.0000,182,0,11795.609,11795.609,0,4th Week
2018-10-25,200000,OMO,October-25-2018,25-10-2018 - 364 DAY,3271,October-24-2019,Sales,174088.962,14.0000 - 14.5000,14.5,Issue,OMO,14.0000 - 14.5000,364,0,174088.962,174088.962,0,4th Week
2018-10-31,9541.924,Primary Market,October-31-2018,31-10-2018 - 91 Day,3272,January-31-2019,Sales,7851.744,10.7000 - 13.0000,10.9752,Issue,NTB,10.7000 - 10.9752,91,0,7913.753,7851.744,11.284,5th Week
2018-10-31,47709.615,Primary Market,October-31-2018,31-10-2018 - 182 Day,3273,May-02-2019,Sales,43522.527,12.0000 - 13.4900,13.49,Issue,NTB,12.0000 - 13.4900,182,0,43522.527,43522.527,14.4628,5th Week
2018-10-31,88037.883,Primary Market,October-31-2018,31-10-2018 - 364 Day,3274,October-31-2019,Sales,93915.151,13.2000 - 15.9900,14.4,Issue,NTB,13.2000 - 14.4000,364,0,212000.523,93915.151,16.8147,5th Week
2018-11-01,200000,OMO,November-01-2018,01-11-2018 - 91DAY,3275,January-31-2019,Sales,835.152,11.5000 - 11.5000,11.5,Issue,OMO,11.5000 - 11.5000,91,0,835.152,835.152,0,1st Week
2018-11-01,300000,OMO,November-01-2018,01-11-2018 - 182DAY,3276,May-02-2019,Sales,62803.853,13.0000 -14.0000,13,Issue,OMO,13.0000 -13.0000,182,0,74115.483,62803.853,0,1st Week
2018-11-01,500000,OMO,November-01-2018,01-11-2018 - 350DAY,3277,October-17-2019,Sales,453975.94,14.5000 - 15.0000,14.5,Issue,OMO,14.5000 - 14.5000,350,0,462575.94,453975.94,0,1st Week
2018-11-06,50000,OMO,November-06-2018,06-11-2018 - 121DAY,3278,March-07-2019,Sales,213.8,11.5000 - 11.5000,11.5,Issue,OMO,11.5000 - 11.5000,121,0,213.8,213.8,0,2nd Week
2018-11-06,150000,OMO,November-06-2018,06-11-2018 - 184DAY,3279,May-09-2019,Sales,73293.5,13.0000 -14.0000,13,Issue,OMO,13.0000 -13.0000,184,0,77368.5,73293.5,0,2nd Week
2018-11-06,300000,OMO,November-06-2018,06-11-2018 - 338DAY,3280,October-10-2019,Sales,242722.575,14.5000 - 15.0000,14.5,Issue,OMO,14.5000 - 14.5000,338,0,245222.575,242722.575,0,2nd Week
2018-11-08,100000,OMO,November-08-2018,08-11-2018 - 91DAY,3281,February-07-2019,Sales,233752,11.5000 - 11.5000,11.5,Issue,OMO,11.5000 - 11 5000,91,0,233.752,233.752,0,2nd Week
2018-11-08,150000,OMO,November-08-2018,08-11-2018 - 182DAY,3282,May-09-2019,Sales,78666.238,13.0000 -13.5000,13,Issue,OMO,13.0000 -13.0000,182,0,79666.238,78666.238,0,2nd Week
2018-11-08,350000,OMO,November-08-2018,08-11-2018 - 357DAY,3283,October-31-2019,Sales,286078.578,14.5000 - 15.0000,14.5,Issue,OMO,14.5000 - 14.5000,357,0,287078.578,286078.578,0,2nd Week
2018-11-14,3384.18,Primary Market,November-14-2018,14-11-2019 - 91 Day,3284,February-14-2019,Sales,3384.18,10.8000 - 12.0000,10.95,Issue,NTB,10.8000 - 10.9500,91,0,3682.039,3384.18,11.2573,3rd Week
2018-11-14,16920.9,Primary Market,November-14-2018,14-11-2019 - 182 Day,3285,May-16-2019,Sales,16920.9,11.5000 - 14.0000,13.16,Issue,NTB,11.5000 - 13.1600,182,0,71961.839,16920.9,14.0842,3rd Week
2018-11-14,107938.478,Primary Market,November-14-2018,14-11-2019 - 364 Day,3286,November-14-2019,Sales,107938.478,13.7000 - 15.9500,14.45,Issue,NTB,13.7000 - 14.4500,364,0,328263.483,107938.478,16.8829,3rd Week
2018-11-15,50000,OMO,November-15-2018,15-11-2018 - 77DAY,3287,January-31-2019,Sales,62.247,11.5000 - 11.5000,11.5,Issue,OMO,11.5000 - 11.5000,77,0,62.247,62.247,0,3rd Week
2018-11-15,100000,OMO,November-15-2018,15-11-2018 - 182 DAY,3288,May-16-2019,Sales,44540.009,13.0000 -13.5000,13,Issue,OMO,13.0000 -13.0000,182,0,47040.009,44540.009,0,3rd Week
2018-11-15,300000,OMO,November-15-2018,15-11-2018 - 364 DAY,3289,November-14-2019,Sales,405919.682,14.5000 - 15.0000,14.5,Issue,OMO,14.5000 - 14.5000,364,0,420919.682,405919.682,0,3rd Week
2018-11-21,35000,Primary Market,November-21-2018,21-11-2018 - 5 Year,3298,April-27-2023,Sales,1100,15.0000 - 15.7500,15.2,Maginal,FGN Bond,15.0000 - 15.2000,5 Year,0,3800,1100,0,4th Week
2018-11-21,35000,Primary Market,November-21-2018,21-11-2018 - 7 Year,3299,March-23-2025,Sales,4270,13.0000 - 16.5000,15.5,Maginal,FGN Bonds,13.0000 - 15.5000,7-Year,0,18670,4270,0,4th Week
2018-11-21,45000,Primary Market,November-21-2018,21-11-2018 - 10 Year,3300,February-23-2028,Sales,34150,13.0000 - 16.6999,15.83,Maginal,FGN Bonds,13.0000 - 15.8300,10 Year,0,80230,34150,0,4th Week
2018-11-22,50000,OMO,November-22-2018,22-11-2018 - 105DAY,3290,March-07-2019,Sales,127.3,11.5000 - 11.5000,11.5,Issue,OMO,11.5000 - 11 5000,105,0,127.3,127.3,0,4th Week
2018-11-22,150000,OMO,November-22-2018,22-11-2018 - 182DAY,3291,May-23-2019,Sales,16346.205,13.0000 -13.5000,13,Issue,OMO,13.0000 -13.0000,182,0,17346.205,16346.205,0,4th Week
2018-11-22,250000,OMO,November-22-2018,22-11-2018 - 350DAY,3292,November-07-2019,Sales,183125.936,14.5000 - 15.0000,14.5,Issue,OMO,14.5000 - 14.5000,350,0,207824.215,183125.936,0,4th Week
2018-11-26,50000,OMO,November-26-2018,26-11-2018 - 192DAY,3293,June-06-2019,Sales,19070,13.0000 -13.5000,13,Issue,OMO,13.0000 -13.0000,192,0,20070,19070,0,5th Week
2018-11-26,100000,OMO,November-26-2018,26-11-2018 - 360DAY,3294,November-21-2019,Sales,142008.125,14.5000 - 15.0000,14.5,Issue,OMO,14.5000 - 14.5000,360,0,145508.125,142008.125,0,5th Week
2018-11-28,22727.507,Primary Market,November-28-2018,28-11-2018 - 91 Day,3295,February-28-2019,Sales,24372.79,10.8000 - 11.0000,10.9,Issue,NTB,10.8000 - 10.9000,91,0,24519.086,24372.79,11.2045,5th Week
2018-11-28,24802.939,Primary Market,November-28-2018,28-11-2018 - 182 Day,3296,May-30-2019,Sales,23157.656,12.5000 - 14.0000,13.1,Issue,NTB,12.5000 - 13.1000,182,0,45326.6,23157.656,14.0155,5th Week
2018-11-28,103071.723,Primary Market,November-28-2018,28-11-2018 - 364 Day,3297,November-28-2019,Sales,103071.723,13.5000 - 16.4250,14.45,Issue,NTB,13.5000 - 14.4500,364,0,202195.181,103071.723,16.8829,5th Week
2018-11-29,50000,OMO,November-29-2018,29-11-2018 - 98AY,3301,March-07-2019,Sales,100.9,11.6500 - 13.2000,11.65,Issue,OMO,11.6500 - 11.6500,98,0,150.9,100.9,0,5th Week
2018-11-29,150000,OMO,November-29-2018,29-11-2018 - 182AY,3302,May-30-2019,Sales,63805.456,13.0000 -13.5000,13.2,Issue,OMO,13.0000 -13.2000,182,0,64793.3,63805.456,0,5th Week
2018-11-29,400000,OMO,November-29-2018,29-11-2018 - 364DAY,3303,November-28-2019,Sales,307647.86,14.7500 - 15.0000,14.75,Issue,OMO,14.7500 - 14.7500,364,0,338197.86,307647.86,0,5th Week
2018-11-30,20000,OMO,November-30-2018,30-11-2018 - 97DAY,3304,March-07-2019,Sales,6.6,11.7500 - 11.7500,11.75,Issue,OMO,11.7500 - 11.7500,97,0,6.6,6.6,0,5th Week
2018-11-30,30000,OMO,November-30-2018,30-11-2018 - 181 DAY,3305,May-30-2019,Sales,6339.483,13.3500  - 13.5000,13.5,Issue,OMO,13.3500  - 13.5000,181,0,6339.483,6339.483,0,5th Week
2018-11-30,50000,OMO,November-30-2018,30-11-2018 - 342DAY,3306,November-07-2019,Sales,113478.392,15.0000 - 15.0000,15,Issue,OMO,15.0000 - 15.0000,342,0,113478.392,113478.392,0,5th Week
2018-12-03,30000,OMO,December-03-2018,03-12-2018 - 192 DAY,3309,June-13-2019,Sales,14064.261,13.5000 - 13.5000,13.5,Issue,OMO,13.5000 - 13.5000,192,0,14064.261,14064.261,0,1st Week
2018-12-03,100000,OMO,December-03-2018,03-12-2018 - 353 DAY,3310,November-21-2019,Sales,40563.036,15.0000 - 16.0000,15,Issue,OMO,15.0000 - 15.0000,353,0,43063.036,40563.036,0,1st Week
2018-12-04,50000,OMO,December-04-2018,04-12-2018 - 191 DAY,3307,June-13-2019,Sales,10769.6,13.5000 - 13.5000,13.5,Issue,OMO,13.5000 - 13.5000,191,0,10769.6,10769.6,0,1st Week
2018-12-04,150000,OMO,December-04-2018,04-12-2018 - 324 DAY,3308,October-24-2019,Sales,83728.934,15.0000 - 15.0000,15,Issue,OMO,15.0000 - 15.0000,324,0,83728.934,83728.934,0,1st Week
2018-12-05,30000,OMO,December-05-2018,05-12-2018 - 92 DAY,3311,March-07-2019,Sales,42,11.6500 - 11.6500,11.65,Issue,OMO,11.6500 - 11.6500,92,0,42,42,0,1st Week
2018-12-05,50000,OMO,December-05-2018,05-12-2018 - 183 DAY,3312,June-06-2019,Sales,1185.5,13.5000 - 13.5000,13.5,Issue,OMO,13.5000 - 13.5000,183,0,1185.5,1185.5,0,1st Week
2018-12-05,100000,OMO,December-05-2018,05-12-2018 - 351 DAY,3313,November-21-2019,Sales,90892.126,15.0000 - 15.0000,15,Issue,OMO,15.0000 - 15.0000,351,0,90892.126,90892.126,0,1st Week
2018-12-06,100000,OMO,December-06-2018,06-12-2018 - 91 DAY,3314,March-07-2019,Sales,163.804,11.9000 - 11.9000,11.9,Issue,OMO,11.9000 - 11.9000,91,0,163.804,163.804,0,1st Week
2018-12-06,250000,OMO,December-06-2018,06-12-2018 - 196 DAY,3315,June-20-2019,Sales,58744.354,13.5000 - 13.5000,13.5,Issue,OMO,13.5000 - 13.5000,196,0,58744.354,58744.354,0,1st Week
2018-12-06,350000,OMO,December-06-2018,06-12-2018 - 364 DAY,3316,December-05-2019,Sales,344877.047,15.0000 - 15.0000,15,Issue,OMO,15.0000 - 15.0000,364,0,344877.047,344877.047,0,1st Week
2018-12-10,20000,OMO,December-10-2018,10-12-2018-108 DAY,3317,March-28-2019,Sales,80,11.9000 - 11.9000,11.9,Issue,OMO,11.9000 - 11.9000,108,0,80,80,12.3343,2nd Week
2018-12-10,50000,OMO,December-10-2018,10-12-2018-185 DAY,3318,June-13-2019,Sales,21590,13.5000-13.5000,13.5,Issue,OMO,13.5000-13.5000,185,0,21590,21590,14.4916,2nd Week
2018-12-10,80000,OMO,December-10-2018,10-12-2018-290 DAY,3319,September-26-2019,Sales,41710,15.0000-15.0000,15,Issue,OMO,15.0000-15.0000,290,0,41710,41710,17.0295,2nd Week
2018-12-11,30000,OMO,December-11-2018,11-12-2018-177 DAY,3320,June-06-2019,Sales,1010,13.5000-13.5000,13.5,Issue,OMO,13.5000-13.5000,177,0,1010,1010,14.4457,2nd Week
2018-12-11,50000,OMO,December-11-2018,11-12-2018-268 DAY,3321,September-05-2019,Sales,37830,15.0000-15.0000,15,Issue,OMO,15.0000-15.0000,268,0,37830,37830,16.8565,2nd Week
2018-12-12,20000,OMO,December-12-2018,12-12-2018- 92 DAY,3322,March-14-2019,Sales,263,11.9000 - 11.9000,11.9,Issue,OMO,11.9000 - 11.9000,92,0,263,263,12.268,2nd Week
2018-12-12,50000,OMO,December-12-2018,12-12-2018 -267 DAY,3323,September-05-2019,Sales,25700,15.0000-15.0000,15,Issue,OMO,15.0000 - 15.0000,267,0,25700,25700,16.8487,2nd Week
2018-12-18,20000,OMO,December-18-2018,18-12-2018 100 DAY,3327,March-28-2019,Sales,6000,11.7500-11.7500,11.75,Issue,OMO,11.7500-11.7500,100,0,6000,6000,12.1408,3rd Week
2018-12-18,30000,OMO,December-18-2018,18-12-2018 205 DAY,3328,July-11-2019,Sales,1060,13.5000-13.5000,13.5,Issue,OMO,13.5000-13.5000,205,0,1060,1060,14.6076,3rd Week
2018-12-18,50000,OMO,December-18-2018,18-12-2018 310,3329,December-24-2019,Sales,17540,15.0000-15.0000,15,Issue,OMO,15.0000-15.0000,310,0,17540,17540,17.19,3rd Week
2018-12-19,20000,Primary Market,December-19-2018,19-12-2018-5 Year,3367,April-27-2023,Sales,1050,15.2000 - 16.0500,15.25,Maginal,FGN Bonds,15.2000 - 15.2500,5,0,3250,1050,0,3rd Week
2018-12-19,15000,Primary Market,December-19-2018,19-12-2018-7 Year,3368,March-23-2025,Sales,3410,15.4500 - 16.0500,15.5,Maginal,FGN Bonds,15.4500 - 15.5000,7,0,7810,3410,0,3rd Week
2018-12-19,35000,Primary Market,December-19-2018,19-12-2018-10 Year,3369,February-23-2028,Sales,1290,13.0000 - 16.3000,15.5,Maginal,FGN Bonds,13.0000 - 15.5000,10,0,83060,1290,0,3rd Week
2018-12-27,200000,OMO,December-27-2018,27-12-2018 91 DAY,3330,March-28-2019,Sales,25870,11.7500-13.5000,11.9,Issue,OMO,11.7500-13.5000,91 DAY,0,26170,25870,12.2638,4th Week
2018-12-27,300000,OMO,December-27-2018,27-12-2018 196 DAY,3331,July-11-2019,Sales,91490,13.5000-13.5000,13.5,Issue,OMO,13.5000-13.5000,196 DAY,0,91490,91490,14.5551,4th Week
2018-12-27,500000,OMO,December-27-2018,27-12-2018 364 DAY,3332,December-26-2019,Sales,262260,15.0000-15.0000,15,Issue,OMO,15.0000-15.0000,364 DAY,0,262260,260260,17.6385,4th Week
2018-12-31,70000,OMO,December-31-2018,31-12-2018 185 DAY,3333,July-04-2019,Sales,1670,13.5000-13.5000,13.5,Issue,OMO,13.5000-13.5000,185 DAY,0,1670,1670,14.4916,5th Week
2018-12-31,50000,OMO,December-31-2018,31-12-2018 94 DAY,3334,April-04-2019,Sales,244.2,11.9000-11.9000,11.9,Issue,OMO,11.9000-11.9000,94 DAY,0,50000,244.2,12.2762,5th Week
2018-12-31,150000,OMO,December-31-2018,31-12-2018 346 DAY,3335,December-12-2019,Sales,16920,15.0000-15.0000,15,Issue,OMO,15.0000-15.0000,346 DAY,0,16920,16920,17.4864,5th Week
2019-01-02,10000,Primary Market,January-02-2019,02-01-2019 91 DAY,3336,April-04-2019,Sales,10000,10.5000-11.9000,10.899,Issue,NTB,10.5000-11.9000,91 DAY,0,20163.183,10000,11.1939,1st Week
2019-01-02,20000,Primary Market,January-02-2019,02-01-2019 182,3337,July-04-2019,Sales,20000,12.8000-14.2500,13.1,Issue,NTB,12.8000-14.2500,182 DAY,0,24505.944,20000,14.0155,1st Week
2019-01-02,44837.72,Primary Market,January-02-2019,02-01-2018 364 DAY,3338,January-02-2020,Sales,44837.72,14.4000-16.0000,14.5,Issue,NTB,14.4000-16.0000,364 DAY,0,69722.398,44837.72,16.9512,1st Week
2019-01-03,50000,OMO,January-03-2019,03-01-2019 91 DAY,3339,April-04-2019,Sales,27780,11.8500-11.9000,11.9,Issue,OMO,11.8500-11.9000,91 DAY,0,27780,27780,12.2638,1st Week
2019-01-03,100000,OMO,January-03-2019,03-01-2019 182 DAY,3340,July-04-2019,Sales,42010,13.4000-15.0000,13.5,Issue,OMO,13.4000-15.0000,182 DAY,0,43010,42010,14.4743,1st Week
2019-01-03,300000,OMO,January-03-2019,03-01-2019 364 DAY,3341,January-02-2020,Sales,170790,15.0000-15.0000,15,Issue,OMO,15.0000-15.0000,364 DAY,0,170790,170790,17.6385,1st Week
2019-01-08,10000,OMO,January-08-2019,08-01-2019 - 107 DAY,3346,April-25-2019,Sales,15.7,11.9000 - 11.9000,11.9,Issue,OMO,11.9000 - 11.9000,107,0,15.7,15.7,0,2nd Week
2019-01-08,20000,OMO,January-08-2019,08-01-2019 - 170 DAY,3347,June-26-2019,Sales,761.5,13.5000 - 13.5000,13.5,Issue,OMO,13.5000 - 13.5000,170,0,761.5,761.5,0,2nd Week
2019-01-08,30000,OMO,January-08-2019,08-01-2019 - 317DAY,3348,November-21-2019,Sales,9951.692,15.0000 - 15.0000,15,Issue,OMO,15.0000 - 15.0000,317,0,9951.69,9951.69,0,2nd Week
2019-01-10,50000,OMO,January-10-2019,10-01-2019 - 91 DAY,3342,April-11-2019,Sales,1196.66,11.5000 - 11.9000,11.9,Issue,OMO,11.5000 - 11 9000,91,0,1196.66,1196.66,0,2nd Week
2019-01-10,100000,OMO,January-10-2019,10-01-2019 - 189 DAY,3343,July-11-2019,Sales,12688.215,13.5000 - 13.5000,13.5,Issue,OMO,13.5000 - 13.5000,189,0,12688.215,12688.215,0,2nd Week
2019-01-10,250000,OMO,January-10-2019,10-01-2019 - 364 DAY,3345,January-09-2020,Sales,283624.699,15.0000 - 15.0000,15,Issue,OMO,15.0000 - 15.0000,364,0,283624.699,283624.699,0,2nd Week
2019-01-14,10000,OMO,January-14-2019,14-01-2019 - 94 DAY,3349,April-18-2019,Sales,4469.635,11.8000 - 11.9000,11.9,Issue,OMO,11.8000 - 11.9000,94,0,4469.635,4469.635,0,3rd Week
2019-01-14,10000,OMO,January-14-2019,14-01-2019 - 185 DAY,3350,July-18-2019,Sales,1128,13.5000 - 13.5000,13.5,Issue,OMO,13.5000 - 13.5000,185,0,1128,1128,0,3rd Week
2019-01-14,30000,OMO,January-14-2019,14-01-2019 - 353 DAY,3351,January-02-2020,Sales,19546.933,15.0000 - 15.0000,15,Issue,OMO,15.0000 - 15.0000,353,0,19546.933,19546.933,0,3rd Week
2019-01-15,20000,OMO,January-15-2019,14-01-2019 - 100 DAY,3352,April-25-2019,Sales,28.6,11.9000 - 11.9000,11.9,Issue,OMO,11.9000 - 11.9000,100,0,28.6,28.6,0,3rd Week
2019-01-15,30000,OMO,January-15-2019,15-01-2019 - 163 DAY,3353,June-27-2019,Sales,508.631,13.5000 - 13.5000,13.5,Issue,OMO,13.5000 - 13.5000,163,0,508.631,508.631,0,3rd Week
2019-01-15,50000,OMO,January-15-2019,15-01-2019 - 317 DAY,3354,November-28-2019,Sales,21996.83,15.0000 - 15.0000,15,Issue,OMO,15.0000 - 15.0000,317,0,21996.83,21996.83,0,3rd Week
2019-01-16,5849.034,Primary Market,January-16-2019,16-01-2019-91 Day,3361,April-18-2019,Sales,5849.034,10.7000 - 13.0000,11,Issue,NTB,10.7000 - 11.0000,91,0,17548.491,5849.034,11.3102,3rd Week
2019-01-16,26600,Primary Market,January-16-2019,16-01-2019-182 Day,3362,July-18-2019,Sales,26600,12.0000 - 15.0000,13.1,Issue,NTB,12.0000 - 13.1000,182,0,35673.891,26600,14.0155,3rd Week
2019-01-16,193000,Primary Market,January-16-2019,16-01-2019-364 Day,3363,January-16-2020,Sales,119549.449,14.0000 - 16.0000,15,Issue,NTB,14.0000 - 15.0000,364,0,200393.66,119549.449,17.6385,3rd Week
2019-01-17,50000,OMO,January-17-2019,17-01-2019 - 91 DAY,3355,April-18-2019,Sales,57250.805,11.9000 - 11.9000,11.9,Issue,OMO,11.9000 - 11.9000,91,0,57250.805,57250.805,0,3rd Week
2019-01-17,100000,OMO,January-17-2019,17-01-2019 - 189 DAY,3356,July-25-2019,Sales,64268.512,13.5000 - 13.5000,13.5,Issue,OMO,13.3500  - 13.5000,189,0,64268.512,64268.512,0,3rd Week
2019-01-17,400000,OMO,January-17-2019,17-01-2019 - 364 DAY,3357,January-16-2020,Sales,405387.245,15.0000 - 15.0000,15,Issue,OMO,15.0000 - 15.0000,364,0,405387.245,405387.245,0,3rd Week
2019-01-21,50000,OMO,January-21-2019,21-01-2019 - 94 DAY,3358,April-25-2019,Sales,12630,11.9000 - 11.9000,11.9,Issue,OMO,11.9000 - 11.9000,94,0,12630,12630,0,4th Week
2019-01-21,100000,OMO,January-21-2019,21-01-2019 - 178 DAY,3359,July-18-2019,Sales,27372.7,13.5000 - 13.5000,13.5,Issue,omo,13.5000 - 13.5000,178,0,27372.7,27372.7,0,4th Week
2019-01-21,200000,OMO,January-21-2019,21-01-2019 - 353 DAY,3360,January-09-2020,Sales,139594.35,15.0000 - 15.0000,15,Issue,OMO,15.0000 - 15.0000,353,0,139594.35,139594.35,0,4th Week
2019-01-22,20000,OMO,January-22-2019,22-01-2019 - 93 DAY,3364,April-25-2019,Sales,202,11.9000 - 11.9000,11.9,Issue,OMO,11.9000 - 11.9000,93,0,202,202,0,4th Week
2019-01-22,30000,OMO,January-22-2019,22-01-2019 - 191 DAY,3365,August-01-2019,Sales,7030,13.5000 - 13.5000,13.5,Issue,OMO,13.5000 - 13.5000,191,0,7030,7030,0,4th Week
2019-01-22,150000,OMO,January-22-2019,22-01-2019 - 345 DAY,3366,January-02-2020,Sales,53478.933,15.0000 - 15.0000,15,Issue,OMO,15.0000 - 15.0000,345,0,53478.933,53478.933,0,4th Week
2019-01-23,20000,OMO,January-23-2019,23-01-2019 - 92 DAY,3370,April-25-2019,Sales,1611.7,11.9000 - 11.9000,11.9,Issue,OMO,11.9000 - 11.9000,92,0,1611.7,1611.7,0,4th Week
2019-01-23,30000,OMO,January-23-2019,23-01-2019 - 176 DAY,3371,July-18-2019,Sales,13184.201,13.5000 - 13.5000,13.5,Issue,OMO,13.5000 - 13.5000,176,0,13184.201,13184.201,0,4th Week
2019-01-23,100000,OMO,January-23-2019,23-01-2019 - 330DAY,3372,December-19-2019,Sales,49975.228,15.0000 - 15.0000,15,Issue,OMO,15.0000 - 15.0000,330,0,49975.228,49975.228,0,4th Week
2019-01-24,30000,OMO,January-24-2019,24-01-2019 - 91 DAY,3373,April-25-2019,Sales,6060,11.9000 - 11.9000,11.9,Issue,OMO,11.9000 - 11.9000,91,0,6060,6060,0,4th Week
2019-01-24,70000,OMO,January-24-2019,24-01-2019 - 182 DAY,3374,July-25-2019,Sales,13380.149,13.5000 - 13.5000,13.5,Issue,OMO,13.5000 - 13.5000,182,0,18380.149,18380.149,0,4th Week
2019-01-24,350000,OMO,January-24-2019,24-01-2019 - 364 DAY,3375,January-23-2020,Sales,385460.33,15.0000 - 15.0000,15,Issue,OMO,15.0000 - 15.0000,364,0,385460.33,385460,0,4th Week
2019-01-25,20000,OMO,January-25-2019,25-01-2019 - 90 DAY,3376,April-25-2019,Sales,1110.547,11.9000 - 11.9000,11.9,Issue,OMO,11.9000 - 11.9000,90,0,1110.547,1110.547,0,4th Week
2019-01-25,30000,OMO,January-25-2019,25-01-2019 - 195 DAY,3377,August-08-2019,Sales,20157,13.5000 - 13.5000,13.5,Issue,OMO,13.5000 - 13.5000,195,0,20157,20157,0,4th Week
2019-01-25,100000,OMO,January-25-2019,25-01-2019 - 342DAY,3378,January-02-2020,Sales,50273.976,15.0000 - 15.0000,15,Issue,OMO,15.0000 - 15.0000,342,0,50273.976,50273.976,0,4th Week
2019-01-28,20000,OMO,January-28-2019,28-01-2019 87DAY,3379,April-25-2019,Sales,2330,11.9000-11.9000,11.9,Issue,OMO,11.9000-11.9000,87 DAY,0,2330,2330,12.2474,5th Week
2019-01-28,30000,OMO,January-28-2019,28-01-2019-192 Day,3382,August-08-2019,Sales,6270,13.5000-13.5000,13.5,Issue,OMO,13.5000-13.5000,192 DAY,0,6270,6270,14.532,5th Week
2019-01-28,70000,OMO,January-28-2019,28-01-2019-360 Day,3383,January-23-2020,Sales,48300,15.0000-15.0000,15,Issue,OMO,15.0000-15.0000,360 day,0,48300,48300,17.6045,5th Week
2019-01-29,20000,OMO,January-29-2019,29-01-2019 86 DAY,3384,April-25-2019,Sales,10470,11.9000-11.9000,11.9,Issue,OMO,11.9000-11.9000,86 DAY,0,10470,10470,12.2433,5th Week
2019-01-29,50000,OMO,January-29-2019,29-01-2019 198 DAY,3385,August-15-2019,Sales,12250,13.5000-13.5000,13.5,Issue,OMO,13.5000 - 13.500,198 DAY,0,12250,12250,14.5668,5th Week
2019-01-29,60000,OMO,January-29-2019,29-01-2019 282 DAY,3386,November-07-2019,Sales,55070,15.0000-15.0000,15,Issue,OMO,15.0000-15.0000,282 DAY,0,55070,55070,16.9662,5th Week
2019-01-30,28018.956,Primary Market,January-30-2019,30-01-2019 91 DAY,3387,May-02-2019,Sales,28018.956,10.8500-12.0000,11,Issue,NTB,10.8500-11.0000,91 DAY,0,41045.971,28018.956,11.3102,5th Week
2019-01-30,69565.347,Primary Market,January-30-2019,30-01-2019 182 DAY,3388,August-01-2019,Sales,58684.524,12.8500-14.5000,13.5,Issue,NTB,12.8500-13.5000,182 DAY,0,68419.524,58684.524,14.4743,5th Week
2019-01-30,177219.063,Primary Market,January-30-2019,30-01-2019 364 DAY,3389,January-30-2020,Sales,167932.674,14.3000-18.0000,15,Issue,NTB,14.3000-15.0000,364 DAY,0,214384.879,167932.674,17.6385,5th Week
2019-01-30,50000,Primary Market,January-30-2019,30-01-2019 5 YEAR,3424,April-27-2023,Sales,5850,14.8000-16.2500,15.2,Issue,FGN BONDS,14.8000-15.2000,5 YEAR,0,16570,5850,0,5th Week
2019-01-30,50000,Primary Market,January-30-2019,30-01-2019 7 YEAR,3425,March-23-2025,Sales,20100,15.0000-16.3000,15.25,Issue,FGN BONDS,15.0000-15.2500,7 YEAR,0,31250,20100,0,5th Week
2019-01-30,50000,Primary Market,January-30-2019,30-01-2019 10 YEAR,3426,February-23-2028,Sales,91040,13.0000-16.4500,15.35,Issue,FGN BONDS,13.0000-15.3500,10 YEAR,0,149270,91040,0,5th Week
2019-01-31,50000,OMO,January-31-2019,31-01-2019 - 112DAY,3390,May-23-2019,Sales,82985.775,11.7500 - 11.9000,11.9,Issue,OMO,11.7500 - 11.9000,112,0,82985.775,82985.775,0,5th Week
2019-01-31,150000,OMO,January-31-2019,31-01-2019 - 203DAY,3391,August-22-2019,Sales,46622.067,13.5000 - 13.5000,13.5,Issue,OMO,13.5000 - 13.5000,203,46622.067,46622.067,46622.067,0,5th Week
2019-01-31,350000,OMO,January-31-2019,31-01-2019 - 364DAY,3392,January-30-2020,Sales,320969.97,15.0000 - 15.0000,15,Issue,OMO,15.0000 - 15.0000,364,0,320969.97,320969.97,0,5th Week
2019-02-04,20000,OMO,February-04-2019,04-02-2018 - 108 DAY,3393,May-23-2019,Sales,7586.129,11.9000 - 11.9000,11.9,Issue,OMO,11.9000 - 11.9000,108,0,7586.129,7586.129,0,2nd Week
2019-02-04,30000,OMO,February-04-2019,04-02-2018 - 192 DAY,3394,August-15-2019,Sales,15946.893,13.5000 - 13.5000,13.5,Issue,OMO,13.5000 - 13.5000,192,0,15946.893,15946.893,0,2nd Week
2019-02-04,100000,OMO,February-04-2019,04-02-2018 - 360 DAY,3395,January-30-2020,Sales,109145.833,15.0000 - 15.0000,15,Issue,OMO,15.0000 - 15.0000,360,0,109145.833,109145.833,0,2nd Week
2019-02-05,10000,OMO,February-05-2019,05-02-2019 - 93 DAY,3396,May-09-2019,Sales,44446.697,11.9000 - 11.9000,11.9,Issue,OMO,11.9000 - 11.9000,93,0,44446.697,44446.697,0,2nd Week
2019-02-05,20000,OMO,February-05-2019,05-02-2019 - 191 DAY,3397,August-15-2019,Sales,14204.49,13.5000 - 13.5000,13.5,Issue,OMO,13.5000 - 13.5000,191,0,14204.49,14204.49,0,2nd Week
2019-02-05,50000,OMO,February-05-2019,05-02-2019 - 359DAY,3398,January-30-2020,Sales,64889.268,15.0000 - 15.0000,15,Issue,OMO,15.0000 - 15.0000,359,0,64889.268,64889.268,0,2nd Week
2019-02-06,10000,OMO,February-06-2019,06-02-2019 - 99 DAY,3399,May-16-2019,Sales,19422,11.9000 - 11.9000,11.9,Issue,OMO,11.9000 - 11.9000,99,0,19422,19422,0,2nd Week
2019-02-06,20000,OMO,February-06-2019,06-02-2019 - 190 DAY,3400,August-15-2019,Sales,6635.216,13.3500  - 13.5000,13.5,Issue,OMO,13.3500  - 13.5000,190,0,6635.216,6635.216,0,2nd Week
2019-02-06,40000,OMO,February-06-2019,06-02-2019 - 330 DAY,3401,January-02-2020,Sales,36962.2,15.0000 - 15.0000,15,Issue,OMO,15.0000 - 15.0000,330,0,36962.2,36962.2,0,2nd Week
2019-02-07,30000,OMO,February-07-2019,07-02-2018 - 119 DAY,3402,June-06-2019,Sales,39899.768,11.9000 - 11.9000,11.9,Issue,OMO,11.9000 - 11.9000,119,0,39899.768,39899.768,0,2nd Week
2019-02-07,70000,OMO,February-07-2019,07-02-2018 - 182 DAY,3403,August-08-2019,Sales,10585.433,13.5000 - 13.5000,13.5,Issue,OMO,13.5000 - 13.5000,182,0,10585.433,10585.433,0,2nd Week
2019-02-07,150000,OMO,February-07-2019,07-02-2018 - 364 DAY,3404,February-06-2020,Sales,270478.944,15.0000 - 15.0000,15,Issue,OMO,15.0000 - 15.0000,364,0,270478.944,270478.944,0,2nd Week
2019-02-11,5000,OMO,February-11-2019,11-02-2018 - 94 DAY,3405,May-16-2019,Sales,2416.43,11.9000 - 11.9000,11.9,Issue,OMO,11.9000 - 11.9000,94,0,2416.43,2416.43,0,3rd Week
2019-02-11,10000,OMO,February-11-2019,11-02-2018 - 178 DAY,3406,August-08-2019,Sales,1080.15,13.5000 - 13.5000,13.5,Issue,OMO,13.5000 - 13.5000,178,0,1080.15,1080.15,0,3rd Week
2019-02-11,10000,OMO,February-11-2019,11-02-2018 - 360 DAY,3407,February-06-2020,Sales,34871.971,15.0000 - 15.0000,15,Issue,OMO,15.0000 - 15.0000,360,0,34871.971,34871.971,0,3rd Week
2019-02-13,3384.18,Primary Market,February-13-2019,13-02-2019 91 DAY,3408,May-16-2019,Sales,3384.18,10.8000-12.5000,10.97,Issue,NTB,10.8000-10.9700,91 DAY,0,11577.947,3384.18,11.2785,2nd Week
2019-02-13,10000,Primary Market,February-13-2019,13-02-2019 182 DAY,3409,August-15-2019,Sales,10000,12.0000-13.5000,13.4,Issue,NTB,12.0000-13.4000,182 DAY,0,22114.754,10000,14.3594,2nd Week
2019-02-13,140000,Primary Market,February-13-2019,13-02-2019 364 DAY,3410,February-13-2020,Sales,140000,14.8000-16.5237,14.95,Issue,NTB,14.8000-14.9500,364 DAY,0,404892.985,140000,17.5694,2nd Week
2019-02-14,50000,OMO,February-14-2019,14-02-2019 - 91 DAY,3411,May-16-2019,Sales,40733.466,11.0000 - 11.9000,11.9,Issue,OMO,11.0000 - 11.9000,91,0,40733.466,40733.466,0,3rd Week
2019-02-14,150000,OMO,February-14-2019,14-02-2019 - 175DAY,3412,August-08-2019,Sales,25729.049,11.9000 - 13.5000,13.5,Issue,OMO,11.9000 - 13.5000,175,0,25729.049,25729.049,0,3rd Week
2019-02-14,450000,OMO,February-14-2019,14-02-2019 - 364 DAY,3413,February-13-2020,Sales,440895.526,14.9500 - 15.0000,15,Issue,OMO,14.9500 - 15.0000,364,0,440895.526,440895.526,0,3rd Week
2019-02-20,50000,Primary Market,February-20-2019,20-02-2019 5 YEAR,3427,April-27-2023,Sales,1500,14.5000-16.000,14.52,Issue,FGN BONDS,14.5000-14.5200,5 YEAR,0,9520,1500,0,3rd Week
2019-02-20,50000,Primary Market,February-20-2019,20-02-2019 7 YEAR,3428,March-23-2025,Sales,12250,14.2000-16.3000,14.7999,Issue,FGN BONDS,14.2000-14.7999,7 YEAR,0,28850,12250,0,3rd Week
2019-02-20,50000,Primary Market,February-20-2019,20-02-2019 10 YEAR,3429,February-23-2028,Sales,136250,13.0000-16.0000,14.939,Issue,FGN BONDS,13.0000-14.9390,10 YEAR,0,195980,136250,0,3rd Week
2019-02-21,50000,OMO,February-21-2019,21-2-2019 98 DAY,3414,May-30-2019,Sales,7910,11.9000-11.9000,11.9,Issue,OMO,11.9000-11.9000,98 DAY,0,7910,7910,12.2928,3rd Week
2019-02-21,100000,OMO,February-21-2019,21-02-2019 189 DAY,3415,August-29-2019,Sales,53060,13.5000-13.5000,13.5,Issue,OMO,13.5000-13.5000,189 DAY,0,53060,53060,14.5146,3rd Week
2019-02-21,400000,OMO,February-21-2019,21-02-2019 364DAY,3416,February-20-2020,Sales,627220,14.9800-15.0000,15,Issue,OMO,14.9800-15.0000,364 DAY,0,725610,627220,17.6385,3rd Week
2019-02-27,24372.79,Primary Market,February-27-2019,27-02-2019 91 DAY,3417,May-29-2019,Sales,24372.79,10.4000-13.0000,10.9,Issue,NTB,10.4000-10.9000,91 DAY,0,40554.516,24372.79,11.2045,4th Week
2019-02-27,38751.846,Primary Market,February-27-2019,27-02-2019 182 DAY,3418,August-28-2019,Sales,38751.846,12.5000-14.5000,13.01,Issue,NTB,12.5000-13.0100,182 DAY,0,75821.441,38751.846,13.9125,4th Week
2019-02-27,51995.029,Primary Market,February-27-2019,27-02-2019 364 DAY,3420,February-26-2020,Sales,51995.029,14.0000-16.0000,14.37,Issue,NTB,14.0000-16.0000,364 DAY,0,610978.316,51995.029,16.7738,4th Week
2019-02-28,50000,OMO,February-28-2019,28-02-2019 91 DAY,3421,May-30-2019,Sales,55510,10.8500-11.9000,11.9,Issue,OMO,10.8500-11.9000,91 DAY,0,55510,55510,12.2638,4th Week
2019-02-28,100000,OMO,February-28-2019,28-02-2019 182 DAY,3422,August-29-2019,Sales,92590,12.9500-13.5000,13.5,Issue,OMO,12.9500-13.5000,182 DAY,0,92590,92590,14.4743,4th Week
2019-02-28,250000,OMO,February-28-2019,28-02-2019 364 DAY,3423,February-27-2020,Sales,927750,13.9000-15.0000,14.3,Issue,OMO,13.9000-14.3000,364 DAY,0,1217100,927750,16.6784,4th Week
2019-03-04,100000,OMO,March-04-2019,04-03-2019 94 DAY,3430,June-06-2019,Sales,70840,11.8000-11.9000,11.9,Issue,OMO,11.8000-11.9000,94 DAY,0,70840,70840,12.2762,1st Week
2019-03-04,100000,OMO,March-04-2019,04-03-2019 192 DAY,3431,September-12-2019,Sales,113200,13.1000-14.3000,13.48,Issue,OMO,13.1000-14.3000,192 DAY,0,156180,113200,14.5008,1st Week
2019-03-05,50000,OMO,March-05-2019,05-03-2019 100 DAY,3432,June-13-2019,Sales,28580,11.8000-11.9000,11.9,Issue,OMO,11.8000-11.9000,100 DAY,0,28580,28580,12.301,1st Week
2019-03-05,100000,OMO,March-05-2019,05-03-2019 184 DAY,3433,September-05-2019,Sales,140580,13.3400-13.4800,13.45,Issue,OMO,13.3400-13.4500,184 DAY,0,149330,140580,14.4283,1st Week
2019-03-07,150000,OMO,March-07-2019,07-03-2019 91 DAY,3434,June-06-2019,Sales,44980,11.8500-11.9000,11.9,Issue,OMO,11.8500-11.9000,91 DAY,0,44980,44980,12.2638,1st Week
2019-03-07,250000,OMO,March-07-2019,07-03-2019 175 DAY,3435,August-29-2019,Sales,247650,13.3500-13.4500,13.45,Issue,OMO,13.3500-13.4500,175 DAY,0,247650,247650,14.3771,1st Week
2019-03-08,30000,OMO,March-08-2019,08-03-2019 90 DAY,3436,June-06-2019,Sales,61.4,11.9000-11.9000,11.9,Issue,OMO,11.9000-11.9000,90 DAY,0,61.4,61.4,12.2597,1st Week
2019-03-08,70000,OMO,March-08-2019,08-03-2019 202 DAY,3437,September-26-2019,Sales,163070,13.4100-13.4500,13.44,Issue,OMO,13.4100-13.4400,202 DAY,0,247650,163070,14.52,1st Week
2019-03-13,5000,Primary Market,March-13-2019,13-03-2019 91DAY,3440,June-13-2019,Sales,5000,10.5000-13.0000,10.75,Issue,NTB,10.5000-10.7500,91DAY,0,14360.286,5000,11.046,2nd Week
2019-03-13,14002.523,Primary Market,March-13-2019,13-03-2019 182DAY,3441,September-12-2019,Sales,14002.523,12.0000-14.0000,12.5,Issue,NTB,12.0000-12.50000,182DAY,0,46467.066,14002.523,13.3309,2nd Week
2019-03-13,70501.216,Primary Market,March-13-2019,13-03-2019 364DAY,3442,March-12-2020,Sales,70501.216,12.2500-15.9900,12.845,Issue,NTB,12.2500-12.8450,364,0,539687.237,70501.216,14.7322,2nd Week
2019-03-14,50000,OMO,March-14-2019,14-03-2019 - 91DAY,3438,June-13-2019,Sales,50752.801,11.0000 - 11.9000,11.84,Issue,OMO,11.0000 - 11.8400,91 DAY,0,62052.801,50752.801,0,3rd Week
2019-03-14,300000,OMO,March-14-2019,14-03-2019 - 175DAY,3439,September-05-2019,Sales,349729.094,12.6900 - 13.2500,13.2,Issue,OMO,12.6900 - 13.2000,175 DAY,0,367449.851,349729.094,0,3rd Week
2019-03-19,30000,OMO,March-19-2019,19-03-2019 93 DAY,3443,June-20-2019,Sales,15900,11.5000 - 11.8400,11.8,Issue,OMO,11.5000 - 11.8000,93 DAY,0,26040,15900,12.1658,3rd Week
2019-03-19,70000,OMO,March-19-2019,19-03-2019 205 DAY,3444,October-10-2019,Sales,100410,13.0500-13.2000,13.14,Issue,OMO,13.0500 - 13.1400,205 DAY,0,179260,100410,14.187,3rd Week
2019-03-19,30000,OMO,March-19-2019,19-03-2019 - 93DAY,3445,June-20-2019,Sales,15896.386,11.5000 - 11.8400,11.8,Issue,OMO,11.5000 - 11.8000,93 DAY,0,26037.095,15896.386,0,4th Week
2019-03-19,70000,OMO,March-19-2019,19-03-2019 - 205DAY,3446,October-10-2019,Sales,100411.361,13.0500 -13.2000,13.14,Issue,OMO,13.0500 - 13.1400,205 DAY,0,179261.123,100411.361,0,4th Week
2019-03-20,3000,Primary Market,March-20-2019,20-03-2019-91 Day,3447,June-20-2019,Sales,3000,10.3000 - 14.0000,10.3,Issue,NTB,10.3000 - 10.3000,91,0,7851.124,3000,10.5715,3rd Week
2019-03-20,8385.196,Primary Market,March-20-2019,20-03-2019-182 Day,3448,September-19-2019,Sales,8385.196,11.5000 - 13.5200,12.2,Issue,NTB,11.5000 - 12.2000,182,0,30073.78,8385.196,12.9902,3rd Week
2019-03-20,37176.061,Primary Market,March-20-2019,20-03-2019-364 Day,3449,March-19-2020,Sales,37176.061,11.5900 - 14.5000,12.345,Issue,NTB,11.5900 - 12.3450,364,0,220615.229,37176.061,14.0782,3rd Week
2019-03-21,30000,OMO,March-21-2019,21-03-2019 - 91DAY,3450,June-20-2019,Sales,15044.517,11.0000 - 11.8000,11.8,Issue,OMO,11.0000 - 11.8000,91 DAY,0,15044.517,15044.517,0,4th Week
2019-03-21,70000,OMO,March-21-2019,21-03-2019 - 182DAY,3451,September-19-2019,Sales,49956.187,12.5000 - 13.1000,12.98,Issue,OMO,12.5000 - 12.9800,182 DAY,0,79472.833,49956.187,0,4th Week
2019-03-21,100000,OMO,March-21-2019,21-03-2019 - 350DAY,3452,March-05-2020,Sales,228387.444,12.8500 - 13.9800,13.04,Issue,OMO,12.8500 - 13.0400,350 DAY,0,381953.997,228387.444,0,4th Week
2019-03-27,40000,Primary Market,March-27-2019,27-03-2019 5 YEAR,3455,March-27-2023,Sales,3800,13.5000-15.000,13.5,Issue,FGN BONDS,13.0000-13.5000,5 YEAR,0,21620,3800,0,4th Week
2019-03-27,40000,Primary Market,March-27-2019,27-03-2019 7 YEAR,3456,March-23-2025,Sales,5550,13.0000-15.3000,13.5,Issue,FGN BONDS,13.0000-13.5000,7 YEAR,0,26170,5550,0,4th Week
2019-03-27,20000,Primary Market,March-27-2019,27-03-2019 10 YEAR,3457,February-23-2028,Sales,20000,13.0000-14.9500,13.5,Issue,FGN BONDS,13.0000-13.5000,10 YEAR,0,100680,20000,0,4th Week
2019-04-02,30000,OMO,April-02-2019,02-04-2019 86 DAY,3458,June-27-2019,Sales,15860,11.6900-13.0000,11.78,Issue,OMO,11.6900-11.7800,86 DAY,0,16610,15860,12.1163,1st Week
2019-04-02,70000,OMO,April-02-2019,02-04-2019 163 DAY,3459,September-12-2019,Sales,4890,12.7000-13.0000,13,Issue,OMO,12.7000-13.0000,163 DAY,0,4890,4890,13.8012,1st Week
2019-04-02,100000,OMO,April-02-2019,02-04-2019 352,3460,March-19-2020,Sales,304750,12.8800-13.5000,13.04,Issue,OMO,12.8800-13.0400,352 DAY,0,310340,304750,14.9157,1st Week
2019-04-03,10000,Primary Market,April-03-2019,03-04-2019 91 DAY,3461,July-04-2019,Sales,10000,10.0000-13.0000,10.29,Issue,NTB,10.0000-13.0000,91 DAY,0,20093.319,10000,10.5609,1st Week
2019-04-03,17600.581,Primary Market,April-03-2019,03-04-2019 182 DAY,3462,October-03-2019,Sales,17600.581,11.8000-14.0000,12.6,Issue,NTB,11.8000-12.6000,182 DAY,0,22965.789,17600.581,13.4447,1st Week
2019-04-03,68080.464,Primary Market,April-03-2019,03-04-2019 364 DAY,3463,April-02-2020,Sales,68080.464,11.7999-15.0000,12.85,Issue,NTB,11.7999-12.8500,364 DAY,0,153996.664,68080.464,14.7387,1st Week
2019-04-04,50000,OMO,April-04-2019,04-04-2017 203 DAY,3464,October-24-2019,Sales,24560,12.9500-13.5000,13,Issue,OMO,12.9500-13.0000,203 DAY,0,28050,24560,14.0132,1st Week
2019-04-04,100000,OMO,April-04-2019,04-04-2019 364 DAY,3465,April-02-2020,Sales,176410,13.0000-14.0000,13.04,Issue,OMO,13.0000-13.0400,304 DAY,0,187910,176410,14.9892,1st Week
2019-04-17,5849.034,Primary Market,April-17-2019,17-04-2019 NTB 91DAY,3467,July-18-2019,Sales,5849.034,9.7000-13.5000,10.1499,Issue,NTB,9.7000-10.1499,91 DAY,0,23968.157,5849.034,10.4134,3rd Week
2019-04-17,29245.168,Primary Market,April-17-2019,17-04-2019 182DAY,3468,October-17-2019,Sales,3500,11.80-14.00,12.5,Issue,NTB,11.8000-12.5000,182 DAY,0,37686.503,3500,13.3309,3rd Week
2019-04-17,23396.134,Primary Market,April-17-2019,17-04-2019 364DAY,3469,April-16-2020,Sales,49141.302,11.8500-15.0000,12.74,Issue,NTB,11.8500-12.7400,364 DAY,0,161958.918,49141.302,14.5942,3rd Week
2019-04-23,50000,OMO,April-23-2019,23-04-2019 93 DAY,3470,July-25-2019,Sales,7420,11.5000-11.8000,11.8,Issue,OMO,11.5000-11.8000,93 DAY,0,7420,7420,12.1658,4th Week
2019-04-23,50000,OMO,April-23-2019,23-04-2019 184 DAY,3471,October-24-2019,Sales,500,12.9000-13.0000,12.9,Issue,OMO,12.9000-12.9000,184DAY,0,1780,500,13.7972,4th Week
2019-04-23,100000,OMO,April-23-2019,23-04-2019 359 DAY,3472,April-16-2020,Sales,158660,12.9400-13.0400,13.029,Issue,OMO,12.9400-13.0290,359DAY,0,284480,158660,14.9441,4th Week
2019-04-24,40000,Primary Market,April-24-2019,24-04-2019 5 YEAR,3473,April-27-2023,Sales,6810,14.2000-16.3000,14.5,Issue,FGN BONDS,14.2000-14.5000,5 YEAR,0,16610,6810,0,4th Week
2019-04-24,40000,Primary Market,April-24-2019,24-04-2019 10 YEAR,3474,April-26-2029,Sales,37430,14.0100-16.0000,14.55,Issue,FGN BONDS,14.0100-14.5500,10 YEAR,0,52280,37430,0,4th Week
2019-04-24,20000,Primary Market,April-24-2019,24-04-2019 30 YEAR,3475,April-26-2049,Sales,53160,13.0100-17.5000,14.8,Issue,FGN BODS,13.0100-14.8000,30 YEAR,0,80410,53160,0,4th Week
2019-05-02,28018.956,Primary Market,May-02-2019,02-05-2019 91DAY,3476,August-01-2019,Sales,28018.956,9.0000-11.0000,10,Issue,NTB,9.0000-10.0000,91 DAY,0,43719.426,28018.956,10.2557,1st Week
2019-05-02,43522.527,Primary Market,May-02-2019,02-05-2019 182DAY,3477,October-31-2019,Sales,10615.398,11.8000-13.4664,12.49,Issue,NTB,11.8000-12.4900,182 DAY,0,29848.707,10615.398,13.3195,1st Week
2019-05-02,38167.692,Primary Market,May-02-2019,02-05-2019 364DAY,3478,April-30-2020,Sales,71074.821,12.1000-14.0237,12.77,Issue,NTB,12.1000-12.7700,364DAY,0,157628.175,71074.821,14.6336,1st Week
2019-05-06,100000,OMO,May-06-2019,6-05-2019 108DAY,3479,August-22-2019,Sales,26330,11.6000-11.8000,11.8,Issue,OMO,11.6000-11.8000,108DAY,0,26330,26330,12.2269,2nd Week
2019-05-06,50000,OMO,May-06-2019,06-05-2019 199DAY,3480,November-21-2019,Sales,21030,12.7300-12.9000,12.88,Issue,OMO,12.7300-12.8800,199 DAY,0,22840,21030,13.8527,2nd Week
2019-05-06,150000,OMO,May-06-2019,06-05-2019 353DAY,3481,April-23-2020,Sales,265020,12.8700-13.0100,12.94,Issue,OMO,12.8700-12.9400,353DAY,0,364300,265020,14.791,2nd Week
2019-05-07,30000,OMO,May-07-2019,07-05-2019 93DAY,3482,August-08-2019,Sales,31000,11.6900-11.8000,11.78,Issue,OMO,11.6900-11.7800,93DAY,0,38250,31000,12.1445,2nd Week
2019-05-07,20000,OMO,May-07-2019,07-05-2019 205DAY,3483,November-28-2019,Sales,8200,12.7900-12.8800,12.85,Issue,OMO,12.7900-12.8500,205DAY,0,24340,8200,13.8495,2nd Week
2019-05-07,80000,OMO,May-07-2019,07-05-2019 331DAY,3484,April-02-2020,Sales,117340,12.8400-12.9400,12.89,Issue,OMO,12.8400-12.8900,331DAY,0,204550,117340,14.5962,2nd Week
2019-05-09,20000,OMO,May-09-2019,09-05-2019 OMO 91DAY,3485,August-08-2019,Sales,14980,11.6500-11.7800,11.72,Issue,OMO,11.6500-11.7800,91 DAY,0,40080,14980,12.0728,2nd Week
2019-05-09,20000,OMO,May-09-2019,09-05-2019 OMO175DAY,3487,October-31-2019,Sales,17340,12.7000-12.8100,12.77,Issue,OMO,12.7000-12.7700,175DAY,0,20650,17340,13.6028,2nd Week
2019-05-09,100000,OMO,May-09-2019,09-05-2019 336 DAY,3488,April-09-2020,Sales,112020,12.7800-12.8400,12.82,Issue,OMO,12.7800-12.8200,336 DAY,0,228700,112020,14.5354,2nd Week
2019-05-15,3384.18,Primary Market,May-15-2019,15-05-2019 91DAY,3489,August-15-2019,Sales,4384.18,9.5000-12.5000,10,Issue,NTB,9.5000-10.0000,91DAY,0,8139.289,4384.18,10.2557,3rd Week
2019-05-15,16920.9,Primary Market,May-15-2019,15-05-2019 182DAY,3490,November-14-2019,Sales,12920.9,11.8000-13.4664,12.3,Issue,NTB,11.8000-12.3000,182 DAY,0,51141.695,12920.9,13.1037,3rd Week
2019-05-15,13536.72,Primary Market,May-15-2019,15-05-2019 364DAY,3491,May-14-2020,Sales,16536.72,12.0000-14.4000,12.49,Issue,NTB,12.0000-12.4900,364DAY,0,132071.726,16536.72,14.2671,3rd Week
2019-05-22,35000,Primary Market,May-22-2019,22-05-2019 5YEAR,3507,April-27-2023,Sales,0,13.7200-15.3000,14.11,Maginal,FGN BONDS,13.7200-14.1100,5 YEAR,0,45980,27380,0,4th Week
2019-05-22,35000,Primary Market,May-22-2019,22-05-2019 10YEAR,3508,April-26-2029,Sales,35000,13.9700-16.0000,14.24,Maginal,FGN BONDS,13.9700-14.2400,10 YEAR,0,124220,35000,0,4th Week
2019-05-22,30000,Primary Market,May-22-2019,22-05-2019 30YEAR,3509,April-26-2049,Sales,48930,13.8000-14.9800,14.49,Maginal,FGN BONDS,13.8000-14.4900,30YEAR,0,100910,48930,0,4th Week
2019-05-23,20000,OMO,May-23-2019,23-05-2019 91DAY,3492,August-22-2019,Sales,16180,10.7500-11.5900,11.4,Issue,OMO,10.7500-11.4000,91DAY,0,16690,16180,11.7335,4th Week
2019-05-23,30000,OMO,May-23-2019,23-05-2019 182DAY,3493,November-21-2019,Sales,47560,11.1900-11.9400,11.68,Issue,OMO,11.1900-11.6800,182DAY,0,59300,47560,12.4023,4th Week
2019-05-23,100000,OMO,May-23-2019,23-05-2019 357DAY,3494,May-14-2020,Sales,296950,11.6430-12.8000,12.5,Issue,OMO,11.6430-12.5000,357DAY,0,297200,296950,14.2801,4th Week
2019-05-30,24372.79,Primary Market,May-30-2019,30-05-2019 91DAY,3495,August-29-2019,Sales,24372.79,9.500-10.2000,10,Issue,NTB,9.5000-10.0000,91DAY,0,24447.79,24372.79,10.2557,5th Week
2019-05-30,23157.656,Primary Market,May-30-2019,30-05-2019 182DAY,3496,November-28-2019,Sales,23157.656,11.4000-12.6664,11.95,Issue,NTB,11.4000-11.9500,182DAY,0,51233.884,23157.656,12.7072,5th Week
2019-05-30,19842.352,Primary Market,May-30-2019,30-05-2019 364DAY,3497,May-28-2020,Sales,19842.352,11.7900-14.0000,12.2,Issue,NTB,11.7900-12.20,364DAY,0,119852.5,19842.352,13.8899,5th Week
2019-06-03,20000,OMO,June-03-2019,03-06-2019 80DAY,3498,August-22-2019,Sales,3180,11.3300-11.6000,11.4,Issue,OMO,11.3300-11.4000,80DAY,0,4180,3180,11.6921,1st Week
2019-06-03,30000,OMO,June-03-2019,03-06-2019 178DAY,3499,November-28-2019,Sales,9050,11.4999-12.0000,11.64,Issue,OMO,11.4999-11.6400,178DAY,0,29500,9050,12.3405,1st Week
2019-06-03,150000,OMO,June-03-2019,03-06-2019 360DAY,3500,May-28-2020,Sales,305710,12.3000-12.8000,12.48,Issue,OMO,12.3000-12.4800,360DAY,0,319720,305710,14.2318,1st Week
2019-06-06,20000,OMO,June-06-2019,06-06-2019 98DAY,3501,September-12-2019,Sales,71,11.3500-11.4000,11.4,Issue,OMO,11.3500-11.4000,98DAY,0,71,71,11.76,1st Week
2019-06-06,30000,OMO,June-06-2019,06-06-2019 175DAY,3502,November-28-2019,Sales,2130,11.6300-11.6300,11.63,Issue,OMO,11.6300-11.6300,175DAY,0,2130,2130,12.3168,1st Week
2019-06-06,120000,OMO,June-06-2019,06-06-2019 364DAY,3503,June-04-2020,Sales,155780,12.4200-12.5000,12.48,Issue,OMO,12.4200-12.4800,364DAY,0,155830,155780,14.254,1st Week
2019-06-13,15000,Primary Market,June-13-2019,13-06-2019 91DAY,3504,September-12-2019,Sales,15000,9.6500-12.1500,10,Issue,NTB,9.6500-10.0000,91DAY,0,15200.957,15000,10.2557,2nd Week
2019-06-13,30000,Primary Market,June-13-2019,13-06-2019 182DAY,3505,December-12-2019,Sales,30000,11.1900-12.6664,11.9499,Issue,NTB,11.1900-11.9499,182DAY,0,39023.715,30000,12.7071,2nd Week
2019-06-13,84640.724,Primary Market,June-13-2019,13-06-2019 364DAY,3506,June-11-2020,Sales,84640.724,11.7800-15.0000,12.34,Issue,NTB,11.7800-12.3400,364DAY,0,210809.645,84640.724,14.0717,2nd Week
2019-06-19,3000,Primary Market,June-19-2019,19-06-2019 91DAY,3510,September-19-2019,Sales,3000,9.6000-13.0000,9.6,Issue,NTB,9.6000-9.6000,91DAY,0,3270,3000,9.8354,3rd Week
2019-06-19,4000,Primary Market,June-19-2019,19-06-2019 91DAY,3511,December-19-2019,Sales,4000,11.3000-12.5000,11.89,Issue,NTB,11.3000-11.8900,182DAY,0,12528.101,4000,12.6394,3rd Week
2019-06-19,10614.105,Primary Market,June-19-2019,19-06-2019 364DAY,3512,June-18-2020,Sales,10614.105,11.7500-12.6900,12.02,Issue,NTB,11.7500-12.0200,364DAY,0,117197.858,10614.105,13.6571,3rd Week
2019-06-26,30000,Primary Market,June-26-2019,26-06-2019 5YEAR,3513,April-27-2023,Sales,28990,14.0000-15.3000,14.3,Maginal,FGN BONDS,14.0000-14.3000,5YEAR,0,39340,28990,0,4th Week
2019-06-26,40000,Primary Market,June-26-2019,26-06-2019 10YEAR,3514,April-26-2029,Sales,36360,13.9000-16.5491,14.5,Maginal,FGN BONDS,13.9000-14.5000,10YEAR,0,60300,36360,0,4th Week
2019-06-26,30000,Primary Market,June-26-2019,26-06-2019 30YEAR,3515,April-26-2049,Sales,31490,14.0000-15.7800,14.68,Maginal,FGB BONDS,14.0000-14.6800,30YEAR,0,60490,31490,0,4th Week
2019-07-01,50000,OMO,July-01-2019,02-07-2019 101DAY,3516,October-10-2019,Sales,4060,11.2000-11.6000,11.4,Slop,OMO,11.2000-11.4000,101DAY,0,6060,4060,11.7713,1st Week
2019-07-01,150000,OMO,July-01-2019,02-07-2019 255DAY,3517,March-12-2020,Sales,43110,11.5000-12.1000,11.84,Slop,OMO,11.5000-11.8400,255DAY,0,56810,43110,12.9077,1st Week
2019-07-01,200000,OMO,July-01-2019,01-07-2019 353DAY,3518,June-18-2020,Sales,352830,12.0000-12.4000,12.4,Slop,OMO,12.0000-12.4000,353DAY,0,700790,352830,14.0897,1st Week
2019-07-03,10000,Primary Market,July-03-2019,03-07-20190 91DAY,3522,October-03-2019,Sales,10000,9.3000-14.0000,10.5,Slop,NTB,9.3000-10.5000,91DAY,0,10228.001,10000,10.7823,1st Week
2019-07-03,20000,Primary Market,July-03-2019,03-07-2019 182DAY,3523,January-02-2020,Sales,20000,11.4000-15.0000,11.7,Slop,NTB,11.4000-11.7000,182DAY,0,64177.766,20000,12.4249,1st Week
2019-07-03,58857.012,Primary Market,July-03-2019,03-07-2019 364DAY,3524,July-03-2020,Sales,58857.012,11.5000-15.000,11.91,Slop,NTB,11.5000-11.9100,364DAY,0,315766.8,58857.012,13.5153,1st Week
2019-07-04,50000,OMO,July-04-2019,04-07-2019 112DAY,3519,October-24-2019,Sales,33110,11.3000-11.4000,11.4,Slop,OMO,11.3000-11.4000,112DAY,0,33110,33110,11.8132,1st Week
2019-07-04,50000,OMO,July-04-2019,04-07-2019 266DAY,3520,March-26-2020,Sales,73800,11.5000-11.8400,11.84,Slop,OMO,11.5000-11.8400,266DAY,0,73800,73800,12.9581,1st Week
2019-07-04,200000,OMO,July-04-2019,04-07-2019 364DAY,3521,July-02-2020,Sales,157230,12.1000-12.4000,12.25,Slop,OMO,12.1000-12.2500,364DAY,0,779750,157230,13.9548,1st Week
2019-07-17,5849.034,Primary Market,July-17-2019,17-07-2019-91 Day,3525,October-17-2019,Sales,5849.034,9.0000 - 11.0000,9.74,Issue,NTB,9.0000 - 9.7400,91,0,29153.669,5849.034,9.9824,3rd Week
2019-07-17,26600,Primary Market,July-17-2019,17-07-2019-182 Day,3526,January-16-2020,Sales,26600,10.2500 - 12.0000,10.75,Issue,NTB,10.2500 - 10.7500,182,0,69628.114,26600,11.3589,3rd Week
2019-07-17,74598.126,Primary Market,July-17-2019,17-07-2019-364 Day,3527,July-16-2020,Sales,74598.126,10.7000 - 12.5000,11.139,Issue,NTB,10.7000 - 11.1390,364,0,374767.599,74598.126,12.531,3rd Week
2019-07-18,10000,OMO,July-18-2019,18-7-2019 - 91DAY,3528,October-17-2019,Sales,10000,11.4000 - 11.4000,11.4,Issue,OMO,11.4000 - 11.4000,91DAY,0,41186.19,10000,0,3rd Week
2019-07-18,15000,OMO,July-18-2019,18-07-2019 -182DAY,3529,January-16-2020,Sales,15000,11.8400 - 11.8400,11.84,Issue,OMO,11.84000 - 11.8400,182 DAY,0,56431.445,15000,0,3rd Week
2019-07-18,50000,OMO,July-18-2019,18-7-2019 - 364DAY,3530,July-16-2020,Sales,50000,12.2500 - 12 2500,12.25,Issue,OMO,12.25000 - 12.25000,364 DAY,0,377452.817,50000,0,3rd Week
2019-07-24,40,Primary Market,July-24-2019,24-07-2019-5 Year,3535,April-27-2023,Sales,28.19,12.7000 - 14.7000,13.35,Maginal,FGN Bonds,12.7000 - 13.3500,5 Year,0,52.6,28.19,0,4th Week
2019-07-24,50,Primary Market,July-24-2019,24-07-2019-10 Year,3536,April-26-2029,Sales,7.23,12.9000 - 14.9500,13.64,Maginal,FGN Bonds,12.9000 - 13.6400,10 Year,0,124.05,7.23,0,4th Week
2019-07-24,55,Primary Market,July-24-2019,24-07-2019-30 Year,3537,April-26-2049,Sales,51.4,13.7500 - 15.7800,14.12,Maginal,FGN Bonds,13.7500 - 14.1200,30 Year,0,124.37,51.4,0,4th Week
2019-08-07,10000,OMO,August-07-2019,7-8-2019 85DAY,3531,October-31-2019,Sales,5238,11.3000 - 11.4000,11.3,Issue,OMO,11.3000 - 11.3000,85DAY,0,20948.723,5238,0,2nd Week
2019-08-07,70000,OMO,August-07-2019,7-8-2019 - 344DAY,3532,July-16-2020,Sales,22545.074,11.8900 - 12.2500,12,Issue,OMO,11.8900 - 12.0000,344 DAY,0,365404.604,22545.074,0,2nd Week
2019-08-15,30000,OMO,August-15-2019,15-8-2019-175DAY,3533,February-06-2020,Sales,205.8,11.7900 - 12.6800,11.79,Issue,OMO,11.7900 - 11.7900,175DAY,0,5585.8,205.8,0,3rd Week
2019-08-15,100000,OMO,August-15-2019,15-8-2019-364DAY,3534,August-13-2020,Sales,87965.331,12.2500 - 13.5000,12.88,Issue,OMO,12.2500 - 12.8800,364DAY,0,106265.331,87965.331,0,3rd Week
2019-08-21,40,Primary Market,August-21-2019,21-08-2019-5 Year,3538,April-27-2023,Sales,2.05,12.7500 - 15.5000,14.29,Maginal,FGN Bonds,12.7500 - 14.2900,5 Year,0,10.41,2.05,0,4th Week
2019-08-21,50,Primary Market,August-21-2019,21-08-2019-10 Year,3539,April-26-2029,Sales,2.68,13.7500 - 15.7500,14.39,Maginal,FGN Bonds,13.7500 - 14.3900,10 Year,0,37.47,2.68,0,4th Week
2019-08-21,55,Primary Market,August-21-2019,21-08-2019-30 Year,3540,April-26-2049,Sales,10.3,13.0500 - 15.7500,14.59,Maginal,FGN Bonds,13.0500 - 14.5900,30 Year,0,47.21,10.3,0,4th Week
2019-08-28,24372.79,Primary Market,August-28-2019,28-08-2019 NTB 91DAY,3541,November-28-2019,Sales,24372.79,9.2000-12.4990,11.1,Slop,NTB,9.2000-11.1000,91 DAY,0,29077.546,24372.79,11.4159,5th Week
2019-08-28,38751.846,Primary Market,August-28-2019,28-08-2019 NTB182DAY,3546,August-27-2020,Sales,38751.846,11.0000-15.0000,11.5878,Slop,NTB,11.0000-11.5878,182 DAY,0,46150.87,38751.846,12.2984,5th Week
2019-08-28,145475.021,Primary Market,August-28-2019,28-08-2019 NTB364DAY,3548,August-27-2020,Sales,145475.021,11.8922-14.3199,12.89,Slop,NTB,11.8922-12.8900,364 DAY,0,272541.557,145475.021,14.7914,5th Week
2019-08-29,100000,OMO,August-29-2019,29-08-2019- 91DAY,3552,August-27-2020,Sales,1000,11.5900 - 12.5000,11.59,Issue,OMO,11.5900 - 11.5900,91DAY,0,12500,1000,0,5th Week
2019-08-29,100000,OMO,August-29-2019,29-08-2019 - 189DAY,3553,March-05-2020,Sales,1382.968,11.7900 - 13.1000,11.79,Issue,OMO,11.7900 - 11.7900,189DAY,0,7305.766,1382.968,0,5th Week
2019-08-29,200000,OMO,August-29-2019,29-08-2019 - 364DAY,3554,August-27-2020,Sales,45667.587,12.9900 - 14.5000,13,Issue,OMO,12.9900 - 13.0000,364DAY,0,290829.024,45667.587,0,5th Week
2019-08-30,100000,OMO,August-30-2019,30-08-2019 90DAY,3549,November-28-2019,Sales,2887,11.5800 - 12.5000,11.59,Issue,OMO,11.5800 0 11.5900,90DAY,0,5387,2887,0,5th Week
2019-08-30,100000,OMO,August-30-2019,30-08-2019 188DAY,3550,March-05-2020,Sales,2484.743,11.7900 - 12.0000,11.79,Issue,OMO,11.7900 - 11.7900,188 DAY,0,2984.743,2484.743,0,5th Week
2019-08-30,200000,OMO,August-30-2019,30-08-2019 363 DAY,3551,August-27-2020,Sales,216748.655,12.9800 - 14.5000,13.5,Issue,OMO,12.9800 - 13.5000,363 DAY,0,228748.655,216748.655,0,5th Week
2019-09-05,50000,OMO,September-05-2019,05-09-2019  84DAY,3555,November-28-2019,Sales,640,11.5900 - 12.7500,11.59,Issue,OMO,11.5900 - 11.5900,84 DAY,0,20172.457,640,0,1st Week
2019-09-05,100000,OMO,September-05-2019,05-09-2019 189DAY,3556,March-12-2020,Sales,480.8,11.7900 - 13.3000,11.79,Issue,OMO,11.7900 - 11 7900,189 DAY,0,23045.985,480.8,0,1st Week
2019-09-05,250000,OMO,September-05-2019,05-09-2019 364DAY,3557,September-03-2020,Sales,321484.793,13.4900 - 14.5000,13.5,Issue,OMO,13.4900 - 13.5000,364 DAY,0,408119.793,321484.793,0,1st Week
2019-09-09,20000,OMO,September-09-2019,09-09-2019 80DY,3558,November-28-2019,Sales,145,11.5900-12.6500,11.59,Issue,OMO,11.5900-11.5900,80DAY,0,5145,145,11.8921,1st Week
2019-09-09,30000,OMO,September-09-2019,09-09-2019 185DAY,3559,March-12-2020,Sales,2130,11.79-13.00,11.79,Issue,OMO,11.7900-11.7900,185DAY,0,13890,2130,12.5393,1st Week
2019-09-09,100000,OMO,September-09-2019,09-09-2019 346DAY,3560,August-20-2020,Sales,181.361,13.4800-14.0000,13.5,Issue,OMO,13.4800-13.5000,346DAY,0,211.3613,181.361,15.4812,1st Week
2019-09-11,15000,Primary Market,September-11-2019,11-09-2019 91DAY,3564,December-19-2019,Sales,15000,9.6000-14.0000,11.1,Slop,NTB,9.6000-11.1000,91DAY,0,32324.75,15000,11.4159,2nd Week
2019-09-11,14002.523,Primary Market,September-11-2019,09-11-2019 182DAY,3565,March-19-2020,Sales,14002.523,11.2000-12.9800,11.799,Slop,NTB,11.2000-11.7990,182DAY,0,24214.529,14002.523,12.5366,2nd Week
2019-09-11,129651.7,Primary Market,September-11-2019,9-12-2019 364DAY,3566,September-17-2020,Sales,129651.7,12.5000-14.4480,13.286,Slop,NTB,12.5000-13.2860,364DAY,0,269358.167,129651.7,15.3152,2nd Week
2019-09-12,30000,OMO,September-12-2019,12-09-2019 - 91DAY,3561,December-12-2019,Sales,85414.295,11.5000 - 11.5900,11.59,Issue,OMO,11.5000 - 11.5900,91DAY,0,85414.295,85414.295,0,2nd Week
2019-09-12,70000,OMO,September-12-2019,12-09-2019 - 182day,3562,March-12-2020,Sales,8969.577,11.7800 - 13.0000,11.79,Issue,OMO,11.7800 - 11.7900,182DAY,0,20969.577,8969.577,0,2nd Week
2019-09-12,200000,OMO,September-12-2019,12-09-2019 -364day,3563,September-10-2020,Sales,250000,13.5000 - 14.0000,13.5,Issue,OMO,13.5000 - 13.5000,364DAY,0,385472.487,250000,0,2nd Week
2019-09-18,3000,Primary Market,September-18-2019,9-18-2019 NTB 91DAY,3567,December-19-2019,Sales,3000,10.4000-17.0000,11.1,Slop,NTB,10.4000-11.1000,91 DAY,0,4459.828,3000,11.4159,3rd Week
2019-09-18,8385.196,Primary Market,September-18-2019,9-18-2019 NTB184DAY,3568,March-19-2020,Sales,8385.196,11.3000-12.9800,11.75,Slop,NTB,11.3000-11.7500,182DAY,0,12360.196,8385.196,12.4813,3rd Week
2019-09-18,168361.351,Primary Market,September-18-2019,9-18-2019 NTB364DAY,3569,September-17-2020,Sales,168361.351,12.9500-14.8150,13.3,Slop,NTB,12.9500-13.3000,364DAY,0,359964.726,168361.351,15.3338,3rd Week
2019-09-19,50000,OMO,September-19-2019,19-09-2019 -91DAY,3570,December-19-2019,Sales,1027.258,11.5900 - 11.5900,11.59,Issue,OMO,11.5900 - 11.5900,91 DAY,0,1027.258,1027.258,0,3rd Week
2019-09-19,50000,OMO,September-19-2019,19-09-2019 -175DAY,3571,March-12-2020,Sales,52,11.7900 - 11.7900,11.79,Issue,OMO,11.7900 - 11.7900,175 DAY,0,52,52,0,3rd Week
2019-09-19,200000,OMO,September-19-2019,19-09-2019 - 364DAY,3572,September-17-2020,Sales,350000,13.4300 - 13.5000,13.5,Issue,OMO,13.4300 - 13.5000,364DAY,0,491404.928,350000,0,3rd Week
2019-09-25,45000,Primary Market,September-25-2019,09-25-2019 5YEAR,3576,April-27-2023,Sales,6830,13.9900-14.6500,14.39,Issue,FGN BONDS,13.9900-14.3900,5YEAR,0,14330,6830,0,4th Week
2019-09-25,50000,Primary Market,September-25-2019,09-25-2019 10YEAR,3577,April-26-2029,Sales,56160,13.9900-15.0000,14.43,Issue,FGN BONDS,13.9900-14.4300,10 YEAR,0,82910,56160,0,4th Week
2019-09-25,55000,Primary Market,September-25-2019,09-25-2019 30YEAR,3578,April-26-2049,Sales,37020,13.0000-15.0999,14.64,Issue,FGN BONDS,13.0000-14.6400,30 YEAR,0,63660,37020,0,4th Week
2019-09-26,20000,OMO,September-26-2019,26-09-2019 84DAY,3573,December-19-2019,Sales,301.007,11.5800 - 11.5900,11.59,Issue,OMO,11.5800 - 11.5900,84DAY,0,301.007,301.007,0,5th Week
2019-09-26,30000,OMO,September-26-2019,26-09-2019 182DAY,3574,March-26-2020,Sales,2424.7,11.7800 - 11.7900,11.79,Issue,OMO,11.7800 - 11.7900,182DAY,0,2424.7,2424.7,0,5th Week
2019-09-26,200000,OMO,September-26-2019,26-09-2019 364DAY,3575,September-24-2020,Sales,300000,13.4000 -  13.5000,13.48,Issue,OMO,13.4000 -  13.4800,364DAY,0,678259.272,300000,0,5th Week
2019-10-02,10000,Primary Market,October-02-2019,10-02-2019 91DAY,3579,January-02-2020,Sales,10000,10.9000-17.0000,11.0845,Slop,NTB,10.9000-11.0845,91DAY,0,10390.195,10000,11.4005,1st Week
2019-10-02,17600.581,Primary Market,October-02-2019,10-02-2019 182DAY,3580,April-02-2020,Sales,17600.581,11.3000-15.0000,11.6,Slop,NTB,11.3000-11.6000,182DAY,0,19591.836,17600.581,12.3121,1st Week
2019-10-02,106370.499,Primary Market,October-02-2019,10-02-2019 364DAY,3581,October-01-2020,Sales,106370.499,12.9000-15.1000,13.2,Slop,NTB,12.9000-13.2000,364 DAY,0,308196.553,106370.499,15.201,1st Week
2019-10-10,20000,OMO,October-10-2019,10-10-2019 182DAY,3582,April-09-2020,Sales,18912.9,11.7500 - 11.7900,11.79,Issue,OMO,11.7500 - 11.7900,182DAY,0,18912.9,18912.9,0,2nd Week
2019-10-10,50000,OMO,October-10-2019,10-10-2019 364DAY,3583,October-08-2020,Sales,300000,12.9000 - 13.3900,13.39,Issue,OMO,12.9000 - 13.3900,364DAY,0,1003930.11,300000,0,2nd Week
2019-10-16,5849.034,Primary Market,October-16-2019,10-16-2019 91DAY,3584,January-16-2020,Sales,5849.034,10.2000-11.7000,10.8,Slop,NTB,10.2000-10.8000,91DAY,0,9385.846,5849.034,11.0988,3rd Week
2019-10-16,3500,Primary Market,October-16-2019,10-16-2019 182DAY,3585,April-16-2020,Sales,3500,11.0000-12.7500,11,Slop,NTB,11.0000-11.0000,182DAY,0,38089.612,3500,11.6384,3rd Week
2019-10-16,112535.643,Primary Market,October-16-2019,10-16-2019 364DAY,3586,October-15-2020,Sales,112535.643,12.2500-17.0000,12.94,Slop,NTB,12.2500-12.9400,364DAY,0,586638.186,112535.643,14.8573,3rd Week
2019-10-17,20000,OMO,October-17-2019,17-10-2019 - 91DAY,3589,January-16-2020,Sales,14309.987,10.8000 - 11.5900,11.59,Issue,OMO,10.8000 - 11.5900,91DAY,0,14309.987,14309.987,0,3rd Week
2019-10-17,50000,OMO,October-17-2019,17-10-2019 -182DAY,3590,April-16-2020,Sales,36291.997,11.1500 - 11.7900,11.79,Issue,OMO,11.1500 - 11.7900,182DAY,0,36291.997,36291.997,0,3rd Week
2019-10-17,350000,OMO,October-17-2019,17-10-2019 - 364DAY,3591,October-15-2020,Sales,370000,13.0000 - 13.3500,13.35,Issue,OMO,13.0000 - 13.3500,364DAY,0,1071689.183,370000,0,3rd Week
2019-10-21,30000,OMO,October-21-2019,21-10-2019- 185DAY,3587,April-23-2020,Sales,2650,11.7900 - 12.5000,11.79,Issue,OMO,11.7900 - 11.7900,185-DAY,0,7650,2650,0,4th Week
2019-10-21,60000,OMO,October-21-2019,21-10-2019 -353DAY,3588,October-08-2020,Sales,267685.901,13.1990 - 13.3900,13.5,Issue,OMO,13.990 - 13.5000,353-DAY,0,272685.901,267685.901,0,4th Week
2019-10-23,50,Primary Market,October-23-2019,23-10-2019 5 Year,3595,April-27-2023,Sales,29.11,13.9900-14.4000,14.05,Maginal,FGN Bonds,13.9900-14.0500,5 year,0,63.67,29.11,0,4th Week
2019-10-23,50,Primary Market,October-23-2019,23-10-2019 10 Year,3596,April-26-2029,Sales,64.4,13.4000-14.8600,14.2333,Maginal,FGN Bonds,13.4000-14.2333,10 Year,0,119.78,64.4,0,4th Week
2019-10-23,50,Primary Market,October-23-2019,23-10-2019 30 Year,3597,April-26-2049,Sales,46.3,14.3000-15.1200,14.6,Maginal,FGN Bonds,14.3000-14.6000,30 Year,0,72.54,46.3,0,4th Week
2019-10-24,30000,OMO,October-24-2019,24-10-2019 -105DAY,3592,February-06-2020,Sales,5500,11.5500 - 11.5500,11.55,Issue,OMO,11.5500 - 11.5500,105DAY,0,5500,5500,0,4th Week
2019-10-24,70000,OMO,October-24-2019,24-10-2019 - 189DAY,3593,April-30-2020,Sales,30662.792,11.6500 - 11.7900,11.79,Issue,OMO,11.6500 - 11.7900,189DAY,0,30662.792,30662.792,0,4th Week
2019-10-24,250000,OMO,October-24-2019,24-10-2019 - 364DAY,3594,October-22-2020,Sales,284532.554,13.2500 - 13.3500,13.3399,Issue,OMO,284532.554,364DAY,0,347732.554,284532.554,0,4th Week
2019-10-30,28018.956,Primary Market,October-30-2019,30-10-2019 91DAY,3598,January-30-2020,Sales,28018.956,9.2500-11.0000,9.4999,Issue,NTB,9.2500-9.4999,91,0,72441.258,28018.956,9.7304,5th Week
2019-10-30,10615.398,Primary Market,October-30-2019,30-10-2019 182DAY,3599,April-30-2020,Sales,10615.398,10.3000-15.0000,10.45,Issue,NTB,10.3000-10.4500,182,0,49676.67,10615.398,11.0244,5th Week
2019-10-30,93915.151,Primary Market,October-30-2019,30-10-2019 364DAY,3600,October-29-2020,Sales,93915.151,10.5000-14.0000,11.5,Issue,NTB,10.5000-11.5000,364,0,443503.4,93915.151,12.9897,5th Week
2019-10-31,50000,OMO,October-31-2019,31-10-2019 - 96DAY,3601,February-04-2020,Sales,16500,11.3900 - 11.5500,11.55,Issue,OMO,11.3900 - 11.5500,96DAY,0,16500,16500,0,5th Week
2019-10-31,50000,OMO,October-31-2019,31-10-2019 - 187DAY,3602,May-05-2020,Sales,10500,11.5000 - 13.0000,11.75,Issue,OMO,11.5000 - 11.7500,187DAY,0,11500,10500,0,5th Week
2019-10-31,230000,OMO,October-31-2019,31-10-2019 - 362DAY,3603,October-27-2020,Sales,336089.129,13.0000 - 14.2000,13.32,Issue,OMO,13.000 - 13.3200,362DAY,0,419089.129,336089.129,0,5th Week
2019-11-07,30000,OMO,November-07-2019,03-11-2019 180DAY,3604,May-05-2020,Sales,8000,11.6900 - 11.6900,11.69,Issue,OMO,11.6900 - 11.6900,180DAY,0,8000,8000,0,1st Week
2019-11-07,250000,OMO,November-07-2019,03-11-2019 362DY,3605,November-03-2020,Sales,224450,13.2400 - 13.3000,13.3,Issue,OMO,13.2400 - 13.3000,362DAY,0,224450,224450,0,1st Week
2019-11-13,4384.18,Primary Market,November-13-2019,13-11-2019 91DAY,3606,February-13-2020,Sales,4384.18,7.0000-10.5000,7.7998,Issue,NTB,7.0000-7.7998,91 DAY,0,58431.175,4384.18,7.9545,3rd Week
2019-11-13,12920.9,Primary Market,November-13-2019,13-11-2019 182DAY,3607,May-14-2020,Sales,12920.9,8.0000-13.0000,9,Issue,NTB,8.0000-9.0000,182 DAY,0,57853.312,12920.9,9.4229,3rd Week
2019-11-13,107938.478,Primary Market,November-13-2019,13-11-2019 364DAY,3608,November-12-2020,Sales,107938.478,9.0000-13.3200,10,Issue,NTB,9.0000-10.0000,364 DAY,0,439700.091,107938.478,11.1077,3rd Week
2019-11-20,50000,Primary Market,November-20-2019,11-20-2019 5YEAR,3632,April-27-2023,Sales,19870,11.4890-14.0000,12,Slop,FGN BONDS,11.4890-12.0000,5YEAR,0,43050,19870,0,3rd Week
2019-11-20,50000,Primary Market,November-20-2019,11-20-2019 10YEAR,3633,April-26-2029,Sales,61700,12.0000-14.5500,12.93,Slop,FGN BONDS,12.0000-12.9300,10 YEAR,0,94210,61700,0,3rd Week
2019-11-20,50000,Primary Market,November-20-2019,11-20-2019 30YEAR,3634,April-26-2049,Sales,76360,12.8000-14.8000,13.39,Slop,FGN BONDS,12.8000-13.3900,30YEAR,0,115090,76360,0,3rd Week
2019-11-27,24372.79,Primary Market,November-27-2019,27-11-2019 91 DAY,3609,February-27-2020,Sales,20372.79,6.0000-12.0000,6.495,Issue,NTB,6.0000-6.4950,91 DAY,0,106878.497,20372.79,6.6019,5th Week
2019-11-27,23157.656,Primary Market,November-27-2019,27-11-2019 182 DAY,3610,May-28-2020,Sales,19157.656,6.7000-11.5000,7.23,Issue,NTB,6.7000-7.2300,182 DAY,0,107627.97,19157.656,7.5004,5th Week
2019-11-27,103071.723,Primary Market,November-27-2019,27-11-2019 364 DAY,3611,November-26-2020,Sales,111071.723,7.7100-14.4000,8.37,Issue,NTB,7.7100-8.3700,364 DAY,0,319419.121,111071.723,9.1323,5th Week
2019-11-28,150000,OMO,November-28-2019,28-11-2019 - 355DAY,3612,November-17-2020,Sales,281450,13.1900 - 13.3000,13.3,Issue,OMO,13.1900 - 13.3000,355DAY,0,281450,281450,0,5th Week
2019-12-05,50000,OMO,December-05-2019,05-12-2019 96DAY,3613,March-10-2020,Sales,980,11.5000-11.5000,11.5,Slop,OMO,11.5000-11.5000,96DAY,0,980,980,11.8587,1st Week
2019-12-05,100000,OMO,December-05-2019,05-12-2019 187DAY,3614,June-09-2020,Sales,0,0.0000-0.0000,0,Slop,OMO,0.0000-0.0000,187DAY,0,0,0,0,1st Week
2019-12-05,250000,OMO,December-05-2019,05-12-2019 362DAY,3615,December-01-2020,Sales,189841.158,13.2400-13.3000,13.3,Slop,OMO,13.2400-13.3000,362DAY,0,189841.158,189841.158,15.3209,1st Week
2019-12-11,5000,Primary Market,December-11-2019,11-12-2019 91DAY,3616,March-12-2020,Sales,1800,5.0000-7.5000,5,Slop,NTB,5.0000-5.0000,91DAY,0,53855.286,1800,5.0631,2nd Week
2019-12-11,10000,Primary Market,December-11-2019,11-12-2019 182DAY,3617,June-11-2020,Sales,4500,5.0000-8.5000,6.19,Slop,NTB,5.0000-6.1900,182DAY,0,46283.061,4500,6.3871,2nd Week
2019-12-11,30000,Primary Market,December-11-2019,11-12-2019 364DAY,3618,December-10-2020,Sales,38700,6.4000-13.4000,6.88,Slop,NTB,6.4000-6.8800,364DAY,0,192434.283,38700,7.3868,2nd Week
2019-12-12,20000,OMO,December-12-2019,12-12-2019 89DAY,3619,March-10-2020,Sales,0,0.00-0.00,0,Issue,OMO,0.00-0.00,89 DAY,0,0,0,0,2nd Week
2019-12-12,80000,OMO,December-12-2019,12-12-2019 180DAY,3620,June-09-2020,Sales,0,0.00-0.00,0,Issue,OMO,0.00-0.00,180 DAY,0,0,0,0,2nd Week
2019-12-12,250000,OMO,December-12-2019,12-12-2019 362 DAY,3621,December-08-2020,Sales,289115,13.2400-13.3000,13.28,Issue,OMO,13.2400-13.2800,362 DAY,0,359815,289115,15.2944,2nd Week
2019-12-16,30000,OMO,December-16-2019,16-12-2019 85DAY,3622,March-10-2020,Sales,0,0.00-0.00,0,Slop,OMO,0.00-0.00,85DAY,0,0,0,0,3rd Week
2019-12-16,70000,OMO,December-16-2019,16-12-2019 176DAY,3623,June-09-2020,Sales,0,0.00-0.00,0,Slop,OMO,0.00-0.00,176DAY,0,0,0,0,3rd Week
2019-12-16,150000,OMO,December-16-2019,16-12-2019 351DAY,3624,December-01-2020,Sales,229082.047,13.1900-13.2800,13.28,Slop,OMO,13.1900-13.2800,351DAY,0,229082.047,229082.047,15.2242,3rd Week
2019-12-18,2000,Primary Market,December-18-2019,12-18-2019 91DAY,3625,March-19-2020,Sales,2000,3.0000-6.2700,4,Slop,NTB,3.0000-4.000,91DAY,0,24716.838,2000,4.0403,3rd Week
2019-12-18,2000,Primary Market,December-18-2019,12-18-2019 182 DAY,3626,June-18-2020,Sales,2000,4.2000-6.0100,5,Slop,NTB,4.2000-5.0000,182 DAY,0,18681.653,2000,5.1278,3rd Week
2019-12-18,3000,Primary Market,December-18-2019,12-18-2019 364DAY,3627,December-17-2020,Sales,3000,5.0000-13.3200,5.495,Slop,NTB,5.0000-5.4950,364DAY,0,56614.975,3000,5.8136,3rd Week
2019-12-18,50000,Primary Market,December-18-2019,12-18-2019 5YEAR,3635,April-27-2023,Sales,67340,9.0000-12.7500,11,Slop,FGN BONDS,9.0000-11.0000,5 YEAR,0,70700,67340,0,3rd Week
2019-12-18,50000,Primary Market,December-18-2019,12-18-2019 10YEAR,3636,April-26-2029,Sales,78840,10.5000-13.2500,12,Slop,FGN BONDS,10.5000-12.0000,10YEAR,0,91910,78840,0,3rd Week
2019-12-18,50000,Primary Market,December-18-2019,12-18-2019 30YEAR,3637,April-26-2049,Sales,118220,9.4000-14.0000,13,Slop,FGN BONDS,9.4000-13.0000,30 YEAR,0,125820,118220,0,3rd Week
2019-12-19,20000,OMO,December-19-2019,12-19-2019 89DAY,3628,March-17-2020,Sales,0,0.0000-0.0000,0,Slop,OMO,0.0000-0.0000,89DAY,0,0,0,0,3rd Week
2019-12-19,30000,OMO,December-19-2019,12-19-2019 180DAY,3629,June-16-2020,Sales,2374.36,11.5000-11.5000,11.5,Slop,OMO,11.5000-11.5000,180DAY,0,2374.36,2374.36,12.1914,3rd Week
2019-12-19,300000,OMO,December-19-2019,12-19-2019 364DAY,3630,December-15-2020,Sales,337640,13.2200-13.2800,13.28,Slop,OMO,13.2200-13.2800,362DAY,0,337640,337640,15.2944,3rd Week
2019-12-27,100000,OMO,December-27-2019,27-12-2019 361DAY,3631,December-22-2020,Sales,250506.265,13.2300-13.2800,13.28,Issue,OMO,13.2300-13.2800,361DAY,0,250506.265,250506.265,15.288,4th Week
2020-01-02,10000,Primary Market,January-02-2020,01-02-2020 91DAY,3638,April-02-2020,Sales,10000,3.0000-14.0000,3.5,Slop,NTB,3.0000-3.5000,91DAY,0,37150.766,10000,3.5308,1st Week
2020-01-02,20000,Primary Market,January-02-2020,01-02-2020 182DAY,3639,July-02-2020,Sales,20000,3.8400-6.5000,4.9,Slop,NTB,3.8400-4.9000,182DAY,0,31631.605,20000,5.0227,1st Week
2020-01-02,44837.72,Primary Market,January-02-2020,01-02-2020 364DAY,3640,December-31-2020,Sales,44837.72,3.9800-13.3200,5.2,Slop,NTB,3.9800-5.2000,364DAY,0,105901.127,44837.72,5.4844,1st Week
2020-01-03,0,OMO,January-03-2020,01-03-2020 81DAY,3641,March-24-2020,Sales,0,0,0,Slop,OMO,0,81DAY,0,0,0,0,1st Week
2020-01-03,30000,OMO,January-03-2020,01-03-2020 179DAY,3642,June-30-2020,Sales,0,12.0000-12.0000,0,Slop,OMO,0,179DAY,0,0,0,0,1st Week
2020-01-03,250000,OMO,January-03-2020,01-03-2020 361DAY,3643,December-29-2020,Sales,481280,13.2500-13.2800,13.26,Issue,OMO,13.2500-13.2600,361DAY,0,544780,481280,15.2615,1st Week
2020-01-09,20000,OMO,January-09-2020,01-10-2020 89DAY,3644,April-07-2020,Sales,100,11.4800-11.4800,11.48,Slop,OMO,11.4800-11.4800,89DAY,0,100,100,11.8106,2nd Week
2020-01-09,300000,OMO,January-09-2020,01-09-2020 362DAY,3645,January-05-2021,Sales,411040,13.1000-13.2500,13.25,Slop,OMO,13.1000-13.2500,362DAY,0,411040,411040,15.2546,2nd Week
2020-01-09,20000,OMO,January-09-2020,1-9-2020 89DAY,3810,April-07-2020,Sales,100,11.4800 - 11.4800,11.48,Issue,OMO,11.4800 - 11.4800,89DAY,0,100,100,0,1st Week
2020-01-09,300000,OMO,January-09-2020,01-09-2020 3620DAY,3811,January-05-2021,Sales,411040.89,13.1000 - 13.2500,13.25,Issue,OMO,13.1000 - 13.2500,362DAY,0,411040.89,411040.89,0,1st Week
2020-01-15,5849.034,Primary Market,January-15-2020,01-15-2020 91DAY,3646,April-15-2020,Sales,5849.034,2.7400-6.0000,2.95,Slop,NTB,2.7400-2.9500,91DAY,0,52201.693,5849.034,2.7919,3rd Week
2020-01-15,26600,Primary Market,January-15-2020,01-15-2020 182DAY,3647,July-16-2020,Sales,266000,3.0000-6.0000,3.95,Slop,NTB,3.0000-3.9500,182DAY,0,87927.934,266000,4.0294,3rd Week
2020-01-15,193000,Primary Market,January-15-2020,01-15-2020 364DAY,3648,January-14-2021,Sales,193000,4.0000-14.4990,5.09,Slop,NTB,4.0000-5.0900,364DAY,0,277513.208,193000,5.3622,3rd Week
2020-01-16,180000,OMO,January-16-2020,01-16-2020 362DAY,3649,January-12-2021,Sales,201250,13.1100-13.2300,13.2,Slop,OMO,13.1100-13.2000,362DAY,0,407600,201250,15.201,3rd Week
2020-01-22,50000,Primary Market,January-22-2020,01-22-2020 5YEAR,3654,April-27-2023,Sales,29300,9.0000-12.7500,9.85,Issue,FGN BONDS,9.0000-9.8500,5YEAR,0,80750,29300,0,4th Week
2020-01-22,50000,Primary Market,January-22-2020,01-22-2020 10YEAR,3656,April-26-2029,Sales,106390,10.5500-14.5500,11.125,Issue,FGN BONDS,10.5500-11.1250,10YEAR,0,201980,106390,0,4th Week
2020-01-22,55000,Primary Market,January-22-2020,01-22-2020 30YEAR,3658,April-26-2049,Sales,27430,9.4000-13.5000,12.56,Issue,FGN BONDS,9.4000-12.5600,30YEAR,0,34177,27430,0,4th Week
2020-01-23,10000,OMO,January-23-2020,23-01-2020 180DAY,3790,July-27-2020,Sales,13989.1,11.6500 - 12.5000,11.67,Issue,OMO,11.6500 - 11.6700,180DAY,0,14643.38,13989.1,0,5th Week
2020-01-23,280000,OMO,January-23-2020,23-01-2020 362DAY,3791,January-19-2021,Sales,226305,12.9999 - 13.1600,13.11,Issue,OMO,12.9999 - 13.1100,362DAY,0,572928.77,226305,0,5th Week
2020-01-29,28018.956,Primary Market,January-29-2020,01-29-2020,3650,April-30-2020,Sales,49839.651,2.0000-9.400,3.5,Slop,NTB,2.0000-3.5000,91DAY,0,53171.651,49839.651,3.5308,4th Week
2020-01-29,33684.524,Primary Market,January-29-2020,01-29-2020,3651,July-30-2020,Sales,54592.585,3.0000-10.5000,4.5,Slop,NTB,3.0000-4.0000,182DAY,0,57781.357,54592.585,4.6033,4th Week
2020-01-29,167932.674,Primary Market,January-29-2020,01-29-2020 364DAY,3652,January-28-2021,Sales,125203.918,4.0000-15.0000,6.5,Slop,NTB,4.0000-6.5000,364DAY,0,152708.007,125203.918,6.9505,4th Week
2020-01-30,10000,OMO,January-30-2020,30-01-2020 180DAY,3792,July-28-2020,Sales,20140,11.6000 - 11.6000,11.6,Issue,OMO,11.6000 - 11.6000,180DAY,0,20140,20140,0,5th Week
2020-01-30,180000,OMO,January-30-2020,30-01-2020 362DAY,3793,January-26-2021,Sales,190150,12.8500 - 13.2000,13.09,Issue,OMO,12.8500 - 13.0900,362DAY,0,458010,190150,0,5th Week
2020-02-06,10000,OMO,February-06-2020,06-02-2020 180DAY,3794,August-04-2020,Sales,20400,11.6000 - 11.6000,11.6,Issue,OMO,11.6000 - 11.6000,180DAY,0,20400,20400,0,1st Week
2020-02-06,130000,OMO,February-06-2020,06-02-2020 362DAY,3795,February-02-2021,Sales,107797.14,12.9450 - 13.0500,13.05,Issue,OMO,12.9450 - 13.0500,362DAY,0,107797.14,107797.14,0,1st Week
2020-02-12,4384.18,Primary Market,February-12-2020,02-12-2020 91DAY,3653,May-14-2020,Sales,4384.18,2.2500-5.9116,3,Slop,NTB,2.2500-3.000,91DAY,0,29826.783,4384.18,3.0226,2nd Week
2020-02-12,10000,Primary Market,February-12-2020,02-12-2020 182DAY,3655,August-13-2020,Sales,10000,2.8000-9.5000,4,Slop,NTB,2.8000-9.5000,182 DAY,0,52498.035,10000,4.0814,2nd Week
2020-02-12,140000,Primary Market,February-12-2020,02-12-2020 364DAY,3657,February-11-2021,Sales,140000,5.4000-13.1800,6.5432,Slop,NTB,5.4000-6.5432,364DAY,0,205479.531,140000,7,2nd Week
2020-02-13,10000,OMO,February-13-2020,13-02-2020 180DAY,3796,August-11-2020,Sales,1000,11.6000 - 11.6000,11.6,Issue,OMO,11.6000 - 11.6000,180DAY,0,1000,1000,0,2nd Week
2020-02-13,230000,OMO,February-13-2020,13-02-2020 362DAY,3797,February-09-2021,Sales,213872.5,12.9500 - 13.0400,13.04,Issue,OMO,12.9500 - 13.0400,362DAY,0,213872.5,2134872.5,0,2nd Week
2020-02-20,10000,OMO,February-20-2020,20-02-2020 89DAY,3798,May-19-2020,Sales,10000,11.4500 - 11 4500,11.45,Issue,OMO,11.4500 - 11 4500,89DAY,0,10000,10000,0,3rd Week
2020-02-20,20000,OMO,February-20-2020,20-02-2020 180DAY,3799,August-18-2020,Sales,44783.42,11.5900 - 11.5900,11.59,Issue,OMO,11.5900 - 11.5900,180DAY,0,44783.42,44783.42,0,3rd Week
2020-02-20,270000,OMO,February-20-2020,20-02-2020 180DAY,3800,February-16-2021,Sales,245213.65,12.9000 - 13.0200,13.02,Issue,OMO,12.9000 - 13.0200,362DAY,0,245213.65,245213.65,0,3rd Week
2020-02-26,20372.79,Primary Market,February-26-2020,02-26-2020 91DAY,3659,May-28-2020,Sales,20372.79,2.3500-4.0000,3,Issue,NTB,2.3500-3.0000,91DAY,0,41261.683,20372.79,3.0226,4th Week
2020-02-26,31751.846,Primary Market,February-26-2020,02-26-2020 182DAY,3660,August-27-2020,Sales,31751.846,3.0000-6.0000,4,Issue,NTB,3.0000-4.0000,182DAY,0,45187.317,31751.846,4.0814,4th Week
2020-02-26,51995.029,Primary Market,February-26-2020,02-26-2020 182DAY,3661,February-25-2021,Sales,51995.029,2.4000-13.1800,5.7,Slop,NTB,2.4000-5.7000,364DAY,0,175082.034,51995.029,6.0435,4th Week
2020-02-27,20000,OMO,February-27-2020,27-02-2020 89DAY,3801,May-26-2020,Sales,3107.63,11.4400 - 11.4400,11.44,Issue,OMO,11.4400 - 11.4400,89DAY,0,8950,3107.63,0,4th Week
2020-02-27,30000,OMO,February-27-2020,27-02-2020 180DAY,3802,February-23-2021,Sales,472.22,11.5600 - 11.5600,11.56,Issue,OMO,11.5600 - 11.5600,180DAY,0,1360,472.22,0,4th Week
2020-03-05,80000,OMO,March-05-2020,03-05-2020 362DAY,3803,March-02-2021,Sales,112113.62,12.9000 - 13.1000,13.1,Issue,OMO,12.9000 - 13.1000,362DAY,0,112113.62,112113.62,0,1st Week
2020-03-11,1800,Primary Market,March-11-2020,03-11-2020 91DAY,3662,June-11-2020,Sales,1800,2.45-6.8799,2.49,Slop,NTB,2.4500-6.8799,91DAY,0,23773.125,1800,2.49,2nd Week
2020-03-11,14002.523,Primary Market,March-11-2020,03-11-2020 91DAY,3663,September-10-2020,Sales,14002.523,3.4880-5.5000,3.78,Slop,NTB,3.4880-3.7800,182 DAY,0,29458.931,14002.523,3.8526,2nd Week
2020-03-11,70501.216,Primary Market,March-11-2020,03-11-2020 91DAY,3664,March-11-2021,Sales,70501.216,4.5000-15.4875,5.3,Slop,NTB,4.5000-5.3000,364DAY,0,190232.341,70501.216,5.5958,2nd Week
2020-03-18,2000,Primary Market,March-18-2020,03-18-2020 91DAY,3665,June-18-2020,Sales,2000,2.000-5.2500,2.3,Slop,NTB,2.0000-2.3000,91DAY,0,8947.177,20000,2.3133,3rd Week
2020-03-18,8385.196,Primary Market,March-18-2020,03-18-2020 182DAY,3666,September-17-2020,Sales,8385.196,3.0000-7.3500,3.4,Slop,NTB,3.0000-3.4000,182DAY,0,27356.003,8385.196,3.4586,3rd Week
2020-03-18,37176.061,Primary Market,March-18-2020,03-18-2020 364DAY,3667,March-18-2021,Sales,37176.061,4.330-13.1800,4.6,Slop,NTB,4.3300-4.6000,364DAY,0,92367.822,37176.061,4.8212,3rd Week
2020-03-25,15,Primary Market,March-25-2020,25-03-2020 5-Year,3668,April-27-2023,Sales,5,7.0000 - 13.5000,10,Maginal,FGN Bonds,7.0000 - 10.0000,5 Year,0,21.07,5,0,4th Week
2020-03-25,15,Primary Market,March-25-2020,25-03-2020 15-Year,3669,March-27-2035,Sales,20,10.0000 - 16.0000,12.5,Maginal,FGN Bonds,10.0000 - 12.5000,15 Year,0,69.01,20,0,4th Week
2020-03-25,20,Primary Market,March-25-2020,25-03-2020 30-Year,3670,March-27-2050,Sales,25,11.0000 - 15.1980,12.98,Maginal,FGN Bonds,11.0000 - 12.9800,30 Year,0,91.18,25,0,4th Week
2020-04-01,10000,Primary Market,April-01-2020,02-04-2020 91DAY,3671,July-02-2020,Sales,10000,2.0000 - 3.7500,2.2,Issue,NTB,2.0000 - 2.2000,91DAY,0,20707.145,10000,0,1st Week
2020-04-01,17600.581,Primary Market,April-01-2020,02-04-2020 182DAY,3672,October-01-2020,Sales,17600.581,3.0000 - 4.8500,3.2,Issue,NTB,3.0000 - 3.2000,182DAY,0,28819.635,17600.581,0,1st Week
2020-04-01,68080.464,Primary Market,April-01-2020,02-04-2020 364DAY,3673,April-01-2021,Sales,68080.464,3.5590 - 10.0000,4.3,Issue,NTB,3.5590 - 4.3000,364DAY,0,111858.781,68080.464,0,1st Week
2020-04-02,100000,OMO,April-02-2020,02-04-2020 DAY,3674,March-16-2021,Sales,4000,12.7999 - 14.0000,12.7999,Issue,OMO,12.7999 - 12 7999,348DAY,0,21000,4000,0,1st Week
2020-04-09,40000,OMO,April-09-2020,9-4-2020 341DAY,3676,March-16-2021,Sales,39350,12.7500 - 12.7999,12.7999,Issue,OMO,12.7500 - 12.7999,341DAY,0,39350,39350,0,2nd Week
2020-04-15,5849.034,Primary Market,April-15-2020,15-4-2020 91DAY,3677,July-16-2020,Sales,5849.034,1.0000 - 3.8803,1.93,Issue,NTB,1.0000 - 1.9300,91DAY,0,13102.832,5849.034,0,3rd Week
2020-04-15,3500,Primary Market,April-15-2020,15-4-2020 182DAY,3678,October-15-2020,Sales,3500,2.6000 - 4.1100,2.74,Issue,NTB,2.6000 - 2.7400,182DAY,0,12555.929,3500,0,3rd Week
2020-04-15,49141.302,Primary Market,April-15-2020,15-4-2020 364DAY,3679,April-15-2021,Sales,49141.302,3.0000 - 13.7800,4,Issue,NTB,3.0000 - 4.0000,364DAY,0,109386.046,49141.302,0,3rd Week
2020-04-16,5000,OMO,April-16-2020,16-4-2020 -82DAY,3680,July-07-2020,Sales,16000,11.4200 - 11.5000,11.5,Issue,OMO,11.4200 - 11.5000,82DAY,0,16000,16000,0,3rd Week
2020-04-16,5000,OMO,April-16-2020,16-4-2020 -166DAY,3681,September-29-2020,Sales,18000,11.5400 - 11.5400,11.54,Issue,OMO,11.5400 - 11.5400,166DAY,0,18000,18000,0,3rd Week
2020-04-16,90000,OMO,April-16-2020,16-4-2020 -334DAY,3682,March-16-2021,Sales,100000,12.5000 - 12.7500,12.75,Issue,OMO,12.5000 - 12.7500,334DAY,0,100000,100000,0,3rd Week
2020-04-22,20,Primary Market,April-22-2020,22-4-2020,3686,April-27-2023,Sales,30.07,7.0000 - 12.5000,9,Maginal,FGN Bonds,7.0000 - 9.0000,5-Year,0,49.7,30.07,0,4th Week
2020-04-22,20,Primary Market,April-22-2020,22-4-2020,3687,March-27-2035,Sales,72.25,11.4000 - 14.0000,12,Maginal,FGN Bonds,11.4000 - 12.0000,15-Year,0,107.47,72.25,0,4th Week
2020-04-22,20,Primary Market,April-22-2020,22-4-2020,3688,March-27-2050,Sales,53.74,12.2000 - 14.0000,12.5,Maginal,FGN Bonds,12.2000 - 12.5000,30-Year,0,118.5,53.74,0,4th Week
2020-04-23,10000,OMO,April-23-2020,23-04-2020 89DAY,3683,July-21-2020,Sales,20366.667,11.0000 - 11.7500,11.5,Issue,OMO,11.0000 - 11.5000,89DAY,0,64100,20366.667,0,4th Week
2020-04-23,10000,OMO,April-23-2020,23-04-2020 180DAY,3684,October-20-2020,Sales,11500,11.4000 - 11.8000,11.54,Issue,OMO,11.5200 - 11.5400,180DAY,0,33500,11500,0,4th Week
2020-04-23,80000,OMO,April-23-2020,23-04-2020 341DAY,3685,March-30-2021,Sales,80779.927,12.4900 - 12.7100,12.71,Issue,OMO,12.4900 - 12 .7100,341DAY,0,226159.853,80779.927,0,4th Week
2020-04-29,49839.651,Primary Market,April-29-2020,30-4-2020 91DAY,3689,July-30-2020,Sales,49839.651,1.5000 - 6.8799,1.85,Issue,NTB,1.5000 - 1.8500,91DAY,0,91535.068,49839.651,0,5th Week
2020-04-29,10615.398,Primary Market,April-29-2020,30-4-2020 182DAY,3690,October-29-2020,Sales,10615.398,2.0000 - 12.0000,2.499,Issue,NTB,2.0000 - 2.4990,182DAY,0,27687.086,10615.398,0,5th Week
2020-04-29,71074.821,Primary Market,April-29-2020,30-4-2020 364DAY,3691,April-29-2021,Sales,71074.821,3.3880 - 12 8000,3.84,Issue,NTB,3.3880 - 3.8400,364DAY,0,148989.613,71074.821,0,5th Week
2020-04-30,30000,OMO,April-30-2020,04-30-2020 334DAY,3812,March-30-2021,Sales,100000,12.5000 - 12.6999,12.64,Issue,OMO,12.5000 - 12.6400,334DAY,0,198000,100000,0,5th Week
2020-05-13,4384.18,Primary Market,May-13-2020,14-05-2020 9IDAY,3692,August-13-2020,Sales,19783.588,1.3900 - 6.6398,2.5,Issue,NTB,1.3900 - 2.5000,91DAY,0,22334.588,19783.588,0,2nd Week
2020-05-13,12920.9,Primary Market,May-13-2020,14-05-2020 182DAY,3693,November-12-2020,Sales,40093.992,1.9400 - 7.4800,2.85,Issue,NTB,1.9400 - 2.8500,182DAY,0,41194.993,40093.992,0,2nd Week
2020-05-13,16536.72,Primary Market,May-13-2020,14-05-2020 364DAY,3694,May-13-2021,Sales,82886.671,2.8000 - 12.8000,3.84,Issue,NTB,2.8000 - 3.8400,364DAY,0,102030.671,82886.671,0,2nd Week
2020-05-20,20,Primary Market,May-20-2020,20-05-2020-5 Year,3695,April-27-2023,Sales,67.37,7.000 - 12.7500,9.2,Maginal,FGN Bonds,7.0000 - 9.2000,5 Year,0,81.89,67.37,0,3rd Week
2020-05-20,20,Primary Market,May-20-2020,20-05-2020-15 Year,3696,March-27-2035,Sales,68.73,9.4000 - 14.0000,11.7,Maginal,FGN Bonds,9.4000 - 11.7000,15 Year,0,154.1,68.73,0,3rd Week
2020-05-20,20,Primary Market,May-20-2020,20-05-2020-30 Year,3697,March-27-2050,Purchases,160.1,11.0500 - 13.7443,12.6,Maginal,FGN Bonds,11.0500 - 12.6000,30 Year,0,189.19,160.1,0,3rd Week
2020-05-27,20372.79,Primary Market,May-27-2020,27-05-2020-91 Day,3698,August-27-2020,Sales,20372.79,2.2000 - 8.0000,2.45,Maginal,NTB,2.2000 - 2.4500,91,0,37458.428,20372.79,2.4651,4th Week
2020-05-27,19157.656,Primary Market,May-27-2020,27-05-2020-182 Day,3699,November-26-2020,Sales,19157.656,2.4500 - 7.6931,2.72,Issue,NTB,2.4500 - 2.7200,182,0,55145.627,19157.656,2.7574,4th Week
2020-05-27,19842.352,Primary Market,May-27-2020,27-05-2020-364 Day,3700,May-27-2021,Sales,19842.352,3.5000 - 12.8000,4.0199,Issue,NTB,3.5000 - 4.0199,364,0,37948.361,19842.352,4.1878,4th Week
2020-05-28,50000,OMO,May-28-2020,5-28-2020 82DAY,3813,August-18-2020,Sales,4000,7.0000 - 7.9000,7,Issue,OMO,7.0000 - 7.0000,82DAY,0,67200,4000,0,5th Week
2020-05-28,50000,OMO,May-28-2020,5-28-2020 180DAY,3814,November-24-2020,Sales,50000,8.7500 - 8.7500,8.75,Issue,OMO,8.7500 - 8.7500,180DAY,0,57500,50000,0,5th Week
2020-05-28,60000,OMO,May-28-2020,5-28-2020 348DAY,3815,May-11-2021,Sales,60000,9.9000 - 12.4987,9.9,Issue,OMO,9.9000 - 9.9000,348DAY,0,230319.93,60000,0,5th Week
2020-06-04,20000,OMO,June-04-2020,04-06-2020-82Day,3704,August-25-2020,Sales,20000,4.9500 - 6.9500,4.95,Issue,OMO,4.9500 - 4.9500,82,0,46000,20000,0,1st Week
2020-06-04,20000,OMO,June-04-2020,04-06-2020-173Day,3705,November-24-2020,Sales,20000,7.4999 - 7.9500,7.79,Issue,OMO,7.4999 - 7.7900,173,0,51700,20000,0,1st Week
2020-06-04,30000,OMO,June-04-2020,04-06-2020-341Day,3706,May-11-2021,Sales,30000,8.4999 - 9.5000,8.99,Issue,OMO,8.4999 - 8.9900,341,0,200960,30000,0,1st Week
2020-06-10,1800,Primary Market,June-10-2020,10-06-2020-91 Day,3701,September-10-2020,Sales,4405.14,1.6000 - 12.0000,2,Issue,NTB,1.6000 - 2.0000,91,0,21682.446,4405.14,2.01,2nd Week
2020-06-10,4500,Primary Market,June-10-2020,10-06-2020-182 Day,3702,December-10-2020,Sales,7820.805,2.0000 - 12.0000,2.2,Issue,NTB,2.0000 - 2.2000,182,0,40285.573,7820.805,2.2244,2nd Week
2020-06-10,84640.724,Primary Market,June-10-2020,10-06-2020-364 Day,3703,June-10-2021,Sales,78714.779,3.5000 - 6.9000,4.02,Issue,NTB,3.5000 - 4.0200,364,0,114970.836,78714.779,4.1879,2nd Week
2020-06-11,5000,OMO,June-11-2020,11-06-2020-89Day,3707,September-08-2020,Sales,5000,4.9300 - 6.4500,4.95,Issue,OMO,4.9300 - 4.9500,89,0,11000,5000,0,3rd Week
2020-06-11,5000,OMO,June-11-2020,11-06-2020-180Day,3708,December-08-2020,Sales,5000,7.4900 - 7.7900,7.79,Issue,OMO,7.4900 - 7.7900,180,0,5500,5000,0,3rd Week
2020-06-11,50000,OMO,June-11-2020,11-06-2020-348Day,3709,May-25-2021,Sales,50000,7.9500 - 8.9900,8.99,Issue,OMO,7.9500 - 8.9900,348,0,51500,50000,0,3rd Week
2020-06-17,2000,Primary Market,June-17-2020,06-17-2020-91DAY,3710,September-17-2020,Sales,2000,1.7000-7.0000,1.8,Slop,NTB,1.7000-1.8000,91DAY,0,13590.663,2000,1.8081,3rd Week
2020-06-17,2000,Primary Market,June-17-2020,06-17-2020-182DAY,3711,December-17-2020,Sales,2000,1.9500-7.0000,2.04,Slop,NTB,1.9500-2.0400,182DAY,0,15234.969,2000,2.061,3rd Week
2020-06-17,10614.105,Primary Market,June-17-2020,06-17-2020-364DAY,3712,June-17-2021,Sales,10614.105,3.5000-9.0000,3.746,Slop,NTB,3.5000-3.7460,364DAY,0,60182.687,10614.105,3.8914,3rd Week
2020-06-17,40000,Primary Market,June-17-2020,17-06-2020 5YEAR,3719,April-27-2023,Sales,32990,7.9000-12.5000,8,Slop,FGN BONDS,7.9000-8.0000,5YEAR,0,137650,32990,0,3rd Week
2020-06-17,50000,Primary Market,June-17-2020,17-06-202015YEAR,3720,March-27-2035,Sales,16220,10.0000-13.3500,11,Slop,FGN BONDS,10.0000-11.0000,15YEAR,0,123560,16220,0,3rd Week
2020-06-17,60000,Primary Market,June-17-2020,17-06-2020 30YEAR,3721,March-27-2050,Sales,50790,11.5400-13.1600,12.15,Slop,FGN BONDS,11.5400-12.1500,30YEAR,0,283950,50790,0,3rd Week
2020-06-18,10000,OMO,June-18-2020,18-06-2020 82DAY,3713,September-08-2020,Sales,10000,4.4900-4.9500,4.95,Slop,OMO,4.4900-4.9500,82DAY,0,20040,10000,5.0057,3rd Week
2020-06-18,10000,OMO,June-18-2020,18-06-2020 159DAY,3714,November-24-2020,Sales,10000,7.0000-7.7900,7.79,Slop,OMO,7.0000-7.7900,159DAY,0,24000,10000,8.0636,3rd Week
2020-06-18,60000,OMO,June-18-2020,18-06--2020 341DAY,3715,May-25-2021,Sales,60000,7.8900-8.9900,8.99,Slop,OMO,7.8900-8.9900,341DAY,0,123540,60000,9.8143,3rd Week
2020-07-01,10000,Primary Market,July-01-2020,01-07-2020-91DAY,3716,October-01-2020,Sales,10000,1.4980-2.9500,1.789,Slop,NTB,1.4980-1.7890,91DAY,0,29984.446,10000,1.797,1st Week
2020-07-01,20000,Primary Market,July-01-2020,01-07-2020 182DAY,3717,December-31-2020,Sales,20000,1.7000-4.2100,1.91,Slop,NTB,1.7000-1.9100,182DAY,0,58821.335,20000,1.9284,1st Week
2020-07-01,58857.012,Primary Market,July-01-2020,01-07-2020 364DAY,3718,July-07-2021,Sales,58857.012,2.8500-12.8000,3.39,Slop,NTB,2.8500-3.3900,364DAY,0,246882.729,58857.012,3.5086,1st Week
2020-07-02,10000,OMO,July-02-2020,07-02-2020 89DAY,3818,September-29-2020,Sales,10000,4.7500 - 4 9500,4.95,Issue,OMO,4.7500 - 4 9500,89DAY,0,14118.7,10000,0,1st Week
2020-07-02,10000,OMO,July-02-2020,7-02-2020 194DAY,3819,January-12-2021,Sales,10000,7.4500 - 7.7900,7.79,Issue,OMO,7.4500 - 7.7900,194DAY,0,15294.75,10000,0,1st Week
2020-07-02,80000,OMO,July-02-2020,7-02-2020 341DAY,3820,June-08-2021,Sales,80000,8.4400 - 8.9900,8.99,Issue,OMO,8.4400 - 8.9900,341DAY,0,148029.18,80000,0,1st Week
2020-07-22,25000,Primary Market,July-22-2020,22-07-2020 10YEAR,3773,January-22-2026,Sales,25000,5.000-11.5000,6,Issue,FGN BONDS,5.0000-6.0000,10YEAR,0,71970,25000,0,4th Week
2020-07-22,35000,Primary Market,July-22-2020,22-07-2020 15YEAR,3774,March-27-2035,Sales,42000,7.5000-12.0000,9.5,Issue,FGN BONDS,7.5000-9.5000,15YEAR,0,60320,42000,0,4th Week
2020-07-22,35000,Primary Market,July-22-2020,22-07-2020 25YEAR,3775,July-24-2045,Sales,75000,4.0000-12.6000,9.8,Issue,FGN BONDS,4.0000-9.8000,25YEAR,0,130270,75000,0,4th Week
2020-07-22,35000,Primary Market,July-22-2020,22-07-2020 30YEAR,3776,March-27-2050,Sales,35000,9.0000-11.5000,9.95,Issue,FGN BONDS,9.0000-9.9500,30YEAR,0,207570,35000,0,4th Week
2020-07-29,49839.651,Primary Market,July-29-2020,29-07-2020 91DAY,3722,October-29-2020,Sales,49839.651,1.0000-9.0000,1.2,Slop,NTB,1.0000-1.2000,91DAY,0,94386.339,49839.651,1.2036,4th Week
2020-07-29,54592.585,Primary Market,July-29-2020,29-07-2020 182DA,3723,January-28-2021,Sales,54592.585,1.5000-3.010,1.5,Slop,NTB,1.5000-1.5000,182DAY,0,158786.602,54592.585,1.5113,4th Week
2020-07-29,161522.566,Primary Market,July-29-2020,29-07-2020 364DAY,3724,July-01-2021,Sales,161522.566,2.7000-3.4000,3.4,Slop,NTB,2.7000-3.4000,364DAY,0,215093.647,161522.566,3.5193,4th Week
2020-08-12,19783.588,Primary Market,August-12-2020,12-08-2020-91DAY,3725,November-12-2020,Sales,19783.588,1.0000-1.8661,1.2,Slop,NTB,1.0000-1.2000,91DAY,0,30607.538,19783.588,1.2036,2nd Week
2020-08-12,10000,OMO,August-12-2020,12-08-2020 182DAY,3726,February-11-2021,Sales,10000,0.01,1.389,Slop,NTB,0.0100-1.3890,182DAY,0,31110.868,10000,1.3897,2nd Week
2020-08-12,27000,Primary Market,August-12-2020,12-08-2020 364DAY,3727,August-12-2021,Sales,27000,2.9000-3.1999,3.1999,Slop,NTB,2.9000-3.1999,364DAY,0,56469.516,27000,3.3054,2nd Week
2020-08-13,10000,OMO,August-13-2020,13-08-2020 103DAY,3728,November-24-2020,Sales,5560,3.9500-4.9200,4.92,Slop,OMO,3.9500-4.9200,103DAY,0,5560,5560,4.9893,2nd Week
2020-08-13,10000,OMO,August-13-2020,13-08-2020 173DAY,3729,February-02-2021,Sales,9800,5.7900-7.7400,7.74,Slop,OMO,5.7900-7.7400,173DAY,0,9800,9800,8.0348,2nd Week
2020-08-13,30000,OMO,August-13-2020,13-08-2020 362DAY,3730,August-10-2021,Sales,30000,6.9900-8.9400,8.94,Slop,OMO,6.9900-8.9400,362DAY,0,79080,30000,9.8098,2nd Week
2020-08-19,25000,Primary Market,August-19-2020,19-08-2020 10YEAR,3777,January-22-2026,Sales,25420,5.2300-12.5000,6.7,Issue,FGN BONDS,5.2300-6.7000,10YEAR,0,32680,25420,0,3rd Week
2020-08-19,40000,Primary Market,August-19-2020,19-08-2020 15YEAR,3778,March-27-2035,Sales,21450,8.0000-12.0000,9.35,Issue,FGN BONDS,8.0000-9.3500,15YEAR,0,48820,21450,0,3rd Week
2020-08-19,45000,Primary Market,August-19-2020,19-08-2020 25YEAR,3779,July-24-2045,Sales,16090,6.0000-13.2500,9.75,Issue,FGN BONDS,6.0000-9.7500,25YEAR,0,46440,16090,0,3rd Week
2020-08-19,40000,Primary Market,August-19-2020,19-08-2020 30YEAR,3780,March-27-2050,Sales,53690,8.5000-12.1500,9.9,Issue,FGN BONDS,8.5000-9.9000,30YEAR,0,114290,53690,0,3rd Week
2020-08-20,15000,OMO,August-20-2020,8-20-2020 96DAY,3821,November-24-2020,Sales,7500,4.8600 - 4.9000,4.9,Issue,OMO,4.8600 - 4.9000,96DAY,0,7500,7500,0,3rd Week
2020-08-20,15000,OMO,August-20-2020,8-20-2020 180DAY,3822,February-16-2021,Sales,15000,7.6800 - 7.7100,7.71,Issue,OMO,7.6800 - 7.7100,180DAY,0,21000,15000,0,3rd Week
2020-08-20,50000,OMO,August-20-2020,8-20-2020 355DAY,3823,August-10-2021,Sales,50000,8.4990 - 8.9400,8.94,Issue,OMO,8.4990 - 8.9400,355DAY,0,90124.4,50000,0,3rd Week
2020-08-26,20372.79,Primary Market,August-26-2020,26-08-2020 91DAY,3746,November-26-2020,Sales,20372.79,1.0000-1.5999,1.145,Slop,NTB,1.0000-1.1450,91DAY,0,31184.797,20372.79,3.368,4th Week
2020-08-26,31751.846,Primary Market,August-26-2020,26-08-2020 182DAY,3747,February-25-2021,Sales,55850,1.2400-3.0000,1.8,Slop,NTB,1.2400-1.8000,182DAY,0,56371.116,55850,1.5113,4th Week
2020-08-26,145475.021,Primary Market,August-26-2020,26-08-2020 364DAY,3748,August-26-2021,Sales,121376.867,2.8000-12.8000,3.34,Slop,NTB,2.8000-3.3400,364DAY,0,134365.394,121376.867,3.4551,4th Week
2020-08-27,10000,OMO,August-27-2020,27-08-2020 89DAY,3731,November-24-2020,Sales,10000,4.6800-4.8700,4.87,Slop,OMO,4.6800-4.8700,89DAY,0,20000,10000,0,4th Week
2020-08-27,10000,OMO,August-27-2020,27-08-2020 187DAY,3732,March-02-2021,Sales,10000,7.6500-76800,7.68,Slop,OMO,7.6500-7.6800,187DAY,0,10000,10000,0,4th Week
2020-08-27,80000,OMO,August-27-2020,27-08-2020 362DAY,3733,August-24-2021,Sales,77273.284,8.4000-8.9400,8.94,Issue,OMO,8.400-8.9400,362DAY,0,78773.284,77273.284,0,4th Week
2020-09-03,10000,OMO,September-03-2020,03-09-2020 82DAY,3734,November-24-2020,Sales,10000,4.7800-4.8600,4.86,Issue,OMO,4.7800-4.8600,82DAY,0,10000,10000,0,1st Week
2020-09-03,10000,OMO,September-03-2020,03-09-2020 180DAY,3735,March-02-2021,Sales,10000,7.4500-7.6800,7.68,Slop,OMO,7.4500-7.6800,180DAY,0,18000,10000,0,1st Week
2020-09-03,80000,OMO,September-03-2020,03-09-2020 355DAY,3736,August-24-2021,Sales,80000,8.4000-8.9400,8.94,Slop,OMO,8.4000-8.9400,355DAY,0,116662.834,80000,0,1st Week
2020-09-09,4405.14,Primary Market,September-09-2020,09-09-2020 91DAY,3749,December-10-2020,Sales,4405.14,1.0000-1.4666,1.1,Slop,NTB,1.0000-1.1000,91DAY,0,8620.148,4405.14,1.103,2nd Week
2020-09-09,14002.523,Primary Market,September-09-2020,09-09-2020 182DAY,3750,March-11-2021,Sales,14002.523,1.2400-2.0100,1.55,Slop,NTB,1.2400-1.5500,182DAY,0,22922.352,14002.523,1.5621,2nd Week
2020-09-09,109651.7,Primary Market,September-09-2020,09-09-2020 364DAYS,3751,September-09-2021,Sales,109651.7,2.7400-12.8000,3.05,Slop,NTB,2.7400-3.0500,364DAY,0,230864.406,109651.7,3.1457,2nd Week
2020-09-10,10000,OMO,September-10-2020,10-09-2020 75DAY,3737,November-24-2020,Sales,10000,4.8200-4.8600,4.86,Issue,OMO,4.8200-4.8600,75DAY,0,12000,10000,0,2nd Week
2020-09-10,10000,OMO,September-10-2020,10-09-2020 180DAY,3738,March-09-2021,Sales,10000,7.5900-7.6800,7.68,Issue,OMO,7.5900-7.6800,180DAY,0,35300,10000,0,2nd Week
2020-09-10,50000,OMO,September-10-2020,10-09-2020 355DAY,3739,August-31-2021,Sales,50000,8.6900-8.9000,8.9,Issue,OMO,8.6900-8.9000,355DAY,0,169450,50000,0,2nd Week
2020-09-16,2000,Primary Market,September-16-2020,16-09-2020 91DAY,3752,December-17-2020,Sales,2000,1.0000-1.3500,1.09,Slop,NTB,1.0000-1.0900,91DAY,0,3987.396,2000,1.093,3rd Week
2020-09-16,8385.196,Primary Market,September-16-2020,16-09-2020 182DAY,3753,March-18-2021,Sales,8385.196,1.2000-2.0100,1.5,Slop,NTB,1.2000-1.5000,182DAY,0,15470.858,8385.196,1.5113,3rd Week
2020-09-16,148361.351,Primary Market,September-16-2020,16-09-2020 364DAY,3754,September-16-2021,Sales,148361.351,2.2990-12.8000,3.05,Slop,NTB,2.2990-3.0500,364DAY,0,184712.172,148361.351,3.1457,3rd Week
2020-09-17,10000,OMO,September-17-2020,17-09-2020 138DAY,3740,February-02-2021,Sales,10000,4.7999-4.8600,4.86,Issue,OMO,4.7999-4.8600,138DAY,0,13560,10000,0,3rd Week
2020-09-17,10000,OMO,September-17-2020,17-09-2020 173DAY,3741,March-09-2021,Sales,10000,7.4999-7.6800,7.68,Issue,OMO,7.4999-7.6800,173DAY,0,19575,10000,0,3rd Week
2020-09-17,50000,OMO,September-17-2020,17-09-2020 355DAY,3742,September-07-2020,Sales,50000,8.5000-8.8800,8.88,Issue,OMO,8.5000-8.8800,355DAY,0,163330.87,50000,0,3rd Week
2020-09-17,10000,OMO,September-17-2020,9-17-2020 138DAY,3824,February-02-2021,Sales,10000,4.7990 - 4.8600,4.86,Issue,OMO,4.7990 - 4.8600,138DAY,0,13560,10000,0,2nd Week
2020-09-17,10000,OMO,September-17-2020,9-17-2020 173DAY,3825,March-09-2021,Sales,10000,7.4999 - 7.6800,7.68,Issue,OMO,7.4999 - 7.6800,173DAY,0,19575,10000,0,2nd Week
2020-09-17,50000,OMO,September-17-2020,9-17-2020 355DAY,3826,September-07-2021,Sales,50000,8.5000 - 8.8800,8.88,Issue,OMO,8.5000 - 8.8800,355DAY,0,163330.87,50000,0,2nd Week
2020-09-23,25000,Primary Market,September-23-2020,23-09-2020 10YEAR,3784,January-22-2026,Sales,66970,4.6800-9.0000,6,Issue,FGN BONDS,4.6800-6.0000,10YEAR,0,83830,66970,0,4th Week
2020-09-23,40000,Primary Market,September-23-2020,23-09-2020 15YEAR,3785,March-27-2035,Sales,25430,7.3000-12.5000,8.52,Issue,FGN BONDS,7.3000-8.5200,15YEAR,0,71400,25430,0,4th Week
2020-09-23,40000,Primary Market,September-23-2020,23-09-2020 25YEAR,3786,July-24-2045,Sales,6810,8.0000-10.4500,8.9,Issue,FGN BONDS,8.0000-8.9000,25YEAR,0,41060,6810,0,4th Week
2020-09-23,40000,Primary Market,September-23-2020,23-09-2020 30YEAR,3787,March-27-2050,Sales,4600,8.3300-12.5000,8.94,Issue,FGN BONDS,8.3300-8.9400,30YEAR,0,163930,4600,0,4th Week
2020-09-24,10000,OMO,September-24-2020,24-09-2020 131DAY,3743,February-02-2021,Sales,10000,3.3600-7.2500,4.77,Issue,OMO,3.3600-4.7700,131DAY,0,58000,10000,0,4th Week
2020-09-24,10000,OMO,September-24-2020,24-09-2020 166DAY,3744,March-09-2021,Sales,10000,5.1800-7.6000,7.6,Issue,OMO,5.1800-7.6000,166DAY,0,38090,10000,0,4th Week
2020-09-24,50000,OMO,September-24-2020,24-09-2020 348DAY,3745,September-07-2021,Sales,50000,6.3800-8.7000,8.7,Issue,OMO,6.3800-8.7000,348DAY,0,150615,50000,0,4th Week
2020-09-24,10000,OMO,September-24-2020,9-24-2020 131DAY,3827,February-02-2021,Sales,10000,3.3600 - 7.2500,4.77,Issue,OMO,3.3600 - 4.7700,131DAY,0,58000,10000,0,4th Week
2020-09-24,10000,OMO,September-24-2020,9-24-2020 166DAY,3828,March-09-2021,Sales,10000,5.1800 - 7.6000,7.6,Issue,OMO,5.1800 - 7.6000,166DAY,0,38090,10000,0,4th Week
2020-09-24,50000,OMO,September-24-2020,9-24-2020 348DAY,3829,September-07-2021,Sales,50000,6.3800 - 8.7000,8.7,Issue,OMO,6.3800 - 8.7000,348DAY,0,150615,50000,0,4th Week
2020-09-30,10000,Primary Market,September-30-2020,30-09-2020 91DAY,3755,December-31-2020,Sales,10000,0.9560-1.2900,1.08,Slop,NTB,09560-1.0800,91DAY,0,11766.324,10000,1.0829,5th Week
2020-09-30,17600.581,Primary Market,September-30-2020,30-09-2020 182DAY,3756,April-01-2021,Sales,17600.581,1.2500-1.7400,1.49,Slop,NTB,1.2500-1.4900,182 DAY,0,19203.731,17600.581,1.5012,5th Week
2020-09-30,86370.499,Primary Market,September-30-2020,30-09-2020 364DAY,3757,September-30-2021,Sales,106370.499,2.4800-4.2499,2.8,Slop,NTB,2.4800-2.8000,364DAY,0,317295.064,106370.499,2.8804,5th Week
2020-10-08,10000,OMO,October-08-2020,10-8-2020 117DAY,3830,February-02-2021,Sales,10000,4.2400 - 4.6900,4.59,Issue,OMO,4.2400 - 4.5900,117DAY,0,32534.69,10000,0,2nd Week
2020-10-08,10000,OMO,October-08-2020,10-8-2020 180DAY,3831,April-06-2021,Sales,10000,7.1900 - 7.5200,7.39,Issue,OMO,7.1900 - 7.3900,180DAY,0,40582.06,10000,0,2nd Week
2020-10-08,80000,OMO,October-08-2020,10-8-2020 355DAY,3832,September-28-2021,Sales,80000,8.0000 - 8.6490,8.5,Issue,OMO,8.0000 - 8.5000,355DAY,0,360729.05,80000,0,2nd Week
2020-10-14,8849.034,Primary Market,October-14-2020,14-10-2020 91DAY,3764,January-14-2021,Sales,12761.131,0.7990-1.4000,1,Issue,NTB,0.7990-1.000,91DAY,0,33036.032,12761.131,1.0025,3rd Week
2020-10-14,3500,Primary Market,October-14-2020,14-10-2020 182DAY,3765,April-15-2021,Sales,4502.889,1.0000-1.8000,1,Issue,NTB,1.0000-1.0000,182DAY,0,44734.176,4502.889,1.005,3rd Week
2020-10-14,112535.643,Primary Market,October-14-2020,14-10-2020 364DAY,3766,October-14-2021,Sales,107620.657,1.6800-3.0000,2,Issue,NTB,1.6800-2.0000,364DAY,0,540323.261,107620.657,2.0407,3rd Week
2020-10-15,10000,OMO,October-15-2020,15-10-2020 110DAY,3758,February-02-2021,Sales,10000,3.5600-4.1000,4.1,Issue,OMO,3.5600-4.1000,110DAY,0,28564.233,10000,0,3rd Week
2020-10-15,10000,OMO,October-15-2020,15-10-2020 180DAY,3759,April-13-2021,Sales,10000,6.0000-7.1000,7.1,Issue,OMO,6.0000-7.1000,180 DAY,0,50358.075,10000,0,3rd Week
2020-10-15,40000,OMO,October-15-2020,15-10-2020 362DAY,3760,October-12-2021,Sales,40000,6.4900-8.4500,8.45,Issue,OMO,6.4900-8.4500,362DAY,0,324018.355,40000,0,3rd Week
2020-10-21,15000,Primary Market,October-21-2020,21-10-2020 15YEAR,3788,March-27-2035,Sales,20000,4.0000-12.0000,4.97,Issue,FGN BONDS,4.0000-4.9700,15YEAR,0,169200,20000,0,4th Week
2020-10-21,15000,Primary Market,October-21-2020,21-10-2020 25YEAR,3789,July-24-2045,Sales,25000,4.5000-12.5000,6,Issue,FGN BONDS,4.5000-6.0000,25YEAR,0,66670,25000,0,4th Week
2020-10-22,10000,OMO,October-22-2020,22-10-2020 138DAY,3761,March-09-2021,Sales,10000,3.5000-4.0000,3.74,Issue,OMO,3.5000-3.7400,138DAY,0,28259.715,10000,0,4th Week
2020-10-22,10000,OMO,October-22-2020,22-10-2020 180DAY,3762,April-20-2021,Sales,10000,6.0000-7.0000,6.8,Issue,OMO,6.0000-6.8000,180DAY,0,46764.61,10000,0,4th Week
2020-10-22,80000,OMO,October-22-2020,22-10-2020 362DAY,3763,October-19-2021,Sales,80000,7.0000-8.3000,8,Issue,OMO,7.0000-8.0000,362DAY,0,239406.155,80000,0,4th Week
2020-10-28,49839.651,Primary Market,October-28-2020,28-10-2020 91DAY,3767,January-28-2021,Sales,7500,0.2900-2.3000,0.341,Issue,NTB,0.1800-0.3410,91DAY,0,84888.071,7500,0.3413,5th Week
2020-10-28,10615.398,Primary Market,October-28-2020,28-10-2020 182DAY,3768,October-28-2021,Sales,6000,0.4000-1.2990,0.5,Issue,NTB,0.4000-0.5000,182DAY,0,41641.448,6000,0.5012,5th Week
2020-10-28,93915.151,Primary Market,October-28-2020,28-10-2020 364DAY,3769,October-28-2021,Sales,140870.2,0.2900-2.3000,0.98,Issue,NTB,0.2900-0.9800,364DAY,0,694963.628,140870.2,0.9897,5th Week
2020-10-30,80000,OMO,October-30-2020,30-10-2020 361DAY,3770,October-26-2021,Sales,80000,6.1100-7.6400,7.499,Issue,OMO,6.1100-7.4990,361DAY,0,310552.505,80000,0,5th Week
2020-10-30,10000,OMO,October-30-2020,30-10-2020 179DAY,3771,April-27-2021,Sales,10000,5.9500-6.4999,6.48,Issue,OMO,5.9500-6.4800,179DAY,0,36850,10000,0,5th Week
2020-10-30,10000,OMO,October-30-2020,30-10-2020 130DAY,3772,March-09-2021,Sales,10000,2.9800-6.3000,3.48,Issue,OMO,2.9800-3.4800,130DAY,0,40000,10000,0,5th Week
2020-11-05,10000,OMO,November-05-2020,05-11-2020 124DAY,3781,March-09-2021,Sales,10000,2.4800-3.1500,3.04,Issue,OMO,2.4800-3.0400,124DAY,0,30520,10000,0,1st Week
2020-11-05,10000,OMO,November-05-2020,05-11-2020 173DAY,3782,April-27-2021,Sales,10000,5.3000-5.9900,5.99,Issue,OMO,5.3000-5.9900,173DAY,0,50830,10000,0,1st Week
2020-11-05,70000,OMO,November-05-2020,05-11-2020 341DAY,3783,October-12-2021,Sales,70000,6.0500-7.2500,7.25,Issue,OMO,6.0500-7.2500,341DAY,0,407416.546,70000,0,1st Week
2020-11-11,19783.588,Primary Market,November-11-2020,11-11-2020 91DAY,3807,November-02-2021,Sales,19783.588,0.0350-1.0000,0.035,Issue,NTB,0.0350-0.0350,91DAY,0,99855.258,19783.588,0,2nd Week
2020-11-11,40093.992,Primary Market,November-11-2020,11-11-2020 182DAY,3808,May-13-2021,Sales,10000,0.1500-1.0000,0.15,Issue,NTB,0.1500-0.1500,182DAY,0,92177.089,10000,0,2nd Week
2020-11-11,107938.478,Primary Market,November-11-2020,11-11-2020 364DAY,3809,November-11-2021,Sales,138032.47,0.1500-1.9900,0.3,Issue,NTB,0.1500-0.3000,364DAY,0,411089.728,138032.47,0,2nd Week
2020-11-12,10000,OMO,November-12-2020,12-11-2020 131DAY,3804,March-23-2021,Sales,10000,2.0500-2.8900,2.55,Issue,OMO,2.0500-2.5500,131DAY,0,26110,10000,0,2nd Week
2020-11-12,10000,OMO,November-12-2020,12-11-2020 187DAY,3805,May-18-2021,Sales,10000,4.2499-5.9900,5.99,Issue,OMO,4.2499-5.9900,187DAY,0,37510,10000,0,2nd Week
2020-11-12,50000,OMO,November-12-2020,12-11-2020 355DAY,3806,November-02-2021,Sales,50000,5.4900-7.0500,7.05,Issue,OMO,5.4900-7.0500,355DAY,0,343720,50000,0,2nd Week
2020-11-12,10000,OMO,November-12-2020,11-12-2020 131DAY,3836,March-23-2021,Sales,10000,2.0500 - 2.8900,2.55,Issue,OMO,2.3500 - 2.5500,131DAY,0,26110,10000,0,2nd Week
2020-11-12,10000,OMO,November-12-2020,11-12-2020 187DAY,3837,May-18-2021,Sales,10000,4.2499 - 5.9900,5.99,Issue,OMO,5.1000 - 5.9900,187DAY,0,37508,10000,0,2nd Week
2020-11-12,50000,OMO,November-12-2020,11-12-2020 355DAY,3838,November-02-2021,Sales,50000,5.4990 - 7.0500,7.05,Issue,OMO,6.2500 - 7.0500,355DAY,0,343718.275,50000,0,2nd Week
2020-11-18,40000,Primary Market,November-18-2020,11-18-2020 15YEAR,3839,March-27-2035,Sales,40000,3.1500-9.5000,5,Issue,FGN BOND,3.1500-5.0000,15 YEAR,0,87700,40000,0,3rd Week
2020-11-18,40000,Primary Market,November-18-2020,11-18-2020 25YEAR,3840,July-24-2045,Sales,40000,3.9500-9.0000,5.785,Issue,FGN BOND,3.9500-5.7850,25 YEAR,0,97040,40000,0,3rd Week
2020-11-19,10000,OMO,November-19-2020,11-19-2020 124DAY,3833,March-23-2021,Sales,10000,2.0000 - 2.5000,2.44,Issue,OMO,2.0400 - 2.4400,124DAY,0,26932,10000,0,3rd Week
2020-11-19,10000,OMO,November-19-2020,11-19-2020 180DAY,3834,May-18-2021,Sales,10000,4.2499 - 5.8800,5.48,Issue,OMO,5.1000 - 5.4800,180DAY,0,36486.5,10000,0,3rd Week
2020-11-19,70000,OMO,November-19-2020,11-19-2020 362DAY,3835,November-16-2021,Sales,70000,6.1500 - 7.0500,6.75,Issue,OMO,6.1500 - 6.7500,362DAY,0,360104.235,70000,0,3rd Week
2020-11-25,20372.79,Primary Market,November-25-2020,11-25-2020 91DAY,3841,February-25-2021,Sales,20372.79,0.0001-0.6500,0.0215,Issue,NTB,0.0001-0.0215,91DAY,0,57297.849,20372.79,0,4th Week
2020-11-25,19157.656,Primary Market,November-25-2020,11-25-2020 182DAY,3842,May-27-2021,Sales,19157.656,0.0100-1.1499,0.09,Issue,NTB,0.0100-0.0900,182DAY,0,54805.16,19157.656,0,4th Week
2020-11-25,111071.723,Primary Market,November-25-2020,11-25-2020 364DAY,3843,November-25-2021,Sales,111071.723,0.300-25.0000,0.15,Issue,NTB,0.300-0.1500,364DAY,0,333834.247,111071.723,0,4th Week
2020-12-03,10000,OMO,December-03-2020,12-03-2020 124DAY,3844,April-06-2021,Sales,4000,1.8500-2.1300,1.99,Slop,OMO,1.8500-1.9900,124DAY,0,17040.839,4000,0,1st Week
2020-12-03,10000,OMO,December-03-2020,12-03-2020 194DAY,3845,June-15-2021,Sales,6000,4.4990-4.9900,4.85,Slop,OMO,4.4990-4.8500,194DAY,0,31260.5,6000,0,1st Week
2020-12-03,50000,OMO,December-03-2020,12-03-2020 362DAY,3846,November-30-2021,Sales,50000,5.9000-7.4400,6.245,Issue,OMO,5.9000-6.2450,362DAY,0,321118.872,50000,0,1st Week
2020-12-10,10000,OMO,December-10-2020,12-10-2020 117DAY,3847,April-06-2021,Sales,10000,1.6300-5.0000,1.85,Issue,OMO,1.6300-1.8500,117DAY,0,22390,10000,0,2nd Week
2020-12-10,10000,OMO,December-10-2020,12-10-2020 187DAY,3848,June-15-2021,Sales,10000,4.3900-4.7000,4.7,Issue,OMO,4.3900-4.7000,187DAY,0,23900,10000,0,2nd Week
2020-12-10,50000,OMO,December-10-2020,12-10-2020 362DAY,3850,December-07-2021,Sales,50000,5.7900-9.2500,6.15,Issue,OMO,5.7900-6.1500,362DAY,0,268290,50000,0,2nd Week
2020-12-16,2000,Primary Market,December-16-2020,12-16-2020 91DAY,3851,March-18-2021,Sales,1500,0.0090-1.8000,0.048,Issue,NTB,0.0090-0.0480,91DAY,0,18213.391,1500,0.048,3rd Week
2020-12-16,2000,Primary Market,December-16-2020,12-16-2020 182DAY,3852,June-17-2021,Sales,1700,0.0300-2.9800,0.5,Issue,NTB,0.0300-0.5000,182DAY,0,10266.851,1700,0.5012,3rd Week
2020-12-16,3000,Primary Market,December-16-2020,12-16-2020 364DAY,3853,December-16-2021,Sales,3800,0.4900-10.0000,1.139,Issue,NTB,0.4900-1.1390,364DAY,0,93046.267,3800,1.1521,3rd Week
2020-12-16,30000,Primary Market,December-16-2020,12-16-2020 15 YEAR,3866,March-27-2035,Sales,20000,5.0000-13.0000,6.945,Issue,FGN BOND,5.0000-6.9450,15 YEAR,0,90890,20000,0,3rd Week
2020-12-16,30000,Primary Market,December-16-2020,12-16-2020 25 YEAR,3867,July-24-2045,Sales,10000,5.7850-12.5000,7,Issue,FGN BOND,5.7850-7.0000,25 YEAR,0,43170,10000,0,3rd Week
2020-12-17,10000,OMO,December-17-2020,12-17-2020 96DAY,3854,March-23-2021,Sales,10000,1.4900-2.0000,1.65,Issue,OMO,1.4900-1.6500,96DAY,0,25174.786,10000,0,3rd Week
2020-12-17,10000,OMO,December-17-2020,12-17-2020 180DAY,3855,June-15-2021,Sales,10000,4.2000-4.5000,4.5,Issue,OMO,4.2000-4.5000,180DAY,0,33374.786,10000,0,3rd Week
2020-12-17,40000,OMO,December-17-2020,12-17-2020 362DAY,3856,December-14-2021,Sales,40000,5.6500-6.0000,6,Issue,OMO,5.6500-6.0000,362DAY,0,302182.949,40000,0,3rd Week
2020-12-24,10000,OMO,December-24-2020,12-24-2020 89DAY,3857,March-23-2021,Sales,10000,1.3500-1.6100,1.61,Issue,OMO,1.3500-1.6100,89DAY,0,29000,10000,0,4th Week
2020-12-24,10000,OMO,December-24-2020,12-24-2020 173DAY,3858,June-15-2021,Sales,10000,4.1500-4.5990,4.45,Issue,OMO,4.1500-4.4500,173DAY,0,34347.557,10000,0,4th Week
2020-12-24,40000,OMO,December-24-2020,12-24-2020 362DAY,3859,December-21-2021,Sales,40000,5.3500-6.0000,5.9,Issue,OMO,5.3500-5.9000,362DAY,0,218788.996,40000,0,4th Week
2020-12-30,44837.72,Primary Market,December-30-2020,12-30-2020 364DAY,3860,December-30-2021,Sales,44837.72,0.5110-4.2990,1.21,Issue,NTB,0.5110-1.2100,364DAY,0,111970.11,44837.72,1.2248,5th Week
2020-12-30,20000,Primary Market,December-30-2020,12-30-2020 182DAY,3861,July-01-2021,Sales,20000,0.2000-2.4000,0.5,Issue,NTB,0.2000-0.5000,182DAY,0,28899.43,20000,0.5012,5th Week
2020-12-30,10000,Primary Market,December-30-2020,12-30-2020 91DAY,3862,April-01-2021,Sales,10000,0.025-1.800,0.035,Issue,NTB,0.0250-0.0350,91 DAY,0,30554.891,10000,0.035,5th Week
2020-12-31,60000,OMO,December-31-2020,12-31-2020 362DAY,3863,December-28-2021,Sales,60000,5.4500-5.8000,5.8,Issue,OMO,5.4500-5.8000,362DAY,0,339823.936,60000,0,5th Week
2020-12-31,10000,OMO,December-31-2020,12-31-2020 187DAY,3864,July-06-2021,Sales,10000,4.1000-4.3900,4.39,Issue,OMO,4.1000-4.3900,187DAY,0,52820.225,10000,0,5th Week
2020-12-31,10000,OMO,December-31-2020,12-31-2020 96DAY,3865,April-06-2021,Sales,10000,1.3900-1.5600,1.56,Issue,OMO,1.3900-1.5600,96DAY,0,42920.225,10000,0,5th Week
2021-01-07,10000,OMO,January-07-2021,01-07-2021 96DAY,3868,April-13-2021,Sales,10000,1.2800-1.5100,1.51,Issue,OMO,1.2800-1.5100,96 DAY,0,57767,10000,0,1st Week
2021-01-07,10000,OMO,January-07-2021,01-07-2021 180DAY,3869,July-06-2021,Sales,10000,3.9990-4.3400,4.34,Issue,OMO,3.9990-4.3400,180 DAY,0,81042,10000,0,1st Week
2021-01-07,40000,OMO,January-07-2021,01-07-2021 362DAY,3870,January-04-2022,Sales,40000,4.9500-5.7400,5.74,Issue,OMO,4.9500-5.7400,362 DAYS,0,539813,40000,0,1st Week
2021-01-13,12761.13,Primary Market,January-13-2021,01-13-2021 91DAY,3871,April-05-2021,Sales,15915.25,0.0300-1.9900,0.5,Issue,NTB,0.0300-0.5000,91 DAY,0,23572.25,15915.25,0.5006,3rd Week
2021-01-13,26600,Primary Market,January-13-2021,01-13-2021 182DAY,3872,July-15-2021,Sales,25372.32,0.3800-2.7550,1,Issue,NTB,0.3800-1.0000,182DAY,0,30626.32,25372.32,1.005,3rd Week
2021-01-13,193000,Primary Market,January-13-2021,01-13-2021 364DAY,3873,January-13-2022,Purchases,65931.72,0.8000-7.0000,1.5,Issue,NTB,0.8000-1.5000,364DAY,125141.83,231928.72,65931.72,1.5228,3rd Week
2021-01-14,10000,OMO,January-14-2021,01-14-2021 96DAY,3874,April-20-2021,Sales,10000,1.2300-1.5100,1.51,Issue,OMO,1.2300-1.5100,96 DAY,0,38851,10000,0,3rd Week
2021-01-14,10000,OMO,January-14-2021,01-14-2021 180DAY,3875,July-13-2021,Sales,10000,3.9990-4.4000,4.34,Issue,OMO,3.9990-4.4000,180 DAY,0,77839,10000,0,3rd Week
2021-01-14,60000,OMO,January-14-2021,01-14-2021 362DAY,3876,January-11-2022,Sales,60000,5.1900-5.7400,5.74,Issue,OMO,5.1900-5.7400,362DAY,0,502758.36,60000,0,3rd Week
2021-01-20,50000,Primary Market,January-20-2021,01-20-2021 10YEAR,3892,March-17-2027,Sales,49400,5.7000-16.0000,7.98,Issue,FGN BONDS,5.7000-7.9800,10YEAR,0,91840,49400,0,3rd Week
2021-01-20,50000,Primary Market,January-20-2021,01-20-2021 15YEAR,3893,March-27-2035,Sales,57930,7.5000-15.0000,8.74,Issue,FGN BONDS,7.5000-8.7400,15YEAR,0,106370,57930,0,3rd Week
2021-01-20,50000,Primary Market,January-20-2021,01-20-2021 25YEAR,3894,July-24-2045,Sales,15030,4.4000-12.5000,8.95,Issue,FGN BONDS,4.4000-8.9500,25YEAR,0,40070,15030,0,3rd Week
2021-01-21,20000,OMO,January-21-2021,21-01-2021 103DAY,3877,May-04-2021,Sales,20000,1.2990-2.0000,1.51,Issue,OMO,1.2990-1.5100,103DAY,0,51051,20000,0,4th Week
2021-01-21,20000,OMO,January-21-2021,21-01-2021 180DAY,3878,July-20-2021,Sales,20000,4.1900-4.3400,4.34,Issue,OMO,4.1900-4.3400,180DAY,0,79839,20000,0,4th Week
2021-01-21,130000,OMO,January-21-2021,21-01-2021 362DAY,3879,January-18-2022,Sales,88410,5.2000-5.7400,5.74,Issue,OMO,5.2000-5.7400,362DAY,0,569354.745,88410,0,4th Week
2021-01-27,7500,Primary Market,January-27-2021,01-27-2021 91DAY,3883,April-29-2021,Sales,11388.75,0.3480-2.4099,0.55,Issue,NTB,0.3480-0.5500,91 DAY,0,20181.13,11388.75,0.5508,5th Week
2021-01-27,54592.58,Primary Market,January-27-2021,01-27-2021 182DAY,3884,July-29-2021,Purchases,47476.88,0.9400-5.000,1.3,Issue,NTB,0.9400-1.3000,182DAY,0,55982.89,47476.88,1.3085,5th Week
2021-01-27,125203.92,Primary Market,January-27-2021,01-27-2021 364DAY,3885,January-27-2022,Purchases,123113.73,1.0000-12.9900,2,Issue,NTB,1.0000-2.0000,364DAY,0,213449.73,123113.73,2.0407,5th Week
2021-01-28,20000,OMO,January-28-2021,28-01-2021 89DAY,3880,April-27-2021,Sales,20000,1.4300-1.5100,1.51,Issue,OMO,1.4300-1.5100,89DAY,0,29500,20000,0,4th Week
2021-01-28,20000,OMO,January-28-2021,28-01-2021 180 DAY,3881,July-27-2021,Sales,15000,4.1600 – 6.3400,4.34,Issue,OMO,4.1600 – 4.3400,180DAY,0,17000,15000,0,4th Week
2021-01-28,110000,OMO,January-28-2021,28-01-2021 362DAY,3882,January-25-2022,Sales,110000,5.5990 – 8.9800,5.74,Issue,OMO,5.5990 – 5.7400,362 DAY,0,148290,110000,0,4th Week
2021-02-10,19783.588,Primary Market,February-10-2021,02-10-2021 91DAY,3886,May-13-2021,Sales,24670.42,0.5000-7.9000,1,Issue,NTB,0.5000-1.0000,91DAY,0,30618.164,24670.42,1.0025,2nd Week
2021-02-10,10000,Primary Market,February-10-2021,02-10-2021 182DAY,3887,August-12-2021,Sales,16056.994,1.0000-10.0000,2,Issue,NTB,1.0000-2.0000,182DAY,0,21891.294,16056.994,2.0201,2nd Week
2021-02-10,140000,Primary Market,February-10-2021,02-10-2021 364DAY,3888,February-10-2022,Sales,90148.205,1.1200-12.0000,4,Issue,NTB,1.1200-4.0000,364DAY,0,146189.805,90148.205,4.1662,2nd Week
2021-02-11,10000,OMO,February-11-2021,02-11-2021 96DAY,3889,May-18-2021,Sales,10000,6.5000-9.5000,7,Issue,OMO,6.5000-7.0000,96DAY,0,36780.184,10000,0,2nd Week
2021-02-11,20000,OMO,February-11-2021,02-11-2021 187DAY,3890,August-17-2021,Sales,19000,8.4800-12.0000,8.5,Issue,OMO,8.4800-8.5000,187DAY,0,46250,19000,0,2nd Week
2021-02-11,140000,OMO,February-11-2021,02-11-2021 362DAY,3891,February-08-2022,Sales,140000,10.0000-13.5000,10.1,Issue,OMO,10.0000-10.1000,362DAY,0,232286.311,140000,0,2nd Week
2021-02-17,50000,Primary Market,February-17-2021,02-17-2021 10YEAR,3895,March-17-2027,Sales,33620,8.1441-13.0000,10.25,Issue,FGN BONDS,8.1441-10.2500,10YEAR,0,77050,33620,0,3rd Week
2021-02-17,50000,Primary Market,February-17-2021,02-17-2021 15YEAR,3896,March-27-2035,Sales,28900,10.0000-13.5000,11.25,Issue,FGN BONDS,10.0000-11.2500,15YEAR,0,72330,28900,0,3rd Week
2021-02-17,50000,Primary Market,February-17-2021,02-17-2021 25YEAR,3897,July-24-2045,Sales,18030,10.0000-15.0000,11.8,Issue,FGN BONDS,10.0000-11.8000,25YEAR,0,40130,18030,0,3rd Week
2021-02-18,20000,OMO,February-18-2021,02-18-2021 89DAY,3898,May-18-2021,Sales,20000,6.9600-7.0000,7,Issue,OMO,6.9600-7.0000,89DAY,0,52680.184,20000,0,3rd Week
2021-02-18,20000,OMO,February-18-2021,02-18-2021 180DAY,3899,August-17-2021,Sales,20000,8.0000-8.5000,8.5,Issue,OMO,8.0000-8.50000,180DAY,0,54400,20000,0,3rd Week
2021-02-18,140000,OMO,February-18-2021,02-18-2021 362DAY,3900,February-15-2022,Sales,140000,10.0000-12.5000,10.1,Issue,OMO,10.0000-10.1000,362DAY,0,350732.957,140000,0,3rd Week
2021-02-24,20372.79,Primary Market,February-24-2021,02-24-2021 91DAY,3913,May-27-2021,Sales,24175.79,0.9500-8.000,2,Issue,NTB,0.9500-2.0000,91 DAY,0,20372.79,24175.79,2.0099,4th Week
2021-02-24,55850,Primary Market,February-24-2021,02-24-2021 182DAY,3914,August-26-2021,Purchases,32705.313,1.8000-9.5000,3.5,Issue,NTB,1.8000-3.5000,182DAY,0,40058.313,32705.313,3.5622,4th Week
2021-02-24,51995.029,Primary Market,February-24-2021,02-24-2021 364DAY,3915,February-24-2022,Sales,90376.116,2.9300-10.5000,5.5,Issue,NTB,2.9300-10.5000,364DAY,0,124417.721,90376.116,5.8192,4th Week
2021-02-25,50000,OMO,February-25-2021,25-2-2021 96Day,3901,June-01-2021,Sales,45464.159,6.9600 – 7.0000,7,Slop,OMO,6.9600 – 7.0000,96 Days,0,45464.159,45464.159,0,4th Week
2021-02-25,50000,OMO,February-25-2021,25-02-202 173Day,3902,August-17-2021,Sales,50000,8.4600 – 8.5000,8.5,Slop,OMO,8.4600 – 8.5000,173 day,0,54056.158,50000,0,4th Week
2021-02-25,230000,Primary Market,February-25-2021,25-02-2021 362day,3903,February-22-2022,Sales,230000,10.0000 – 12.5000,10.1,Slop,OMO,10.0000 – 10.1000,362DAY,0,504978.658,230000,0,4th Week
2021-03-04,10000,OMO,March-04-2021,4-03-2021 89Day,3905,June-01-2021,Sales,10000,6.9000-7.0000,7,Slop,OMO,6.9000-7.0000,89Day,0,35000,10000,0,1st Week
2021-03-04,10000,OMO,March-04-2021,04-03-2021 187Day,3906,September-07-2021,Sales,10000,7.9800-8.5000,8.5,Slop,OMO,7.9800-8.5000,187Day,0,57586.87,10000,0,1st Week
2021-03-04,70000,OMO,March-04-2021,04-03-2021  362Day,3909,March-01-2022,Sales,70000,9.9900-10.1000,10.1,Slop,OMO,9.9900-10.1000,362Day,0,361016.463,70000,0,1st Week
2021-03-10,4405.14,Primary Market,March-10-2021,03-10-2021 91DAY,3916,June-10-2021,Sales,4744.287,1.7500-8.0000,2,Issue,NTB,1.7500-2.0000,91 DAY,0,18385.805,4744.287,2.01,2nd Week
2021-03-10,14002.52,Primary Market,March-10-2021,03-10-2021 182DAY,3917,September-09-2021,Sales,23454.545,3.0000-9.5000,3.5,Issue,NTB,3.0000-3.5000,182DAY,0,53025.041,23454.545,3.5622,2nd Week
2021-03-10,70501.216,Primary Market,March-10-2021,03-10-2021 364DAY,3918,March-10-2022,Sales,80570.597,4.5000-10.5000,6.5,Issue,NTB,4.5000-6.5000,364DAY,0,125443.597,80570.597,6.9505,2nd Week
2021-03-11,10000,OMO,March-11-2021,03-11-2021 96DAY,3910,June-15-2021,Sales,10000,6.8500-7.0000,7,Slop,OMO,6.8500-7.0000,96 DAY,0,37120,10000,0,2nd Week
2021-03-11,10000,OMO,March-11-2021,03-11-2021 180DAY,3911,September-07-2021,Sales,10000,7.9800-8.5000,8.5,Slop,OMO,7.9000-8.5000,180 DAY,0,40608,10000,0,2nd Week
2021-03-11,40000,OMO,March-11-2021,03-11-2021 362DAY,3912,March-08-2022,Sales,40000,9.9700-10.1000,10.1,Slop,OMO,9.9700-10.1000,362DAY,0,260757.403,40000,0,2nd Week
2021-03-17,1500,Primary Market,March-17-2021,03-17-2021 91DAY,3919,June-17-2021,Sales,2523.738,1.8900-8.0000,2,Issue,NTB,1.8900-2.000,91 DAY,0,6729.74,2523.738,2.01,3rd Week
2021-03-17,8385.196,Primary Market,March-17-2021,03-17-2021 182DAY,3920,September-16-2021,Purchases,5913.188,3.0000-9.0000,3.5,Issue,NTB,3.0000-3.5000,182DAY,0,10631.977,5913.188,3.5622,3rd Week
2021-03-17,8385.196,Primary Market,March-17-2021,03-17-2021 182DAY,3921,September-16-2021,Purchases,5913.188,3.0000-9.0000,3.5,Issue,NTB,3.0000-3.5000,182DAY,0,10631.977,5913.188,3.5622,3rd Week
2021-03-17,37176.061,Primary Market,March-17-2021,03-17-2021 364DAY,3922,March-17-2022,Sales,53464.249,5.9990-11.2999,7,Issue,NTB,5.9990-7.0000,364DAY,0,99490.759,53464.249,7.5253,3rd Week
2021-03-18,28000,OMO,March-18-2021,03-18-2021 96DAY,3923,June-22-2021,Sales,10000,6.9700-7.0000,7,Slop,OMO,6.9700-7.0000,96 DAY,0,28000,10000,0,3rd Week
2021-03-18,20000,OMO,March-18-2021,03-18-2021 180DAY,3924,September-14-2021,Sales,20000,8.4700-8.5000,8.5,Slop,OMO,8.4700-8.5000,180DAY,0,36500,20000,0,3rd Week
2021-03-18,70000,OMO,March-18-2021,03-18-2021 362DAY,3925,March-15-2022,Sales,70000,10.0000-10.1000,10.1,Slop,OMO,10.0000-10.1000,362DAY,0,283997.688,70000,0,3rd Week
2021-03-24,50000,Primary Market,March-24-2021,03-24-2021 10YEAR,3926,March-17-2027,Sales,44010,9.9500 - 13.0000,10.5,Issue,FGN BOND,9.9500-10.5000,10 YEAR,0,65250,44010,0,4th Week
2021-03-24,50000,Primary Market,March-24-2021,03-24-2021 15YEAR,3927,March-27-2035,Sales,86290,10.9500-13.5000,11.5,Issue,FGN BOND,10.9500-11.5000,15 YEAR,0,110190,86290,0,4th Week
2021-03-24,50000,Primary Market,March-24-2021,03-24-2021 25YEAR,3928,July-24-2045,Sales,131800,9.0000-14.5000,12,Issue,FGN BOND,9.0000-12.0000,25 YEAR,0,158040,131800,0,4th Week
2021-03-25,5000,OMO,March-25-2021,03-25-2021 89DAY,3929,June-22-2021,Sales,5000,6.9700-7.0000,7,Slop,OMO,6.9700-7.0000,89 DAY,0,12000,5000,0,4th Week
2021-03-25,10000,OMO,March-25-2021,03-25-2021 173DAY,3930,September-14-2021,Sales,10000,8.4000-8.5000,8.5,Slop,OMO,8.4000-8.5000,173 DAY,0,48250,10000,0,4th Week
2021-03-25,25000,OMO,March-25-2021,03-25-2021 355DAY,3931,March-15-2022,Sales,25000,9.9000-10.1000,10.1,Slop,OMO,9.9000-10.1000,355 DAY,0,208859.58,25000,0,4th Week
2021-03-31,10000,OMO,March-31-2021,31-03-2021 97DAY,3932,July-06-2021,Sales,10000,6.9000-7.0000,7,Slop,OMO,6.9000-7.0000,97DAY,0,33500,10000,0,5th Week
2021-03-31,20000,OMO,March-31-2021,31-03-2021 181DAY,3933,September-28-2021,Sales,20000,8.4000-8.5000,8.5,Slop,OMO,8.4000-8.5000,181 DAY,0,48152.221,20000,0,5th Week
2021-03-31,70000,OMO,March-31-2021,31-03-2021 342DAY,3934,March-08-2022,Sales,70000,10.0000-10.1000,10.1,Slop,OMO,10.0000-10.1000,342DAY,0,245129.872,70000,0,5th Week
2021-03-31,10000,Primary Market,March-31-2021,03-31-2021 91DAY,3935,July-01-2021,Sales,2878.85,1.9800-7.0000,2,Issue,NTB,1.9800-2.0000,91 DAYS,0,9420.622,2878.85,0,5th Week
2021-03-31,17600.581,Primary Market,March-31-2021,03-31-2021 182DAY,3936,September-30-2021,Sales,3240.389,3.4899-8.5000,3.5,Issue,NTB,3.4899-3.5000,182 DAYS,0,12736.025,3240.389,0,5th Week
2021-03-31,68080.464,Primary Market,March-31-2021,03-31-2021 364DAY,3937,March-31-2022,Sales,138711.877,6.0000-11.2999,8,Issue,NTB,6.0000-80000,364 DAYS,0,190429.88,138711.877,0,5th Week
2021-04-08,5000,OMO,April-08-2021,04-08-2021 96Day,3938,July-13-2021,Sales,5000,6.9000-7.0000,7,Issue,OMO,6.9000-7.0000,96Day,0,16750,5000,0,2nd Week
2021-04-08,5000,OMO,April-08-2021,04-08-2021 173Day,3939,September-28-2021,Sales,5000,8.4000-8.5000,8.5,Issue,OMO,8.4000-8.5000,173Day,0,20950,5000,0,2nd Week
2021-04-08,10000,OMO,April-08-2021,04-08-2021 341Day,3940,March-15-2022,Sales,10000,10.0000-10.1000,10.1,Issue,OMO,10.0000-10.1000,341Day,0,66830,10000,0,2nd Week
2021-04-14,15915.252,Primary Market,April-14-2021,04-14-2021 91Day,3941,July-15-2021,Sales,12459.707,2.0000-8.0000,2,Issue,NTB,2.0000-2.0000,91 Day,0,15870.708,12459.707,0,3rd Week
2021-04-14,45020.889,Primary Market,April-14-2021,04-14-2021 182Day,3942,October-14-2021,Sales,87990.752,3.4500-9.0000,3.5,Issue,NTB,3.4500-3.5000,182 Day,0,13939.253,87990.752,0,3rd Week
2021-04-14,491410.302,Primary Market,April-14-2021,04-14-2021 364Day,3943,April-14-2022,Sales,132120.467,7.5000-13.0000,9,Issue,NTB,7.5000-9.0000,364 Day,0,217586.83,132120.467,0,3rd Week
2021-04-15,5000,OMO,April-15-2021,04-15-2021 89Day,3944,July-13-2021,Sales,5000,6.9000-7.0000,7,Issue,OMO,6.9000-7.0000,89 Day,0,18370,5000,0,3rd Week
2021-04-15,5000,OMO,April-15-2021,04-15-2021 187Day,3945,October-19-2021,Sales,5000,8.4000-8.5000,8.5,Issue,OMO,8.4000-8.5000,187 Day,0,16030,5000,0,3rd Week
2021-04-15,10000,OMO,April-15-2021,04-15-2021 362Day,3946,April-12-2022,Sales,10000,10.0500-11.0000,10,Issue,OMO,10.0500-10.0000,362 Day,0,57840,10000,0,3rd Week
2021-04-21,50000,Primary Market,April-21-2021,21-04-2021 10YEAR,3990,March-17-2027,Sales,65470,10.5000-16.0000,12.25,Issue,FGN BOND,10.5000-12.2500,10 YEAR,0,34690,65470,0,4th Week
2021-04-21,50000,Primary Market,April-21-2021,21-04-2021 15YEAR,3991,March-27-2035,Sales,112780,7.2000-16.0000,13.34,Issue,FGN BOND,7.2000-13.3400,15 YEAR,0,56130,112780,0,4th Week
2021-04-21,50000,Primary Market,April-21-2021,21-04-2021 25YEAR,3993,July-24-2045,Sales,962020,11.9000-16.0000,13.85,Issue,FGN BOND,11.9000-13.8500,25 YEAR,0,174860,962020,0,4th Week
2021-04-22,5000,OMO,April-22-2021,04-22-2021 96Day,3947,July-27-2021,Sales,1843.905,6.9000-7.0000,6.9,Issue,OMO,6.9000-6.9000,96DAY,0,1843.905,1843.905,0,4th Week
2021-04-22,5000,OMO,April-22-2021,04-22-2021 187Day,3948,October-26-2021,Sales,1000,8.4000-8.5000,8.48,Issue,OMO,8.4000-8.4800,187Day,0,1000,1000,0,4th Week
2021-04-22,10000,OMO,April-22-2021,04-22-2021 355Day,3949,April-12-2022,Sales,10000,10.0000-13.0000,10.1,Issue,OMO,10.0000-10.1000,355Day,0,18438.295,10000,0,4th Week
2021-04-28,11388.756,Primary Market,April-28-2021,04-28-2021 91Day,3950,July-29-2021,Sales,71930.228,1.9900-10.0000,2,Issue,NTB,1.9900-2.0000,91 Day,0,10533.524,71930.228,0,5th Week
2021-04-28,6000,Primary Market,April-28-2021,04-28-2021 182 Day,3951,October-28-2021,Sales,6000,3.4900-12.0000,3.5,Issue,NTB,3.4900-3.5000,182 Day,0,90520.002,6000,0,5th Week
2021-04-28,7100.074,Primary Market,April-28-2021,04-28-2021 364Day,3952,April-28-2022,Sales,1160.0268,8.8943-15.0000,9.75,Issue,NTB,8.8943-9.7500,364 Day,0,2230.354,1160.0268,0,5th Week
2021-04-29,5000,OMO,April-29-2021,04-29-2021 96Day,3953,August-03-2021,Sales,5000,6.7900-7.0000,7,Issue,OMO,6.7900-7.0000,96 Day,0,6000,5000,0,5th Week
2021-04-29,5000,OMO,April-29-2021,04-29-2021 180Day,3954,October-26-2021,Sales,5000,8.4000-8.5000,8.5,Issue,OMO,8.4000-8.5000,180 Day,0,6000.01,5000,0,5th Week
2021-04-29,10000,OMO,April-29-2021,04-29-2021 348Day,3955,April-12-2022,Sales,10000,10.0000-10.1000,10.1,Issue,OMO,10.0000-10.1000,348 Day,0,35000.03,10000,0,5th Week
2021-05-06,5000,OMO,May-06-2021,5-6-2021 89 Day,3956,March-08-2021,Sales,4310,6.7900-7.0000,7,Issue,OMO,6.7900-7.0000,89 Day,0,4310,4310,0,1st Week
2021-05-06,5000,OMO,May-06-2021,5-6-2021 180 Day,3957,November-02-2021,Sales,3800,8.5000-8.7500,8.5,Issue,OMO,8.5000-8.5000,180 Day,0,3800,3800,0,1st Week
2021-05-06,10000,OMO,May-06-2021,05-06-2021 348 Day,3958,April-19-2022,Sales,8950,10.0500-11.9900,10.1,Issue,OMO,10.0500-10.1000,348 Day,0,14300,8950,0,1st Week
2021-05-14,24670.42,Primary Market,May-14-2021,05-14-2021 91DAY,3959,August-12-2021,Purchases,8435.074,1.9500-5.0000,2.5,Issue,NTB,1.9500-2.5000,91 DAY,0,8933.579,8435.074,2.5157,2nd Week
2021-05-14,10000,Primary Market,May-14-2021,05-14-2021 182DAY,3960,November-11-2021,Purchases,7987.291,3.4900-7.5000,3.5,Issue,NTB,3.4900-3.5000,182DAY,0,10893.291,7981.291,3.5622,2nd Week
2021-05-14,82886.671,Primary Market,May-14-2021,05-14-2021 364DAY,3961,May-12-2022,Sales,122559.889,9.0000-12.9900,9.75,Issue,NTB,9.0000-9.7500,364DAY,0,211067.16,122559.889,10.2482,2nd Week
2021-05-19,50000,Primary Market,May-19-2021,19-05-2021 10YEAR,3994,March-17-2027,Sales,20140,12.5000-16.0000,13,Issue,FGN BOND,12.5000-13.1000,10 YEAR,0,37240,20140,0,4th Week
2021-05-19,50000,Primary Market,May-19-2021,19-05-2021 15YEAR,3995,March-27-2035,Sales,41150,12.9000-14.9000,14,Issue,FGN BOND,12.9000-14.0000,15 YEAR,0,57350,41150,0,4th Week
2021-05-19,50000,Primary Market,May-19-2021,19-05-2021 30YEAR,3996,April-26-2049,Sales,113950,7.9000-16.0000,14.2,Issue,FGN BOND,7.9000-14.2000,30 YEAR,0,187380,113950,0,4th Week
2021-05-20,5000,OMO,May-20-2021,05-20-2021 89Day,3962,August-17-2021,Sales,2000,7.0000-7.0000,7,Issue,OMO,7.0000-7.0000,89 Day,0,2000,2000,0,4th Week
2021-05-20,5000,OMO,May-20-2021,05-20-2021 180Day,3963,November-16-2021,Sales,2500,8.4800-8.5000,8.5,Issue,OMO,8.4800-8.5000,180 Day,0,2500,2500,0,4th Week
2021-05-20,10000,OMO,May-20-2021,05-20-2021 355Day,3964,May-10-2022,Sales,10000,10.0500-10.1000,10.1,Issue,OMO,10.0500-10.1000,355 Day,0,15600,10000,0,4th Week
2021-05-26,24175.79,Primary Market,May-26-2021,05-26-2021 91 DAY,3965,August-26-2021,Purchases,3123.978,2.4500-10.000,2.5,Issue,NTB,2.4500-2.5000,91 DAY,0,4430.978,3123.978,2.5157,4th Week
2021-05-26,19157.656,Primary Market,May-26-2021,05-26-2021 182 DAY,3966,November-25-2021,Purchases,4118.561,3.4900-12.0000,3.5,Issue,NTB,3.4900-3.5000,182DAY,0,5527.561,4118.561,3.5622,4th Week
2021-05-26,19842.352,Primary Market,May-26-2021,05-26-2021 364 DAY,3967,May-26-2022,Sales,143884.922,9.0000-13.9900,9.65,Issue,NTB,9.0000-13.9900,364DAY,0,286464.648,143884.922,10.6776,4th Week
2021-05-27,10000,OMO,May-27-2021,05-27-2021 96DAY,3968,August-31-2021,Sales,3000,7.0000-7.0000,7,Slop,OMO,7.0000-7.0000,96 DAY,0,3000,3000,0,4th Week
2021-05-27,10000,OMO,May-27-2021,05-27-2021 96DAY,3969,August-31-2021,Sales,3000,7.0000-7.0000,7,Slop,OMO,7.0000-7.0000,96 DAY,0,3000,3000,0,4th Week
2021-05-27,10000,OMO,May-27-2021,05-27-2021 180DAY,3970,November-23-2021,Sales,8000,8.4800-8.5000,8.5,Slop,OMO,8.4800-8.5000,180 DAY,0,8000,8000,0,4th Week
2021-05-27,30000,OMO,May-27-2021,05-27-2021 348DAY,3971,May-10-2022,Sales,30000,10.0000-10.2500,10.1,Slop,OMO,10.0000-10.1000,348 DAY,0,47125.199,30000,0,4th Week
2021-06-03,5000,OMO,June-03-2021,06-03-2021 89 Day,3972,August-31-2021,Sales,4000,6.9900-7.1000,7,Issue,OMO,6.9900-7.0000,89 Day,0,4000,4000,0,1st Week
2021-06-03,5000,OMO,June-03-2021,06-03-2021 180Day,3973,November-30-2021,Sales,4300,8.4700-8.9900,8.5,Issue,OMO,8.4700-8.5000,180 Day,0,8780,4300,0,1st Week
2021-06-03,10000,OMO,June-03-2021,06-03-2021 348Day,3974,May-17-2022,Sales,10000,10.0500-10.5000,10.1,Issue,OMO,10.0500-10.1000,348 Day,0,49040.178,10000,0,1st Week
2021-06-09,4744.287,Primary Market,June-09-2021,06-09-2021 91 DAY,3975,September-09-2021,Sales,5060.519,2.5000-10.0000,2.5,Issue,NTB,2.5000-2.5000,91 DAY,0,6861.22,5060.519,2.5157,2nd Week
2021-06-09,11702.148,Primary Market,June-09-2021,06-09-2021 182 DAY,3976,December-09-2021,Sales,10094.148,3.4500-12.0000,3.5,Issue,NTB,3.4500-3.5000,182DAY,0,11702.148,10094.148,3.5622,2nd Week
2021-06-09,78714.779,Primary Market,June-09-2021,06-09-2021 364 DAY,3977,June-09-2022,Sales,164106.064,9.0000-12.9900,9.64,Issue,NTB,9.0000-9.6400,364DAY,0,308485.209,164106.064,10.6653,2nd Week
2021-06-10,7000,OMO,June-10-2021,06-10-2021 96 Day,3978,September-14-2021,Sales,5000,6.9800-7.1000,7,Issue,OMO,6.9800-7.0000,96 Day,0,7000,5000,0,2nd Week
2021-06-10,5000,OMO,June-10-2021,06-10-2021 166 Day,3979,November-23-2021,Sales,5000,8.4800-8.7500,8.5,Issue,OMO,8.4800-8.5000,166 Day,0,7300,5000,0,2nd Week
2021-06-10,20000,OMO,June-10-2021,06-10-2021 348 Day,3980,May-24-2022,Sales,20000,10.0500-10.2500,10.1,Issue,OMO,10.0500 - 10.1000,348 Day,0,67785.785,20000,0,2nd Week
2021-06-16,2523.738,Primary Market,June-16-2021,06-16-2021 91DAY,3981,September-16-2021,Purchases,1605.535,2.5000-10.0000,2.5,Issue,NTB,2.5000-2.5000,91 DAY,0,14372.946,1605.535,2.5157,3rd Week
2021-06-16,1700,Primary Market,June-16-2021,06-16-2021 182DAY,3982,December-16-2021,Purchases,1101.951,3.5000-12.0000,3.5,Issue,NTB,3.5000-3.5000,182DAY,0,2638.452,1101.951,3.5622,3rd Week
2021-06-16,10614.105,Primary Market,June-16-2021,06-16-2021 364DAY,3983,June-16-2022,Sales,27868.646,9.1000-10.8990,9.4,Issue,NTB,9.1000-9.4000,364DAY,0,264727.852,27868.646,10.3723,3rd Week
2021-06-17,5000,OMO,June-17-2021,06-17-2021 89Day,3984,September-14-2021,Sales,3000,6.9800-7.0000,7,Issue,OMO,6.9800-7.0000,89 Day,0,3000,3000,0,3rd Week
2021-06-17,5000,OMO,June-17-2021,06-17-2021 159Day,3985,November-11-2021,Sales,4300,8.4700-8.9900,8.5,Issue,OMO,8.4700-8.5000,159Day,0,9200,4300,0,3rd Week
2021-06-17,10000,OMO,June-17-2021,06-17-2021 348Day,3986,May-31-2022,Sales,10000,10.0000-10.2500,10.1,Issue,OMO,10.0000-10.1000,348 Day,0,50900,10000,0,3rd Week
2021-06-23,50000,Primary Market,June-23-2021,23-06-2021 10YEAR,3997,March-17-2027,Sales,54310,10.0000-14.0000,12.74,Issue,FGN BOND,10.0000-12.7400,10 YEAR,0,66210,54310,0,4th Week
2021-06-23,50000,Primary Market,June-23-2021,23-06-2021 15YEAR,3998,March-27-2035,Sales,104900,8.4000-14.3000,13.5,Issue,FGN BOND,8.4000-13.5000,15 YEAR,0,127450,104900,0,4th Week
2021-06-23,50000,Primary Market,June-23-2021,23-06-2021 30YEAR,3999,March-27-2050,Sales,171090,12.4500-14.9900,13.7,Issue,FGN BOND,12.4500-13.7000,30 YEAR,0,223820,171090,0,4th Week
2021-06-30,2878.85,Primary Market,June-30-2021,06-30-2021 91DAY,3987,September-30-2021,Purchases,2263.036,2.5000-10.0000,2.5,Issue,NTB,2.5000-2.5000,91 DAY,0,5025.396,2263.036,2.5157,5th Week
2021-06-30,20000,Primary Market,June-30-2021,06-30-2021 182DAY,3988,December-30-2021,Purchases,3314.956,3.5000-12.0000,3.5,Issue,NTB,3.5000-3.5000,182DAY,0,5125.956,3314.956,3.5622,5th Week
2021-06-30,58857.012,Primary Market,June-30-2021,06-30-2021 364DAY,3989,June-30-2022,Sales,158040.241,8.9000-12.9900,9.15,Issue,NTB,8.9000-9.1500,364DAY,0,435847.335,158040.241,10.0688,5th Week
2021-07-08,5000,OMO,July-08-2021,07-08-2021 110DAY,4000,October-10-2021,Sales,2000,6.9800-7.2500,7,Issue,OMO,6.9800-70000,110 DAY,0,2500,2000,0,2nd Week
2021-07-08,5000,OMO,July-08-2021,07-08-2021 180DAY,4001,January-04-2022,Sales,5000,8.4000-8.7500,8.5,Issue,OMO,8.4000-8.5000,180 Day,0,5550,5000,0,2nd Week
2021-07-08,10000,OMO,July-08-2021,07-08-2021 327DAY,4002,May-31-2022,Sales,10000,10.0000-10.1000,10.1,Issue,OMO,10.0000-10.1000,327 DAY,0,27670,10000,0,2nd Week
2021-07-14,52390.058,Primary Market,July-14-2021,07-14-2021 91 Day,4003,October-14-2021,Sales,5239.058,2.5000-10.0000,2.5,Issue,NTB,2.500-2.5000,91 Day,0,6693.437,5239.058,0,3rd Week
2021-07-14,25372.322,Primary Market,July-14-2021,07-14-2021 182 Day,4004,January-13-2022,Sales,7459.979,3.4900-12.0000,3.5,Issue,NTB,3.4000-3.5000,182 Day,0,11817.979,7459.979,0,3rd Week
2021-07-14,71598.126,Primary Market,July-14-2021,07-14-2021 364 Day,4005,July-14-2022,Sales,137300.963,8.1500-9.7500,8.67,Issue,NTB,8.1500-8.6700,364 Day,0,556164.803,137300.963,0,3rd Week
2021-07-15,5000,OMO,July-15-2021,07-15-2021 103 Day,4006,October-26-2021,Sales,5000,6.9800-70000,7,Issue,OMO,6.9800-7.0000,103 DAY,0,5500,5000,0,3rd Week
2021-07-15,5000,OMO,July-15-2021,07-15-2021 173 Day,4007,January-04-2022,Sales,5000,8.4800-8.5000,8.5,Issue,OMO,8.4800-8.5000,173 Day,0,6800,5000,0,3rd Week
2021-07-15,10000,OMO,July-15-2021,07-15-2021 355 Day,4008,July-05-2022,Sales,10000,9.9500-10.1000,10.1,Issue,OMO,9.9500-10.1000,355 Day,0,45180,10000,0,3rd Week
2021-07-19,50000,Primary Market,July-19-2021,07-19-2021 10 YEAR,4009,February-23-2028,Sales,1350.61,11.9000-13.9800,12.35,Issue,FGN BOND,11.9000-12.3500,10 YEAR,0,5600.41,1350.61,0,4th Week
2021-07-19,5000,Primary Market,July-19-2021,07-19-2021 20 YEAR,4010,March-18-2036,Sales,5100.16,11.0000-14.0000,13.15,Issue,FGN BOND,11.0000-13.1500,20 YEAR,0,7300.44,5100.16,0,4th Week
2021-07-19,50000,Primary Market,July-19-2021,07-19-2021 30YEAR,4011,March-27-2050,Sales,5500.2,12.7500-14.5000,13.25,Issue,FGN BOND,12.7500-13.2500,30 YEAR,0,1560.26,5500.2,0,4th Week
2021-07-28,7193.228,Primary Market,July-28-2021,07-28-2021 91 Day,4012,October-28-2021,Sales,3174.989,2.4900-10.0000,2.5,Issue,NTB,2.4900-2.5000,91 Day,0,4225.989,3174.989,0,5th Week
2021-07-28,47476.888,Primary Market,July-28-2021,07-28-2021 182 Day,4013,January-27-2022,Sales,3536.2,3.3999-12.0000,3.5,Issue,NTB,3.3999-3.5000,182 Day,0,8419.2,3536.2,0,5th Week
2021-07-28,161522.566,Primary Market,July-28-2021,07-28-2021 364 Day,4014,July-28-2022,Sales,258527.896,7.7000-9.6000,8.2,Issue,NTB,7.7000-8.2000,364 Day,0,440286.686,258527.896,0,5th Week
2021-08-11,8435.074,Primary Market,August-11-2021,08-11-2021 91DAY,4015,November-11-2021,Purchases,4803.397,2.4900-10.0000,2.5,Slop,NTB,2.4900-2.5000,91 DAYS,0,6149.397,4803.397,2.5157,2nd Week
2021-08-11,16056.994,Primary Market,August-11-2021,08-11-2021 182DAY,4016,February-10-2022,Purchases,3745.689,3.4800-12.0000,3.5,Slop,NTB,3.4800-3.5000,182 DAY,0,5103.689,3745.689,3.5622,2nd Week
2021-08-11,27000,Primary Market,August-11-2021,08-11-2021 364DAY,4017,August-11-2022,Sales,147778.713,6.8500-10.0000,7.35,Slop,NTB,6.8500-10.0000,364 DAY,0,387122.44,147778.713,7.9314,2nd Week
2021-08-18,50000,Primary Market,August-18-2021,08-18-2021 10YEAR,4018,February-23-2028,Sales,64250,10.5000-13.0000,11.6,Issue,FGN BOND,10.5000-11.6000,10 YEAR,0,77690,64250,0,4th Week
2021-08-18,50000,Primary Market,August-18-2021,08-18-2021 20YEAR,4019,March-18-2036,Sales,91030,11.0000-13.6500,12.75,Issue,FGN BOND,11.0000-12.7500,20 YEAR,0,104950,91030,0,4th Week
2021-08-18,50000,Primary Market,August-18-2021,08-18-2021 30YEAR,4020,March-27-2050,Sales,104810,11.9900-14.0000,12.8,Issue,FGN BOND,11.9900-12.8000,30 YEAR,0,177380,104810,0,4th Week
2021-08-25,3123.978,Primary Market,August-25-2021,08-25-2021 91 Day,4021,November-25-2021,Sales,3537.952,2.4900-10.0000,2.5,Issue,NTB,2.4900-2.5000,91 DAY,0,4843.952,3537.952,0,5th Week
2021-08-25,32705.313,Primary Market,August-25-2021,08-25-2021 182 Day,4022,February-24-2022,Sales,22864.251,3.4900-12.0000,3.5,Issue,NTB,3.4900-3.5000,182 DAY,0,24170.251,22864.251,0,5th Week
2021-08-25,121376.867,Primary Market,August-25-2021,08-25-2021 364 Day,4023,August-25-2022,Sales,280934.106,5.9500-8.6700,6.8,Issue,NTB,5.9500-6.8000,364 Day,0,365106.158,280934.106,0,5th Week
2021-08-26,10000,OMO,August-26-2021,08-26-2021 159 Day,4025,February-01-2022,Sales,10000,8.3000-8.5000,8.5,Issue,OMO,8.3000-8.5000,159 YEAR,0,18000,10000,0,5th Week
2021-08-26,40000,OMO,August-26-2021,08-26-2021 355 Day,4026,August-16-2022,Sales,40000,9.5800-10.1000,10.1,Issue,OMO,9.5800-10.1000,355 DAY,0,117070,40000,0,5th Week
2021-08-26,10000,OMO,August-26-2021,08-26-2021 89 Day,4027,November-23-2021,Sales,10000,6.8000-7.0000,7,Issue,OMO,6.8000-7.0000,89 DAY,0,17000,10000,0,5th Week
2021-09-02,10000,OMO,September-02-2021,09-02-2021 82 Day,4028,November-23-2021,Sales,10000,6.9000-7.0000,7,Issue,OMO,6.9000-7.0000,82 Day,0,29000,10000,0,1st Week
2021-09-02,10000,OMO,September-02-2021,09-02-2021 152 Day,4029,February-01-2022,Sales,10000,8.4000-8.5000,8.5,Issue,OMO,8.4000-8.5000,152 Day,0,45600,10000,0,1st Week
2021-09-02,30000,OMO,September-02-2021,09-02-2021 327 Day,4030,July-26-2022,Sales,30000,9.9000-10.1000,10.1,Issue,OMO,9.9000-10.1000,327 Day,0,30000,10000,0,1st Week
2021-09-08,5060.519,Primary Market,September-08-2021,09-08-2021 91 Day,4031,December-09-2021,Sales,4938.371,2.49000-6.0000,2.5,Issue,NTB,2.4900-2.5000,91 DAY,0,5846.371,4938.371,0,2nd Week
2021-09-08,23454.545,Primary Market,September-08-2021,09-08-2021 182 Day,4032,March-10-2022,Sales,11883.004,3.4900-6.5000,3.4999,Issue,NTB,3.4900-3.4999,182 DAY,0,12740.004,11883.004,0,2nd Week
2021-09-08,109651.7,Primary Market,September-08-2021,09-08-2021 364 Day,4033,September-08-2022,Sales,192682.149,6.2000-9.2000,7.2,Issue,NTB,6.2000-7.2000,364 Day,0,237538.249,192682.149,0,2nd Week
2021-09-09,10000,OMO,September-09-2021,09-09-2021 117 Day,4034,April-01-2022,Sales,10000,6.9000-8.5000,7,Issue,OMO,6.9000-7.0000,117 Day,0,18200,10000,0,2nd Week
2021-09-09,10000,OMO,September-09-2021,09-09-2021 194 Day,4035,March-22-2022,Sales,10000,7.0000-8.5000,8.5,Issue,OMO,7.0000-8.5000,194 Day,0,15800,10000,0,2nd Week
2021-09-09,30000,OMO,September-09-2021,09-09-2021 341 Day,4036,August-16-2022,Sales,30000,10.0000-10.1000,10.1,Issue,OMO,10.0000-10.1000,341 Day,0,95270,30000,0,2nd Week
2021-09-15,1605.535,Primary Market,September-15-2021,09-15-2021 91Day,4037,December-16-2021,Sales,960.66,2.4900-5.2500,2.5,Issue,NTB,2.4900-2.5000,91 DAY,0,1884.61,960.66,0,3rd Week
2021-09-15,5913.188,Primary Market,September-15-2021,09-15-2021 182Day,4038,March-17-2022,Sales,3611.671,3.4000-6.7500,3.5,Issue,NTB,3.4000-3.5000,182 DAY,0,4417.671,3611.671,0,3rd Week
2021-09-15,148361.351,Primary Market,September-15-2021,09-15-2021 364Day,4039,September-15-2022,Sales,151307.743,6.3000-10.000,7.2,Issue,NTB,6.3000-7.2000,364 Day,0,238265.157,151307.743,0,3rd Week
2021-09-16,5000,OMO,September-16-2021,09-16-2021 96 Day,4040,December-21-2021,Sales,5000,6.9000-7.0000,7,Issue,OMO,6.9000-7.0000,96 Day,0,8500,5000,0,3rd Week
2021-09-16,5000,OMO,September-16-2021,09-16-2021  187 Day,4041,March-22-2022,Sales,5000,8.4000-8.5000,8.5,Issue,OMO,8.4000-8.5000,187 Day,0,16500,5000,0,3rd Week
2021-09-16,10000,OMO,September-16-2021,09-16-2021  334 Day,4042,August-16-2022,Sales,10000,10.0000-10.1000,10.1,Issue,OMO,10.0000-10.1000,334 Day,0,57467.336,10000,0,3rd Week
2021-09-22,50000,Primary Market,September-22-2021,09-22-2021 10 Year,4046,February-23-2028,Sales,42370,10.7500-14.0000,11.6,Issue,FGN BOND,10.7500-11.6000,10 YEAR,0,52430,42370,0,4th Week
2021-09-22,50000,Primary Market,September-22-2021,09-22-2021 20 Year,4047,March-18-2036,Sales,115850,9.9000-14.0000,12.75,Issue,FGN BOND,9.9000-12.7500,20 YEAR,0,125580,115850,0,4th Week
2021-09-22,50000,Primary Market,September-22-2021,09-22-2021 30 Year,4048,March-27-2050,Sales,118830,12.0000-14.5000,13,Issue,FGN BOND,12.0000-13.0000,30 YEAR,0,156310,118830,0,4th Week
2021-09-29,2263.036,Primary Market,September-29-2021,09-29-2021 91 Day,4043,December-30-2021,Sales,4612.616,2.4800-5.2500,2.5,Issue,NTB,2.4800-2.5000,91 Day,0,5469.616,4612.616,0,5th Week
2021-09-29,3240.389,Primary Market,September-29-2021,09-29-2021 182 Day,4044,March-31-2022,Sales,2090.675,3.4999-6.7500,3.4999,Issue,NTB,3.4999-3.4999,182 Day,0,2947.675,2090.675,0,5th Week
2021-09-29,106370.499,Primary Market,September-29-2021,09-29-2021 364 Day,4045,September-29-2022,Sales,108712.225,6.8000-9.1000,7.5,Issue,NTB,6.8000-7.5000,364 Day,0,166323.727,108712.225,0,5th Week
2021-10-13,5239.058,Primary Market,October-13-2021,10-13-2021 91 Day,4049,January-13-2022,Sales,4220.558,2.4500-5.5000,2.5,Issue,NTB,2.4500-2.5000,91 Day,0,5077.558,4220.558,0,3rd Week
2021-10-13,8799.752,Primary Market,October-13-2021,10-13-2021 182 Day,4050,April-14-2022,Sales,6947.787,3.4500-6.7500,3.5,Issue,NTB,3.4500-3.5000,182 Day,0,7804.787,6947.787,0,3rd Week
2021-10-13,107620.657,Primary Market,October-13-2021,10-13-2021 364 Day,4051,October-13-2022,Sales,176064.955,7.0000-9.4980,7.25,Issue,NTB,7.0000-7.2500,364 Day,0,480148.556,176064.955,0,3rd Week
2021-10-14,10000,OMO,October-14-2021,10-14-2021 82 Day,4055,January-14-2022,Sales,10000,6.9000-7.5000,7,Issue,OMO,6.9000-7.0000,82 Day,0,14000,10000,0,3rd Week
2021-10-14,10000,OMO,October-14-2021,10-14-2021 180 Day,4056,April-12-2022,Sales,10000,8.4800-8.5000,8.5,Issue,OMO,8.4800-8.5000,180 Day,0,17200,10000,0,3rd Week
2021-10-14,30000,OMO,October-14-2021,10-14-2021 355 Day,4057,October-04-2022,Sales,30000,10.0000-10.1000,10.1,Issue,OMO,10.0000-10.1000,355 Day,0,68584.422,30000,0,3rd Week
2021-10-20,50000,Primary Market,October-20-2021,20-10-2021 10Year,4058,January-22-2026,Sales,44800,10.5000-13.0000,11.65,Issue,FGN BOND,10.5000-11.6500,10 YEAR,0,49050,44800,0,4th Week
2021-10-20,50000,Primary Market,October-20-2021,20-10-2021 20Year,4059,April-18-2037,Sales,52720,12.0000-14.0000,12.95,Issue,FGN BOND,12.0000-12.9500,20 YEAR,0,80920,52720,0,4th Week
2021-10-20,50000,Primary Market,October-20-2021,20-10-2021 30Year,4060,March-27-2050,Sales,95240,12.7000-13.9900,13.2,Issue,FGN BOND,12.7000-13.2000,30 YEAR,0,120740,95240,0,4th Week
2021-10-21,5000,OMO,October-21-2021,21-10-2021 103Day,4061,February-01-2022,Sales,5000,6.9800-7.0000,7,Issue,OMO,6.9800-7.0000,103 DAY,0,7000,5000,0,4th Week
2021-10-21,5000,OMO,October-21-2021,21-10-2021 180Day,4062,April-19-2022,Sales,5000,8.4800-8.5000,8.5,Issue,OMO,8.4800-8.5000,180 Day,0,7000,5000,0,4th Week
2021-10-21,20000,OMO,October-21-2021,21-10-2021 348Day,4063,October-04-2022,Sales,20000,10.0500-10.1000,10.1,Issue,OMO,10.0500-10.1000,348 Day,0,53585.1,20000,0,4th Week
2021-10-27,3174.989,Primary Market,October-27-2021,10-27-2021 91Day,4064,January-27-2022,Sales,2684.833,2.4800-5.5000,2.5,Issue,NTB,2.4800-2.5000,91 Day,0,3990.833,2684.833,0,5th Week
2021-10-27,6000,Primary Market,October-27-2021,10-27-2021 182Day,4065,April-28-2022,Sales,2018.65,3.4800-6.7500,3.5,Issue,NTB,3.4800-3.5000,182 Day,0,3324.65,2018.65,0,5th Week
2021-10-27,140870.2,Primary Market,October-27-2021,10-27-2021 364Day,4066,October-27-2022,Sales,230341.706,6.5000-8.5000,6.99,Issue,NTB,6.5000-6.9900,364 Day,0,423804.915,230341.706,0,5th Week
2021-10-28,5000,OMO,October-28-2021,10-28-2021 96Day,4067,February-01-2022,Sales,4000,6.9800-7.5000,7,Issue,OMO,6.9800-7.0000,96 Day,0,5000,4000,0,5th Week
2021-10-28,5000,OMO,October-28-2021,10-28-2021 187Day,4068,May-03-2022,Sales,5000,8.4800-9.0000,8.5,Issue,OMO,8.4800-8.5000,187 Day,0,7500,5000,0,5th Week
2021-10-28,10000,OMO,October-28-2021,10-28-2021 341Day,4069,October-04-2022,Sales,10000,10.0500 -10.6000,10.1,Issue,OMO,10.0500-10.6000,341 Day,0,37500,10000,0,5th Week
2021-11-04,5000,OMO,November-04-2021,04-11-2021 138Day,4070,March-22-2022,Sales,5000,6.9800-7.0000,7,Issue,OMO,6.9800-7.0000,138 Day,0,11500,5000,0,1st Week
2021-11-04,5000,OMO,November-04-2021,04-11-2021 194Day,4071,May-17-2022,Sales,5000,8.4800-8.5000,8.5,Issue,OMO,8.4800-8.5000,194 Day,0,14000,5000,0,1st Week
2021-11-04,15000,OMO,November-04-2021,04-11-2021 355Day,4072,October-25-2022,Sales,15000,10.0000 -10.1000,10.1,Issue,OMO,10.0000 -10.1000,355 Day,0,75250,15000,0,1st Week
2021-11-10,4803.397,Primary Market,November-10-2021,10-11-2021 91Day,4073,February-10-2022,Sales,4116.905,2.4900-5.5000,2.5,Issue,NTB,2.4900-2.5000,91 Day,0,4871.905,4116.905,0,2nd Week
2021-11-10,7987.291,Primary Market,November-10-2021,10-11-2021 182Day,4074,May-12-2022,Sales,2998.516,3.4990-6.7500,3.5,Issue,NTB,3.4990-3.5000,182 Day,0,3804.516,2998.516,0,2nd Week
2021-11-10,138032.47,Primary Market,November-10-2021,10-11-2021 364Day,4075,November-10-2022,Sales,189056.996,5.9800-10.000,6.5,Issue,NTB,5.9800-6.5000,364 Day,0,566205.916,189056.996,0,2nd Week
2021-11-18,5000,OMO,November-18-2021,18-11-2021 124Day,4076,March-22-2022,Sales,5000,6.9800-7.0000,7,Issue,OMO,6.9800-7.0000,124 Day,0,9000,5000,0,3rd Week
2021-11-18,5000,OMO,November-18-2021,18-11-2021 194Day,4077,May-31-2022,Sales,5000,8.4500-8.5000,8.5,Issue,OMO,8.4500-8.5000,194 Day,0,18700,5000,0,3rd Week
2021-11-18,15000,OMO,November-18-2021,18-11-2021 341 Day,4078,October-25-2022,Sales,15000,10.0100-10.1000,10.1,Issue,OMO,10.0100-10.1000,341 Day,0,67360,15000,0,3rd Week
2021-11-24,3537.952,Primary Market,November-24-2021,24-11-2021 91 Day,4079,February-24-2022,Sales,2044.421,2.4500-6.3900,2.5,Issue,NTB,2.4500-2.5000,91 Day,0,9044.421,2044.421,0,4th Week
2021-11-24,4118.561,Primary Market,November-24-2021,24-11-2021 182 Day,4080,May-26-2022,Sales,3783.474,3.4700-5.5000,3.5,Issue,NTB,3.4700-3.5000,182 Day,0,4283.474,3783.474,0,4th Week
2021-11-24,111071.723,Primary Market,November-24-2021,24-11-2021 364 Day,4081,November-24-2022,Sales,209897.3,5.4400-7.6800,5.89,Issue,NTB,5.4400-5.8900,364 Day,0,402945.16,2092897.3,0,4th Week
2021-11-25,5000,OMO,November-25-2021,25-11-2021 117Day,4082,March-22-2022,Sales,5000,6.9800-7.0000,7,Issue,OMO,6.9800-7.0000,117 Day,0,16000,5000,0,4th Week
2021-11-25,5000,OMO,November-25-2021,25-11-2021 187Day,4083,May-31-2022,Sales,5000,8.4100-8.5000,8.5,Issue,OMO,8.4100-8.5000,187 Day,0,20500,5000,0,4th Week
2021-11-25,20000,OMO,November-25-2021,25-11-2021 341Day,4084,November-01-2022,Sales,20000,10.0000 -10.1000,10.1,Issue,OMO,10.0000-10.1000,341 Day,0,106284.013,20000,0,4th Week
2021-12-02,10000,OMO,December-02-2021,02-12-2021 110 Day,4085,March-22-2022,Sales,7000,6.9800-7.0000,7,Issue,OMO,6.9800-7.0000,110 DAY,0,7000,70000,0,1st Week
2021-12-02,10000,OMO,December-02-2021,02-12-2021 180 Day,4086,May-31-2022,Sales,10000,8.4800-8.5000,8.5,Issue,OMO,8.4800-8.5000,180 DAY,0,12500,10000,0,1st Week
2021-12-02,20000,OMO,December-02-2021,02-12-2021 355 Day,4087,November-22-2022,Sales,20000,10.0000 -10.1000,10.1,Issue,OMO,10.0000-10.1000,355 DAY,0,53281.922,20000,0,1st Week
2021-12-08,4938.371,Primary Market,December-08-2021,8-12-2021 91Day,4088,March-10-2022,Sales,1550.802,2.4500-5.2500,2.5,Issue,NTB,2.4500-2.5000,91 Day,0,1908.37,1550.802,0,2nd Week
2021-12-08,10094.148,Primary Market,December-08-2021,8-12-2021 182Day,4089,June-09-2022,Sales,789.1,3.4500-6.7500,3.45,Issue,NTB,3.4500-3.4500,182 Day,0,1813.65,789.1,0,2nd Week
2021-12-08,38700,Primary Market,December-08-2021,8-12-2021 364Day,4090,December-08-2022,Sales,51392.617,5.2000-6.7500,5.34,Issue,NTB,5.2000-5.3400,364 Day,0,240728.186,51392.617,0,2nd Week
2021-12-09,5000,OMO,December-09-2021,9-12-2021 103Day,4091,March-22-2022,Sales,5000,6.9700-7.0000,7,Issue,OMO,6.9700-7.000,103 Day,0,9000,5000,0,2nd Week
2021-12-09,5000,OMO,December-09-2021,9-12-2021,4092,May-31-2022,Sales,5000,8.4700-8.5000,8.5,Issue,OMO,8.4700-8.5000,173 Day,0,10800,5000,0,2nd Week
2021-12-09,20000,OMO,December-09-2021,9-12-2021 384Day,4093,November-22-2022,Sales,20000,10.0000-10.1000,10.1,Issue,OMO,10.0000-10.1000,348 Day,0,54975.319,20000,0,2nd Week
2021-12-15,960.66,Primary Market,December-15-2021,12-15-2021 91Day,4094,March-17-2022,Sales,960.66,2.4900-5.2500,2.49,Issue,NTB,2.4900-2.4900,91 Day,0,1744.401,960.66,0,3rd Week
2021-12-15,1101.951,Primary Market,December-15-2021,12-15-2021 182Day,4095,June-16-2022,Sales,1101.951,3.4400-6.7500,3.45,Issue,NTB,3.4400-3.4500,182 Day,0,2358.952,1101.951,0,3rd Week
2021-12-15,3800,Primary Market,December-15-2021,12-15-2021 364Day,4096,December-15-2022,Sales,3800,4.8489-7.6900,5,Issue,NTB,4.8489-5.0000,364 Day,0,63326.585,3800,0,3rd Week
2021-12-29,4612.616,Primary Market,December-29-2021,12-29-2021 91DAY,4097,March-31-2022,Purchases,2486.666,2.4500-5.2500,2.49,Issue,NTB,2.4500-2.4900,91 DAYS,0,2792.666,2486.666,2.5056,5th Week
2021-12-29,3314.956,Primary Market,December-29-2021,12-29-2021 182DAY,4098,June-30-2022,Purchases,2163.9,3.4000-6.7500,3.45,Issue,NTB,3.4000-3.4500,182 DAY,0,3469.9,2163.9,3.5104,5th Week
2021-12-29,44837.72,Primary Market,December-29-2021,12-29-2021 364DAY,4099,December-29-2022,Sales,48114.726,4.3900-6.9900,4.9,Issue,NTB,4.3900-4.9000,364 DAY,0,75994.93,48114.726,5.1517,5th Week
2022-01-06,100000,OMO,January-06-2022,01-06-2021 96DAY,4100,April-12-2022,Sales,10000,6.9700-7.0000,7,Slop,OMO,6.9700-7.0000,96 DAYS,0,26800,10000,0,2nd Week
2022-01-06,10000,OMO,January-06-2022,01-06-2021 180DAY,4101,July-05-2022,Sales,10000,8.4000-8.5000,8.5,Slop,OMO,8.4000-8.5000,180 DAY,0,34900,10000,0,2nd Week
2022-01-06,30000,OMO,January-06-2022,01-06-2021 355DAY,4102,December-27-2022,Sales,30000,10.0000-10.1000,10.1,Slop,OMO,10.0000-10.1000,355 DAY,0,103276.449,30000,0,2nd Week
2022-01-12,4220.558,Primary Market,January-12-2022,01-12-2022 91DAY,4103,April-14-2022,Purchases,2187.7776,2.4500-5.2500,2.5,Issue,NTB,2.4500-2.5000,91 DAYS,0,2493.776,2187.776,0,3rd Week
2022-01-12,7459.979,Primary Market,January-12-2022,01-12-2022 182DAY,4104,July-14-2022,Purchases,1457.973,3.2000-6.7500,3.44,Issue,NTB,3.2000-3.4400,182 DAY,0,2263.973,1457.973,0,3rd Week
2022-01-12,65931.722,Primary Market,January-12-2022,01-12-2022 364DAY,4105,January-12-2023,Purchases,53899.205,4.5999-7.6900,5.5,Issue,NTB,4.5999-7.6900,364 DAY,0,108306.605,53899.205,0,3rd Week
2022-01-13,5000,OMO,January-13-2022,01-13-2022 96DAY,4106,April-19-2022,Sales,5000,6.9500-7.000,7,Slop,OMO,6.9500-7.0000,96 DAYS,0,14500,5000,0,3rd Week
2022-01-13,5000,OMO,January-13-2022,01-13-2022 180DAY,4107,July-26-2022,Sales,5000,8.4000-8.5000,8.5,Slop,OMO,8.4000-8.5000,180 DAY,0,26033.964,5000,0,3rd Week
2022-01-13,10000,OMO,January-13-2022,01-13-2022 355DAY,4108,January-03-2023,Sales,10000,10.0000-10.1000,10.1,Slop,OMO,10.0000-10.1000,355 DAY,0,69140.358,10000,0,3rd Week
2022-01-19,75000,Primary Market,January-19-2022,01-19-2022 10Year,4183,January-22-2026,Sales,81720,10.8000-13.2500,11.5,Issue,FGN BOND,10.8000-11.5000,10 YEAR,0,111190,81720,0,3rd Week
2022-01-20,5000,OMO,January-20-2022,01-20-2022 89DAY,4109,April-19-2022,Sales,5000,6.9500-7.000,7,Slop,OMO,6.9500-7.0000,89 DAYS,0,19500,5000,0,4th Week
2022-01-20,5000,OMO,January-20-2022,01-20-2022 187DAY,4110,July-26-2022,Sales,5000,8.4500-8.5000,8.5,Slop,OMO,8.4500-8.5000,187 DAY,0,26700,5000,0,4th Week
2022-01-20,10000,OMO,January-20-2022,01-20-2022 355DAY,4111,January-10-2023,Sales,10000,10.0000-10.1000,10.1,Slop,OMO,10.0000-10.1000,355 DAY,0,56819.851,10000,0,4th Week
2022-01-26,2684.833,Primary Market,January-26-2022,01-26-2022 91DAY,4112,April-28-2022,Sales,2684.833,2.4800-6.0000,2.48,Issue,NTB,2.4800-2.4800,91 DAYS,0,12690.382,2684.833,0,5th Week
2022-01-26,3536.2,Primary Market,January-26-2022,01-26-2022 182DAY,4113,July-28-2022,Sales,3536.2,3.2900-7.0000,3.3,Issue,NTB,3.2900-3.3000,182 DAY,0,13991.2,3536.2,0,5th Week
2022-01-26,123113.735,Primary Market,January-26-2022,01-26-2022 364DAY,4114,January-26-2023,Sales,217532.85,4.8000-7.9900,5.399,Issue,NTB,4.8000-5.3990,364 DAY,0,448949.121,217532.85,0,5th Week
2022-01-27,10000,OMO,January-27-2022,01-27-2022 96DAY,4115,May-03-2022,Sales,10000,6.9500-7.000,7,Slop,OMO,6.9500-7.0000,96 DAYS,0,50300,10000,0,5th Week
2022-01-27,10000,OMO,January-27-2022,01-27-2022 180DAY,4116,July-26-2022,Sales,10000,8.4000-8.5000,8.5,Slop,OMO,8.4000-8.5000,180 DAY,0,69540.008,10000,0,5th Week
2022-01-27,20000,Primary Market,January-27-2022,01-27-2022 362DAY,4117,January-24-2023,Sales,20000,10.0000-10.1000,10.1,Slop,OMO,10.0000-10.1000,362 DAY,0,157400,20000,0,5th Week
2022-02-03,5000,OMO,February-03-2022,02-03-2022 89DAY,4118,May-03-2022,Sales,5000,6.9500-7.0000,7,Slop,OMO,6.9500-7.0000,89 DAYS,0,34000,5000,0,1st Week
2022-02-03,5000,OMO,February-03-2022,02-03-2022 187DAY,4119,August-09-2022,Sales,5000,8.4500-8.5000,8.5,Slop,OMO,8.4500-8.5000,187DAY,0,34400,5000,0,1st Week
2022-02-03,20000,OMO,February-03-2022,02-03-2022 355DAY,4120,January-24-2023,Sales,20000,10.0000-10.1000,10.1,Slop,OMO,10.0000-10.1000,355-DAY,0,16164,20000,0,1st Week
2022-02-09,4116.905,Primary Market,February-09-2022,02-09-2022 91DAY,4121,May-12-2022,Sales,1911.9,2.4000-6.0000,2.48,Issue,NTB,2.4000-2.4800,91 DAY,0,2166.9,1911.9,0,2nd Week
2022-02-09,3745.689,Primary Market,February-09-2022,02-09-2022 182DAY,4122,August-11-2022,Sales,1820.092,3.0000-7.0000,3.3,Issue,NTB,3.0000-3.3000,182 DAY,0,2626.092,1820.092,0,2nd Week
2022-02-09,90148.205,Primary Market,February-09-2022,02-09-2022 364DAY,4123,February-09-2023,Sales,211227.3,4.9000-7.0000,5.2,Issue,NTB,4.9000-5.2000,364 Day,0,441520.617,211227.3,0,2nd Week
2022-02-10,20000,OMO,February-10-2022,02-10-2022 96DAY,4124,May-17-2022,Sales,20000,6.9700-7.0000,7,Issue,OMO,6.9700-7.0000,96Day,0,72800,20000,0,2nd Week
2022-02-10,20000,OMO,February-10-2022,02-10-2022 187DAY,4125,August-16-2022,Sales,20000,8.4000-8.5000,8.5,Issue,OMO,8.4000-8.5000,187Day,0,93800,20000,0,2nd Week
2022-02-10,40000,OMO,February-10-2022,02-10-2022 362DAY,4126,February-07-2023,Sales,40000,10.0000-10.1000,10.1,Issue,OMO,10.0000-10.1000,362 Day,0,271725.889,40000,0,2nd Week
2022-02-16,75000,Primary Market,February-16-2022,02-16-2022 10Year,4185,January-22-2026,Sales,103470,10.7500-13.0000,10.95,Issue,FGN BOND,10.7500-10.9500,10 YEAR,0,325400,103470,0,3rd Week
2022-02-16,75000,Primary Market,February-16-2022,02-16-2022 20Year,4186,January-21-2042,Sales,193920,12.0000-14.0000,13,Issue,FGN BOND,12.0000-13.0000,20 YEAR,0,232320,193920,0,3rd Week
2022-02-17,10000,OMO,February-17-2022,02-17-2022 96Day,4127,May-24-2022,Sales,10000,6.9700-7.0000,7,Issue,OMO,6.9700-7.0000,96Day,0,36300,10000,0,3rd Week
2022-02-17,10000,OMO,February-17-2022,02-17-2022 187Day,4128,August-23-2022,Sales,10000,8.4000-8.5000,8.5,Issue,OMO,8.4000-8.5000,187Day,0,56700,10000,0,3rd Week
2022-02-17,40000,OMO,February-17-2022,02-17-2022 362Day,4129,February-14-2023,Sales,40000,10.0000-10.1000,10.1,Issue,OMO,10.0000-10.1000,362 Day,0,293690.257,40000,0,3rd Week
2022-02-23,2044.421,Primary Market,February-23-2022,02-23-2022 91Day,4130,May-26-2022,Sales,5364.28,2.0900-6.0000,2.24,Issue,NTB,2.0900-2.2400,91Day,0,13259.661,5364.28,0,4th Week
2022-02-23,22864.251,Primary Market,February-23-2022,02-23-2022 182Day,4131,August-25-2022,Sales,11032.25,3.1900-7.0000,3.3,Issue,NTB,3.1900-3.3000,182Day,0,14558.25,11032.25,0,4th Week
2022-02-23,90376.116,Primary Market,February-23-2022,02-23-2022 364Day,4132,February-23-2023,Sales,241614.25,3.3400-7.0000,4.35,Issue,NTB,3.2400-4.3500,364Day,0,574800.535,241614.25,0,4th Week
2022-02-24,15000,OMO,February-24-2022,02-24-2022 96 Day,4133,May-31-2022,Sales,15000,6.9500-7.0000,7,Issue,OMO,6.9500-7.0000,96Day,0,32500,15000,0,4th Week
2022-02-24,15000,OMO,February-24-2022,02-24-2022 180 Day,4134,August-23-2022,Sales,15000,8.4500-8.5000,8.5,Issue,OMO,8.4500-8.5000,180 Day,0,47700,15000,0,4th Week
2022-02-24,70000,OMO,February-24-2022,02-24-2022 362 Day,4135,February-21-2023,Sales,70000,10.0000-10.1000,10.1,Issue,OMO,10.0000-10.1000,362 Day,0,200670,70000,0,4th Week
2022-03-03,5000,OMO,March-03-2022,03-03-2022 89Day,4136,May-31-2022,Sales,5000,6.900-7.0000,7,Issue,OMO,6.900-7.0000,89 Day,0,41750,5000,0,1st Week
2022-03-03,5000,OMO,March-03-2022,03-03-2022 173Day,4137,August-23-2022,Sales,5000,8.4000-8.5000,8.5,Issue,OMO,8.4000-8.5000,173 Day,0,50250,5000,0,1st Week
2022-03-03,20000,OMO,March-03-2022,03-03-2022 348Day,4138,February-14-2023,Sales,20000,10.0000-10.1000,10.1,Issue,OMO,10.0000-10.1000,348 Day,0,227747.55,20000,0,1st Week
2022-03-09,1550.802,Primary Market,March-09-2022,09-03-2022 91Day,4139,June-09-2022,Sales,2323.5,1.7500-6.0000,1.75,Issue,NTB,1.7500 - 1.7500,91Day,0,4404.282,2323.5,0,2nd Week
2022-03-09,11883.004,Primary Market,March-09-2022,09-03-2022 182Day,4140,September-08-2022,Sales,21287.627,3.0000 - 7.0000,3.28,Issue,NTB,3.0000 - 3.2800,182Day,0,40654.628,21287.627,0,2nd Week
2022-03-09,80570.597,Primary Market,March-09-2022,09-03-2022 364Day,4141,March-09-2023,Sales,212920.474,3.8450 - 6.5400,4.1,Issue,NTB,3.8450 - 4.1000,364Day,0,437839.424,212920.474,0,2nd Week
2022-03-10,10000,OMO,March-10-2022,10-3-2022 96Day,4142,June-14-2022,Sales,10000,6.9500 - 7.0000,7,Issue,OMO,6.9500 - 7.0000,96Day,0,54280,10000,0,2nd Week
2022-03-10,10000,OMO,March-10-2022,10-3-2022 187Day,4143,September-13-2022,Sales,10000,8.4000 - 8.5000,8.5,Issue,OMO,8.4000 - 8.5000,187DAY,0,55280,10000,0,2nd Week
2022-03-10,20000,OMO,March-10-2022,10-3-2022 362Day,4144,March-07-2023,Sales,20000,10.0000 - 10.9900,10.1,Issue,OMO,10.0000 - 10.1000,362Day,0,175984.733,20000,0,2nd Week
2022-03-16,960.66,Primary Market,March-16-2022,16-03-2022 91Day,4145,June-16-2022,Sales,5911.1,1.7400-4.2500,1.74,Issue,NTB,1.7400-1.7400,91 DAY,0,6475.075,5911.1,0,3rd Week
2022-03-16,3611.671,Primary Market,March-16-2022,16-03-2022 182Day,4146,September-15-2022,Sales,6849.555,2.6890-5.7500,3,Issue,NTB,2.6890-3.0000,182 DAY,0,37381.103,6849.555,0,3rd Week
2022-03-16,53464.249,Primary Market,March-16-2022,03-16-2022 364Day,4147,March-16-2023,Sales,159845.791,3.4999-6.0000,4,Issue,NTB,3.4999-4.0000,364 DAY,0,320794.361,159845.791,0,3rd Week
2022-03-17,10000,OMO,March-17-2022,17-03-2022 89Day,4148,June-14-2022,Sales,10000,6.9000-7.0000,7,Issue,OMO,6.9000-7.0000,89 DAY,0,59900,10000,0,3rd Week
2022-03-17,10000,OMO,March-17-2022,17-03-2022 180Day,4149,September-13-2022,Sales,10000,8.4000-8.5000,8.5,Issue,OMO,8.4000-8.5000,180 DAY,0,70400,10000,0,3rd Week
2022-03-17,30000,OMO,March-17-2022,17-03-2022 355Day,4150,March-07-2023,Sales,30000,10.0000-10.1000,10.1,Issue,OMO,10.0000-10.1000,355 DAY,0,270471.472,30000,0,3rd Week
2022-03-21,75000,Primary Market,March-21-2022,03-21-2022 10Year,4187,January-22-2026,Sales,127000,9.0000-11.3300,10.15,Issue,FGN BOND,9.0000-10.1500,10 YEAR,0,231020,127000,0,4th Week
2022-03-21,75000,Primary Market,March-21-2022,03-21-2022 20Year,4188,January-21-2042,Sales,169370,11.9000-13.5000,12.7,Issue,FGN BOND,11.9000-12.7000,20 YEAR,0,367400,169370,0,4th Week
2022-03-30,2486.666,Primary Market,March-30-2022,3-30-2022 91Day,4151,June-30-2022,Sales,13881.555,1.600 - 4.2500,1.75,Issue,NTB,1.600 - 1.7500,91Day,0,18375.555,13881.555,0,5th Week
2022-03-30,2090.675,Primary Market,March-30-2022,3-30-2022 182Day,4152,September-29-2022,Sales,20345.15,2.7800 - 5.7500,3,Issue,NTB,2.7800 -3.0000,182Day,0,25401.15,20345.15,0,5th Week
2022-03-30,138711.877,Primary Market,March-30-2022,3-30-2022 364Day,4153,March-30-2023,Sales,139963.295,3.3000 - 7.9900,4.45,Issue,NTB,3.3000 - 4.4500,364Day,0,203829.715,139963.295,0,5th Week
2022-03-31,10000,OMO,March-31-2022,03-31-2022 110DAY,4154,July-19-2022,Sales,10000,6.4800-7.0000,7,Issue,OMO,6.4800-7.0000,110DAY,0,49900,10000,0,5th Week
2022-03-31,10000,OMO,March-31-2022,03-31-2022 194DAY,4155,October-11-2022,Sales,10000,8.4700-8.5000,8.5,Issue,OMO,8.4700-8.5000,194 DAY,0,54800,10000,0,5th Week
2022-03-31,30000,OMO,March-31-2022,03-31-2022 362DAY,4156,March-28-2023,Sales,30000,10.0000-10.1000,10.1,Issue,OMO,10.0000-10.1000,362 DAY,0,227968.111,30000,0,5th Week
2022-04-13,2187.776,Primary Market,April-13-2022,4-13-2022 91Day,4157,July-14-2022,Sales,4508.006,1.7000 - 4.2500,1.74,Slop,NTB,1.7000-1.7400,91 Day,0,11881.786,4508.006,0,3rd Week
2022-04-13,6947.787,Primary Market,April-13-2022,4-13-2022 182Day,4158,October-13-2022,Sales,10555.34,2.9500 - 5.7500,3,Slop,NTB,2.9500-3.0000,182 Day,0,20911.341,10555.34,0,3rd Week
2022-04-13,132120.467,Primary Market,April-13-2022,4-13-2022 364Day,4159,April-13-2023,Sales,143969.472,4.0000 - 8.7500,4.6,Slop,NTB,4.0000-4.6000,364 Day,0,227566.383,143969.472,0,3rd Week
2022-04-25,75000,Primary Market,April-25-2022,04-25-2022 10Year,4189,March-23-2025,Sales,74280,8.2000-12.0000,10,Issue,FGN BOND,8.2000-10.0000,10 YEAR,0,108430,74280,0,4th Week
2022-04-25,75000,Primary Market,April-25-2022,04-25-2022 10Year,4190,April-27-2030,Sales,65920,10.0000-13.2500,12.5,Issue,FGN BOND,10.0000-12.5000,10 YEAR,0,78220,65920,0,4th Week
2022-04-25,75000,Primary Market,April-25-2022,04-25-2022 20Year,4191,January-21-2042,Sales,79680,12.0000-14.0000,12.9,Issue,FGN BOND,12.0000-12.9000,20 YEAR,0,222760,79680,0,4th Week
2022-04-27,2684.833,Primary Market,April-27-2022,27-04-2022 91Day,4160,July-28-2022,Sales,2219.8,1.7400-4.2500,1.74,Issue,NTB,1.7400-1.7400,91 DAY,0,2665.8,2219.8,0,5th Week
2022-04-27,2018.65,Primary Market,April-27-2022,27-04-2022 182Day,4161,October-27-2022,Sales,8228.25,3.000-5.7500,3,Maginal,NTB,3.0000-3.0000,182 DAY,0,13584.251,8228.25,0,5th Week
2022-04-27,116268.774,Primary Market,April-27-2022,27-04-2022 364Day,4162,April-27-2023,Sales,119606.141,4.2500-7.0000,4.79,Issue,NTB,4.2500-4.7900,364 DAY,0,233279.494,119606.141,0,5th Week
2022-05-05,10000,OMO,May-05-2022,05-05-2022 110Day,4163,August-23-2022,Sales,10000,6.9000-7.0000,7,Issue,OMO,6.9000-7.0000,110 DAY,0,43891.667,10000,0,2nd Week
2022-05-05,10000,OMO,May-05-2022,05-05-2022 187Day,4164,November-08-2022,Sales,100000,8.4000-8.5000,8.5,Issue,OMO,8.4000-8.5000,187DAY,0,55991.667,100000,0,2nd Week
2022-05-05,30000,OMO,May-05-2022,05-05-2022 362Day,4165,May-02-2023,Sales,30000,10.0000-10.1000,10.1,Issue,OMO,10.0000-10.1000,362DAY,0,215180.885,30000,0,2nd Week
2022-05-11,1911.9,Primary Market,May-11-2022,11-05-2022 91Day,4166,August-11-2022,Sales,1018.499,1.7300-3.7500,1.74,Issue,NTB,1.7300-1.7400,91 DAY,0,1372.499,1018.499,0,3rd Week
2022-05-11,2998.516,Primary Market,May-11-2022,11-05-2022 182Day,4167,November-10-2022,Sales,2825.643,2.9900-5.2500,3,Issue,NTB,2.9900-3.0000,182 DAY,0,8029.643,2825.643,0,3rd Week
2022-05-11,122559.889,Primary Market,May-11-2022,11-05-2022 364Day,4168,May-11-2023,Sales,134019.981,4.5000-7.0000,4.7,Issue,NTB,4.5000-4.7000,364 Day,0,367721.517,134019.981,0,3rd Week
2022-05-12,5000,OMO,May-12-2022,5-12-2022 103Day,4169,August-23-2022,Sales,5000,6.9000-7.0000,7,Issue,OMO,6.9000-7.0000,103 Day,0,40900,5000,0,3rd Week
2022-05-12,5000,OMO,May-12-2022,5-12-2022 180Day,4170,November-08-2022,Sales,5000,8.4000-8.5000,8.5,Issue,OMO,8.4000-8.5000,180 Day,0,47100,5000,0,3rd Week
2022-05-12,20000,OMO,May-12-2022,5-12-2022 355Day,4171,May-02-2023,Sales,20000,10.0000-10.10000,10.1,Issue,OMO,10.000-10.1000,355 Day,0,224441.408,20000,0,3rd Week
2022-05-16,75000,Primary Market,May-16-2022,05-16-2022 10 Year,4198,March-23-2025,Sales,88920,9.0000-11.5000,10,Issue,FGN BONDS,10.0000-10.0000,10 YEARS,0,12592,8892,0,3rd Week
2022-05-16,75000,Primary Market,May-16-2022,05-16-2022 10 Year,4199,April-27-2032,Sales,85340,11.5000-13.2500,12.45,Issue,FGN BONDS,11.5000-13.2500,10 YEARS,0,115000,8534,0,3rd Week
2022-05-16,75000,Primary Market,May-16-2022,05-16-2022 20 Year,4200,January-21-2042,Sales,171000,12.0000-14.0000,13,Issue,FGN BONDS,12.0000-13.0000,20 YEARS,0,334710,171000,0,3rd Week
2022-05-25,5364.28,Primary Market,May-25-2022,05-25-2022 91DAY,4172,August-25-2022,Sales,3562.78,2.0000-4.2000,2.5,Issue,NTB,2.5000-4.2000,91 DAYS,0,23836.78,3562.78,0,4th Week
2022-05-25,3783.474,Primary Market,May-25-2022,05-25-2022 182DAY,4173,November-24-2022,Sales,1252.922,3.0000-5.7500,3.89,Issue,NTB,3.8900-5.7500,182 DAY,0,2313.922,1252.922,0,4th Week
2022-05-25,143884.922,Primary Market,May-25-2022,05-25-2022 364DAY,4174,May-25-2023,Sales,168666.291,4.5500-10.2499,6.49,Issue,NTB,6.4900-10.2499,364 DAY,0,210817.293,168666.291,0,4th Week
2022-05-26,5000,OMO,May-26-2022,5-26-2022 110 DAY,4175,September-13-2022,Sales,5000,6.9500-7.9700,7,Issue,OMO,6.9500-7.0000,110Day,0,13194,5000,0,4th Week
2022-05-26,5000,OMO,May-26-2022,5-26-2022 187Day,4176,November-29-2022,Sales,5000,8.4500-9.4700,8.5,Issue,OMO,8.4500-8.5000,187 Day,0,11294,5000,0,4th Week
2022-05-26,10000,OMO,May-26-2022,5-26-2022 355Day,4177,May-16-2023,Sales,10,10.0100-12.0000,10.01,Issue,OMO,10.0100-10.0100,355 Day,0,44131.598,10,0,4th Week
2022-06-02,10000,OMO,June-02-2022,06-02-2022 103DAY,4192,September-13-2022,Sales,10000,6.9500-7.0000,7,Issue,OMO,6.9500-7.0000,103Day,0,56790,10000,0,1st Week
2022-06-02,10000,OMO,June-02-2022,06-02-2022 180DAY,4193,November-29-2022,Sales,10000,6.9800-8.5000,8.5,Issue,OMO,6.9800-8.5000,180Day,0,69990,10000,0,1st Week
2022-06-02,20000,OMO,June-02-2022,06-02-2022 362DAY,4194,May-30-2023,Sales,20000,10000.0000-10.1000,10.1,Issue,OMO,10.0000-10.1000,362-DAY,0,211320,20000,0,1st Week
2022-06-08,2323.5,Primary Market,June-08-2022,6-8-2022 91Day,4195,September-08-2022,Sales,766.65,2.4900-3.7500,2.5,Issue,NTB,2.4900-2.5000,91 Day,0,1021.65,766.65,0,2nd Week
2022-06-08,7890.1,Primary Market,June-08-2022,6-8-2022 182Day,4196,December-08-2022,Sales,1935.259,3.500-6.3300,3.84,Issue,NTB,3.5000-3.8400,182 Day,0,6982.229,1935.259,0,2nd Week
2022-06-08,164106.064,Primary Market,June-08-2022,6-8-2022,4197,June-08-2022,Sales,179890.081,4.500-10.1000,6.44,Issue,NTB,4.5000-6.4400,364 Day,0,353898.665,179890.081,0,2nd Week
2022-06-15,5911.1,Primary Market,June-15-2022,6-15-2022 91Day,4201,September-15-2022,Sales,1442.15,2.4900-3.0000,2.49,Issue,NTB,2.4900-2.4900,91 Day,0,1642.15,1442.15,0,3rd Week
2022-06-15,1101.951,Primary Market,June-15-2022,6-15-2022 182Day,4202,December-15-2022,Sales,1284.65,3.7900-4.2500,3.79,Issue,NTB,3.7900-3.7900,182 Day,0,1757.851,1284.65,0,3rd Week
2022-06-15,27868.646,Primary Market,June-15-2022,6-15-2022 364Day,4203,June-16-2023,Sales,32154.897,5.500-8.4200,6.07,Issue,NTB,5.5000-6.0700,364 Day,0,175057.726,32154.897,0,3rd Week
2022-06-29,13881.555,Primary Market,June-29-2022,06-29-2022 91DAYS,4204,September-29-2022,Sales,12283.05,2.4000-7.2480,2.4,Issue,NTB,2.4000-2.4000,91 DAYS,0,13134.441,12283.05,0,5th Week
2022-06-29,2163.9,Primary Market,June-29-2022,06-29-2022 182DAYS,4205,December-29-2022,Sales,17156,3.4000-5.0000,3.79,Issue,NTB,3.4000-3.7900,182 DAY,0,17357,17156,0,5th Week
2022-06-29,158040.241,Primary Market,June-29-2022,06-29-2022 364DAYS,4206,June-29-2023,Sales,168211.622,5.5000-9.2500,6.07,Issue,NTB,5.5000-6.0700,364 DAY,0,297960.072,297960.072,0,5th Week
2022-07-13,4508.006,Primary Market,July-13-2022,07-13-2022 91Day,4207,October-13-2022,Sales,4273.386,2.4000-5.0000,2.75,Issue,NTB,2.4000-2.7500,91 DAY,0,4605.387,4273.386,0,3rd Week
2022-07-13,1457.973,Primary Market,July-13-2022,07-13-2022 182Day,4208,January-12-2023,Sales,1489.311,3.7000-6.0000,4,Issue,NTB,3.7000-4.0000,182 DAY,0,1943.312,1489.311,0,3rd Week
2022-07-13,137300.963,Primary Market,July-13-2022,07-13-2022 364Day,4209,July-13-2023,Sales,137504.245,5.5000-12.0000,7,Issue,NTB,5.5000-7.0000,364 Day,0,138911.607,137504.245,0,3rd Week
2022-07-18,75000,Primary Market,July-18-2022,07-18-2022 10 Year,4210,March-23-2025,Sales,5300,8.2000-12.5000,11,Issue,FGN BOND,8.2000-11.0000,10YEAR,0,11750,5300,0,4th Week
2022-07-18,75000,Primary Market,July-18-2022,07-18-2022 10 Year,4211,April-27-2032,Sales,17820,12.4000-15.0000,13,Issue,FGN BOND,12.4000-13.0000,10YEAR,0,25620,17820,0,4th Week
2022-07-18,75000,Primary Market,July-18-2022,07-18-2022 20 Year,4212,January-21-2042,Sales,100720,13.0000-14.5000,13.749,Issue,FGN BOND,13.0000-13.7490,20YEAR,0,104920,100720,0,4th Week
2022-07-27,2219.8,Primary Market,July-27-2022,07-27-2022 91Day,4213,October-27-2022,Sales,1693.361,2.4000-3.2500,2.8,Issue,NTB,2.4000-2.8000,91DAY,0,1861.361,1693.361,0,4th Week
2022-07-27,3536.2,Primary Market,July-27-2022,07-27-2022 182Day,4214,January-26-2023,Sales,1263.25,4.0000-6.0000,4.1,Issue,NTB,4.0000-4.1000,182DAY,0,1404.35,1263.25,0,5th Week
2022-07-27,258527.896,Primary Market,July-27-2022,07-27-2022 364Day,4215,July-27-2023,Sales,261327.285,6.0000-14.0490,7,Issue,NTB,6.0000-7.0000,364Day,0,317248.366,261327.285,0,5th Week
2022-08-10,1018.499,Primary Market,August-10-2022,08-10-2022 91Day,4216,November-10-2022,Sales,1151.614,2.7000 - 10.0000,3.5,Issue,NTB,2.7000 - 3.5000,91Day,0,1800.114,1151.614,0,2nd Week
2022-08-10,1820.092,Primary Market,August-10-2022,08-10-2022 182Day,4217,February-09-2023,Sales,1314.9,4.1000 - 7.0000,4.5,Issue,NTB,4.1000 - 4.5000,182Day,0,1688.9,1314.9,0,2nd Week
2022-08-10,147778.713,Primary Market,August-10-2022,08-10-2022 364Day,4218,August-10-2023,Sales,148150.79,6.0000 - 12.0000,7.45,Issue,NTB,6.0000 - 7.4500,364Day,0,184042.301,148150.79,0,2nd Week
2022-08-15,75000,Primary Market,August-15-2022,08-15-2022 10YEAR,4219,March-23-2025,Sales,4210,11.0000-14.5000,12.5,Issue,FGN BOND,11.0000-12.5000,10YEAR,0,23014,4210,0,3rd Week
2022-08-15,75000,Primary Market,August-15-2022,08-15-2022 10YEAR,4220,April-27-2032,Sales,28840,12.9500-15.0000,13.5,Issue,FGN BOND,12.9500-13.5000,10YEAR,0,40790,28840,0,3rd Week
2022-08-15,75000,Primary Market,August-15-2022,08-15-2022 20YEAR,4221,January-21-2042,Sales,167530,13.2000-15.0000,14,Issue,FGN BOND,13.2000-14.0000,20YEAR,0,183280,167530,0,3rd Week
2022-08-24,3562.78,Primary Market,August-24-2022,08-24-2022 91Day,4222,November-24-2022,Sales,2275.555,3.5000 - 6.0000,4,Issue,NTB,3.5000 - 4.0000,91Day,0,2479.555,2275.555,0,4th Week
2022-08-24,11032.25,Primary Market,August-24-2022,08-24-2022 182Day,4223,February-23-2023,Sales,10210,4.5000 - 7.5000,5,Issue,NTB,4.5000 - 5.0000,182Day,0,10465,10210,0,4th Week
2022-08-24,280934.106,Primary Market,August-24-2022,08-24-2022 364Day,4224,August-24-2023,Sales,283043.581,7.0000 - 12.9900,8.5,Issue,NTB,7.0000 - 8.5000,364Day,0,298176.581,283043.581,0,4th Week
2022-09-07,20766.65,Primary Market,September-07-2022,09-07-2022 91Day,4225,December-08-2022,Sales,1028.893,3.7999-6.5000,5.5,Issue,NTB,3.7999-5.5000,91 DAY,0,1130.893,1028.893,0,2nd Week
2022-09-07,31287.627,Primary Market,September-07-2022,09-07-2022 182Day,4226,March-09-2023,Sales,10554.288,4.7500-5.8500,5.85,Issue,NTB,4.7500-5.8500,182DAY,0,10554.288,10554.288,0,2nd Week
2022-09-07,162682.149,Primary Market,September-07-2022,09-07-2022 364Day,4227,September-07-2023,Sales,203153.245,7.0000-10.5000,10,Issue,NTB,7.0000-10.0000,364DAY,0,208870.778,203153.245,0,2nd Week
2022-09-14,11442.15,Primary Market,September-14-2022,09-14-2022 91Day,4228,December-15-2022,Sales,8500.15,4.5000-8.0000,5.5,Issue,NTB,4.5000-5.5000,91DAY,0,11276.61,8500.15,0,3rd Week
2022-09-14,21849.555,Primary Market,September-14-2022,09-14-2022 182Day,4229,March-16-2023,Sales,918.383,5.5000-9.7900,6,Issue,NTB,5.5000-6.0000,182DAY,0,4418.383,918.383,0,3rd Week
2022-09-14,126307.743,Primary Market,September-14-2022,09-14-2022 364Day,4230,September-14-2023,Sales,150180.915,8.0000-13.0000,9.75,Issue,NTB,8.0000-9.7500,364DAY,0,391635.406,150180.915,0,3rd Week
2022-09-15,5000,OMO,September-15-2022,09-15-2022 96DAY,4231,December-20-2022,Sales,5000,6.9800-7.0000,7,Issue,OMO,6.9800-7.0000,96DAY,0,17000,5000,0,3rd Week
2022-09-15,5000,OMO,September-15-2022,09-15-2022 194DAY,4232,March-28-2023,Sales,5000,8.4800-8.5000,8.5,Issue,OMO,8.4800-8.5000,194DAY,0,24500,5000,0,3rd Week
2022-09-15,10000,OMO,September-15-2022,09-15-2022 362DAY,4233,September-12-2023,Sales,10000,10.0100-10.1000,10.1,Issue,OMO,10.0100-10.1000,362DAY,0,121168,10000,0,3rd Week
2022-09-28,12283.05,Primary Market,September-28-2022,09-28-2022 91Day,4234,December-29-2022,Sales,2162.942,5.0000 - 9.0000,6.49,Issue,NTB,5.0000 - 6.4900,91DAY,0,2417.924,2162.924,0,5th Week
2022-09-28,20345.15,Primary Market,September-28-2022,09-28-2022 182DAY,4235,March-30-2023,Sales,3343.241,6.2500 - 10.0000,7.5,Issue,NTB,6.2500 - 7.5000,182DAY,0,3547.241,3343.241,0,5th Week
2022-09-28,108712.225,Primary Market,September-28-2022,09-28-2022 364DAY,4236,September-28-2023,Sales,173814.852,9.5000 - 20.0000,12,Issue,NTB,9.5000 - 12.0000,364DAY,0,233318.389,173814.852,0,5th Week
2022-10-12,14273.386,Primary Market,October-12-2022,10-12-2022 91Day,4237,January-12-2023,Sales,1546.116,6.4700 - 6.9950,6.47,Issue,NTB,6.4700 - 6.4700,91Day,0,1647.716,1546.116,0,3rd Week
2022-10-12,25555.34,Primary Market,October-12-2022,10-12-2022 182Day,4238,April-13-2023,Sales,2515.4,7.9000 - 8.0000,7.9,Issue,NTB,7.9000 - 1.9000,182Day,0,2618.484,2515.4,0,3rd Week
2022-10-12,151064.955,Primary Market,October-12-2022,10-12-2022 364Day,4239,October-12-2023,Sales,30756.393,6.9950 - 17.0000,13,Issue,NTB,6.9950 -13.0000,364Day,0,107670.118,30756.393,0,3rd Week
2022-10-26,31693.361,Primary Market,October-26-2022,10-26-2022 91DAY,4240,January-26-2023,Sales,1737.75,6.4600 - 9.0000,6.5,Issue,NTB,6.4600 - 6.5000,91DAY,0,2120.458,1737.75,0,5th Week
2022-10-26,58228.25,Primary Market,October-26-2022,10-26-2022 182DAY,4241,April-27-2023,Sales,10116.4,7.8900 - 10.0000,8.05,Issue,NTB,7.8900 - 8.0500,182DAY,0,10613.593,10116.4,0,5th Week
2022-10-26,150341.706,Primary Market,October-26-2022,10-26-2022 364DAY,4242,October-26-2023,Sales,97329.781,11.0000 - 17.0000,14.5,Issue,NTB,11.0000 - 14.5000,364DAY,0,124228.417,97329.781,0,5th Week
2022-11-09,21151.614,Primary Market,November-09-2022,11-09-2022 91Day,4243,February-09-2023,Sales,4522,6.2500 - 13.0000,6.5,Issue,NTB,6.2500 - 6.5000,91DAY,0,15137.534,4522,0,2nd Week
2022-11-09,32825.643,Primary Market,November-09-2022,11-09-2022 182DAY,4244,May-11-2023,Sales,5439.365,7.8500 - 10.0000,8.05,Issue,NTB,7.8500 - 8.0500,182Day,0,6359.33,5439.365,0,2nd Week
2022-11-09,139056.996,Primary Market,November-09-2022,11-09-2022 364Day,4245,November-09-2023,Sales,300162.662,11.8000 - 17.0000,13.99,Issue,NTB,11.8000 - 13.9900,364DAY,0,499421,300162.662,0,2nd Week
2022-11-10,5000,OMO,November-10-2022,11-10-2022 110Day,4246,February-28-2023,Sales,5000,6.9500 - 8.0000,7,Issue,OMO,6.9500 - 7.0000,110DAY,0,19000.3,5000,0,2nd Week
2022-11-10,5000,OMO,November-10-2022,11-10-2022 180DAY,4247,May-09-2023,Sales,5000,8.4900 - 11.0000,8.5,Issue,OMO,8.4900 - 8.5000,180DAY,0,18000.9,5000,0,2nd Week
2022-11-10,10000,OMO,November-10-2022,11-10-2022 334DAY,4248,October-10-2023,Sales,10000,10.0900 - 14.0000,10.1,Issue,OMO,10.0900 - 10.1000,334DAY,0,60000.17,10000,0,2nd Week
2022-11-23,32275.555,Primary Market,November-23-2022,11-23-2022 91Day,4249,February-23-2023,Sales,11677.78,6.0000-8.5000,6.5,Issue,NTB,6.0000-6.5000,91DAY,0,11968.808,11677.78,0,4th Week
2022-11-23,41252.922,Primary Market,November-23-2022,11-23-2022 182Day,4250,May-24-2023,Sales,1817.86,8.0500-9.5000,8.05,Issue,NTB,8.0500-8.0500,182DAY,0,3049.171,1817.86,0,4th Week
2022-11-23,139897.3,Primary Market,November-23-2022,11-23-2022 364Day,4251,November-23-2023,Sales,199930.137,11.5000-17.2300,14.84,Issue,NTB,11.5000-14.8400,364DAY,0,345232.553,199930.137,0,4th Week
2022-12-07,1028.893,Primary Market,December-07-2022,12-07-2022 91Day,4252,March-09-2023,Sales,1028.893,6.0000 - 13.0000,6.49,Issue,NTB,6.0000 - 6.4900,91Day,0,3484.765,1028.893,0,2nd Week
2022-12-07,1935.259,Primary Market,December-07-2022,12-07-2022 182Day,4253,June-08-2023,Sales,1935.259,7.4900 - 10.4000,8,Issue,NTB,7.4900 - 8.0000,182Day,0,2854.284,1935.259,0,2nd Week
2022-12-07,51392.617,Primary Market,December-07-2022,12-07-2022 Day364,4254,December-08-2023,Sales,101392.617,12.2900 - 16.4500,13.05,Issue,NTB,12.2900 - 13.0500,364Day,0,722133.8,101392.617,0,2nd Week
2022-12-14,8500.15,Primary Market,December-14-2022,12-14-2022 91Day,4255,March-16-2023,Sales,1101.072,5.5000 - 6.5000,5.5,Issue,NTB,5.5000 - 5.5000,91Day,0,26603.727,1101.072,0,3rd Week
2022-12-14,1284.65,Primary Market,December-14-2022,12-14-2022 182Day,4256,June-15-2023,Sales,1284.65,7.2500 - 8.4000,7.3,Issue,NTB,7.2500 - 7.3000,182Day,0,20313.223,1284.65,0,3rd Week
2022-12-14,3800,Primary Market,December-14-2022,12-14-2022 364Day,4257,December-14-2023,Sales,11199.078,9.4500 - 15.7600,9.89,Issue,NTB,9.4500 - 9.8900,364Day,0,399146.671,11199.078,0,3rd Week
2022-12-28,2162.924,Primary Market,December-28-2022,12-28-2022 91Day,4258,March-30-2023,Sales,2162.924,2.6990 - 6.0000,2.749,Issue,NTB,2.6990 - 2.7490,91Day,0,22397.733,2162.924,0,5th Week
2022-12-28,17156,Primary Market,December-28-2022,12-28-2022 182DAY,4259,June-29-2023,Sales,17156,6.0000 - 7.9500,7.15,Issue,NTB,6.0000 - 7.1500,182Day,0,20453.885,17156,0,5th Week
2022-12-28,48114.726,Primary Market,December-28-2022,12-28-2022 364Day,4260,December-28-2023,Sales,48114.726,7.0000 - 16.0000,8.49,Issue,NTB,7.0000 - 8.4900,364Day,0,307518.726,48114.726,0,5th Week
2022-12-29,5000,OMO,December-29-2022,12-29-2022 89Day,4261,March-28-2023,Sales,5000,6.8900 - 7.0000,7,Issue,OMO,6.8900 - 7.0000,89Day,0,21300,5000,0,5th Week
2022-12-29,5000,OMO,December-29-2022,12-29-2022 187Day,4262,July-04-2023,Sales,5000,8.4000 - 8.5000,8.5,Issue,OMO,8.40000 - 8.5000,187DAY,0,20800,5000,0,5th Week
2022-12-29,20000,OMO,December-29-2022,12-29-2022 362Day,4263,December-26-2023,Sales,20000,10.0000 - 10.1000,10,Issue,OMO,10.0000 - 10.0000,362Day,0,123550,20000,0,5th Week
2023-01-11,1546.116,Primary Market,January-11-2023,01-11-2023 91Day,4264,April-13-2023,Sales,3154.326,2.0000 - 9.2400,2,Issue,NTB,2.0000 - 2.0000,91Day,0,22400.328,3154.326,0,2nd Week
2023-01-11,1489.311,Primary Market,January-11-2023,01-11-2023 182Day,4265,July-13-2023,Sales,1489.311,4.3300 - 7.4500,4.33,Issue,NTB,4.3300 - 4.3300,182Day,0,56201.754,1489.311,0,2nd Week
2023-01-11,53899.205,Primary Market,January-11-2023,01-11-2023 364Day,4266,January-11-2024,Sales,52290.995,6.0000 - 16.0000,7.3,Issue,NTB,6.0000 - 7.3000,364Day,0,310438.816,52290.995,0,2nd Week
2023-01-25,1737.75,Primary Market,January-25-2023,01-25-2023 91DAY,4267,April-27-2023,Sales,1737.75,0.2900-4.5000,0.29,Slop,NTB,0.2900-0.2900,91 DAYS,0,94250.379,1737.75,0,4th Week
2023-01-25,1263.25,Primary Market,January-25-2023,01-25-2023 182DAY,4268,July-27-2023,Sales,1263.25,1.8000-5.3490,1.8,Slop,NTB,1.8000-1.8000,182 DAY,0,89616.338,1263.25,0,4th Week
2023-01-25,217532.85,Primary Market,January-25-2023,01-25-2023 364DAY,4269,January-25-2024,Sales,217532.85,3.9600-13.4300,4.78,Slop,NTB,3.9600-4.7800,364 DAY,0,860352.804,217532.85,0,4th Week
2023-01-30,9000,Primary Market,January-30-2023,01-30-2023 10YEAR,4363,February-23-2028,Sales,1440.533,11.8000 - 15.1000,14,Issue,FGN BOND,11.8000-14.0000,10 YEARS,0,1910.983,1440.533,0,5th Week
2023-01-30,9000,Primary Market,January-30-2023,01-30-2023 10YEAR,4364,April-27-2032,Sales,6500.044,13.2400 - 15.9000,14.9,Issue,FGN BOND,13.2400 - 14.9000,10 YEAR,0,9100.144,6500.044,0,5th Week
2023-01-30,9000,Primary Market,January-30-2023,01-30-2023 20 YEAR,4365,April-18-2037,Sales,2320.466,14.0000 - 17.0000,15.8,Issue,FGN BOND,14.0000 - 15.8000,20 YEAR,0,2600.466,2320.466,0,5th Week
2023-01-30,90000,Primary Market,January-30-2023,01-30-2023 30YEAR,4366,April-26-2049,Purchases,2200.574,14.0000 - 17.5000,15.9,Issue,FGN BOND,14.00 - 15.90,30 YEAR,0,2610.573,2200.574,0,5th Week
2023-02-08,4522,Primary Market,February-08-2023,02-08-2023 91Day,4270,May-11-2023,Sales,4522,0.1000 - 5.5000,0.1,Issue,NTB,0.1000 - 0.1000,91Day,0,9837.922,4522,0,2nd Week
2023-02-08,1314.9,Primary Market,February-08-2023,02-08-2023 182Day,4271,August-10-2023,Sales,1314.9,0.3000 - 6.5000,0.3,Issue,NTB,0.3000 - 0.3000,182Day,0,15044.864,1314.9,0,2nd Week
2023-02-08,211227.3,Primary Market,February-08-2023,02-08-2023 364Day,4272,February-08-2024,Sales,411227.3,1.4990 - 17.5000,2.24,Issue,NTB,1.4990 - 2.2400,364Day,0,1031200.302,411227.3,0,2nd Week
2023-02-13,90000,Primary Market,February-13-2023,02-13-2023 10 YEAR,4367,April-26-2049,Sales,2570.406,12.0000 - 17.5000,13.99,Issue,FGN BOND,12.0000 - 13.9900,10 YEARS,0,2960.214,2570.406,0,2nd Week
2023-02-13,9000,Primary Market,February-13-2023,02-13-2023 10YEAR,4368,April-27-2032,Sales,5100.123,14.0000 - 17.5000,14.9,Issue,FGN BOND,14.0000 - 14.9000,10 YEAR,0,7700.998,5100.123,0,2nd Week
2023-02-13,9000,Primary Market,February-13-2023,02-13-2023 20YEAR,4369,April-18-2037,Sales,2200.559,14.9000 - 17.5000,15.9,Issue,FGN BOND,14.9000 - 15.9000,20 YEAR,0,2960.619,2200.559,0,2nd Week
2023-02-13,9000,Primary Market,February-13-2023,13-02-2023 30YEAR,4372,April-26-2049,Sales,241000.473,14.8800 - 17.5000,16,Issue,FGN BOND,14.8800 - 16.0000,30 YEAR,0,321000.274,241000.473,0,2nd Week
2023-02-22,11677.78,Primary Market,February-22-2023,02-23-2023 91Day,4273,May-25-2023,Sales,9962.53,1.9900 - 7.0000,3,Issue,NTB,1.9900 - 3.0000,91Day,0,15532.53,9962.53,0,4th Week
2023-02-22,10210,Primary Market,February-22-2023,02-23-2023 182Day,4274,August-24-2023,Sales,10210,2.9900 - 7.1500,3.24,Issue,NTB,2.9900 - 3.2400,182Day,0,17551.902,10210,0,4th Week
2023-02-22,241614.25,Primary Market,February-22-2023,02-23-2023 364Day,4275,February-22-2024,Sales,243329.5,3.7000 - 12.4700,9.9,Issue,NTB,3.7000 - 9.9000,364DAY,0,263667.901,243329.5,0,4th Week
2023-03-08,1028.893,Primary Market,March-08-2023,03-08-2023 91DAY,4276,June-08-2023,Sales,1028.893,1.0000 - 5.9000,1.44,Issue,NTB,1.0000 - 1.4400,91DAY,0,4353.517,1028.893,0,2nd Week
2023-03-08,10554.288,Primary Market,March-08-2023,03-08-2023 182DAY,4277,September-07-2023,Sales,10554.288,2.1900 -9.9000,6,Issue,NTB,2.1900 - 6.0000,182DAY,0,11308.093,10554.288,0,2nd Week
2023-03-08,212920.474,Primary Market,March-08-2023,03-08-2023 364DAY,4278,March-07-2024,Sales,312920.474,5.7400 - 15.9800,10,Issue,NTB,5.7400 - 10.0000,364DAY,0,890549.757,312920.474,0,2nd Week
2023-03-15,1101.072,Primary Market,March-15-2023,03-15-2023 91Day,4279,June-15-2023,Sales,1101.072,2.4500 - 4.5000,2.55,Issue,NTB,2.4500 - 2.5500,91DAY,0,70846.51,1101.072,0,3rd Week
2023-03-15,918.383,Primary Market,March-15-2023,03-15-2023 182DAY,4280,September-14-2023,Sales,918.383,4.4900 - 7.0000,5,Issue,NTB,4.4900 - 5.0000,182Day,0,17846.431,918.383,0,3rd Week
2023-03-15,159845.791,Primary Market,March-15-2023,03-15-2023 364DAY,4281,March-14-2024,Sales,159845.791,8.0000 - 16.0000,9.49,Issue,NTB,8.0000 - 9.4900,364DAY,0,1007174.97,159845.791,0,3rd Week
2023-03-20,90000,Primary Market,March-20-2023,03-20-2023 10YEAR,4374,February-23-2028,Sales,70000.851,12.9990 - 15.5000,14,Issue,FGN BOND,12.9990 - 14.0000,10 YEAR,0,72000.751,70000.851,0,3rd Week
2023-03-20,90000,Primary Market,March-20-2023,03-20-2023 10YEAR,4375,April-27-2032,Sales,21000.759,12.9900 - 14.9000,14.75,Issue,FGN BOND,12.9900 - 14.7500,10 YEAR,0,300000.859,21000.759,0,3rd Week
2023-03-20,90000,Primary Market,March-20-2023,03-20-2023 20YEAR,4377,April-18-2037,Sales,144000.243,14.0000 - 16.4000,15.2,Issue,FGN BOND,14.0000 - 15.2000,20 YEAR,0,355000.633,144000.243,0,3rd Week
2023-03-20,90000,Primary Market,March-20-2023,03-20-2023 30YEAR,4378,April-26-2049,Sales,326000.509,15.5000 - 16.9000,15.75,Issue,FGN BOND,15.5000 - 15.7500,30YEAR,0,349000.369,326000.509,0,3rd Week
2023-03-29,2162.924,Primary Market,March-29-2023,03-29-2023 91DAY,4282,June-29-2023,Sales,1746.83,3.000 - 6.0000,6,Issue,NTB,3.0000 - 6.0000,91DAY,0,1746.83,1746.83,0,5th Week
2023-03-29,3343.241,Primary Market,March-29-2023,03-29-2023 182DAY,4283,September-28-2023,Sales,1560.401,4.8500 - 8.0000,8,Issue,NTB,4.8500 - 8.0000,182Day,0,1560.401,1560.401,0,5th Week
2023-03-29,139963.295,Primary Market,March-29-2023,03-29-2023 364Day,4284,March-28-2024,Sales,142162.229,8.7500 - 19.0000,14.74,Issue,NTB,8.7500 - 14.7400,364 DAY,0,165277.509,142162.229,0,5th Week
2023-04-12,3154.326,Primary Market,April-12-2023,04-12-2023 91 DAYS,4285,July-13-2023,Sales,2777.581,6.0000 - 8.0000,6,Issue,NTB,6.0000 - 6.0000,91Day,0,3777.581,2777.581,0,2nd Week
2023-04-12,2515.4,Primary Market,April-12-2023,04-12-2023 182DAYS,4286,October-12-2023,Sales,3023.35,8.0000 - 9.7500,8,Issue,NTB,8.0000 - 8.0000,182Day,0,3123.35,3023.35,0,2nd Week
2023-04-12,143969.472,Primary Market,April-12-2023,04-12-2023 364DAY,4287,November-04-2024,Sales,143838.267,10.0000 - 19.0000,14.7,Issue,NTB,10.0000 - 14.7000,364 DAY,0,273452.887,143838.267,0,2nd Week
2023-04-17,4000.663,Primary Market,April-17-2023,04-17-2023 10YEAR,4370,February-23-2028,Sales,4000.663,13.7500-14.5000,14,Issue,FGN BOND,13.7500-14.0000,10YEAR,0,14000.056,4000.663,0,3rd Week
2023-04-17,90000,Primary Market,April-17-2023,04-17-2023 10YEAR,4371,April-27-2032,Sales,20000.059,13.9300-15.5000,14.8,Issue,FGN BOND,13.9300-14.8000,10YEAR,0,50000.109,20000.059,0,3rd Week
2023-04-17,90000,Primary Market,April-17-2023,04-17-2023 20YEAR,4373,January-21-2024,Sales,95000.373,13.0000-16.3000,15.4,Issue,FGN BOND,13.000-15.4000,20YEAR,0,101000.97,950000.373,0,3rd Week
2023-04-17,90000,Primary Market,April-17-2023,04-17-2023 30YEAR,4376,March-27-2050,Sales,266000.206,14.7400-17.0000,15.8,Issue,FGN BOND,14.7400-17.0000,30YEAR,0,322000.896,266000.206,0,3rd Week
2023-04-26,1737.75,Primary Market,April-26-2023,04-26-2023 91DAY,4288,July-27-2023,Sales,1737.75,4.0000 - 6.0000,5.3,Issue,NTB,4.0000 - 5.3000,91Day,0,3217.963,1737.75,0,4th Week
2023-04-26,10116.4,Primary Market,April-26-2023,04-26-2023 182Day,4289,October-26-2023,Sales,7954.579,5.0000 - 8.0000,8,Issue,NTB,5.0000 - 8.0000,182Day,0,7954.579,7954.579,0,4th Week
2023-04-26,119606.141,Primary Market,April-26-2023,04-26-2023 364Day,4290,April-25-2024,Sales,121767.962,8.8900 - 16.5000,10.17,Issue,NTB,8.8900 - 10.1700,364 DAY,0,807928.781,121767.962,0,4th Week
2023-05-10,4522,Primary Market,May-10-2023,5-10-2023 91DAY,4291,August-10-2023,Sales,4522,3.4990-6.0000,4.5,Issue,NTB,3.4990-4.5000,91 DAY,0,23194.881,4522,0,2nd Week
2023-05-10,5439.365,Primary Market,May-10-2023,5-10-2023 182DAY,4292,November-09-2023,Sales,5439.365,4.6500-8.0000,6.44,Issue,NTB,4.6500-6.4400,182 DAY,0,41935.531,5439.365,0,2nd Week
2023-05-10,134019.981,Primary Market,May-10-2023,5-10-2023 364DAY,4293,May-09-2024,Sales,134019.981,8.0100-16.0000,8.99,Issue,NTB,8.0100-8.9900,364 Day,0,755723.741,134019.981,0,2nd Week
2023-05-15,90000,Primary Market,May-15-2023,05-15-2023 10YEAR,4379,February-23-2028,Sales,61000.911,13.6800-15.0000,14.1,Issue,FGN BOND,13.6800-14.1000,10YEAR,0,74000.597,61000.911,0,3rd Week
2023-05-15,90000,Primary Market,May-15-2023,05-15-2023 20YEAR,4381,January-21-2042,Sales,53000.162,14.5000-16.0000,15.69,Issue,FGN BOND,14.5000-15.6900,20YEAR,0,53000.862,53000.162,0,3rd Week
2023-05-15,90000,Primary Market,May-15-2023,05-15-2023 30YEAR,4382,March-27-2050,Sales,243000.692,14.5000-16.5000,15.8,Issue,FGN BOND,14.5000-15.8000,30YEAR,0,340000.264,243000.692,0,3rd Week
2023-05-17,90000,Primary Market,May-17-2023,05-17-2023 10YEAR,4380,April-27-2032,Sales,94000.5,13.9300 - 15.5000,14.8,Issue,FGN BOND,13.9300-14.8000,10YEAR,0,5000.109,2000.059,0,3rd Week
2023-05-24,9962.53,Primary Market,May-24-2023,24-05-2023 91DAY,4294,August-24-2023,Sales,9962.53,2.2900-5.2500,2.29,Issue,NTB,2.2900-2.2900,91 DAY,0,33536.293,9962.53,0,4th Week
2023-05-24,1817.86,Primary Market,May-24-2023,24-05-2023 182DAY,4295,November-23-2023,Sales,1817.86,4.9800-12.0000,4.99,Issue,NTB,4.9800-4.9900,182 DAY,0,746039.319,1817.86,0,4th Week
2023-05-24,168666.291,Primary Market,May-24-2023,24-05-2023 364DAY,4296,May-23-2024,Sales,168666.291,6.8900-16.5000,7.99,Issue,NTB,6.8900-7.9900,364 DAY,0,746039.319,168666.291,0,4th Week
2023-06-07,1028.893,Primary Market,June-07-2023,07-06-2023 91DAY,4297,September-07-2023,Sales,1028.893,2.2170-60000,4.48,Issue,NTB,2.2170-4.4800,91 DAY,0,8262.032,1028.893,0,1st Week
2023-06-07,1935.259,Primary Market,June-07-2023,07-06-2023 182DAY,4298,December-07-2023,Sales,1935.259,4.4200-8.2000,6,Issue,NTB,4.4200-6.0000,182 DAY,0,6322.186,1935.259,0,1st Week
2023-06-07,179890.081,Primary Market,June-07-2023,07-06-2023 364DAY,4299,June-06-2024,Sales,179890.081,7.3500-18.0000,9.45,Issue,NTB,7.3500-9.4500,364 DAY,0,815609.845,179890.081,0,1st Week
2023-06-14,1101.072,Primary Market,June-14-2023,14-06-2023 91DAY,4300,September-14-2023,Sales,1101.072,3.4000-6.0000,4.89,Issue,NTB,3.4000-4.8900,91 DAY,0,1581.153,1101.072,0,3rd Week
2023-06-14,1284.65,Primary Market,June-14-2023,14-06-2023 182DAY,4301,December-14-2023,Sales,1284.65,4.4000-8.0120,5.12,Issue,NTB,4.4000-5.1200,182DAY,0,7272.1,1284.65,0,3rd Week
2023-06-14,32154.897,Primary Market,June-14-2023,14-06-2023 364DAY,4302,June-13-2024,Sales,32154.897,7.7800-15.6200,8.24,Issue,NTB,7.7800-8.2400,364DAY,0,277271.961,32154.897,0,3rd Week
2023-06-19,90000,Primary Market,June-19-2023,06-19-2023 10YEAR,4383,June-26-2029,Sales,86000.382,12.4900-17.0000,13.9,Issue,FGN BOND,12.4900-13.9000,10YEAR,0,154000.34,86000.382,0,4th Week
2023-06-19,90000,Primary Market,June-19-2023,06-19-2023 10YEAR,4384,June-21-2033,Sales,18000.57,12.5000-16.2500,14.7,Issue,FGN BOND,12.5000-14.7000,10YEAR,0,34000.453,18000.57,0,3rd Week
2023-06-19,90000,Primary Market,June-19-2023,06-19-2023 15YEAR,4385,June-21-2038,Sales,100000.643,13.0000-16.7500,15.45,Issue,FGN BOND,13.0000-15.4500,15YEAR,0,152000.612,100000.643,0,3rd Week
2023-06-19,90000,Primary Market,June-19-2023,06-19-2023 30YEAR,4386,June-21-2053,Sales,2210.562,14.6000-16.8000,15.7,Issue,FGN BOND,14.6000-15.7000,30YEAR,0,2930.712,2210.562,0,3rd Week
2023-06-30,1746.83,Primary Market,June-30-2023,06-30-2023 91DAY,4303,September-28-2023,Sales,1746.83,2.2400 - 6.0000,2.87,Issue,NTB,2.2400 - 2.8700,91DAY,0,7149.776,1746.83,0,5th Week
2023-06-30,17156,Primary Market,June-30-2023,06-30-2023 182Day,4304,December-28-2023,Sales,17156,3.8000 - 6.0000,4.37,Issue,NTB,3.8000 - 4.3700,182DAY,0,37426.8,17156,0,5th Week
2023-06-30,168211.622,Primary Market,June-30-2023,06-30-2023 364DAY,4305,June-27-2024,Sales,168211.622,4.4990 - 15.6200,6.23,Issue,NTB,4.4990 - 6.2300,364 DAY,0,708888.9,168211.622,0,5th Week
2023-07-12,2777.581,Primary Market,July-12-2023,12-07-2023 91DAY,4306,October-12-2023,Sales,2777.581,2.0000-6.0000,2.86,Issue,NTB,2.0000-2.8600,91DAY,0,5862.381,2777.581,0,3rd Week
2023-07-12,1489.311,Primary Market,July-12-2023,12-07-2023 182DAY,4307,January-11-2024,Sales,1489.311,3.5000-6.0000,3.5,Issue,NTB,3.5000-3.5000,182DAY,0,31377.412,1489.311,0,3rd Week
2023-07-12,137504.245,Primary Market,July-12-2023,12-07-2023 364DAY,4308,July-11-2024,Sales,137504.245,5.2490-15.6200,5.94,Issue,NTB,5.2490-5.9400,364DAY,0,654621.809,137504.245,0,3rd Week
2023-07-26,1737.75,Primary Market,July-26-2023,07-26-2023 91Day,4309,October-26-2023,Sales,2846.504,2.5000 - 6.0000,6,Issue,NTB,2.5000 - 8.0000,91Day,0,7846.504,2846.504,0,4th Week
2023-07-26,1263.25,Primary Market,July-26-2023,02-23-2023 182Day,4310,January-25-2024,Sales,6437.75,3.5000 - 8.0000,8,Issue,NTB,3.5000 - 8.0000,182Day,0,6437.75,6437.75,0,4th Week
2023-07-26,261327.285,Primary Market,July-26-2023,07-26-2023 364Day,4311,July-25-2024,Sales,255044.031,3.5000 - 12.1500,12.15,Issue,NTB,3.5000 -16.9300,364 DAY,0,383884.513,255044.031,0,4th Week
2023-08-09,4522,Primary Market,August-09-2023,08-09-2023 91Day,4324,November-09-2023,Sales,4522,2.8 - 5.0,5,Issue,NTB,2.8 - 12.00,91 DAY,0,13836.384,4522,0,2nd Week
2023-08-09,1314.9,Primary Market,August-09-2023,08-09-2023 182 Day,4325,February-08-2024,Sales,1314.9,5.9000 - 5.9000,5.9,Issue,NTB,5.9000 - 10.0000,182 DAY,0,14777.145,1314.9,0,2nd Week
2023-08-09,148150.79,Primary Market,August-09-2023,08-09-2023 364 Day,4326,August-08-2024,Sales,148150.79,8.5000 - 9.8000,9.8,Issue,NTB,8.5000 - 16.0700,364 Day,0,807677.682,148150.79,0,2nd Week
2023-08-10,30000,OMO,August-10-2023,08-10-2023 96 Day,4327,November-14-2023,Sales,30000,6.0000 - 13.0000,10,Issue,OMO,6.0000 - 10.0000,96 DAY,0,48000,30000,0,2nd Week
2023-08-10,40000,OMO,August-10-2023,08-10-2023 187 Day,4328,December-13-2024,Sales,40000,7.9000 - 12.9800,12.98,Issue,OMO,7.9000-12.9800,187 DAY,0,67900,40000,0,2nd Week
2023-08-10,80000,OMO,August-10-2023,08-10-2023 362 Day,4329,August-06-2024,Sales,80000,8.9800 - 14.4900,14.49,Issue,OMO,8.9800 - 14.4900,362 DAY,0,191530.117,80000,0,2nd Week
2023-08-23,9962.53,Primary Market,August-23-2023,08-23-2023 91Day,4330,November-23-2023,Sales,9962.53,4.0200 - 8.0000,5.19,Issue,NTB,4.0200 - 5.1900,91Day,0,17241.38,9962.53,0,4th Week
2023-08-23,10210,Primary Market,August-23-2023,08-23-2023 182Day,4331,February-22-2024,Sales,10210,5.4990 - 14.6900,8,Issue,NTB,5.4990 - 8.0000,182Day,0,12353.583,10210,0,4th Week
2023-08-23,283043.581,Primary Market,August-23-2023,08-23-2023 364Day,4332,August-22-2024,Sales,283043.581,9.0000 - 18.9900,13.97,Issue,NTB,9.0000 - 13.9700,364 DAY,0,1513565.494,283043.581,0,4th Week
2023-09-06,1028.893,Primary Market,September-06-2023,06-09-2023 91DAY,4333,December-07-2023,Sales,1028.893,4.5000-5.7000,4.5,Issue,NTB,4.5000-4.5000,91DAY,0,4629.881,1028.893,0,2nd Week
2023-09-06,10554.288,Primary Market,September-06-2023,06-09-2023 182DAY,4334,March-07-2024,Sales,10554.288,5.5000-12.8900,7,Issue,NTB,5.5000-7.0000,182DAY,0,39165.229,10554.288,0,2nd Week
2023-09-06,203153.245,Primary Market,September-06-2023,06-09-2023 364DAY,4335,September-05-2024,Sales,203153.245,9.0000-17.0000,12.55,Issue,NTB,9.0000-12.5500,364DAY,0,831948.481,203153.245,0,2nd Week
2023-09-13,1101.072,Primary Market,September-13-2023,09-13-2023 91DAY,4336,December-14-2023,Sales,1101.072,4.0000-6.5000,6.5,Issue,NTB,4.0000-6.5000,91 DAYS,0,1274.076,1101.072,0,3rd Week
2023-09-13,918.383,Primary Market,September-13-2023,09-13-2023 182DAY,4337,March-14-2024,Sales,918.383,7.0000-8.0000,7,Issue,NTB,7.0000-7.0000,182 DAY,0,3931.874,918.383,0,3rd Week
2023-09-13,150180.915,Primary Market,September-13-2023,09-13-2023 364DAY,4338,September-12-2024,Sales,150180.915,5.0000-17.0500,12.98,Issue,NTB,5.0000-12.9800,364 DAY,0,638670.843,150180.915,0,3rd Week
2023-09-28,1746.83,Primary Market,September-28-2023,09-28-2023 91Day,4339,December-28-2023,Sales,1746.83,3.400 - 7.0000,4.99,Issue,NTB,3.4000 - 4.9900,91Day,0,7077.31,1746.83,0,4th Week
2023-09-28,1560.401,Primary Market,September-28-2023,09-28-2023 182Day,4340,March-28-2024,Sales,1560.401,6.4000 - 8.5000,6.55,Issue,NTB,6.4000 - 6.5500,182Day,0,6636.94,1560.401,0,4th Week
2023-09-28,173814.852,Primary Market,September-28-2023,09-28-2023 364Day,4341,September-26-2024,Sales,173814.852,10.0000 - 14.9300,11.37,Issue,NTB,10.0000 - 11.3700,364 DAY,0,773071.269,173814.852,0,4th Week
2023-10-11,2777.581,Primary Market,October-11-2023,11-10-2023 91DAY,4342,January-11-2024,Sales,2777.581,2.7000-12.0000,3.67,Issue,NTB,2.7000-3.6700,91DAY,0,5655.293,2777.581,0,3rd Week
2023-10-11,3023.35,Primary Market,October-11-2023,11-10-2023 182DAY,4343,April-11-2024,Sales,3023.35,4.9700-7.0000,5.11,Issue,NTB,4.9700-5.1100,182DAY,0,9652.1,3023.35,0,3rd Week
2023-10-11,30756.393,Primary Market,October-11-2023,11-10-2023 364DAY,4344,October-10-2024,Sales,30756.393,8.2300-15.9300,9.25,Issue,NTB,8.2300-9.2500,364DAY,0,305833.315,30756.393,0,3rd Week
2023-10-25,2846.504,Primary Market,October-25-2023,25-10-2023 91DAY,4345,January-25-2024,Sales,7846.504,3.5000-14.2400,5.999,Issue,NTB,3.5000-5.9990,91DAY,0,28634.683,7846.504,0,5th Week
2023-10-25,7954.579,Primary Market,October-25-2023,25-10-2023 182DAY,4346,April-25-2024,Sales,12954.579,5.0000-14.1500,9,Issue,NTB,5.0000-9.0000,182DAY,0,14473.9,12954.579,0,5th Week
2023-10-25,97329.781,Primary Market,October-25-2023,25-10-2023 364DAY,4347,October-24-2024,Sales,349537.405,8.000-17.9800,13,Issue,NTB,8.0000-13.0000,364DAY,0,615023.818,349537.405,0,5th Week
2023-10-30,75000,OMO,October-30-2023,30-10-2023 99DAY,4348,February-06-2024,Sales,25000,13.9900-16.0000,13.99,Issue,OMO,13.9900-13.9900,99DAY,0,81500,25000,0,5th Week
2023-10-30,75000,OMO,October-30-2023,30-10-2023 183DAY,4349,April-30-2024,Sales,25000,14.4900-16.7500,14.49,Issue,OMO,14.4900-14.4900,183DAY,0,104250,25000,0,5th Week
2023-10-30,100000,OMO,October-30-2023,30-10-2023 267DAY,4350,July-23-2024,Sales,25000,13.5000-17.0000,15,Issue,OMO,13.5000-15.0000,267DAY,0,103500,25000,0,5th Week
2023-10-30,150000,OMO,October-30-2023,30-10-2023 365DAY,4351,October-29-2024,Sales,325000,14.9000-18.5000,17.5,Issue,OMO,14.9000-17.5000,365DAY,0,343500,325000,0,5th Week
2023-11-01,50000,OMO,November-01-2023,01-11-2023 97DAY,4352,February-06-2024,Sales,1000,13.9800-13.9800,13.98,Issue,OMO,13.9800-13.9800,97DAY,0,1000,1000,0,1st Week
2023-11-01,50000,OMO,November-01-2023,01-11-2023 181DAY,4353,April-30-2024,Sales,11000,14.3800-18.0000,14.48,Issue,OMO,14.3800-14.4800,181DAY,0,15500,11000,0,1st Week
2023-11-01,50000,OMO,November-01-2023,01-11-2023 265DAY,4354,July-23-2024,Sales,11000,14.9600-160000,14.99,Issue,OMO,14.9600-14.9900,265DAY,0,11250,11000,0,1st Week
2023-11-01,100000,OMO,November-01-2023,01-11-2023 342DAY,4355,October-29-2024,Sales,54200,17.3900-19.5000,17.98,Issue,OMO,17.3900-17.9800,342DAY,0,100200,54200,0,1st Week
2023-11-08,4522,Primary Market,November-08-2023,11-08-2023 91Day,4356,February-08-2024,Sales,4522,6.0000 - 17.6500,7,Issue,NTB,6.0000-7.0000,91Day,0,16046.75,4522,0,2nd Week
2023-11-08,5439.365,Primary Market,November-08-2023,11-08-2023 182Day,4357,May-09-2024,Sales,5439.365,9.5000 - 14.8200,11,Issue,NTB,9.5000 - 11.0000,182Day,0,32959.811,5439.365,0,2nd Week
2023-11-08,300162.662,Primary Market,November-08-2023,11-08-2023 364Day,4358,November-07-2024,Sales,487238.703,12.0000 - 20.5000,16.75,Issue,NTB,12.0000 - 16.7500,364DAY,0,826786.7,487238.703,0,2nd Week
2023-11-22,9962.53,Primary Market,November-22-2023,11-22-2023 91DAY,4359,February-22-2024,Sales,11962.53,7.0000-10.0000,8,Issue,NTB,7.0000-8.0000,91 DAYS,0,12620.85,11962.53,0,4th Week
2023-11-22,1817.86,Primary Market,November-22-2023,11-22-2023 182DAY,4360,May-23-2024,Sales,9297.86,11.0000-13.5000,12,Issue,NTB,11.0000-12.0000,182 DAY,0,10052.906,9297.86,0,4th Week
2023-11-22,199930.137,Primary Market,November-22-2023,11-22-2023 364DAY,4361,November-21-2024,Sales,540450.137,14.3500-20.0000,16.75,Issue,NTB,14.3500-20.0000,364 DAY,0,1208465.446,540450.137,0,4th Week
2023-12-06,1028.893,Primary Market,December-06-2023,12-6-2023 91DAY,4387,March-07-2024,Sales,14417.91,6.5000-9.0000,9,Issue,NTB,6.5000-9.0000,91 DAY,0,14417.91,14417.91,0,2nd Week
2023-12-06,1935.259,Primary Market,December-06-2023,12-6-2023 182DAY,4388,June-06-2024,Sales,26817.406,9.9900-13.0000,13,Slop,NTB,9.9900-13.0000,182 DAY,0,26817.406,26817.406,0,2nd Week
2023-12-06,101392.617,Primary Market,December-06-2023,12-6-2023 364DAY,4389,December-05-2024,Sales,563121.453,14.0000-18.6400,15.75,Slop,NTB,14.0000-15.7500,364 DAY,0,1722169.639,563121.453,0,2nd Week
2023-12-13,1101.072,Primary Market,December-13-2023,12-13-2023 91DAY,4390,March-14-2024,Sales,728.17,6.2500-9.4000,6.25,Slop,NTB,6.2500-6.2500,91 DAY,0,43584.297,728.17,0,3rd Week
2023-12-13,1284.65,Primary Market,December-13-2023,12-13-2023 182DAY,4391,June-13-2024,Sales,6345.471,9.5000-14.6000,11,Slop,NTB,9.5000-11.0000,182 DAY,0,50396.029,6345.471,0,3rd Week
2023-12-13,11199.078,Primary Market,December-13-2023,12-13-2023 364DAY,4392,December-12-2024,Sales,256511.159,3.7400-20.0000,13.5,Slop,NTB,3.7400-13.5000,364 DAY,0,1478019.389,256511.159,0,3rd Week
2023-12-20,25000,OMO,December-20-2023,20-12-2023 90DAY,4393,March-19-2024,Sales,0,12.5000-17.0000,0,Issue,OMO,12.5000-12.5000,90DAY,0,34000,0,0,4th Week
2023-12-20,25000,OMO,December-20-2023,20-12-2023 181DAY,4394,June-18-2024,Sales,15000,12.0000-14.5900,12,Issue,OMO,12.0000-12.0000,181DAY,0,62000,15000,0,4th Week
2023-12-20,50000,OMO,December-20-2023,20-12-2023 356DAY,4395,December-10-2024,Sales,85800,14.9000-17.5000,15,Issue,OMO,14.9000-15.0000,356DAY,0,326800,85800,0,4th Week
2023-12-27,1746.83,Primary Market,December-27-2023,12-27-2023 91Day,4396,March-28-2024,Sales,17606.519,3.3000 - 17.0100,7,Issue,NTB,3.3000 - 7.0000,91Day,0,18806.519,17606.519,0,5th Week
2023-12-27,17156,Primary Market,December-27-2023,12-27-2023 182Day,4397,June-27-2024,Sales,30671.051,6.5000 - 13.3000,10,Issue,NTB,6.5000 - 10.0000,182Day,0,50396.851,30671.051,0,5th Week
2023-12-27,48114.726,Primary Market,December-27-2023,12-27-2023 364Day,4398,December-26-2024,Sales,268739.986,9.8700 - 17.9700,12.24,Issue,NTB,9.8700 - 12.2400,364Day,0,968203.916,268739.986,0,5th Week
2024-01-10,2777.581,Primary Market,January-10-2024,1-10-2024 91DAY,4399,April-11-2024,Sales,2777.581,2.4400-9.0000,2.44,Issue,NTB,2.4400-2.24400,91 DAY,0,38868.532,2777.581,0,2nd Week
2024-01-10,1489.311,Primary Market,January-10-2024,1-10-2024 182DAY,4400,July-11-2024,Sales,1489.311,4.2200-16.0000,4.22,Issue,NTB,4.2200-4.2200,182 DAY,0,38868.532,94333.666,0,2nd Week
2024-01-10,52290.995,Primary Market,January-10-2024,1-10-2024 364DAY,4401,January-09-2025,Sales,52290.9995,6.4300-19.9000,8.399,Issue,NTB,6.4300-8.3990,364 DAY,0,10007167.294,52290.995,0,2nd Week
2024-01-10,75000,OMO,January-10-2024,01-10-2024 97DAY,4402,April-16-2024,Sales,22000,9.0000-10.5000,10.5,Issue,OMO,9.0000-10.5000,97 DAY,0,22000,22000,0,2nd Week
2024-01-10,75000,OMO,January-10-2024,01-10-2024 181DAY,4403,September-07-2024,Sales,35200,10.0000-14.0000,14,Issue,OMO,10.0000-14.0000,181 DAY,0,35200,35200,0,2nd Week
2024-01-10,150000,OMO,January-10-2024,01-10-2024 363DAY,4404,July-01-2025,Sales,300000,11.9800-17.7500,17.75,Issue,OMO,11.9800-17.7500,363 DAY,0,357000,300000,0,2nd Week
2024-01-15,75000,OMO,January-15-2024,01-15-2024 92DAY,4409,April-16-2024,Sales,15000,9.4800 - 10.0000,10,Issue,OMO,9.4800 - 10.0000,92 DAY,0,15000,15000,0,3rd Week
2024-01-15,75000,OMO,January-15-2024,01-15-2024 183DAY,4410,July-16-2024,Sales,15000,12.9800 - 15.0000,13.5,Issue,OMO,12.9800 - 13.5000,183 DAY,0,16000,16000,0,3rd Week
2024-01-15,150000,OMO,January-15-2024,01-15-2024 365DAY,4411,January-14-2025,Sales,270000,14.7500 - 17.7500,17.5,Issue,OMO,14.7500 - 17.5000,365 DAY,0,488000.9,270000,0,3rd Week
2024-01-24,7846.504,Primary Market,January-24-2024,01-24-2024 91Day,4412,April-25-2024,Sales,7846.504,2.5000 - 9.0000,5,Issue,NTB,2.5000 - 5.0000,91DAY,0,12739.832,7846.504,0,4th Week
2024-01-24,6437.75,Primary Market,January-24-2024,01-24-2024 182Day,4413,July-25-2024,Sales,6437.75,4.0000 - 14.3300,7.15,Issue,NTB,4.0000 - 7.1500,182DAY,0,34838.377,6437.75,0,4th Week
2024-01-24,217532.85,Primary Market,January-24-2024,01-24-2024 364Day,4414,January-23-2025,Sales,217532.85,3.2300 - 19.0100,11.54,Issue,NTB,3.2300 - 11.5400,364 DAY,0,1038772.708,217532.85,0,4th Week
2024-01-29,75000,OMO,January-29-2024,01-29-2024 92DAY,4415,April-30-2024,Sales,7000,10.0000-10.0000,10,Issue,OMO,10.0000-10.0000,92 DAY,0,7000,7000,0,5th Week
2024-01-29,75000,OMO,January-29-2024,01-29-2024 176DAY,4416,July-23-2024,Sales,8000,12.5000-13.5000,13.5,Issue,OMO,12.5000-13.5000,176 DAY,0,8000,8000,0,5th Week
2024-01-29,200000,OMO,January-29-2024,01-29-2024 365DAY,4417,January-28-2025,Sales,335000,15.5900-17.4990,17,Issue,OMO,15.5900-17.49900,365 DAY,0,518800,335000,0,5th Week
2024-02-07,200000,Primary Market,February-07-2024,2-7-2024 91DAY,4418,May-09-2024,Sales,39902.076,7.0000-17.2400,17.24,Issue,NTB,7.0000-17.2400,91 DAY,0,39902.076,39902.076,0,2nd Week
2024-02-07,200000,Primary Market,February-07-2024,2-7-2024 182DAY,4419,August-08-2024,Sales,51348.833,4.0000-19.9800,18,Issue,NTB,4.0000-18.0000,182 DAY,0,76834.833,51348.833,0,2nd Week
2024-02-07,600000,Primary Market,February-07-2024,02-07-2024 364DAY,4420,February-06-2025,Sales,908749.091,13.0000-19.0000,19,Issue,NTB,13.0000-29.9400,364 DAY,0,1866200.863,908749.091,0,2nd Week
2024-02-21,11962.53,Primary Market,February-21-2024,21-02-2024 91DAY,4421,August-22-2024,Sales,331010.936,11.4400-21.0000,17,Issue,NTB,11.4400-17000,91DAY,0,368032.24,331010.936,0,4th Week
2024-02-21,10210,Primary Market,February-21-2024,21-02-2024 182DAY,4422,August-22-2024,Sales,66246.123,13.0000-20.3399,17.5,Issue,NTB,13.0000-17.5000,182DAY,0,98685.624,66246.123,0,4th Week
2024-02-21,243329.5,Primary Market,February-21-2024,21-02-2024 364DAY,4423,February-20-2025,Sales,1192091.863,15.0000-26.0000,19,Issue,NTB,15.0000-19.0000,364DAY,0,1771230.93,1192091.863,0,4th Week
2024-03-01,75000,OMO,March-01-2024,01-03-2 2024 95DAY,4424,June-04-2024,Sales,37050,19.0000-19.0000,19,Issue,OMO,19.000-19.0000,95DAY,0,37050,37050,0,1st Week
2024-03-01,75000,OMO,March-01-2024,01-03-2 2024 179DAY,4425,August-27-2024,Sales,6000,19.4600-22.0000,19.5,Issue,OMO,19.4000-19.5000,179DAY,0,8250,6000,0,1st Week
2024-03-01,350000,OMO,March-01-2024,01-03-2024 361DAY,4426,February-25-2025,Sales,1013250,20.6900-23.5000,21.5,Issue,OMO,20.6900-21.5000,361DAY,0,1092250,1013250,0,1st Week
2024-03-06,14417.91,Primary Market,March-06-2024,03-06-2024 91Day,4427,June-06-2024,Sales,14417.91,15.9000 - 22.0000,17.24,Issue,NTB,15.9000 -17.2400,91 DAY,0,66630.451,14417.91,0,1st Week
2024-03-06,10554.288,Primary Market,March-06-2024,03-06-2024 182Day,4428,September-05-2024,Sales,10554.288,14.0000 - 22.0000,18,Issue,NTB,14.0000 - 18.0000,182Day,0,51511.934,10554.288,0,1st Week
2024-03-06,312920.474,Primary Market,March-06-2024,03-06-2024 364Day,4429,March-06-2025,Sales,1292707.269,17.0000 - 27.0000,21.49,Issue,NTB,17.0000 - 21.4900,364,0,1543807.324,1292707.269,0,1st Week
2024-03-13,728.17,Primary Market,March-13-2024,03-13-2024 91DAY,4430,June-13-2024,Sales,5728.17,15.0000 - 19.0000,16.2399,Issue,NTB,15.0000 -16.2399,91DAY,0,85509.337,5728.17,0,3rd Week
2024-03-13,918.383,Primary Market,March-13-2024,03-13-2024 182Day,4431,September-12-2024,Sales,4918.383,17.0000 - 21.0000,17,Issue,NTB,17.0000 - 17.0000,182DAY,0,49647.639,4918.383,0,3rd Week
2024-03-13,159845.791,Primary Market,March-13-2024,13-03-2024 364Day,4432,March-13-2025,Sales,150845.791,19.5000 - 29.0000,21.124,Issue,NTB,19.5000 - 21.1240,364 DAY,0,1361506.968,150845.791,0,3rd Week
2024-03-27,17606.519,Primary Market,March-27-2024,03-27-2024 91DAY,4433,June-27-2024,Sales,29833.974,15.0000 - 22.0000,16.24,Issue,NTB,15.0000 - 16.2400,91 DAY,0,76811.755,29833.974,0,5th Week
2024-03-27,1560.401,Primary Market,March-27-2024,03-27-2024 182Day,4434,September-26-2024,Sales,25576.536,16.0000 - 22.0000,17,Issue,NTB,16.0000 - 17.0000,182 DAY,0,58183.63,25576.536,0,5th Week
2024-03-27,142162.229,Primary Market,March-27-2024,03-27-2024 364Day,4435,March-27-2025,Sales,1134303.329,16.2390 - 25.4900,21.124,Issue,NTB,16.2390 - 21.1240,364 DAY,0,2483150.754,1134303.329,0,5th Week
2024-04-03,75000,OMO,April-03-2024,03-03-2024 97DAY,4436,February-25-2025,Sales,17000,18.8800-19.0000,19,Issue,OMO,18.8800-19.0000,97DAY,0,17000,17000,0,1st Week
2024-04-03,75000,OMO,April-03-2024,03-03-2024 188DAY,4437,October-08-2024,Sales,7250,19.4800-21.9900,19.5,Issue,OMO,19.4800-19.5000,188DAY,0,20250,7250,0,1st Week
2024-04-03,350000,OMO,April-03-2024,03-03-2024 363DAY,4438,April-01-2025,Sales,652400,19.9900-21.4900,21.125,Issue,OMO,19.9900-21.1250,363DAY,0,1157900,652400,0,1st Week
2024-04-12,2777.581,Primary Market,April-12-2024,04-12-2024 90Day,4439,July-11-2024,Sales,27114.863,15.0000 - 17.5000,16.24,Issue,NTB,15.0000 - 16.2400,90 DAY,0,27339.863,27114.863,0,2nd Week
2024-04-12,3023.35,Primary Market,April-12-2024,04-12-2024 181Day,4440,October-10-2024,Sales,22674.139,16.0000 - 21.0000,17,Issue,NTB,16.0000 - 17.0000,181 DAY,0,27268.182,22674.139,0,2nd Week
2024-04-12,143838.267,Primary Market,April-12-2024,04-12-2024 363Day,4441,April-10-2025,Sales,902037.876,19.0000 - 25.0000,20.7,Issue,NTB,19.0000 - 20.7000,363 DAY,0,1769808.243,902037.876,0,2nd Week
2024-04-24,7846.504,Primary Market,April-24-2024,04-24-2024 91Day,4442,July-25-2024,Sales,16482.597,15.0000 - 18.5000,16.24,Issue,NTB,15.0000 - 16.2400,91 DAY,0,18703.114,16482.597,0,4th Week
2024-04-24,12954.579,Primary Market,April-24-2024,04-24-2024 182Day,4443,October-24-2024,Sales,11991.143,15.0000 - 21.0000,17,Issue,NTB,15.0000 - 17.0000,182 DAY,0,13484.245,11991.143,0,4th Week
2024-04-24,121767.962,Primary Market,April-24-2024,04-24-2024 364DAY,4444,April-24-2025,Sales,333978.743,19.00 - 25.7600,20.7,Issue,NTB,19.0000 - 20.7000,364 DAY,0,725664.789,333978.743,0,4th Week
2024-05-06,75000,OMO,May-06-2024,06-05-2024 99DAY,4445,August-13-2024,Sales,20500,18.9900-18.9900,18.99,Issue,OMO,18.9900-18.9900,99DAY,0,20500,20500,0,2nd Week
2024-05-06,75000,OMO,May-06-2024,06-05-2024 183DAY,4446,November-05-2024,Sales,1000,19.4800-19.4800,19.48,Issue,OMO,19.4800-19.4800,183DAY,0,1000,1000,0,2nd Week
2024-05-06,350000,OMO,May-06-2024,06-05-2024 365DAY,4447,May-06-2025,Sales,239150,20.9000-23.0000,21.5,Issue,OMOM,20.9000-21.5000,365DAY,0,265150,239150,0,2nd Week
2024-05-08,39902.076,Primary Market,May-08-2024,05-08-2024 91Day,4448,May-08-2024,Sales,16592.718,15.5000 - 21.5000,16.24,Issue,NTB,15.5000 - 16.2400,91DAY,0,21236.843,16592.718,0,2nd Week
2024-05-08,5439.365,Primary Market,May-08-2024,05-08-2024 182Day,4449,November-07-2024,Sales,5439.365,16.5900 - 20.0000,17,Issue,NTB,16.5900 - 17.0000,182DAY,0,13065.513,5439.365,0,2nd Week
2024-05-08,134019.981,Primary Market,May-08-2024,04-26-2024 364Day,4450,May-08-2025,Sales,252637.409,19.0000 - 26.0000,20.7,Issue,NTB,19.0000 - 20.7000,364 DAY,0,879745.769,252637.409,0,2nd Week
2024-05-22,331010.926,Primary Market,May-22-2024,05-22-2024 91DAY,4451,August-22-2024,Sales,60685.966,15.0000 - 20.9410,16.5,Issue,NTB,15.0000 - 16.5000,91 DAY,0,124918.633,60685.966,0,4th Week
2024-05-22,168666.291,Primary Market,May-22-2024,05-22-2024 364DAY,4453,May-22-2025,Sales,549831.228,18.5000 - 26.6780,20.69,Issue,NTB,18.5000 - 20.6900,364 DAY,0,1432969.958,549831.228,0,4th Week
2024-05-23,9297.86,Primary Market,May-23-2024,05-22-2024 182Day,4452,November-21-2024,Sales,28457.893,16.8000 - 22.0000,17.449,Issue,NTB,16.8000 - 17.4490,182 DAY,0,33212.695,28457.893,0,4th Week
2024-05-24,75000,OMO,May-24-2024,05-24-2024 95DAY,4454,August-27-2024,Sales,10000,18.9999-18.9999,18.9999,Issue,OMO,18.9999-18.9999,95DAY,0,10000,10000,0,5th Week
2024-05-24,75000,OMO,May-24-2024,05-24-2024 179DAY,4456,November-19-2024,Sales,5652,18.9990-19.7400,19.74,Issue,OMO,18.9990-19.7400,179DAY,0,5652,5652,0,5th Week
2024-05-24,350000,OMO,May-24-2024,05-24-2024 361DAY,4457,May-20-2025,Sales,1142.56,21.2500-23.0000,22.49,Issue,OMO,21.2500-22.4900,361DAY,0,1144.56,1142.56,0,5th Week
2024-05-29,75000,OMO,May-29-2024,05-29-2024 90DAY,4455,August-27-2024,Sales,0,0,0,Issue,OMO,0,90 DAY,0,0,0,0,5th Week
2024-05-29,75000,OMO,May-29-2024,04-26-2023 174Day,4458,November-19-2024,Sales,730,19.6400 - 19.64000,19.64,Issue,OMO,19.64 - 19.64,174 Day,0,730,730,0,5th Week
2024-05-29,350000,OMO,May-29-2024,05-29-2024 363Day,4459,May-27-2025,Sales,499270,22.2800 - 22.9700,22.34,Issue,OMO,22.2800 -22.3400,363 DAY,0,903782,499270,0,5th Week
2024-05-29,75000,OMO,May-29-2024,05-29-2024 90DAY,4460,August-27-2024,Sales,0,0,0,Issue,OMO,0,90 DAY,0,0,0,0,5th Week
2024-06-04,25000,OMO,June-04-2024,06-04-2024 105DAY,4461,September-17-2024,Sales,10000,18.7400 - 18.7400,18.74,Issue,OMO,18.7400 - 18.7400,105 DAYS,0,10000,10000,0,1st Week
2024-06-04,75000,OMO,June-04-2024,06-04-2024 189Day,4462,December-10-2024,Sales,16000,19.5900 - 21.0000,19.59,Issue,OMO,19.5900 - 19.5900,189,0,21000,16000,0,1st Week
2024-06-04,150000,OMO,June-04-2024,06-04-2024 357Day,4463,May-27-2025,Sales,487950,21.1000 - 22.3300,22.33,Issue,OMO,21.1000 - 22.3300,357,0,487950,487950,0,1st Week
2024-06-05,14417.91,Primary Market,June-05-2024,06-05-2024 91DAY,4464,September-05-2024,Sales,19605.97,15.2500 - 18.0000,16.5,Issue,NTB,15.2500 16.5000,91 DAY,0,21442.788,19605.97,0,1st Week
2024-06-05,26817.406,Primary Market,June-05-2024,06-05-2024 182Day,4465,December-05-2024,Sales,12274.358,16.5000 - 25.0000,17.5,Issue,NTB,16.5000 - 17.5000,182 DAY,0,15024.359,12274.358,0,1st Week
2024-06-05,179890.081,Primary Market,June-05-2024,06-05-2024 364Day,4466,June-05-2025,Sales,246545.069,16.4000 - 25.0000,20.67,Issue,NTB,16.4000 - 20.6700,364 DAY,0,677422.133,246545.069,0,1st Week
2024-06-11,20749.351,Primary Market,June-11-2024,06-11-2024 91Day,4530,February-06-2025,Sales,13996.25,16.3000 - 22.5000,18,Issue,NTB,16.3000 - 18.0000,91DAY,0,15996.25,13996.25,0,2nd Week
2024-06-11,5439.365,Primary Market,June-11-2024,06-11-2024 182Day,4531,May-08-2025,Sales,3401.858,17.2400 - 23.0000,18.5,Issue,NTB,17.2400 - 18.5000,182DAY,0,4901.858,3401.858,0,2nd Week
2024-06-11,487238.703,Primary Market,June-11-2024,06-11-2024 364DAY,4532,November-06-2025,Sales,608933.219,19.0000 - 24.0300,23,Issue,NTB,19.0000 - 23.0000,364 DAY,0,649033.219,608933.219,0,2nd Week
2024-06-13,5728.17,Primary Market,June-13-2024,06-13-2024 91DAY,4467,September-12-2024,Sales,6780.629,16.0000 - 18.0000,16.3,Issue,NTB,16.0000-16.3000,91 DAY,0,14473.412,6780.629,0,2nd Week
2024-06-13,6345.471,Primary Market,June-13-2024,06-13-2024 182Day,4468,December-12-2024,Sales,8360.125,17.0000 - 23.0000,17.44,Issue,NTB,17.0000 - 17.4400,182DAY,0,16956.125,8360.125,0,2nd Week
2024-06-13,32154.897,Primary Market,June-13-2024,06-13-2024 364Day,4469,June-12-2025,Sales,40087.784,19.5000 - 26.0000,20.5,Issue,NTB,19.5000 - 20.5000,364 DAY,0,376330.844,40087.784,0,2nd Week
2024-06-19,75000,OMO,June-19-2024,06-19-2024 90DAY,4470,September-17-2024,Sales,0,0,0,Issue,OMO,0,90 DAY,0,0,0,0,3rd Week
2024-06-19,75000,OMO,June-19-2024,06-19-2024 188Day,4471,December-24-2024,Sales,10000,19.4800 - 19.4800,19.48,Issue,OMO,19.4800 - 19.4800,188 DAY,0,10000,10000,0,3rd Week
2024-06-19,350000,OMO,June-19-2024,06-19-2024 363Day,4472,June-17-2025,Sales,985878.856,21.8900 - 22.2990,22.299,Issue,OMO,21.8900 - 22.2990,363 DAY,0,985878.856,985878.856,0,3rd Week
2024-06-21,75,OMO,June-21-2024,06-21-2024 109Day,4473,October-08-2024,Sales,0,20.5000 - 20.5000,0,Issue,OMO,0,109 DAY,0,5,0,0,3rd Week
2024-06-21,75,OMO,June-21-2024,06-21-2024 186Day,4474,December-24-2024,Sales,0,21.0000 - 21.0000,0,Issue,OMO,0,186 DAY,0,5,0,0,3rd Week
2024-06-21,350,OMO,June-21-2024,04-26-2023 354Day,4475,June-10-2025,Sales,0,22.1700 - 23.3900,0,Issue,OMO,0,354 DAY,0,311.5,0,0,3rd Week
2024-06-26,29833.974,Primary Market,June-26-2024,06-26-2024 91DAY,4476,September-25-2024,Sales,28153.233,15.9800 - 24.0000,16.3,Issue,NTB,15.9800 - 16.3000,91 DAY,0,36289.089,28153.233,0,4th Week
2024-06-26,30671.051,Primary Market,June-26-2024,06-26-2024 182Day,4477,December-25-2024,Sales,36442.134,17.0000 -21.0000,17.44,Issue,NTB,17.0000 - 17.4400,182DAY,0,40579.184,36442.134,0,4th Week
2024-06-26,168211.622,Primary Market,June-26-2024,06-26-2024 364DAY,4478,June-25-2025,Sales,219667.549,16.0000 - 25.0000,20.68,Issue,NTB,16.0000 - 20.6800,364 DAY,0,697111.059,219667.549,0,4th Week
2024-06-28,25000,OMO,June-28-2024,06-28-2024 81DAY,4479,September-17-2024,Sales,0,0,0,Issue,OMO,0,81 Day,0,0,0,0,4th Week
2024-06-28,25000,OMO,June-28-2024,06-28-2024 179Day,4480,December-24-2024,Sales,0,0,0,Issue,OMO,0,179 Day,0,0,0,0,4th Week
2024-06-28,100000,OMO,June-28-2024,06-28-2024 347DAY,4481,June-10-2025,Sales,264333.5,22.1700 - 24.0000,22.48,Issue,OMO,22.1700 - 22.4800,347 Day,0,295924.778,263333.5,0,4th Week
2024-07-24,16482.597,Primary Market,July-24-2024,24-07-2024 91DAY,4482,October-24-2024,Sales,13141.376,16.000-18.5000,18.5,Issue,NTB,16.000-18.5000,91DAY,0,13141.376,13141.376,0,4th Week
2024-07-24,6437.75,Primary Market,July-24-2024,24-07-2024 182DAY,4483,January-23-2025,Sales,6402.537,17.000-19.5000,19.5,Issue,NTB,17.000-19.5000,182DAY,0,6402.537,6402.537,0,4th Week
2024-07-24,255044.031,Primary Market,July-24-2024,24-07-2024 364DAY,4484,July-24-2025,Sales,258420.465,20.000-26.7700,22.1,Issue,NTB,20.0000-22.1000,364DAY,0,354404.641,258420.465,0,4th Week
2024-08-07,16592.718,Primary Market,August-07-2024,07-08-2024 91DAY,4485,November-07-2024,Sales,20749.351,17.0000-19.5000,18.5,Issue,NTB,17.000-18.5000,91DAY,0,21829.952,20749.351,0,2nd Week
2024-08-07,51348.833,Primary Market,August-07-2024,07-08-2024 182DAY,4486,February-06-2025,Sales,32623.911,18.8000-22.5000,19.5,Issue,NTB,18.8000-19.5000,182DAY,0,33455.763,32623.911,0,2nd Week
2024-08-07,148150.79,Primary Market,August-07-2024,07-08-2024 364DAY,4487,August-07-2025,Sales,162719.079,20.5000-24.9900,21.889,Issue,NTB,20.5000-21.8890,364DAY,0,431581.331,162719.079,0,2nd Week
2024-08-21,60685.966,Primary Market,August-21-2024,08-21-2024 91DAY,4488,November-21-2024,Sales,41892.409,16.500 - 23.0000,18.2,Issue,NTB,16.5000 - 18.2000,91 DAY,0,61137.783,41892.409,0,4th Week
2024-08-21,66246.123,Primary Market,August-21-2024,08-21-2024 182Day,4489,February-20-2025,Sales,52002.8,18.0000 - 22.0000,19.2,Issue,NTB,18.0000 - 19.2000,182DAY,0,56522.493,52002.8,0,4th Week
2024-08-21,283043.581,Primary Market,August-21-2024,08-21-2024 364DAY,4490,August-21-2025,Sales,197137.693,20.0000 - 26.0000,20.9,Issue,NTB,20.0000 - 20.9000,364 DAY,0,909451.075,197137.693,0,4th Week
2024-08-26,75000,OMO,August-26-2024,26-08-2024 92DAY,4491,November-26-2024,Sales,5000,18.4890-18.4890,18.489,Issue,OMO,18.4890-18.4890,92DAY,0,5000,5000,0,5th Week
2024-08-26,75000,OMO,August-26-2024,26-08-2024 176DAY,4492,February-18-2025,Sales,10000,19.2880-20.5500,19.288,Issue,OMO,19.2880-19.2880,176DAY,0,12000,10000,0,5th Week
2024-08-26,350000,OMO,August-26-2024,26-08-2024 358DAY,4493,August-19-2025,Sales,854460,20.7200-23.4500,21.89,Issue,OMO,20.7200-21.8900,358DAY,0,874460,854460,0,5th Week
2024-08-27,750000,OMO,August-27-2024,27-08-2024 91DAY,4494,November-26-2024,Sales,0,0,0,Issue,OMO,0,91DAY,0,0,0,0,5th Week
2024-08-27,750000,OMO,August-27-2024,27-08-2024 175DAY,4495,February-18-2025,Sales,0,19.9000-19.9000,0,Issue,OMO,0,175DAY,0,2000,0,0,5th Week
2024-08-27,350000,OMO,August-27-2024,27-08-2024 364DAY,4496,August-26-2025,Sales,758000,21.3800-23.4500,21.87,Issue,OMO,21.3800-21.8700,364DAY,0,763000,758000,0,5th Week
2024-09-02,25000,OMO,September-02-2024,09-02-2024 85DAY,4497,November-26-2024,Sales,0,0,0,Issue,OMO,0,85 DAYS,0,0,0,0,1st Week
2024-09-02,450000,OMO,September-02-2024,06-30-2023 365DAY,4499,September-02-2025,Sales,459604.886,21.4300 - 21.8500,21.8,Issue,OMO,21.4300 - 21.8000,365 DAY,0,644604.886,459604.886,0,1st Week
2024-09-04,19605.97,Primary Market,September-04-2024,09-04-2024 91DAY,4500,December-05-2024,Sales,7860.385,16.3000 - 20.0000,17,Issue,NTB,16.3000 - 17.0000,91 DAY,0,41743.235,7860.385,0,1st Week
2024-09-04,10554.288,Primary Market,September-04-2024,09-04-2024 182Day,4501,March-06-2025,Sales,1990.728,17.5000 - 20.5000,17.5,Issue,NTB,17.5000 - 17.5000,182DAY,0,17966.804,1990.728,0,1st Week
2024-09-04,203153.245,Primary Market,September-04-2024,06-30-2023 364DAY,4502,September-04-2025,Sales,223462.39,17.2700 - 30.0000,18.94,Issue,NTB,17.27 - 18.9400,364 DAY,0,1069707.31,223462.39,0,1st Week
2024-09-11,6780.629,Primary Market,September-11-2024,09-11-2024 91DAY,4503,December-12-2024,Sales,10841.303,15.0000 - 21.0000,16.63,Issue,NTB,15.0000 - 16.6300,91 DAY,0,17801.659,10841.303,0,2nd Week
2024-09-11,4918.383,Primary Market,September-11-2024,09-11-2024 182Day,4504,March-13-2025,Sales,2518.112,15.5500 - 19.1000,17,Issue,NTB,15.5500 - 17.0000,182DAY,0,6158.994,2518.112,0,2nd Week
2024-09-11,150180.915,Primary Market,September-11-2024,09-11-2024 364DAY,4505,September-11-2025,Sales,148520.512,17.0000 - 24.0000,18.59,Issue,NTB,17.0000 - 18.5900,364 DAY,0,539208.54,148520.512,0,2nd Week
2024-09-25,28153.233,Primary Market,September-25-2024,09-25-2024 91Day,4506,December-26-2024,Sales,27347.032,15.7500 - 19.0000,17,Issue,NTB,15.7500 - 17.0000,91 DAY,0,30653.637,27347.032,0,4th Week
2024-09-25,25576.536,Primary Market,September-25-2024,09-25-2024 182Day,4507,March-27-2025,Sales,23094.104,16.7500 - 20.0000,17.5,Issue,NTB,16.7500 - 17.5000,182DAY,0,23194.104,23094.104,0,4th Week
2024-09-25,173814.852,Primary Market,September-25-2024,09-25-2024 364DAY,4508,September-25-2025,Sales,177103.485,17.6500 - 23.2800,20,Issue,NTB,17.6500 - 20.0000,364 DAY,0,250420.037,177103.485,0,4th Week
2024-09-26,75000,OMO,September-26-2024,09-26-2024 96Day,4509,December-31-2024,Sales,0,0,0,Issue,OMO,0,96 DAY,0,0,0,0,4th Week
2024-09-26,75000,OMO,September-26-2024,09-26-2024 194DAY,4510,April-08-2025,Sales,0,0,0,Issue,OMO,0,194 DAY,0,0,0,0,4th Week
2024-09-26,350000,OMO,September-26-2024,09-26-2024 362DAY,4511,September-23-2025,Sales,252900,22.8900 - 24.3600,24.36,Issue,OMO,22.8900 - 24.3600,362 DAY,0,252900,252900,0,4th Week
2024-09-27,25000,OMO,September-27-2024,09-27-2024 95Day,4512,December-31-2024,Sales,0,0,0,Issue,OMO,0,95DAY,0,0,0,0,4th Week
2024-09-27,25000,OMO,September-27-2024,09-27-2024 193Day,4513,April-08-2025,Sales,0,0,0,Issue,OMO,0,193 DAY,0,0,0,0,4th Week
2024-09-27,450000,OMO,September-27-2024,09-27-2024 361DAY,4514,September-23-2025,Sales,2000,24.3000 - 26.40000,24.3,Issue,OMO,24.3000 - 24.3000,361 DAY,0,245000,2000,0,4th Week
2024-10-03,25000,OMO,October-03-2024,10-03-2024 89Day,4515,December-31-2024,Sales,0,0,0,Issue,OMO,0,89 DAY,0,0,0,0,1st Week
2024-10-03,25000,OMO,October-03-2024,10-03-2024 187Day,4516,April-08-2025,Sales,0,0,0,Issue,OMO,0,187 DAY,0,0,0,0,1st Week
2024-10-03,450000,OMO,October-03-2024,10-03-2024 362DAY,4517,September-30-2025,Sales,731139.22,23.9400 - 24.4750,24.32,Issue,OMO,23.9400 - 24.3200,362 DAY,0,737139.22,731139.22,0,1st Week
2024-10-09,28474.098,Primary Market,October-09-2024,09-10-2024 91Day,4518,January-09-2025,Sales,12959.619,16.4500 - 20.0000,17,Issue,NTB,16.4500 - 17.0000,91DAY,0,16271.144,12959.619,0,2nd Week
2024-10-09,22674.139,Primary Market,October-09-2024,09-10-2024 182Day,4519,April-10-2025,Sales,3914.138,17.0000 - 21.0000,17.5,Issue,NTB,17.0000 - 17.5000,182DAY,0,5323.913,3914.138,0,2nd Week
2024-10-09,30756.393,Primary Market,October-09-2024,10-09-2024 364DAY,4520,October-09-2025,Sales,65030.873,18.5000 - 25.0000,19.864,Issue,NTB,18.5000 - 19.8640,364 DAY,0,251683.435,65030.873,0,2nd Week
2024-10-11,25000,OMO,October-11-2024,11-10-2024 95DAY,4521,January-25-2025,Sales,0,0,0,Issue,OMO,0,95DAY,0,0,0,0,2nd Week
2024-10-11,25000,OMO,October-11-2024,11-10-2024 179DAY,4522,April-08-2025,Sales,0,0,0,Issue,OMO,0,179DAY,0,0,0,0,2nd Week
2024-10-11,250000,OMO,October-11-2024,11-10-2024 361DAY,4523,October-07-2025,Sales,905231,24.2000-25.2000,24.3,Issue,OMO,24.2000-24.3000,361DAY,0,908231,905231,0,2nd Week
2024-10-23,13141.376,Primary Market,October-23-2024,23-10-2024 91DAY,4524,January-23-2025,Sales,13141.376,16.5000-18.0000,17,Issue,NTB,16.5000-17.0000,91DAY,0,1681.318,13141.376,0,4th Week
2024-10-23,11991.143,Primary Market,October-23-2024,23-10-2024 182DAY,4525,April-24-2025,Sales,9356.002,17.2900-20.8400,17.5,Issue,NTB,17.2900-17.5000,182DAY,0,12583.651,9356.002,0,4th Week
2024-10-23,349537.405,Primary Market,October-23-2024,23-10-2024 364DAY,4526,October-23-2025,Sales,365172.564,19.0000-23.4300,20.65,Issue,NTB,19.0000-20.6500,364DAY,0,460403.92,365172.564,0,4th Week
2024-11-05,25000,OMO,November-05-2024,05-11-2024 95DAY,4527,February-04-2025,Sales,0,0,0,Issue,OMO,0,91DAY,0,0,0,0,2nd Week
2024-11-05,25000,OMO,November-05-2024,05-11-2024 179DAY,4528,May-06-2025,Sales,0,0,0,Issue,OMO,0,182DAY,0,0,0,0,2nd Week
2024-11-05,250000,OMO,November-05-2024,05-11-2024 361DAY,4529,November-04-2025,Sales,1447930.466,23.9800-24.24.2800,24.28,Issue,OMO,23.9800-24.2800,364DAY,0,1447930.466,1447930.466,0,2nd Week
2024-11-20,41892.409,Primary Market,November-20-2024,11-20-2024 91Day,4533,February-20-2025,Sales,35413.911,17.5000 - 18.0000,18,Issue,NTB,17.5000 - 18.0000,91 DAY,0,35413.911,35413.911,0,3rd Week
2024-11-20,28457.893,Primary Market,November-20-2024,11-20-2024 182Day,4534,May-22-2025,Sales,16922.307,17.0000 - 20.0000,18.5,Issue,NTB,17.0000 - 18.5000,182DAY,0,18878.307,16922.307,0,3rd Week
2024-11-20,540450.137,Primary Market,November-20-2024,11-20-2024 364Day,4535,November-20-2025,Sales,640712.184,22.0000 - 28.0000,23.5,Issue,NTB,22.0000-23.5000,364DAY,0,1122876.185,640712.184,0,3rd Week
2024-12-04,7860.385,Primary Market,December-04-2024,04-12-2024 91DAY,4536,March-06-2025,Sales,2305.009,17.8500-20.0000,18,Issue,NTB,17.8500-18.0000,91DAY,0,2916.009,2305.009,0,1st Week
2024-12-04,12274.358,Primary Market,December-04-2024,04-12-2024 182DAY,4537,June-05-2025,Sales,13245.542,17.9500-19.5000,18.5,Issue,NTB,17.9500-18.5000,182DAY,0,17345.122,13245.542,0,1st Week
2024-12-04,563121.453,Primary Market,December-04-2024,04-12-2024 364DAY,4538,December-04-2025,Sales,741150.2,21.0000-26.3200,22.93,Issue,NTB,21.0000-22.9300,364DAY,0,2526559.195,741150.2,0,1st Week
2024-12-06,25000,OMO,December-06-2024,06-12-2024 88DAY,4539,March-04-2025,Sales,0,0,0,Issue,OMO,0,88DAY,0,0,0,0,1st Week
2024-12-06,25000,OMO,December-06-2024,06-12-2024 186DAY,4540,June-10-2025,Sales,0,0,0,Issue,OMO,0,186DAY,0,0,0,0,1st Week
2024-12-06,450000,OMO,December-06-2024,06-12-2024 361DAY,4541,December-02-2025,Sales,772930,23.4700-24.2800,23.98,Issue,OMO,23.4700-23.9800,361DAY,0,2243987.102,772930,0,1st Week
2024-12-09,300000,OMO,December-09-2024,09-12-2024 351DAY,4542,November-25-2025,Sales,489370,23.7200-23.9500,23.95,Issue,OMO,23.7200-23.9500,351DAY,0,489370,489370,0,2nd Week
2024-12-09,300000,OMO,December-09-2024,09-12-2024 365DAY,4543,December-09-2025,Sales,1070580,23.7000-23.9800,23.98,Issue,OMO,23.7000-23.9800,365DAY,0,1070580,1070580,0,2nd Week
2024-12-11,10841.303,Primary Market,December-11-2024,12-11-2024 91DAY,4544,March-13-2025,Sales,8804.041,17.8500 - 18.0000,18,Issue,NTB,17.8500 - 18.0000,91 DAY,0,8804.041,8804.041,0,2nd Week
2024-12-11,8360.125,Primary Market,December-11-2024,12-11-2024 182Day,4545,June-12-2025,Sales,7033.263,18.0000 - 21.0000,18.5,Issue,NTB,18.0000-18.5000,182 DAY,0,10613.263,7033.263,0,2nd Week
2024-12-11,256511.159,Primary Market,December-11-2024,12-11-2024 364DAY,4546,December-11-2025,Sales,512003.775,21.5300 - 28.0000,22.8,Issue,NTB,21.5300 - 22.8000,364 DAY,0,888433.638,512003.775,0,2nd Week
2024-12-27,27347.032,Primary Market,December-27-2024,27-12-2024 90DAY,4547,March-27-2025,Sales,25535.38,17.5000 - 21.0000,18,Issue,NTB,17.5000 - 18.0000,90 DAY,0,25681.38,25535.38,0,4th Week
2024-12-27,36442.134,Primary Market,December-27-2024,27-12-2024 181DAY,4548,June-26-2025,Sales,25465.299,16.0000 - 20.0000,18.5,Issue,NTB,16.0000 - 18.5000,181 DAY,0,29665.299,25465.299,0,4th Week
2024-12-27,268739.986,Primary Market,December-27-2024,27-12-2024 363DAY,4549,December-25-2025,Sales,281528.473,20.0000 - 25.9100,22.9,Issue,NTB,20.0000 - 22.9000,363 DAY,0,607829.898,281528.473,0,4th Week
2024-12-30,250000,OMO,December-30-2024,12-30-2024 358 DAY,4550,December-23-2025,Sales,100000,23.8400 - 24.2800,23.93,Issue,OMO,23.8400 - 23.9300,358DAY,0,228000,100000,0,5th Week
2024-12-30,250000,OMO,December-30-2024,12-30-2024 365 DAY,4551,December-30-2025,Sales,400000,23.8200 - 23.9800,23.95,Issue,OMO,23.8200-23.9500,365DAY,0,703317.873,400000,0,5th Week
2025-01-07,250000,OMO,January-07-2025,01-07-2025 350 DAY,4552,December-23-2025,Sales,150000,23.7500 - 23.9200,23.81,Issue,OMO,23.7500-23.8100,350DAY,0,287500,150000,0,2nd Week
2025-01-07,250000,OMO,January-07-2025,01-07-2025 364 DAY,4553,January-06-2026,Sales,350000,23.7900 - 23.8900,23.84,Issue,OMO,23.7900-23.8900,350DAY,0,1272030.422,350000,0,2nd Week
2025-01-08,50000,Primary Market,January-08-2025,08-01-2025 91 DAY,4554,April-10-2025,Sales,21304.869,17.0000 - 28.0000,18,Issue,NTB,17.0000 - 18.0000,91DAY,0,22944.87,21304.869,0,2nd Week
2025-01-08,80000,Primary Market,January-08-2025,08-01-2025 182 DAY,4555,July-10-2025,Sales,20488.272,18.0000 - 20.0000,18.5,Issue,NTB,18.0000 - 18.5000,182DAY,0,20818.272,20488.272,0,2nd Week
2025-01-08,385000,Primary Market,January-08-2025,08-01-2025 364 DAY,4556,January-08-2026,Sales,473206.859,22.0000 - 28.0000,22.622,Issue,NTB,22.0000 - 22.6220,364DAY,0,1476169.435,473206.859,0,2nd Week
2025-01-22,50000,Primary Market,January-22-2025,22-01-2025 91DAY,4557,April-24-2025,Sales,26449.944,17.5000-20.0000,18,Issue,NTB,17.5000-18.0000,91DAY,0,26533.944,26449.944,0,4th Week
2025-01-22,80000,Primary Market,January-22-2025,22-01-2025 182DAY,4558,July-24-2025,Sales,17088.846,17.8000-22.7500,18.5,Issue,NTB,17.8000-18.5000,182DAY,0,17910.346,17088.846,0,4th Week
2025-01-22,400000,Primary Market,January-22-2025,22-01-2025 364DAY,4559,January-22-2026,Sales,712476.066,21.0000-28.0000,21.8,Issue,NTB,21.0000-21.8000,364DAY,0,2490859.631,712476.066,0,4th Week
2025-01-31,300000,OMO,January-31-2025,31-01-2025 347 DAY,4560,January-13-2026,Sales,500000,22.2200 - 23.3800,22.5,Issue,OMO,22.2200 - 22.5000,347DAY,0,935000,500000,0,5th Week
2025-01-31,300000,OMO,January-31-2025,31-01-2025 361 DAY,4561,January-27-2026,Sales,500000,22.2500 - 23.4800,22.65,Issue,OMO,22.2500 - 22.6500,361DAY,0,1959752,500000,0,5th Week
2025-02-05,50000,Primary Market,February-05-2025,05-02-2025 91 DAY,4566,May-08-2025,Sales,31941.827,17.0000 - 22.0000,18,Issue,NTB,17.0000 - 18.0000,91DAY,0,42367.127,31941.827,0,1st Week
2025-02-05,120000,Primary Market,February-05-2025,05-02-2025 182 DAY,4567,August-07-2025,Sales,18693.337,17.5000 - 22.0000,18.5,Issue,NTB,17.5000 - 22.0000,182DAY,0,19523.337,18693.337,0,1st Week
2025-02-05,50000,Primary Market,February-05-2025,05-02-2025 364 DAY,4568,February-05-2026,Sales,619364.836,19.8900 - 24.3000,20.32,Issue,NTB,19.8900 - 24.3000,364DAY,0,3156141.653,619364.836,0,1st Week
2025-02-13,300000,OMO,February-13-2025,13-02-2025 355 DAY,4562,February-03-2026,Sales,402850,20.4000 - 22.0000,21.3249,Issue,OMO,20.4000 - 21.3249,355DAY,0,415850,402850,0,2nd Week
2025-02-13,300000,OMO,February-13-2025,13-02-2025 362 DAY,4563,February-10-2026,Sales,993000,20.4500 - 22.4400,21.45,Issue,OMO,20.4500 - 21.4500,362DAY,0,1499682,993000,0,2nd Week
2025-02-19,80000,Primary Market,February-19-2025,19-02-2025 91 DAY,4569,May-22-2025,Sales,34766.762,16.0000 - 25.0000,17,Issue,NTB,16.0000 - 25.0000,91DAY,0,62140.666,34766.762,0,1st Week
2025-02-19,120000,Primary Market,February-19-2025,19-02-2025 182 DAY,4570,August-21-2025,Sales,34984.179,17.2400 - 22.5000,18,Issue,NTB,17.2400 - 18.0000,182DAY,0,49877.98,34984.179,0,1st Week
2025-02-19,50000,Primary Market,February-19-2025,19-02-2025 364 DAY,4571,February-19-2026,Sales,704377.021,16.5000 - 25.0000,18.43,Issue,NTB,16.5000 - 18.4300,364DAY,0,2296333.482,704377.021,0,1st Week
2025-03-04,25000,OMO,March-04-2025,09-02-2024 183Day,4498,March-04-2025,Sales,0,0,0,Issue,OMO,21.7800 - 217800,183 DAY,0,33500,0,0,1st Week
2025-03-05,70000,Primary Market,March-05-2025,05-03-2025 91 DAY,4572,June-05-2025,Sales,61517.749,15.5000 - 18.0000,17,Issue,NTB,15.5000 - 18.0000,91DAY,0,62569.412,61517.749,0,1st Week
2025-03-05,80000,Primary Market,March-05-2025,05-03-2025 182 DAY,4573,September-04-2025,Sales,50945.547,16.0000 - 18.5000,17.75,Issue,NTB,16.0000 - 17.7500,182DAY,0,60045.184,50945.547,0,1st Week
2025-03-05,50000,Primary Market,March-05-2025,05-03-2025 364 DAY,4574,March-05-2026,Sales,717974.322,15.5000 - 17.8200,17.82,Issue,NTB,15.5000 - 17.8200,364DAY,0,1800171.557,717974.322,0,1st Week
2025-03-06,300000,OMO,March-06-2025,06-03-2025 355 DAY,4564,February-24-2026,Sales,725700,18.8000 - 20.6400,19.19,Issue,OMO,18.8000 - 19.1900,355DAY,0,760700,725700,0,1st Week
2025-03-06,300000,OMO,March-06-2025,06-03-2025 362 DAY,4565,March-06-2026,Sales,951200,18.8800 - 20.1800,19.45,Issue,OMO,18.8000 - 19.4500,362DAY,0,1116650,951200,0,1st Week
2025-03-12,70000,Primary Market,March-12-2025,12-03-2025 91 DAY,4575,June-12-2025,Sales,34721.536,16.2000 - 17.7000,17,Issue,NTB,16.2000 - 17.0000,91DAY,0,35171.536,34721.536,0,2nd Week
2025-03-12,80000,Primary Market,March-12-2025,12-03-2025 182 DAY,4576,September-11-2025,Sales,36233.588,16.9900 - 18.0000,17.79,Issue,NTB,16.9900 - 17.7900,182DAY,0,39367.588,36233.588,0,2nd Week
2025-03-12,400000,Primary Market,March-12-2025,12-03-2025 364 DAY,4577,March-12-2026,Sales,607803.211,16.5000 - 22.6200,18.39,Issue,NTB,16.5000 - 18.3900,364DAY,0,1192469.313,607803.211,0,2nd Week
2025-03-19,100000,Primary Market,March-19-2025,19-03-2025 91 DAY,4578,June-19-2025,Sales,27191.353,16.4000 - 20.0000,18,Issue,NTB,16.4000 - 18.0000,91DAY,0,28441.353,27191.353,0,3rd Week
2025-03-19,200000,Primary Market,March-19-2025,19-03-2025 182 DAY,4579,September-18-2025,Sales,40015.72,17.4900 - 20.0000,18.5,Issue,NTB,17.4900 - 18.5000,182DAY,0,42180.72,40015.72,0,3rd Week
2025-03-19,500000,Primary Market,March-19-2025,19-03-2025 364 DAY,4580,March-19-2026,Sales,436712.7,17.3400 - 23.5000,19.94,Issue,NTB,17.3400 - 19.9400,364DAY,0,831422.7,436712.7,0,3rd Week
2025-03-26,80000,Primary Market,March-26-2025,26-03-2025 91 DAY,4581,June-26-2025,Sales,38654.322,16.9900 - 18.5000,18,Issue,NTB,16.9900 - 18.0000,91DAY,0,38854.322,38654.322,0,4th Week
2025-03-26,120000,Primary Market,March-26-2025,26-03-2025 182 DAY,4582,September-25-2025,Sales,24274.294,17.4900 - 19.0000,18.5,Issue,NTB,17.4900 - 18.5000,182DAY,0,27684.194,24274.294,0,4th Week
2025-03-26,500000,Primary Market,March-26-2025,26-03-2025 364 DAY,4583,March-26-2026,Purchases,745802.092,17.5000 - 23.0200,19.63,Issue,NTB,17.5000 - 19.6300,364DAY,0,1364217.601,745802.092,0,4th Week
2025-04-09,50000,Primary Market,April-09-2025,09-04-2025 91DAY,4584,July-10-2025,Sales,111811.147,17.4900 - 20.0000,18.5,Issue,NTB,17.4900-18.5000,91DAY,0,114296.147,111811.147,0,2nd Week
2025-04-09,100000,Primary Market,April-09-2025,09-04-2025 182DAY,4585,October-09-2025,Sales,105788.948,17.0000 - 20.0000,19.5,Issue,NTB,17.0000 - 19.5000,182DAY,0,107088.948,111811.147,0,2nd Week
2025-04-09,650000,Primary Market,April-09-2025,09-04-2025 364 DAY,4586,April-09-2026,Sales,206976.091,18.6000 -24.7100,19.63,Issue,NTB,18.6000 - 196300,364DAY,0,905557.603,206976.091,0,2nd Week
2025-04-23,100000,Primary Market,April-23-2025,23-04-2025 182 DAY,4601,October-23-2025,Sales,12722.802,17.9900 - 20.1000,18.5,Issue,NTB,17.9900 - 18.5000,182DAY,0,53361.846,12722.802,0,4th Week
2025-04-23,250000,Primary Market,April-23-2025,23-04-2025 364 DAY,4602,April-23-2026,Sales,650283.608,18.4900 - 25.0000,19.6,Issue,NTB,18.4900 - 19.6000,364DAY,0,1380786.533,650283.608,0,4th Week
2025-04-24,50000,Primary Market,April-24-2025,23-04-2025 91 DAY,4600,July-24-2025,Sales,51370.682,17.0000 - 19.2000,18,Issue,NTB,17.0000  - 18.0000,91DAY,0,107382.02,51370.682,0,4th Week
2025-04-25,250000,OMO,April-25-2025,04-25-2025 298 DAY,4615,February-17-2026,Sales,319543.087,20.4500 - 23.7500,22.37,Issue,OMO,20.4500 - 22.3700,298DAY,0,329543.087,319543.087,0,4th Week
2025-04-25,250000,OMO,April-25-2025,04-25-2025 319 DAY,4616,March-10-2026,Sales,688297.882,20.3900 - 23.7500,22.37,Issue,OMO,20.3900 - 22.7300,319DAY,0,1062297.882,688297.882,0,4th Week
2025-04-29,250000,OMO,April-29-2025,04-29-2025 329 DAY,4617,March-24-2026,Sales,106250,22.3200 - 22.8900,22.69,Issue,OMO,22.3200 - 22.8900,329DAY,0,133250,106250,0,5th Week
2025-04-29,250000,OMO,April-29-2025,04-29-2025 350 DAY,4618,March-24-2026,Sales,698600,22.4990 - 22.9700,22.73,Issue,OMO,22.4990 - 22.7300,350DAY,0,698600,106250,0,5th Week
2025-05-06,250000,OMO,May-06-2025,06-05-2025 315 DAY,4627,March-17-2025,Sales,40353.752,22.4900 - 23.0900,22.65,Issue,OMO,22.4900 - 23.0900,315DAY,0,57353.752,40353.752,0,2nd Week
2025-05-06,2500000,OMO,May-06-2025,06-05-2025 329 DAY,4628,March-31-2026,Sales,716389.913,22.5900 - 22.7200,22.72,Issue,OMO,22.5900 - 22.7200,329DAY,0,716389.913,716389.913,0,2nd Week
2025-05-07,50000,Primary Market,May-07-2025,07-05-2025 91 DAY,4603,August-07-2025,Sales,77215.998,17.0000 - 20.0000,18,Issue,NTB,17.0000 - 18.0000,91DAY,0,82166.1,77215.998,0,2nd Week
2025-05-07,100000,Primary Market,May-07-2025,07-05-2025 182 DAY,4604,November-06-2025,Sales,38494.994,17.8900 - 20.5000,18.5,Issue,NTB,17.8900 - 18.5000,182DAY,0,48435.995,38494.994,0,2nd Week
2025-05-07,400000,Primary Market,May-07-2025,07-05-2025 364 DAY,4605,May-07-2026,Sales,482619.007,18.8800 - 26.2100,19.63,Issue,NTB,18.8800 - 19.6300,364DAY,0,956881.517,482619.007,0,2nd Week
2025-05-20,250000,OMO,May-20-2025,05-20-2025 182 DAY,4619,November-18-2025,Sales,117500,21.7000 - 24.2000,23.77,Issue,OMO,21.7000 - 23.7700,182DAY,0,172500,117500,0,3rd Week
2025-05-20,250000,OMO,May-20-2025,05-20-2025 210 DAY,4620,December-16-2025,Sales,537750,22.0000 - 24.5000,23.98,Issue,OMO,22.0000 - 23.98000,210DAY,0,570750,117500,0,3rd Week
2025-05-21,50000,Primary Market,May-21-2025,21-05-2025 91 DAY,4606,August-21-2025,Sales,71668.052,17.5000 - 20.0000,18.5,Issue,NTB,17.5000 - 18.0000,91DAY,0,72560.054,71668.052,0,4th Week
2025-05-21,100000,Primary Market,May-21-2025,21-05-2025 182 DAY,4607,November-20-2025,Sales,41134.504,18.0000 - 20.0000,18.5,Issue,NTB,18.0000 - 18.5000,182DAY,0,46840.162,41134.504,0,4th Week
2025-05-21,350000,Primary Market,May-21-2025,21-05-2025 364 DAY,4608,May-21-2026,Sales,503001.321,18.9000 - 26.0000,19.5,Issue,NTB,18.9000 - 19.5000,364DAY,0,1052180.165,503001.321,0,4th Week
2025-05-26,300000,OMO,May-26-2025,26-05-2025 106 DAY,4621,September-09-2025,Sales,44500,22.9900 - 25.466,23.59,Issue,OMO,22.9900 - 23.5900,106DAY,0,63500,44500,0,5th Week
2025-05-26,300000,OMO,May-26-2025,26-05-2025 169 DAY,4622,November-11-2025,Sales,1083099.933,23.0000 - 24.5000,24.5,Issue,OMO,23.0000 - 24.5000,169DAY,0,1083099.933,1083099.933,0,5th Week
2025-05-28,300000,OMO,May-28-2025,28-05-2025 104 DAY,4623,September-09-2025,Sales,1000,23.4900 - 25.0000,23.6,Issue,OMO,23.4900 - 23.6000,104DAY,0,8500000,1000,0,5th Week
2025-05-28,300000,OMO,May-28-2025,28-05-2025 139 DAY,4624,October-14-2025,Sales,481331,24.0000 - 25.9800,24.98,Issue,OMO,24.0000 - 24.9800,139DAY,0,602131,481331,0,5th Week
2025-06-02,300000,OMO,June-02-2025,02-06-2025 106 DAY,4625,September-16-2025,Sales,204865,23.5400 - 26.2500,24.2,Issue,OMO,23.5400 - 24.2000,106DAY,0,210115,204865,0,1st Week
2025-06-02,300000,OMO,June-02-2025,02-06-2025 232 DAY,4626,January-20-2026,Sales,1307077,22.8900 - 24.9900,24.64,Issue,OMO,22.8900 - 24.6400,232DAY,0,1319377,1307077,0,1st Week
2025-06-04,50000,Primary Market,June-04-2025,04-06-2025 91 DAY,4609,September-04-2025,Sales,50000,17.4800 - 19.0000,17.98,Issue,NTB,17.4800 - 19.0000,91DAY,0,70914.949,50000,0,1st Week
2025-06-04,100000,Primary Market,June-04-2025,04-06-2025 182 DAY,4610,December-04-2025,Sales,30031.586,18.0000 - 18.5000,18.5,Issue,NTB,18.0000 - 18.5000,182DAY,0,30031.586,30031.586,0,1st Week
2025-06-04,300000,Primary Market,June-04-2025,04-06-2025 364 DAY,4611,September-04-2025,Sales,369968.414,9.4400 - 23.0100,19.35,Issue,NTB,9.4400 - 19.3500,364DAY,0,1208057.392,369968.414,0,1st Week
2025-06-16,300000,OMO,June-16-2025,16-06-2025 155 DAY,4629,November-18-2025,Sales,48100,24.1000 - 24.2000,23.98,Issue,OMO,24.1000 - 24.2000,155DAY,0,48100,48100,0,3rd Week
2025-06-16,300000,OMO,June-16-2025,16-06-2025 204 DAY,4630,January-06-2026,Sales,1020076.398,24.3400 - 24.8900,24.59,Issue,OMO,24.3400 - 24.5900,204DAY,0,1103076.398,1020076.398,0,3rd Week
2025-06-18,22018.107,Primary Market,June-18-2025,18-06-2025 91 DAY,4612,September-18-2025,Sales,37984.351,16.5000 - 21.0300,17.8,Issue,NTB,16.5000 - 21.0300,91DAY,0,72634.449,37984.351,0,3rd Week
2025-06-18,40000,Primary Market,June-18-2025,18-06-2025 182 DAY,4613,December-18-2025,Sales,40535.788,17.3900 - 20.0300,18.35,Issue,NTB,17.3900 -18.3500,182DAY,0,63557.333,40535.788,0,3rd Week
2025-06-18,100000,Primary Market,June-18-2025,18-06-2025 364 DAY,4614,June-18-2026,Sales,83497.968,18.0000 - 30.0000,18.84,Issue,NTB,18.0000 - 18.8400,364DAY,0,1097383.188,83497.968,0,3rd Week
2025-06-30,300000,OMO,June-30-2025,30-06-2025 260 DAY,4631,March-17-2026,Sales,745400,24.0700 - 24.0700,23.99,Issue,OMO,23.4000 - 23.9900,260DAY,0,768650,1020076.398,0,4th Week
2025-07-09,300000,OMO,July-09-2025,07-07-2025 363 DAY,4632,July-07-2026,Sales,1252364.517,21.8000 - 23.1900,21.99,Issue,OMO,21.8000 - 23.1900,363DAY,0,2129500,1252364.517,0,2nd Week
2025-07-09,100000,Primary Market,July-09-2025,09-07-2025 91DAY,4634,October-09-2025,Sales,59841.437,15.6400 - 20.0000,15.74,Issue,NTB,15.6400 - 15.7400,91DAY,0,105069.835,59841.437,0,2nd Week
2025-07-09,20000,Primary Market,July-09-2025,09-07-2025 91DAY,4635,January-08-2026,Sales,15668.96,16.0800 - 18.5300,16.2,Issue,NTB,16.0800 - 16.2000,182DAY,0,44273.586,15668.96,18.53,2nd Week
2025-07-09,130000,Primary Market,July-09-2025,09-07-2025 364DAY,4636,July-09-2026,Sales,126307.31,16.0000 - 20.0300,16.3,Issue,NTB,16.0800 - 16.3000,364DAY,0,1180345.561,126307.31,0,2nd Week
2025-07-23,50000,Primary Market,July-23-2025,23-07-2025 91DAY,4637,October-23-2025,Sales,13107.093,14.0000 - 17.5300,15,Issue,NTB,14.0000 - 15.0000,91DAY,0,41670.776,13107.093,0,2nd Week
2025-07-23,20000,Primary Market,July-23-2025,23-07-2025 182DAY,4638,July-22-2026,Sales,5104.794,15.0000 - 18.5300,15.5,Issue,NTB,15.0000 - 15.5000,182DAY,0,24663.927,5104.794,0,4th Week
2025-07-23,220000,Primary Market,July-23-2025,23-07-2025 364DAY,4639,July-23-2026,Sales,271788.113,14.5300 - 20.0900,15.88,Issue,NTB,14.5300 - 15.8800,364DAY,0,609322.671,271788.113,0,4th Week
2025-07-28,300000,OMO,July-28-2025,28-07-2025 204 DAY,4633,February-17-2026,Sales,1545750,20.0000 - 24.1800,23.87,Issue,OMO,20.0000 - 23.8700,204DAY,0,1630750,1545750,0,5th Week
2025-08-05,300000,OMO,August-05-2025,05-08-2025 245 Day,4640,April-07-2026,Sales,2122100,22.5000 - 23.7800,23.7,Issue,OMO,22.5000 - 23.7000,245DAY,0,2122850,2122100,0,1st Week
2025-08-05,300000,OMO,August-05-2025,05-08-2025 105 Day,4641,November-18-2025,Sales,0,24.4400 - 25.1000,0,Issue,OMO,0,105DAY,0,80000,0,0,1st Week
2025-08-06,60000,Primary Market,August-06-2025,06-08-2025 91DAY,4642,November-06-2025,Sales,15334.581,14.4800 - 18.0000,15,Issue,NTB,14.4800 - 15.0000,91DAY,0,22600.911,15334.581,0,2nd Week
2025-08-06,20000,Primary Market,August-06-2025,06-08-2025 182DAY,4643,February-05-2026,Sales,18320.262,14.9500 - 17.6400,15.5,Issue,NTB,14.9500 - 15.5000,182DAY,0,20871.436,15334.581,0,2nd Week
2025-08-06,140000,Primary Market,August-06-2025,06-08-2025 364DAY,4644,August-06-2026,Sales,139594.575,14.9500 - 21.0200,16.5,Issue,NTB,14.9500 - 16.5000,364DAY,0,323082.575,139594.575,0,2nd Week
2025-08-20,50000,Primary Market,August-20-2025,20-08-2025 91DAY,4645,November-20-2025,Sales,7703.444,14.4500 - 16.0300,15.35,Issue,NTB,14.4500 - 15.3500,91DAY,0,10894.932,7703.444,0,4th Week
2025-08-20,30000,Primary Market,August-20-2025,20-08-2025 182DAY,4646,February-19-2026,Sales,27703.815,15.0000 - 16.5000,15.5,Issue,NTB,15.0000 - 15.5000,182DAY,0,356177.856,27703.815,0,4th Week
2025-08-20,150000,Primary Market,August-20-2025,20-08-2025 1364DAY,4647,August-20-2026,Sales,268382.665,15.8800 - 23.0000,17.44,Issue,NTB,15.8800 - 17.4400,364DAY,0,356177.856,268382.665,0,4th Week
2025-09-02,60000,OMO,September-02-2025,02-09-2025 84 Day,4651,November-25-2025,Sales,620650,26.2990 - 26.4900,26.44,Issue,OMO,26.2990 - 26.4400,84DAY,0,1179600,620650,0,1st Week
2025-09-09,50000,Primary Market,September-09-2025,03-09-2025 91DAY,4648,December-04-2025,Sales,34703.23,15.0000 - 18.0300,15.32,Issue,NTB,15.0000 - 15.3200,91DAY,0,35296.674,34703.23,0,1st Week
2025-09-09,80000,Primary Market,September-09-2025,03-09-2025 182DAY,4649,March-05-2026,Sales,38355.273,15.0000 - 15.5000,15.5,Issue,NTB,15.0000 - 15.5000,182DAY,0,38355.273,38355.273,0,1st Week
2025-09-09,350000,Primary Market,September-09-2025,03-09-2025 364DAY,4650,September-03-2026,Sales,512190.828,16.5000 - 21.0200,17.02,Issue,NTB,16.5000 - 17.0200,364DAY,0,938869.422,512190.828,0,1st Week
2025-09-17,300000,Primary Market,September-17-2025,17-09-2025 91DAY,4652,December-18-2025,Sales,30321.711,14.5000 - 17.5000,15,Issue,NTB,14.5000 - 15.0000,91DAY,0,61352.332,30321.711,0,3rd Week
2025-09-17,60000,Primary Market,September-17-2025,17-09-2025 182DAY,4653,March-19-2026,Sales,42276.621,15.1900 - 18.0000,15.3,Issue,NTB,15.1900 - 15.3000,182DAY,0,50069.499,42276.621,0,3rd Week
2025-09-17,200000,Primary Market,September-17-2025,17-09-2025 364DAY,4654,September-17-2026,Sales,272499.771,15.9890 - 20.0300,16.78,Issue,NTB,15.9890 - 16.7800,364DAY,0,1479634.896,272499.771,0,3rd Week
2025-10-03,200000,OMO,October-03-2025,03-10-2025 88Day,4655,December-30-2025,Sales,0,17.0000 - 23.4100,23.41,Issue,OMO,17.0000 - 23.4100,88DAY,0,346000,0,0,1st Week
2025-10-03,200000,OMO,October-03-2025,03-10-2025 102Day,4656,January-13-2026,Sales,70000,18.0000 - 23.1800,20.49,Issue,OMO,18.0000 - 20.4900,102DAY,0,641100,70000,0,1st Week
2025-10-03,200000,OMO,October-03-2025,03-10-2025 123Day,4657,February-03-2026,Sales,28000,20.4500 - 24.7400,20.61,Issue,OMO,20.4500 - 20.6100,123DAY,0,2329960,28000,0,1st Week
2025-10-06,200000,OMO,October-06-2025,06-10-2025 85Day,4658,December-30-2025,Sales,158000,19.9900 - 23.1900,20.08,Issue,OMO,19.9900 - 20.0800,85DAY,0,430250,158000,0,2nd Week
2025-10-06,200000,OMO,October-06-2025,06-10-2025 99Day,4659,January-13-2026,Sales,240100,20.0000 - 29.9700,20.13,Issue,OMO,20.0000 - 20.1300,99DAY,0,527100,240100,0,2nd Week
2025-10-06,200000,OMO,October-06-2025,06-10-2025 120DAY,4660,February-03-2026,Sales,600000,20.0000 - 22.9400,20.17,Issue,OMO,20.0000 - 20.1700,120DAY,0,3170740,600000,0,2nd Week
2025-10-07,300000,OMO,October-07-2025,07-10-2025 168DAY,4661,March-24-2026,Sales,1335600,18.1900 -  22.0200,19.45,Issue,OMO,18.1900 - 19.4500,168DAY,0,1713850,1335600,0,2nd Week
2025-10-08,100000,Primary Market,October-08-2025,08-10-2025 91DAY,4663,January-08-2026,Sales,25374.862,14.4000 - 17.0000,15,Issue,NTB,14.4000 - 15.0000,91DAY,0,25974.863,25374.862,0,2nd Week
2025-10-08,120000,Primary Market,October-08-2025,08-10-2025 182DAY,4664,April-09-2026,Sales,41327.1,14.5000 - 19.0000,15.25,Issue,NTB,14.5000 - 15.2500,182DAY,0,52122.94,41327.1,0,2nd Week
2025-10-08,120000,Primary Market,October-08-2025,08-10-2025 364DAY,4665,October-08-2026,Sales,503298.038,14.7000 - 22.0000,15.77,Issue,NTB,14.7000 - 15.7700,364DAY,0,986334.013,503298.038,0,2nd Week
2025-10-10,200000,OMO,October-10-2025,10-10-2025 81DAY,4666,December-30-2025,Sales,5000,19.3500 - 19.8500,19.35,Issue,OMO,19.3500 - 19.3500,81DAY,0,20000,5000,0,2nd Week
2025-10-10,200000,OMO,October-10-2025,10-10-2025 109DAY,4667,October-27-2026,Sales,275100,18.9000 - 21.5400,19.39,Issue,OMO,18.9000 - 19.3900,109DAY,0,435100,275100,0,2nd Week
2025-10-10,200000,OMO,October-10-2025,10-10-2025 151DAY,4668,March-10-2025,Sales,1000000,19.2500 - 21.0400,19.44,Issue,OMO,19.2500 - 21.0400,151DAY,0,1629250,1000000,0,2nd Week
2025-10-17,300000,OMO,October-17-2025,17-10-2025 193 DAY,4669,April-28-2026,Sales,719000,18.4000 - 19.4000,19.4,Issue,OMO,18.4000 - 19.4000,193DAY,0,719000,719000,0,3rd Week
2025-10-17,300000,OMO,October-17-2025,17-10-2025 249DAY,4670,June-23-2026,Sales,1403000,18.3400 - 19.8900,19.89,Issue,OMO,18.3400 - 19.8900,249DAY,0,1403000,1403000,0,3rd Week
2025-10-21,300000,OMO,October-21-2025,21-10-2025 196DAY,4671,May-05-2026,Sales,38000,19.4000 - 20.0000,19.5,Issue,OMO,19.4000 -19.5000,196DAY,0,98000,38000,0,4th Week
2025-10-21,300000,OMO,October-21-2025,21-10-2025 252DAY,4672,June-30-2026,Sales,789000,19.7500 - 20.7800,19.84,Issue,OMO,19.7500 - 19.8400,252DAY,0,1010500,789000,0,4th Week
2025-10-22,100000,Primary Market,October-22-2025,22-10-2025 91DAY,4673,January-22-2026,Sales,71613.718,14.9000 - 16.5000,15.3,Issue,NTB,14.9000 - 15.3000,91 DAY,0,8129.718,71613.718,0,4th Week
2025-10-22,100000,Primary Market,October-22-2025,22-10-2025 182DAY,4674,April-23-2026,Sales,67418.998,14.5000 - 17.0300,15.5,Issue,NTB,14.5000 - 15.5000,182DAY,0,68528.998,67418.998,0,4th Week
2025-10-22,100000,Primary Market,October-22-2025,22-10-2025 364DAY,4675,October-22-2026,Sales,316556.585,14.5000 - 20.0000,16.14,Issue,NTB,14.5000 - 16.1400,364DAY,0,674247.849,316556.585,0,4th Week
2025-11-04,300000,OMO,November-04-2025,04-11-2025 56DAY,4679,December-30-2025,Sales,300000,21.5700 - 23.5500,21.69,Maginal,OMO,21.5700 - 21.6900,56DAY,0,68000,300000,0,2nd Week
2025-11-04,300000,OMO,November-04-2025,04-11-2025 84DAY,4680,January-27-2026,Sales,243600,21.3900 - 23.4500,21.84,Issue,OMO,21.3900 - 21.8400,56DAY,0,1107100,243600,0,2nd Week
2025-11-05,100000,Primary Market,November-05-2025,05-11-2025 91DAY,4676,February-05-2026,Sales,31181.712,14.6300 - 15.6500,15.3,Issue,NTB,14.6300 - 15.3000,91DAY,0,31281.714,31181.712,0,2nd Week
2025-11-05,100000,Primary Market,November-05-2025,05-11-2025 182DAY,4677,May-07-2026,Sales,10186.107,15.0000 - 15.7000,15.5,Issue,NTB,15.0000 - 15.5000,182DAY,0,10286.109,10186.107,0,2nd Week
2025-11-05,450000,Primary Market,November-05-2025,05-11-2025 364DAY,4678,November-05-2026,Sales,504869.336,15.0000 - 19.7500,16.04,Issue,NTB,15.0000 - 16.0400,364DAY,0,1135302.814,504869.336,0,2nd Week
2025-11-07,300000,OMO,November-07-2025,07-11-2025 53DAY,4681,December-30-2025,Sales,32000,21.6400 - 21.6400,21.64,Issue,OMO,21.6400 - 21.6400,56DAY,0,32000,32000,0,2nd Week
2025-11-07,300000,OMO,November-07-2025,07-11-2025 81DAY,4682,January-27-2026,Sales,1121800,21.5000 - 23.4400,21.83,Issue,OMO,21.5000 - 21.8300,81DAY,0,1271800,1121800,0,2nd Week
2025-11-13,300000,OMO,November-13-2025,13-11-2025 152DAY,4683,April-14-2026,Sales,640150,19.0500 - 22.1400,20.59,Issue,OMO,19.0500 - 20.5900,152DAY,0,645150,640150,0,3rd Week
2025-11-13,300000,OMO,November-13-2025,13-11-2025 152DAY,4684,May-05-2026,Sales,1907400,19.1000 - 22.4900,20.69,Issue,OMO,19.1000 - 20.6900,173DAY,0,2445400,1907400,0,3rd Week
2025-11-18,300000,OMO,November-18-2025,18-11-2025 175DAY,4685,May-12-2026,Sales,729700,20.2800 - 22.5400,20.54,Issue,OMO,20.2800 - 20.5400,175DAY,0,729700,729700,0,4th Week
2025-11-18,300000,OMO,November-18-2025,18-11-2025 182DAY,4686,May-19-2026,Sales,2246529.283,20.1000 - 20.6400,20.55,Issue,OMO,20.1000 - 20.5500,182DAY,0,3042429.283,2246529.283,0,4th Week
2025-11-19,300000,OMO,November-19-2025,19-11-2025 174DAY,4687,May-12-2026,Sales,277000,20.3900 - 20.4500,20.45,Issue,OMO,20.3900 - 20.4500,174DAY,0,277000,277000,0,4th Week
2025-11-19,300000,OMO,November-19-2025,19-11-2025 188DAY,4688,May-26-2026,Sales,626350000,20.4000 - 21.0000,20.54,Issue,OMO,20.4000 - 20.5400,188DAY,0,703350,626350000,0,4th Week
2025-11-19,100000,Primary Market,November-19-2025,19-11-2025 91DAY,4689,February-19-2026,Sales,33808.519,14.2500 - 18.0000,15.3,Issue,NTB,14.2500 - 15.3000,91DAY,0,34546.52,33808.519,0,4th Week
2025-11-19,150000,Primary Market,November-19-2025,19-11-2025 182DAY,4690,May-21-2025,Sales,26414.048,14.8500 - 16.0000,15.5,Issue,NTB,14.8500 - 16.0000,182DAY,0,26714.048,26414.048,0,4th Week
2025-11-19,450000,Primary Market,November-19-2025,19-11-2025 364DAY,4691,November-19-2026,Sales,1029799.326,15.0000 - 18.0300,16.04,Issue,NTB,15.0000 - 16.0400,364DAY,0,1230749.438,1029799.326,0,4th Week
2025-12-03,100000,Primary Market,December-03-2025,03-12-2025 91DAY,4692,March-05-2026,Sales,42804.311,14.9900 - 19.0000,15.3,Issue,NTB,14.9900 - 15.3000,91DAY,0,44172.314,42804.311,0,2nd Week
2025-12-03,150000,Primary Market,December-03-2025,03-12-2025 182DAY,4693,June-04-2025,Sales,30356.977,14.9500 - 19.5000,15.5,Issue,NTB,14.9500 - 19.5000,182DAY,0,33376.977,30356.977,0,1st Week
2025-12-03,450000,Primary Market,December-03-2025,03-12-2025 364DAY,4694,December-03-2026,Sales,636460.307,15.0000 - 19.4300,17.5,Issue,NTB,15.0000 - 19.4300,364DAY,0,697290.308,636460.307,0,1st Week
2025-12-10,100000,Primary Market,December-10-2025,10-12-2025 91DAY,4695,March-12-2026,Sales,103358.741,14.5000 - 16.0000,15.3,Issue,NTB,14.5000 - 15.3000,91DAY,0,106069.241,103358.741,0,2nd Week
2025-12-10,150000,Primary Market,December-10-2025,10-12-2025 182DAY,4696,June-11-2026,Sales,13636.044,15.0000 - 19.8100,15.5,Issue,NTB,15.0000 - 15.5000,182DAY,0,23596.944,13636.044,0,2nd Week
2025-12-10,500000,Primary Market,December-10-2025,10-12-2025 364DAY,4697,December-10-2026,Sales,671203.244,15.2900 - 22.0000,17.95,Issue,NTB,15.2900 - 17.9500,364DAY,0,1559562.162,671203.244,0,2nd Week
2025-12-11,300000,OMO,December-11-2025,11-12-2025 180DAY,4698,June-09-2026,Sales,408000,19.3900 - 21.0700,19.39,Issue,OMO,19.3900 - 19.3900,180DAY,0,686120,408000,0,2nd Week
2025-12-11,300000,OMO,December-11-2025,11-12-2025 215DAY,4699,July-14-2026,Sales,916200,19.4900-20.9000,19.49,Issue,OMO,19.4900-19.4900,215DAY,0,1985545,916200,0,2nd Week
2025-12-17,100000,Primary Market,December-17-2025,17-12-2025 91DAY,4700,March-19-2026,Sales,100013.963,14.8500 - 17.0000,15.5,Issue,NTB,14.8500 - 15.5000,91DAY,0,100626.463,100013.963,0,3rd Week
2025-12-17,100000,Primary Market,December-17-2025,17-12-2025 182DAY,4701,June-18-2026,Sales,22067.586,15.0000 - 16.4000,15.95,Issue,NTB,15.0000 - 15.9500,182DAY,0,22657.586,22067.586,0,3rd Week
2025-12-17,500000,Primary Market,December-17-2025,17-12-2025 364DAY,4702,December-17-2026,Sales,581994.928,15.4600 - 20.3300,17.51,Issue,NTB,15.4600 - 17.5100,364DAY,0,1385758.691,581994.928,0,3rd Week
2025-12-22,300000,OMO,December-22-2025,22-12-2025 162DAY,4703,June-02-2026,Sales,416000,19.1900 - 20.2300,19.38,Issue,OMO,19.1900 - 19.3800,162DAY,0,476000,416000,0,4th Week
2025-12-22,300000,OMO,December-22-2025,22-12-2025 211DAY,4704,December-22-2026,Sales,1312200,19.2400 - 19.5200,19.42,Issue,OMO,19.2400 - 19.4200,211DAY,0,1883200,1312200,0,4th Week
2025-12-30,300000,OMO,December-30-2025,30-12-2025 168DAY,4705,June-16-2026,Sales,75000,19.2500 - 19.9800,19.35,Issue,OMO,19.2500 - 19.3500,168DAY,0,121000,75000,0,5th Week
2025-12-30,300000,OMO,December-30-2025,30-12-2025 210DAY,4706,July-28-2026,Sales,119350,19.2500 - 19.6200,19.41,Issue,OMO,19.2800 - 19.4100,210DAY,0,121450,119350,0,5th Week
2026-01-06,300000,OMO,January-06-2026,06-01-2026 161DAY,4707,June-16-2026,Sales,259000,19.2500 - 19.8900,19.34,Issue,OMO,19.2500 - 19.3400,161DAY,0,277000,259000,0,2nd Week
2026-01-06,300000,OMO,January-06-2026,06-01-2026 210DAY,4708,August-04-2026,Sales,2450800,19.2800 - 19.4000,19.4,Issue,OMO,19.2800 - 19.4000,210DAY,0,2450800,2450800,0,2nd Week
2026-01-07,150000,Primary Market,January-07-2026,07-01-2026 91DAY,4709,April-09-2026,Sales,108107,15.0000 - 16.0000,15.8,Issue,NTB,15.0000 - 15.8000,91DAY,0,112263,108107,0,2nd Week
2026-01-07,200000,Primary Market,January-07-2026,07-01-2026 182DAY,4710,July-09-2026,Sales,48230.111,15.8500 - 17.2500,16.5,Issue,NTB,15.8500 - 16.5000,182DAY,0,49910.111,48230.111,0,2nd Week
2026-01-07,800000,Primary Market,January-07-2026,07-01-2026 364DAY,4711,January-07-2027,Sales,987784.87,16.4200 - 21.0000,18.47,Issue,NTB,16.4200 - 18.4700,364DAY,0,1380775.87,987784.87,0,2nd Week
2026-01-20,300000,OMO,January-20-2026,20-01-2026 203DAY,4712,August-11-2026,Sales,491000,19.3000-19.8000,19.38,Issue,OMO,19.3000-19.8000,203DAY,0,532000,491000,0,4th Week
2026-01-20,300000,OMO,January-20-2026,20-01-2026 245DAY,4713,September-22-2026,Sales,2150700,19.3400-20.0000,19.39,Issue,OMO,19.3400-19.3900,203DAY,0,2373300,2150700,0,4th Week
2026-01-29,300000,OMO,January-29-2026,29-01-2026 208DAY,4721,August-25-2026,Sales,85000,17.0890 - 19.2900,17.2,Issue,OMO,17.0890 - 17.2000,208DAY,0,1358177.061,85000,0,4th Week
2026-01-29,300000,OMO,January-29-2026,29-01-2026 208DAY,4722,January-12-2027,Sales,3700000,17.0400 - 19.2900,17.25,Issue,OMO,17.0400 - 17.2500,348DAY,0,4615044.456,3700000,0,4th Week
2026-01-30,300000,OMO,January-30-2026,30-01-2026 208DAY,4723,August-25-2026,Sales,0,17.6990 - 19.0400,0,Issue,OMO,0,207DAY,0,396135.218,0,0,4th Week
2026-01-30,300000,OMO,January-30-2026,30-01-2026 354DAY,4724,January-19-2027,Sales,2108464.753,17.1500 - 18.4400,17.25,Issue,OMO,17.1500 - 17.2500,354DAY,0,2165964.753,2108464.753,0,4th Week
2026-02-04,150000,Primary Market,February-04-2026,05-02-2026 91DAY,4725,May-07-2026,Sales,63213.846,14.5000 - 20.0000,15.84,Issue,NTB,14.5000 - 15.8400,91DAY,0,66050.846,63213.846,0,1st Week
2026-02-04,200000,Primary Market,February-04-2026,05-02-2026 182DAY,4726,August-06-2026,Sales,80609.707,15.6000 - 20.0300,16.65,Issue,NTB,15.6000 - 16.6500,182DAY,0,123407.708,80609.707,0,1st Week
2026-02-04,800000,Primary Market,February-04-2026,05-02-2026 364DAY,4727,February-04-2027,Sales,808784.109,16.0000 - 21.0000,16.987,Issue,NTB,16.0000 - 16.9870,364DAY,0,4396832.675,808784.109,0,1st Week
2026-03-03,200000,OMO,March-03-2026,03-03-2026 7DAY,4738,March-10-2026,Sales,0,22.5000 - 23.0000,0,Issue,OMO,0,7DAY,0,56000,0,0,1st Week
2026-03-03,200000,OMO,March-03-2026,03-03-2026 98DAY,4739,June-09-2026,Sales,62000,19.3400 - 20.7700,19.35,Issue,OMO,19.3400 - 19.3500,98DAY,0,104250,62000,0,1st Week
2026-03-03,200000,OMO,March-03-2026,03-03-2026 105DAY,4740,June-16-2026,Sales,173600,19.3000 - 20.9000,19.4,Issue,OMO,19.3000 - 19.4000,105DAY,0,551600,173600,0,1st Week
2026-03-04,100000,Primary Market,March-04-2026,04-03-2026 91DAY,4741,June-04-2026,Sales,64269.854,14.8000 - 18.0000,15.95,Issue,NTB,14.800 - 15.9500,91DAY,0,80923.856,64269.854,0,1st Week
2026-03-04,150000,Primary Market,March-04-2026,04-03-2026 182DAY,4742,September-03-2026,Sales,91434.523,15.0000 -18.8000,16.65,Issue,NTB,15.0000 - 16.6500,182DAY,0,136539.824,91434.523,0,1st Week
2026-03-04,80000,Primary Market,March-04-2026,04-03-2026 364DAY,4743,March-04-2027,Sales,856034.512,15.0000 - 22.0000,16.73,Issue,NTB,15.0000 - 16.7300,364DAY,0,2126819.307,856034.512,0,1st Week
2026-03-09,200000,OMO,March-09-2026,09-03-2026 8DAY,4753,March-17-2026,Sales,0,22.8800 - 23.0000,0,Issue,OMO,0,8DAY,0,156000,0,0,1st Week
2026-03-09,200000,OMO,March-09-2026,9-03-2026 99DAY,4754,June-16-2026,Sales,13000,19.3500 - 23.1000,19.35,Issue,OMO,19.3500 - 19.3500,99DAY,0,148000,13000,0,2nd Week
2026-03-09,200000,OMO,March-09-2026,09-03-2026 113DAY,4755,June-30-2026,Sales,68000,19.3500 - 23.1000,19.69,Issue,OMO,19.3500 - 19.6900,113DAY,0,463000,68000,0,2nd Week
2026-03-11,100000,Primary Market,March-11-2026,11-03-2026 91DAY,4748,June-11-2026,Sales,130741.32,15.0000 - 16.9500,15.95,Issue,NTB,15.0000 - 15.9500,91DAY,0,131116.736,130741.32,0,2nd Week
2026-03-11,150000,Primary Market,March-11-2026,11-03-2026 182DAY,4749,September-10-2026,Sales,71368.72,15.0000 - 19.0000,16.65,Issue,NTB,15.0000 - 16.6500,182DAY,0,82336.627,71368.72,0,2nd Week
2026-03-11,600000,Primary Market,March-11-2026,11-03-2026 364DAY,4750,March-11-2027,Sales,731811.493,15.5000 - 21.0000,16.72,Issue,NTB,15.5000 - 16.7200,364DAY,0,2567181.291,731811.493,0,2nd Week
2026-03-18,100000,Primary Market,March-18-2026,18-03-2026 91DAY,4744,June-18-2026,Sales,101288.64,15.0000 - 16.9500,15.95,Issue,NTB,15.0000 - 15.9500,91DAY,0,102188.641,101288.64,0,3rd Week
2026-03-18,150000,Primary Market,March-18-2026,18-03-2026 182DAY,4746,September-17-2026,Sales,47938.079,15.0000 - 19.0000,16.62,Issue,NTB,15.0000 - 16.6200,182DAY,0,66989.08,47938.079,0,3rd Week
2026-03-18,800000,Primary Market,March-18-2026,18-03-2026 364DAY,4747,March-18-2027,Sales,542638.1,15.5000 - 21.0000,16.63,Issue,NTB,15.5000 - 16.6300,364DAY,0,2893473.943,542638.1,0,3rd Week
2026-03-23,300000,OMO,March-23-2026,23-03-2026 8DAY,4751,March-31-2026,Sales,303000,21.8000 - 22.5000,21.9,Issue,OMO,21.8000 - 21.9000,8DAY,0,533000,303000,0,4th Week
2026-03-23,300000,OMO,March-23-2026,23-03-2026 113DAY,4752,July-14-2026,Sales,2054000,17.2500 - 20.6000,19.79,Issue,OMO,17.2500 - 19.7900,113DAY,0,2495000,2054000,0,4th Week
2026-03-23,300000,OMO,March-23-2026,23-03-2026 113DAY,4757,July-14-2026,Sales,2054000,17.2500 - 20.6000,19.79,Issue,OMO,17.2500 - 19.7900,113DAY,0,2495000,2054000,0,4th Week
2026-03-25,100000,Primary Market,March-25-2026,25-03-2026 91DAY,4766,June-25-2026,Sales,97752.414,15.3000 - 16.6000,15.95,Issue,NTB,15.3000 - 15.9500,91DAY,0,98712.414,97752.414,0,4th Week
2026-03-25,100000,Primary Market,March-25-2026,25-03-2026 182DAY,4767,September-24-2026,Sales,28044.771,16.0000 - 16.6800,16.42,Issue,NTB,16.0000 - 16.4200,182DAY,0,66582.965,28044.771,0,4th Week
2026-03-26,200000,OMO,March-26-2026,26-03-2026 33DAY,4758,April-28-2026,Sales,225500,21.0000 - 21.9000,21.57,Issue,OMO,21.0000 - 21.5700,33DAY,0,844500,225500,0,5th Week
2026-03-26,200000,OMO,March-26-2026,26-03-2026 75DAY,4759,June-09-2026,Sales,74500,19.6500 - 21.2300,19.75,Issue,OMO,19.6500 - 19.7500,75DAY,0,142250,74500,0,5th Week
2026-03-30,200000,OMO,March-30-2026,30-03-2026 8DAY,4761,April-07-2026,Sales,662935.5,21.9000 - 22.0000,21.9,Issue,OMO,21.9000 - 21.9000,8DAY,0,672935.5,662935.5,0,5th Week
2026-03-30,200000,OMO,March-30-2026,30-03-2026 99DAY,4762,July-07-2026,Sales,85150,19.6400 - 19.9400,19.89,Issue,OMO,19.6400 - 19.8900,99DAY,0,91150,85150,0,5th Week
2026-03-30,200000,OMO,March-30-2026,30-03-2026 120DAY,4763,July-28-2026,Sales,992500,19.6100  -20.5200,19.94,Issue,OMO,19.6100 - 19.9400,120DAY,0,1182500,992500,0,5th Week
2026-03-31,300000,OMO,March-31-2026,31-03-2026 70DAY,4764,June-09-2026,Sales,5000,19.9000 - 21.2990,19.9,Issue,OMO,19.9000 - 19.9000,70DAY,0,65000,5000,0,5th Week
2026-03-31,300000,OMO,March-31-2026,31-03-2026 140DAY,4765,August-18-2026,Sales,848750,19.6900 - 20.7200,19.92,Issue,OMO,19.6900 - 19.9200,140DAY,0,1232050,848750,0,5th Week
2026-04-02,300000,OMO,April-02-2026,02-04-2026 75DAY,4769,June-16-2026,Sales,0,20.1300 – 20.4500,0,Issue,OMO,0,75DAY,0,35000,0,0,1st Week
2026-04-02,300000,OMO,April-02-2026,02-04-2026 138DAY,4770,August-18-2026,Sales,1369500,19.8000 - 19.9200,19.91,Issue,OMO,19.8000 - 19.9100,138DAY,0,1444500,1369500,0,1st Week
2026-04-08,100000,Primary Market,April-08-2026,08/04/2026 91Day,4771,July-09-2026,Sales,94823.297,15.0000 -18.0000,15.95,Issue,NTB,15.0000 -15.9500,91DAY,0,96777.798,94823.297,0,2nd Week
2026-04-08,100000,Primary Market,April-08-2026,08/04/2026 182Day,4772,October-08-2026,Sales,87049.795,15.0000 - 17.0000,16.19,Issue,NTB,15.0000 - 16.1900,182DAY,0,227940.312,87049.795,0,2nd Week
2026-04-08,500000,Primary Market,April-08-2026,08/04/2026 364Day,4773,April-08-2027,Sales,549504.41,15.0000 - 20.0000,16.199,Issue,NTB,15.0000 - 16.1990,364DAY,0,2632745.513,549504.41,0,2nd Week
2026-04-09,300000,OMO,April-09-2026,09/04/2026 68DAY,4774,June-16-2026,Sales,74629,19.8500 - 20.9000,19.89,Maginal,OMO,19.89,68 DAY,0,309500,77500,0,2nd Week
2026-04-09,300000,OMO,April-09-2026,09-04-2026 364DAY,4775,August-25-2026,Sales,2067915,19.7300 - 19.9100,19.91,Issue,OMO,19.7300 - 19.9100,138 DAY,0,2236000,2236000,0,2nd Week
2026-04-14,200000,OMO,April-14-2026,14-04-2026 7DAY,4776,April-21-2026,Sales,457000,21.8600 - 21.9100,21.9,Issue,OMO,21.8600 - 21.9000,7DAY,0,857000,457000,0,3rd Week
2026-04-14,200000,OMO,April-14-2026,14-04-2026 63DAY,4777,June-16-2026,Sales,300000,19.8800 - 20.7600,19.88,Issue,OMO,19.8800 - 19.8800,63DAY,0,13000,3000,0,3rd Week
2026-04-14,200000,OMO,April-14-2026,14-04-2026 140DAY,4778,September-01-2026,Sales,1711000,19.8500 - 21.9100,19.88,Issue,OMO,19.8500 - 19.9100,140DAY,0,1711000,1711000,0,3rd Week
2026-04-21,200000,OMO,April-21-2026,21-04-2026 7DAY,4779,April-28-2026,Sales,684000,21.8500 - 21.9900,21.9,Issue,OMO,21.8500 - 21.9000,7 DAY,0,884000,684000,0,3rd Week
2026-04-21,200000,OMO,April-21-2026,21-04-2026 91DAY,4780,July-21-2026,Sales,21000,19.8700 - 20.5000,19.87,Issue,OMO,19.8700 - 19.8700,91 DAY,0,87000,21000,0,3rd Week
2026-04-21,200000,OMO,April-21-2026,21-04-2026 140DAY,4781,September-08-2026,Sales,1211037,19.8700 - 20.3000,19.91,Issue,OMO,19.8700 - 19.9100,140 DAY,0,1246037,1211037,0,3rd Week
2026-04-22,100000,Primary Market,April-22-2026,22-04-2026 91DAY,4782,July-23-2026,Sales,64480.912,15.0000 - 16.1400,15.95,Issue,NTB,15.0000 - 15.9500,91DAY,0,72731.914,64480.912,0,4th Week
2026-04-22,100000,Primary Market,April-22-2026,22-04-2026 182DAY,4783,October-22-2026,Sales,76235.371,15.3000 - 17.0000,16.19,Issue,NTB,15.3000 - 16.1900,182DAY,0,172081.003,76235.371,0,4th Week
2026-04-22,550000,Primary Market,April-22-2026,22-04-2026 364DAY,4784,April-22-2027,Sales,753447.572,15.0000 - 19.4200,16.199,Issue,NTB,15.0000 - 16.1990,364DAY,0,2119119.219,753447.572,0,4th Week
2026-04-28,200000,OMO,April-28-2026,28-01- 2026 7DAY,4785,May-05-2026,Sales,767000,21.8800 - 21.9000,21.9,Issue,OMO,21.8800 - 21.9000,7DAY,0,767000,767000,0,5th Week
2026-04-28,200000,OMO,April-28-2026,28-01- 2026 105DAY,4786,August-11-2026,Sales,200,19.8500 - 20.2500,19.85,Issue,OMO,19.8500 - 19.8500,105DAY,0,41600,200000,0,5th Week
2026-04-28,200000,OMO,April-28-2026,28-01- 2026 105DAY,4787,September-15-2026,Sales,971100,19.8900 - 19.9100,19.91,Issue,OMO,19.8900 - 19.9100,140DAY,0,971100,971100,0,5th Week
2026-05-04,300000,OMO,May-04-2026,04-05-2026 8DAY,4788,May-12-2026,Sales,1065000,21.8900 - 21.9000,21.9,Issue,OMO,21.8900 - 21.9000,8DAY,0,1065000,1065000,0,1st Week
2026-05-04,300000,OMO,May-04-2026,04-05-2026 134DAY,4789,September-15-2026,Sales,630100,19.8600 - 20.4900,19.97,Issue,OMO,19.8600 - 20.4900,134DAY,0,640100,630100,0,1st Week
2026-05-06,100000,Primary Market,May-06-2026,06-05-2026 91DAY,4790,August-06-2026,Sales,63579.97,15.3500 - 17.5000,15.949,Issue,NTB,15.3500 - 15.9490,91DAY,0,71232.777,63579.97,0,1st Week
2026-05-06,50000,Primary Market,May-06-2026,06-05-2026 182DAY,4791,November-05-2026,Sales,67677.343,15.4000 - 18.0000,16.14,Issue,NTB,15.4000 - 16.1400,182DAY,0,105333.69,67677.343,0,2nd Week
2026-05-06,550000,Primary Market,May-06-2026,06-05-2026 364DAY,4792,May-06-2027,Sales,600493.413,15.5000 - 20.0000,16.15,Issue,NTB,15.5000 - 16.1500,364DAY,0,2234901.2,600493.413,0,2nd Week
2026-05-07,200000,OMO,May-07-2026,07-05-2026 33DAY,4793,June-09-2026,Sales,664400,21.4500 - 21.5900,21.57,Issue,OMO,21.4500 - 21.5700,33DAY,0,674400,664400,0,2nd Week
2026-05-07,200000,OMO,May-07-2026,07-05-2026 75DAY,4794,July-21-2026,Sales,38000,20.6000 - 20.6300,20.63,Issue,OMO,20.6000 - 20.6300,75DAY,0,38000,38000,0,2nd Week
2026-05-07,200000,OMO,May-07-2026,07-05-2026 96DAY,4795,August-11-2026,Sales,893169,19.9500 - 21.6900,20.45,Issue,OMO,19.95 20.4500,96DAY,0,923169,893169,0,2nd Week
2026-05-12,200000,OMO,May-12-2026,12-05-2026 35DAY,4796,June-16-2026,Sales,25000,21.5300 - 21.5700,21.54,Issue,OMO,21.5300 - 21.5400,35DAY,0,761000,25000,0,3rd Week
2026-05-12,200000,OMO,May-12-2026,12-05-2026 70DAY,4797,July-21-2026,Sales,91000,20.5900 - 21.1100,20.7,Issue,OMO,20.5900 - 20.7000,70DAY,0,111000,91000,0,3rd Week
2026-05-12,200000,OMO,May-12-2026,12-05-2026 126DAY,4798,September-15-2026,Sales,1454437,19.9300 - 20.7000,20.1,Issue,OMO,19.9300 - 20.1000,126DAY,0,1841437,1454437,0,3rd Week
2026-05-20,100000,Primary Market,May-20-2026,20-05-2026 91DAY,4799,August-20-2026,Sales,67446041,15.0000 - 16.0500,15.95,Issue,NTB,15.0000 - 15.9500,91DAY,0,68626.232,67446041,0,4th Week
2026-05-20,50000,Primary Market,May-20-2026,20-05-2026 182DAY,4800,November-19-2026,Sales,78589.906,15.0000 - 18.0000,16.14,Issue,NTB,15.0000 - 16.1400,182DAY,0,81044.908,78589.906,0,4th Week
2026-05-20,500000,Primary Market,May-20-2026,20-05-2026 364DAY,4801,May-20-2027,Sales,683289.346,15.1939 - 20.5000,16.149,Issue,NTB,15.1939 - 16.1490,364DAY,0,1839149.973,683289.346,0,4th Week
2026-05-21,300000,OMO,May-21-2026,21-05-2026 33DAY,4802,June-23-2026,Sales,1525083.08,21.5500 - 21.5700,21.57,Issue,OMO,21.5500 - 21.5700,33DAY,0,1525083.08,1525083.08,0,4th Week
2026-05-21,300000,OMO,May-21-2026,21-05-2026 138DAY,4803,October-06-2026,Sales,2167678.173,19.9000 - 19.9700,19.97,Issue,OMO,19.9000 - 19.9700,138DAY,0,2167678.173,2167678.173,0,4th Week
2026-05-29,200000,OMO,May-29-2026,OMO 21-05-2026,4804,June-09-2026,Sales,220000,21.4300 - 21.8600,21.8,Maginal,OMO,21.4300 - 21.8000,11 DAY,0,225000,220000,0,4th Week
2026-05-29,200000,OMO,May-29-2026,OMO 29-05-2026,4805,September-08-2026,Sales,1724500,19.9500 - 20.4500,20.37,Maginal,OMO,19.9500 - 20.3700,102 DAY,0,1726500,1724500,0,4th Week
2026-06-02,200000,OMO,June-02-2026,OMO 02-06-2026,4806,June-09-2026,Sales,169000,21.5400 - 21.7500,21.54,Maginal,OMO,21.5400 - 21.5400,7 DAY,0,179000,169000,0,1st Week
2026-06-02,200000,OMO,June-02-2026,OMO 02-06-2026,4807,July-07-2026,Sales,465000,21.1900 - 21.9000,21.4,Maginal,OMO,21.1900 - 21.4000,35 DAY,0,614430,465000,0,1st Week
2026-06-02,200000,OMO,June-02-2026,OMO 02-06-2026,4808,October-13-2026,Sales,2408800,19.9300 - 20.2900,20.02,Maginal,OMO,19.9300 - 20.0200,133 DAY,0,2481800,2408800,0,1st Week
2026-06-03,100000,Primary Market,June-03-2026,NTB 03 - 06 - 2026,4809,September-03-2026,Sales,131180.695,15.0000 - 16.0500,16.05,Maginal,NTB,15.0000 - 16.0500,91 DAY,0,131180.695,131180.695,0,1st Week
2026-06-03,100000,Primary Market,June-03-2026,NTB 03 - 06 - 2026,4810,December-03-2026,Sales,82979.88,15.5000 - 17.0000,16.19,Maginal,NTB,15.5000 - 16.1900,182 DAY,0,83550.44,82979.88,0,1st Week
2026-06-03,800000,Primary Market,June-03-2026,NTB 03 - 06 - 2026,4811,June-03-2026,Sales,1243115.301,15.5000 - 22.0000,16.35,Maginal,NTB,15.5000 - 16.3500,364 DAY,0,1243115.301,1243115.301,0,1st Week
2026-06-08,300000,OMO,June-08-2026,08-06-2026 8DAY,4812,June-16-2026,Sales,85000,21.5000 - 21.8900,21.89,Issue,OMO,21.5000 - 21.8900,8DAY,0,85000,85000,0,2nd Week
2026-06-08,300000,OMO,June-08-2026,08-06-2026 134DAY,4813,October-20-2026,Sales,1604500,19.9400 – 20.0200,20.02,Issue,OMO,19.9400 – 20.0200,134DAY,0,1604500,1604500,0,2nd Week
2026-06-11,300000,OMO,June-11-2026,11-06-2026 110DAY,4814,September-29-2026,Sales,432500,19.9800-20.2800,20.28,Issue,OMO,19.9800-20.2800,110DAY,0,432500,432500,0,2nd Week
2026-06-11,300000,OMO,June-11-2026,11-06206 138DAY,4815,October-27-2026,Sales,1708100,19.9600-20.0200,19.98,Issue,OMO,19.9600-19.9800,138DAY,0,1840100,1708100,0,2nd Week
2026-06-17,100000,Primary Market,June-17-2026,17-06-2026 91DAY,4816,September-17-2026,Sales,129320.707,15.5000 - 18.0000,16.28,Issue,NTB,15.5000 - 16.2800,91DAY,0,129690.708,129320.707,0,3rd Week
2026-06-17,100000,Primary Market,June-17-2026,17-06-2026 182DAY,4817,December-17-2026,Sales,70169.526,15.5000 - 17.0000,16.5,Issue,NTB,15.5000 - 16.5000,182DAY,0,70224.526,70169.526,0,3rd Week
2026-06-17,800000,Primary Market,June-17-2026,17-06-2026 364DAY,4818,June-17-2027,Sales,1291443.371,16.0000 - 21.0000,17.34,Issue,NTB,16.0000 - 17.3400,364DAY,0,1663486.372,1291443.371,0,3rd Week
2026-06-22,300000,OMO,June-22-2026,22-06-2026 99DAY,4819,September-29-2026,Sales,658000,20.2800 - 20.4000,20.4,Issue,OMO,20.2800 -20.4000,99DAY,0,658000,658000,0,4th Week
2026-06-22,300000,OMO,June-22-2026,06-22-2026 134DAY,4820,November-03-2026,Sales,2016400,19.9500 - 20.3500,20.02,Issue,OMO,19.9500 - 20.0200,134DAY,0,2052207,2016400,0,4th Week
2026-06-23,300000,OMO,June-23-2026,06-23-2026 70DAY,4821,September-01-2026,Sales,538000,20.6900 - 20.7500,20.75,Issue,OMO,20.6900 - 20.7500,70DAY,0,538000,538000,0,4th Week
2026-06-23,300000,OMO,June-23-2026,06-23-2026 140DAY,4822,November-10-2026,Sales,1524828.611,19.9300 - 20.0200,19.99,Issue,OMO,19.9300 - 19.9900,140DAY,0,1561828.611,1524828.611,0,4th Week
2026-06-29,300000,OMO,June-29-2026,06-29-2026 22DAY,4823,July-21-2026,Sales,174000000,21.5000 – 21.7100,21.71,Issue,OMO,21.5300 - 21.7100,22DAY,0,174000000,174000000,21.9979,5th Week
2026-06-29,300000,OMO,June-29-2026,06-29-2026 134DAY,4824,November-10-2026,Sales,773000000,19.9800 – 20.3200,20.06,Issue,OMO,19.9800 – 20.0600,134DAY,0,873000000,773000000,21.6548,5th Week
2026-06-30,300000,OMO,June-30-2026,06-30-2026 7DAY,4825,July-07-2026,Sales,409000000,21.8800 – 21.9000,21.9,Issue,OMO,21.8800 – 21.9000,7DAY,0,409000000,409000000,21.9924,5th Week
2026-06-30,300000,OMO,June-30-2026,06-30-2026 161DAY,4826,December-08-2026,Sales,990000000,19.7000 – 20.0600,19.8,Issue,OMO,19.7000 – 19.8000,161DAY,0,1183500000,990000000,21.6948,5th Week
2026-07-08,100000,Primary Market,July-08-2026,08-07-2026 91DAY,4827,October-08-2026,Sales,115383.38,15.5000 - 18.0000,16.3,Issue,NTB,15.5000 - 16.3000,91DAY,0,146544.502,115383.38,0,2nd Week
2026-07-08,100000,Primary Market,July-08-2026,08-07-2026 182DAY,4828,January-07-2027,Sales,13760.461,15.7500 - 17.3000,16.5,Issue,NTB,15.7500 - 16.5000,182DAY,0,29936.835,13760.461,0,2nd Week
2026-07-08,500000,Primary Market,July-08-2026,08-07-2026 364DAY,4829,July-08-2027,Sales,935316.907,16.5500 - 20.3200,17.7,Issue,NTB,16.5500 - 17.7000,364DAY,0,1856310.301,935316.907,0,2nd Week
2026-07-13,200000,OMO,July-13-2026,13-07-2026 8DAY,4830,July-21-2026,Sales,228900,21.8800 - 21.9000,21.89,Maginal,OMO,21.8800 - 21.8900,8DAY,0,229580,228900,0,3rd Week
2026-07-13,200000,OMO,July-13-2026,13-07-2026 99DAY,4831,October-20-2026,Sales,462180,19.9800 - 20.4900,20.49,Maginal,OMO,19.9800 - 20.4900,99DAY,0,462180,462180,0,3rd Week
2026-07-13,200000,OMO,July-13-2026,13-07-2026 127DAY,4832,November-17-2026,Sales,1854500,19.9600 - 20.1700,20.17,Maginal,OMO,19.9600 - 20.1700,127DAY,0,1854500,1854500,0,3rd Week
2026-07-14,150000,OMO,July-14-2026,14-07-2026 7DAY,4833,July-21-2026,Sales,252680,21.5000 - 21.9000,21.9,Maginal,OMO,21.5000 - 21.9000,7DAY,0,252680,252680,0,3rd Week
2026-07-14,150000,OMO,July-14-2026,07-14-2026 70DAY,4834,September-22-2026,Sales,119000,20.7400 - 21.1000,20.79,Maginal,OMO,20.7400 - 20.7900,70DAY,0,134000,119000,0,3rd Week
2026-07-14,150000,OMO,July-14-2026,07-14-2026 126DAY,4835,November-17-2026,Sales,94527.37,20.1500 - 20.1800,20.18,Maginal,OMO,20.1500 - 20.1800,126DAY,0,94527.37,94527.37,0,3rd Week
2026-07-14,150000,OMO,July-14-2026,07-14-2026 133DAY,4836,November-24-2026,Sales,671600,20.0000 - 20.1500,20.15,Maginal,OMO,20.0000 - 20.1500,133DAY,0,671600,671600,0,3rd Week
2026-07-15,100000,Primary Market,July-15-2026,15-07-2026 91DAY,4837,October-15-2026,Sales,80840.915,15.8000 - 18.0000,16.3,Maginal,NTB,15.8000 - 16.3000,91DAY,0,94958.3,80840.915,0,3rd Week
2026-07-15,100000,Primary Market,July-15-2026,15-07-2026 182DAY,4838,January-14-2027,Sales,48178.649,16.0500 - 17.5000,16.5,Maginal,NTB,16.0500 - 16.5000,182DAY,0,68027.128,48178.649,0,3rd Week
2026-07-15,400000,Primary Market,July-15-2026,15-07-2026 364DAY,5837,July-15-2027,Sales,1061775.148,17.0000 - 21.5000,17.66,Maginal,NTB,17.0000 - 17.6600,364DAY,0,2871921.009,1061775.148,0,3rd Week
2026-07-28,200000,OMO,July-28-2026,28-07-2026 91DAY,6837,October-27-2026,Sales,424500,20.4700 - 20.6000,20.6,Issue,OMO,20.4700 - 20.6000,91DAY,0,424500,424500,0,5th Week
2026-07-28,200000,OMO,July-28-2026,28-07-2026 119DAY,6838,November-24-2026,Sales,417000,20.1000 - 20.3000,20.29,Issue,OMO,20.1000 - 20.2900,119DAY,0,422000,417000,0,5th Week
2026-07-28,200000,OMO,July-28-2026,28-07-2026 133DAY,6839,December-08-2026,Sales,2636200,19.9800 - 20.1500,20.15,Issue,OMO,19.9800 - 20.1500,133DAY,0,2636200,2636200,0,5th Week
2026-07-29,100000,Primary Market,July-29-2026,07-29-2026 91DAY,6840,October-29-2026,Sales,130722.009,15.9700 - 17.5000,16.3,Maginal,NTB,15.9700 - 16.3000,91DAY,0,135741.541,130722.009,0,5th Week
2026-07-29,100000,Primary Market,July-29-2026,07-29-2026 182DAY,6841,January-28-2027,Sales,99177.174,16.0000 - 25.0000,16.5,Maginal,NTB,16.0000 - 16.5000,182DAY,0,104737.174,99177.174,0,5th Week
2026-07-29,500000,Primary Market,July-29-2026,07-29-2026 364DAY,6842,July-29-2027,Sales,1017296.886,16.9800 - 20.0000,17.35,Maginal,NTB,16.9800 - 17.3500,364DAY,0,3378376.103,1017296.886,0,5th Week
2026-08-03,300000,OMO,August-03-2026,03-08-2026 113 DAYS,6843,November-24-2026,Sales,0,20.2400 - 20.3500,0,Issue,OMO,0,113DAY,0,444500,0,0,1st Week
2026-08-03,300000,OMO,August-03-2026,03-08-2026 141DAY,6844,December-22-2026,Sales,2523550,19.8900 - 20.1300,20.1,Issue,OMO,19.8900 - 20.1000,141DAY,0,2527550,2523550,0,1st Week
2026-08-04,300000,OMO,August-04-2026,04-08-2026 112DAYS,6845,November-24-2026,Sales,263100,20.2900 - 20.3500,20.35,Issue,OMO,20.2900 - 20.3500,112DAY,0,263100,263100,0,1st Week
2026-08-04,300000,OMO,August-04-2026,04-08-2026 113DAYS,6846,December-15-2026,Sales,1909629,20.0700 - 20.1800,20.15,Issue,OMO,20.0700 - 20.1500,133DAY,0,1939629,1909629,0,1st Week
2026-08-12,100000,Primary Market,August-12-2026,12-08-2026 91DAY,6847,November-12-2026,Sales,148565439,15.9000 - 19.3000,16.3,Issue,NTB,15.9000 - 16.3000,91DAY,0,162210976,148565439,16.3,2nd Week
2026-08-12,100000,Primary Market,August-12-2026,08-12-2026 182Day,6848,February-11-2027,Sales,47475966,15.8900 - 19.0000,16.5,Issue,NTB,15.8900 - 16.5000,182Day,0,63972793,47475966,16.5,2nd Week
2026-08-12,500000,Primary Market,August-12-2026,08-12-2026 364Day,6849,August-12-2027,Sales,1260000000,16.5000 – 20.2700,17.59,Issue,NTB,16.5000 – 17.5900,364Day,0,4188416475,1260000000,17.59,2nd Week
2026-08-13,300000,OMO,August-13-2026,13-08-2026 103DAY,6850,November-24-2026,Sales,449740,19.9000 - 20.4600,20.39,Issue,OMO,19.9000 - 20.3900,103DAY,0,1268440,449740,0,2nd Week
2026-08-13,300000,OMO,August-13-2026,13-08-2026 138DAY,6851,December-29-2026,Sales,2154150,19.7900 - 20.1000,20.01,Issue,OMO,19.7900 - 20.0100,138DAY,0,3657650,2154150,0,2nd Week
2026-08-26,500000,OMO,August-26-2026,26-08-2026 97DAY,6852,December-01-2026,Sales,613000,19.9000 - 20.4600,19.9,Issue,OMO,19.9000 - 19.9000,97DAY,0,783485,613000,0,4th Week
2026-08-26,500000,OMO,August-26-2026,26-08-2026 132DAY,6853,January-05-2027,Sales,2183100,19.7900 - 20.1000,19.65,Issue,OMO,19.7900 - 19.6500,132DAY,0,3477691,2183100,0,4th Week
2026-08-26,100000,Primary Market,August-26-2026,26-08-2026 91DAY,6854,November-26-2026,Sales,89100.826,15.6500 - 19.3000,16.3,Issue,NTB,15.6500 - 16.3000,91DAY,0,103315.675,89100.826,0,4th Week
2026-08-26,100000,Primary Market,August-26-2026,26-08-2026 182DAY,6855,February-25-2027,Sales,35594.382,16.1500 - 18.4800,16.5,Issue,NTB,16.1500 - 16.5000,182DAY,0,52934.396,35594.382,0,4th Week
2026-08-26,500000,Primary Market,August-26-2026,26-08-2026 364DAY,6856,August-26-2027,Sales,638190.857,16.0000 - 19.0500,17.15,Issue,NTB,16.0000 - 17.1500,364DAY,0,3630702.174,638190.857,0,4th Week
2026-08-27,500000,OMO,August-27-2026,27-08-2026 96DAY,6857,December-01-2026,Sales,160456,19.0000 - 19.9000,19.85,Issue,OMO,19.0000 - 19.8500,96 DAY,0,1066681,160456,0,4th Week
2026-08-27,500000,OMO,August-27-2026,27-08-2026 152DAY,6858,January-26-2027,Sales,1768147.48,19.1100 - 19.5000,19.32,Issue,OMO,19.1100 - 19.3200,152DAY,0,3293833.48,1768147.48,0,4th Week
2026-09-01,200000,OMO,September-01-2026,01-09-2026 91DAY,6859,December-01-2026,Sales,214552,19.3000 - 19.8500,19.59,Issue,OMO,19.3000 - 19.5900,91DAY,0,564160.002,214552,0,1st Week
2026-09-01,400000,OMO,September-01-2026,01-09-2026 147DAY,6860,January-26-2027,Sales,696490,18.9000 - 19.3500,18.99,Issue,OMO,18.9000 - 18.9900,147DAY,0,1103830,696490,0,1st Week
2026-09-01,400000,OMO,September-01-2026,01-09-2026 154DAY,6861,February-02-2027,Sales,1969000,18.9300 - 19.3000,18.99,Issue,OMO,18.9300 - 18.9900,154DAY,0,3829743.5,1969000,0,1st Week
2026-09-02,150000,Primary Market,September-02-2026,02-09-2026 91DAY,6862,December-03-2026,Sales,76278.404,15.7500 - 18.0000,16.3,Issue,NTB,15.7500 - 16.3000,91DAY,0,76817.405,76278.404,0,1st Week
2026-09-02,100000,Primary Market,September-02-2026,02-09-2026 182DAY,6863,March-04-2027,Sales,27266.561,16.0000 - 19.5000,16.5,Issue,NTB,16.0000 - 16.5000,182DAY,0,33506.561,27266.561,0,1st Week
2026-09-02,500000,Primary Market,September-02-2026,02-09-2026 364DAY,6864,September-02-2027,Sales,762167.172,16.0000 - 19.6200,16.84,Issue,NTB,16.0000 - 16.8400,364DAY,0,3238150.693,762167.172,0,1st Week
