source,sitemap_url,last_modified
businessday_ng,https://businessday.ng/post-sitemap.xml,2026-09-02T15:18:06+00:00
businessday_ng,https://businessday.ng/post-sitemap2.xml,2013-03-07T09:23:23+00:00
businessday_ng,https://businessday.ng/post-sitemap3.xml,2013-03-13T11:45:55+00:00
businessday_ng,https://businessday.ng/post-sitemap4.xml,2013-03-18T17:00:43+00:00
businessday_ng,https://businessday.ng/post-sitemap5.xml,2013-03-22T11:34:49+00:00
businessday_ng,https://businessday.ng/post-sitemap6.xml,2013-03-27T15:08:55+00:00
businessday_ng,https://businessday.ng/post-sitemap7.xml,2013-04-02T16:06:29+00:00
businessday_ng,https://businessday.ng/post-sitemap8.xml,2013-04-08T10:37:16+00:00
businessday_ng,https://businessday.ng/post-sitemap9.xml,2013-04-11T17:23:16+00:00
businessday_ng,https://businessday.ng/post-sitemap10.xml,2013-04-16T16:47:09+00:00
businessday_ng,https://businessday.ng/post-sitemap11.xml,2013-04-22T17:01:06+00:00
businessday_ng,https://businessday.ng/post-sitemap12.xml,2013-05-03T15:49:59+00:00
businessday_ng,https://businessday.ng/post-sitemap13.xml,2013-05-09T09:15:11+00:00
businessday_ng,https://businessday.ng/post-sitemap14.xml,2013-05-16T10:03:00+00:00
businessday_ng,https://businessday.ng/post-sitemap15.xml,2013-05-22T09:11:15+00:00
businessday_ng,https://businessday.ng/post-sitemap16.xml,2013-05-28T10:12:41+00:00
businessday_ng,https://businessday.ng/post-sitemap17.xml,2013-06-04T11:32:36+00:00
businessday_ng,https://businessday.ng/post-sitemap18.xml,2013-06-10T09:29:11+00:00
businessday_ng,https://businessday.ng/post-sitemap19.xml,2013-06-17T11:51:04+00:00
businessday_ng,https://businessday.ng/post-sitemap20.xml,2013-06-21T12:49:08+00:00
businessday_ng,https://businessday.ng/post-sitemap21.xml,2014-01-06T00:01:21+00:00
businessday_ng,https://businessday.ng/post-sitemap22.xml,2014-01-09T00:50:39+00:00
businessday_ng,https://businessday.ng/post-sitemap23.xml,2014-01-14T00:55:49+00:00
businessday_ng,https://businessday.ng/post-sitemap24.xml,2014-01-17T00:50:11+00:00
businessday_ng,https://businessday.ng/post-sitemap25.xml,2014-01-22T00:14:15+00:00
businessday_ng,https://businessday.ng/post-sitemap26.xml,2014-01-26T15:25:19+00:00
businessday_ng,https://businessday.ng/post-sitemap27.xml,2014-01-29T00:45:27+00:00
businessday_ng,https://businessday.ng/post-sitemap28.xml,2014-02-03T00:52:49+00:00
businessday_ng,https://businessday.ng/post-sitemap29.xml,2014-02-06T13:03:52+00:00
businessday_ng,https://businessday.ng/post-sitemap30.xml,2014-02-11T17:33:52+00:00
businessday_ng,https://businessday.ng/post-sitemap31.xml,2014-02-14T00:40:27+00:00
businessday_ng,https://businessday.ng/post-sitemap32.xml,2014-02-19T00:10:22+00:00
businessday_ng,https://businessday.ng/post-sitemap33.xml,2014-02-23T03:11:45+00:00
businessday_ng,https://businessday.ng/post-sitemap34.xml,2014-02-27T00:00:13+00:00
businessday_ng,https://businessday.ng/post-sitemap35.xml,2014-03-03T00:23:22+00:00
businessday_ng,https://businessday.ng/post-sitemap36.xml,2014-03-06T00:20:36+00:00
businessday_ng,https://businessday.ng/post-sitemap37.xml,2014-03-11T00:00:45+00:00
businessday_ng,https://businessday.ng/post-sitemap38.xml,2014-03-14T00:20:41+00:00
businessday_ng,https://businessday.ng/post-sitemap39.xml,2014-03-18T00:40:46+00:00
businessday_ng,https://businessday.ng/post-sitemap40.xml,2014-03-22T00:00:42+00:00
businessday_ng,https://businessday.ng/post-sitemap41.xml,2014-03-26T00:45:12+00:00
businessday_ng,https://businessday.ng/post-sitemap42.xml,2014-03-31T13:12:18+00:00
businessday_ng,https://businessday.ng/post-sitemap43.xml,2014-04-04T00:16:37+00:00
businessday_ng,https://businessday.ng/post-sitemap44.xml,2014-04-09T00:20:09+00:00
businessday_ng,https://businessday.ng/post-sitemap45.xml,2014-04-14T00:11:02+00:00
businessday_ng,https://businessday.ng/post-sitemap46.xml,2014-04-17T15:05:57+00:00
businessday_ng,https://businessday.ng/post-sitemap47.xml,2014-04-23T00:00:02+00:00
businessday_ng,https://businessday.ng/post-sitemap48.xml,2014-04-28T00:00:11+00:00
businessday_ng,https://businessday.ng/post-sitemap49.xml,2014-05-01T00:12:31+00:00
businessday_ng,https://businessday.ng/post-sitemap50.xml,2014-05-05T10:23:42+00:00
businessday_ng,https://businessday.ng/post-sitemap51.xml,2014-05-08T00:59:20+00:00
businessday_ng,https://businessday.ng/post-sitemap52.xml,2014-05-13T00:10:45+00:00
businessday_ng,https://businessday.ng/post-sitemap53.xml,2014-05-16T10:49:01+00:00
businessday_ng,https://businessday.ng/post-sitemap54.xml,2014-05-21T00:00:33+00:00
businessday_ng,https://businessday.ng/post-sitemap55.xml,2014-05-25T00:10:48+00:00
businessday_ng,https://businessday.ng/post-sitemap56.xml,2014-05-29T00:00:01+00:00
businessday_ng,https://businessday.ng/post-sitemap57.xml,2014-06-02T00:00:25+00:00
businessday_ng,https://businessday.ng/post-sitemap58.xml,2014-06-05T00:10:10+00:00
businessday_ng,https://businessday.ng/post-sitemap59.xml,2014-06-09T00:00:47+00:00
businessday_ng,https://businessday.ng/post-sitemap60.xml,2014-06-12T00:01:31+00:00
businessday_ng,https://businessday.ng/post-sitemap61.xml,2014-06-16T00:29:30+00:00
businessday_ng,https://businessday.ng/post-sitemap62.xml,2014-06-20T00:00:11+00:00
businessday_ng,https://businessday.ng/post-sitemap63.xml,2014-06-23T15:49:21+00:00
businessday_ng,https://businessday.ng/post-sitemap64.xml,2014-06-26T00:17:29+00:00
businessday_ng,https://businessday.ng/post-sitemap65.xml,2014-07-01T00:00:07+00:00
businessday_ng,https://businessday.ng/post-sitemap66.xml,2014-07-03T10:49:17+00:00
businessday_ng,https://businessday.ng/post-sitemap67.xml,2014-07-07T08:34:29+00:00
businessday_ng,https://businessday.ng/post-sitemap68.xml,2014-07-10T00:15:46+00:00
businessday_ng,https://businessday.ng/post-sitemap69.xml,2014-07-14T15:17:55+00:00
businessday_ng,https://businessday.ng/post-sitemap70.xml,2014-07-17T00:25:21+00:00
businessday_ng,https://businessday.ng/post-sitemap71.xml,2014-07-21T00:28:19+00:00
businessday_ng,https://businessday.ng/post-sitemap72.xml,2014-07-24T00:00:41+00:00
businessday_ng,https://businessday.ng/post-sitemap73.xml,2014-07-27T15:29:19+00:00
businessday_ng,https://businessday.ng/post-sitemap74.xml,2014-07-30T00:30:16+00:00
businessday_ng,https://businessday.ng/post-sitemap75.xml,2014-08-03T00:09:01+00:00
businessday_ng,https://businessday.ng/post-sitemap76.xml,2014-08-06T00:00:13+00:00
businessday_ng,https://businessday.ng/post-sitemap77.xml,2014-08-08T07:52:43+00:00
businessday_ng,https://businessday.ng/post-sitemap78.xml,2014-08-12T11:03:08+00:00
businessday_ng,https://businessday.ng/post-sitemap79.xml,2014-08-15T12:18:00+00:00
businessday_ng,https://businessday.ng/post-sitemap80.xml,2014-08-19T00:10:14+00:00
businessday_ng,https://businessday.ng/post-sitemap81.xml,2014-08-21T17:05:53+00:00
businessday_ng,https://businessday.ng/post-sitemap82.xml,2014-08-26T00:00:20+00:00
businessday_ng,https://businessday.ng/post-sitemap83.xml,2014-08-28T09:39:54+00:00
businessday_ng,https://businessday.ng/post-sitemap84.xml,2014-09-02T00:06:15+00:00
businessday_ng,https://businessday.ng/post-sitemap85.xml,2014-09-05T00:07:08+00:00
businessday_ng,https://businessday.ng/post-sitemap86.xml,2014-09-09T00:30:05+00:00
businessday_ng,https://businessday.ng/post-sitemap87.xml,2014-09-14T00:02:33+00:00
businessday_ng,https://businessday.ng/post-sitemap88.xml,2014-09-17T09:31:04+00:00
businessday_ng,https://businessday.ng/post-sitemap89.xml,2014-09-22T00:35:14+00:00
businessday_ng,https://businessday.ng/post-sitemap90.xml,2014-09-25T00:23:59+00:00
businessday_ng,https://businessday.ng/post-sitemap91.xml,2014-09-30T00:05:35+00:00
businessday_ng,https://businessday.ng/post-sitemap92.xml,2014-10-04T12:19:25+00:00
businessday_ng,https://businessday.ng/post-sitemap93.xml,2014-10-08T09:40:31+00:00
businessday_ng,https://businessday.ng/post-sitemap94.xml,2014-10-13T14:46:43+00:00
businessday_ng,https://businessday.ng/post-sitemap95.xml,2014-10-17T07:51:52+00:00
businessday_ng,https://businessday.ng/post-sitemap96.xml,2014-10-22T00:07:01+00:00
businessday_ng,https://businessday.ng/post-sitemap97.xml,2014-10-27T00:21:06+00:00
businessday_ng,https://businessday.ng/post-sitemap98.xml,2014-10-31T00:30:22+00:00
businessday_ng,https://businessday.ng/post-sitemap99.xml,2014-12-03T00:12:09+00:00
businessday_ng,https://businessday.ng/post-sitemap100.xml,2014-12-08T00:55:04+00:00
businessday_ng,https://businessday.ng/post-sitemap101.xml,2014-12-12T00:35:40+00:00
businessday_ng,https://businessday.ng/post-sitemap102.xml,2014-12-17T00:28:08+00:00
businessday_ng,https://businessday.ng/post-sitemap103.xml,2014-12-22T16:37:49+00:00
businessday_ng,https://businessday.ng/post-sitemap104.xml,2014-12-30T14:46:09+00:00
businessday_ng,https://businessday.ng/post-sitemap105.xml,2015-01-06T00:11:27+00:00
businessday_ng,https://businessday.ng/post-sitemap106.xml,2015-01-09T15:36:38+00:00
businessday_ng,https://businessday.ng/post-sitemap107.xml,2015-01-14T00:23:22+00:00
businessday_ng,https://businessday.ng/post-sitemap108.xml,2015-02-02T16:11:18+00:00
businessday_ng,https://businessday.ng/post-sitemap109.xml,2015-03-03T10:09:51+00:00
businessday_ng,https://businessday.ng/post-sitemap110.xml,2015-03-09T11:16:56+00:00
businessday_ng,https://businessday.ng/post-sitemap111.xml,2015-03-16T11:00:38+00:00
businessday_ng,https://businessday.ng/post-sitemap112.xml,2015-03-23T00:18:10+00:00
businessday_ng,https://businessday.ng/post-sitemap113.xml,2015-03-29T00:21:03+00:00
businessday_ng,https://businessday.ng/post-sitemap114.xml,2015-04-02T00:37:27+00:00
businessday_ng,https://businessday.ng/post-sitemap115.xml,2015-04-08T13:21:03+00:00
businessday_ng,https://businessday.ng/post-sitemap116.xml,2015-04-14T00:21:27+00:00
businessday_ng,https://businessday.ng/post-sitemap117.xml,2015-04-19T00:05:51+00:00
businessday_ng,https://businessday.ng/post-sitemap118.xml,2015-04-22T10:22:29+00:00
businessday_ng,https://businessday.ng/post-sitemap119.xml,2015-04-27T08:51:46+00:00
businessday_ng,https://businessday.ng/post-sitemap120.xml,2015-05-04T00:00:38+00:00
businessday_ng,https://businessday.ng/post-sitemap121.xml,2015-05-08T00:28:18+00:00
businessday_ng,https://businessday.ng/post-sitemap122.xml,2015-05-14T00:15:54+00:00
businessday_ng,https://businessday.ng/post-sitemap123.xml,2015-05-20T00:00:26+00:00
businessday_ng,https://businessday.ng/post-sitemap124.xml,2015-05-25T00:15:33+00:00
businessday_ng,https://businessday.ng/post-sitemap125.xml,2015-05-28T10:18:10+00:00
businessday_ng,https://businessday.ng/post-sitemap126.xml,2015-06-03T01:00:53+00:00
businessday_ng,https://businessday.ng/post-sitemap127.xml,2015-06-08T16:12:01+00:00
businessday_ng,https://businessday.ng/post-sitemap128.xml,2015-06-12T00:00:46+00:00
businessday_ng,https://businessday.ng/post-sitemap129.xml,2015-06-16T01:12:29+00:00
businessday_ng,https://businessday.ng/post-sitemap130.xml,2015-06-22T06:53:39+00:00
businessday_ng,https://businessday.ng/post-sitemap131.xml,2015-06-26T00:14:22+00:00
businessday_ng,https://businessday.ng/post-sitemap132.xml,2015-06-30T13:53:40+00:00
businessday_ng,https://businessday.ng/post-sitemap133.xml,2015-07-05T00:27:31+00:00
businessday_ng,https://businessday.ng/post-sitemap134.xml,2015-07-09T00:00:33+00:00
businessday_ng,https://businessday.ng/post-sitemap135.xml,2015-07-14T00:50:32+00:00
businessday_ng,https://businessday.ng/post-sitemap136.xml,2015-07-17T06:30:38+00:00
businessday_ng,https://businessday.ng/post-sitemap137.xml,2015-07-22T00:23:43+00:00
businessday_ng,https://businessday.ng/post-sitemap138.xml,2015-07-27T00:36:59+00:00
businessday_ng,https://businessday.ng/post-sitemap139.xml,2015-07-30T00:05:17+00:00
businessday_ng,https://businessday.ng/post-sitemap140.xml,2015-08-03T00:05:34+00:00
businessday_ng,https://businessday.ng/post-sitemap141.xml,2015-08-06T00:21:41+00:00
businessday_ng,https://businessday.ng/post-sitemap142.xml,2015-08-11T00:09:23+00:00
businessday_ng,https://businessday.ng/post-sitemap143.xml,2015-08-13T23:40:34+00:00
businessday_ng,https://businessday.ng/post-sitemap144.xml,2015-08-18T23:23:04+00:00
businessday_ng,https://businessday.ng/post-sitemap145.xml,2015-08-23T23:33:09+00:00
businessday_ng,https://businessday.ng/post-sitemap146.xml,2015-08-27T23:12:36+00:00
businessday_ng,https://businessday.ng/post-sitemap147.xml,2015-09-01T23:27:56+00:00
businessday_ng,https://businessday.ng/post-sitemap148.xml,2015-09-06T23:17:55+00:00
businessday_ng,https://businessday.ng/post-sitemap149.xml,2015-09-09T23:07:14+00:00
businessday_ng,https://businessday.ng/post-sitemap150.xml,2015-09-14T23:00:26+00:00
businessday_ng,https://businessday.ng/post-sitemap151.xml,2015-09-17T23:11:49+00:00
businessday_ng,https://businessday.ng/post-sitemap152.xml,2015-09-22T23:11:22+00:00
businessday_ng,https://businessday.ng/post-sitemap153.xml,2015-09-28T11:21:00+00:00
businessday_ng,https://businessday.ng/post-sitemap154.xml,2015-10-01T23:00:10+00:00
businessday_ng,https://businessday.ng/post-sitemap155.xml,2015-10-06T23:00:28+00:00
businessday_ng,https://businessday.ng/post-sitemap156.xml,2015-10-11T23:13:46+00:00
businessday_ng,https://businessday.ng/post-sitemap157.xml,2015-10-14T23:25:04+00:00
businessday_ng,https://businessday.ng/post-sitemap158.xml,2015-10-19T23:29:36+00:00
businessday_ng,https://businessday.ng/post-sitemap159.xml,2015-10-23T06:30:01+00:00
businessday_ng,https://businessday.ng/post-sitemap160.xml,2015-10-27T23:23:38+00:00
businessday_ng,https://businessday.ng/post-sitemap161.xml,2015-11-02T14:17:37+00:00
businessday_ng,https://businessday.ng/post-sitemap162.xml,2015-11-05T23:23:18+00:00
businessday_ng,https://businessday.ng/post-sitemap163.xml,2015-11-11T10:44:42+00:00
businessday_ng,https://businessday.ng/post-sitemap164.xml,2015-11-17T17:23:17+00:00
businessday_ng,https://businessday.ng/post-sitemap165.xml,2015-11-23T17:20:17+00:00
businessday_ng,https://businessday.ng/post-sitemap166.xml,2015-11-27T06:54:12+00:00
businessday_ng,https://businessday.ng/post-sitemap167.xml,2015-12-01T23:27:39+00:00
businessday_ng,https://businessday.ng/post-sitemap168.xml,2015-12-07T23:18:06+00:00
businessday_ng,https://businessday.ng/post-sitemap169.xml,2015-12-11T08:04:17+00:00
businessday_ng,https://businessday.ng/post-sitemap170.xml,2015-12-16T10:39:57+00:00
businessday_ng,https://businessday.ng/post-sitemap171.xml,2015-12-22T08:05:25+00:00
businessday_ng,https://businessday.ng/post-sitemap172.xml,2015-12-29T06:55:48+00:00
businessday_ng,https://businessday.ng/post-sitemap173.xml,2016-01-05T23:03:26+00:00
businessday_ng,https://businessday.ng/post-sitemap174.xml,2016-01-10T23:19:26+00:00
businessday_ng,https://businessday.ng/post-sitemap175.xml,2016-01-13T23:15:56+00:00
businessday_ng,https://businessday.ng/post-sitemap176.xml,2016-01-18T23:00:00+00:00
businessday_ng,https://businessday.ng/post-sitemap177.xml,2016-01-21T13:37:28+00:00
businessday_ng,https://businessday.ng/post-sitemap178.xml,2016-01-25T23:23:33+00:00
businessday_ng,https://businessday.ng/post-sitemap179.xml,2016-01-30T23:10:35+00:00
businessday_ng,https://businessday.ng/post-sitemap180.xml,2016-02-04T06:49:13+00:00
businessday_ng,https://businessday.ng/post-sitemap181.xml,2016-02-09T23:01:12+00:00
businessday_ng,https://businessday.ng/post-sitemap182.xml,2016-02-14T23:40:47+00:00
businessday_ng,https://businessday.ng/post-sitemap183.xml,2016-02-18T23:50:22+00:00
businessday_ng,https://businessday.ng/post-sitemap184.xml,2016-02-23T23:31:36+00:00
businessday_ng,https://businessday.ng/post-sitemap185.xml,2016-02-28T21:00:03+00:00
businessday_ng,https://businessday.ng/post-sitemap186.xml,2016-03-02T23:08:02+00:00
businessday_ng,https://businessday.ng/post-sitemap187.xml,2016-03-07T23:00:18+00:00
businessday_ng,https://businessday.ng/post-sitemap188.xml,2016-03-11T06:08:21+00:00
businessday_ng,https://businessday.ng/post-sitemap189.xml,2016-03-15T23:51:47+00:00
businessday_ng,https://businessday.ng/post-sitemap190.xml,2016-03-21T14:23:46+00:00
businessday_ng,https://businessday.ng/post-sitemap191.xml,2016-03-24T23:00:54+00:00
businessday_ng,https://businessday.ng/post-sitemap192.xml,2016-03-29T23:50:12+00:00
businessday_ng,https://businessday.ng/post-sitemap193.xml,2016-04-03T23:25:12+00:00
businessday_ng,https://businessday.ng/post-sitemap194.xml,2016-04-07T23:12:38+00:00
businessday_ng,https://businessday.ng/post-sitemap195.xml,2016-04-12T23:16:15+00:00
businessday_ng,https://businessday.ng/post-sitemap196.xml,2016-04-16T23:11:46+00:00
businessday_ng,https://businessday.ng/post-sitemap197.xml,2016-04-20T00:34:33+00:00
businessday_ng,https://businessday.ng/post-sitemap198.xml,2016-04-24T23:04:39+00:00
businessday_ng,https://businessday.ng/post-sitemap199.xml,2016-04-27T13:19:19+00:00
businessday_ng,https://businessday.ng/post-sitemap200.xml,2016-05-02T23:12:37+00:00
businessday_ng,https://businessday.ng/post-sitemap201.xml,2016-05-06T06:10:24+00:00
businessday_ng,https://businessday.ng/post-sitemap202.xml,2016-05-10T23:11:07+00:00
businessday_ng,https://businessday.ng/post-sitemap203.xml,2016-05-15T23:02:49+00:00
businessday_ng,https://businessday.ng/post-sitemap204.xml,2016-05-18T23:14:06+00:00
businessday_ng,https://businessday.ng/post-sitemap205.xml,2016-05-23T23:27:30+00:00
businessday_ng,https://businessday.ng/post-sitemap206.xml,2016-05-26T11:56:48+00:00
businessday_ng,https://businessday.ng/post-sitemap207.xml,2016-05-30T23:12:39+00:00
businessday_ng,https://businessday.ng/post-sitemap208.xml,2016-06-02T13:03:29+00:00
businessday_ng,https://businessday.ng/post-sitemap209.xml,2016-06-06T23:25:34+00:00
businessday_ng,https://businessday.ng/post-sitemap210.xml,2016-06-09T08:30:15+00:00
businessday_ng,https://businessday.ng/post-sitemap211.xml,2016-06-13T23:08:05+00:00
businessday_ng,https://businessday.ng/post-sitemap212.xml,2016-06-15T23:40:49+00:00
businessday_ng,https://businessday.ng/post-sitemap213.xml,2016-06-19T23:31:50+00:00
businessday_ng,https://businessday.ng/post-sitemap214.xml,2016-06-22T12:13:59+00:00
businessday_ng,https://businessday.ng/post-sitemap215.xml,2016-06-26T11:10:29+00:00
businessday_ng,https://businessday.ng/post-sitemap216.xml,2016-07-03T23:13:48+00:00
businessday_ng,https://businessday.ng/post-sitemap217.xml,2016-07-06T23:31:16+00:00
businessday_ng,https://businessday.ng/post-sitemap218.xml,2016-07-17T23:20:37+00:00
businessday_ng,https://businessday.ng/post-sitemap219.xml,2016-07-21T15:17:37+00:00
businessday_ng,https://businessday.ng/post-sitemap220.xml,2016-07-25T23:20:06+00:00
businessday_ng,https://businessday.ng/post-sitemap221.xml,2016-07-28T11:15:45+00:00
businessday_ng,https://businessday.ng/post-sitemap222.xml,2016-08-01T10:58:44+00:00
businessday_ng,https://businessday.ng/post-sitemap223.xml,2016-08-03T09:49:02+00:00
businessday_ng,https://businessday.ng/post-sitemap224.xml,2016-08-06T17:20:26+00:00
businessday_ng,https://businessday.ng/post-sitemap225.xml,2016-08-09T17:14:53+00:00
businessday_ng,https://businessday.ng/post-sitemap226.xml,2016-08-12T15:46:47+00:00
businessday_ng,https://businessday.ng/post-sitemap227.xml,2016-08-16T15:55:58+00:00
businessday_ng,https://businessday.ng/post-sitemap228.xml,2016-08-29T23:21:35+00:00
businessday_ng,https://businessday.ng/post-sitemap229.xml,2016-09-03T21:51:51+00:00
businessday_ng,https://businessday.ng/post-sitemap230.xml,2016-09-06T12:03:42+00:00
businessday_ng,https://businessday.ng/post-sitemap231.xml,2016-09-08T08:17:14+00:00
businessday_ng,https://businessday.ng/post-sitemap232.xml,2016-09-11T17:20:12+00:00
businessday_ng,https://businessday.ng/post-sitemap233.xml,2016-09-13T23:18:28+00:00
businessday_ng,https://businessday.ng/post-sitemap234.xml,2016-09-15T10:21:15+00:00
businessday_ng,https://businessday.ng/post-sitemap235.xml,2016-09-18T05:30:13+00:00
businessday_ng,https://businessday.ng/post-sitemap236.xml,2016-09-20T14:43:37+00:00
businessday_ng,https://businessday.ng/post-sitemap237.xml,2016-09-22T13:45:47+00:00
businessday_ng,https://businessday.ng/post-sitemap238.xml,2016-09-25T19:19:02+00:00
businessday_ng,https://businessday.ng/post-sitemap239.xml,2016-09-27T16:52:47+00:00
businessday_ng,https://businessday.ng/post-sitemap240.xml,2016-09-29T23:12:29+00:00
businessday_ng,https://businessday.ng/post-sitemap241.xml,2016-10-03T13:59:45+00:00
businessday_ng,https://businessday.ng/post-sitemap242.xml,2016-11-02T04:43:24+00:00
businessday_ng,https://businessday.ng/post-sitemap243.xml,2016-11-04T06:45:53+00:00
businessday_ng,https://businessday.ng/post-sitemap244.xml,2016-11-07T00:57:41+00:00
businessday_ng,https://businessday.ng/post-sitemap245.xml,2016-11-08T15:55:13+00:00
businessday_ng,https://businessday.ng/post-sitemap246.xml,2016-11-10T11:31:40+00:00
businessday_ng,https://businessday.ng/post-sitemap247.xml,2016-11-13T13:03:31+00:00
businessday_ng,https://businessday.ng/post-sitemap248.xml,2016-11-15T10:37:51+00:00
businessday_ng,https://businessday.ng/post-sitemap249.xml,2016-11-16T23:15:41+00:00
businessday_ng,https://businessday.ng/post-sitemap250.xml,2016-11-19T02:10:44+00:00
businessday_ng,https://businessday.ng/post-sitemap251.xml,2016-11-23T03:11:35+00:00
businessday_ng,https://businessday.ng/post-sitemap252.xml,2016-11-24T23:11:18+00:00
businessday_ng,https://businessday.ng/post-sitemap253.xml,2016-11-27T23:21:23+00:00
businessday_ng,https://businessday.ng/post-sitemap254.xml,2016-11-29T21:05:51+00:00
businessday_ng,https://businessday.ng/post-sitemap255.xml,2016-12-02T00:45:34+00:00
businessday_ng,https://businessday.ng/post-sitemap256.xml,2016-12-05T04:21:09+00:00
businessday_ng,https://businessday.ng/post-sitemap257.xml,2016-12-06T23:51:26+00:00
businessday_ng,https://businessday.ng/post-sitemap258.xml,2016-12-09T12:11:35+00:00
businessday_ng,https://businessday.ng/post-sitemap259.xml,2016-12-12T17:20:40+00:00
businessday_ng,https://businessday.ng/post-sitemap260.xml,2016-12-14T18:00:13+00:00
businessday_ng,https://businessday.ng/post-sitemap261.xml,2016-12-17T12:05:46+00:00
businessday_ng,https://businessday.ng/post-sitemap262.xml,2016-12-20T00:16:08+00:00
businessday_ng,https://businessday.ng/post-sitemap263.xml,2016-12-21T23:00:46+00:00
businessday_ng,https://businessday.ng/post-sitemap264.xml,2016-12-24T07:55:04+00:00
businessday_ng,https://businessday.ng/post-sitemap265.xml,2016-12-27T23:34:34+00:00
businessday_ng,https://businessday.ng/post-sitemap266.xml,2016-12-30T00:09:55+00:00
businessday_ng,https://businessday.ng/post-sitemap267.xml,2017-01-02T23:12:46+00:00
businessday_ng,https://businessday.ng/post-sitemap268.xml,2017-01-04T18:48:15+00:00
businessday_ng,https://businessday.ng/post-sitemap269.xml,2017-01-06T19:10:37+00:00
businessday_ng,https://businessday.ng/post-sitemap270.xml,2017-01-10T01:00:55+00:00
businessday_ng,https://businessday.ng/post-sitemap271.xml,2017-02-01T23:22:01+00:00
businessday_ng,https://businessday.ng/post-sitemap272.xml,2017-02-03T18:32:33+00:00
businessday_ng,https://businessday.ng/post-sitemap273.xml,2017-02-06T15:50:24+00:00
businessday_ng,https://businessday.ng/post-sitemap274.xml,2017-02-08T00:00:55+00:00
businessday_ng,https://businessday.ng/post-sitemap275.xml,2017-02-09T22:14:19+00:00
businessday_ng,https://businessday.ng/post-sitemap276.xml,2017-02-12T20:44:16+00:00
businessday_ng,https://businessday.ng/post-sitemap277.xml,2017-02-15T00:20:45+00:00
businessday_ng,https://businessday.ng/post-sitemap278.xml,2017-02-17T09:29:47+00:00
businessday_ng,https://businessday.ng/post-sitemap279.xml,2017-02-20T15:04:24+00:00
businessday_ng,https://businessday.ng/post-sitemap280.xml,2017-02-22T14:01:12+00:00
businessday_ng,https://businessday.ng/post-sitemap281.xml,2017-02-24T19:01:45+00:00
businessday_ng,https://businessday.ng/post-sitemap282.xml,2017-03-01T06:14:07+00:00
businessday_ng,https://businessday.ng/post-sitemap283.xml,2017-03-03T00:21:37+00:00
businessday_ng,https://businessday.ng/post-sitemap284.xml,2017-03-06T06:03:17+00:00
businessday_ng,https://businessday.ng/post-sitemap285.xml,2017-03-08T00:00:30+00:00
businessday_ng,https://businessday.ng/post-sitemap286.xml,2017-03-09T23:53:38+00:00
businessday_ng,https://businessday.ng/post-sitemap287.xml,2017-03-13T01:28:35+00:00
businessday_ng,https://businessday.ng/post-sitemap288.xml,2017-03-14T17:49:23+00:00
businessday_ng,https://businessday.ng/post-sitemap289.xml,2017-03-16T13:22:39+00:00
businessday_ng,https://businessday.ng/post-sitemap290.xml,2017-03-19T08:07:18+00:00
businessday_ng,https://businessday.ng/post-sitemap291.xml,2017-03-21T09:48:43+00:00
businessday_ng,https://businessday.ng/post-sitemap292.xml,2017-03-23T09:40:57+00:00
businessday_ng,https://businessday.ng/post-sitemap293.xml,2017-03-26T04:48:30+00:00
businessday_ng,https://businessday.ng/post-sitemap294.xml,2017-03-28T09:27:42+00:00
businessday_ng,https://businessday.ng/post-sitemap295.xml,2017-03-29T23:33:50+00:00
businessday_ng,https://businessday.ng/post-sitemap296.xml,2017-04-01T05:41:08+00:00
businessday_ng,https://businessday.ng/post-sitemap297.xml,2017-04-03T18:37:02+00:00
businessday_ng,https://businessday.ng/post-sitemap298.xml,2017-04-05T13:05:19+00:00
businessday_ng,https://businessday.ng/post-sitemap299.xml,2017-04-07T15:06:03+00:00
businessday_ng,https://businessday.ng/post-sitemap300.xml,2017-04-10T11:20:18+00:00
businessday_ng,https://businessday.ng/post-sitemap301.xml,2017-04-11T23:30:18+00:00
businessday_ng,https://businessday.ng/post-sitemap302.xml,2017-04-13T23:34:26+00:00
businessday_ng,https://businessday.ng/post-sitemap303.xml,2017-04-17T10:17:10+00:00
businessday_ng,https://businessday.ng/post-sitemap304.xml,2017-04-19T10:14:37+00:00
businessday_ng,https://businessday.ng/post-sitemap305.xml,2017-04-21T14:14:33+00:00
businessday_ng,https://businessday.ng/post-sitemap306.xml,2017-04-24T23:59:40+00:00
businessday_ng,https://businessday.ng/post-sitemap307.xml,2017-04-27T02:11:31+00:00
businessday_ng,https://businessday.ng/post-sitemap308.xml,2017-04-30T23:25:00+00:00
businessday_ng,https://businessday.ng/post-sitemap309.xml,2017-05-03T00:41:33+00:00
businessday_ng,https://businessday.ng/post-sitemap310.xml,2017-05-05T18:04:17+00:00
businessday_ng,https://businessday.ng/post-sitemap311.xml,2017-05-09T15:31:38+00:00
businessday_ng,https://businessday.ng/post-sitemap312.xml,2017-05-11T23:45:47+00:00
businessday_ng,https://businessday.ng/post-sitemap313.xml,2017-05-16T00:02:10+00:00
businessday_ng,https://businessday.ng/post-sitemap314.xml,2017-05-18T14:46:20+00:00
businessday_ng,https://businessday.ng/post-sitemap315.xml,2017-05-22T23:03:00+00:00
businessday_ng,https://businessday.ng/post-sitemap316.xml,2017-05-25T08:54:36+00:00
businessday_ng,https://businessday.ng/post-sitemap317.xml,2017-05-29T23:05:07+00:00
businessday_ng,https://businessday.ng/post-sitemap318.xml,2017-06-01T23:35:27+00:00
businessday_ng,https://businessday.ng/post-sitemap319.xml,2017-06-06T09:09:58+00:00
businessday_ng,https://businessday.ng/post-sitemap320.xml,2017-06-09T12:47:54+00:00
businessday_ng,https://businessday.ng/post-sitemap321.xml,2017-06-13T19:05:18+00:00
businessday_ng,https://businessday.ng/post-sitemap322.xml,2017-06-16T18:13:59+00:00
businessday_ng,https://businessday.ng/post-sitemap323.xml,2017-06-21T10:21:37+00:00
businessday_ng,https://businessday.ng/post-sitemap324.xml,2017-06-26T00:10:36+00:00
businessday_ng,https://businessday.ng/post-sitemap325.xml,2017-06-29T00:33:27+00:00
businessday_ng,https://businessday.ng/post-sitemap326.xml,2017-07-03T16:52:13+00:00
businessday_ng,https://businessday.ng/post-sitemap327.xml,2017-07-06T03:17:58+00:00
businessday_ng,https://businessday.ng/post-sitemap328.xml,2017-07-10T15:56:12+00:00
businessday_ng,https://businessday.ng/post-sitemap329.xml,2017-07-13T18:38:50+00:00
businessday_ng,https://businessday.ng/post-sitemap330.xml,2017-07-18T11:38:20+00:00
businessday_ng,https://businessday.ng/post-sitemap331.xml,2017-07-21T00:48:36+00:00
businessday_ng,https://businessday.ng/post-sitemap332.xml,2017-07-25T12:00:59+00:00
businessday_ng,https://businessday.ng/post-sitemap333.xml,2017-07-27T23:50:14+00:00
businessday_ng,https://businessday.ng/post-sitemap334.xml,2017-08-01T23:00:10+00:00
businessday_ng,https://businessday.ng/post-sitemap335.xml,2017-08-05T05:00:07+00:00
businessday_ng,https://businessday.ng/post-sitemap336.xml,2017-08-08T23:11:34+00:00
businessday_ng,https://businessday.ng/post-sitemap337.xml,2017-08-13T23:11:35+00:00
businessday_ng,https://businessday.ng/post-sitemap338.xml,2017-08-16T23:30:49+00:00
businessday_ng,https://businessday.ng/post-sitemap339.xml,2017-08-21T09:32:55+00:00
businessday_ng,https://businessday.ng/post-sitemap340.xml,2017-08-24T09:26:31+00:00
businessday_ng,https://businessday.ng/post-sitemap341.xml,2017-08-29T14:35:42+00:00
businessday_ng,https://businessday.ng/post-sitemap342.xml,2017-09-01T11:50:38+00:00
businessday_ng,https://businessday.ng/post-sitemap343.xml,2017-09-05T23:25:58+00:00
businessday_ng,https://businessday.ng/post-sitemap344.xml,2017-09-10T23:23:35+00:00
businessday_ng,https://businessday.ng/post-sitemap345.xml,2017-09-13T18:00:49+00:00
businessday_ng,https://businessday.ng/post-sitemap346.xml,2017-09-18T12:53:55+00:00
businessday_ng,https://businessday.ng/post-sitemap347.xml,2017-09-21T00:45:21+00:00
businessday_ng,https://businessday.ng/post-sitemap348.xml,2017-09-25T23:55:17+00:00
businessday_ng,https://businessday.ng/post-sitemap349.xml,2017-09-29T05:00:31+00:00
businessday_ng,https://businessday.ng/post-sitemap350.xml,2017-10-03T23:41:45+00:00
businessday_ng,https://businessday.ng/post-sitemap351.xml,2017-10-08T00:30:55+00:00
businessday_ng,https://businessday.ng/post-sitemap352.xml,2017-10-11T15:29:48+00:00
businessday_ng,https://businessday.ng/post-sitemap353.xml,2017-10-17T17:03:21+00:00
businessday_ng,https://businessday.ng/post-sitemap354.xml,2017-10-25T01:00:02+00:00
businessday_ng,https://businessday.ng/post-sitemap355.xml,2017-10-31T23:26:26+00:00
businessday_ng,https://businessday.ng/post-sitemap356.xml,2017-11-06T15:59:32+00:00
businessday_ng,https://businessday.ng/post-sitemap357.xml,2017-11-12T00:55:22+00:00
businessday_ng,https://businessday.ng/post-sitemap358.xml,2017-11-16T18:21:08+00:00
businessday_ng,https://businessday.ng/post-sitemap359.xml,2017-11-26T16:17:28+00:00
businessday_ng,https://businessday.ng/post-sitemap360.xml,2017-12-07T02:00:15+00:00
businessday_ng,https://businessday.ng/post-sitemap361.xml,2017-12-11T12:35:18+00:00
businessday_ng,https://businessday.ng/post-sitemap362.xml,2017-12-14T17:33:52+00:00
businessday_ng,https://businessday.ng/post-sitemap363.xml,2017-12-19T12:46:43+00:00
businessday_ng,https://businessday.ng/post-sitemap364.xml,2017-12-24T04:23:41+00:00
businessday_ng,https://businessday.ng/post-sitemap365.xml,2018-01-04T23:05:34+00:00
businessday_ng,https://businessday.ng/post-sitemap366.xml,2018-01-10T01:15:25+00:00
businessday_ng,https://businessday.ng/post-sitemap367.xml,2018-01-15T08:14:56+00:00
businessday_ng,https://businessday.ng/post-sitemap368.xml,2018-01-18T18:40:33+00:00
businessday_ng,https://businessday.ng/post-sitemap369.xml,2018-02-03T23:00:30+00:00
businessday_ng,https://businessday.ng/post-sitemap370.xml,2018-02-07T03:12:40+00:00
businessday_ng,https://businessday.ng/post-sitemap371.xml,2018-02-11T14:19:31+00:00
businessday_ng,https://businessday.ng/post-sitemap372.xml,2018-02-14T11:12:52+00:00
businessday_ng,https://businessday.ng/post-sitemap373.xml,2018-02-18T23:41:52+00:00
businessday_ng,https://businessday.ng/post-sitemap374.xml,2018-02-21T23:37:22+00:00
businessday_ng,https://businessday.ng/post-sitemap375.xml,2018-02-25T23:32:22+00:00
businessday_ng,https://businessday.ng/post-sitemap376.xml,2018-02-28T23:19:53+00:00
businessday_ng,https://businessday.ng/post-sitemap377.xml,2018-03-05T17:01:02+00:00
businessday_ng,https://businessday.ng/post-sitemap378.xml,2018-03-08T15:55:31+00:00
businessday_ng,https://businessday.ng/post-sitemap379.xml,2018-03-13T00:12:36+00:00
businessday_ng,https://businessday.ng/post-sitemap380.xml,2018-03-16T00:26:05+00:00
businessday_ng,https://businessday.ng/post-sitemap381.xml,2018-03-20T00:45:53+00:00
businessday_ng,https://businessday.ng/post-sitemap382.xml,2018-03-22T18:40:11+00:00
businessday_ng,https://businessday.ng/post-sitemap383.xml,2018-03-26T23:45:46+00:00
businessday_ng,https://businessday.ng/post-sitemap384.xml,2018-03-30T09:50:12+00:00
businessday_ng,https://businessday.ng/post-sitemap385.xml,2018-04-03T18:18:11+00:00
businessday_ng,https://businessday.ng/post-sitemap386.xml,2018-04-06T16:30:29+00:00
businessday_ng,https://businessday.ng/post-sitemap387.xml,2018-04-10T23:25:56+00:00
businessday_ng,https://businessday.ng/post-sitemap388.xml,2018-04-15T02:02:23+00:00
businessday_ng,https://businessday.ng/post-sitemap389.xml,2018-04-19T01:11:49+00:00
businessday_ng,https://businessday.ng/post-sitemap390.xml,2018-04-23T23:21:17+00:00
businessday_ng,https://businessday.ng/post-sitemap391.xml,2018-04-27T00:52:14+00:00
businessday_ng,https://businessday.ng/post-sitemap392.xml,2018-05-01T23:31:39+00:00
businessday_ng,https://businessday.ng/post-sitemap393.xml,2018-05-05T04:00:41+00:00
businessday_ng,https://businessday.ng/post-sitemap394.xml,2018-05-09T00:21:02+00:00
businessday_ng,https://businessday.ng/post-sitemap395.xml,2018-05-13T02:45:36+00:00
businessday_ng,https://businessday.ng/post-sitemap396.xml,2018-05-16T10:14:26+00:00
businessday_ng,https://businessday.ng/post-sitemap397.xml,2018-05-19T23:45:35+00:00
businessday_ng,https://businessday.ng/post-sitemap398.xml,2018-05-23T00:20:17+00:00
businessday_ng,https://businessday.ng/post-sitemap399.xml,2018-05-26T10:30:04+00:00
businessday_ng,https://businessday.ng/post-sitemap400.xml,2018-05-29T23:25:55+00:00
businessday_ng,https://businessday.ng/post-sitemap401.xml,2018-06-02T23:59:36+00:00
businessday_ng,https://businessday.ng/post-sitemap402.xml,2018-06-06T13:35:11+00:00
businessday_ng,https://businessday.ng/post-sitemap403.xml,2018-06-10T06:30:15+00:00
businessday_ng,https://businessday.ng/post-sitemap404.xml,2018-06-13T14:29:32+00:00
businessday_ng,https://businessday.ng/post-sitemap405.xml,2018-06-19T01:31:55+00:00
businessday_ng,https://businessday.ng/post-sitemap406.xml,2018-06-22T14:09:15+00:00
businessday_ng,https://businessday.ng/post-sitemap407.xml,2018-06-26T17:34:08+00:00
businessday_ng,https://businessday.ng/post-sitemap408.xml,2018-06-29T15:45:55+00:00
businessday_ng,https://businessday.ng/post-sitemap409.xml,2018-07-03T15:55:29+00:00
businessday_ng,https://businessday.ng/post-sitemap410.xml,2018-07-06T00:30:23+00:00
businessday_ng,https://businessday.ng/post-sitemap411.xml,2018-07-09T21:33:52+00:00
businessday_ng,https://businessday.ng/post-sitemap412.xml,2018-08-05T11:00:08+00:00
businessday_ng,https://businessday.ng/post-sitemap413.xml,2018-08-07T17:06:55+00:00
businessday_ng,https://businessday.ng/post-sitemap414.xml,2018-08-10T00:44:28+00:00
businessday_ng,https://businessday.ng/post-sitemap415.xml,2018-08-14T00:14:52+00:00
businessday_ng,https://businessday.ng/post-sitemap416.xml,2018-08-16T11:20:56+00:00
businessday_ng,https://businessday.ng/post-sitemap417.xml,2018-09-05T15:16:02+00:00
businessday_ng,https://businessday.ng/post-sitemap418.xml,2018-11-19T01:45:55+00:00
businessday_ng,https://businessday.ng/post-sitemap419.xml,2018-12-05T12:29:03+00:00
businessday_ng,https://businessday.ng/post-sitemap420.xml,2018-12-19T11:10:23+00:00
businessday_ng,https://businessday.ng/post-sitemap421.xml,2018-12-25T03:03:20+00:00
businessday_ng,https://businessday.ng/post-sitemap422.xml,2019-01-01T11:27:57+00:00
businessday_ng,https://businessday.ng/post-sitemap423.xml,2019-01-05T19:12:14+00:00
businessday_ng,https://businessday.ng/post-sitemap424.xml,2019-01-09T15:12:24+00:00
businessday_ng,https://businessday.ng/post-sitemap425.xml,2019-01-12T22:11:48+00:00
businessday_ng,https://businessday.ng/post-sitemap426.xml,2019-01-16T12:02:40+00:00
businessday_ng,https://businessday.ng/post-sitemap427.xml,2019-01-18T17:08:31+00:00
businessday_ng,https://businessday.ng/post-sitemap428.xml,2019-01-22T19:53:10+00:00
businessday_ng,https://businessday.ng/post-sitemap429.xml,2019-01-25T15:56:15+00:00
businessday_ng,https://businessday.ng/post-sitemap430.xml,2019-01-29T14:45:02+00:00
businessday_ng,https://businessday.ng/post-sitemap431.xml,2019-02-01T18:23:26+00:00
businessday_ng,https://businessday.ng/post-sitemap432.xml,2019-02-06T18:45:30+00:00
businessday_ng,https://businessday.ng/post-sitemap433.xml,2019-02-11T11:37:25+00:00
businessday_ng,https://businessday.ng/post-sitemap434.xml,2019-02-13T18:03:20+00:00
businessday_ng,https://businessday.ng/post-sitemap435.xml,2019-02-16T15:33:26+00:00
businessday_ng,https://businessday.ng/post-sitemap436.xml,2019-02-20T14:37:45+00:00
businessday_ng,https://businessday.ng/post-sitemap437.xml,2019-02-24T15:48:47+00:00
businessday_ng,https://businessday.ng/post-sitemap438.xml,2019-02-27T14:26:08+00:00
businessday_ng,https://businessday.ng/post-sitemap439.xml,2019-03-03T09:34:28+00:00
businessday_ng,https://businessday.ng/post-sitemap440.xml,2019-03-06T21:45:08+00:00
businessday_ng,https://businessday.ng/post-sitemap441.xml,2019-03-10T21:24:49+00:00
businessday_ng,https://businessday.ng/post-sitemap442.xml,2019-03-14T12:00:09+00:00
businessday_ng,https://businessday.ng/post-sitemap443.xml,2019-03-18T22:12:07+00:00
businessday_ng,https://businessday.ng/post-sitemap444.xml,2019-03-21T23:19:01+00:00
businessday_ng,https://businessday.ng/post-sitemap445.xml,2019-03-25T17:01:36+00:00
businessday_ng,https://businessday.ng/post-sitemap446.xml,2019-03-28T13:51:43+00:00
businessday_ng,https://businessday.ng/post-sitemap447.xml,2019-04-02T08:08:14+00:00
businessday_ng,https://businessday.ng/post-sitemap448.xml,2019-04-04T13:38:27+00:00
businessday_ng,https://businessday.ng/post-sitemap449.xml,2019-04-09T07:48:51+00:00
businessday_ng,https://businessday.ng/post-sitemap450.xml,2019-04-12T08:27:34+00:00
businessday_ng,https://businessday.ng/post-sitemap451.xml,2019-04-16T10:42:22+00:00
businessday_ng,https://businessday.ng/post-sitemap452.xml,2019-04-19T12:07:05+00:00
businessday_ng,https://businessday.ng/post-sitemap453.xml,2019-04-24T16:06:50+00:00
businessday_ng,https://businessday.ng/post-sitemap454.xml,2019-04-29T13:41:10+00:00
businessday_ng,https://businessday.ng/post-sitemap455.xml,2019-05-02T14:29:27+00:00
businessday_ng,https://businessday.ng/post-sitemap456.xml,2019-05-07T07:25:01+00:00
businessday_ng,https://businessday.ng/post-sitemap457.xml,2019-05-09T21:34:05+00:00
businessday_ng,https://businessday.ng/post-sitemap458.xml,2019-05-14T16:20:18+00:00
businessday_ng,https://businessday.ng/post-sitemap459.xml,2019-05-17T14:47:23+00:00
businessday_ng,https://businessday.ng/post-sitemap460.xml,2019-05-21T17:31:00+00:00
businessday_ng,https://businessday.ng/post-sitemap461.xml,2019-05-24T14:05:53+00:00
businessday_ng,https://businessday.ng/post-sitemap462.xml,2019-05-28T17:33:29+00:00
businessday_ng,https://businessday.ng/post-sitemap463.xml,2019-06-02T14:46:11+00:00
businessday_ng,https://businessday.ng/post-sitemap464.xml,2019-06-06T13:45:16+00:00
businessday_ng,https://businessday.ng/post-sitemap465.xml,2019-06-10T16:14:38+00:00
businessday_ng,https://businessday.ng/post-sitemap466.xml,2019-06-13T19:00:00+00:00
businessday_ng,https://businessday.ng/post-sitemap467.xml,2019-06-17T20:45:18+00:00
businessday_ng,https://businessday.ng/post-sitemap468.xml,2019-06-20T19:05:24+00:00
businessday_ng,https://businessday.ng/post-sitemap469.xml,2019-06-25T15:25:30+00:00
businessday_ng,https://businessday.ng/post-sitemap470.xml,2019-06-28T17:47:23+00:00
businessday_ng,https://businessday.ng/post-sitemap471.xml,2019-07-02T22:30:00+00:00
businessday_ng,https://businessday.ng/post-sitemap472.xml,2019-07-05T15:48:20+00:00
businessday_ng,https://businessday.ng/post-sitemap473.xml,2019-07-09T16:07:11+00:00
businessday_ng,https://businessday.ng/post-sitemap474.xml,2019-07-12T12:43:59+00:00
businessday_ng,https://businessday.ng/post-sitemap475.xml,2019-07-16T11:52:22+00:00
businessday_ng,https://businessday.ng/post-sitemap476.xml,2019-07-18T17:32:14+00:00
businessday_ng,https://businessday.ng/post-sitemap477.xml,2019-07-22T17:41:48+00:00
businessday_ng,https://businessday.ng/post-sitemap478.xml,2019-07-25T15:40:24+00:00
businessday_ng,https://businessday.ng/post-sitemap479.xml,2019-07-29T13:56:16+00:00
businessday_ng,https://businessday.ng/post-sitemap480.xml,2019-07-31T11:52:32+00:00
businessday_ng,https://businessday.ng/post-sitemap481.xml,2019-08-02T13:23:07+00:00
businessday_ng,https://businessday.ng/post-sitemap482.xml,2019-08-06T15:48:51+00:00
businessday_ng,https://businessday.ng/post-sitemap483.xml,2019-08-09T09:12:15+00:00
businessday_ng,https://businessday.ng/post-sitemap484.xml,2019-08-14T11:18:26+00:00
businessday_ng,https://businessday.ng/post-sitemap485.xml,2019-08-16T15:04:08+00:00
businessday_ng,https://businessday.ng/post-sitemap486.xml,2019-08-20T14:00:07+00:00
businessday_ng,https://businessday.ng/post-sitemap487.xml,2019-08-22T10:12:51+00:00
businessday_ng,https://businessday.ng/post-sitemap488.xml,2019-08-24T16:30:13+00:00
businessday_ng,https://businessday.ng/post-sitemap489.xml,2019-08-27T17:12:09+00:00
businessday_ng,https://businessday.ng/post-sitemap490.xml,2019-08-30T12:20:55+00:00
businessday_ng,https://businessday.ng/post-sitemap491.xml,2019-09-03T11:49:10+00:00
businessday_ng,https://businessday.ng/post-sitemap492.xml,2019-09-05T10:30:22+00:00
businessday_ng,https://businessday.ng/post-sitemap493.xml,2019-09-08T18:50:10+00:00
businessday_ng,https://businessday.ng/post-sitemap494.xml,2019-09-10T22:49:04+00:00
businessday_ng,https://businessday.ng/post-sitemap495.xml,2019-09-13T10:27:14+00:00
businessday_ng,https://businessday.ng/post-sitemap496.xml,2019-09-17T09:12:56+00:00
businessday_ng,https://businessday.ng/post-sitemap497.xml,2019-09-19T14:28:53+00:00
businessday_ng,https://businessday.ng/post-sitemap498.xml,2019-09-24T06:22:46+00:00
businessday_ng,https://businessday.ng/post-sitemap499.xml,2019-09-26T10:42:53+00:00
businessday_ng,https://businessday.ng/post-sitemap500.xml,2019-09-29T19:57:46+00:00
businessday_ng,https://businessday.ng/post-sitemap501.xml,2019-10-02T18:44:14+00:00
businessday_ng,https://businessday.ng/post-sitemap502.xml,2019-10-04T19:45:27+00:00
businessday_ng,https://businessday.ng/post-sitemap503.xml,2019-10-08T19:30:28+00:00
businessday_ng,https://businessday.ng/post-sitemap504.xml,2019-10-11T15:41:32+00:00
businessday_ng,https://businessday.ng/post-sitemap505.xml,2019-10-15T13:08:22+00:00
businessday_ng,https://businessday.ng/post-sitemap506.xml,2019-10-17T23:52:00+00:00
businessday_ng,https://businessday.ng/post-sitemap507.xml,2019-10-21T18:30:26+00:00
businessday_ng,https://businessday.ng/post-sitemap508.xml,2019-10-24T10:46:40+00:00
businessday_ng,https://businessday.ng/post-sitemap509.xml,2019-10-28T05:45:00+00:00
businessday_ng,https://businessday.ng/post-sitemap510.xml,2019-10-30T07:46:44+00:00
businessday_ng,https://businessday.ng/post-sitemap511.xml,2019-11-01T13:28:26+00:00
businessday_ng,https://businessday.ng/post-sitemap512.xml,2019-11-05T13:38:25+00:00
businessday_ng,https://businessday.ng/post-sitemap513.xml,2019-11-08T06:23:22+00:00
businessday_ng,https://businessday.ng/post-sitemap514.xml,2019-11-12T06:40:21+00:00
businessday_ng,https://businessday.ng/post-sitemap515.xml,2019-11-14T06:58:22+00:00
businessday_ng,https://businessday.ng/post-sitemap516.xml,2019-11-17T16:36:11+00:00
businessday_ng,https://businessday.ng/post-sitemap517.xml,2019-11-19T17:38:23+00:00
businessday_ng,https://businessday.ng/post-sitemap518.xml,2019-11-21T19:41:38+00:00
businessday_ng,https://businessday.ng/post-sitemap519.xml,2019-11-25T16:28:24+00:00
businessday_ng,https://businessday.ng/post-sitemap520.xml,2019-11-27T19:34:56+00:00
businessday_ng,https://businessday.ng/post-sitemap521.xml,2019-12-01T19:53:48+00:00
businessday_ng,https://businessday.ng/post-sitemap522.xml,2019-12-05T12:59:14+00:00
businessday_ng,https://businessday.ng/post-sitemap523.xml,2019-12-10T20:47:45+00:00
businessday_ng,https://businessday.ng/post-sitemap524.xml,2019-12-15T21:21:01+00:00
businessday_ng,https://businessday.ng/post-sitemap525.xml,2019-12-18T16:40:55+00:00
businessday_ng,https://businessday.ng/post-sitemap526.xml,2019-12-23T12:00:23+00:00
businessday_ng,https://businessday.ng/post-sitemap527.xml,2019-12-27T17:09:24+00:00
businessday_ng,https://businessday.ng/post-sitemap528.xml,2020-01-02T08:51:19+00:00
businessday_ng,https://businessday.ng/post-sitemap529.xml,2020-01-06T16:21:25+00:00
businessday_ng,https://businessday.ng/post-sitemap530.xml,2020-01-09T17:17:19+00:00
businessday_ng,https://businessday.ng/post-sitemap531.xml,2020-01-14T14:34:22+00:00
businessday_ng,https://businessday.ng/post-sitemap532.xml,2020-01-17T14:49:24+00:00
businessday_ng,https://businessday.ng/post-sitemap533.xml,2020-01-22T12:06:01+00:00
businessday_ng,https://businessday.ng/post-sitemap534.xml,2020-01-25T16:22:05+00:00
businessday_ng,https://businessday.ng/post-sitemap535.xml,2020-01-29T11:28:56+00:00
businessday_ng,https://businessday.ng/post-sitemap536.xml,2020-01-31T13:09:26+00:00
businessday_ng,https://businessday.ng/post-sitemap537.xml,2020-02-04T13:12:45+00:00
businessday_ng,https://businessday.ng/post-sitemap538.xml,2020-02-06T22:01:01+00:00
businessday_ng,https://businessday.ng/post-sitemap539.xml,2020-02-11T07:52:39+00:00
businessday_ng,https://businessday.ng/post-sitemap540.xml,2020-02-12T13:26:22+00:00
businessday_ng,https://businessday.ng/post-sitemap541.xml,2020-02-14T15:22:31+00:00
businessday_ng,https://businessday.ng/post-sitemap542.xml,2020-02-19T09:55:11+00:00
businessday_ng,https://businessday.ng/post-sitemap543.xml,2020-02-21T15:09:22+00:00
businessday_ng,https://businessday.ng/post-sitemap544.xml,2020-02-25T17:06:42+00:00
businessday_ng,https://businessday.ng/post-sitemap545.xml,2020-02-28T12:19:49+00:00
businessday_ng,https://businessday.ng/post-sitemap546.xml,2020-03-03T14:19:09+00:00
businessday_ng,https://businessday.ng/post-sitemap547.xml,2020-03-05T16:19:08+00:00
businessday_ng,https://businessday.ng/post-sitemap548.xml,2020-03-09T15:00:24+00:00
businessday_ng,https://businessday.ng/post-sitemap549.xml,2020-03-11T15:15:15+00:00
businessday_ng,https://businessday.ng/post-sitemap550.xml,2020-03-13T17:26:38+00:00
businessday_ng,https://businessday.ng/post-sitemap551.xml,2020-03-17T13:59:26+00:00
businessday_ng,https://businessday.ng/post-sitemap552.xml,2020-03-19T16:59:44+00:00
businessday_ng,https://businessday.ng/post-sitemap553.xml,2020-03-22T19:56:24+00:00
businessday_ng,https://businessday.ng/post-sitemap554.xml,2020-03-25T07:49:49+00:00
businessday_ng,https://businessday.ng/post-sitemap555.xml,2020-03-27T08:01:04+00:00
businessday_ng,https://businessday.ng/post-sitemap556.xml,2020-03-30T12:55:42+00:00
businessday_ng,https://businessday.ng/post-sitemap557.xml,2020-04-01T14:23:55+00:00
businessday_ng,https://businessday.ng/post-sitemap558.xml,2020-04-03T22:23:48+00:00
businessday_ng,https://businessday.ng/post-sitemap559.xml,2020-04-08T07:36:15+00:00
businessday_ng,https://businessday.ng/post-sitemap560.xml,2020-04-10T20:03:56+00:00
businessday_ng,https://businessday.ng/post-sitemap561.xml,2020-04-14T15:18:14+00:00
businessday_ng,https://businessday.ng/post-sitemap562.xml,2020-04-17T13:53:43+00:00
businessday_ng,https://businessday.ng/post-sitemap563.xml,2020-04-21T10:08:29+00:00
businessday_ng,https://businessday.ng/post-sitemap564.xml,2020-04-24T11:09:09+00:00
businessday_ng,https://businessday.ng/post-sitemap565.xml,2020-04-27T21:24:08+00:00
businessday_ng,https://businessday.ng/post-sitemap566.xml,2020-04-30T13:04:12+00:00
businessday_ng,https://businessday.ng/post-sitemap567.xml,2020-05-04T10:36:12+00:00
businessday_ng,https://businessday.ng/post-sitemap568.xml,2020-05-06T17:11:24+00:00
businessday_ng,https://businessday.ng/post-sitemap569.xml,2020-05-10T16:58:36+00:00
businessday_ng,https://businessday.ng/post-sitemap570.xml,2020-05-13T13:28:23+00:00
businessday_ng,https://businessday.ng/post-sitemap571.xml,2020-05-16T11:15:29+00:00
businessday_ng,https://businessday.ng/post-sitemap572.xml,2020-05-19T22:05:06+00:00
businessday_ng,https://businessday.ng/post-sitemap573.xml,2020-05-22T16:49:40+00:00
businessday_ng,https://businessday.ng/post-sitemap574.xml,2020-05-27T14:54:32+00:00
businessday_ng,https://businessday.ng/post-sitemap575.xml,2020-05-29T21:38:09+00:00
businessday_ng,https://businessday.ng/post-sitemap576.xml,2020-06-02T11:04:26+00:00
businessday_ng,https://businessday.ng/post-sitemap577.xml,2020-06-04T19:13:36+00:00
businessday_ng,https://businessday.ng/post-sitemap578.xml,2020-06-08T00:45:36+00:00
businessday_ng,https://businessday.ng/post-sitemap579.xml,2020-06-10T16:44:51+00:00
businessday_ng,https://businessday.ng/post-sitemap580.xml,2020-06-13T23:39:41+00:00
businessday_ng,https://businessday.ng/post-sitemap581.xml,2020-06-17T09:20:17+00:00
businessday_ng,https://businessday.ng/post-sitemap582.xml,2020-06-19T19:01:00+00:00
businessday_ng,https://businessday.ng/post-sitemap583.xml,2020-06-23T15:47:46+00:00
businessday_ng,https://businessday.ng/post-sitemap584.xml,2020-06-26T05:28:38+00:00
businessday_ng,https://businessday.ng/post-sitemap585.xml,2020-06-29T13:28:41+00:00
businessday_ng,https://businessday.ng/post-sitemap586.xml,2020-07-02T06:09:35+00:00
businessday_ng,https://businessday.ng/post-sitemap587.xml,2020-07-05T06:54:38+00:00
businessday_ng,https://businessday.ng/post-sitemap588.xml,2020-07-07T16:54:47+00:00
businessday_ng,https://businessday.ng/post-sitemap589.xml,2020-07-10T13:51:15+00:00
businessday_ng,https://businessday.ng/post-sitemap590.xml,2020-07-14T08:48:46+00:00
businessday_ng,https://businessday.ng/post-sitemap591.xml,2020-07-16T14:09:31+00:00
businessday_ng,https://businessday.ng/post-sitemap592.xml,2020-07-20T13:16:10+00:00
businessday_ng,https://businessday.ng/post-sitemap593.xml,2020-07-22T14:46:05+00:00
businessday_ng,https://businessday.ng/post-sitemap594.xml,2020-07-25T00:44:48+00:00
businessday_ng,https://businessday.ng/post-sitemap595.xml,2020-07-28T14:31:13+00:00
businessday_ng,https://businessday.ng/post-sitemap596.xml,2020-07-31T09:30:57+00:00
businessday_ng,https://businessday.ng/post-sitemap597.xml,2020-08-03T22:17:10+00:00
businessday_ng,https://businessday.ng/post-sitemap598.xml,2020-08-06T11:27:23+00:00
businessday_ng,https://businessday.ng/post-sitemap599.xml,2020-08-09T20:08:13+00:00
businessday_ng,https://businessday.ng/post-sitemap600.xml,2020-08-12T09:50:01+00:00
businessday_ng,https://businessday.ng/post-sitemap601.xml,2020-08-14T17:08:38+00:00
businessday_ng,https://businessday.ng/post-sitemap602.xml,2020-08-18T21:04:46+00:00
businessday_ng,https://businessday.ng/post-sitemap603.xml,2020-08-21T20:02:45+00:00
businessday_ng,https://businessday.ng/post-sitemap604.xml,2020-08-25T16:18:59+00:00
businessday_ng,https://businessday.ng/post-sitemap605.xml,2020-08-28T12:49:41+00:00
businessday_ng,https://businessday.ng/post-sitemap606.xml,2020-09-01T12:13:34+00:00
businessday_ng,https://businessday.ng/post-sitemap607.xml,2020-09-03T19:28:07+00:00
businessday_ng,https://businessday.ng/post-sitemap608.xml,2020-09-07T16:38:00+00:00
businessday_ng,https://businessday.ng/post-sitemap609.xml,2020-09-10T10:25:09+00:00
businessday_ng,https://businessday.ng/post-sitemap610.xml,2020-09-14T12:58:37+00:00
businessday_ng,https://businessday.ng/post-sitemap611.xml,2020-09-16T17:31:19+00:00
businessday_ng,https://businessday.ng/post-sitemap612.xml,2020-09-18T17:35:47+00:00
businessday_ng,https://businessday.ng/post-sitemap613.xml,2020-09-22T11:07:27+00:00
businessday_ng,https://businessday.ng/post-sitemap614.xml,2020-09-24T11:30:36+00:00
businessday_ng,https://businessday.ng/post-sitemap615.xml,2020-09-25T16:24:03+00:00
businessday_ng,https://businessday.ng/post-sitemap616.xml,2020-09-28T12:56:18+00:00
businessday_ng,https://businessday.ng/post-sitemap617.xml,2020-09-29T15:03:12+00:00
businessday_ng,https://businessday.ng/post-sitemap618.xml,2020-09-30T14:24:19+00:00
businessday_ng,https://businessday.ng/post-sitemap619.xml,2020-10-02T10:42:06+00:00
businessday_ng,https://businessday.ng/post-sitemap620.xml,2020-10-03T18:35:07+00:00
businessday_ng,https://businessday.ng/post-sitemap621.xml,2020-10-05T12:40:22+00:00
businessday_ng,https://businessday.ng/post-sitemap622.xml,2020-10-06T14:23:26+00:00
businessday_ng,https://businessday.ng/post-sitemap623.xml,2020-10-07T14:50:33+00:00
businessday_ng,https://businessday.ng/post-sitemap624.xml,2020-10-08T15:35:50+00:00
businessday_ng,https://businessday.ng/post-sitemap625.xml,2020-10-09T11:48:02+00:00
businessday_ng,https://businessday.ng/post-sitemap626.xml,2020-10-10T20:09:49+00:00
businessday_ng,https://businessday.ng/post-sitemap627.xml,2020-10-12T10:19:37+00:00
businessday_ng,https://businessday.ng/post-sitemap628.xml,2020-10-13T14:14:33+00:00
businessday_ng,https://businessday.ng/post-sitemap629.xml,2020-10-14T16:03:21+00:00
businessday_ng,https://businessday.ng/post-sitemap630.xml,2020-10-15T18:45:42+00:00
businessday_ng,https://businessday.ng/post-sitemap631.xml,2020-10-16T17:15:48+00:00
businessday_ng,https://businessday.ng/post-sitemap632.xml,2020-10-18T14:17:47+00:00
businessday_ng,https://businessday.ng/post-sitemap633.xml,2020-10-19T12:24:04+00:00
businessday_ng,https://businessday.ng/post-sitemap634.xml,2020-10-20T02:52:00+00:00
businessday_ng,https://businessday.ng/post-sitemap635.xml,2020-10-21T08:38:24+00:00
businessday_ng,https://businessday.ng/post-sitemap636.xml,2020-10-22T13:46:16+00:00
businessday_ng,https://businessday.ng/post-sitemap637.xml,2020-10-23T15:10:32+00:00
businessday_ng,https://businessday.ng/post-sitemap638.xml,2020-10-24T16:48:24+00:00
businessday_ng,https://businessday.ng/post-sitemap639.xml,2020-10-25T22:20:19+00:00
businessday_ng,https://businessday.ng/post-sitemap640.xml,2020-10-26T21:18:01+00:00
businessday_ng,https://businessday.ng/post-sitemap641.xml,2020-10-27T16:48:42+00:00
businessday_ng,https://businessday.ng/post-sitemap642.xml,2020-10-28T11:16:15+00:00
businessday_ng,https://businessday.ng/post-sitemap643.xml,2020-10-29T11:29:32+00:00
businessday_ng,https://businessday.ng/post-sitemap644.xml,2020-10-30T11:11:36+00:00
businessday_ng,https://businessday.ng/post-sitemap645.xml,2020-10-31T00:33:45+00:00
businessday_ng,https://businessday.ng/post-sitemap646.xml,2020-11-01T21:02:28+00:00
businessday_ng,https://businessday.ng/post-sitemap647.xml,2020-11-02T15:28:47+00:00
businessday_ng,https://businessday.ng/post-sitemap648.xml,2020-11-03T11:57:46+00:00
businessday_ng,https://businessday.ng/post-sitemap649.xml,2020-11-04T10:50:00+00:00
businessday_ng,https://businessday.ng/post-sitemap650.xml,2020-11-05T10:05:23+00:00
businessday_ng,https://businessday.ng/post-sitemap651.xml,2020-11-06T11:42:07+00:00
businessday_ng,https://businessday.ng/post-sitemap652.xml,2020-11-09T04:26:19+00:00
businessday_ng,https://businessday.ng/post-sitemap653.xml,2020-11-09T20:24:10+00:00
businessday_ng,https://businessday.ng/post-sitemap654.xml,2020-11-10T17:34:32+00:00
businessday_ng,https://businessday.ng/post-sitemap655.xml,2020-11-11T13:54:31+00:00
businessday_ng,https://businessday.ng/post-sitemap656.xml,2020-11-12T16:42:45+00:00
businessday_ng,https://businessday.ng/post-sitemap657.xml,2020-11-13T16:15:28+00:00
businessday_ng,https://businessday.ng/post-sitemap658.xml,2020-11-15T15:30:15+00:00
businessday_ng,https://businessday.ng/post-sitemap659.xml,2020-11-16T13:44:49+00:00
businessday_ng,https://businessday.ng/post-sitemap660.xml,2020-11-17T10:55:19+00:00
businessday_ng,https://businessday.ng/post-sitemap661.xml,2020-11-18T11:06:47+00:00
businessday_ng,https://businessday.ng/post-sitemap662.xml,2020-11-19T14:20:43+00:00
businessday_ng,https://businessday.ng/post-sitemap663.xml,2020-11-20T15:55:08+00:00
businessday_ng,https://businessday.ng/post-sitemap664.xml,2020-11-22T16:44:21+00:00
businessday_ng,https://businessday.ng/post-sitemap665.xml,2020-11-23T20:11:59+00:00
businessday_ng,https://businessday.ng/post-sitemap666.xml,2020-11-24T14:59:35+00:00
businessday_ng,https://businessday.ng/post-sitemap667.xml,2020-11-25T11:23:19+00:00
businessday_ng,https://businessday.ng/post-sitemap668.xml,2020-11-26T11:24:27+00:00
businessday_ng,https://businessday.ng/post-sitemap669.xml,2020-11-27T12:53:19+00:00
businessday_ng,https://businessday.ng/post-sitemap670.xml,2020-11-29T05:34:38+00:00
businessday_ng,https://businessday.ng/post-sitemap671.xml,2020-11-30T14:22:43+00:00
businessday_ng,https://businessday.ng/post-sitemap672.xml,2020-12-01T12:53:15+00:00
businessday_ng,https://businessday.ng/post-sitemap673.xml,2020-12-02T13:36:54+00:00
businessday_ng,https://businessday.ng/post-sitemap674.xml,2020-12-03T16:30:20+00:00
businessday_ng,https://businessday.ng/post-sitemap675.xml,2020-12-05T01:57:45+00:00
businessday_ng,https://businessday.ng/post-sitemap676.xml,2020-12-07T08:51:58+00:00
businessday_ng,https://businessday.ng/post-sitemap677.xml,2020-12-09T15:14:31+00:00
businessday_ng,https://businessday.ng/post-sitemap678.xml,2020-12-19T01:09:09+00:00
businessday_ng,https://businessday.ng/post-sitemap679.xml,2020-12-23T08:07:41+00:00
businessday_ng,https://businessday.ng/post-sitemap680.xml,2020-12-30T00:25:13+00:00
businessday_ng,https://businessday.ng/post-sitemap681.xml,2021-01-04T14:11:00+00:00
businessday_ng,https://businessday.ng/post-sitemap682.xml,2021-01-19T13:02:49+00:00
businessday_ng,https://businessday.ng/post-sitemap683.xml,2021-01-22T15:29:10+00:00
businessday_ng,https://businessday.ng/post-sitemap684.xml,2021-01-27T10:42:32+00:00
businessday_ng,https://businessday.ng/post-sitemap685.xml,2021-01-29T15:29:50+00:00
businessday_ng,https://businessday.ng/post-sitemap686.xml,2021-02-01T17:42:36+00:00
businessday_ng,https://businessday.ng/post-sitemap687.xml,2021-02-03T20:34:44+00:00
businessday_ng,https://businessday.ng/post-sitemap688.xml,2021-02-05T17:29:37+00:00
businessday_ng,https://businessday.ng/post-sitemap689.xml,2021-02-09T15:39:45+00:00
businessday_ng,https://businessday.ng/post-sitemap690.xml,2021-02-12T08:47:48+00:00
businessday_ng,https://businessday.ng/post-sitemap691.xml,2021-02-16T06:09:12+00:00
businessday_ng,https://businessday.ng/post-sitemap692.xml,2021-02-18T15:17:47+00:00
businessday_ng,https://businessday.ng/post-sitemap693.xml,2021-02-22T17:11:03+00:00
businessday_ng,https://businessday.ng/post-sitemap694.xml,2021-02-25T19:34:09+00:00
businessday_ng,https://businessday.ng/post-sitemap695.xml,2021-03-02T09:27:25+00:00
businessday_ng,https://businessday.ng/post-sitemap696.xml,2021-03-05T10:20:35+00:00
businessday_ng,https://businessday.ng/post-sitemap697.xml,2021-03-09T15:48:12+00:00
businessday_ng,https://businessday.ng/post-sitemap698.xml,2021-03-12T16:15:27+00:00
businessday_ng,https://businessday.ng/post-sitemap699.xml,2021-03-17T11:12:38+00:00
businessday_ng,https://businessday.ng/post-sitemap700.xml,2021-03-21T12:16:16+00:00
businessday_ng,https://businessday.ng/post-sitemap701.xml,2021-03-24T17:19:16+00:00
businessday_ng,https://businessday.ng/post-sitemap702.xml,2021-03-29T16:39:44+00:00
businessday_ng,https://businessday.ng/post-sitemap703.xml,2021-04-01T13:21:29+00:00
businessday_ng,https://businessday.ng/post-sitemap704.xml,2021-04-06T15:55:35+00:00
businessday_ng,https://businessday.ng/post-sitemap705.xml,2021-04-09T20:08:09+00:00
businessday_ng,https://businessday.ng/post-sitemap706.xml,2021-04-14T12:33:17+00:00
businessday_ng,https://businessday.ng/post-sitemap707.xml,2021-04-17T10:15:47+00:00
businessday_ng,https://businessday.ng/post-sitemap708.xml,2021-04-21T18:01:16+00:00
businessday_ng,https://businessday.ng/post-sitemap709.xml,2021-04-26T09:36:53+00:00
businessday_ng,https://businessday.ng/post-sitemap710.xml,2021-04-29T07:17:17+00:00
businessday_ng,https://businessday.ng/post-sitemap711.xml,2021-05-03T12:53:30+00:00
businessday_ng,https://businessday.ng/post-sitemap712.xml,2021-05-06T14:29:37+00:00
businessday_ng,https://businessday.ng/post-sitemap713.xml,2021-05-10T17:58:15+00:00
businessday_ng,https://businessday.ng/post-sitemap714.xml,2021-05-14T09:14:18+00:00
businessday_ng,https://businessday.ng/post-sitemap715.xml,2021-05-18T13:23:55+00:00
businessday_ng,https://businessday.ng/post-sitemap716.xml,2021-05-21T11:26:11+00:00
businessday_ng,https://businessday.ng/post-sitemap717.xml,2021-05-25T13:35:13+00:00
businessday_ng,https://businessday.ng/post-sitemap718.xml,2021-05-28T13:22:39+00:00
businessday_ng,https://businessday.ng/post-sitemap719.xml,2021-06-01T16:13:05+00:00
businessday_ng,https://businessday.ng/post-sitemap720.xml,2021-06-04T16:35:09+00:00
businessday_ng,https://businessday.ng/post-sitemap721.xml,2021-06-08T15:51:08+00:00
businessday_ng,https://businessday.ng/post-sitemap722.xml,2021-06-11T16:42:55+00:00
businessday_ng,https://businessday.ng/post-sitemap723.xml,2021-06-16T14:21:05+00:00
businessday_ng,https://businessday.ng/post-sitemap724.xml,2021-06-21T09:13:19+00:00
businessday_ng,https://businessday.ng/post-sitemap725.xml,2021-06-24T10:23:50+00:00
businessday_ng,https://businessday.ng/post-sitemap726.xml,2021-06-28T15:15:06+00:00
businessday_ng,https://businessday.ng/post-sitemap727.xml,2021-07-01T14:45:51+00:00
businessday_ng,https://businessday.ng/post-sitemap728.xml,2021-07-06T10:17:53+00:00
businessday_ng,https://businessday.ng/post-sitemap729.xml,2021-07-09T17:11:18+00:00
businessday_ng,https://businessday.ng/post-sitemap730.xml,2021-07-13T19:49:14+00:00
businessday_ng,https://businessday.ng/post-sitemap731.xml,2021-07-18T14:28:12+00:00
businessday_ng,https://businessday.ng/post-sitemap732.xml,2021-07-22T10:26:00+00:00
businessday_ng,https://businessday.ng/post-sitemap733.xml,2021-07-26T16:38:11+00:00
businessday_ng,https://businessday.ng/post-sitemap734.xml,2021-07-29T18:45:13+00:00
businessday_ng,https://businessday.ng/post-sitemap735.xml,2021-08-03T09:38:03+00:00
businessday_ng,https://businessday.ng/post-sitemap736.xml,2021-08-06T18:37:19+00:00
businessday_ng,https://businessday.ng/post-sitemap737.xml,2021-08-11T10:41:09+00:00
businessday_ng,https://businessday.ng/post-sitemap738.xml,2021-08-13T18:54:44+00:00
businessday_ng,https://businessday.ng/post-sitemap739.xml,2021-08-17T16:34:18+00:00
businessday_ng,https://businessday.ng/post-sitemap740.xml,2021-08-20T14:11:56+00:00
businessday_ng,https://businessday.ng/post-sitemap741.xml,2021-08-24T11:30:58+00:00
businessday_ng,https://businessday.ng/post-sitemap742.xml,2021-08-27T11:29:22+00:00
businessday_ng,https://businessday.ng/post-sitemap743.xml,2021-08-31T08:42:19+00:00
businessday_ng,https://businessday.ng/post-sitemap744.xml,2021-09-02T21:59:24+00:00
businessday_ng,https://businessday.ng/post-sitemap745.xml,2021-09-06T18:15:43+00:00
businessday_ng,https://businessday.ng/post-sitemap746.xml,2021-09-09T14:12:42+00:00
businessday_ng,https://businessday.ng/post-sitemap747.xml,2021-09-13T16:51:32+00:00
businessday_ng,https://businessday.ng/post-sitemap748.xml,2021-09-16T10:54:10+00:00
businessday_ng,https://businessday.ng/post-sitemap749.xml,2021-09-20T10:24:06+00:00
businessday_ng,https://businessday.ng/post-sitemap750.xml,2021-09-22T14:42:45+00:00
businessday_ng,https://businessday.ng/post-sitemap751.xml,2021-09-24T20:05:11+00:00
businessday_ng,https://businessday.ng/post-sitemap752.xml,2021-09-28T15:20:47+00:00
businessday_ng,https://businessday.ng/post-sitemap753.xml,2021-10-01T12:46:38+00:00
businessday_ng,https://businessday.ng/post-sitemap754.xml,2021-10-05T11:09:53+00:00
businessday_ng,https://businessday.ng/post-sitemap755.xml,2021-10-08T05:05:20+00:00
businessday_ng,https://businessday.ng/post-sitemap756.xml,2021-10-11T14:18:07+00:00
businessday_ng,https://businessday.ng/post-sitemap757.xml,2021-10-13T14:14:52+00:00
businessday_ng,https://businessday.ng/post-sitemap758.xml,2021-10-15T12:13:03+00:00
businessday_ng,https://businessday.ng/post-sitemap759.xml,2021-10-19T08:42:54+00:00
businessday_ng,https://businessday.ng/post-sitemap760.xml,2021-10-21T11:56:59+00:00
businessday_ng,https://businessday.ng/post-sitemap761.xml,2021-10-25T09:42:41+00:00
businessday_ng,https://businessday.ng/post-sitemap762.xml,2021-10-26T14:48:04+00:00
businessday_ng,https://businessday.ng/post-sitemap763.xml,2021-10-28T19:16:09+00:00
businessday_ng,https://businessday.ng/post-sitemap764.xml,2021-11-01T10:59:25+00:00
businessday_ng,https://businessday.ng/post-sitemap765.xml,2021-11-03T10:36:56+00:00
businessday_ng,https://businessday.ng/post-sitemap766.xml,2021-11-05T12:34:01+00:00
businessday_ng,https://businessday.ng/post-sitemap767.xml,2021-11-08T15:50:51+00:00
businessday_ng,https://businessday.ng/post-sitemap768.xml,2021-11-10T17:22:37+00:00
businessday_ng,https://businessday.ng/post-sitemap769.xml,2021-11-14T10:14:02+00:00
businessday_ng,https://businessday.ng/post-sitemap770.xml,2021-11-16T13:14:40+00:00
businessday_ng,https://businessday.ng/post-sitemap771.xml,2021-11-18T14:44:32+00:00
businessday_ng,https://businessday.ng/post-sitemap772.xml,2021-11-22T07:41:56+00:00
businessday_ng,https://businessday.ng/post-sitemap773.xml,2021-11-24T13:31:05+00:00
businessday_ng,https://businessday.ng/post-sitemap774.xml,2021-11-26T16:10:07+00:00
businessday_ng,https://businessday.ng/post-sitemap775.xml,2021-11-30T05:54:38+00:00
businessday_ng,https://businessday.ng/post-sitemap776.xml,2021-12-02T09:52:21+00:00
businessday_ng,https://businessday.ng/post-sitemap777.xml,2021-12-06T03:32:11+00:00
businessday_ng,https://businessday.ng/post-sitemap778.xml,2021-12-07T20:49:52+00:00
businessday_ng,https://businessday.ng/post-sitemap779.xml,2021-12-10T11:23:37+00:00
businessday_ng,https://businessday.ng/post-sitemap780.xml,2021-12-14T10:25:41+00:00
businessday_ng,https://businessday.ng/post-sitemap781.xml,2021-12-16T11:03:14+00:00
businessday_ng,https://businessday.ng/post-sitemap782.xml,2021-12-20T06:48:24+00:00
businessday_ng,https://businessday.ng/post-sitemap783.xml,2021-12-22T10:38:06+00:00
businessday_ng,https://businessday.ng/post-sitemap784.xml,2021-12-27T11:23:20+00:00
businessday_ng,https://businessday.ng/post-sitemap785.xml,2021-12-30T15:16:48+00:00
businessday_ng,https://businessday.ng/post-sitemap786.xml,2022-01-04T14:18:48+00:00
businessday_ng,https://businessday.ng/post-sitemap787.xml,2022-01-08T07:22:54+00:00
businessday_ng,https://businessday.ng/post-sitemap788.xml,2022-01-11T13:24:16+00:00
businessday_ng,https://businessday.ng/post-sitemap789.xml,2022-01-13T12:07:47+00:00
businessday_ng,https://businessday.ng/post-sitemap790.xml,2022-01-17T09:43:21+00:00
businessday_ng,https://businessday.ng/post-sitemap791.xml,2022-01-19T12:52:25+00:00
businessday_ng,https://businessday.ng/post-sitemap792.xml,2022-01-21T16:52:56+00:00
businessday_ng,https://businessday.ng/post-sitemap793.xml,2022-01-25T13:29:18+00:00
businessday_ng,https://businessday.ng/post-sitemap794.xml,2022-01-27T18:48:19+00:00
businessday_ng,https://businessday.ng/post-sitemap795.xml,2022-01-31T15:35:13+00:00
businessday_ng,https://businessday.ng/post-sitemap796.xml,2022-02-02T15:35:15+00:00
businessday_ng,https://businessday.ng/post-sitemap797.xml,2022-02-04T15:30:24+00:00
businessday_ng,https://businessday.ng/post-sitemap798.xml,2022-02-08T10:10:15+00:00
businessday_ng,https://businessday.ng/post-sitemap799.xml,2022-02-10T10:03:21+00:00
businessday_ng,https://businessday.ng/post-sitemap800.xml,2022-02-13T22:54:54+00:00
businessday_ng,https://businessday.ng/post-sitemap801.xml,2022-02-16T10:04:52+00:00
businessday_ng,https://businessday.ng/post-sitemap802.xml,2022-02-18T11:09:54+00:00
businessday_ng,https://businessday.ng/post-sitemap803.xml,2022-02-22T08:05:01+00:00
businessday_ng,https://businessday.ng/post-sitemap804.xml,2022-02-23T11:37:16+00:00
businessday_ng,https://businessday.ng/post-sitemap805.xml,2022-02-24T15:27:11+00:00
businessday_ng,https://businessday.ng/post-sitemap806.xml,2022-02-26T05:59:24+00:00
businessday_ng,https://businessday.ng/post-sitemap807.xml,2022-03-01T08:35:06+00:00
businessday_ng,https://businessday.ng/post-sitemap808.xml,2022-03-02T12:17:44+00:00
businessday_ng,https://businessday.ng/post-sitemap809.xml,2022-03-03T15:18:47+00:00
businessday_ng,https://businessday.ng/post-sitemap810.xml,2022-03-05T08:30:43+00:00
businessday_ng,https://businessday.ng/post-sitemap811.xml,2022-03-08T09:05:05+00:00
businessday_ng,https://businessday.ng/post-sitemap812.xml,2022-03-09T11:14:49+00:00
businessday_ng,https://businessday.ng/post-sitemap813.xml,2022-03-10T14:59:34+00:00
businessday_ng,https://businessday.ng/post-sitemap814.xml,2022-03-13T05:56:44+00:00
businessday_ng,https://businessday.ng/post-sitemap815.xml,2022-03-15T09:29:07+00:00
businessday_ng,https://businessday.ng/post-sitemap816.xml,2022-03-16T21:41:01+00:00
businessday_ng,https://businessday.ng/post-sitemap817.xml,2022-03-18T13:18:05+00:00
businessday_ng,https://businessday.ng/post-sitemap818.xml,2022-03-22T05:38:28+00:00
businessday_ng,https://businessday.ng/post-sitemap819.xml,2022-03-23T17:46:57+00:00
businessday_ng,https://businessday.ng/post-sitemap820.xml,2022-03-25T18:25:03+00:00
businessday_ng,https://businessday.ng/post-sitemap821.xml,2022-03-29T08:30:27+00:00
businessday_ng,https://businessday.ng/post-sitemap822.xml,2022-03-30T13:52:25+00:00
businessday_ng,https://businessday.ng/post-sitemap823.xml,2022-04-01T11:26:26+00:00
businessday_ng,https://businessday.ng/post-sitemap824.xml,2022-04-04T12:58:14+00:00
businessday_ng,https://businessday.ng/post-sitemap825.xml,2022-04-06T12:02:46+00:00
businessday_ng,https://businessday.ng/post-sitemap826.xml,2022-04-08T07:04:48+00:00
businessday_ng,https://businessday.ng/post-sitemap827.xml,2022-04-11T09:17:42+00:00
businessday_ng,https://businessday.ng/post-sitemap828.xml,2022-04-12T15:34:27+00:00
businessday_ng,https://businessday.ng/post-sitemap829.xml,2022-04-15T10:02:11+00:00
businessday_ng,https://businessday.ng/post-sitemap830.xml,2022-04-19T03:51:28+00:00
businessday_ng,https://businessday.ng/post-sitemap831.xml,2022-04-21T08:32:54+00:00
businessday_ng,https://businessday.ng/post-sitemap832.xml,2022-04-24T08:11:13+00:00
businessday_ng,https://businessday.ng/post-sitemap833.xml,2022-04-26T13:54:36+00:00
businessday_ng,https://businessday.ng/post-sitemap834.xml,2022-04-28T18:10:48+00:00
businessday_ng,https://businessday.ng/post-sitemap835.xml,2022-05-02T11:48:25+00:00
businessday_ng,https://businessday.ng/post-sitemap836.xml,2022-05-05T11:54:18+00:00
businessday_ng,https://businessday.ng/post-sitemap837.xml,2022-05-09T10:04:04+00:00
businessday_ng,https://businessday.ng/post-sitemap838.xml,2022-05-11T12:08:36+00:00
businessday_ng,https://businessday.ng/post-sitemap839.xml,2022-05-13T15:43:09+00:00
businessday_ng,https://businessday.ng/post-sitemap840.xml,2022-05-17T09:08:01+00:00
businessday_ng,https://businessday.ng/post-sitemap841.xml,2022-05-19T09:26:10+00:00
businessday_ng,https://businessday.ng/post-sitemap842.xml,2022-05-23T04:22:59+00:00
businessday_ng,https://businessday.ng/post-sitemap843.xml,2022-05-25T10:35:22+00:00
businessday_ng,https://businessday.ng/post-sitemap844.xml,2022-05-27T13:01:02+00:00
businessday_ng,https://businessday.ng/post-sitemap845.xml,2022-05-30T14:26:57+00:00
businessday_ng,https://businessday.ng/post-sitemap846.xml,2022-06-01T11:41:29+00:00
businessday_ng,https://businessday.ng/post-sitemap847.xml,2022-06-03T12:50:20+00:00
businessday_ng,https://businessday.ng/post-sitemap848.xml,2022-06-06T17:55:39+00:00
businessday_ng,https://businessday.ng/post-sitemap849.xml,2022-06-09T08:32:12+00:00
businessday_ng,https://businessday.ng/post-sitemap850.xml,2022-06-13T09:41:17+00:00
businessday_ng,https://businessday.ng/post-sitemap851.xml,2022-06-16T02:43:25+00:00
businessday_ng,https://businessday.ng/post-sitemap852.xml,2022-06-19T16:31:23+00:00
businessday_ng,https://businessday.ng/post-sitemap853.xml,2022-06-21T15:44:58+00:00
businessday_ng,https://businessday.ng/post-sitemap854.xml,2022-06-24T15:52:09+00:00
businessday_ng,https://businessday.ng/post-sitemap855.xml,2022-06-28T13:40:39+00:00
businessday_ng,https://businessday.ng/post-sitemap856.xml,2022-07-01T12:42:21+00:00
businessday_ng,https://businessday.ng/post-sitemap857.xml,2022-07-05T09:43:55+00:00
businessday_ng,https://businessday.ng/post-sitemap858.xml,2022-07-07T11:29:59+00:00
businessday_ng,https://businessday.ng/post-sitemap859.xml,2022-07-11T10:36:46+00:00
businessday_ng,https://businessday.ng/post-sitemap860.xml,2022-07-13T21:41:27+00:00
businessday_ng,https://businessday.ng/post-sitemap861.xml,2022-07-18T01:20:05+00:00
businessday_ng,https://businessday.ng/post-sitemap862.xml,2022-07-20T10:46:03+00:00
businessday_ng,https://businessday.ng/post-sitemap863.xml,2022-07-23T00:03:18+00:00
businessday_ng,https://businessday.ng/post-sitemap864.xml,2022-07-27T00:07:07+00:00
businessday_ng,https://businessday.ng/post-sitemap865.xml,2022-07-29T14:55:45+00:00
businessday_ng,https://businessday.ng/post-sitemap866.xml,2022-08-02T19:30:29+00:00
businessday_ng,https://businessday.ng/post-sitemap867.xml,2022-08-05T12:13:02+00:00
businessday_ng,https://businessday.ng/post-sitemap868.xml,2022-08-09T11:56:21+00:00
businessday_ng,https://businessday.ng/post-sitemap869.xml,2022-08-12T11:54:29+00:00
businessday_ng,https://businessday.ng/post-sitemap870.xml,2022-08-16T09:49:11+00:00
businessday_ng,https://businessday.ng/post-sitemap871.xml,2022-08-19T09:19:39+00:00
businessday_ng,https://businessday.ng/post-sitemap872.xml,2022-08-22T16:53:50+00:00
businessday_ng,https://businessday.ng/post-sitemap873.xml,2022-08-25T21:52:38+00:00
businessday_ng,https://businessday.ng/post-sitemap874.xml,2022-08-29T18:32:36+00:00
businessday_ng,https://businessday.ng/post-sitemap875.xml,2022-09-01T22:42:30+00:00
businessday_ng,https://businessday.ng/post-sitemap876.xml,2022-09-05T20:40:51+00:00
businessday_ng,https://businessday.ng/post-sitemap877.xml,2022-09-08T13:25:53+00:00
businessday_ng,https://businessday.ng/post-sitemap878.xml,2022-09-12T14:25:52+00:00
businessday_ng,https://businessday.ng/post-sitemap879.xml,2022-09-15T11:24:06+00:00
businessday_ng,https://businessday.ng/post-sitemap880.xml,2022-09-19T15:47:39+00:00
businessday_ng,https://businessday.ng/post-sitemap881.xml,2022-09-22T09:56:51+00:00
businessday_ng,https://businessday.ng/post-sitemap882.xml,2022-09-26T11:02:10+00:00
businessday_ng,https://businessday.ng/post-sitemap883.xml,2022-09-28T16:07:31+00:00
businessday_ng,https://businessday.ng/post-sitemap884.xml,2022-10-02T23:59:54+00:00
businessday_ng,https://businessday.ng/post-sitemap885.xml,2022-10-05T10:07:46+00:00
businessday_ng,https://businessday.ng/post-sitemap886.xml,2022-10-07T20:05:00+00:00
businessday_ng,https://businessday.ng/post-sitemap887.xml,2022-10-11T22:06:23+00:00
businessday_ng,https://businessday.ng/post-sitemap888.xml,2022-10-14T17:39:02+00:00
businessday_ng,https://businessday.ng/post-sitemap889.xml,2022-10-18T11:05:01+00:00
businessday_ng,https://businessday.ng/post-sitemap890.xml,2022-10-20T19:24:37+00:00
businessday_ng,https://businessday.ng/post-sitemap891.xml,2022-10-24T18:15:04+00:00
businessday_ng,https://businessday.ng/post-sitemap892.xml,2022-10-27T10:44:00+00:00
businessday_ng,https://businessday.ng/post-sitemap893.xml,2022-10-31T13:26:29+00:00
businessday_ng,https://businessday.ng/post-sitemap894.xml,2022-11-03T03:54:34+00:00
businessday_ng,https://businessday.ng/post-sitemap895.xml,2022-11-07T10:52:12+00:00
businessday_ng,https://businessday.ng/post-sitemap896.xml,2022-11-09T12:05:51+00:00
businessday_ng,https://businessday.ng/post-sitemap897.xml,2022-11-14T10:42:54+00:00
businessday_ng,https://businessday.ng/post-sitemap898.xml,2022-11-16T18:22:42+00:00
businessday_ng,https://businessday.ng/post-sitemap899.xml,2022-11-21T14:55:26+00:00
businessday_ng,https://businessday.ng/post-sitemap900.xml,2022-11-24T09:36:44+00:00
businessday_ng,https://businessday.ng/post-sitemap901.xml,2022-11-28T13:48:04+00:00
businessday_ng,https://businessday.ng/post-sitemap902.xml,2022-12-01T14:05:04+00:00
businessday_ng,https://businessday.ng/post-sitemap903.xml,2022-12-06T11:18:53+00:00
businessday_ng,https://businessday.ng/post-sitemap904.xml,2022-12-09T14:43:01+00:00
businessday_ng,https://businessday.ng/post-sitemap905.xml,2022-12-13T18:14:42+00:00
businessday_ng,https://businessday.ng/post-sitemap906.xml,2022-12-18T20:44:03+00:00
businessday_ng,https://businessday.ng/post-sitemap907.xml,2022-12-21T19:54:12+00:00
businessday_ng,https://businessday.ng/post-sitemap908.xml,2022-12-26T12:00:57+00:00
businessday_ng,https://businessday.ng/post-sitemap909.xml,2022-12-30T17:25:47+00:00
businessday_ng,https://businessday.ng/post-sitemap910.xml,2023-01-05T08:01:41+00:00
businessday_ng,https://businessday.ng/post-sitemap911.xml,2023-01-10T13:45:49+00:00
businessday_ng,https://businessday.ng/post-sitemap912.xml,2023-01-13T15:17:51+00:00
businessday_ng,https://businessday.ng/post-sitemap913.xml,2023-01-18T08:46:57+00:00
businessday_ng,https://businessday.ng/post-sitemap914.xml,2023-01-22T06:30:11+00:00
businessday_ng,https://businessday.ng/post-sitemap915.xml,2023-01-25T14:02:41+00:00
businessday_ng,https://businessday.ng/post-sitemap916.xml,2023-01-30T08:54:32+00:00
businessday_ng,https://businessday.ng/post-sitemap917.xml,2023-02-02T07:05:42+00:00
businessday_ng,https://businessday.ng/post-sitemap918.xml,2023-02-06T15:02:14+00:00
businessday_ng,https://businessday.ng/post-sitemap919.xml,2023-02-09T09:38:36+00:00
businessday_ng,https://businessday.ng/post-sitemap920.xml,2023-02-13T14:01:37+00:00
businessday_ng,https://businessday.ng/post-sitemap921.xml,2023-02-16T10:32:56+00:00
businessday_ng,https://businessday.ng/post-sitemap922.xml,2023-02-20T12:36:27+00:00
businessday_ng,https://businessday.ng/post-sitemap923.xml,2023-02-23T07:36:20+00:00
businessday_ng,https://businessday.ng/post-sitemap924.xml,2023-02-25T14:11:33+00:00
businessday_ng,https://businessday.ng/post-sitemap925.xml,2023-02-27T19:52:38+00:00
businessday_ng,https://businessday.ng/post-sitemap926.xml,2023-03-03T04:09:28+00:00
businessday_ng,https://businessday.ng/post-sitemap927.xml,2023-03-07T10:44:20+00:00
businessday_ng,https://businessday.ng/post-sitemap928.xml,2023-03-10T11:06:09+00:00
businessday_ng,https://businessday.ng/post-sitemap929.xml,2023-03-14T12:31:29+00:00
businessday_ng,https://businessday.ng/post-sitemap930.xml,2023-03-17T12:05:42+00:00
businessday_ng,https://businessday.ng/post-sitemap931.xml,2023-03-20T15:08:20+00:00
businessday_ng,https://businessday.ng/post-sitemap932.xml,2023-03-23T11:17:09+00:00
businessday_ng,https://businessday.ng/post-sitemap933.xml,2023-03-27T20:42:21+00:00
businessday_ng,https://businessday.ng/post-sitemap934.xml,2023-03-30T13:03:32+00:00
businessday_ng,https://businessday.ng/post-sitemap935.xml,2023-04-03T19:56:29+00:00
businessday_ng,https://businessday.ng/post-sitemap936.xml,2023-04-06T14:44:03+00:00
businessday_ng,https://businessday.ng/post-sitemap937.xml,2023-04-11T11:43:08+00:00
businessday_ng,https://businessday.ng/post-sitemap938.xml,2023-04-14T10:12:06+00:00
businessday_ng,https://businessday.ng/post-sitemap939.xml,2023-04-17T19:00:24+00:00
businessday_ng,https://businessday.ng/post-sitemap940.xml,2023-04-20T15:09:39+00:00
businessday_ng,https://businessday.ng/post-sitemap941.xml,2023-04-25T11:13:47+00:00
businessday_ng,https://businessday.ng/post-sitemap942.xml,2023-04-27T21:57:29+00:00
businessday_ng,https://businessday.ng/post-sitemap943.xml,2023-05-01T16:48:34+00:00
businessday_ng,https://businessday.ng/post-sitemap944.xml,2023-05-04T10:13:33+00:00
businessday_ng,https://businessday.ng/post-sitemap945.xml,2023-05-08T11:52:35+00:00
businessday_ng,https://businessday.ng/post-sitemap946.xml,2023-05-10T17:00:19+00:00
businessday_ng,https://businessday.ng/post-sitemap947.xml,2023-05-14T21:21:47+00:00
businessday_ng,https://businessday.ng/post-sitemap948.xml,2023-05-17T15:52:20+00:00
businessday_ng,https://businessday.ng/post-sitemap949.xml,2023-05-19T15:26:32+00:00
businessday_ng,https://businessday.ng/post-sitemap950.xml,2023-05-22T09:53:50+00:00
businessday_ng,https://businessday.ng/post-sitemap951.xml,2023-05-24T12:39:05+00:00
businessday_ng,https://businessday.ng/post-sitemap952.xml,2023-05-27T14:51:40+00:00
businessday_ng,https://businessday.ng/post-sitemap953.xml,2023-05-30T13:14:00+00:00
businessday_ng,https://businessday.ng/post-sitemap954.xml,2023-06-02T08:35:19+00:00
businessday_ng,https://businessday.ng/post-sitemap955.xml,2023-06-06T09:04:18+00:00
businessday_ng,https://businessday.ng/post-sitemap956.xml,2023-06-08T20:05:19+00:00
businessday_ng,https://businessday.ng/post-sitemap957.xml,2023-06-12T15:53:01+00:00
businessday_ng,https://businessday.ng/post-sitemap958.xml,2023-06-15T09:43:44+00:00
businessday_ng,https://businessday.ng/post-sitemap959.xml,2023-06-19T11:06:28+00:00
businessday_ng,https://businessday.ng/post-sitemap960.xml,2023-06-22T11:57:04+00:00
businessday_ng,https://businessday.ng/post-sitemap961.xml,2023-06-26T11:12:02+00:00
businessday_ng,https://businessday.ng/post-sitemap962.xml,2023-06-29T12:18:13+00:00
businessday_ng,https://businessday.ng/post-sitemap963.xml,2023-07-03T14:36:06+00:00
businessday_ng,https://businessday.ng/post-sitemap964.xml,2023-07-06T15:01:24+00:00
businessday_ng,https://businessday.ng/post-sitemap965.xml,2023-07-10T15:32:43+00:00
businessday_ng,https://businessday.ng/post-sitemap966.xml,2023-07-14T09:08:18+00:00
businessday_ng,https://businessday.ng/post-sitemap967.xml,2023-07-18T06:03:05+00:00
businessday_ng,https://businessday.ng/post-sitemap968.xml,2023-07-21T11:11:20+00:00
businessday_ng,https://businessday.ng/post-sitemap969.xml,2023-07-24T23:32:51+00:00
businessday_ng,https://businessday.ng/post-sitemap970.xml,2023-07-27T15:23:53+00:00
businessday_ng,https://businessday.ng/post-sitemap971.xml,2023-07-31T08:07:11+00:00
businessday_ng,https://businessday.ng/post-sitemap972.xml,2023-08-01T23:06:30+00:00
businessday_ng,https://businessday.ng/post-sitemap973.xml,2023-08-04T08:46:21+00:00
businessday_ng,https://businessday.ng/post-sitemap974.xml,2023-08-07T14:35:07+00:00
businessday_ng,https://businessday.ng/post-sitemap975.xml,2023-08-10T07:35:39+00:00
businessday_ng,https://businessday.ng/post-sitemap976.xml,2023-08-12T17:14:03+00:00
businessday_ng,https://businessday.ng/post-sitemap977.xml,2023-08-16T08:29:20+00:00
businessday_ng,https://businessday.ng/post-sitemap978.xml,2023-08-18T16:52:22+00:00
businessday_ng,https://businessday.ng/post-sitemap979.xml,2023-08-21T18:26:25+00:00
businessday_ng,https://businessday.ng/post-sitemap980.xml,2023-08-24T13:05:10+00:00
businessday_ng,https://businessday.ng/post-sitemap981.xml,2023-08-27T12:40:36+00:00
businessday_ng,https://businessday.ng/post-sitemap982.xml,2023-08-30T14:07:02+00:00
businessday_ng,https://businessday.ng/post-sitemap983.xml,2023-09-01T15:27:05+00:00
businessday_ng,https://businessday.ng/post-sitemap984.xml,2023-09-05T12:37:15+00:00
businessday_ng,https://businessday.ng/post-sitemap985.xml,2023-09-07T13:13:10+00:00
businessday_ng,https://businessday.ng/post-sitemap986.xml,2023-09-11T05:18:27+00:00
businessday_ng,https://businessday.ng/post-sitemap987.xml,2023-09-13T11:13:26+00:00
businessday_ng,https://businessday.ng/post-sitemap988.xml,2023-09-16T06:52:19+00:00
businessday_ng,https://businessday.ng/post-sitemap989.xml,2023-09-19T05:49:57+00:00
businessday_ng,https://businessday.ng/post-sitemap990.xml,2023-09-21T12:19:28+00:00
businessday_ng,https://businessday.ng/post-sitemap991.xml,2023-09-24T12:53:13+00:00
businessday_ng,https://businessday.ng/post-sitemap992.xml,2023-09-27T05:57:18+00:00
businessday_ng,https://businessday.ng/post-sitemap993.xml,2023-09-29T15:34:37+00:00
businessday_ng,https://businessday.ng/post-sitemap994.xml,2023-10-02T19:58:48+00:00
businessday_ng,https://businessday.ng/post-sitemap995.xml,2023-10-05T12:14:14+00:00
businessday_ng,https://businessday.ng/post-sitemap996.xml,2023-10-08T11:49:16+00:00
businessday_ng,https://businessday.ng/post-sitemap997.xml,2023-10-10T19:36:25+00:00
businessday_ng,https://businessday.ng/post-sitemap998.xml,2023-10-12T18:54:11+00:00
businessday_ng,https://businessday.ng/post-sitemap999.xml,2023-10-15T09:01:46+00:00
businessday_ng,https://businessday.ng/post-sitemap1000.xml,2023-10-17T17:00:46+00:00
businessday_ng,https://businessday.ng/post-sitemap1001.xml,2023-10-19T13:08:01+00:00
businessday_ng,https://businessday.ng/post-sitemap1002.xml,2023-10-21T14:10:39+00:00
businessday_ng,https://businessday.ng/post-sitemap1003.xml,2023-10-24T05:58:06+00:00
businessday_ng,https://businessday.ng/post-sitemap1004.xml,2023-10-26T11:08:29+00:00
businessday_ng,https://businessday.ng/post-sitemap1005.xml,2023-10-28T16:29:05+00:00
businessday_ng,https://businessday.ng/post-sitemap1006.xml,2023-10-31T04:01:41+00:00
businessday_ng,https://businessday.ng/post-sitemap1007.xml,2023-11-01T19:41:13+00:00
businessday_ng,https://businessday.ng/post-sitemap1008.xml,2023-11-03T19:16:08+00:00
businessday_ng,https://businessday.ng/post-sitemap1009.xml,2023-11-06T13:11:47+00:00
businessday_ng,https://businessday.ng/post-sitemap1010.xml,2023-11-08T16:14:13+00:00
businessday_ng,https://businessday.ng/post-sitemap1011.xml,2023-11-10T21:35:35+00:00
businessday_ng,https://businessday.ng/post-sitemap1012.xml,2023-11-13T14:07:10+00:00
businessday_ng,https://businessday.ng/post-sitemap1013.xml,2023-11-16T07:08:47+00:00
businessday_ng,https://businessday.ng/post-sitemap1014.xml,2023-11-19T07:51:21+00:00
businessday_ng,https://businessday.ng/post-sitemap1015.xml,2023-11-21T16:37:45+00:00
businessday_ng,https://businessday.ng/post-sitemap1016.xml,2023-11-28T04:12:47+00:00
businessday_ng,https://businessday.ng/post-sitemap1017.xml,2023-12-01T23:07:06+00:00
businessday_ng,https://businessday.ng/post-sitemap1018.xml,2023-12-05T14:10:30+00:00
businessday_ng,https://businessday.ng/post-sitemap1019.xml,2023-12-08T05:30:19+00:00
businessday_ng,https://businessday.ng/post-sitemap1020.xml,2023-12-11T10:54:45+00:00
businessday_ng,https://businessday.ng/post-sitemap1021.xml,2023-12-13T12:48:27+00:00
businessday_ng,https://businessday.ng/post-sitemap1022.xml,2023-12-16T22:40:00+00:00
businessday_ng,https://businessday.ng/post-sitemap1023.xml,2023-12-19T07:19:53+00:00
businessday_ng,https://businessday.ng/post-sitemap1024.xml,2023-12-19T19:38:44+00:00
businessday_ng,https://businessday.ng/post-sitemap1025.xml,2023-12-22T07:12:17+00:00
businessday_ng,https://businessday.ng/post-sitemap1026.xml,2023-12-25T11:55:33+00:00
businessday_ng,https://businessday.ng/post-sitemap1027.xml,2023-12-30T06:26:20+00:00
businessday_ng,https://businessday.ng/post-sitemap1028.xml,2024-01-02T11:55:31+00:00
businessday_ng,https://businessday.ng/post-sitemap1029.xml,2024-01-05T10:56:02+00:00
businessday_ng,https://businessday.ng/post-sitemap1030.xml,2024-01-08T10:25:48+00:00
businessday_ng,https://businessday.ng/post-sitemap1031.xml,2024-01-10T13:59:50+00:00
businessday_ng,https://businessday.ng/post-sitemap1032.xml,2024-01-12T14:19:16+00:00
businessday_ng,https://businessday.ng/post-sitemap1033.xml,2024-01-15T12:42:55+00:00
businessday_ng,https://businessday.ng/post-sitemap1034.xml,2024-01-17T11:24:29+00:00
businessday_ng,https://businessday.ng/post-sitemap1035.xml,2024-01-19T21:16:13+00:00
businessday_ng,https://businessday.ng/post-sitemap1036.xml,2024-01-22T18:02:48+00:00
businessday_ng,https://businessday.ng/post-sitemap1037.xml,2024-01-24T15:51:59+00:00
businessday_ng,https://businessday.ng/post-sitemap1038.xml,2024-01-26T22:01:29+00:00
businessday_ng,https://businessday.ng/post-sitemap1039.xml,2024-01-29T15:17:53+00:00
businessday_ng,https://businessday.ng/post-sitemap1040.xml,2024-02-01T04:49:13+00:00
businessday_ng,https://businessday.ng/post-sitemap1041.xml,2024-02-04T02:14:46+00:00
businessday_ng,https://businessday.ng/post-sitemap1042.xml,2024-02-06T13:28:56+00:00
businessday_ng,https://businessday.ng/post-sitemap1043.xml,2024-02-08T15:29:51+00:00
businessday_ng,https://businessday.ng/post-sitemap1044.xml,2024-02-11T15:16:30+00:00
businessday_ng,https://businessday.ng/post-sitemap1045.xml,2024-02-13T16:05:44+00:00
businessday_ng,https://businessday.ng/post-sitemap1046.xml,2024-02-15T22:57:39+00:00
businessday_ng,https://businessday.ng/post-sitemap1047.xml,2024-02-19T08:10:54+00:00
businessday_ng,https://businessday.ng/post-sitemap1048.xml,2024-02-21T03:59:28+00:00
businessday_ng,https://businessday.ng/post-sitemap1049.xml,2024-02-22T17:10:56+00:00
businessday_ng,https://businessday.ng/post-sitemap1050.xml,2024-02-26T03:34:44+00:00
businessday_ng,https://businessday.ng/post-sitemap1051.xml,2024-02-27T16:53:28+00:00
businessday_ng,https://businessday.ng/post-sitemap1052.xml,2024-02-29T16:45:41+00:00
businessday_ng,https://businessday.ng/post-sitemap1053.xml,2024-03-04T09:57:28+00:00
businessday_ng,https://businessday.ng/post-sitemap1054.xml,2024-03-06T11:15:42+00:00
businessday_ng,https://businessday.ng/post-sitemap1055.xml,2024-03-08T17:48:49+00:00
businessday_ng,https://businessday.ng/post-sitemap1056.xml,2024-03-11T11:58:18+00:00
businessday_ng,https://businessday.ng/post-sitemap1057.xml,2024-03-13T11:06:05+00:00
businessday_ng,https://businessday.ng/post-sitemap1058.xml,2024-03-15T14:45:34+00:00
businessday_ng,https://businessday.ng/post-sitemap1059.xml,2024-03-18T12:04:32+00:00
businessday_ng,https://businessday.ng/post-sitemap1060.xml,2024-03-20T10:52:17+00:00
businessday_ng,https://businessday.ng/post-sitemap1061.xml,2024-03-22T12:42:10+00:00
businessday_ng,https://businessday.ng/post-sitemap1062.xml,2024-03-25T10:19:55+00:00
businessday_ng,https://businessday.ng/post-sitemap1063.xml,2024-03-27T11:18:37+00:00
businessday_ng,https://businessday.ng/post-sitemap1064.xml,2024-03-29T20:25:30+00:00
businessday_ng,https://businessday.ng/post-sitemap1065.xml,2024-04-02T07:03:17+00:00
businessday_ng,https://businessday.ng/post-sitemap1066.xml,2024-04-04T11:44:04+00:00
businessday_ng,https://businessday.ng/post-sitemap1067.xml,2024-04-06T18:46:34+00:00
businessday_ng,https://businessday.ng/post-sitemap1068.xml,2024-04-09T06:12:48+00:00
businessday_ng,https://businessday.ng/post-sitemap1069.xml,2024-04-11T07:29:14+00:00
businessday_ng,https://businessday.ng/post-sitemap1070.xml,2024-04-14T04:56:06+00:00
businessday_ng,https://businessday.ng/post-sitemap1071.xml,2024-04-16T09:53:17+00:00
businessday_ng,https://businessday.ng/post-sitemap1072.xml,2024-04-18T11:51:25+00:00
businessday_ng,https://businessday.ng/post-sitemap1073.xml,2024-04-20T11:16:27+00:00
businessday_ng,https://businessday.ng/post-sitemap1074.xml,2024-04-22T14:28:22+00:00
businessday_ng,https://businessday.ng/post-sitemap1075.xml,2024-04-24T15:40:54+00:00
businessday_ng,https://businessday.ng/post-sitemap1076.xml,2024-04-26T15:51:07+00:00
businessday_ng,https://businessday.ng/post-sitemap1077.xml,2024-04-29T14:15:27+00:00
businessday_ng,https://businessday.ng/post-sitemap1078.xml,2024-05-01T13:07:22+00:00
businessday_ng,https://businessday.ng/post-sitemap1079.xml,2024-05-04T05:44:02+00:00
businessday_ng,https://businessday.ng/post-sitemap1080.xml,2024-05-06T13:28:03+00:00
businessday_ng,https://businessday.ng/post-sitemap1081.xml,2024-05-08T11:47:46+00:00
businessday_ng,https://businessday.ng/post-sitemap1082.xml,2024-05-10T09:48:20+00:00
businessday_ng,https://businessday.ng/post-sitemap1083.xml,2024-05-12T20:22:36+00:00
businessday_ng,https://businessday.ng/post-sitemap1084.xml,2024-05-15T03:20:56+00:00
businessday_ng,https://businessday.ng/post-sitemap1085.xml,2024-05-17T06:54:11+00:00
businessday_ng,https://businessday.ng/post-sitemap1086.xml,2024-05-19T19:42:33+00:00
businessday_ng,https://businessday.ng/post-sitemap1087.xml,2024-05-21T15:15:35+00:00
businessday_ng,https://businessday.ng/post-sitemap1088.xml,2024-05-23T14:56:59+00:00
businessday_ng,https://businessday.ng/post-sitemap1089.xml,2024-05-26T03:37:20+00:00
businessday_ng,https://businessday.ng/post-sitemap1090.xml,2024-05-28T09:09:52+00:00
businessday_ng,https://businessday.ng/post-sitemap1091.xml,2024-05-29T16:08:53+00:00
businessday_ng,https://businessday.ng/post-sitemap1092.xml,2024-05-31T19:49:28+00:00
businessday_ng,https://businessday.ng/post-sitemap1093.xml,2024-06-03T11:09:35+00:00
businessday_ng,https://businessday.ng/post-sitemap1094.xml,2024-06-05T10:38:46+00:00
businessday_ng,https://businessday.ng/post-sitemap1095.xml,2024-06-07T17:50:03+00:00
businessday_ng,https://businessday.ng/post-sitemap1096.xml,2024-06-10T13:59:51+00:00
businessday_ng,https://businessday.ng/post-sitemap1097.xml,2024-06-12T14:33:06+00:00
businessday_ng,https://businessday.ng/post-sitemap1098.xml,2024-06-14T13:04:53+00:00
businessday_ng,https://businessday.ng/post-sitemap1099.xml,2024-06-17T07:51:30+00:00
businessday_ng,https://businessday.ng/post-sitemap1100.xml,2024-06-19T13:05:23+00:00
businessday_ng,https://businessday.ng/post-sitemap1101.xml,2024-06-21T15:12:52+00:00
businessday_ng,https://businessday.ng/post-sitemap1102.xml,2024-06-24T04:08:20+00:00
businessday_ng,https://businessday.ng/post-sitemap1103.xml,2024-06-26T01:28:07+00:00
businessday_ng,https://businessday.ng/post-sitemap1104.xml,2024-06-28T07:55:16+00:00
businessday_ng,https://businessday.ng/post-sitemap1105.xml,2024-06-30T16:23:11+00:00
businessday_ng,https://businessday.ng/post-sitemap1106.xml,2024-07-03T03:01:25+00:00
businessday_ng,https://businessday.ng/post-sitemap1107.xml,2024-07-04T20:06:56+00:00
businessday_ng,https://businessday.ng/post-sitemap1108.xml,2024-07-07T09:54:14+00:00
businessday_ng,https://businessday.ng/post-sitemap1109.xml,2024-07-09T11:06:16+00:00
businessday_ng,https://businessday.ng/post-sitemap1110.xml,2024-07-11T10:15:03+00:00
businessday_ng,https://businessday.ng/post-sitemap1111.xml,2024-07-13T15:55:23+00:00
businessday_ng,https://businessday.ng/post-sitemap1112.xml,2024-07-15T15:05:01+00:00
businessday_ng,https://businessday.ng/post-sitemap1113.xml,2024-07-17T20:11:59+00:00
businessday_ng,https://businessday.ng/post-sitemap1114.xml,2024-07-20T05:22:33+00:00
businessday_ng,https://businessday.ng/post-sitemap1115.xml,2024-07-22T14:04:07+00:00
businessday_ng,https://businessday.ng/post-sitemap1116.xml,2024-07-24T11:56:51+00:00
businessday_ng,https://businessday.ng/post-sitemap1117.xml,2024-07-25T18:37:15+00:00
businessday_ng,https://businessday.ng/post-sitemap1118.xml,2024-07-28T11:15:23+00:00
businessday_ng,https://businessday.ng/post-sitemap1119.xml,2024-07-30T12:41:25+00:00
businessday_ng,https://businessday.ng/post-sitemap1120.xml,2024-08-01T11:49:29+00:00
businessday_ng,https://businessday.ng/post-sitemap1121.xml,2024-08-03T18:31:58+00:00
businessday_ng,https://businessday.ng/post-sitemap1122.xml,2024-08-05T18:09:45+00:00
businessday_ng,https://businessday.ng/post-sitemap1123.xml,2024-08-08T03:52:35+00:00
businessday_ng,https://businessday.ng/post-sitemap1124.xml,2024-08-10T07:37:22+00:00
businessday_ng,https://businessday.ng/post-sitemap1125.xml,2024-08-13T04:29:25+00:00
businessday_ng,https://businessday.ng/post-sitemap1126.xml,2024-08-15T07:16:20+00:00
businessday_ng,https://businessday.ng/post-sitemap1127.xml,2024-08-17T16:53:39+00:00
businessday_ng,https://businessday.ng/post-sitemap1128.xml,2024-08-19T16:33:54+00:00
businessday_ng,https://businessday.ng/post-sitemap1129.xml,2024-08-21T13:24:31+00:00
businessday_ng,https://businessday.ng/post-sitemap1130.xml,2024-08-23T18:38:22+00:00
businessday_ng,https://businessday.ng/post-sitemap1131.xml,2024-08-26T12:23:39+00:00
businessday_ng,https://businessday.ng/post-sitemap1132.xml,2024-08-28T10:40:26+00:00
businessday_ng,https://businessday.ng/post-sitemap1133.xml,2024-08-30T10:05:03+00:00
businessday_ng,https://businessday.ng/post-sitemap1134.xml,2024-09-01T14:01:46+00:00
businessday_ng,https://businessday.ng/post-sitemap1135.xml,2024-09-03T18:09:57+00:00
businessday_ng,https://businessday.ng/post-sitemap1136.xml,2024-09-06T04:15:14+00:00
businessday_ng,https://businessday.ng/post-sitemap1137.xml,2024-09-08T16:06:41+00:00
businessday_ng,https://businessday.ng/post-sitemap1138.xml,2024-09-10T13:50:02+00:00
businessday_ng,https://businessday.ng/post-sitemap1139.xml,2024-09-12T15:28:35+00:00
businessday_ng,https://businessday.ng/post-sitemap1140.xml,2024-09-14T17:54:02+00:00
businessday_ng,https://businessday.ng/post-sitemap1141.xml,2024-09-16T15:54:23+00:00
businessday_ng,https://businessday.ng/post-sitemap1142.xml,2024-09-18T19:14:50+00:00
businessday_ng,https://businessday.ng/post-sitemap1143.xml,2024-09-20T13:20:03+00:00
businessday_ng,https://businessday.ng/post-sitemap1144.xml,2024-09-22T14:32:23+00:00
businessday_ng,https://businessday.ng/post-sitemap1145.xml,2024-09-24T11:15:31+00:00
businessday_ng,https://businessday.ng/post-sitemap1146.xml,2024-09-26T12:32:12+00:00
businessday_ng,https://businessday.ng/post-sitemap1147.xml,2024-09-28T17:01:47+00:00
businessday_ng,https://businessday.ng/post-sitemap1148.xml,2024-09-30T12:35:46+00:00
businessday_ng,https://businessday.ng/post-sitemap1149.xml,2024-10-02T12:48:36+00:00
businessday_ng,https://businessday.ng/post-sitemap1150.xml,2024-10-04T10:45:17+00:00
businessday_ng,https://businessday.ng/post-sitemap1151.xml,2024-10-06T19:56:32+00:00
businessday_ng,https://businessday.ng/post-sitemap1152.xml,2024-10-08T18:22:09+00:00
businessday_ng,https://businessday.ng/post-sitemap1153.xml,2024-10-11T07:47:35+00:00
businessday_ng,https://businessday.ng/post-sitemap1154.xml,2024-10-13T11:54:18+00:00
businessday_ng,https://businessday.ng/post-sitemap1155.xml,2024-10-15T12:27:48+00:00
businessday_ng,https://businessday.ng/post-sitemap1156.xml,2024-10-17T07:39:16+00:00
businessday_ng,https://businessday.ng/post-sitemap1157.xml,2024-10-19T06:44:04+00:00
businessday_ng,https://businessday.ng/post-sitemap1158.xml,2024-10-21T09:47:16+00:00
businessday_ng,https://businessday.ng/post-sitemap1159.xml,2024-10-23T06:07:09+00:00
businessday_ng,https://businessday.ng/post-sitemap1160.xml,2024-10-25T04:11:48+00:00
businessday_ng,https://businessday.ng/post-sitemap1161.xml,2024-10-27T09:51:25+00:00
businessday_ng,https://businessday.ng/post-sitemap1162.xml,2024-10-28T20:09:43+00:00
businessday_ng,https://businessday.ng/post-sitemap1163.xml,2024-10-30T13:48:09+00:00
businessday_ng,https://businessday.ng/post-sitemap1164.xml,2024-11-01T11:34:46+00:00
businessday_ng,https://businessday.ng/post-sitemap1165.xml,2024-11-03T15:46:06+00:00
businessday_ng,https://businessday.ng/post-sitemap1166.xml,2024-11-05T15:24:10+00:00
businessday_ng,https://businessday.ng/post-sitemap1167.xml,2024-11-07T15:43:35+00:00
businessday_ng,https://businessday.ng/post-sitemap1168.xml,2024-11-09T17:19:56+00:00
businessday_ng,https://businessday.ng/post-sitemap1169.xml,2024-11-11T20:24:30+00:00
businessday_ng,https://businessday.ng/post-sitemap1170.xml,2024-11-13T13:48:59+00:00
businessday_ng,https://businessday.ng/post-sitemap1171.xml,2024-11-15T11:02:10+00:00
businessday_ng,https://businessday.ng/post-sitemap1172.xml,2024-11-17T13:49:50+00:00
businessday_ng,https://businessday.ng/post-sitemap1173.xml,2024-11-19T12:54:01+00:00
businessday_ng,https://businessday.ng/post-sitemap1174.xml,2024-11-21T11:31:32+00:00
businessday_ng,https://businessday.ng/post-sitemap1175.xml,2024-11-23T12:46:51+00:00
businessday_ng,https://businessday.ng/post-sitemap1176.xml,2024-11-25T16:01:45+00:00
businessday_ng,https://businessday.ng/post-sitemap1177.xml,2024-11-27T11:57:07+00:00
businessday_ng,https://businessday.ng/post-sitemap1178.xml,2024-11-29T10:05:24+00:00
businessday_ng,https://businessday.ng/post-sitemap1179.xml,2024-12-01T12:32:03+00:00
businessday_ng,https://businessday.ng/post-sitemap1180.xml,2024-12-03T13:19:24+00:00
businessday_ng,https://businessday.ng/post-sitemap1181.xml,2024-12-05T05:15:24+00:00
businessday_ng,https://businessday.ng/post-sitemap1182.xml,2024-12-06T20:38:00+00:00
businessday_ng,https://businessday.ng/post-sitemap1183.xml,2024-12-09T14:25:54+00:00
businessday_ng,https://businessday.ng/post-sitemap1184.xml,2024-12-11T09:53:52+00:00
businessday_ng,https://businessday.ng/post-sitemap1185.xml,2024-12-13T11:34:02+00:00
businessday_ng,https://businessday.ng/post-sitemap1186.xml,2024-12-15T16:38:33+00:00
businessday_ng,https://businessday.ng/post-sitemap1187.xml,2024-12-17T14:14:37+00:00
businessday_ng,https://businessday.ng/post-sitemap1188.xml,2024-12-19T14:03:37+00:00
businessday_ng,https://businessday.ng/post-sitemap1189.xml,2024-12-22T06:52:36+00:00
businessday_ng,https://businessday.ng/post-sitemap1190.xml,2024-12-23T17:57:08+00:00
businessday_ng,https://businessday.ng/post-sitemap1191.xml,2024-12-26T18:24:06+00:00
businessday_ng,https://businessday.ng/post-sitemap1192.xml,2024-12-29T13:16:23+00:00
businessday_ng,https://businessday.ng/post-sitemap1193.xml,2024-12-31T17:35:22+00:00
businessday_ng,https://businessday.ng/post-sitemap1194.xml,2025-01-03T14:05:46+00:00
businessday_ng,https://businessday.ng/post-sitemap1195.xml,2025-01-06T12:26:30+00:00
businessday_ng,https://businessday.ng/post-sitemap1196.xml,2025-01-08T08:14:58+00:00
businessday_ng,https://businessday.ng/post-sitemap1197.xml,2025-01-09T22:32:47+00:00
businessday_ng,https://businessday.ng/post-sitemap1198.xml,2025-01-12T10:00:08+00:00
businessday_ng,https://businessday.ng/post-sitemap1199.xml,2025-01-14T12:22:51+00:00
businessday_ng,https://businessday.ng/post-sitemap1200.xml,2025-01-16T08:44:51+00:00
businessday_ng,https://businessday.ng/post-sitemap1201.xml,2025-01-17T19:54:44+00:00
businessday_ng,https://businessday.ng/post-sitemap1202.xml,2025-01-20T02:46:50+00:00
businessday_ng,https://businessday.ng/post-sitemap1203.xml,2025-01-21T16:32:46+00:00
businessday_ng,https://businessday.ng/post-sitemap1204.xml,2025-01-23T14:14:29+00:00
businessday_ng,https://businessday.ng/post-sitemap1205.xml,2025-01-25T21:01:50+00:00
businessday_ng,https://businessday.ng/post-sitemap1206.xml,2025-01-27T16:00:46+00:00
businessday_ng,https://businessday.ng/post-sitemap1207.xml,2025-01-29T12:41:30+00:00
businessday_ng,https://businessday.ng/post-sitemap1208.xml,2025-01-31T11:27:22+00:00
businessday_ng,https://businessday.ng/post-sitemap1209.xml,2025-02-02T11:58:33+00:00
businessday_ng,https://businessday.ng/post-sitemap1210.xml,2025-02-04T11:57:04+00:00
businessday_ng,https://businessday.ng/post-sitemap1211.xml,2025-02-06T11:39:03+00:00
businessday_ng,https://businessday.ng/post-sitemap1212.xml,2025-02-07T23:35:43+00:00
businessday_ng,https://businessday.ng/post-sitemap1213.xml,2025-02-10T08:31:29+00:00
businessday_ng,https://businessday.ng/post-sitemap1214.xml,2025-02-11T18:35:20+00:00
businessday_ng,https://businessday.ng/post-sitemap1215.xml,2025-02-13T18:12:22+00:00
businessday_ng,https://businessday.ng/post-sitemap1216.xml,2025-02-16T10:20:26+00:00
businessday_ng,https://businessday.ng/post-sitemap1217.xml,2025-02-17T18:41:10+00:00
businessday_ng,https://businessday.ng/post-sitemap1218.xml,2025-02-19T18:06:32+00:00
businessday_ng,https://businessday.ng/post-sitemap1219.xml,2025-02-21T13:42:28+00:00
businessday_ng,https://businessday.ng/post-sitemap1220.xml,2025-02-23T10:40:22+00:00
businessday_ng,https://businessday.ng/post-sitemap1221.xml,2025-02-25T10:03:04+00:00
businessday_ng,https://businessday.ng/post-sitemap1222.xml,2025-02-26T14:34:58+00:00
businessday_ng,https://businessday.ng/post-sitemap1223.xml,2025-02-28T10:14:00+00:00
businessday_ng,https://businessday.ng/post-sitemap1224.xml,2025-03-02T09:57:46+00:00
businessday_ng,https://businessday.ng/post-sitemap1225.xml,2025-03-04T10:18:10+00:00
businessday_ng,https://businessday.ng/post-sitemap1226.xml,2025-03-05T14:46:59+00:00
businessday_ng,https://businessday.ng/post-sitemap1227.xml,2025-03-07T10:11:17+00:00
businessday_ng,https://businessday.ng/post-sitemap1228.xml,2025-03-09T09:57:31+00:00
businessday_ng,https://businessday.ng/post-sitemap1229.xml,2025-03-11T08:53:23+00:00
businessday_ng,https://businessday.ng/post-sitemap1230.xml,2025-03-12T19:20:43+00:00
businessday_ng,https://businessday.ng/post-sitemap1231.xml,2025-03-14T19:08:14+00:00
businessday_ng,https://businessday.ng/post-sitemap1232.xml,2025-03-17T10:15:33+00:00
businessday_ng,https://businessday.ng/post-sitemap1233.xml,2025-03-18T19:56:45+00:00
businessday_ng,https://businessday.ng/post-sitemap1234.xml,2025-03-20T16:50:55+00:00
businessday_ng,https://businessday.ng/post-sitemap1235.xml,2025-03-23T05:26:43+00:00
businessday_ng,https://businessday.ng/post-sitemap1236.xml,2025-03-24T17:16:02+00:00
businessday_ng,https://businessday.ng/post-sitemap1237.xml,2025-03-26T13:14:59+00:00
businessday_ng,https://businessday.ng/post-sitemap1238.xml,2025-03-28T09:44:50+00:00
businessday_ng,https://businessday.ng/post-sitemap1239.xml,2025-03-30T07:25:14+00:00
businessday_ng,https://businessday.ng/post-sitemap1240.xml,2025-03-31T19:34:23+00:00
businessday_ng,https://businessday.ng/post-sitemap1241.xml,2025-04-02T18:16:23+00:00
businessday_ng,https://businessday.ng/post-sitemap1242.xml,2025-04-04T17:18:58+00:00
businessday_ng,https://businessday.ng/post-sitemap1243.xml,2025-04-06T22:58:59+00:00
businessday_ng,https://businessday.ng/post-sitemap1244.xml,2025-04-08T15:29:45+00:00
businessday_ng,https://businessday.ng/post-sitemap1245.xml,2025-04-10T15:53:45+00:00
businessday_ng,https://businessday.ng/post-sitemap1246.xml,2025-04-12T21:35:38+00:00
businessday_ng,https://businessday.ng/post-sitemap1247.xml,2025-04-14T15:00:45+00:00
businessday_ng,https://businessday.ng/post-sitemap1248.xml,2025-04-16T12:43:51+00:00
businessday_ng,https://businessday.ng/post-sitemap1249.xml,2025-04-18T03:26:21+00:00
businessday_ng,https://businessday.ng/post-sitemap1250.xml,2025-04-20T07:13:07+00:00
businessday_ng,https://businessday.ng/post-sitemap1251.xml,2025-04-22T08:57:05+00:00
businessday_ng,https://businessday.ng/post-sitemap1252.xml,2025-04-24T01:30:55+00:00
businessday_ng,https://businessday.ng/post-sitemap1253.xml,2025-04-25T16:29:29+00:00
businessday_ng,https://businessday.ng/post-sitemap1254.xml,2025-04-28T06:03:20+00:00
businessday_ng,https://businessday.ng/post-sitemap1255.xml,2025-04-30T00:05:09+00:00
businessday_ng,https://businessday.ng/post-sitemap1256.xml,2025-05-01T16:34:18+00:00
businessday_ng,https://businessday.ng/post-sitemap1257.xml,2025-05-04T05:06:04+00:00
businessday_ng,https://businessday.ng/post-sitemap1258.xml,2025-05-06T03:56:41+00:00
businessday_ng,https://businessday.ng/post-sitemap1259.xml,2025-05-07T12:57:37+00:00
businessday_ng,https://businessday.ng/post-sitemap1260.xml,2025-05-09T08:46:04+00:00
businessday_ng,https://businessday.ng/post-sitemap1261.xml,2025-05-11T08:42:52+00:00
businessday_ng,https://businessday.ng/post-sitemap1262.xml,2025-05-13T08:40:14+00:00
businessday_ng,https://businessday.ng/post-sitemap1263.xml,2025-05-14T16:07:12+00:00
businessday_ng,https://businessday.ng/post-sitemap1264.xml,2025-05-16T14:46:10+00:00
businessday_ng,https://businessday.ng/post-sitemap1265.xml,2025-05-18T18:02:20+00:00
businessday_ng,https://businessday.ng/post-sitemap1266.xml,2025-05-20T15:20:14+00:00
businessday_ng,https://businessday.ng/post-sitemap1267.xml,2025-05-22T12:26:24+00:00
businessday_ng,https://businessday.ng/post-sitemap1268.xml,2025-05-24T07:35:57+00:00
businessday_ng,https://businessday.ng/post-sitemap1269.xml,2025-05-26T10:04:56+00:00
businessday_ng,https://businessday.ng/post-sitemap1270.xml,2025-05-28T03:41:52+00:00
businessday_ng,https://businessday.ng/post-sitemap1271.xml,2025-05-29T18:13:45+00:00
businessday_ng,https://businessday.ng/post-sitemap1272.xml,2025-06-01T06:42:04+00:00
businessday_ng,https://businessday.ng/post-sitemap1273.xml,2025-06-03T03:50:04+00:00
businessday_ng,https://businessday.ng/post-sitemap1274.xml,2025-06-04T14:15:24+00:00
businessday_ng,https://businessday.ng/post-sitemap1275.xml,2025-06-06T12:20:32+00:00
businessday_ng,https://businessday.ng/post-sitemap1276.xml,2025-06-08T22:01:57+00:00
businessday_ng,https://businessday.ng/post-sitemap1277.xml,2025-06-11T05:32:55+00:00
businessday_ng,https://businessday.ng/post-sitemap1278.xml,2025-06-13T09:21:50+00:00
businessday_ng,https://businessday.ng/post-sitemap1279.xml,2025-06-15T18:27:06+00:00
businessday_ng,https://businessday.ng/post-sitemap1280.xml,2025-06-17T12:21:40+00:00
businessday_ng,https://businessday.ng/post-sitemap1281.xml,2025-06-19T06:32:57+00:00
businessday_ng,https://businessday.ng/post-sitemap1282.xml,2025-06-21T00:19:20+00:00
businessday_ng,https://businessday.ng/post-sitemap1283.xml,2025-06-23T09:36:31+00:00
businessday_ng,https://businessday.ng/post-sitemap1284.xml,2025-06-25T04:32:10+00:00
businessday_ng,https://businessday.ng/post-sitemap1285.xml,2025-06-26T22:33:44+00:00
businessday_ng,https://businessday.ng/post-sitemap1286.xml,2025-06-29T06:26:59+00:00
businessday_ng,https://businessday.ng/post-sitemap1287.xml,2025-06-30T20:30:32+00:00
businessday_ng,https://businessday.ng/post-sitemap1288.xml,2025-07-02T14:13:29+00:00
businessday_ng,https://businessday.ng/post-sitemap1289.xml,2025-07-04T11:14:25+00:00
businessday_ng,https://businessday.ng/post-sitemap1290.xml,2025-07-06T18:14:29+00:00
businessday_ng,https://businessday.ng/post-sitemap1291.xml,2025-07-09T03:36:21+00:00
businessday_ng,https://businessday.ng/post-sitemap1292.xml,2025-07-11T06:30:29+00:00
businessday_ng,https://businessday.ng/post-sitemap1293.xml,2025-07-13T07:24:22+00:00
businessday_ng,https://businessday.ng/post-sitemap1294.xml,2025-07-15T09:57:10+00:00
businessday_ng,https://businessday.ng/post-sitemap1295.xml,2025-07-17T10:24:15+00:00
businessday_ng,https://businessday.ng/post-sitemap1296.xml,2025-07-19T04:47:12+00:00
businessday_ng,https://businessday.ng/post-sitemap1297.xml,2025-07-21T08:21:57+00:00
businessday_ng,https://businessday.ng/post-sitemap1298.xml,2025-07-22T14:55:39+00:00
businessday_ng,https://businessday.ng/post-sitemap1299.xml,2025-07-24T13:40:49+00:00
businessday_ng,https://businessday.ng/post-sitemap1300.xml,2025-07-26T19:04:35+00:00
businessday_ng,https://businessday.ng/post-sitemap1301.xml,2025-07-28T19:32:27+00:00
businessday_ng,https://businessday.ng/post-sitemap1302.xml,2025-07-30T14:24:06+00:00
businessday_ng,https://businessday.ng/post-sitemap1303.xml,2025-08-01T09:35:48+00:00
businessday_ng,https://businessday.ng/post-sitemap1304.xml,2025-08-03T11:06:27+00:00
businessday_ng,https://businessday.ng/post-sitemap1305.xml,2025-08-05T13:51:09+00:00
businessday_ng,https://businessday.ng/post-sitemap1306.xml,2025-08-07T13:14:40+00:00
businessday_ng,https://businessday.ng/post-sitemap1307.xml,2025-08-10T06:42:53+00:00
businessday_ng,https://businessday.ng/post-sitemap1308.xml,2025-08-11T19:57:20+00:00
businessday_ng,https://businessday.ng/post-sitemap1309.xml,2025-08-13T09:21:43+00:00
businessday_ng,https://businessday.ng/post-sitemap1310.xml,2025-08-15T08:24:56+00:00
businessday_ng,https://businessday.ng/post-sitemap1311.xml,2025-08-17T07:39:05+00:00
businessday_ng,https://businessday.ng/post-sitemap1312.xml,2025-08-18T19:18:46+00:00
businessday_ng,https://businessday.ng/post-sitemap1313.xml,2025-08-20T14:42:21+00:00
businessday_ng,https://businessday.ng/post-sitemap1314.xml,2025-08-22T07:49:02+00:00
businessday_ng,https://businessday.ng/post-sitemap1315.xml,2025-08-24T14:35:07+00:00
businessday_ng,https://businessday.ng/post-sitemap1316.xml,2025-08-26T11:16:12+00:00
businessday_ng,https://businessday.ng/post-sitemap1317.xml,2025-08-27T20:12:29+00:00
businessday_ng,https://businessday.ng/post-sitemap1318.xml,2025-08-29T21:44:41+00:00
businessday_ng,https://businessday.ng/post-sitemap1319.xml,2025-08-31T18:53:37+00:00
businessday_ng,https://businessday.ng/post-sitemap1320.xml,2025-09-02T14:16:58+00:00
businessday_ng,https://businessday.ng/post-sitemap1321.xml,2025-09-04T10:26:53+00:00
businessday_ng,https://businessday.ng/post-sitemap1322.xml,2025-09-06T20:31:44+00:00
businessday_ng,https://businessday.ng/post-sitemap1323.xml,2025-09-08T12:18:05+00:00
businessday_ng,https://businessday.ng/post-sitemap1324.xml,2025-09-10T09:38:29+00:00
businessday_ng,https://businessday.ng/post-sitemap1325.xml,2025-09-12T07:06:33+00:00
businessday_ng,https://businessday.ng/post-sitemap1326.xml,2025-09-14T15:28:10+00:00
businessday_ng,https://businessday.ng/post-sitemap1327.xml,2025-09-16T09:15:48+00:00
businessday_ng,https://businessday.ng/post-sitemap1328.xml,2025-09-17T15:15:18+00:00
businessday_ng,https://businessday.ng/post-sitemap1329.xml,2025-09-19T10:56:41+00:00
businessday_ng,https://businessday.ng/post-sitemap1330.xml,2025-09-21T15:08:01+00:00
businessday_ng,https://businessday.ng/post-sitemap1331.xml,2025-09-23T14:27:51+00:00
businessday_ng,https://businessday.ng/post-sitemap1332.xml,2025-09-24T16:29:14+00:00
businessday_ng,https://businessday.ng/post-sitemap1333.xml,2025-09-26T15:50:31+00:00
businessday_ng,https://businessday.ng/post-sitemap1334.xml,2025-09-28T10:03:32+00:00
businessday_ng,https://businessday.ng/post-sitemap1335.xml,2025-09-29T17:25:50+00:00
businessday_ng,https://businessday.ng/post-sitemap1336.xml,2025-10-01T08:17:29+00:00
businessday_ng,https://businessday.ng/post-sitemap1337.xml,2025-10-02T19:57:23+00:00
businessday_ng,https://businessday.ng/post-sitemap1338.xml,2025-10-04T19:38:47+00:00
businessday_ng,https://businessday.ng/post-sitemap1339.xml,2025-10-06T14:39:42+00:00
businessday_ng,https://businessday.ng/post-sitemap1340.xml,2025-10-08T05:02:33+00:00
businessday_ng,https://businessday.ng/post-sitemap1341.xml,2025-10-09T16:01:01+00:00
businessday_ng,https://businessday.ng/post-sitemap1342.xml,2025-10-11T12:17:17+00:00
businessday_ng,https://businessday.ng/post-sitemap1343.xml,2025-10-13T12:17:31+00:00
businessday_ng,https://businessday.ng/post-sitemap1344.xml,2025-10-14T19:47:13+00:00
businessday_ng,https://businessday.ng/post-sitemap1345.xml,2025-10-16T14:21:02+00:00
businessday_ng,https://businessday.ng/post-sitemap1346.xml,2025-10-18T06:41:48+00:00
businessday_ng,https://businessday.ng/post-sitemap1347.xml,2025-10-20T08:01:55+00:00
businessday_ng,https://businessday.ng/post-sitemap1348.xml,2025-10-21T13:41:15+00:00
businessday_ng,https://businessday.ng/post-sitemap1349.xml,2025-10-22T19:45:43+00:00
businessday_ng,https://businessday.ng/post-sitemap1350.xml,2025-10-24T13:57:47+00:00
businessday_ng,https://businessday.ng/post-sitemap1351.xml,2025-10-26T10:40:49+00:00
businessday_ng,https://businessday.ng/post-sitemap1352.xml,2025-10-27T20:32:03+00:00
businessday_ng,https://businessday.ng/post-sitemap1353.xml,2025-10-29T08:10:44+00:00
businessday_ng,https://businessday.ng/post-sitemap1354.xml,2025-10-30T19:00:45+00:00
businessday_ng,https://businessday.ng/post-sitemap1355.xml,2025-11-01T14:29:27+00:00
businessday_ng,https://businessday.ng/post-sitemap1356.xml,2025-11-03T10:11:47+00:00
businessday_ng,https://businessday.ng/post-sitemap1357.xml,2025-11-04T15:22:29+00:00
businessday_ng,https://businessday.ng/post-sitemap1358.xml,2025-11-06T07:31:28+00:00
businessday_ng,https://businessday.ng/post-sitemap1359.xml,2025-11-07T19:35:52+00:00
businessday_ng,https://businessday.ng/post-sitemap1360.xml,2025-11-09T12:35:25+00:00
businessday_ng,https://businessday.ng/post-sitemap1361.xml,2025-11-11T11:06:02+00:00
businessday_ng,https://businessday.ng/post-sitemap1362.xml,2025-11-12T14:21:17+00:00
businessday_ng,https://businessday.ng/post-sitemap1363.xml,2025-11-14T08:28:34+00:00
businessday_ng,https://businessday.ng/post-sitemap1364.xml,2025-11-16T11:26:37+00:00
businessday_ng,https://businessday.ng/post-sitemap1365.xml,2025-11-17T18:13:39+00:00
businessday_ng,https://businessday.ng/post-sitemap1366.xml,2025-11-19T09:11:43+00:00
businessday_ng,https://businessday.ng/post-sitemap1367.xml,2025-11-20T17:22:10+00:00
businessday_ng,https://businessday.ng/post-sitemap1368.xml,2025-11-22T17:46:34+00:00
businessday_ng,https://businessday.ng/post-sitemap1369.xml,2025-11-24T14:04:38+00:00
businessday_ng,https://businessday.ng/post-sitemap1370.xml,2025-11-25T20:20:09+00:00
businessday_ng,https://businessday.ng/post-sitemap1371.xml,2025-11-27T10:21:21+00:00
businessday_ng,https://businessday.ng/post-sitemap1372.xml,2025-11-28T18:37:10+00:00
businessday_ng,https://businessday.ng/post-sitemap1373.xml,2025-12-01T01:58:03+00:00
businessday_ng,https://businessday.ng/post-sitemap1374.xml,2025-12-02T11:54:17+00:00
businessday_ng,https://businessday.ng/post-sitemap1375.xml,2025-12-03T18:03:08+00:00
businessday_ng,https://businessday.ng/post-sitemap1376.xml,2025-12-05T08:55:22+00:00
businessday_ng,https://businessday.ng/post-sitemap1377.xml,2025-12-07T07:39:48+00:00
businessday_ng,https://businessday.ng/post-sitemap1378.xml,2025-12-08T19:39:22+00:00
businessday_ng,https://businessday.ng/post-sitemap1379.xml,2025-12-10T12:08:28+00:00
businessday_ng,https://businessday.ng/post-sitemap1380.xml,2025-12-12T09:12:06+00:00
businessday_ng,https://businessday.ng/post-sitemap1381.xml,2025-12-14T09:04:25+00:00
businessday_ng,https://businessday.ng/post-sitemap1382.xml,2025-12-16T08:17:55+00:00
businessday_ng,https://businessday.ng/post-sitemap1383.xml,2025-12-17T14:10:02+00:00
businessday_ng,https://businessday.ng/post-sitemap1384.xml,2025-12-19T07:29:32+00:00
businessday_ng,https://businessday.ng/post-sitemap1385.xml,2025-12-21T08:05:28+00:00
businessday_ng,https://businessday.ng/post-sitemap1386.xml,2025-12-22T19:45:16+00:00
businessday_ng,https://businessday.ng/post-sitemap1387.xml,2025-12-24T18:36:25+00:00
businessday_ng,https://businessday.ng/post-sitemap1388.xml,2025-12-27T16:07:08+00:00
businessday_ng,https://businessday.ng/post-sitemap1389.xml,2025-12-29T22:05:47+00:00
businessday_ng,https://businessday.ng/post-sitemap1390.xml,2025-12-31T19:02:35+00:00
businessday_ng,https://businessday.ng/post-sitemap1391.xml,2026-01-03T11:54:51+00:00
businessday_ng,https://businessday.ng/post-sitemap1392.xml,2026-01-05T15:28:05+00:00
businessday_ng,https://businessday.ng/post-sitemap1393.xml,2026-01-07T10:36:06+00:00
businessday_ng,https://businessday.ng/post-sitemap1394.xml,2026-01-09T11:11:42+00:00
businessday_ng,https://businessday.ng/post-sitemap1395.xml,2026-01-11T16:26:05+00:00
businessday_ng,https://businessday.ng/post-sitemap1396.xml,2026-01-13T14:49:00+00:00
businessday_ng,https://businessday.ng/post-sitemap1397.xml,2026-01-15T10:10:21+00:00
businessday_ng,https://businessday.ng/post-sitemap1398.xml,2026-01-16T16:03:52+00:00
businessday_ng,https://businessday.ng/post-sitemap1399.xml,2026-01-19T03:52:58+00:00
businessday_ng,https://businessday.ng/post-sitemap1400.xml,2026-01-20T15:00:11+00:00
businessday_ng,https://businessday.ng/post-sitemap1401.xml,2026-01-22T11:47:31+00:00
businessday_ng,https://businessday.ng/post-sitemap1402.xml,2026-01-23T21:31:13+00:00
businessday_ng,https://businessday.ng/post-sitemap1403.xml,2026-01-25T21:55:15+00:00
businessday_ng,https://businessday.ng/post-sitemap1404.xml,2026-01-27T13:53:36+00:00
businessday_ng,https://businessday.ng/post-sitemap1405.xml,2026-01-28T22:36:43+00:00
businessday_ng,https://businessday.ng/post-sitemap1406.xml,2026-01-30T11:51:14+00:00
businessday_ng,https://businessday.ng/post-sitemap1407.xml,2026-02-01T14:46:41+00:00
businessday_ng,https://businessday.ng/post-sitemap1408.xml,2026-02-03T11:24:28+00:00
businessday_ng,https://businessday.ng/post-sitemap1409.xml,2026-02-04T11:27:06+00:00
businessday_ng,https://businessday.ng/post-sitemap1410.xml,2026-02-05T19:59:12+00:00
businessday_ng,https://businessday.ng/post-sitemap1411.xml,2026-02-08T05:52:00+00:00
businessday_ng,https://businessday.ng/post-sitemap1412.xml,2026-02-09T19:28:05+00:00
businessday_ng,https://businessday.ng/post-sitemap1413.xml,2026-02-11T08:13:14+00:00
businessday_ng,https://businessday.ng/post-sitemap1414.xml,2026-02-12T13:59:32+00:00
businessday_ng,https://businessday.ng/post-sitemap1415.xml,2026-02-14T10:40:00+00:00
businessday_ng,https://businessday.ng/post-sitemap1416.xml,2026-02-16T09:47:03+00:00
businessday_ng,https://businessday.ng/post-sitemap1417.xml,2026-02-17T12:55:53+00:00
businessday_ng,https://businessday.ng/post-sitemap1418.xml,2026-02-18T18:40:53+00:00
businessday_ng,https://businessday.ng/post-sitemap1419.xml,2026-02-20T05:55:14+00:00
businessday_ng,https://businessday.ng/post-sitemap1420.xml,2026-02-21T17:19:59+00:00
businessday_ng,https://businessday.ng/post-sitemap1421.xml,2026-02-23T14:13:43+00:00
businessday_ng,https://businessday.ng/post-sitemap1422.xml,2026-02-24T19:19:39+00:00
businessday_ng,https://businessday.ng/post-sitemap1423.xml,2026-02-26T10:12:46+00:00
businessday_ng,https://businessday.ng/post-sitemap1424.xml,2026-02-27T16:35:10+00:00
businessday_ng,https://businessday.ng/post-sitemap1425.xml,2026-03-01T22:44:58+00:00
businessday_ng,https://businessday.ng/post-sitemap1426.xml,2026-03-03T12:55:00+00:00
businessday_ng,https://businessday.ng/post-sitemap1427.xml,2026-03-04T18:16:12+00:00
businessday_ng,https://businessday.ng/post-sitemap1428.xml,2026-03-06T09:55:46+00:00
businessday_ng,https://businessday.ng/post-sitemap1429.xml,2026-03-08T08:14:31+00:00
businessday_ng,https://businessday.ng/post-sitemap1430.xml,2026-03-09T15:49:32+00:00
businessday_ng,https://businessday.ng/post-sitemap1431.xml,2026-03-10T21:10:12+00:00
businessday_ng,https://businessday.ng/post-sitemap1432.xml,2026-03-12T17:24:01+00:00
businessday_ng,https://businessday.ng/post-sitemap1433.xml,2026-03-14T09:27:31+00:00
businessday_ng,https://businessday.ng/post-sitemap1434.xml,2026-03-16T09:14:36+00:00
businessday_ng,https://businessday.ng/post-sitemap1435.xml,2026-03-18T10:24:36+00:00
businessday_ng,https://businessday.ng/post-sitemap1436.xml,2026-03-19T18:27:09+00:00
businessday_ng,https://businessday.ng/post-sitemap1437.xml,2026-03-22T06:39:17+00:00
businessday_ng,https://businessday.ng/post-sitemap1438.xml,2026-03-23T20:22:01+00:00
businessday_ng,https://businessday.ng/post-sitemap1439.xml,2026-03-25T09:20:08+00:00
businessday_ng,https://businessday.ng/post-sitemap1440.xml,2026-03-26T16:13:03+00:00
businessday_ng,https://businessday.ng/post-sitemap1441.xml,2026-03-28T09:17:02+00:00
businessday_ng,https://businessday.ng/post-sitemap1442.xml,2026-03-29T19:06:26+00:00
businessday_ng,https://businessday.ng/post-sitemap1443.xml,2026-03-31T17:57:00+00:00
businessday_ng,https://businessday.ng/post-sitemap1444.xml,2026-04-02T09:05:11+00:00
businessday_ng,https://businessday.ng/post-sitemap1445.xml,2026-04-04T09:36:20+00:00
businessday_ng,https://businessday.ng/post-sitemap1446.xml,2026-04-06T12:39:31+00:00
businessday_ng,https://businessday.ng/post-sitemap1447.xml,2026-04-08T09:34:09+00:00
businessday_ng,https://businessday.ng/post-sitemap1448.xml,2026-04-09T18:39:38+00:00
businessday_ng,https://businessday.ng/post-sitemap1449.xml,2026-04-12T03:00:15+00:00
businessday_ng,https://businessday.ng/post-sitemap1450.xml,2026-04-13T11:45:26+00:00
businessday_ng,https://businessday.ng/post-sitemap1451.xml,2026-04-14T15:16:11+00:00
businessday_ng,https://businessday.ng/post-sitemap1452.xml,2026-04-16T12:21:07+00:00
businessday_ng,https://businessday.ng/post-sitemap1453.xml,2026-04-18T08:50:11+00:00
businessday_ng,https://businessday.ng/post-sitemap1454.xml,2026-04-20T10:39:26+00:00
businessday_ng,https://businessday.ng/post-sitemap1455.xml,2026-04-21T17:09:02+00:00
businessday_ng,https://businessday.ng/post-sitemap1456.xml,2026-04-23T08:06:59+00:00
businessday_ng,https://businessday.ng/post-sitemap1457.xml,2026-04-24T19:32:16+00:00
businessday_ng,https://businessday.ng/post-sitemap1458.xml,2026-04-27T07:47:56+00:00
businessday_ng,https://businessday.ng/post-sitemap1459.xml,2026-04-28T11:26:05+00:00
businessday_ng,https://businessday.ng/post-sitemap1460.xml,2026-04-29T16:36:35+00:00
businessday_ng,https://businessday.ng/post-sitemap1461.xml,2026-04-30T19:35:04+00:00
businessday_ng,https://businessday.ng/post-sitemap1462.xml,2026-05-03T05:03:41+00:00
businessday_ng,https://businessday.ng/post-sitemap1463.xml,2026-05-04T19:01:37+00:00
businessday_ng,https://businessday.ng/post-sitemap1464.xml,2026-05-06T10:29:20+00:00
businessday_ng,https://businessday.ng/post-sitemap1465.xml,2026-05-07T14:40:28+00:00
businessday_ng,https://businessday.ng/post-sitemap1466.xml,2026-05-09T00:40:13+00:00
businessday_ng,https://businessday.ng/post-sitemap1467.xml,2026-05-11T05:51:33+00:00
businessday_ng,https://businessday.ng/post-sitemap1468.xml,2026-05-12T14:35:07+00:00
businessday_ng,https://businessday.ng/post-sitemap1469.xml,2026-05-14T05:35:54+00:00
businessday_ng,https://businessday.ng/post-sitemap1470.xml,2026-05-15T13:16:10+00:00
businessday_ng,https://businessday.ng/post-sitemap1471.xml,2026-05-17T09:09:30+00:00
businessday_ng,https://businessday.ng/post-sitemap1472.xml,2026-05-19T07:54:35+00:00
businessday_ng,https://businessday.ng/post-sitemap1473.xml,2026-05-20T11:12:14+00:00
businessday_ng,https://businessday.ng/post-sitemap1474.xml,2026-05-21T19:23:19+00:00
businessday_ng,https://businessday.ng/post-sitemap1475.xml,2026-05-23T10:44:00+00:00
businessday_ng,https://businessday.ng/post-sitemap1476.xml,2026-05-25T11:44:09+00:00
businessday_ng,https://businessday.ng/post-sitemap1477.xml,2026-05-26T19:42:28+00:00
businessday_ng,https://businessday.ng/post-sitemap1478.xml,2026-05-28T21:32:10+00:00
businessday_ng,https://businessday.ng/post-sitemap1479.xml,2026-05-30T20:45:38+00:00
businessday_ng,https://businessday.ng/post-sitemap1480.xml,2026-06-01T16:15:49+00:00
businessday_ng,https://businessday.ng/post-sitemap1481.xml,2026-06-03T10:45:41+00:00
businessday_ng,https://businessday.ng/post-sitemap1482.xml,2026-06-05T04:42:13+00:00
businessday_ng,https://businessday.ng/post-sitemap1483.xml,2026-06-07T03:32:54+00:00
businessday_ng,https://businessday.ng/post-sitemap1484.xml,2026-06-08T14:06:08+00:00
businessday_ng,https://businessday.ng/post-sitemap1485.xml,2026-06-10T03:46:51+00:00
businessday_ng,https://businessday.ng/post-sitemap1486.xml,2026-06-11T14:39:18+00:00
businessday_ng,https://businessday.ng/post-sitemap1487.xml,2026-06-13T11:27:36+00:00
businessday_ng,https://businessday.ng/post-sitemap1488.xml,2026-06-15T09:18:51+00:00
businessday_ng,https://businessday.ng/post-sitemap1489.xml,2026-06-16T17:33:20+00:00
businessday_ng,https://businessday.ng/post-sitemap1490.xml,2026-06-18T11:02:09+00:00
businessday_ng,https://businessday.ng/post-sitemap1491.xml,2026-06-19T23:48:27+00:00
businessday_ng,https://businessday.ng/post-sitemap1492.xml,2026-06-22T07:02:23+00:00
businessday_ng,https://businessday.ng/post-sitemap1493.xml,2026-06-23T15:08:50+00:00
businessday_ng,https://businessday.ng/post-sitemap1494.xml,2026-06-25T09:47:53+00:00
businessday_ng,https://businessday.ng/post-sitemap1495.xml,2026-06-26T22:27:57+00:00
businessday_ng,https://businessday.ng/post-sitemap1496.xml,2026-06-28T21:05:15+00:00
businessday_ng,https://businessday.ng/post-sitemap1497.xml,2026-06-30T11:28:24+00:00
businessday_ng,https://businessday.ng/post-sitemap1498.xml,2026-07-01T17:33:42+00:00
businessday_ng,https://businessday.ng/post-sitemap1499.xml,2026-07-03T13:09:05+00:00
businessday_ng,https://businessday.ng/post-sitemap1500.xml,2026-07-05T12:22:33+00:00
businessday_ng,https://businessday.ng/post-sitemap1501.xml,2026-07-07T05:22:27+00:00
businessday_ng,https://businessday.ng/post-sitemap1502.xml,2026-07-08T14:51:03+00:00
businessday_ng,https://businessday.ng/post-sitemap1503.xml,2026-07-10T10:43:02+00:00
businessday_ng,https://businessday.ng/post-sitemap1504.xml,2026-07-12T15:49:40+00:00
businessday_ng,https://businessday.ng/post-sitemap1505.xml,2026-07-14T13:10:27+00:00
businessday_ng,https://businessday.ng/post-sitemap1506.xml,2026-07-15T16:59:21+00:00
businessday_ng,https://businessday.ng/post-sitemap1507.xml,2026-07-17T14:06:39+00:00
businessday_ng,https://businessday.ng/post-sitemap1508.xml,2026-07-20T07:33:44+00:00
businessday_ng,https://businessday.ng/post-sitemap1509.xml,2026-07-21T11:04:23+00:00
businessday_ng,https://businessday.ng/post-sitemap1510.xml,2026-07-22T17:21:15+00:00
businessday_ng,https://businessday.ng/post-sitemap1511.xml,2026-07-24T11:50:57+00:00
businessday_ng,https://businessday.ng/post-sitemap1512.xml,2026-07-26T19:27:37+00:00
businessday_ng,https://businessday.ng/post-sitemap1513.xml,2026-07-28T07:23:17+00:00
businessday_ng,https://businessday.ng/post-sitemap1514.xml,2026-07-29T14:34:25+00:00
businessday_ng,https://businessday.ng/post-sitemap1515.xml,2026-07-30T20:28:13+00:00
businessday_ng,https://businessday.ng/post-sitemap1516.xml,2026-08-01T16:42:13+00:00
businessday_ng,https://businessday.ng/post-sitemap1517.xml,2026-08-03T15:04:19+00:00
businessday_ng,https://businessday.ng/post-sitemap1518.xml,2026-08-04T18:14:40+00:00
businessday_ng,https://businessday.ng/post-sitemap1519.xml,2026-08-06T11:49:34+00:00
businessday_ng,https://businessday.ng/post-sitemap1520.xml,2026-08-07T23:08:46+00:00
businessday_ng,https://businessday.ng/post-sitemap1521.xml,2026-08-10T11:01:54+00:00
businessday_ng,https://businessday.ng/post-sitemap1522.xml,2026-08-11T14:47:11+00:00
businessday_ng,https://businessday.ng/post-sitemap1523.xml,2026-08-13T09:08:50+00:00
businessday_ng,https://businessday.ng/post-sitemap1524.xml,2026-08-14T17:59:35+00:00
businessday_ng,https://businessday.ng/post-sitemap1525.xml,2026-08-16T21:06:08+00:00
businessday_ng,https://businessday.ng/post-sitemap1526.xml,2026-08-18T09:47:12+00:00
businessday_ng,https://businessday.ng/post-sitemap1527.xml,2026-08-19T17:11:07+00:00
businessday_ng,https://businessday.ng/post-sitemap1528.xml,2026-08-21T10:02:14+00:00
businessday_ng,https://businessday.ng/post-sitemap1529.xml,2026-08-23T16:01:28+00:00
businessday_ng,https://businessday.ng/post-sitemap1530.xml,2026-08-25T11:00:34+00:00
businessday_ng,https://businessday.ng/post-sitemap1531.xml,2026-08-26T21:53:09+00:00
businessday_ng,https://businessday.ng/post-sitemap1532.xml,2026-08-28T14:59:20+00:00
businessday_ng,https://businessday.ng/post-sitemap1533.xml,2026-08-30T16:30:56+00:00
businessday_ng,https://businessday.ng/post-sitemap1534.xml,2026-09-01T12:18:08+00:00
businessday_ng,https://businessday.ng/post-sitemap1535.xml,2026-09-02T15:18:06+00:00
businessday_ng,https://businessday.ng/page-sitemap.xml,2026-08-12T15:07:24+00:00
businessday_ng,https://businessday.ng/cartoons-sitemap.xml,2026-09-02T03:51:18+00:00
businessday_ng,https://businessday.ng/cartoons-sitemap2.xml,2025-08-07T04:09:10+00:00
businessday_ng,https://businessday.ng/cartoons-sitemap3.xml,2026-05-31T06:29:10+00:00
businessday_ng,https://businessday.ng/cartoons-sitemap4.xml,2026-09-02T03:51:18+00:00
businessday_ng,https://businessday.ng/category-sitemap.xml,2026-09-02T15:18:06+00:00
businessday_ng,https://businessday.ng/category-sitemap2.xml,2026-09-02T11:56:14+00:00
businessday_ng,https://businessday.ng/author-sitemap.xml,2026-08-28T13:42:07+00:00
businessday_ng,https://businessday.ng/author-sitemap2.xml,2026-08-04T10:09:25+00:00
businessday_ng,https://businessday.ng/news-sitemap.xml,2026-09-02T14:58:53+00:00
