Date,Year,Month,,Week,Day,USDt,Returns,Abs_Change,Parallel_rate,Official_rate,Bonny_price,Reserves,CBN_Intervention(proxy),Inflation(Nig),Inflation(US),Differential,US_10yr_yield,DtP,PMP,DXY_Close,Lagged_Rates,3-Day_MA
2022-01-03,2022,January,2,2,Monday,570.25,,,565.00,412.99,76.25,40305788524.00,,15.6,7.5,8.1,1.63,38.07840384,36.80718661,96.21,,
2022-01-04,2022,January,2,2,Tuesday,570.25,0,0.00,565.50,413.17,80.07,40304593585.00,-1194939.00,15.6,7.5,8.1,1.66,38.01824915,36.8686013,96.26,570.25,
2022-01-05,2022,January,2,2,Wednesday,570.00,-0.0004384042087,-0.25,566.50,413.29,82.17,40305620531.00,1026946.00,15.6,7.5,8.1,1.71,37.91768492,37.07082194,96.17,570.25,570.17
2022-01-06,2022,January,2,2,Thursday,572.50,0.004385964912,2.50,566.88,413.46,83.49,40286045382.00,-19575149.00,15.6,7.5,8.1,1.73,38.4656315,37.10637063,96.32,570.00,570.92
2022-01-07,2022,January,2,2,Friday,572.67,0.0002911208151,0.17,567.63,413.64,84.53,40283807077.00,-2238305.00,15.6,7.5,8.1,1.76,38.44566934,37.22802437,95.72,572.50,571.72
2022-01-10,2022,January,3,3,Monday,576.00,0.005820721769,3.33,568.25,413.76,84.06,40297318058.00,13510981.00,15.6,7.5,8.1,1.78,39.21113689,37.33807038,95.99,572.67,573.72
2022-01-11,2022,January,3,3,Tuesday,576.85,0.001475694444,0.85,568.63,413.94,86.64,40298268271.00,950213.00,15.6,7.5,8.1,1.75,39.35594531,37.37015026,95.62,576.00,575.17
2022-01-12,2022,January,3,3,Wednesday,577.00,0.0002600329375,0.15,568.63,414.11,88.07,40297925363.00,-342908.00,15.6,7.5,8.1,1.74,39.33495931,37.31375721,94.92,576.85,576.62
2022-01-13,2022,January,3,3,Thursday,580.00,0.005199306759,3.00,568.75,414.29,87.99,40287423140.00,-10502223.00,15.6,7.5,8.1,1.7,39.99855174,37.28306259,94.79,577.00,577.95
2022-01-14,2022,January,3,3,Friday,577.57,-0.004195402299,-2.43,568.50,414.39,88.69,40268578750.00,-18844390.00,15.6,7.5,8.1,1.78,39.37755898,37.189604,95.17,580.00,578.19
2022-01-17,2022,January,4,4,Monday,577.00,-0.0009811277197,-0.57,568.63,414.5,90.09,40206549181.00,-62029569.00,15.6,7.5,8.1,1.78,39.20386007,37.18455971,95.26,577.57,578.19
2022-01-18,2022,January,4,4,Tuesday,579.83,0.004896013865,2.83,569.88,414.67,90.83,40188238630.00,-18310551.00,15.6,7.5,8.1,1.87,39.82805604,37.42976343,95.73,577.00,578.13
2022-01-19,2022,January,4,4,Wednesday,580.00,0.0003018152029,0.17,569.88,414.8,92.56,40166575323.00,-21663307.00,15.6,7.5,8.1,1.83,39.82642237,37.38669238,95.51,579.83,578.94
2022-01-20,2022,January,4,4,Thursday,580.00,0,0.00,569.63,414.95,93.04,40136186318.00,-30389005.00,15.6,7.5,8.1,1.83,39.77587661,37.27678033,95.73,580.00,579.94
2022-01-21,2022,January,4,4,Friday,578.00,-0.003448275862,-2.00,569.50,415.03,91.03,40104769029.00,-31417289.00,15.6,7.5,8.1,1.75,39.26704094,37.21899622,95.64,580.00,579.33
2022-01-24,2022,January,5,5,Monday,578.00,0,0.00,569.25,415.14,89.93,40030523643.00,-74245386.00,15.6,7.5,8.1,1.75,39.23013923,37.12241653,95.92,578.00,578.67
2022-01-25,2022,January,5,5,Tuesday,581.50,0.006055363322,3.50,569.38,415.32,91.54,40003890971.00,-26632672.00,15.6,7.5,8.1,1.78,40.01252047,37.09428874,95.95,578.00,579.17
2022-01-26,2022,January,5,5,Wednesday,582.00,0.0008598452279,0.50,568.63,415.49,94.18,39974414549.00,-29476422.00,15.6,7.5,8.1,1.85,40.07557342,36.85768611,95.95,581.50,580.50
2022-01-27,2022,January,5,5,Thursday,584.50,0.004295532646,2.50,568.13,415.66,93.85,39942034156.00,-32380393.00,15.6,7.5,8.1,1.81,40.61973729,36.68142232,97.25,582.00,582.67
2022-01-28,2022,January,5,5,Friday,581.00,-0.005988023952,-3.50,567.75,415.83,95.23,39911157159.00,-30876997.00,15.6,7.5,8.1,1.78,39.72055888,36.53416059,97.27,584.50,582.50
2022-01-31,2022,January,6,6,Monday,577.00,-0.006884681583,-4.00,567.38,415.26,94.89,39831788532.00,-79368627.00,15.6,7.5,8.1,1.79,38.94909214,36.63247122,96.54,581.00,580.83
2022-02-01,2022,February,1,6,Tuesday,574.00,-0.005199306759,-3.00,567.63,415.86,93.32,39831788532.00,0.00,15.7,7.9,7.8,1.81,38.0272207,36.4954552,96.39,577.00,577.33
2022-02-02,2022,February,1,6,Wednesday,572.50,-0.002613240418,-1.50,568.00,416.04,93.2,39778380412.00,-53408120.00,15.7,7.9,7.8,1.78,37.60696087,36.5253341,95.94,574.00,574.50
2022-02-03,2022,February,1,6,Thursday,572.50,0,0.00,568.75,416.21,94.41,39776840309.00,-1540103.00,15.7,7.9,7.8,1.82,37.55075563,36.64976815,95.38,572.50,573.00
2022-02-04,2022,February,1,6,Friday,575.00,0.004366812227,2.50,569.13,416.38,99.81,39774924126.00,-1916183.00,15.7,7.9,7.8,1.93,38.09500937,36.68523944,95.48,572.50,573.33
2022-02-07,2022,February,2,7,Monday,575.00,0,0.00,570.13,416.55,100.45,39738564378.00,-36359748.00,15.7,7.9,7.8,1.92,38.03865082,36.86952347,95.4,575.00,574.17
2022-02-08,2022,February,2,7,Tuesday,575.30,0.0005217391304,0.30,570.50,416.75,98.12,39715929190.00,-22635188.00,15.7,7.9,7.8,1.96,38.04439112,36.89262148,95.64,575.00,575.10
2022-02-09,2022,February,2,7,Wednesday,575.00,-0.0005214670607,-0.30,571.13,416.87,98.56,39690847711.00,-25081479.00,15.7,7.9,7.8,1.94,37.93268885,37.00434188,95.49,575.30,575.10
2022-02-10,2022,February,2,7,Thursday,575.00,0,0.00,573.63,417.01,100.99,39667671521.00,-23176190.00,15.7,7.9,7.8,2.03,37.88638162,37.55785233,95.55,575.00,575.10
2022-02-11,2022,February,2,7,Friday,575.00,0,0.00,574.50,416.41,99.39,39645288541.00,-22382980.00,15.7,7.9,7.8,1.92,38.0850604,37.96498643,96.08,575.00,575.00
2022-02-14,2022,February,3,8,Monday,575.00,0,0.00,574.75,415.81,103.24,39592413927.00,-52874614.00,15.7,7.9,7.8,1.98,38.28431255,38.22418893,96.37,575.00,575.00
2022-02-15,2022,February,3,8,Tuesday,574.00,-0.001739130435,-1.00,575.38,415.81,100.69,39574570936.00,-17842991.00,15.7,7.9,7.8,2.05,38.04381809,38.37570044,95.99,575.00,574.67
2022-02-16,2022,February,3,8,Wednesday,575.40,0.00243902439,1.40,575.25,415.87,100.98,39579944028.00,5373092.00,15.7,7.9,7.8,2.03,38.36054536,38.3244764,95.7,574.00,574.80
2022-02-17,2022,February,3,8,Thursday,575.40,0,0.00,574.88,415.87,97.93,39584323056.00,4379028.00,15.7,7.9,7.8,1.97,38.36054536,38.23550629,95.8,575.40,574.93
2022-02-18,2022,February,3,8,Friday,580.40,0.00868960723,5.00,574.75,415.87,98.83,39593864740.00,9541684.00,15.7,7.9,7.8,1.92,39.56284416,38.20424652,96.04,575.40,577.07
2022-02-21,2022,February,4,9,Monday,583.25,0.004910406616,2.85,574.63,415.89,101.6,39624455161.00,30590421.00,15.7,7.9,7.8,1.92,40.24140999,38.16874654,96.12,580.40,579.68
2022-02-22,2022,February,4,9,Tuesday,583.25,0,0.00,574.63,415.89,101.38,39629508306.00,5053145.00,15.7,7.9,7.8,1.94,40.24140999,38.16874654,96.03,583.25,582.30
2022-02-23,2022,February,4,9,Wednesday,583.30,0.00008572653236,0.05,574.63,415.89,101.94,39635426243.00,5917937.00,15.7,7.9,7.8,1.99,40.2534324,38.16874654,96.19,583.25,583.27
2022-02-24,2022,February,4,9,Thursday,581.50,-0.003085890622,-1.80,574.63,415.89,103.94,39641556331.00,6130088.00,15.7,7.9,7.8,1.96,39.82062565,38.16874654,97.14,583.30,582.68
2022-02-25,2022,February,4,9,Friday,582.00,0.0008598452279,0.50,576.00,416.02,100.8,39644734248.00,3177917.00,15.7,7.9,7.8,1.97,39.89712033,38.45488198,96.61,581.50,582.27
2022-02-28,2022,February,5,10,Monday,574.50,-0.01288659794,-7.50,576.50,416.09,103.23,39667860747.00,23126499.00,15.7,7.9,7.8,1.83,38.07109039,38.55175563,96.71,582.00,579.33
2022-03-01,2022,March,1,10,Tuesday,575.75,0.002175805048,1.25,576.88,415.96,114.89,39664449756.00,-3410991.00,15.92,8.5,7.42,1.72,38.41475142,38.68641216,97.41,574.50,577.42
2022-03-02,2022,March,1,10,Wednesday,576.50,0.001302648719,0.75,576.75,415.86,118.75,39670435273.00,5985517.00,15.92,8.5,7.42,1.86,38.62838455,38.68850094,97.39,575.75,575.58
2022-03-03,2022,March,1,10,Thursday,576.50,0,0.00,575.50,415.91,121.42,39673406458.00,2971185.00,15.92,8.5,7.42,1.86,38.61171888,38.37128225,97.78,576.50,576.25
2022-03-04,2022,March,1,10,Friday,576.50,0,0.00,575.38,415.77,122.9,39670830858.00,-2575600.00,15.92,8.5,7.42,1.74,38.65839286,38.38901316,98.65,576.50,576.50
2022-03-07,2022,March,2,11,Monday,581.55,0.008759757155,5.05,576.38,415.84,133.63,39599974355.00,-70856503.00,15.92,8.5,7.42,1.78,39.84946133,38.60619469,99.29,576.50,578.18
2022-03-08,2022,March,2,11,Tuesday,581.55,0,0.00,576.38,415.84,139.41,39585875583.00,-14098772.00,15.92,8.5,7.42,1.86,39.84946133,38.60619469,99.06,581.55,579.87
2022-03-09,2022,March,2,11,Wednesday,581.55,0,0.00,576.38,415.84,130.28,39568597015.00,-17278568.00,15.92,8.5,7.42,1.94,39.84946133,38.60619469,97.97,581.55,581.55
2022-03-10,2022,March,2,11,Thursday,582.06,0.0008769667269,0.51,576.88,415.84,122.13,39554938857.00,-13658158.00,15.92,8.5,7.42,1.98,39.97210466,38.72643324,98.51,581.55,581.72
2022-03-11,2022,March,2,11,Friday,581.50,-0.0009621001271,-0.56,577.88,415.8,120.13,39542069408.00,-12869449.00,15.92,8.5,7.42,2,39.85088985,38.98027898,99.12,582.06,581.70
2022-03-14,2022,March,3,12,Monday,581.50,0,0.00,578.63,415.95,113.43,39511922759.00,-30146649.00,15.92,8.5,7.42,2.14,39.80045679,39.11047001,99,581.50,581.69
2022-03-15,2022,March,3,12,Tuesday,581.50,0,0.00,579.00,415.92,110.5,39504207250.00,-7715509.00,15.92,8.5,7.42,2.15,39.81054049,39.20946336,99.1,581.50,581.50
2022-03-16,2022,March,3,12,Wednesday,584.50,0.005159071367,3.00,580.63,415.92,109.17,39502765202.00,-1442048.00,15.92,8.5,7.42,2.19,40.53183304,39.60136565,98.62,581.50,582.50
2022-03-17,2022,March,3,12,Thursday,584.50,0,0.00,581.25,415.92,116.37,39497244621.00,-5520581.00,15.92,8.5,7.42,2.2,40.53183304,39.75043278,97.97,584.50,583.50
2022-03-18,2022,March,3,12,Friday,582.63,-0.003199315654,-1.87,582.63,415.89,117.04,39465813812.00,-31430809.00,15.92,8.5,7.42,2.14,40.09233211,40.09233211,98.23,584.50,583.88
2022-03-21,2022,March,4,13,Monday,584.38,0.003003621509,1.75,584.38,415.82,123.9,39381754339.00,-84059473.00,15.92,8.5,7.42,2.32,40.53677072,40.53677072,98.5,582.63,583.84
2022-03-22,2022,March,4,13,Tuesday,583.88,-0.0008556076526,-0.50,583.88,415.75,124.11,39346850519.00,-34903820.00,15.92,8.5,7.42,2.38,40.44016837,40.44016837,98.49,584.38,583.63
2022-03-23,2022,March,4,13,Wednesday,583.13,-0.001284510516,-0.75,583.13,415.75,130.41,39319634147.00,-27216372.00,15.92,8.5,7.42,2.32,40.2597715,40.2597715,98.62,583.88,583.80
2022-03-24,2022,March,4,13,Thursday,585.50,0.004064273833,2.37,582.88,415.75,128.49,39327238067.00,7603920.00,15.92,8.5,7.42,2.34,40.82982562,40.19963921,98.79,583.13,584.17
2022-03-25,2022,March,4,13,Friday,585.00,-0.000853970965,-0.50,583.88,415.73,126.41,39326943388.00,-294679.00,15.92,8.5,7.42,2.48,40.71633031,40.44692469,98.79,585.50,584.54
2022-03-28,2022,March,5,14,Monday,585.11,0.000188034188,0.11,584.75,415.75,118.84,39341820830.00,14877442.00,15.92,8.5,7.42,2.46,40.73601924,40.64942874,99.09,585.00,585.20
2022-03-29,2022,March,5,14,Tuesday,586.50,0.002375621678,1.39,584.75,415.72,115.52,39340749517.00,-1071313.00,15.92,8.5,7.42,2.41,41.08053498,40.65957856,98.4,585.11,585.54
2022-03-30,2022,March,5,14,Wednesday,587.50,0.001705029838,1.00,584.75,415.75,119.05,39341037597.00,288080.00,15.92,8.5,7.42,2.35,41.31088394,40.64942874,97.79,586.50,586.37
2022-03-31,2022,March,5,14,Thursday,587.50,0,0.00,584.75,415.75,111.51,39332124458.00,-8913139.00,15.92,8.5,7.42,2.32,41.31088394,40.64942874,98.31,587.50,587.17
2022-04-01,2022,April,1,14,Friday,585.50,-0.003404255319,-2.00,584.75,415.72,110.43,39321048991.00,-11075467.00,16.82,8.3,8.52,2.39,40.83998845,40.65957856,98.63,587.50,586.83
2022-04-04,2022,April,2,15,Monday,584.50,-0.00170794193,-1.00,585.00,415.72,111.77,39346570925.00,25521934.00,16.82,8.3,8.52,2.42,40.59944193,40.71971519,99,585.50,585.83
2022-04-05,2022,April,2,15,Tuesday,584.00,-0.0008554319932,-0.50,584.88,415.65,110.12,39380077406.00,33506481.00,16.82,8.3,8.52,2.54,40.5028269,40.71454349,99.47,584.50,584.67
2022-04-06,2022,April,2,15,Wednesday,586.65,0.004537671233,2.65,584.88,415.65,107.09,39403578428.00,23501022.00,16.82,8.3,8.52,2.61,41.14038253,40.71454349,99.6,584.00,585.05
2022-04-07,2022,April,2,15,Thursday,588.00,0.002301201739,1.35,585.00,415.65,101.85,39417870766.00,14292338.00,16.82,8.3,8.52,2.66,41.46517503,40.74341393,99.75,586.65,586.22
2022-04-08,2022,April,2,15,Friday,588.35,0.0005952380952,0.35,585.50,415.62,102.94,39427494433.00,9623667.00,16.82,8.3,8.52,2.72,41.55959771,40.87387517,99.8,588.00,587.67
2022-04-11,2022,April,3,16,Monday,588.35,0,0.00,585.63,415.09,100.48,39465187676.00,37693243.00,16.82,8.3,8.52,2.79,41.74034547,41.08506589,99.93,588.35,588.23
2022-04-12,2022,April,3,16,Tuesday,587.50,-0.00144471828,-0.85,585.88,415.08,107.1,39471173918.00,5986242.00,16.82,8.3,8.52,2.72,41.53898044,41.14869423,100.29,588.35,588.07
2022-04-13,2022,April,3,16,Wednesday,590.67,0.005390070922,3.17,586.38,415.03,108.49,39480946107.00,9772189.00,16.82,8.3,8.52,2.7,42.31902915,41.28617208,99.88,587.50,588.84
2022-04-14,2022,April,3,16,Thursday,588.50,-0.003668171558,-2.17,587.50,415,109.1,39488155071.00,7208964.00,16.82,8.3,8.52,2.83,41.80722892,41.56626506,100.32,590.67,588.89
2022-04-15,2022,April,3,16,Friday,588.00,-0.000849617672,-0.50,588.50,415,109.1,39488155071.00,0.00,16.82,8.3,8.52,2.83,41.68674699,41.80722892,100.5,588.50,589.06
2022-04-18,2022,April,4,17,Monday,590.33,0.003968253968,2.33,587.75,415,109.1,39488155071.00,0.00,16.82,8.3,8.52,2.85,42.24899598,41.62650602,100.78,588.00,588.94
2022-04-19,2022,April,4,17,Tuesday,590.00,-0.0005646527386,-0.33,588.13,415.5,107.56,39521809067.00,33653996.00,16.82,8.3,8.52,2.93,41.99759326,41.54753309,100.96,590.33,589.44
2022-04-20,2022,April,4,17,Wednesday,590.90,0.001525423729,0.90,587.63,415.58,107.33,39532961227.00,11152160.00,16.82,8.3,8.52,2.85,42.18682323,41.39997112,100.39,590.00,590.41
2022-04-21,2022,April,4,17,Thursday,592.80,0.003215434084,1.90,587.38,415.58,109.06,39546734173.00,13772946.00,16.82,8.3,8.52,2.9,42.64401559,41.33981424,100.58,590.90,591.23
2022-04-22,2022,April,4,17,Friday,590.00,-0.004723346829,-2.80,587.38,415.08,107.45,39540763867.00,-5970306.00,16.82,8.3,8.52,2.9,42.14127397,41.51007035,101.22,592.80,591.23
2022-04-25,2022,April,5,18,Monday,590.50,0.0008474576271,0.50,587.50,415.48,98.61,39447185811.00,-93578056.00,16.82,8.3,8.52,2.81,42.12477135,41.40271493,101.75,590.00,591.10
2022-04-26,2022,April,5,18,Tuesday,593.77,0.005532034999,3.27,587.50,415.42,103.71,39410404209.00,-36781602.00,16.82,8.3,8.52,2.77,42.9316515,41.42313803,101.75,590.50,591.42
2022-04-27,2022,April,5,18,Wednesday,593.00,-0.001291191826,-0.77,587.50,415.33,104.08,39378189432.00,-32214777.00,16.82,8.3,8.52,2.82,42.77803193,41.45378374,102.95,593.77,592.42
2022-04-28,2022,April,5,18,Thursday,592.00,-0.001686340641,-1.00,587.50,415.26,106.38,39348153597.00,-30035835.00,16.82,8.3,8.52,2.85,42.5612869,41.47762847,103.62,593.00,592.92
2022-04-29,2022,April,5,18,Friday,591.00,-0.001689189189,-1.00,587.50,415.19,110.11,39312161077.00,-35992520.00,16.82,8.3,8.52,2.89,42.3444688,41.50148125,102.96,592.00,592.00
2022-05-02,2022,May,1,19,Monday,590.00,-0.001692047377,-1.00,587.50,415.19,110.11,39312161077.00,0.00,17.71,8.6,9.11,2.99,42.10361521,41.50148125,103.74,591.00,591.00
2022-05-03,2022,May,1,19,Tuesday,589.50,-0.0008474576271,-0.50,587.00,415.19,110.11,39312161077.00,0.00,17.71,8.6,9.11,2.97,41.98318842,41.38105446,103.47,590.00,590.17
2022-05-04,2022,May,1,19,Wednesday,591.43,0.003279615493,1.93,586.88,415.12,110.64,39159247592.00,-152913485.00,17.71,8.6,9.11,2.93,42.47285925,41.37598767,102.59,589.50,590.31
2022-05-05,2022,May,1,19,Thursday,592.93,0.002536211464,1.50,587.38,415.19,114.21,39100481493.00,-58766099.00,17.71,8.6,9.11,3.05,42.81011906,41.47257882,103.75,591.43,591.29
2022-05-06,2022,May,1,19,Friday,594.00,0.001798965595,1.07,587.63,415.3,116.41,39043056649.00,-57424844.00,17.71,8.6,9.11,3.12,43.02913556,41.4953046,103.66,592.93,592.79
2022-05-09,2022,May,2,20,Monday,596.00,0.003367003367,2.00,588.38,414.83,108.78,38901608812.00,-141447837.00,17.71,8.6,9.11,3.05,43.67331196,41.83641492,103.65,594.00,594.31
2022-05-10,2022,May,2,20,Tuesday,597.50,0.002516778523,1.50,589.00,414.8333,105.94,38859492946.00,-42115866.00,17.71,8.6,9.11,2.99,44.03376007,41.98474423,103.92,596.00,595.83
2022-05-11,2022,May,2,20,Wednesday,598.00,0.0008368200837,0.50,589.75,414.83,109.41,38810591504.00,-48901442.00,17.71,8.6,9.11,2.91,44.15543717,42.16667068,103.85,597.50,597.17
2022-05-12,2022,May,2,20,Thursday,605.00,0.01170568562,7.00,592.00,414.76,110.38,38777760493.00,-32831011.00,17.71,8.6,9.11,2.84,45.86748963,42.73314688,104.85,598.00,600.17
2022-05-13,2022,May,2,20,Friday,602.75,-0.003719008264,-2.25,595.88,414.74,113.02,38748919804.00,-28840689.00,17.71,8.6,9.11,2.93,45.33201524,43.67555577,104.56,605.00,601.92
2022-05-16,2022,May,3,21,Monday,605.00,0.003732890917,2.25,597.00,415.25,115.13,38657715300.00,-91204504.00,17.71,8.6,9.11,2.88,45.69536424,43.76881397,104.19,602.75,604.25
2022-05-17,2022,May,3,21,Tuesday,604.50,-0.000826446281,-0.50,597.63,415.18,117.85,38619394805.00,-38320495.00,17.71,8.6,9.11,2.98,45.59949901,43.94479503,103.36,605.00,604.08
2022-05-18,2022,May,3,21,Wednesday,604.73,0.0003859939344,0.23,599.00,415.12,112.71,38575960102.00,-43434703.00,17.71,8.6,9.11,2.89,45.6767521,44.29562536,103.81,604.50,604.74
2022-05-19,2022,May,3,21,Thursday,606.25,0.002507992504,1.52,601.88,415.12,113.32,38534695606.00,-41264496.00,17.71,8.6,9.11,2.84,46.04210831,44.98940066,102.72,604.73,605.16
2022-05-20,2022,May,3,21,Friday,605.70,-0.0009072164948,-0.55,604.25,415.08,115.75,38490846693.00,-43848913.00,17.71,8.6,9.11,2.78,45.92367736,45.57434711,103.15,606.25,605.56
2022-05-23,2022,May,4,22,Monday,606.26,0.0009198330149,0.56,606.13,415.18,121.33,38392957555.00,-97889138.00,17.71,8.6,9.11,2.86,46.02272336,45.99209981,102.08,605.70,606.07
2022-05-24,2022,May,4,22,Tuesday,607.30,0.001720156464,1.04,604.50,415.18,122.04,38366522489.00,-26435066.00,17.71,8.6,9.11,2.76,46.27390529,45.59949901,101.86,606.26,606.42
2022-05-25,2022,May,4,22,Wednesday,608.90,0.002634612218,1.60,604.50,415.22,122.33,38339104243.00,-27418246.00,17.71,8.6,9.11,2.75,46.64515197,45.58547276,102.06,607.30,607.49
2022-05-26,2022,May,4,22,Thursday,610.48,0.002586631631,1.58,605.00,415.22,125.91,38312524538.00,-26579705.00,17.71,8.6,9.11,2.75,47.02446896,45.70589085,101.83,608.90,608.89
2022-05-27,2022,May,4,22,Friday,607.67,-0.00460024298,-2.81,605.50,415.13,125.95,38284331763.00,-28192775.00,17.71,8.6,9.11,2.74,46.37984888,45.85792402,101.67,610.48,609.01
2022-05-30,2022,May,5,23,Monday,606.24,-0.002347778387,-1.43,605.63,415.07,128.53,38225199277.00,-59132486.00,17.71,8.6,9.11,2.74,46.05729154,45.91032838,101.67,607.67,608.13
2022-05-31,2022,May,5,23,Tuesday,605.97,-0.0004508665435,-0.27,604.75,415.15,133.73,38225270658.00,71381.00,17.71,8.6,9.11,2.85,45.96330644,45.67023967,101.75,606.24,606.62
2022-06-01,2022,June,1,23,Wednesday,603.96,-0.003316228301,-2.01,603.75,415.08,130.23,38225270658.00,0.00,18.6,9.1,9.5,2.94,45.50379273,45.45388841,102.5,605.97,605.39
2022-06-02,2022,June,1,23,Thursday,605.34,0.002289661045,1.38,604.00,415.12,132.21,38217915615.00,-7355043.00,18.6,9.1,9.5,2.92,45.82289458,45.50009636,101.82,603.96,605.09
2022-06-03,2022,June,1,23,Friday,604.00,-0.002213632008,-1.34,604.00,414.63,132.43,38201518865.00,-16396750.00,18.6,9.1,9.5,2.96,45.67204496,45.67204496,102.14,605.34,604.43
2022-06-06,2022,June,2,24,Monday,603.80,-0.0003311258278,-0.20,604.00,415.13,131.64,38163886379.00,-37632486.00,18.6,9.1,9.5,3.04,45.44841375,45.49659143,102.44,604.00,604.38
2022-06-07,2022,June,2,24,Tuesday,602.50,-0.002153030805,-1.30,603.50,415.13,133.23,38205418752.00,41532373.00,18.6,9.1,9.5,2.98,45.13525883,45.37614723,102.32,603.80,603.43
2022-06-08,2022,June,2,24,Wednesday,604.00,0.002489626556,1.50,602.63,415.13,134.93,38232163728.00,26744976.00,18.6,9.1,9.5,3.03,45.49659143,45.16657433,102.54,602.50,603.43
2022-06-09,2022,June,2,24,Thursday,605.78,0.002952538631,1.78,603.38,415.13,136.4,38259097955.00,26934227.00,18.6,9.1,9.5,3.04,45.92617574,45.34724062,103.22,604.00,604.09
2022-06-10,2022,June,2,24,Friday,606.00,0.0003576636311,0.22,604.50,415.26,133.99,38289498075.00,30400120.00,18.6,9.1,9.5,3.15,45.93266869,45.57144921,104.15,605.78,605.26
2022-06-13,2022,June,3,25,Monday,606.00,0,0.00,604.00,415.26,133.99,38289498075.00,0.00,18.6,9.1,9.5,3.43,45.93266869,45.45104272,105.08,606.00,605.93
2022-06-14,2022,June,3,25,Tuesday,609.50,0.005775577558,3.50,603.75,415.22,137.95,38361105708.00,71607633.00,18.6,9.1,9.5,3.49,46.78965368,45.40484562,105.52,606.00,607.17
2022-06-15,2022,June,3,25,Wednesday,609.50,0,0.00,603.88,414.79,134.44,38378515387.00,17409679.00,18.6,9.1,9.5,3.33,46.94182598,45.5869235,105.16,609.50,608.33
2022-06-16,2022,June,3,25,Thursday,611.57,0.003400701022,2.07,604.63,415.37,131.02,38410310822.00,31795435.00,18.6,9.1,9.5,3.28,47.23565189,45.56419578,103.63,609.50,610.19
2022-06-17,2022,June,3,25,Friday,610.50,-0.001754046943,-1.07,605.25,415.32,127.55,38442092201.00,31781379.00,18.6,9.1,9.5,3.25,46.99508812,45.7310026,104.7,611.57,610.52
2022-06-20,2022,June,4,26,Monday,612.14,0.002691002691,1.64,605.63,415.25,125.11,38538877681.00,96785480.00,18.6,9.1,9.5,3.25,47.41549841,45.84708007,104.7,610.50,611.41
2022-06-21,2022,June,4,26,Tuesday,613.50,0.002217036173,1.36,607.00,415.15,125.58,38566919679.00,28041998.00,18.6,9.1,9.5,3.31,47.7779116,46.21221245,104.44,612.14,612.05
2022-06-22,2022,June,4,26,Wednesday,613.50,0,0.00,608.75,415.09,121.77,38597081298.00,30161619.00,18.6,9.1,9.5,3.16,47.79927245,46.6549423,104.2,613.50,613.05
2022-06-23,2022,June,4,26,Thursday,613.50,0,0.00,611.25,414.99,122.68,38633698150.00,36616852.00,18.6,9.1,9.5,3.09,47.83488759,47.29270585,104.43,613.50,613.50
2022-06-23,2022,June,4,26,Thursday,615.00,0.002444987775,1.50,612.50,415,125.15,38674872618.00,41174468.00,18.6,9.1,9.5,3.13,48.19277108,47.59036145,104.43,613.50,614.00
2022-06-27,2022,June,5,27,Monday,616.50,0.00243902439,1.50,612.50,414.64,126.57,38806523123.00,131650505.00,18.6,9.1,9.5,3.2,48.68319506,47.7185028,103.94,615.00,615.00
2022-06-28,2022,June,5,27,Tuesday,616.50,0,0.00,613.25,414.6,128.29,38843820045.00,37296922.00,18.6,9.1,9.5,3.2,48.6975398,47.91365171,104.51,616.50,616.00
2022-06-29,2022,June,5,27,Wednesday,617.67,0.001897810219,1.17,613.25,414.77,129.87,38887462553.00,43642508.00,18.6,9.1,9.5,3.1,48.91867782,47.85302698,105.11,616.50,616.89
2022-06-30,2022,June,5,27,Thursday,616.85,-0.001327569738,-0.82,613.25,414.72,126.94,38908445376.00,20982823.00,18.6,9.1,9.5,2.98,48.73890818,47.87085262,104.69,617.67,617.01
2022-07-01,2022,July,1,27,Friday,616.85,0,0.00,613.25,414.86,124.55,38927584904.00,19139528.00,19.64,8.5,11.14,2.88,48.68871427,47.82095165,105.14,616.85,617.12
2022-07-04,2022,July,2,28,Monday,616.85,0,0.00,614,414.8,127.89,39009055805.00,81470901.00,19.64,8.5,11.14,2.88,48.71022179,48.02314368,105.14,616.85,616.85
2022-07-05,2022,July,2,28,Tuesday,616.85,0,0.00,613.25,414.83,116.5,39026579943.00,17524138.00,19.64,8.5,11.14,2.82,48.69946725,47.83164188,106.53,616.85,616.85
2022-07-06,2022,July,2,28,Wednesday,619.38,0.004093377644,2.52,614.38,414.76,114.78,39091785278.00,65205335.00,19.64,8.5,11.14,2.93,49.33334941,48.12903848,107.1,616.85,617.69
2022-07-07,2022,July,2,28,Thursday,619.50,0.0002018163471,0.13,614.63,414.83,120.31,39101394873.00,9609595.00,19.64,8.5,11.14,3.01,49.33828315,48.16430827,107.13,619.38,618.58
2022-07-08,2022,July,2,28,Friday,618.67,-0.001345170837,-0.83,615.67,414.71,121.07,39111516530.00,10121657.00,19.64,8.5,11.14,3.09,49.18055187,48.45795857,107.01,619.50,619.18
2022-07-11,2022,July,3,29,Monday,619.50,0.001346982759,0.83,616.25,414.71,121.07,39111516530.00,0.00,19.64,8.5,11.14,2.99,49.3814955,48.59781534,108.02,618.67,619.22
2022-07-12,2022,July,3,29,Tuesday,620.50,0.001614205004,1.00,616.25,414.71,121.07,39111516530.00,0.00,19.64,8.5,11.14,2.96,49.62262786,48.59781534,108.07,619.50,619.56
2022-07-13,2022,July,3,29,Wednesday,619.73,-0.001235562718,-0.77,617.63,414.83,116.09,39181102433.00,69585903.00,19.64,8.5,11.14,2.91,49.39453109,48.88749608,107.96,620.50,619.91
2022-07-14,2022,July,3,29,Thursday,623.75,0.006481282272,4.02,618,414.9,113.34,39188120137.00,7017704.00,19.64,8.5,11.14,2.96,50.33743071,48.95155459,108.54,619.73,621.33
2022-07-15,2022,July,3,29,Friday,625.00,0.002004008016,1.25,618.63,414.92,122.84,39199138971.00,11018834.00,19.64,8.5,11.14,2.93,50.63144703,49.09621132,108.06,623.75,622.83
2022-07-18,2022,July,4,30,Monday,630.75,0.0092,5.75,619.13,415.05,126.97,39202975448.00,3836477.00,19.64,8.5,11.14,2.96,51.96964221,49.16997952,107.37,625.00,626.50
2022-07-19,2022,July,4,30,Tuesday,633.00,0.003567181926,2.25,622,414.85,123.28,39197134232.00,-5841216.00,19.64,8.5,11.14,3.01,52.58527178,49.93371098,106.68,630.75,629.58
2022-07-20,2022,July,4,30,Wednesday,643.75,0.01698262243,10.75,627,415.25,125.48,39197134232.00,0.00,19.64,8.5,11.14,3.04,55.02709211,50.99337748,107.08,633.00,635.83
2022-07-21,2022,July,4,30,Thursday,646.67,0.004530744337,2.92,639.63,415.22,123.15,39197134232.00,0.00,19.64,8.5,11.14,2.91,55.74073182,54.04604788,106.91,643.75,641.14
2022-07-22,2022,July,4,30,Friday,657.42,0.01662371134,10.75,646.63,415.25,118.74,39147120631.00,-50013601.00,19.64,8.5,11.14,2.77,58.31828216,55.72065021,106.73,646.67,649.28
2022-07-25,2022,July,5,31,Monday,665.63,0.01248573964,8.21,657.75,415.29,117.75,39064633393.00,-82487238.00,19.64,8.5,11.14,2.81,60.27956368,58.38329842,106.73,657.42,656.57
2022-07-26,2022,July,5,31,Tuesday,682.50,0.02535211268,16.88,670.67,415.64,118.12,39024121046.00,-40512347.00,19.64,8.5,11.14,2.81,64.20460013,61.35838707,107.19,665.63,668.51
2022-07-27,2022,July,5,31,Wednesday,699.29,0.02459445317,16.79,688.13,415.46,119.56,38991425528.00,-32695518.00,19.64,8.5,11.14,2.78,68.31601461,65.63086699,106.45,682.50,682.47
2022-07-28,2022,July,5,31,Thursday,712.50,0.0188968335,13.21,710.63,415.87,120.04,38955794473.00,-35631055.00,19.64,8.5,11.14,2.68,71.32757833,70.87791858,106.35,699.29,698.10
2022-07-29,2022,July,5,31,Friday,698.13,-0.0201754386,-14.38,707.5,415.68,121.51,38955794473.00,0.00,19.64,8.5,11.14,2.67,67.94770015,70.2030408,105.9,712.50,703.30
2022-08-01,2022,August,1,32,Monday,689.67,-0.01211578633,-8.46,698.38,416.4,114.49,38792963938.00,-162830535.00,20.52,8.3,12.22,2.6,65.62600064,67.71853987,105.45,698.13,700.10
2022-08-02,2022,August,1,32,Tuesday,669.33,-0.02948284195,-20.33,680.63,416.69,115.35,38761900651.00,-31063287.00,20.52,8.3,12.22,2.75,60.63100466,63.34205285,106.24,689.67,685.71
2022-08-03,2022,August,1,32,Wednesday,656.00,-0.01992031873,-13.33,650.63,416.98,112.69,38755040407.00,-6860244.00,20.52,8.3,12.22,2.73,57.32169409,56.03386254,106.51,669.33,671.67
2022-08-04,2022,August,1,32,Thursday,653.40,-0.003963414634,-2.60,651.25,417.57,106.33,38756050902.00,1010495.00,20.52,8.3,12.22,2.68,56.47675839,55.96187466,105.69,656.00,659.58
2022-08-05,2022,August,1,32,Friday,658.50,0.007805325987,5.10,656.25,417.97,108.63,38708312948.00,-47737954.00,20.52,8.3,12.22,2.83,57.54719238,57.00887624,106.62,653.40,655.97
2022-08-08,2022,August,2,33,Monday,670.83,0.01872943559,12.33,661.88,417.97,110.87,38579702556.00,-128610392.00,20.52,8.3,12.22,2.77,60.49796237,58.35586286,106.44,658.50,660.91
2022-08-09,2022,August,2,33,Tuesday,677.33,0.009689440994,6.50,668.75,418.69,112.25,38531557747.00,-48144809.00,20.52,8.3,12.22,2.8,61.7744234,59.72437842,106.37,670.83,668.89
2022-08-10,2022,August,2,33,Wednesday,681.83,0.006643700787,4.50,674.88,418.87,110.72,38481076543.00,-50481204.00,20.52,8.3,12.22,2.78,62.77922347,61.11920166,105.2,677.33,676.67
2022-08-11,2022,August,2,33,Thursday,677.25,-0.006722072843,-4.58,679,419.22,111.95,38467653880.00,-13422663.00,20.52,8.3,12.22,2.87,61.55002147,61.96746338,105.09,681.83,678.81
2022-08-12,2022,August,2,33,Friday,675.00,-0.003322259136,-2.25,676.75,419.39,108.97,38457712211.00,-9941669.00,20.52,8.3,12.22,2.84,60.94804359,61.36531629,105.63,677.25,678.03
2022-08-15,2022,August,3,34,Monday,681.50,0.00962962963,6.50,674.63,419.39,102.61,38433083142.00,-24629069.00,20.52,8.3,12.22,2.79,62.49791364,60.85982022,106.55,675.00,677.92
2022-08-16,2022,August,3,34,Tuesday,680.13,-0.002017608217,-1.38,677.88,419.96,101.53,38414995333.00,-18087809.00,20.52,8.3,12.22,2.82,61.94994761,61.41537289,106.5,681.50,678.88
2022-08-17,2022,August,3,34,Wednesday,683.50,0.004962323102,3.38,679.13,420.33,101.92,38412196660.00,-2798673.00,20.52,8.3,12.22,2.89,62.61032998,61.57067066,106.57,680.13,681.71
2022-08-18,2022,August,3,34,Thursday,684.88,0.002011704462,1.38,680.75,420.33,101.51,38398223605.00,-13973055.00,20.52,8.3,12.22,2.88,62.93745391,61.95608213,107.48,683.50,682.83
2022-08-19,2022,August,3,34,Friday,687.00,0.003102755977,2.13,682.5,420.9,101.57,38387275491.00,-10948114.00,20.52,8.3,12.22,2.98,63.22166785,62.15253029,108.17,684.88,685.13
2022-08-22,2022,August,4,35,Monday,693.25,0.009097525473,6.25,685,421.21,97.85,38367987955.00,-19287536.00,20.52,8.3,12.22,3.03,64.58536122,62.62671826,109.05,687.00,688.38
2022-08-23,2022,August,4,35,Tuesday,694.50,0.001803101334,1.25,686.75,421.58,103.18,38353808644.00,-14179311.00,20.52,8.3,12.22,3.05,64.73741639,62.89909388,108.62,693.25,691.58
2022-08-24,2022,August,4,35,Wednesday,696.50,0.002879769618,2.00,691,421.89,102.8,38335755957.00,-18052687.00,20.52,8.3,12.22,3.11,65.09042641,63.78676906,108.68,694.50,694.75
2022-08-25,2022,August,4,35,Thursday,699.17,0.003828667145,2.67,695,422.2,104.95,38335574650.00,-181307.00,20.52,8.3,12.22,3.03,65.6008211,64.61392705,108.47,696.50,696.72
2022-08-26,2022,August,4,35,Friday,697.79,-0.001975140473,-1.38,696.5,422.51,103.77,38336606279.00,1031629.00,20.52,8.3,12.22,3.04,65.15247315,64.84816927,108.8,699.17,697.82
2022-08-29,2022,August,5,36,Monday,703.17,0.00771146825,5.38,697.38,422.88,103.77,38909029337.00,572423058.00,20.52,8.3,12.22,3.12,66.28042628,64.91203178,108.83,697.79,700.04
2022-08-30,2022,August,5,36,Tuesday,701.70,-0.002085802323,-1.47,694.88,422.38,104.45,38369710876.00,-539318461.00,20.52,8.3,12.22,3.11,66.1300251,64.51536531,108.77,703.17,700.88
2022-08-31,2022,August,5,36,Wednesday,700.83,-0.00123509572,-0.87,698.38,423.48,101.14,38373641916.00,3931040.00,20.52,8.3,12.22,3.15,65.49384465,64.9145178,108.7,701.70,701.90
2022-09-01,2022,September,1,36,Thursday,700.67,-0.0002378121284,-0.17,699.13,423.92,97.02,38367194072.00,-6447844.00,20.77,8.2,12.57,3.26,65.28275775,64.92026798,109.69,700.83,701.07
2022-09-02,2022,September,1,36,Friday,702.13,0.002081351094,1.46,699,424.55,97.79,38335305241.00,-31888831.00,20.77,8.2,12.57,3.2,65.38099164,64.64491815,109.53,700.67,701.21
2022-09-05,2022,September,2,37,Monday,704.13,0.002848495638,2.00,698.88,425.78,97.99,38258193065.00,-77112176.00,20.77,8.2,12.57,3.2,65.37296256,64.14110574,109.83,702.13,702.31
2022-09-06,2022,September,2,37,Tuesday,707.00,0.004083081839,2.88,700.25,426.11,95.14,38227231406.00,-30961659.00,20.77,8.2,12.57,3.33,65.91959823,64.33550022,110.21,704.13,704.42
2022-09-07,2022,September,2,37,Wednesday,708.70,0.002404526167,1.70,700.88,426.93,91.78,38219425297.00,-7806109.00,20.77,8.2,12.57,3.27,65.99910992,64.16742792,109.84,707.00,706.61
2022-09-08,2022,September,2,37,Thursday,709.31,0.0008667782056,0.61,703,427.26,90.8,38212359701.00,-7065596.00,20.77,8.2,12.57,3.29,66.01467156,64.53681599,109.71,708.70,708.34
2022-09-09,2022,September,2,37,Friday,708.08,-0.001735411799,-1.23,706,427.6,93.48,38204729484.00,-7630217.00,20.77,8.2,12.57,3.33,65.59479264,65.10757717,109,709.31,708.70
2022-09-12,2022,September,3,38,Monday,707.61,-0.0006669020439,-0.47,706,428.01,96.88,38071544126.00,-133185358.00,20.77,8.2,12.57,3.37,65.3258361,64.94941707,108.33,708.08,708.34
2022-09-13,2022,September,3,38,Tuesday,707.67,0.00007851142341,0.06,706.88,428.31,94.54,38027303973.00,-44240153.00,20.77,8.2,12.57,3.42,65.22300826,65.03934066,109.81,707.61,707.79
2022-09-14,2022,September,3,38,Wednesday,712.25,0.006476683938,4.58,707.5,428.61,96.04,37970494008.00,-56809965.00,20.77,8.2,12.57,3.41,66.17671076,65.06847717,109.66,707.67,709.18
2022-09-15,2022,September,3,38,Thursday,715.63,0.00475020475,3.38,708,428.88,91.85,37917206747.00,-53287261.00,20.77,8.2,12.57,3.45,66.86097121,65.08114158,109.66,712.25,711.85
2022-09-16,2022,September,3,38,Friday,715.13,-0.0007103265173,-0.51,707.4,429.18,91.9,37869052197.00,-48154550.00,20.77,8.2,12.57,3.45,66.62589123,64.82594716,109.76,715.63,714.34
2022-09-19,2022,September,4,39,Monday,715.80,0.0009438909282,0.67,709.63,429.51,91.9,37768110449.00,-100941748.00,20.77,8.2,12.57,3.49,66.65502549,65.21850481,109.74,715.13,715.52
2022-09-20,2022,September,4,39,Tuesday,716.50,0.0009779267952,0.70,711.5,429.87,92.01,37730216994.00,-37893455.00,20.77,8.2,12.57,3.57,66.67829809,65.51515574,110.22,715.80,715.81
2022-09-21,2022,September,4,39,Wednesday,719.00,0.003489183531,2.50,714,430.21,92.42,37695361380.00,-34855614.00,20.77,8.2,12.57,3.51,67.12768183,65.96545873,110.64,716.50,717.10
2022-09-22,2022,September,4,39,Thursday,721.68,0.003732035234,2.68,714,430.59,93.47,37662039075.00,-33322305.00,20.77,8.2,12.57,3.7,67.60336592,65.81899255,111.35,719.00,719.06
2022-09-23,2022,September,4,39,Friday,722.50,0.001131613589,0.82,715.75,430.99,88.89,37632965150.00,-29073925.00,20.77,8.2,12.57,3.69,67.63730017,66.07113854,113.19,721.68,721.06
2022-09-26,2022,September,5,40,Monday,731.63,0.01262975779,9.13,717.67,431.33,88.2,37531090682.00,-101874468.00,20.77,8.2,12.57,3.88,69.62070804,66.38536619,114.1,722.50,725.27
2022-09-27,2022,September,5,40,Tuesday,729.67,-0.002676690017,-1.96,721,431.69,89.37,37494485680.00,-36605002.00,20.77,8.2,12.57,3.97,69.02561252,67.01799903,114.1,731.63,727.93
2022-09-28,2022,September,5,40,Wednesday,739.50,0.01347647328,9.83,726.5,432.04,92.01,37448689100.00,-45796580.00,20.77,8.2,12.57,3.72,71.16470697,68.15572632,112.6,729.67,733.60
2022-09-29,2022,September,5,40,Thursday,740.25,0.001014198783,0.75,731.25,432.37,93.02,37406241753.00,-42447347.00,20.77,8.2,12.57,3.76,71.20753059,69.12598006,112.25,739.50,736.47
2022-09-30,2022,September,5,40,Friday,737.36,-0.003907946157,-2.89,735.13,432.37,92.4,37366246640.00,-39995113.00,20.77,8.2,12.57,3.83,70.53846078,70.02335962,112.12,740.25,739.04
2022-10-03,2022,October,2,41,Monday,728.20,-0.01241887048,-9.16,737.5,432.37,92.4,37366246640.00,0.00,21.09,7.7,13.39,3.67,68.42056572,70.57150126,111.75,737.36,735.27
2022-10-04,2022,October,2,41,Tuesday,724.28,-0.005378559004,-3.92,733.25,433.04,97.31,37219486899.00,-146759741.00,21.09,7.7,13.39,3.62,67.25552682,69.32615925,110.06,728.20,729.95
2022-10-05,2022,October,2,41,Wednesday,731.17,0.009503647284,6.88,730.38,433.4,97.95,37181277327.00,-38209572.00,21.09,7.7,13.39,3.76,68.70481464,68.52330411,110.06,724.28,727.88
2022-10-06,2022,October,2,41,Thursday,732.17,0.001374189977,1.00,730.88,433.72,98.91,37170288123.00,-10989204.00,21.09,7.7,13.39,3.83,68.81200511,68.51424882,112.26,731.17,729.21
2022-10-07,2022,October,2,41,Friday,731.40,-0.00105361742,-0.77,731.63,434.28,102.01,37140552251.00,-29735872.00,21.09,7.7,13.39,3.89,68.41668969,68.46965092,112.8,732.17,731.58
2022-10-10,2022,October,3,42,Monday,733.67,0.003099079391,2.27,733,434.28,102.01,37140552251.00,0.00,21.09,7.7,13.39,3.89,68.93862639,68.78511559,113.14,731.40,732.41
2022-10-11,2022,October,3,42,Tuesday,734.54,0.001194262348,0.88,732.75,434.77,99,37037863693.00,-102688558.00,21.09,7.7,13.39,3.93,68.94975669,68.53738758,113.22,733.67,733.20
2022-10-12,2022,October,3,42,Wednesday,739.13,0.006238087829,4.58,735.38,435.2,98.05,37007485398.00,-30378295.00,21.09,7.7,13.39,3.91,69.83570772,68.97518382,113.32,734.54,735.78
2022-10-13,2022,October,3,42,Thursday,741.25,0.00287502114,2.13,736.88,435.56,98.91,36964292873.00,-43192525.00,21.09,7.7,13.39,3.97,70.18321242,69.17990633,112.36,739.13,738.31
2022-10-14,2022,October,3,42,Friday,741.86,0.0008190797398,0.61,739,435.56,97.44,36937514142.00,-26778731.00,21.09,7.7,13.39,4,70.32260604,69.66663605,113.31,741.25,740.74
2022-10-17,2022,October,4,43,Monday,744.32,0.003319853649,2.46,740.88,436.35,95.57,36844510333.00,-93003809.00,21.09,7.7,13.39,4.02,70.57866392,69.79030595,112.04,741.86,742.48
2022-10-18,2022,October,4,43,Tuesday,748.14,0.005132201204,3.82,741.38,436.48,91.42,36806599846.00,-37910487.00,21.09,7.7,13.39,4.01,71.40304252,69.85428886,112.13,744.32,744.77
2022-10-19,2022,October,4,43,Wednesday,748.70,0.0007485230037,0.56,742.63,436.61,92.59,36758842438.00,-47757408.00,21.09,7.7,13.39,4.14,71.48026843,70.09001168,112.98,748.14,747.05
2022-10-20,2022,October,4,43,Thursday,752.00,0.004407639909,3.30,745.25,436.78,95.42,36723208066.00,-35634372.00,21.09,7.7,13.39,4.24,72.16905536,70.62365493,112.88,748.70,749.61
2022-10-21,2022,October,4,43,Friday,754.83,0.003767730496,2.83,748.25,437,93.82,36687676244.00,-35531822.00,21.09,7.7,13.39,4.21,72.73073989,71.22425629,112.01,752.00,751.84
2022-10-24,2022,October,5,44,Monday,757.64,0.003718260102,2.81,755.5,437.18,94.2,36591203165.00,-96473079.00,21.09,7.7,13.39,4.25,73.3016149,72.812114,111.99,754.83,754.82
2022-10-25,2022,October,5,44,Tuesday,765.03,0.009752087309,7.39,758.13,437.18,94.14,36553891492.00,-37311673.00,21.09,7.7,13.39,4.1,74.99166737,73.41369688,110.95,757.64,759.17
2022-10-26,2022,October,5,44,Wednesday,762.50,-0.003305198685,-2.53,762,437.66,95.31,36520756678.00,-33134814.00,21.09,7.7,13.39,4.04,74.22199881,74.10775488,109.7,765.03,761.72
2022-10-27,2022,October,5,44,Thursday,771.00,0.01114754098,8.50,768.88,438,96.8,36497920080.00,-22836598.00,21.09,7.7,13.39,3.96,76.02739726,75.543379,110.59,762.50,766.18
2022-10-28,2022,October,5,44,Friday,779.54,0.01107868569,8.54,778.81,438.35,96.81,36474379452.00,-23540628.00,21.09,7.7,13.39,4.02,77.83544352,77.66852971,110.75,771.00,771.01
2022-10-31,2022,October,6,45,Monday,802.84,0.02988255531,23.29,800.25,438.52,96.04,36412010952.00,-62368500.00,21.09,7.7,13.39,4.1,83.07861982,82.48882605,111.53,779.54,784.46
2022-11-01,2022,November,1,45,Tuesday,828.63,0.03212190869,25.79,816,438.87,97.73,36390045044.00,-21965908.00,21.47,7.1,14.37,4.07,88.80875886,85.93205277,111.48,802.84,803.67
2022-11-02,2022,November,1,45,Wednesday,847.63,0.02293960879,19.01,839.17,439.17,99.4,36390045044.00,0.00,21.47,7.1,14.37,4.1,93.00802271,91.08090261,111.34,828.63,826.36
2022-11-03,2022,November,1,45,Thursday,869.30,0.02556136694,21.67,865,439.38,98.12,36388670557.00,-1374487.00,21.47,7.1,14.37,4.14,97.84696618,96.86831444,112.93,847.63,848.52
2022-11-04,2022,November,1,45,Friday,873.58,0.004927336171,4.28,866.25,439.76,100.4,36384333207.00,-4337350.00,21.47,7.1,14.37,4.17,98.65002122,96.98244497,110.88,869.30,863.51
2022-11-07,2022,November,2,46,Monday,858.77,-0.01695785851,-14.81,850,440.03,103.16,36311047619.00,-73285588.00,21.47,7.1,14.37,4.22,95.16151871,93.16864759,110.12,873.58,867.22
2022-11-08,2022,November,2,46,Tuesday,849.65,-0.01062237865,-9.12,832.5,440.29,100.75,36286796905.00,-24250714.00,21.47,7.1,14.37,4.14,92.97441659,89.0799246,109.64,858.77,860.67
2022-11-09,2022,November,2,46,Wednesday,815.36,-0.04035019259,-34.28,805.63,440.63,96.21,36259565585.00,-27231320.00,21.47,7.1,14.37,4.12,85.04496661,82.83593945,110.55,849.65,841.26
2022-11-10,2022,November,2,46,Thursday,743.73,-0.08785388989,-71.63,776.88,440.96,96.21,36235247024.00,-24318561.00,21.47,7.1,14.37,3.82,68.66173105,76.17924528,108.21,815.36,802.91
2022-11-11,2022,November,2,46,Friday,712.67,-0.04176794056,-31.06,695,441.33,98.18,36216053435.00,-19193589.00,21.47,7.1,14.37,3.82,61.48158219,57.4785308,106.29,743.73,757.25
2022-11-14,2022,November,3,47,Monday,791.27,0.1102899906,78.60,765,441.69,96.97,36195877411.00,-20176024.00,21.47,7.1,14.37,3.88,79.1452527,73.19839707,106.66,712.67,749.22
2022-11-15,2022,November,3,47,Tuesday,791.50,0.0002948858371,0.23,784.38,442.02,95.65,36192820585.00,-3056826.00,21.47,7.1,14.37,3.8,79.06429573,77.45350889,106.4,791.27,765.14
2022-11-16,2022,November,3,47,Wednesday,798.50,0.008843967151,7.00,790.63,442.35,93.52,36202909321.00,10088736.00,21.47,7.1,14.37,3.67,80.51316831,78.73403414,106.28,791.50,793.76
2022-11-17,2022,November,3,47,Thursday,789.67,-0.01106240868,-8.83,790,442.66,93.41,36206124926.00,3215605.00,21.47,7.1,14.37,3.77,78.39124083,78.46654317,106.69,798.50,793.22
2022-11-18,2022,November,3,47,Friday,780.75,-0.01129168425,-8.92,784.38,442.99,90.5,36206491314.00,366388.00,21.47,7.1,14.37,3.82,76.24551344,77.06494503,106.93,789.67,789.64
2022-11-21,2022,November,4,48,Monday,788.60,0.01005443484,7.85,781.88,443.13,85.43,36204690870.00,-1800444.00,21.47,7.1,14.37,3.83,77.96132061,76.4448356,107.83,780.75,786.34
2022-11-22,2022,November,4,48,Tuesday,783.57,-0.006376580559,-5.03,775.13,443.26,91.14,36202560949.00,-2129921.00,21.47,7.1,14.37,3.76,76.77467594,74.87027929,107.22,788.60,784.31
2022-11-23,2022,November,4,48,Wednesday,778.00,-0.00711030082,-5.57,772.63,443.43,87.26,36196158377.00,-6402572.00,21.47,7.1,14.37,3.71,75.45046569,74.23945155,106.08,783.57,783.39
2022-11-24,2022,November,4,48,Thursday,777.13,-0.001124678663,-0.88,771.88,443.74,87.42,36190400625.00,-5757752.00,21.47,7.1,14.37,3.71,75.13070717,73.9487087,106.08,778.00,779.57
2022-11-25,2022,November,4,48,Friday,778.00,0.00112594499,0.88,772,443.87,86.4,36179856409.00,-10544216.00,21.47,7.1,14.37,3.68,75.27654493,73.9247978,105.96,777.13,777.71
2022-11-28,2022,November,5,49,Monday,776.50,-0.001928020566,-1.50,772.5,444.03,84.65,36126834972.00,-53021437.00,21.47,7.1,14.37,3.69,74.87557147,73.97473144,106.68,778.00,777.21
2022-11-29,2022,November,5,49,Tuesday,771.63,-0.006278171281,-4.88,764.63,444.17,84.65,36118987165.00,-7847807.00,21.47,7.1,14.37,3.75,73.72289889,72.14805142,106.82,776.50,775.38
2022-11-30,2022,November,5,49,Wednesday,755.29,-0.02117516373,-16.34,762,443.584,86.79,36112208430.00,-6778735.00,21.47,7.1,14.37,3.68,70.26892636,71.78257106,105.95,771.63,767.80
2022-12-01,2022,December,1,49,Thursday,744.80,-0.01388310951,-10.49,749.25,444.54,89.7,36102389358.00,-9819072.00,21.34,6.5,14.84,3.53,67.54397804,68.54501282,104.73,755.29,757.24
2022-12-02,2022,December,1,49,Friday,740.00,-0.006444683136,-4.80,739.38,444.64,89.1,36070836141.00,-31553217.00,21.34,6.5,14.84,3.51,66.42677222,66.28733357,104.55,744.80,746.70
2022-12-05,2022,December,2,50,Monday,732.71,-0.009845559846,-7.29,738.13,444.81,87.19,35990855060.00,-79981081.00,21.34,6.5,14.84,3.6,64.72522779,65.94276208,105.29,740.00,739.17
2022-12-06,2022,December,2,50,Tuesday,737.19,0.006104991226,4.47,736.25,444.97,82.07,35959218414.00,-31636646.00,21.34,6.5,14.84,3.51,65.67128121,65.46059285,105.58,732.71,736.63
2022-12-07,2022,December,2,50,Wednesday,746.68,0.01287910902,9.49,737.38,444.97,79.71,35956215210.00,-3003204.00,21.34,6.5,14.84,3.42,67.8049797,65.71454255,105.1,737.19,738.86
2022-12-08,2022,December,2,50,Thursday,750.75,0.005448347233,4.07,744.25,445.01,77.52,35950721132.00,-5494078.00,21.34,6.5,14.84,3.48,68.70407407,67.24343273,104.77,746.68,744.87
2022-12-09,2022,December,2,50,Friday,749.36,-0.00185528757,-1.39,742.13,445.15,78.49,35944410578.00,-6310554.00,21.34,6.5,14.84,3.57,68.33812038,66.71459059,104.81,750.75,748.93
2022-12-12,2022,December,3,51,Monday,748.57,-0.001048517777,-0.79,741.63,445.31,79.56,35944410578.00,0.00,21.34,6.5,14.84,3.61,68.10119435,66.54240866,105.13,749.36,749.56
2022-12-13,2022,December,3,51,Tuesday,748.43,-0.0001908396947,-0.14,742.63,445.46,81.49,35928110381.00,-16300197.00,21.34,6.5,14.84,3.51,68.01251996,66.71081579,103.98,748.57,748.79
2022-12-14,2022,December,3,51,Wednesday,749.75,0.001765604123,1.32,742.63,445.46,84.62,35927510964.00,-599417.00,21.34,6.5,14.84,3.49,68.30916356,66.71081579,103.77,748.43,748.92
2022-12-15,2022,December,3,51,Thursday,751.08,0.001767255752,1.33,742.75,445.82,83.59,35924324201.00,-3186763.00,21.34,6.5,14.84,3.44,68.47045893,66.60311336,104.56,749.75,749.75
2022-12-16,2022,December,3,51,Friday,750.00,-0.001431281829,-1.08,743.75,445.96,81.11,35915570621.00,-8753580.00,21.34,6.5,14.84,3.48,68.17651807,66.77504709,104.7,751.08,750.28
2022-12-19,2022,December,4,52,Monday,748.00,-0.002666666667,-2.00,742.5,445.96,83.09,35917839201.00,2268580.00,21.34,6.5,14.84,3.57,67.72804736,66.49475289,104.72,750.00,749.69
2022-12-20,2022,December,4,52,Tuesday,743.50,-0.006016042781,-4.50,740.75,446.3,79.95,35917403121.00,-436080.00,21.34,6.5,14.84,3.69,66.59197849,65.97580103,103.97,748.00,747.17
2022-12-21,2022,December,4,52,Wednesday,743.40,-0.0001344989913,-0.10,739.75,446.63,80.77,35918401170.00,998049.00,21.34,6.5,14.84,3.68,66.44649934,65.62926807,104.16,743.50,744.97
2022-12-22,2022,December,4,52,Thursday,741.00,-0.003228410008,-2.40,740,446.93,82.08,35922682025.00,4280855.00,21.34,6.5,14.84,3.67,65.79777594,65.57402725,104.43,743.40,742.63
2022-12-23,2022,December,4,52,Friday,730.80,-0.01376518219,-10.20,740.88,447.28,83.29,35934966343.00,12284318.00,21.34,6.5,14.84,3.75,63.38758719,65.64120909,104.33,741.00,738.40
2022-12-26,2022,December,5,53,Monday,735.00,0.005747126437,4.20,736.75,447.28,83.29,35934966343.00,0.00,21.34,6.5,14.84,3.75,64.32659632,64.71785012,104.33,730.80,735.60
2022-12-27,2022,December,5,53,Tuesday,736.50,0.002040816327,1.50,736.75,447.28,83.29,35934966343.00,0.00,21.34,6.5,14.84,3.84,64.66195672,64.71785012,104.18,735.00,734.10
2022-12-28,2022,December,5,53,Wednesday,734.63,-0.002545824847,-1.88,736.38,447.58,28.11,36040929872.00,105963529.00,21.34,6.5,14.84,3.88,64.13266902,64.52477769,104.46,736.50,735.38
2022-12-29,2022,December,5,53,Thursday,739.38,0.006465883954,4.75,735.88,448.08,82.04,36054761207.00,13831335.00,21.34,6.5,14.84,3.83,65.0095965,64.22960186,103.84,734.63,736.83
2022-12-30,2022,December,5,53,Friday,733.38,-0.008114961961,-6.00,735.63,448.55,82.58,36048320031.00,-6441176.00,21.34,6.5,14.84,3.88,63.4990525,64.00178352,103.52,739.38,735.79
2023-01-02,2023,January,1,1,Monday,738.63,0.007158684166,5.25,734.75,448.55,82.58,36048320031.00,0.00,21.82,6.4,15.42,3.88,64.66949058,63.80559581,103.52,733.38,737.13
2023-01-03,2023,January,1,1,Tuesday,743.70,0.006870874937,5.08,736.25,449.01,82.81,36034040181.00,-14279850.00,21.82,6.4,15.42,3.79,65.63105499,63.97184918,104.52,738.63,738.57
2023-01-04,2023,January,1,1,Wednesday,746.00,0.003092644884,2.30,736.5,449.53,76.83,36073101182.00,39061001.00,21.82,6.4,15.42,3.69,65.95110449,63.83778613,104.25,743.70,742.78
2023-01-05,2023,January,1,1,Thursday,745.00,-0.001340482574,-1.00,736.5,450.05,78.58,36116215740.00,43114558.00,21.82,6.4,15.42,3.71,65.53716254,63.6484835,105.04,746.00,744.90
2023-01-06,2023,January,1,1,Friday,742.25,-0.003691275168,-2.75,738.75,450.58,78.87,36125954238.00,9738498.00,21.82,6.4,15.42,3.55,64.73212304,63.95534644,103.88,745.00,744.42
2023-01-09,2023,January,2,2,Monday,745.35,0.004176490401,3.10,740.5,450.58,79.16,36158015702.00,32061464.00,21.82,6.4,15.42,3.53,65.42012517,64.34373474,103,742.25,744.20
2023-01-10,2023,January,2,2,Tuesday,745.53,0.0002459694551,0.18,740.88,451.6,80.31,36163628824.00,5613122.00,21.82,6.4,15.42,3.61,65.08709773,64.05668733,103.24,745.35,744.38
2023-01-11,2023,January,2,2,Wednesday,747.61,0.002788831262,2.08,741.63,452.13,82.68,36170231188.00,6602364.00,21.82,6.4,15.42,3.54,65.35343817,64.03025678,103.19,745.53,746.17
2023-01-12,2023,January,2,2,Thursday,746.72,-0.001198258902,-0.90,742.63,452.59,85.13,36172660111.00,2428923.00,21.82,6.4,15.42,3.43,64.98744264,64.08449148,102.25,747.61,746.62
2023-01-13,2023,January,2,2,Friday,746.90,0.0002455192733,0.18,743.88,453.11,85.15,36173375219.00,715108.00,21.82,6.4,15.42,3.49,64.83856017,64.17205535,102.2,746.72,747.08
2023-01-16,2023,January,3,3,Monday,744.33,-0.003436426117,-2.57,745.3,453.58,84.6,36183391669.00,10016450.00,21.82,6.4,15.42,3.49,64.10188574,64.31500507,102.2,746.90,745.98
2023-01-17,2023,January,3,3,Tuesday,747.60,0.004388714734,3.27,745.38,454.05,85.86,36180044097.00,-3347572.00,21.82,6.4,15.42,3.53,64.6514701,64.16253717,102.39,744.33,746.28
2023-01-18,2023,January,3,3,Wednesday,747.18,-0.0005684858213,-0.43,745.38,454.61,87.92,36176509556.00,-3534541.00,21.82,6.4,15.42,3.37,64.35516157,63.96031763,102.36,747.60,746.37
2023-01-19,2023,January,3,3,Thursday,747.75,0.0007695653629,0.58,750.88,455.06,86.47,36172275823.00,-4233733.00,21.82,6.4,15.42,3.39,64.3189909,65.00681229,102.06,747.18,747.51
2023-01-20,2023,January,3,3,Friday,745.26,-0.003326646606,-2.49,752.13,455.58,88.25,36162009162.00,-10266661.00,21.82,6.4,15.42,3.48,63.58542956,65.09284868,102.01,747.75,746.73
2023-01-23,2023,January,4,4,Monday,746.57,0.001749942694,1.30,750.25,459.81,90.38,36114631988.00,-47377174.00,21.82,6.4,15.42,3.52,62.36416491,63.16522042,102.14,745.26,746.53
2023-01-24,2023,January,4,4,Tuesday,748.50,0.00258963254,1.93,749.75,459.97,87.91,36089615988.00,-25016000.00,21.82,6.4,15.42,3.46,62.728004,62.99976085,101.92,746.57,746.78
2023-01-25,2023,January,4,4,Wednesday,752.01,0.004691287337,3.51,749.75,460.28,87.44,36062430053.00,-27185935.00,21.82,6.4,15.42,3.46,63.38129586,62.88998001,101.64,748.50,749.03
2023-01-26,2023,January,4,4,Thursday,749.38,-0.003499186942,-2.63,750.38,460.33,89.47,36034179039.00,-28251014.00,21.82,6.4,15.42,3.49,62.79191015,63.00914561,101.84,752.01,749.96
2023-01-27,2023,January,4,4,Friday,747.70,-0.002241853265,-1.68,751.63,460.41,88.66,36003296087.00,-30882952.00,21.82,6.4,15.42,3.52,62.39873157,63.25231859,101.93,749.38,749.70
2023-01-30,2023,January,5,5,Monday,751.73,0.005385404128,4.03,752.25,460.52,87.66,35962887799.00,-40408288.00,21.82,6.4,15.42,3.55,63.23431483,63.34795449,102.28,747.70,749.60
2023-01-31,2023,January,5,5,Tuesday,751.03,-0.0009286556791,-0.70,752,461,86.3,35951741507.00,-11146292.00,21.82,6.4,15.42,3.52,62.91292222,63.12364425,102.1,751.73,750.15
2023-02-01,2023,February,1,5,Wednesday,746.09,-0.006582401278,-4.94,752.25,460.54,86.43,35963851494.00,12109987.00,21.91,6,15.91,3.39,62.00221479,63.34086073,101.22,751.03,749.61
2023-02-02,2023,February,1,5,Thursday,746.03,-0.00008041979131,-0.06,752.38,460.54,84.01,35974431804.00,10580310.00,21.91,6,15.91,3.4,61.98918661,63.36908846,101.75,746.09,747.71
2023-02-03,2023,February,1,5,Friday,744.85,-0.001571663148,-1.17,752.75,459.7,84.07,35943816817.00,-30614987.00,21.91,6,15.91,3.53,62.03012834,63.74809658,102.92,746.03,745.65
2023-02-06,2023,February,2,6,Monday,745.58,0.0009699907029,0.72,754.13,460.42,83.07,35853024437.00,-90792380.00,21.91,6,15.91,3.63,61.93366926,63.79175535,103.62,744.85,745.48
2023-02-07,2023,February,2,6,Tuesday,747.32,0.002343828589,1.75,753.5,460.42,85.57,35810684878.00,-42339559.00,21.91,6,15.91,3.67,62.31321402,63.65492377,103.43,745.58,745.92
2023-02-08,2023,February,2,6,Wednesday,748.18,0.001144084381,0.86,751.75,460.47,86.54,35776347091.00,-34337787.00,21.91,6,15.91,3.63,62.48126914,63.25710687,103.41,747.32,747.03
2023-02-09,2023,February,2,6,Thursday,747.92,-0.0003486249364,-0.26,751.63,459.99,86.73,35776332306.00,-14785.00,21.91,6,15.91,3.67,62.59411436,63.40137829,103.22,748.18,747.81
2023-02-10,2023,February,2,6,Friday,748.62,0.0009426183844,0.70,753.38,460.52,89.13,35776364852.00,32546.00,21.91,6,15.91,3.74,62.56007701,63.59332928,103.63,747.92,748.24
2023-02-13,2023,February,3,7,Monday,750.76,0.002859699937,2.14,756.88,460.56,89.19,35770686518.00,-5678334.00,21.91,6,15.91,3.72,63.01079121,64.33906549,103.34,748.62,749.10
2023-02-14,2023,February,3,7,Tuesday,752.80,0.002718347458,2.04,755.33,460.56,88.27,35761517815.00,-9168703.00,21.91,6,15.91,3.77,63.45391118,64.00251867,103.23,750.76,750.73
2023-02-15,2023,February,3,7,Wednesday,756.61,0.005053333983,3.80,759.17,460.55,86.7,35747560159.00,-13957656.00,21.91,6,15.91,3.81,64.28346542,64.83986538,103.92,752.80,753.39
2023-02-16,2023,February,3,7,Thursday,754.76,-0.002443473003,-1.85,765.25,460.54,87.71,35734372845.00,-13187314.00,21.91,6,15.91,3.86,63.88560168,66.16363399,103.86,756.61,754.72
2023-02-17,2023,February,3,7,Friday,757.89,0.004144260224,3.13,770.5,460.5,85.51,35718924369.00,-15448476.00,21.91,6,15.91,3.82,64.57908071,67.31813246,103.86,754.76,756.42
2023-02-20,2023,February,4,8,Monday,752.80,-0.006711645541,-5.09,771,460.47,85.89,35696828092.00,-22096277.00,21.91,6,15.91,3.82,63.48513475,67.43761809,103.88,757.89,755.15
2023-02-21,2023,February,4,8,Tuesday,753.43,0.0008413035778,0.63,764.5,460.47,85.77,35689727439.00,-7100653.00,21.91,6,15.91,3.95,63.62267538,66.0260169,104.18,752.80,754.71
2023-02-22,2023,February,4,8,Wednesday,753.39,-0.00005530239349,-0.04,760.63,460.44,83.83,35689727439.00,0.00,21.91,6,15.91,3.93,63.62428691,65.19633394,104.58,753.43,753.21
2023-02-23,2023,February,4,8,Thursday,750.26,-0.004158416937,-3.13,760.63,460.44,85.16,35679923532.00,-9803907.00,21.91,6,15.91,3.88,62.94386891,65.19633394,104.6,753.39,752.36
2023-02-24,2023,February,4,8,Friday,749.67,-0.0007847292684,-0.59,758.13,460.45,85.44,35675709870.00,-4213662.00,21.91,6,15.91,3.95,62.81246607,64.64979911,105.21,750.26,751.11
2023-02-27,2023,February,5,9,Monday,750.55,0.001173849827,0.88,758.13,460.47,84.84,35670665910.00,-5043960.00,21.91,6,15.91,3.92,62.99650357,64.64264773,104.67,749.67,750.16
2023-02-28,2023,February,5,9,Tuesday,749.71,-0.001124508694,-0.84,755.25,460.47,86.87,35670665910.00,0.00,21.91,6,15.91,3.92,62.81321259,64.01719982,104.87,750.55,749.98
2023-03-01,2023,March,1,9,Wednesday,741.67,-0.01072129366,-8.04,753.13,460.44,86.49,35655556606.00,-15109304.00,22.04,5,17.04,4.01,61.0781387,63.56745721,104.48,749.71,747.31
2023-03-02,2023,March,1,9,Thursday,739.71,-0.002646232251,-1.96,753.13,460.47,87.92,35650745951.00,-4810655.00,22.04,5,17.04,4.08,60.64142193,63.55680066,105.03,741.67,743.69
2023-03-03,2023,March,1,9,Friday,740.53,0.001109150037,0.82,752.88,460.46,88.76,35617355089.00,-33390862.00,22.04,5,17.04,3.97,60.82308995,63.50605916,104.52,739.71,740.63
2023-03-06,2023,March,2,10,Monday,737.54,-0.004028892976,-2.98,753.13,460.46,89.23,35524408854.00,-92946235.00,22.04,5,17.04,3.98,60.17515094,63.56035269,104.35,740.53,739.26
2023-03-07,2023,March,2,10,Tuesday,736.18,-0.00185413044,-1.37,750.75,460.49,87.45,35481019109.00,-43389745.00,22.04,5,17.04,3.97,59.86774957,63.03285631,105.61,737.54,738.08
2023-03-08,2023,March,2,10,Wednesday,741.50,0.007233334465,5.33,751.5,460.52,85.76,35454907841.00,-26111268.00,22.04,5,17.04,3.98,61.01363676,63.18509511,105.66,736.18,738.41
2023-03-09,2023,March,2,10,Thursday,744.40,0.003910991234,2.90,751.38,460.52,86.5,35429154251.00,-25753590.00,22.04,5,17.04,3.93,61.64335968,63.15903761,105.31,741.50,740.69
2023-03-10,2023,March,2,10,Friday,744.69,0.0003929339065,0.29,749.88,460.55,86.1,35404360341.00,-24793910.00,22.04,5,17.04,3.7,61.69634133,62.82271197,104.58,744.40,743.53
2023-03-13,2023,March,3,11,Monday,743.80,-0.001198481252,-0.89,750.88,460.51,84.75,35213674903.00,-190685438.00,22.04,5,17.04,3.55,61.51657944,63.05400534,103.59,744.69,744.30
2023-03-14,2023,March,3,11,Tuesday,741.02,-0.003737563861,-2.78,750.13,460.45,82.37,35151500872.00,-62174031.00,22.04,5,17.04,3.64,60.93386904,62.91236834,103.6,743.80,743.17
2023-03-15,2023,March,3,11,Wednesday,742.63,0.002165933443,1.61,750.63,460.44,75.55,35094443042.00,-57057830.00,22.04,5,17.04,3.51,61.28594388,63.02449831,104.65,741.02,742.48
2023-03-16,2023,March,3,11,Thursday,743.19,0.0007665857119,0.57,749.75,460.36,76.49,35037318336.00,-57124706.00,22.04,5,17.04,3.56,61.43763266,62.86167347,104.42,742.63,742.28
2023-03-17,2023,March,3,11,Friday,738.94,-0.005724325114,-4.25,749.75,460.39,73.77,34992133211.00,-45185125.00,22.04,5,17.04,3.39,60.50305176,62.85106106,103.71,743.19,741.59
2023-03-20,2023,March,4,12,Monday,742.87,0.005318429101,3.93,748.25,460.42,73.31,34877243050.00,-114890161.00,22.04,5,17.04,3.47,61.3461622,62.51466053,103.28,738.94,741.67
2023-03-21,2023,March,4,12,Tuesday,744.33,0.001958619947,1.46,747.75,460.45,76.12,34850033276.00,-27209774.00,22.04,5,17.04,3.59,61.65164513,62.39548268,103.26,742.87,742.05
2023-03-22,2023,March,4,12,Wednesday,743.56,-0.001027776845,-0.76,747.13,460.48,77.61,34821878407.00,-28154869.00,22.04,5,17.04,3.48,61.47498263,62.2502606,102.35,744.33,743.59
2023-03-23,2023,March,4,12,Thursday,743.56,0,0.00,745.63,460.42,77.16,34783644179.00,-38234228.00,22.04,5,17.04,3.38,61.49602537,61.94561487,102.53,743.56,743.82
2023-03-24,2023,March,4,12,Friday,743.93,0.0005020890491,0.37,744.13,460.4,74.43,34744799854.00,-38844325.00,22.04,5,17.04,3.38,61.58412974,61.62684622,103.12,743.56,743.68
2023-03-27,2023,March,5,13,Monday,745.60,0.002243704633,1.67,745.75,460.35,76.45,34640591251.00,-104208603.00,22.04,5,17.04,3.53,61.96426632,61.99630716,102.86,743.93,744.37
2023-03-28,2023,March,5,13,Tuesday,746.46,0.001150076616,0.86,746.5,460.32,79.33,35663942044.00,1023350793.00,22.04,5,17.04,3.55,62.16110532,62.16979493,102.43,745.60,745.33
2023-03-29,2023,March,5,13,Wednesday,747.47,0.001348587555,1.01,746.5,460.35,79.67,34561422969.00,-1102519075.00,22.04,5,17.04,3.57,62.36921183,62.15922668,102.64,746.46,746.51
2023-03-30,2023,March,5,13,Thursday,748.55,0.001449339993,1.08,746.75,460.35,79.75,34530827764.00,-30595205.00,22.04,5,17.04,3.55,62.60454002,62.21353318,102.14,747.47,747.49
2023-03-31,2023,March,5,13,Friday,744.58,-0.005299133881,-3.97,748.75,460.35,80.8,34499376057.00,-31451707.00,22.04,5,17.04,3.48,61.7428768,62.64798523,102.51,748.55,746.87
2023-04-03,2023,April,2,14,Monday,743.80,-0.001058757694,-0.79,747.5,460.33,86.95,34432332549.00,-67043508.00,22.22,4.9,17.32,3.43,61.5786501,62.38350748,102.09,744.58,745.64
2023-04-04,2023,April,2,14,Tuesday,744.11,0.0004190222664,0.31,746.63,460.36,86.58,34412466576.00,-19865973.00,22.22,4.9,17.32,3.35,61.63582124,62.183943,101.59,743.80,744.16
2023-04-05,2023,April,2,14,Wednesday,742.78,-0.001780658687,-1.32,744.5,460.33,86.8,34415550806.00,3084230.00,22.22,4.9,17.32,3.3,61.35851816,61.7318011,101.85,744.11,743.56
2023-04-06,2023,April,2,14,Thursday,740.78,-0.002690337448,-2.00,741.63,460.36,87.62,34428442966.00,12892160.00,22.22,4.9,17.32,3.3,60.91392244,61.09783648,101.82,742.78,742.56
2023-04-07,2023,April,2,14,Friday,738.50,-0.003082322766,-2.28,740.25,460.36,87.62,34428442966.00,0.00,22.22,4.9,17.32,3.39,60.41793379,60.79807107,102.09,740.78,740.69
2023-04-10,2023,April,3,15,Monday,739.63,0.001534642293,1.13,738.75,460.36,87.62,34428442966.00,0.00,22.22,4.9,17.32,3.41,60.66411794,60.47223912,102.58,738.50,739.64
2023-04-11,2023,April,3,15,Tuesday,734.97,-0.006302994405,-4.66,738.88,460.43,87.87,34493352305.00,64909339.00,22.22,4.9,17.32,3.43,59.6271808,60.47607671,102.2,739.63,737.70
2023-04-12,2023,April,3,15,Wednesday,732.59,-0.003245112452,-2.39,738.13,460.43,89.82,34500980488.00,7628183.00,22.22,4.9,17.32,3.41,59.10917265,60.3131855,101.5,734.97,735.73
2023-04-13,2023,April,3,15,Thursday,741.34,0.01194553543,8.75,737.13,460.43,89.01,34494553421.00,-6427067.00,22.22,4.9,17.32,3.45,61.00981691,60.09599722,101.01,732.59,736.30
2023-04-14,2023,April,3,15,Friday,740.78,-0.000747522777,-0.55,735.88,460.43,89.53,34484579844.00,-9973577.00,22.22,4.9,17.32,3.52,60.8894584,59.82451187,101.55,741.34,738.24
2023-04-17,2023,April,4,16,Monday,742.12,0.001804396247,1.34,736.5,460.43,89.53,34448745611.00,-35834233.00,22.22,4.9,17.32,3.6,61.17976674,59.9591686,102.1,740.78,741.41
2023-04-18,2023,April,4,16,Tuesday,743.10,0.001320541152,0.98,736.88,460.53,87.8,34439137251.00,-9608360.00,22.22,4.9,17.32,3.58,61.35756628,60.00694852,101.75,742.12,742.00
2023-04-19,2023,April,4,16,Wednesday,743.41,0.0004198627372,0.31,737.5,460.53,88.07,34434766492.00,-4370759.00,22.22,4.9,17.32,3.6,61.42531431,60.14157601,101.97,743.10,742.88
2023-04-20,2023,April,4,16,Thursday,740.34,-0.004132298107,-3.07,737,460.47,85.5,34425893510.00,-8872982.00,22.22,4.9,17.32,3.54,60.77920386,60.05385801,101.84,743.41,742.28
2023-04-21,2023,April,4,16,Friday,738.25,-0.002823027258,-2.09,734.75,460.47,85.5,34425893510.00,0.00,22.22,4.9,17.32,3.57,60.32531978,59.56522683,101.82,740.34,740.67
2023-04-24,2023,April,5,17,Monday,742.07,0.005176656508,3.82,735.75,460.47,85.5,34425893510.00,0.00,22.22,4.9,17.32,3.52,61.15526889,59.78239625,101.35,738.25,740.22
2023-04-25,2023,April,5,17,Tuesday,740.77,-0.001758590253,-1.30,737.25,460.47,84.22,34437661309.00,11767799.00,22.22,4.9,17.32,3.4,60.87186281,60.10815037,101.86,742.07,740.36
2023-04-26,2023,April,5,17,Wednesday,743.80,0.004089456869,3.03,737.25,460.47,83.94,34419300132.00,-18361177.00,22.22,4.9,17.32,3.43,61.52974135,60.10815037,101.47,740.77,742.21
2023-04-27,2023,April,5,17,Thursday,743.84,0.00005243373183,0.04,737.25,460.37,81.89,34419300132.00,0.00,22.22,4.9,17.32,3.53,61.57329974,60.14292851,101.5,743.80,742.80
2023-04-28,2023,April,5,17,Friday,741.13,-0.003641040464,-2.71,737.38,460.31,83.3,34421854488.00,2554356.00,22.22,4.9,17.32,3.44,61.00598872,60.19204449,101.66,743.84,742.92
2023-05-01,2023,May,1,18,Monday,736.86,-0.005752502946,-4.26,736.75,460.31,83.3,34421854488.00,0.00,22.41,4,18.41,3.59,60.07980129,60.0551802,102.15,741.13,740.61
2023-05-02,2023,May,1,18,Tuesday,738.15,0.001739354652,1.28,737.13,460.35,79.24,34458820133.00,36965645.00,22.41,4,18.41,3.44,60.34430325,60.12381883,101.96,736.86,738.71
2023-05-03,2023,May,1,18,Wednesday,739.90,0.00237758164,1.76,737.13,460.34,74.64,34460169982.00,1349849.00,22.41,4,18.41,3.38,60.72902637,60.12729722,101.34,738.15,738.30
2023-05-04,2023,May,1,18,Thursday,739.32,-0.0007883948281,-0.58,737.25,460.37,75.15,34475559177.00,15389195.00,22.41,4,18.41,3.37,60.59184279,60.14292851,101.4,739.90,739.12
2023-05-05,2023,May,1,18,Friday,739.72,0.0005387858157,0.40,738.5,460.5,77.68,34467169538.00,-8389639.00,22.41,4,18.41,3.44,60.6330076,60.36916395,101.21,739.32,739.64
2023-05-08,2023,May,2,19,Monday,742.71,0.004042097294,2.99,738.88,460.44,79.63,34454721912.00,-12447626.00,22.41,4,18.41,3.52,61.30331856,60.47259143,101.38,739.72,740.58
2023-05-09,2023,May,2,19,Tuesday,744.26,0.002089209938,1.55,740.63,460.56,75.69,34438022702.00,-16699210.00,22.41,4,18.41,3.53,61.59819929,60.81075213,101.61,742.71,742.23
2023-05-10,2023,May,2,19,Wednesday,746.43,0.002924618299,2.18,742.38,460.57,77.35,34426000472.00,-12022230.00,22.41,4,18.41,3.43,62.06729343,61.18722453,101.48,744.26,744.47
2023-05-11,2023,May,2,19,Thursday,747.04,0.0008127539856,0.61,746.5,460.53,76.22,34426000472.00,0.00,22.41,4,18.41,3.39,62.2131023,62.09584609,102.06,746.43,745.91
2023-05-12,2023,May,2,19,Friday,749.11,0.002764242879,2.07,746.17,460.57,75.24,34396360094.00,-29640378.00,22.41,4,18.41,3.46,62.64737174,62.0101179,102.68,747.04,747.53
2023-05-15,2023,May,3,20,Monday,753.20,0.005468748262,4.10,746.75,460.54,75.66,34412331974.00,15971880.00,22.41,4,18.41,3.5,63.54750221,62.1466105,102.43,749.11,749.78
2023-05-16,2023,May,3,20,Tuesday,752.38,-0.001086473078,-0.82,747.75,460.7,75.37,34419060716.00,6728742.00,22.41,4,18.41,3.54,63.31307431,62.30735837,102.56,753.20,751.56
2023-05-17,2023,May,3,20,Wednesday,756.80,0.005870234588,4.42,749.5,460.86,76.32,34425775945.00,6715229.00,22.41,4,18.41,3.57,64.21472898,62.63073385,102.88,752.38,754.13
2023-05-18,2023,May,3,20,Thursday,763.32,0.00862132054,6.52,751.38,460.84,76.06,34412042485.00,-13733460.00,22.41,4,18.41,3.65,65.637665,63.04574256,103.58,756.80,757.50
2023-05-19,2023,May,3,20,Friday,765.12,0.002357673647,1.80,754.13,460.81,76.68,34435600005.00,23557520.00,22.41,4,18.41,3.7,66.03899345,63.65313253,103.2,763.32,761.75
2023-05-22,2023,May,4,21,Monday,763.80,-0.00172707702,-1.32,759.63,460.78,77.93,34432100545.00,-3499460.00,22.41,4,18.41,3.72,65.76302295,64.85741569,103.2,765.12,764.08
2023-05-23,2023,May,4,21,Tuesday,764.81,0.001318590063,1.01,761.13,460.81,79.11,34427899286.00,-4201259.00,22.41,4,18.41,3.7,65.97079056,65.17219678,103.49,763.80,764.58
2023-05-24,2023,May,4,21,Wednesday,769.70,0.006395197645,4.89,763.5,460.81,79.89,34427899286.00,0.00,22.41,4,18.41,3.73,67.03220657,65.68650854,103.89,764.81,766.10
2023-05-25,2023,May,4,21,Thursday,772.88,0.004130030271,3.18,765,460.95,77.73,34409070414.00,-18828872.00,22.41,4,18.41,3.83,67.671114,65.96160104,104.25,769.70,769.13
2023-05-26,2023,May,4,21,Friday,770.92,-0.002538557085,-1.96,767.5,461.06,78.52,34400415868.00,-8654546.00,22.41,4,18.41,3.8,67.20556977,66.46423459,104.21,772.88,771.17
2023-05-29,2023,May,5,22,Monday,758.63,-0.01593480574,-12.28,764.75,461.06,78.52,34400415868.00,0.00,22.41,4,18.41,3.8,64.5411815,65.86778293,104.21,770.92,767.48
2023-05-30,2023,May,5,22,Tuesday,757.94,-0.0009081539097,-0.69,762.38,461.1,76.25,34355174660.00,-45241208.00,22.41,4,18.41,3.69,64.37749195,65.33940577,104.17,758.63,762.50
2023-05-31,2023,May,5,22,Wednesday,755.64,-0.003042261054,-2.31,755.38,461.26,74.75,34355174660.00,0.00,22.41,4,18.41,3.64,63.82056758,63.76447123,104.33,757.94,757.41
2023-06-01,2023,June,1,22,Thursday,742.95,-0.0167915947,-12.69,751.63,461.42,76.6,34355174660.00,0.00,22.79,3,19.79,3.61,61.01390715,62.89497638,103.56,755.64,752.18
2023-06-02,2023,June,1,22,Friday,751.78,0.01188623087,8.83,749.13,461.55,77.88,34286263752.00,-68910908.00,22.79,3,19.79,3.69,62.88186545,62.30744231,104.02,742.95,750.12
2023-06-05,2023,June,2,23,Monday,754.82,0.00403826626,3.04,750,461.68,79.42,34217181774.00,-69081978.00,22.79,3,19.79,3.69,63.49357626,62.45018194,104,751.78,749.85
2023-06-06,2023,June,2,23,Tuesday,760.75,0.007854314763,5.93,754.63,461.78,78.48,34188247532.00,-28934242.00,22.79,3,19.79,3.7,64.7420231,63.41764477,104.13,754.82,755.78
2023-06-07,2023,June,2,23,Wednesday,766.50,0.007569981744,5.76,759,462.17,79.35,34150906711.00,-37340821.00,22.79,3,19.79,3.79,65.84904807,64.22528507,104.1,760.75,760.69
2023-06-08,2023,June,2,23,Thursday,763.24,-0.004256394139,-3.26,763.83,462.4,78.31,34117916133.00,-32990578.00,22.79,3,19.79,3.73,65.06098616,65.18814879,103.34,766.50,763.50
2023-06-09,2023,June,2,23,Friday,760.90,-0.003073402669,-2.35,766.5,462.88,78.25,34082406332.00,-35509801.00,22.79,3,19.79,3.75,64.38304744,65.59367439,103.56,763.24,763.55
2023-06-12,2023,June,3,24,Monday,758.65,-0.002953753551,-2.25,766.5,462.88,78.25,34082406332.00,0.00,22.79,3,19.79,3.73,63.89750043,65.59367439,103.65,760.90,760.93
2023-06-13,2023,June,3,24,Tuesday,760.48,0.002408558638,1.83,763.33,462.88,76.21,33963362138.00,-119044194.00,22.79,3,19.79,3.84,64.29225717,64.90883166,103.34,758.65,760.01
2023-06-14,2023,June,3,24,Wednesday,761.55,0.001408985951,1.07,758,632.27,76.28,33928860817.00,-34501321.00,22.79,3,19.79,3.83,20.44656555,19.88549196,102.95,760.48,760.22
2023-06-15,2023,June,3,24,Thursday,763.52,0.002584868311,1.97,757,588.95,77.04,33892344193.00,-36516624.00,22.79,3,19.79,3.72,29.64020715,28.53383139,102.11,761.55,761.85
2023-06-16,2023,June,3,24,Friday,762.54,-0.001275022396,-0.97,757.5,645.49,78.13,33864024498.00,-28319695.00,22.79,3,19.79,3.77,18.13389828,17.35270879,102.24,763.52,762.54
2023-06-19,2023,June,4,25,Monday,762.69,0.0001960546461,0.15,756.5,641.36,78.39,33764613308.00,-99411190.00,22.79,3,19.79,3.77,18.91792441,17.95247599,102.52,762.54,762.92
2023-06-20,2023,June,4,25,Tuesday,765.44,0.003605649463,2.75,754.33,704.79,77.05,33720777632.00,-43835676.00,22.79,3,19.79,3.74,8.605683963,7.029044112,102.54,762.69,763.56
2023-06-21,2023,June,4,25,Wednesday,769.38,0.005141007231,3.94,762.88,713.86,78.96,33670316174.00,-50461458.00,22.79,3,19.79,3.72,7.777035113,6.866892668,102.07,765.44,765.84
2023-06-22,2023,June,4,25,Thursday,774.25,0.00633206494,4.87,766.17,753.01,75.97,33625100618.00,-45215556.00,22.79,3,19.79,3.8,2.820532116,1.747652754,102.39,769.38,769.69
2023-06-23,2023,June,4,25,Friday,772.11,-0.002762534011,-2.14,769.5,742.77,75.25,33580229256.00,-44871362.00,22.79,3,19.79,3.74,3.950078759,3.598691385,102.9,774.25,771.91
2023-06-26,2023,June,5,26,Monday,771.04,-0.001388403207,-1.07,770,753.44,75.64,33494821022.00,-85408234.00,22.79,3,19.79,3.72,2.335686982,2.197918879,102.69,772.11,772.47
2023-06-27,2023,June,5,26,Tuesday,771.78,0.0009655814629,0.74,770.33,759.28,75.01,33466941757.00,-27879265.00,22.79,3,19.79,3.77,1.646625751,1.455326098,102.49,771.04,771.64
2023-06-28,2023,June,5,26,Wednesday,771.00,-0.001013886684,-0.78,770.5,759.28,75.01,33466941757.00,0.00,22.79,3,19.79,3.71,1.54356759,1.477715731,102.91,771.78,771.27
2023-06-29,2023,June,5,26,Thursday,772.08,0.001404020752,1.08,770.5,759.28,75.01,33466941757.00,0.00,22.79,3,19.79,3.85,1.686136867,1.477715731,103.34,771.00,771.62
2023-06-30,2023,June,5,26,Friday,773.39,0.00169088148,1.31,769.83,770.38,76.22,33391908137.00,-75033620.00,22.79,3,19.79,3.81,0.3904566578,-0.07139333835,102.91,772.08,772.16
2023-07-03,2023,July,2,27,Monday,775.62,0.002882770356,2.23,771.5,746.39,77.76,33289715989.00,-102192148.00,24.08,3.2,20.88,3.86,3.915848283,3.364192982,102.99,773.39,773.70
2023-07-04,2023,July,2,27,Tuesday,779.81,0.005398924083,4.19,774.67,758.13,78.33,33357155450.00,67439461.00,24.08,3.2,20.88,3.86,2.859008349,2.18168388,103.04,775.62,776.27
2023-07-05,2023,July,2,27,Wednesday,787.05,0.009285654747,7.24,780.67,756.1,78.78,33337803000.00,-19352450.00,24.08,3.2,20.88,3.95,4.092844862,3.249570163,103.37,779.81,780.82
2023-07-06,2023,July,2,27,Thursday,787.31,0.0003386079086,0.27,789.5,760.28,77.39,33328338942.00,-9464058.00,24.08,3.2,20.88,4.05,3.555597938,3.843320882,103.17,787.05,784.72
2023-07-07,2023,July,2,27,Friday,788.60,0.001632769707,1.29,792.5,786.68,79.7,33329849559.00,1510617.00,24.08,3.2,20.88,4.06,0.243809427,0.7398179692,102.27,787.31,787.65
2023-07-10,2023,July,3,28,Monday,794.51,0.007500019021,5.91,792.75,746.62,80.43,33345689839.00,15840280.00,24.08,3.2,20.88,4.01,6.414575018,6.178511157,101.97,788.60,790.14
2023-07-11,2023,July,3,28,Tuesday,798.86,0.005474197299,4.35,795.38,785.53,81.5,33334224152.00,-11465687.00,24.08,3.2,20.88,3.99,1.697174924,1.253930467,101.73,794.51,793.99
2023-07-12,2023,July,3,28,Wednesday,808.00,0.011440045,9.14,804,785.85,82.48,33324410645.00,-9813507.00,24.08,3.2,20.88,3.86,2.818710102,2.309601069,100.52,798.86,800.46
2023-07-13,2023,July,3,28,Thursday,813.50,0.006799704208,5.49,808.25,770.98,82.74,33310963462.00,-13447183.00,24.08,3.2,20.88,3.76,5.514410231,4.83410724,99.77,808.00,806.79
2023-07-14,2023,July,3,28,Friday,817.01,0.004318130754,3.51,814.25,775.173,82.4,33300947473.00,-10015989.00,24.08,3.2,20.88,3.83,5.39683113,5.041068252,99.91,813.50,812.83
2023-07-17,2023,July,4,29,Monday,822.76,0.007045842271,5.76,818.75,772.311,80.66,33300947473.00,0.00,24.08,3.2,20.88,3.81,6.53276798,6.012992175,99.84,817.01,817.76
2023-07-18,2023,July,4,29,Tuesday,834.77,0.01458671551,12.00,825,781.809,81.73,33257062386.00,-43885087.00,24.08,3.2,20.88,3.8,6.773612773,5.524495113,99.94,822.76,824.85
2023-07-19,2023,July,4,29,Wednesday,850.40,0.01873447942,15.64,843.88,790.01,82.55,33241666101.00,-15396285.00,24.08,3.2,20.88,3.75,7.644791254,6.818901027,100.28,834.77,835.98
2023-07-20,2023,July,4,29,Thursday,859.87,0.0111318594,9.47,854.5,773.425,81.44,33233539755.00,-8126346.00,24.08,3.2,20.88,3.85,11.17706306,10.48259366,100.88,850.40,848.35
2023-07-21,2023,July,4,29,Friday,845.44,-0.01677845602,-14.43,860.63,770.389,82.57,33225678012.00,-7861743.00,24.08,3.2,20.88,3.84,9.742466324,11.71369269,101.07,859.87,851.91
2023-07-24,2023,July,5,30,Monday,859.36,0.01645927898,13.92,861.5,781.854,84.56,33225678012.00,0.00,24.08,3.2,20.88,3.86,9.913012623,10.18681237,101.35,845.44,854.89
2023-07-25,2023,July,5,30,Tuesday,863.31,0.004593400011,3.95,863.25,788.424,84.95,33201329257.00,-24348755.00,24.08,3.2,20.88,3.91,9.497766007,9.490578673,101.35,859.36,856.04
2023-07-26,2023,July,5,30,Wednesday,861.93,-0.001600435535,-1.38,863.25,744.497,86.54,33202109204.00,779947.00,24.08,3.2,20.88,3.86,15.77279694,15.95076945,100.89,863.31,861.53
2023-07-27,2023,July,5,30,Thursday,868.09,0.007156075065,6.17,865.25,774.777,86.8,33204012316.00,1903112.00,24.08,3.2,20.88,4.01,12.04423983,11.67729553,101.77,861.93,864.44
2023-07-28,2023,July,5,30,Friday,870.25,0.002489364619,2.16,864.75,759.396,86.35,33205862744.00,1850428.00,24.08,3.2,20.88,3.96,14.59818066,13.87339412,101.62,868.09,866.76
2023-07-31,2023,July,6,31,Monday,868.26,-0.002289369923,-1.99,864.38,757.522,87.98,33205862744.00,0.00,24.08,3.2,20.88,3.97,14.61867334,14.10625698,101.86,870.25,868.87
2023-08-01,2023,August,1,31,Tuesday,871.16,0.003338087405,2.90,866.75,775.355,87.98,33200136323.00,-5726421.00,25.8,3.7,22.1,4.05,12.35627551,11.78750379,102.3,868.26,869.89
2023-08-02,2023,August,1,31,Wednesday,878.51,0.008441126118,7.35,871.25,741.165,86.79,33220316411.00,20180088.00,25.8,3.7,22.1,4.08,18.53144326,17.55142242,102.59,871.16,872.65
2023-08-03,2023,August,1,31,Thursday,880.93,0.002752010498,2.42,881,766.449,88.71,33181577471.00,-38738940.00,25.8,3.7,22.1,4.2,14.93670812,14.94567806,102.54,878.51,876.87
2023-08-04,2023,August,1,31,Friday,882.80,0.002124172573,1.87,888.75,750.115,89.86,33182548076.00,970605.00,25.8,3.7,22.1,4.05,17.68895436,18.48183279,102.02,880.93,880.75
2023-08-07,2023,August,2,32,Monday,889.26,0.007309109342,6.45,890.75,761.944,89.21,33185951076.00,3403000.00,25.8,3.7,22.1,4.09,16.70870825,16.9049169,102.05,882.80,884.33
2023-08-08,2023,August,2,32,Tuesday,900.34,0.01246958,11.09,895.88,768.267,89.6,33169575118.00,-16375958.00,25.8,3.7,22.1,4.02,17.19150196,16.6105013,102.53,889.26,890.80
2023-08-09,2023,August,2,32,Wednesday,914.13,0.01531168194,13.79,909.25,776.663,91.53,33148992110.00,-20583008.00,25.8,3.7,22.1,4,17.69962156,17.07136815,102.49,900.34,901.24
2023-08-10,2023,August,2,32,Thursday,933.62,0.02132185313,19.49,936.5,778.127,90.94,33136261268.00,-12730842.00,25.8,3.7,22.1,4.09,19.9830291,20.35310431,102.52,914.13,916.03
2023-08-11,2023,August,2,32,Friday,923.13,-0.01123762803,-10.49,943.13,746.949,90.98,33121490884.00,-14770384.00,25.8,3.7,22.1,4.16,23.5865724,26.26430988,102.84,933.62,923.63
2023-08-14,2023,August,3,33,Monday,939.45,0.01768045336,16.32,940,748.55,90.43,33110606709.00,-10884175.00,25.8,3.7,22.1,4.19,25.50263843,25.57611382,103.19,923.13,932.07
2023-08-15,2023,August,3,33,Tuesday,933.56,-0.006269625845,-5.89,937.63,784.892,88.94,33094974862.00,-15631847.00,25.8,3.7,22.1,4.21,18.94120465,19.45974733,103.21,939.45,932.05
2023-08-16,2023,August,3,33,Wednesday,896.56,-0.03963517951,-37.00,898,766.967,88.73,33082564046.00,-12410816.00,25.8,3.7,22.1,4.28,16.89657858,17.08456818,103.43,933.56,923.19
2023-08-17,2023,August,3,33,Thursday,877.12,-0.02167996331,-19.44,853.75,745.431,88.64,33070035418.00,-12528628.00,25.8,3.7,22.1,4.3,17.66626735,14.53105653,103.57,896.56,902.41
2023-08-18,2023,August,3,33,Friday,840.58,-0.04165883644,-36.54,849.38,744.135,88.34,33056154425.00,-13880993.00,25.8,3.7,22.1,4.26,12.96082028,14.14326701,103.57,877.12,871.42
2023-08-21,2023,August,4,34,Monday,876.31,0.04250908994,35.73,857.5,761.29,88.94,33024308626.00,-31845799.00,25.8,3.7,22.1,4.34,15.10900358,12.63775959,103.3,840.58,864.67
2023-08-22,2023,August,4,34,Tuesday,894.65,0.02092478337,18.34,883.13,755.77,87.68,33012958386.00,-11350240.00,25.8,3.7,22.1,4.34,18.37596094,16.85168768,103.3,876.31,870.51
2023-08-23,2023,August,4,34,Wednesday,907.89,0.01479628905,13.24,893.13,754.712,88.23,32999597935.00,-13360451.00,25.8,3.7,22.1,4.19,20.2958877,18.34050605,103.56,894.65,892.95
2023-08-24,2023,August,4,34,Thursday,909.99,0.002314242049,2.10,900.63,771.336,88.11,32989196512.00,-10401423.00,25.8,3.7,22.1,4.23,17.97563856,16.76234481,103.98,907.89,904.18
2023-08-25,2023,August,4,34,Friday,913.83,0.004218406054,3.84,909.25,774.396,89.35,32978126690.00,-11069822.00,25.8,3.7,22.1,4.25,18.00516438,17.41408788,103.98,909.99,910.57
2023-08-28,2023,August,5,35,Monday,923.06,0.01009788999,9.23,911.75,772.465,89.17,32930258570.00,-47868120.00,25.8,3.7,22.1,4.2,19.49473439,18.03123766,104.06,913.83,915.62
2023-08-29,2023,August,5,35,Tuesday,922.39,-0.0007180263124,-0.66,916.13,773.499,90.05,32902630704.00,-27627866.00,25.8,3.7,22.1,4.12,19.24931024,18.43971356,103.53,923.06,919.76
2023-08-30,2023,August,5,35,Wednesday,918.12,-0.004635290121,-4.28,917.5,741.768,90.13,32875419819.00,-27210885.00,25.8,3.7,22.1,4.12,23.77410008,23.69096537,103.16,922.39,921.19
2023-08-31,2023,August,5,35,Thursday,919.33,0.001321545918,1.21,915.38,757.023,91.37,33208417499.00,332997680.00,25.8,3.7,22.1,4.09,21.4401676,20.91838689,103.62,918.12,919.95
2023-09-01,2023,September,1,35,Friday,918.28,-0.001141048372,-1.05,913.5,740.49,93.51,32824729025.00,-383688474.00,26.72,3.7,23.02,4.18,24.00991236,23.3642588,104.24,919.33,918.58
2023-09-04,2023,September,2,36,Monday,922.16,0.004218752212,3.87,914.38,761.029,94.55,32718867537.00,-105861488.00,26.72,3.7,23.02,4.18,21.17212353,20.15048047,104.11,918.28,919.92
2023-09-05,2023,September,2,36,Tuesday,926.14,0.004321399331,3.99,918,754.362,96.08,32688081795.00,-30785742.00,26.72,3.7,23.02,4.27,22.77129548,21.69223794,104.81,922.16,922.19
2023-09-06,2023,September,2,36,Wednesday,924.83,-0.001417417748,-1.31,920,785.032,95.53,32651688830.00,-36392965.00,26.72,3.7,23.02,4.3,17.80758908,17.19267495,104.86,926.14,924.37
2023-09-07,2023,September,2,36,Thursday,930.45,0.006077056158,5.62,922.75,748.355,95.9,32651688830.00,0.00,26.72,3.7,23.02,4.27,24.332369,23.30377962,105.06,924.83,927.14
2023-09-08,2023,September,2,36,Friday,934.68,0.00455127476,4.23,923.63,738.043,96.29,32592958231.00,-58730599.00,26.72,3.7,23.02,4.26,26.64332867,25.14582484,105.09,930.45,929.99
2023-09-11,2023,September,3,37,Monday,939.04,0.004659634766,4.36,924.75,770.825,96.05,32565221047.00,-27737184.00,26.72,3.7,23.02,4.29,21.82239808,19.96886453,104.57,934.68,934.72
2023-09-12,2023,September,3,37,Tuesday,943.34,0.004577559469,4.30,926.25,746.679,97.98,32567769225.00,2548178.00,26.72,3.7,23.02,4.27,26.33755603,24.04929026,104.71,939.04,939.02
2023-09-13,2023,September,3,37,Wednesday,951.73,0.008895179297,8.39,936.25,768.692,97.42,32570967802.00,3198577.00,26.72,3.7,23.02,4.25,23.81124597,21.79780718,104.77,943.34,944.70
2023-09-14,2023,September,3,37,Thursday,956.32,0.004824645452,4.59,945,768.236,98.94,32579628992.00,8661190.00,26.72,3.7,23.02,4.29,24.48243624,23.00907534,105.41,951.73,950.46
2023-09-15,2023,September,3,37,Friday,963.41,0.007413844987,7.09,951.88,760.432,99.53,32575269445.00,-4359547.00,26.72,3.7,23.02,4.33,26.69231291,25.17621562,105.32,956.32,957.15
2023-09-18,2023,September,4,38,Monday,966.13,0.0028256146,2.72,956.25,775.832,100.48,32564424612.00,-10844833.00,26.72,3.7,23.02,4.32,24.5283916,23.25477681,105.2,963.41,961.95
2023-09-19,2023,September,4,38,Tuesday,974.77,0.008939147896,8.64,959.63,770.771,101.14,32558289294.00,-6135318.00,26.72,3.7,23.02,4.37,26.46655102,24.50260843,105.2,966.13,968.10
2023-09-20,2023,September,4,38,Wednesday,986.28,0.01180677817,11.51,973.75,767.934,100.16,32553322643.00,-4966651.00,26.72,3.7,23.02,4.35,28.43243868,26.80126157,105.2,974.77,975.72
2023-09-21,2023,September,4,38,Thursday,986.87,0.000598516858,0.59,985,737.72,98.84,32551560993.00,-1761650.00,26.72,3.7,23.02,4.49,33.77252435,33.51949249,105.36,986.28,982.64
2023-09-22,2023,September,4,38,Friday,991.20,0.004392790015,4.34,990.63,756.955,98.64,32546654203.00,-4906790.00,26.72,3.7,23.02,4.44,30.94593004,30.8703952,105.58,986.87,988.11
2023-09-25,2023,September,5,39,Monday,1000.50,0.009376615315,9.29,994.13,756.955,97.96,32525171801.00,-21482402.00,26.72,3.7,23.02,4.55,32.17375965,31.33277408,106,991.20,992.85
2023-09-26,2023,September,5,39,Tuesday,1010.43,0.009931801338,9.94,995.63,778.102,98.42,32513606317.00,-11565484.00,26.72,3.7,23.02,4.56,29.85863148,27.95623196,106.23,1000.50,1000.71
2023-09-27,2023,September,5,39,Wednesday,1013.48,0.003013373315,3.04,997.5,778.102,101.76,32513606317.00,0.00,26.72,3.7,23.02,4.61,30.24994401,28.19656035,106.67,1010.43,1008.14
2023-09-28,2023,September,5,39,Thursday,1003.95,-0.009396236876,-9.52,1001.38,766.967,101.73,32501215531.00,-12390786.00,26.72,3.7,23.02,4.59,30.8993145,30.56363572,106.22,1013.48,1009.29
2023-09-29,2023,September,5,39,Friday,1002.09,-0.001857201069,-1.86,1003,768.76,100.42,32494015373.00,-7200158.00,26.72,3.7,23.02,4.59,30.3514751,30.46984755,106.22,1003.95,1006.51
2023-10-02,2023,October,1,40,Monday,998.98,-0.003107255835,-3.11,1000.25,768.76,100.42,32494015373.00,0.00,27.33,3.2,24.13,4.69,29.94643972,30.11212862,106.9,1002.09,1001.67
2023-10-03,2023,October,1,40,Tuesday,997.22,-0.001756798522,-1.75,997.88,747.101,99.33,32472548308.00,-21467065.00,27.33,3.2,24.13,4.81,33.47877329,33.56694744,107,998.98,999.43
2023-10-04,2023,October,1,40,Wednesday,1003.92,0.006714909054,6.70,995.88,762.043,96.55,32470079654.00,-2468654.00,27.33,3.2,24.13,4.73,31.74026925,30.68553874,106.8,997.22,1000.04
2023-10-05,2023,October,1,40,Thursday,1006.82,0.002895442817,2.91,994.38,772.04,93.48,32467481047.00,-2598607.00,27.33,3.2,24.13,4.72,30.41089655,28.79902596,106.33,1003.92,1002.65
2023-10-06,2023,October,1,40,Friday,1012.12,0.005260923353,5.30,994.88,759.208,92.42,32459793039.00,-7688008.00,27.33,3.2,24.13,4.78,33.31275633,31.04182253,106.04,1006.82,1007.62
2023-10-09,2023,October,2,41,Monday,1016.14,0.003966524491,4.01,1001.25,763.532,95.83,32459793039.00,0.00,27.33,3.2,24.13,4.78,33.08357925,31.13399307,106.08,1012.12,1011.69
2023-10-10,2023,October,2,41,Tuesday,1026.97,0.01066224281,10.83,1009.75,759.993,95.24,32444067997.00,-15725042.00,27.33,3.2,24.13,4.66,35.12887619,32.86306584,105.83,1016.14,1018.41
2023-10-11,2023,October,2,41,Wednesday,1038.37,0.01109574768,11.40,1025,768.599,91.97,32442153455.00,-1914542.00,27.33,3.2,24.13,4.58,35.09840632,33.35952818,105.82,1026.97,1027.16
2023-10-12,2023,October,2,41,Thursday,1046.31,0.007651452042,7.95,1038.13,770.008,93.79,32439845182.00,-2308273.00,27.33,3.2,24.13,4.7,35.88300381,34.82067719,106.6,1038.37,1037.22
2023-10-13,2023,October,2,41,Friday,1089.18,0.04097438117,42.87,1044,765.426,97.75,32434741235.00,-5103947.00,27.33,3.2,24.13,4.63,42.29747941,36.39463514,106.65,1046.31,1057.95
2023-10-16,2023,October,3,42,Monday,1049.56,-0.03638111741,-39.63,1044,764.741,96.4,32434928846.00,187611.00,27.33,3.2,24.13,4.71,37.24336082,36.51680765,106.65,1089.18,1061.68
2023-10-17,2023,October,3,42,Tuesday,1066.51,0.01615472107,16.96,1050.75,774.936,95.3,32437782822.00,2853976.00,27.33,3.2,24.13,4.83,37.62575728,35.59184242,106.25,1049.56,1068.42
2023-10-18,2023,October,3,42,Wednesday,1104.79,0.03588951939,38.28,1085,883.06,96.46,32441920491.00,4137669.00,27.33,3.2,24.13,4.91,25.10906677,22.86820828,106.56,1066.51,1073.62
2023-10-19,2023,October,3,42,Thursday,1153.38,0.043984705,48.59,1132.5,859.732,96.13,32449474241.00,7553750.00,27.33,3.2,24.13,4.98,34.15598172,31.72709635,106.25,1104.79,1108.23
2023-10-20,2023,October,3,42,Friday,1183.44,0.02605938974,30.06,1161.88,832.078,98.94,32456030016.00,6555775.00,27.33,3.2,24.13,4.93,42.22685053,39.63594759,106.16,1153.38,1147.20
2023-10-23,2023,October,4,43,Monday,1210.84,0.02315681848,27.40,1211.25,795.426,97.44,32485312221.00,29282205.00,27.33,3.2,24.13,4.86,52.22572559,52.27689314,105.54,1183.44,1182.55
2023-10-24,2023,October,4,43,Tuesday,1248.51,0.03110807925,37.67,1276.5,824.427,91.69,32498005268.00,12693047.00,27.33,3.2,24.13,4.83,51.43972723,54.83481254,106.27,1210.84,1214.26
2023-10-25,2023,October,4,43,Wednesday,1280.17,0.02536156432,31.66,1296.88,802.71,92.43,32511116929.00,13111661.00,27.33,3.2,24.13,4.95,59.48152716,61.56270633,106.53,1248.51,1246.51
2023-10-26,2023,October,4,43,Thursday,1263.13,-0.01331589647,-17.05,1294.38,799.236,93.2,32530431243.00,19314314.00,27.33,3.2,24.13,4.86,58.04186748,61.95216432,106.6,1280.17,1263.94
2023-10-27,2023,October,4,43,Friday,1164.86,-0.07779697616,-98.27,1225.63,786.48,92.81,32540996878.00,10565635.00,27.33,3.2,24.13,4.84,48.11056861,55.8374021,106.56,1263.13,1236.05
2023-10-30,2023,October,5,44,Monday,1161.62,-0.002779303951,-3.24,1188.75,909.428,92.34,32580265555.00,39268677.00,27.33,3.2,24.13,4.88,27.7311123,30.71403124,106.12,1164.86,1196.54
2023-10-31,2023,October,5,44,Tuesday,1175.88,0.01227306347,14.26,1209.38,824.994,93.8,32605293232.00,25027677.00,27.33,3.2,24.13,4.88,42.53184468,46.59258128,106.66,1161.62,1167.45
2023-11-01,2023,November,1,44,Wednesday,1160.29,-0.0132574563,-15.59,1193.75,815.516,92.28,32605293232.00,0.00,28.2,3.1,25.1,4.77,42.27679163,46.37971542,106.88,1175.88,1165.93
2023-11-02,2023,November,1,44,Thursday,1074.20,-0.07420127727,-86.10,1166.88,806.773,92.46,32605293232.00,0.00,28.2,3.1,25.1,4.67,33.14711821,44.63547987,106.12,1160.29,1136.79
2023-11-03,2023,November,1,44,Friday,1007.24,-0.06233305605,-66.96,1058.13,783.174,91.8,32650342589.00,45049357.00,28.2,3.1,25.1,4.57,28.60962479,35.10790706,105.02,1074.20,1080.57
2023-11-06,2023,November,2,45,Monday,1035.70,0.02825886998,28.46,1010,786.59,92.04,32626190123.00,-24152466.00,28.2,3.1,25.1,4.67,31.66967878,28.4023443,105.22,1007.24,1039.04
2023-11-07,2023,November,2,45,Tuesday,1058.44,0.02195337375,22.74,1046.88,803.31,88.46,32622377784.00,-3812339.00,28.2,3.1,25.1,4.58,31.75955074,30.3207977,105.54,1035.70,1033.79
2023-11-08,2023,November,2,45,Wednesday,1121.96,0.06001678019,63.52,1142.5,858.828,86.91,32624324249.00,1946465.00,28.2,3.1,25.1,4.49,30.63869211,33.03012943,105.59,1058.44,1072.03
2023-11-09,2023,November,2,45,Thursday,1108.57,-0.0119323744,-13.39,1135.63,964.758,86.96,32612781208.00,-11543041.00,28.2,3.1,25.1,4.62,14.90695076,17.71138462,105.91,1121.96,1096.32
2023-11-10,2023,November,2,45,Friday,1091.82,-0.01511697524,-16.76,1110,800.995,88.06,32598370175.00,-14411033.00,28.2,3.1,25.1,4.61,36.30743192,38.57764406,105.86,1108.57,1107.45
2023-11-13,2023,November,3,46,Monday,1128.56,0.03365327511,36.74,1128,845.442,88.5,32598370175.00,0.00,28.2,3.1,25.1,4.63,33.48744076,33.42133464,105.63,1091.82,1109.65
2023-11-14,2023,November,3,46,Tuesday,1122.13,-0.005696547121,-6.43,1131.25,843.581,89.63,32550890284.00,-47479891.00,28.2,3.1,25.1,4.44,33.01982856,34.10093399,104.05,1128.56,1114.17
2023-11-15,2023,November,3,46,Wednesday,1132.28,0.009045297782,10.15,1130,827.3351,87.36,32546047689.00,-4842595.00,28.2,3.1,25.1,4.53,36.85869245,36.58310883,104.39,1122.13,1127.66
2023-11-16,2023,November,3,46,Thursday,1128.88,-0.003002790829,-3.40,1130,840.0416,79.85,32541083542.00,-4964147.00,28.2,3.1,25.1,4.45,34.38382099,34.51714772,104.35,1132.28,1127.76
2023-11-17,2023,November,3,46,Friday,1129.85,0.0008592587343,0.97,1130.63,820.183,82.1,32532864403.00,-8219139.00,28.2,3.1,25.1,4.44,37.75584229,37.85094302,103.92,1128.88,1130.34
2023-11-20,2023,November,4,47,Monday,1135.12,0.004664335974,5.27,1134.38,817.7469,85.36,32532864403.00,0.00,28.2,3.1,25.1,4.42,38.81067602,38.72018347,103.44,1129.85,1131.28
2023-11-21,2023,November,4,47,Tuesday,1139.79,0.004114102474,4.67,1138.13,804.393,83.52,32485200026.00,-47664377.00,28.2,3.1,25.1,4.41,41.69566369,41.4892969,103.56,1135.12,1134.92
2023-11-22,2023,November,4,47,Wednesday,1147.79,0.00701445003,7.99,1151.88,837.9892,80.86,32463281625.00,-21918401.00,28.2,3.1,25.1,4.42,36.968949,37.45761879,103.92,1139.79,1140.90
2023-11-23,2023,November,4,47,Thursday,1147.79,0,0.00,1155,837.9892,82.33,32440339612.00,-22942013.00,28.2,3.1,25.1,4.42,36.968949,37.82993862,103.92,1147.79,1145.12
2023-11-24,2023,November,4,47,Friday,1150.92,0.00273134777,3.14,1150.63,805.608,81.65,32409835026.00,-30504586.00,28.2,3.1,25.1,4.47,42.86352668,42.82752902,103.4,1147.79,1148.83
2023-11-27,2023,November,5,48,Monday,1159.45,0.007411462135,8.53,1152.88,820.56,79.94,32334803637.00,-75031389.00,28.2,3.1,25.1,4.39,41.29984401,40.4991713,103.2,1150.92,1152.72
2023-11-28,2023,November,5,48,Tuesday,1159.45,0,0.00,1154.75,820.56,81.93,32308543900.00,-26259737.00,28.2,3.1,25.1,4.34,41.29984401,40.72706444,102.75,1159.45,1156.61
2023-11-29,2023,November,5,48,Wednesday,1157.00,-0.002113070853,-2.45,1155,823.262,82.11,32285280737.00,-23263163.00,28.2,3.1,25.1,4.27,40.538492,40.29555597,102.77,1159.45,1158.63
2023-11-30,2023,November,5,48,Thursday,1166.39,0.008112935753,9.39,1157.5,942.117,82.6,32245818306.00,-39462431.00,28.2,3.1,25.1,4.37,23.80486359,22.86159787,103.5,1157.00,1160.95
2023-12-01,2023,December,1,48,Friday,1157.55,-0.007576103979,-8.84,1160.13,952.639,81.09,32212850183.00,-32968123.00,28.92,3.4,25.52,4.22,21.50982691,21.78065353,103.27,1166.39,1160.31
2023-12-04,2023,December,2,49,Monday,1157.00,-0.0004751414626,-0.55,1162.5,816.455,78.48,32130738389.00,-82111794.00,28.92,3.4,25.52,4.28,41.71019836,42.38384234,103.71,1157.55,1160.31
2023-12-05,2023,December,2,49,Tuesday,1164.90,0.006828003457,7.90,1163.75,951.941,78.34,32130738389.00,0.00,28.92,3.4,25.52,4.18,22.3710293,22.25022349,104.05,1157.00,1159.82
2023-12-06,2023,December,2,49,Wednesday,1171.69,0.005828826509,6.79,1163.75,886.658,74.74,32129572920.00,-1165469.00,28.92,3.4,25.52,4.12,32.14678038,31.25128291,104.15,1164.90,1164.53
2023-12-07,2023,December,2,49,Thursday,1178.04,0.005419522229,6.35,1172.25,886.658,74.48,32127791832.00,-1781088.00,28.92,3.4,25.52,4.14,32.8629528,32.20993889,103.54,1171.69,1171.54
2023-12-08,2023,December,2,49,Friday,1188.68,0.009027707039,10.64,1185.13,1012.62,75.99,32112672773.00,-15119059.00,28.92,3.4,25.52,4.23,17.38608757,17.03600561,104.01,1178.04,1179.47
2023-12-11,2023,December,3,50,Monday,1208.18,0.01641113004,19.51,1198.75,1012.62,75.75,32119101596.00,6428823.00,28.92,3.4,25.52,4.23,19.31252592,18.38103138,104.09,1188.68,1191.63
2023-12-12,2023,December,3,50,Tuesday,1221.40,0.01093772897,13.21,1217.5,848.78,78.36,32110683277.00,-8418319.00,28.92,3.4,25.52,4.2,43.9003361,43.44117439,103.86,1208.18,1206.08
2023-12-13,2023,December,3,50,Wednesday,1225.23,0.003140714894,3.84,1240.63,912.7809,75.89,32103669928.00,-7013349.00,28.92,3.4,25.52,4.04,34.23082509,35.91761177,102.87,1221.40,1218.27
2023-12-14,2023,December,3,50,Thursday,1223.16,-0.001692194684,-2.07,1235.13,869.633,78.8,32096154917.00,-7515011.00,28.92,3.4,25.52,3.92,40.65243614,42.02887885,101.96,1225.23,1223.26
2023-12-15,2023,December,3,50,Friday,1216.52,-0.005431287267,-6.64,1227.5,861.652,78.59,32084731454.00,-11423463.00,28.92,3.4,25.52,3.91,41.18422132,42.45890452,102.55,1223.16,1221.64
2023-12-18,2023,December,4,51,Monday,1217.14,0.000508281843,0.62,1221.88,855.341,80.64,32058007019.00,-26724435.00,28.92,3.4,25.52,3.95,42.2982179,42.85296741,102.56,1216.52,1218.94
2023-12-19,2023,December,4,51,Tuesday,1207.08,-0.008258464892,-10.05,1221.25,907.658,81.57,32051639326.00,-6367693.00,28.92,3.4,25.52,3.93,32.98878359,34.54957704,102.17,1217.14,1213.58
2023-12-20,2023,December,4,51,Wednesday,1179.79,-0.02260979338,-27.29,1217.63,905.894,82.87,32043420082.00,-8219244.00,28.92,3.4,25.52,3.86,30.23504169,34.41197314,102.41,1207.08,1201.34
2023-12-21,2023,December,4,51,Thursday,1186.45,0.005641735706,6.66,1214.75,840.9061,82.44,32052056609.00,8636527.00,28.92,3.4,25.52,3.89,41.09155588,44.45727056,101.84,1179.79,1191.11
2023-12-22,2023,December,4,51,Friday,1174.52,-0.01005312077,-11.93,1213.13,1039.13,81.98,32062440326.00,10383717.00,28.92,3.4,25.52,3.9,13.02916863,16.74477688,101.71,1186.45,1180.25
2023-12-25,2023,December,5,52,Monday,1180.19,0.004824665963,5.67,1206.25,1039.13,81.98,32062440326.00,0.00,28.92,3.4,25.52,3.9,13.57449661,16.08268455,101.71,1174.52,1180.38
2023-12-26,2023,December,5,52,Tuesday,1193.25,0.01106887046,13.06,1206.25,1039.13,81.98,32062440326.00,0.00,28.92,3.4,25.52,3.89,14.831638,16.08268455,101.47,1180.19,1182.65
2023-12-27,2023,December,5,52,Wednesday,1194.50,0.001047559187,1.25,1202.5,896.108,82.92,32141198197.00,78757871.00,28.92,3.4,25.52,3.79,33.29866489,34.19141443,100.99,1193.25,1189.31
2023-12-28,2023,December,5,52,Thursday,1197.83,0.002783591461,3.33,1202.5,881.531,80.94,32164718095.00,23519898.00,28.92,3.4,25.52,3.84,35.88007682,36.41040417,101.23,1194.50,1195.19
2023-12-29,2023,December,5,52,Friday,1193.00,-0.004028134327,-4.83,1202,899.393,79.4,32185371731.00,20653636.00,28.92,3.4,25.52,3.88,32.64501725,33.64569215,101.33,1197.83,1195.11
2024-01-01,2024,January,1,1,Monday,1203.65,0.008927074602,10.65,1205,899.393,79.4,32185371731.00,0.00,29.9,3.1,26.8,3.88,33.82914922,33.97925045,101.33,1193.00,1198.16
2024-01-02,2024,January,1,1,Tuesday,1210.30,0.005524861878,6.65,1211.25,913.935,77.93,32290174638.00,104802907.00,29.9,3.1,26.8,3.95,32.42736081,32.53130693,102.2,1203.65,1202.32
2024-01-03,2024,January,1,1,Wednesday,1220.31,0.008267922554,10.01,1226.88,960.412,79.03,32316261247.00,26086609.00,29.9,3.1,26.8,3.91,27.06074754,27.74517603,102.49,1210.30,1211.42
2024-01-04,2024,January,1,1,Thursday,1236.71,0.0134403374,16.40,1233.63,964.363,77.63,32314740660.00,-1520587.00,29.9,3.1,26.8,3.99,28.24092173,27.92174731,102.42,1220.31,1222.44
2024-01-05,2024,January,1,1,Friday,1231.65,-0.004089890257,-5.06,1233.38,877.529,80.16,32314272951.00,-467709.00,29.9,3.1,26.8,4.05,40.35433587,40.55148035,102.41,1236.71,1229.55
2024-01-08,2024,January,2,2,Monday,1236.15,0.003653635367,4.50,1236.13,854.454,77.32,32314512162.00,239211.00,29.9,3.1,26.8,4.01,44.67133397,44.6689933,102.21,1231.65,1234.84
2024-01-09,2024,January,2,2,Tuesday,1239.22,0.002483517372,3.07,1237.63,951.992,80.12,32315194894.00,682732.00,29.9,3.1,26.8,4.02,30.17126194,30.00424373,102.57,1236.15,1235.67
2024-01-10,2024,January,2,2,Wednesday,1247.29,0.006508126079,8.06,1249.5,957.561,80.62,32341167088.00,25972194.00,29.9,3.1,26.8,4.04,30.25645364,30.48777049,102.36,1239.22,1240.89
2024-01-11,2024,January,2,2,Thursday,1258.50,0.008991529602,11.22,1257.38,892.872,82.33,32370766314.00,29599226.00,29.9,3.1,26.8,3.98,40.9496546,40.82421669,102.29,1247.29,1248.34
2024-01-12,2024,January,2,2,Friday,1267.60,0.007232816845,9.10,1283.13,865.4922,82.03,32397888325.00,27122011.00,29.9,3.1,26.8,3.96,46.46030317,48.25436902,102.4,1258.50,1257.80
2024-01-15,2024,January,3,3,Monday,1290.61,0.01814646153,23.00,1302.5,853.271,81.91,32477861609.00,79973284.00,29.9,3.1,26.8,3.96,51.25382206,52.6478692,102.4,1267.60,1272.24
2024-01-16,2024,January,3,3,Tuesday,1316.78,0.0202773118,26.17,1322.88,853.271,82.3,32487867918.00,10006309.00,29.9,3.1,26.8,4.07,54.32084297,55.03632492,103.36,1290.61,1291.66
2024-01-17,2024,January,3,3,Wednesday,1331.75,0.01137248201,14.98,1344.38,895.022,81.04,32487867918.00,0.00,29.9,3.1,26.8,4.1,48.79522515,50.20636364,103.45,1316.78,1313.04
2024-01-18,2024,January,3,3,Thursday,1354.19,0.01685000939,22.44,1351.88,890.544,83.19,32542886343.00,55018425.00,29.9,3.1,26.8,4.14,52.06323326,51.80384125,103.54,1331.75,1334.24
2024-01-19,2024,January,3,3,Friday,1351.12,-0.00226703786,-3.07,1357.88,890.5127,82.86,32570932100.00,28045757.00,29.9,3.1,26.8,4.15,51.7238328,52.48294606,103.29,1354.19,1345.69
2024-01-22,2024,January,4,4,Monday,1362.32,0.00828695206,11.20,1361,914.0603,83.85,32637716361.00,66784261.00,29.9,3.1,26.8,4.11,49.0401308,48.89608486,103.33,1351.12,1355.88
2024-01-23,2024,January,4,4,Tuesday,1383.66,0.01566484263,21.34,1384.13,899.766,84.19,32648565784.00,10849423.00,29.9,3.1,26.8,4.14,53.77966525,53.8322186,103.62,1362.32,1365.70
2024-01-24,2024,January,4,4,Wednesday,1391.93,0.005977946642,8.27,1406.88,886.8883,84.3,32658009325.00,9443541.00,29.9,3.1,26.8,4.18,56.94519495,58.6310249,103.24,1383.66,1379.30
2024-01-25,2024,January,4,4,Thursday,1411.06,0.01374167394,19.13,1411.88,1056.378,84.48,32662957687.00,4948362.00,29.9,3.1,26.8,4.14,33.57491353,33.65291591,103.57,1391.93,1395.55
2024-01-26,2024,January,4,4,Friday,1411.24,0.0001327610905,0.19,1442.5,890.561,85.24,32666056785.00,3099098.00,29.9,3.1,26.8,4.15,58.46677918,61.97655186,103.43,1411.06,1404.74
2024-01-29,2024,January,5,5,Monday,1456.61,0.03214760642,45.37,1461.75,889.423,86.09,32670741503.00,4684718.00,29.9,3.1,26.8,4.08,63.77038019,64.34812232,103.61,1411.24,1426.30
2024-01-30,2024,January,5,5,Tuesday,1486.97,0.02083897264,30.35,1505.25,1192.442,86.22,32650928631.00,-19812872.00,29.9,3.1,26.8,4.06,24.69920669,26.23255471,103.4,1456.61,1451.61
2024-01-31,2024,January,5,5,Wednesday,1514.94,0.01881492128,27.98,1456.88,1356.883,85.08,32650928631.00,0.00,29.9,3.1,26.8,3.99,11.64874622,7.369611087,103.27,1486.97,1486.17
2024-02-01,2024,February,1,5,Thursday,1428.46,-0.05708434704,-86.48,1421.25,1413.625,84.3,32650928631.00,0.00,31.7,3.2,28.5,3.87,1.049665458,0.5393934035,103.05,1514.94,1476.79
2024-02-02,2024,February,1,5,Friday,1432.26,0.002654367514,3.79,1450,1367.745,81.64,32650928631.00,0.00,31.7,3.2,28.5,4.03,4.716522451,6.013913412,103.92,1428.46,1458.55
2024-02-05,2024,February,2,6,Monday,1442.95,0.007467245707,10.69,1461.88,1408.5,81.4,32473557258.00,-177371373.00,31.7,3.2,28.5,4.17,2.445864395,3.789847355,104.45,1432.26,1434.56
2024-02-06,2024,February,2,6,Tuesday,1478.40,0.02456911189,35.45,1492.5,1417.635,82.71,32473557258.00,0.00,31.7,3.2,28.5,4.09,4.286505342,5.280978531,104.21,1442.95,1451.20
2024-02-07,2024,February,2,6,Wednesday,1489.21,0.007312850857,10.81,1497.5,1444.56,83.43,32473557258.00,0.00,31.7,3.2,28.5,4.09,3.091137324,3.66478374,104.06,1478.40,1470.19
2024-02-08,2024,February,2,6,Thursday,1481.00,-0.005512977769,-8.21,1490,1474.115,85.26,32417252090.00,-56305168.00,31.7,3.2,28.5,4.15,0.4672860213,1.07759571,104.17,1489.21,1482.87
2024-02-09,2024,February,2,6,Friday,1481.10,0.00006527106624,0.10,1492.5,1481.482,85.83,32417252090.00,0.00,31.7,3.2,28.5,4.17,-0.02578499098,0.7437147397,104.11,1481.00,1483.77
2024-02-12,2024,February,3,7,Monday,1498.32,0.01162480589,17.22,1520.63,1515.092,86.12,32417252090.00,0.00,31.7,3.2,28.5,4.17,-1.107160489,0.3655223577,104.17,1481.10,1486.81
2024-02-13,2024,February,3,7,Tuesday,1531.50,0.02214517284,33.18,1569.38,1472.756,86.98,32461187263.00,43935173.00,31.7,3.2,28.5,4.31,3.988576519,6.560760914,104.96,1498.32,1503.64
2024-02-14,2024,February,3,7,Wednesday,1573.16,0.02720622927,41.67,1586.9,1516.704,86.66,32498433555.00,37246292.00,31.7,3.2,28.5,4.27,3.722564569,4.628193768,104.72,1531.50,1534.33
2024-02-15,2024,February,3,7,Thursday,1604.64,0.02000963399,31.48,1611.6,1493.23,86.6,32545784389.00,47350834.00,31.7,3.2,28.5,4.24,7.461189989,7.927111028,104.3,1573.16,1569.77
2024-02-16,2024,February,3,7,Friday,1635.00,0.01891701498,30.36,1700.63,1537.073,86.98,32575002061.00,29217672.00,31.7,3.2,28.5,4.3,6.370860576,10.64080886,104.3,1604.64,1604.27
2024-02-19,2024,February,4,8,Monday,1693.71,0.03591053859,58.71,1793.13,1605.82,87.62,32658264720.00,83262659.00,31.7,3.2,28.5,4.3,5.473305138,11.66444558,104.25,1635.00,1644.45
2024-02-20,2024,February,4,8,Tuesday,1786.03,0.05450582744,92.32,1860,1563.89,87.38,32677821136.00,19556416.00,31.7,3.2,28.5,4.27,14.20423249,18.93419614,104.08,1693.71,1704.91
2024-02-21,2024,February,4,8,Wednesday,1768.07,-0.01005239548,-17.95,1861.88,1563.89,87.77,32700983061.00,23161925.00,31.7,3.2,28.5,4.32,13.05620638,19.0544092,104.01,1786.03,1749.27
2024-02-22,2024,February,4,8,Thursday,1735.23,-0.01857392699,-32.84,1768.75,1488.896,88.85,32700983061.00,0.00,31.7,3.2,28.5,4.33,16.54505186,18.79607441,103.96,1768.07,1763.11
2024-02-23,2024,February,4,8,Friday,1707.89,-0.01575629321,-27.34,1642.5,1506.352,87.68,32759607366.00,58624305.00,31.7,3.2,28.5,4.26,13.37945912,9.038259318,103.94,1735.23,1737.07
2024-02-26,2024,February,5,9,Monday,1607.17,-0.05897802158,-100.73,1596.88,1662.35,87.51,32759607366.00,0.00,31.7,3.2,28.5,4.28,-3.319664598,-3.938400457,103.83,1707.89,1683.43
2024-02-27,2024,February,5,9,Tuesday,1590.77,-0.01020064606,-16.39,1453.13,1630.159,87.3,32759607366.00,0.00,31.7,3.2,28.5,4.31,-2.416179736,-10.85961553,103.83,1607.17,1635.28
2024-02-28,2024,February,5,9,Wednesday,1473.33,-0.07382402069,-117.44,1454.5,1617.045,87.57,32885784362.00,126176996.00,31.7,3.2,28.5,4.27,-8.887242735,-10.05197753,103.97,1590.77,1557.09
2024-02-29,2024,February,5,9,Thursday,1505.67,0.02194504076,32.33,1503.25,1544.081,88.07,32922219436.00,36435074.00,31.7,3.2,28.5,4.25,-2.487844442,-2.644356093,104.16,1473.33,1523.26
2024-03-01,2024,March,1,9,Friday,1554.83,0.03265441665,49.17,1587.5,1538.243,88.32,32960290319.00,38070883.00,33.2,3.5,29.7,4.19,1.078524871,3.202159867,103.86,1505.67,1511.28
2024-03-04,2024,March,2,10,Monday,1583.75,0.01859792046,28.92,1586.25,1560.511,90.07,33077322530.00,117032211.00,33.2,3.5,29.7,4.22,1.489191681,1.649395615,103.83,1554.83,1548.08
2024-03-05,2024,March,2,10,Tuesday,1600.00,0.01026045777,16.25,1602.5,1590.669,89.32,33131081159.00,53758629.00,33.2,3.5,29.7,4.13,0.5866085276,0.7437751034,103.8,1583.75,1579.53
2024-03-06,2024,March,2,10,Wednesday,1609.80,0.006125,9.80,1595,1589.643,90.1,33185000467.00,53919308.00,33.2,3.5,29.7,4.11,1.268020556,0.3369939037,103.37,1600.00,1597.85
2024-03-07,2024,March,2,10,Thursday,1595.00,-0.009193688657,-14.80,1605,1593.842,88.38,33270128504.00,85128037.00,33.2,3.5,29.7,4.09,0.07265462951,0.7000693921,102.82,1609.80,1601.60
2024-03-08,2024,March,2,10,Friday,1593.00,-0.001253918495,-2.00,1606.88,1624.732,87.76,33361118270.00,90989766.00,33.2,3.5,29.7,4.09,-1.953060566,-1.098765827,102.71,1595.00,1599.27
2024-03-11,2024,March,3,11,Monday,1593.00,0,0.00,1600.63,1612.281,86.94,33480866083.00,119747813.00,33.2,3.5,29.7,4.1,-1.195883348,-0.7226407804,102.87,1593.00,1593.67
2024-03-12,2024,March,3,11,Tuesday,1593.00,0,0.00,1595,1593.41,87.16,33515655344.00,34789261.00,33.2,3.5,29.7,4.16,-0.02573097947,0.09978599356,102.96,1593.00,1593.00
2024-03-13,2024,March,3,11,Wednesday,1593.00,0,0.00,1600,1613.441,87.95,33550902524.00,35247180.00,33.2,3.5,29.7,4.19,-1.266919584,-0.8330642397,102.79,1593.00,1593.00
2024-03-14,2024,March,3,11,Thursday,1592.33,-0.0004184975936,-0.67,1588.13,1610.24,90.16,33550127124.00,-775400.00,33.2,3.5,29.7,4.29,-1.11204955,-1.373087242,103.36,1593.00,1592.78
2024-03-15,2024,March,3,11,Friday,1591.00,-0.0008373456144,-1.33,1596.25,1572.507,89.39,33550850659.00,723535.00,33.2,3.5,29.7,4.31,1.176020202,1.509881991,103.43,1592.33,1592.11
2024-03-18,2024,March,4,12,Monday,1571.10,-0.01251099937,-19.91,1590,1476.747,89.57,33571632233.00,20781574.00,33.2,3.5,29.7,4.34,6.388907511,7.669086174,103.58,1591.00,1584.81
2024-03-19,2024,March,4,12,Tuesday,1496.31,-0.04759783099,-74.78,1518.13,1561.688,90.46,33507920474.00,-63711759.00,33.2,3.5,29.7,4.3,-4.186093143,-2.789161471,103.81,1571.10,1552.80
2024-03-20,2024,March,4,12,Wednesday,1457.50,-0.02593992859,-38.81,1495,1410.443,88.87,33442949569.00,-64970905.00,33.2,3.5,29.7,4.27,3.336327664,5.995066798,103.41,1496.31,1508.30
2024-03-21,2024,March,4,12,Thursday,1481.50,0.01646655232,24.00,1488.75,1448.386,88.02,33383728177.00,-59221392.00,33.2,3.5,29.7,4.27,2.286268992,2.786826164,104,1457.50,1478.44
2024-03-22,2024,March,4,12,Friday,1458.00,-0.01586230172,-23.50,1435,1405.466,87.97,33383728177.00,0.00,33.2,3.5,29.7,4.22,3.737834996,2.101367091,104.43,1481.50,1465.67
2024-03-25,2024,March,5,13,Monday,1369.80,-0.06049382716,-88.20,1343.75,1415.634,89.28,33383728177.00,0.00,33.2,3.5,29.7,4.25,-3.23770127,-5.077866172,104.23,1458.00,1436.43
2024-03-26,2024,March,5,13,Tuesday,1293.26,-0.05587364162,-76.54,1312.5,1364.879,89.01,33074193978.00,-309534199.00,33.2,3.5,29.7,4.24,-5.246964331,-3.837629563,104.23,1369.80,1373.69
2024-03-27,2024,March,5,13,Wednesday,1331.25,0.02937196573,37.99,1305,1303.842,88.04,33008756286.00,-65437692.00,33.2,3.5,29.7,4.2,2.102095193,0.08881444224,104.35,1293.26,1331.44
2024-03-28,2024,March,5,13,Thursday,1286.00,-0.03398760563,-45.25,1290,1330.26,89.27,32951220379.00,-57535907.00,33.2,3.5,29.7,4.2,-3.326868432,-3.026476027,104.55,1331.25,1303.51
2024-03-29,2024,March,5,13,Friday,1228.58,-0.0446569373,-57.43,1260,1330.26,89.27,32951220379.00,0.00,33.2,3.5,29.7,4.2,-7.643994407,-5.281674259,104.55,1286.00,1281.94
2024-04-01,2024,April,1,14,Monday,1256.53,0.02275671679,27.96,1260,1330.26,89.27,32951220379.00,0.00,33.69,3.4,30.29,4.33,-5.542274944,-5.281674259,105.02,1228.58,1257.04
2024-04-02,2024,April,1,14,Tuesday,1250.00,-0.005199490662,-6.53,1256.25,1330.256,90.73,32696155715.00,-255064664.00,33.69,3.4,30.29,4.36,-6.033124451,-5.563290073,104.82,1256.53,1245.04
2024-04-03,2024,April,1,14,Wednesday,1250.00,0,0.00,1253.75,1260.49,93.68,32635968549.00,-60187166.00,33.69,3.4,30.29,4.36,-0.832216043,-0.5347126911,104.25,1250.00,1252.18
2024-04-04,2024,April,1,14,Thursday,1246.00,-0.0032,-4.00,1257.5,1251.2,93.32,32561251381.00,-74717168.00,33.69,3.4,30.29,4.31,-0.415601023,0.503516624,104.12,1250.00,1248.67
2024-04-05,2024,April,1,14,Friday,1239.50,-0.005216693419,-6.50,1217.5,1246.665,95.81,32488307848.00,-72943533.00,33.69,3.4,30.29,4.39,-0.5747333887,-2.33944163,104.3,1246.00,1245.17
2024-04-08,2024,April,2,15,Monday,1182.86,-0.0456958451,-56.64,1199.63,1238.179,94.73,32170219506.00,-318088342.00,33.69,3.4,30.29,4.42,-4.467770815,-3.113362446,104.14,1239.50,1222.79
2024-04-09,2024,April,2,15,Tuesday,1124.77,-0.04910640312,-58.09,1185,1238.179,94.73,32170219506.00,0.00,33.69,3.4,30.29,4.36,-9.159014973,-4.294936354,104.15,1182.86,1182.38
2024-04-10,2024,April,2,15,Wednesday,1124.77,0,0.00,1160,1238.179,94.73,32170219506.00,0.00,33.69,3.4,30.29,4.55,-9.159014973,-6.314030524,105.25,1124.77,1144.14
2024-04-11,2024,April,2,15,Thursday,1121.39,-0.003006381726,-3.38,1120,1238.179,94.73,32170219506.00,0.00,33.69,3.4,30.29,4.56,-9.43211765,-9.544581195,105.28,1124.77,1123.65
2024-04-12,2024,April,2,15,Friday,1121.39,0,0.00,1087.5,1138.633,96.61,31744011779.00,-426207727.00,33.69,3.4,30.29,4.5,-1.514140201,-4.490735821,106.04,1121.39,1122.52
2024-04-15,2024,April,3,16,Monday,1108.01,-0.01193828209,-13.39,1035,1161.214,94.34,31426569865.00,-317441914.00,33.69,3.4,30.29,4.63,-4.582187263,-10.86914212,106.21,1121.39,1116.93
2024-04-16,2024,April,3,16,Tuesday,1100.00,-0.007224696639,-8.01,1026.25,1147.029,94.69,31339484178.00,-87085687.00,33.69,3.4,30.29,4.67,-4.100070704,-10.52972505,106.26,1108.01,1109.80
2024-04-17,2024,April,3,16,Wednesday,1121.54,0.01958181818,21.54,1067.5,1118.985,92.94,31257175422.00,-82308756.00,33.69,3.4,30.29,4.59,0.2283319258,-4.601044697,105.95,1100.00,1109.85
2024-04-18,2024,April,3,16,Thursday,1164.38,0.03819450636,42.84,1170,1160.631,91.74,31245673037.00,-11502385.00,33.69,3.4,30.29,4.64,0.3227267466,0.8072333067,106.15,1121.54,1128.64
2024-04-19,2024,April,3,16,Friday,1214.53,0.04307598057,50.16,1253.75,1150.16,91.36,31242863585.00,-2809452.00,33.69,3.4,30.29,4.62,5.59690246,9.006572999,106.15,1164.38,1166.82
2024-04-22,2024,April,4,17,Monday,1257.02,0.03497914151,42.48,1263.75,1251.587,90.7,31244856722.00,1993137.00,33.69,3.4,30.29,4.62,0.4338225522,0.9718061949,106.08,1214.53,1211.98
2024-04-23,2024,April,4,17,Tuesday,1280.12,0.01837949643,23.10,1323.13,1277.526,91.71,31248200375.00,3343653.00,33.69,3.4,30.29,4.61,0.2030487051,3.569712084,105.67,1257.02,1250.56
2024-04-24,2024,April,4,17,Wednesday,1320.74,0.03173140018,40.62,1354.38,1329.94,92.41,31253270709.00,5070334.00,33.69,3.4,30.29,4.65,-0.6917605306,1.837676888,105.86,1280.12,1285.96
2024-04-25,2024,April,4,17,Thursday,1372.77,0.03939410861,52.03,1371.25,1164.843,90.8,31266593991.00,13323282.00,33.69,3.4,30.29,4.7,17.85016307,17.71972704,105.6,1320.74,1324.54
2024-04-26,2024,April,4,17,Friday,1299.09,-0.05367498455,-73.68,1352.5,1327.35,92.65,31286072902.00,19478911.00,33.69,3.4,30.29,4.67,-2.129355483,1.894752703,105.94,1372.77,1330.87
2024-04-29,2024,April,5,18,Monday,1348.28,0.03786431383,49.19,1346.88,1373.646,91.12,31363369419.00,77296517.00,33.69,3.4,30.29,4.63,-1.84698241,-1.948536959,105.58,1299.09,1340.04
2024-04-30,2024,April,5,18,Tuesday,1320.12,-0.02088075504,-28.15,1348.75,1329.705,90.93,31384269025.00,20899606.00,33.69,3.4,30.29,4.69,-0.7206861672,1.432272572,106.22,1348.28,1322.49
2024-05-01,2024,May,1,18,Wednesday,1329.00,0.00672513601,8.88,1351.25,1329.705,90.93,31384269025.00,0.00,33.95,3.3,30.65,4.63,-0.05301927871,1.620284198,105.75,1320.12,1332.47
2024-05-02,2024,May,1,18,Thursday,1349.68,0.01555680963,20.68,1390.63,1441.583,87.51,31412540974.00,28271949.00,33.95,3.3,30.65,4.58,-6.375491387,-3.534517263,105.3,1329.00,1332.93
2024-05-03,2024,May,1,18,Friday,1363.68,0.01037410241,14.00,1428.33,1382.565,86.3,31427258849.00,14717875.00,33.95,3.3,30.65,4.5,-1.366180493,3.310151783,105.03,1349.68,1347.45
2024-05-06,2024,May,2,19,Monday,1396.98,0.02442318927,33.31,1423.75,1382.16,86.3,31470573410.00,43314561.00,33.95,3.3,30.65,4.49,1.072379464,3.009058286,105.05,1363.68,1370.11
2024-05-07,2024,May,2,19,Tuesday,1411.99,0.01074172752,15.01,1422.5,1412.573,84.44,31491469062.00,20895652.00,33.95,3.3,30.65,4.47,-0.04141378888,0.7027601405,105.41,1396.98,1390.88
2024-05-08,2024,May,2,19,Wednesday,1429.17,0.01216629792,17.18,1436.25,1414.599,84.74,31512500775.00,21031713.00,33.95,3.3,30.65,4.48,1.029808919,1.53053975,105.55,1411.99,1412.71
2024-05-09,2024,May,2,19,Thursday,1443.50,0.01002915452,14.33,1452.5,1439.648,85.58,31538534992.00,26034217.00,33.95,3.3,30.65,4.45,0.2675654049,0.89271822,105.23,1429.17,1428.22
2024-05-10,2024,May,2,19,Friday,1459.00,0.01073779009,15.50,1502.5,1457.014,85.69,31565575635.00,27040643.00,33.95,3.3,30.65,4.5,0.1363061714,3.121864306,105.3,1443.50,1443.89
2024-05-13,2024,May,3,20,Monday,1500.26,0.02827690199,41.26,1532.5,1407.06,85.48,31641228002.00,75652367.00,33.95,3.3,30.65,4.48,6.623456,8.915042713,105.22,1459.00,1467.59
2024-05-14,2024,May,3,20,Tuesday,1525.63,0.01691025684,25.37,1541.25,1502.136,83.3,31665273658.00,24045656.00,33.95,3.3,30.65,4.45,1.563754166,2.603892058,105.01,1500.26,1494.96
2024-05-15,2024,May,3,20,Wednesday,1509.09,-0.01084192153,-16.54,1533.75,1492.08,82.28,31716678576.00,51404918.00,33.95,3.3,30.65,4.36,1.139684199,2.792745697,104.34,1525.63,1511.66
2024-05-16,2024,May,3,20,Thursday,1465.50,-0.02887975164,-43.58,1498.33,1530.367,83.85,31747792237.00,31113661.00,33.95,3.3,30.65,4.38,-4.238460448,-2.093419422,104.46,1509.09,1500.07
2024-05-17,2024,May,3,20,Friday,1452.73,-0.008716753614,-12.77,1463.75,1500.837,84.44,31767943046.00,20150809.00,33.95,3.3,30.65,4.42,-3.205439936,-2.4710878,104.44,1465.50,1475.77
2024-05-20,2024,May,4,21,Monday,1453.92,0.0008178370423,1.19,1465,1481.875,84.11,31820792627.00,52849581.00,33.95,3.3,30.65,4.44,-1.886686349,-1.138760017,104.56,1452.73,1457.38
2024-05-21,2024,May,4,21,Tuesday,1466.06,0.008352152232,12.14,1473.75,1446.281,83.42,31828674108.00,7881481.00,33.95,3.3,30.65,4.41,1.367576564,1.899285132,104.66,1453.92,1457.57
2024-05-22,2024,May,4,21,Wednesday,1485.47,0.01323956728,19.41,1498.63,1467.683,82.1,31834889794.00,6215686.00,33.95,3.3,30.65,4.43,1.211910201,2.10856159,104.93,1466.06,1468.48
2024-05-23,2024,May,4,21,Thursday,1494.00,0.005742290319,8.53,1502.5,1479.194,81.45,31839169827.00,4280033.00,33.95,3.3,30.65,4.47,1.000950518,1.575587786,105.11,1485.47,1481.84
2024-05-24,2024,May,4,21,Friday,1480.80,-0.008835341365,-13.20,1508.75,1480.619,81.12,31829431499.00,-9738328.00,33.95,3.3,30.65,4.46,0.01222461687,1.899948603,104.72,1494.00,1486.76
2024-05-27,2024,May,5,22,Monday,1487.68,0.00464276067,6.88,1508.75,1382.393,81.12,31786189334.00,-43242165.00,33.95,3.3,30.65,4.46,7.615923981,9.14045427,104.59,1480.80,1487.49
2024-05-28,2024,May,5,22,Tuesday,1452.00,-0.02398037206,-35.68,1480,1327.54,83.54,31769095482.00,-17093852.00,33.95,3.3,30.65,4.54,9.375235398,11.48439972,104.61,1487.68,1473.49
2024-05-29,2024,May,5,22,Wednesday,1439.85,-0.008367768595,-12.15,1475.63,1196.613,83.71,31780478148.00,11382666.00,33.95,3.3,30.65,4.61,20.32712331,23.31722955,104.61,1452.00,1459.84
2024-05-30,2024,May,5,22,Thursday,1465.46,0.01778657499,25.61,1475,1474.69,83.62,31784020273.00,3542125.00,33.95,3.3,30.65,4.55,-0.6258942557,0.0210213672,104.72,1439.85,1452.44
2024-05-31,2024,May,5,22,Friday,1451.65,-0.009423662195,-13.81,1484.13,1482.982,80.66,31782146052.00,-1874221.00,33.95,3.3,30.65,4.51,-2.112770081,0.07741159367,104.67,1465.46,1452.32
2024-06-03,2024,June,2,23,Monday,1451.65,0,0.00,1484.38,1474.277,77.7,31832093533.00,49947481.00,34.19,3,31.19,4.41,-1.534786204,0.6852850584,104.14,1451.65,1456.25
2024-06-04,2024,June,2,23,Tuesday,1459.75,0.005579857404,8.10,1485.83,1474.419,76.58,31858115588.00,26022055.00,34.19,3,31.19,4.33,-0.9949003641,0.7739319691,104.11,1451.65,1454.35
2024-06-05,2024,June,2,23,Wednesday,1479.33,0.01340983045,19.58,1489.38,1480.671,76.66,31875740677.00,17625089.00,34.19,3,31.19,4.29,-0.09090473171,0.5881792782,104.27,1459.75,1463.58
2024-06-06,2024,June,2,23,Thursday,1464.67,-0.009908798495,-14.66,1481.88,1485.322,78.87,31883989988.00,8249311.00,34.19,3,31.19,4.28,-1.39063,-0.2317342637,104.1,1479.33,1467.91
2024-06-07,2024,June,2,23,Friday,1475.44,0.007353208921,10.77,1485.63,1447.965,79.37,31964311460.00,80321472.00,34.19,3,31.19,4.43,1.897260408,2.601236908,104.89,1464.67,1473.14
2024-06-10,2024,June,3,24,Monday,1477.50,0.00139845605,2.06,1476.88,1481.146,80.84,32158923868.00,194612408.00,34.19,3,31.19,4.47,-0.2461607431,-0.2880202222,105.15,1475.44,1472.53
2024-06-11,2024,June,3,24,Tuesday,1477.50,0,0.00,1476.25,1473.15,81.15,32237116483.00,78192615.00,34.19,3,31.19,4.39,0.2952856125,0.210433425,105.23,1477.50,1476.81
2024-06-12,2024,June,3,24,Wednesday,1483.60,0.004128595601,6.10,1477.5,1473.15,81.52,32237116483.00,0.00,34.19,3,31.19,4.31,0.7093642874,0.2952856125,104.64,1477.50,1479.53
2024-06-13,2024,June,3,24,Thursday,1483.60,0,0.00,1476.88,1477.648,82.44,32381247226.00,144130743.00,34.19,3,31.19,4.24,0.4028022912,-0.05197448919,105.2,1483.60,1481.57
2024-06-14,2024,June,3,24,Friday,1475.20,-0.005661903478,-8.40,1476.88,1474.09,82.49,32421002328.00,39755102.00,34.19,3,31.19,4.2,0.07530069399,0.1892693119,105.55,1483.60,1480.80
2024-06-17,2024,June,4,25,Monday,1481.32,0.004146895336,6.12,1482.5,1474.09,82.49,32421002328.00,0.00,34.19,3,31.19,4.28,0.4903024917,0.5705214743,105.32,1475.20,1480.04
2024-06-18,2024,June,4,25,Tuesday,1483.45,0.001439596845,2.13,1481.25,1474.09,82.49,32421002328.00,0.00,34.19,3,31.19,4.22,0.6349680142,0.4857233955,105.26,1481.32,1479.99
2024-06-19,2024,June,4,25,Wednesday,1485.18,0.00116282989,1.72,1485,1479.307,86.64,32657252872.00,236250544.00,34.19,3,31.19,4.22,0.3966722256,0.384842362,105.25,1483.45,1483.31
2024-06-20,2024,June,4,25,Thursday,1494.83,0.006503161805,9.66,1485,1482.811,86.92,32720174319.00,62921447.00,34.19,3,31.19,4.25,0.8107798859,0.1476250176,105.59,1485.18,1487.82
2024-06-21,2024,June,4,25,Friday,1492.35,-0.001661277734,-2.48,1497.5,1480.018,88.47,32780778090.00,60603771.00,34.19,3,31.19,4.25,0.8332331093,1.18120185,105.8,1494.83,1490.79
2024-06-24,2024,June,5,26,Monday,1491.49,-0.0005735919858,-0.86,1499.38,1488.955,88.8,32993981808.00,213203718.00,34.19,3,31.19,4.25,0.170522279,0.7001554782,105.47,1492.35,1492.89
2024-06-25,2024,June,5,26,Tuesday,1497.22,0.003841338506,5.73,1501.88,1498.868,88.86,33079965415.00,85983607.00,34.19,3,31.19,4.23,-0.1097272519,0.2009516515,105.61,1491.49,1493.69
2024-06-26,2024,June,5,26,Wednesday,1512.83,0.01042040043,15.60,1509.38,1507.953,87.81,33154410663.00,74445248.00,34.19,3,31.19,4.32,0.3230869928,0.09463159661,106.05,1497.22,1500.51
2024-06-27,2024,June,5,26,Thursday,1509.63,-0.002115247963,-3.20,1515,1513.235,89.04,33225831055.00,71420392.00,34.19,3,31.19,4.29,-0.2385617568,0.1166375348,105.91,1512.83,1506.56
2024-06-28,2024,June,5,26,Friday,1503.11,-0.004315641302,-6.52,1508.75,1470.191,89.31,33274390120.00,48559065.00,34.19,3,31.19,4.36,2.239096825,2.622720449,105.87,1509.63,1508.52
2024-07-01,2024,July,1,27,Monday,1504.43,0.0008748528052,1.32,1508.13,1509.188,88.62,33425467274.00,151077154.00,33.4,2.9,30.5,4.48,-0.315600177,-0.07010392343,105.9,1503.11,1505.72
2024-07-02,2024,July,1,27,Tuesday,1509.30,0.0032404407,4.88,1511.25,1511.359,90.33,33517877178.00,92409904.00,33.4,2.9,30.5,4.43,-0.1362350044,-0.007212052199,105.72,1504.43,1505.61
2024-07-03,2024,July,1,27,Wednesday,1513.98,0.003100775194,4.68,1516.88,1508.036,90.3,33633460393.00,115583215.00,33.4,2.9,30.5,4.36,0.3941550467,0.5864581482,105.4,1509.30,1509.24
2024-07-04,2024,July,1,27,Thursday,1515.83,0.00122414651,1.85,1518.13,1516.86,90.39,33744555011.00,111094618.00,33.4,2.9,30.5,4.36,-0.06768367988,0.08372559102,105.13,1513.98,1513.04
2024-07-05,2024,July,1,27,Friday,1522.00,0.004068169324,6.17,1528.75,1512.71,90.74,33859512537.00,114957526.00,33.4,2.9,30.5,4.28,0.6141296085,1.060348646,104.88,1515.83,1517.27
2024-07-08,2024,July,2,28,Monday,1532.31,0.006770696452,10.30,1535,1524.37,89.2,34142672991.00,283160454.00,33.4,2.9,30.5,4.28,0.5205429128,0.6973372606,105,1522.00,1523.38
2024-07-09,2024,July,2,28,Tuesday,1544.13,0.007717132033,11.83,1551.88,1549.388,88.55,34226307246.00,83634255.00,33.4,2.9,30.5,4.3,-0.3393597988,0.1608376985,105.13,1532.31,1532.81
2024-07-10,2024,July,2,28,Wednesday,1550.72,0.004268854738,6.59,1555,1520.562,88.6,34272774740.00,46467494.00,33.4,2.9,30.5,4.28,1.98345524,2.264820507,105.05,1544.13,1542.39
2024-07-11,2024,July,2,28,Thursday,1558.65,0.005112673347,7.93,1557.5,1560.29,88.5,34371974785.00,99200045.00,33.4,2.9,30.5,4.2,-0.1051086657,-0.178812913,104.44,1550.72,1551.17
2024-07-12,2024,July,2,28,Friday,1564.51,0.003758059859,5.86,1560,1566.118,89.4,34469832211.00,97857426.00,33.4,2.9,30.5,4.18,-0.1028338861,-0.390647448,104.09,1558.65,1557.96
2024-07-15,2024,July,3,29,Monday,1569.57,0.003234777291,5.06,1573.13,1565.892,88.47,34792963901.00,323131690.00,33.4,2.9,30.5,4.23,0.2347756635,0.4622285573,104.19,1564.51,1564.24
2024-07-16,2024,July,3,29,Tuesday,1585.65,0.01024591687,16.08,1593.75,1572.992,88.65,34869496287.00,76532386.00,33.4,2.9,30.5,4.17,0.8047084791,1.319650704,104.27,1569.57,1573.24
2024-07-17,2024,July,3,29,Wednesday,1600.96,0.009652981427,15.31,1611.25,1584.239,87.8,34949606991.00,80110704.00,33.4,2.9,30.5,4.16,1.055222728,1.704982645,103.75,1585.65,1585.39
2024-07-18,2024,July,3,29,Thursday,1608.90,0.004962659036,7.95,1587.5,1584.563,88.31,35031228251.00,81621260.00,33.4,2.9,30.5,4.2,1.535959757,0.1853507876,104.17,1600.96,1598.50
2024-07-19,2024,July,3,29,Friday,1570.47,-0.0238892329,-38.44,1572.5,1584.5,87.23,35111866167.00,80637916.00,33.4,2.9,30.5,4.25,-0.8857157884,-0.7573366993,104.4,1608.90,1593.44
2024-07-22,2024,July,4,30,Monday,1570.95,0.000308294938,0.48,1582.5,1534.059,85.49,35338128070.00,226261903.00,33.4,2.9,30.5,4.26,2.404796686,3.157701236,104.31,1570.47,1583.44
2024-07-23,2024,July,4,30,Tuesday,1592.63,0.01380345998,21.68,1590,1541.593,84.27,35410790817.00,72662747.00,33.4,2.9,30.5,4.25,3.310961159,3.140063558,104.45,1570.95,1578.02
2024-07-24,2024,July,4,30,Wednesday,1586.71,-0.003719965432,-5.92,1586.25,1594.478,85.06,35477886308.00,67095491.00,33.4,2.9,30.5,4.28,-0.4871813848,-0.5160309518,104.39,1592.63,1583.43
2024-07-25,2024,July,4,30,Thursday,1592.40,0.003587837187,5.69,1585,1599.392,84.63,35541790661.00,63904353.00,33.4,2.9,30.5,4.27,-0.4369874838,-0.8998419399,104.36,1586.71,1590.58
2024-07-26,2024,July,4,30,Friday,1591.05,-0.000849569653,-1.35,1587.5,1601.864,83.4,35611948319.00,70157658.00,33.4,2.9,30.5,4.2,-0.6750885219,-0.8967053383,104.32,1592.40,1590.05
2024-07-29,2024,July,5,31,Monday,1601.83,0.006772257314,10.78,1602.5,1609.567,82.99,35816621433.00,204673114.00,33.4,2.9,30.5,4.17,-0.480998927,-0.4390621826,104.56,1591.05,1595.09
2024-07-30,2024,July,5,31,Tuesday,1612.66,0.00676572035,10.84,1601.67,1610.417,82.16,35878607980.00,61986547.00,33.4,2.9,30.5,4.15,0.1394359349,-0.5431512459,104.55,1601.83,1601.85
2024-07-31,2024,July,5,31,Wednesday,1603.02,-0.005979806122,-9.64,1600,1611.21,84.29,35907900754.00,29292774.00,33.4,2.9,30.5,4.09,-0.5083700505,-0.6957503988,104.1,1612.66,1605.84
2024-08-01,2024,August,1,31,Thursday,1603.75,0.0004559578205,0.73,1596.67,1600.36,84.27,35938521741.00,30620987.00,32.15,2.5,29.65,3.99,0.2118273388,-0.230573121,104.42,1603.02,1606.48
2024-08-02,2024,August,1,31,Friday,1586.97,-0.01046245778,-16.78,1598.75,1618.732,81.25,35948859615.00,10337874.00,32.15,2.5,29.65,3.8,-1.962101612,-1.234422993,103.21,1603.75,1597.91
2024-08-05,2024,August,2,32,Monday,1605.19,0.01147941702,18.22,1599.38,1606.02,80.42,35975652243.00,26792628.00,32.15,2.5,29.65,3.78,-0.05178432813,-0.4134444154,102.69,1586.97,1598.64
2024-08-06,2024,August,2,32,Tuesday,1605.75,0.0003499070203,0.56,1605.63,1592.636,79.22,35983996110.00,8343867.00,32.15,2.5,29.65,3.9,0.8234147665,0.8158800881,102.97,1605.19,1599.30
2024-08-07,2024,August,2,32,Wednesday,1592.70,-0.008129534485,-13.05,1610.75,1591.58,80.86,35989668268.00,5672158.00,32.15,2.5,29.65,3.96,0.07011900124,1.204463489,103.2,1605.75,1601.21
2024-08-08,2024,August,2,32,Thursday,1590.88,-0.001142895891,-1.82,1601.5,1583.527,83.36,35967948002.00,-21720266.00,32.15,2.5,29.65,3.99,0.4640725599,1.134998014,103.21,1592.70,1596.44
2024-08-09,2024,August,2,32,Friday,1589.21,-0.001047042375,-1.67,1596.25,1568.157,82.97,35950902499.00,-17045503.00,32.15,2.5,29.65,3.94,1.342531392,1.791466033,103.14,1590.88,1590.93
2024-08-12,2024,August,3,33,Monday,1592.50,0.002070210985,3.29,1595,1568.546,84.96,35744835736.00,-206066763.00,32.15,2.5,29.65,3.9,1.527146797,1.686530073,103.14,1589.21,1590.86
2024-08-13,2024,August,3,33,Tuesday,1591.75,-0.0004709576138,-0.75,1595,1573.898,84.41,35704446386.00,-40389350.00,32.15,2.5,29.65,3.85,1.134253935,1.340747622,102.56,1592.50,1591.15
2024-08-14,2024,August,3,33,Wednesday,1587.00,-0.002984136956,-4.75,1595,1580.27,84.05,35664083076.00,-40363310.00,32.15,2.5,29.65,3.83,0.4258765907,0.9321191948,102.57,1591.75,1590.42
2024-08-15,2024,August,3,33,Thursday,1588.65,0.001039697543,1.65,1595,1584.84,84.99,35656976271.00,-7106805.00,32.15,2.5,29.65,3.92,0.2404028167,0.6410741778,102.98,1587.00,1589.13
2024-08-16,2024,August,3,33,Friday,1595.59,0.004368488969,6.94,1599.75,1578.265,83.46,35646031412.00,-10944859.00,32.15,2.5,29.65,3.89,1.0977244,1.361304977,102.46,1588.65,1590.41
2024-08-19,2024,August,4,34,Monday,1599.43,0.002408722374,3.84,1601,1575.19,83.89,35609690021.00,-36341391.00,32.15,2.5,29.65,3.86,1.539073593,1.638532494,101.89,1595.59,1594.56
2024-08-20,2024,August,4,34,Tuesday,1604.63,0.003245941271,5.19,1604.38,1587.847,81.65,35596775155.00,-12914866.00,32.15,2.5,29.65,3.82,1.056650924,1.041221226,101.44,1599.43,1599.88
2024-08-21,2024,August,4,34,Wednesday,1602.09,-0.001582924359,-2.54,1609.38,1569.533,81.57,35588911438.00,-7863717.00,32.15,2.5,29.65,3.79,2.07399271,2.538780644,101.04,1604.63,1602.05
2024-08-22,2024,August,4,34,Thursday,1603.49,0.0008769821826,1.40,1610.63,1592.467,81.6,35581064353.00,-7847085.00,32.15,2.5,29.65,3.86,0.6921964474,1.140557387,101.51,1602.09,1603.40
2024-08-23,2024,August,4,34,Friday,1604.73,0.0007708186518,1.24,1615,1564.929,83.12,35575153341.00,-5911012.00,32.15,2.5,29.65,3.81,2.543054669,3.199570076,100.72,1603.49,1603.43
2024-08-26,2024,August,5,35,Monday,1600.54,-0.002609435238,-4.19,1615,1586.642,83.12,35534772316.00,-40381025.00,32.15,2.5,29.65,3.82,0.8758479499,1.787296693,100.85,1604.73,1602.92
2024-08-27,2024,August,5,35,Tuesday,1602.50,0.001225480352,1.96,1613.75,1591.65,84.31,35502745966.00,-32026350.00,32.15,2.5,29.65,3.83,0.6816825307,1.388496215,100.55,1600.54,1602.59
2024-08-28,2024,August,5,35,Wednesday,1609.50,0.004368174727,7.00,1611.17,1603.297,82.81,35483235179.00,-19510787.00,32.15,2.5,29.65,3.84,0.3868902642,0.4910506288,101.09,1602.50,1604.18
2024-08-29,2024,August,5,35,Thursday,1613.68,0.002599150875,4.18,1619.5,1598.142,84.35,35459081034.00,-24154145.00,32.15,2.5,29.65,3.87,0.9724626055,1.336426926,101.34,1609.50,1608.56
2024-08-30,2024,August,5,35,Friday,1618.30,0.002862498838,4.62,1629.17,1596.14,83,35440716257.00,-18364777.00,32.15,2.5,29.65,3.91,1.388506021,2.069367349,101.7,1613.68,1613.83
2024-09-02,2024,September,1,36,Monday,1616.58,-0.001067476569,-1.73,1634.38,1597.77,80.27,35372019145.00,-68697112.00,32.7,2.4,30.3,3.91,1.176952878,2.291318525,101.7,1618.30,1616.19
2024-09-03,2024,September,1,36,Tuesday,1623.86,0.004505410101,7.28,1633.63,1594.574,78.91,35399915043.00,27895898.00,32.7,2.4,30.3,3.84,1.83649886,2.44930621,101.83,1616.58,1619.58
2024-09-04,2024,September,1,36,Wednesday,1635.63,0.00724831585,11.77,1637.75,1621.249,77.32,35427508130.00,27593087.00,32.7,2.4,30.3,3.77,0.8869440431,1.017795539,101.36,1623.86,1625.35
2024-09-05,2024,September,1,36,Thursday,1653.55,0.01095527568,17.92,1654.38,1620.522,77.12,35457239563.00,29731433.00,32.7,2.4,30.3,3.73,2.037944152,2.089326772,101.11,1635.63,1637.68
2024-09-06,2024,September,1,36,Friday,1645.05,-0.005136524978,-8.49,1663.33,1629.145,75.47,35510201544.00,52961981.00,32.7,2.4,30.3,3.72,0.9765150526,2.098339927,101.18,1653.55,1644.74
2024-09-09,2024,September,2,37,Monday,1644.27,-0.0004785129004,-0.79,1655.63,1611.954,75.02,35752741543.00,242539999.00,32.7,2.4,30.3,3.7,2.00456506,2.709506599,101.55,1645.05,1647.62
2024-09-10,2024,September,2,37,Tuesday,1654.76,0.006384203698,10.50,1654.17,1627.45,72.44,35838100018.00,85358475.00,32.7,2.4,30.3,3.65,1.678331132,1.641832314,101.63,1644.27,1648.03
2024-09-11,2024,September,2,37,Wednesday,1654.89,0.000077870405,0.13,1655,1587.92,72.41,35916978282.00,78878264.00,32.7,2.4,30.3,3.65,4.217646805,4.224394176,101.68,1654.76,1651.31
2024-09-12,2024,September,2,37,Thursday,1653.71,-0.000712346505,-1.18,1660.67,1645.626,75.91,35969402573.00,52424291.00,32.7,2.4,30.3,3.68,0.4914846994,0.9141809864,101.37,1654.89,1654.46
2024-09-13,2024,September,2,37,Friday,1651.20,-0.001520214499,-2.51,1659.25,1608.855,75.64,36044127817.00,74725244.00,32.7,2.4,30.3,3.66,2.631996047,3.13235189,101.11,1653.71,1653.27
2024-09-16,2024,September,3,38,Monday,1642.09,-0.005514507967,-9.11,1660,1608.855,75.89,36044127817.00,0.00,32.7,2.4,30.3,3.63,2.066031087,3.178968894,100.76,1651.20,1649.00
2024-09-17,2024,September,3,38,Tuesday,1648.47,0.003884605365,6.38,1662.5,1652.236,76.5,36335265337.00,291137520.00,32.7,2.4,30.3,3.65,-0.227731793,0.6212187605,100.89,1642.09,1647.26
2024-09-18,2024,September,3,38,Wednesday,1659.15,0.006479126141,10.68,1660,1593.872,76.47,36400051865.00,64786528.00,32.7,2.4,30.3,3.7,4.09581196,4.14889025,100.6,1648.47,1649.91
2024-09-19,2024,September,3,38,Thursday,1659.79,0.0003848346808,0.64,1662.38,1593.57,77.88,36480955962.00,80904097.00,32.7,2.4,30.3,3.73,4.155606594,4.317977874,100.61,1659.15,1655.81
2024-09-20,2024,September,3,38,Friday,1652.63,-0.004312620738,-7.16,1664.75,1621.078,77.91,36555607013.00,74651051.00,32.7,2.4,30.3,3.73,1.946633317,2.694009789,100.72,1659.79,1657.19
2024-09-23,2024,September,4,39,Monday,1669.43,0.01015987269,16.79,1667.75,1597.478,76.9,36784511950.00,228904937.00,32.7,2.4,30.3,3.75,4.503786594,4.398933819,100.85,1652.63,1660.62
2024-09-24,2024,September,4,39,Tuesday,1684.94,0.009294617408,15.52,1673.13,1659.833,76.39,36855808414.00,71296464.00,32.7,2.4,30.3,3.74,1.512722465,0.8011046894,100.47,1669.43,1669.00
2024-09-25,2024,September,4,39,Wednesday,1690.95,0.003567086892,6.01,1691.25,1666.719,76.5,36940490710.00,84682296.00,32.7,2.4,30.3,3.79,1.453934346,1.471813785,100.91,1684.94,1681.77
2024-09-26,2024,September,4,39,Thursday,1681.07,-0.005846016524,-9.89,1688,1637.692,74.76,37035905038.00,95414328.00,32.7,2.4,30.3,3.79,2.648524061,3.071884091,100.91,1690.95,1685.65
2024-09-27,2024,September,4,39,Friday,1683.02,0.001160473509,1.95,1693.33,1585.763,73.33,37126483318.00,90578280.00,32.7,2.4,30.3,3.75,6.132978257,6.783296117,100.38,1681.07,1685.01
2024-09-30,2024,September,5,40,Monday,1674.11,-0.005294062599,-8.91,1699,1601.028,73.95,37422227584.00,295744266.00,32.7,2.4,30.3,3.81,4.564536036,6.119318338,100.78,1683.02,1679.40
2024-10-01,2024,October,1,40,Tuesday,1667.91,-0.003700777877,-6.20,1701,1601.028,73.95,37422227584.00,0.00,33.88,2.6,31.28,3.74,4.177565914,6.244238077,101.19,1674.11,1675.01
2024-10-02,2024,October,1,40,Wednesday,1660.33,-0.004545053936,-7.58,1685.63,1657.614,76.46,37612554064.00,190326480.00,33.88,2.6,31.28,3.79,0.1639253771,1.690140165,101.68,1667.91,1667.45
2024-10-03,2024,October,1,40,Thursday,1661.35,0.00061358238,1.02,1676.25,1657.36,78.77,37647948813.00,35394749.00,33.88,2.6,31.28,3.85,0.2407443163,1.139764445,101.99,1660.33,1663.20
2024-10-04,2024,October,1,40,Friday,1655.95,-0.003248362276,-5.40,1668.75,1621.259,80.51,37681316818.00,33368005.00,33.88,2.6,31.28,3.98,2.13996242,2.9292667,102.52,1661.35,1659.21
2024-10-07,2024,October,2,41,Monday,1667.65,0.007063403558,11.70,1670.25,1628.804,82.94,37738056047.00,56739229.00,33.88,2.6,31.28,4.03,2.384940116,2.544566443,102.54,1655.95,1661.65
2024-10-08,2024,October,2,41,Tuesday,1676.93,0.005564716817,9.28,1672.5,1590.189,79.39,37749433744.00,11377697.00,33.88,2.6,31.28,4.04,5.454760409,5.176177171,102.55,1667.65,1666.84
2024-10-09,2024,October,2,41,Wednesday,1685.72,0.00523973372,8.79,1680.63,1627.693,78.26,37749482613.00,48869.00,33.88,2.6,31.28,4.06,3.564779517,3.252271774,102.93,1676.93,1676.77
2024-10-10,2024,October,2,41,Thursday,1686.01,0.0001765534229,0.30,1688.75,1625.827,80.45,37752914730.00,3432117.00,33.88,2.6,31.28,4.09,3.70194896,3.870214974,102.99,1685.72,1682.89
2024-10-11,2024,October,2,41,Friday,1683.41,-0.001544640361,-2.60,1690.38,1627.166,81.22,37794230249.00,41315519.00,33.88,2.6,31.28,4.08,3.4565619,3.884914016,102.89,1686.01,1685.05
2024-10-14,2024,October,3,42,Monday,1689.23,0.003457268283,5.82,1691.88,1602.58,79.42,37889771941.00,95541692.00,33.88,2.6,31.28,4.08,5.406906363,5.572264723,103.3,1683.41,1686.22
2024-10-15,2024,October,3,42,Tuesday,1698.59,0.005540246148,9.36,1695.63,1655.185,74.63,37925692999.00,35921058.00,33.88,2.6,31.28,4.03,2.622289956,2.443533502,103.26,1689.23,1690.41
2024-10-16,2024,October,3,42,Wednesday,1696.56,-0.001194373859,-2.03,1696.88,1652.661,74.6,37971985370.00,46292371.00,33.88,2.6,31.28,4.02,2.656261629,2.675624342,103.59,1698.59,1694.79
2024-10-17,2024,October,3,42,Thursday,1693.50,-0.001803649738,-3.06,1711.25,1652.227,75.32,38024890346.00,52904976.00,33.88,2.6,31.28,4.09,2.498022366,3.572329952,103.83,1696.56,1696.22
2024-10-18,2024,October,3,42,Friday,1702.06,0.005053144376,8.56,1715,1639.928,73.7,38090494794.00,65604448.00,33.88,2.6,31.28,4.08,3.788550473,4.577761951,103.49,1693.50,1697.37
2024-10-21,2024,October,4,43,Monday,1711.41,0.005493351429,9.35,1723.13,1639.84,74.24,38259077136.00,168582342.00,33.88,2.6,31.28,4.19,4.364297736,5.079154064,104.01,1702.06,1702.32
2024-10-22,2024,October,4,43,Tuesday,1717.37,0.003483974448,5.96,1721.25,1655.92,76.54,38335285280.00,76208144.00,33.88,2.6,31.28,4.2,3.710928064,3.9452389,104.08,1711.41,1710.28
2024-10-23,2024,October,4,43,Wednesday,1720.15,0.001618754258,2.78,1725.63,1651.161,75.63,38403061224.00,67775944.00,33.88,2.6,31.28,4.24,4.178211574,4.510099257,104.43,1717.37,1716.31
2024-10-24,2024,October,4,43,Thursday,1724.33,0.002427113914,4.17,1726.88,1635.19,75.22,38475833619.00,72772395.00,33.88,2.6,31.28,4.21,5.451048502,5.607299458,104.06,1720.15,1720.62
2024-10-25,2024,October,4,43,Friday,1724.33,0,0.00,1730.63,1637.21,76.58,38554490463.00,78656844.00,33.88,2.6,31.28,4.25,5.320942335,5.706048705,104.26,1724.33,1722.93
2024-10-28,2024,October,5,44,Monday,1725.51,0.0006843257507,1.18,1742.13,1664.6,72.82,38782727956.00,228237493.00,33.88,2.6,31.28,4.28,3.658836958,4.657575393,104.32,1724.33,1724.72
2024-10-29,2024,October,5,44,Tuesday,1730.10,0.002664437368,4.60,1743.75,1650.938,72.04,38862737091.00,80009135.00,33.88,2.6,31.28,4.28,4.79512253,5.621773804,104.32,1725.51,1726.64
2024-10-30,2024,October,5,44,Wednesday,1736.41,0.003644581752,6.31,1745,1651.283,74.16,38897840730.00,35103639.00,33.88,2.6,31.28,4.29,5.155082442,5.675405124,103.99,1730.10,1730.67
2024-10-31,2024,October,5,44,Thursday,1727.98,-0.004856577486,-8.43,1740.63,1669.97,74.2,38919832129.00,21991399.00,33.88,2.6,31.28,4.28,3.47341569,4.231213734,103.98,1736.41,1731.50
2024-11-01,2024,November,1,44,Friday,1709.70,-0.01057596319,-18.27,1741.67,1665.913,74.87,38969870754.00,50038625.00,34.6,2.7,31.9,4.37,2.628408566,4.547476369,104.28,1727.98,1724.69
2024-11-04,2024,November,2,45,Monday,1716.41,0.003924665146,6.71,1730.63,1664.855,76.15,39100692491.00,130821737.00,34.6,2.7,31.9,4.31,3.096666076,3.950794514,103.89,1709.70,1718.03
2024-11-05,2024,November,2,45,Tuesday,1720.00,0.002091574857,3.59,1727.5,1669.406,78.23,39144735078.00,44042587.00,34.6,2.7,31.9,4.26,3.030658809,3.479920403,103.42,1716.41,1715.37
2024-11-06,2024,November,2,45,Wednesday,1725.54,0.003219476744,5.54,1730.63,1680.909,77.77,39186444061.00,41708983.00,34.6,2.7,31.9,4.42,2.655021777,2.957982853,105.09,1720.00,1720.65
2024-11-07,2024,November,2,45,Thursday,1726.41,0.0005072953459,0.88,1733.75,1665.341,76.93,39229939340.00,43495279.00,34.6,2.7,31.9,4.31,3.667228342,4.10780735,104.51,1725.54,1723.98
2024-11-08,2024,November,2,45,Friday,1712.03,-0.008332030053,-14.38,1736.25,1655.382,75.24,39272428623.00,42489283.00,34.6,2.7,31.9,4.3,3.421949335,4.885156417,105,1726.41,1721.33
2024-11-11,2024,November,3,46,Monday,1733.84,0.01273927515,21.81,1733.25,1671.781,73.39,39328342770.00,55914147.00,34.6,2.7,31.9,4.3,3.712049206,3.676857196,105.54,1712.03,1724.09
2024-11-12,2024,November,3,46,Tuesday,1739.66,0.003359117488,5.82,1733,1688.067,73.76,39370159869.00,41817099.00,34.6,2.7,31.9,4.43,3.056484132,2.661801931,106.02,1733.84,1728.51
2024-11-13,2024,November,3,46,Wednesday,1737.10,-0.001472986858,-2.56,1738.38,1652.638,74.06,39400819112.00,30659243.00,34.6,2.7,31.9,4.44,5.110738105,5.188190033,106.48,1739.66,1736.87
2024-11-14,2024,November,3,46,Thursday,1734.61,-0.001436301882,-2.49,1738.75,1658.433,74.59,39430832521.00,30013409.00,34.6,2.7,31.9,4.43,4.59301039,4.842945117,106.67,1737.10,1737.12
2024-11-15,2024,November,3,46,Friday,1733.67,-0.0005375863669,-0.93,1737.5,1658.871,74.64,39444985169.00,14152648.00,34.6,2.7,31.9,4.43,4.509181244,4.739910457,106.69,1734.61,1735.13
2024-11-18,2024,November,4,47,Monday,1743.80,0.005838761358,10.12,1735,1682.721,75.3,39472739433.00,27754264.00,34.6,2.7,31.9,4.42,3.629478684,3.10681331,106.28,1733.67,1737.36
2024-11-19,2024,November,4,47,Tuesday,1741.62,-0.00125014695,-2.18,1736.88,1675.166,75.27,39473790760.00,1051327.00,34.6,2.7,31.9,4.39,3.966711359,3.684052804,106.21,1743.80,1739.69
2024-11-20,2024,November,4,47,Wednesday,1741.97,0.0002023983487,0.35,1741.25,1688.284,75.28,39465059634.00,-8731126.00,34.6,2.7,31.9,4.41,3.179767148,3.137268374,106.68,1741.62,1742.46
2024-11-21,2024,November,4,47,Thursday,1742.75,0.0004492047067,0.78,1744,1665.494,76.04,39465059634.00,0.00,34.6,2.7,31.9,4.43,4.638623736,4.713676543,106.97,1741.97,1742.11
2024-11-22,2024,November,4,47,Friday,1743.35,0.00034428346,0.60,1746.88,1663.197,77.05,39463300959.00,-1758675.00,34.6,2.7,31.9,4.41,4.819212637,5.031454482,107.55,1742.75,1742.69
2024-11-25,2024,November,5,48,Monday,1752.01,0.004968594947,8.66,1748.13,1687.733,75.2,39454063582.00,-9237377.00,34.6,2.7,31.9,4.27,3.808600057,3.578587371,106.82,1743.35,1746.04
2024-11-26,2024,November,5,48,Tuesday,1745.86,-0.003514245336,-6.16,1750,1679.217,75.51,39407061488.00,-47002094.00,34.6,2.7,31.9,4.3,3.968397176,4.215238412,107.01,1752.01,1747.07
2024-11-27,2024,November,5,48,Wednesday,1742.15,-0.002123805896,-3.71,1745.38,1679.76,74.86,39436077546.00,29016058.00,34.6,2.7,31.9,4.25,3.714050987,3.906510454,106.08,1745.86,1746.67
2024-11-28,2024,November,5,48,Thursday,1728.54,-0.007809283326,-13.60,1740.38,1659.241,74.92,39423578524.00,-12499022.00,34.6,2.7,31.9,4.25,4.176682123,4.890127474,106.08,1742.15,1738.85
2024-11-29,2024,November,5,48,Friday,1722.30,-0.003613743336,-6.25,1735,1663.396,75.11,39436167802.00,12589278.00,34.6,2.7,31.9,4.18,3.540931581,4.304687519,105.74,1728.54,1731.00
2024-12-02,2024,December,1,49,Monday,1722.19,-0.00006021862846,-0.10,1728.75,1661.1225,73.75,39502241158.00,66073356.00,34.8,2.9,31.9,4.19,3.676399543,4.071192823,106.45,1722.30,1724.34
2024-12-03,2024,December,1,49,Tuesday,1709.14,-0.007580165278,-13.05,1729,1642.65,75.7,39513134811.00,10893653.00,34.8,2.9,31.9,4.23,4.047575564,5.256749764,106.36,1722.19,1717.88
2024-12-04,2024,December,1,49,Wednesday,1649.27,-0.03502570741,-59.86,1717.5,1613.19,75.58,39513134811.00,0.00,34.8,2.9,31.9,4.19,2.236794798,6.466070333,106.32,1709.14,1693.53
2024-12-05,2024,December,1,49,Thursday,1612.97,-0.02201074867,-36.30,1671.25,1588.29,74.68,39535566455.00,22431644.00,34.8,2.9,31.9,4.17,1.553998325,5.223227496,105.71,1649.27,1657.13
2024-12-06,2024,December,1,49,Friday,1529.60,-0.0516906502,-83.38,1585,1533.26,73.67,39532623534.00,-2942921.00,34.8,2.9,31.9,4.15,-0.238939999,3.374509216,106.06,1612.97,1597.28
2024-12-09,2024,December,2,50,Monday,1622.41,0.06068048187,92.82,1588.75,1534.1771,74.62,39599107130.00,66483596.00,34.8,2.9,31.9,4.2,5.751355363,3.557144739,106.14,1529.60,1588.33
2024-12-10,2024,December,2,50,Tuesday,1664.46,0.02591320526,42.04,1640,1531.6057,74.54,39646628628.00,47521498.00,34.8,2.9,31.9,4.22,8.673857769,7.077167446,106.4,1622.41,1605.49
2024-12-11,2024,December,2,50,Wednesday,1680.43,0.009595333007,15.97,1686.88,1532.5936,75.27,39701159393.00,54530765.00,34.8,2.9,31.9,4.26,9.645896994,10.0670132,106.71,1664.46,1655.76
2024-12-12,2024,December,2,50,Thursday,1640.61,-0.02369182793,-39.81,1700,1534.1011,74.41,39746866758.00,45707365.00,34.8,2.9,31.9,4.32,6.942993285,10.81407868,106.96,1680.43,1661.83
2024-12-13,2024,December,2,50,Friday,1650.22,0.005853316156,9.60,1650,1532.7747,75.79,39785340756.00,38473998.00,34.8,2.9,31.9,4.4,7.66205018,7.647914596,107,1640.61,1657.09
2024-12-16,2024,December,3,51,Monday,1652.26,0.001238221244,2.04,1640,1533.0669,75.25,39910966408.00,125625652.00,34.8,2.9,31.9,4.39,7.774814002,6.975109827,106.86,1650.22,1647.70
2024-12-17,2024,December,3,51,Tuesday,1644.72,-0.004565867357,-7.54,1630,1533.6055,74.06,39953540013.00,42573605.00,34.8,2.9,31.9,4.4,7.24505096,6.285482153,106.96,1652.26,1649.06
2024-12-18,2024,December,3,51,Wednesday,1642.87,-0.001121368877,-1.84,1650,1538.378,75.47,39979927318.00,26387305.00,34.8,2.9,31.9,4.5,6.792457164,7.255823991,108.03,1644.72,1646.62
2024-12-19,2024,December,3,51,Thursday,1642.94,0.0000389851626,0.06,1655,1536.9253,74.65,40008149720.00,28222402.00,34.8,2.9,31.9,4.57,6.897564526,7.682526926,108.41,1642.87,1643.51
2024-12-20,2024,December,3,51,Friday,1646.96,0.002450969736,4.03,1655,1536.4275,74.09,40034047986.00,25898266.00,34.8,2.9,31.9,4.52,7.194286746,7.717415888,107.62,1642.94,1644.26
2024-12-23,2024,December,4,52,Monday,1637.12,-0.005974635124,-9.84,1650,1535.2157,73.07,40065585388.00,31537402.00,34.8,2.9,31.9,4.59,6.637946707,7.476753918,108.04,1646.96,1642.34
2024-12-24,2024,December,4,52,Tuesday,1617.13,-0.01221253088,-19.99,1647.5,1538.07,74.4,40064298275.00,-1287113.00,34.8,2.9,31.9,4.59,5.140149077,7.114760707,108.12,1637.12,1633.74
2024-12-27,2024,December,4,52,Friday,1638.15,0.01299581413,21.02,1645,1537.8917,74.65,40087433782.00,23135507.00,34.8,2.9,31.9,4.62,6.51887906,6.96461916,108,1617.13,1630.80
2024-12-30,2024,December,5,53,Monday,1645.26,0.004345362183,7.12,1650,1536.417,75.19,40103631877.00,16198095.00,34.8,2.9,31.9,4.55,7.084426515,7.392719555,108.13,1638.15,1633.51
2024-12-31,2024,December,5,53,Tuesday,1633.18,-0.007342289684,-12.08,1653,1535.3176,75.48,40099307350.00,-4324527.00,34.8,2.9,31.9,4.58,6.374298929,7.665019928,108.49,1645.26,1638.86
2025-01-02,2025,January,1,1,Thursday,1644.70,0.007048606505,11.51,1655,1540.8611,77.04,40110782497.00,11475147.00,27.6,3,24.6,4.57,6.738693059,7.40747495,109.39,1633.18,1641.05
2025-01-03,2025,January,1,1,Friday,1644.89,0.0001185630162,0.20,1655,1534.0585,77.62,40114634453.00,3851956.00,27.6,3,24.6,4.6,7.224724481,7.883760626,108.95,1644.70,1640.92
2025-01-06,2025,January,2,2,Monday,1642.22,-0.001624222086,-2.67,1657.5,1533.1065,77.17,40160875976.00,46241523.00,27.6,3,24.6,4.62,7.117041988,8.113819881,108.26,1644.89,1643.93
2025-01-07,2025,January,2,2,Tuesday,1643.80,0.0009600834643,1.58,1660,1533.6643,78.76,40156445607.00,-4430369.00,27.6,3,24.6,4.67,7.180886978,8.237506735,108.54,1642.22,1643.63
2025-01-08,2025,January,2,2,Wednesday,1650.73,0.004218895909,6.93,1657.5,1539.3976,78.27,40099341679.00,-57103928.00,27.6,3,24.6,4.67,7.232205637,7.671988056,109.09,1643.80,1645.58
2025-01-09,2025,January,2,2,Thursday,1657.04,0.00382376282,6.31,1650,1541.0559,79.34,40055273635.00,-44068044.00,27.6,3,24.6,4.68,7.526404461,7.069445047,109.09,1650.73,1650.52
2025-01-10,2025,January,2,2,Friday,1654.63,-0.001456611641,-2.41,1655,1542.0256,80.78,40009718454.00,-45555181.00,27.6,3,24.6,4.77,7.302260957,7.326363453,109.65,1657.04,1654.13
2025-01-13,2025,January,3,3,Monday,1655.07,0.0002691943911,0.45,1655,1546.853,83.64,39831348409.00,-178370045.00,27.6,3,24.6,4.79,6.99618839,6.991420646,109.96,1654.63,1655.58
2025-01-14,2025,January,3,3,Tuesday,1659.39,0.002606681424,4.31,1650,1547.6695,83.39,39760446298.00,-70902111.00,27.6,3,24.6,4.78,7.218498523,6.611909067,109.27,1655.07,1656.36
2025-01-15,2025,January,3,3,Wednesday,1664.54,0.003102750331,5.15,1656,1549.2019,84.48,39703177977.00,-57268321.00,27.6,3,24.6,4.66,7.444786033,6.893749614,109.09,1659.39,1659.67
2025-01-16,2025,January,3,3,Thursday,1669.20,0.00280158042,4.66,1674,1549.95,83.39,39635566046.00,-67611931.00,27.6,3,24.6,4.61,7.693796574,8.003483983,108.96,1664.54,1664.37
2025-01-17,2025,January,3,3,Friday,1669.72,0.0003115264798,0.52,1678.5,1546.7212,84.02,39584973387.00,-50592659.00,27.6,3,24.6,4.61,7.952228236,8.519880635,109.35,1669.20,1667.82
2025-01-20,2025,January,4,4,Monday,1658.70,-0.006597912624,-11.02,1670,1547.9989,82.63,39455284532.00,-129688855.00,27.6,3,24.6,4.61,7.151454264,7.881213611,109.35,1669.72,1665.87
2025-01-21,2025,January,4,4,Tuesday,1664.41,0.003439232654,5.70,1662,1551.2508,82.72,39392898613.00,-62385919.00,27.6,3,24.6,4.57,7.294578027,7.139348454,108.06,1658.70,1664.28
2025-01-22,2025,January,4,4,Wednesday,1657.83,-0.003950153248,-6.57,1658.5,1551.9172,82.13,39344222286.00,-48676327.00,27.6,3,24.6,4.6,6.824857237,6.867814855,108.17,1664.41,1660.31
2025-01-23,2025,January,4,4,Thursday,1645.77,-0.007274372355,-12.06,1648.5,1550.4787,80.91,39304696182.00,-39526104.00,27.6,3,24.6,4.65,6.146162238,6.32200236,108.05,1657.83,1656.00
2025-01-24,2025,January,4,4,Friday,1630.08,-0.009537238911,-15.70,1641.5,1533.263,80.75,39269190471.00,-35505711.00,27.6,3,24.6,4.63,6.314278764,7.059258588,107.44,1645.77,1644.56
2025-01-27,2025,January,5,5,Monday,1618.04,-0.007381891693,-12.03,1639,1534.5483,79.64,39164387827.00,-104802644.00,27.6,3,24.6,4.53,5.441089371,6.80667399,107.34,1630.08,1631.30
2025-01-28,2025,January,5,5,Tuesday,1616.55,-0.0009215513926,-1.49,1626,1527.3959,79.91,39131131258.00,-33256569.00,27.6,3,24.6,4.55,5.837218323,6.455700189,107.87,1618.04,1621.56
2025-01-29,2025,January,5,5,Wednesday,1617.34,0.0004866320526,0.79,1633,1508.4,79.94,39108633790.00,-22497468.00,27.6,3,24.6,4.55,7.222222222,8.26040838,108,1616.55,1617.31
2025-01-30,2025,January,5,5,Thursday,1595.61,-0.01343409549,-21.73,1621,1500.7785,78.78,39106730026.00,-1903764.00,27.6,3,24.6,4.52,6.318987112,8.010609161,107.8,1617.34,1609.84
2025-01-31,2025,January,5,5,Friday,1569.11,-0.01661065369,-26.50,1618,1478.22,79.37,39057802339.00,-48927687.00,27.6,3,24.6,4.58,6.148498419,9.455967312,108.37,1595.61,1594.02
2025-02-03,2025,February,2,6,Monday,1600.69,0.02012714227,31.58,1608.5,1488.99,79.88,38931418948.00,-126383391.00,26.3,2.8,23.5,4.54,7.50172936,8.026245979,108.99,1569.11,1588.47
2025-02-04,2025,February,2,6,Tuesday,1592.21,-0.005299987108,-8.48,1593.5,1497.41,78.78,38880642275.00,-50776673.00,26.3,2.8,23.5,4.52,6.330688565,6.417080158,107.96,1600.69,1587.33
2025-02-05,2025,February,2,6,Wednesday,1580.60,-0.007290531283,-11.61,1559.5,1499.14,76.87,38828696065.00,-51946210.00,26.3,2.8,23.5,4.43,5.43367086,4.026308417,107.58,1592.21,1591.16
2025-02-06,2025,February,2,6,Thursday,1564.23,-0.01035718893,-16.37,1553.5,1499.982,76.66,38784869608.00,-43826457.00,26.3,2.8,23.5,4.45,4.283103249,3.567909482,107.69,1580.60,1579.01
2025-02-07,2025,February,2,6,Friday,1559.94,-0.002741146679,-4.29,1556,1500.41,76.49,38736454978.00,-48414630.00,26.3,2.8,23.5,4.49,3.967582194,3.704987303,108.04,1564.23,1568.26
2025-02-10,2025,February,3,7,Monday,1567.35,0.004747191131,7.41,1568,1499.78,76.72,38605023891.00,-131431087.00,26.3,2.8,23.5,4.51,4.505016291,4.548667138,108.32,1559.94,1563.84
2025-02-11,2025,February,3,7,Tuesday,1562.34,-0.003194090235,-5.01,1566,1503.0718,78.92,38556633367.00,-48390524.00,26.3,2.8,23.5,4.54,3.94307783,4.186639654,107.96,1567.35,1563.21
2025-02-12,2025,February,3,7,Wednesday,1559.72,-0.001678951083,-2.62,1567,1504.3012,78.31,38489718865.00,-66914502.00,26.3,2.8,23.5,4.62,3.68375695,4.167968489,107.94,1562.34,1563.13
2025-02-13,2025,February,3,7,Thursday,1556.06,-0.002342591714,-3.65,1566,1507.8789,76.97,38433212830.00,-56506035.00,26.3,2.8,23.5,4.52,3.195437128,3.854493885,107.31,1559.72,1559.37
2025-02-14,2025,February,3,7,Friday,1551.15,-0.003155757839,-4.91,1557.5,1508.6637,77.04,38374446895.00,-58765935.00,26.3,2.8,23.5,4.47,2.816264928,3.237056741,106.71,1556.06,1555.64
2025-02-17,2025,February,4,8,Monday,1545.48,-0.003658571964,-5.68,1544,1508.5889,77.12,38217808646.00,-156638249.00,26.3,2.8,23.5,4.47,2.445183487,2.347299519,106.71,1551.15,1550.90
2025-02-18,2025,February,4,8,Tuesday,1537.06,-0.005443059344,-8.41,1537,1507.223,77.82,38164441214.00,-53367432.00,26.3,2.8,23.5,4.55,1.979902473,1.975620064,107.05,1545.48,1544.56
2025-02-19,2025,February,4,8,Wednesday,1524.17,-0.008386526414,-12.89,1516.5,1509.0387,78.7,38114611560.00,-49829654.00,26.3,2.8,23.5,4.53,1.002970503,0.4944405998,107.17,1537.06,1535.57
2025-02-20,2025,February,4,8,Thursday,1497.22,-0.01768354759,-26.95,1503.5,1500.524,78.8,38074344956.00,-40266604.00,26.3,2.8,23.5,4.5,-0.2201156988,0.1983307165,106.37,1524.17,1519.49
2025-02-21,2025,February,4,8,Friday,1498.13,0.000610193621,0.91,1503.5,1500.7304,77.17,38031872425.00,-42472531.00,26.3,2.8,23.5,4.42,-0.1729620535,0.1845501364,106.61,1497.22,1506.51
2025-02-24,2025,February,5,9,Monday,1489.76,-0.005591423688,-8.38,1503.5,1497.1146,76.87,37901381733.00,-130490692.00,26.3,2.8,23.5,4.4,-0.4913852286,0.4265137752,106.6,1498.13,1495.04
2025-02-25,2025,February,5,9,Tuesday,1491.44,0.001129042435,1.68,1491,1495.914,76.42,37855822688.00,-45559045.00,26.3,2.8,23.5,4.3,-0.2990813643,-0.3284948199,106.31,1489.76,1493.11
2025-02-26,2025,February,5,9,Wednesday,1497.12,0.003807282447,5.68,1495,1499.11,74.57,37811380804.00,-44441884.00,26.3,2.8,23.5,4.25,-0.132856606,-0.2741626699,106.42,1491.44,1492.77
2025-02-27,2025,February,5,9,Thursday,1498.42,0.0008694480842,1.30,1498,1499.07,76.45,37766486746.00,-44894058.00,26.3,2.8,23.5,4.29,-0.04336021667,-0.07137758744,107.24,1497.12,1495.66
2025-02-28,2025,February,5,9,Friday,1500.91,0.001658413529,2.49,1504,1492.49,75.8,37720817263.00,-45669483.00,26.3,2.8,23.5,4.24,0.5638228732,0.7711944469,107.61,1498.42,1498.81
2025-03-03,2025,March,2,10,Monday,1495.99,-0.003277719412,-4.92,1503.5,1498.98,75.77,37656445176.00,-64372087.00,27.4,2.4,25,4.16,-0.1997722087,0.3015383794,106.75,1500.91,1498.44
2025-03-04,2025,March,2,10,Tuesday,1504.95,0.005994788824,8.97,1506,1491.67,73.53,37640670771.00,-15774405.00,27.4,2.4,25,4.22,0.890516765,0.9606682443,105.74,1495.99,1500.61
2025-03-05,2025,March,2,10,Wednesday,1520.18,0.01012056074,15.23,1526,1500.8,73.19,37630425418.00,-10245353.00,27.4,2.4,25,4.28,1.291614169,1.679104478,104.3,1504.95,1507.04
2025-03-06,2025,March,2,10,Thursday,1554.25,0.02241193823,34.07,1562.5,1512.3,72.15,37633238790.00,2813372.00,27.4,2.4,25,4.29,2.77423974,3.3194472,104.06,1520.18,1526.46
2025-03-07,2025,March,2,10,Friday,1551.00,-0.002091869439,-3.25,1572.5,1517.2448,73.89,37631292626.00,-1946164.00,27.4,2.4,25,4.32,2.225002149,3.641811789,103.84,1554.25,1541.81
2025-03-10,2025,March,3,11,Monday,1558.08,0.004560899092,7.07,1568.5,1530.15,73.42,37640273185.00,8980559.00,27.4,2.4,25,4.22,1.825147861,2.506290233,103.84,1551.00,1554.45
2025-03-11,2025,March,3,11,Tuesday,1560.38,0.001476178175,2.30,1574,1536.1532,74.13,37623911309.00,-16361876.00,27.4,2.4,25,4.28,1.576945581,2.463738643,103.84,1558.08,1556.49
2025-03-12,2025,March,3,11,Wednesday,1570.48,0.006473860759,10.10,1578.5,1538.6807,75.13,37619243853.00,-4667456.00,27.4,2.4,25,4.32,2.066605935,2.587885843,103.61,1560.38,1562.98
2025-03-13,2025,March,3,11,Thursday,1585.05,0.009275168141,14.57,1588.5,1547.819,74.07,37621931760.00,2687907.00,27.4,2.4,25,4.27,2.405101953,2.628278888,103.83,1570.48,1571.97
2025-03-14,2025,March,3,11,Friday,1571.95,-0.008261670701,-13.10,1583.5,1517.93,73.96,37622747288.00,815528.00,27.4,2.4,25,4.31,3.558826823,4.319698537,103.72,1585.05,1575.83
2025-03-17,2025,March,4,12,Monday,1561.69,-0.006526938227,-10.26,1575,1528.03,74.84,37615582112.00,-7165176.00,27.4,2.4,25,4.31,2.202867495,3.073892528,103.37,1571.95,1572.90
2025-03-18,2025,March,4,12,Tuesday,1563.61,0.001230504185,1.92,1577,1532.9303,73.69,37603108484.00,-12473628.00,27.4,2.4,25,4.29,2.001515846,2.874866522,103.24,1561.69,1565.75
2025-03-19,2025,March,4,12,Wednesday,1567.45,0.002456258055,3.84,1576,1530.52,73.95,37586798163.00,-16310321.00,27.4,2.4,25,4.25,2.41308691,2.971539085,103.43,1563.61,1564.25
2025-03-20,2025,March,4,12,Thursday,1559.90,-0.004818879471,-7.55,1581,1530.62,74.79,37575985348.00,-10812815.00,27.4,2.4,25,4.24,1.912911877,3.291476657,103.85,1567.45,1563.65
2025-03-21,2025,March,4,12,Friday,1563.72,0.002447879235,3.82,1577,1536.89,74.45,37554048086.00,-21937262.00,27.4,2.4,25,4.25,1.745593838,2.609815927,104.09,1559.90,1563.69
2025-03-24,2025,March,5,13,Monday,1568.13,0.002820506379,4.41,1574.5,1531.1887,75.44,37521760254.00,-32287832.00,27.4,2.4,25,4.34,2.412480796,2.828606298,104.26,1563.72,1563.92
2025-03-25,2025,March,5,13,Tuesday,1560.64,-0.004776698457,-7.49,1573.5,1532.3907,75.53,37532871386.00,11111132.00,27.4,2.4,25,4.31,1.843339113,2.682690518,104.18,1568.13,1564.16
2025-03-26,2025,March,5,13,Wednesday,1546.01,-0.009372752596,-14.63,1563.5,1537.6163,76.5,37540684737.00,7813351.00,27.4,2.4,25,4.35,0.5459154287,1.683365349,104.55,1560.64,1558.26
2025-03-27,2025,March,5,13,Thursday,1530.33,-0.01014130732,-15.68,1558,1538.6582,76.51,37551682091.00,10997354.00,27.4,2.4,25,4.38,-0.5411456435,1.25705631,104.33,1546.01,1545.66
2025-03-28,2025,March,5,13,Friday,1534.48,0.002707737841,4.14,1554.5,1536.8158,75.9,37527172657.00,-24509434.00,27.4,2.4,25,4.27,-0.1522787861,1.150703943,104.04,1530.33,1536.94
2025-04-02,2025,April,1,14,Wednesday,1533.88,-0.0003855823343,-0.59,1551,1531.2451,79.38,37395472937.00,-131699720.00,26.8,2.3,24.5,4.2,0.1723296217,1.290120047,103.81,1534.48,1532.90
2025-04-03,2025,April,1,14,Thursday,1542.07,0.005336851877,8.19,1556,1552.53,73.92,37382696586.00,-12776351.00,26.8,2.3,24.5,4.06,-0.6737389938,0.223506148,102.07,1533.88,1536.81
2025-04-04,2025,April,1,14,Friday,1551.20,0.005921694,9.13,1566,1567.02,69.98,37362994382.00,-19702204.00,26.8,2.3,24.5,4.01,-1.009453187,-0.06509170272,103.02,1542.07,1542.39
2025-04-07,2025,April,2,15,Monday,1589.53,0.02470955945,38.33,1566,1612.2368,68.51,37320946703.00,-42047679.00,26.8,2.3,24.5,4.15,-1.408330558,-2.867866557,103.26,1551.20,1560.93
2025-04-08,2025,April,2,15,Tuesday,1623.86,0.02159606047,34.33,1611.5,1611.5535,68.17,37308327731.00,-12618972.00,26.8,2.3,24.5,4.26,0.7635668241,-0.00331977809,102.95,1589.53,1588.20
2025-04-09,2025,April,2,15,Wednesday,1621.97,-0.00116143726,-1.89,1611,1629.9366,64.04,37281411695.00,-26916036.00,26.8,2.3,24.5,4.34,-0.4885970548,-1.16179979,102.9,1623.86,1611.79
2025-04-10,2025,April,2,15,Thursday,1620.37,-0.0009870934144,-1.60,1611,1591.8496,66.82,37266592087.00,-14819608.00,26.8,2.3,24.5,4.4,1.791760926,1.203028226,100.87,1621.97,1622.07
2025-04-11,2025,April,2,15,Friday,1602.98,-0.01073276708,-17.39,1613.5,1603.7832,67.29,37231187825.00,-35404262.00,26.8,2.3,24.5,4.48,-0.05004001372,0.6058674265,100.1,1620.37,1615.11
2025-04-14,2025,April,3,16,Monday,1612.35,0.005846192364,9.37,1614,1604.4809,68.69,37159564379.00,-71623446.00,26.8,2.3,24.5,4.38,0.4905698784,0.593282226,99.64,1602.98,1611.90
2025-04-15,2025,April,3,16,Tuesday,1607.82,-0.002811686636,-4.53,1611,1598.9548,68.42,37141642419.00,-17921960.00,26.8,2.3,24.5,4.35,0.554347842,0.7533171044,100.22,1612.35,1607.72
2025-04-16,2025,April,3,16,Wednesday,1600.46,-0.004574021323,-7.35,1610.5,1599.7991,69.52,37124436522.00,-17205897.00,26.8,2.3,24.5,4.29,0.04158490901,0.6688902375,99.38,1607.82,1606.88
2025-04-17,2025,April,3,16,Thursday,1591.68,-0.005489831513,-8.79,1610,1599.9384,70.64,37113653844.00,-10782678.00,26.8,2.3,24.5,4.34,-0.5162889247,0.6288742117,99.38,1600.46,1599.99
2025-04-22,2025,April,4,17,Tuesday,1598.23,0.004114675018,6.55,1599,1602.6318,70.54,37079963649.00,-33690195.00,26.8,2.3,24.5,4.41,-0.2748271104,-0.2266147471,98.92,1591.68,1596.79
2025-04-23,2025,April,4,17,Wednesday,1606.35,0.005080420349,8.12,1603.5,1602.3043,68.83,37069204012.00,-10759637.00,26.8,2.3,24.5,4.4,0.2523053829,0.07462377777,99.84,1598.23,1598.75
2025-04-24,2025,April,4,17,Thursday,1602.34,-0.002492085363,-4.00,1606,1601.8226,69.92,37054465420.00,-14738592.00,26.8,2.3,24.5,4.32,0.03254081656,0.2607904271,99.38,1606.35,1602.31
2025-04-25,2025,April,4,17,Friday,1599.51,-0.001771059414,-2.84,1604,1599.5491,68.32,37041588201.00,-12877219.00,26.8,2.3,24.5,4.29,-0.002694509346,0.2782596671,99.47,1602.34,1602.73
2025-04-28,2025,April,5,18,Monday,1600.83,0.0008293185521,1.33,1606,1599.9452,67.24,37085305028.00,43716827.00,26.8,2.3,24.5,4.23,0.05545814944,0.3784379615,99.01,1599.51,1600.89
2025-04-29,2025,April,5,18,Tuesday,1601.20,0.0002304604457,0.37,1606,1599.7055,66.66,37142859366.00,57554338.00,26.8,2.3,24.5,4.19,0.0935127479,0.3934786747,99.24,1600.83,1600.51
2025-04-30,2025,April,5,18,Wednesday,1593.32,-0.0049236663,-7.88,1606,1596.6891,64.88,37181534422.00,38675056.00,26.8,2.3,24.5,4.17,-0.2111527498,0.5831379446,99.47,1601.20,1598.45
2025-05-02,2025,May,1,18,Friday,1586.13,-0.004510701557,-7.19,1602,1602.1811,63.16,37259336214.00,77801792.00,26.1,2.4,23.7,4.33,-1.001786461,-0.01130334143,100.03,1593.32,1593.55
2025-05-05,2025,May,2,19,Monday,1598.66,0.007899307161,12.53,1602.5,1605.6284,63.16,37336882569.00,77546355.00,26.1,2.4,23.7,4.36,-0.4339983025,-0.194839603,99.83,1586.13,1592.70
2025-05-06,2025,May,2,19,Tuesday,1609.64,0.006867770989,10.98,1600,1606.6413,64.49,37349574672.00,12692103.00,26.1,2.4,23.7,4.3,0.1865961475,-0.4133654475,99.24,1598.66,1598.14
2025-05-07,2025,May,2,19,Wednesday,1614.89,0.003259254419,5.25,1627,1608.6036,63.24,37349527744.00,-46928.00,26.1,2.4,23.7,4.26,0.3905160069,1.14362544,99.61,1609.64,1607.73
2025-05-08,2025,May,2,19,Thursday,1612.22,-0.001650966144,-2.67,1625,1609.6357,63.39,37357411987.00,7884243.00,26.1,2.4,23.7,4.37,0.1605104393,0.9545203303,100.64,1614.89,1612.25
2025-05-09,2025,May,2,19,Friday,1606.95,-0.003269613026,-5.27,1621,1606.1524,64.57,37380797080.00,23385093.00,26.1,2.4,23.7,4.37,0.04953452736,0.9244203726,100.34,1612.22,1611.35
2025-05-12,2025,May,3,20,Monday,1616.80,0.006129632073,9.85,1624,1600.4396,66.85,37479088551.00,98291471.00,26.1,2.4,23.7,4.45,1.022119173,1.472120535,101.79,1606.95,1611.99
2025-05-13,2025,May,3,20,Tuesday,1617.73,0.0005743863282,0.93,1628,1600.0307,67.85,37535193658.00,56105107.00,26.1,2.4,23.7,4.49,1.105976696,1.748047709,101,1616.80,1613.82
2025-05-14,2025,May,3,20,Wednesday,1618.34,0.0003780089456,0.61,1629,1596.7,67,37564300068.00,29106410.00,26.1,2.4,23.7,4.53,1.355181425,2.022922277,101.04,1617.73,1617.62
2025-05-15,2025,May,3,20,Thursday,1614.80,-0.002186923511,-3.54,1631,1599.3294,65.43,37603121510.00,38821442.00,26.1,2.4,23.7,4.45,0.9672554009,1.980242469,100.88,1618.34,1616.95
2025-05-16,2025,May,3,20,Friday,1615.35,0.0003412189381,0.55,1616,1598.721,65.57,37647909524.00,44788014.00,26.1,2.4,23.7,4.43,1.040143965,1.080801466,101.09,1614.80,1616.16
2025-05-19,2025,May,4,21,Monday,1616.08,0.0004488191414,0.73,1624,1598.6885,66.6,37778129976.00,130220452.00,26.1,2.4,23.7,4.46,1.087547699,1.583266534,100.43,1615.35,1615.41
2025-05-20,2025,May,4,21,Tuesday,1615.23,-0.0005205513358,-0.84,1622,1590.4571,67.17,37802168383.00,24038407.00,26.1,2.4,23.7,4.48,1.557832022,1.983260033,100.12,1616.08,1615.55
2025-05-21,2025,May,4,21,Wednesday,1610.40,-0.002992600916,-4.83,1624,1584.4966,68,37822617305.00,20448922.00,26.1,2.4,23.7,4.58,1.634803129,2.493119897,99.56,1615.23,1613.90
2025-05-22,2025,May,4,21,Thursday,1606.55,-0.002388381769,-3.85,1617,1584.9542,66.45,37840453726.00,17836421.00,26.1,2.4,23.7,4.54,1.362787013,2.021875459,99.96,1610.40,1610.73
2025-05-23,2025,May,4,21,Friday,1603.95,-0.001622572541,-2.61,1616,1580.4411,66.28,37834354060.00,-6099666.00,26.1,2.4,23.7,4.51,1.48729997,2.249935161,99.11,1606.55,1606.97
2025-05-26,2025,May,5,22,Monday,1602.24,-0.001062690974,-1.70,1613.5,1579.408,66.28,37818897737.00,-15456323.00,26.1,2.4,23.7,4.51,1.445763223,2.158530285,99.11,1603.95,1604.25
2025-05-27,2025,May,5,22,Tuesday,1602.50,0.0001607122517,0.26,1611,1583.7388,65.78,37808054938.00,-10842799.00,26.1,2.4,23.7,4.43,1.184614534,1.721319197,99.52,1602.24,1602.90
2025-05-28,2025,May,5,22,Wednesday,1608.97,0.004036661466,6.47,1623,1590.7471,66.73,37795438405.00,-12616533.00,26.1,2.4,23.7,4.47,1.145477493,2.027531592,99.88,1602.50,1604.57
2025-05-29,2025,May,5,22,Thursday,1606.54,-0.001512614835,-2.43,1622,1586.152,66.52,37760662557.00,-34775848.00,26.1,2.4,23.7,4.43,1.285059692,2.260060826,99.28,1608.97,1606.00
2025-05-30,2025,May,5,22,Friday,1598.51,-0.004998334926,-8.03,1619,1586.1524,65.73,37744303090.00,-16359467.00,26.1,2.4,23.7,4.41,0.7787776257,2.070898105,99.33,1606.54,1604.67
2025-06-02,2025,June,1,23,Monday,1585.66,-0.008037510048,-12.85,1606,1581.5866,66.18,37693773041.00,-50530049.00,25.3,2.7,22.6,4.46,0.2573618163,1.543601849,98.71,1598.51,1596.90
2025-06-03,2025,June,1,23,Tuesday,1585.18,-0.0003019683209,-0.48,1605,1579.275,69.17,37664074884.00,-29698157.00,25.3,2.7,22.6,4.46,0.3737906203,1.628912001,99.23,1585.66,1589.78
2025-06-04,2025,June,1,23,Wednesday,1583.21,-0.001241615511,-1.97,1609,1565.4625,67.98,37635014243.00,-29060641.00,25.3,2.7,22.6,4.37,1.133690523,2.781126983,98.79,1585.18,1584.68
2025-06-05,2025,June,1,23,Thursday,1576.03,-0.00453572173,-7.18,1611,1553.1157,68.87,37587550112.00,-47464131.00,25.3,2.7,22.6,4.4,1.475311852,3.726979259,98.74,1583.21,1581.47
2025-06-10,2025,June,2,24,Tuesday,1578.79,0.001753024965,2.76,1609,1540.0481,71.98,37364923268.00,-222626844.00,25.3,2.7,22.6,4.47,2.51574728,4.477256262,99.1,1576.03,1579.34
2025-06-11,2025,June,2,24,Wednesday,1575.32,-0.002202201799,-3.48,1607,1539.7248,72.15,37340351616.00,-24571652.00,25.3,2.7,22.6,4.41,2.31146501,4.36930028,98.63,1578.79,1576.71
2025-06-13,2025,June,2,24,Friday,1566.70,-0.005471286695,-8.62,1606,1549.3511,77.32,37251984029.00,-88367587.00,25.3,2.7,22.6,4.41,1.119494477,3.656298434,98.18,1575.32,1573.60
2025-06-16,2025,June,3,25,Monday,1571.47,0.003048595402,4.78,1595.5,1544.33,75.41,37142389064.00,-109594965.00,25.3,2.7,22.6,4.46,1.757540307,3.313410994,98,1566.70,1571.16
2025-06-17,2025,June,3,25,Tuesday,1575.28,0.002422003429,3.81,1595,1545.265,79.17,37099451135.00,-42937929.00,25.3,2.7,22.6,4.39,1.94227743,3.218541804,98.82,1571.47,1571.15
2025-06-18,2025,June,3,25,Wednesday,1582.14,0.004353123386,6.86,1598,1549.2093,79.44,37057548191.00,-41902944.00,25.3,2.7,22.6,4.38,2.125369005,3.149393694,98.91,1575.28,1576.30
2025-06-19,2025,June,3,25,Thursday,1584.15,0.001273143445,2.01,1601,1549.4193,82.45,37032960638.00,-24587553.00,25.3,2.7,22.6,4.38,2.241530101,3.329034303,98.91,1582.14,1580.52
2025-06-20,2025,June,3,25,Friday,1580.05,-0.002585843283,-4.10,1599,1547.3636,80.14,36983527352.00,-49433286.00,25.3,2.7,22.6,4.38,2.11262798,3.337056656,98.71,1584.15,1582.11
2025-06-23,2025,June,4,26,Monday,1580.07,0.00001126050875,0.02,1589,1548.5237,80.04,36843834839.00,-139692513.00,25.3,2.7,22.6,4.34,2.037277736,2.613863772,98.42,1580.05,1581.43
2025-06-24,2025,June,4,26,Tuesday,1573.78,-0.003981161463,-6.29,1576,1549.0368,72.84,36791790971.00,-52043868.00,25.3,2.7,22.6,4.3,1.597386782,1.74064296,97.86,1580.07,1577.97
2025-06-25,2025,June,4,26,Wednesday,1567.10,-0.004245132885,-6.68,1571,1549.2616,72.16,36738680520.00,-53110451.00,25.3,2.7,22.6,4.29,1.151413034,1.40314586,97.68,1573.78,1573.65
2025-06-26,2025,June,4,26,Thursday,1563.52,-0.002282347436,-3.58,1573.5,1536.0817,71.67,36693906603.00,-44773917.00,25.3,2.7,22.6,4.26,1.786469648,2.435957671,97.15,1567.10,1568.13
2025-06-27,2025,June,4,26,Friday,1557.34,-0.00395474324,-6.18,1571,1539.2359,71.14,36645127256.00,-48779347.00,25.3,2.7,22.6,4.29,1.17617449,2.063627804,97.4,1563.52,1562.65
2025-06-30,2025,June,5,27,Monday,1556.62,-0.0004644671898,-0.72,1566,1529.7105,71.29,36537598099.00,-107529157.00,25.3,2.7,22.6,4.24,1.758905797,2.372311624,96.88,1557.34,1559.16
2025-07-01,2025,July,1,27,Tuesday,1547.26,-0.006008490637,-9.35,1561,1529.5795,69.4,36522679034.00,-14919065.00,24.9,2.7,22.2,4.26,1.156151086,2.054192018,96.82,1556.62,1553.74
2025-07-02,2025,July,1,27,Wednesday,1547.73,0.0003034927519,0.47,1559,1526.1577,71.39,36508554753.00,-14124281.00,24.9,2.7,22.2,4.3,1.413722405,2.151959788,96.78,1547.26,1550.54
2025-07-03,2025,July,1,27,Thursday,1535.32,-0.008020330806,-12.41,1562,1525.8246,72.17,36507555425.00,-999328.00,24.9,2.7,22.2,4.35,0.6223126826,2.370875394,97.18,1547.73,1543.44
2025-07-04,2025,July,1,27,Friday,1533.37,-0.001268790871,-1.95,1556.5,1528.5616,72.07,36508064030.00,508605.00,24.9,2.7,22.2,4.35,0.3147010889,1.827757547,97.18,1535.32,1538.81
2025-07-07,2025,July,2,28,Monday,1539.87,0.004236632294,6.50,1555,1528.3301,73.29,36601988977.00,93924947.00,24.9,2.7,22.2,4.4,0.7549568862,1.745035317,97.48,1533.37,1536.19
2025-07-08,2025,July,2,28,Tuesday,1539.41,-0.0002963456832,-0.46,1546,1529.223,74.36,36609321080.00,7332103.00,24.9,2.7,22.2,4.42,0.6662860812,1.097093099,97.52,1539.87,1537.55
2025-07-09,2025,July,2,28,Wednesday,1539.71,0.0001946630705,0.30,1546,1520.749,74.87,36656615236.00,47294156.00,24.9,2.7,22.2,4.34,1.246929419,1.6604318,97.56,1539.41,1539.66
2025-07-10,2025,July,2,28,Thursday,1534.36,-0.003474135309,-5.35,1544,1525.98,72.65,36682786373.00,26171137.00,24.9,2.7,22.2,4.35,0.5493191261,1.180880483,97.65,1539.71,1537.83
2025-07-11,2025,July,2,28,Friday,1535.53,0.0007625316703,1.17,1543.5,1530.2634,74.15,36761105808.00,78319435.00,24.9,2.7,22.2,4.43,0.3443263428,0.8649883412,97.85,1534.36,1536.54
2025-07-14,2025,July,3,29,Monday,1533.15,-0.001551579012,-2.38,1544,1518.8873,72.82,36972790515.00,211684707.00,24.9,2.7,22.2,4.43,0.9390229282,1.653361642,98.08,1535.53,1534.35
2025-07-16,2025,July,3,29,Wednesday,1528.80,-0.002839804425,-4.35,1537.5,1530.2562,72.09,37114606919.00,141816404.00,24.9,2.7,22.2,4.46,-0.09541187638,0.4733717138,98.39,1533.15,1532.49
2025-07-17,2025,July,3,29,Thursday,1531.45,0.001737463232,2.66,1533.5,1533.1109,73.32,37192355129.00,77748210.00,24.9,2.7,22.2,4.47,-0.1081799789,0.02537976868,98.73,1528.80,1531.13
2025-07-18,2025,July,3,29,Friday,1530.39,-0.0006944336479,-1.06,1532,1532.3405,74.38,37278074791.00,85719662.00,24.9,2.7,22.2,4.44,-0.127361452,-0.02222090978,98.48,1531.45,1530.21
2025-07-21,2025,July,4,30,Monday,1532.00,0.001051026666,1.61,1530.5,1532.5428,74.38,37586900150.00,308825359.00,24.9,2.7,22.2,4.38,-0.03558997367,-0.1332948091,97.85,1530.39,1531.28
2025-07-22,2025,July,4,30,Tuesday,1533.29,0.0008437557437,1.29,1530.5,1535.2369,73.61,37708721318.00,121821168.00,24.9,2.7,22.2,4.35,-0.1268143047,-0.3085452154,97.39,1532.00,1531.89
2025-07-23,2025,July,4,30,Wednesday,1533.13,-0.0001055213768,-0.16,1532,1535.6169,71.72,37842355377.00,133634059.00,24.9,2.7,22.2,4.4,-0.162064827,-0.2355340059,97.21,1533.29,1532.81
2025-07-24,2025,July,4,30,Thursday,1531.96,-0.0007630619481,-1.17,1534,1534.7887,73.14,37976596323.00,134240946.00,24.9,2.7,22.2,4.43,-0.1844140934,-0.05138818132,97.38,1533.13,1532.79
2025-07-25,2025,July,4,30,Friday,1533.02,0.0006946766522,1.06,1535,1534.7193,72.49,38110596643.00,134000320.00,24.9,2.7,22.2,4.4,-0.1105577405,0.01828998958,97.64,1531.96,1532.70
2025-07-28,2025,July,5,31,Monday,1534.18,0.000755514139,1.16,1536,1534.209,72.99,38490050886.00,379454243.00,24.9,2.7,22.2,4.42,-0.001840086274,0.1167376805,98.63,1533.02,1533.05
2025-07-29,2025,July,5,31,Tuesday,1537.45,0.002128119769,3.26,1542,1533.1823,74.44,38615426843.00,125375957.00,24.9,2.7,22.2,4.34,0.2780745418,0.575124041,98.89,1534.18,1534.88
2025-07-30,2025,July,5,31,Wednesday,1540.22,0.001805816142,2.78,1550.5,1534.5214,76.12,38709745064.00,94318221.00,24.9,2.7,22.2,4.38,0.3714926294,1.041275801,99.81,1537.45,1537.28
2025-07-31,2025,July,5,31,Thursday,1541.07,0.0005473461464,0.84,1563.5,1533.554,76.34,38709745064.00,0.00,24.9,2.7,22.2,4.37,0.489781807,1.952718978,99.97,1540.22,1539.58
2025-08-01,2025,August,1,31,Friday,1539.76,-0.0008448122179,-1.30,1557,1533.7443,73.14,38896294206.00,186549142.00,23.1,2.9,20.2,4.23,0.392429031,1.516269694,99.14,1541.07,1540.35
2025-08-04,2025,August,2,32,Monday,1540.30,0.0003457003423,0.53,1557,1531.954,72.65,39170849076.00,274554870.00,23.1,2.9,20.2,4.22,0.5444977163,1.634905487,98.78,1539.76,1540.37
2025-08-05,2025,August,2,32,Tuesday,1537.41,-0.001870303772,-2.88,1565,1533.1032,71.31,39264540011.00,93690935.00,23.1,2.9,20.2,4.22,0.2812226957,2.080538349,98.78,1540.30,1539.16
2025-08-06,2025,August,2,32,Wednesday,1540.84,0.002226856094,3.42,1561,1534.4368,72.34,39353213642.00,88673631.00,23.1,2.9,20.2,4.22,0.4171846826,1.731136792,98.18,1537.41,1539.52
2025-08-07,2025,August,2,32,Thursday,1541.21,0.0002389714315,0.37,1563.5,1533.7313,70.74,39518683181.00,165469539.00,23.1,2.9,20.2,4.23,0.4873833906,1.9409332,98.4,1540.84,1539.82
2025-08-08,2025,August,2,32,Friday,1539.99,-0.0007925295223,-1.22,1561,1533.5652,70.74,39651581169.00,132897988.00,23.1,2.9,20.2,4.27,0.4186193062,1.788955566,98.18,1541.21,1540.68
2025-08-11,2025,August,3,33,Monday,1536.27,-0.002414525683,-3.72,1546.5,1535.9285,69.84,39943887150.00,292305981.00,23.1,2.9,20.2,4.27,0.02201708391,0.688280737,98.52,1539.99,1539.15
2025-08-12,2025,August,3,33,Tuesday,1536.83,0.0003657599127,0.56,1548,1537.0949,69.54,40012761141.00,68873991.00,23.1,2.9,20.2,4.29,-0.01732674875,0.7094617255,98.1,1536.27,1537.69
2025-08-13,2025,August,3,33,Wednesday,1541.20,0.00284444775,4.37,1548.5,1534.8274,68.64,40081773614.00,69012473.00,23.1,2.9,20.2,4.24,0.4151997808,0.8908232939,97.84,1536.83,1538.10
2025-08-14,2025,August,3,33,Thursday,1543.23,0.00131931828,2.03,1548,1534.5244,70.51,40147771513.00,65997899.00,23.1,2.9,20.2,4.29,0.5675330632,0.8781613378,98.25,1541.20,1540.42
2025-08-15,2025,August,3,33,Friday,1540.81,-0.001571791493,-2.43,1546.5,1532.5145,70.18,40193307038.00,45535525.00,23.1,2.9,20.2,4.33,0.5411493534,0.9125851664,97.85,1543.23,1541.75
2025-08-18,2025,August,4,34,Monday,1541.05,0.0001572601782,0.24,1546.5,1533.6715,70.17,40320774824.00,127467786.00,23.1,2.9,20.2,4.34,0.4811004182,0.8364568292,98.17,1540.81,1541.70
2025-08-19,2025,August,4,34,Tuesday,1540.88,-0.0001081513687,-0.17,1548.5,1534.9346,69.51,40360383854.00,39609030.00,23.1,2.9,20.2,4.3,0.387556143,0.8837770678,98.27,1541.05,1540.91
2025-08-20,2025,August,4,34,Wednesday,1542.90,0.001308773106,2.02,1546.5,1536.7346,70.11,40405572439.00,45188585.00,23.1,2.9,20.2,4.29,0.4012013525,0.635464315,98.22,1540.88,1541.61
2025-08-21,2025,August,4,34,Thursday,1542.27,-0.0004097108414,-0.63,1545.5,1535.7833,70.12,40436790477.00,31218038.00,23.1,2.9,20.2,4.33,0.4222312577,0.6326869162,98.62,1542.90,1542.02
2025-08-22,2025,August,4,34,Friday,1540.90,-0.0008869128255,-1.37,1544,1535.0379,71.24,40465494481.00,28704004.00,23.1,2.9,20.2,4.26,0.3818863365,0.5838357476,97.72,1542.27,1542.02
2025-08-25,2025,August,5,35,Monday,1538.64,-0.001469035216,-2.26,1544,1536.4245,70.58,40549194488.00,83700007.00,23.1,2.9,20.2,4.28,0.1439617525,0.4930603489,98.43,1540.90,1540.60
2025-08-26,2025,August,5,35,Tuesday,1540.62,0.001286217475,1.98,1543.5,1537.616,69.7,40576576428.00,27381940.00,23.1,2.9,20.2,4.26,0.1950672089,0.3826703156,98.22,1538.64,1540.05
2025-08-27,2025,August,5,35,Wednesday,1540.54,-0.00005090699108,-0.08,1544,1537.0748,70.27,40599148895.00,22572467.00,23.1,2.9,20.2,4.24,0.2252432036,0.4505441115,98.23,1540.62,1539.93
2025-08-28,2025,August,5,35,Thursday,1535.07,-0.00355031337,-5.47,1544,1535.4746,70.98,40620961003.00,21812108.00,23.1,2.9,20.2,4.22,-0.02650857477,0.5552289826,97.81,1540.54,1538.74
2025-08-29,2025,August,5,35,Friday,1534.05,-0.0006628812888,-1.02,1543,1531.5703,70.39,40656705389.00,35744386.00,23.1,2.9,20.2,4.23,0.1619057251,0.7462732857,97.77,1535.07,1536.55
2025-09-01,2025,September,1,36,Monday,1530.95,-0.00202215269,-3.10,1539,1526.094,70.3,40767693650.00,110988261.00,21,3,18,4.23,0.3180614475,0.8456884045,97.77,1534.05,1533.36
2025-09-02,2025,September,1,36,Tuesday,1532.65,0.001108944,1.70,1539,1526.0565,68.97,40804302074.00,36608424.00,21,3,18,4.28,0.4317764233,0.8481664997,98.4,1530.95,1532.55
2025-09-03,2025,September,1,36,Wednesday,1514.70,-0.01170689856,-17.94,1538.5,1521.4569,69.75,40841549863.00,37247789.00,21,3,18,4.22,-0.4439018286,1.120182898,98.14,1532.65,1526.10
2025-09-04,2025,September,1,36,Thursday,1506.52,-0.00540280425,-8.18,1535,1514.8671,71.14,40877549921.00,36000058.00,21,3,18,4.17,-0.5510463248,1.329020876,98.35,1514.70,1517.96
2025-09-08,2025,September,2,37,Monday,1511.09,0.003034855397,4.57,1519.5,1506.8433,67.11,40905255899.00,27705978.00,21,3,18,4.05,0.2819303969,0.8399479893,97.45,1506.52,1510.77
2025-09-09,2025,September,2,37,Tuesday,1519.25,0.005400903537,8.16,1531,1506.085,68.21,40929140685.00,23884786.00,21,3,18,4.08,0.8743071599,1.654289101,97.79,1511.09,1512.29
2025-09-10,2025,September,2,37,Wednesday,1520.83,0.00103571097,1.57,1534,1500.9152,68.91,40957400116.00,28259431.00,21,3,18,4.04,1.326598317,2.204308411,97.78,1519.25,1517.06
2025-09-11,2025,September,2,37,Thursday,1514.50,-0.004158555598,-6.32,1533.5,1502.1311,71.42,40995588902.00,38188786.00,21,3,18,4.01,0.8235482908,2.088293092,97.53,1520.83,1518.19
2025-09-12,2025,September,2,37,Friday,1513.53,-0.0006421010441,-0.97,1529,1501.4991,69.07,41029844003.00,34255101.00,21,3,18,4.06,0.801220045,1.831562869,97.55,1514.50,1516.29
2025-09-15,2025,September,3,38,Monday,1515.05,0.001003272854,1.52,1525.5,1497.4655,70.99,41173966460.00,144122457.00,21,3,18,4.05,1.17414356,1.872129942,97.3,1513.53,1514.36
2025-09-16,2025,September,3,38,Tuesday,1514.50,-0.0003586026185,-0.54,1527,1484.1395,70.35,41227677575.00,53711115.00,21,3,18,4.04,2.045973077,2.887902384,96.63,1515.05,1514.36
2025-09-17,2025,September,3,38,Wednesday,1512.17,-0.001541490599,-2.33,1524.5,1494.0126,71.41,41281873344.00,54195769.00,21,3,18,4.06,1.215344502,2.040638747,96.87,1514.50,1513.91
2025-09-18,2025,September,3,38,Thursday,1520.00,0.005177989247,7.83,1522,1498.9763,71.79,41324143590.00,42270246.00,21,3,18,4.11,1.402537185,1.535961576,97.35,1512.17,1515.56
2025-09-19,2025,September,3,38,Friday,1510.25,-0.006414473684,-9.75,1521,1487.8962,71.28,41358519536.00,34375946.00,21,3,18,4.14,1.502376308,2.224872945,97.64,1520.00,1514.14
2025-09-22,2025,September,4,39,Monday,1509.00,-0.0008276775368,-1.25,1513.5,1488.6017,69.65,41460138204.00,101618668.00,21,3,18,4.15,1.370299389,1.672596504,97.34,1510.25,1513.08
2025-09-23,2025,September,4,39,Tuesday,1511.44,0.001616964877,2.44,1513.5,1487.3651,69.39,41491427868.00,31289664.00,21,3,18,4.12,1.618627464,1.757127419,97.26,1509.00,1510.23
2025-09-24,2025,September,4,39,Wednesday,1501.51,-0.006569893611,-9.93,1493.5,1488.5642,69.94,41523952878.00,32525010.00,21,3,18,4.16,0.8696836858,0.3315812647,97.87,1511.44,1507.32
2025-09-25,2025,September,4,39,Thursday,1474.34,-0.01809511758,-27.17,1496,1488.2578,70.82,41547227141.00,23274263.00,21,3,18,4.18,-0.9351740001,0.5202190104,98.55,1501.51,1495.76
2025-09-26,2025,September,4,39,Friday,1494.56,0.01371461128,20.22,1496,1480.657,73.36,41577119206.00,29892065.00,21,3,18,4.2,0.9389750631,1.036229187,98.15,1474.34,1490.14
2025-09-29,2025,September,5,40,Monday,1495.42,0.0005754201906,0.86,1496,1476.3477,70.27,41648925678.00,71806472.00,21,3,18,4.15,1.291856925,1.331143063,97.91,1494.56,1488.11
2025-09-30,2025,September,5,40,Tuesday,1461.54,-0.02265584251,-33.88,1486,1475.3473,69.51,41677279425.00,28353747.00,21,3,18,4.16,-0.9358677784,0.7220469377,97.78,1495.42,1483.84
2025-10-02,2025,October,1,40,Thursday,1451.33,-0.00698578212,-10.21,1454,1455.2373,68.51,41732542699.00,55263274.00,19,3,16,4.1,-0.2684991651,-0.0850239339,97.85,1461.54,1469.43
2025-10-03,2025,October,1,40,Friday,1452.16,0.0005718892326,0.83,1468.5,1465.6776,67.22,41769262373.00,36719674.00,19,3,16,4.13,-0.9222764952,0.1925662233,97.72,1451.33,1455.01
2025-10-06,2025,October,2,41,Monday,1479.06,0.01852412957,26.90,1483.5,1470.2614,67.6,41876076918.00,106814545.00,19,3,16,4.18,0.5984378016,0.9004249176,98.11,1452.16,1460.85
2025-10-07,2025,October,2,41,Tuesday,1491.83,0.008633862048,12.77,1473,1471.0892,68.56,41907194184.00,31117266.00,19,3,16,4.14,1.409894111,0.1298901521,98.58,1479.06,1474.35
2025-10-08,2025,October,2,41,Wednesday,1485.50,-0.00424311081,-6.33,1489,1470.6202,68.42,41895432987.00,-11761197.00,19,3,16,4.13,1.011804407,1.249799234,98.92,1491.83,1485.46
2025-10-09,2025,October,2,41,Thursday,1480.50,-0.003365870077,-5.00,1493,1466.6526,69.55,41912337249.00,16904262.00,19,3,16,4.14,0.9441499643,1.796430866,99.54,1485.50,1485.94
2025-10-10,2025,October,2,41,Friday,1483.08,0.001742654509,2.58,1493,1455.173,68.44,41927696089.00,15358840.00,19,3,16,4.05,1.917778848,2.599484735,98.98,1480.50,1483.03
2025-10-13,2025,October,3,42,Monday,1490.00,0.004665965423,6.92,1493.5,1457.5122,66.52,41976074552.00,48378463.00,19,3,16,4.05,2.228989919,2.46912513,99.27,1483.08,1484.53
2025-10-14,2025,October,3,42,Tuesday,1494.12,0.002765100671,4.12,1491,1463.2342,66.47,41995682628.00,19608076.00,19,3,16,4.03,2.11078992,1.89756363,99.05,1490.00,1489.07
2025-10-15,2025,October,3,42,Wednesday,1490.00,-0.002757475972,-4.12,1488.5,1473.2943,64.21,42016894140.00,21211512.00,19,3,16,4.05,1.133901081,1.032088429,98.79,1494.12,1491.37
2025-10-16,2025,October,3,42,Thursday,1479.00,-0.007382550336,-11.00,1487.5,1471.0299,64.11,42031216157.00,14322017.00,19,3,16,3.99,0.5418040789,1.119630539,98.34,1490.00,1487.71
2025-10-17,2025,October,3,42,Tuesday,1491.00,0.008113590264,12.00,1489.5,1475.3516,63.69,42046716225.00,15500068.00,19,3,16,4.02,1.060655643,0.9589849633,98.43,1479.00,1486.67
2025-10-20,2025,October,4,43,Monday,1487.96,-0.002038900067,-3.04,1489,1465.2936,62.43,42148290697.00,101574472.00,19,3,16,4,1.546884529,1.617860066,98.59,1491.00,1485.99
2025-10-21,2025,October,4,43,Tuesday,1488.49,0.0003561923708,0.53,1489,1463.452,62.13,42185210010.00,36919313.00,19,3,16,3.98,1.710886315,1.745735426,98.93,1487.96,1489.15
2025-10-22,2025,October,4,43,Wednesday,1486.00,-0.00167283623,-2.49,1488,1463.4375,62.39,42226593182.00,41383172.00,19,3,16,3.97,1.541746744,1.678411275,98.9,1488.49,1487.48
2025-10-23,2025,October,4,43,Thursday,1491.17,0.003479138627,5.17,1491,1460.4939,63.5,42267361998.00,40768816.00,19,3,16,4.01,2.100392203,2.088752305,98.94,1486.00,1488.55
2025-10-24,2025,October,4,43,Friday,1490.50,-0.0004493116144,-0.67,1488.5,1457.9571,66.57,42308749224.00,41387226.00,19,3,16,4.02,2.232088996,2.094910749,98.95,1491.17,1489.22
2025-10-27,2025,October,5,44,Monday,1489.50,-0.0006709158001,-1.00,1486.5,1452.7943,66.57,42443905544.00,135156320.00,19,3,16,4.01,2.526558646,2.320060039,98.78,1490.50,1490.39
2025-10-28,2025,October,5,44,Tuesday,1490.39,0.0005975159449,0.89,1483,1448.205,65.48,42486134392.00,42228848.00,19,3,16,3.99,2.912916334,2.402629462,98.67,1489.50,1490.13
2025-10-29,2025,October,5,44,Wednesday,1480.00,-0.006971329652,-10.39,1476.5,1444.422,66.43,42525824596.00,39690204.00,19,3,16,4.08,2.463130581,2.220819123,99.22,1490.39,1486.63
2025-10-30,2025,October,5,44,Thursday,1468.17,-0.007993243243,-11.83,1456,1436.9701,66.55,42554175758.00,28351162.00,19,3,16,4.11,2.171228197,1.324307305,99.53,1480.00,1479.52
2025-10-31,2025,October,5,44,Friday,1462.39,-0.003936873795,-5.78,1459,1421.7343,66.74,42582029995.00,27854237.00,19,3,16,4.11,2.859584945,2.621143768,99.8,1468.17,1470.19
2025-11-03,2025,November,2,45,Monday,1450.00,-0.008472432115,-12.39,1444,1436.3427,67.04,42651130573.00,69100578.00,17.33,2.7,14.63,4.13,0.9508385429,0.5331109352,99.87,1462.39,1460.19
2025-11-04,2025,November,2,45,Tuesday,1450.00,0,0.00,1445,1433.6585,67.01,42673581107.00,22450534.00,17.33,2.7,14.63,4.1,1.139846065,0.7910879753,100.22,1450.00,1454.13
2025-11-05,2025,November,2,45,Wednesday,1457.71,0.005317241379,7.71,1466,1438.495,66.52,42697799229.00,24218122.00,17.33,2.7,14.63,4.17,1.335771066,1.912067821,100.2,1450.00,1452.57
2025-11-06,2025,November,2,45,Thursday,1464.00,0.004314987206,6.29,1478.5,1436.742,64.94,42724243300.00,26444071.00,17.33,2.7,14.63,4.11,1.897209102,2.906436925,99.73,1457.71,1457.24
2025-11-07,2025,November,2,45,Friday,1462.00,-0.001366120219,-2.00,1456,1436.5778,65.13,42750319204.00,26075904.00,17.33,2.7,14.63,4.11,1.769636145,1.3519769,99.6,1464.00,1461.24
2025-11-10,2025,November,3,46,Monday,1465.48,0.002380300958,3.48,1459,1437.2933,65.05,42775100054.00,24780850.00,17.33,2.7,14.63,4.13,1.961095902,1.510248465,99.59,1462.00,1463.83
2025-11-11,2025,November,3,46,Tuesday,1458.40,-0.004831181592,-7.08,1458.5,1438.711,65.71,42807422744.00,32322690.00,17.33,2.7,14.63,4.13,1.368516679,1.375467345,99.44,1465.48,1461.96
2025-11-12,2025,November,3,46,Wednesday,1460.29,0.001295940757,1.89,1458.5,1443.0804,63.04,42840466300.00,33043556.00,17.33,2.7,14.63,4.08,1.192560026,1.068519814,99.5,1458.40,1461.39
2025-11-13,2025,November,3,46,Thursday,1452.50,-0.005334556835,-7.79,1458.5,1441.4445,63.82,42950172993.00,109706693.00,17.33,2.7,14.63,4.11,0.7669736851,1.183222802,99.16,1460.29,1457.06
2025-11-14,2025,November,3,46,Friday,1457.43,0.003394148021,4.93,1457.5,1442.4309,65.09,43057589596.00,107416603.00,17.33,2.7,14.63,4.14,1.039848772,1.044701691,99.3,1452.50,1456.74
2025-11-17,2025,November,4,47,Monday,1463.05,0.003856102866,5.62,1455,1448.0304,64.96,43395999520.00,338409924.00,17.33,2.7,14.63,4.13,1.037243417,0.4813158619,99.59,1457.43,1457.66
2025-11-18,2025,November,4,47,Tuesday,1472.25,0.006288233485,9.20,1459.5,1447.4297,64.6,43472394950.00,76395430.00,17.33,2.7,14.63,4.12,1.71478449,0.8339126937,99.55,1463.05,1464.24
2025-11-19,2025,November,4,47,Wednesday,1465.00,-0.004924435388,-7.25,1464.5,1454.1849,65.24,43545739867.00,73344917.00,17.33,2.7,14.63,4.13,0.7437224799,0.7093389568,100.23,1472.25,1466.77
2025-11-20,2025,November,4,47,Thursday,1463.75,-0.0008532423208,-1.25,1463.5,1452.1342,64.28,43619831751.00,74091884.00,17.33,2.7,14.63,4.1,0.7999122946,0.7826962549,100.16,1465.00,1467.00
2025-11-21,2025,November,4,47,Friday,1465.00,0.000853970965,1.25,1461,1456.7249,64.28,43693983115.00,74151364.00,17.33,2.7,14.63,4.06,0.5680619587,0.2934733936,100.18,1463.75,1464.58
2025-11-24,2025,November,5,48,Monday,1475.33,0.007051194539,10.33,1459.5,1453.8443,64.62,43895688471.00,201705356.00,17.33,2.7,14.63,4.04,1.477854265,0.3890168982,100.14,1465.00,1468.03
2025-11-25,2025,November,5,48,Tuesday,1471.83,-0.002372350593,-3.50,1464.5,1446.3156,65.05,43945790795.00,50102324.00,17.33,2.7,14.63,4.01,1.764096301,1.257291286,99.66,1475.33,1470.72
2025-11-26,2025,November,5,48,Wednesday,1470.89,-0.0006386607149,-0.94,1466.5,1442.9201,65.37,43997376851.00,51586056.00,17.33,2.7,14.63,4,1.93842334,1.63417919,99.59,1471.83,1472.68
2025-11-27,2025,November,5,48,Thursday,1463.00,-0.005364099287,-7.89,1466,1443.9028,66.51,44048234523.00,50857672.00,17.33,2.7,14.63,4,1.322609804,1.530380023,99.59,1470.89,1468.57
2025-11-28,2025,November,5,48,Friday,1466.50,0.002392344498,3.50,1469,1446.7421,65.69,44111189439.00,62954916.00,17.33,2.7,14.63,4.02,1.365682246,1.538484295,99.46,1463.00,1466.80
2025-12-01,2025,December,1,49,Monday,1469.70,0.002182066144,3.20,1467.5,1448.4355,65.49,44304002046.00,192812607.00,15.15,2.7,12.45,4.09,1.468101272,1.316213252,99.41,1466.50,1466.40
2025-12-02,2025,December,1,49,Tuesday,1469.33,-0.0002517520582,-0.37,1469,1445.3929,65.45,44360990697.00,56988651.00,15.15,2.7,12.45,4.09,1.656096415,1.633265253,99.36,1469.70,1468.51
2025-12-03,2025,December,1,49,Wednesday,1469.50,0.0001156989921,0.17,1469.5,1447.6494,65.62,44415599708.00,54609011.00,15.15,2.7,12.45,4.06,1.5093848,1.5093848,98.85,1469.33,1469.51
2025-12-04,2025,December,1,49,Thursday,1467.00,-0.001701258932,-2.50,1484,1447.8263,65.86,44491162140.00,75562432.00,15.15,2.7,12.45,4.11,1.324309415,2.498483416,98.99,1469.50,1468.61
2025-12-05,2025,December,1,49,Friday,1473.00,0.00408997955,6.00,1486,1450.4287,65.77,44559780609.00,68618469.00,15.15,2.7,12.45,4.14,1.556181286,2.452468019,98.99,1467.00,1469.83
2025-12-08,2025,December,2,50,Monday,1471.50,-0.001018329939,-1.50,1479,1451.863,65.77,44765819636.00,206039027.00,15.15,2.7,12.45,4.17,1.352538084,1.86911575,99.09,1473.00,1470.50
2025-12-09,2025,December,2,50,Tuesday,1477.99,0.004410465511,6.49,1486,1454.3805,64.31,44830576932.00,64757296.00,15.15,2.7,12.45,4.18,1.623337222,2.17408718,99.22,1471.50,1474.16
2025-12-10,2025,December,2,50,Wednesday,1487.67,0.006549435382,9.68,1488.5,1455.3823,63.75,44858731347.00,28154415.00,15.15,2.7,12.45,4.13,2.218503001,2.27553269,98.79,1477.99,1479.05
2025-12-11,2025,December,2,50,Thursday,1496.00,0.005599360073,8.33,1494.5,1456.0656,63.35,44887478719.00,28747372.00,15.15,2.7,12.45,4.14,2.742623684,2.639606347,98.35,1487.67,1487.22
2025-12-12,2025,December,2,50,Friday,1484.00,-0.008021390374,-12.00,1494,1454.4123,63.12,44919796488.00,32317769.00,15.15,2.7,12.45,4.19,2.034340606,2.721903548,98.4,1496.00,1489.22
2025-12-15,2025,December,3,51,Monday,1483.17,-0.0005592991914,-0.83,1484,1451.8169,62.94,44770091646.00,-149704842.00,15.15,2.7,12.45,4.18,2.159576735,2.216746478,98.31,1484.00,1487.72
2025-12-16,2025,December,3,51,Tuesday,1483.65,0.0003236311414,0.48,1486,1455.0817,61.56,44711512841.00,-58578805.00,15.15,2.7,12.45,4.15,1.9633468,2.124849759,98.15,1483.17,1483.61
2025-12-17,2025,December,3,51,Wednesday,1483.83,0.0001213224143,0.18,1489.5,1455.4983,62.45,44653508427.00,-58004414.00,15.15,2.7,12.45,4.16,1.94652924,2.336086549,98.37,1483.65,1483.55
2025-12-18,2025,December,3,51,Thursday,1483.00,-0.0005593632694,-0.83,1492.5,1457.8402,62.65,44652614117.00,-894310.00,15.15,2.7,12.45,4.12,1.725827015,2.37747594,98.43,1483.83,1483.49
2025-12-19,2025,December,3,51,Friday,1465.00,-0.012137559,-18.00,1497.5,1464.4974,62.68,44659119894.00,6505777.00,15.15,2.7,12.45,4.16,0.03431894109,2.253510317,98.6,1483.00,1477.28
2025-12-22,2025,December,4,52,Monday,1473.50,0.005802047782,8.50,1484,1456.5637,64.13,44675151494.00,16031600.00,15.15,2.7,12.45,4.17,1.162757248,1.883632003,98.29,1465.00,1473.83
2025-12-23,2025,December,4,52,Tuesday,1471.67,-0.001241940957,-1.83,1481.5,1449.9869,63.79,44676014803.00,863309.00,15.15,2.7,12.45,4.18,1.495399717,2.173336876,97.94,1473.50,1470.06
2025-12-24,2025,December,4,52,Wednesday,1464.83,-0.004647781092,-6.84,1486.5,1443.3767,64.89,44713099727.00,37084924.00,15.15,2.7,12.45,4.15,1.486327166,2.987667738,97.95,1471.67,1470.00
2025-12-26,2025,December,4,52,Friday,1460.00,-0.003297310951,-4.83,1480,1443.3767,64.89,44713099727.00,0.00,15.15,2.7,12.45,4.14,1.151695188,2.537334848,98.02,1464.83,1465.50
2025-12-29,2025,December,5,53,Monday,1469.67,0.006623287671,9.67,1479,1442.5126,64.59,44889547279.00,176447552.00,15.15,2.7,12.45,4.12,1.8826456,2.529433712,98.04,1460.00,1464.83
2025-12-30,2025,December,5,53,Tuesday,1483.00,0.009070063348,13.33,1482.5,1445.6828,64.6,44924687334.00,35140055.00,15.15,2.7,12.45,4.14,2.581285466,2.546699732,98.24,1469.67,1470.89
2025-12-31,2025,December,5,53,Wednesday,1465.00,-0.012137559,-18.00,1488.5,1435.7571,63.35,44938570305.00,13882971.00,15.15,2.7,12.45,4.18,2.036758168,3.673525278,98.32,1483.00,1472.56
2026-01-02,2026,January,1,1,Friday,1473.63,0.005887372014,8.63,1496,1430.8479,62.13,45001651237.00,63080932.00,15.1,2.4,12.7,4.19,2.98963293,4.553391035,98.42,1465.00,1473.88
2026-01-05,2026,January,2,2,Monday,1473.17,-0.0003110244013,-0.46,1491,1429.3054,64.29,45044834276.00,43183039.00,15.1,2.4,12.7,4.17,3.068712024,4.316404318,98.27,1473.63,1470.60
2026-01-06,2026,January,2,2,Tuesday,1472.25,-0.0006222423351,-0.92,1494,1419.065,64.38,45062645161.00,17810885.00,15.1,2.4,12.7,4.18,3.747890336,5.280589684,98.58,1473.17,1473.01
2026-01-07,2026,January,2,2,Wednesday,1472.17,-0.00005660270561,-0.08,1497.5,1418.2606,63.31,45081989247.00,19344086.00,15.1,2.4,12.7,4.15,3.800857661,5.58708322,98.68,1472.25,1472.53
2026-01-08,2026,January,2,2,Thursday,1477.17,0.003396354579,5.00,1495,1419.7151,63.79,45106025053.00,24035806.00,15.1,2.4,12.7,4.19,4.046696881,5.302817446,98.93,1472.17,1473.86
2026-01-09,2026,January,2,2,Friday,1476.00,-0.0007898002934,-1.17,1494,1423.1674,66.53,45115152584.00,9127531.00,15.1,2.4,12.7,4.18,3.712325057,4.977109509,99.13,1477.17,1475.11
2026-01-12,2026,January,3,3,Monday,1475.67,-0.0002258355917,-0.33,1493.5,1421.4581,66.46,45182728807.00,67576223.00,15.1,2.4,12.7,4.19,3.813588784,5.068169086,98.86,1476.00,1476.28
2026-01-13,2026,January,3,3,Tuesday,1475.50,-0.0001129433025,-0.17,1488.5,1419.6585,68.7600,45223866200.00,41137393.00,15.1,2.4,12.7,4.18,3.933445966,4.849159146,99.13,1475.67,1475.72
2026-01-14,2026,January,3,3,Wednesday,1479.00,0.002372077262,3.50,1489.5,1420.0375,69.5300,45268209001.00,44342801.00,15.1,2.4,12.7,4.15,4.15217908,4.891596173,99.13,1475.50,1476.72
2026-01-15,2026,January,3,3,Thursday,1478.25,-0.0005070993915,-0.75,1491.5,1419.2844,67.4800,45307963017.00,39754016.00,15.1,2.4,12.7,4.17,4.154600727,5.088169785,99.32,1479.00,1477.58
2026-01-16,2026,January,3,3,Friday,1474.75,-0.002367664468,-3.50,1491.5,1417.9483,68.4400,45350182841.00,42219824.00,15.1,2.4,12.7,4.24,4.005907691,5.187191945,99.39,1478.25,1477.33
2026-01-19,2026,January,4,4,Monday,1481.50,0.004577046957,6.75,1490.5,1420.2814,68.6000,45404158233.00,53975392.00,15.1,2.4,12.7,4.24,4.310314843,4.943992085,99.39,1474.75,1478.17
2026-01-20,2026,January,4,4,Tuesday,1490.57,0.006122173473,9.07,1489,1419.3452,69.1100,45427691084.00,23532851.00,15.1,2.4,12.7,4.3,5.018144987,4.907530599,98.64,1481.50,1482.27
2026-01-21,2026,January,4,4,Wednesday,1485.88,-0.003146447332,-4.69,1489,1420.692,69.8900,45444728349.00,17037265.00,15.1,2.4,12.7,4.26,4.588468155,4.808079443,98.76,1490.57,1485.98
2026-01-22,2026,January,4,4,Thursday,1484.62,-0.0008479823404,-1.26,1487,1422.0703,67.3200,45468774351.00,24046002.00,15.1,2.4,12.7,4.26,4.39849563,4.565857258,98.36,1485.88,1487.02
2026-01-23,2026,January,4,4,Friday,1483.50,-0.0007544017998,-1.12,1488.5,1421.6265,68.6900,45469772837.00,998486.00,15.1,2.4,12.7,4.24,4.352303506,4.704013326,97.6,1484.62,1484.67
2026-01-26,2026,January,5,5,Monday,1486.40,0.001954836535,2.90,1485,1418.9522,69.2800,45494951412.00,25178575.00,15.1,2.4,12.7,4.22,4.753352509,4.654688157,97.04,1483.50,1484.84
2026-01-27,2026,January,5,5,Tuesday,1482.41,-0.002684337998,-3.99,1482.5,1401.2209,70.5100,45522828609.00,27877197.00,15.1,2.4,12.7,4.24,5.7941685,5.80059147,96.22,1486.40,1484.10
2026-01-28,2026,January,5,5,Wednesday,1477.82,-0.003096309388,-4.59,1474,1400.4768,72.3100,45570305453.00,47476844.00,15.1,2.4,12.7,4.26,5.522633435,5.249869187,96.45,1482.41,1482.21
2026-01-29,2026,January,5,5,Thursday,1455.00,-0.01544166407,-22.82,1466,1396.9909,75.0300,45629190986.00,58885533.00,15.1,2.4,12.7,4.24,4.152432203,4.939838907,96.28,1477.82,1471.74
2026-01-30,2026,January,5,5,Friday,1437.00,-0.01237113402,-18.00,1470,1386.5532,72.7900,45729938358.00,100747372.00,15.1,2.4,12.7,4.26,3.638288095,6.018290535,96.99,1455.00,1456.61
2026-01-31,2026,January,5,5,Saturday,1448.00,0.007654836465,11.00,1470,1391,69.2900,45729938358.00,0.00,15.1,2.4,12.7,4.26,4.097771387,5.679367362,96.99,1437.00,1446.67
2026-02-01,2026,February,1,6,Sunday,1449.00,0.0006906077348,1.00,1470,1391,69.8700,45729938358.00,0.00,15.06,2.4,12.66,4.26,4.169662114,5.679367362,96.99,1448.00,1444.67
2026-02-02,2026,February,1,6,Monday,1453.00,0.0027605245,4.00,1451,1390.3622,71.7200,46033533104.00,303594746.00,15.06,2.4,12.66,4.29,4.505142617,4.361295208,97.63,1449.00,1450.00
2026-02-03,2026,February,1,6,Tuesday,1443.00,-0.006882312457,-10.00,1454.5,1372.9142,70.6600,46135472376.00,101939272.00,15.06,2.4,12.66,4.28,5.104892935,5.942527217,97.44,1453.00,1448.33
2026-02-04,2026,February,1,6,Wednesday,1436.00,-0.004851004851,-7.00,1452.5,1358.2839,72.4000,46237719306.00,102246930.00,15.06,2.4,12.66,4.29,5.7216389,6.936407035,97.62,1443.00,1444.00
2026-02-05,2026,February,1,6,Thursday,1440.00,0.00278551532,4.00,1452.5,1366.0573,72.9700,46339586965.00,101867659.00,15.06,2.4,12.66,4.21,5.412854937,6.32789708,97.82,1436.00,1439.67
2026-02-06,2026,February,1,6,Friday,1442.50,0.001736111111,2.50,1447.5,1366.1954,72.5700,46449378981.00,109792016.00,15.06,2.4,12.66,4.22,5.585189351,5.95116921,97.63,1440.00,1439.50
2026-02-09,2026,February,2,7,Monday,1437.00,-0.003812824957,-5.50,1443,1354.2574,73.6900,46790689881.00,341310900.00,15.06,2.4,12.66,4.22,6.109813393,6.55286063,96.95,1442.50,1439.83
2026-02-10,2026,February,2,7,Tuesday,1436.00,-0.0006958942241,-1.00,1442.5,1351.0205,71.5000,46941980232.00,151290351.00,15.06,2.4,12.66,4.16,6.290022986,6.771140778,96.8,1437.00,1438.50
2026-02-11,2026,February,2,7,Wednesday,1425.00,-0.007660167131,-11.00,1437.5,1348.9529,71.1600,47080930212.00,138949980.00,15.06,2.4,12.66,4.18,5.637491124,6.564135783,96.83,1436.00,1432.67
2026-02-12,2026,February,2,7,Thursday,1414.00,-0.007719298246,-11.00,1432,1353.6556,72.04,47213411791.00,132481579.00,15.06,2.4,12.66,4.09,4.457884265,5.78761688,96.92,1425.00,1425.00
2026-02-13,2026,February,2,7,Friday,1403.00,-0.007779349364,-11.00,1417.5,1355.4181,71.08,47213411791.00,0.00,15.06,2.4,12.66,4.04,3.510496134,4.580276743,96.92,1414.00,1414.00
2026-02-16,2026,February,3,8,Monday,1383.00,-0.0142551675,-20.00,1382.5,1347.7789,73.25,47757202426.00,543790635.00,15.06,2.4,12.66,4.04,2.613269877,2.576171804,96.92,1403.00,1400.00
2026-02-17,2026,February,3,8,Tuesday,1375.00,-0.005784526392,-8.00,1365,1335.958,73.98,47882970923.00,125768497.00,15.06,2.4,12.66,4.05,2.922397261,2.173870735,97.16,1383.00,1387.00
2026-02-18,2026,February,3,8,Wednesday,1363.00,-0.008727272727,-12.00,1352.5,1338.1066,73.98,47346461074.00,-536509849.00,15.06,2.4,12.66,4.09,1.860345058,1.075654212,97.73,1375.00,1373.67
2026-02-19,2026,February,3,8,Thursday,1360.00,-0.002201027146,-3.00,1327.5,1341.3509,73.98,48134381061.00,787919987.00,15.06,2.4,12.66,4.08,1.390322249,-1.032608246,97.92,1363.00,1366.00
2026-02-20,2026,February,3,8,Friday,1368.72,0.006411764706,8.72,1368,1346.3234,73.61,48256160602.00,121779541.00,15.06,2.4,12.66,4.08,1.663537899,1.61005892,97.8,1360.00,1363.91
2026-02-23,2026,February,4,9,Monday,1403.94,0.02573207084,35.22,1402.06,1349.2352,74.38,48605687790.00,349527188.00,15.06,2.4,12.66,4.03,4.054504359,3.915166162,97.71,1368.72,1377.55
2026-02-24,2026,February,4,9,Tuesday,1419.00,0.01072695414,15.06,1402.5,1355.3745,72.8,48717891895.00,112204105.00,15.06,2.4,12.66,4.04,4.694311425,3.47693571,97.84,1403.94,1397.22
2026-02-25,2026,February,4,9,Wednesday,1363.78,-0.03891472868,-55.22,1383.5,1356.1141,72.51,48826425522.00,108533627.00,15.06,2.4,12.66,4.05,0.5652842928,2.01943922,97.7,1419.00,1395.57
2026-02-26,2026,February,4,9,Thursday,1375.00,0.008227133409,11.22,1373.5,1359.8181,72.78,48826425522.00,0.00,15.06,2.4,12.66,4.02,1.116465504,1.006156632,97.78,1363.78,1385.93
2026-02-27,2026,February,4,9,Friday,1374.00,-0.0007272727273,-1.00,1376,1363.3954,73.88,48826425522.00,0.00,15.06,2.4,12.66,3.97,0.7778081105,0.9245006988,97.61,1375.00,1370.93
2026-03-02,2026,March,1,10,Monday,1382.00,0.005822416303,8.00,1376,1378.0246,77.27,49137802301.00,311376779.00,15.06,3.3,11.76,4.05,0.288485416,-0.1469204541,98.38,1374.00,1377.00
2026-03-03,2026,March,1,10,Tuesday,1391.00,0.006512301013,9.00,1384,1384.292,83.58,49169260998.00,31458697.00,15.38,3.3,12.08,4.06,0.484579843,-0.02109381547,99.05,1382.00,1382.33
2026-03-04,2026,March,1,10,Wednesday,1405.00,0.01006470165,14.00,1399,1387.0955,83.13,49190421847.00,21160849.00,15.38,3.3,12.08,4.09,1.290790721,0.8582321837,98.77,1391.00,1392.67
2026-03-05,2026,March,1,10,Thursday,1410.00,0.003558718861,5.00,1417.5,1387.4475,85.4,49209648381.00,19226534.00,15.38,3.3,12.08,4.13,1.62546691,2.166027904,99.32,1405.00,1402.00
2026-03-06,2026,March,1,10,Friday,1413.50,0.002482269504,3.50,1423.5,1393.2556,94.6,49220584292.11,10935911.11,15.38,3.3,12.08,4.15,1.453028432,2.170771824,98.99,1410.00,1409.50
2026-03-09,2026,March,2,11,Monday,1430.00,0.01167315175,16.50,1422.63,1405.6238,103.8,49254637855.04,34053562.93,15.38,3.3,12.08,4.12,1.734190898,1.20986853,99.17,1413.50,1417.83
2026-03-10,2026,March,2,11,Tuesday,1417.00,-0.009090909091,-13.00,1442.5,1401.4014,91.91,49273082251.71,18444396.67,15.38,3.3,12.08,4.15,1.11307153,2.932678674,98.83,1430.00,1420.17
2026-03-11,2026,March,2,11,Wednesday,1415.00,-0.001411432604,-2.00,1446,1376.1925,91.59,49286390122.13,13307870.42,15.38,3.3,12.08,4.21,2.819917998,5.072509841,99.23,1417.00,1420.67
2026-03-12,2026,March,2,11,Thursday,1408.00,-0.004946996466,-7.00,1435,1371.5063,99.21,49263686871.21,-22703250.92,15.38,3.3,12.08,4.27,2.660848149,4.629486573,99.74,1415.00,1413.33
2026-03-13,2026,March,2,11,Friday,1407.00,-0.0007102272727,-1.00,1412.5,1366.233,104.92,49225200965.13,-38485906.08,15.38,3.3,12.08,4.28,2.983898061,3.386464827,100.36,1408.00,1410.00
2026-03-14,2026,March,2,11,Saturday,1406.50,-0.000355366027,-0.50,1407.5,1366.233,104.92,49225200965.13,0.00,15.38,3.3,12.08,4.28,2.947301083,3.02049504,100.43,1407.00,1407.17
2026-03-16,2026,March,3,12,Monday,1405.00,-0.001066477071,-1.50,1410,1357.7697,105.2,49106532854.44,-118668110.69,15.38,3.3,12.08,4.23,3.478520695,3.846771658,99.71,1406.50,1406.17
2026-03-17,2026,March,3,12,Tuesday,1397.50,-0.005338078292,-7.50,1404.5,1344.4158,103.73,49067879826.03,-38653028.41,15.38,3.3,12.08,4.2,3.948495696,4.469167946,99.58,1405.00,1403.00
2026-03-18,2026,March,3,12,Wednesday,1388.00,-0.006797853309,-9.50,1395,1353.9018,111.48,49067879826.03,0.00,15.38,3.3,12.08,4.26,2.518513529,3.035537733,100.09,1397.50,1396.83
2026-03-19,2026,March,3,12,Thursday,1393.00,0.003602305476,5.00,1397.5,1353.9018,115.17,49020738029.90,-47141796.13,15.38,3.3,12.08,4.25,2.887816531,3.220189234,99.23,1388.00,1392.83
2026-03-20,2026,March,3,12,Friday,1402.50,0.006819813352,9.50,1397.5,1353.9018,111.48,49020738029.90,0.00,15.38,3.3,12.08,4.39,3.589492236,3.220189234,99.65,1393.00,1394.50
2026-03-23,2026,March,4,13,Monday,1418.00,0.0110516934,15.50,1407.5,1388.3841,114.86,48850775415.31,-169962614.59,15.38,3.3,12.08,4.34,2.133120078,1.376845212,98.95,1402.50,1404.50
2026-03-24,2026,March,4,13,Tuesday,1419.43,0.001008462623,1.43,1415,1382.6325,116.08,48817679297.70,-33096117.61,15.38,3.3,12.08,4.39,2.661408581,2.341005292,99.43,1418.00,1413.31
2026-03-25,2026,March,4,13,Wednesday,1415.00,-0.003120971094,-4.43,1414.18,1386.7049,113.4,48775421470.83,-42257826.87,15.38,3.3,12.08,4.33,2.04045576,1.981322775,99.6,1419.43,1417.48
2026-03-26,2026,March,4,13,Thursday,1416.50,0.001060070671,1.50,1414,1383.883,123,48729429505.23,-45991965.60,15.38,3.3,12.08,4.42,2.356918901,2.176267791,99.9,1415.00,1416.98
2026-03-27,2026,March,4,13,Friday,1415.00,-0.001058948112,-1.50,1410,1380.5766,124.86,48729429505.23,0.00,15.38,3.3,12.08,4.44,2.493407465,2.131239947,100.15,1416.50,1415.50
2026-03-30,2026,March,5,14,Monday,1417.00,0.001413427562,2.00,1419,1383.5814,128.15,48550503517.86,-178925987.37,15.38,3.3,12.08,4.35,2.415369273,2.559921664,100.5,1415.00,1416.00
2026-03-31,2026,March,5,14,Tuesday,1410.50,-0.004587155963,-6.50,1415,1386.7156,135.62,48494180708.40,-56322809.46,15.38,3.3,12.08,4.3,1.715160628,2.039668408,99.96,1417.00,1413.75
2026-04-01,2026,April,1,14,Wednesday,1399.50,-0.00779865296,-11.00,1408.5,1378.7011,117.09,48437394820.56,-56785887.84,15.69,3.8,11.89,4.33,1.508586596,2.161374935,99.65,1410.50,1405.00
2026-04-02,2026,April,1,14,Thursday,1399.95,0.0003215434084,0.45,1400,1380.7942,133.34,48390660145.67,-46734674.89,15.69,3.8,11.89,4.31,1.387303046,1.390924151,100.03,1399.50,1399.73
2026-04-03,2026,April,1,14,Friday,1402.76,0.002007214543,2.81,1400,1380.7942,133.34,48390660145.67,0.00,15.69,3.8,11.89,4.35,1.590809116,1.390924151,100.03,1399.95,1401.36
2026-04-04,2026,April,1,14,Saturday,1400.88,-0.001340215005,-1.88,1400,1380.7942,133.34,48390660145.67,0.00,15.69,3.8,11.89,4.35,1.454655589,1.390924151,100.03,1402.76,1401.82
2026-04-05,2026,April,2,15,Sunday,1398.50,-0.0016989321,-2.38,1400,1380.7942,133.34,48390660145.67,0.00,15.69,3.8,11.89,4.35,1.282291018,1.390924151,100.18,1400.88,1399.69
2026-04-06,2026,April,2,15,Monday,1395.00,-0.002502681444,-3.50,1400,1380.7942,133.34,48390660145.67,0.00,15.69,3.8,11.89,4.34,1.028813707,1.390924151,99.98,1398.50,1396.75
2026-04-07,2026,April,2,15,Tuesday,1402.00,0.005017921147,7.00,1403.5,1386.6573,137.01,48201179407.12,-189480738.55,15.69,3.8,11.89,4.33,1.106452185,1.214625993,99.86,1395.00,1398.50
2026-04-08,2026,April,2,15,Wednesday,1397.00,-0.003566333809,-5.00,1406,1371.8224,132.32,48148236233.16,-52943173.96,15.69,3.8,11.89,4.29,1.835339618,2.491401219,99.13,1402.00,1399.50
2026-04-09,2026,April,2,15,Thursday,1394.00,-0.00214745884,-3.00,1395,1359.3156,133.58,48148236233.16,0.00,15.69,3.8,11.89,4.29,2.551607588,2.625174021,98.77,1397.00,1395.50
2026-04-10,2026,April,2,15,Friday,1390.50,-0.002510760402,-3.50,1395.5,1356.8898,129.71,48070201153.06,-78035080.10,15.69,3.8,11.89,4.31,2.477002922,2.845492685,98.65,1394.00,1392.25
2026-04-11,2026,April,2,15,Saturday,1388.00,-0.001797914419,-2.50,1395.5,1356.8898,129.71,48070201153.06,0.00,15.69,3.8,11.89,4.31,2.292758041,2.845492685,98.93,1390.50,1389.25
2026-04-13,2026,April,3,16,Monday,1393.00,0.003602305476,5.00,1393,1356.1852,136.74,48070201153.06,0.00,15.69,3.8,11.89,4.3,2.714584999,2.714584999,98.37,1388.00,1390.50
2026-04-14,2026,April,3,16,Tuesday,1389.00,-0.002871500359,-4.00,1388,1343.7658,132.07,48699727859.19,629526706.13,15.69,3.8,11.89,4.26,3.366226466,3.291808736,98.12,1393.00,1391.00
2026-04-15,2026,April,3,16,Wednesday,1386.13,-0.002066234701,-2.87,1399.5,1343.7409,131.01,48675591316.60,-24136542.59,15.69,3.8,11.89,4.29,3.154559037,4.14954252,98.06,1389.00,1387.57
2026-04-16,2026,April,3,16,Thursday,1383.95,-0.001572724059,-2.18,1395,1342.3037,129.26,48647891539.23,-27699777.37,15.69,3.8,11.89,4.32,3.102598913,3.92581053,98.27,1386.13,1385.04
2026-04-17,2026,April,3,16,Friday,1386.00,0.001481267387,2.05,1399,1343.6398,117.28,48621584209.21,-26307330.02,15.69,3.8,11.89,4.26,3.152645523,4.120166729,98.1,1383.95,1384.98
2026-04-20,2026,April,4,17,Monday,1386.63,0.0004545454545,0.63,1400,1349.6737,113.90,48541820944.62,-79763264.59,15.69,3.8,11.89,4.26,2.738165528,3.728775333,98.1,1386.00,1386.32
2026-04-21,2026,April,4,17,Tuesday,1384.88,-0.001262052602,-1.75,1394,1350.7402,116.54,48513590012.85,-28230931.77,15.69,3.8,11.89,4.3,2.527488262,3.202673616,98.39,1386.63,1385.76
2026-04-22,2026,April,4,17,Wednesday,1385.81,0.0006715383282,0.93,1397,1348.4492,121.78,48480415058.84,-33174954.01,15.69,3.8,11.89,4.3,2.770649425,3.600491587,98.59,1384.88,1385.35
2026-04-23,2026,April,4,17,Thursday,1387.64,0.001320527345,1.83,1398.5,1353.9081,122.19,48449046297.28,-31368761.56,15.69,3.8,11.89,4.34,2.491446798,3.293569187,98.82,1385.81,1386.73
2026-04-24,2026,April,4,17,Friday,1387.72,0.00005765184053,0.08,1394,1358.4351,122.18,48437247574.73,-11798722.55,15.69,3.8,11.89,4.31,2.155782047,2.6180787,98.53,1387.64,1387.68
2026-04-27,2026,April,5,18,Monday,1387.20,-0.0003747153604,-0.52,1397.5,1364.2374,123.00,48389213652.83,-48033921.90,15.69,3.8,11.89,4.35,1.683182121,2.43818268,98.4,1387.72,1387.46
2026-04-28,2026,April,5,18,Tuesday,1389.95,0.001982410611,2.75,1392.5,1380.7066,124.68,48371786994.00,-17426658.83,15.69,3.8,11.89,4.36,0.6694688068,0.8541568498,98.64,1387.20,1388.58
2026-04-29,2026,April,5,18,Wednesday,1392.70,0.001978488435,2.75,1396,1379.4605,132.14,48367260146.17,-4526847.83,15.69,3.8,11.89,4.42,0.9597592682,1.198983226,98.96,1389.95,1391.33
2026-04-30,2026,April,5,18,Thursday,1389.63,-0.00220435126,-3.07,1397,1374.9431,128.13,48364008532.76,-3251613.41,15.69,3.8,11.89,4.4,1.068182385,1.604204567,98.06,1392.70,1391.17
2026-05-01,2026,May,1,18,Friday,1381.10,-0.00613832459,-8.53,1395,1374.9431,128.13,48364008532.76,0.00,15.93,4.2,11.73,4.39,0.4477930759,1.458744002,98.16,1389.63,1385.37
2026-05-04,2026,May,2,19,Monday,1377.54,-0.002577655492,-3.56,1392.5,1365.2474,128.13,48340658012.68,-23350520.08,15.93,4.2,11.73,4.45,0.9003935843,1.996165677,98.37,1381.10,1379.32
2026-05-05,2026,May,2,19,Tuesday,1380.00,0.001785792064,2.46,1390,1366.5592,125.28,48331934430.37,-8723582.31,15.93,4.2,11.73,4.43,0.9835505114,1.71531537,98.44,1377.54,1378.77
2026-05-06,2026,May,2,19,Wednesday,1383.53,0.002557971014,3.53,1394,1357.3371,110.98,48324203353.27,-7731077.10,15.93,4.2,11.73,4.36,1.929726963,2.701090245,98.02,1380.00,1381.77
2026-05-07,2026,May,2,19,Thursday,1380.09,-0.002486393501,-3.44,1392.5,1355.8502,105.08,48325895434.19,1692080.92,15.93,4.2,11.73,4.41,1.787793371,2.703086226,98.07,1383.53,1381.81
2026-05-08,2026,May,2,19,Friday,1379.75,-0.0002463607446,-0.34,1392.5,1361.395,108.09,47641266905.85,-684628528.34,15.93,4.2,11.73,4.38,1.348249406,2.284788764,97.9,1380.09,1379.92
2026-05-09,2026,May,2,19,Saturday,1379.08,-0.0004855952165,-0.67,1392.5,1361.395,108.09,47641266905.85,0.00,15.93,4.2,11.73,4.38,1.299035181,2.284788764,98.04,1379.75,1379.42
2026-05-11,2026,May,3,20,Monday,1380.84,0.001276213128,1.76,1395,1373.164,110.38,47734986425.41,93719519.56,15.93,4.2,11.73,4.42,0.5590009642,1.590196073,97.95,1379.08,1379.96
2026-05-12,2026,May,3,20,Tuesday,1384.26,0.002476753281,3.42,1395,1375.6219,114.55,47768630716.99,33644291.58,15.93,4.2,11.73,4.46,0.6279414423,1.408679231,98.3,1380.84,1382.55
2026-05-13,2026,May,3,20,Wednesday,1382.37,-0.00136535044,-1.89,1397,1370.56,115.03,47801650259.57,33019542.58,15.93,4.2,11.73,4.46,0.8616915713,1.929138454,98.52,1384.26,1383.32
2026-05-14,2026,May,3,20,Thursday,1380.95,-0.001027221366,-1.42,1395,1370.8862,114.2,47836288876.18,34638616.61,15.93,4.2,11.73,4.47,0.7341090748,1.758993562,98.82,1382.37,1381.66
2026-05-15,2026,May,3,20,Friday,1384.05,0.002244831457,3.10,1400,1371.04,118.48,47870470556.93,34181680.75,15.93,4.2,11.73,4.59,0.9489146925,2.112265142,99.28,1380.95,1382.50
2026-05-18,2026,May,4,21,Monday,1385.85,0.00130053105,1.80,1395,1373.7004,120.1,47987477022.37,117006465.44,15.93,4.2,11.73,4.61,0.8844432163,1.55052732,99.19,1384.05,1384.95
2026-05-19,2026,May,4,21,Tuesday,1388.24,0.001724573367,2.39,1390,1373.8717,119.18,48025959863.83,38482841.46,15.93,4.2,11.73,4.67,1.045825458,1.173930579,99.33,1385.85,1387.05
2026-05-20,2026,May,4,21,Wednesday,1389.71,0.001058894716,1.47,1393.5,1373.3431,114.03,48025959863.83,0.00,15.93,4.2,11.73,4.57,1.191756088,1.467724999,99.09,1388.24,1388.98
2026-05-21,2026,May,4,21,Thursday,1386.67,-0.002187506746,-3.04,1390,1372.3079,116.72,48203044267.86,177084404.03,15.93,4.2,11.73,4.57,1.046565425,1.289222339,99.2,1389.71,1388.19
2026-05-22,2026,May,4,21,Friday,1383.97,-0.001947110704,-2.70,1387,1375.458,111.74,48295162939.92,92118672.06,15.93,4.2,11.73,4.56,0.6188484127,0.8391386724,99.24,1386.67,1385.32
2026-05-25,2026,May,5,22,Monday,1377.70,-0.004530445024,-6.27,1385,1374.9172,111.54,48574875225.19,279712285.27,15.93,4.2,11.73,4.57,0.2023976426,0.7333387058,98.98,1383.97,1380.84
2026-05-26,2026,May,5,22,Tuesday,1380.38,0.001945271104,2.68,1380,1375.4073,108.37,48658365753.68,83490528.49,15.93,4.2,11.73,4.5,0.3615438132,0.3339156336,99.17,1377.70,1379.04
2026-05-27,2026,May,5,22,Wednesday,1379.57,-0.0005867949405,-0.81,1380,1375.4073,104.31,48658365753.68,0.00,15.93,4.2,11.73,4.48,0.3026521671,0.3339156336,99.21,1380.38,1379.98
2026-05-28,2026,May,5,22,Thursday,1383.00,0.002486281957,3.43,1380,1375.4073,101.99,48658365753.68,0.00,15.93,4.2,11.73,4.45,0.5520328415,0.3339156336,99.02,1379.57,1381.29
2026-05-29,2026,May,5,22,Friday,1384.63,0.001178597252,1.63,1380,1373.2545,98.17,48899700362.58,241334608.90,15.93,4.2,11.73,4.45,0.8283606571,0.4912053811,98.91,1383.00,1383.82
2026-05-30,2026,May,5,22,Saturday,1379.45,-0.003741071622,-5.18,1381.25,1373.2545,98.44,48899700362.58,0.00,15.93,4.2,11.73,4.45,0.4511545384,0.5822300236,98.94,1384.63,1382.04
2026-06-01,2026,June,1,23,Monday,1379.78,0.0002392257784,0.33,1385,1366.795,102.38,49122235356.34,222534993.76,15.91,3.5,12.41,4.47,0.9500327408,1.331948098,99.2,1379.45,1379.62
2026-06-02,2026,June,1,23,Tuesday,1381.70,0.001391526185,1.92,1385,1361.0497,102.55,49199156260.53,76920904.19,15.91,3.5,12.41,4.46,1.517233353,1.759693272,99.22,1379.78,1380.74
2026-06-03,2026,June,1,23,Wednesday,1382.54,0.0006079467323,0.84,1387.5,1357.2615,104.41,49280224611.90,81068351.37,15.91,3.5,12.41,4.49,1.862463497,2.227905234,99.53,1381.70,1382.12
2026-06-04,2026,June,1,23,Thursday,1381.32,-0.0008824337813,-1.22,1390,1358.7478,103.14,49363680156.81,83455544.91,15.91,3.5,12.41,4.47,1.66125016,2.300073641,99.41,1382.54,1381.93
2026-06-05,2026,June,1,23,Friday,1382.36,0.0007529030203,1.04,1395,1362.2123,102.02,49444018215.05,80338058.24,15.91,3.5,12.41,4.55,1.479042584,2.406944938,100.07,1381.32,1381.84
2026-06-06,2026,June,1,23,Saturday,1384.32,0.0014178651,1.96,1397,1362.2123,98.44,49444018215.05,0.00,15.91,3.5,12.41,4.55,1.622926177,2.553764931,100.11,1382.36,1383.34
2026-06-08,2026,June,2,24,Monday,1386.54,0.001603675451,2.22,1391,1362.8397,103.47,49595926844.76,151908629.71,15.91,3.5,12.41,4.56,1.739037981,2.066295838,100.05,1384.32,1384.41
2026-06-09,2026,June,2,24,Tuesday,1389.04,0.001803049317,2.50,1394,1360.5519,98.74,49676693652.12,80766807.36,15.91,3.5,12.41,4.53,2.093863527,2.458421469,99.91,1386.54,1386.63
2026-06-10,2026,June,2,24,Wednesday,1390.94,0.001367851178,1.90,1395,1362.0549,97.65,49755493999.76,78800347.64,15.91,3.5,12.41,4.55,2.120700127,2.418779155,99.95,1389.04,1388.84
2026-06-11,2026,June,2,24,Thursday,1390.79,-0.0001078407408,-0.15,1395,1363.825,91.06,49755493999.76,0.00,15.91,3.5,12.41,4.45,1.977159826,2.285850457,99.86,1390.94,1390.26
2026-06-12,2026,June,2,24,Friday,1390.76,-0.00002157047433,-0.03,1395,1363.825,91.06,49755493999.76,0.00,15.91,3.5,12.41,4.48,1.974960131,2.285850457,99.75,1390.79,1390.83
2026-06-13,2026,June,2,24,Saturday,1383.88,-0.004946935489,-6.88,1395,1363.825,91.06,49755493999.76,0.00,15.91,3.5,12.41,4.48,1.470496581,2.285850457,99.67,1390.76,1388.48
2026-06-14,2026,June,3,25,Sunday,1385.72,0.001329595052,1.84,1395,1363.825,91.06,49755493999.76,0.00,15.91,3.5,12.41,4.48,1.605411251,2.285850457,99.81,1383.88,1386.79
2026-06-15,2026,June,3,25,Monday,1387.33,0.001161850879,1.61,1400,1356.2704,86.31,50140872007.32,385378007.56,15.91,3.5,12.41,4.47,2.29007431,3.224253807,99.63,1385.72,1385.64
2026-06-16,2026,June,3,25,Tuesday,1387.53,0.0001441618072,0.20,1395,1357.1808,82.67,50214171743.56,73299736.24,15.91,3.5,12.41,4.43,2.236194323,2.786599987,99.54,1387.33,1386.86
2026-06-17,2026,June,3,25,Wednesday,1387.14,-0.0002810750038,-0.39,1395,1360.0725,83.05,50290193176.79,76021433.23,15.91,3.5,12.41,4.49,1.99015126,2.568061629,100.09,1387.53,1387.33
2026-06-18,2026,June,3,25,Thursday,1387.43,0.0002090632524,0.29,1405,1363.304,79.7,50363829319.23,73636142.44,15.91,3.5,12.41,4.46,1.769671328,3.058452113,100.71,1387.14,1387.37
2026-06-19,2026,June,3,25,Friday,1387.29,-0.0001009059917,-0.14,1410,1370.4556,81.62,50363829319.23,0.00,15.91,3.5,12.41,4.46,1.228379818,2.88549297,100.85,1387.43,1387.29
2026-06-21,2026,June,4,26,Sunday,1392.04,0.003423941642,4.75,1410,1370.4556,81.62,50389050980.89,25221661.66,15.91,3.5,12.41,4.46,1.574979883,2.88549297,100.85,1387.29,1388.92
2026-06-22,2026,June,4,26,Monday,1393.58,0.001106290049,1.54,1400,1369.1064,79.46,50474738330.90,85687350.01,15.91,3.5,12.41,4.51,1.78756012,2.256479117,101.02,1392.04,1390.97
2026-06-23,2026,June,4,26,Tuesday,1398.82,0.003760099887,5.24,1395,1370.6373,77.27,50508943926.87,34205595.97,15.91,3.5,12.41,4.5,2.05617489,1.777472421,101.41,1393.58,1394.81
2026-06-24,2026,June,4,26,Wednesday,1404.29,0.003910438798,5.47,1392.5,1380.0775,73.71,50543153284.00,34209357.13,15.91,3.5,12.41,4.41,1.754430458,0.9001306086,101.61,1398.82,1398.90
2026-06-25,2026,June,4,26,Thursday,1405.50,0.0008616453866,1.21,1395,1380.1079,74.57,50588183389.06,45030105.06,15.91,3.5,12.41,4.4,1.83986339,1.079053312,101.43,1404.29,1402.87
2026-06-26,2026,June,4,26,Friday,1400.63,-0.003464959089,-4.87,1395,1380.9329,71.82,50634813973.09,46630584.03,15.91,3.5,12.41,4.38,1.426361846,1.018666439,101.36,1405.50,1403.47
2026-06-29,2026,June,5,27,Monday,1401.08,0.0003212839936,0.45,1398,1383.6262,72.85,50778503422.33,143689449.24,15.91,3.5,12.41,4.38,1.261453419,1.038849944,101.11,1400.63,1402.40
2026-06-30,2026,June,5,27,Tuesday,1399.67,-0.001006366517,-1.41,1399.5,1379.6842,73.2,50810445831.04,31942408.71,15.91,3.5,12.41,4.44,1.44857787,1.43625621,101.19,1401.08,1400.46
2026-07-01,2026,July,1,27,Wednesday,1400.81,0.0008144776983,1.14,1400,1372.4072,70.45,50810445831.04,0.00,15.43,3.4,12.03,4.48,2.069560696,2.010540312,101.39,1399.67,1400.52
2026-07-02,2026,July,1,27,Thursday,1397.31,-0.002498554408,-3.50,1405,1370.1516,69.96,50810445831.04,0.00,15.43,3.4,12.03,4.49,1.982145625,2.543397388,100.87,1400.81,1399.26
2026-07-03,2026,July,1,27,Friday,1392.06,-0.003757219228,-5.25,1407,1370.1904,70.32,50882950392.61,72504561.57,15.43,3.4,12.03,4.49,1.596099345,2.686458758,100.86,1397.31,1396.73
2026-07-04,2026,July,1,27,Saturday,1384.00,-0.005789980317,-8.06,1407,1370.1904,70.32,50882950392.61,0.00,15.43,3.4,12.03,4.49,1.00785993,2.686458758,100.88,1392.06,1391.12
2026-07-05,2026,July,2,28,Sunday,1388.17,0.00301300578,4.17,1407,1370.1904,70.32,50882950392.61,0.00,15.43,3.4,12.03,4.49,1.312197195,2.686458758,100.88,1384.00,1388.08
2026-07-06,2026,July,2,28,Monday,1389.92,0.001260652514,1.75,1404,1368.2664,71.05,50941557934.27,58607541.66,15.43,3.4,12.03,4.48,1.582557315,2.611596689,100.85,1388.17,1387.36
2026-07-07,2026,July,2,28,Tuesday,1390.65,0.000525210084,0.73,1406,1375.7463,73.1,51006044858.08,64486923.81,15.43,3.4,12.03,4.55,1.083317469,2.199075513,101.02,1389.92,1389.58
2026-07-08,2026,July,2,28,Wednesday,1392.00,0.0009707690648,1.35,1411,1379.0675,79.04,51079886298.57,73841440.49,15.43,3.4,12.03,4.56,0.9377713564,2.315513925,101.07,1390.65,1390.86
2026-07-09,2026,July,2,28,Thursday,1394.00,0.001436781609,2.00,1426.5,1378.4313,77.08,51110024123.32,30137824.75,15.43,3.4,12.03,4.54,1.129450557,3.487203171,100.9,1392.00,1392.22
2026-07-10,2026,July,2,28,Friday,1393.50,-0.0003586800574,-0.50,1424,1379.6201,75.71,51137577827.26,27553703.94,15.43,3.4,12.03,4.56,1.006066815,3.216820341,100.95,1394.00,1393.17
2026-07-11,2026,July,2,28,Saturday,1392.01,-0.00106925009,-1.49,1424,1379.6201,75.71,51137577827.26,0.00,15.43,3.4,12.03,4.56,0.8980660691,3.216820341,100.97,1393.50,1393.17
2026-07-12,2026,July,3,29,Sunday,1391.05,-0.000689650218,-0.96,1424,1379.6201,75.71,51137577827.26,0.00,15.43,3.4,12.03,4.56,0.8284816958,3.216820341,100.97,1392.01,1392.19
2026-07-13,2026,July,3,29,Monday,1394.25,0.002300420546,3.20,1416.5,1379.6504,79.35,51218850258.41,81272431.15,15.43,3.4,12.03,4.62,1.058210109,2.670937507,101.23,1391.05,1392.44
2026-07-14,2026,July,3,29,Tuesday,1398.81,0.003270575578,4.56,1418.5,1383.0755,83.85,51243858894.95,25008636.54,15.43,3.4,12.03,4.58,1.137645776,2.561284615,100.92,1394.25,1394.70
2026-07-15,2026,July,3,29,Wednesday,1397.57,-0.0008864677833,-1.24,1417,1382.1841,84.22,51271499195.65,27640300.70,15.43,3.4,12.03,4.55,1.113158515,2.518904681,100.42,1398.81,1396.88
2026-07-16,2026,July,3,29,Thursday,1395.30,-0.001624247802,-2.27,1416,1381.5299,84.64,51295929772.90,24430577.25,15.43,3.4,12.03,4.57,0.9967283372,2.495067244,100.76,1397.57,1397.23
2026-07-17,2026,July,3,29,Friday,1396.83,0.001096538379,1.53,1416,1380.1847,85.15,51324848055.05,28918282.15,15.43,3.4,12.03,4.55,1.206019745,2.594964283,100.77,1395.30,1396.57
2026-07-20,2026,July,4,30,Monday,1398.32,0.00106670103,1.49,1407.5,1380.1093,86.6,51411675854.44,86827799.39,15.43,3.4,12.03,4.6,1.319511433,1.984676141,100.95,1396.83,1396.82
2026-07-21,2026,July,4,30,Tuesday,1398.61,0.0002073917272,0.29,1407,1375.3083,90.92,51422310007.47,10634153.03,15.43,3.4,12.03,4.63,1.6942892,2.304334235,101.17,1398.32,1397.92
2026-07-22,2026,July,4,30,Wednesday,1398.50,-0.00007864951631,-0.11,1405,1369.6346,98.53,51426733539.29,4423531.82,15.43,3.4,12.03,4.67,2.107525613,2.582104745,101.13,1398.61,1398.48
2026-07-23,2026,July,4,30,Thursday,1397.33,-0.0008366106543,-1.17,1406,1367.7574,102.74,51421817819.30,-4915719.99,15.43,3.4,12.03,4.71,2.162123195,2.796007538,101.44,1398.50,1398.15
2026-07-24,2026,July,4,30,Friday,1397.46,0.00009303457308,0.13,1409,1362.0866,102.04,51409996082.46,-11821736.84,15.43,3.4,12.03,4.69,2.597000807,3.444230345,101.47,1397.33,1397.76
2026-07-27,2026,July,5,31,Monday,1397.17,-0.0002075193565,-0.29,1409,1362.2064,94.88,51364184625.44,-45811457.02,15.43,3.4,12.03,4.65,2.566688866,3.435132884,101.53,1397.46,1397.32
2026-07-28,2026,July,5,31,Tuesday,1398.44,0.0009089802959,1.27,1406.5,1365.5303,89.84,51340371967.22,-23812658.22,15.43,3.4,12.03,4.61,2.41003074,3.000277621,101.4,1397.17,1397.69
2026-07-29,2026,July,5,31,Wednesday,1399.19,0.0005363118904,0.75,1414,1366.714,93.6,51325984579.48,-14387387.74,15.43,3.4,12.03,4.67,2.376210385,3.459831391,100.83,1398.44,1398.27
2026-07-30,2026,July,5,31,Thursday,1399.46,0.0001929687891,0.27,1419.5,1366.7278,92.77,51328003297.63,2018718.15,15.43,3.4,12.03,4.68,2.394931895,3.861207769,99.99,1399.19,1399.03
2026-07-31,2026,July,5,31,Friday,1395.50,-0.00282966287,-3.96,1420,1368.2232,94.79,51328003297.63,0.00,15.43,3.4,12.03,4.75,1.993592858,3.784236373,99.91,1399.46,1398.05
2026-08-03,2026,August,2,32,Monday,1393.38,-0.001519168757,-2.12,1415,1364.8344,92.95,51357690990.28,29687692.65,15.43,3.4,12.03,4.7,2.091506486,3.675581448,99.9,1395.50,1396.11
2026-08-04,2026,August,2,32,Tuesday,1396.00,0.001880319798,2.62,1423.5,1362.5542,86.98,51365438703.48,7747713.20,15.43,3.4,12.03,4.63,2.45463997,4.472908307,99.86,1393.38,1394.96
2026-08-05,2026,August,2,32,Wednesday,1395.35,-0.0004656160458,-0.65,1421,1363.8491,87.96,51424384267.11,58945563.63,15.43,3.4,12.03,4.63,2.309705671,4.190412268,99.68,1396.00,1394.91
2026-08-06,2026,August,2,32,Thursday,1394.64,-0.0005088329093,-0.71,1420.5,1364.8846,90.44,51454314326.83,29930059.72,15.43,3.4,12.03,4.69,2.180067091,4.074732765,99.93,1395.35,1395.33
2026-08-07,2026,August,2,32,Friday,1393.62,-0.0007313715367,-1.02,1420,1365.6856,92.33,51480684706.81,26370379.98,15.43,3.4,12.03,4.65,2.045448821,3.977079351,99.54,1394.64,1394.54
2026-08-10,2026,August,3,33,Monday,1393.96,0.0002439689442,0.34,1425,1360.1415,92.58,51571053498.92,90368792.11,15.43,3.4,12.03,4.72,2.486395717,4.768511217,99.81,1393.62,1394.07
2026-08-11,2026,August,3,33,Tuesday,1395.74,0.001276937645,1.78,1425,1364.8992,98.77,51604234195.15,33180696.23,15.43,3.4,12.03,4.7,2.259566128,4.403314179,99.83,1393.96,1394.44
2026-08-12,2026,August,3,33,Wednesday,1398.56,0.002020433605,2.82,1419,1360.5792,98.78,51633427017.86,29192822.71,15.43,3.4,12.03,4.68,2.791517025,4.293818397,100.01,1395.74,1396.09
2026-08-13,2026,August,3,33,Thursday,1398.29,-0.0001930557144,-0.27,1421,1357.6516,97.38,51695545941.15,62118923.29,15.43,3.4,12.03,4.63,2.993286348,4.66602772,99.96,1398.56,1397.53
2026-08-14,2026,August,3,33,Friday,1396.64,-0.00118001273,-1.65,1418.5,1357.6088,98.4,51761064951.36,65519010.21,15.43,3.4,12.03,4.68,2.874996096,4.48518012,99.67,1398.29,1397.83
2026-08-17,2026,August,4,34,Monday,1395.00,-0.001174246764,-1.64,1409,1349.5372,97.9,51962789113.81,201724162.45,15.43,3.4,12.03,4.72,3.368769679,4.40616235,99.64,1396.64,1396.64
2026-08-18,2026,August,4,34,Tuesday,1397.05,0.00146953405,2.05,1407,1343.3202,98.9,52028695007.26,65905893.45,15.43,3.4,12.03,4.71,3.999776077,4.740478108,99.66,1395.00,1396.23
2026-08-19,2026,August,4,34,Wednesday,1396.06,-0.0007086360545,-0.99,1405,1350.4134,100.25,52104799979.06,76104971.80,15.43,3.4,12.03,4.65,3.380194539,4.042214036,98.83,1397.05,1396.04
2026-08-20,2026,August,4,34,Thursday,1395.53,-0.0003796398436,-0.53,1404,1347.6284,98.03,52104799979.06,0.00,15.43,3.4,12.03,4.69,3.554511021,4.18302256,98.89,1396.06,1396.21
2026-08-21,2026,August,4,34,Friday,1393.32,-0.001583627726,-2.21,1403.5,1346.4913,97.58,52282989043.64,178189064.58,15.43,3.4,12.03,4.74,3.477831606,4.233870653,98.8,1395.53,1394.97
2026-08-24,2026,August,5,35,Monday,1392.50,-0.0005885223782,-0.82,1406,1346.976,97.12,52567628448.79,284639405.15,15.43,3.4,12.03,4.7,3.379718718,4.381963747,99,1393.32,1393.78
2026-08-25,2026,August,5,35,Tuesday,1387.21,-0.003798922801,-5.29,1406,1346.976,92.22,52567628448.79,0.00,15.43,3.4,12.03,4.64,2.986987148,4.381963747,98.92,1392.50,1391.01
2026-08-26,2026,August,5,35,Wednesday,1385.45,-0.001268733645,-1.76,1393.5,1343.5943,90.68,52755667461.76,188039012.97,15.43,3.4,12.03,4.66,3.115203749,3.714342938,99.17,1387.21,1388.39
2026-08-27,2026,August,5,35,Thursday,1386.42,0.0007001335306,0.97,1399,1338.5865,91.23,52768301294.98,12633833.22,15.43,3.4,12.03,4.67,3.573433618,4.513230934,99.16,1385.45,1386.36
2026-08-28,2026,August,5,35,Friday,1384.50,-0.00138486173,-1.92,1401,1338.5865,92.28,52970060815.06,201759520.08,15.43,3.4,12.03,4.73,3.429998734,4.662642272,99.7,1386.42,1385.46
2026-08-31,2026,August,6,36,Monday,1381.11,-0.002448537378,-3.39,1399.5,1332.9396,92.28,53269935554.42,299874739.36,15.43,3.4,12.03,4.73,3.613847169,4.993504582,99.43,1384.50,1384.01
2026-09-01,2026,September,1,36,Tuesday,1378.50,-0.001889784304,-2.61,1395,1332.9396,92.28,53269935554.42,0.00,15.43,3.4,12.03,4.73,3.418039347,4.655904889,99.65,1381.11,1381.37