date,source,document_type,title,description,keywords,ref_no,url,filesize,source_id
2006-01-03,Central Bank of Nigeria,circulars,Re: Year 2005 Christian Pilgrimage: Purchase of Pilgims' Travelling Allowance,,"Our Circular Ted/ad/149/2005 of 28/12/2005, Authorised Dealers notified additional prilgims various state. Ted/ad/1/2006. Akanji O. O. (Mrs.) Trade & Exchange Year 2005 ChristianPilgrims.",Ted-ad-1-2006,https://www.cbn.gov.ng/OUT/CIRCULARS/TED/2006/TED-AD-1-2006.PDF,18 KB,1442
2006-01-04,Central Bank of Nigeria,circulars,Foreign Exchange Market Auction No. 01/2006 of 4/1/2006,,CBN offer US$100.00 million sale 4/1/2006 Current Account adequately funded.  Foreign Exchange Market Auction  No. 01 Ted/ad/1/2006.  Authorised Dealers new Forex Fod/D/S.14/VOL.XVI/78.  Akanji O. O. (Mrs.) Trade & Exchange bidding.,Ted-ad-2-2006,https://www.cbn.gov.ng/OUT/CIRCULARS/TED/2006/TED-AD-2-2006.PDF,13 KB,1440
2006-01-04,Central Bank of Nigeria,circulars,"The abolition of the Pre-shipment Inspection of Imports and Re-introduction of Destination Inspection of Imports:
Transitional Arrangements",,"All Authorised Dealers, Pre-shipment Inspection Agents (PIAs) general public abolition pre-shipment inspection scheme imports reintroduction destination inspection imports effective 1st January, 2006. Ted/ad/3/2006. Akanji O. O. (Mrs.) Trade & Exchange abolition of the pre-shipment Inspection Agents.",Ted-ad-3-2006,https://www.cbn.gov.ng/OUT/CIRCULARS/TED/2006/TED-AD-3- 2006.PDF,26 KB,1441
2006-01-06,Central Bank of Nigeria,circulars,Abilition of Pre-shipment Inspection of Imports and Re-introduction of Destination Inspection Scheme in Niogeria,,"Government abolish Pre-shipment Inspection re-introduce Destination Inspection 1st January, 2006. Ted/ad/150/2005. Akanji, O. O. (Mrs.) Trade & Exchange abolition of Pre-shipment of imports and Reintroduction of Destination Inspection Scheme.",Ted-ad-150-2005,https://www.cbn.gov.ng/OUT/CIRCULARS/TED/2006/TED-AD-150-2005.PDF,27 KB,1438
2006-01-06,Central Bank of Nigeria,circulars,Submission of Bids in the Foreign Exchange Market and Payment for Foreign Exchange Winnings,,"All Authorised Dealers consolidation December 31, 2005 emergence 25 banks submission bids FEM lead bank group. Ted/ad/4/2006. Akanji. O. O.  (Mrs.) Trade & Exchange submission of bids in the Forex Market and payment for Forex winnings.",Ted-ad-4-2005,https://www.cbn.gov.ng/OUT/CIRCULARS/TED/2006/TED-AD-4-2006.PDF,13 KB,1439
2006-01-09,Central Bank of Nigeria,circulars,Closure of Foreign Exchange Market For Id-El-Kabir Holiday,,"Federal Goverment Declared Tuesday 10th and Wednesday 11th January, 2006 as Public Holiday celebration Id-El-Kabir.  Authorised Dealers informed Auction result released Thurday 12th January, 2006.  No Auction Wednesday 11th January, 2006.  ",Ted-ad-8-2006,https://www.cbn.gov.ng/OUT/CIRCULARS/TED/2006/TED-AD-8-2006.PDF,17 KB,1434
2006-01-09,Central Bank of Nigeria,circulars,Code of Corporate Governance for Banks,,corporate governance weaknesses weakness Nigeria banks post consolidation integration board director management insider internal control oversight leadership code MD CEO compliance risk abuse sit tight related false return audit disclosure ownership independent integrity auditor,bsd-01-2006,https://www.cbn.gov.ng/OUT/CIRCULARS/BSD/2006/BSD-01-2006.PDF,6 KB,1436
2006-01-09,Central Bank of Nigeria,circulars,Foreign Exchange Market Auction No. 05/2006,,CBN offer US$70.00 million sale 9/1/2006 Current Account adequately funded.  Foreign Exchange Market Auction No. 2 Ted/ad/5/2006 authorised dealers new Forex Fod/D/S.14/VOL.XVI/78.  Akanji O. O. (Mrs.) Trade & Exchange bidding.,Ted-ad-5-2006,https://www.cbn.gov.ng/OUT/CIRCULARS/TED/2006/TED-AD-5-2006.PDF,13 KB,1435
2006-01-09,Central Bank of Nigeria,circulars,"N25, 000,000,000 3rd FGN BOND 2009 (3-YEAR TENOR)",,bond cbn ,bond-01-2006,https://www.cbn.gov.ng/OUT/CIRCULARS/PID/2006/fgn-bond-2006.PDF,40KB,1437
2006-01-09,Central Bank of Nigeria,circulars,Notice of Foreign Exchange Officers' Meeting ,,"All Authorised Dealers, Nigeria Customs Service and Scanning & Risk Service Providers (SC) Foreign Exchange Officers' Meeting scheduled Bankers' Committee Conference Hall, CBN, Lagos Tuesday, January 17, 2006 100.00 a.m. prompt.",Ted-ad-7-2006,https://www.cbn.gov.ng/OUT/CIRCULARS/TED/2006/TED-AD-7-2006.PDF,10 KB,1433
2006-01-09,Central Bank of Nigeria,circulars,Re: Year 2005 Christian Pilgrimage: Purchase of Pilgims' Travelling Allowance,,"Authorised Dealers notified additional list pilgrims various states. Ted/ad/6/2006. Akanji, O. O. (Mrs.) Trade & Exchange Year 2005 Christian Pligrimage.",Ted-ad-6-2006,https://www.cbn.gov.ng/OUT/CIRCULARS/TED/2006/TED-AD-6-2006.PDF,18 KB,1432
2006-01-16,Central Bank of Nigeria,circulars,Foreign Exchange Market Auction No. 03/2006 of 16/1/2006,,"CBN offer US$80.00 million sale 16/1/2006 Current Account adequately funded.  Foreign Exchange Market Auction No. 3 Ted/ad/9/2006 authorised dealers new Forex Fod/D/S.14/VOL.XVI/78.  Akanji O. O. (Mrs.) Trade & Exchange bidding.
",Ted-ad-9-2006,https://www.cbn.gov.ng/OUT/CIRCULARS/TED/2006/TED-AD-9-2006.PDF,13 KB,1431
2006-01-20,Central Bank of Nigeria,circulars,Modification of Export Domiciliary Account Operations and Transport Mode for Exports,,"All Authorised Dealers, Exporters, general public encourage exporters marginal oil field operators, repatriated Export tProceeds held Domiciliary Accounts maintained. Ted/ad/12/2006. Akanji, O. O. (Mrs) Trade & Exchange Modification of Export Domiciliary Account Operations and Transport Mode for Exports. ",Ted-ad-12-2006,https://www.cbn.gov.ng/OUT/CIRCULARS/TED/2006/TED-AD-12-2006.PDF,20 KB,1430
2006-01-23,Central Bank of Nigeria,circulars,Foreign Exchange Market Auction No. 05/2006 of 23/1/2006,,"CBN offer US$80.00 million sale 23/1/2006 Current Account adequately funded. Foreign Exchange Market Auction No.5 Ted/ad/13/2006 authorised dealers new Forex Fod/D/S.14/VOL.XVI/78.  Akanji, O. O. (Mrs.) Trade & Exchange bidding.",Ted-ad-13-2006,https://www.cbn.gov.ng/OUT/CIRCULARS/TED/2006/TED-AD-13-2006.PDF,13 KB,1428
2006-01-23,Central Bank of Nigeria,circulars,Re: Year 2005 Christian Pilgrimage: Purchase of Pilgims' Travelling Allowance,,"Authorised Dealers additional pilgims various states. Ted/ad/14/2006. Musa, B. Trade & Exchange Year 2005 Christian Pilgrimage.",Ted-ad-14-2006,https://www.cbn.gov.ng/OUT/CIRCULARS/TED/2006/TED-AD-14-2006.PDF,15 KB,1429
2006-01-25,Central Bank of Nigeria,circulars,Foreign Exchange Market Auction No. 06/2006 of 25/1/2006,,"CBN offer US$70.00 million sale 25/1/2006 Current Account adequately funded. Foreign Exchange Market Auction No.6 Ted/ad/17/2006 authorised dealers new Forex Fod/D/S.14/VOL.XVI/78.  Musa, B.Trade & Exchange bidding.
",Ted-ad-17-2006,https://www.cbn.gov.ng/OUT/CIRCULARS/TED/2006/TED-AD-17-2006.PDF,13 KB,1427
2006-01-30,Central Bank of Nigeria,circulars,Foreign Exchange Market Auction No. 07/2006 of 30/1/2006,,CBN offer $70.00 million sale 30/1/2006 Current Account adequately funded.  Foreign Exchange Market Auction No.07 Ted/ad/18/2006 Authorised Dealers new Forex Fod/D/S.14/VOL.XVI/78.  Akanji O. O. (Mrs.) Trade & Exchange bidding.,Ted-ad-18-2006,https://www.cbn.gov.ng/OUT/CIRCULARS/TED/2006/TED-AD-18-2006.PDF,14 KB,1426
2006-01-30,Central Bank of Nigeria,circulars,Re: Year 2005 Christian Pilgimage: Purchase of Pilgrims' Travelling Allowance ,,"Authorised Dealers notified additional pilgrims various states . Circular supersedes Ref. Ted/ad/14/2006 of 23/1/2006. Ted/ad/19/2006 Musa, B. Trade & Exchange Year 2005 Christian Pilgrimage. ",Ted-ad-19-2006,https://www.cbn.gov.ng/OUT/CIRCULARS/TED/2006/TED-AD-19-2006.PDF,15 KB,1425
2006-02-01,Central Bank of Nigeria,circulars,Foreign Exchange Market Auction No. 08/2006 of 1/2/2006,,CBN offer $50.00 million sale 1/2/2006.  Current Account adequately funded.  Foreign Exchange Market Auction No. 08 Ted/ad/20/2006. Authorised Dealers new Forex Fod/D/S.14/VOL.XVI/78.  Akanji O. O. (Mrs.) Trade & Exchange bidding,Ted-ad-20-2006,https://www.cbn.gov.ng/OUT/CIRCULARS/TED/2006/TED-AD-20-2006.PDF,14 KB,1424
2006-02-02,Central Bank of Nigeria,circulars,Re: Year 2005 Christian Pilgrimage: Purchase of Pilgrims' Travelling Allowance ,,Authorised Dealers notified additional Pilgrims various States  Ted/ad/22/2006. B. Musa Trade & Exchange Year 2005 Christian Pilgrimage.,Ted-ad-22-2006,https://www.cbn.gov.ng/OUT/CIRCULARS/TED/2006/TED-AD-22-2006.PDF,15 KB,1423
2006-02-03,Central Bank of Nigeria,circulars,"Re: Outstanding Transactions as at 31st December, 2005",,"Our Circular Ted/ad/16/2006 January 24, 2005 Authorised Dealers informed deadline submission returns extended one week submit not later than 8/2/2006. Ted/ad/21/2006 Akanji O. O. (Mrs.) Trade & Exchange Outstanding Transactions as at December, 2005.",Ted-ad-21-2006,https://www.cbn.gov.ng/OUT/CIRCULARS/TED/2006/TED-AD-21-2006.PDF,5 KB,1420
2006-02-03,Central Bank of Nigeria,circulars,Re: Year 2005 Christian Pilgrimage: Purchase of Pilgrims' Travelling Allowance,,Authorised Dealers notified additional Pilgrims various states. Ted/ad/23/2006. B. Musa Trade & Exchange Year 2005 Christian Pilgrimage.,Ted-ad-23-2006,https://www.cbn.gov.ng/OUT/CIRCULARS/TED/2006/TED-AD-23-2006.PDF,16 KB,1419
2006-02-03,Central Bank of Nigeria,circulars,Requirements and Procedures for the Conversion of Commuinity Banks (CBs) to Microfinance Banks (MFBs),,MFBs CBs Microfinance Banks Community Banks Requirements OFID Other Financial Institutions Departments Central Bank of Nigeria Abuja Lagos Conversion Capital Asset Circular Shareholders Regulatory Supervisory Guidelines Policy National February 2006,OFID-01-2006,https://www.cbn.gov.ng/OUT/CIRCULARS/OFID/2006/OFID-01-2006.PDF,191 KB,1421
2006-02-03,Central Bank of Nigeria,circulars,Requirements and Procedures for the Transformation of Non-Governmental Organisation-Microfinance Institutions (NGO-MFIs) to Microfinance Banks (MFBs),,"Requirements Procedures Transformation Non-Governmental Organisation Microfinance Institutions NGO-MFIs  Microfinance Banks MFBs Central Bank of Nigeria Regulatory Supervisory Guidelines Rating Agency Policy OFID Other Financial Institutions Department February 2006 Circular credit/finance services
",OFID-02-2006,https://www.cbn.gov.ng/OUT/CIRCULARS/OFID/2006/OFID-02-2006.PDF,160 KB,1422
2006-02-06,Central Bank of Nigeria,circulars,Foreign Exchange Market Auction No. 09/2006 of 6/2/2006,,"CBN offer US$50million sale 6/2/2006 Current Account adequately funded. Foreign Exchange Market Auction No.9 Ted/ad/24/2006. Authorised Dealers new Fod/D/S.14/VOL.XVI/78. Musa, B. Trade & Exchange bidding.",Ted-ad-24-2006,https://www.cbn.gov.ng/OUT/CIRCULARS/TED/2006/TED-AD-24-2006.PDF,13 KB,1418
2006-02-06,Central Bank of Nigeria,circulars,Re: Year 2005 Christian Pilgimage : Purchase of Pilgims' Travelling Allowance,,Authorised Dealers notified additional list Pilgrims Niger State. Ted/ad/25/2006. I. B. B. Shettima Re: Year 2005 Christian Pilgimage : Purchase of Pilgims' Travelling Allowance.,Ted-ad-25-2006,https://www.cbn.gov.ng/OUT/CIRCULARS/TED/2006/TED-AD-25-2006.PDF,9 KB,1417
2006-02-07,Central Bank of Nigeria,circulars,Issuance of New Authorised Dealership Licence To Banks,,"Pursuant on-going reform Nigerian Banking System embarked upon Central Bank of Nigeria successful completion Consolidation commence Wholesale Dutch Auction System (WDAS) CBN informs all banks  February 17, 2006, all Authorised Dealership licences held banks cease valid operation Foreign Exchange Market. Ted/ad/26/2006. Akanji O. O. (Mrs.) Trade & Exchange Issuance of New Authorised Dealership Licence to Banks.             
",Ted-ad-26-2006,https://www.cbn.gov.ng/OUT/CIRCULARS/TED/2006/TED-AD-26-2006.PDF,17 KB,1416
2006-02-08,Central Bank of Nigeria,circulars,Foreign Exchange Market Auction No. 10/2006 of 8/2/2006,,"CBN offer US$50million sale 8/2/2006 Current Account adequately funded. Foreign Exchange Market Auction No.10 Ted/ad/27/2006. Authorised Dealers new Fod/D/S.14/VOL.XVI/78. Shettima, I.B.B. Trade & Exchange bidding.
",Ted-ad-27-2006,https://www.cbn.gov.ng/OUT/CIRCULARS/TED/2006/TED-AD-27-2006.PDF,12 KB,1414
2006-02-08,Central Bank of Nigeria,circulars,Re: Year 2005 Christian Pilgrimage: Purchase of Pilgims' Travelling Allowance,,"Authorised Dealers notified additional Pilgrims Cross River State Ted/ad/28/2006.  Shettima, I. B. B. Trade & Exchange 2005 Christian Pilgrimage.",Ted-ad-28-2006,https://www.cbn.gov.ng/OUT/CIRCULARS/TED/2006/TED-AD-28-2006.PDF,11 KB,1415
2006-02-08,Central Bank of Nigeria,circulars,Workshop for Authorised Dealers on Methodology for Calculating and Reporting on Net Open Position (NOP) of the Banks.,,"All Authorised Dealers training workshop methodology calculating reporting foreign exchange Net Open Position (NOP) scheduled Lagos Airport Hotel, Ikeja Lagos Wednesday 15th to Thursday 16th February, 2006 9.00 a.m. each day. Ted/ad/29/2006. Shettima, I. B. B. Trade & Exchange Workshop for Authorised Dealers on Methodology for Calculating and Reporting on Net Open Position of the banks.",Ted-ad-29-2006,https://www.cbn.gov.ng/OUT/CIRCULARS/TED/2006/TED-AD-29-2006.PDF,11 KB,1413
2006-02-10,Central Bank of Nigeria,circulars,"Deadline for the Inspection of Goods in respect of Forms ""M"" Established under the Pre-shipment Inspection Scheme",,"Destination Inspection Scheme wind down transactions outstanding December 31, 2005 before March 31, 2006.  Inspection Agents required conclude inspection February 15, 2006. Ted/ad/30/2006.  Akanji, O. O. (Mrs.) Trade & Exchange Deadline on Inspection of Goods ",Ted-ad-30-2006,https://www.cbn.gov.ng/OUT/CIRCULARS/TED/2006/TED-AD-30-2006.PDF,17 KB,1412
2006-02-13,Central Bank of Nigeria,circulars,Foreign Exchange Market Auction No. 11/2006 of 13/2/2006,,CBN offer US$50.00 million sale 13/2/2006 Current Account adequately funded.  Foreign Exchange Market Auction No.11 Ted/ad/32/2006 Authorised Dealers new Forex Fod/D/S.14/VOL.XVI/78.  Akanji O. O. (Mrs.) Trade & Exchange bidding.,Ted-ad-32-2006,https://www.cbn.gov.ng/OUT/CIRCULARS/TED/2006/TED-AD-32-2006.PDF,14 KB,1410
2006-02-13,Central Bank of Nigeria,circulars,Petroleum Products Import Under Destination Inspection Scheme (DIS),,"Authorised Dealers, general public guidelines documentation requirements petroleum products imports stipulated circular Ted/ad/55/2004 of May 7,  2004. Ted/ad/31/2006.  Akanji O. O (Mrs.) Trade & Exchange Petroleum Products under (DIS).",Ted-ad-31-2006,https://www.cbn.gov.ng/OUT/CIRCULARS/TED/2006/TED-AD-31-2006.PDF,10 KB,1411
2006-02-15,Central Bank of Nigeria,circulars,Foreign Exchange Market Auction No.12/2006 of 15/2/2006,,"CBN offer US$80.00 million sale 15/2/2006 Current Account adequately funded.  Foreign Exchange Market Auction No.12 Ted/ad/33/2006. Authorised Dealers new Forex Fod/D/S.14/VOL.XVI/78.  Akanji, O. O (Mrs.) Trade & Exchange bidding.",Ted-ad-33-2006,https://www.cbn.gov.ng/OUT/CIRCULARS/TED/2006/TED-AD-33-2006.PDF,14 KB,1409
2006-02-16,Central Bank of Nigeria,circulars,Revised Guidelines For The Operation Of The Foreign Exchange Market: Wholesale Dutch Auction System,,"Consistent objectives efficiency Foreign Exchange Market determination Naira exchange rate, CBN adopts Wholesale Dutch Auction System (WDAS). Ted/ad/35/2006. Akanji O. O. (Mrs.) Trade & Exchange Revised Guidelines for the Foreign Exchange Market: Wholesale Dutch Auction System (WDAS).",Ted-ad-35-2006,https://www.cbn.gov.ng/OUT/CIRCULARS/TED/2006/TED-AD-35-2006.PDF,21 KB,1408
2006-02-17,Central Bank of Nigeria,circulars,"Re: Import Guidelines, Procedures and Documentation Requiremnts Under Destination Inspectioin. (Clarifications and Amendments)",,"Further Circular Ref. No. TED/AD/153/2005 of 30/12/2005 above subject Clarifications and Amendments. Ted/ad/36/2006 Akanji O. O. (Mrs.) Trade & Exhcnage Import Guidelines, Procedures and Documentation Requirements Under Destination Inspection.",Ted-ad-36-2006,https://www.cbn.gov.ng/OUT/CIRCULARS/TED/2006/TED-AD-36-2006.PDF,22 KB,1407
2006-02-20,Central Bank of Nigeria,circulars,Foreign Exchange Market Auction No. 01/2006 of 20/2/2006,,"CBN offer US$100.00 million sale 20/2/2006 Current Account adequately funded.  Foreign Exchange Market Auction WDAS No.1 Ted/ad/37/2006. Authorised Dealers Circular Ref. No. Ted/ad/35/2006.  Akanji, O. O (Mrs.) Trade & Exchange bidding.
",Ted-ad-37-2006,https://www.cbn.gov.ng/OUT/CIRCULARS/TED/2006/TED-AD-37-2006.PDF,14 KB,1406
2006-03-01,Central Bank of Nigeria,circulars,Foreign Exchange Market Auction WDAS No. 04/2006 of 1/3/2006,,"CBN offer US$50.00 million sale 1/3/2006 Current Account adequately funded.  Foreign Exchange Market Auction WDAS No.4 Ted/ad/41/2006. Authorised Dealers Circular Ref. No. Ted/ad/35/2006.  Akanji, O. O (Mrs.) Trade & Exchange bidding.

",Ted-ad-41-2006,https://www.cbn.gov.ng/OUT/CIRCULARS/TED/2006/TED-AD-41-2006.PDF,14 KB,1405
2006-03-01,Central Bank of Nigeria,circulars,Revised Guidelines For The Operation Of The Foreign Exchange Market : Wholesale Dutch Auction System,,"Further circular Ref. No. TED/AD/35/2006 of February 16,2006 amendments and additions made provisions said circular. Ted/ad/42/2006. Akanji O. O. (Mrs.) Trade & Exchange Revised Guidelines on Wholesale Dutch Auction System.",Ted-ad-42-2006,https://www.cbn.gov.ng/OUT/CIRCULARS/TED/2006/TED-AD-42-2006.PDF,18 KB,1404
2006-03-01,Central Bank of Nigeria,circulars,Submission Of Volume Of Major Transaction Currencies for Net Open Position ,,"All banks operate Net Open Position set Central Bank of Nigeria (CBN) all Authorised Dealers advised submit Director, Trade & Exchange Department March 15, 2006 volumes transactions major currencies January and February, 2006.",Ted-ad-43-2006,https://www.cbn.gov.ng/OUT/CIRCULARS/TED/2006/TED-AD-43-2006.PDF,14 KB,1403
2006-03-02,Central Bank of Nigeria,circulars,Code of Corporate Governance,,corporate governance weaknesses weakness Nigeria banks post consolidation integration board management squables oversight code MD CEO insider internal control compliance risk management abuse sit tight leadership related false return audit disclosure  own,bsd-04-2006,https://www.cbn.gov.ng/OUT/CIRCULARS/BSD/2006/BSD-04-2006.PDF,14 KB,1402
2006-03-02,Central Bank of Nigeria,circulars,Waiver of Tax on Interest Earning from Agricultural Lending by Banks,,Waiver Tax Interest Earning Agricultural Lending  FIRS inland revenue ACGS,bsd-05-2006,https://www.cbn.gov.ng/OUT/CIRCULARS/BSD/2006/BSD-05-2006.PDF,170 KB,1401
2006-03-03,Central Bank of Nigeria,circulars,Re: Revised Guidelines for the operation of the Foreign Exchnage Market: Wholesale Dutch Auction System: (Clarification),,Attention drawn seeming ambiguity Circular Ref. TED/AD/35/2006 of 16/2/2006. Authorised Dealers Foreign Exchange Manual no way repealed.Ted/ad/44/2006 Akanji O. O. (Mrs.) Trade & Exchange Revised Guidelines on WDAS. ,Ted-ad-44-2006,https://www.cbn.gov.ng/OUT/CIRCULARS/TED/2006/TED-AD-44-2006.PDF,15 KB,1400
2006-03-06,Central Bank of Nigeria,circulars,Foreign Exchange Market Auction No. 05/2006 of 6/3/2006,,"CBN offer US$80.00 million sale 6/3/2006 Current Account adequately funded.  Foreign Exchange Market Auction WDAS No.5 Ted/ad/45/2006. Authorised Dealers Circular Ref. No. Ted/ad/35/2006.  Akanji, O. O (Mrs.) Trade & Exchange bidding.

",Ted-ad-45-2006,https://www.cbn.gov.ng/OUT/CIRCULARS/TED/2006/TED-AD-45-2006.PDF,15 KB,1398
2006-03-06,Central Bank of Nigeria,circulars,Know  Your Cuctomer Rules & Rendition of Suspicious Transaction Report to The Economic and Financial Crimes Commission (EFCC),,"Know Your Customer, Suspicious Transaction, Money Laundering, Primary Mortgage Institutions, Community Bank, Finance Companies, Bureaux de change, development Finance Institutions, Microfinance Banks, Central bank of Nigeria, CBN, OFID, Other Financial Institutions, OFIs, Supervision, Regulation, Lagos, Abuja. ",OFID-03-2006,https://www.cbn.gov.ng/OUT/CIRCULARS/OFID/2005/OFID-03-2006.PDF,122 KB,1399
2006-03-08,Central Bank of Nigeria,circulars,Foreign Exchange Market Auction WDAS NO. 6/2006 of 8/3/2006,,"CBN offer US$130.00 million sale 8/3/2006 Current Account adequately funded.  Foreign Exchange Market Auction WDAS No.6 Ted/ad/46/2006. Authorised Dealers Circular Ref. No. Ted/ad/35/2006.  Akanji, O. O (Mrs.) Trade & Exchange bidding.

",Ted-ad-46-2006,https://www.cbn.gov.ng/OUT/CIRCULARS/TED/2006/TED-AD-46-2006.PDF,14 KB,1397
2006-03-13,Central Bank of Nigeria,circulars,Foreign Exchange Market Auction WDAS No.7/2006 of 13/3/2006,,"CBN offer US$80.00 million sale 13/3/2006 Current Account adequately funded.  Foreign Exchange Market Auction WDAS No.7 Ted/ad/47/2006. Authorised Dealers Circular Ref. No. Ted/ad/35/2006.  Akanji, O. O (Mrs.) Trade & Exchange bidding.
",Ted-ad-47-2006,https://www.cbn.gov.ng/OUT/CIRCULARS/TED/2006/TED-AD-47-2006.PDF,14 KB,1396
2006-03-15,Central Bank of Nigeria,circulars,Foreign Exchange Market Auction WDAS No. 8/2006 of 15/3/2006,,"CBN offer US$40.00 million sale 15/3/2006 Current Account adequately funded.  Foreign Exchange Market Auction WDAS No.8 Ted/ad/49/2006. Authorised Dealers Circular Ref. No. Ted/ad/35/2006.  Akanji, O. O (Mrs.) Trade & Exchange bidding.

",Ted-ad-49-2006,https://www.cbn.gov.ng/OUT/CIRCULARS/TED/2006/TED-AD-49-2006.PDF,14 KB,1395
2006-03-17,Central Bank of Nigeria,circulars,Rendering Returns on Currency Exposure - Net Open Position,,"Authorised Dealers March 20, 2006 returns Net Open Positions (NOP) submit electronically daily email stated above. Ted/ad/48/2006.  Akanji, O. O. (Mrs.) Trade & Exchange Rendering Returns on Currency exposure. 
",Ted-ad-48-2006,https://www.cbn.gov.ng/OUT/CIRCULARS/TED/2006/TED-AD-48-2006.PDF,20 KB,1393
2006-03-17,Central Bank of Nigeria,circulars,Report on Foreign Exchange Exposure At Close of Business on,,"Format for Report on Foreign Exchange Exposure At Close of Business. Ted/ad/48a/2006.  Akanji, O. O. (Mrs.) Trade & Exchange Report on Foreign Exchange Exposure.
",Ted-ad-48a-2006,https://www.cbn.gov.ng/OUT/CIRCULARS/TED/2006/TED-AD-48A-2006.PDF,7 KB,1394
2006-03-22,Central Bank of Nigeria,circulars,Transitional Arrangement for Conversion to Micro Finance Banks,,"OFID, CBN, Micro Finance Banks, Community Banks, Regulation , Supervision, Conversion, Shareholders, Guidelines, Circular, Scheme, Merger, Asset Stripping, Acquisition, Licence, Report, Abuja, Lagos, Chairmen, Directors, Managers, NGO, EFCC, Capitalisation, Code of Conduct.",OFID-04-2006,https://www.cbn.gov.ng/OUT/CIRCULARS/OFID/2006/OFID-04-2006.PDF,93 KB,1392
2006-03-27,Central Bank of Nigeria,circulars,Foreign Exchange Market Auction WDAS No.9/2006 of 27/3/2006,,"CBN offer US$50.00 million sale 27/3/2006 Current Account adequately funded.  Foreign Exchange Market Auction WDAS No.9 Ted/ad/53/2006. Authorised Dealers Circular Ref. No. Ted/ad/35/2006.  Akanji, O. O (Mrs.) Trade & Exchange bidding.

",Ted-ad-53-2006,https://www.cbn.gov.ng/OUT/CIRCULARS/TED/2006/TED-AD-53-2006.PDF,14 KB,1391
2006-03-28,Central Bank of Nigeria,circulars,Further Libralisation of the Foreign Exchange Market,,Furtherance reforms banking Authorised Dealers wholesale Dutch Auction.  Transactions Utilisation Certificate of Capital Importation (CCI) etc Ted/ad/54/2006. Akanji O. O. (Mrs.) Trade & Exchange Further Libralisation of Forex Market.,Ted-ad-54-2006,https://www.cbn.gov.ng/OUT/CIRCULARS/TED/2006/TED-AD-54-2006.PDF,16 KB,1388
2006-03-28,Central Bank of Nigeria,circulars,Further Libralisation of the Foreign Exchange Market,,"Furtherance reforms banking industry responsibilities Authorised Dealers Wholesale Dutch Auction libralized. Ted-ad-54-2006. Akanji, O. O. (Mrs.) Trade & Exchange further libralization of the Foreign Exchange Market.",Ted-ad-54a-2006,https://www.cbn.gov.ng/OUT/CIRCULARS/TED/2006/TED-AD-54-2006.PDF,24 KB,1389
2006-03-28,Central Bank of Nigeria,circulars,Sale of Foreign Exchange to Bureax De Change Operators,,"Authorised Dealers and Gerneral Public increased access small end-users. Bureax de Change (BDCs) Messrs Travelled, Amex CBN guidelines retail sale customers. ",Ted-ad-55-2006,https://www.cbn.gov.ng/OUT/CIRCULARS/TED/2006/TED-AD-55-2006.PDF,16 KB,1387
2006-03-28,Central Bank of Nigeria,circulars,"Seminar on Wholesale Dutch Auction System in the Foreign Exchange Market by Trade & Exchange Department, Central Bank of Nigeria in Collaboration with West African Institute for Finanacial and Economic Management",,"Authorised Dealers and Bureaux De Change Operators seminar WDAS hold Federal Palace Hotel, Victoria Island, Lagos Wednesday 5th - Thursday 6th April, 2006 9.00 a.m. each day. Ted/ad/52/2006. Akanji O. O. (Mrs.)",Ted-ad-52-2006,https://www.cbn.gov.ng/OUT/CIRCULARS/TED/2006/TED-AD- 52-2006.PDF,16 KB,1390
2006-03-29,Central Bank of Nigeria,circulars,Foreign Exchange Market Auction WDAS No.10/2006 of 29/3/2006,,"CBN offer US$50.00 million sale 29/3/2006 Current Account adequately funded.  Foreign Exchange Market Auction WDAS No.10 Ted/ad/56/2006. Authorised Dealers Circular Ref. No. Ted/ad/35/2006.  Akanji, O. O (Mrs.) Trade & Exchange bidding.

",Ted-ad-56-2006,https://www.cbn.gov.ng/OUT/CIRCULARS/TED/2006/TED-AD-56-2006.PDF,14 KB,1384
2006-03-29,Central Bank of Nigeria,circulars,Modalities for the cash sale of Foreign Exchange by CBN to Bureaux De Change,,Further Circular Ref. No. Ted/ad/55/2006 of 28/3/2006 cash sale Foreign Exchange licensed Bureaux De Change (BDCs). Ted/ad/58/2006. Akanji O O. (Mrs.) Trade & Exchange Modalities for the cash sale of Foreign Exchange by CBN to Bureaux De Change (BDCs).,Ted-ad-58-2006,https://www.cbn.gov.ng/OUT/CIRCULARS/TED/2006/TED-AD-58-2006.PDF,20 KB,1386
2006-03-29,Central Bank of Nigeria,circulars,Nigerian Export Supervision Scheme (NESS): Pre-shipment Inspection of Petro-chemical and Gas Exports,,"Further our Circular No. TED/AD/126/2004 of 8/11/2004 re-introduction pre-shipment Inspection Exports. Ted/ad/57/2006. Akanji, O. O. (Mrs.) Trade & Exchange Nigerian Export Supervision Scheme (NESS): Pre-shipment Inspection of Petro-Chemical and Gas Exports.",Ted-ad-57-2006,https://www.cbn.gov.ng/OUT/CIRCULARS/TED/2006/TED-AD-57-2006.PDF,15 KB,1385
2006-03-30,Central Bank of Nigeria,circulars,Review of Documentation Requirements for the sale of Foreign Exchange for Business Travel Allowance (BTA) and Personal Travel Allowance (PTA),,"Continued effort libralize foreign exchange market Authorised Dealers informed Form 'A' no longer documentation requirements BTA , PTA. Ted/ad/59/2006. Akanji, O. O. (Mrs.) Trade & Exchange Review of Foreign Exchange for BTA and PTA. ",Ted-ad-59-2006,https://www.cbn.gov.ng/OUT/CIRCULARS/TED/2006/TED-AD-59-2006.PDF,27 KB,1383
2006-04-03,Central Bank of Nigeria,circulars,Foreign Exchange Market Auction WDAS No.11/2006 of 3/4/2006,,"CBN offer US$50.00 million sale 3/4/2006 Current Account adequately funded.  Foreign Exchange Market Auction WDAS No.11 Ted/ad/60/2006. Authorised Dealers Circular Ref. No. Ted/ad/35/2006.  Akanji, O. O (Mrs.) Trade & Exchange bidding.

",Ted-ad-60-2006,https://www.cbn.gov.ng/OUT/CIRCULARS/TED/2006/TED-AD-60-2006.PDF,14 KB,1382
2006-04-04,Central Bank of Nigeria,circulars,Modalities For the Cash Sale of Foreign Exchange By CBN to Bureaux De Change (BDCs),,"Further Circular Ref. Ted/ad/58/2006 of 29/3/2006 BDCs advise Director TED CBN Naira Current Account no longer necessary. Ted/ad/62/2006. Akanji, O. O. (Mrs.) Trade & Exchange Modalities for the cash sale of Foreign Exchange by CBN to Bureaux De Change (BDCs)",Ted-ad-62-2006,https://www.cbn.gov.ng/OUT/CIRCULARS/TED/2006/TED-AD-62-2006.PDF,23 KB,1381
2006-04-05,Central Bank of Nigeria,circulars,Foreign Exchange Market Auction WDAS No.12/2006 of 5/4/2006,,"CBN offer US$80.00 million sale 5/4/2006 Current Account adequately funded.  Foreign Exchange Market Auction WDAS No.12 Ted/ad/61/2006. Authorised Dealers Circular Ref. No. Ted/ad/35/2006.  Akanji, O. O (Mrs.) Trade & Exchange bidding.

",Ted-ad-61-2006,https://www.cbn.gov.ng/OUT/CIRCULARS/TED/2006/TED-AD-61-2006.PDF,14 KB,1380
2006-04-06,Central Bank of Nigeria,circulars,OMO NOTICE,,OMO SECURITIES DEALING OFFICE SALE BANKING OPERATIONS DEPARTMENT NOTICE NO. OMO/S/43/06,OMO/S/43/06,https://www.cbn.gov.ng/OUT/CIRCULARS/BOD/2006/OMO-S-43-2006.PDF,14 KB,1379
2006-04-07,Central Bank of Nigeria,circulars,Closure of Foreign Exchange Market For Id-El-Malud Holiday,,"Federal Government Declared Monday 10th April, 2006 Public Holiday Celebration Ed-El-Malud Authorised Dealers no Foreign Exchange Market Monday 10th April, 2006. Ted/ad/63/2006. Akanji, O. O. (Mrs) Trade & Exchange Ed-El-Malud Holiday.",Ted-ad-63-2006,https://www.cbn.gov.ng/OUT/CIRCULARS/TED/2006/TED-AD-63-2006.PDF,17 KB,1378
2006-04-12,Central Bank of Nigeria,circulars,Foreign Exchange Market Auction WDAS No. 13/2006 of 12/4/2006,,"CBN offer US$80.00 million sale 12/4/2006 Current Account adequately funded.  Foreign Exchange Market Auction WDAS No.13 Ted/ad/64/2006. Authorised Dealers Circular Ref. No. Ted/ad/35/2006.  Akanji, O. O (Mrs.) Trade & Exchange bidding.

",Ted-ad-64-2006,https://www.cbn.gov.ng/OUT/CIRCULARS/TED/2006/TED-AD-64-2006.PDF,14 KB,1375
2006-04-12,Central Bank of Nigeria,circulars,Late Submission of Quarterly Returns and Sectoral Analysis of Loans and Advances ,,"COMMUNITY BANKS, CENTRAL BANK OF NIGERIA, SECTORAL ANALYSIS OF LOANS AND ADVANCES, ABUJA, LAGOS, CBs, CBN, SUPERVISION, REGULATION, OTHER FINANCIAL INSTITUTIONS DEPARTMENT, OFID, AGRICULTURE, MINING, FORESTRY, SHARES, TRANSPORTATION, COMMUNICATION, CONSUMER, CONSTRUCTION, HEALTH, MANUFACTURING, RETURNS, MARCH",OFID-05-2006,https://www.cbn.gov.ng/OUT/CIRCULARS/OFID/2006/OFID-05-2006.PDF,84 KB,1376
2006-04-12,Central Bank of Nigeria,circulars,The Unethical and Unprofessional Practice of Demarketing Collegues/Other Banks in the Industry by Spreading False Rumours,,"unethical, unprofessional, practice, demarketing, collegues, banks, industry, false, rumours, institutions, CBN, governor, MD/CEO, bankers committee, post-consolidation, economy, officers, WARNS, staff, chief executive, sanctions",BSD-08-2006,https://www.cbn.gov.ng/OUT/CIRCULARS/BSD/2006/BSD-08-2006.PDF,13 KB,1377
2006-04-19,Central Bank of Nigeria,circulars,Foreign Exchange Market Auction WDAS No.14/2006 of 19/4/2006,,"CBN offer US$80.00 million sale 19/4/2006 Current Account adequately funded.  Foreign Exchange Market Auction WDAS No.14 Ted/ad/65/2006. Authorised Dealers Circular Ref. No. Ted/ad/35/2006.  Akanji, O. O (Mrs.) Trade & Exchange bidding.

",Ted-ad-65-2006,https://www.cbn.gov.ng/OUT/CIRCULARS/TED/2006/TED-AD-65-2006.PDF,14 KB,1374
2006-04-20,Central Bank of Nigeria,circulars,Foreign Exchange (Cash) Sales to Bureaux De Change (BDCs) by Central Bank of Nigeria,,"Furtherance Circular Ref. Ted/ad/62/2006 of April 4, 2006 achieve stable exchange rate Authorised Dealers BDCs informed April 17, 2006 CBN sells 22 Branches US$50.00 million weekly. Ted/ad/68/2006.  Akanji, O. O (Mrs.) Trade & Exchange Foreign Exchange (Cash) Sales To Bureaux (BDCs) by CBN.",Ted-ad-68-2006,https://www.cbn.gov.ng/OUT/CIRCULARS/TED/2006/TED-AD-68-2006.PDF,16 KB,1371
2006-04-20,Central Bank of Nigeria,circulars,Non-Collection of Clean Reports of Inspection by Importers,,"Further abolition Pre-shipment Inspection Imports Authorised Dealers requested render returns uncollected Clean Reports of Inspection (CRIs) remained unclaimed/unutilised customers at March 31, 2006. Returns rendered soft copy reach Director Trade & Exchange before April 28, 2006. Ted/ad/66/2006 Akanji, O. O. (Mrs.) Trade & Exchange Non-collection of Clean Reports of Inspection by Importers. ",Ted-ad-66-2006,https://www.cbn.gov.ng/OUT/CIRCULARS/TED/2006/TED-AD-66-2006.PDF,15 KB,1372
2006-04-20,Central Bank of Nigeria,circulars,Notice of Foreign Exchange Officers' Metting,,"Authorised Dealers, Nigeria Customs Service and the Service Providers Foreign Exchange Officers' meeting scheduled Bankers' Committee Conference Hall, CBN, Lagos Thursday April 27, 2006 at 10.00 a.m. prompt. Ted/ad/69/2006.  Akanji, O. O. (Mrs.) Trade & Exchange Notice of Foreign Exchange Officers' Meeting.",Ted-ad-69-2006,https://www.cbn.gov.ng/OUT/CIRCULARS/TED/2006/TED-AD-69-2006.PDF,15 KB,1370
2006-04-20,Central Bank of Nigeria,circulars,Rendition of Returns on the Disbursement of Foreign Exchange for Business Travel Allowance (BTA) and Personal Travel Allowance(PTA),,"Removal Form 'A' documentation requirements procurement BTA/PTA Circular Ted/ad/59/2006 of 30/3/2006. Ted/ad/67/2006. Akanji, O. O. (Mrs.) Trade & Exchange Rendition of disbursement of Foreign Exchange for BTA & PTA.",Ted-ad-67-2006,https://www.cbn.gov.ng/OUT/CIRCULARS/TED/2006/TED-AD-67-2006.PDF,15 KB,1373
2006-04-24,Central Bank of Nigeria,circulars,Foreign Exchange Market Auction WDAS No. 15/2006 of 24/4/2006,,"CBN offer US$200.00 million sale 24/4/2006 Current Account adequately funded.  Foreign Exchange Market Auction WDAS No.15 Ted/ad/70/2006. Authorised Dealers Circular Ref. No. Ted/ad/35/2006.  Akanji, O. O (Mrs.) Trade & Exchange bidding.

",Ted-ad-70-2006,https://www.cbn.gov.ng/OUT/CIRCULARS/TED/2006/TED-AD-70-2006.PDF,14 KB,1368
2006-04-24,Central Bank of Nigeria,circulars,RE:Illegal Clearing and Conversion/diversion of Third Party Cheques ,,"OFID, CENTRAL BANK OF NIGERIA, NON-BANK FINANCIAL INSTITUTIONS, OTHER FINANCIAL INSTITUTIONS, CONVERSION, DIVERSION, CAUTION, SUPERVISION, COMMUNITY BANKS, CHEQUES, CLEARING, FRAUDULENT, PARASTATALS, AGENCIES, CIRCULAR, EFCC, KYC, LAGOS , ABUJA, CRIMES, REMINDER, PRIMARY MORTGAGE INSTITUTIONS,FINANCE COMPANIES, ",OFID-06-2006,https://www.cbn.gov.ng/OUT/CIRCULARS/OFID/2006/OFID-06-2006.PDF,84 KB,1369
2006-04-26,Central Bank of Nigeria,circulars,Foreign Exchange Market Auction WDAS No. 16/2006 of 26/4/2006,,"CBN offer US$100.00 million sale 26/4/2006 Current Account adequately funded.  Foreign Exchange Market Auction WDAS No.16 Ted/ad/71/2006. Authorised Dealers Circular Ref. No. Ted/ad/35/2006.  Akanji, O. O (Mrs.) Trade & Exchange bidding.

",Ted-ad-71-2006,https://www.cbn.gov.ng/OUT/CIRCULARS/TED/2006/TED-AD-71-2006.PDF,14 KB,1367
2006-04-28,Central Bank of Nigeria,circulars,Workshop on the Draft UCP 600,,"Authorised Dealers UCP 500 review International Chambers of Commerce (ICC) draft UCP 600 produced. Ted/ad/72/2006. Shettima, I. B. B. Trade & Exchange Workshop on the draft UCP 600",Ted-ad-72-2006,https://www.cbn.gov.ng/OUT/CIRCULARS/TED/2006/TED-AD-72-2006.PDF,9 KB,1365
2006-04-28,Central Bank of Nigeria,circulars,"Workshop on the Draft UCP 600 Organised by the Central Bank of Nigeria on Friday 5th May, 2006 at the Protea Hotel, Lekki.",,"Programme on Workshop on the draft UCP 600 organised by the CBN on Friday 5th May, 2006 at the Protea Hotel, Lekki. Ted/ad/72B/2006. Shettima, I. B. B. Trade & Exchange Workshop.",Ted-ad-72B-2006,https://www.cbn.gov.ng/OUT/CIRCULARS/TED/2006/TED-AD-72B-2006.PDF,8 KB,1366
2006-05-03,Central Bank of Nigeria,circulars,Notice of Meeting on the Import Duty Collection Scheme (IDCS),,"Designated Banks Customs Revenue Collection, Inspection Agents Nigeria Customs Service NCS Area Controllers ASYCUDA Project Leader. Import Duty Collection Scheme meeting scheduled hold Bankers' Committee Conference Hall, CBN, Lagos, Friday May 12, 2006 11.00 a.m. prompt. Ted/ad/74/2006. Shettima, I. B. B. Trade & Exchange Notice of Import DutyCollection Scheme(IDCS)",Ted-ad-74-2006,https://www.cbn.gov.ng/OUT/CIRCULARS/TED/2006/TED-AD-74-2006.PDF,12 KB,1364
2006-05-04,Central Bank of Nigeria,circulars,Post Consolidation Integration of Banks,,"post consolidation integration banks sucessful programme information communication technology strategic business mobilization operations products systems branches Director Banking Supervision five May 2006 stakeholders interim returns customer service comply synergy personnel  
",bsd-10-2006,https://www.cbn.gov.ng/OUT/CIRCULARS/BSD/2006/BSD-10-2006.PDF,229 KB,1363
2006-05-08,Central Bank of Nigeria,circulars,Foreign Exchange Market Auction WDAS No. 18/2006 of 8/5/2006,,"CBN offer US$80.00 million sale 8/5/2006 Current Account adequately funded.  Foreign Exchange Market Auction WDAS/BDC No.18Ted/ad/76/2006. Authorised Dealers Circular Ref. No. Ted/ad/35/2006.  Akanji, O. O (Mrs.) Trade & Exchange bidding.


",Ted-ad-76-2006,https://www.cbn.gov.ng/OUT/CIRCULARS/TED/2006/TED-AD-76-2006.PDF,14 KB,1362
2006-05-10,Central Bank of Nigeria,circulars,Diaspora Collaborative Research Program  (DCRP),,diaspora  collaborative  academia  DCRP VRSP research scholar ,RSD-01,https://www.cbn.gov.ng/OUT/CIRCULARS/RD/2006/CBN DIASPORA 2006.PDF,12 KB,1361
2006-05-10,Central Bank of Nigeria,circulars,Foreign Exchange Market Auction WDAS No. 19/2006 of 10/5/2006,,"CBN offer US$100.00 million sale 10/5/2006 Current Account adequately funded.  Foreign Exchange Market Auction WDAS/BDC No.19Ted/ad/77/2006. Authorised Dealers Circular Ref. No. Ted/ad/35/2006.  Akanji, O. O (Mrs.) Trade & Exchange bidding.



",Ted-ad-77-2006,https://www.cbn.gov.ng/OUT/CIRCULARS/TED/2006/TED-AD-77-2006.PDF,14 KB,1360
2006-05-15,Central Bank of Nigeria,circulars,Foreign Exchange Market Auction WDAS No. 20/2006,,"CBN offer US$80.00 million sale 15/5/2006 Current Account adequately funded.  Foreign Exchange Market Auction WDAS/BDC No.20Ted/ad/78/2006. Authorised Dealers Circular Ref. No. Ted/ad/35/2006.  Akanji, O. O (Mrs.) Trade & Exchange bidding.

",Ted-ad-78-2006,https://www.cbn.gov.ng/OUT/CIRCULARS/TED/2006/TED-AD-78-2006.PDF,14 KB,1358
2006-05-15,Central Bank of Nigeria,circulars,Sales of Foreign Exchange by CBN to Authorised Dealer Banks Operating BDCs,,"Liberalisation policy Foreign Exchange Market Authorised Dealers allowed operate BDC window/outlet financial products. Authorised Dealer submit bids WDAS usual forex requirements Auctions Mondays and Wednesdays. Ted/ad/75/2006. Akanji, O. O. (Mrs.) Sales of Foreign Exchange by CBN to Authorised Dealer Banks Operating BDCS.

",Ted-ad-75-2006,https://www.cbn.gov.ng/OUT/CIRCULARS/TED/2006/TED-AD-75-2006.PDF,17 KB,1359
2006-05-16,Central Bank of Nigeria,circulars,Submission of Copies of Uncollected Clean Reports of Inspection,,"Further Circular Ref. No. TED/AD/66/2006 dated April 20, 2006 subject Authorised Dealers requested forward copies unclaimed Clean Reports of Inspection (CRIs) already submitted TED/AD/80/2006.  Akanji, O. O. (Mrs.) Trade & Exchange Submission of uncollected CRIs. ",Ted-ad-80-2006,https://www.cbn.gov.ng/OUT/CIRCULARS/TED/2006/TED-AD-80-2006.PDF,15 KB,1357
2006-05-17,Central Bank of Nigeria,circulars,Foreign Exchange Market Auction WDAS No. 21/2006 of 17/5/2006 ,,"CBN offer US$80.00 million sale 17/5/2006 Current Account adequately funded.  Foreign Exchange Market Auction WDAS/BDC No.20Ted/ad/79/2006. Authorised Dealers Circular Ref. No. Ted/ad/35/2006.  Akanji, O. O (Mrs.) Trade & Exchange bidding.",Ted-ad-79-2006,https://www.cbn.gov.ng/OUT/CIRCULARS/TED/2006/TED-AD-79-2006.PDF,14 KB,1356
2006-05-22,Central Bank of Nigeria,circulars,Foreign Exchnage Market Auction WDAS No. 22/2006 of 22/5/2006,,"CBN offer US$80.00 million sale 22/5/2006 Current Account adequately funded.  Foreign Exchange Market Auction WDAS/BDC No.22Ted/ad/81/2006. Authorised Dealers Circular Ref. No. Ted/ad/35/2006. Shettima, I. B. B. Trade & Exchange bidding.
",Ted-ad-81-2006,https://www.cbn.gov.ng/OUT/CIRCULARS/TED/2006/TED-AD-81-2006.PDF,9 KB,1355
2006-05-24,Central Bank of Nigeria,circulars,Foreign Exchange Market Auction WDAS No. 23/2006 of 24/5/2006,,"CBN offer US$120.00 million sale 24/5/2006 Current Account adequately funded.  Foreign Exchange Market Auction WDAS/BDC No.23Ted/ad/82/2006. Authorised Dealers Circular Ref. No. Ted/ad/35/2006. Akanji, O. O. (Mrs.) Trade & Exchange bidding.

",Ted-ad-82-2006,https://www.cbn.gov.ng/OUT/CIRCULARS/TED/2006/TED-AD-82-2006.PDF,14 KB,1354
2006-05-26,Central Bank of Nigeria,circulars,Closure od Foreign Exchange Market For Democracy Day Celebration,,"Federal Government Declared Monday 29th May, 2006 Public Holiday celebration Democracy Day. Authorised Dealers informed no Foreign Exchange Market Monday 29th May, 2006. Market reopens Wednesday 31st May, 2006.",Ted-ad-84-2006,https://www.cbn.gov.ng/OUT/CIRCULARS/TED/2006/TED-AD-84-2006.PDF,17 KB,1353
2006-05-26,Central Bank of Nigeria,circulars,Foreign Exchange Market Special Auction: No. 01/2006,,"CBN offer US$200.00 million sale 26/5/2006 Current Account adequately funded.  Foreign Exchange Market Special Auction No. 1/2006 Ted/ad/83/2006. Akanji, O. O. (Mrs.) Trade & Exchange bidding.


",Ted-ad-83-2006,https://www.cbn.gov.ng/OUT/CIRCULARS/TED/2006/TED-AD-83-2006.PDF,14 KB,1352
2006-05-31,Central Bank of Nigeria,circulars,Foreign Exchange Market Auction WDAS No. 24/2006 of 31/5/2006,,"CBN offer US$80.00 million sale 24/5/2006 Current Account adequately funded.  Foreign Exchange Market Auction WDAS/BDC No.24Ted/ad/85/2006. Authorised Dealers Circular Ref. No. Ted/ad/35/2006. Akanji, O. O. (Mrs.) Trade & Exchange bidding.

",Ted-ad-85-2006,https://www.cbn.gov.ng/OUT/CIRCULARS/TED/2006/TED-AD-85-2006.PDF,14 KB,1351
2006-06-05,Central Bank of Nigeria,circulars,Foreign Exchange Market Auction WDAS No. 25/2006 of 5/6/2006,,"CBN offer US$80.00 million sale 5/6/2006 Current Account adequately funded.  Foreign Exchange Market Auction WDAS/BDC No.25Ted/ad/86/2006. Authorised Dealers Circular Ref. No. Ted/ad/35/2006. Musa, B, Trade & Exchange bidding.


",Ted-ad-86-2006,https://www.cbn.gov.ng/OUT/CIRCULARS/TED/2006/TED-AD-86-2006.PDF,14 KB,1350
2006-06-07,Central Bank of Nigeria,circulars,Foreign Exchange Market Auction WDAS No. 26/2006 of 7/6/2006,,"CBN offer US$150.00 million sale 7/6/2006 Current Account adequately funded.  Foreign Exchange Market Auction WDAS/BDC No.26Ted/ad/87/2006. Authorised Dealers Circular Ref. No. Ted/ad/35/2006. Akanji, O, O. (Mrs.) Trade & Exchange bidding.


",Ted-ad-87-2006,https://www.cbn.gov.ng/OUT/CIRCULARS/TED/2006/TED-AD-87-2006.PDF,14 KB,1349
2006-06-12,Central Bank of Nigeria,circulars,Foreign Exchange Market Auction WDAS No. 27/2006 of 12/6/2006,,"Foreign Exchange Auction offers, Authorised Dealers, customers bids.",Ted-ad-88-2006,https://www.cbn.gov.ng/OUT/CIRCULARS/TED/2006/TED-AD-88-2006.PDF,0 KB,1348
2006-06-12,Central Bank of Nigeria,circulars,Payment For Foreign Exchange Winnings At Wholesale Dutch Auction System (WDAS) Sessions,,"Liberalise Foreign Exchange Market, Authorised Dealers, payment foreign exchange winnings WDAS, current account CBN, National Treasury Bill (NTB)  CBN, combination options (a) (b). 
",Ted-ad-89-2006,https://www.cbn.gov.ng/OUT/CIRCULARS/TED/2006/TED-AD-89-2006.PDF,24 KB,1347
2006-06-14,Central Bank of Nigeria,circulars,Foreign Exchange Market Auction WDAS No. 28/2006 of 14/6/2006,,"Foreign Exchange Auction offers, Authorised Dealers, customers bids.
",Ted-ad-90-2006,https://www.cbn.gov.ng/OUT/CIRCULARS/TED/2006/TED-AD-90-2006.PDF,60 KB,1346
2006-06-19,Central Bank of Nigeria,circulars,Cancellation Of Certificates Of Capital Importation (CCIs),,"Authorised Deals, general public Certificates Capital Importation (CCIs) declared missing, declared invalid, any purpose.
",Ted-ad-92-2006,https://www.cbn.gov.ng/OUT/CIRCULARS/TED/2006/TED-AD-92-2006.PDF,62 KB,1344
2006-06-19,Central Bank of Nigeria,circulars,Foreign Exchange Market Auction WDAS No. 29/2006 of 19/6/2006,,"Foreign Exchange Market Auction offers, Authorised Dealers, customers bids.",Ted-ad-91-2006,https://www.cbn.gov.ng/OUT/CIRCULARS/TED/2006/TED-AD-91-2006.PDF,60 KB,1343
2006-06-19,Central Bank of Nigeria,circulars,Review Of The CBN Foreign Exchange Manual,,"Review CBN Foreign Exchange Manual, Authorised Dealers, current Foreign Exchange Manual review, liberalisation Nigerian Foreign Exchange Market, Wholesome contributions, stakeholders CBN Workshop Foreign Exchange Manual.
",Ted-ad-93-2006,https://www.cbn.gov.ng/OUT/CIRCULARS/TED/2006/TED-AD-93-2006.PDF,65 KB,1345
2006-06-21,Central Bank of Nigeria,circulars,Foreign Exchange Market Auction WDAS No. 30/2006 of 21/6/2006,,"Foreign Exchange Market Auction offers, Authorised Dealers, customers bids.",Ted-ad-94-2006,https://www.cbn.gov.ng/OUT/CIRCULARS/TED/2006/TED-AD-94-2006.PDF,60 KB,1342
2006-06-26,Central Bank of Nigeria,circulars,Creation Of Registry Of All Certificates Of Capital Importation (CCI),,"Further Circular Ref. TED/AD/54/2006 0f 28/3/2006 liberalization utilization Certificates Capital Importation create registry. 
",Ted-ad-97-2006,https://www.cbn.gov.ng/OUT/CIRCULARS/TED/2006/TED-AD-97-2006.PDF,70 KB,1341
2006-06-26,Central Bank of Nigeria,circulars,Foreign Exchange Market Auction No. 31/2006 of 26/6/2006,,"Foreign Exchange Auction offers, Authorised Dealers, customers bids.",Ted-ad-95-2006,https://www.cbn.gov.ng/OUT/CIRCULARS/TED/2006/TED-AD-95-2006.PDF,60 KB,1340
2006-06-28,Central Bank of Nigeria,circulars,Foreign Exchange Market Auction No. 32/2006 of 28/6/2006,,"Foreign Exchange Auction offers, Authorised Dealers, customers bids.",Ted-ad-96-2006,https://www.cbn.gov.ng/OUT/CIRCULARS/TED/2006/TED-AD-96-2006.PDF,60 KB,1339
2006-07-03,Central Bank of Nigeria,circulars,Foreign Exchange Market Auction WDAS No. 33/2006 of 3/7/2006,,"Foreign Exchange Market Auction offers, Authorised Dealers, customers bids.
",Ted-ad-98-2006,https://www.cbn.gov.ng/OUT/CIRCULARS/TED/2006/TED-AD-98-2006.PDF,57 KB,1338
2006-07-05,Central Bank of Nigeria,circulars,Foreign Exchange Market Auction No. 34/2006 of 5/7/2006,,"Foreign Exchange Market Auction offers, Authorised Dealers, customers bids.",Ted-ad-99-2006,https://www.cbn.gov.ng/OUT/CIRCULARS/TED/2006/TED-AD-99-2006.PDF,57 KB,1337
2006-07-10,Central Bank of Nigeria,circulars,Foreign Exchange Market Auction WDAS No. 35/2006 of 10/7/2006,,"Foreign Exchange Market Auction offers, Authorised Dealers, customers bids.",Ted-ad-100-2006,https://www.cbn.gov.ng/OUT/CIRCULARS/TED/2006/TED-AD-100-2006.PDF,57 KB,1336
2006-07-11,Central Bank of Nigeria,circulars,Rendering Of Returns By Banks Operating Bureaux De Change (BDC) Windows And Issuance Of BDC Financial Institution Codes To Banks,,"Authorised Dealers opened BDC windows render returns monthly. Returns reported seperately not merged returns other transactions.  
",Ted-ad-102-2006,https://www.cbn.gov.ng/OUT/CIRCULARS/TED/2006/TED-AD-102- 2006.PDF,56 KB,1335
2006-07-13,Central Bank of Nigeria,circulars,Review of Duty Rates and Fiscal Policy Measures in the New Customs Tariff Regime Under the ECOWAS Common External Tariff (CET),,"Authorised Dealers general public Federal Government approved Fiscal Measures and Tariff Amendments new Tariff regime harmonised ECOWAS Common Tariff. Details approvals amendments attached.
",Ted-ad-103-2006,https://www.cbn.gov.ng/OUT/CIRCULARS/TED/2006/AGBAEZE.PDF,2466 KB,1334
2006-07-17,Central Bank of Nigeria,circulars,Foreign Exchange Market Auction No. 37/2006 of 17/7/2006,,"Foreign Exchange Market Auction offers, Authorised Dealers, customers bids.",Ted-ad-104-2006,https://www.cbn.gov.ng/OUT/CIRCULARS/TED/2006/TED-AD-104-2006.PDF,57 KB,1333
2006-07-19,Central Bank of Nigeria,circulars,Foreign Exchange Market Auction WDAS No. 38/2006 of 19/7/2006,,"Foreign Exchange Market Auction offers, Authorised Dealers, customers bids.
",Ted-ad-105-2006,https://www.cbn.gov.ng/OUT/CIRCULARS/TED/2006/TED-AD-105-2006.PDF,56 KB,1332
2006-07-24,Central Bank of Nigeria,circulars,Foreign Exchange Market Auction WDAS No. 39/2006 of 24/7/2006,,"Foreign Exchange Market Auction offers, Authorised Dealers, customers bids.

",Ted-ad-106a-2006,https://www.cbn.gov.ng/OUT/CIRCULARS/TED/2006/TED-AD-106A-2006.PDF,51 KB,1331
2006-07-26,Central Bank of Nigeria,circulars,Foreign Exchange Market Auction No. 40/2006 of 26/7/2006,,"Foreign Exchange Market Auction offers, Authorised Dealers, customers bids.


",Ted-ad-107-2006,https://www.cbn.gov.ng/OUT/CIRCULARS/TED/2006/TED-AD-107-2006.PDF,55 KB,1330
2006-07-28,Central Bank of Nigeria,circulars,Introduction of the Re-Designed Certificate of Capital Importation (CCI),,To streamline data in all aspects foreign exchange investment inflow loan into Nigeria facilitate effective foreign exchange management policy. Introduction Re-designed Certificate of Capital Importation (CCI)  ,Ted-ad-109-2006,https://www.cbn.gov.ng/OUT/CIRCULARS/TED/2006/TED-AD-109-2006.PDF,62 KB,1328
2006-07-28,Central Bank of Nigeria,circulars,Re-designed Certificate of Capital Importation (CCI),,Attachment Re-designed Certificate of Capital Importation (CCI),Ted-ad-109b-2006,https://www.cbn.gov.ng/OUT/CIRCULARS/TED/2006/TED-AD-109B-2006.PDF,17 KB,1329
2006-07-31,Central Bank of Nigeria,circulars,Foreign Exchange Market Auction No. 41/2006 of 31/7/2006,,"Foreign Exchange Market Auction offers, Authorised Dealers, customers bids.",Ted-ad-108a-2006,https://www.cbn.gov.ng/OUT/CIRCULARS/TED/2006/TED-AD-108A-2006.PDF,55 KB,1327
2006-08-02,Central Bank of Nigeria,circulars,Foreign Exchange Market Auction No. 42/2006 of 2/8/2006,,"Foreign Exchange Market Auction offers, Authorised Dealers, customers bids.",Ted-ad-110-2006,https://www.cbn.gov.ng/OUT/CIRCULARS/TED/2006/TED-AD-110-2006.PDF,56 KB,1326
2006-08-07,Central Bank of Nigeria,circulars,Foreign Exchange Market Auction WDAS No. 43/2006 of 7/8/2006,,"Foreign Exchange Market Auction offers, Authorised Dealers, customers bids.
",Ted-ad-112-2006,https://www.cbn.gov.ng/OUT/CIRCULARS/TED/2006/TED-AD-112-2006.PDF,60 KB,1325
2006-08-09,Central Bank of Nigeria,circulars,Foreign Exchange Market Auction WDAS No. 44/2006,,"Foreign Exchange Market Auction offers, Authorised Dealers, customers bids.

",Ted-ad-113-2006,https://www.cbn.gov.ng/OUT/CIRCULARS/TED/2006/TED-AD-113-2006.PDF,60 KB,1324
2006-08-09,Central Bank of Nigeria,circulars,Notice of Meeting on the Import Duty Collection Scheme (IDCs),,"Designated Banks Customs Revenue Collection, Inspection Agents Nigeria Customs Service NCS Area Controllers ASYCUDA Project Leader. Import Duty Collection Scheme meeting scheduled Bankers' Committee Conference Hall, CBN, Lagos, Friday August 18, 2006 11.00 a.m. prompt.  ",Ted-ad-115-2006,https://www.cbn.gov.ng/OUT/CIRCULARS/TED/2006/TED-AD-115-2006.PDF,64 KB,1323
2006-08-14,Central Bank of Nigeria,circulars,Foreign Exchange Market Auction WDAS No. 45/2006 of 14/8/2006,,"Foreign Exchange Market Auction offers, Authorised Dealers, customers bids.
",Ted-ad-116-2006,https://www.cbn.gov.ng/OUT/CIRCULARS/TED/2006/TED-AD-116-2006.PDF,60 KB,1322
2006-08-16,Central Bank of Nigeria,circulars,Foreign Exchange Market Auction WDAS No. 46/2006 of 16/8/2006,,"Foreign Exchange Market Auction offers, Authorised Dealers, customers bids.
",Ted-ad-117-2006,https://www.cbn.gov.ng/OUT/CIRCULARS/TED/2006/TED-AD-117-2006.PDF,60 KB,1320
2006-08-16,Central Bank of Nigeria,circulars,Reporting of Suspicious or Unusual Transactions Involving Terrorism to Nigerian Financial Intelligence Unit (NFIU),,"REPORTING, SUSPICIOUS, TRANSACTIONS, TERRORISM, NIGERIAN FINANCIAL INTELLIGENCE, UNIT, CBN, Circular, BSD, 2005, Suspicious, Reports (STR), Transactions,
Terrorism, financing, legitimate, funds, facilitate, commission, nations, terrorism.
 suspicious, unusual, transactions terrorism,NFIU, failure, compliance, directive, terrorism, EFCC, Act, 2004",BSD-13-2006,https://www.cbn.gov.ng/OUT/CIRCULARS/BSD/2006/BSD-13-06.PDF,7 KB,1321
2006-08-21,Central Bank of Nigeria,circulars,Foreign Exchange Market Auction No. 47/2006 of 21/8/2006,,"Foreign Exchange Market Auction offers, Authorised Dealers, customers bids.
",Ted-ad-118-2006,https://www.cbn.gov.ng/OUT/CIRCULARS/TED/2006/TED-AD-118-2006.PDF,60 KB,1318
2006-08-21,Central Bank of Nigeria,circulars,Minimum Requirements and Standards for a Suitable Management Information System (MIS) in Microfinance Banks (MFBs),,"Central Bank of Nigeria, CBN, cenbank, Other Financial Institutions Department, OFID, OFD, OFIs, Abuja, Lagos, community bank, microfinance bank, CBs, MFBs, mangement information system, MIS, software, application, standards, regulatory, supervisory, Tinubu Square, Businesss District Area",OFID-09-2006,https://www.cbn.gov.ng/OUT/CIRCULARS/OFID/2006/OFID-09-2006.PDF,97 KB,1319
2006-08-23,Central Bank of Nigeria,circulars,Foreign Exchange Market Auction No. 48/2006 of 23/8/2006,,"Foreign Exchange Market Auction offers, Authorised Dealers, customers bids.
",Ted-ad-119-2006,https://www.cbn.gov.ng/OUT/CIRCULARS/TED/2006/TED-AD-119-2006.PDF,60 KB,1317
2006-08-28,Central Bank of Nigeria,circulars,Foreign Exchange Market Auction No. 49/2006 of 28/8/2006,,"Foreign Exchange Market Auction offers, Authorised Dealers, customers bids.
",Ted-ad-120-2006,https://www.cbn.gov.ng/OUT/CIRCULARS/TED/2006/TED-AD-120-2006.PDF,60 KB,1316
2006-08-30,Central Bank of Nigeria,circulars,Foreign Exchange Market Auction WDAS No. 50/2006 of 30/8/2006,,"Foreign Exchange Market Auction offers, Authorised Dealers, customers bids.
",Ted-ad-122-2006,https://www.cbn.gov.ng/OUT/CIRCULARS/TED/2006/TED-AD-122-2006.PDF,60 KB,1315
2006-09-04,Central Bank of Nigeria,circulars,Foreign Exchange Market Auction No. 51/2006 of 4/9/2006,,"Foreign Exchange Market Auction offers, Authorised Dealers, customers bids.
",Ted-ad-123-2006 ,https://www.cbn.gov.ng/OUT/CIRCULARS/TED/2006/TED-AD-123-2006.PDF,60 KB,1314
2006-09-06,Central Bank of Nigeria,circulars,Foreign Exchange Market Auction WDAS No. 52/2006 of 6/9/2006,,"Foreign Exchange Market Auction offers, Authorised Dealers, customers bids.

",Ted-ad-124-2006,https://www.cbn.gov.ng/OUT/CIRCULARS/TED/2006/TED-AD-124-2006.PDF,68 KB,1313
2006-09-11,Central Bank of Nigeria,circulars,Foreign Exchange Market Auction WDAS No. 53/2006 of 11/9/2006,,"Foreign Exchange Market Auction offers, Authorised Dealers, customers bids.

",Ted-ad-125-2006,https://www.cbn.gov.ng/OUT/CIRCULARS/TED/2006/TED-AD-125-2006.PDF,69 KB,1312
2006-09-13,Central Bank of Nigeria,circulars,Foreign Exchange Market Auction No. 54/2006 of 13/9/2006,,"Foreign Exchange Market Auction offers, Authorised Dealers, customers bids.

",Ted-ad-126-2006,https://www.cbn.gov.ng/OUT/CIRCULARS/TED/2006/TED-AD-126-2006.PDF,69 KB,1311
2006-09-14,Central Bank of Nigeria,circulars,Foreign Exchange Market Special Auction No. 2/2006 of 14/9/2006,,"Foreign Exchange Market Special Auction offers, Authorised Dealers, customers bids.",Ted-ad-127-2006,https://www.cbn.gov.ng/OUT/CIRCULARS/TED/2006/TED-AD-127-2006.PDF,68 KB,1310
2006-09-18,Central Bank of Nigeria,circulars,Foreign Exchange Market Auction WDAS No. 55/2006 of 18/9/2006,,"Foreign Exchange Market Auction offers, Authorised Dealers, customers bids.",Ted-ad-128-2006,https://www.cbn.gov.ng/OUT/CIRCULARS/TED/2006/TED-AD-128-2006.PDF,57 KB,1309
2006-09-19,Central Bank of Nigeria,circulars,Submission of Final Shipping Documents,,"Oberserved mandatory requirements importers submit final shipping documents 90 days after negotiation transaction not complied. Authorised Dealers not report defaulting customers  in line regulatory requirements. Akanji, O. O. (Mrs.) Ted/ad/130/2006.",Ted-ad-130-2006,https://www.cbn.gov.ng/OUT/CIRCULARS/TED/2006/TED-AD-130-2006.PDF,65 KB,1308
2006-09-20,Central Bank of Nigeria,circulars,Foreign Exchange Market Auction WDAS No. 56/2006 of 20/9/2006,,"Foreign Exchange Market Auction offers, Wholesale Dutch Auction System (WDAS) Authorised Dealers customers bids. Akanji, O. O. (Mrs.) Ted/ad/131/2006.
",Ted-ad-131-2006,https://www.cbn.gov.ng/OUT/CIRCULARS/TED/2006/TED-AD-131-2006.PDF,60 KB,1307
2006-09-21,Central Bank of Nigeria,circulars,Re: Embargo on Foreign Exchange Facilities ,,"Authorised Dealers and Nigeria Customs Service Andy O. Martins Services Limited placed foreign exchange embargo. Akanji, O. O. (Mrs.) Ted/ad/132/2006.
",Ted-ad-132-2006,https://www.cbn.gov.ng/OUT/CIRCULARS/TED/2006/TED-AD-132-2006.PDF,59 KB,1305
2006-09-21,Central Bank of Nigeria,circulars,"Waiver of the Application, Licensing and Change of Name Fees for Existing Community Banks Converting to Microfinance Banks",,"waiver, application fee, change of name fee, Central Bank of Nigeria, community bank, microfinance bank, MFBs, CBs, other financial institutions, circular, lagos, Abuja, Tinubu Square, supervision,  OFID, licence, approval, CBN, ",OFID-07-2006,https://www.cbn.gov.ng/OUT/CIRCULARS/OFID/2006/OFID-07-2006.PDF,82 KB,1306
2006-09-25,Central Bank of Nigeria,circulars,Foreign Exchange Market Auction WDAS No. 57/2006 of 25/9/2006,,"Foreign Exchange Market Auction offers, Wholesale Dutch Auction System (WDAS) Authorised Dealers customers bids. B. Musa Ted/ad/132A/2006.",Ted-ad-132A-2006,https://www.cbn.gov.ng/OUT/CIRCULARS/TED/2006/TED-AD-132A-2006.PDF,69 KB,1304
2006-09-27,Central Bank of Nigeria,circulars,Foreign Exchange Market Auction WDAS No. 58/2006,,"Foreign Exchange Market Auction offers, Wholesale Dutch Auction System (WDAS) Authorised Dealers customers bids. B. Musa Ted/ad/133/2006.
",Ted-ad-133-2006,https://www.cbn.gov.ng/OUT/CIRCULARS/TED/2006/TED-AD-133-2006.PDF,73 KB,1303
2006-10-04,Central Bank of Nigeria,circulars,Foreign Exchage Market Auction WDAS No. 59/2006 of 4/10/2006,,"Foreign Exchange Market Auction offers, Wholesale Dutch Auction System (WDAS) Authorised Dealers customers bids. B. Musa Ted/ad/135/2006.

",Ted-ad-135-2006,https://www.cbn.gov.ng/OUT/CIRCULARS/TED/2006/TED-AD-135-2006.PDF,69 KB,1302
2006-10-09,Central Bank of Nigeria,circulars,Foreign Exchange Market Auction WDAS No. 60/2006 of 9/10/2006,,"Foreign Exchange Market Auction offers, Wholesale Dutch Auction System (WDAS) Authorised Dealers customers bids. B. Musa Ted/ad/136/2006.

",Ted-ad-136-2006,https://www.cbn.gov.ng/OUT/CIRCULARS/TED/2006/TED-AD-136-2006.PDF,69 KB,1301
2006-10-11,Central Bank of Nigeria,circulars,Foreign Exchange Market Auction WDAS No. 61/2006,,"Foreign Exchange Market Auction offers, Wholesale Dutch Auction System (WDAS) Authorised Dealers customers bids. Akanji, O. O. (Mrs.) Ted/ad/137/2006.
",Ted-ad-137-2006,https://www.cbn.gov.ng/OUT/CIRCULARS/TED/2006/TED-AD-137-2006.PDF,60 KB,1300
2006-10-12,Central Bank of Nigeria,circulars,Outstanding Pre-shipment Inspection Transactions,,"Furtherance Circular Ted/ad/121/2006 dated 28/8/2006 Authorised Dealers consummate outstanding Bill for Collection transactions Pre-shipment Inspection (PSI) submission before 31/12/2006. Akanji, O. O. (Mrs.)",Ted-ad-138-2006,https://www.cbn.gov.ng/OUT/CIRCULARS/TED/2006/TED-AD-138-2006.PDF,92 KB,1298
2006-10-12,Central Bank of Nigeria,circulars,Returns on Pre-shipment Inspection Transactions consummated for the month .,,"Returns on Pre-shipment Inspection Transactions consummated. Attachment to Ted/ad/138/2006. Akanji, O. O. (Mrs.) TED.",Ted-ad-138a-2006,https://www.cbn.gov.ng/OUT/CIRCULARS/TED/2006/TED-138A-2006.PDF,7 KB,1299
2006-10-13,Central Bank of Nigeria,circulars,Cancellation of Certificate of Capital Importation,,"Authorised Dealers, general public Certificate of Capital Importation declared missing, declared invalid. Akanji, O. O. (Mrs.) Ted/ad/139/2006.",Ted-ad-139-2006,https://www.cbn.gov.ng/OUT/CIRCULARS/TED/2006/TED-AD-139A-2006.PDF,59 KB,1297
2006-10-16,Central Bank of Nigeria,circulars,Foreign Exchnage Market Auction WDAS No. 62/2006,,"Foreign Exchange Market Auction offers, Wholesale Dutch Auction System (WDAS) Authorised Dealers customers bids. Akanji, O. O. (Mrs.) Ted/ad/140/2006.
",Ted-ad-140-2006,https://www.cbn.gov.ng/OUT/CIRCULARS/TED/2006/TED-AD-140-2006.PDF,60 KB,1296
2006-10-17,Central Bank of Nigeria,circulars,"Notice of Workshop on Foreign Exchange Management Issues Holding at the Gateway Hotels, Abeokuta , Ogun State , from 30th October to 2nd November, 2006.",,"All Authorised Dealers year 2006 Workshop Foreign Exchange Management Issues Scheduled hold Gateway Hotels, Abeokuta, Ogun, Monday October 30 and Thursday Novemeber 2, 2006. Liberalised Foreign Exchange Market - Prospect and Challenges.  I. B. B. Shettima., Ted/ad/141/2006.
",Ted-ad-141-2006,https://www.cbn.gov.ng/OUT/CIRCULARS/TED/2006/TED-AD-141-2006.PDF,98 KB,1295
2006-10-18,Central Bank of Nigeria,circulars,Foreign Exchange Market Auction WDAS No. 63/2006,,"Foreign Exchange Market Auction offers, Wholesale Dutch Auction System (WDAS) Authorised Dealers customers bids. I. B. B. Shettima Ted/ad/142/2006.",Ted-ad-142-2006,https://www.cbn.gov.ng/OUT/CIRCULARS/TED/2006/TED-AD-142-2006.PDF,57 KB,1294
2006-10-20,Central Bank of Nigeria,circulars,Closure of Foreign Exchange Market For Id-Kabir Holiday,,"Federal Government Declaration Monday 23 & Tuesday 24, October, 2006 public holiday celebration Id-Kabir, Authorised Dealers informed no Foreign Exchange Market Monday 23 October, 2006. Market re-open Wednesday 25 October, 2006. Salako, H. A. Ted-ad-143-2006.",Ted-ad-143-2006,https://www.cbn.gov.ng/OUT/CIRCULARS/TED/2006/TED-AD-143-2006.PDF,17 KB,1293
2006-10-25,Central Bank of Nigeria,circulars,Foreign Exchange Market Auction WDAS No. 64/2006,,"Foreign Exchange Market Auction offers, Wholesale Dutch Auction System (WDAS) Authorised Dealers customers bids. H. A. Salako Ted/ad/144/2006.
",Ted-ad-144-2006,https://www.cbn.gov.ng/OUT/CIRCULARS/TED/2006/TED-AD-144-2006.PDF,53 KB,1292
2006-10-25,Central Bank of Nigeria,circulars,"List of Authorised Signatories of Trade & Exchange Department, CBN, Abuja",,"All Authorised Dealers current authorised signatories, Trade & Exchange Department, Central Bank of Nigeria, Abuja. Akanji, O. O. (Mrs.) Ted/ad/146/2006.",Ted-ad-146-2006,https://www.cbn.gov.ng/OUT/CIRCULARS/TED/2006/TED-AD-146-2006.PDF,61 KB,1291
2006-10-25,Central Bank of Nigeria,circulars,Renewal of Exports Pre-shipment Inspection Contract with M/S Cobalt International Services Limited under the Nigerian Export Supervision Scheme (NESS),,"All Authorised Dealers General Public Federal Government Renewed Pre-shipment inspection exports contract M/S Cobalt International Services Limited another term five years. Akanji, O. O. (Mrs.) Ted/ad/147/2006.",Ted-ad-147-2006,https://www.cbn.gov.ng/OUT/CIRCULARS/TED/2006/TED-AD-147-2006.PDF,76 KB,1289
2006-10-25,Central Bank of Nigeria,circulars,Sales of Foreign Exchange (Cash) to Licensed BDCS,,"All licensed Bureau De Change Operators scheduled market Tuesday October 24, 2006 not hold public holiday, sales scheduled Wednesday 25/10/2006 and Friday 27/10/2006. Normal market holds Tuesdays and Thursdays every week. Akanji, O. O. (Mrs.) Ted/ad/145/2006.",Ted-ad-145-2006,https://www.cbn.gov.ng/OUT/CIRCULARS/TED/2006/TED-AD-145-2006.PDF,66 KB,1290
2006-10-30,Central Bank of Nigeria,circulars,Foreign Exchange Market Auction WDAS No. 65/2006,,"Foreign Exchange Market Auction offers, Wholesale Dutch Auction System (WDAS) Authorised Dealers customers bids. Akanji, O. O. (Mrs.) Ted/ad/148/2006.",Ted-ad-148-2006,https://www.cbn.gov.ng/OUT/CIRCULARS/TED/2006/TED-AD-148-2006.PDF,60 KB,1288
2006-11-01,Central Bank of Nigeria,circulars,Foreign Exchange Market Auction Market WDAS No. 66/2006,,"Foreign Exchange Market Auction offers, Wholesale Dutch Auction System (WDAS) Authorised Dealers customers bids. H.A. Salako Ted/ad/149/2006.",Ted-ad-149-2006,https://www.cbn.gov.ng/OUT/CIRCULARS/TED/2006/TED-AD-149-2006.PDF,53 KB,1287
2006-11-06,Central Bank of Nigeria,circulars,Foreign Exchange Market Auction WDAS No. 67/2006,,"Foreign Exchange Market Auction offers, Wholesale Dutch Auction System (WDAS) Authorised Dealers customers bids. Akanji, O. O. (Mrs.) Ted/ad/150/2006.",Ted-ad-150-2006,https://www.cbn.gov.ng/OUT/CIRCULARS/TED/2006/TED-AD-150-2006.PDF,60 KB,1286
2006-11-08,Central Bank of Nigeria,circulars,Re: Embargo on Foreign Exchange Facilities,,"Authorised Dealers and Nigeria Customs Service Justeen Pharmaceuticals Limited placed foreign exchange embargo. Akanji, O. O. (Mrs.) Ted/ad/152/2006.",Ted-ad-152-2006,https://www.cbn.gov.ng/OUT/CIRCULARS/TED/2006/TED-AD-152-2006.PDF,59 KB,1285
2006-11-13,Central Bank of Nigeria,circulars,Embargo on Foreign Exchange Facilities,,"Authorised Dealers, buyers, general public Bureau De Change Companies placed foreign exchange embargo. Akanji, O. O. (Mrrs.) Ted/Fem/Gen/Fpc/01/01.",Ted/Fem/Gen/Fpc/01/01,https://www.cbn.gov.ng/OUT/CIRCULARS/TED/2006/FPC.01.01.PDF,81 KB,1283
2006-11-13,Central Bank of Nigeria,circulars,Foreign Exchange Market Auction No. 69/2006,,"Foreign Exchange Market Auction offers, Wholesale Dutch Auction System (WDAS) Authorised Dealers customers bids. Akanji, O. O. (Mrs.) Ted/ad/153/2006",Ted-ad-153-2006,https://www.cbn.gov.ng/OUT/CIRCULARS/TED/2006/TED-AD-153-2006.PDF,60 KB,1284
2006-11-14,Central Bank of Nigeria,circulars,Further Requirements and Procedures for the Conversion of Community Banks to Microfinance Banks (Removal of the Requirement to deposit the Shortfall in Capital),,"Central Bank of Nigeria, cenbank, CBN, Supervision, Abuja, Lagos, OFID, OFD, Other Financial Institutions Department, Microfinance Bank Community Bank, shortfall in capital, deposit capital, removal, conversion, circular, procedures, shareholders' funds, naira, further, director, chairman, manager",OFID-08-2006,https://www.cbn.gov.ng/OUT/CIRCULARS/OFID/2006/OFID-08-2006.PDF,94 KB,1282
2006-11-15,Central Bank of Nigeria,circulars,Foreign Exchange Market Auction WDAS No. 70/2006,,"Foreign Exchange Market Auction offers, Wholesale Dutch Auction System (WDAS) Authorised Dealers customers bids. Akanji, O. O. (Mrs.) Ted/Fem/Gen/Fpc/01/02",Ted-Fem-Gen-Fpc-01-02,https://www.cbn.gov.ng/OUT/CIRCULARS/TED/2006/FEM.FPC.01.02DOC.PDF,60 KB,1280
2006-11-15,Central Bank of Nigeria,circulars,Suspension from Foreign Exchange Transactions,,"Authorised Dealers and Nigeria Customs Service Pan Fedan Marble and Granite Company Limited; Integrated Reality Limited and Fezel Nigeria Limited placed foreign exchange embargo. Akanji, O. O. (Mrs.) Ted/Fem/Gen/Fpc/01/03.",Ted/Fem/Gen/Fpc/01/03,https://www.cbn.gov.ng/OUT/CIRCULARS/TED/2006/FPC.01.03.PDF,82 KB,1281
2006-11-20,Central Bank of Nigeria,circulars,Foreign Exchange Market Auction WDAS No. 71/2006,,"Foreign Exchange Market Auction offers, Wholesale Dutch Auction System (WDAS) Authorised Dealers customers bids. Akanji, O. O. (Mrs.) Ted/Fem/Gen/Fpc/02/02",Ted-Fem-Gen-Fpc/02/02,https://www.cbn.gov.ng/OUT/CIRCULARS/TED/2006/TED-AD-151-2006.PDF,60 KB,1278
2006-11-20,Central Bank of Nigeria,circulars,Foreign Exchange Market Auction WDAS no. 71/2006,,"Foreign Exchange Market Auction offers, Wholesale Dutch Auction System (WDAS) Authorised Dealers customers bids. Akanji, O. O. (Mrs.) Ted/Fem/Gen/Fpc/02/02",Ted-Fem-Gen-Fpc-02-02,https://www.cbn.gov.ng/OUT/CIRCULARS/TED/2006/FEM.FPC.02.02DOC.PDF,60 KB,1279
2006-11-22,Central Bank of Nigeria,circulars,Foreign Exchange Market Auction WDAS No. 72/2006,,"Foreign Exchange Market Auction offers, Wholesale Dutch Auction System (WDAS) Authorised Dealers customers bids. Akanji, O. O. (Mrs.) Ted/Fem/Gen/Fpc/01/05/06",Ted-Fem-Gen-Fpc-01-05,https://www.cbn.gov.ng/OUT/CIRCULARS/TED/2006/FEM.FPC.01.05.06DOC..PDF,60 KB,1277
2006-11-22,Central Bank of Nigeria,circulars,Year 2007 Hajj Pilgrimage - Re: Purchase of Pilgrims' Travelling Allowance (PTA) in Saudi Riyal Travellers' Cheques.,,"All Authorised Dealers 2007 Hajj operations Federal Government fixed Muslims perform Hajj Pilgimage 65,000. Entitled minimum US$500.00 maximum US$1,000.00 rate SR3.75 per US$1. President approved exchange rate of N120.00 to US$1 for PTA. Akanji, O. O. (Mrs.) Ted/Fem/Gen/Fpc/01/06.",Ted-Fem-Gen-Fpc-01-06,https://www.cbn.gov.ng/OUT/CIRCULARS/TED/2006/FPC.01.06.2006.PDF,78 KB,1276
2006-11-27,Central Bank of Nigeria,circulars,Foreign Exchnage Market Auction WDAS No. 73/2006,,"Foreign Exchange Market Auction offers, Wholesale Dutch Auction System (WDAS) Authorised Dealers customers bids. Salako, H. A. Ted/Fem/Gen/Fpc/01/07.",Ted-Fem-Gen-Fpc-01-07,https://www.cbn.gov.ng/OUT/CIRCULARS/TED/2006/FEM.FPC.01.07.06DOC..PDF,53 KB,1275
2006-11-29,Central Bank of Nigeria,circulars,Foreign Exchange Market Auction WDAS No. 74/2006,,"Foreign Exchange Market Auction offers, Wholesale Dutch Auction System (WDAS) Authorised Dealers customers bids. Akanji, O. O. (Mrs.) Ted/Fem/Gen/Fpc/01/08.",Ted-Fem-Gen-Fpc-01-08,https://www.cbn.gov.ng/OUT/CIRCULARS/TED/2006/FEM.FPC.01.08.06DOC..PDF,60 KB,1274
2006-11-30,Central Bank of Nigeria,circulars,Import Prohibition List,,"All Authorised Dealers General Public Federal Government issued clarifications Import Prohibition list Federal Ministry of Finance Circular Ref. No. BD.12237/S.731/VOL.1/42 of October 31, 2006. Akanji, O. O. (Mrs.) Ted/Fem/Gen/Fpc/01/009.",Ted-Fem-Gen-Fpc-01-009,https://www.cbn.gov.ng/OUT/CIRCULARS/TED/2006/TED-FPC-01-009.PDF,66 KB,1273
2006-12-04,Central Bank of Nigeria,circulars,Foreign Exchange Market Auction WDAS No. 75/2006,,"Foreign Exchange Market Auction offers, Wholesale Dutch Auction System (WDAS) Authorised Dealers customers bids. Akanji, O. O. (Mrs.) Ted/Fem/Gen/Fpc/01/10.",Ted-Fem-Gen-Fpc-01-10,https://www.cbn.gov.ng/OUT/CIRCULARS/TED/2006/FEM.FPC.01.10.06DOC..PDF,60 KB,1272
2006-12-06,Central Bank of Nigeria,circulars,Foreign Exchange Market Auction WDAS No. 76/2006,,"Foreign Exchange Market Auction offers, Wholesale Dutch Auction System (WDAS) Authorised Dealers customers bids. Akanji, O. O. (Mrs.) Ted/Fem/Gen/Fpc/01/11.",Ted-Fpc-Fem-Gen-Fpc-01-11,https://www.cbn.gov.ng/OUT/CIRCULARS/TED/2006/FEM.FPC.01.11.06DOC..PDF,60 KB,1271
2006-12-11,Central Bank of Nigeria,circulars,Foreign Exchange Market Auction WDAS No. 77/2006,,"Foreign Exchange Market Auction offers, Wholesale Dutch Auction System (WDAS) Authorised Dealers customers bids. Akanji, O. O. (Mrs.) Ted/Fem/Gen/Fpc/01/12.",Ted-Fem-Gen-Fpc-01-12,https://www.cbn.gov.ng/OUT/CIRCULARS/TED/2006/FEM.FPC.01.12.06DOC..PDF,60 KB,1270
2006-12-13,Central Bank of Nigeria,circulars,Foreign Exchange Market Auction WDAS No. 78/2006,,"Foreign Exchange Market Auction offers, Wholesale Dutch Auction System (WDAS) Authorised Dealers customers bids. Akanji, O. O. (Mrs.) Ted/Fem/Gen/Fpc/01/13.",Ted-Fem-Gen-Fpc-01-13,https://www.cbn.gov.ng/OUT/CIRCULARS/TED/2006/FEM.FPC.01.13.06DOC..PDF,60 KB,1269
2006-12-15,Central Bank of Nigeria,circulars,"Addendum to the Review of the Common External Tariff (CET) Circular No. BD.12237/S.403/T1/16 of 4th July, 2006 Re: Approved Fiscal Policy Measures and Tariff Amendments",,"Authorised Dealers General Public Federal Government issued aemndment/clarifications review ECOWAS Common External Tariff (CET). Akanji, O. O. (Mrs.) Ted/Fem/Gen/Fpc/01/16.",Ted-Fem-Gen-Fpc-01-16,https://www.cbn.gov.ng/OUT/CIRCULARS/TED/2006/TED-FEM-GEN-FPC-01-16.06DOC.PDF,61 KB,1268
2006-12-15,Central Bank of Nigeria,circulars,Re: Approved Fiscal Policy Measures and Tariff Amendments,,"Addendum Review Common Exteral Tariff (CET) Circular No. BD.12237/S.403.T.1/16 of 4th July 2006. Akanji, O. O. (Mrs.) Ted/Fem/Gen/Fpc/01/16a/2006.",Ted-Fem-Gen-Fpc-01-16a,https://www.cbn.gov.ng/OUT/CIRCULARS/TED/2006/TED-FEM-GEN-FPC-01-16A.PDF,4592 KB,1266
2006-12-15,Central Bank of Nigeria,circulars,Year 2007 Hajj Pilgrimage: Re: Purchase of Pilgrims' Travelling Allowance (PTA) in Saudi Riyal Travellers' Cheques.,,"Further circular reference No. TED/FEM/GEN/FPC/01/06, November 22, 2006 provisions paragraph two (2) stated concessionary exchange Rate N120.00 to US$1 PTA was allowed.  Akanji, O. O. (Mrs.)Ted/Fem/Gen/Fpc/01/15/2006. ",Ted-Fem-Gen-Fpc-01-15-2006,https://www.cbn.gov.ng/OUT/CIRCULARS/TED/2006/TED-FEM-GEN--01-15-06.PDF,61 KB,1267
2006-12-20,Central Bank of Nigeria,circulars,Foreign Exchange Market Auction WDAS No. 80/2006,,"Foreign Exchange Market Auction offers, Wholesale Dutch Auction System (WDAS) Authorised Dealers customers bids. Musa, B. Ted/Fem/Gen/Fpc/01/17.",Ted-Fem-Gen--Fpc-01-17-06,https://www.cbn.gov.ng/OUT/CIRCULARS/TED/2006/FEM.FPC.01.17.06DOC..PDF,73 KB,1265
2006-12-22,Central Bank of Nigeria,circulars,"Closure of Foreign Exchange Market for Christmas, New Year and Id-El-Kabir Holidays",,"Federal Government Declaration  25th &  26th, December, 2006 and 1st - 3rd January, 2007public holidays celebration Christmas, Boxing Day Id-Kabir, Authorised Dealers informed no Foreign Exchange Market. Market re-open Monday 8 January, 2007. Akanji, O. O. (Mrs.) Ted-Fem-Gen-Fpc-01-19-06.",Ted-Fem-Gen-Fpc-01-19-06,https://www.cbn.gov.ng/OUT/CIRCULARS/TED/2007/TED-FEM-GEN-FPC-01-19-06.PDF,58 KB,1264
2006-12-27,Central Bank of Nigeria,circulars,"Closure of Foreign Exchange Market for Christmas, New Year and Id-El-Kabir Holidays",,"central bank; nigeria; trade;exchange;authorised dealers;forex;foreign exchange;market;holiday,",TED/FEM/GEN/FPC/01/19,https://www.cbn.gov.ng/OUT/CIRCULARS/GOV/2006/TED27-12-06.PDF,63 KB,1263
2006-12-28,Central Bank of Nigeria,circulars,Addition of Grimaladi Concession Terminal to Lot 111 of Destionation Inspection Scheme,,athorized dealers;service providers;general public;central bank;nigeria;grimaladi;terminal;lot 111;destination;inspection;scheme;trade and exchange,TED/FEM/FPC/01/21/06,https://www.cbn.gov.ng/OUT/CIRCULARS/GOV/2006/TED28-12-06.PDF,68 KB,1262
2006-12-28,Central Bank of Nigeria,circulars,Direct Sales of Foreign Exchange Cash to Bureaux De Change Operators,,"licensed;bureaux de change,BDC's;public;central bank;nigeria;trade and exchange;december 2006,public holiday",TED/FEM/FPC/01/20/06,https://www.cbn.gov.ng/OUT/CIRCULARS/GOV/2006/TED27A-12-06.PDF,62 KB,1261
2007-01-05,Central Bank of Nigeria,circulars,Round - Table Discussion on Foreign Exchange Management Issues,,"central bank,nigeria,foreign exchange,management,issues,liberalization,market,tuesday january 9,2007,protea hotel,lagos,policy,treasurer,akanji",TED/FEM/FPC/01/002/07,https://www.cbn.gov.ng/OUT/CIRCULARS/GOV/2007/TED5-1-07.PDF,72 KB,1260
2007-01-08,Central Bank of Nigeria,circulars,Foreign Exchange MArket Auction WDAS No. 01/2007,,"Foreign Exchange Market Auction offers, Wholesale Dutch Auction System (WDAS) Authorised Dealers customers bids. Akanji, O. O. (Mrs.) Ted/Fem/Gen/Fpc/01/01/07",Ted-Fem-Gen-Fpc--01-01-07,https://www.cbn.gov.ng/OUT/CIRCULARS/TED/2007/FEM.FPC.01.01.07.PDF,60 KB,1259
2007-01-10,Central Bank of Nigeria,circulars,Foreign Exchange Market Auction WDAS No. 02/2007,,"Foreign Exchange Market Auction offers, Wholesale Dutch Auction System (WDAS) Authorised Dealers customers bids. Shettima, I. B. B. Ted/Fem/Gen/Fpc//03/01/07.",Ted-Fem-Gen-Fpc-03-01-07,https://www.cbn.gov.ng/OUT/CIRCULARS/TED/2007/FPC.01.03.PDF,82 KB,1258
2007-01-11,Central Bank of Nigeria,circulars,Notice of Meeting on rendition of Forex Management Returns to Trade & Exchange Department on the new eFASS,,"All banks meeting discuss rendition Forex Management Returns Trade & Exchange Department hold Bankers' Committee Conference Hall, CBN, Lagos Friday January 19, 2007 9.00 a.m. Akanji, O. O. (Mrs.). ",Ted-Fem-Gen-Fpc-01-004-07,https://www.cbn.gov.ng/OUT/CIRCULARS/TED/2007/TED-FEM-GEN-FPC-01-004-07.PDF,68 KB,1257
2007-01-15,Central Bank of Nigeria,circulars,Foreign Exchange Market Auction WDAS No. 03/2007,,"Foreign Exchange Market Auction offers, Wholesale Dutch Auction System (WDAS) Authorised Dealers customers bids. Akanji, O. O. (Mrs.) Ted/Fem/Gen/Fpc/01/05/07.
",Ted-Fem-Gen-Fpc-01-05-07,https://www.cbn.gov.ng/OUT/CIRCULARS/TED/2007/FEM.FPC.01.05.07.PDF,60 KB,1256
2007-01-17,Central Bank of Nigeria,circulars,Foreign Exchange Market Auction WDAS No. 04/2007,,"Foreign Exchange Market Auction offers, Wholesale Dutch Auction System (WDAS) Authorised Dealers customers bids. Akanji, O. O. (Mrs.) Ted/Fem/Gen/Fpc/01/06/07.

",Ted-Fem-Gen-Fpc-01-06-07,https://www.cbn.gov.ng/OUT/CIRCULARS/TED/2007/FEM.FPC.01.06.07.PDF,60 KB,1255
2007-01-22,Central Bank of Nigeria,circulars,Foreign Exchange Market Auction WDAS No. 05/2007,,"Foreign Exchange Market Auction offers, Wholesale Dutch Auction System (WDAS) Authorised Dealers customers bids. Akanji, O. O. (Mrs.) Ted/Fem/Gen/Fpc/01/08/07.",Ted-Fem-Gen-Fpc-01-08-07,https://www.cbn.gov.ng/OUT/CIRCULARS/TED/2007/FEM.FPC.01.08.07.PDF,60 KB,1254
2007-01-23,Central Bank of Nigeria,circulars,Submission of Returns Through the e-Fass ,,Banks Discount Houses Returns live-run electronic financial analysis surveillance system commenced October 2006 CBN NDIC monitor institutions management daily  compliance sanctions WDAS Banking Supervision Department reporting ,BSD/DIR/CIR/07/VOL/01,https://www.cbn.gov.ng/OUT/CIRCULARS/BSD/2007/BSD-01-2007.PDF,11 KB,1253
2007-01-24,Central Bank of Nigeria,circulars,Foreign Exchange Market Auction WDAS No. 06/2007,,"Foreign Exchange Market Auction offers, Wholesale Dutch Auction System (WDAS) Authorised Dealers customers bids. Akanji, O. O. (Mrs.) Ted/Fem/Gen/Fpc/01/09/07.",Ted-Fem-Gen-Fpc-01-09-07,https://www.cbn.gov.ng/OUT/CIRCULARS/TED/2007/FEM.FPC.01.09.07.PDF,60 KB,1252
2007-01-26,Central Bank of Nigeria,circulars,"Closure of Foreign Exchange Market on Monday January 29, 2007",,"Federal Government Declaration  Monday, 29th January, 2007 public holiday, civil servants register 2007 election, Authorised Dealers informed no Foreign Exchange Market. Market re-open Wednesday, 31st January, 2007. Akanji, O. O. (Mrs.) Ted-Fem-Gen-Fpc-01-012-07.",Ted-Fem-Gen-Fpc-01-012-07,https://www.cbn.gov.ng/OUT/CIRCULARS/TED/2007/TED-FEM-GEN-FPC-01-012-07.PDF,58 KB,1251
2007-01-31,Central Bank of Nigeria,circulars,Foreign Exchange Market Auction WDAS No. 07/2007,,"Foreign Exchange Market Auction offers, Wholesale Dutch Auction System (WDAS) Authorised Dealers customers bids. Musa, B. Ted/Fem/Gen/Fpc/01/12/07.",Ted-Fem-Gen-Fpc-01-12-07,https://www.cbn.gov.ng/OUT/CIRCULARS/TED/2007/FEM.FPC.01.12.07DOC..PDF,73 KB,1250
2007-02-01,Central Bank of Nigeria,circulars,Notice of Meeting on Import Duty Collection Scheme (IDCs),,"Designated Banks Customs Revenue Collection, Inspection Agents Nigeria Customs Service NCS Area Controllers ASYCUDA Project Leader. Import Duty Collection Scheme meeting scheduled Bankers' Committee Conference Hall, CBN, Lagos, Friday February 16, 2007. Musa, B. TED.
",Ted-Fem-Gen-Fpc-01-13-07,https://www.cbn.gov.ng/OUT/CIRCULARS/TED/2007/TED.FEM.GEN.FPC.01.13.07.PDF,28 KB,1249
2007-02-05,Central Bank of Nigeria,circulars,Foreign Exchange Market Auction WDAS No. 08/2007,,"Foreign Exchange Market Auction offers, Wholesale Dutch Auction System (WDAS) Authorised Dealers customers bids. Musa, B. Ted/Fem/Gen/Fpc/01/14/07.",Ted-Fem-Gen-Fpc-01-14-07,https://www.cbn.gov.ng/OUT/CIRCULARS/TED/2007/FEM.FPC.01.14.07DOC..PDF,73 KB,1248
2007-02-07,Central Bank of Nigeria,circulars,Foreign Exchange Market Auction WDAS No. 09/2007,,"Foreign Exchange Market Auction offers, Wholesale Dutch Auction System (WDAS) Authorised Dealers customers bids. Musa, B. Ted/Fem/Gen/Fpc/01/15/07.
",Ted-Fem-Gen-Fpc-01-15-07,https://www.cbn.gov.ng/OUT/CIRCULARS/TED/2007/FEM.FPC.01.15.07DOC..PDF,73 KB,1247
2007-02-12,Central Bank of Nigeria,circulars,Foreign Exchange Market Auction WDAS No. 10/2007,,"Foreign Exchange Market Auction offers, Wholesale Dutch Auction System (WDAS) Authorised Dealers customers bids. Musa, B. Ted/Fem/Gen/Fpc/01/16/07.
",Ted-Fem-Gen-Fpc-01-16-07,https://www.cbn.gov.ng/OUT/CIRCULARS/TED/2007/FEM.FPC.01.16.07DOC..PDF,73 KB,1246
2007-02-14,Central Bank of Nigeria,circulars,Foreign Exchange Market Auction WDAS No. 11/2007,,"Foreign Exchange Market Auction offers, Wholesale Dutch Auction System (WDAS) Authorised Dealers customers bids. Musa, B. Ted/Fem/Gen/Fpc/01/17/07.",Ted-Fem-Gen-Fpc-01-17-07,https://www.cbn.gov.ng/OUT/CIRCULARS/TED/2007/FEM.FPC.01.17.07DOC..PDF,73 KB,1244
2007-02-14,Central Bank of Nigeria,circulars,Re: 2006 Christian Pilgrimage: Purchase of Pilgrims' Travelling Allowance,,"Further Circular TED/FEM/FPC/GEN/007/07 dated 7/01/2007,Authorised Dealers notified additional list Pilgrims various State Ted/Fem/Fpc/Gen/01/018/07. Akanji, O. O. (Mrs.) Trade & Exchange 2006 Christian Pilgrimage.",Ted-Fem-Fpc-Gen-01-018-07,https://www.cbn.gov.ng/OUT/CIRCULARS/TED/2007/TED.FEM.O1.018.07.PDF,26 KB,1245
2007-02-19,Central Bank of Nigeria,circulars,Foreign Exchange Market Auction WDAS No.12/2007,,"Foreign Exchange Market Auction offers, Wholesale Dutch Auction System (WDAS) Authorised Dealers customers bids. Akanji, O. O. Ted/Fem/Gen/Fpc/01/19/07.",Ted-Fem-Gen-FPC-01-19-07,https://www.cbn.gov.ng/OUT/CIRCULARS/TED/2007/FEM.FPC.01.19.07DOC..PDF,60 KB,1243
2007-02-21,Central Bank of Nigeria,circulars,Foreign Exchange Market Auction WDAS No.13/2007,,"Foreign Exchange Market Auction offers, Wholesale Dutch Auction System (WDAS) Authorised Dealers customers bids. Akanji, O. O. Ted/Fem/Gen/Fpc/01/20/07
",Ted-Fem-Gen-Fpc-01-20-07,https://www.cbn.gov.ng/OUT/CIRCULARS/TED/2007/FEM.FPC.01.20.07DOC..PDF,60 KB,1241
2007-02-21,Central Bank of Nigeria,circulars,Re: Purchase of Money Market Instruments and Federal Government Bonds,,"Furtherance liberalisation,Banks need clarify concerns investors Memorandum 21 Forex Manual, Authorised Dealers advised clarification provisions Memorandum;Investments Nigerian Treasury Bills;Federal Government Bond. Akanji, O. O. (Mrs.) Trade & Exchange Department.",Ted-Fem-Gen-Fpc-01-022,https://www.cbn.gov.ng/OUT/CIRCULARS/TED/2007/TED-FEM-GEN-FPC-01-022.PDF,70 KB,1240
2007-02-21,Central Bank of Nigeria,circulars,Standard Organisation of Nigeria Conformity Assessment Programme (SONCAP) - Updated List of Regulated Products,,"Further Circulars ref. TED/AD/100/2005;TED/AD/121/2005 dated 29/8/2005;21/10/2005;attached updated list regulated products covered Standards Organisation of Nigeria Conformity Assessment Programme (SONCAP). Authorised Dealers advised ensure SONCAP certificates obtained. Akanji, O. O. Mrs. Trade & Exchange Department.",Ted-Fem-Gen-Fpc-01-021a,https://www.cbn.gov.ng/OUT/CIRCULARS/TED/2007/TED-FEM-GEN-FPC-01-021A.PDF,62 KB,1238
2007-02-21,Central Bank of Nigeria,circulars,Standard Organisation of Nigeria Conformity Assessment Programme (SONCAP) Updated List of Regulated Products,,"Further Circular ref:TED/AD/100/2005 and TED/AD/121/2005 dated 29/8/2005 and 21/10/2005 updated regulated covered Standards Organisation of Nigeria Conformity Assessment Programme (SONCAP). Akanji, O. O. (Mrs.) Ted/Fem/Fpc/Gen/01/021/07.",Ted-Fem-Fpc-Gen-01-021-07,https://www.cbn.gov.ng/OUT/CIRCULARS/TED/2007/TED-FEM-FPC-GEN-01-021-07.PDF,61 KB,1242
2007-02-21,Central Bank of Nigeria,circulars,The SONCAP Regulated Product List,,Attached SONCAP Regulated Product List.,Ted-Fem-Gen-Fpc-01-021b,https://www.cbn.gov.ng/OUT/CIRCULARS/TED/2007/TED-FEM-GEN-FPC-01-021B.PDF,71 KB,1239
2007-02-22,Central Bank of Nigeria,circulars,Embargo On Foreign Exchange Facilities,,"All Authorised Dealers, Nigeria Customs Service,undermentioned company placed Foreign Exchange embargo;Authorised Dealers advised immediate effect no foreign exchage transaction,including transfer of funds;Akanji, O. O. (Mrs.) TED Embargo.",Ted-Fem-Gen-Fpc-01-024-07,https://www.cbn.gov.ng/OUT/CIRCULARS/TED/2007/TED-FEM-GEN-FPC-01-024-07.PDF,21 KB,1237
2007-02-22,Central Bank of Nigeria,circulars,Re: Year 2006 Christian Pilgrimage - Purchase of Pilgrims' Travelling Allowance ,,"Further Circular TED/FEM/FPC/GEN/007/07 dated 7/01/2007,Authorised Dealers notified additional list Pilgrims various State Ted/Fem/Fpc/Gen/01/023/07. Akanji, O. O. (Mrs.) Trade & Exchange 2006 Christian Pilgrimage.",Ted-Fem-Gen-Fpc-01-023-07,https://www.cbn.gov.ng/OUT/CIRCULARS/TED/2007/TED-FEM-GEN-FPC-01-023-07.PDF,41 KB,1236
2007-02-23,Central Bank of Nigeria,circulars,Revalidation of Expired Bill for Collection Transactions,,"Furtherance liberalisation effort CBN,facilitate,Authorised Dealers advised follows;all bills collection transaction negotiated validity 180 days;Bill of Lading date. Akanji, O. O. (Mrs.) Trade & Exchange Department.",Ted-Fem-Gen-Fpc-01-025,https://www.cbn.gov.ng/OUT/CIRCULARS/TED/2007/TED-FEM-GEN-FPC-01-025.PDF,60 KB,1235
2007-02-26,Central Bank of Nigeria,circulars,Foreign Exchange Market Auction WDAS No. 14/2007,,"Foreign Exchange Market Auction offers, Wholesale Dutch Auction System (WDAS) Authorised Dealers customers bids. Akanji, O. O. Ted/Fem/Gen/Fpc/01/26/07.",Ted-Fem-Gen-Fpc-01-26-07,https://www.cbn.gov.ng/OUT/CIRCULARS/TED/2007/FEM.FPC.01.26.07DOC..PDF,60 KB,1234
2007-02-28,Central Bank of Nigeria,circulars,Foreign Exchange Market Auction WDAS No. 15/2007,,"Foreign Exchange Market Auction offers, Wholesale Dutch Auction System (WDAS) Authorised Dealers customers bids. Akanji, O. O. Ted/Fem/Gen/Fpc/01/27/07.",Ted-Fem-Gen-Fpc-01-027-07,https://www.cbn.gov.ng/OUT/CIRCULARS/TED/2007/FEM.FPC.01.27.07DOC..PDF,60 KB,1233
2007-03-02,Central Bank of Nigeria,circulars,"Need for Adherence to the Import Guidelines, Procedures and Documentation Requirements Under Destination Inspection",,"Observed some banks habit collecting Customs Duty Forms 'M' not registered;contrary provisions paragraph 6 Circular No. TED/FEM/GEN/SPC/01/04/06 dated 17/11/2006. Akanji, O. O. (Mrs.) Trade & Exchange Department.",Ted-Fem-Gen-Fpc-01-029-07,https://www.cbn.gov.ng/OUT/CIRCULARS/TED/2007/TED-FEM-GEN-FPC-01-029-07.PDF,62 KB,1232
2007-03-05,Central Bank of Nigeria,circulars,Foreign Exchange Market Auction WDAS No. 16/2007,,"Foreign Exchange Market Auction offers, Wholesale Dutch Auction System (WDAS) Authorised Dealers customers bids. Akanji, O. O. Ted/Fem/Gen/Fpc/01/28/07.",Ted-Fem-Gen-Fpc-01-28-07,https://www.cbn.gov.ng/OUT/CIRCULARS/TED/2007/FEM.FPC.01.28.07DOC..PDF,60 KB,1231
2007-03-12,Central Bank of Nigeria,circulars,Foreign Exchange Market Auction WDAS No. 18/2007,,"Foreign Exchange Market Auction offers, Wholesale Dutch Auction System (WDAS) Authorised Dealers customers bids. Akanji, O. O. Ted/Fem/Gen/Fpc/01/31/07.",Ted-Fem-Gen-Fpc-01-31-07,https://www.cbn.gov.ng/OUT/CIRCULARS/TED/2007/FEM.FPC.01.31.07DOC..PDF,60 KB,1230
2007-03-13,Central Bank of Nigeria,circulars,Need For Importers Of Petroleum Products To Have Depot/Storage Facilities,,"Authorised Dealers, immediate effect,licensed importer petroleum products produce documentary evidence,Department Petroleum Resources,evidencing depot,storage facilities transactions, treated. Akanji, O. O. (Mrs.) Trade & Exchange Department.",Ted-Fem-Gen-Fpc-01-34-07,https://www.cbn.gov.ng/OUT/CIRCULARS/TED/2007/TED-FEM-GEN-FPC-34-07.PDF,60 KB,1229
2007-03-14,Central Bank of Nigeria,circulars,Foreign Exchange Market Auction WDAS No. 19/2007,,"Foreign Exchange Market Auction offers, Wholesale Dutch Auction System (WDAS) Authorised Dealers customers bids. Akanji, O. O. Ted/Fem/Gen/Fpc/01/33/07.",Ted-Fem-Gen-Fpc--01-33-07,https://www.cbn.gov.ng/OUT/CIRCULARS/TED/2007/FEM.FPC.01.33.07DOC..PDF,60 KB,1228
2007-03-19,Central Bank of Nigeria,circulars,Foreign Exchnage Market Auction WDAS No. 20/2007,,"Foreign Exchange Market Auction offers, Wholesale Dutch Auction System (WDAS) Authorised Dealers customers bids. Akanji, O. O. Ted/Fem/Gen/Fpc/01/35/07.",Ted-Fem-Gen-Fpc-01-35-07,https://www.cbn.gov.ng/OUT/CIRCULARS/TED/2007/FEM.FPC.01.35.07DOC..PDF,60 KB,1227
2007-03-21,Central Bank of Nigeria,circulars,Foreign Exchange Market Auction WDAS No. 21/2007,,"Foreign Exchange Market Auction offers, Wholesale Dutch Auction System (WDAS) Authorised Dealers customers bids. Akanji, O. O. Ted/Fem/Gen/Fpc/01/36/07.",Ted-Fem-Gen-Fpc-01-36-07,https://www.cbn.gov.ng/OUT/CIRCULARS/TED/2007/FEM.FPC.01.36.07DOC..PDF,60 KB,1226
2007-03-22,Central Bank of Nigeria,circulars,Re: Year 2006 Christian Pilgrimage - Purchase of Pilgrims Travelling Allowance,,"Further Circular TED/FEM/FPC/GEN/007/07 dated 7/01/2007,Authorised Dealers notified additional list Pilgrims various State Ted/Fem/Fpc/Gen/01/038/07. Musa. B. Trade & Exchange 2006 Christian Pilgrimage.",Ted-Fem-Gen-Fpc-01-038-07,https://www.cbn.gov.ng/OUT/CIRCULARS/TED/2007/TED.AD.GEN.FPC.01.038.07.PDF,30 KB,1224
2007-03-22,Central Bank of Nigeria,circulars,Workshop On Letters of Credit Standardisation,,"July 1, 2007 Uniform Customs and Practice (UCP600) Operational Worldwide,Article 1 UCP600 Letters of Credit issued Nigerian banks comply domestic regulations. Akanji, O. O. (Mrs) Trade & Exchange Department. ",Ted-Fem-Gen-Fpc-037-07,https://www.cbn.gov.ng/OUT/CIRCULARS/TED/2007/TED.FEM.GEN.FPC.01.037.07.PDF,62 KB,1225
2007-03-26,Central Bank of Nigeria,circulars,Foreign Exchange Market Auction WDAS No. 22/2007,,"Foreign Exchange Market Auction offers, Wholesale Dutch Auction System (WDAS) Authorised Dealers customers bids. Akanji, O. O. Ted/Fem/Gen/Fpc/01/39/07.",Ted-Fem-Gen-Fpc-01-39-07,https://www.cbn.gov.ng/OUT/CIRCULARS/TED/2007/FEM.FPC.01.39.07DOC..PDF,60 KB,1223
2007-03-28,Central Bank of Nigeria,circulars,Foreign Exchange Market Auction WDAS No. 23/2007,,"Foreign Exchange Market Auction offers, Wholesale Dutch Auction System (WDAS) Authorised Dealers customers bids. Akanji, O. O. Ted/Fem/Gen/Fpc/01/40/07.",Ted-Fem-Gen-Fpc-01-40-07,https://www.cbn.gov.ng/OUT/CIRCULARS/TED/2007/FEM.FPC.01.40.07DOC..PDF,60 KB,1222
2007-04-04,Central Bank of Nigeria,circulars,Foreign Exchange Market Auction WDAS No. 24/2007,,"Foreign Exchange Market Auction offers, Wholesale Dutch Auction System (WDAS) Authorised Dealers customers bids. Akanji, O. O. Ted/Fem/Gen/Fpc/01/42/07.",Ted-Fem-Gen-Fpc-01-42-07,https://www.cbn.gov.ng/OUT/CIRCULARS/TED/2007/FEM.FPC.01.42.07DOC..PDF,60 KB,1220
2007-04-04,Central Bank of Nigeria,circulars,Notice of Meeting on Import Duty Collection Scheme (IDCS),,"Designated Banks Customs Revenue Collection, Inspection Agents Nigeria Customs Service NCS Area Controllers ASYCUDA Project Leader. Import Duty Collection Scheme meeting scheduled Bankers' Committee Conference Hall, CBN, Lagos,Wednesday April 11, 2007. ",Ted-Fem-Gen-Fpc-01-041-07,https://www.cbn.gov.ng/OUT/CIRCULARS/TED/2007/TED.FEM.GEN.FPC.01.041.PDF,60 KB,1221
2007-04-11,Central Bank of Nigeria,circulars,Foreign Exchange Market Special Auction No. 01/2007,,"Foreign Exchange Market Special Auction offers, USD250.00 million Authorised Dealers customers bids.Authorised Dealers Current Accounts adequately funded.  Akanji, O. O. Ted/Fem/Gen/Fpc/01/43/07.",Ted-Fem-Gen-Fpc-01-43-07,https://www.cbn.gov.ng/OUT/CIRCULARS/TED/2007/FEM.FPC.01.43.07DOC..PDF,60 KB,1219
2007-04-16,Central Bank of Nigeria,circulars,Foreign Exchange Market Auction WDAS No. 25/2007,,"Foreign Exchange Market Auction offers, Wholesale Dutch Auction System (WDAS) Authorised Dealers customers bids. Akanji, O. O. Ted/Fem/Gen/Fpc/01/44/07.",Ted-Fem-Gen-Fpc-01-44-07,https://www.cbn.gov.ng/OUT/CIRCULARS/TED/2007/FEM.FPC.01.44.07DOC..PDF,60 KB,1218
2007-04-17,Central Bank of Nigeria,circulars,Re: Addition of Grimaldi Concession Terminal to Lot III of Destination Inspection Scheme,,"Further Circular ref: No. TED/FEM/FPC/GEN/21/06 of 28/12/2006 clarification all transactions Port destination Form 'M' Grimaldi Port (Concession Ports and Terminal Multiservices Limited PTML) forwarded Globalscan Limited Federal Government. Akanji, O. O. (Mrs.) TED/FEM/FPC/GEN/01/45/07",TED-FEM-FPC-GEN-01-45-07,https://www.cbn.gov.ng/OUT/CIRCULARS/TED/2007/TED-FEM-FPC-GEN-01-45-07.PDF,72 KB,1217
2007-04-18,Central Bank of Nigeria,circulars,Foreign Exchange Market Auction WDAS No. 26/2007,,"Foreign Exchange Market Auction offers, Wholesale Dutch Auction System (WDAS) Authorised Dealers customers bids. Akanji, O. O. Ted/Fem/Gen/Fpc/01/46/07.",Ted-Fem-Gen-Fpc-01-46-07,https://www.cbn.gov.ng/OUT/CIRCULARS/TED/2007/FEM.FPC.01.46.07DOC..PDF,60 KB,1216
2007-04-19,Central Bank of Nigeria,circulars,Re: Participation of Free Trade Zone Companies in the Nigerian Foreign Exchange Market,,"Further Circular Ref: Ted/Ad/90/2005 dated 11/8/2005,clarification registration Forms 'M' and 'A' EPZ/FTZ, Akanji, O. O. (Mrs.) Ted/Fem/Gen/Fpc/01/047/07.",Ted-Fem-Fpc-Gen-01-047-07,https://www.cbn.gov.ng/OUT/CIRCULARS/TED/2007/TED-FEM-GEN-FPC-47-07.PDF,42 KB,1215
2007-04-23,Central Bank of Nigeria,circulars,Foreign Exchange Market Auction WDAS No. 27/2007,,"Foreign Exchange Market Auction offers, Wholesale Dutch Auction System (WDAS) Authorised Dealers customers bids,Reuters Dealing 3000 Terminal. Akanji, O. O. Ted/Fem/Gen/Fpc/01/48,/07.",Ted-Fem-Gen-Fpc-01-48-07,https://www.cbn.gov.ng/OUT/CIRCULARS/TED/2007/FEM.FPC.01.48.07DOC..PDF,81 KB,1214
2007-04-25,Central Bank of Nigeria,circulars,Foreign Exchange Market Auction WDAS No. 28/2007,,"Foreign Exchange Market Auction offers, Wholesale Dutch Auction System (WDAS) Authorised Dealers customers bids,Reuters Dealing 3000 Terminal. Akanji, O. O. Ted/Fem/Gen/Fpc/01/49,/07.",Ted-Fem-Gen-Fpc-01-49-07,https://www.cbn.gov.ng/OUT/CIRCULARS/TED/2007/FEM.FPC.01.49.07DOC..PDF,81 KB,1213
2007-04-30,Central Bank of Nigeria,circulars,Foreign Exchange Market Auction WDAS No. 29/2007,,"Foreign Exchange Market Auction offers, Wholesale Dutch Auction System (WDAS) Authorised Dealers customers bids,Reuters Dealing 3000 Terminal. Akanji, O. O. Ted/Fem/Gen/Fpc/01/50,/07.",Ted-Fem-Gen-Fpc-01-50-07,https://www.cbn.gov.ng/OUT/CIRCULARS/TED/2007/FEM.FPC.01.50.07DOC..PDF,81 KB,1212
2007-05-02,Central Bank of Nigeria,circulars,Foreign Exchange Market Auction WDAS No. 30/2007,,"Foreign Exchange Market Auction offers, Wholesale Dutch Auction System (WDAS) Authorised Dealers customers bids,Reuters Dealing 3000 Terminal. B. Musa. Ted/Fem/Gen/Fpc/01/51/07.",Ted-Fem-Gen-Fpc-01-51-07,https://www.cbn.gov.ng/OUT/CIRCULARS/TED/2007/FEM.FPC.01.51.07DOC..PDF,203 KB,1211
2007-05-07,Central Bank of Nigeria,circulars,Foreign Exchange Market Auction WDAS No. 31/2007,,"Foreign Exchange Market Auction offers, Wholesale Dutch Auction System (WDAS) Authorised Dealers customers bids,Reuters Dealing 3000 Terminal. B. Musa Ted/Fem/Gen/Fpc/01/52/07.",Ted-Fem-Gen-Fpc-01-52-07,https://www.cbn.gov.ng/OUT/CIRCULARS/TED/2007/FEM.FPC.01.52.07DOC..PDF,203 KB,1210
2007-05-09,Central Bank of Nigeria,circulars,Additional Information on the Pre-Shipment Inspection For Oil & Gas and Non-Oil Exports in Nigeria.,,"Further Circular Ref: TED/AD/126/2004 dated 8/11/2004 and TED/FEM/GEN/FPC/011/07 dated 26/1/2007,additional designated Banks. Akanji, O. O. (Mrs.) TED/FEM/GEN/FPC/01/054/07.
",Ted-Fem-Gen-Fpc-01-054-07,https://www.cbn.gov.ng/OUT/CIRCULARS/TED/2007/TED-FEM-GEN-FPC-01-54-07.PDF,24 KB,1208
2007-05-09,Central Bank of Nigeria,circulars,Foreign Exchange Market Auction WDAS No. 32/2007,,"Foreign Exchange Market Auction offers, Wholesale Dutch Auction System (WDAS) Authorised Dealers customers bids,Reuters Dealing 3000 Terminal. Akanji, O. O. Ted/Fem/Gen/Fpc/01/53/07.",Ted-Fem-Gen-Fpc-01-53-07,https://www.cbn.gov.ng/OUT/CIRCULARS/TED/2007/FEM.FPC.01.53.07DOC..PDF,81 KB,1207
2007-05-09,Central Bank of Nigeria,circulars,Re: Rendition of Returns by Banks Operating Bureaux De Change (BDC) Windows Through eFASS.,,"Further Circular Ref: TED/AD/102/2006 dated 11/7/2006,Authorised Dealers operating BDC windows required commence rendition monthly returns via eFASS effective May, 2007. Akanji, O. O. (Mrs.) TED/FEM/FPC/GEN/01/055/07.",Ted-Fem-Fpc-Gen-01-055-07,https://www.cbn.gov.ng/OUT/CIRCULARS/TED/2007/TED-FEM-GEN-FPC-01-55-07.PDF,37 KB,1209
2007-05-14,Central Bank of Nigeria,circulars,Foreign Exchange Market Auction WDAS No. 33/2007,,"Foreign Exchange Market Auction offers, Wholesale Dutch Auction System (WDAS) Authorised Dealers customers bids,Reuters Dealing 3000 Terminal. Akanji, O. O. Ted/Fem/Gen/Fpc/01/56/07.",Ted-Fem-Gen-Fpc-01-56-07,https://www.cbn.gov.ng/OUT/CIRCULARS/TED/2007/FEM.FPC.01.56.07DOC..PDF,81 KB,1206
2007-05-16,Central Bank of Nigeria,circulars,Foreign Exchange Market Auction WDAS No. 34/2007,,"Foreign Exchange Market Auction offers, Wholesale Dutch Auction System (WDAS) Authorised Dealers customers bids,Reuters Dealing 3000 Terminal. Akanji, O. O. Ted/Fem/Fpc/Gen/01/57/07.",Ted/Fem/Fpc/Gen/01/57/07.,https://www.cbn.gov.ng/OUT/CIRCULARS/TED/2007/FEM.FPC.01.57.07DOC..PDF,81 KB,1205
2007-05-17,Central Bank of Nigeria,circulars,"Additioanal Authorised Signatory of Trade & Exchange Department, CBN",,"Additional Authorised Signatory of Trade & Exchange Department, CBN",Ted-Fem-Fpc-Gen-01-58-07,https://www.cbn.gov.ng/OUT/CIRCULARS/TED/2007/TED-FEM-FPC-GEN-01-58- 2007.PDF,75 KB,1204
2007-05-21,Central Bank of Nigeria,circulars,Foreign Exchange Market Auction WDAS No. 35/2007,,"Foreign Exchange Market Auction offers, Wholesale Dutch Auction System (WDAS) Authorised Dealers customers bids,Reuters Dealing 3000 Terminal. Akanji, O. O. Ted/Fem/Fpc/Gen/01/59/07.",Ted-Fem-Fpc-Gen-01-59-07,https://www.cbn.gov.ng/OUT/CIRCULARS/TED/2007/FEM.FPC.01.59.07DOC..PDF,81 KB,1203
2007-05-22,Central Bank of Nigeria,circulars,Re: Unutilised Balances of Letters of Credit and Interest on NOSTRO Accounts,,"All Authorised Dealers introduction, WDAS, liberalisation Foreign Exchange Market,unutilised Letters Credit,purchased dealing bank,instead return CBN. Akanji, O. O. (Mrs.) Ted/Fem/Fpc/Gen/01/060/07.",Ted-Fem-Fpc-Gen-01-060-07,https://www.cbn.gov.ng/OUT/CIRCULARS/TED/2007/TED-FEM-FPC-GEN-01-60-07.PDF,72 KB,1202
2007-05-23,Central Bank of Nigeria,circulars,Foreign Exchange Market Auction WDAS No. 61/2007,,"Foreign Exchange Market Auction offers, Wholesale Dutch Auction System (WDAS) Authorised Dealers customers bids,Reuters Dealing 3000 Terminal. B. Musa Ted/Fem/Gen/Fpc/01/61/07.",Ted-Fem-Fpc-Gen-01-61-07,https://www.cbn.gov.ng/OUT/CIRCULARS/TED/2007/FEM.FPC.01.61.07DOC..PDF,206 KB,1201
2007-05-28,Central Bank of Nigeria,circulars,Foreign Exchange Market Auction WDAS No. 37/2007,,"Foreign Exchange Market Auction offers, Wholesale Dutch Auction System (WDAS) Authorised Dealers customers bids,Reuters Dealing 3000 Terminal. B. Musa Ted/Fem/Gen/Fpc/01/63/07.",Ted-Fem-Fpc-Gen-01-63-07,https://www.cbn.gov.ng/OUT/CIRCULARS/TED/2007/FEM.FPC.01.63.07DOC..PDF,204 KB,1199
2007-05-28,Central Bank of Nigeria,circulars,Notice of Meeting on Import Duty Collection Scheme (IDCS),,"Designated Banks Customs Revenue Collection, Inspection Agents Nigeria Customs Service NCS Area Controllers ASYCUDA Project Leader. Import Duty Collection Scheme meeting scheduled Bankers' Committee Conference Hall, CBN, Lagos,Thursday June 7, 2007. ",Ted-Fem-Fpc-Gen-01-064-07,https://www.cbn.gov.ng/OUT/CIRCULARS/TED/2007/TED.FEM.GEN.FPC.01.064.PDF,207 KB,1200
2007-05-30,Central Bank of Nigeria,circulars,Foreign Exchange Market Auction WDAS No. 38/2007,,"Foreign Exchange Market Auction offers, Wholesale Dutch Auction System (WDAS) Authorised Dealers customers bids,Reuters Dealing 3000 Terminal. B. Musa Ted/Fem/Gen/Fpc/01/65/07.",Ted-Fem-Fpc-Gen-01-65-07,https://www.cbn.gov.ng/OUT/CIRCULARS/TED/2007/FEM.FPC.01.65.07DOC..PDF,204 KB,1198
2007-06-04,Central Bank of Nigeria,circulars,Foreign Exchange Market Auction WDAS No. 39/2007,,"Foreign Exchange Market Auction offers, Wholesale Dutch Auction System (WDAS) Authorised Dealers customers bids,Reuters Dealing 3000 Terminal. Akanji, O. O. Ted/Fem/Fpc/Gen/01/67/07.",Ted-Fem-Fpc-Gen-01-67-07,https://www.cbn.gov.ng/OUT/CIRCULARS/TED/2007/FEM.FPC.01.67.07DOC..PDF,81 KB,1196
2007-06-04,Central Bank of Nigeria,circulars,International Conference on Financial System Strategy,,conference fss ,04062007,"https://www.cbn.gov.ng/<A TITLE=""If clicking fails, right click this link and choose to 'Save Target as' to download directly to your computer"" HREF=""../OUT/CIRCULARS/CSD/2007/FSS PRESS RELEASE.PDF",53 KB,1197
2007-06-05,Central Bank of Nigeria,circulars,Year 2007 Fiscal Policy Measures and Tariff Amendments (b),,"All Authorised Dealers, General Public Federal Government approved Fiscal Policy Measures & Tariff Amendments 2007 Fiscal Year details attached 69a. Akanji, O. O. (Mrs) Trade & Exchange Department.",Ted-Fem-Fpc-Gen-01-69-07,https://www.cbn.gov.ng/OUT/CIRCULARS/TED/2007/TED-FEM-FPC-GEN-01-69.PDF,77 KB,1194
2007-06-05,Central Bank of Nigeria,circulars,Year 2007 Fiscal Policy Measures and Tariff Amendments(a),,"Year 2007 Fiscal Policy Measures and Tariff Amendments. Ted/Fem/Fpc/Gen/01/69a/07. Akanji, O. O. (Mrs) Trade & Exchange Department.",Ted-Fem-Fpc-Gen-01-69a-07,https://www.cbn.gov.ng/OUT/CIRCULARS/TED/2007/TED FEM FPC GEN 01 69A.DOC.PDF,300 KB,1195
2007-06-06,Central Bank of Nigeria,circulars,Foreign Exchange Market Auction WDAS No. 40/2007,,"Foreign Exchange Market Auction offers, Wholesale Dutch Auction System (WDAS) Authorised Dealers customers bids,Reuters Dealing 3000 Terminal. Akanji, O. O. Ted/Fem/Fpc/Gen/01/68/07.",Ted-Fem-Fpc-Gen-10-68-07,https://www.cbn.gov.ng/OUT/CIRCULARS/TED/2007/FEM.FPC.01.68.07DOC..PDF,81 KB,1193
2007-06-11,Central Bank of Nigeria,circulars,Foreign Exchange Market Auction WDAS No. 41/2007,,"Foreign Exchange Market Auction offers, Wholesale Dutch Auction System (WDAS) Authorised Dealers customers bids,Reuters Dealing 3000 Terminal. B. Musa Ted/Fem/Gen/Fpc/01/70/07.",Ted-Fem-Fpc-Gen-01-70-07,https://www.cbn.gov.ng/OUT/CIRCULARS/TED/2007/FEM.FPC.01.70.07DOC..PDF,204 KB,1192
2007-06-13,Central Bank of Nigeria,circulars,Foreign Exchange Market Auction WDAS No. 42/2007,,"Foreign Exchange Market Auction offers, Wholesale Dutch Auction System (WDAS) Authorised Dealers customers bids,Reuters Dealing 3000 Terminal. B. Musa Ted/Fem/Gen/Fpc/01/71/07.",Ted-Fem-FPC-Gen-01-71-07,https://www.cbn.gov.ng/OUT/CIRCULARS/TED/2007/FEM.FPC.01.71.07DOC..PDF,204 KB,1191
2007-06-18,Central Bank of Nigeria,circulars,Foreign Exchange Market Auction WDAS No. 43/2007,,"Foreign Exchange Market Auction Offers, Wholesale Dutch Auction System (WDAS) Authorised Dealers Customers bids, Reuters Dealing 3000 Terminal. Akanji, O.O. (Mrs) Ted/Fem/Fpc/Gen/01/072/07.",Ted-Fem-Fpc-Gen-01-072-07,https://www.cbn.gov.ng/OUT/CIRCULARS/TED/2007/FEM.FPC.01.072.07DOC..PDF,81 KB,1190
2007-06-20,Central Bank of Nigeria,circulars,Foreign Exchange Market Auction WDAS No. 44/2007,,"Foreign Exchange Market Auction Offers, Wholesale Dutch Auction System (WDAS) Authorised Dealers Customers bids, Reuters Dealing 3000 Terminal. Akanji, O.O. (Mrs) Ted/Fem/Fpc/Gen/01/073/07 ",Ted/Fem/Fpc/Gen/01/73/07,https://www.cbn.gov.ng/OUT/CIRCULARS/TED/2007/FEM.FPC.01.073.07DOC.PDF,147 KB,1188
2007-06-20,Central Bank of Nigeria,circulars,Foreign Exchange Market Auction WDAS No. 44/2007,,"Foreign Exchange Market Auction offers, Wholesale Dutch Auction System (WDAS) Authorised Dealers customers bids,Reuters Dealing 3000 Terminal. Akanji, O. O. Ted/Fem/Fpc/Gen/01/073/07.",Ted-Fem-Fpc-Gen-01-073-07,https://www.cbn.gov.ng/OUT/CIRCULARS/TED/2007/FEM.FPC.01.073.07DOC..PDF,81 KB,1189
2007-06-22,Central Bank of Nigeria,circulars,Processing Guidelines for Conversion of Existing Community Banks to Microfinance Banks,,"Guidelines, Central Bank of Nigeria, Abuja, Lagos Otherfinancial Institutions Department, OFID, OFIs, cenbank, centralbankofnigeria, provisional, licence, license, documents, directors, reforms, microfinance institutions, microfinance banks, capital, shareholders funds, structure, Board members, feasibility study, business plan, conversion, transformation, incorporation, provisional approval
",OFID-01-2007,https://www.cbn.gov.ng/OUT/CIRCULARS/OFID/2007/OFID-01-2007.PDF,43 KB,1187
2007-06-25,Central Bank of Nigeria,circulars,Foreign Exchange Market Auction WDAS No. 45/2007,,"Foreign Exchange Market Auction offers, Wholesale Dutch Auction System (WDAS) Authorised Dealers customers bids,Reuters Dealing 3000 Terminal.Salako, H. A. Ted/Fem/Fpc/Gen/01/074/07.
",Ted-Fem-Fpc-Gen-01-74-07,https://www.cbn.gov.ng/OUT/CIRCULARS/TED/2007/FEM.FPC.01.74.07DOC..PDF,67 KB,1186
2007-06-26,Central Bank of Nigeria,circulars,Introduction of the New Uniform Customs and Practice (UCP 600) For Documentary Credit,,"All Authorised Dealers,Nigeria Customs Service, Importers, General Public,effective July 1, 2007,Uniform Customs & Practice (UCP 600) documentary Credits operational.All Letters Credit that date subject provisions new UCP 600. Akanji, O. O. (Mrs) Ted/Fem/Fpc/Gen/01/075/07.",Ted-Fem-Fpc-Gen/01/075/07,https://www.cbn.gov.ng/OUT/CIRCULARS/TED/2007/TED-FEM-FPC-GEN-01-075-07.PDF,95 KB,1185
2007-06-27,Central Bank of Nigeria,circulars,Foreign Exchange Market Auction WDAS No. 46/2007,,"Foreign Exchange Market Auction offers, Wholesale Dutch Auction System (WDAS) Authorised Dealers customers bids,Reuters Dealing 3000 Terminal. Akanji, O. O. Ted/Fem/Fpc/Gen/01/076/07.",Ted-Fem-Fpc-Gen-01-76-07,https://www.cbn.gov.ng/OUT/CIRCULARS/TED/2007/FEM.FPC.01.076.07DOC..PDF,81 KB,1184
2007-06-27,Central Bank of Nigeria,circulars,Prudential Ratios for Microfinance Banks,,"Returns format, Microfinance bank, community bank, other financial institution, Abuja, cenbank, centralbankofnigeria, ofi, ofis, ofid, conversion, transformation, rendition, monthly, assets, liabilities, penalty, director, managing director, capital, shareholders funds, capital adequacy ratio, adjusted capital, liquidity ratio, efficiency ratio, profitability, loss, portfolio at risk, PAR, 
",OFID-03-2007,https://www.cbn.gov.ng/OUT/CIRCULARS/OFID/2007/OFID-03-2007.PDF,7 KB,1182
2007-06-27,Central Bank of Nigeria,circulars,Returns Format for Microfinance Banks,,"Returns format, Microfinance bank, community bank, other financial institution, Abuja, cenbank, centralbankofnigeria, ofi, ofis, ofid, conversion, transformation, rendition, monthly, assets, liabilities, penalty, director, managing director, capital, shareholders funds, ",OFID-02-2007,https://www.cbn.gov.ng/OUT/CIRCULARS/OFID/2007/OFID-02-2007.PDF,44 KB,1183
2007-06-28,Central Bank of Nigeria,circulars,Guidelines for Bureaux De Change,,"cenbank, centralbankofnigeria, abuja, lagos, bureau de change, business, naira, dollar, pounds sterling, foreign currency, exchange, capital ,returns, authorised dealer, banks, international, local, airport, traveller, cheques, check, buy, sale, domicile, foreignexchange, operations, money, anti corruption, fderal government of nigeria, us, uk, japan, ghana, london, ikeja",OFID-04-2007,https://www.cbn.gov.ng/OUT/CIRCULARS/OFID/2007/OFID-04-2007.PDF,39 KB,1179
2007-06-28,Central Bank of Nigeria,circulars,Guidelines for Finance Companies,,"cenbank, centralbankofnigeria, abuja, lagos, guidelines, finance companies, equipment leasing, local purchase oder, cheques, checks, capital, nigeria, nigra, nija, naira, kobo, governor, director, business, tinubu, square, centralbusinessdistrict, contractor, agreement, law, supervision, cbn, ofid, parallel, market.",OFID-05-2007,https://www.cbn.gov.ng/OUT/CIRCULARS/OFID/2007/OFID-05-2007.PDF,44 KB,1181
2007-06-28,Central Bank of Nigeria,circulars,Guidelines for Primary Mortgage Institutions,,"primary mortgage institution, cenbank, centralbankofnigeria, nigeria, abuja, lagos kano, kaduna, portharcourt, bureau de change, exchange, capital, naira, kobo, pounds sterling, dollars, governor, liberilisation, supervision, director, housing, loans, deposits, liability, assets, federal mortgage bank, national housing fund, insurance, finance, ",OFID-06-2007,https://www.cbn.gov.ng/OUT/CIRCULARS/OFID/2007/OFID-06-2007.PDF,51 KB,1180
2007-07-02,Central Bank of Nigeria,circulars,Foreign Exchange Market Auction WDAS No. 47/2007,,"Foreign Exchange Market Auction offers, Wholesale Dutch Auction System (WDAS) Authorised Dealers customers bids,Reuters Dealing 3000 Terminal. Akanji, O. O. Ted/Fem/Fpc/Gen/01/078/07.",Ted-Fem-Fpc-Gen-01-78-07,https://www.cbn.gov.ng/OUT/CIRCULARS/TED/2007/FEM.FPC.01.078.07DOC..PDF,81 KB,1178
2007-07-04,Central Bank of Nigeria,circulars,Foreign Exchange Market Auction No. 48/2007,,"Foreign Exchange Market Auction offers, Wholesale Dutch Auction System (WDAS) Authorised Dealers customers bids,Reuters Dealing 3000 Terminal. Akanji, O. O. Ted/Fem/Fpc/Gen/01/079/07.",Ted-Fem-Fpc-Gen-01-79-07,https://www.cbn.gov.ng/OUT/CIRCULARS/TED/2007/FEM.FPC.01.079.07DOC..PDF,81 KB,1177
2007-07-09,Central Bank of Nigeria,circulars,Foreign Exchange Market Auction WDAS No. 49/2007,,"Foreign Exchange Market Auction offers, Wholesale Dutch Auction System (WDAS) Authorised Dealers customers bids,Reuters Dealing 3000 Terminal. Akanji, O. O. Ted/Fem/Fpc/Gen/01/080/07.",Ted-Fem-Fpc-Gen-01-080-07,https://www.cbn.gov.ng/OUT/CIRCULARS/TED/2007/FEM.FPC.01.080.07DOC..PDF,81 KB,1176
2007-07-10,Central Bank of Nigeria,circulars,Rendition of Returns by Bureaux De Change Companies Through eFASS,,"Bureaux De Change Companies (BDCs) directed commence rendition monthly returns due August 2007. Rendition returns format MTR315MTR202DTR217 and MTR305 BDCs electronically eFASS. Akanji, O. O. (Mrs.) Trade & Exchange Department",Ted-Fem-Fpc-Gen-01-082-07,https://www.cbn.gov.ng/OUT/CIRCULARS/TED/2007/TED.FEM.FPC.GEN.01.082.PDF,81 KB,1175
2007-07-11,Central Bank of Nigeria,circulars,Foreign Exchange Market Auction WDAS No. 50/2007,,"Foreign Exchange Market Auction Offers, Wholesale Dutch Auction System (WDAS) Authorised Dealers Customers bids, Reuters Dealing 3000 Terminal. Akanji, O.O.(Mrs) Ted/Fem/Fpc/Gen/01/081/07.",Ted-Fem-Fpc-Gen-01-81-07,https://www.cbn.gov.ng/OUT/CIRCULARS/TED/2007/FEM.FPC.01.081.07DOC..PDF,81 KB,1174
2007-07-16,Central Bank of Nigeria,circulars,Foreign Exchange Market Auction WDAS No.51/2007,,"Foreign Exchange Market Auction Offers, Wholesale Dutch Auction System (WDAS) Authorised Dealers Customers bids, Reuters Dealing 3000 Terminal. I. B. Shettima. Ted/Fem/Fpc/Gen/01/083/07.",Ted-Fem-Fpc-Gen-01-83-07,https://www.cbn.gov.ng/OUT/CIRCULARS/TED/2007/FEM.FPC.01.083.07DOC..PDF,71 KB,1173
2007-07-18,Central Bank of Nigeria,circulars,Foreign Exchange Market Auction WDAS No. 52/2007,,"Foreign Exchange Market Auction Offers, Wholesale Dutch Auction System (WDAS) Authorised Dealers Customers bids, Reuters Dealing 3000 Terminal. Akanji, O.O. (Mrs) Ted/Fem/Fpc/Gen/01/084/07.",Ted-Fem-Fpc-Gen-84-07,https://www.cbn.gov.ng/OUT/CIRCULARS/TED/2007/FEM.FPC.01.084.07DOC..PDF,80 KB,1172
2007-07-19,Central Bank of Nigeria,circulars,Important Notice on the Deadline for Conversion of Existing Community Banks (CBs) to Microfinance Banks (MFBs),,"deadline, circular, community bank, microfinance bank, centralbankofnigeria, cenbank org, abuja, lagos, other financial institutions, department, extension, obasanjo, president, capital, shareholders funds, paid up capital, merger, conversion, director, manager, provisional approval, nigeria, OFIs, OFID, licence, license, CBN, local government, unit MFB, state, losses, profit, asset, liability",OFID-08-2007,https://www.cbn.gov.ng/OUT/CIRCULARS/OFID/2007/OFID-08-2007.PDF,10 KB,1171
2007-07-23,Central Bank of Nigeria,circulars,Foreign Exchange Market Auction WDAS No. 53/2007,,"Foreign Exchange Market Auction Offers, Wholesale Dutch Auction System (WDAS) Authorised Dealers Customers bids, Reuters Dealing 3000 Terminal. Akanji, O.O. (Mrs) Ted/Fem/Fpc/Gen/01/085/07.",Ted-Fem-Fpc-Gen-85-07,https://www.cbn.gov.ng/OUT/CIRCULARS/TED/2007/FEM.FPC.01.085.07DOC..PDF,80 KB,1170
2007-07-25,Central Bank of Nigeria,circulars,Foreign Exchange Market Auction WDAS No. 54/2007,,"Foreign Exchange Market Auction Offers, Wholesale Dutch Auction System (WDAS) Authorised Dealers Customers bids, Reuters Dealing 3000 Terminal. Akanji, O.O. (Mrs) Ted/Fem/Fpc/Gen/01/086/07.",Ted-Fem-Fpc-Gen-86-07,https://www.cbn.gov.ng/OUT/CIRCULARS/TED/2007/FEM.FPC.01.086.07DOC..PDF,80 KB,1168
2007-07-25,Central Bank of Nigeria,circulars,Removal of the Restriction Placed on Importation of Textiles and Articles Thereof Through Designated Ports to Include all Entry Points,,"Further Circular Ted/Fem/Gen/Fpc/01/009 dated November 30, 2006,Authorised Dealers,Service Providers Destination Inspection,General Public informed Government removal restriction approved importation Textile Products Articles Port Entry.Akanji, O. O. (Mrs.) Trade & Exchange Department.",Ted-Fem-Fpc-Gen-01-89-07,https://www.cbn.gov.ng/OUT/CIRCULARS/TED/2007/TED.89.07.PDF,72 KB,1169
2007-07-30,Central Bank of Nigeria,circulars,Foreign Exchange Market Auction WDAS No 55/2007,,"Foreign Exchange Market Auction Offers, Wholesale Dutch Auction System (WDAS) Authorised Dealers Customers bids, Reuters Dealing 3000 Terminal. Akanji, O.O. (Mrs) Ted/Fem/Fpc/Gen/01/090/07.",Ted-Fem-Fpc-Gen-90-07,https://www.cbn.gov.ng/OUT/CIRCULARS/TED/2007/FEM.FPC.01.090.07DOC..PDF,80 KB,1167
2007-07-30,Central Bank of Nigeria,circulars,Notice of Meeting - Re: Financial Institutions' Cross-Border Forex Transaction Reporting,,"Authorised Dealers CBN collaboration Messrs SWIFT sc Brussel deploying software code named ""SWIFTNet FINInform"" Akanji, O. O. (Mrs.) Trade & Exchange Department.",Ted-Fem-Fpc-Gen-01-92-07,https://www.cbn.gov.ng/OUT/CIRCULARS/TED/2007/TED FEM FPC 01 092.PDF,72 KB,1166
2007-07-30,Central Bank of Nigeria,circulars,Standards Organisation of Nigeria Conformity Assessment Programme (SONCAP) - Updated List of Regulated Products,,"Further CircularTed/Fem/Gen/Fpc/01/021 dated February 21,2007,Authorised Dealers,Nigeria Customs Service,Service Providers Destination Inspection,General Public advised changes products SONCAP. Akanji, O. O. (Mrs) Trade & Exchange Department.",Ted-Fem-Fpc-Gen-01-91-07,https://www.cbn.gov.ng/OUT/CIRCULARS/TED/2007/TED.FEM.FPC.GEN.01.091.07.PDF,83 KB,1165
2007-08-01,Central Bank of Nigeria,circulars,Foreign Exchange Market Auction WDAS No.56/2007,,"Foreign Exchange Market Auction Offers, Wholesale Dutch Auction System (WDAS) Authorised Dealers Customers bids, Reuters Dealing 3000 Terminal. Akanji, O.O. (Mrs) Ted/Fem/Fpc/Gen/01/093/07.",Ted-Fem-Fpc-Gen-01-93-07,https://www.cbn.gov.ng/OUT/CIRCULARS/TED/2007/FEM.FPC.01.093.07DOC..PDF,80 KB,1164
2007-08-02,Central Bank of Nigeria,circulars,Request for Information on Person -to -Person Payments,,"Central Bank of Nigeria,Payment Systems Vision 2020,Request for Information,Person to Person Payments,FSS 2020,Fiancial Sector Strategy 2020,CBN,Banking Operations Department, J. K. A. Oleka, Director, BOD.",BOD-GEN-01-07,https://www.cbn.gov.ng/OUT/CIRCULARS/TED/2007/P2P PAYMENTS.PDF,61 KB,1163
2007-08-03,Central Bank of Nigeria,circulars,Notice of Meeting on Import Duty Collection Scheme (IDCs),,"Designated Banks Customs Revenue Collection,Destination Inspection Service Providers,Nigeria Customs Area Controllers ASYCUDA Project Leader,Meeting hold 9th Floor New Building,CBN,Lagos,August 10,2007,11.00 a.m., Akanji, O. O. (Mrs.) Trade & Exchange Department.",Ted-Fem-Fpc-Gen-01-094-07,https://www.cbn.gov.ng/OUT/CIRCULARS/TED/2007/TED.FEM.094.PDF,79 KB,1162
2007-08-06,Central Bank of Nigeria,circulars,Foreign Exchange Market Auction WDAS No.57/2007,,"Foreign Exchange Market Auction Offers, Wholesale Dutch Auction System (WDAS) Authorised Dealers Customers bids, Reuters Dealing 3000 Terminal. Akanji, O.O. (Mrs) Ted/Fem/Fpc/Gen/01/095/07.",Ted-Fem-Fpc-Gen-01-95-07,https://www.cbn.gov.ng/OUT/CIRCULARS/TED/2007/FEM.FPC.01.095.07DOC..PDF,80 KB,1161
2007-08-08,Central Bank of Nigeria,circulars,Foreign Exchange Market Auction WDAS No. 58/2007,,"Foreign Exchange Market Auction Offers, Wholesale Dutch Auction System (WDAS) Authorised Dealers Customers bids, Reuters Dealing 3000 Terminal. Akanji, O.O. (Mrs) Ted/Fem/Fpc/Gen/01/096/07.",Ted-Fem-Fpc-Gen-01-96-07,"https://www.cbn.gov.ng/<A TITLE=""If clicking fails, right click this link and choose to 'Save Target as' to save directly to your computer"" HREF=""../OUT/CIRCULARS/TED/2007/FEM.FPC.01.096.07DOC..PDF",80 KB,1160
2007-08-13,Central Bank of Nigeria,circulars,Foreign Exchange Market Auction WDAS No. 59/2007,,"Foreign Exchange Market Auction Offers, Wholesale Dutch Auction System (WDAS) Authorised Dealers Customers bids, Reuters Dealing 3000 Terminal. Akanji, O.O. (Mrs) Ted/Fem/Fpc/Gen/01/097/07.",Ted-Fem-Fpc-Gen-01-097-07,https://www.cbn.gov.ng/OUT/CIRCULARS/TED/2007/FEM.FPC.01.097.07DOC..PDF,80 KB,1159
2007-08-15,Central Bank of Nigeria,circulars,Foreign Exchange Market Auction WDAS No. 60/2007,,"Foreign Exchange Market Auction offers, Wholesale Dutch Auction System (WDAS) Authorised Dealers customers bids,Reuters Dealing 3000 Terminal. B. Musa Ted/Fem/Gen/Fpc/01/098/07.",Ted-Fem-Fpc-Gen-01-098-07,https://www.cbn.gov.ng/OUT/CIRCULARS/TED/2007/TED.FEM.FPC.01.098.07DOC..PDF,204 KB,1158
2007-08-20,Central Bank of Nigeria,circulars,Foreign Exchange Market Auction WDAS No. 61/2007,,"Foreign Exchange Market Auction Offers, Wholesale Dutch Auction System (WDAS) Authorised Dealers Customers bids, Reuters Dealing 3000 Terminal. Akanji, O.O. (Mrs) Ted/Fem/Fpc/Gen/01/099/07.",Ted-Fem-Fpc-Gen-01-99-07,https://www.cbn.gov.ng/OUT/CIRCULARS/TED/2007/FEM.FPC.01.099.07DOC..PDF,80 KB,1157
2007-08-20,Central Bank of Nigeria,circulars,Notice of Meeting on Import Duty Collection Scheme (IDC),,"Designated Banks Customs Revenue Collection,Destination Inspection Service Providers,Nigeria Customs Area Controllers ASYCUDA Project Leader,Meeting hold Bankers' Committee Conference Hall,CBN,Lagos,August 30,2007,11.00 a.m. Akanji, O. O. (Mrs.) Trade & Exchange Department.",Ted-Fem-Fpc-Gen-01-100-07,https://www.cbn.gov.ng/OUT/CIRCULARS/TED/2007/TED.FEM.100.07DOC.PDF,79 KB,1156
2007-08-20,Central Bank of Nigeria,circulars,Plateau State Hosts the 25th Meeting of the Board of the ACGSF,,"Farm,ACGSF,ACGS,Government,CBN,Central Bank of Nigeria,State,",ACGSF0807,https://www.cbn.gov.ng/OUT/CIRCULARS/DFD/2007/25ACGSFBOARDMEETING.PDF,67 KB,1155
2007-08-21,Central Bank of Nigeria,circulars,"Training Programme on Microfinance Banking from 20th to 29th August, 2007",,"Microfinance,CBN,GTZ,Kaduna,ibadan,owerri, Microfinance Bank",MF0807,https://www.cbn.gov.ng/OUT/CIRCULARS/DFD/2007/MFTRAINING.PDF,62 KB,1154
2007-08-22,Central Bank of Nigeria,circulars,Foreign Exchange Market Auction WDAS No.62/2007,,"Foreign Exchange Market Auction Offers, Wholesale Dutch Auction System (WDAS) Authorised Dealers Customers bids, Reuters Dealing 3000 Terminal. Akanji, O.O. (Mrs) Ted/Fem/Fpc/Gen/01/101/07.",Ted-Fem-Fpc-Gen-01-101-07,https://www.cbn.gov.ng/OUT/CIRCULARS/TED/2007/FEM.FPC.01.101.07DOC..PDF,80 KB,1153
2007-08-27,Central Bank of Nigeria,circulars,Foreign Exchange Market Auction WDAS No. 63/2007,,"Foreign Exchange Market Auction Offers, Wholesale Dutch Auction System (WDAS) Authorised Dealers Customers bids, Reuters Dealing 3000 Terminal. Akanji, O.O. (Mrs) Ted/Fem/Fpc/Gen/01/102/07.",Ted-Fem-Fpc-Gen-01-102-07,https://www.cbn.gov.ng/OUT/CIRCULARS/TED/2007/FEM.FPC.01.102.07DOC..PDF,80 KB,1152
2007-08-29,Central Bank of Nigeria,circulars,Foreign Exchange Market Auction WDAS No. 64/2007,,"Foreign Exchange Market Auction Offers, Wholesale Dutch Auction System (WDAS) Authorised Dealers Customers bids, Reuters Dealing 3000 Terminal. Akanji, O.O. (Mrs) Ted/Fem/Fpc/Gen/01/103/07.",Ted-Fem-Fpc-Gen-01-103-07,https://www.cbn.gov.ng/OUT/CIRCULARS/TED/2007/FEM.FPC.01.103.07DOC..PDF,80 KB,1151
2007-08-29,Central Bank of Nigeria,circulars,Submission of The List of Uncollected Risk Assessment Reports (RARS) by Importers,,"Authorised Dealers attention CBN drawn non-collection original Risk Assessment Report (RARS) importers bank. Akanji, O. O. (Mrs) Trade & Exchange Department.",Ted-Fem-Fpc-Gen-01-104-07,https://www.cbn.gov.ng/OUT/CIRCULARS/TED/2007/TED.01.104.07.PDF,71 KB,1150
2007-08-30,Central Bank of Nigeria,circulars,Suspension from the Foreign Exchange Market Re: Messrs Sahel BDC and Whittis BDC,,"Authorised Dealers Bureaux De Change operators suspended foreign exchange market immediate effect. Akanji, O. O. (Mrs.) Trade & Exchange Department.",Ted-Fem-Fpc-Gen-01-105-07,https://www.cbn.gov.ng/OUT/CIRCULARS/TED/2007/TED.01.105.07.PDF,71 KB,1148
2007-09-03,Central Bank of Nigeria,circulars,Foreign Exchange Market Auction WDAS No. 65/2007,,"Foreign Exchange Market Auction Offers, Wholesale Dutch Auction System (WDAS) Authorised Dealers Customers bids, Reuters Dealing 3000 Terminal. Akanji, O.O. (Mrs) Ted/Fem/Fpc/Gen/01/107/07.",Ted-Fem-Fpc-Gen-01-107-07,https://www.cbn.gov.ng/OUT/CIRCULARS/TED/2007/FEM.FPC.01.107.07DOC..PDF,80 KB,1147
2007-09-05,Central Bank of Nigeria,circulars,Foreign Exchange Market Auction WDAS No. 66/2007,,"Foreign Exchange Market Auction Offers, Wholesale Dutch Auction System (WDAS) Authorised Dealers Customers bids, Reuters Dealing 3000 Terminal. I. B. Shettima. Ted/Fem/Fpc/Gen/01/108/07.",Ted-Fem-Fpc-Gen-01-108-07,https://www.cbn.gov.ng/OUT/CIRCULARS/TED/2007/FEM.FPC.01.108.07DOC..PDF,71 KB,1146
2007-09-06,Central Bank of Nigeria,circulars,Embargo on Foreign Exchange Facilities,,"All Authorised Dealers,General Public, underlisted Companies placed foreign exchange embargo. Akanji, O. O. (Mrs.) Trade & Exchange Department.",Ted-Fem-Fpc-Gen-01-109-07,https://www.cbn.gov.ng/OUT/CIRCULARS/TED/2007/TED.PRC.109.07.PDF,73 KB,1145
2007-09-10,Central Bank of Nigeria,circulars,Foreign Exchange Market Auction WDAS No. 67/2007,,"Foreign Exchange Market Auction Offers, Wholesale Dutch Auction System (WDAS) Authorised Dealers Customers bids, Reuters Dealing 3000 Terminal. Akanji, O.O. (Mrs) Ted/Fem/Fpc/Gen/01/110/07.",Ted-Fem-Fpc-Gen-01-110-07,https://www.cbn.gov.ng/OUT/CIRCULARS/TED/2007/FEM.FPC.01.110.07DOC..PDF,80 KB,1144
2007-09-12,Central Bank of Nigeria,circulars,Foreign Exchange Market Auction WDAS No. 68/2007,,"Foreign Exchange Market Auction Offers, Wholesale Dutch Auction System (WDAS) Authorised Dealers Customers bids, Reuters Dealing 3000 Terminal. Akanji, O.O. (Mrs) Ted/Fem/Fpc/Gen/01/111/07.
",Ted-Fem-Fpc-Gen-111-07,https://www.cbn.gov.ng/OUT/CIRCULARS/TED/2007/FEM.FPC.01.111.07DOC..PDF,80 KB,1143
2007-09-14,Central Bank of Nigeria,circulars,Further Liberalisation of the Foreign Exchange Market,,"Further previous circulars subject,Authorised Dealers,Bureaux de Change,general public advised amendments/reviews. Akanji, O. O. (Mrs.) Trade & Exchange Department.",Ted-Fem-Fpc-Gen-01-112-07,https://www.cbn.gov.ng/OUT/CIRCULARS/TED/2007/TED.FEM.FPC.GEN.01.112.07DOC.PDF,79 KB,1142
2007-09-17,Central Bank of Nigeria,circulars,Foreign Exchange Market Auction WDAS No. 69/2007,,"Foreign Exchange Market Auction Offers, Wholesale Dutch Auction System (WDAS) Authorised Dealers Customers bids, Reuters Dealing 3000 Terminal. Akanji, O.O. (Mrs) Ted/Fem/Fpc/Gen/01/113/07.
",Ted-Fem-Fpc-Gen-01-113-07,https://www.cbn.gov.ng/OUT/CIRCULARS/TED/2007/FEM.FPC.01.113.07DOC..PDF,80 KB,1141
2007-09-19,Central Bank of Nigeria,circulars,Cancellation of Certificate of Capital Importation (CCI),,"Authorised Dealers,general public, Certificate Capital Importation (CCI) declared missing,declared invaid any purpose. Akanji, O. O. (Mrs.) Trade & Exchange Department, Central Bank of Nigeria.
",Ted-Fem-Fpc-Gen-115-07,https://www.cbn.gov.ng/OUT/CIRCULARS/TED/2007/TED-FEM-115-2007.PDF,73 KB,1140
2007-09-19,Central Bank of Nigeria,circulars,Foreign Exchange Market Auction WDAS No. 70/2007,,"Foreign Exchange Market Auction Offers, Wholesale Dutch Auction System (WDAS) Authorised Dealers Customers bids, Reuters Dealing 3000 Terminal. Akanji, O.O. (Mrs) Ted/Fem/Fpc/Gen/01/114/07.",Ted-Fem-Fpc-Gen-01-114-07,https://www.cbn.gov.ng/OUT/CIRCULARS/TED/2007/FEM.FPC.01.114.07DOC..PDF,80 KB,1139
2007-09-24,Central Bank of Nigeria,circulars,Foreign Exchange Market Auction WDAS No. 71/2007,,"Foreign Exchange Market Auction Offers, Wholesale Dutch Auction System (WDAS) Authorised Dealers Customers bids, Reuters Dealing 3000 Terminal. Akanji, O.O. (Mrs) Ted/Fem/Fpc/Gen/01/116/07.",Ted-Fem-Fpc-Gen-01-116-07,https://www.cbn.gov.ng/OUT/CIRCULARS/TED/2007/FEM.FPC.01.116.07DOC..PDF,80 KB,1138
2007-09-26,Central Bank of Nigeria,circulars,Application Form for the Appointment of Custodians as Depository in Money Market Instruments,,"Appointment,Custodians,Depository,Money Market Instruments,Banking Operations Department,BOD,Central Bank of Nigeria,CBN,Director",BOD-Cir-03-07,https://www.cbn.gov.ng/OUT/CIRCULARS/BOD/2007/CUSTODIAN-APPLICATION FORM.PDF,64 KB,1136
2007-09-26,Central Bank of Nigeria,circulars,Appointment of Custodians as Depository in Money Market Instruments,,"Appointment,Custodians,Depository,Money Market Instruments,Instruments,Banking Operations Department,Director,Abuja,Lagos,Central Bank of Nigeria,CBN,BOD",BOD-Cir-02-07,https://www.cbn.gov.ng/OUT/CIRCULARS/BOD/2007/CUSTODIANS CIRCULAR.PDF,25 KB,1135
2007-09-26,Central Bank of Nigeria,circulars,Foreign Exchange Market Auction No. 72/2007,,"Foreign Exchange Market Auction Offers, Wholesale Dutch Auction System (WDAS) Authorised Dealers Customers bids, Reuters Dealing 3000 Terminal. Akanji, O.O. (Mrs) Ted/Fem/Fpc/Gen/01/117/07.",Ted-Fem-Fpc-Gen-01-117-07,https://www.cbn.gov.ng/OUT/CIRCULARS/TED/2007/FEM.FPC.01.117.07DOC..PDF,80 KB,1137
2007-09-27,Central Bank of Nigeria,circulars,Guidelines for the Development of Risk Management Frameworks Individual Risk Elements in Nigerian Banks,,"Guidelines for the Development of Risk Management Frameworks Individual Risk Elements in Nigerian Banks, Banking Supervision,director,central bank,nigeria,CBN,money laundering,BOFIA,CBN ACT,Circulars,Banks,consolidation,",BSD/DIR/CIR/VOL.1/011,https://www.cbn.gov.ng/OUT/CIRCULARS/BSD/2007/CIRCULAR TO ALL BANKS ON RISK MANAGEMENT GUIDELINES SEPT  2007.PDF,12 KB,1134
2007-09-27,Central Bank of Nigeria,circulars,Guidelines for the Development of Risk Management Frameworks for Individual Risk Elements in Nigerian Banks (a),,"Guidelines for the Development of Risk Management Frameworks Individual Risk Elements in Nigerian Banks, Banking Supervision,director,central bank,nigeria,CBN,money laundering,BOFIA,CBN ACT,Circulars,Banks,consolidation,",BSD/DIR/CIR/V1/011a,https://www.cbn.gov.ng/OUT/CIRCULARS/BSD/2007/GUIDELINES FOR INDIVIDUAL RISK ELEMENTS SEPT 2007C.PDF,85 KB,1133
2007-09-28,Central Bank of Nigeria,circulars,Closure of Foreign Exchange Market for Independence Day Celebration,,"Federal Government Declaration Monday 1st October, 2007 public holiday celebration 47th Independence Anniversary. Authorised Dealers informed no Foreign Exchange Market Auction Monday 1st October, 2007. Musa, B. Trade & Exchange Department.",Ted-Fem-Fpc-Gen-01-118-07,https://www.cbn.gov.ng/OUT/CIRCULARS/TED/2007/TED-FEM-118-2007.PDF,169 KB,1132
2007-10-03,Central Bank of Nigeria,circulars,Foreign Exchange Market Auction WDAS No. 73/2007,,"Authorised Dealers,informed no Foreign Exchange Market Auction Wednesday 3rd October, 2007,recent observed weak demand trend Forex Auction. Akanji, O. O. (Mrs.) Trade & Exchnage Department. ",Ted-Fem-Fpc-Gen-01-120-07,https://www.cbn.gov.ng/OUT/CIRCULARS/TED/2007/FEM.FPC.01.120.07DOC..PDF,85 KB,1131
2007-10-08,Central Bank of Nigeria,circulars,Foreign Exchange Market Auction WDAS No. 74/2007,,"Authorised Dealers,informed no Foreign Exchange Market Auction Monday 8th October, 2007,recent observed trend weak demand Forex Auction. I. B. B. Shettima Trade & Exchnage Department. ",Ted-Fem-Fpc-Gen-01-121-07,https://www.cbn.gov.ng/OUT/CIRCULARS/TED/2007/FEM.FPC.01.121.07DOC..PDF,71 KB,1129
2007-10-08,Central Bank of Nigeria,circulars,"Notice of Workshop on Foreign Exchange Management Issues Holding at the Gateway Hotels, Abeokuta, Ogun State, from 29th October to 1st November, 2007",,"All Authorised Dealers,year 2007 Workshop Foreign Exchange Management Issues sheduled, hold Gateway Hotels, Abeokuta, Ogun State,Monday October 29 - Thursday November 1, 2007,Theme: ""Towards Sustainability Foreign Exchange Market Reforms"". I.B.B. Shettima Ted/Fem/Fpc/Gen/01/122/07",Ted-FFem-Fpc-Gen-01-122-07,https://www.cbn.gov.ng/OUT/CIRCULARS/TED/2007/TED.FEM. GEN.1.122.07DOC.PDF,57 KB,1130
2007-10-10,Central Bank of Nigeria,circulars,Foreign Exchange Market Auction WDAS No. 75/2007,,"Foreign Exchange Market Auction Offers, Wholesale Dutch Auction System (WDAS) Authorised Dealers Customers bids, Reuters Dealing 3000 Terminal. I. B. Shettima. Ted/Fem/Fpc/Gen/01/123/07.",Ted-Fem-Fpc-Gen-01-123-07,https://www.cbn.gov.ng/OUT/CIRCULARS/TED/2007/FEM.FPC.01.123.07DOC..PDF,71 KB,1128
2007-10-15,Central Bank of Nigeria,circulars,Foreign Exchange Market Auction WDAS No. 76/2007,,"Foreign Exchange Market Auction Offers, Wholesale Dutch Auction System (WDAS) Authorised Dealers Customers bids, Reuters Dealing 3000 Terminal. Akanji, O.O. (Mrs) Ted/Fem/Fpc/Gen/01/124/07.",Ted-Fem-Fpc-Gen-01-124-07,https://www.cbn.gov.ng/OUT/CIRCULARS/TED/2007/FEM.FPC.01.124.07DOC..PDF,80 KB,1127
2007-10-17,Central Bank of Nigeria,circulars,Foreign Exchange Market Auction WDAS No. 77/2007,,"Foreign Exchange Market Auction Offers, Wholesale Dutch Auction System (WDAS) Authorised Dealers Customers bids, Reuters Dealing 3000 Terminal. Akanji, O.O. (Mrs.) Ted/Fem/Fpc/Gen/01/125/07.",Ted-Fem-Fpc-Gen-01-125-07,https://www.cbn.gov.ng/OUT/CIRCULARS/TED/2007/FEM.FPC.01.125.07DOC..PDF,80 KB,1126
2007-10-19,Central Bank of Nigeria,circulars,"Amendment of the Provisions of Memorandum 15, Section 8 (iii) of the Forex Manual",,"Recent trends software licensing, Authorised Dealers informed provisions Section 8 (iii) Memo 15 Foreign Exchange Manual reviewed forthwith. Akanji, O. O. (Mrs.) Trade & Exchange Department.
",Ted-Fem-Fpc-Gen-01-127-07,https://www.cbn.gov.ng/OUT/CIRCULARS/TED/2007/TED.FEM.127.07.PDF,76 KB,1124
2007-10-19,Central Bank of Nigeria,circulars,Mode of Cash Disbursement and Dress Code for the Representatives of Bureaux De Change Operators.,,"Continued effort improve service delivery,Bureaux De Change (BDCs) operators,changes introduced effective Monday, October 29, 2007. Akanji, O. O. (Mrs) Trade & Exchange Department.  
",Ted-Fem-Fpc-Gen-01-128-07,https://www.cbn.gov.ng/OUT/CIRCULARS/TED/2007/TED.FEM.128.07.PDF,72 KB,1125
2007-10-22,Central Bank of Nigeria,circulars,Foreign Exchange Market Auction WDAS No. 78/2007,,"Foreign Exchange Market Auction Offers, Wholesale Dutch Auction System (WDAS) Authorised Dealers Customers bids, Reuters Dealing 3000 Terminal. Akanji, O.O. (Mrs.) Ted/Fem/Fpc/Gen/01/126/07.",Ted-Fem-Fpc-Gen-126-07,https://www.cbn.gov.ng/OUT/CIRCULARS/TED/2007/FEM.FPC.01.126.07DOC..PDF,80 KB,1123
2007-10-23,Central Bank of Nigeria,circulars,Notice of Meeting on Import Duty Collection Scheme (IDCs),,"Designated Banks Customs Revenue Collection,Destination Inspection Service Providers,Nigeria Customs Area Controllers ASYCUDA Project Leader,Meeting hold Main Auditorium,CBN,Abuja,November 2, 2007,11.00 a.m. Akanji, O. O. (Mrs.) Trade & Exchange Department ",Ted-Fem-Fpc-130-07,https://www.cbn.gov.ng/OUT/CIRCULARS/TED/2007/TED.FEM.130.07.PDF,74 KB,1122
2007-10-24,Central Bank of Nigeria,circulars,Foreign Exchange Market Auction WDAS No. 79/2007,,"Authorised Dealers,informed no Foreign Exchange Market Auction Wednesday 24th October, 2007,recent observed weak demand trend Forex Auction. Akanji, O. O. (Mrs.) Trade & Exchnage Department. ",Ted-Fem-Fpc-Gen-01-129-07,https://www.cbn.gov.ng/OUT/CIRCULARS/TED/2007/FEM.FPC.01.129.07DOC..PDF,80 KB,1120
2007-10-24,Central Bank of Nigeria,circulars,Year 2007 Muslim Pilgrims: Purchase of Personal Travel Allowance (PTA) in Saudi Riyal Travellers' Cheques (SRTCs),,"Authorised Dealers,general public,notified,arrangements 2007 Hajj operations,Federal Government approved concessionary exchange rate N120.00 to US$1 Personal Travel Allowance (PTA) 2007 Muslim pilgrims. Akanji, O. O. (Mrs.) Trade & Exchange Department.",Ted-Fem-Fpc-Gen-131-07,https://www.cbn.gov.ng/OUT/CIRCULARS/TED/2007/TED.FEM.GEN.131. 2007.PDF,75 KB,1121
2007-10-29,Central Bank of Nigeria,circulars,Foreign Exchange Market Auction WDAS No. 80/2007,,"Authorised Dealers,informed no Foreign Exchange Market Auction Monday 29th October, 2007,recent observed weak demand trend Forex Auction. Akanji, O. O. (Mrs.) Trade & Exchnage Department. ",Ted-Fem-Fpc-Gen-01-132-07,https://www.cbn.gov.ng/OUT/CIRCULARS/TED/2007/FEM.FPC.01.132.07DOC..PDF,80 KB,1119
2007-10-31,Central Bank of Nigeria,circulars,Guidelines for the Appointment of Independent Directors,,"BSD,circular,guidelines,appointment,independent, directors,banking,supervision,central bank,nigeria,deposit,banks,corporate,governance,code,shareholders,interest,interna,control,board,non-executive,executive,top management,cama,bofia",BSD/DIR/GEN/CIR/V.1/013,https://www.cbn.gov.ng/OUT/CIRCULARS/BSD/2007/GUIDELINES FOR THE APPOINTMENT OF INDEPENDENT DIRECTORS.PDF,62 KB,1118
2007-11-01,Central Bank of Nigeria,circulars,Sensitization Seminar on The Nigerian Export Supervision Scheme,,,ted-01-11-2007,https://www.cbn.gov.ng/OUT/CIRCULARS/CSD/2007/TED PRESS RELEASE.PDF,14 KB,1117
2007-11-05,Central Bank of Nigeria,circulars,Foreign Exchange Market Auction WDAS No. 81/2007,,"Foreign Exchange Market Auction Offers, Wholesale Dutch Auction System (WDAS) Authorised Dealers Customers bids, Reuters Dealing 3000 Terminal. Akanji, O.O. (Mrs.) Ted/Fem/Fpc/Gen/01/133/07.",Ted-Fem-Fpc-Gen-01-133-07,https://www.cbn.gov.ng/OUT/CIRCULARS/TED/2007/FEM.FPC.01.133.07DOC..PDF,80 KB,1116
2007-11-05,Central Bank of Nigeria,circulars,Foreign Exchange Market Auction WDAS No. 82/2007,,"Authorised Dealers,informed no Foreign Exchange Market Auction Monday 5th November, 2007,recent observed weak demand trend Forex Auction. Akanji, O. O. (Mrs.) Trade & Exchnage Department. ",Ted-Fem-Fpc-Gen-01-134-07,https://www.cbn.gov.ng/OUT/CIRCULARS/TED/2007/FEM.FPC.01.134.07DOC..PDF,81 KB,1115
2007-11-06,Central Bank of Nigeria,circulars,Reduction in the Period for Submission of the Statutory Returns to the CBN and NDIC,,"The deployment of the Data Submission System (DSS) of the electronic Financial Analysis and Surveillance System (e-FASS) in all banks and discount houses, has led to the automation of data extraction for the purpose of returns rendition thus, requiring less effort by banks and discount houses to submit their statutory returns.

In view of the above and the need to provide timely information to the regulatory authorities, the period for the submission of statutory returns to the CBN and NDIC has been reduced to fall due as follows:

1.	Daily Returns 	On or before 3:00 p.m. of the following  working day  	
2.	Weekly Returns 	On or before 3:00 p.m. of the second working day of the following week 	
3.	Mid-Monthly Returns 	On or before 3:00 p.m. of the following working day	

4.	Monthly, Quarterly and Semi-Annual Returns - Should be submitted on or before the 5th day after the month end. Where the 5th day happens to be a week end or a public holiday, returns should be submitted on the previous working day.

This Circular takes immediate effect and please NOTE that non-compliance with the specified periods would attract appropriate sanctions.

O.I.IMALA
DIRECTOR OF BANKING SUPERVISION 
",BSD/DIR/GEN/CIR/VOL.1/014,https://www.cbn.gov.ng/OUT/CIRCULARS/BSD/2007/CIRCULAR ON RETURNS RENDITION.PDF,10 KB,1114
2007-11-07,Central Bank of Nigeria,circulars,Foreign Exchange Market Auction WDAS No. 83/2007,,"Foreign Exchange Market Auction offers, Wholesale Dutch Auction System (WDAS) Authorised Dealers customers bids,Reuters Dealing 3000 Terminal. B. Musa Ted/Fem/Gen/Fpc/01/135/07.",Ted-Fem-Fpc-Gen-01-135-07,https://www.cbn.gov.ng/OUT/CIRCULARS/TED/2007/TED.FEM.FPC.01.135.07DOC..PDF,204 KB,1113
2007-11-12,Central Bank of Nigeria,circulars,Compliance with Know Your Customer (KYC) Requirements and Banks Weekly Money Laundering Reports to the NFIU Using Xml Schema Template,,"BSD/DIR/GEN/CIR/VOL.1/015,November 8,2007,CIRCULAR TO BANKS AND,OTHER FINANCIAL INSTITUTIONS 
Compliance with Know Your Customer (KYC) Requirements and Banks Weekly Money Laundering Reports to the NFIU Using Xml Schema Template,All banks and other financial institutions operating in Nigeria are by this circular reminded of the need to ensure full compliance with customer identification requirements in line with Section 3 of Money Laundering Prohibition Act, 2004, CBN KYC Directive, 2001 and KYC Manual, 2003,Accordingly, banks and other financial institutions are required to demand and obtain complete identification information /evidence from all their customers (existing and intending). This will enable the banks to render effective money laundering (ML) returns to the Nigerian Financial intelligence Unit (NFIU) through the XML Schema Template currently being used by them to render ML returns. Consequently, where customers fail to cooperate with the banks/institutions, they should suspend further transaction on such account(s) until full compliance is achieved,This directive is to be complied with within two weeks from the date of this circular, failing which appropriate sanctions will be imposed on erring banks,O.I.IMALA,DIRECTOR OF,BANKING SUPERVISION
",BSD/DIR/GEN/CIR/VOL.1/015,https://www.cbn.gov.ng/OUT/CIRCULARS/BSD/2007/COMPLIANCE WITH KNOW YOUR CUSTOMER (KYC) REQUIREMENTS AND BANKS WEEKLY MONEY LAUNDERING REPORTS TO THE NFIU USING XML SCHEMA TEMPLATE.PDF,9 KB,1112
2007-11-12,Central Bank of Nigeria,circulars,Foreign Exchange Market Auction WDAS No. 84/2007,,"Foreign Exchange Market Auction Offers, Wholesale Dutch Auction System (WDAS) Authorised Dealers Customers bids, Reuters Dealing 3000 Terminal. Salako, H. A. Ted/Fem/Fpc/Gen/01/136/07.",Ted-Fem-Fpc-Gen-01-136-07,https://www.cbn.gov.ng/OUT/CIRCULARS/TED/2007/FEM.FPC.01.136.07DOC..PDF,67 KB,1111
2007-11-14,Central Bank of Nigeria,circulars,Foreign Exchange Market Auction WDAS No. 85/2007,,"Foreign Exchange Market Auction Offers, Wholesale Dutch Auction System (WDAS) Authorised Dealers Customers bids, Reuters Dealing 3000 Terminal. Akanji, O. O. (Mrs.) Ted/Fem/Fpc/Gen/01/137/07.",Ted-Fem-Fpc-Gen-01-137-07,https://www.cbn.gov.ng/OUT/CIRCULARS/TED/2007/FEM.FPC.01.137.07DOC..PDF,80 KB,1110
2007-11-14,Central Bank of Nigeria,circulars,"Format iro Forms M importation PMS, AGO and DPK 2003 to date",,"Format iro Forms M importation PMS, AGO and DPK 2003 to date",Ted-Fem-Fpc-Gen-01-138-07b,https://www.cbn.gov.ng/OUT/CIRCULARS/TED/2007/TED.FEM.FPC.GEN.01.138.07B.PDF,8 KB,1109
2007-11-14,Central Bank of Nigeria,circulars,"Request for a List of Customers who Imported PMS, AGO and DPK from Year 2003 Till Date",,"All Authorised Dealers, forward list customers,established Forms M importation PMS,AGOand DPK 2003 to date",Ted-Fem-Fpc-Gen-01-138-07,https://www.cbn.gov.ng/OUT/CIRCULARS/TED/2007/TED.FEM.FPC.GEN.01.138.07.PDF,81 KB,1108
2007-11-19,Central Bank of Nigeria,circulars,Foreign Exchange Market Auction WDAS No. 86/2007,,"Foreign Exchange Market Auction Offers, Wholesale Dutch Auction System (WDAS) Authorised Dealers Customers bids, Reuters Dealing 3000 Terminal. Akanji, O. O. (Mrs.) Ted/Fem/Fpc/Gen/01/139/07.
",Ted-Fem-Fpc-Gen-01-139-07,https://www.cbn.gov.ng/OUT/CIRCULARS/TED/2007/FEM.FPC.01.139.07DOC..PDF,80 KB,1107
2007-11-20,Central Bank of Nigeria,circulars,Circular To All Banks- Bank Mergers & Acquisitions,,"Banks, mergers & Acquisitions,CentralbankofNigeria,financial,systems,consolidation,CBN,banking,Directors,compliance,banking,shareholders,institutions,companiesandAlliedmatters,Act,1990,banking systems,developments,merge,supervision,department,circular",BSD/DIR/GEN/CIR/VOL.1/017,https://www.cbn.gov.ng/OUT/CIRCULARS/BSD/2007/CIRCULAR TO ALL BANKS - BANK MERGERS AND ACQUISITIONS.PDF,134 KB,1106
2007-11-21,Central Bank of Nigeria,circulars,Foreign Exchange Market Auction WDAS No. 87/2007,,"Foreign Exchange Market Auction Offers, Wholesale Dutch Auction System (WDAS) Authorised Dealers Customers bids, Reuters Dealing 3000 Terminal. Akanji, O.O. (Mrs.) Ted/Fem/Fpc/Gen/01/140/07.",Ted-Fem-Fpc-Gen-01-140-07,https://www.cbn.gov.ng/OUT/CIRCULARS/TED/2007/FEM.FPC.01.140.07DOC..PDF,80 KB,1105
2007-11-26,Central Bank of Nigeria,circulars,Foreign Exchange Market Auction WDAS No. 88/2007,,"Foreign Exchange Market Auction Offers, Wholesale Dutch Auction System (WDAS) Authorised Dealers Customers bids, Reuters Dealing 3000 Terminal. Akanji, O.O. (Mrs.) Ted/Fem/Fpc/Gen/01/141/07.",Ted-Fem-Fpc-Gen-01-141-07,https://www.cbn.gov.ng/OUT/CIRCULARS/TED/2007/FEM.FPC.01.141.07DOC..PDF,80 KB,1104
2007-11-28,Central Bank of Nigeria,circulars,Foreign Exchange Market Auction WDAS No. 89/2007,,"Foreign Exchange Market Auction Offers, Wholesale Dutch Auction System (WDAS) Authorised Dealers Customers bids, Reuters Dealing 3000 Terminal. I. B. B. Shettima Ted/Fem/Fpc/Gen/01/142/07.",Ted-Fem-Fpc-Gen-01-142-07,https://www.cbn.gov.ng/OUT/CIRCULARS/TED/2007/FEM.FPC.01.142.07DOC..PDF,71 KB,1103
2007-12-03,Central Bank of Nigeria,circulars,Foreign Exchange Market Auction WDAS No. 90/2007,,"Foreign Exchange Market Auction Offers, Wholesale Dutch Auction System (WDAS) Authorised Dealers Customers bids, Reuters Dealing 3000 Terminal. Akanji, O.O. (Mrs.) Ted/Fem/Fpc/Gen/01/143/07.",Ted-Fem-Fpc-Gen-01-143-07,https://www.cbn.gov.ng/OUT/CIRCULARS/TED/2007/FEM.FPC.01.143.07DOC..PDF,80 KB,1101
2007-12-03,Central Bank of Nigeria,circulars,Global Depository Receipts (GDRs) and Certificate of Capital Importation (CCI) Issuance,,"Successful completion first phase Reforms banking sector, Authorised Dealers, issuance Global Depository Receipts (GDRs) principally raising capital. Akanji, O. O. (Mrs.) Trade & Exchange Department.
",Ted-Fem-Fpc-Gen-01-144-07,https://www.cbn.gov.ng/OUT/CIRCULARS/TED/2007/TED.FEM.FPC.GEN.01.144.07.PDF,80 KB,1102
2007-12-05,Central Bank of Nigeria,circulars,Circular to Government Revenue Collecting Banks - Ensuring Timely Remitance of Government Revenue by Deposit Money Banks,,"Circular,Government revenue,collecting banks,deposit money banks,CBN,Banking Operations Department,BOD,Central Bank of Nigeria,FAAC,NNPC,Federation Account Allocation Committee,Nigeria National Petroleun Corporation",BOD/DIR/CIR/2007/GEN/03/001,https://www.cbn.gov.ng/OUT/CIRCULARS/BOD/2007/CIRCULAR - TIMELY REMIT OF GOVT REV BY BANKS.PDF,67 KB,1098
2007-12-05,Central Bank of Nigeria,circulars,"Co-ordination of Trade and Exchange Department, Appointment of An Acting Director",,"Following retirement Mrs. O. O. Akanji Services Central Bank of Nigeria, Authorised Dealers, Authorised Buyers, General Public informed Mr. Batari Musa appointed Acting Director, Trade & Exchange Department,effective December 6, 2007.",Ted-Fem-Fpc-Gen-01-146-07,https://www.cbn.gov.ng/OUT/CIRCULARS/TED/2007/FEM.FPC.01.146.07DOC..PDF,80 KB,1100
2007-12-05,Central Bank of Nigeria,circulars,Foreign Exchange Market Auction WDAS No. 91/2007,,"Foreign Exchange Market Auction Offers, Wholesale Dutch Auction System (WDAS) Authorised Dealers Customers bids, Reuters Dealing 3000 Terminal. Akanji, O.O. (Mrs.) Ted/Fem/Fpc/Gen/01/145/07.",Ted-Fem-Fpc-Gen-01-145-07,https://www.cbn.gov.ng/OUT/CIRCULARS/TED/2007/FEM.FPC.01.145.07DOC..PDF,85 KB,1099
2007-12-10,Central Bank of Nigeria,circulars,Foreign Exchange Market Auction WDAS No. 92/2007,,"Foreign Exchange Auction No 92/2007 of Monday December 10, 2007 ",TED/FEM/FPC/GEN/01/14,https://www.cbn.gov.ng/OUT/CIRCULARS/TED/2007/WDAS CIRCULAR 922007 OF 101207.PDF,69 KB,1097
2007-12-10,Central Bank of Nigeria,circulars,Harmonisation of Job Titles in the Banking Industry,,"BSD,CIRCULAR,TO,ALL,BANKS, DISCOUNT HOUSES,Harmonization,of,Job,Titles,in,the,Banking,Industry,Some,banks,designate,their,personnel,top,management,staff,titles,public,authority,responsibility,simplicity and comparison across banks, it has become necessary to harmonise such designations with those already well known. Accordingly the Central Bank of Nigeria has approved the harmonisation of job titles in the banking industry as follows,Conventional,titles,acceptable EquivalentManaging Director / CEO	Managing Director/ CEO	
2	Deputy Managing Director	Deputy Managing Director	
3	Executive Director	Executive Director	
4	General Manager	Senior Vice President	
5	Deputy General Manager	Vice President	
6	Assist. General Manager	Assistant Vice President	
7	Principal Manager	Principal Manager	
8	Senior Manager	Senior Executive Associate	

Banks are reminded to note that section 5.2.2 of the Code of Corporate Governance for Banks disallows the creation of the position of Executive Vice-Chairman and requires that the position of the Chairman of the Board must be separate and distinct from that of the Chief Executive Officer.
Titles like “Group Director” or “Regional Director” are also not permitted designations in the banking industry.

All institutions are to note that this directive takes effect from the date of this circular


O.I.IMALA
DIRECTOR OF BANKING SUPERVISION
",BSD/DIR/GEN/CIR/VOL.1/018,https://www.cbn.gov.ng/OUT/CIRCULARS/BSD/2007/HARMONISATION OF JOB TITLES IN THE BANKING INDUSTRY.PDF,67 KB,1096
2007-12-12,Central Bank of Nigeria,circulars,The CBN Act 2007,,CBN ACT,Gov-Cir-12/12/2007,https://www.cbn.gov.ng/OUT/CIRCULARS/CSD/2007/CBN ACT 2007.PDF,897 KB,1095
2007-12-14,Central Bank of Nigeria,circulars,Closure of Foreign Exchage Market Auction for 2007,,"Closure of 2007 Foreign Exchange Market with effect from Tuesday December 18, 2007 and will be re-open on January 7, 2008.",TED/FEM/FPC/GEN/01/149,https://www.cbn.gov.ng/OUT/CIRCULARS/TED/2007/CIRCULAR FOR CLOE OF 2007 FROEX MARKET.PDF,80 KB,1094
2007-12-17,Central Bank of Nigeria,circulars,Final Notice on the Deadline for the Conversion of Existing Community Banks to Microfinance Banks,,"Final Notice, Community Banks, Microfinance Banks, Directors, Chairmen, General Public, Re-capitalisation, shareholders funds, minimum capita, twenty million naira, N20 million, close shop, develomemnt associations, statement of assets liabilities, creditors, debtors, evidence, cenbank, central bank of nigeria, Abuja, Lagos, other financial institutions department, OFID, OFIs, CBN, MFBs, CBs, Banks, December, 31st, year 2007, ",OFID-09-2007,https://www.cbn.gov.ng/OUT/CIRCULARS/OFID/2007/OFID-09-2007.PDF,40 KB,1091
2007-12-17,Central Bank of Nigeria,circulars,"NOTICE OF MEETING ON THE MODALITIES OF CASH DISBURSEMENT TO BUREAUX DE CHANGE OPERATORS 
NOTICE OF MEETING ON THE MODALITIES OF CASH DISBURSEMENT TO BUREAUX DE CHANGE OPERATORS 
",,"Meeting with Banks and Bureaux de Change operators in Lagos and Abuja areas to hold at the Auditorium, Central Bank of Nigeria, Abuja on Tuesday December 18, 2007 at 10.00 am prompt signed by B. Musa, Ag. Director, Trade and Exchange Department.
",TED/FEM/FPC/GEN/01/15`,https://www.cbn.gov.ng/OUT/CIRCULARS/TED/2007/TED.FEM.GE.FPC.01.151. MEETING.PDF,96 KB,1093
2007-12-17,Central Bank of Nigeria,circulars,Notice to Microfinance Banks on Brand Name and Display of Licence,,"Notice, publication, microfinance bank, community bank, twenty million naira, N20 million, shareholders, minimum capital, Assets and Liabilities, conversion, Central Bank of Nigeria, CBN, cenbank, banknet, minimum requirement, provisional approval, brand name, letter-headed paper, sign-boards, instruments, BOFIA, Nigeria, CBN Headquarters, CAC, Corporate Affairs Commission, confusion, 
",OFID-10-2007,https://www.cbn.gov.ng/OUT/CIRCULARS/OFID/2007/OFID-10-2007.PDF,34 KB,1092
2007-12-21,Central Bank of Nigeria,circulars,CBN Classifies FGN Bonds As Liguid Assets,,FGN Bonds Liquid,BOD-21-12-2007,https://www.cbn.gov.ng/OUT/CIRCULARS/CSD/2007/FGNBONDSLIQUIFIED.PDF,82 KB,1088
2007-12-21,Central Bank of Nigeria,circulars,List of Community Banks that have Closed Shop or Consistently Failed to Render Statutory Returns,,"Important Notice, Chairmen, Directors, Shareholders, Managers, Staff Community Banks, Cbs, Closed Shop, Consistently, Failed, Render, Statutory Returns, General Public, cbn, central bank of nigeria, centralbankofnigeria, cenbank, otherfinancial institutions department, ofid, ofis, other financial institutions department, lagos, abuja, microfinance bank, mfbs, nigeria, states, federal, federation.",OFID-12-2007,https://www.cbn.gov.ng/OUT/CIRCULARS/OFID/2007/OFID-12-2007.PDF,48 KB,1090
2007-12-21,Central Bank of Nigeria,circulars,Notice to Community Banks that have Closed Shop or Consistently Failed to Render Statutory Returns and the General Public.,,"Important Notice, Chairmen, Directors, Shareholders, Managers, Staff, Community Banks, Closed Shop, Consistently, Failed, Render, Statutory Returns, General Public, central bank of Nigeria, cenbank, other financial institutions department, ofid, ofis, Abuja, Lgos, BOFIA, CBN, 31st December, 2007, December, month, financial system,Microfinance policy, regulatory, supervisory,warning, ceasation,depositors, creditors, assets, liabilities, list, ",OFID-11-2007,https://www.cbn.gov.ng/OUT/CIRCULARS/OFID/2007/OFID-11-2007.PDF,42 KB,1089
2008-01-02,Central Bank of Nigeria,circulars,Circular to All Deposit Money Banks and Discount Houses: Harmonisation of Participants' Codes on the CIFTS Database at CBN and Participants' TAD,,"Circular, Deposit Money Banks,DMBs,CIFTS,TAD,CBN,Central Bank of Nigeria,Banking Operations Department,Participants,database,harmonisation,codes,discount houses,banks,Director,Inter-bank Funds Transfer,IT",BOD/CIR/02/2008,https://www.cbn.gov.ng/OUT/CIRCULARS/BOD/2008/CIRCULAR TO DMBS & DHS-HARMONISATION OF CODES ON CIFTS.PDF,61 KB,1087
2008-01-04,Central Bank of Nigeria,circulars,Relocation of Dealing Room in Lagos,,"Relocation of dealing room in Lagos office to room 504, 5th floor CBN old Building, Lagos. Signed: B. Musa. Trade and Exchange Department, CBN",TED/FEM/FPC/GEN/01/001,https://www.cbn.gov.ng/OUT/CIRCULARS/TED/2008/CIRCULAR FOR RELOCATION OF LAGOS DEALING ROOM.PDF,238 KB,1086
2008-01-07,Central Bank of Nigeria,circulars,Foreign Exchange Market Auction WDAS No. 01/2008,,"Foreign Exchange Market Auction offers, Wholesale Dutch Auction System (WDAS) Authorised Dealers customers bids,Reuters Dealing 3000 Terminal. B. Musa Ted/Fem/Gen/Fpc/01/002/08.",Ted-Fem-Fpc-Gen-01-002-08,https://www.cbn.gov.ng/OUT/CIRCULARS/TED/2008/TED.FEM.FPC.01.002.08DOC..PDF,204 KB,1085
2008-01-09,Central Bank of Nigeria,circulars,Circular to All CBN Inter-bank Funds Transfer System (CIFTS) Particpants ,,"Director, Banking Operations Department,CIFTS,CBN,Central Bank Inter-bank Funds Transfer System,Central Bank of Nigeria,TIB,current account,settlement account",BOD/CIR/01/2008,https://www.cbn.gov.ng/OUT/CIRCULARS/BOD/2008/CIRCULAR TO ALL CIFTS PARTICIPANTS.PDF,60 KB,1084
2008-01-09,Central Bank of Nigeria,circulars,Foreign Exchange Market Auction WDAS No. 02/2008,,"Foreign Exchange Market Auction offers, Wholesale Dutch Auction System (WDAS) Authorised Dealers customers bids,Reuters Dealing 3000 Terminal. B. Musa Ted/Fem/Gen/Fpc/01/003/08.",Ted-Fem-Fpc-Gen-01-003-08,https://www.cbn.gov.ng/OUT/CIRCULARS/TED/2008/TED.FEM.FPC.01.003.08DOC..PDF,204 KB,1083
2008-01-14,Central Bank of Nigeria,circulars,Foreign Exchange Market Auction WDAS No. 03/2008,,"Foreign Exchange Market Auction Offers, Wholesale Dutch Auction System (WDAS) Authorised Dealers Customers bids, Reuters Dealing 3000 Terminal. Salako, H. A. Ted/Fem/Fpc/Gen/01/004/08.",Ted-Fem-Fpc-Gen-01-004-08,https://www.cbn.gov.ng/OUT/CIRCULARS/TED/2008/FEM.FPC.01.004.08DOC..PDF,67 KB,1082
2008-01-16,Central Bank of Nigeria,circulars,Foreign Exchange Market Auction WDAS No. 04/2008,,"Foreign Exchange Market Auction offers, Wholesale Dutch Auction System (WDAS) Authorised Dealers customers bids,Reuters Dealing 3000 Terminal. B. Musa Ted/Fem/Gen/Fpc/01/005/08.",Ted-Fem-Fpc-Gen-01-005-08,https://www.cbn.gov.ng/OUT/CIRCULARS/TED/2008/TED.FEM.FPC.01.005.08DOC..PDF,204 KB,1081
2008-01-21,Central Bank of Nigeria,circulars,Foreign Exchange Market Auction WDAS No. 5/2008,,"Foreign Exchange Market Auction offers, Wholesale Dutch Auction System (WDAS) Authorised Dealers customers bids,Reuters Dealing 3000 Terminal. B. Musa Ted/Fem/Gen/Fpc/01/006/08.",Ted-Fem-Fpc-Gen-01-006/08,https://www.cbn.gov.ng/OUT/CIRCULARS/TED/2008/TED.FEM.FPC.01.006.08DOC..PDF,204 KB,1080
2008-01-22,Central Bank of Nigeria,circulars,Guidelines For The Payment of Refund of Excess Paris Club Debt,,"Circular,Guidelines,Payment,Refund,Excess,Paris Club,States,Debt,Disbursement,Excess Crude,2007,",FOD/DIR/FMF/SEC/02/03,https://www.cbn.gov.ng/OUT/CIRCULARS/FOD/2008/REFUND OF EXCESS PARIS CLUB DEBT.PDF,427 KB,1079
2008-01-23,Central Bank of Nigeria,circulars,Foreign Exchange Market Auction WDAS No. 06/2008,,"Foreign Exchange Market Auction offers, Wholesale Dutch Auction System (WDAS) Authorised Dealers customers bids,Reuters Dealing 3000 Terminal. B. Musa Ted/Fem/Gen/Fpc/01/007/08.",Ted-Fem-Fpc-Gen-01-007-08,https://www.cbn.gov.ng/OUT/CIRCULARS/TED/2008/TED.FEM.FPC.01.007.08DOC..PDF,204 KB,1078
2008-01-23,Central Bank of Nigeria,circulars,Year 2007 Christian Pilgrimage: Purchase of Pilgrims Travelling Allowance,,"Authorised Dealers,general public,Federal Governemnt approved maximum 25,000 Christian holy pilgrimage Israel. Governement approved minimum US$750.00,maximum US$1,500.00 each intending pilgrim PTA. B. Musa Trade & Exchange Department. ",Ted-Fem-Fpc-Gen-01-008-08,https://www.cbn.gov.ng/OUT/CIRCULARS/TED/2008/TED.FEM.FPC.GEN.01.008.08.PDF,208 KB,1077
2008-01-24,Central Bank of Nigeria,circulars,Public Notice On Payment Of Private Sector Depositors Of The 14 Banks That Had Their Licenses Revoked On 16 January 2006,,"Depositors,CBN,Nigeria,Deposit,Insurance,Banks,organisation,consolidation,private,resolution,NDIC,citizens,Nigeria,banking,failed,banks,corporation,trapped,produced,closure,revoked,money,month,assets,liabilities,liquidation,ownership,paid,program,defunct,purchase,assumption.
",BSD/DIR/GEN/VOL.1/005,https://www.cbn.gov.ng/OUT/CIRCULARS/BSD/2008/PUBLIC NOTICE ON PAYMENT OF PRIVATE SECTOR DEPOSITORS OF THE 14 BANKS THAT HAD THEIR LICENSES REVOKED ON 16 JANUARY 2006.PDF,143 KB,1076
2008-01-28,Central Bank of Nigeria,circulars,Foreign Exchange Market Auction WADS No. 07/2008,,"Foreign Exchange Market Auction offers, Wholesale Dutch Auction System (WDAS) Authorised Dealers customers bids,Reuters Dealing 3000 Terminal. B. Musa Ted/Fem/Gen/Fpc/01/009/08.",Ted-Fem-Fpc-Gen-01-009-08,https://www.cbn.gov.ng/OUT/CIRCULARS/TED/2008/TED.FEM.FPC.01.009.08DOC..PDF,204 KB,1075
2008-01-30,Central Bank of Nigeria,circulars,Foreign Exchange Market Auction WDAS No. 08/2008,,"Foreign Exchange Market Auction offers, Wholesale Dutch Auction System (WDAS) Authorised Dealers customers bids,Reuters Dealing 3000 Terminal. B. Musa Ted/Fem/Gen/Fpc/01/010/08.",Ted-Fem-Fpc-Gen-01-010-08,https://www.cbn.gov.ng/OUT/CIRCULARS/TED/2008/TED.FEM.FPC.01.010.08DOC..PDF,204 KB,1074
2008-02-04,Central Bank of Nigeria,circulars,Foreign Exchange Market Auction WDAS No. 09/2008,,"Foreign Exchange Market Auction offers, Wholesale Dutch Auction System (WDAS) Authorised Dealers customers bids,Reuters Dealing 3000 Terminal. B. Musa Ted/Fem/Gen/Fpc/01/011/08.",Ted-Fem-Fpc-Gen-01-011-08,https://www.cbn.gov.ng/OUT/CIRCULARS/TED/2008/TED.FEM.FPC.01.011.08DOC..PDF,204 KB,1071
2008-02-04,Central Bank of Nigeria,circulars,Notice to the Managing Directors/CEOs of Microfinance Banks on Non-Rendition of Monthly Returns and Other Matters,,"microfinance bank, special notice, community banks, central bank of nigeria, lagos, abuja, centralbankofnigeria, cenbank, ofid, other financial institutions, minimum capita,l conversion, efcc, economic and financial crimes commission, debt, indebtedness, newspapers, blacklist, supervision, regulation, directorship, management, internet, mfb, cb, circular, prosecution, canvassing, deposit, interest rate, primary mortgage institutions, deposit-taking institutions, companies, BOFIA, contravention, advertising, dividends, licences, display,premises, name, corporate affair commission, font-style, font-size, guidelines, cacrendition of returns, compliance, provosional approval, managing director, central, bank, act, decree, law,
",OFID-01-2008,https://www.cbn.gov.ng/OUT/CIRCULARS/OFID/2008/OFID-01-2008.PDF,60 KB,1073
2008-02-04,Central Bank of Nigeria,circulars,Renewal of Authorised Dealership Licence,,"Authorised Dealers reminded tenor current Authorised Dealership licence expires February 17, 2008,required renewal effective that date. B. Musa Trade & Exchange Department.
",Ted-Fem-Fpc-Gen-01-012-08,https://www.cbn.gov.ng/OUT/CIRCULARS/TED/2008/TED.FEM.FPC.GEN.01.012.08.PDF,210 KB,1072
2008-02-04,Central Bank of Nigeria,circulars,Round-Table Discussion on Foreign Exchange Managment Issues,,"Effort towards addressing issues ongoing liberalisation Foreign Exchange Market,Round-Table Discussion Forum scheduled 9.00 a.m. February 8, 2008,Protea Hotel,Lekki, Lagos. B. Musa Trade & Exchange Department.",Ted-Fem-Fpc-Gen-01-013-08,https://www.cbn.gov.ng/OUT/CIRCULARS/TED/2008/TED.FEM.FPC.GEN.01.013.08.PDF,208 KB,1070
2008-02-06,Central Bank of Nigeria,circulars,Foreign Exchange Market Auction WDAS No. 10/2008,,"Foreign Exchange Market Auction offers, Wholesale Dutch Auction System (WDAS) Authorised Dealers customers bids,Reuters Dealing 3000 Terminal. B. Musa Ted/Fem/Gen/Fpc/01/014/08.",Ted-Fem-Fpc-Gen-01-014-08,https://www.cbn.gov.ng/OUT/CIRCULARS/TED/2008/TED.FEM.FPC.01.014.08DOC..PDF,204 KB,1067
2008-02-06,Central Bank of Nigeria,circulars,Notice of Meeting on Import Duty Collection Scheme (IDCs),,"Designated Banks for Customs Revenue Collection, Destination Inspection Service Proveders and the Nigeria Customs Service (including NCS Area Controllers and the ASYCUDA Project Leader), Import Duty Collection meeting Conference Hall, CBN, Abeokuta Friday 22, 2008,11.00 a.m. prompt. B. Musa, Trade & Exchange Department.",Ted-Fem-Fpc-Gen-01-015-08,https://www.cbn.gov.ng/OUT/CIRCULARS/TED/2008/TED.FEM.FPC.GEN.01.015.08.PDF,207 KB,1069
2008-02-06,Central Bank of Nigeria,circulars,Year: 2007 Christian Pilgrimage: Purchase of Pilgrims Travelling Allowance,,"Further circular TED/FEM/FPC/GEN/01/008/08 of 23/1/2008,Autherised Dealers notified addtional Pilgrims list various States. B. Musa Trade & Exchange Department.
",Ted-Fem-Fpc-Gen-01-016-08,https://www.cbn.gov.ng/OUT/CIRCULARS/TED/2008/TED-FEM-GEN-FPC-01-016-08.PDF,214 KB,1068
2008-02-11,Central Bank of Nigeria,circulars,Foreign Exchange Market Auction WDAS No.11/2008,,"Authorised Dealers,informed no Foreign Exchange Market Auction Monday 11th February, 2008,recent observed weak demand trend Forex Auction. B. Musa Trade & Exchnage Department. ",Ted-Fem-Fpc-Gen-01-017-08,https://www.cbn.gov.ng/OUT/CIRCULARS/TED/2008/FEM.FPC.01.017.08DOC..PDF,206 KB,1066
2008-02-11,Central Bank of Nigeria,circulars,Re: Year 2007 Christian Pilgrimage: Purchase of Pilgrims Travelling Allowance,,"Further circular TED/FEM/FPC/GEN/01/008/08 of 23/1/2008,Autherised Dealers notified addtional Pilgrims list various States.Ted/Fem/Fpc/Gen/01/018/08.  B. Musa Trade & Exchange Department.",Ted-Fem-Fpc-Gen-01-018-08,https://www.cbn.gov.ng/OUT/CIRCULARS/TED/2008/TED-FEM-GEN-FPC-01-018-08.PDF,210 KB,1065
2008-02-18,Central Bank of Nigeria,circulars,Foreign Exchange Market Auction WDAS No. 13/2008,,"Authorised Dealers,informed no Foreign Exchange Market Auction Monday 18th February, 2008,recent observed weak demand trend Forex Auction. B. Musa Trade & Exchnage Department. ",Ted-Fem-Fpc-Gen-01-019-08,https://www.cbn.gov.ng/OUT/CIRCULARS/TED/2008/FEM.FPC.01.019.08DOC..PDF,206 KB,1064
2008-02-20,Central Bank of Nigeria,circulars,Foreign Exchange Market Auction WDAS No. 14/2008,,"Authorised Dealers,informed no Foreign Exchange Market Auction Wednesday 20th February, 2008,recent observed weak demand trend Forex Auction. B. Musa Trade & Exchnage Department. ",Ted-Fem-Fpc-Gen-01-020.08,https://www.cbn.gov.ng/OUT/CIRCULARS/TED/2008/FEM.FPC.01.020.08DOC..PDF,206 KB,1063
2008-02-21,Central Bank of Nigeria,circulars,Standard Organisation of Nigeria Conformity Assessment Programme (SONCAP) - Addition of New Regulated Products,,"Further Circulars TED/FEM/GEN/FPC/01/021of 21/2 and TED/FEM/GEN/FPC/01/091 30/7/2007,Authorised Dealers,General Public informed underlisted products added regulated products DONCAP. B. Musa Trade & Exchange Department.",Ted-Fem-Fpc-Gen-01-021-08,https://www.cbn.gov.ng/OUT/CIRCULARS/TED/2008/TED.FEM.021.08.PDF,215 KB,1062
2008-02-25,Central Bank of Nigeria,circulars,Foreign Exchange Market Auction WDAS No. 15/2008,,"Authorised Dealers,informed no Foreign Exchange Market Auction Wednesday 25th February, 2008,recent observed weak demand trend Forex Auction. B. Musa Trade & Exchnage Department. ",Ted-Fem-Fpc-Gen-01-022-08,https://www.cbn.gov.ng/OUT/CIRCULARS/TED/2008/FEM.FPC.01.022.08DOC..PDF,206 KB,1060
2008-02-25,Central Bank of Nigeria,circulars,RE: Moderation of Interest Rates,,"Moderation of interest rates,mpr,monetary policy rate,minimum rediscount rate,mrr,cbn,banks,circular,lending rates,interest,monetary policy management",BSD/DIR/GEN/CIR/VOL.1/001,https://www.cbn.gov.ng/OUT/CIRCULARS/BSD/2008/CIRCULAR ON INTEREST RATE 2008.PDF,9 KB,1061
2008-02-27,Central Bank of Nigeria,circulars,Foreign Exchange Market Auction WDAS No. 16/2008,,"Authorised Dealers,informed no Foreign Exchange Market Auction Wednesday 27th February, 2008,recent observed weak demand trend Forex Auction. B. Musa Trade & Exchnage Department. 
",Ted-Fem-Fpc-Gen-01-023-08,https://www.cbn.gov.ng/OUT/CIRCULARS/TED/2008/FEM.FPC.01.023.08DOC..PDF,206 KB,1059
2008-03-03,Central Bank of Nigeria,circulars,Foreign Exchange Market Auction WDAS No. 17/2008,,"Authorised Dealers,informed no Foreign Exchange Market Auction Monday 3rd March, 2008,recent observed weak demand trend Forex Auction. B. Musa Trade & Exchnage Department. 

",Ted-Fem-Fpc-Gen-01-024-08,https://www.cbn.gov.ng/OUT/CIRCULARS/TED/2008/FEM.FPC.01.024.08DOC..PDF,206 KB,1058
2008-03-04,Central Bank of Nigeria,circulars,Re: Year 2007 Christian Pilgrimage - Purchase of Pilgrims' Travelling Allowance,,"Further circular TED/FEM/FPC/GEN/01/008/08 of 23/1/2008,Autherised Dealers notified addtional Pilgrims list various States.Ted/Fem/Fpc/Gen/01/018/08.  B. Musa Trade & Exchange Department.
",Ted-Fem-Fpc-Gen-01-025-08,https://www.cbn.gov.ng/OUT/CIRCULARS/TED/2008/TED-FEM-GEN-FPC-01-025-08.PDF,211 KB,1057
2008-03-05,Central Bank of Nigeria,circulars,"Foreign Exchange Market Auction WDAS No. 18/2008
",,"Foreign Exchange Market Auction offers, Wholesale Dutch Auction System (WDAS) Authorised Dealers customers bids,Reuters Dealing 3000 Terminal. B. Musa Ted/Fem/Gen/Fpc/01/026/08.",Ted-Fem-Fpc-Gen-01-026-08,https://www.cbn.gov.ng/OUT/CIRCULARS/TED/2008/TED.FEM.FPC.01.026.08DOC..PDF,204 KB,1056
2008-03-06,Central Bank of Nigeria,circulars,Workshop on the Implementation of the Destination Inspection,,"Invite Authorised Dealers,Service Providers,Workshop,Implementation Destination Inspection Scheme,Nigeria. Tuesday 11th March 2008,Eko Hotels, Victoria Island,Lagos,9.00 a.m. prompt. B. Musa, Trade & Exchange Department.",Ted-Dir-Gen-Trg-Vol.1.005.08,https://www.cbn.gov.ng/OUT/CIRCULARS/TED/2008/TED.GEN.TRG.005.08.PDF,210 KB,1055
2008-03-10,Central Bank of Nigeria,circulars,Foreign Exchange Market Auction WDAS No. 19/2008,,"Authorised Dealers,informed no Foreign Exchange Market Auction Monday 10th March, 2008,recent observed weak demand trend Forex Auction. B. Musa Trade & Exchnage Department. ",Ted-Fem-Fpc-Gen-01-027-08,https://www.cbn.gov.ng/OUT/CIRCULARS/TED/2008/FEM.FPC.01.027.08DOC..PDF,208 KB,1054
2008-03-12,Central Bank of Nigeria,circulars,Foreign Exchange Market Auction WDAS No. 20/2008,,"Authorised Dealers,informed no Foreign Exchange Market Auction Wednesday 12th March, 2008,recent observed weak demand trend Forex Auction. B. Musa Trade & Exchnage Department. ",Ted-Fem-Fpc-Gen-01-028-08,https://www.cbn.gov.ng/OUT/CIRCULARS/TED/2008/FEM.FPC.01.028.08DOC..PDF,207 KB,1053
2008-03-17,Central Bank of Nigeria,circulars,Foreign Exchange Market Auction  WDAS No. 21/2008,,"Authorised Dealers,informed no Foreign Exchange Market Auction Monday 17th March 2008,recent observed weak demand trend Forex Auction. B. Musa Trade & Exchnage Department. ",Ted-Fem-01-Fpc-Gen-029-08,https://www.cbn.gov.ng/OUT/CIRCULARS/TED/2008/FEM.FPC.01.029.08DOC..PDF,207 KB,1052
2008-03-17,Central Bank of Nigeria,circulars,"List of Authorised Signatories of Trade & Exchange Department, Central Bank of Nigeria, Abuja",,"Authorised Dealers,current authorised signatories Trade & Exchange Department, Central Bank of Nigeria, Abuja. B. Musa, Trade & Exchange Department.
",Ted-Fem-Fpc-Gen-01-030-08,https://www.cbn.gov.ng/OUT/CIRCULARS/TED/2008/TED-FEM-030-2008.PDF,206 KB,1051
2008-03-26,Central Bank of Nigeria,circulars,Foreign Exchange Market Auction WDAS No. 22/2008,,"Authorised Dealers,informed no Foreign Exchange Market Auction Wednesday 26th March 2008,recent observed weak demand trend Forex Auction. B. Musa Trade & Exchnage Department. ",Ted-Fem-Fpc-Gen-01-031-08,https://www.cbn.gov.ng/OUT/CIRCULARS/TED/2008/FEM.FPC.01.031.08DOC..PDF,207 KB,1050
2008-03-27,Central Bank of Nigeria,circulars,Re: Year 2007 Christian Pilgrimage: Purchase of Pilgrims Travelling Allowance,,Further circular TED/FEM/FPC/GEN/01/008/08 of 23/1/08.Authorised Dealers notified additional list Pilgrims Ondo State. B. Musa Trade & Exchange Department.,Ted-Fem-Fpc-Gen-01-032-08,https://www.cbn.gov.ng/OUT/CIRCULARS/TED/2008/TED-FEM-GEN-FPC-01-032-08.PDF,209 KB,1049
2008-03-31,Central Bank of Nigeria,circulars,Foreign Exchange Market Auction WDAS No. 23/2008,,"Foreign Exchange Market Auction offers, Wholesale Dutch Auction System (WDAS) Authorised Dealers customers bids,Reuters Dealing 3000 Terminal. B. Musa Ted/Fem/Gen/Fpc/01/033/08.",Ted-Fem-Fpc-Gen-01-033-08,https://www.cbn.gov.ng/OUT/CIRCULARS/TED/2008/TED.FEM.FPC.01.033.08DOC..PDF,203 KB,1048
2008-04-01,Central Bank of Nigeria,circulars,Circular to All Banks - Clearing at the New CBN Currency Centres,,"CBN,Central Bank of Nigeria,BOD,Banking Operations Department,Abuja,Clearing at the New CBN Currency Centres,Circular,Lokoja,Asaba,Gombe,Awka,Umuahia,Osogbo",BOD/CIR/03/2008,https://www.cbn.gov.ng/OUT/CIRCULARS/BOD/2008/CIRCULAR TO ALL BANKS - CLEARING AT THE NEW CBN CURRENCY CENTRES.PDF,48 KB,1045
2008-04-01,Central Bank of Nigeria,circulars,Circular to All Banks: Clearing at the New CBN Currency Centres,,"Central Bank of Nigeria,CBN,Banking Operations Department,BOD,Clearing,Circular to All Banks,Clearing at the New CBN Currency Centres,Awka,Osogbo,Asaba,Umuahis,Lokoja,Gombe,Branches,Director,Abuja,Nigeria",BOD/CIR/04/2008,https://www.cbn.gov.ng/OUT/CIRCULARS/BOD/2008/CIRCULAR TO ALL BANKS_ CLEARING AT THE NEW CBN CURRENCY CENTRES.PDF,48 KB,1046
2008-04-01,Central Bank of Nigeria,circulars,Circular to All Banks: Clearing at the New CBN Currency Centres,,"CBN,Central Bank of Nigeria,Banking Operations Department,Currency Centre,Awka,Lokoja,Umuahia,Asaba,Osogbo,Gombe,Clearing,Clearing House,Bank,Circular,BOD",BOD/CIR/GEN/01/2008,https://www.cbn.gov.ng/OUT/CIRCULARS/BOD/2008/CIRCULAR ON CLEARING HOUSE.PDF,48 KB,1047
2008-04-02,Central Bank of Nigeria,circulars,Foreign Exchange Market Auction WDAS No. 24/2008,,"Authorised Dealers,informed no Foreign Exchange Market Auction Wednesday 2nd April 2008,recent observed weak demand trend Forex Auction. B. Musa Trade & Exchnage Department. ",Ted-Fem-Fpc-Gen-01-034-08,https://www.cbn.gov.ng/OUT/CIRCULARS/TED/2008/FEM.FPC.01.034.08DOC..PDF,207 KB,1044
2008-04-07,Central Bank of Nigeria,circulars,Foreign Exchange Market Auction WDAS No. 25/2008,,"Authorised Dealers,informed no Foreign Exchange Market Auction Monday 7th April 2008,recent observed weak demand trend Forex Auction. B. Musa Trade & Exchnage Department. ",Ted-Fem-Fpc-Gen-01-035-08,https://www.cbn.gov.ng/OUT/CIRCULARS/TED/2008/FEM.FPC.01.035.08DOC..PDF,207 KB,1043
2008-04-09,Central Bank of Nigeria,circulars,Foreign Exchange Market Auction WDAS No. 36/2008,,"Authorised Dealers,informed no Foreign Exchange Market Auction Wednesday 9th April 2008,recent observed weak demand trend Forex Auction. B. Musa Trade & Exchnage Department. ",Ted-Fem-Fpc-Gen-01-036-08,https://www.cbn.gov.ng/OUT/CIRCULARS/TED/2008/FEM.FPC.01.036.08DOC..PDF,212 KB,1042
2008-04-14,Central Bank of Nigeria,circulars,Foreign Exchange Market Auction WDAS No. 27/2008,,"Authorised Dealers,informed no Foreign Exchange Market Auction Monday 14th April 2008,recent observed weak demand trend Forex Auction. B. Musa Trade & Exchnage Department.",Ted-Fem-Fpc-Gen-01-037-08,https://www.cbn.gov.ng/OUT/CIRCULARS/TED/2008/FEM.FPC.01.037.08DOC..PDF,207 KB,1041
2008-04-16,Central Bank of Nigeria,circulars,Foreign Exchange Market Auction WDAS No. 28/2008,,"Authorised Dealers,informed no Foreign Exchange Market Auction Wednesday 16th April 2008,recent observed weak demand trend Forex Auction. B. Musa Trade & Exchnage Department.",Ted-Fem-Fpc-Gen-01-038-08,https://www.cbn.gov.ng/OUT/CIRCULARS/TED/2008/FEM.FPC.01.038.08DOC..PDF,207 KB,1040
2008-04-21,Central Bank of Nigeria,circulars,Foreign Exchange Market Auction WDAS No. 29/2008,,"Authorised Dealers,informed no Foreign Exchange Market Auction Monday 21st April 2008,recent observed weak demand trend Forex Auction. B. Musa Trade & Exchnage Department.
",Ted-Fem-Fpc-Gen-01-039-08,https://www.cbn.gov.ng/OUT/CIRCULARS/TED/2008/FEM.FPC.01.039.08DOC..PDF,205 KB,1039
2008-04-23,Central Bank of Nigeria,circulars,Foreign Exchange Market Auction WDAS No. 30/2008,,"Authorised Dealers,informed no Foreign Exchange Market Auction Wednesday 23rd April 2008,recent observed weak demand trend Forex Auction. I. B. B. Shetimma Trade & Exchnage Department.",Ted-Fem-Fpc-Gen-01-040-08,https://www.cbn.gov.ng/OUT/CIRCULARS/TED/2008/FEM.FPC.01.040.08DOC..PDF,72 KB,1038
2008-04-28,Central Bank of Nigeria,circulars,Foreign Exchange Market Auction WDAS No. 31/2008,,"Authorised Dealers,informed no Foreign Exchange Market Auction Monday 28th April 2008,recent observed weak demand trend Forex Auction. H. A. Salako Trade & Exchnage Department.

",Ted-Fem-Fpc-Gen-01-041-08,https://www.cbn.gov.ng/OUT/CIRCULARS/TED/2008/FEM.FPC.01.041.08DOC..PDF,68 KB,1037
2008-04-29,Central Bank of Nigeria,circulars,HARMONISATION OF CLEARING CYCLE TO THREE WORKING DAYS,,"CLEARING CYCLE HARMONISATION UPCOUNTRY CHEQUES
",BOD/DIR/CIR/2008/GEN/03/011,https://www.cbn.gov.ng/OUT/CIRCULARS/BOD/2008/3DAYSCLEARING.PDF,77 KB,1036
2008-04-30,Central Bank of Nigeria,circulars,Foreign Exchange Market Auction WDAS No. 32/2008,,"Authorised Dealers,informed no Foreign Exchange Market Auction Wednesday 30th April 2008,recent observed weak demand trend Forex Auction. I. B. B. Shetimma Trade & Exchnage Department.",Ted-Fem-Fpc-Gen-01-042-08,https://www.cbn.gov.ng/OUT/CIRCULARS/TED/2008/FEM.FPC.01.042.08DOC..PDF,72 KB,1035
2008-05-05,Central Bank of Nigeria,circulars,Foreign Exchange Market Auction WDAS No. 33/2008,,"Foreign Exchange Market Auction offers, Wholesale Dutch Auction System (WDAS) Authorised Dealers customers bids,Reuters Dealing 3000 Terminal. B. Musa Ted/Fem/Gen/Fpc/01/043/08.",Ted-Fem-Fpc-Gen-01-043-08,https://www.cbn.gov.ng/OUT/CIRCULARS/TED/2008/TED.FEM.FPC.01.043.08DOC..PDF,204 KB,1034
2008-05-07,Central Bank of Nigeria,circulars,Foreign Exchange Market Auction WDAS No. 34/2008,,"Authorised Dealers,informed no Foreign Exchange Market Auction Wednesday 7th May, 2008,recent observed weak demand trend Forex Auction. B. Musa Trade & Exchnage Department.",Ted-Fem-Fpc-Gen-01-044-08,https://www.cbn.gov.ng/OUT/CIRCULARS/TED/2008/FEM.FPC.01.044.08DOC..PDF,207 KB,1033
2008-05-12,Central Bank of Nigeria,circulars,Foreign Exchange Market Auction WDAS No. 35/2008,,"Foreign Exchange Market Auction offers, Wholesale Dutch Auction System (WDAS) Authorised Dealers customers bids,Reuters Dealing 3000 Terminal. B. Musa Ted/Fem/Gen/Fpc/01/045/08.",Ted-Fem-Fpc-Gen-01-045-08,https://www.cbn.gov.ng/OUT/CIRCULARS/TED/2008/TED.FEM.FPC.01.045.08DOC..PDF,205 KB,1032
2008-05-14,Central Bank of Nigeria,circulars,Foreign Exchange Market Auction WDAS No. 36/2008,,"Foreign Exchange Market Auction offers, Wholesale Dutch Auction System (WDAS) Authorised Dealers customers bids,Reuters Dealing 3000 Terminal. B. Musa Ted/Fem/Gen/Fpc/01/046/08.
",Ted-Fem-Fpc-Gen-01-046-08,https://www.cbn.gov.ng/OUT/CIRCULARS/TED/2008/TED.FEM.FPC.01.046.08DOC..PDF,205 KB,1031
2008-05-15,Central Bank of Nigeria,circulars,Circular To All Banks and Discount Houses on Common Accounting Year End,,"Circular,banks,discount houses,common acounting year,year end,s.27 & 28 of bofia 1991, audited accounts,may 2008,
",BSD/DIR/GEN/CIR/VOL.2/004,https://www.cbn.gov.ng/OUT/CIRCULARS/BSD/2008/COMMONACCTYEAR.PDF,40 KB,1030
2008-05-19,Central Bank of Nigeria,circulars,Foreign Exchange Market Auction WDAS No. 047/2008,,"Foreign Exchange Market Auction offers, Wholesale Dutch Auction System (WDAS) Authorised Dealers customers bids,Reuters Dealing 3000 Terminal. B. Musa Ted/Fem/Gen/Fpc/01/047/08.
",Ted-Fem-Fpc-Gen-01-047-08,https://www.cbn.gov.ng/OUT/CIRCULARS/TED/2008/TED.FEM.FPC.01.047.08DOC..PDF,205 KB,1029
2008-05-21,Central Bank of Nigeria,circulars,Foerign Exchange Market Auction WDAS No. 38/2008,,"Foreign Exchange Market Auction offers, Wholesale Dutch Auction System (WDAS) Authorised Dealers customers bids,Reuters Dealing 3000 Terminal. B. Musa Ted/Fem/Gen/Fpc/01/048/08.",Ted-Fem-Fpc-Gen-01-048-08,https://www.cbn.gov.ng/OUT/CIRCULARS/TED/2008/TED.FEM.FPC.01.048.08DOC..PDF,205 KB,1028
2008-05-22,Central Bank of Nigeria,circulars,RE: Suspension from the Foreign Exchange Market: Messrs Sahel BDC and Whittis BDC ,,"Authorised Dealers,general public suspension Foreign Exchange Market Bureaux De Change opersators lifted. Ted/Fem/Fpc/Gen/01/049 B. Musa, Trade & Exchange Department.",Ted-Fem-Fpc-Gen-01-049-08,https://www.cbn.gov.ng/OUT/CIRCULARS/TED/2008/TED FEM GEN FPC.049.PDF,231 KB,1027
2008-05-26,Central Bank of Nigeria,circulars,Foreign Exchange Market Auction WDAS No.39/2008 ,,"Foreign Exchange Market Auction offers, Wholesale Dutch Auction System (WDAS) Authorised Dealers customers bids,Reuters Dealing 3000 Terminal. B. Musa Ted/Fem/Gen/Fpc/01/050/08.",Ted-Fem-Fpc-Gen-01-050-08,https://www.cbn.gov.ng/OUT/CIRCULARS/TED/2008/TED.FEM.FPC.01.050.08DOC..PDF,205 KB,1026
2008-05-28,Central Bank of Nigeria,circulars,Foreign Exchange Market Auction WDAS No. 40/2008,,"Foreign Exchange Market Auction offers, Wholesale Dutch Auction System (WDAS) Authorised Dealers customers bids,Reuters Dealing 3000 Terminal. B. Musa Ted/Fem/Gen/Fpc/01/051/08.",Ted-Fem-Fpc-Gen-01-051-08,https://www.cbn.gov.ng/OUT/CIRCULARS/TED/2008/TED.FEM.FPC.01.051.08DOC..PDF,205 KB,1025
2008-06-02,Central Bank of Nigeria,circulars,Foreign Exchange Market Auction WDAS No. 41/2008,,"Foreign Exchange Market Auction offers, Wholesale Dutch Auction System (WDAS) Authorised Dealers customers bids,Reuters Dealing 3000 Terminal. B. Musa Ted/Fem/Gen/Fpc/01/052/08.",Ted-Fem-Fpc-Gen-01-052-08,https://www.cbn.gov.ng/out/circulars/ted/2008/ted.fem.fpc.01.052.08doc..pdf,205161,1024
2008-06-04,Central Bank of Nigeria,circulars,Foreign Exchange Market Auction WDAS No. 42/2008,,"Foreign Exchange Market Auction offers, Wholesale Dutch Auction System (WDAS) Authorised Dealers customers bids,Reuters Dealing 3000 Terminal. B. Musa Ted/Fem/Gen/Fpc/01/053/08.",Ted-Fem-Fpc-Gen-01-053-08,https://www.cbn.gov.ng/out/circulars/ted/2008/ted.fem.fpc.01.053.08doc..pdf,204742,1023
2008-06-09,Central Bank of Nigeria,circulars,Foreign Exchange Market Auction WDAS No. 54/2008,,"Foreign Exchange Market Auction offers, Wholesale Dutch Auction System (WDAS) Authorised Dealers customers bids,Reuters Dealing 3000 Terminal. B. Musa Ted/Fem/Gen/Fpc/01/054/08.",Ted-Fem-Fpc-Gen-01-054-08,https://www.cbn.gov.ng/out/circulars/ted/2008/ted.fem.fpc.01.054.08doc..pdf,204722,1021
2008-06-09,Central Bank of Nigeria,circulars,Seminar on Uniform Rules for Demand Guarantee (URDG),,"Successful review,amendment,Uniform Customs Practice,International Chambers Commerce review,amend Uniform Rules Demand Guarantee (URDG) B. Musa Trade & Exchange Department.",Ted-Fem-Fpc-Gen-01-055-08,https://www.cbn.gov.ng/out/circulars/ted/2008/ted-fem-fpc-gen-01-055-08.pdf,198881,1022
2008-06-11,Central Bank of Nigeria,circulars,Foreign Exchange Market Auction No. 44/2008,,"Foreign Exchange Market Auction offers, Wholesale Dutch Auction System (WDAS) Authorised Dealers customers bids,Reuters Dealing 3000 Terminal. B. Musa Ted/Fem/Gen/Fpc/01/056/08.",Ted-Fem-Fpc-Gen-01-056-08,https://www.cbn.gov.ng/out/circulars/ted/2008/ted.fem.fpc.01.056.08doc..pdf,204720,1020
2008-06-16,Central Bank of Nigeria,circulars,Foreign Exchange Market Auction WDAS No. 45/2008,,"Foreign Exchange Market Auction offers, Wholesale Dutch Auction System (WDAS) Authorised Dealers customers bids,Reuters Dealing 3000 Terminal. B. Musa Ted/Fem/Gen/Fpc/01/057/08.",Ted-Fem-Fpc-Gen-01-057-08,https://www.cbn.gov.ng/out/circulars/ted/2008/ted.fem.fpc.01.057.08doc..pdf,204742,1019
2008-06-18,Central Bank of Nigeria,circulars,"Amendment of the Provisions of Memorandum 10, Section 5 (iv) of the Foreign Exchange Manual",,"Authorised Dealers, General Public, informed, provisions, Section 5 (iv) second, paragraph, Memorandum 10, Foreign Exchange Manual,reviewed B. Musa,Trade & Exchange Department. ",Ted-Fem-Fpc-Gen-01-058-08,https://www.cbn.gov.ng/out/circulars/ted/2008/ted.fem.gen.fpc.01.058.08c.pdf,231149,1016
2008-06-18,Central Bank of Nigeria,circulars,Foreign Exchange Market Auction WDAS No. 46/2008,,"Foreign Exchange Market Auction offers, Wholesale Dutch Auction System (WDAS) Authorised Dealers customers bids,Reuters Dealing 3000 Terminal. B. Musa Ted/Fem/Gen/Fpc/01/059/08.",Ted-Fem-Fpc-Gen-01-059-08,https://www.cbn.gov.ng/out/circulars/ted/2008/ted.fem.fpc.01.059.08doc..pdf,204721,1017
2008-06-18,Central Bank of Nigeria,circulars,Re: Seminar on Uniform Rules for Demand Guarantee (URDG),,"Further,circular TED/FEM/FPC/GEN/01/05 9/6/08,seminar postponed,logistic problem. B. Musa Trade & Exchange Department.",Ted-Fem-Fpc-Gen-01-060-08,https://www.cbn.gov.ng/out/circulars/ted/2008/ted.fem.060.08doc.pdf,221023,1018
2008-06-23,Central Bank of Nigeria,circulars,Foreign Exchange Market Auction WDAS No. 47/2008,,"Foreign Exchange Market Auction offers, Wholesale Dutch Auction System (WDAS) Authorised Dealers customers bids,Reuters Dealing 3000 Terminal. B. Musa Ted/Fem/Gen/Fpc/01/061/08.",Ted-Fem-Fpc-Gen-01-061-08,https://www.cbn.gov.ng/out/circulars/ted/2008/ted.fem.fpc.01.061.08doc..pdf,204693,1015
2008-06-25,Central Bank of Nigeria,circulars,Foreign Exchange Market Auction WDAS No. 62/2008,,"Foreign Exchange Market Auction offers, Wholesale Dutch Auction System (WDAS) Authorised Dealers customers bids,Reuters Dealing 3000 Terminal. I. B. B. Shettima Ted/Fem/Gen/Fpc/01/062/08.",Ted-Fem-Fpc-Gen-01-062-08,https://www.cbn.gov.ng/out/circulars/ted/2008/fem.fpc.01.062.08doc..pdf,71458,1014
2008-06-27,Central Bank of Nigeria,circulars,List of Current Authorised Signatories,,"Authorised Dealers, Deatination Inspection Service Providers,forward current list,Authorsed Signatories,on or before 15/7/2008. B. Musa Trade & Exchange Department.",Ted-Fem-Fpc-Gen-01-063-08,https://www.cbn.gov.ng/out/circulars/ted/2008/ted.fem.063.pdf,205944,1013
2008-06-30,Central Bank of Nigeria,circulars,Foreign Exchange Market Auction WDAS No. 49/2008,,"Foreign Exchange Market Auction offers, Wholesale Dutch Auction System (WDAS) Authorised Dealers customers bids,Reuters Dealing 3000 Terminal. B. Musa Ted/Fem/Gen/Fpc/01/064/08.",Ted-Fem-Fpc-Gen-01-064-08,https://www.cbn.gov.ng/out/circulars/ted/2008/ted.fem.fpc.01.064.08doc..pdf,204742,1012
2008-06-30,Central Bank of Nigeria,circulars,Inclusion of Ilorin International Airport in the Destination Inspection of Imports Scheme,,"Athorised Dealers,Service Providers Destination Inspection Imports,Nigeria Customs Service,general public,Federal Government,approved effective 17/6/2008 inclusion Ilorin International Airport,Destination Inspection Imports Scheme. B. Musa Trade & Exchan",Ted-Fem-Fpc-Gen-01-065-08,https://www.cbn.gov.ng/out/circulars/ted/2008/ted.fem.065.08.pdf,211435,1011
2008-07-01,Central Bank of Nigeria,circulars,Re: Rendition of Returns by Bureaux De Change Through eFASS,,"Further circular Ted/Fem/Fpc/Gen/01/082 July 10, 2007,BDCs reminded rendition monthly returns condition participation direct foreign exchange cash sales. B. Musa Trade & Exchange Department.",Ted-Fem-Fpc-Gen-01-067-08,https://www.cbn.gov.ng/out/circulars/ted/2008/tedfem fpc 01 067.pdf,219097,1009
2008-07-01,Central Bank of Nigeria,circulars,Requests for issuance of Certificate of Capital Importation on Inflows not Previously Reported.,,"Authorised Dealers, approval, waiver, Certificate Capital Importation evidence inflow previously reported mandatory 24 hours. B. Musa, Trade & Exchange Department.",Ted-Fem-Fpc-Gen-01-066-08,https://www.cbn.gov.ng/out/circulars/ted/2008/ted fem fpc  01 066.pdf,222645,1010
2008-07-02,Central Bank of Nigeria,circulars,"Compliance with Destination Inspection of Imports Scheme Guidelines - Re: Registration of Forms ""M""",,"Observed,incidence ,shipping documents predating registration date Forms ""M"" increase. B. Musa Trade & Exchange Department.",Ted-Fem-Fpc-Gen-01-069-08,https://www.cbn.gov.ng/out/circulars/ted/2008/ted.fem.069.08.pdf,208916,1007
2008-07-02,Central Bank of Nigeria,circulars,Foreign Exchange Market Auction WDAS No. 50/2008,,"Foreign Exchange Market Auction offers, Wholesale Dutch Auction System (WDAS) Authorised Dealers customers bids,Reuters Dealing 3000 Terminal. B. Musa Ted/Fem/Gen/Fpc/01/068/08.",Ted-Fem-Fpc-Gen-01-068-08,https://www.cbn.gov.ng/out/circulars/ted/2008/ted.fem.fpc.01.068.08doc..pdf,204722,1008
2008-07-07,Central Bank of Nigeria,circulars,Foreign Exchange Market Auction WDAS No. 51/2008,,"Authorised Dealers are therefore Invitd to submit Bids on their own accounts  to CBN Lagos through Reuters Dealing 3000 Terminal (at Room 504, 5th Floor CBN Old Building, Tinubu Square, Lagos) between 8.30 a.m. and 9.30 a.m. The result willbe released the same day by 11.00 a.m. signed by B. Musa, Ag. Director, TED",Ted-Fem-Fpc-Gen-01-070-08,https://www.cbn.gov.ng/out/circulars/ted/2008/ted fem fpc 01 070 08doc.pdf,70713,1006
2008-07-09,Central Bank of Nigeria,circulars,Foreign Exchange Market Auction WDAS No. 52/2008,,"Further toour Circular Ref No. TED/AD/35/2006 of February 16, 2006 CBN offers US$70 million for sale at Forex Market Auction on Wednesday 9 July, 2008
Authorised dealers are therefore invited to submit bids on their own accounts to the CBN Lagos through Reuters Dealing 3000 Terminal at Room 504, 5th floor Old Building Tinubu Square, Lagos between 8.30 a.m. and 9.30 a.m. and result shall be released same day by 11.00 a.m. Signed by B. Musa, Ag. Director, TED ",Ted-Fem-Fpc-Gen-01-071-08,https://www.cbn.gov.ng/out/circulars/ted/2008/ted fem fpc 01 071 08doc.pdf,70730,1005
2008-07-14,Central Bank of Nigeria,circulars,Foreign Exchange Market Auction WDAS No. 53/2008,,"Foreign Exchange Market Auction offers, Wholesale Dutch Auction System (WDAS) Authorised Dealers customers bids,Reuters Dealing 3000 Terminal. H.A. Salako Ted/Fem/Gen/Fpc/01/072/08.",Ted-Fem-Fpc-Gen-01-072-08,https://www.cbn.gov.ng/out/circulars/ted/2008/ted.fem.fpc.01.072.08doc..pdf,66516,1004
2008-07-15,Central Bank of Nigeria,circulars,Submission of List of Unclaimed Risk Assessment Report (RARs),,"Observed,importers ,formed,habit collect,Risk Assessment Reports (RARs),processing banks. B. Musa Trade & Exchange Department",Ted-Fem-Fpc-Gen-01-074-08,https://www.cbn.gov.ng/out/circulars/ted/2008/ted.01.074.08doc.pdf,202415,1002
2008-07-15,Central Bank of Nigeria,circulars,Unclaimed Risk Assessment Report,,"Unclaimed Risk Assessment Report Format, attached specimen",Ted-Fem-Fpc-Gen-01-074A-08,https://www.cbn.gov.ng/out/circulars/ted/2008/ted.01.074.08a.pdf,6156,1003
2008-07-16,Central Bank of Nigeria,circulars,Clarification on Multi-Country Listed Equities,,"Facilitate,transactions,multi-counntry,listed,equities,crossed,other,countries,floor Nigerian Stock Exchange (NSE). B. Musa Trade & Exchange Department.",Ted-Fem-Fpc-Gen-01-075-08,https://www.cbn.gov.ng/out/circulars/ted/2008/ted.fem.75.08doc.pdf,212091,1001
2008-07-16,Central Bank of Nigeria,circulars,Foreign Exchange Market Auction WDAS No. 54/2008,,"Foreign Exchange Market Auction offers, Wholesale Dutch Auction System (WDAS) Authorised Dealers customers bids,Reuters Dealing 3000 Terminal. B. Musa Ted/Fem/Gen/Fpc/01/073/08.",Ted-Fem-Fpc-Gen-01-073-08,https://www.cbn.gov.ng/out/circulars/ted/2008/ted.fem.fpc.01.073.08doc..pdf,204722,1000
2008-07-21,Central Bank of Nigeria,circulars,Foreign Exchange Market Auction WDAS No. 55/2008,,"Foreign Exchange Market Auction offers, Wholesale Dutch Auction System (WDAS) Authorised Dealers customers bids,Reuters Dealing 3000 Terminal. H.A. Salako Ted/Fem/Gen/Fpc/01/076/08.",Ted-Fem-Fpc-Gen-01-076-08,https://www.cbn.gov.ng/out/circulars/ted/2008/ted.fem.fpc.01.076.08doc..pdf,66518,999
2008-07-23,Central Bank of Nigeria,circulars,Foreign Exchange Market Auction WDAS No. 56/2008,,"Foreign Exchange Market Auction offers, Wholesale Dutch Auction System (WDAS) Authorised Dealers customers bids,Reuters Dealing 3000 Terminal. B. Musa Ted/Fem/Gen/Fpc/01/077/08.",Ted-Fem-Fpc-Gen-01-077-08,https://www.cbn.gov.ng/out/circulars/ted/2008/ted.fem.fpc.01.077.08doc..pdf,204741,998
2008-07-28,Central Bank of Nigeria,circulars,Foreign Exchange Market Auction WDAS No. 57/2008,,"Foreign Exchange Market Auction offers, Wholesale Dutch Auction System (WDAS) Authorised Dealers customers bids,Reuters Dealing 3000 Terminal. B. Musa Ted/Fem/Gen/Fpc/01/078/08.",Ted-Fem-Fpc-Gen-01-078-08,https://www.cbn.gov.ng/out/circulars/ted/2008/ted.fem.fpc.01.078.08doc..pdf,204731,997
2008-07-30,Central Bank of Nigeria,circulars,Foreign Exchange Market Auction WDAS No. 58/2008,,"Foreign Exchange Market Auction offers, Wholesale Dutch Auction System (WDAS) Authorised Dealers customers bids,Reuters Dealing 3000 Terminal. B. Musa Ted/Fem/Gen/Fpc/01/079/08.",Ted-Fem-Fpc-Gen-01-079-08,https://www.cbn.gov.ng/out/circulars/ted/2008/ted.fem.fpc.01.079.08doc..pdf,204725,996
2008-08-04,Central Bank of Nigeria,circulars,Foreign Exchange Market Auction WDAS No. 59/2008,,"Foreign Exchange Market Auction offers, Wholesale Dutch Auction System (WDAS) Authorised Dealers customers bids,Reuters Dealing 3000 Terminal. B. Musa Ted/Fem/Gen/Fpc/01/080/08.",Ted-Fem-Fpc-Gen-01-080-08,https://www.cbn.gov.ng/out/circulars/ted/2008/ted.fem.fpc.01.080.08doc..pdf,204063,995
2008-08-05,Central Bank of Nigeria,circulars,"Central Bank of Nigeria's Communique No. 57 of the Monetary Policy Committee, August 5, 2008 ",,"CBN; MPC Communique No. 57; August 5, 2008; ",MPC- 57,"https://www.cbn.gov.ng/out/circulars/mpd/2008/mpc communique no. 57, august 5, 2008.doc.pdf",31047,994
2008-08-05,Central Bank of Nigeria,circulars,Notice of Meeting on Import Duty Collection Scheme (IDCs) ,,"Designated Banks for Customs Revenue Collection, Destination Inspection Service Proveders and the Nigeria Customs Service (including NCS Area Controllers and the ASYCUDA Project Leader), Import Duty Collection meeting Conference Hall, CBN, Abeokuta Friday, August 15, 2008, 11.00 a.m.",Ted-Fem-Fpc-Gen-01-081-08,https://www.cbn.gov.ng/out/circulars/ted/2008/ted-fem.01.081.08.pdf,207184,993
2008-08-06,Central Bank of Nigeria,circulars,Foreign Exchange Market Auction WDAS No. 60/2008,,"Foreign Exchange Market Auction offers, Wholesale Dutch Auction System (WDAS) Authorised Dealers customers bids,Reuters Dealing 3000 Terminal. B. Musa Ted/Fem/Gen/Fpc/01/082/08.",Ted-Fem-Fpc-Gen-01-082-08,https://www.cbn.gov.ng/out/circulars/ted/2008/ted.fem.fpc.01.082.08doc..pdf,204530,992
2008-08-11,Central Bank of Nigeria,circulars,Foreign Exchange Market Auction WDAS No. 61/2008,,"Foreign Exchange Market Auction offers, Wholesale Dutch Auction System (WDAS) Authorised Dealers customers bids,Reuters Dealing 3000 Terminal. H.A. Salako Ted/Fem/Gen/Fpc/01/083/08.",Ted-Fem-Fpc-Gen-01-083-08,https://www.cbn.gov.ng/out/circulars/ted/2008/ted.fem.fpc.01.083.08doc..pdf,66543,991
2008-08-13,Central Bank of Nigeria,circulars,Foreign Exchange Market Auction WDAS No. 62/2008,,"Foreign Exchange Market Auction offers, Wholesale Dutch Auction System (WDAS) Authorised Dealers customers bids,Reuters Dealing 3000 Terminal. N.T.Igba Ted/Fem/Gen/Fpc/01/084/08.",Ted-Fem-Fpc-Gen-01-084-08,https://www.cbn.gov.ng/out/circulars/ted/2008/ted.fem.fpc.01.084.08doc..pdf,70224,990
2008-08-18,Central Bank of Nigeria,circulars,Foreign Exchange Market Auction WDAS No.63/2008,,"Foreign Exchange Market Auction offers, Wholesale Dutch Auction System (WDAS) Authorised Dealers customers bids. Igba, N. T. Ted/Fem/Gen/Fpc/01/085/08.",Ted-Fem-Fpc-Gen-01-085-08,https://www.cbn.gov.ng/out/circulars/ted/2008/ted.fem.fpc.01.085.08doc..pdf,70183,989
2008-08-20,Central Bank of Nigeria,circulars,Foreign Exchange Auction WDAS No. 64/2008 ,,"Foreign Exchange Market Auction offers, Wholesale Dutch Auction System (WDAS) Authorised Dealers customers bids,Reuters Dealing 3000 Terminal. B. Musa Ted/Fem/Gen/Fpc/01/086/08.",Ted-Fem-Fpc-Gen-01-086-08,https://www.cbn.gov.ng/out/circulars/ted/2008/ted.fem.fpc.01.086.08doc..pdf,204128,988
2008-08-21,Central Bank of Nigeria,circulars,Implimentation of the year 2008 Fiscal Policy Measures and Tariff Amendments,,"All Authorised Dealers,General Public Federal Government approved Fiscal Policy Measures & Tariff Amendments,2008 Fiscal year. B. Musa Trade & Exchnage Department.",Ted-Fem-Fpc-Gen-01-087d-08,https://www.cbn.gov.ng/out/circulars/ted/2008/ted-fem-fpc-gen-01-87.08doc.pdf,209863,987
2008-08-21,Central Bank of Nigeria,circulars,Implimentation of the year 2008 Fiscal Policy Measures and Tariff Amendments.,,"Authorised Dealers & General Public,Federal Government approved Fiscal Policy Measeures & Tariff Amendments. B. Musa Trade & Exchange Department.",Ted-Fem-Fpc-Gen-01-087a-08,https://www.cbn.gov.ng/out/circulars/ted/2008/ted.fem.gen.87a.08.pdf,358530,986
2008-08-25,Central Bank of Nigeria,circulars,Foreign Exchange Market Auction WDAS No. 65/2008,,"Foreign Exchange Market Auction offers, Wholesale Dutch Auction System (WDAS) Authorised Dealers customers bids,Reuters Dealing 3000 Terminal. B. Musa Ted/Fem/Gen/Fpc/01/088/08.",Ted-Fem-Fpc-Gen-01-088-08,https://www.cbn.gov.ng/out/circulars/ted/2008/ted.fem.fpc.01.088.08doc..pdf,204134,984
2008-08-25,Central Bank of Nigeria,circulars,Interim Capacity Building Workshops for Operators of Microfinance Banks in Nigeria,,"Capacity Building, Workshops, microfinance, bank, CBN, Central Bank of Nigeria, OFID, Other Financial Institutions Department",OFID-02-2008,https://www.cbn.gov.ng/out/circulars/ofid/2008/ofid-02-2008.pdf,214444,985
2008-08-27,Central Bank of Nigeria,circulars,Foreign Exchange Market Auction WDAS No. 66/2008,,"Foreign Exchange Market Auction offers, Wholesale Dutch Auction System (WDAS) Authorised Dealers customers bids,Reuters Dealing 3000 Terminal. B. Musa Ted/Fem/Gen/Fpc/01/089/08.",Ted-Fem-Fpc-Gen-01-089-08,https://www.cbn.gov.ng/out/circulars/ted/2008/ted.fem.fpc.01.089.08doc..pdf,204120,983
2008-08-28,Central Bank of Nigeria,circulars,Circular to All Banks and Discount Houses on Cancellation of Common Accounting Year End,,"CBN,banking,supervision,imala,soludo,banks,common,yearend,monetary,policy,bank,accounting,economic,committee,development,2008,stability,requirement,discounthouses,circular,deposits,market",BSD/Dir/Cir/Gen/Vol.2/008,https://www.cbn.gov.ng/out/circulars/bsd/2008/circular for end of year of banks 3.pdf,7192,982
2008-09-01,Central Bank of Nigeria,circulars,Foreign Exchange Market Auction WDAS No. 67/2008,,"Foreign Exchange Market Auction offers, Wholesale Dutch Auction System (WDAS) Authorised Dealers customers bids,Reuters Dealing 3000 Terminal. B. Musa Ted/Fem/Gen/Fpc/01/090/08.",Ted-Fem-Fpc-Gen-01-090-08,https://www.cbn.gov.ng/out/circulars/ted/2008/ted.fem.fpc.01.090.08doc..pdf,204101,981
2008-09-01,Central Bank of Nigeria,circulars,Increase in the Amount of United States Dollars sold to Bureax De Change Operators.,,"Further Circular Ref: TED/AD/62/2006 of 4/4/2006 Authorised Dealers,Licenced BDC Operators,notified,Management approved increase,maximum US$200,000.00 to US$300,000.00,per market session. B. Musa Trade & Exchange Department.",Ted-Fem-Fpc-Gen-01-091-08,https://www.cbn.gov.ng/out/circulars/ted/2008/ted-fem-gen- fpc-01-091-08.pdf,217109,980
2008-09-03,Central Bank of Nigeria,circulars,Foreign Exchange Market Auction WDAS 68/2008,,"Foreign Exchange Market Auction offers, Wholesale Dutch Auction System (WDAS) Authorised Dealers customers bids,Reuters Dealing 3000 Terminal. B. Musa Ted/Fem/Gen/Fpc/01/092/08.",Ted-Fem-Fpc-Gen-01-092-08,https://www.cbn.gov.ng/out/circulars/ted/2008/ted.fem.fpc.01.092.08doc..pdf,204057,979
2008-09-08,Central Bank of Nigeria,circulars,Foreign Exchange Market Auction WDAS No. 69/2008,,"Foreign Exchange Market Auction Offers, Wholesale Dutch Auction System (WDAS) Authorised Dealers Customers bids, Reuters Dealing 3000 Terminal. B. Musa Ted/Fem/Fpc/Gen/01/093/08.",Ted-Fem-Fpc-Gen-01-093-08,https://www.cbn.gov.ng/out/circulars/ted/2008/ted.fem.fpc.01.093.08doc..pdf,208844,978
2008-09-10,Central Bank of Nigeria,circulars,Foreign Exchange Market Auction WDAS No. 70/2008,,"Foreign Exchange Market Auction Offers, Wholesale Dutch Auction System (WDAS) Authorised Dealers Customers bids, Reuters Dealing 3000 Terminal. B. Musa Ted/Fem/Fpc/Gen/01/094/08.",Ted-Fem-Fpc-Gen-01-094-08,https://www.cbn.gov.ng/out/circulars/ted/2008/ted.fem.fpc.01.094.08doc..pdf,204116,977
2008-09-11,Central Bank of Nigeria,circulars,Notice of Stakeholders Meeting on Bureaux De change Operators,,"All banks, meeting scheduled hold Glover Cinema Hall, Tinubu Square, Lagos, Wednesday, September 17, 2008 at 11.00 a.m. B. Musa Trade & Exchange Department.",Ted-Fem-Fpc-Gen-01-095-08,https://www.cbn.gov.ng/out/circulars/ted/2008/ted.fem.fpc.gen.01.095.pdf,215063,976
2008-09-12,Central Bank of Nigeria,circulars,"Amendment of the Provisions of the Circular Ref. No. TED/FEMGEN/01/022 dated February 21, 2007 in respect of investment in the Nigerian Treasury Bills (NTB) and Federal Government Bonds (FGN Bonds) by Foreign Investors",,"Further,Circular Ref. No. TED/FEM/GEN/01/022 of February 21, 2007, Authorised Dealers,general public notified amendment. B. Musa Trade & Exchange Department.Further,Circular Ref. No. TED/FEM/GEN/01/022 of February 21, 2007, Authorised Dealers,general public notified amendment. B. Musa Trade & Exchange Department.",Ted-Fem-Fpc-Gen-01-096-08,https://www.cbn.gov.ng/out/circulars/ted/2008/ted.fem.fpc.gen.01.096.08.pdf,206647,975
2008-09-15,Central Bank of Nigeria,circulars,Foreign Exchange Market Auction WDAS No. 71/2008,,"Foreign Exchange Market Auction offers, Wholesale Dutch Auction System (WDAS) Authorised Dealers customers bids,Reuters Dealing 3000 Terminal. B. Musa Ted/Fem/Gen/Fpc/01/097/08.",Ted-Fem-Fpc-Gen-01-097-08,https://www.cbn.gov.ng/out/circulars/ted/2008/ted.fem.fpc.01.097.08doc..pdf,204081,973
2008-09-15,Central Bank of Nigeria,circulars,"Re: Request for information on the importation of petroleum products for the period January 1, 2004 to August 31, 2008",,"Reporting format for petroleum products January 1, 2004 to August 31, 2008.",Ted-Fem-Fpc-Gen-01-098A-08,https://www.cbn.gov.ng/out/circulars/ted/2008/ted.fem.fpc.gen.01.098a.08.pdf,10482,972
2008-09-15,Central Bank of Nigeria,circulars,"Re: Request for information on the importation of petroleum products for the period January 1, 2004 to August 31, 2008. ",,"Authorised Dealers, provide information, all customers established Forms M/LCs, importation petroleum products, January 1 2004 - August 31, 2008. Igba N. T. Trade & Exchange Department.",Ted-Fem-Fpc-Gen-01-098-08,https://www.cbn.gov.ng/out/circulars/ted/2008/ted.fem.fpc.gen.01.98.08.pdf,78784,974
2008-09-17,Central Bank of Nigeria,circulars,Foreign Exchange Market Auction WDAS No. 72/2008,,"Foreign Exchange Market Auction offers, Wholesale Dutch Auction System (WDAS) Authorised Dealers customers bids. Igba, N. T. Ted/Fem/Gen/Fpc/01/099/08.",Ted-Fem-Fpc-Gen-01-099-08,https://www.cbn.gov.ng/out/circulars/ted/2008/ted.fem.fpc.01.099.08doc..pdf,70197,971
2008-09-22,Central Bank of Nigeria,circulars,Foreign Exchange Market Auction WDAS No. 73/2008,,"Further to our Circular Ref. No. TED/AD/35/2006 dated February 16, 2006, CBN offers USD65.0 million for sale at Forex Market Auction on Monday 22nd September, 2008. Authorised dealers are therefore invited to submit bids on their own accounts to the CBN Lagos through Reuters Dealing 3000 Terminal (at Room 504, 5th floor CBN Old Building, Tinubu Square,Lagos) Betwen 8.30 a.m. AND 9.30 a.m. and Result will be released same day by 11.00 a.m. Signed by: H.A. Salako, for Ag. Director, Trade and Exchange Department.",Ted-Fem-Fpc-Gen-01-100-08,https://www.cbn.gov.ng/out/circulars/ted/2008/fem.fpc.01.100.08,249705,970
2008-09-24,Central Bank of Nigeria,circulars,Foreign Exchange Market Auction WDAS No. 74/2008,,"Further to our circular Ref. No. TED/AD/35/2006 of February 16, 2006. The CBN hereby offers for sale USD65.0 million at Foreign Exchange Market Auction on Wednesday 24th September, 2008.  Authorised Dealers are therefore invited to submit Bids on their own accounts to the CBN Lagos throughReuters Dealing 3000 Terminal (Room 504, 5th Floor CBN Old Building Tinubu Square, Lagos) between 8.30 a.m. and 9.30 a.m. and the result will be released same day by 11.00 a.m. Signed by H.A. Salako for Ag. Director, Trade and Exchange Department",Ted-Fem-Fpc-Gen-01-101-08,https://www.cbn.gov.ng/out/circulars/ted/2008/fem_fpc_01_101_08.pdf,249947,969
2008-09-25,Central Bank of Nigeria,circulars,Upward Review of Prices of Foreign Exchange Forms,,"Authorised Dealers,general public,prices,foreign exchange forms reviewed upward,effective,October 1,2008. Salako, H. A. Trade & Exchange Department.",Ted-Fem-Fpc-Gen-01-102-08,https://www.cbn.gov.ng/out/circulars/ted/2008/ted.fem.fpc.gen.01.102.08.pdf,80690,968
2008-09-26,Central Bank of Nigeria,circulars,"Closure of Foreign Exchange Market on Monday and Wednesday September 29th and October 1st, 2008",,"Federal Government Declaration Monday 29th September to Wednesday 1st October, 2008,public holiday.Id-El-Fitri & Nigeria Independence Day.No Forex Market. Salako, H. A., Trade & Exchange Department.",Ted-Fem-Fpc-Gen-01-103-08,https://www.cbn.gov.ng/out/circulars/ted/2008/ted.fem.fpc.gen.01.103.08.pdf,81106,967
2008-10-02,Central Bank of Nigeria,circulars,Rescheduling of Specific Debts,,"banks,centralbankofnigeria,CBN,finance,stocks,shares,debts,imala,soludo,exchange,market,capital,prudential,guidelines,facilities,performing,exposures,banking,supervision,loans,",BSD/DIR/CIR/GEN/VOL.2/010,https://www.cbn.gov.ng/out/circulars/bsd/2008/resheduling of specific debts.pdf,131419,966
2008-10-06,Central Bank of Nigeria,circulars,Foreign Exchange Market Auction WDAS No. 75/2008 ,,"Foreign Exchange Market Auction offers, Wholesale Dutch Auction System (WDAS) Authorised Dealers customers bids,Reuters Dealing 3000 Terminal. B. Musa Ted/Fem/Gen/Fpc/01/104/08.",Ted-Fem-Fpc-Gen-01-104-08,https://www.cbn.gov.ng/out/circulars/ted/2008/ted.fem.fpc.01.104.08doc..pdf,204162,965
2008-10-07,Central Bank of Nigeria,circulars,Circular to all Banks on Offshore Expansion,,"Offshore expansion,cross border, deposit money bank,dmb,cbn,central bank of nigeria,home country,feasibility study,board resolution,foreign branch,memorandum and article of association,certificate of incorporation,guideline,requirement",BSD/Dir/Cir/Gen/Vol.2/014,https://www.cbn.gov.ng/out/circulars/bsd/2008/circular to all banks on offshore expansion 08.pdf,59706,964
2008-10-08,Central Bank of Nigeria,circulars,Circular to All Banks and Discount Houses on the Extension of the Tenor of CBN Repo,,"Circular,CBN,Central Bank of Nigeria,Repo,Discount Window,Discount Houses,Banks,BOD,Banking Operations Department,Director,Olekah,James,rates,MPR,Monetary Policy Rate",BOD/DIR/CIR/GEN/03/011/08,https://www.cbn.gov.ng/out/circulars/bod/2008/cirxcular on the extension of the tenor of cbn repo0001.pdf,495750,961
2008-10-08,Central Bank of Nigeria,circulars,Foreign Exchnage Market Auction WDAS No. 76/2008,,"Foreign Exchange Market Auction offers, Wholesale Dutch Auction System (WDAS) Authorised Dealers customers bids,Reuters Dealing 3000 Terminal. B. Musa Ted/Fem/Gen/Fpc/01/107/08.",Ted-Fem-Fpc-Gen-01-107-08,https://www.cbn.gov.ng/out/circulars/ted/2008/ted.fem.fpc.01.107.08doc..pdf,204161,963
2008-10-08,Central Bank of Nigeria,circulars,Notice of Meeting on Import Duty Collection Scheme (IDCs),,"Designated Banks,Customs Revenue Collection, Destination Inspection Service Providers,Nigeria Customs Service, NCS Area Controllers, ASCUDA Project Lwader. Duty Collection Scheme meeting,Scheduled Conference Hall, Central Bank of Nigeria, Abeokuta,Thursd",Ted-Fem-Fpc-Gen-01-106-08,https://www.cbn.gov.ng/out/circulars/ted/2008/ted.fem.gen.fpc.01.106.08.pdf,209441,962
2008-10-09,Central Bank of Nigeria,circulars,Reform of Discount Houses in Nigeria,,"Discount Houses,Reform,Section A4,Section A3,Guidelines,ownership base",BSD/DO/CIR/GEN/VOL2/013,https://www.cbn.gov.ng/OUT/CIRCULARS/BSD/2008/013.PDF,50 KB,960
2008-10-10,Central Bank of Nigeria,circulars,Additional Information Requirements and Directive on Western Union Money Transfer Operations in Nigeria (WUMT),,"centralbankofnigeria,information,westernunion,money,transfer,imala,banking,supervision,nigeria,banks,beneficiary,wumt,customers,payment",BSD/DO/CIR/GEN/VOL.2/011,https://www.cbn.gov.ng/out/circulars/bsd/2008/circularwumt.pdf,131898,959
2008-10-10,Central Bank of Nigeria,circulars,"Notice of 2008 Annual Workshop on Foreign Exchange Management Issues Holding at Protea Hotel, Lekki, Lagos, from Monday, 3rd to Thursday 6th November, 2008",,"All Authorised Dealers,2008 Annual Workshop,Foreign Exchange Management Issues,scheduled,Protea Hotel,Lekki,Lagos,3-6 November, 2008. B. Musa,Trade & Exchange Department.",Ted-Fem-Fpc-Gen-01-108-08,https://www.cbn.gov.ng/out/circulars/ted/2008/ted.fem.fpc.gen.01.108.08.pdf,250386,958
2008-10-13,Central Bank of Nigeria,circulars,Foreign Exchange Market Auction WDAS No.77/2008,,"Foreign Exchange Market Auction offers, Wholesale Dutch Auction System (WDAS) Authorised Dealers customers bids,Reuters Dealing 3000 Terminal. B. Musa Ted/Fem/Gen/Fpc/01/109/08.",Ted-Fem-Fpc-Gen-01-109-08,https://www.cbn.gov.ng/out/circulars/ted/2008/ted.fem.fpc.01.109.08doc..pdf,204192,957
2008-10-15,Central Bank of Nigeria,circulars,"Directive to Forward the Account Details of the Following Illegal Fund Managers/""Wonder Banks"" to the CBN",,"banks,nigeria,banking,imala,investment,securities,companies,centralbankofnigeria,managers,account,information,bankingsupervision,operators,balances,addresses,director,return",BSD/DIR/CIR/GEN/VOL.2/015,https://www.cbn.gov.ng/out/circulars/bsd/2008/circular on wonder bank3.pdf,133310,956
2008-10-15,Central Bank of Nigeria,circulars,Foreign Exchange Market Auction WDAS No. 78/2008,,"Foreign Exchange Market Auction offers, Wholesale Dutch Auction System (WDAS) Authorised Dealers customers bids,Reuters Dealing 3000 Terminal. B. Musa Ted/Fem/Gen/Fpc/01/112/08.",Ted-Fem-Fpc-Gen-01-112-08,https://www.cbn.gov.ng/out/circulars/ted/2008/ted.fem.fpc.01.112.08doc..pdf,204173,955
2008-10-15,Central Bank of Nigeria,circulars,Year 2008 Hajj Operations - Purchase of Travelling Allowance (PTA) In Saudi Riyal Travellers' Cheques (SRTCs),,"Authorised Dealers,general public,notified, 2008 Hajj operations. Each pilgrim entitled Saudi Riyal Travellers' Cheque (SRTCs) equivalent, minimum US$750.00 maximum US$1,500.00 PTA. N. T. Igba Trade & Exchange Department.",Ted-Fem-Fpc-Gen-01-110-08,https://www.cbn.gov.ng/out/circulars/ted/2008/ted.fem.gen.110. 2008.pdf,69285,954
2008-10-20,Central Bank of Nigeria,circulars,Foreign Exchange Market Auction WDAS No. 79/2008,,"Further to our circular Ref. No. TED/AD/35/2006 dated 16 February, 2006. CBN offers =N=60 million (Sixty million US Dollare for sale on Monday 20 October, 2008.  Authorised dealers are hereby invited to submit their bids through Reuters Dealing 3000 Terminal at Room 504, 5th Floor, CBN Old Building between 8.30 and 9.30 a.am. and result will be released at 11.00 a.m. same day. Signed by B. Musa. Ag. Director, Trade & Exchange Dept.",Ted-Fem-Fpc-Gen-01-113-08,https://www.cbn.gov.ng/out/circulars/ted/2008/ted fem fpc 01 .113. 08doc.pdf,70610,953
2008-10-21,Central Bank of Nigeria,circulars,De-Marketing of Banks by Other Banks,,"bank,banks,marketing,CBN,centralbankofnigeria,imala,soludo,institution,financial,development,public,general,rumours,corporate,interest,banking,officers,unethical,system,industry,channel,practices,behaviour,stakeholders,sanctions,negative",BSD/DIR/CIR/07/VOL.2/016,https://www.cbn.gov.ng/out/circulars/bsd/2008/circular on de-marketing by banks-21-10-2008.pdf,134700,952
2008-10-22,Central Bank of Nigeria,circulars,Foreign Exchange Market Auction WDAS No. 80/2008,,"Further to circular No. Ref. TED/AD/35/2006, CBN offers =N=60 million (Sixty million US Dollars for sale at Foreign Exchange Market Auction on Wednesdy 22nd October, 2008. Authorised dealers are invited to submit their bids through Reuters Dealing 3000 Terminal at room 504, 5th Floor Old CBN Building, Tinubu Square, Lagos between 8.30 a.m. and 9.30 a.m. results will be released same day at 11.00 a.m. Signed by B. Musa, Ag. Dirrector, Trade & Exchange Department,",Ted-Fem-Fpc-Gen-01-114-08,https://www.cbn.gov.ng/out/circulars/ted/2008/ted fem fpc 01 .114. 08doc.pdf,70614,951
2008-10-24,Central Bank of Nigeria,circulars,NOTICE OF CIBN ABUJA BRANCH MEETING,,"This is to inform all members that the Abuja Branch of the Chartered Institute of Bankers of Nigeria has scheduled its monthly meeting as stated below:

Date:Monday 27th October, 2008

Venue: Security Services Division
       Conference room
       2nd Floor, Wing B
       CBN Head Office

Time:  6.00-7.00 p.m

New members are welcome   
",CIBN/ABJ/24/08,https://www.cbn.gov.ng,,950
2008-10-27,Central Bank of Nigeria,circulars,Foreign Exchange Market Auction WDAS No. 81/2008,,"Further to our circular Ref. No. TED/AD/35/2006 dated February 16, 2006, CBN hereby offers USD60.00 million (Sixty million United States Dollars only) for sale At the Foreign Exchange Market on Monday 27th October, 2008.  Authorised Dealers are hereby invited to submit their bids on their own account to CBN Lagos through Reuters Dealing 3000 Terminal (at Room 504, 5th floor CBN Old building, Tinubu Square between 8.30 a.m. and 9.30 a.m. and result will be released same day by 11.00 a.m. Signed by B. Musa, Ag. Director, Trade and Exchange Department  ",Ted-Fem-Fpc-Gen-01-115-08,https://www.cbn.gov.ng/out/circulars/ted/2008/ted fem fpc 01 .115. 08doc.pdf,70610,949
2008-10-28,Central Bank of Nigeria,circulars,Circular and Guidelines on the Expanded Discount Window,,"CBN,BOD,Circular",BOD/DIR/CIR/2008/GEN/03/17,https://www.cbn.gov.ng/out/circulars/bod/2008/circular and guidelines on the expanded discount window.pdf,129992,946
2008-10-28,Central Bank of Nigeria,circulars,Circular and Guidelines on the Expanded Discount Window Operations,,"Circular,Guidelines,Expanded Discount Window,Operations,CBN,Central Bank of Nigeria,BOD,Banking Operations Department,FGN BOnds,NTBs,Bankers Acceptances,Guaranteed Commercial Papers,Promisory Notes",BOD/DIR/CIR/2008/GEN/3/17,https://www.cbn.gov.ng/out/circulars/bod/2008/circular and guidelines on the expanded discount window ops.pdf,129992,947
2008-10-28,Central Bank of Nigeria,circulars,Circular and Guidelines on the Expanded Discount Window Operations,,"CBN,Circular",BOD/DIR/CIR/2008/GEN/3/17.,https://www.cbn.gov.ng/out/circulars/bod/2008/circular and guidelines on the expanded discount window op.pdf,129992,948
2008-10-29,Central Bank of Nigeria,circulars,Foreign Exchange Market Auction WDAS No. 82/2008,,"Further to our Circular Ref. No. TED/AD/35/2006 dated February 16, 2006, the CBN offers the amount of USD60.00 million (Sixty million United States Dollars only) for sale at the Foreign Exchange Market Auction on Wednesday 29th October, 2008. Authorised dealers are therefore invited to submit bids on their own account to the CBN Lagos through Reuters Dealing 3000 Terminal (at Room 504, 5th Floor, CBN Old Building, Tinubu Square) between 8.30 a.m. and 9.30 a.m. and result will be released same dy by 11.00 a.m. Signed by: B. Musa, Ag. Director, Trade and Exchange Department.",Ted-Fem-Fpc-Gen-01-116-08,https://www.cbn.gov.ng/out/circulars/ted/2008/ted fem fpc 01 .116. 08doc.pdf,70616,945
2008-10-31,Central Bank of Nigeria,circulars,"GUIDELINES FOR THE LICENSING, OPERATIONS AND REGULATION OF CREDIT BUREAUS IN NIGERIA",,"credit bureau,guidelines,submission of returns,annual accounts,cbn,bsd,Nigeria,operaition,",BSD/Dir/Gen/Vol.2/020,https://www.cbn.gov.ng/out/circulars/bsd/2008/guideline for licensing credit bureau in nigeria.pdf,113284,943
2008-10-31,Central Bank of Nigeria,circulars,Interim Capacity Building Workshop For Non-Executive Directors Of Microfinance Banks In Nigeria,,"capacitybuilding,central,bank,nigeria,microfinancebank,microfinance, directors,training,workshop",OFID-03-2008,https://www.cbn.gov.ng/out/circulars/ofid/2008/ofid-03-2008.pdf,740551,944
2008-11-03,Central Bank of Nigeria,circulars,Foreign Exchange Market Auction WDAS No. 83/2008,,"Further to our circular Ref. No TED/AD/35/2006 of February 16, 2006, the CBN hereby offers USD70.00 million (Seventy million United States Dollars only) for sale at teh Foreign Exchange Market Auction on Monday 3rd November, 2008.  Authorised Dealers are hereby invited to submit Bid on their own account to the CBN Lagos through Reuters Dealing 3000 Terminal (at Room 504, 5th Floor, CBN Old Building Tinubu Square, Lagos between 8.30 a.m and 9.30 a.m. and result will be released same day by 11.oo a.m. Signed by B. Musa, Ag. Director, Trade & Exchange Dept.",Ted-Fem-Fpc-Gen-01-118-08,https://www.cbn.gov.ng/out/circulars/ted/2008/ted fem fpc 01 .118. 08doc.pdf,70647,942
2008-11-05,Central Bank of Nigeria,circulars,Foreign Exchange Market Auction WDAS No. 84/2008,,"Further to our Circular No TED/AD/35/2006 of February 16, 2006, The CBN hereby offers USD70.00 million (Seventy million United Stated Dollars only) forsale at the Foreign Exchange Market Auction on Wednesday 5th November, 2008.  Authorised Dealers aree hereby invited to submit bids on their own account to the CBN Lagos through Reuters Dealing 3000 Terminal (at Room 504, 5th Floor, Old CBN Buildidng, Tinubu Square) between 8.30 a.m. and 9.30 a.m. and results will be released same day by 11.00 a.m. Signed B. Musa, Ag. Director, Trade & Exchange Dept.",Ted-Fem-Fpc-Gen-01-119-08,https://www.cbn.gov.ng/out/circulars/ted/2008/ted fem fpc 01 .119. 08doc.pdf,70657,941
2008-11-10,Central Bank of Nigeria,circulars,Foreign Exchange Market Auction WDAS No. 85/2008,,"Further to circular No TED/AD/35/2006 of February 16, 2006, the CBn offers USD70.00 million (Seventy million United States Dollars only) for sale at he Foreign Exchange Market Auction on Monday 10th November, 2008.  Authorised Dealers are hereeby invited to submit bids ontheir account to the CBN Lagos through Reuters Dealing 3000 Terminal (at Room 504, 5th Floor, Old CBN Building Tinubu Square Lagos) between 8.30a.m. and 9.30 a.m. and results will be released same day. Signed by B. Musa, Ag. Director, Trade & Exchange Department",Ted-Fem-Fpc-Gen-01-120-08,https://www.cbn.gov.ng/out/circulars/ted/2008/ted fem fpc 01 .120. 08doc.pdf,70641,940
2008-11-11,Central Bank of Nigeria,circulars,Re-Pre-Shipment Inspection of Crude Oil Exports,,"Authorised Dealers,general public notified, Federal Government ratified appointment Messrs Cobalt International Services Limited Pre-Shipment Inspection Oil exports Nigeria effective November 1, 2008. B. Musa Trade & Exchange Department.  ",Ted-Fem-Fpc-Gen-01-121-08,https://www.cbn.gov.ng/out/circulars/ted/2008/ted-fem.fpc.gen.01.121.08.pdf,207157,939
2008-11-12,Central Bank of Nigeria,circulars,Foreign Exchange Market Auction WDAS No. 86/2008,,"Foreign Exchange Market Auction offers, Wholesale Dutch Auction System (WDAS) Authorised Dealers customers bids,Reuters Dealing 3000 Terminal. B. Musa Ted/Fem/Gen/Fpc/01/122/08.",Ted-Fem-Fpc-Gen-01-122-08,https://www.cbn.gov.ng/out/circulars/ted/2008/ted.fem.fpc.01.122.08doc..pdf,205275,938
2008-11-17,Central Bank of Nigeria,circulars,Foreign Exchange Market Auction WDAS No. 87/2008 ,,"Further to our circular Ref. No. TED/AD/35/2006 of February 16, 2006, CBN hereby offers the amount of USD200.00 million (Two Hundred Million United States Dollars Only) for sale at the Foreign Exchange Market Auction on Monday 17th November, 2008.
Authorised Dealers are hereby invited to submit bids on their own accounts to the CBN Lagos through Reuters Dealing 3000 Terminal (Room 504, 5th Floor, CBN Old building, Tinubu Square, Lagos) between 8.30a.m. and 9.30 a.m. and result shalll be released same day by 11.00 a.m. Signed by B. Musa, Ag. Director, Trade and Exchange Department",Ted-Fem-Fpc-Gen-01-124-08,https://www.cbn.gov.ng/out/circulars/ted/2008/ted fem fpc 01 .124. 08doc.pdf,70657,937
2008-11-19,Central Bank of Nigeria,circulars,Foreign Exchange Market Auction WDAS No. 88/2008,,"Further to CBN Circular Ref. No. TED/AD/35/2006 of February 16, 2006, the CBN hereby offers the amount of USD200.00 million (Two hundred million United States Dollars only) for sale at the Foreign Exchange Market Auction on Wednesday 19th November, 2008
Authorised Dealers are hereby invited to submit bids on their own accounts to CBN Lagos through Reuters Dealing 3000 Terminal (Room 504, 5th Floor, CBN Old Building, Tinubu Square, Lagos) between 8.30a.m. and 9.30a.m. and result shall be released by 11.00a.m. same dy. Signed by B. Musa, Ag. Director, Trade and Exchange Department ",Ted-Fem-Fpc-Gen-01-125-08,https://www.cbn.gov.ng/out/circulars/ted/2008/ted fem fpc 01 .125. 08doc.pdf,70658,936
2008-11-20,Central Bank of Nigeria,circulars,Exclusivity Clauses in the Agreements Signed by Nigerian Banks with International Money Transfer Operators,,"cbn,central,bank,nigeria,bsd,banking,supervision,money,monetary policy,regulation,financial,services,industry,risk,management,soludo,imala,eke,BSD/DIR/CIR/GEN/VOL. 2/017,november 20, 2008,TO,ALL,DEPOSIT,MONEY BANKS

EXCLUSIVITY CLAUSES IN THE AGREEMENTS SIGNED BY NIGERIAN BANKS WITH INTERNATIONAL MONEY TRANSFER OPERATORS

The attention of the Central Bank of Nigeria has been drawn to the inclusion of exclusivity clauses in the agreements between International Money Transfer Operators and their agent banks in Nigeria. Such exclusivity clauses aimed at protecting the interest of the International Money Transfer Operators, constitute a restraint on competition and unnecessarily increase the cost of money transfer services to the users.

In the light of the above, all deposit money banks are hereby notified that the Central Bank of Nigeria, henceforth, will no longer approve any money transfer agreements between International Money Transfer Operators and agent banks that contain exclusivity clauses. Consequently, the Central Bank of Nigeria directs all deposit money banks to ensure that exclusivity clauses are no longer included in agreements between them and International Money Transfer Operators and that all existing agreements are reviewed to expunge such clauses. These directives take immediate effect and all banks offering international money transfer services are required to bring this to the attention of their respective International Money Transfer partners, and ensure strict compliance. 



D. A. N. EKE
Ag. DIRECTOR OF BANKING SUPERVISION

",BSD/DIR/CIR/GEN/VOL.2/017,https://www.cbn.gov.ng/out/circulars/bsd/2008/circular on exclusivity clause.pdf,86424,935
2008-11-24,Central Bank of Nigeria,circulars,Additional of Lagos Free Trade Zone(s) (LFTZ)To Lot 111 Of Destination Inspection Scheme. ,,"Authorised Dealers,Scanning Service Providers,General Public, Federal Government approved,review lot 111 Messrs Global Scan Systems Limited. Musa, B. Trade & Exchange Department.",Ted-Fem-Fpc-Gen-01-127-08,https://www.cbn.gov.ng/out/circulars/ted/2008/ted.fem.fpc.gen.01.127.08.pdf,241836,933
2008-11-24,Central Bank of Nigeria,circulars,Foreign Exchange Market Auction WDAS No. 89/2008,,"Foreign Exchange Market Auction offers, Wholesale Dutch Auction System (WDAS) Authorised Dealers customers bids,Reuters Dealing 3000 Terminal. B. Musa Ted/Fem/Gen/Fpc/01/126/08.",Ted-Fem-Fpc-Gen-01-126-08,https://www.cbn.gov.ng/out/circulars/ted/2008/ted.fem.fpc.01.126.08doc..pdf,204152,934
2008-11-26,Central Bank of Nigeria,circulars,Foreign Exchange Market Auction WDAS No. 90/2008,,"Foreign Exchange Market Auction offers, Wholesale Dutch Auction System (WDAS) Authorised Dealers customers bids,Reuters Dealing 3000 Terminal. B. Musa Ted/Fem/Gen/Fpc/01/128/08.",Ted-Fem-Fpc-Gen-01-128-08,https://www.cbn.gov.ng/out/circulars/ted/2008/ted.fem.fpc.01.128.08doc..pdf,204154,932
2008-12-01,Central Bank of Nigeria,circulars,Foreign Exchange Market Auction WDAS No. 91/2008,,"Foreign Exchange Market Auction offers, Wholesale Dutch Auction System (WDAS) Authorised Dealers customers bids,Reuters Dealing 3000 Terminal. B. Musa Ted/Fem/Gen/Fpc/01/129/08.",Ted-Fem-Fpc-Gen-01-129-08,https://www.cbn.gov.ng/out/circulars/ted/2008/ted.fem.fpc.01.129.08doc..pdf,204168,931
2008-12-03,Central Bank of Nigeria,circulars,Foreign Exchange Market Auction WDAS No. 92/2008,,"Foreign Exchange Market Auction offers, Wholesale Dutch Auction System (WDAS) Authorised Dealers customers bids,Reuters Dealing 3000 Terminal. B. Musa Ted/Fem/Gen/Fpc/01/130/08.",Ted-Fem-Fpc-Gen-01-130-08,https://www.cbn.gov.ng/out/circulars/ted/2008/ted.fem.fpc.01.130.08doc..pdf,204171,930
2008-12-05,Central Bank of Nigeria,circulars,Circular on Access to Intra-day Facility,,"Circular on Access to Intra-day Facility,Circular,Intraday,Facility,CBN,Central Bank of Nigeria,BOD,Banking Operations Department,RTGS,Real Time Gross Settlement System,CIFTS,CBN Inter-bank Funds Transfer System,DMBs,DHs",BOD/DIR/CIR/2008/GEN/3/18,https://www.cbn.gov.ng/out/circulars/bod/2008/circular on access to the intra-day facility.pdf,454800,929
2008-12-10,Central Bank of Nigeria,circulars,Foreign Exchange Market Auction WDAS No. 93/2008,,"Foreign Exchange Market Auction offers, Wholesale Dutch Auction System (WDAS) Authorised Dealers customers bids,Reuters Dealing 3000 Terminal. B. Musa Ted/Fem/Gen/Fpc/01/131/08.",Ted-Fem-Fpc-Gen-01-131-08,https://www.cbn.gov.ng/out/circulars/ted/2008/ted.fem.fpc.01.131.08doc..pdf,204161,928
2008-12-12,Central Bank of Nigeria,circulars,Reduction in the Net Open Position of Banks,,"All Authorised Dealers development foreign exchange market,Management,Central Bank Nigeria approved reduction Net Open Position (NOP) 20% to 10%. Salako, H. A., Trade & Exchange Department.",Ted-Fem-Fpc-Gen-01-132-08,https://www.cbn.gov.ng/out/circulars/ted/2008/ted.fem.fpc.01.132.08.pdf,60846,927
2008-12-17,Central Bank of Nigeria,circulars,Circular to all Banks and International Money Transfer Operators in Nigeria,,"circular,centralbankofnigeria,cbn,money,transfer,operators,bank,banks,nigeria,beneficiaries,customers,soludo,operations,finance,financial,institutions,transfer,complaints,beneficiary,code,payment,refund,agents,town,communicate,safe,transparent",BSD/DO/CIR/GEN/VOL.2/012,https://www.cbn.gov.ng/out/circulars/bsd/2008/circular.moneytransfer2.pdf,133100,925
2008-12-17,Central Bank of Nigeria,circulars,Closure of Foreign Exchange Market for 2008,,"Consideration Christmas,New Year Holidays,Authorised Dealers,informed Foreign Exchange Market Auction close Monday 22nd December, 2008. Market re-open Monday 5th January, 2009. Musa, B. Trade & Exchange Department.",Ted-Fem-Fpc-Gen-01-134-08,https://www.cbn.gov.ng/out/circulars/ted/2008/ted.fem.fpc.gen.01.134.08.pdf,217731,924
2008-12-17,Central Bank of Nigeria,circulars,Closure of Forex Sales to the BDCs,,"Consideration Christmas, New Year Holidays, CBN close sale Forex BDCs effective Friday 19th December, 2008. Foreign Exchange Market re-open Monday 5th January, 2009. Musa, B. Trade & Exchange Department.",Ted-Fem-Fpc-Gen-01-135-08,https://www.cbn.gov.ng/out/circulars/ted/2008/ted.fem.fpc.gen.01.135.08.pdf,218856,923
2008-12-17,Central Bank of Nigeria,circulars,Returns on Interest Rates on Deposits and Loans,,"bank,banks,interest,rates,deposits,loans,centralbankofnigeria,cbn,returns,bankingsupervisiondepartment,information,stakeholders,banking,supervision,soludo,month",BSD/Dir/Cir/Gen/Vol.02/018,https://www.cbn.gov.ng/out/circulars/bsd/2008/circular on returns on interest rates.pdf,130299,926
2008-12-30,Central Bank of Nigeria,circulars,Year 2008 Christian Pilgrimage: Purchase of Pilgrims Travelling Allowance,,"Federal Government approved maximum 17,000 pilgrims 2008 pilgrimage Israel. Government approved purchase maximum US$1,000.00. Musa, B. Trade & Exchange Department.",Ted-Fem-Fpc-Gen-01-136-08,https://www.cbn.gov.ng/out/circulars/ted/2008/ted.fem.fpc.gen.01.136.08.pdf,383620,922
2008-12-31,Central Bank of Nigeria,circulars,Deployment of Resident Examiners to Banks,,"resident examiners,banks,cbn,central bank of nigeria,deployment,circular,deposit money bank,",BSD/DO/CIR/Vol.2/12,https://www.cbn.gov.ng/out/circulars/bsd/2008/circular on deployment of resident examiners in banks.pdf,248205,921
2009-01-09,Central Bank of Nigeria,circulars,Re: 2008 Chritian Pilgrimage: Purchase of Pilgrims Traveling Allowance,,"Further circular Ref: TED/FEM/FPC/GEN/01/136 of 30/12/2008, Authorised Dealers notified additional list Pilgrims various states. Musa, B Trade & Exchange Department.",Ted-Fem-Fpc-Gen-01-001-09,https://www.cbn.gov.ng/out/circulars/ted/2009/ted.fem.fpc.gen.01.001.09.pdf,219093,920
2009-01-15,Central Bank of Nigeria,circulars,Foreign Exchange Auction,,Foreign Exchange Auction Bid Form. ,Ted-Fem-Fpc-Gen-01-003A-09,https://www.cbn.gov.ng/out/circulars/ted/2009/,7157,919
2009-01-15,Central Bank of Nigeria,circulars,Further Reduction in Forex Net Open Position (NOP) of Banks,,"Further circular ref: TED/FEM/FPC/GEN/01/132 dated December 12, 2008,Authorised Dealers informed Management CBN approved reduction foreign exchange NOP from 10% to 5% shareholders funds effective 19/01/2009. Batari Musa, Trade & Exchange Department.",Ted-Fem-Fpc-Gen-01-002-09,https://www.cbn.gov.ng/out/circulars/ted/2009/ted.fem.fpc.01.002.09.pdf,209550,917
2009-01-15,Central Bank of Nigeria,circulars,Guidelines for the Operation of the Foreign Exchange Market: Retail Dutch Auction System (RDAS),,"Recent developments,Foreign Exchange Market,review guidelines operations WDAS. CBN intervane Foreign Exchange Market,Retail Dutch Auction System (RDAS) effective Monday January 19, 2009. Batari Musa, Trade & Exchange Department.",Ted-Fem-Fpc-Gen-01-003-09,https://www.cbn.gov.ng/out/circulars/ted/2009/ted.fem.fpc.gen.01.003.09.pdf,210607,918
2009-01-26,Central Bank of Nigeria,circulars,Notice of Meeting On Import Duty Collection Scheme (IDCS),,"This is to inform all Designated Banks for Customs Revenue Collection. Destination Inspection Sservice Providers and the Nigeria Customs (including NCS Area Controllers and the ASYCUDA Project Leader) that the meting has been scheduled to hold at Conference Hall, Central Bank of Nigeria, Abeokuta on friday 6th February, 2009 at 11.00a.m. prompt. Signed Batari Musa, Ag. Director, Trade & Exchange Dept.",Ted-Fem-Fpc-Gen-01-007-09,https://www.cbn.gov.ng/out/circulars/ted/2009/ted-fem-gen-fpc-01-007-2009.pdf,49847,916
2009-01-29,Central Bank of Nigeria,circulars,Liquidity and Capital Adequacy Ratio Computation,,"banks,liquidity,ratio,capital,money,bank,Nigeria,centralbankofNigeria,meeting,discounthouses,certificates,deposit,deposits,balance,account,reserve,commercial,papers,assets,liabilities,treasury,bills,profit,reserves,premium,investment,call,adequacy",BSD/DO/Cir/Gen/Vol.02/044,https://www.cbn.gov.ng/out/circulars/bsd/2009/circular-liquidity ratio january 2009.pdf,160614,915
2009-01-29,Central Bank of Nigeria,circulars,Publication of Interest Rates,,"Banks,bank,money,deposit,rates,lending,cbn,charges,banks,fees,commissions,business,soludo,Nigeria,centralbankofnigeria",BSD/Dir/Cir/Gen/02/019,https://www.cbn.gov.ng/out/circulars/bsd/2009/circular on  interest rate. january 2009.pdf,134743,914
2009-02-02,Central Bank of Nigeria,circulars,Re: Further Reduction In Forex Net Open Position (NOP) Of Banks,,"Further to the circular ref: TED/FEM/GEN/FPC/01/002/09 dated January 15, 2009, we hereby inform all Authorised Dealers that the effective date for the NOP reduction from 10% to 5% of shareholders funds is January 19, 2009 not January 19, 2008 as stated in the circular under reference. Authorised Dealers are enjoined to bring this tothe notice of their customers.
Signed by  B. Musa
AG. DIRECTOR
TRADE & EXCHANGE DEPARTMENT",Ted-Fem-Fpc-Gen-01-010-09,https://www.cbn.gov.ng/out/circulars/ted/2009/ted-fem-gen-fpc-01-010-2009.pdf,48931,913
2009-02-04,Central Bank of Nigeria,circulars,Foreign Exchange Market Auction No. 6/2009,,"Futher to our circular Ref. TED/FEM/FPC/01/003/09 of 15th January 2009, the CBN here offers USD200.00 million (Two Hundred Million United States Dollars) for sale at the Foreign Exchange Auction of Wednesday 4th February 2009.
Authorised Dealers are hereby invited to submit their customers' bids to the CBN Abuja at the Addresses stipulated in the Circular under reference between 9.00a.m. and 11.00 a.m.
They are reminded that their current accounts with the CBN must be adequately funded on the day of bidding andthe accounts remain funded at the time of disbursement, failing which the bids will be disqualified. Signed by B. Musa, Ag. Director,
Trade & Exchange Department",Ted-Fem-Fpc-Gen-01-011-09,https://www.cbn.gov.ng/out/circulars/ted/2009/ted-fem-gen-fpc-01-011-2009.pdf,49841,912
2009-02-04,Central Bank of Nigeria,circulars,Re: Year 2008 Christian Pilgrimage Purchase of Pilgrims Travelling Allowance,,"Further to the Circular Ref. TED/FEM/FPC/GEN/01/136 of december 30, 2008 on the above subject, Authorised Dealers are hereby notified of additional list of Pilgrims from various states of the Federation as indicated in the Table below:
For avoidance of doubt, Authorised Dealers are to note that all the conditions for the sale of Pilgrims travelling Allowance stated in the circular under reference are applicable.

Signedby B. Musa,
Ag. Director, Trade & Exchange Dept.",Ted-Fem-Fpc-Gen-01-012-2009,https://www.cbn.gov.ng/out/circulars/ted/2009/ted-fem-fpc-gen-01-012-2009.pdf,84411,911
2009-02-09,Central Bank of Nigeria,circulars,Foreign Exchange Market Auction No. 07/2009,,"Further to our circular ref. TED/FEM/FPC/01/003/09 of 15th January 2009, CBN hereby offers the amount of USD200.00 million (Two Hundred Million United States Dollars) for sale at the Foreign Exchange auction of Monday 9th February, 2009.
Authorised Dealers are therefore invited to submit their customers' bids to CBN Abuja at the addresses stipulated in the circular.

Signed: B. Musa, Ag. Director, Trade & Exchange Dept.",Ted-Fem-Fpc-Gen-01-013-09,https://www.cbn.gov.ng/out/circulars/ted/2009/ted-fem-gen-fpc-01-013-2009.pdf,49332,908
2009-02-09,Central Bank of Nigeria,circulars,Further Guidelines on The Operatives Of The Foreign Exchange Market,,"The Monetary Policy Committee (MPC) of the Central Bank of Nigeria met and reviewed the development in the domestic foreign exchange market. It noted the success of themeasures introduced in January, 2009 especially in respect of the re-introduction of the Real Dutch Auction System (RDAS) and the subsequent moderation in the exchange rate.  However, in order to strengthen the effectiveness of the RDAS as well as anchor expectations andfurther stabilize the exchange rate, the CBN wishes to communicate the following informationand guidelines for your noting and full compliance: 

Signed: b. Musa
Ag. Director, Trade & Exchange Dept. ",Ted-Fem-Fpc-Gen-01-015-09,https://www.cbn.gov.ng/out/circulars/ted/2009/ted-fem-fpc-gen-01-015-2009.pdf,82707,910
2009-02-09,Central Bank of Nigeria,circulars,Re: Year 2008 Christian Pilgrimage Purchase Of Pilgrims Travelling Allowance,,"Further to the circular Ref: TED/FEM/FPC/GEN/01/136 of December 30, 2008 on the above subject, Authorised Dealers are hereby notified of additional list of Pilgrims from various states of the Federation as indicated in the Table below.
For avidance of doubt, Authorised Dealers are to note thaat all the conditions for sale of Pilgrims travelling Allowance stated in the Circular under reference are applicable. 
Signed by: B Musa, Ag. Director, Trade & Exchange Dept.",Ted-Fem-Fpc-Gen-01-014-2009,https://www.cbn.gov.ng/out/circulars/ted/2009/ted-fem-gen-fpc-01-014-2009.pdf,81957,909
2009-02-11,Central Bank of Nigeria,circulars,Foreign Exchange Auction No. 8/2009,,"Further to our circular ref. TED/FEM/FPC/01/003/09 of 15th January 2009, the CBN hereby offers the amount of USD200.00million (Two Hundred Million United States Dolars) for sale at the Foreign Exchange Auction of Wednesday 11th February 2009.
Authorised Dealers are therefore invited to submit their customers bids to the CBN Abuja at the addresses stipulated in the circular under reference between 9.00 a.m. and 11.00 a.m.
Signed : B. Musa, Ag. Director, trade and Exchange Dept.",Ted-Fem-Fpc-Gen-01-016-2009,https://www.cbn.gov.ng/out/circulars/ted/2009/ted-fem-gen-fpc-01-016-2009.pdf,49352,907
2009-02-16,Central Bank of Nigeria,circulars,"Documentation At The Stage of Clearing Goods:
Use of Electronic Form 'M' (XML Copy) For The Purpose of Clearance of Goods.",,"Inthe continued effort to improve the turn around time for clearance of goods at the ports, notice is hereby giventhat Federal Government has approved teh use of electronic Form 'M' (i.e. XML format) by the Nigeria Customs Service or the purpose ofclearance of goods at entry points.
Accordingly, importers will no longer be required to submit hard copies of Form 'M' to the NCS a part of documentation requirements for goods clearance with effect from the date of this circular.
For the avoidance of doubt, hard copy of the From 'M' will continue to serve as part of documentton for import registration at the desks of Authorised Dealer Banks.  All stakeholders and the general public are hereby enjoined to ensure compliance.
Signed by B. Musa, Ag. Director, TED",Ted-Fem-Gen-Fpc-01-019,https://www.cbn.gov.ng/out/circulars/ted/2009/ted-fem-gen-fpc-01-019-2009.pdf,52315,906
2009-02-16,Central Bank of Nigeria,circulars,Repatriation of Unutilized Retail Dutch Auction System (RDAS) By Authorized Dealers,,"Further to the circular ref. No. TED/FEM/FPC/GEN/01/003 of january 15, 2009 Authorized Dealers are hereby requested that henceforth the transfer instructions to the correspondent banks on the repatriationof unutilised foreign exchange balances should contain the following details: (1) RDAS reference number; (2)  Name of the bank; (3)  Purpose of payment.
Any unutilized funds remitted to CBN SPECIAL FEM ACCOUNT with J.P. Morgan Chase Bank, New York without the above mentioned details will not be procesed.",Ted-Fem-Fpc-Gen-01-020,https://www.cbn.gov.ng/out/circulars/ted/2009/ted-fem-gen-fpc-01-020-2009.pdf,51068,905
2009-02-16,Central Bank of Nigeria,circulars,Workshop on the Re-introduced Retail Dutch Auction System (RDAS) Operations,,"Following the re-introduction of RDAS, CBN is organizing a Workshop as follows:
Date   17 February, 2009
Time   9.00a.m.
Venue:   Sheraton Hotel & Towers, Lagos.
Authorized Dealers are required to nominate a maximum of three staff from their Treasury adn International Operations Department to participate.
To enable us conclude necessary arrangement for the workshop, the names of the nominees and their grade should be forwarded to the Senior Manager, Policy Monitoring Office, TED, 4th Floor, Old Building, CBN, Lagos.
Signed by B. Musa, Ag. Director, TED",Ted-Fem-Fpc-Gen-01-018,https://www.cbn.gov.ng/out/circulars/ted/2009/ted-fem-gen-fpc-01-018-2009.pdf,50144,904
2009-02-18,Central Bank of Nigeria,circulars,Foreign Exchange Market Auction No. 10/2009,,"Foreign Exchange Market Auction offers, Retail sale Dutch Auction System (RDAS) Authorised Dealers customers' bids,CBN Abuja. Batari. Musa Ted/Fem/Gen/Fpc/01/021/09.",Ted-Fem-Fpc-Gen-01-021-09,https://www.cbn.gov.ng/out/circulars/ted/2009/ted.fem.fpc.01.021.09doc..pdf,204558,903
2009-02-23,Central Bank of Nigeria,circulars,Foreign Exchange Market Auction No. 11/2009,,"Foreign Exchange Market Auction offers, Retail sale Dutch Auction System (RDAS) Authorised Dealers customers' bids,CBN Abuja. H. A. SalakoTed/Fem/Gen/Fpc/01/022/09.",Ted-Fem-Fpc-Gen-01-022-09,https://www.cbn.gov.ng/out/circulars/ted/2009/ted.fem.fpc.01.022.09doc..pdf,66670,902
2009-02-25,Central Bank of Nigeria,circulars,Foreign Exchange Market Auction No. 12/2009,,"Foreign Exchange Market Auction offers, Retail sale Dutch Auction System (RDAS) Authorised Dealers customers' bids,CBN Abuja.Batari Musa Ted/Fem/Gen/Fpc/01/023/09.",Ted-Fem-Fpc-Gen-01-023-09,https://www.cbn.gov.ng/out/circulars/ted/2009/ted.fem.fpc.01.023.09doc..pdf,204555,901
2009-02-25,Central Bank of Nigeria,circulars,"Retail Durch Auction System (RDAS): sale of foreign Exchange by Oil and Oil Services Companies, NNPC, and Other Government Agencies",,"In order to ensure consistency with the RDAS framework, avoid leakages and abuses in the utilization of foreign exchanage, the procedures for the sale of foreign exchange by oil and oil services companies, NNPC, NPA, NMA and Shippers Council,and other Government agencies to meet their local commitments are hereby reviewed as follows: (1) With effect from February 26, 2009 oil and oil services sell their foreign exchange receipts to the CBN; (2)All Govt Agencies earning Forex including NNPC,NPA,NMA AND sHIPPERS cOUNCIL are required to sell their forex to CBN; (3)The price at which CBN stands ready to buy should not be more than 1% below its immediate past selling price at the RDAS.
Signed by the Governor of Central Bank, Prof. Chukwuma C. Soludo (CFR)",Ted-Fem-Fpc-Gen-01-24,https://www.cbn.gov.ng/out/circulars/ted/2009/ted-fem-fpc-gen-01-24-2009.pdf,619419,900
2009-02-26,Central Bank of Nigeria,circulars,Non-Compliance With Provisions of Anti-Money Laundeering (Prohibition) Act No.7 of 2003 and Foreign Exchange (Monitoring and Miscellaneous Provisions) Act No. 17 of 1995,,"It ha been observed that some Authorised Dealers do not comply with the relevant provisions of the two Acts stated above in terms of :Reporting transfer to or froma foreign country of funds or securities of a sum exceeding US$10,000; identifying a casual customer undertaking any transaction involving a sum exceeding US$5,000 and withdrawal in cash only of forex imported in excess of US$10,000.
Inconsideration to the above Acts, Authorised Dealers are: reminded to comply strictly with the provisions of sections 2, 3 and 5 of the Money laundering (Prohibition) Act and Section 21 of the Forex (Monitoring and Misc. Provisions) Act; Allowed to transfer forex below US$10,000 subject to verifiable adequate and appropriate documentation; All transactions and balances on domiciliary account and money transfers ae to be reported to CBN.  CBN will use SWIFT to verify teh returns.
Signed by: H.A. Salako, for: Ag. Director, TED",Ted-Fem-Fpc-Gen-01-25-2009,https://www.cbn.gov.ng/out/circulars/ted/2009/ted-fem-fpc-gen-01-25-2009.pdf,519824,898
2009-02-26,Central Bank of Nigeria,circulars,Reforms of the BDC Segment of the Foreign Exchange Market,,"This to inform All Authorised Dealers, Bureaux De Change (BDC) operators and the general public gthat the licensing requirements of BDCs have been reviewed. Henceforth, BDCs have been restructured into two caategories.
Signed by: H.A. Salako for Ag. Director, TED",Ted-Fem-Fpc-Gen-01-26-2009,https://www.cbn.gov.ng/out/circulars/ted/2009/ted-fem-fpc-gen-01-26-2009.pdf,753973,899
2009-02-27,Central Bank of Nigeria,circulars,Circular of Timeline for Migration from Magnetic Stripe to Chip+PIN/EMV,,"Circular of Timeline for Migration from Magnetic Stripe to Chip+PIN/EMV,CBN,Central Bank of Nigeria,BOD,Banking Operations Department,Extension,Timeline,Magnetic Stripe,Chip,PIN,EMV,National Payment System Committee,NPSC,smart card,technology,February,timeline,stakeholderssanctions",BOD/DIR/CIR/GEN/01/23,https://www.cbn.gov.ng/out/circulars/bod/2009/circular on the extension of timeline for chip pin-emv.pdf,365032,896
2009-02-27,Central Bank of Nigeria,circulars,Circular on Compliance with CIFTS Operating Hours,,"CBN,Central Bank of Nigeria,BOD,Banking Operations Department,Circular,DMBs,Deposit Money Banks,Compliance,CIFTS,Operating Hours,CBN Inter-bank Funds Transfer System,Rules and Regulations,Participants,Abuja,February",BOD/DIR/CIR/GEN/01/22,https://www.cbn.gov.ng/out/circulars/bod/2009/circular on compliance with cifts operation hours.pdf,307598,895
2009-02-27,Central Bank of Nigeria,circulars,"Operational Guidelines for Class A"" Bureaux De Change Operators",,"In the continued effort to enhance he operations of the forex makrket, tahe CBN hereby issues revised operational guidelines on the operaitons of Bureaux De Change (BDC) in Nigeria.
Signed by: H.A. Salako for Ag. Director, TED",Ted-Fem-Fpc-Gen-01-27-2009,https://www.cbn.gov.ng/out/circulars/ted/2009/ted-fem-fpc-gen-01-27-2009.pdf,650186,897
2009-03-02,Central Bank of Nigeria,circulars,Circular on Insider-Related Credits and Reporting Requirements for All Operators and External Auditors of Microfinance Banks.,,"Regulatory and Supervisory Guidelines for Microfinance Banks in Nigeria,insider-related credits,Banks and Other Financial Institutions Act (BOFIA), 1991 (as amended),unsecured advances, loans or unsecured credit facilities of an aggregate amount,non-perf",OFID-01-2009,https://www.cbn.gov.ng/out/circulars/ofid/2009/ofid-01-2009.pdf,84105,894
2009-03-02,Central Bank of Nigeria,circulars,Foreign Exchange Market Auction No. 13/2009,,"Foreign Exchange Market Auction offers, Retail sale Dutch Auction System (RDAS) Authorised Dealers customers' bids,CBN Abuja.Batari Musa Ted/Fem/Gen/Fpc/01/028/09.",Ted-Fem-Fpc-Gen-01-028-09,https://www.cbn.gov.ng/out/circulars/ted/2009/ted.fem.fpc.01.028.09doc..pdf,204427,893
2009-03-03,Central Bank of Nigeria,circulars,Removal of Some Items from Excise Duty Payment,,"Authorised Dealers, Nigeria Customs Service, Inspection Agents (Service Providers), General Public. Federal Goverment,approved removal excise duty payment schedule 5 2008-2012 Tariff Books effective January 1, 2009. Batari Musa, Trade & Exchange Department.",Ted-Fem-Fpc-Gen-01-030-09,https://www.cbn.gov.ng/out/circulars/ted/2009/ted-fem-fpc-gen-01-030.09oc.pdf,220066,892
2009-03-04,Central Bank of Nigeria,circulars,Foreign Exchange Market Auction No. 14/2009,,"Foreign Exchange Market Auction offers, Retail sale Dutch Auction System (RDAS) Authorised Dealers customers' bids,CBN Abuja.
Batari Musa Ted/Fem/Gen/Fpc/01/031/09. ",Ted-Fem-Fpc-Gen-01-031-09,https://www.cbn.gov.ng/out/circulars/ted/2009/ted.fem.fpc.01.031.09doc..pdf,204543,890
2009-03-06,Central Bank of Nigeria,circulars,"Modalities for Sale of Foreign Exchange by Oil and Oil Services Companies, NNPC and other Governement Agencies.",,"Further circular ref: TED/FEM/FPC/GEN/01/024,25/02/09 procedure noted compliance. Batari Musa,Trade & Exchange Department.",Ted-Fem-Fpc-Gen-01-032-09,https://www.cbn.gov.ng/out/circulars/ted/2009/ted.fem.fpc.gen.01.032.09.pdf,205673,888
2009-03-06,Central Bank of Nigeria,circulars,Re: Year 2008 Christian Pilgrimage - Purchase of Pilgrims Travelling Allowance.,,"Further circular ref: TED/FEM/FPC/GEN/01/136, 30/12/2008. Authorised Dealers,notified additional Pilgrims Imo State. Batari Musa,Trade & Exchange Department.",Ted-Fem-Fpc-Gen-01-033-09,https://www.cbn.gov.ng/out/circulars/ted/2009/ted.fem.fpc.01.033.08doc..pdf,203KB,889
2009-03-11,Central Bank of Nigeria,circulars,Foreign Exchange Market Auction No. 15/2009,,"Foreign Exchange Market Auction offers, Retail sale Dutch Auction System (RDAS) Authorised Dealers customers' bids,CBN Abuja.Batari Musa Ted/Fem/Gen/Fpc/01/034/09.",Ted-Fem-Fpc-Gen-01-034-09,https://www.cbn.gov.ng/out/circulars/ted/2009/ted.fem.fpc.01.034.09doc..pdf,204546,887
2009-03-12,Central Bank of Nigeria,circulars,Reforms of The BDC Segment of The Foreign Exchange Market,,"capitalization requirement,financial institutions,bdc,cbn,bereau de change,bsd,",BSD/DIR/GEN/CIR/03/002,https://www.cbn.gov.ng/out/circulars/bsd/2009/bsd circular for new bdc fin inst.pdf,39075,886
2009-03-16,Central Bank of Nigeria,circulars,Circular on Update to the CBN Lending Windows,,"Circular,Update,CBN,Standing,Lending,Facility,Discount,Windows,Circular on Update to the CBN Lending Windows,Repurchase Facility Window,Expanded Discount Window,EDW,repo,State Government Bonds,NDIC Accommodation Bills,Bankers Acceptances,Guaranteed Commercial Papers,Promissory Notes,BAnking Operations Department,BODMPR,Abuja,Director",BOD/DIR/CIR/GEN/01/023,https://www.cbn.gov.ng/out/circulars/bod/2009/circular on update to the cbn lending windows0001.pdf,946272,885
2009-03-16,Central Bank of Nigeria,circulars,Conduct of Retail Dutch Auction System (RDAS) Session,,"Continued effort meet legitimate foreign exchange demand,Authorised Dealers hereby notified henceforth,conduct RDAS daily effective Wednesday,March 18, 2009. Batari Musa, Trade & Exchange.",Ted-Fem-Fpc-Gen-01-036-09,https://www.cbn.gov.ng/out/circulars/ted/2009/ted.fem.fpc.gen.01.036.09.pdf,207161,883
2009-03-16,Central Bank of Nigeria,circulars,Foreign Exchange Market Auction No. 16/2009,,"Foreign Exchange Market Auction offers, Retail sale Dutch Auction System (RDAS) Authorised Dealers customers' bids,CBN Abuja.Batari Musa Ted/Fem/Gen/Fpc/01/035/09.",Ted-Fem-Fpc-Gen-01-035-09,https://www.cbn.gov.ng/out/circulars/ted/2009/ted.fem.fpc.01.035.09doc..pdf,204550,884
2009-03-18,Central Bank of Nigeria,circulars,Foreign Exchange Market Auction No. 17/2009,,"Foreign Exchange Market Auction offers, Retail sale Dutch Auction System (RDAS) Authorised Dealers customers' bids,CBN Abuja.Batari Musa Ted/Fem/Gen/Fpc/01/037/09.",Ted-Fem-Fpc-Gen-01-037-09,https://www.cbn.gov.ng/out/circulars/ted/2009/ted.fem.fpc.01.037.09doc..pdf,204534,882
2009-03-19,Central Bank of Nigeria,circulars,Foreign Exchange Market Auction No. 18/2009,,"Foreign Exchange Market Auction offers, Retail sale Dutch Auction System (RDAS) Authorised Dealers customers' bids,CBN Abuja.Batari Musa Ted/Fem/Gen/Fpc/01/038/09.",Ted-Fem-Fpc-Gen-01-038-09,https://www.cbn.gov.ng/out/circulars/ted/2009/ted.fem.fpc.01.038.09doc..pdf,204529,881
2009-03-20,Central Bank of Nigeria,circulars,Anti-Money Laundering/Combating Financing of Terrorism (AML/CFT)Compliance Manual for Banks and Other Financial Institutions in Nigeria,,"CBN,cbn,centralbankofnigeia,money,laundering,combating,terrorism,institutions,banks,bank,manual,guidelines,financial,criminal,kyc,identification,business,customer,trade,loan,suspicious,evidence,development,soludo,nfiu,efcc,fatf,cash,fund,persons,legislation,record,issue,government,nigeria,account,identification,criminals,",BSD/Dir/Gen/Aml/03/009/1,https://www.cbn.gov.ng/out/circulars/bsd/2009/circular.aml compliance manual.pdf,400165,878
2009-03-20,Central Bank of Nigeria,circulars,Foreign Exchange Market Auction No. 18/2009,,"Foreign Exchange Market Auction offers, Retail sale Dutch Auction System (RDAS) Authorised Dealers customers' bids,CBN Abuja.Batari Musa Ted/Fem/Gen/Fpc/01/039/09.",Ted-Fem-Fpc-Gen-01-039-09,https://www.cbn.gov.ng/out/circulars/ted/2009/ted.fem.fpc.01.039.09doc..pdf,204507,880
2009-03-20,Central Bank of Nigeria,circulars,Reminder to Address Anti-Money Laundering/Combating Financing of Terrorism Issues- Circular to all Banks and Other Financial Institutions.,,"Financing,terrorism,FATF,EFCC,Nigeria,Supervision,Banking,cbn,transaction,bank,banks, soludo,institutions,operations,information,legislation,manual,compliance,guidance,NFIU,suspicious,cash,doubt,regulation,manual,officers,law,inteliigence,bureau",BSD/Dir/Gen/Aml/03/009/2,https://www.cbn.gov.ng/out/circulars/bsd/2009/circular. reminder to aml.cft.pdf,132473,879
2009-03-23,Central Bank of Nigeria,circulars,Circular on Lending Rates on the CBN Window,,"Circular on Lending Rates on the CBN Window,circular,lending,CBN,Central Bank of Nigeria,BOD,Banking Operations Department,rates,director,tenors,window,repo,expanded discount window,EDW,MPR,Monetary Policy Rate",BOD/DIR?CIR/01/24,https://www.cbn.gov.ng/out/circulars/bod/2009/circular on lending rates on the cbn window.pdf,382739,877
2009-03-24,Central Bank of Nigeria,circulars,Foreign Exchange Market Auction No. 21/2009,,"Foreign Exchange Market Auction offers, Retail sale Dutch Auction System (RDAS) Authorised Dealers customers' bids,CBN Abuja.Batari Musa Ted/Fem/Gen/Fpc/01/041/09.",Ted-Fem-Fpc-Gen-01-041-09,https://www.cbn.gov.ng/out/circulars/ted/2009/ted.fem.fpc.01.041.09doc..pdf,204550,876
2009-03-24,Central Bank of Nigeria,circulars,Use of RDAS Funds For Investment In Securities Denominated In Foreign Currencies and Establishment of Offshore Subsidiaries/Branches,,"In furtherance of he ongoing reforms, Authorised Dealers and the General Public are hereby notified that, with effect from the date of this circular, Rdas funds shall not be eligible for investment in securities denominated in foreign currencies abroad and setting up of offshore subsidiaries/branches.
Please ensure compliance accordingly.
Signed by:  Batari Musa, Ag. Director, Trade and Exchange Department",Ted-Fem-Fpc-Gen-01-044,https://www.cbn.gov.ng/out/circulars/ted/2009/ted-fem-fpc-gen-01-44-2009.pdf,71597,875
2009-03-25,Central Bank of Nigeria,circulars,Foreign Exchange Market Auction No. 22/2009,,"Foreign Exchange Market Auction offers, Retail sale Dutch Auction System (RDAS) Authorised Dealers customers' bids,CBN Abuja.Batari Musa Ted/Fem/Gen/Fpc/01/043/09.",Ted-Fem-Fpc-Gen-01-043-09,https://www.cbn.gov.ng/out/circulars/ted/2009/ted.fem.fpc.01.043.08doc..pdf,204280,874
2009-03-26,Central Bank of Nigeria,circulars,Foreign Exchange Market Auction No. 23/2009,,"Foreign Exchange Market Auction offers, Retail sale Dutch Auction System (RDAS) Authorised Dealers customers' bids,CBN Abuja.Batari Musa Ted/Fem/Gen/Fpc/01/045/09.",Ted-Fem-Fpc-Gen-01-045-09,https://www.cbn.gov.ng,,873
2009-03-27,Central Bank of Nigeria,circulars,Foreign Exchange Market Auction No. 24/2009 ,,"Foreign Exchange Market Auction offers, Retail sale Dutch Auction System (RDAS) Authorised Dealers customers' bids,CBN Abuja.Batari Musa Ted/Fem/Gen/Fpc/01/046/09.",Ted-Fem-Fpc-Gen-01-046-09,https://www.cbn.gov.ng/out/circulars/ted/2009/ted.fem.fpc.01.046.09doc..pdf,204516,872
2009-03-30,Central Bank of Nigeria,circulars,Foreign Exchange Market Auction No. 25/2009,,"Foreign Exchange Market Auction offers, Retail sale Dutch Auction System (RDAS) Authorised Dealers customers' bids,CBN Abuja. H. A. SalakoTed/Fem/Gen/Fpc/01/047/09.",Ted-Fem-Fpc-Gen-01-047-09,https://www.cbn.gov.ng/out/circulars/ted/2009/ted.fem.fpc.01.047.09doc..pdf,66713,871
2009-03-31,Central Bank of Nigeria,circulars,Foreign Exchange Market Auction No. 26/2009,,"Foreign Exchange Market Auction offers, Retail sale Dutch Auction System (RDAS) Authorised Dealers customers' bids,CBN Abuja.Batari Musa Ted/Fem/Gen/Fpc/01/048/09.",Ted-Fem-Fpc-Gen-01-048-09,https://www.cbn.gov.ng/out/circulars/ted/2009/ted.fem.fpc.01.048.08doc..pdf,204741,870
2009-04-02,Central Bank of Nigeria,circulars,Foreign Exchange Market Auction No. 28/2009,,"Foreign Exchange Market Auction offers, Retail sale Dutch Auction System (RDAS) Authorised Dealers customers' bids,CBN Abuja.H. A. Salako Ted/Fem/Gen/Fpc/01/050/09.",Ted-Fem-Fpc-Gen-01-050-09,https://www.cbn.gov.ng/out/circulars/ted/2009/ted.fem.fpc.01.050.08doc..pdf,204682,869
2009-04-03,Central Bank of Nigeria,circulars,Foreign Exchange Market Auction No. 29/2009,,"Foreign Exchange Market Auction offers, Retail sale Dutch Auction System (RDAS) Authorised Dealers customers' bids,CBN Abuja.Batari Musa Ted/Fem/Gen/Fpc/01/051/09.",Ted-Fem-Fpc-Gen-01-051-09,https://www.cbn.gov.ng/out/circulars/ted/2009/ted.fem.fpc.01.051.08doc..pdf,204720,868
2009-04-07,Central Bank of Nigeria,circulars,Deployment of Automated Teller Machines (ATMs),,"ATM, teller, automated, deploymnt, banking, operations, BOD, payments, payments system, DMB, money, banks, CBN, channel, ATM, public, ATMC, ATM Consortium, consortium, consortia",BOD/DIR/CIR/GEN/01/48,https://www.cbn.gov.ng/out/circulars/bod/2009/circular - deployment of atomated teller machines.pdf,492736,865
2009-04-07,Central Bank of Nigeria,circulars,Foreign Exchange Market Auction No. 30/2009,,"Foreign Exchange Market Auction offers, Retail sale Dutch Auction System (RDAS) Authorised Dealers customers' bids,CBN Abuja.Batari Musa Ted/Fem/Gen/Fpc/01/052/09.",Ted-Fem-Fpc-Gen-01-052-09,https://www.cbn.gov.ng/out/circulars/ted/2009/ted.fem.fpc.01.052.09doc..pdf,205389,867
2009-04-07,Central Bank of Nigeria,circulars,Foreign Exchange Market Auction No. 31/2009,,"Foreign Exchange Market Auction offers, Retail sale Dutch Auction System (RDAS) Authorised Dealers customers' bids,CBN Abuja.Batari Musa Ted/Fem/Gen/Fpc/01/053/09.",Ted-Fem-Fpc-Gen-01-053-09,https://www.cbn.gov.ng/out/circulars/ted/2009/ted.fem.fpc.01.053.09doc..pdf,204540,866
2009-04-08,Central Bank of Nigeria,circulars,Foreign Exchange Market Auction No. 32/2009,,"Foreign Exchange Market Auction offers, Retail sale Dutch Auction System (RDAS) Authorised Dealers customers' bids,CBN Abuja.Batari Musa Ted/Fem/Gen/Fpc/01/054/09.",Ted-Fem-Fpc-Gen-01-054-09,https://www.cbn.gov.ng/out/circulars/ted/2009/ted.fem.fpc.01.054.09doc..pdf,204504,863
2009-04-08,Central Bank of Nigeria,circulars,"Sanctions for the Violation of the Decision on Maximum Deposit Rate, Lending Rate and Other Charges.",,"09 616 35433, 616 36403

09 616 36418

BSD/DIR/GEN/CIR/03/003

April 8, 2009

CIRCULAR TO ALL BANKS 

SANCTIONS FOR VIOLATION OF THE DECISION ON MAXIMUM DEPOSIT RATE, LENDING RATE AND OTHER CHARGES

1.	It will be recalled that the Bankers’ Committee at its meeting of March 21, 2009 unanimously decided to reduce maximum deposit rate to 15 per cent per annum, lending rate to 22 per cent per annum, and other charges to 2 per cent per annum with effect from April 1, 2009 till December 31, 2009 in the interest of the banking industry.

2.	However, in less than two weeks after the said Bankers’ Committee decision was made public, some banks have resumed the fierce competition for deposits by offering deposit rates in excess of the agreed maximum of 15 per cent per annum in order to entice depositors to move their deposits from one bank to the other.

3.	The CBN considers the actions of the erring banks as infringement on its regulatory powers and a deliberate attempt to undermine the effectiveness of its efforts at promoting a sound and healthy banking system in Nigeria. 

4.	Consequently, the Board of Directors of the CBN at its meeting held on 6th April 2009 adopted the decision of the Bankers’ Committee and accordingly approved that a violation of the decision of the Bankers’ Committee on maximum deposit rate, lending rate and other charges, shall, without prejudice to the provisions of sections 60 and 60A of the Banks and Other Financial Institutions Act, 1991,  as amended, attract the following sanctions: 



Frequency of Breach			Penalty 

i) First Time	monetary penalty of N50 million and a letter of warning to the MD/CEO of the erring bank.

ii) Second Time 	bank to be suspended from  accessing the RDAS and Class “A’’ Bureau De Change window in addition to the fine of N50 million.

iii) Third Time 	suspension of the MD/CEO, and all officials of the bank involved in the breach.  

The implementation of these sanctions takes immediate effect. 



D. A. N. EKE
Ag. DIRECTOR OF BANKING SUPERVISION 




",BSD/DIR/GEN/CIR/03/003,"https://www.cbn.gov.ng/out/circulars/bsd/2009/sanctions for violation of the decision on maximum deposit rate, lending rate and other charges.pdf",37797,864
2009-04-09,Central Bank of Nigeria,circulars,Foreign Exchange Market Auction No. 33/2009,,"Foreign Exchange Market Auction offers, Retail sale Dutch Auction System (RDAS) Authorised Dealers customers' bids,CBN Abuja.Batari Musa Ted/Fem/Gen/Fpc/01/055/09.",Ted-Fem-Fpc-Gen-01-055-09,https://www.cbn.gov.ng/out/circulars/ted/2009/ted.fem.fpc.01.055.09doc..pdf,204569,862
2009-04-14,Central Bank of Nigeria,circulars,Foreign Exchange Market Auction No. 34/2009,,"Foreign Exchange Market Auction offers, Retail sale Dutch Auction System (RDAS) Authorised Dealers customers' bids,CBN Abuja.Batari Musa Ted/Fem/Gen/Fpc/01/056/09.",Ted-Fem-Fpc-Gen-01-056-09,https://www.cbn.gov.ng/out/circulars/ted/2009/ted.fem.fpc.01.056.09doc..pdf,204490,861
2009-04-15,Central Bank of Nigeria,circulars,Foreign Exchange Market Auction No. 35/2009,,"Foreign Exchange Market Auction offers, Retail sale Dutch Auction System (RDAS) Authorised Dealers customers' bids,CBN Abuja.Batari Musa Ted/Fem/Gen/Fpc/01/057/09.",Ted-Fem-Fpc-Gen-01-057-09,https://www.cbn.gov.ng/out/circulars/ted/2009/ted.fem.fpc.01.057.09doc..pdf,204496,860
2009-04-16,Central Bank of Nigeria,circulars,Foreign Exchange Market Auction No. 36/2009,,"Foreign Exchange Market Auction offers, Retail sale Dutch Auction System (RDAS) Authorised Dealers customers' bids,CBN Abuja. H. A. SalakoTed/Fem/Gen/Fpc/01/058/09.",Ted-Fem-Fpc-Gen-01-058-09,https://www.cbn.gov.ng/out/circulars/ted/2009/ted.fem.fpc.01.058.09doc..pdf,66663,859
2009-04-17,Central Bank of Nigeria,circulars,Foreign Exchange Market Auction No. 37/2009,,"Foreign Exchange Market Auction offers, Retail sale Dutch Auction System (RDAS) Authorised Dealers customers' bids,CBN Abuja.Batari Musa Ted/Fem/Gen/Fpc/01/059/09.",Ted-Fem-Fpc-Gen-01-059-09,https://www.cbn.gov.ng/out/circulars/ted/2009/ted.fem.fpc.01.059.09doc..pdf,205418,858
2009-04-17,Central Bank of Nigeria,circulars,"Sanctions for Violation of the Decision on Maximum Deposit Rate, Lending Rate and Other Charges",,"bsd,cbn,monetary,policy,supervision,eke,discount,houses,pmi,lending,rates,sanctions,penalties,credit,naira,nigeria,banking,onyekwe,",BSD/DIR/GEN/CIR/03/004,https://www.cbn.gov.ng/out/circulars/bsd/2009/circular on deposit  lending rates - dhs and pmis.pdf,43000,857
2009-04-20,Central Bank of Nigeria,circulars,Foreign Exchange Market Auction No. 38/2009,,"Foreign Exchange Market Auction offers, Retail sale Dutch Auction System (RDAS) Authorised Dealers customers' bids,CBN Abuja.Batari Musa Ted/Fem/Gen/Fpc/01/060/09.",Ted-Fem-Fpc-Gen-01-060-09,https://www.cbn.gov.ng/out/circulars/ted/2009/ted.fem.fpc.01.060.09doc..pdf,204550,855
2009-04-20,Central Bank of Nigeria,circulars,Guidelines for Commercial Agriculture Credit Scheme(CACS),,"Agric,CBN,DFD,banks,commerical Agric,scheme,7point agenda,fgn,bond,agric support  ",CACS01,https://www.cbn.gov.ng/out/circulars/dfd/2009/guidelines for utilisation and access to commercial agriculture credit scheme (cacs).pdf,34981,856
2009-04-21,Central Bank of Nigeria,circulars,2006 Performance Report on Agricultural Credit Guarantee Scheme Fund-Interest Drawback Programme (ACGSF-IDP),,"Agric,CBN,DFD,banks,commerical Agric,scheme,7point agenda,fgn,bond,agric support, idp, acgsf,acgs,2006",ACGSF-IDP2006,https://www.cbn.gov.ng/out/circulars/dfd/2009/,21481,853
2009-04-21,Central Bank of Nigeria,circulars,2007 Performance Report on Agricultural Credit Guarantee Scheme Fund-Interest Drawback Programme (ACGSF-IDP),,"Agric,CBN,DFD,banks,commerical Agric,scheme,7point agenda,fgn,bond,agric support, idp, acgsf,acgs,2007",ACGSF-IDP2007,https://www.cbn.gov.ng/out/circulars/dfd/2009/2007 performance report on acgsf-idp.pdf,13583,852
2009-04-21,Central Bank of Nigeria,circulars,2008 Performance report on Agricultural Credit Guarantee Scheme Fund-Interest Drawback Programme (ACGSF-IDP),,"Agric,CBN,DFD,banks,commerical Agric,scheme,7point agenda,fgn,bond,agric support, idp, acgsf,acgs,2007",ACGSF-IDP2008,https://www.cbn.gov.ng/out/circulars/dfd/2009/2008 performance report on acgsf-idp.pdf,18747,851
2009-04-21,Central Bank of Nigeria,circulars,Foreign Exchange Market Auction No. 39/2009,,"Foreign Exchange Market Auction offers, Retail sale Dutch Auction System (RDAS) Authorised Dealers customers' bids,CBN Abuja.Batari Musa Ted/Fem/Gen/Fpc/01/061/09.",Ted-Fem-Fpc-Gen-01-061-09,https://www.cbn.gov.ng/out/circulars/ted/2009/ted.fem.fpc.01.061.08doc..pdf,204693,854
2009-04-22,Central Bank of Nigeria,circulars,Foreign Exchange Market Auction No. 40/2009,,"Foreign Exchange Market Auction offers, Retail sale Dutch Auction System (RDAS) Authorised Dealers customers' bids,CBN Abuja.Batari Musa Ted/Fem/Gen/Fpc/01/063/09.",Ted-Fem-Fpc-Gen-01-063-09,https://www.cbn.gov.ng/out/circulars/ted/2009/ted.fem.fpc.01.063.09doc..pdf,204560,850
2009-04-23,Central Bank of Nigeria,circulars,Foreign Exchange Market Auction No. 42/2009,,"Foreign Exchange Market Auction offers, Retail sale Dutch Auction System (RDAS) Authorised Dealers customers' bids,CBN Abuja.Batari Musa Ted/Fem/Gen/Fpc/01/064/09.",Ted-Fem-Fpc-Gen-01-064-09,https://www.cbn.gov.ng/out/circulars/ted/2009/ted.fem.fpc.01.064.09doc..pdf,77214,848
2009-04-23,Central Bank of Nigeria,circulars,"RE: Sanctions for the Violation of the Decision on Maximum Deposit Rate, Lending Rate and Other Charges",,"deposit,lending transactions,contracted by banks,Deposit Money Banks,dmb,Inter-bank,bankers acceptances,commercial papers",BSD/DIR/GEN/CIR/03/005,https://www.cbn.gov.ng/out/circulars/bsd/2009/proposed circular on sanctions on dmb charges _nn_.pdf,34802,849
2009-04-24,Central Bank of Nigeria,circulars,Foreign Exchange Market Auction No. 42/2009,,"Foreign Exchange Market Auction offers, Retail sale Dutch Auction System (RDAS) Authorised Dealers customers' bids,CBN Abuja.Batari Musa Ted/Fem/Gen/Fpc/01/065/09.",Ted-Fem-Fpc-Gen-01-065-09,https://www.cbn.gov.ng/out/circulars/ted/2009/ted.fem.fpc.01.065.09doc..pdf,77266,847
2009-04-27,Central Bank of Nigeria,circulars,Foreign Exchange Market Auction No. 43/2009,,"Foreign Exchange Market Auction offers, Retail sale Dutch Auction System (RDAS) Authorised Dealers customers' bids,CBN Abuja.Batari Musa Ted/Fem/Gen/Fpc/01/066/09.",Ted-Fem-Fpc-Gen-01-066-09,https://www.cbn.gov.ng/out/circulars/ted/2009/ted.fem.fpc.01.066.09doc..pdf,77228,846
2009-04-28,Central Bank of Nigeria,circulars,Foreign Exchange Market Auction No. 44/2009 ,,"Foreign Exchange Market Auction offers, Retail sale Dutch Auction System (RDAS) Authorised Dealers customers' bids,CBN Abuja.Batari Musa Ted/Fem/Gen/Fpc/01/067/09.",Ted-Fem-Fpc-Gen-01-067-09,https://www.cbn.gov.ng/out/circulars/ted/2009/ted.fem.fpc.01.067.09doc..pdf,77200,845
2009-04-29,Central Bank of Nigeria,circulars,Foreign Exchange Marfket Auction No. 45/2009,,"Foreign Exchange Market Auction offers, Retail sale Dutch Auction System (RDAS) Authorised Dealers customers' bids,CBN Abuja.Batari Musa Ted/Fem/Gen/Fpc/01/068/09.",Ted-Fem-Fpc-Gen-01-068-09,https://www.cbn.gov.ng/out/circulars/ted/2009/ted.fem.fpc.01.068.09doc..pdf,77239,844
2009-04-30,Central Bank of Nigeria,circulars,Foreign Exchange Market Auction No. 46/2009,,"Foreign Exchange Market Auction offers, Retail sale Dutch Auction System (RDAS) Authorised Dealers customers' bids,CBN Abuja.Batari Musa Ted/Fem/Gen/Fpc/01/069/09.",Ted-Fem-Fpc-Gen-01-069-09,https://www.cbn.gov.ng/out/circulars/ted/2009/ted.fem.fpc.01.069.09doc..pdf,77227,843
2009-05-04,Central Bank of Nigeria,circulars,Daily Rendition of Returns by Authorised Dealers and Bureaux De Change Companies Through eFASS,,"Further Circular TED/FEM/FPC/GEN/01/025 February 26, 2009,TED/FEM/FPC/GEN/01/027 February 27 2009,Authorised Dealers, Bureaux de Change Companies (BDCs) informed New Data Submission Sysytem (DSS). H. A. Salako, Trade & Exchange Department. ",Ted-Fem-Fpc-Gen-01-071-09,https://www.cbn.gov.ng/out/circulars/ted/2009/ted.fem.fpc.gen.01.071.09.pdf,59017,842
2009-05-04,Central Bank of Nigeria,circulars,Foreign Exchange Market Auction No. 47/2009,,"Foreign Exchange Market Auction offers, Retail sale Dutch Auction System (RDAS) Authorised Dealers customers' bids,CBN Abuja. H. A. SalakoTed/Fem/Gen/Fpc/01/070/09.",Ted-Fem-Fpc-Gen-01-070-09,https://www.cbn.gov.ng/out/circulars/ted/2009/ted.fem.fpc.01.070.09doc..pdf,28157,841
2009-05-04,Central Bank of Nigeria,circulars,"Re: Further Guidelines on the Sale of Foreign Exchange by Oil and Oil Service Companies, NNPC and Other Governement Agencies",,"Further Circular TED/FEM/FPC/GEN/01/032 March 6 2009, Oil & Oil Service Companies,other Governement Agencies notified messages/payment instructions foreign exchange sales CBN. H. A. Salako, Trade & Exchange Department. ",Ted-Fem-Fpc-Gen-01-072-09,https://www.cbn.gov.ng/out/circulars/ted/2009/ted.fem.fpc.gen.01.072.09.pdf,60853,840
2009-05-05,Central Bank of Nigeria,circulars,Foreign Exchange Market Auction No. 48/2009,,"Foreign Exchange Market Auction offers, Retail sale Dutch Auction System (RDAS) Authorised Dealers customers' bids,CBN Abuja. H. A. SalakoTed/Fem/Gen/Fpc/01/073/09.",Ted-Fem-Fpc-Gen-01-073-09,https://www.cbn.gov.ng/out/circulars/ted/2009/ted.fem.fpc.01.073.09doc..pdf,28184,839
2009-05-06,Central Bank of Nigeria,circulars,Foreign Exchange Market Auction No. 49/2009,,"Foreign Exchange Market Auction offers, Retail sale Dutch Auction System (RDAS) Authorised Dealers customers' bids,CBN Abuja. H. A. SalakoTed/Fem/Gen/Fpc/01/074/09.",Ted-Fem-Fpc-Gen-01-074-09,https://www.cbn.gov.ng/out/circulars/ted/2009/ted.fem.fpc.01.074.09doc..pdf,28205,838
2009-05-07,Central Bank of Nigeria,circulars,Foreign Exchange Market Auction No. 50/2009,,"Foreign Exchange Market Auction offers, Retail sale Dutch Auction System (RDAS) Authorised Dealers customers' bids,CBN Abuja. H. A. SalakoTed/Fem/Gen/Fpc/01/075/09.",Ted-Fem-Fpc-Gen-01-075-09,https://www.cbn.gov.ng/out/circulars/ted/2009/ted.fem.fpc.01.075.09doc..pdf,28193,837
2009-05-08,Central Bank of Nigeria,circulars,Foreign Exchange Market Auction No. 51/2009,,"Foreign Exchange Market Auction offers, Retail sale Dutch Auction System (RDAS) Authorised Dealers customers' bids,CBN Abuja. H. A. SalakoTed/Fem/Gen/Fpc/01/076/09.",Ted-Fem-Fpc-Gen-01-076-09,https://www.cbn.gov.ng/out/circulars/ted/2009/ted.fem.fpc.01.076.09doc..pdf,23986,836
2009-05-11,Central Bank of Nigeria,circulars,Foreign Exchange Market Auction No. 52/2009,,"Foreign Exchange Market Auction offers, Retail sale Dutch Auction System (RDAS) Authorised Dealers customers' bids,CBN Abuja.Batari Musa Ted/Fem/Gen/Fpc/01/078/09.",Ted-Fem-Fpc-Gen-01-078-09,https://www.cbn.gov.ng/out/circulars/ted/2009/ted.fem.fpc.01.078.09doc..pdf,77201,835
2009-05-12,Central Bank of Nigeria,circulars,Foreign Exchange Market Auction No. 53/2009,,"Foreign Exchange Market Auction offers, Retail sale Dutch Auction System (RDAS) Authorised Dealers customers' bids,CBN Abuja.Batari Musa Ted/Fem/Gen/Fpc/01/079/09.",Ted-Fem-Fpc-Gen-01-079-09,https://www.cbn.gov.ng/out/circulars/ted/2009/ted.fem.fpc.01.079.09doc..pdf,77206,833
2009-05-12,Central Bank of Nigeria,circulars,Notice of Meeting on the New Requirement of Daily Rendition of Returns on eFASS,,"Inform Banks, Class 'A' Bureaux De Change Companies,metting,subject, Wednesday May 13, 2009 Authorised Dealer Banks,Thursday May 14, 2009 Class 'A' BDCs. Batari Musa, Trade & Exchange Department.",Ted-Fem-Fpc-Gen-01-077-09,https://www.cbn.gov.ng/out/circulars/ted/2009/ted. fem. fpc.gen.077.09 doc.pdf,104626,834
2009-05-13,Central Bank of Nigeria,circulars,Foreign Exchange Market Auction No.54/2009,,"Foreign Exchange Market Auction offers, Retail sale Dutch Auction System (RDAS) Authorised Dealers customers' bids,CBN Abuja.Batari Musa Ted/Fem/Gen/Fpc/01/080/09.",Ted-Fem-Fpc-Gen-01-080-09,https://www.cbn.gov.ng/out/circulars/ted/2009/ted.fem.fpc.01.080.09doc..pdf,77195,832
2009-05-14,Central Bank of Nigeria,circulars,Foreign Exchange Market Auction No. 55/2009,,"Foreign Exchange Market Auction offers, Retail sale Dutch Auction System (RDAS) Authorised Dealers customers' bids,CBN Abuja.Batari Musa Ted/Fem/Gen/Fpc/01/081/09.",Ted-Fem-Fpc-Gen-01-081-09,https://www.cbn.gov.ng/out/circulars/ted/2009/ted.fem.fpc.01.081.09doc..pdf,77197,831
2009-05-18,Central Bank of Nigeria,circulars,Foreign Exchange Market Auction No. 57/2009,,"Foreign Exchange Market Auction offers, Retail sale Dutch Auction System (RDAS) Authorised Dealers customers' bids,CBN Abuja.Batari Musa Ted/Fem/Gen/Fpc/01/083/09.",Ted-Fem-Fpc-Gen-01-083-09,https://www.cbn.gov.ng/out/circulars/ted/2009/ted.fem.fpc.01.083.09doc..pdf,77199,830
2009-05-19,Central Bank of Nigeria,circulars,Foreign Exchange Market Auction No. 58/2009,,"Foreign Exchange Market Auction offers, Retail sale Dutch Auction System (RDAS) Authorised Dealers customers' bids,CBN Abuja.Batari Musa Ted/Fem/Gen/Fpc/01/084/09.",Ted-Fem-Fpc-Gen-01-084-09,https://www.cbn.gov.ng/out/circulars/ted/2009/ted.fem.fpc.01.084.09doc..pdf,77200,829
2009-05-20,Central Bank of Nigeria,circulars,Foreign Exchange Market Auction No. 59/2009,,"Foreign Exchange Market Auction offers, Retail sale Dutch Auction System (RDAS) Authorised Dealers customers' bids,CBN Abuja.Batari Musa Ted/Fem/Gen/Fpc/01/085/09.",Ted-Fem-Fpc-Gen-01-085-09,https://www.cbn.gov.ng/out/circulars/ted/2009/ted.fem.fpc.01.085.09doc..pdf,77195,828
2009-05-21,Central Bank of Nigeria,circulars,Foreign Exchange Market Auction No. 60/2009,,"Foreign Exchange Market Auction offers, Retail sale Dutch Auction System (RDAS) Authorised Dealers customers' bids,CBN Abuja.Batari Musa Ted/Fem/Gen/Fpc/01/086/09.",Ted-Fem-Fpc-Gen-01-086-09,https://www.cbn.gov.ng/out/circulars/ted/2009/ted.fem.fpc.01.086.09doc..pdf,73017,826
2009-05-21,Central Bank of Nigeria,circulars,Guidelines for Custodianship in Money Market and Other Fixed Income Instruments,,"Guidelines for Custodianship in Money Market and Other Fixed Income Instruments,Guidelines,Custodianship,Money Market,Fixed Income Instruments,CBN,Central Bank of Nigeria,BOD,Banking Operations of Nigeria,Code of Conduct",BOD/DIR/GEN/SMP/02/117,https://www.cbn.gov.ng/out/circulars/bod/2009/guidelines for custodianship in money market and other fix….pdf,52285,827
2009-05-22,Central Bank of Nigeria,circulars,Foreign Exchange Market Auction No. 61/2009,,"Foreign Exchange Market Auction offers, Retail sale Dutch Auction System (RDAS) Authorised Dealers customers' bids,CBN Abuja.Batari Musa Ted/Fem/Gen/Fpc/01/087/09.",Ted-Fem-Fpc-Gen-01-087-09,https://www.cbn.gov.ng/out/circulars/ted/2009/ted.fem.fpc.01.087.09doc..pdf,77253,825
2009-05-22,Central Bank of Nigeria,circulars,Re: Guidelines for the Operation of the Foreign Exchange Market: Retail Dutch Auction Systme (RDAS),,"Stimulate activities, foreign exchange market, return Wholesale Dutch Auction System (WDAS), Authorised Dealers, Class ""A"" BDCs, general publc, informed amendments,provisions,circulars,compliance. Batari Musa, Trade & Exchange Department.  ",Ted-Fem-Fpc-Gen-01-088-09,https://www.cbn.gov.ng/out/circulars/ted/2009/ted.fem.fpc.gen.01.088.09.pdf,108433,824
2009-05-25,Central Bank of Nigeria,circulars,Foreign Exchange Market Auction No. 62/2009,,"Foreign Exchange Market Auction offers, Retail sale Dutch Auction System (WDAS) Authorised Dealers customers' bids,CBN Abuja.Batari Musa Ted/Fem/Gen/Fpc/01/089/09.",Ted-Fem-Fpc-Gen-01-089-09,https://www.cbn.gov.ng/out/circulars/ted/2009/,77200,823
2009-05-26,Central Bank of Nigeria,circulars,Foreign Exchange Market Auction No. 63/2009,,"Foreign Exchange Market Auction offers, Retail sale Dutch Auction System (WDAS) Authorised Dealers customers' bids,CBN Abuja.Batari Musa Ted/Fem/Gen/Fpc/01/090/09.",Ted-Fem-Fpc-Gen-01-090-09,https://www.cbn.gov.ng/out/circulars/ted/2009/ted.fem.fpc.01.090.09doc..pdf,77198,822
2009-05-27,Central Bank of Nigeria,circulars,Foreign Exchange Market Auction No. 64/2009,,"Foreign Exchange Market Auction offers, Retail sale Dutch Auction System (WDAS) Authorised Dealers customers' bids,CBN Abuja.Batari Musa Ted/Fem/Gen/Fpc/01/091/09.",Ted-Fem-Fpc-Gen-01-091-09,https://www.cbn.gov.ng/out/circulars/ted/2009/ted.fem.fpc.01.091.09doc..pdf,77194,821
2009-05-29,Central Bank of Nigeria,circulars,"Fully Reapid ACGSF Loan, May 2009.  ",,"Agric,credit,CBN,acgsf,fgn,decree20,farmers,food,poverty",ACGSF64,https://www.cbn.gov.ng/out/2009/circulars/dfd/fullyrepaidacgsfloansformay2009.pdf,111861,820
2009-06-01,Central Bank of Nigeria,circulars,Foreign Exchange Market Auction No. 66/2009,,"Foreign Exchange Market Auction offers, Retail sale Dutch Auction System (WDAS) Authorised Dealers customers' bids,CBN Abuja.Batari Musa Ted/Fem/Gen/Fpc/01/093/09.",Ted-Fem-Fpc-Gen-01-093-09,https://www.cbn.gov.ng/out/circulars/ted/2009/ted.fem.fpc.01.093.09doc..pdf,77231,819
2009-06-03,Central Bank of Nigeria,circulars,Foreign Exchange Market Auction No. 67/2009,,"Foreign Exchange Market Auction offers, Retail sale Dutch Auction System (WDAS) Authorised Dealers customers' bids,CBN Abuja.Batari Musa Ted/Fem/Gen/Fpc/01/094/09.",Ted-Fem-Fpc-Gen-01-094-09,https://www.cbn.gov.ng/out/circulars/ted/2009/ted.fem.fpc.01.094.09doc..pdf,77266,818
2009-06-05,Central Bank of Nigeria,circulars,Notice of Workshop on the Requirement for the Daily Rendition of Returns on eFASS,,"Inform all non-Class 'A' Bureau de Change operators meeting scheduled Monday June 8, 2009, Glover Memorial Hall, Tinubu Lagos, 9.00 a.m. prompt. Batari Musa.",Ted-Fem-Fpc-Gen-01-096-09,https://www.cbn.gov.ng/out/circulars/ted/2009/ted fem fpc gen 01 096.09doc.pdf,95645,816
2009-06-05,Central Bank of Nigeria,circulars,Standards Organisation of Nigeria Conformity Assessment Programme (SONCAP)- Addition of New Regulated Products ,,"Circulars ref:TED/FEM/GEN/FPC/01/021 and TED/FEM/FPC/01/091 dated 21/2/2007 and 30/7/2007, Authorised Dealers,general public informed goods imported covered SONCAP. Batari Musa, Trade & Exchange Department.",Ted-Fem-Fpc-Gen-01-095-09,https://www.cbn.gov.ng/out/circulars/ted/2009/ted.fem.fpc.gen.01.095.09.pdf,72766,817
2009-06-08,Central Bank of Nigeria,circulars,Foreign Exchange Market Auction No. 68/2009,,"Foreign Exchange Market Auction offers, Retail sale Dutch Auction System (WDAS) Authorised Dealers customers' bids,CBN Abuja.Batari Musa Ted/Fem/Gen/Fpc/01/097/09.",Ted-Fem-Fpc-Gen-01-097-09,https://www.cbn.gov.ng/out/circulars/ted/2009/ted.fem.fpc.01.097.09doc..pdf,77234,815
2009-06-10,Central Bank of Nigeria,circulars,Foreign Exchange Market Auction No. 69/2009,,"Foreign Exchange Market Auction offers, Retail sale Dutch Auction System (WDAS) Authorised Dealers customers' bids,CBN Abuja.Batari Musa Ted/Fem/Gen/Fpc/01/098/09.",Ted-Fem-Fpc-Gen-01-098-09,https://www.cbn.gov.ng/out/circulars/ted/2009/ted.fem.fpc.01.098.09doc..pdf,77241,814
2009-06-11,Central Bank of Nigeria,circulars,Circular on Guidelines for Transaction Switching Services and the Operational Rules of the NCS,,"Circular on Guidelines for Transaction Switching Services and the Operational Rules of the NCS,CBN,Central Bank of Nigeria,BOD,Banking Operations Department,Nigeria,Abuja",BOD/RTP/GEN/RVP/01/001,https://www.cbn.gov.ng/out/circulars/bod/2009/circular on guidelines for transaction switching services and operational rules of the ncs.pdf,63702,809
2009-06-11,Central Bank of Nigeria,circulars,Circular on Regulatory Framework for Mobile Payments Services in Nigeria,,"Regulatory Framework for Mobile Payments Services in Nigeria,Framework,Mobile,Payments,Services,CBN,Central Bank of Nigeria,BOD,Banking Operations Department",BOD/RTP/GEN/RVP/01/002,https://www.cbn.gov.ng/out/circulars/bod/2009/circular on regulatory framework for mobile payments services in nigeria.pdf,62685,812
2009-06-11,Central Bank of Nigeria,circulars,Guidelines on Transaction Switching Services,,"Circular for Guidelines on Transaction Switching Services and the Operational Rules of the Nigeria Central Switch,Circular,Transaction,Switching Services,CBN,Central Bank of Nigeria,BOD,Banking Operations Department",BOD/RTP/GEN/RVP/01/001A,https://www.cbn.gov.ng/out/circulars/bod/2009/guidelines on transactions switching services.pdf,66214,810
2009-06-11,Central Bank of Nigeria,circulars,Operational Rules and Regulations for the Nigeria Central Switch,,"Operational Rules and Regulations for the Nigeria Central Switch,NCS,Transaction,Switching Services,Operational Rules,Regulations,Nigeria,Central Switch,CBN,Central Bank of Nigeria,BOD,Banking Operations Department",BOD/RTP/GEN/RVP/01/001B,"https://www.cbn.gov.ng/out/circulars/bod/2009/operational rules and regulations for the nigeria central sitch, ncs.pdf",151347,811
2009-06-11,Central Bank of Nigeria,circulars,Regulatory Framework for Mobile Payments Services in Nigeria,,"Regulatory Framework for Mobile Payments Services in Nigeria,Regulatory,Framework,,Mobile,Payments,Services,Nigeria,CBN,Central Bank of Nigeria,BOD,Banking Operations Department,Payments System",BOD?RTP/GEN/RVP/01/002A,https://www.cbn.gov.ng/out/circulars/bod/2009/regulatory framework  for mobile payments services in nigeria.pdf,135834,813
2009-06-15,Central Bank of Nigeria,circulars,Foreign Exchange Market Auction No. 70/2009,,"Foreign Exchange Market Auction offers, Retail sale Dutch Auction System (WDAS) Authorised Dealers customers' bids,CBN Abuja.Batari Musa Ted/Fem/Gen/Fpc/01/100/09.",Ted-Fem-Fpc-Gen-01-100-09,https://www.cbn.gov.ng/out/circulars/ted/2009/ted.fem.fpc.01.100.09doc..pdf,77241,808
2009-06-15,Central Bank of Nigeria,circulars,Submission of Schedule of Commercial Papers (CPs) and Bankers Acceptances (BAs) ,,"234-9-46236403
234-9-46236418

BSD/DIR/GEN/CIR/03/007

June 15, 2009

CIRCULAR TO ALL BANKS

SUBMISSION OF SCHEDULE OF COMMERCIAL PAPERS (CPs) AND BANKERS ACCEPTANCES (BAs) 

All banks are hereby requested to submit to the Ag. Director of Banking Supervision a schedule of their Commercial Papers (CPs) and Bankers Acceptances (BAs) of N20 million and above bought and sold for counter-parties. The details should include the names of the counter-parties and the amounts involved.

This information should reach the Ag. Director of Banking Supervision not later than Friday, June 19, 2009. 


D. A. N. EKE
AG. DIRECTOR OF BANKING SUPERVISION.
",BSD/DIR/GEN/CIR/03/007,https://www.cbn.gov.ng/out/circulars/bsd/2009/circular cps and bas.pdf,35506,806
2009-06-15,Central Bank of Nigeria,circulars,"Submission on Details of Exposures Incluing Commercial Papers (CPs)
and Bankers Acceptances (BAs), to Transnational Corporation
(Transcorp) and Virgin Nigeria Limited",,"234-9-46236403
234-9-46236418
BSD/DIR/GEN/CIR/03/008
June 15, 2009
CIRCULAR TO ALL BANKS AND DISCOUNT HOUSES
SUBMISSION ON DETAILS OF EXPOSURES INCLUDING COMMERCIAL PAPERS (CPs)
AND BANKERS ACCEPTANCES (BAs), TO TRANSNATIONAL CORPORATION
(TRANSCORP) AND VIRGIN NIGERIA LIMITED
All banks and discount houses are hereby requested to submit to the Ag. Director of
Banking Supervision details of their exposures, including Commercial Papers (CPs) and
Bankers Acceptances (BAs) bought and sold for counter-parties, in respect of:
1. Transcorp Plc and
2. Virgin Nigeria Limited
This information should reach the Ag. Director of Banking Supervision not later than
Friday, June 19, 2009.
D. A. N. EKE
AG. DIRECTOR OF BANKING SUPERVISION",BSD/DIR/GEN/CIR/03/008,https://www.cbn.gov.ng/out/circulars/bsd/2009/circular exposureston cpsbas.pdf,37035,807
2009-06-16,Central Bank of Nigeria,circulars,"Invitation to Seminar on ""Harnessing the Potentials of Gum Arabic for Economic Development in Nigeria""",,"Gum Arabic, DFD, Agric, Borno, Seminar",DFD-Seminar-0609,https://www.cbn.gov.ng/out/circulars/dfd/2009/gumarabicseminar.pdf,17013,805
2009-06-16,Central Bank of Nigeria,circulars,Joint Purchase of Business Travel Allowance (BTA) and Personal Travel Allowance (PTA).,,"Continued effort meet legitimate foreign exchange demant,Authorised Dealers,Class 'A' BDC operators, general public,informed immediate effect BTA no longer PTA. Batari Musa, Trade & Exchange Department.",Ted-Fem-Fpc-Gen-01-101-09,https://www.cbn.gov.ng/out/circulars/ted/2009/ted.fem.fpc.gen.01.101.09.pdf,108734,804
2009-06-17,Central Bank of Nigeria,circulars,Foreign Exchange Market Auction No. 71/2009,,"Foreign Exchange Market Auction offers, Retail sale Dutch Auction System (WDAS) Authorised Dealers customers' bids,CBN Abuja.Batari Musa Ted/Fem/Gen/Fpc/01/102/09.",Ted-Fem-Fpc-Gen-01-102-09,https://www.cbn.gov.ng/out/circulars/ted/2009/ted.fem.fpc.01.102.09doc..pdf,77242,803
2009-06-19,Central Bank of Nigeria,circulars,Circular to all Banks and Discount Houses on Common Accounting Year End,,"234-9-46236401
234-9-46236418
June 18, 2009
BSD/DIR/GEN/CIR/VOL.2/004
CIRCULAR TO ALL BANKS AND DISCOUNT HOUSES ON COMMON ACCOUNTING YEAR END
In order to further enhance the level playing field in the banking sector post-consolidation, it has
become necessary to adopt a uniform accounting year-end in the industry. As agreed at the Bankers’
Committee meeting of March 21, 2009; December 31 has been adopted as a common accounting
year end for all banks and discount houses effective from 2009.
Consequently, the Boards and Management of all banks and discount houses are hereby advised, to
ensure that all the necessary legal and regulatory requirements to put effect to this agreement are
in place as well as required notifications to and approvals from the relevant agencies.
The Boards and Management of banks and discount houses are furthermore reminded to streamline
the year ends of their subsidiaries with that of the parent company in line with S.334 (5) of CAMA,
1990 as amended.
Banks and discount houses are to note that a maximum accounting period of eighteen (18) months
and a minimum accounting period of six (6) months are allowable as a full accounting year during
this period of transition. In adherence to this, banks whose year-ends do not coincide with
December 31, should inform the CBN of the number of months to be covered by their next audited
accounts bearing in mind the maximum and minimum accounting period stated above.
D. A. N. EKE
Ag. DIRECTOR OF BANKING SUPERVISION",BSD/DIR/GEN/CIR/03/009,https://www.cbn.gov.ng/out/circulars/bsd/2009/common accounting year end 190609.pdf,37886,802
2009-06-22,Central Bank of Nigeria,circulars,FORGED CFA NOTES,,"CFA;NOTES;FORGERY;BCEAO;BANKS;BUREAU DE CHANGE;CENTRAL BANK OF WEST AFRICA;FAKE;CFA10,000",FOD/CSD/GEN/DBB/01/83,https://www.cbn.gov.ng/out/circulars/fod/2009/forged cfa notes.pdf,341470,800
2009-06-22,Central Bank of Nigeria,circulars,Foreign Exchange Market Auction No. 72/2009,,"Foreign Exchange Market Auction offers, Retail sale Dutch Auction System (WDAS) Authorised Dealers customers' bids,CBN Abuja.Batari Musa Ted/Fem/Gen/Fpc/01/103/09.",Ted-Fem-Fpc-Gen-01-103-09,https://www.cbn.gov.ng/out/circulars/ted/2009/ted.fem.fpc.01.103.09doc..pdf,77235,801
2009-06-22,Central Bank of Nigeria,circulars,"RE: Submission on Details of Total Exposures to Companies in the Energy
Sector",,"234-9-46236403
234-9-46236418
June 19th, 2009
BSD/DIR/GEN/CIR/03/010
CIRCULAR TO ALL BANKS
RE: SUBMISSION ON DETAILS OF TOTAL EXPOSURES TO COMPANIES IN THE ENERGY
SECTOR
All banks are hereby requested to submit to the Ag. Director of Banking Supervision
details of their total exposures to the companies in the Energy Sector, namely Up-
Stream, Down-Stream and Oil Service companies, as at May 31, 2009.
The details should include:
· The borrower
· The outstanding balance
· The performance status under the following classification; Performing, Non-
Performing and Restructured
· Collaterals given and their current market value
The information should reach the Ag. Director of Banking Supervision no later than
Friday, June 26, 2009.
D.A. N. EKE
AG. DIRECTOR OF BANKING SUPERVISION",BSD/DIR/GEN/CIR/03/010,https://www.cbn.gov.ng/out/circulars/bsd/2009/re_ submission on details of total exposures to companies in the energy sector.pdf,37524,799
2009-06-25,Central Bank of Nigeria,circulars,Foreign Exchange Market Auction No. 73/2009,,"Foreign Exchange Market Auction offers, Retail sale Dutch Auction System (WDAS) Authorised Dealers customers' bids,CBN Abuja.Batari Musa Ted/Fem/Gen/Fpc/01/104/09.",Ted-Fem-Fpc-Gen-01-104-09,https://www.cbn.gov.ng/out/circulars/ted/2009/ted.fem.fpc.01.104.09doc..pdf,77243,797
2009-06-26,Central Bank of Nigeria,circulars,Deployment of DMBs' Offsite ATMs and Establishment of ATM Consortium,,"Deployment of Deposit Money Banks Offsite Automated Teller Machines and Establishment of ATM Consortium,Deployment,Deposit Money Banks,DMBs,Offsite,Automated Teller Machines,Establishment,ATM Consortium,CBN,Central Bank of Nigeria,BOD,Banking Operations Department,Abuja,NigeriaCircular,BOD/DIR/CIR/GEN/SMP/03/025,Consortia",BOD/DIR/GEN/SMP/03/025,https://www.cbn.gov.ng/out/circulars/bod/2009/circular on deployment of dmbs offsite atms and establihment of atm consortia.pdf,32253,795
2009-06-26,Central Bank of Nigeria,circulars,Lending to All Tiers of Government and Their Agencies,,"09-46236403
09-46236418

June 26, 2009

BSD/DIR/GEN/CIR/03/011

CIRCULAR TO ALL BANKS

LENDING TO ALL TIERS OF GOVERNMENT AND THEIR AGENCIES

Our circular reference number BSD/03/2002 of April 15, 2002 on “ granting of credits to all tiers of government and their agencies” requiring banks to make provision of 50% and 100% for performing and non-performing credits, respectively is hereby revised as follows:

 Banks are now to apply the normal provisions of the prudential guidelines to all public sector credits. However, a maximum limit of 10% of the total credit portfolio should be placed on public sector credits, both on-and-off Balance Sheet.
Where the existing credit limit to the public sector has exceeded the prescribed maximum limit of 10%, it should be brought down to the maximum limit of 10% by December 31, 2009.

Banks are reminded of the history of non-performing public sector credits, and are therefore strongly advised to exercise caution and set a more conservative threshold to avoid the mistakes of the past. The Central Bank of Nigeria will be constrained to reintroduce measures to curb public sector loans if banks do not put in place appropriate measures to avoid excessive exposure to the sector.


D.A.N. EKE
For: DIRECTOR OF BANKING SUPERVISION


",BSD/DIR/GEN/CIR/03/011,https://www.cbn.gov.ng/out/circulars/bsd/2009/circular on public sector credit.pdf,37929,796
2009-06-30,Central Bank of Nigeria,circulars,"Fully Repaid ACGSFLoans , June 2009.",,"Agric,credit,CBN,acgsf,fgn,decree20,farmers,food,poverty  ",ACGSF66,https://www.cbn.gov.ng/out/2009/circulars/dfd/fullyrepaidacgsfloansjune2009.pdf,112351,794
2009-06-30,Central Bank of Nigeria,circulars,"Loans Guaranteed by ACGSF, June 2009.",,"Agric,credit,CBN,acgsf,fgn,decree20,farmers,food,poverty",ACGSF65,https://www.cbn.gov.ng/out/2009/circulars/dfd/loansguranteedbyacgsfjune2009.pdf,276335,793
2009-07-06,Central Bank of Nigeria,circulars,Foreign Exchange Market Auction No. 76/2009,,"Foreign Exchange Market Auction offers, Retail sale Dutch Auction System (WDAS) Authorised Dealers customers' bids,CBN Abuja.Batari Musa Ted/Fem/Gen/Fpc/01/108/09.",Ted-Fem-Fpc-Gen-01-108-09,https://www.cbn.gov.ng/out/circulars/ted/2009/ted.fem.fpc.01.108.09doc..pdf,77234,792
2009-07-06,Central Bank of Nigeria,circulars,Re: Embargo on Foreign Exchange Facilities,,"All Authorised Dealers, general public Foreign exchange embargo placed Justeen Pharmaceaticals Ltd lifted. Batari Musa, Trade & Exchange Department.",Ted-Fem-Fpc-Gen-01-107-09,https://www.cbn.gov.ng/out/circulars/ted/2009/ted.fem.gen.fpc.01.107.09.pdf,97979,791
2009-07-08,Central Bank of Nigeria,circulars,Foreign Exchange Auction Bid Form,,Attachment on Circular Ted.Fem.Fpc.Gen.01.110.09 of 8/7/09,Ted-Fem-Fpc-Gen-01-110a-09,https://www.cbn.gov.ng/out/circulars/ted/2009/ted.fem.fpc.gen.01.110a.09.pdf,17428,789
2009-07-08,Central Bank of Nigeria,circulars,Foreign Exchange Market Auction No. 77/2009,,"Foreign Exchange Market Auction offers, Retail sale Dutch Auction System (WDAS) Authorised Dealers customers' bids,CBN Abuja.Batari Musa Ted/Fem/Gen/Fpc/01/109/09.",Ted-Fem-Fpc-Gen-01-109-09,https://www.cbn.gov.ng/out/circulars/ted/2009/ted.fem.fpc.01.109.09doc..pdf,77253,790
2009-07-08,Central Bank of Nigeria,circulars,Revised Guidelines for the Operation of the Foreign Exchange Market: Wholesale Dutch Auction System (WDAS),,"Further circular Ref:TED/FEM/FPC/GEN/01/088 of May 22, 2009,Central Bank of Nigeria re-introduces Wholesale Dutch Auction System (WDAS) Monday 13/7/2009. Batari Musa, Trade & Exchange Department.",Ted-Fem-Fpc-Gen-01-110-09,https://www.cbn.gov.ng/out/circulars/ted/2009/ted.fem. fpc. gen.110.09.pdf,113226,788
2009-07-10,Central Bank of Nigeria,circulars,Documentation for Credit Card Settlement,,"All Authorised Dealers, Class 'A' BDC operators documentation requirement,settlement Credit Card. Batari Musa, Trade & Exchange Department.",Ted-Fem-Fpc-Gen-01-112-09,https://www.cbn.gov.ng/out/circulars/ted/2009/ted. fem.fpc. gen.01.112.09.pdf,101821,787
2009-07-10,Central Bank of Nigeria,circulars,Re: Operational Guidelines for Direct Foreign Exchange Cash Sales to Both Classes 'A' & 'B' Bureaux De Change (BDC) Operators,,"Continued effort further liberialize foreign exchange market,notice given CBN resume direct foreign exchange (cash) sales Class 'B' BDC operators effective Monday July 13, 2009. Batari Musa, Trade & Exchange Department. ",Ted-Fem-Fpc-Gen-01-111-09,https://www.cbn.gov.ng/out/circulars/ted/2009/ted.fem. fpc.gen.01.111.09doc.pdf,114883,786
2009-07-13,Central Bank of Nigeria,circulars,Foreign Exchange Market (WDAS) Auction No. 01/2009,,"Foreign Exchange Market Auction offers, (WDAS) Authorised Dealers  bids, their account CBN Abuja.Batari Musa,Trade & Exchange Department,Ted/Fem/Gen/Fpc/01/113/09.",Ted-Fem-Fpc-Gen-01-113-09,https://www.cbn.gov.ng/out/circulars/ted/2009/ted.fem.fpc.01.113.09doc..pdf,77310,783
2009-07-13,Central Bank of Nigeria,circulars,Guarantee For Inter-Bank Placement And Placements With Banks By Pension Fund Administrators ,,"monetary policy,cbn,inter-bank placements,placements,banks,pension funds administrators,local currency,naira,national pension commission,pencom,banking supervision",BSD/DIR/GEN/CIR/03/012,https://www.cbn.gov.ng/out/circulars/bsd/2009/circular on inter-bank placement.pdf,67900,784
2009-07-13,Central Bank of Nigeria,circulars,"Preparation of Financial Statements as at June 30, 2009",,"Financial statement,audited accounts,loan loss provisions, banking supervision,circular",BSD/DIR/GEN/CIR/03/013,https://www.cbn.gov.ng/out/circulars/bsd/2009/circular on financial statement.pdf,64368,785
2009-07-15,Central Bank of Nigeria,circulars,Daily Returns on Interbank Placements and Takings ,,"Interbank,placements,takings,banks,discount houses,placements and takings, subsidiaries,bsd,cbn",BSD/Dir/Gen/Cir/03/014,https://www.cbn.gov.ng/out/circulars/bsd/2009/circular on interbank placements and takings _2_.pdf,34481,780
2009-07-15,Central Bank of Nigeria,circulars,Foreign Exchange Market (WDAS) Auction No. 02/2009,,"Foreign Exchange Market Auction offers, (WDAS) Authorised Dealers  bids, their account CBN Abuja.Batari Musa,Trade & Exchange Department,Ted/Fem/Gen/Fpc/01/114/09.",Ted-Fem-Fpc-Gen-01-114-09,https://www.cbn.gov.ng/out/circulars/ted/2009/ted.fem.fpc.01.114.09doc..pdf,77311,781
2009-07-15,Central Bank of Nigeria,circulars,"List of Authorised Signatories of Trade & Exchange Department, CBN, Abuja",,"All Authorised Dealers, current authorised signatories,Trade & Exchange Department,CBN, Abuja. Batari Musa.",Ted-Fem-Fpc-Gen-01-115-09,https://www.cbn.gov.ng/out/circulars/ted/2009/ted-fem-115-2009.pdf,79023,782
2009-07-17,Central Bank of Nigeria,circulars,Circular to Banks on Non-Compliance of Securities Companies of Banks in Nigeria With The Stamp Duties Act 2004,,"Cbn,bsd,central bank of nigeria,stamp duties,act 2004,securities,subsidiaries of banks, Nigerian postal service,brokers, dealers,affix,stamps,contract notes,provisions of the stamp duties act 2004,government,ngeria ",BSD/DIR/GEN/CIR/03/16,https://www.cbn.gov.ng/out/circulars/bsd/2009/circular on stamp duties act 2004.pdf,34679,779
2009-07-17,Central Bank of Nigeria,circulars,Common Year End,,"Bsd,BSD/DIR/CIR/VOL.2/004,June 18, 2009,common year end,banks,december 31, 2009,deadline,circular,cbn",BSD/DIR/GEN/CIR/03/017,https://www.cbn.gov.ng/out/circulars/bsd/2009/circular on common accounting year end.pdf,33409,778
2009-07-17,Central Bank of Nigeria,circulars,Revised Guideline for Repo Transactions and CBN Inter-Bank Guarantee,,"Circular,banks,bsd,cbn,BOD/DIR/CIR/GEN/01/23,march 16, 2009,BSD/DIR/GEN/CIR/03/012,July 13, 2009,money market,interest rates,interest of the economy,FGN Bonds,repo transactions,liquidity,placements,inter-bank markedeposit money bank,discount houses,Penpion funds administrators",BSD/DIR/GEN/CIR/03/016,https://www.cbn.gov.ng/out/circulars/bsd/2009/circular onrevised guideline for repo transactions and cbn interbank guarantee.pdf,38331,777
2009-07-20,Central Bank of Nigeria,circulars,Amendment of Guidelines on Repatriation of Export Proceeds for Non-oil Commercial Exports.,,"All Authorised Dealers,General public repatriation,export proceeds all non-oil exports revieewed.Henceforth,proceeds non-oil exports must, fully,repatriated 180 days,date shipment. H. A. Salako,Trade & Exchange Department. ",Ted-Fem-Fpc-Gen-01-116-09,https://www.cbn.gov.ng/out/circulars/ted/2009/ted.fem.fpc.gen.01.116.09.pdf,110874,774
2009-07-20,Central Bank of Nigeria,circulars,"Clarification on Branches, Cash Centres and Meeting Points and Limits of Investment in Fixed Assets for Operators and External Auditors of All Microfinance Banks",,"Central Bank of Nigeria,CBN, Microfinance Banks,MFB,Branch, cash centre,meeting point and has therefore found it necessary to provide the following clarifications and to remind operators of the limit of investment in fixed assets, business location, bank",OFID_02-2009,https://www.cbn.gov.ng/out/circulars/ofid/2009/ofid-02-2009.pdf,67265,775
2009-07-20,Central Bank of Nigeria,circulars,Notice of Meeting of Stakeholders on Bureaux De Change Operators,,"All Authorised Dealers meeting scheduled Auditorium, CBN, Head Office, Abuja Wednesday July 22, 2009, 11.00 a.m. Salako, H. A., Trade & Exchange Department.",Ted-Fem-Fpc-Gen-01-118-09,https://www.cbn.gov.ng/out/circulars/ted/2009/ted.fem.fpc gen.01.118.09.pdf,57275,773
2009-07-20,Central Bank of Nigeria,circulars,"Warning to All Primary Mortgage Institutions,MIcrofinance Banks and Finance Companies on the Issuance of False/Forged Statements of Accounts",,"CBN Circular No.OFID/DIR/CIR/GEN/Vol.01/001 of 25th June, 2007, primary mortgage institutions,PMIs,microfinance banks,MFBs,Finance Companies,FC, Embassies and High Commissions, entry visa, immoral, unethical and illegal acts, integrity, falsified or forg",OFID-03-2009,https://www.cbn.gov.ng/out/circulars/ofid/2009/ofid-03-2009.pdf,51583,776
2009-07-22,Central Bank of Nigeria,circulars,Foreign Exchange Market (WDAS) Auction No. 04/2009,,"Foreign Exchange Market Auction offers, (WDAS) Authorised Dealers  bids, their account CBN Abuja.Batari Musa,Trade & Exchange Department,Ted/Fem/Gen/Fpc/01/119/09.",Ted-Fem-Fpc-Gen-01-119-09,https://www.cbn.gov.ng/out/circulars/ted/2009/ted.fem.fpc.01.119.09doc..pdf,77314,772
2009-07-22,Central Bank of Nigeria,circulars,Re: Daily Rendition of Returns by Non-Bank Class 'A' Bureau De change Operators,,"Further Circular Ref: TED/FEM/FPC/GEN/01/099 of 12/6/2009 ALL Non-Band Class 'A' BDC informed daily rendition condition eFASS participation forex market. H. A. Salako, Trade & Exchange Department. ",Ted-Fem-Fpc-Gen-01-120-09,https://www.cbn.gov.ng/out/circulars/ted/2009/ted.fem.fpc.gen.01.120.09.pdf,58896,771
2009-07-24,Central Bank of Nigeria,circulars,Suspension of BAs and CPs as Off Balance-Sheet Items,,"BAs,CPs,CentralBankofNigeria,CBN,banks,bank,commercialpaper,institutions,assets,bankers,suspension,balancesheet,exemption,BOFIA,instruments,money,deposits,papers,loans,nigeria,banking,supervision,discounthouses,houses,discount,financial,transaction,",BSD/DIR/GEN/CIR/03/018,https://www.cbn.gov.ng/out/circulars/bsd/2009/circular ba's and cp's 24.07.09.pdf,132037,770
2009-07-27,Central Bank of Nigeria,circulars,Foreign Exchange Market (WDAS) Auction No. 05/2009,,"Furtheer to our circular Ref. TED/FEM/FPC/01/110/09 of 8th July, 2009, the CBN hereby intervenes with an offer of USD200.00 Million (Two Hundred Million United States Dollars) for sale at the Foreign Exchange Aauction of Monday 27th July, 2009
Authorised dealers are therefore invited to submit their bid requests for WDAS and BDC cash through Reuters Dealing 3000 XTRA to the CBN Abuja at the address stipulated in teh circular under reference between 9.00 a.m. and 10.30 a.m.
They are also reminded that their current accounts witht he CBn must be adequately funded on the day of bidding and the accounts should remain funded at the time of disvursement, failing which the bids will be disqualified.
Signed:      Batari Musa
           Ag. Director,
         Trade & Exchange Department",Ted-Fem-Fpc-Gen-01-121-09,https://www.cbn.gov.ng/out/circulars/ted/2009/ted-fem-fpc-gen-01-121-09.pdf,89593,769
2009-07-28,Central Bank of Nigeria,circulars,The Revised Guidelines For The Operational of The Foreign Exchange Market: Wholesale Dutch Auction System,,"This is to inform All Authorised Dealers taht paragraph 3 (b) of the circular Ref: TED/FEM/FPC/GEN/01/110 of July 8, 2009 on the above subject has ben amended as follows: 
""Authorised Dealers shall submit bids for only one (1) tranch per auction, while the Central Bank of Nigeria reserves the right to reject any bid that is deemed to be unrealistic"".

This ammendment takes immediate effect.

Signed:  Batari Musa, Ag. Director, Trade and Excahnge Dept.",Ted-Fem-Fpc-Gen-01-122-2009,https://www.cbn.gov.ng/out/circulars/ted/2009/ted-fem-fpc-gen-01-122-2009.pdf,52432,768
2009-07-29,Central Bank of Nigeria,circulars,Foreign Exchange Market (WDAS) Auction No. 06/2009,,"FURTHER TO OUR CIRCULAR REF. TED/FEM/FPC/01/110/09 OF 8TH JULY, 2009, THE CBN HEREBY INTERVENES WITH AN OFFER OF USD200.00 MILLION (TWO HUNDRED MILLION UNITED STATES DOLLARS) FOR SALE AT THE FOREIGN EXCHANGE AUCTION OF WEDNESDAY 29TH JULY, 2009

AUTHORISED DEALERS ARE THERFORE INVITD TO SUBMIT THEIR BID REQUESTS FOR WDAS AND BDC CASH THROUGH REUTERS DEALING 3000 XTRA TO THE CBN ABUJA AT THE ADDRESS STIPULATED IN THE CIRCULAR UNDER REFERENCE BETWEEN 9.00 A.M. AND 10.30 A.M.

THEY ARE ALSO REMINDED THAT THEIR CURRENT ACCOUNTS WITH THE CBN MUST BE ADEQUATELY FUNDED ON THE DAY OF BIDDING AND THE ACCOUNTS SHOULD REMAIN FUNDED AT THE TIME OF DISBURSEMENT, FAILING WHICH THE BIDS WILL BE DISQUALIFIED. 
Signed:       Batari Musa
           Ag. Director
       Trade & Exchange Department",Ted-Fem-Fpc-Gen-01-123-09,https://www.cbn.gov.ng/out/circulars/ted/2009/ted-fem-fpc-gen-01-123-09.pdf,89308,767
2009-07-30,Central Bank of Nigeria,circulars,"Circular on the Need to Provide Adequate Narration for Inter-bank Transfers Over the CBN Inter-bank Funds Transfer System, CIFTS",,"Circular,Need to Provide Adequate Narration for Inter-bank Transfers Over the CBN Inter-bank Funds Transfer System,CIFTS,Inter-bank Transfers,CBN,Banking Operations Department,BOD,Nigeria,Central Bank of Nigeria,DMB,DH,Deposit Money Bank,Discount House",BOD/DIR/GEN/CIR/03/027,https://www.cbn.gov.ng/out/circulars/bod/2009/circular on need to provide adequate narration for inter-bank transfers over the cifts.pdf,302078,766
2009-07-31,Central Bank of Nigeria,circulars,"Fully Repaid ACGSF Loans, July 2009.",,"Agric,credit,CBN,acgsf,fgn,decree20,farmers,food,poverty",ACGSF68,https://www.cbn.gov.ng/out/2009/circulars/dfd/fullyrepaidacgsfloansjuly2009.pdf,112964,765
2009-07-31,Central Bank of Nigeria,circulars,"Loans Guaranteed by ACGSF, July 2009.",,"Agric,credit,CBN,acgsf,fgn,decree20,farmers,food,poverty  ",ACGSF67,https://www.cbn.gov.ng/out/2009/circulars/dfd/loansguranteeduneracgsfjuly2009.pdf,278832,764
2009-08-03,Central Bank of Nigeria,circulars,Foreign Exchange Market (WDAS) Auction No. 07/2009,,"Further to our circular Ref. TED/FEM/FPC/01/110/09 of 8th July, 2009, the CBN hereby intervenes with an offer of USD400.00 million (Four hundred million United States Dollars) for sale at the Forex auction of Monday 3rd August, 2009
Authorised Dealers are therefore invited to submit their bid requests through Reuters Dealing 3000 XTRA to CBN Abuja between 9.00 a.m. and 10.30 a.m.
They are reminded that their accounts must be adequately funded and remain funded at the time of disbursement, failing which the bids will be disqualified.

Signed:    Batari Musa
           Ag. Director
           Trade & Exchange Department",Ted-Fem-Fpc-Gen-01-126-09,https://www.cbn.gov.ng/out/circulars/ted/2009/ted-fem-fpc-gen-01-126-09.pdf,89240,762
2009-08-03,Central Bank of Nigeria,circulars,Non-Transferability Of Funds Procured From The Wholesale Dutch Auction System (WDAS) among Authorized Dealers ,,"The CBN has observed with concern the widening spread between teh WDAS and the inter-bank exchange rates.  This has been traced largely to authorized dealers who purchase funds at the WDAS window and sell at teh inter-bank market.  As a result of this activity, the end-users end up paying a high price for foreign exchange due to the arbitrage activities of the banks.  Consequently, The following guidelines which take effect from teh date of this circular are issued and it supersedes that of paragraph 9 of the circular reference TED/FEM/FPC/GEN/01/10 dated July 8, 2009.
(a)  Funds procured from th WDAS shall not be transferable at teh inter-bank window.
(b)   Without prejudice to the provision of paragraph (a) above, authorized dealers shall continue to bid at WDAS on their own accounts and ensure that their daily approved limit of Fx  Net Open Position (NOP) is complied with.
(c)   Authorized dealers are reminded that the spread between their buying and selling rates must nto exceed fifty kobo (50 kobo)
(d)   in line with section 4 of the Memorandum 27 of teh Fx manual, dealers are required to keep records of WDAS and inter-bank transactions and make them available to examiners on demand
(e   Authorized Dealers are advsed to ensure compliance with the guidelines.

Signed:     Batari Musa
            Ag. Director
            Trade & Exchange Department ",Ted-Fem-Fpc-Gen-01-125-2009,https://www.cbn.gov.ng/out/circulars/ted/2009/ted-fem-fpc-gen-01-125-09.pdf,348774,763
2009-08-04,Central Bank of Nigeria,circulars,Rendition Of Returns On Foreign Exchange Sales To Importers Of Petroleum Products,,"This is to request All Authorized Dealers to render returns on Foreign Exchange Sales to importers of petroleum products (PMS) for the period August 2008 to July 31, 2009.

The return which should be on month by month basis is to be forwarded electronically using the format stated below.  The returns should reach the Director, Trade & Exchange Department on or before August 10, 2009 via the following e-mail address: ted_femo_oilcoyforexsales.

Serial No: Name of Bank: Name of Customer: Form 'M' No.: Mode of Payment: Amount: Exchange Rate Used For The Transaction.

Subsequently, such returns should be rendered on a monthly basis on or before 5th of the following month, failing which the appropriate sanctions shall be imposed.

Signed:   Batari Musa
          Ag. Director
          Trade & Exchange Department
",Ted-Fem-Fpc-Gen-01-127-09,https://www.cbn.gov.ng/out/circulars/ted/2009/ted-fem-fpc-gen-01-127-2009.pdf,66594,761
2009-08-05,Central Bank of Nigeria,circulars,Foreign Exchange Market (WDAS) Auction No. 08/2009,,"FURTHER TO OUR CIRCULAR REF. TED/FEM/FPC/01/110/09 OF 8TH JULY, 2009, THE CBN HEREBY INTERVENES WITH AN OFFER OF USD400.00 MILLION (FOUR HUNDRED MILLION UNITED STATES DOLLARS) FOR SALE AT THE FOREIGN EXCHANGE AUCTION OF WEDNESDAY 5TH AUGUST, 2009
AUTHORISED DEALERS ARE THERFORE INVITED TO SUBMIT THEIR BID REQUESTS FOR WDAS AND BDC CASH THROUGH REUTERS DEALING 3000 XTRA TO THE CBN ABUJA AT THE ADDRESS STIPULATED IN THE CIRCULAR UNDER REFERENCE BETWEEN 9.00 A.M. AND 10.30 A.M.
THEY ARE ALSO REMINDED THAT THEIR CURENT ACCOUNTS MUST BE ADEQUATELY FUNDED AND REMAIN FUNDED AT TH3E TIME OF DISBURSEMENT, FAILING WHICH BIDS WILL BE DISQUALIFIED

Signed:     Batari Musa
            Ag. Director
            Trade & Exchange Dept.",Ted-Fem-Fpc-Gen-01-128-09,https://www.cbn.gov.ng/out/circulars/ted/2009/ted-fem-fpc-gen-01-128-09.pdf,89658,760
2009-08-06,Central Bank of Nigeria,circulars,Daily Returns Template,,"234-9-46236401
234-9-46236418
August 6, 2009
Ref: BSD/DIR/GEN/CIR/03/019
CIRCULAR TO ALL BANKS AND DISCOUNT HOUSES
RE: DAILY RETURNS ON INTERBANK PLACEMENTS AND TAKINGS
Banks and Discount Houses were required, by the Circular referenced Ref:
BSD/DIR/GEN/CIR/03/014 of July 15, 2009 to forward, on daily basis, relevant information on
their interbank placements and takings to the CBN. However, it was discovered that the
information submitted was incomplete. Consequently, the report format has been amended to
close the information gap.
Accordingly, banks and discount houses are to submit the required information in line with the
attached report format, with effect from August 6, 2009.
As indicated in our letter of July 21, 2009 to all banks, the returns should be mailed
electronically to the designated email address: BSDReturns@cenbank.org.
This supersedes our earlier Circular of July 15, 2009.
D. A. N. EKE
FOR: DIRECTOR OF BANKING SUPERVISION",BSD/DIR/GEN/CIR/03/019A,https://www.cbn.gov.ng/out/circulars/bsd/2009/daily returns template.pdf,35613,759
2009-08-06,Central Bank of Nigeria,circulars,Daily Returns on Interbank Placements and Takings,,"Ref: BSD/DIR/GEN/CIR/03/019

CIRCULAR TO ALL BANKS AND DISCOUNT HOUSES

RE: DAILY RETURNS ON INTERBANK PLACEMENTS AND TAKINGS

Banks and Discount Houses were required, by the Circular referenced Ref: BSD/DIR/GEN/CIR/03/014 of July 15, 2009 to forward, on daily basis, relevant information on their interbank placements and takings to the CBN. However, it was discovered that the information submitted was incomplete. Consequently, the report format has been amended to close the information gap. 

Accordingly, banks and discount houses are to submit the required information in line with the attached report format, with effect from August 6, 2009. 

As indicated in our letter of July 21, 2009 to all banks, the returns should be mailed electronically to the designated email address: BSDReturns@cenbank.org.

This supersedes our earlier Circular of July 15, 2009. 


D. A. N. EKE
FOR: DIRECTOR OF BANKING SUPERVISION
",BSD/DIR/GEN/CIR/03/019,https://www.cbn.gov.ng/out/circulars/bsd/2009/daily returns circular amendment.pdf,40269,758
2009-08-06,Central Bank of Nigeria,circulars,Notice of Meeting on Import Duty Collection Scheme (IDCS),,"This is to inform all Designated Banks for Customers Revenue Collection, Destination Inspection Service Providers and the Nigeria Customs Service (including NCS Area Controllers and the ASYCUDA Project Leader) that, the Import Duty Collection Scheme meeting has been scheduled to hold at the ?Bankers’ Committee Conference Hall, Central Bank of Nigeria, Abeokuta Branch on Friday, August 21, 2009 at 11.00 a.m. prompt.

Representation at the meeting is restricted to two (2) persons per bank who should be conversant with the scheme and its operations.

Please be punctual.

Signed:    Batari Musa
           Ag. Director
           Trade & Excahnge Dept.",Ted-Fem-Gen-Fpc-01-129-08,https://www.cbn.gov.ng/out/circulars/ted/2009/ted-fem-gen-fpc-01-129-09.pdf,88114,757
2009-08-10,Central Bank of Nigeria,circulars,Foreign Exchange Market (WDAS) Auction No.09/2009,,"FURTHER TO OUR CIRCULAR REF. TED/FEM/FPC/01/110/09 OF 8TH JULY, 2009, THE CBN HEREBY INTERVENES WITH AN OFFER OF USD200.00 MILLION (TWO HUNDRED MILLION UNITED STATES DOLLARS) FOR SALE AT THE FOREIGN EXCHANGE AUCTION OF MONDAY 10TH AUGUST, 2009

AUTHORISED DEALERS ARE THERFORE INVITED TO SUBMIT THEIR BID REQUESTS FOR WDAS AND BDC CASH THROUGH REUTERS DEALING 3000 XTRA TO THE CBN ABUJA AT THE ADDRESS STIPULATED IN THE CIRCULAR UNDER REFERENCE BETWEEN 9.00 A.M. AND 10.30 A.M.
THEY ARE ALSO REMINDED THAT THEIR CURRENT ACCOUNT WITH CBN MUST BE ADEQUATELY FUNDED AND MUST REMAIN FUNDED AT THE TIME OF DISBURSEMENT, FAILING WHICH THE BID WILL BE DISQUALIFIED.

Signed:    Batari Muse
           Ag. Director
           Trade & Exchange Dept.",Ted-Fem-Fpc-Gen-01-130-09,https://www.cbn.gov.ng/out/circulars/ted/2009/ted-fem-fpc-gen-01-130-09.pdf,89020,756
2009-08-12,Central Bank of Nigeria,circulars,Alert on Counterfeit CFA Notes in Circulation,,"bsd,circular,pdf,cbn.regulation,supervision,cfa,currency,counterfeit,fake,naira,nigeria,westafrica,",BSD/DIR/GEN/CIR/03/021,https://www.cbn.gov.ng/out/circulars/bsd/2009/circular on alert on counterfeit cfa notes.pdf,40491,754
2009-08-12,Central Bank of Nigeria,circulars,Foreign Exchange Market (WDAS) Auction No. 10/2009,,"FURTHER TO OUR CIRCULAR REF. TED/FEM/FPC/01/110/09 OF 8TH JULY, 2009, THE CBN HEREBY INTERVENES WITH AN OFFER OF USD300.00 MILLION (THREE HUNDRED MILLION UNITED STATES DOLLARS) FOR SALE AT THE FOREIGN EXCHANGE AUCTION OF WEDNESDAY 12TH AUGUST, 2009

AUTHORISED DEALERS ARE THERFORE INVITED TO SUBMIT THEIR BID REQUESTS FOR WDAS AND BDC CASH THROUGH REUTERS DEALING 3000 XTRA TO THE CBN ABUJA AT THE ADDRESS STIPULATED IN THE CIRCULAR UNDER REFERENCE BETWEEN 9.00 A.M. AND 10.30 A.M.
They are also reminded that their current accounts with the CBN must be adequately funded and remain funded on the day of bidding and at the time of disbursement failing which the bid will be disqualified.
Signed:
             Batari Musa
             Ag. director
             Trade & Exchange Department               

",Ted-Fem-Fpc-Gen-01-131-09,https://www.cbn.gov.ng/out/circulars/ted/2009/ted-fem-fpc-gen-01-130-09.pdf,89020,755
2009-08-12,Central Bank of Nigeria,circulars,Restrictions on Democratic People’s Republic of Korea (North Korea) Government Agencies and Front Companies for Involvement in Illicit Activities,,"RESTRICTIONS ON DEMOCRATIC PEOPLE’S REPUBLIC OF KOREA (NORTH KOREA) GOVERNMENT AGENCIES AND FRONT COMPANIES FOR INVOLVEMENT IN ILLICIT ACTIVITIES

The United Nations Security Council, through Resolution 1874 (UNSCR 1874), called on member countries to prevent the provision of financial services or any financial or other assets or resources that could contribute to North Korea’s nuclear, ballistic missile, or other Weapon of Mass Destruction (WMD)-related programmes or activities. This is without prejudice to a similar UNSCR 1718 adopted in 2006 which authorized, among other things, the freezing of the assets of designated North Korean individuals and entities involved in nuclear, ballistic missile and other WMD-related programmes or activities.

UNSCR 1874 provides additional measures beyond the asset freeze in UNSCR 1718 by calling on countries to prevent North Korea from assessing financial services to facilitate transactions related to its nuclear, ballistic missile and other WMD-related programmes or activities. It also prohibits financial transactions related to the sales of all arms and related material to North Korea.

Banks and their related entities are therefore required to put in place measures to ensure maximum compliance with the provisions of UN Resolution 1874.

Below is a list of some North Korean banks obtained from public and commercially available information for ease of reference.

i.	Central Bank of the Democratic People’s Republic of Korea
ii.	Credit Bank of Korea
iii.	Dae-Dong Credit Bank
iv.	First Credit Bank
v.	Foreign Trade Bank of the Democratic People’s Republic of Korea
vi.	Hana Banking Corporation Ltd
vii.	The International Industrial Development Bank
viii.	Korea Joint Bank (KJB)
ix.	Korea Daesong Bank
x.	Korea Kwangson Bank
xi.	Korea United Development Bank
xii.	Koryo Commercial Bank Ltd
xiii.	Koryo Credit Development Bank
xiv.	North East Asia Bank
xv.	Tanchon Commercial Bank



SAMUEL A. ONI
DIRECTOR OF BANKING SUPERVISION
",BSD/DIR/CIR/GEN/03/020,https://www.cbn.gov.ng/out/circulars/bsd/2009/circular on restriction on democratic people's republic of korea _north korea_.pdf,41297,753
2009-08-13,Central Bank of Nigeria,circulars,Notice to all Class 'B' Bureaux De Change on Renewal of Licence for 2009,,"Management of the Central Bank of Nigeria,ifted the suspension,Annual Licence Renewal of Class “B” Bureaux De Change,BDCs,advertorial,Notice to all Class B Bureaux De Change ",OFID-04-2009,https://www.cbn.gov.ng/out/circulars/ofid/2009/ofid-04-2009.pdf,14369,752
2009-08-17,Central Bank of Nigeria,circulars,Foreign Exchange Market (WDAS) Auction No. 11/2009,,"FURTHER TO OUR CIRCULAR REF. TED/FEM/FPC/01/110/09 OF 8TH JULY, 2009, THE CBN HEREBY INTERVENES WITH AN OFFER OF USD300.00 MILLION (THREE HUNDRED MILLION UNITED STATES DOLLARS) FOR SALE AT THE FOREIGN EXCHANGE AUCTION OF MONDAY 17TH AUGUST, 2009

AUTHORISED DEALERS ARE THERFORE INVITED TO SUBMIT THEIR BID REQUESTS FOR WDAS AND BDC CASH THROUGH REUTERS DEALING 3000 XTRA TO THE CBN ABUJA AT THE ADDRESS STIPULATED IN THE CIRCULAR UNDER REFERENCE BETWEEN 9.00 A.M. AND 10.30 A.M.
tHEY ARE ALSO REMINDED THAT THEIR CURENT ACCOUNTS WITH CBN MUST BE ADEQUATELY FUNDED AND REMAIN FUNDED ON THE DAY OF BIDDING AND AT THE TIME OF DISBURSEMENT, FAILING WHICH THE BID WILL BE DISQUALIFIED.

Signed:
          Batari Musa
          Ag. Director
          Trade & Exchange Dept.",Ted-Fem-Fpc-Gen-01-132-09,https://www.cbn.gov.ng/out/circulars/ted/2009/ted-fem-fpc-gen-01-132-09.pdf,89101,751
2009-08-19,Central Bank of Nigeria,circulars,Foreign Exchange Market (WDAS) Auction No. 12/2009,,"FURTHER TO OUR CIRCULAR REF. TED/FEM/FPC/01/110/09 OF 8TH JULY, 2009, THE CBN HEREBY INTERVENES WITH AN OFFER OF USD300.00 MILLION (THREE HUNDRED MILLION UNITED STATES DOLLARS) FOR SALE AT THE FOREIGN EXCHANGE AUCTION OF WEDNESDAY 19TH AUGUST, 2009.
AUTHORISED DEALERS ARE THEREFORE INVITED TO SUBMIT THEIR BID REQUESTS FOR WDAS AND BDC CASH THROUGH REUTERS DEALING 3000 XTRA TO THE CBN ABUJA AT THE ADDRESS STIPULATED IN THE CIRCULAR UNDER REFERENCE BETWEEN 9.00 A.M AND 10.30 A.M.
tHEY ARE ALSO REMINDED THAT THEIR CURRENT ACCOUNTS WITH CBN MUST BE ADEQUATELY FUNDED AND REMAIN FUNDED ON THE DAY OF BIDDING AND AT THE TIME OF DISBURSEMENT, FAILING WHICH THE BID WILL BE DISQUALIFIED.

Signed:                Batari Muse
                       Ag. Director,
                       Trade & Exchange Department",Ted-Fem-Fpc-Gen-01-133-09,https://www.cbn.gov.ng/out/circulars/ted/2009/ted-fem-fpc-gen-01-133-2009.pdf,52578,750
2009-08-24,Central Bank of Nigeria,circulars,Foreign Exchange Market (WDAS) Auction No. 13/2009,,"Foreign Exchange Market Auction offers, (WDAS) Authorised Dealers  bids, their account CBN Abuja.Batari Musa,Trade & Exchange Department,Ted/Fem/Gen/Fpc/01/134/09.",Ted-Fem-Fpc-Gen-01-134-09,https://www.cbn.gov.ng/out/circulars/ted/2009/ted.fem.fpc.01.134.09doc..pdf,77330,749
2009-08-26,Central Bank of Nigeria,circulars,Foreign Exchange Market (WDAS) Auction No. 14/2009,,"Foreign Exchange Market Auction offers, (WDAS) Authorised Dealers  bids, their account CBN Abuja.Batari Musa,Trade & Exchange Department,Ted/Fem/Gen/Fpc/01/135/09.",Ted-Fem-Fpc-Gen-01-135-09,https://www.cbn.gov.ng/out/circulars/ted/2009/ted.fem.fpc.01.135.09doc..pdf,73118,748
2009-08-27,Central Bank of Nigeria,circulars,Re: Extension of the Deadline for the Removal of Deposit Money Banks' Off-site ATMs,,"Extension of the Deadline for the Removal of Deposit Money Banks' Off-site ATMs,Extension,Deadline,Removal,Deposit Money Banks,DMB,Off-site ATMs,Banking Operations Department,BOD,CBN,Central Bank of Nigeria,Nigeria,Abuja",BOD/DIR/CIR/GEN/03/028,https://www.cbn.gov.ng/out/circulars/bod/2009/circular on the extension of the deadlinr for the removal of deposit money bank's offsite atms.pdf,325511,747
2009-08-31,Central Bank of Nigeria,circulars,Foreign Exchange Market (WDAS) Auction No. 15/2009,,"Foreign Exchange Market Auction offers, (WDAS) Authorised Dealers  bids, their account CBN Abuja.Batari Musa,Trade & Exchange Department,Ted/Fem/Gen/Fpc/01/136/09.",Ted-Fem-Fpc-Gen-01-136-09,https://www.cbn.gov.ng/out/circulars/ted/2009/ted.fem.fpc.01.136.09doc..pdf,54003,742
2009-08-31,Central Bank of Nigeria,circulars,"Fully Repaid ACGSF Loans, August 2009",,"Agric,credit,CBN,acgsf,fgn,decree20,farmers,food,poverty",ACGSF70,https://www.cbn.gov.ng/out/2009/circulars/dfd/fullyrepaidacgsfloansaugust2009.pdf,113419,746
2009-08-31,Central Bank of Nigeria,circulars,Geographical Distribution of SMEEIS Projects-August 2009,,,SMEEIS0809B,https://www.cbn.gov.ng/out/2009/circulars/dfd/geographicaldistributionofsmeeisprojectsaugust2009.pdf,36319,744
2009-08-31,Central Bank of Nigeria,circulars,"Loans Guaranteed by ACGSF, August 2009",,"Agric,credit,CBN,acgsf,fgn,decree20,farmers,food,poverty",ACGSF69,https://www.cbn.gov.ng/out/2009/circulars/dfd/loansguaranteedacgsfaugust2009.pdf,279704,745
2009-08-31,Central Bank of Nigeria,circulars,Sectoral Distribution of SMEEIS Projects- August 2009,,,SMEEIS0809A,https://www.cbn.gov.ng/out/2009/circulars/dfd/sectoraldistributionofsmeeisprojectsaugust2009.pdf,44239,743
2009-09-02,Central Bank of Nigeria,circulars,Foreign Exchange Market (WDAS) Auction No. 16/2009,,"Foreign Exchange Market Auction offers, (WDAS) Authorised Dealers  bids, their account CBN Abuja.Batari Musa,Trade & Exchange Department,Ted/Fem/Gen/Fpc/01/137/09.",Ted-Fem-Fpc-Gen-01-137-09,https://www.cbn.gov.ng/out/circulars/ted/2009/ted.fem.fpc.01.137.09doc..pdf,77355,741
2009-09-07,Central Bank of Nigeria,circulars,Foreign Exchange Market (WDAS) Auction No. 17/2009,,"Foreign Exchange Market Auction offers, (WDAS) Authorised Dealers  bids, their account CBN Abuja.H. A. Salako,Trade & Exchange Department,Ted/Fem/Gen/Fpc/01/138/09.",Ted-Fem-Fpc-Gen-01-138-09,https://www.cbn.gov.ng/out/circulars/ted/2009/ted.fem.fpc.01.138.09doc..pdf,28301,740
2009-09-09,Central Bank of Nigeria,circulars,Foreign Exchange Market (WDAS) Auction No. 18/2009,,"Foreign Exchange Market Auction offers, (WDAS) Authorised Dealers  bids, their account CBN Abuja.Batari Musa,Trade & Exchange Department,Ted/Fem/Gen/Fpc/01/139/09.",Ted-Fem-Fpc-Gen-01-139-09,https://www.cbn.gov.ng/out/circulars/ted/2009/ted.fem.fpc.01.139.09doc..pdf,77337,739
2009-09-14,Central Bank of Nigeria,circulars,Foreign Exchange Market (WDAS) Auction No. 19/2009,,"Foreign Exchange market CBN offers USD300.00 million .Authorised dealers invited Monday 14th September, 2009. 
Signed:   Batari Musa
        Ag. Director
        Trade & Exchange Department",Ted-Fem-Fpc-Gen-01-140-09,https://www.cbn.gov.ng/out/circulars/ted/2009/ted-fem-fpc-gen-01-140-2009.pdf,89323,738
2009-09-16,Central Bank of Nigeria,circulars,Forreign Exchange Market (WDAS) Auction No. 20/2009,,"CBN offers USD300.00 million for Auction of Wednesday 16th September, 2009 Authorised dealers invited.
Signed:  Batari Musa
        Ag. Director
      Trade & Exchange Department",Ted-Fem-Fpc-Gen-01-141-09,https://www.cbn.gov.ng/out/circulars/ted/2009/ted-fem-fpc-gen-01-141-09.pdf,89388,736
2009-09-16,Central Bank of Nigeria,circulars,Lifting Of Foreign Exchange Embargo,,"This to inform All Authorized Dealers and the General Public that the embargo on foreign exchange transaction placed on these companies: Pan Fedan Marble and Granite Company Limited, RC 85977, Integrated Reality Limited, RC 137745 and Fezel Nigeria Limited, all of 71 Awolowo Road, S.W. Ikoyi vide Circular ref no. TED/FEM/GEN/FPC/01/03 of November 15 2006 is hereby lifted with effect from the date of this circular.  Signed by: Batari Musa,
    Ag. Director
Trade & Exchange Dept.  ",Ted-Fem-Fpc-Gen-01-142,https://www.cbn.gov.ng/out/circulars/ted/2009/ted-fem-fpc-gen-01-142.pdf,64842,737
2009-09-23,Central Bank of Nigeria,circulars,Foreign Exchange Market (WDAS) uction No. 21/2009,,"CBN offer USD450.00 million for auction of Wednesday 23rd September, 2009.
Authorised dealers invited.
Signed by Batari Musa
          Ag. Director
        trade & Exchnge Department",Ted-Fem-Fpc-Gen-01-144-09,https://www.cbn.gov.ng/out/circulars/ted/2009/ted-fem-fpc-gen-01-144-09.pdf,89543,735
2009-09-28,Central Bank of Nigeria,circulars,Foreign Exchange Market (WDAS) Auction No. 22/2009,,"CBN offers USD300.00 million for auction of Monday 28th September, 2009. Authorised dealers invited.
Signed by:   Batari Musa
           Ag. Director
         Trade & Exchange Department",Ted-Fem-Fpc-Gen-01-145-09,https://www.cbn.gov.ng/out/circulars/ted/2009/ted-fem-fpc-gen-01-145-09.pdf,89377,734
2009-10-05,Central Bank of Nigeria,circulars,Foreign Exchange Market (WDAS) Auction No. 24/2009,,"CBN offers USD100.00 Million (One hundred million United States Dollars) for Auction of Monday 5th October, 2009. Authorized Dealers invited for bidding.
Signed by:
                  Batari Musa
                 Ag. Director
                 Trade & Exchange Dept.",Ted-Fem-Fpc-Gen-01-147-09,https://www.cbn.gov.ng/out/circulars/ted/2009/ted-fem-fpc-gen-01-147-09.pdf,89423,733
2009-10-07,Central Bank of Nigeria,circulars,Foreign Exchange Market (WDAS) Auction No 25/2009,,"CBN offers USD100.00 million (One hundred United States Dollars) for sale at Foreign Exchange market of Wednesday 7th October, 2009.
Authorised dealers invited.
Signed by:   Batari Musa
             Ag. Director
             Trade & Exchange Dept.",Ted-Fem-Fpc-Gen-01-148-09,https://www.cbn.gov.ng/out/circulars/ted/2009/ted-fem-fpc-gen-01-148-09.pdf,89301,732
2009-10-12,Central Bank of Nigeria,circulars,Foregn Exchange Market (WDAS) Auction No. 26/2009,,Foregn Exchange Market (WDAS) Auction No. 26/2009,TED.FEM.FPC.GEN.01.149.09,https://www.cbn.gov.ng/out/circulars/ted/2009/ted.fem.fpc.gen.01.149.09.pdf,69849,731
2009-10-14,Central Bank of Nigeria,circulars,Foreign Exchange Market (WDAS) Auction No. 27/2009,,Foreign Exchange Market (WDAS) Auction No. 27/2009,TED.FEM.FPC.GEN.01.150.09,https://www.cbn.gov.ng/out/circulars/ted/2009/ted.fem.fpc.01.150.09.pdf,69876,729
2009-10-14,Central Bank of Nigeria,circulars,Re: Publication of Interest Rates  ,,"publication of interest rates,bsd/dir/gen/cir/02/019,central bank of nigeria, deposit,lending rates,charges,banking supervision,rates,supervision",BSD/DIR/IGEN/CIR/01/023,https://www.cbn.gov.ng/out/circulars/bsd/2009/circular to all banks for publication of inteerest rates 10-09.pdf,30452,730
2009-10-19,Central Bank of Nigeria,circulars,Foreign Exchange Market (WDAS)Auction No. 28/2009,,"Further to our circular Ref. TED/FEM/FPC/01/110/09 of 8th July, 2009. CBN offers USD200.00 Million for sale at Foreign Exchange Auction on Monday 19th October, 2009.
Authorised dealers are invited.
Signed:   Batari Musa
         Ag. Director,
         Trade & Exchange Dept. ",Ted-Fem-Fpc-Gen-01-152-09,https://www.cbn.gov.ng/out/circulars/ted/2009/ted-fem-fpc-gen-01-152-09.pdf,89245,728
2009-10-21,Central Bank of Nigeria,circulars,Foreign Exchange Market (WDAS) Auction No. 29/2009,,"Foreign Exchange Market (WDAS) Auction No.29/2009 Trade & Exchange Department,Batari Musa. ",TED/FEM/FPC/GEN/01/153/09,https://www.cbn.gov.ng/out/circulars/ted/2009/foreign exchange market (wdas)  auction no. 29_2009.pdf,70829,727
2009-10-22,Central Bank of Nigeria,circulars,Revised Microfinace Banks' Returns Template,,"public notice, delisted community banks, OFIs, provinsional licences, withdrawal, business, OFID, Abuja , Lagos, Central Bank of Nigeria, grant, risk, banking, supervision, template, closed shop, ",ofid-05-2009,https://www.cbn.gov.ng/OUT/CIRCULARS/OFID/2009/OFID-05-2009.XLS,2048 KB,726
2009-10-26,Central Bank of Nigeria,circulars,Foreign Exchange Market (WDAS) Auction No.30/2009,,"CBN intervention offer for sale at Foreign Exchange Auction of 26/10/2009to Authorised Dealers to Bid on funded account. Batari Musa, Ag. Director, Trade & Exchange Department, CBN, Abuja",TED/FEM/FPC/GEN/01/154/09,https://www.cbn.gov.ng/out/circulars/ted/2009/foreign exchange market (wdas) auction no. 30_2009.pdf,70878,724
2009-10-26,Central Bank of Nigeria,circulars,Notice of National Payment System Conference 2009,,"Notice of National Payment System Conference 2009,Notice,National Payment System,Conference,2009,National Payment System Conference,NPS,CBN,Central Bank of Nigeria,BOD,Banking Operations Department,Abuja,Nigeria,Payment System Vision 2020,FSS 2020,Financial Sector Strategy,Thursday,Friday,Stakeholders,Director,PSV,Federal Capital Territory,FCT",BOD/PSV2020/OPS/093,https://www.cbn.gov.ng/out/circulars/bod/2009/notice of national payment system conference 2009.pdf,52192,723
2009-10-26,Central Bank of Nigeria,circulars,"Publication of Un-Audited Accounts of Banks as at September 30, 2009",,"special examination,deposit money banks in nigeria, examiners’ loan loss provision,fully provide for,accounts as at september 30, 2009,publish,un-audited accounts, as at september 30, 2009 latest by october, 2009, adopt the attached format,cbn,central bank of nigeria,bsd,banking supervision department",Ref: BSD/DIR/GEN/CIR/03/024,https://www.cbn.gov.ng/out/circulars/bsd/2009/circular on publication of un-audited accounts 10.09.pdf,45180,725
2009-10-27,Central Bank of Nigeria,circulars,Terrorist Individuals and Organizations,,"anti-money laundering,counter terrorism financing,aml,ctf, usama bin ladin,al-qaida,taliban organizations,security council,al-qaida,taliban, sanctions,security,cbn,sentral bank of nigeria,banking superivion department",BSD/DIR/GEN/CIR/03/028,https://www.cbn.gov.ng/out/circulars/bsd/2009/circular on terrorist individual and organisations.pdf,113203,722
2009-10-28,Central Bank of Nigeria,circulars,Foreign Exchange Market(WDAS) Auction No.31/2009,,"Foreign Exchange Market(WDAS) Auction No.31/2009,Batari Musa,Trade & Exchange Department.",TED/FEM/FPC/GEN/01/155/09,https://www.cbn.gov.ng/out/circulars/ted/2009/foreign exchange market (wdas) auction no. 31_2009.pdf,70854,721
2009-10-28,Central Bank of Nigeria,circulars,Report on Classified Facilities,,"banking system,central bank of nigeria,cbn,bsd, delinquent facilities,banking system,exposure of banks,capital market. asset management company of nigeria,deposit money banks, classified facilities,collateral,loans,classified loans,securities,subsidiaries",BSD/DIRGEN/CIR/03/026,https://www.cbn.gov.ng/out/circulars/bsd/2009/circular  to all banks on report on classified facilities 1.pdf,42505,720
2009-10-29,Central Bank of Nigeria,circulars,Year 2009 Christian Pilgrimage: Purchase of Pilgrims Travelling Allowance,,"Federal Government approved maximum 20,000 pilgrims Israel, Rome. Purchase $1,000 at $N135.00 to $1. Salako, H.A., Trade & Exchange Department.",TED.FEM.FPC.GEN.01.156.09,https://www.cbn.gov.ng/out/circulars/ted/2009/2009 ted ad christian pilgrimage i.pdf,42549,718
2009-11-02,Central Bank of Nigeria,circulars,Foreign Exchange Market (WDAS) Auction No. 32/2009,,"Authorised Dealers, CBN offers $200.00 Foreign Exchange Market, Batari Musa Trade & Exchange Department",TED.FEM.FPC.GEN.01.157.09,https://www.cbn.gov.ng/out/circulars/ted/2009/foreign exchange market wdas auction no. 32_2009.pdf,69586,716
2009-11-02,Central Bank of Nigeria,circulars,Re: Amendment of Provisions of Memorandum 11 Export Transactions in the Foreign Exchange Manual,,"Authorised Dealers, crude oil exporters provisions Memorandum 11 Section 1 (a) (ii) Foreign Exchange Manual,proforma Invoice waived. Batari Musa, Trade & Exchange Department.",TED.FEM.FPC.GEN.01.158.09,https://www.cbn.gov.ng/out/circulars/ted/2009/re_ amendment of provisions of memorandum on export transactions in the foreign exchange manual.pdf,67180,717
2009-11-04,Central Bank of Nigeria,circulars,Foreign Exchange Market (WDAS) Auction No.33,,"Authorised Dealers, CBN offers $200.00 Foreign Exchange Market, Batari Musa Trade & Exchange Department.",TED.FEM.FPC.GEN.01.159.09,https://www.cbn.gov.ng/out/circulars/ted/2009/foreign exchange market (wdas) auction no. 33_2009.pdf,69666,715
2009-11-09,Central Bank of Nigeria,circulars,Foreign Exchange Market (WDAS) Auction No. 34/2009CBN,,"Further to our Circular ref. TED/FEM/FPC/01/110/09 of 8th July, 2009, CBN offers for sale USD200.00 million on Monday 9th November, 2009.
Authorised dealers were invited to submit their bid between 9.00 a.m. and 10.30 a.m.
Their current wioth CBN most be adequately funded and remain so at the time of disbursement.

Signed:      Batari Musa
             Ag. Director,
             Trade & Exchange Department ",Ted-Fem-Fpc-Gen-01-160-09,https://www.cbn.gov.ng/out/circulars/ted/2009/ted-fem-fpc-gen-01-160-09.pdf,89190,714
2009-11-10,Central Bank of Nigeria,circulars,"Notice of Early Closing on Friday 13th November, 2009 by Foreign Operations Department (FOD)",,Notice;Early;Closing;Friday;13th November 2009;FOD;Foreign Operations;12.00 noon;,FOD/CSD/GEN/PUB/01/09,https://www.cbn.gov.ng/out/circulars/fod/2009/notice of fod early closing.pdf,453791,713
2009-11-13,Central Bank of Nigeria,circulars,Foreign Exchange Market (WDAS) Auction No. 35/2009,,"Foreign Exchange Market (WDAS) Auction No. 35/2009,Trade & Exchange Department,Central Bank of Nigeria, Batari Musa",TED/FEM/FPC/GEN/01/161/09,https://www.cbn.gov.ng/out/2009/circulars/ted/foreign exchange market (wdas) auction no. 35_2009.pdf,73964,710
2009-11-13,Central Bank of Nigeria,circulars,Importation of Cold Roll Steel coil and aluminum roofing sheets into Nigeria,,"Importation of Cold Roll Steel coil and aluminum roofing sheets into Nigeria,Trade & Exchange Department, CBN, Batari Musa",TED/FEM/FPC/GEN/01/163/09,https://www.cbn.gov.ng/out/2009/circulars/ted/importation of cold roll steel coil and aluminum roofing sheets into nigeria.pdf,98109,712
2009-11-13,Central Bank of Nigeria,circulars,Re-Year 2009 Christian Pilgrimage purchase of Pilgrims Travelling Allowance,,"Re-Year 2009 Christian Pilgrimage purchase of Pilgrims Travelling Allowance. Trade & Exchange Department, CBN. H. A. Salako",TED/FEM/FPC/GEN/01/162,https://www.cbn.gov.ng/out/2009/circulars/ted/year 2009 chirstian pilgrimage for purchase of pilgrins travelling allowance.pdf,54132,711
2009-11-16,Central Bank of Nigeria,circulars,Foreign Exchange Market (WDAS) Auction No. 36/09,,"Foreign Exchange Market (WDAS) Auction No. 36/09. Trade & Exchange Department. CBN, Batari Musa",TED/FEM/FPC/GEN/01/164/09,https://www.cbn.gov.ng/out/2009/circulars/ted/ted.fem.fpc.gen.01.164.09.pdf,69922,709
2009-11-18,Central Bank of Nigeria,circulars,Foreign Exchange Market (WDAS) Auction No. 37.2009,,"Foreign Exchange Market (WDAS) Auction No. 37.2009, Trade and Exchange Department, Central Bank of Nigeria, Abuja, Batari Musa, All Authorised Dealers.",TED.FEM.FPC.GEN.01.165.09,https://www.cbn.gov.ng/out/2009/circulars/ted/ted.fem.fpc.gen.01.165.09.pdf,69860,708
2009-11-23,Central Bank of Nigeria,circulars,Foreign Exchange Market (WDAS) Auction No. 38/2009,,"CBN offers US$150.00 million, WDAS Auction, Authorised Dealers, Batari Musa Trade & Exchange Department,",TED.FEM.FPC.GEN.01.166.09,https://www.cbn.gov.ng/out/2009/circulars/ted/foreign exchange market (wdas) auction no. 166_09.pdf,69634,707
2009-11-24,Central Bank of Nigeria,circulars,Notice of Meeting on Import Duty Collection Scheme (IDCs),,"Designated Banks,Custom  Revenue Collection, Destination Inspection Service Providers, meeting Abeokuta Friday December 4, 2009, 11.00 am.",TED.FEM.FPC.GEN.01.167.09,https://www.cbn.gov.ng/out/2009/circulars/ted/notice of meeting on import duuty collection scheme (idcs).pdf,69268,706
2009-11-25,Central Bank of Nigeria,circulars,Foreign Exchange Market (WDAS) Auction No. 39/2009,,"CBN offers US$40.00 million Authorised Dealers bids,WDAS, Batari Musa, Trade & Exchange Department.",TED.FEM.FPC.GEN.01.168.09,https://www.cbn.gov.ng/out/2009/circulars/ted/foreign exchange market  (wdas) auction no. 39_2009.pdf,69718,705
2009-11-30,Central Bank of Nigeria,circulars,Foreign Exchange Market (WDAS) Auction No. 40/2009,,"CBN offers $100.00 million,Authorised Dealers,WDAS,bid, Batari Musa, Trade & Exchange Department",TED.FEM.FPC.GEN.01.169.09,https://www.cbn.gov.ng/out/2009/circulars/ted/foreign exchange market (wdas) auction no. 40_2009.pdf,69628,704
2009-12-02,Central Bank of Nigeria,circulars,Foreign Exchange Market (WDAS) Auction No. 41/2009,,"CBN offers $50.00 million, Authorised Dealers WDAS, Batari Musa, Trade & Exchange Department.",TED.FEM.FPC.GEN.01.170.09,https://www.cbn.gov.ng/out/2009/circulars/ted/foreign exchange market (wdas) auction no. 41_2009.pdf,69676,703
2009-12-07,Central Bank of Nigeria,circulars,Foreign Exchange Market (WDAS) Auction No. 42/2009,,"CBN offers US$50.00 million , Authorised Dealers, WDAS Batari Musa, Trade & Exchange Department",TED.FEM.FPC.GEN.01.171.09,https://www.cbn.gov.ng/out/2009/circulars/ted/foreign exchange market (wdas) auction no. 42_2009.pdf,69650,702
2009-12-09,Central Bank of Nigeria,circulars,Foreign Exchange Market (WDAS) Auction No. 43/2009,,"CBN offers $300.00 million, Authorised Dealers,Batari Musa, Trade & Exchange Department.",TED/FEM/FPC/GEN/01/172/09,https://www.cbn.gov.ng/out/2009/circulars/ted/foreign exchange market (wdas) auction no. 43_2009.pdf,69666,700
2009-12-09,Central Bank of Nigeria,circulars,Re: Year 2009 Christian Pilgrimage: Purchase of Pilgrims Travelling Allowance,,"Further circular Ref: TED/FEM/FPC/GEN/01/156 of 29/10/2009. Authorised Dealers, Pilgrims Cross River State purchase PTA First Bank, Calabar nor Fin Bank. Salako, H. A. Trade & Exchange Department.",TED/FEM/FPC/GEN/01/173/09,https://www.cbn.gov.ng/out/2009/circulars/ted/year 2009 christian pilgrimage.pdf,54032,701
2009-12-10,Central Bank of Nigeria,circulars,Closure of Foreign Exchange Market for 2009,,"Consideration, Christmas and New Year holidays,Authorised Dealers,Bureaux de Change Operatiors,informed forex closed Friday 18th December, reopen Monday, 4th January, 2010, Salako, H.A, Trade & Exchange Department.",TED/FEM/FPC/GEN/01/174/09,https://www.cbn.gov.ng/out/2009/circulars/ted/closure of foreign exchange market for 2009.pdf,19527,699
2009-12-11,Central Bank of Nigeria,circulars,Circular on Maximum Limit on Cheque Payment,,"Circular on Maximum Limit on Cheque Payment,Circular,Maximum Limit, Cheque Payment,Maximum,Limit,Cheque,Payment,CBN,Central Bank of Nigeria,Nigeria,Banking Operations Department,BOD,Abuja,FCT,Federal Capital Territory,N10 million,1st January, 2010,CIFTS,RTGS,NEFT,DMB",BOD/DIR/CIR/GEN/01/106,https://www.cbn.gov.ng/out/2009/circulars/bod/circular on maximum limit on cheque payment0001.pdf,292391,698
2009-12-14,Central Bank of Nigeria,circulars,Circular on Harmonisation of Accounts,,"Circular on Harmonisation of Accounts,Circular,Harmonisation,Accounts,BOD,Banking Operations Department,CBN,Central Bank of Ngeria,Abuja,Fedreal Capital Territory,FCT,Nigeria,Current Account,RTGS,Settlement Account,CRR,Cash Reserve Requirement",BOD/DIR/CIR/GEN/01/101,https://www.cbn.gov.ng/out/2009/circulars/bod/circular on harminisation of accounts.pdf,262104,697
2009-12-14,Central Bank of Nigeria,circulars,Foreign Exchange Market (WDAS) Auction No. 44/2009,,"Further to our circular ref. TED/FEM/FPC/01/110/09 of 8th July, 2009. CBN intervenes with offer of USD200.00 million (Two hundred million United States Dollars) for sale at Foreign Exchange Market of Monday 14th december, 2009
Authorised dealers are invited to submit their bid requests through reuters at CBN address stipulated in the circular under reference between 9.00a.m. and 10.30 a.m. 
They are reminded that their current account must be adequately funded and should remain funded at the time of disbursement failin which the bid will be disqualified.

Signe by      Batari Musa
             Ag. Director
           Trade & Exchange Department",Ted-Fem-Fpc-Gen-01-175-09,https://www.cbn.gov.ng/out/2009/circulars/ted/ted-fem-fpc-gen-01-175-09.pdf,89342,696
2009-12-16,Central Bank of Nigeria,circulars,Foreign Exchange Market (WDAS) Auction No. 45/2009,,"Further to our circular Ref TED/FEM/FPC/01/110/09 of 8th July, 2009 the CBN intervenes with an offers of USD300.00 Million (Three hundred million United States Dollars) for sale at Foreign Exchange Auction of Wednesday 16th December, 2009.
Authorised were invited to submit their bid request through reuters dealilng 3000 Xtra at th address stipulated in the circular between 9.00 a.m. and 10.00 a.m.
They are reminded that their accounts must be adequately funded and remain same at the time of disbursement failing which the  bids will be disualified ",Ted-Fem-Fpc-Gen-01-176-09,https://www.cbn.gov.ng/out/2009/circulars/ted/ted-fem-fpc-gen-01-176-09.pdf,89189,695
2010-01-04,Central Bank of Nigeria,circulars,Circular on Implementation of Maximum Cap for Cheque Payments,,"CBN,BOD,MAXIMUM,CAP,CHEQUE,BANKDRAFT,MANAGERSCHEQUE,DIVIDEND,INTEREST,WARRANTS,N10MILLION",BOD/DIR/CIR/2010/GEN/01/107,https://www.cbn.gov.ng/out/2010/circulars/bod/implementation to issues0001.pdf,49937,693
2010-01-04,Central Bank of Nigeria,circulars,Foreign Exchange Market (WDAS) Auction no. 01/2010,,"Furthe to circular ref: TED/FEM/FPC/01/110/09 of 8th July, 2009. Offer USD200.00 Million for sale foreign exchange market on 4th January 2010. Authorised dealers are invited to submit bids. Trade & Exchange Dept. Batari Musa",TED/FEM/FPC/GEN/01/001/10,https://www.cbn.gov.ng/out/2010/circulars/ted/ted.fem.fpc.01.001.10doc.pdf,69399,694
2010-01-06,Central Bank of Nigeria,circulars,Foreign Exchange Market (WDAS) Auction No. 02/2010,,"CBN offers US$100.00,million Authorised Dealers,Batari Musa, Trade & Exchange Department",TED.FEM.FPC.GEN.01.02.10,https://www.cbn.gov.ng/out/2010/circulars/ted/foreign exchange market (wdas) auction no. 02_2010.pdf,69698,691
2010-01-06,Central Bank of Nigeria,circulars,Re: Publication Of Interest Rates ,,"bank,banks,interest,rates,deposits,loans,centralbankofnigeria,cbn,returns,bankingsupervisiondepartment,information,stakeholders,banking,supervision,soludo,month",BSD/DIR/GEN/CIR/04/001				,https://www.cbn.gov.ng/out/2010/circulars/bsd/Bank_rates.pdf,60KB,692
2010-01-11,Central Bank of Nigeria,circulars,Foreign Exchange Market (WDAS) Auction No. 03/2010,,"CBN offers US$150.00, Authorised Dealers, Batari Musa, Trade & Exchange Department",TED.FEM.FPC.GEN.01.003.10,https://www.cbn.gov.ng/out/2010/circulars/ted/foreign exchange market (wdas) auction no. 03_2010.pdf,69570,690
2010-01-13,Central Bank of Nigeria,circulars,Foreign Exchange Market (WDAS) Auction No. 04/2010,,"CBN offers US$250.00, WDAS,Authorised Dealers, Batari Musa, Trade & Exchange Department.",TED.FEM.FPC.GEN.01.004.10,https://www.cbn.gov.ng/out/2010/circulars/ted/foreign exchange market (wdas) auction no. 04_2010.pdf,69586,689
2010-01-18,Central Bank of Nigeria,circulars,Foreign Exchange Market (WDAS) Aution No. 05.2010,,"CBN offers US$350 million, Authorised Dealers, Batari Musa, Trade & Exchange Department",TED.FEM.FPC.GEN.01.005.10,https://www.cbn.gov.ng/out/2010/circulars/ted/foreign exchange market (wdas) aution no. 05.2010.pdf,69923,688
2010-01-19,Central Bank of Nigeria,circulars,"Minimum Information to be Disclosed in Financial Statements for the Year Ended December 31, 2009",,"bsd, cbn, Circular on Minimum Information to be Disclosed in Financial Statements, banks, Deposit Money Banks",BSD/DIR/GEN/CIR/04/004,https://www.cbn.gov.ng/OUT/2010/CIRCULARS/BSD/CIRCULAR ON MINIMUM INFORMATION TO BE DISCLOSED IN FINANCIAL STATEMENT.pdf,202 KB,687
2010-01-20,Central Bank of Nigeria,circulars,Foreign Exchange Market (WDAS) No. 06.2010,,"CBN offers US$150 million, Authorised Dealers, Batari Musa, Trade & Exchange Department",TED.FEM.FPC.GEN.01.006.10,https://www.cbn.gov.ng/out/2010/circulars/ted/foreign exchange market (wdas) aution no. 06.pdf,69911,686
2010-01-25,Central Bank of Nigeria,circulars,Foreign Exchange Market (WDAS) No. 07/2010,,CBN offer USB150.00 Million Foreign Exchange Auction. Authorised Dealers submit bids. Batari Musa. Trade & Exchange Dept. CBN,TED/FEM/FPC/GEN/01/007/10,https://www.cbn.gov.ng/out/2010/circulars/ted/ted.fem.fpc.01.007.10doc..pdf,239897,685
2010-01-26,Central Bank of Nigeria,circulars,Nigeria Uniform Bank Account Number Proposal,,"Nigeria Uniform Bank Account Number Proposal,Nigeria,Uniform Bank Account,Number,NUBAN,Proposal,BOD,BAnking Operations Department,CBN,Central Bank of Nigeria,Abuja",BOD/PSV2020/OPS/144C,https://www.cbn.gov.ng/out/2010/circulars/bod/national uniform bank account number proposal.pdf,315522,684
2010-01-26,Central Bank of Nigeria,circulars,Recommended Standards for Electronic Payments to Government Suppliers,,"Recommended Standards for Electronic Payments to Government Suppliers,Recommended,Standards,Electronic Payments,Government Suppliers,Recommended Standards,Electronic,Payments,Government,Suppliers,CBN,Central Bank of Nigeria,BOD,Banking Operations Department,Nigeria,Abuja,DCT,Fedral Capital Territory",BOD/PSV2020/OPS/114D,https://www.cbn.gov.ng/out/2010/circulars/bod/recommended standards for electronic payments to government suppliers.pdf,373803,681
2010-01-27,Central Bank of Nigeria,circulars,Foreign Exchange Market (WDAS) Auction No. 08/2010,,CBN offer USB250.00 Million Foreign Exchange Auction. Authorised Dealers submit bids. Batari Musa. Trade & Exchange Dept. CBN,TED/FEM/FPC/GEN/01/008/10,https://www.cbn.gov.ng/out/2010/circulars/ted/ted.fem.fpc.gen.01.008.10doc..pdf,239942,680
2010-02-01,Central Bank of Nigeria,circulars,Foreign Exchange Market (WDAS) Auction No. 09/2010,,CBN offer USD250.00 for sales at Foreign Exchange Market Auction Monday 1/02/2010 Batari Musa Trade & Exchange Department. ,TED/FEM/FPC/GEN/01/009/10,https://www.cbn.gov.ng/out/2010/circulars/ted/ted.fem.fpc.gen.01.009.10doc..pdf,239927,679
2010-02-08,Central Bank of Nigeria,circulars,Foreign Exchange Market (WDAS) Auction No. 11/2010,,"CBN offers USD250,000.00 million, Auction No. 11/2010, Authorised Dealers,H. A. salako",TED.FEM.FPC.GEN.01.012.10,https://www.cbn.gov.ng/out/2010/circulars/ted/wdas 11 2010 of 080210 summary.pdf,20468,676
2010-02-08,Central Bank of Nigeria,circulars,"Monetary, Credit, Foreign Trade and Exchange Policy Guidelines for 2010/2011 ",,"Monetary, Credit, Foreign Trade and Exchange Policy Guidelines for 2010/2011; MPC; CBN;",MCFTEP-2010-11,https://www.cbn.gov.ng/out/2010/publications/reports/mpd/monetary credit foreign trade and exchange policy guidelines 2010-2011.pdf,1027292,2228
2010-02-10,Central Bank of Nigeria,circulars,"Summary of WDAS No. 12/2010 of February 10, 2010.",,"Summary of WDAS No. 12/2010 of February 10, 2010.",12,https://www.cbn.gov.ng/out/2010/circulars/ted/wdas 12 2010 of 100210 summary.pdf,1860,675
2010-02-15,Central Bank of Nigeria,circulars,Foreign Exchange Market (WDAS) Auction No. 13.2010,,"CBN offers USD250 million, All Authorised Dealers, H. A.Salako",TED.FEM.FPC.GEN.01.014.10,https://www.cbn.gov.ng/out/2010/circulars/ted/ted fem fpc gen 01 014 10.pdf,20577,674
2010-02-16,Central Bank of Nigeria,circulars,Notice of Meeting on Import Duty Collection Scheme (IDCS),,Notice of Meeting on Import Duty Collection Scheme (IDCS),TED.FEM.GEN.FPC.01.015,https://www.cbn.gov.ng/out/2010/circulars/ted/ted.fem.gen.fpc.01.015.10.has.pdf,23398,673
2010-02-17,Central Bank of Nigeria,circulars,Foreign Exchange Market (WDAS) Auction No. 14/2010,,CBN offer for sale at FEM auction USD150.0 Million. Authoriesed Dealers are to Submit Bids.,TED/FEM/FPC/GEN/01/017/10,https://www.cbn.gov.ng/out/2010/circulars/ted/ted.fem.fpc.gen.01.017.10doc..pdf,156249,671
2010-02-17,Central Bank of Nigeria,circulars,Guidelines on Stored Value Prepaid Card Issuance and Operations,,"Guidelines on Stored Value Prepaid Card Issuance and Operations,Guidelines,Stored Value,Prepaid Card,Issuance,Operations,CBN,Central Bank of Nigeria,BOD,Banking Operations Department,Abuja,Nigeria",BOD/DIR/GEN/CIR/01/025,https://www.cbn.gov.ng/out/2010/circulars/bod/guidelines on stored value prepaid card issuance and operations.pdf,10796,670
2010-02-17,Central Bank of Nigeria,circulars,Re: Clarification On The Circular On Importation Of Cold Roll Steel And Aluminum Roofing Sheets Into Nigeria,,"This to inform All Authorised Dealers that paragraph 2 of the circular Ref: TED/FEM/FPC/GEN/01/011 of February 5, 2010 on the above subject has been ammended as follows:
""However, for the avoidance of doubt, any Form 'M' opened after November 16, 2009 for the importation of aluminum roofing sheed of less than 0.5 mm in thickness and cold roll sheet of less than 0.20 mm thickness shall not be allowed"".
Authorized Dealers inform your customers.

Signed by:   H.A. Salako
             for: Director
             Trade & Exchange Department",Ted-Fem-Fpc-Gen-01-016-10,https://www.cbn.gov.ng/out/2010/circulars/ted/ted-fem-fpc-gen-01-016-10.pdf,46161,672
2010-02-18,Central Bank of Nigeria,circulars,Guidelines on Nigeria Direct Debit Scheme,,"Guidelines on Nigeria Direct Debit Scheme,Guidelines,Nigeria,Direct,Debit,Scheme,Nigeria Direct Debit Scheme,Direct Debit Scheme,CBN,Central Bank of Nigeria,BOD,Banking Operations Department,Abuja,FCT.Federal Capital TerritoryOperational Rules,Indemnity,Compliance,Rules and Penalties,Consumer Protection,Rights and Obligations,Definition of Terms",BOD/DIR/GEN/CIR/01/025A,https://www.cbn.gov.ng/out/2010/circulars/bod/guidelines on nigeria direct debit scheme.pdf,134015,669
2010-02-22,Central Bank of Nigeria,circulars,Foreign Exchange Market (WDAS) Auction No.15/2010,,CBN offer for sale at FEM auction USD250.0 Million. Authoriesed Dealers are to Submit Bids.,TED/FEM/FPC/GEN/01/018/10,https://www.cbn.gov.ng/out/2010/circulars/ted/ted.fem.fpc.gen.01.018.10doc.pdf,239919,668
2010-02-24,Central Bank of Nigeria,circulars,Foreign Exchange Market (WDAS) Auction No. 16/2010,,CBN offer for sale at Forex Auction USD250.00 Million. Authorised Dealers are to submit Bids.,TED/FEM/FPC/GEN/01/019/10,https://www.cbn.gov.ng/out/2010/circulars/ted/ted.fem.fpc.gen.01.019.10doc.pdf,239935,667
2010-03-01,Central Bank of Nigeria,circulars,Foreign Exchange Market (WDAS) Auction No. 17/2010,,"Foreign Exchange Market (WDAS) Auction No. 17/2010,Foreign Exchange,FX, Market,WDAS,Auction,No. 17/2010,CBN,Central Bank of Nigeria,Financial Markets Depatment,FMD,Owolabi,Bola Akinwunmi,Yanfa,Bidding,Director",FMD/FED/CIR/GEN/01/001/10,https://www.cbn.gov.ng/out/2010/circulars/fmd/wda auction notice17032010.pdf,345193,666
2010-03-03,Central Bank of Nigeria,circulars,Foreign Exchange Market (WDAS) Auction No. 18/2010,,"Foreign Exchange Market (WDAS) Auction No. 18/2010,Foreign Exchange,FX, Market,WDAS,Auction,No. 18/2010,CBN,Central Bank of Nigeria,Financial Markets Depatment,FMD,Owolabi,Bola Akinwunmi,Yanfa,Bidding,Director",FMD/FED/CIR/GEN/01/002/10,https://www.cbn.gov.ng/out/2010/circulars/fmd/wdas auction 18032010.pdf,344046,664
2010-03-03,Central Bank of Nigeria,circulars,Foreign Exchange Market (WDAS) Auction No. 18/2010,,"Further to our circular ref. TED/FEM/FPC/01/110/09 of 8th July, 2009. CBN offers USD200.00million (Two Hundred million United States Dollars) for sale at Forex of Wednesday 3rd March, 2010.
Authorised dealeers are requested to submit their bids at stipulated address at CBN Abuja between 9.00a.m. and 10.30 a.m.
They are reminded that their accounts must be adequately funded on the day of bidding, failing which the bids will be disqualified.

Signed by:  H.A. Salako
            For: Ag. Director
            Financial Markets Department ",Fmd-Fed-Cir-Gen-01-002-10,https://www.cbn.gov.ng/out/2010/circulars/ted/fmd-fed-cir-gen-01-002-10doc.pdf,20320,665
2010-03-08,Central Bank of Nigeria,circulars,Foreign Exchange Market (WDAS) Auction No. 19/2010,,"Foreign Exchange Market (WDAS) Auction No. 19/2010,Foreign Exchange,FX, Market,WDAS,Auction,No. 19/2010,CBN,Central Bank of Nigeria,Financial Markets Depatment,FMD,Owolabi,Bola Akinwunmi,Yanfa,Bidding,Director",FMD/FED/CIR/GEN/01/003/10,https://www.cbn.gov.ng/out/2010/circulars/fmd/wdas auction 19032010.pdf,351542,663
2010-03-10,Central Bank of Nigeria,circulars,"Foreign Exchange Market (WDAS) Auction No. 20/2010,",,"Foreign Exchange Market (WDAS) Auction No. 20/2010,Foreign Exchange,FX, Market,WDAS,Auction,No. 20/2010,CBN,Central Bank of Nigeria,Financial Markets Depatment,FMD,Owolabi,Bola Akinwunmi,Yanfa,Bidding,Director",FMD/FED/CIR/GEN/01/004/10,https://www.cbn.gov.ng/out/2010/circulars/fmd/auction notice 200320100001.pdf,328071,662
2010-03-15,Central Bank of Nigeria,circulars,Foreign Exchange Market (WADS) Auction No.21/2010,,"Foreign Exchange Market (WADS) Auction No.21/2010,Financail Market Department, Central Bank of Nigeria,(CBN) Abuja.Ag: Director, Mr.O.F.Owolabi,Total amount offer USD200.00 Million united State Dollas)",FMD/FED/CIR/GEN/01/005/10,https://www.cbn.gov.ng/out/2010/circulars/fmd/auction0001.pdf,348163,661
2010-03-17,Central Bank of Nigeria,circulars,Foreign Exchange Market (WDAS) Auction no.22/2010,,"Central Bank of Nigeria (CBN) offer USD200.00million for sale at Foreign Exchange Auction on wednesday 17th March 2010, all authorised dealers are invited to submit their request through reuters dealing 3000XTRA between 9.00an and 10.30am.",FMD/FED/CIR/GEN/01/006/10,https://www.cbn.gov.ng/out/2010/circulars/fmd/auction notice no 2202100001.pdf,323623,660
2010-03-17,Central Bank of Nigeria,circulars,Update on invisible purpose codes and the need for compliaince with the rendition of returns on same,,"In a bid to enhance the coverance of information on personal remittances, Authorised Dealers are hereby informed that returns on the subject shall be segregated - Maintenance, Mortgage, Investment, Collective, NPISH, NGO, Health and Education.",TED/FEM/FPC/GEN/01/020/10,https://www.cbn.gov.ng/out/2010/circulars/ted/ted.fem.fpc.01.020.10doc.pdf,244082,659
2010-03-22,Central Bank of Nigeria,circulars,Foreign Exchange Market (WDAS) Auction no.23/2010,,"Central Bank of Nigeria (CBN) Abuja hereby offer UDS200.00million dollas for sales monday 22nd march 2010.All authrised dealers are therefore invited to submit thier bids request for WDAS through treters dealing 3000 XTRA to the CBN abuja. Ag Director, Mr.O. F. Owolabi.",FMD/FED/CIR/GEN/01/007/10,https://www.cbn.gov.ng/out/2010/circulars/fmd/auction notice no 2320100001.pdf,329426,657
2010-03-22,Central Bank of Nigeria,circulars,Notice of Foreign Exchange Officers' meeting,,"Foreign Exchange Officers' meeting holding at Central Bank of Nigeria, Head Office Auditorium Abuja. 25/03/2010. All Authorised Dealers, Customs and Service providers are invited. ",TED/FEM/FPC/GEN/01/021/10,https://www.cbn.gov.ng/out/2010/circulars/ted/ted.fem.fpc.01.021.10doc.pdf,242339,658
2010-03-24,Central Bank of Nigeria,circulars,Foreign Exchange Market (WDAS)Auction No.24/2010,,"Central Bank of Nigeria hereby offer USD200.00 million dollars for sale at the Foreign Exchange Auction of Wednesday 24th March 2010. Authorised dealers are thereby invited to submit their bib request through reuter dealing. Financial Market Dept, Abuja. Mr. O. F. Owolabi.",FMD/FED/CIR/GEN/01/008/10,https://www.cbn.gov.ng/out/2010/circulars/fmd/auction notice no 2420100001.pdf,320258,656
2010-03-29,Central Bank of Nigeria,circulars,Foreign Exchange Market (WDAS) Auction No. 25/2010,,"Central Bank of Nigeria, (CBN)Abuja, offer USD150.00 Million Dollas for sales at the foreign exchange auction of monday 29th march,2010. Authorised dealer are therefore invited to submit their bid request through reuters dealing 3000XTRA between 9.00an and 10.30am.Ag. Director Financial Markets Dept. Abuja",FMD/FED/CIR/GEN/01/009/10,https://www.cbn.gov.ng/out/2010/circulars/fmd/auction notice no 2520100001.pdf,318886,654
2010-03-29,Central Bank of Nigeria,circulars,"Invitation to attend Importerss forum holding at Etal Hotels and Halls, Apapa Lagos.",,"All Authorised Dealers are invited to the above forum to sensitize, highlight issues concerning importers",TED/FEM/FPC/GEN/01/022/10,https://www.cbn.gov.ng/out/2010/circulars/ted/ted.fem.fpc.01.022.10doc.pdf,203805,655
2010-03-31,Central Bank of Nigeria,circulars,Foreign Exchange Market (WDAS) Auction No. 26/2010,,"Central Bank of Nigeria hereby offer USD250.00Million Dollas for sales at the Foreign Exchange Auction of wednesday 31st March.2010. Authorised dealers are therefore invited to submit their request through reuters dealing 3000XTRA to the CBN Abuja between 9.00am and 10.30am. Financial Markets Department,Abuja.",FMD/FED/CIR/GEN/01/010/10,https://www.cbn.gov.ng/out/2010/circulars/fmd/auction nitoce wdas no 2620100001.pdf,322716,653
2010-04-06,Central Bank of Nigeria,circulars,"A Special Meeting of the Monetary Policy Committee (MPC) of the Central Bank of Nigeria Holds on April 15, 2010",,"Monetary Policy Committee, MPC ",MPC-69,https://www.cbn.gov.ng/out/2010/circulars/mpd/special meeting of the monetary policy committee of the central bank of nigeria.pdf,2364,651
2010-04-06,Central Bank of Nigeria,circulars,"The 214th Meeting of the Monetary Policy Committee (MPC) of the Central Bank of Nigeria Holds on May 10-11, 2010",,"The Monetary Policy Committee, MPC, 214th Meeting of the Monetary Policy Committee ",MPC-70,https://www.cbn.gov.ng/out/2010/circulars/mpd/214th meeting of the monetary policy committee of the central bank of nigeria.pdf,2565,652
2010-04-07,Central Bank of Nigeria,circulars,Foreign Exchange Market (WDAS)Auction No.27/2010,,"Central Bank of Nigeria, Abuja hereby offer USD250.00Million Dollas for sale at the foreign exchange auction of wednesday 7th April,2010.All authorised dealers are therefore invited to sumbit their bid through reuters dealing 3000XTRA between 9.00am and 10.30am. Financial Market Dept,Abuja.",FMD/FED/CIR/GEN/01/011/10,https://www.cbn.gov.ng/out/2010/circulars/fmd/auction notice no 27 of april 7th 20100001.pdf,321042,650
2010-04-09,Central Bank of Nigeria,circulars,Invitation to attend a meeting on Foreign Currency Movement within Nigeria,,"All Deposit Money Banks are invited to the above meeting holding on April 15 2010 in Lagos at 3rd f;oor New Building, Central Bank of Nigeria.",TED/PFO/FPC/GEN/01/023/10,https://www.cbn.gov.ng/out/2010/circulars/ted/ted.pfo.fpc.gen.01.023.10doc.pdf,165044,649
2010-04-12,Central Bank of Nigeria,circulars,Foreign Exchange Market(WDAS)Auction No. 28/2010,,"The Central Bank of Nigeria, Abuja hereby offer USD250.00 million Dollas for sale at the Foreign Exchange Auction of Monday 12th April, 2010. All authrised dealers are therefore invited to submit their bid request throught reuters dealing 3000XTRA to the CBN Abuja between 9.00am and 10.30am. Director,Financial Markets Dept, Abuja.",FMD/FED/CIR/GEN/01/012/10,https://www.cbn.gov.ng/out/2010/circulars/fmd/auction no 28 20100001.pdf,512992,648
2010-04-14,Central Bank of Nigeria,circulars,Foreign Exchange Market (WDAS)Auction No. 29/2010,,"The Central Bank of Nigeria, Abuja hereby offer USD250.00 Million Dillas for sale at the Foreign Exchange auction of Wednesday 14th April,2010. All Authorised dealers are therefore invited to submit their bid request for WDAS through reuters dealing 3000XTRA to CBN Abuja at stipulated time between 9.00am and 10.30am. Financial Markets Department, Abuja.  ",FMD/FED/CIR/GEN/01/013/10,https://www.cbn.gov.ng/out/2010/circulars/fmd/auction notice no 29 of 1420100001.pdf,321700,647
2010-04-19,Central Bank of Nigeria,circulars,Foreign Exchange Market (WDAS) Auction No.30/2010,,"The Central Bank of Nigeria, Abuja hereby offer USD250.00Million Dollars for sale at the foreign Exchange Auction of Monday 19th April, 2010. Authorised dealers are therefore invited to submit their bid request through reuters dealing 3000XTRA between 9.00am and 10.30am. Financial Markets Dept,Abuja. Ag.Director, Mr. O. F. Owolabi.",FMD/FED/CIR/GEN/01/014/10,https://www.cbn.gov.ng/out/2010/circulars/fmd/auction notice 302010 of 1920100001.pdf,37353,646
2010-04-21,Central Bank of Nigeria,circulars,Foreign Exchange Market (WDAS) Auction Notice No.31/2010,,"The Central Bank of Nigeria, Abuja hereby offer USD250.00 Million Dollas for sale at Foreign Exchange auction of wednesday 21st April, 2010. All authorised dealers are therefore invited to submit their request for wdas through reuter dealing 3000XTRA to CBN Abuja between 9.00am and 10.30am. Financial Markets Dept, Abuja. Ag. Dir.Mr. O. F. Owolabi.",FMD/FED/CIR/GEN/01/015/10,https://www.cbn.gov.ng/out/2010/circulars/fmd/auction notice 312010 of 2120100001.pdf,34805,645
2010-04-23,Central Bank of Nigeria,circulars,Invitation to attend nation-wide sensitisation seminars on Destination Inspection Scheme for Importers and Stakeholders at the various venues,,"Sensitise the importers and other stakeholders on import trade, documentation, procedures, compliance and intergrity and 48 hours clearance target",TED/FEM/FPC/GEN/01/024/10,https://www.cbn.gov.ng/out/2010/circulars/ted/ted.pfo.fpc.gen.01.024.10doc.pdf,214989,644
2010-04-26,Central Bank of Nigeria,circulars,Foreign Exchange Market (WDAS)Auction No.32/2010,,"Central Bank of Nigeria,Abuja, USD250.00Million Dollar for sale,Financial Market Department, Director,CBN,Auction no32/2010,Time 9.00am - 10.30am.",FMD/FED/CIR/GEN/01/016/10,https://www.cbn.gov.ng/out/2010/circulars/fmd/auction no 32 2010 of 260420100001.pdf,35566,643
2010-04-28,Central Bank of Nigeria,circulars,Foreign Exchange Market (wads)Auction No.33/2010,,"Central Bank Of Nigeria,Abuja,USD250.00Million Dollars,Financial Markets Department,Director,Auction No.33/2010  ",FMD/FED/CIR/GEN/01/017/10,https://www.cbn.gov.ng/out/2010/circulars/fmd/auction no 33 20100001.pdf,333374,642
2010-05-05,Central Bank of Nigeria,circulars,Foreign Exchange Market (WDAS)Auction No.34/2010,,"The Central Bank of Nigeria, Abuja hereby offer USD450.00Million Dollars for sale at the Foreign Exchange Auction of Wednesday 5th May, 2010. Authorised dealers are therefore invited to submit their bid request through reuters dealing 3000XTRA to the CBN Abuja between 9.00am and 10.30am.Financial Markets Dept, Abuja. Ag. Director, O F Owolabi.",Fmd/fed/cir/gen/01/018/10,https://www.cbn.gov.ng/out/2010/circulars/fmd/wdas auction 34 20100001.pdf,36065,640
2010-05-05,Central Bank of Nigeria,circulars,"The 214th Meeting of the Monetary Policy Committee (MPC) of the Central Bank of Nigeria Holds on May 10-11, 2010  ",,"The Monetary Policy Committee, MPC, 214th Meeting of the Monetary Policy Committee ",MPC-71,https://www.cbn.gov.ng/out/2010/circulars/mpd/The 214th Meeting of the Monetary Policy Committee.pdf,8.16KB,641
2010-05-10,Central Bank of Nigeria,circulars,FOREIGN EXCHANGE MARKET (WDAS) AUCTION NO. 35/2010,,"Central Bank of Nigeria, Abuja, USD450 million dollars, Foreign Exchange, Financial Markets Department,Director, Auction, CBN, FCT, Auction No 35/2010",FMD/FED/CIR/GEN/01/019/10,https://www.cbn.gov.ng/out/2010/circulars/fmd/auction notice no 35 of 100520100001.pdf,335274,639
2010-05-12,Central Bank of Nigeria,circulars,Foreign Exchange Market (wdas)Auction No.36/2010,,"Central Bank of Nigeria,Abuja,USD250.00million Dollars,Foreign Exchange, Financial Market Department, Director,Auction No.36/2010  ",Fmd/fed/cir/gen/01/020/10,https://www.cbn.gov.ng/out/2010/circulars/fmd/notice of auction 362010 of 120520100001.pdf,76398,638
2010-05-14,Central Bank of Nigeria,circulars,Standards and Guidelines on Automated Teller Machine (ATM) Operations in Nigeria,,"Standards and Guidelines on Automated Teller Machine,ATM",BPSD/RTP/GEN/RVP/01/007,https://www.cbn.gov.ng/out/2010/circulars/bspd/atm standards 1.pdf,66817,637
2010-05-17,Central Bank of Nigeria,circulars,FOREIGN EXCHANGE MARKET (WDAS) AUCTION NO. 37/2010,,"Central Bank of Nigeria, Abuja USD (450.00,million Dollars, Foreign Exchange, Financial Market Department, Director, Auction No.37/2010",FMD/FED/CIR/GEN/01/021/10,https://www.cbn.gov.ng/out/2010/circulars/fmd/auction notice 3720100001.pdf,36019,636
2010-05-18,Central Bank of Nigeria,circulars,Re-Submission of the list of Uncollected Risk Assessment Reports (RARs),,"All authorised dealers are to forward list RARs uncollected by March 31. 2010 in attached excel format before May 28, 2010",TED/PFO/FPC/GEN/01/026,https://www.cbn.gov.ng/out/2010/circulars/ted/ted.pfo.fpc.gen.01.026.pdf,215135,635
2010-05-19,Central Bank of Nigeria,circulars,FOREIGN EXCHANGE MARKET (WDAS) AUCTION NO. 38/2010,,"Central Bank of Nigeria, Abuja USD (450.00,million Dollars, Foreign Exchange, Financial Market Department, Director, Auction No.38/2010",FMD/FED/CIR/GEN/01/022/10,https://www.cbn.gov.ng/out/2010/circulars/fmd/auction 38 20100001.pdf,35117,634
2010-05-21,Central Bank of Nigeria,circulars,N200 Billion Intervention Fund For Re-Financing And Restructuring Of Banks’ Loans To The Manufacturing Sector,,"Agric,credit,CBN,acgsf,fgn,decree20,farmers,food,poverty,refinancing,intervention",DFD20100521,https://www.cbn.gov.ng/out/2010/circulars/dfd/GUIDELINES ON N200 BILLION REFINANCING MANUFACTCTURING SMES FINAL ABBA.pdf,113419,633
2010-05-21,Central Bank of Nigeria,circulars,N200 Billion Small And Medium Enterprises (SME) Credit Guarantee Scheme (SMECGS),,"Agric,credit,CBN,acgsf,fgn,decree20,farmers,food,poverty,refinancing,intervention",DFD20100520,https://www.cbn.gov.ng/out/2010/circulars/dfd/GUIDELINES ON N200 BILLION SME CREDIT GUARANTEE FINAL ABBA.pdf,113419,632
2010-05-24,Central Bank of Nigeria,circulars,FOREIGN EXCHANGE MARKET (WDAS) AUCTION NO. 39/2010,,"Central Bank of Nigeria, Abuja, USD450 million dollars, Foreign Exchange, Financial Market Department, Director, Auction, CBN, FCT, Auction No. 39/2010",FMD/FED/CIR/GEN/01/023/10,https://www.cbn.gov.ng/out/2010/circulars/fmd/auction notice no 39 of 240520100001.pdf,38383,631
2010-05-26,Central Bank of Nigeria,circulars,FOREIGN EXCHANGE MARKET (WDAS) AUCTION NO. 40/2010,,"Central Bank of Nigeria, Abuja, USD450 million dollars, Foreign Exchange, Financial Markets Department,Director, Auction, CBN, FCT, Auction No 40/2010",FMD/FED/CIR/GEN/01/024/10,https://www.cbn.gov.ng/out/2010/circulars/fmd/summary of wdas auction no 40 of 26520100001.pdf,24073,630
2010-06-02,Central Bank of Nigeria,circulars,FOREIGN EXCHANGE MARKET (WDAS) AUCTION NO. 41/2010,,"Central Bank of Nigeria, Abuja, USD500 million dollars, Foreign Exchange, Financial Markets Department,
Director, Auction, CBN, FCT, Auction No 41/2010",FMD/FED/CIR/GEN/01/025/10,https://www.cbn.gov.ng/out/2010/circulars/fmd/summary of wdas no 412010 of 020620100001.pdf,271625,629
2010-06-07,Central Bank of Nigeria,circulars,FOREIGN EXCHANGE MARKET (WDAS) AUCTION NO. 42/2010,,"Central Bank of Nigeria, Abuja, USD250 million dollars, Foreign Exchange, Financial Markets Department,Director, Auction, CBN, FCT, Auction No 42/2010",FMD/FED/CIR/GEN/01/026/10,https://www.cbn.gov.ng/out/2010/circulars/fmd/auction notice no 42 of 070620100001.pdf,336237,628
2010-06-09,Central Bank of Nigeria,circulars,"Circular to Banks and Other Financial Institutions: Revised CBN Anti-Money Laundering/Counter Terrorism Financing (AML/CFT) Regulation, 2009",,"banks,anti-money,laundering,terrorism,CBN,bank,customers,money,compliance,regulation,guidelines,circular,transactions,risk,conduct,control,credit,manual,financial,institutions,exposure,financing,law",FPR/DIR/CIR/AML/CFT/01/001,https://www.cbn.gov.ng/out/2010/circulars/fpr/circular on money laundering (2).pdf,3316548,627
2010-06-09,Central Bank of Nigeria,circulars,FOREIGN EXCHANGE MARKET (WDAS) AUCTION NO. 43/2010,,"Central Bank of Nigeria, Abuja, USD350 million dollars, Foreign Exchange, Financial Markets Department,Director, Auction, CBN, FCT, Auction No 43/2010",FMD/FED/CIR/GEN/01/027/10,https://www.cbn.gov.ng/out/2010/circulars/fmd/auction notice no 43 of 090620100001.pdf,339586,626
2010-06-11,Central Bank of Nigeria,circulars,Deadline For Rendition Of Returns Through eFASS,,"deadlines,returns,rendition",TED.DMO.FPC.GEN.01.028,https://www.cbn.gov.ng/out/2010/circulars/ted/TED.DMO.FPC.GEN.01.028.pdf,60 KB,625
2010-06-14,Central Bank of Nigeria,circulars,FOREIGN EXCHANGE MARKET (WDAS) AUCTION NO. 44/2010,,"Central Bank of Nigeria, Abuja, USD400 million dollars, Foreign Exchange, Financial Markets Department,Director, Auction, CBN, FCT, Auction No 44/2010",FMD/FED/CIR/GEN/01/028/10,https://www.cbn.gov.ng/out/2010/circulars/fmd/wdas no 4420100001.pdf,38707,624
2010-06-16,Central Bank of Nigeria,circulars,FOREIGN EXCHANGE MARKET (WDAS) AUCTION NO. 45/2010,,"Central Bank of Nigeria, Abuja, USD300.00 million dollars, Foreign Exchange, Financial Markets Department,Director, Auction, CBN, FCT, Auction No 45/2010",FMD/FED/CIR/GEN/01/029/10,https://www.cbn.gov.ng/out/2010/circulars/fmd/auction no 45 of 160620100001.pdf,320598,623
2010-06-17,Central Bank of Nigeria,circulars,Circular to Banks and Other Financial Institutions: Terrorist Individuals and Organizations,,"bank,banks,otherfinancialinstitutions,terrorist,organizations,anti-moneylaundering,counterterrorism,aml/cftregulation2009,transactions,cbn,subsidiaries,associatecompanies,usa,institution,institutions,security,report,terrorism,financial,guidelines,centralbankofnigeria",FPR/DIR/GDL/01/002,https://www.cbn.gov.ng/out/2010/circulars/fpr/circular to banks and other financial institutions- terrorist individuals and organizations2.pdf,134903,622
2010-06-21,Central Bank of Nigeria,circulars,"FOREIGN EXCHANGE MARKET (WDAS) AUCTION NO. 46/2010
",,"Central Bank of Nigeria, Abuja, USD300 million dollars, Foreign Exchange, Financial Markets Department,Director, Auction, CBN, FCT, Auction No 46/2010",FMD/FED/CIR/GEN/01/030/10,https://www.cbn.gov.ng/out/2010/circulars/fmd/auction notice no 46 20100001.pdf,36529,621
2010-06-23,Central Bank of Nigeria,circulars,"FOREIGN EXCHANGE MARKET (WDAS) AUCTION NO. 47/2010





",,"Central Bank of Nigeria, Abuja, USD250 million dollars, Foreign Exchange, Financial Markets Department,Director, Auction, CBN, FCT, Auction No 47/2010",FMD/FED/CIR/GEN/01/031/10,https://www.cbn.gov.ng/out/2010/circulars/fmd/auction notice no 47 20100001.pdf,37353,620
2010-06-28,Central Bank of Nigeria,circulars,FOREIGN EXCHANGE MARKET (WDAS) AUCTION NO. 48/2010,,"Central Bank of Nigeria, Abuja, USD250 million dollars, Foreign Exchange, Financial Markets Department,Director, Auction, CBN, FCT, Auction No 48/2010",FMD/FED/CIR/GEN/01/032/10,https://www.cbn.gov.ng/out/2010/circulars/fmd/wdas auction notice no 48 20100001.pdf,36359,618
2010-06-28,Central Bank of Nigeria,circulars,"Re: Monetary, Credit, Foreign Trade and Exchange Policy Guidelines for Fiscal Year 2010/2011",,Authorised Dealers and the General Public are to note the amendement of provision of Section 3.2.13 (VI),TED.PFO.FPC.GEN/01.03-,https://www.cbn.gov.ng/out/2010/circulars/ted/ted.pfo.fpc.gen.01.030.pdf,757957,619
2010-06-30,Central Bank of Nigeria,circulars,"FOREIGN EXCHANGE MARKET (WDAS) AUCTION NO. 49/2010





",,"Central Bank of Nigeria, Abuja, USD250 million dollars, Foreign Exchange, Financial Markets Department,Director, Auction, CBN, FCT, Auction No 49/2010",FMD/FED/CIR/GEN/01/033/10,https://www.cbn.gov.ng/out/2010/circulars/fmd/auction 4920100001.pdf,44652,617
2010-07-05,Central Bank of Nigeria,circulars,FOREIGN EXCHANGE MARKET (WDAS) AUCTION NO. 50/2010,,"FMD/FED/CIR/GEN/01/034/10,FOREIGN EXCHANGE MARKET (WDAS) AUCTION NO. 50/2010,BIDDING, FX, REUTERS, MONDAY 5TH JULY, 2010",FMD/FED/CIR/GEN/01/034/10,https://www.cbn.gov.ng/out/2010/circulars/fmd/auction 5020100001.pdf,43961,616
2010-07-06,Central Bank of Nigeria,circulars,Illegal Clearing and Conversion/Diversion of Third Party Cheques and Dividend Warrants,,"OFISD,CBN,PMI,MFB,Illegal,Clearing,Conversion,Diversion,third,party,cheques,central,bank,nigeria,microfinance,bank,primary,mortgage,institutions,dividend,warrant,parastatals,agencies,corporate,bodies,individual,financial,system",OFISD-01-2010,https://www.cbn.gov.ng/out/2011/circulars/ofid/ofisd-01-2010.pdf,440817,615
2010-07-07,Central Bank of Nigeria,circulars,Data Exchange Agreements With at Least Two Licenced Credit Bureaus in Nigeria,,data exchange agreements with at least two licenced credit bureaus in nigeria,BSD/DIR/GEN/CIR/04/014,https://www.cbn.gov.ng/out/2010/circulars/bsd/circular to all banks and ofis on data exchange agreements.pdf,29615,611
2010-07-07,Central Bank of Nigeria,circulars,Disbursement of The Proceeds of Foreign Funds Transfer,,disbursement of the proceeds of foreign funds transfer,BSD/DIR/GEN/FFT/02/089,https://www.cbn.gov.ng/out/2010/circulars/bsd/letter to all banks disbursement of the proceeds of foreign funds transfer.pdf,29084,610
2010-07-07,Central Bank of Nigeria,circulars,"FOREIGN EXCHANGE MARKET (WDAS) AUCTION NO. 51/2010





",,"Central Bank of Nigeria, Abuja, USD150 million dollars, Foreign Exchange, Financial Markets Department,Director, Auction, CBN, FCT, Auction No 51/2010",FMD/FED/CIR/GEN/01/035/10,https://www.cbn.gov.ng/out/2010/circulars/fmd/auction no 51 20100001.pdf,330672,614
2010-07-07,Central Bank of Nigeria,circulars,Re: Monthly Submission of Credit Portfolio Classification by Banks,,monthly submission of credit portfolio classification by banks,BSD/DIR/GEN/CIR/04/016,https://www.cbn.gov.ng/out/2010/circulars/bsd/circular on loan classification.pdf,162655,613
2010-07-07,Central Bank of Nigeria,circulars,The Need for Banks to Develop and Implement a Risk-Based Pricing Model,,the need for banks to develop and implement a risk-based pricing model,BSD/DIR/GEN/CIR/04/015,https://www.cbn.gov.ng/out/2010/circulars/bsd/circular on the need for banks to develop and implement a risk.pdf,60836,612
2010-07-08,Central Bank of Nigeria,circulars,Prudential Guidelines for Deposit Money Banks,,"new,prudential guidelines for deposit money banks,bsd,cbn",BSD/DIR/GEN/NPG/02/126,https://www.cbn.gov.ng/out/2010/circulars/bsd/letter on new prudential guidelines  june 30 2009.pdf,43695,609
2010-07-09,Central Bank of Nigeria,circulars,GUIDELINES ON NIGERIA DIRECT DEBIT SCHEME,,DIRECT DEBIT SCHEME,BPS/DIR/GEN/CIR/01/025B,https://www.cbn.gov.ng/out/2010/circulars/bspd/guidelines on nigeria direct debit scheme  0.2.pdf,138286,608
2010-07-12,Central Bank of Nigeria,circulars,FOREIGN EXCHANGE MARKET (WDAS) AUCTION NO. 52/2010,,"FMD/FEDS/CIR/GEN/01/036/10, FOREIGN EXCHANGE MARKET (WDAS) AUCTION NO. 52/2010, BID, 12TH JULY, 2010, FX, BIDDING",FMD/FEDS/CIR/GEN/01/036/10,https://www.cbn.gov.ng/out/2010/circulars/fmd/wdas auction 5220100001.pdf,321233,607
2010-07-14,Central Bank of Nigeria,circulars,FOREIGN EXCHANGE MARKET (WDAS) AUCTION NO. 53/2010,,"FMD/FED/CIR/GEN/01/037/10, FOREIGN EXCHANGE MARKET (WDAS) AUCTION NO. 53/2010, FX, BIDDING, BID, AUCTION, US DOLLAR",FMD/FED/CIR/GEN/01/037/10,https://www.cbn.gov.ng/out/2010/circulars/fmd/auction 5320100001.pdf,328150,606
2010-07-16,Central Bank of Nigeria,circulars,"CBN Scope,Conditions and Minimum Standards for Commercial Banks Regulations",,"CBN Scope,Conditions and Minimum Standards for Commercial Banks Regulations",BSD/DIR/CBG/2010/02,https://www.cbn.gov.ng/out/2010/circulars/bsd/commercial banking licensing regulations 16 july2010.pdf,50630,603
2010-07-16,Central Bank of Nigeria,circulars,"CBN Scope,Conditions and Minimum Standards for Merchant Banks Regulations",,"CBN Scope,Conditions and Minimum Standards for Merchant Banks Regulations",BSD/DIR/MBG/2010/01,https://www.cbn.gov.ng/out/2010/circulars/bsd/merchant  banking licensing regulations  16 july2010a.pdf,36846,604
2010-07-16,Central Bank of Nigeria,circulars,Review of Guidelines for Specialised Institutions,,Review of Guidelines for Specialised Institutions,BSD/DIR/SBG/2010/03,https://www.cbn.gov.ng/out/2010/circulars/bsd/review of guidelines for specialised institutions.pdf,28636,605
2010-07-19,Central Bank of Nigeria,circulars,"FOREIGN EXCHANGE MARKET (WDAS) AUCTION NO. 54/2010





",,"Central Bank of Nigeria, Abuja, USD250 million dollars, Foreign Exchange, Financial Markets Department,Director, Auction, CBN, FCT, Auction No 54/2010",FMD/FED/CIR/GEN/01/038/10,https://www.cbn.gov.ng/out/2010/circulars/fmd/wdas 5420100001.pdf,333541,602
2010-07-21,Central Bank of Nigeria,circulars,FOREIGN EXCHANGE MARKET (WDAS) AUCTION NO. 55/2010,,"FMD/FED/CIR/GEN/01/039/10, FOREIGN EXCHANGE MARKET (WDAS) AUCTION NO. 55/2010, BIDS, AUCTION, DOLLAR, CIRCULAR, WDAS",FMD/FED/CIR/GEN/01/039/10,https://www.cbn.gov.ng/out/2010/circulars/fmd/wdas 5520100001.pdf,332991,601
2010-07-26,Central Bank of Nigeria,circulars,FOREIGN EXCHANGE MARKET (WDAS) AUCTION NO. 56/2010,,"FMD/FED/CIR/GEN/01/040/10,FOREIGN EXCHANGE MARKET (WDAS) AUCTION NO. 56/2010, BIDS, 26TH JULY, 2010, CIRCULAR, DOLLARS",FMD/FED/CIR/GEN/01/040/10,https://www.cbn.gov.ng/out/2010/circulars/fmd/wdas 5620100001.pdf,354687,600
2010-07-28,Central Bank of Nigeria,circulars,FOREIGN EXCHANGE MARKET (WDAS) AUCTION NO. 57/2010,,"FMD/FED/CIR/GEN/01/04/10, FOREIGN EXCHANGE MARKET (WDAS) AUCTION NO. 57/2010, 28TH JULY, 2010, BIDS, DOLLARS, SALE, AUCTION",FMD/FED/CIR/GEN/01/041/10,https://www.cbn.gov.ng/out/2010/circulars/fmd/wdas 5720100001.pdf,333172,598
2010-07-28,Central Bank of Nigeria,circulars,Sensitization Seminar for exporters & Other Stakeholders,,"All Designated banks for NESS are to attend the seminar at six venues across the country.Batari Musa, Director, Trade and Exchange Department.",TED.PFI..FPC.GEN.01.031,https://www.cbn.gov.ng/out/2010/circulars/ted/ted.pfo.fpc.gen.01.031.pdf,764823,599
2010-08-02,Central Bank of Nigeria,circulars,Establishment of a Procedure for Handling Separated Bank Employees' Clearance and Issuance of References,,"Central Bank of Nigeria,Banks,Discount Houses,Other Financial Institutions,Clearance,Clearance Certificate,Complaints,Parties,Processes,Circular,Financial Institutions,Separated Bank Employees",FPR/DIR/CIR/CFP/VOL.1/003,https://www.cbn.gov.ng/out/2010/circulars/fpr/circular on establishment of procedure for handling clearances.pdf,15941,597
2010-08-02,Central Bank of Nigeria,circulars,FOREIGN EXCHANGE MARKET (WDAS) AUCTION NO. 58/2010,,"FMD/FED/CIR/GEN/01/042/10, FOREIGN EXCHANGE MARKET (WDAS) AUCTION NO. 58/2010, FINANCIAL MARKETS, BIDS, AUCTION, FX",FMD/FED/CIR/GEN/01/042/10,https://www.cbn.gov.ng/out/2010/circulars/fmd/auction notice no 58 20100001.pdf,316978,596
2010-08-04,Central Bank of Nigeria,circulars,FOREIGN EXCHANGE MARKET (WDAS) AUCTION NO. 59/2010,,"Central Bank of Nigeria, Abuja, USD150 million dollars, Foreign Exchange, Financial Markets Department,Director, Auction, CBN, FCT, Auction No 59/2010",FMD/FED/CIR/GEN/01/043/10,https://www.cbn.gov.ng/out/2010/circulars/fmd/auction notice no592010 of 02082010.pdf,343310,595
2010-08-09,Central Bank of Nigeria,circulars,FOREIGN EXCHANGE MARKET (WDAS) AUCTION NO. 60/2010,,"BID, REQUEST,FOREIGN EXCHANGE MARKET (WDAS) AUCTION NO. 60/2010, FMD/FED/IR/GEN/01/044/10, AUCTION, FX",FMD/FED/CIR/GEN/01/044/10,https://www.cbn.gov.ng/out/2010/circulars/fmd/wdas 6020100001.pdf,334079,594
2010-08-11,Central Bank of Nigeria,circulars,FOREIGN EXCHANGE MARKET (WDAS) AUCTION NO. 61/2010,,"FMD/FED/IR/GEN/01/044/10, FOREIGN EXCHANGE MARKET (WDAS) AUCTION NO. 61/2010, FX, BIDS, AUCTION, 11TH AUGUST, 2010, 11/08/10 ",FMD/FED/CIR/GEN/01/045/10,https://www.cbn.gov.ng/out/2010/circulars/fmd/wdas 6120100001.pdf,337029,593
2010-08-16,Central Bank of Nigeria,circulars,FOREIGN EXCHANGE MARKET (WDAS) AUCTION NO. 62/2010,,"FMD/FED/CIR/GEN/01/046/10, FOREIGN EXCHANGE MARKET (WDAS) AUCTION NO. 62/2010, 16TH AUGUST, 2010, BIDS, AUCTION",FMD/FED/CIR/GEN/01/046/10,https://www.cbn.gov.ng/out/2010/circulars/fmd/wdas 6120100001.pdf,262141,592
2010-08-18,Central Bank of Nigeria,circulars,FOREIGN EXCHANGE MARKET (WDAS) AUCTION NO. 63/2010,,"FMD/FED/CIR/GEN/01/047/10, FOREIGN EXCHANGE MARKET (WDAS) AUCTION NO. 63/2010, BIDS, AUCTION, 18TH AUGUST, 2010, FX",FMD/FED/CIR/GEN/01/047/10,https://www.cbn.gov.ng/out/2010/circulars/fmd/wdas circular 63 20200001.pdf,319448,591
2010-08-23,Central Bank of Nigeria,circulars,"FOREIGN EXCHANGE MARKET (WDAS) AUCTION NO. 64/2010





",,"Central Bank of Nigeria, Abuja, USD200 million dollars, Foreign Exchange, Financial Markets Department,Director, Auction, CBN, FCT, Auction No 64/2010",FMD/FED/CIR/GEN/01/48/10,https://www.cbn.gov.ng/out/2010/circulars/fmd/auction notice 64 20100001.pdf,324800,590
2010-08-25,Central Bank of Nigeria,circulars,"FOREIGN EXCHANGE MARKET (WDAS) AUCTION NO. 65/2010





",,"Central Bank of Nigeria, Abuja, USD250 million dollars, Foreign Exchange, Financial Markets Department,Director, Auction, CBN, FCT, Auction No 65/2010",FMD/FED/CIR/GEN/01/049/10,https://www.cbn.gov.ng/out/2010/circulars/fmd/wdas 6520100001.pdf,322747,589
2010-08-30,Central Bank of Nigeria,circulars,CIRCULAR ON THE NEED TO COMBAT CARD FRAUD,,COMBAT CARD FRAUD,BPS/DIR/CIR/2010/GEN/01/169,https://www.cbn.gov.ng/out/2010/circulars/bspd/scan0001.pdf,599751,588
2010-08-30,Central Bank of Nigeria,circulars,FOREIGN EXCHANGE MARKET (WDAS) AUCTION NO. 66/2010,,"FMD/FED/CIR/GEN/01/050/10, FOREIGN EXCHANGE MARKET (WDAS) AUCTION NO. 66/2010, BID, FX, REUTERS, REQUESTS.",FMD/FED/CIR/GEN/01/050/10,https://www.cbn.gov.ng/out/2010/circulars/fmd/auction notice 66 20100001.pdf,322911,586
2010-08-30,Central Bank of Nigeria,circulars,NIGERIA UNIFORM BANK ACCOUNT NUMBER (NUBAN),,NIGERIA UNIFORM BANK ACCOUNT NUMBER (NUBAN),BPS/DIR/CIR/01/51,https://www.cbn.gov.ng/out/2010/circulars/bspd/nuban proposal - 20091010 _final upload_.pdf,258325,587
2010-09-01,Central Bank of Nigeria,circulars,FOREIGN EXCHANGE MARKET (WDAS) AUCTION NO. 67/2010,,"FMD/FED/CIR/GEN/01/051/10,FOREIGN EXCHANGE MARKET (WDAS) AUCTION NO. 67/2010, BID, AUCTION, FX, REUTERS",FMD/FED/CIR/GEN/01/051/10,https://www.cbn.gov.ng/out/2010/circulars/fmd/auction no. 6720100001.pdf,265184,585
2010-09-06,Central Bank of Nigeria,circulars,FOREIGN EXCHANGE MARKET (WDAS) AUCTION NO.68/2010,,"FMD/FED/CIR/GEN/01/052/10,FOREIGN EXCHANGE MARKET (WDAS) AUCTION NO.68/2010, BIDS, REUTERS, FX, DEALING, DOLLARS",FMD/FED/CIR/GEN/01/052/10,https://www.cbn.gov.ng/out/2010/circulars/fmd/auction 6820100001.pdf,324592,584
2010-09-08,Central Bank of Nigeria,circulars,"CBN Scope, Conditions & Minimum Standards for Commercial Banks Regulations No. 01, 2010",,"CBN Scope, Conditions & Minimum Standards for Commercial Banks Regulations ",null,https://www.cbn.gov.ng/out/2010/circulars/bsd/commercial banking licensing regulations - final released.pdf,48174,579
2010-09-08,Central Bank of Nigeria,circulars,"CBN Scope, Conditions & Minimum Standards for Merchant Banks Regulations No. 02, 2010",,"CBN Scope, Conditions & Minimum Standards for Merchant Banks Regulations ",BSD/DIR/MBG/2010/05,https://www.cbn.gov.ng/out/2010/circulars/bsd/merchant  banking licensing regulations - final released.pdf,34596,583
2010-09-08,Central Bank of Nigeria,circulars,"CBN Scope, Conditions & Minimum Standards for Specialised Institutions Regulations No. 03, 2010",,"CBN Scope, Conditions & Minimum Standards for Specialised Institutions Regulations",BSD/DIR/SBG/2010/06,https://www.cbn.gov.ng/out/2010/circulars/bsd/review of guidelines for specialised institutions - final released.pdf,28568,580
2010-09-08,Central Bank of Nigeria,circulars,"CBN Scope, Conditions & Minimum Standards for Specialised Institutions Regulations No. 03, 2010",,"CBN Scope, Conditions & Minimum Standards for Specialised Institutions Regulations",BSD/DIR/SIG/2010/06,https://www.cbn.gov.ng/out/2010/circulars/bspd/interoperability circular.pdf,223982,581
2010-09-08,Central Bank of Nigeria,circulars,Circular on The Review of The Universal Banking Model,,Circular on The Review of The Universal Banking Model,BSD/DIR/GEN/UBM/03/025,https://www.cbn.gov.ng/out/2010/circulars/bsd/circular on the review of the universal banking model.pdf,43199,582
2010-09-08,Central Bank of Nigeria,circulars,"FOREIGN EXCHANGE MARKET (WDAS) AUCTION NO. 69/2010





",,"Central Bank of Nigeria, Abuja, USD300 million dollars, Foreign Exchange, Financial Markets Department,Director, Auction, CBN, FCT, Auction No 69/2010",FMD/FED/CIR/GEN/01/053/10,https://www.cbn.gov.ng/out/2010/circulars/fmd/summary of wdas 6920100001.pdf,259435,578
2010-09-13,Central Bank of Nigeria,circulars,"FOREIGN EXCHANGE MARKET (WDAS) AUCTION NO. 70/2010





",,"Central Bank of Nigeria, Abuja, USD300 million dollars, Foreign Exchange, Financial Markets Department,Director, Auction, CBN, FCT, Auction No 70/2010",FMD/FED/CIR/GEN/01/054/10,https://www.cbn.gov.ng/out/2010/circulars/fmd/auction notice 7020100001.pdf,343304,577
2010-09-15,Central Bank of Nigeria,circulars,"FOREIGN EXCHANGE MARKET (WDAS) AUCTION NO. 71/2010





",,"Central Bank of Nigeria, Abuja, USD300 million dollars, Foreign Exchange, Financial Markets Department,Director, Auction, CBN, FCT, Auction No 71/2010",FMD/FED/CIR/GEN/01/055/10,https://www.cbn.gov.ng/out/2010/circulars/fmd/auction notice 7120100001.pdf,305662,576
2010-09-20,Central Bank of Nigeria,circulars,"FOREIGN EXCHANGE MARKET (WDAS) AUCTION NO. 72/2010





",,"Central Bank of Nigeria, Abuja, USD300 million dollars, Foreign Exchange, Financial Markets Department,Director, Auction, CBN, FCT, Auction No 72/2010",FMD/FED/CIR/GEN/01/056/10,https://www.cbn.gov.ng/out/2010/circulars/fmd/auction notice 7220100001.pdf,346383,575
2010-09-22,Central Bank of Nigeria,circulars,"FOREIGN EXCHANGE MARKET (WDAS) AUCTION NO. 73/2010





",,"Central Bank of Nigeria, Abuja, USD400 million dollars, Foreign Exchange, Financial Markets Department,Director, Auction, CBN, FCT, Auction No 73/2010",FMD/FED/CIR/GEN/01/057/10,https://www.cbn.gov.ng/out/2010/circulars/fmd/auction notice 7320100001.pdf,346383,574
2010-09-23,Central Bank of Nigeria,circulars,"Appointment of Citibank, Standard Chartered Bank and Access Bank Plc as Designated Banks for the Collection of NESS fees under the Nigerian Export Supervision Shceme (NESS)",,Appointment of Designated Banks for the collection of NESS fees,TED.PFO.FPC.GEN.01.032,https://www.cbn.gov.ng/out/2010/circulars/ted/ted_pfo_fpc_gen_01_032.nti.pdf,159476,573
2010-09-24,Central Bank of Nigeria,circulars,Guidelines for Granting Liquid Asset Status to State Government Bonds,,"guidelines for granting liquid asset status to state government bonds,cbn,fprd,bobds,state bond,governmnet bonds,liquid assets",FPRD/DIR/GDL/SGB/01/003,https://www.cbn.gov.ng/out/2010/circulars/fpr/corrected version of guidelines granting liquid asset statusvfdhl-mt.pdf,86094,572
2010-09-27,Central Bank of Nigeria,circulars,"FOREIGN EXCHANGE MARKET (WDAS) AUCTION NO. 74/2010





",,"Central Bank of Nigeria, Abuja, USD650 million dollars, Foreign Exchange, Financial Markets Department,Director, Auction, CBN, FCT, Auction No 74/2010",FMD/FED/CIR/GEN/01/058/10,https://www.cbn.gov.ng/out/2010/circulars/fmd/,345247,571
2010-09-28,Central Bank of Nigeria,circulars,FOREIGN EXCHANGE MARKET (SPECIAL AUCTION),,"Central Bank of Nigeria, Abuja, Special Auction  Foreign Exchange, Financial Markets Department,Director, Auction, CBN, FCT,  ",FMD/FED/CIR/GEN/01/059/10,https://www.cbn.gov.ng/out/2010/circulars/fmd/special auction0001 (2).pdf,302833,570
2010-09-29,Central Bank of Nigeria,circulars,"FOREIGN EXCHANGE MARKET (WDAS) AUCTION NO. 75/2010





",,"Central Bank of Nigeria, Abuja, USD300 million dollars, Foreign Exchange, Financial Markets Department,Director, Auction, CBN, FCT, Auction No 75/2010",FMD/FED/CIR/GEN/01/060/10,https://www.cbn.gov.ng/out/2010/circulars/fmd/auction notice 7520100001.pdf,329258,569
2010-10-04,Central Bank of Nigeria,circulars,FOREIGN EXCHANGE MARKET (WDAS) AUCTION NO. 76/2010,,"FMD/FED/CIR/GEN/01/061/10,FOREIGN EXCHANGE MARKET (WDAS) AUCTION NO. 76/2010, BID, REUTERS, OFFER, WDAS",FMD/FED/CIR/GEN/01/061/10,https://www.cbn.gov.ng/out/2010/circulars/fmd/auction notice 76 20100001.pdf,320786,568
2010-10-06,Central Bank of Nigeria,circulars,"FOREIGN EXCHANGE MARKET (WDAS) AUCTION NO. 77/2010





",,"Central Bank of Nigeria, Abuja, USD3000 million dollars, Foreign Exchange, Financial Markets Department,Director, Auction, CBN, FCT, Auction No 77/2010",FMD/FED/CIR/GEN/01/062/10,https://www.cbn.gov.ng/out/2010/circulars/fmd/auction notice 77 20100001.pdf,341714,567
2010-10-12,Central Bank of Nigeria,circulars,"2010 HAJJ OPERATIONS: 
PURCHASE OF PILGRIMS TRAVELLING ALLOWANCE (PTA) IN SAUDI RIYAL TRAVELLERS` CHEQUES (SRTCs)",,2010 HAJJ OPERATIONS,TED.FEM.FPC.GEN.01.033,https://www.cbn.gov.ng/out/2010/circulars/ted/2010 hajj operations.pdf,1443947,566
2010-10-13,Central Bank of Nigeria,circulars,FOREIGN EXCHANGE MARKET (WDAS) AUCTION NO. 79/2010,,"FMD/FED/CIR/GEN/01/064/10,FOREIGN EXCHANGE MARKET (WDAS) AUCTION NO. 79/2010,AUCTION, BID, REUTERS, DEALING, FX SALE",FMD/FED/CIR/GEN/01/064/10,https://www.cbn.gov.ng/out/2010/circulars/fmd/auction notice 79 20100001.pdf,342325,565
2010-10-18,Central Bank of Nigeria,circulars,FOREIGN EXCHANGE MARKET (WDAS) AUCTION NO. 80/2010,,"FMD/FED/CIR/GEN/01/065/10,FOREIGN EXCHANGE MARKET (WDAS) AUCTION NO. 80/2010, REUTERS, BID, FX",FMD/FED/CIR/GEN/01/065/10,https://www.cbn.gov.ng/out/2010/circulars/fmd/auction%20notice%208020100001.pdf,321283,564
2010-10-20,Central Bank of Nigeria,circulars,FOREIGN EXCHANGE MARKET (WDAS) AUCTION NO. 81/2010  ,,"FOREIGN EXCHANGE MARKET (WDAS) AUCTION NO. 80/2010,    FMD/FED/CIR/GEN/01/066/10,REUTERS, FX, BID, AUCTION",  FMD/FED/CIR/GEN/01/066/10 ,https://www.cbn.gov.ng/out/2010/circulars/fmd/wdas 81 20200001.pdf,322478,563
2010-10-25,Central Bank of Nigeria,circulars,"FOREIGN EXCHANGE MARKET (WDAS) AUCTION NO. 82/2010





",,"Central Bank of Nigeria, Abuja, USD250 million dollars, Foreign Exchange, Financial Markets Department,Director, Auction, CBN, FCT, Auction No 82/2010

Central Bank of Nigeria, Abuja, Special Auction for sale at the Foreign Exchange, Financial Markets Department,Director, Auction, CBN, FCT,  ",FMD/FED/CIR/GEN/01/067/10,https://www.cbn.gov.ng/out/2010/circulars/fmd/auction notice 822010.pdf,323241,562
2010-10-27,Central Bank of Nigeria,circulars,"FOREIGN EXCHANGE MARKET (WDAS) AUCTION NO. 83/2010

",,"Central Bank of Nigeria, Abuja, USD200 million dollars, Foreign Exchange, Financial Markets Department,Director, Auction, CBN, FCT, Auction No 83/2010 ",FMD/FED/CIR/GEN/01/068/10,https://www.cbn.gov.ng/out/2010/circulars/fmd/auction notice no 832010.pdf,318361,561
2010-10-29,Central Bank of Nigeria,circulars,CIRCULAR ON CONPLIANCE WITH DUE DILIGENCE IN THE DEPLOYMENT OF POINT OF SALE (POS) TERMINALS,,DUE DILIGENCE IN THE DEPLOYMENT OF POINT OF SALE (POS) TERMINALS,BPS/DIR/GEN/CIR/01/006,https://www.cbn.gov.ng/out/2010/circulars/bspd/pos circular.pdf,193642,560
2010-11-01,Central Bank of Nigeria,circulars,FOREIGN EXCHANGE MARKET (WDAS) AUCTION NO. 84/2010,,"FMD/FED/CIR/GEN/01/069/10,FOREIGN EXCHANGE MARKET (WDAS) AUCTION NO. 84/2010, REUTERS, AUCTION,BIDS",FMD/FED/CIR/GEN/01/069/10,https://www.cbn.gov.ng/out/2010/circulars/fmd/wdas 84 20100001.pdf,315750,559
2010-11-02,Central Bank of Nigeria,circulars,"Circular To Banks, Other Financial Institutions, Bureaux De Change, Foreign Exchange Market: Withdrawal of Class 'A'Bureau De Change Licenses.",,"Circular To Banks, Other Financial Institutions, Bureaux De Change, Foreign Exchange Market: Withdrawal of Class 'A'Bureau De Change Licenses,FPRD,BSD,CBN,Musa,Lere,chukwu,chris,BDC,class,A,forex,USD,dollar",FPR/DIR/CIR/FXM/01/004,https://www.cbn.gov.ng/out/2010/circulars/bsd/bdc withdrawal circular.pdf,561815,558
2010-11-03,Central Bank of Nigeria,circulars,FOREIGN EXCHANGE MARKET (WDAS) AUCTION NO. 85/2010,,"FMD/FED/CIR/GEN/01/070/10,FOREIGN EXCHANGE MARKET (WDAS) AUCTION NO. 85/2010, BID, REUTERS, 3RD NOVEMBER, 2010",FMD/FED/CIR/GEN/01/070/10,https://www.cbn.gov.ng/out/2010/circulars/fmd/wdas aution no 8520100001.pdf,332579,557
2010-11-04,Central Bank of Nigeria,circulars,CBN INFRASTRUCTURE FINANCE CONFERENCE 2010,,INFRASTRUCTURE FINANCE CONFERENCE 2010,CBNIFC2010/01,https://www.cbn.gov.ng/out/2010/circulars/dfd/cbn infrastructure finance conference 2010 programme.pdf,301252,556
2010-11-05,Central Bank of Nigeria,circulars,Year 2010 Christian Pilgrimage Purchase of Pilgrims Travelling allowance,,Year 2010 Christian Pilgrimage,TED.FEM.FPC.GEN.01.034,https://www.cbn.gov.ng/out/2010/circulars/ted/year 2010 christian pilgrimage purchase of pilgrims travelling allowance.pdf,863468,555
2010-11-08,Central Bank of Nigeria,circulars,"FOREIGN EXCHANGE MARKET (WDAS) AUCTION NO. 86/2010





",,"Central Bank of Nigeria, Abuja, USD200 million dollars, Foreign Exchange, Financial Markets Department,Director, Auction, CBN, FCT, Auction No 86/2010

",FMD/FED/CIR/GEN/01/071/10,https://www.cbn.gov.ng/out/2010/circulars/fmd/auction notice 8620100001.pdf,324355,554
2010-11-09,Central Bank of Nigeria,circulars,"Regulation on the Scope of Banking Activities & Ancillary Matters, No. 3, 2010",,"regulation on the scope of banking activities & ancillary matters,cbn,central bank of nigeria,",BSD/DIR/RBG/2010/08,https://www.cbn.gov.ng/out/2010/circulars/bsd/cbn regulation on  new banking model  clean 091110 final.pdf,115929,553
2010-11-10,Central Bank of Nigeria,circulars,"FOREIGN EXCHANGE MARKET (WDAS) AUCTION NO. 87/2010

",,"Central Bank of Nigeria, Abuja, USD120 million dollars, Foreign Exchange, Financial Markets Department,Director, Auction, CBN, FCT, Auction No 87/2010
",FMD/FED/CIR/GEN/01/072/10,https://www.cbn.gov.ng/out/2010/circulars/fmd/87 20100001.pdf,324896,552
2010-11-11,Central Bank of Nigeria,circulars,Membership And Annual Subscription To The National Association Of Microfinance Banks (NAMB),Membership And Annual Subscription To The National Association Of Microfinance Banks (NAMB),"Membership,Subscription,Microfinance,Bank,NAMB,CBN,MFB,OFI,OFISD,Circular,OFI/DIR/GEN/CIR/01/05",OFI/DIR/GEN/CIR/01/05,https://www.cbn.gov.ng/Out/2013/OFISD/OFISD-02-2010.pdf,158240,3645
2010-11-11,Central Bank of Nigeria,circulars,Membership And Annual Subscription To The National Association Of Microfinance Banks (NAMB),Membership And Annual Subscription To The National Association Of Microfinance Banks (NAMB),"Membership And Annual Subscription,National,Association,Microfinance,Banks,NAMB",OFI/DIR/GEN/CIR/01/05,https://www.cbn.gov.ng/Out/2014/OFISD/Membership and Annual Subscription to NAMB by MFBs.pdf,159367,3670
2010-11-11,Central Bank of Nigeria,circulars,Re:Year 2010 christain Pilgrimage Purchase of Pilgrims Travelling Allowance,,Authorised Dealers are to note that Pilgrims allocated to Niger State had been increased from 200 to 500. PTA are to be purchased from Bank PHB,TED/FEM/FPC/GEN/01/035/10,https://www.cbn.gov.ng/out/2010/circulars/ted/ted.fem.fpc.gen.01.035.pdf,751350,551
2010-11-15,Central Bank of Nigeria,circulars,"FOREIGN EXCHANGE MARKET (WDAS) AUCTION NO. 88/2010





 
",,"Central Bank of Nigeria, Abuja, USD250 million dollars, Foreign Exchange, Financial Markets Department,Director, Auction, CBN, FCT, Auction No 88/2010

",FMD/FED/CIR/GEN/01/073/10,https://www.cbn.gov.ng/out/2010/circulars/fmd/auction notice 88 20100001.pdf,321742,550
2010-11-22,Central Bank of Nigeria,circulars,"FOREIGN EXCHANGE MARKET (WDAS) AUCTION NO. 89/2010





",,"Central Bank of Nigeria, Abuja, USD250 million dollars, Foreign Exchange, Financial Markets Department,Director, Auction, CBN, FCT, Auction No 89/2010
",FMD/FED/CIR/GEN/01/074/10,https://www.cbn.gov.ng/out/2010/circulars/fmd/auction notice 8920100001.pdf,326811,549
2010-11-23,Central Bank of Nigeria,circulars,"CBN Communique No. 73 of the MPC Meeting, November 22-23, 2010",,CBN Communique; MPC; November 22-23,MPC Communique No. 73,"https://www.cbn.gov.ng/out/2010/circulars/mpd/central bank of nigeria communique no. 73 of the mpc meeting, nov 22-23, 2010.pdf",85028,548
2010-11-24,Central Bank of Nigeria,circulars,"FOREIGN EXCHANGE MARKET (WDAS) AUCTION NO. 90/2010
",,"Central Bank of Nigeria, Abuja, USD250 million dollars, Foreign Exchange, Financial Markets Department,Director, Auction, CBN, FCT, Auction No 90/2010Auction, CBN, FCT, Auction No 90/2010",FMD/FED/CIR/GEN/01/075/10,https://www.cbn.gov.ng/out/2010/circulars/fmd/wdas auction 9020100001.pdf,357516,546
2010-11-24,Central Bank of Nigeria,circulars,Re: Liberalization on Unconfirmed Letters of Credit,,Liberalization on Unconfirmed Letters of Credit,TED.FEM.FPC.GEN.01.036,https://www.cbn.gov.ng/out/2010/circulars/ted/ted.fem.fpc.gen.01.036.pdf,206254,547
2010-11-29,Central Bank of Nigeria,circulars,FOREIGN EXHANGE MARKET (WDAS) AUCTION NO. 91/2010,,"FMD/FED/CIR/GEN/01/076/10,FOREIGN EXHANGE MARKET (WDAS) AUCTION NO. 91/2010, FX, REUTERS 3000 EXTRA, BIDDING",FMD/FED/CIR/GEN/01/076/10,https://www.cbn.gov.ng/out/2010/circulars/fmd/auction 91 20100001.pdf,329559,545
2010-12-01,Central Bank of Nigeria,circulars,FOREIGN EXCHANGE MARKET (WDAS) AUCTION NO. 92/2010,,"FOREIGN EXCHANGE MARKET (WDAS) AUCTION NO. 92/2010,FMD/FED/CIR/GEN/01/077/10, BIDDING, REUTERS, DEALING, 3000 EXTRA",FMD/FED/CIR/GEN/01/077/10,https://www.cbn.gov.ng/out/2010/circulars/fmd/auction 92 20100001.pdf,423231,544
2010-12-06,Central Bank of Nigeria,circulars,FOREIGN EXCHANGE MARKET (WDAS) AUCTION NO. 93/2010,,"FMD/FED/CIR/GEN/01/078/10,FOREIGN EXCHANGE MARKET (WDAS) AUCTION NO. 93/2010, BIDDING, FX, REUTERS 3000 EXTRA, ",FMD/FED/CIR/GEN/01/078/10,https://www.cbn.gov.ng/out/2010/circulars/fmd/auction 93 20100001.pdf,324032,543
2010-12-08,Central Bank of Nigeria,circulars,FOREIGN EXCHANGE MARKET (WDAS) AUCTION NO. 94/2010,,"FMD/FED/CIR/GEN/01/079/10,FOREIGN EXCHANGE MARKET (WDAS) AUCTION NO. 94/2010, REUTERS 3000 EXTRA, BIDDING, CIRCULAR",FMD/FED/CIR/GEN/01/079/10,https://www.cbn.gov.ng/out/2010/circulars/fmd/auction 94 20100001.pdf,326691,542
2010-12-13,Central Bank of Nigeria,circulars,"FOREIGN EXCHANGE MARKET (WDAS) AUCTION NO. 95/2010







",,"Central Bank of Nigeria, Abuja, USD400 million dollars, Foreign Exchange, Financial Markets Department,Director, Auction, CBN, FCT, Auction No 95/2010

",FMD/FED/CIR/GEN/01/080/10,https://www.cbn.gov.ng/out/2010/circulars/fmd/fx market(wdas) auction 950001.pdf,36803,541
2010-12-15,Central Bank of Nigeria,circulars,"FOREIGN EXCHANGE MARKET (WDAS) AUCTION NO. 96/2010





",,"Central Bank of Nigeria, Abuja, USD800 million dollars, Foreign Exchange, Financial Markets Department,Director, Auction, CBN, FCT, Auction No 96/2010
",FMD/FED/CIR/GEN/01/081/10,https://www.cbn.gov.ng/out/2010/circulars/fmd/auction notice 9620100001.pdf,324417,540
2010-12-20,Central Bank of Nigeria,circulars,Re: Year 2010 Christian pilgrimage Purchase of Pilgrim Travelling Allowance,,Year 2010 Christian pilgrimage Purchase of Pilgrim Travelling Allowance,TED.FEM.FPC.GEN.01.037,https://www.cbn.gov.ng/out/2010/circulars/ted/ted.fem.fpc.gen.01.037.pdf,202370,539
2010-12-23,Central Bank of Nigeria,circulars,Supervisory Framework for Banks and Other Financial Institutions in Nigeria,,"supervisory framework for banks and other financial institutions in nigeria,cbn,bsd,rbs,risk base supervision,central bank of nigria,nigeria,central,bank,governor,director,supervison,banking",BSD/DIR/CIR/RBS/2010/05,https://www.cbn.gov.ng/out/2010/circulars/bsd/cbn rbs framework-kim final 12 2010.pdf,702887,538
2010-12-29,Central Bank of Nigeria,circulars,Revised Guidelines for the Operation of the Foreign Exchange Market: Wholesale Dutch Auction System-Spot (WDAS-SPT),,"Revised Guidelines for the Operation of the Foreign Exchange Market: Wholesale Dutch Auction System-Spot (WDAS-SPT), FMD/FED/CIR/GEN/01/082/10",FMD/FED/CIR/GEN/01/082/10,https://www.cbn.gov.ng/Out/2012/CCD/REVISED GUIDELINES FOR OPERATION WDAS0001.pdf,1779838,3097
2011-01-05,Central Bank of Nigeria,circulars,FOREIGN EXCHANGE MARKET (WDAS) AUCTION No. 01/2011,,"Central Bank of Nigeria, Abuja, USD250.00 million dollars, Foreign Exchange, Financial Markets Depts, Director, Auction, CBN, FCT, Auction No. 01/2011",FMD/FED/CIR/GEN/01/01/11,https://www.cbn.gov.ng/out/2011/circulars/fmd/auction notice 0120110001.pdf,318798,537
2011-01-10,Central Bank of Nigeria,circulars,FOREIGN EXCHANGE MARKETS (WDAS) AUCTION NO. 02/2011,,"Central Bank of Nigeria, Abuja, USD300.00 million dollars, Foreign Exchange, Financial Markets Depts, Director, Auction, CBN, FCT, Auction No. 02/2011",FMD/FED/CIR/GEN/01/02/11,https://www.cbn.gov.ng/out/2011/circulars/fmd/auction notice 0120110001.pdf,318798,536
2011-01-11,Central Bank of Nigeria,circulars,"RE: Year 2010 Christian Pilgrimage
Purchse of Plgrims Travelling Aloowance",,"RE: Year 2010 Christian Pilgrimage
Purchse of Plgrims Travelling Aloowance",TED.FEM.FPC.GEN.01.001,https://www.cbn.gov.ng/out/2011/circulars/ted/ted.fem.fpc.gen.01.001.pdf,211522,535
2011-01-12,Central Bank of Nigeria,circulars,FOREIGN EXCHANGE MARKET (WDAS) AUCTION NO.003/2011,,"Central Bank of Nigeria, Abuja, USD350.00 million dollars, Foreign Exchange, Financial Markets Depts, Director, Auction, CBN, FCT, Auction No. 03/2011",FMD/FED/CIR/GEN/01/003/11,https://www.cbn.gov.ng/out/2011/circulars/fmd/wdas auction notice 0320110001 (2).pdf,323289,534
2011-01-13,Central Bank of Nigeria,circulars,Guidelines on Non-Interest Window and Branch Operations of Conventional Banks and Other Financial Institutions.,,"guidelines,window,windows,operation,operations,bank,banks,financial,cbn,non-interest,institutions,fiance,products,shariah,sharia'h,supervision,regulation,islamic,banking,bank,publication,policy,standards,non-interest,Advisory,conventional,bank,policy,subsidiary,regulations",FPR/DIR/CIR/GEN/01/010 C,https://www.cbn.gov.ng/out/2011/circulars/fpr/final guidelines on windows.pdf,221311,533
2011-01-13,Central Bank of Nigeria,circulars,Guidelines on Shariah Governance for Non-Interest Financial Institutions in Nigeria,,"guidelines,window,windows,operation,operations,bank,banks,financial,cbn,non-interest,institutions,fiance,products,shariah,sharia'h,supervision,regulation,islamic,banking,bank,publication,policy,standards,non-interest,governance,advisory,committee,council,",FPR/DIR/CIR/GEN/01/010 B,https://www.cbn.gov.ng/out/2011/circulars/fpr/final guidelines on shariah governance.pdf,263515,532
2011-01-17,Central Bank of Nigeria,circulars,FOREIGN EXCHANGE MARKET (WDAS)AUCTION NO.004/2011,,"Central Bank of Nigeria, Abuja, USD300.00 million dollars, Foreign Exchange, Financial Markets Depts, Director, Auction, CBN, FCT, Auction No. 04/2011",FMD/FED/CIR/GEN/01/004/11,https://www.cbn.gov.ng/out/2011/circulars/fmd/summary 17 20110001.pdf,244125,531
2011-01-19,Central Bank of Nigeria,circulars,FOREIGN EXCHANGE MARKET (WDAS)AUCTION NO.005/2011,,"Central Bank of Nigeria, Abuja, USD300.00 million dollars, Foreign Exchange, Financial Markets Depts, Director, Auction, CBN, FCT, Auction No. 05/2011",FMD/FED/CIR/GEN/01/005/11,https://www.cbn.gov.ng/out/2011/circulars/fmd/auction notice 0520110001.pdf,335294,530
2011-01-24,Central Bank of Nigeria,circulars,FOREIGN EXCHANGE MARKET (WDAS) AUCTION NO. 006/2011,,"Central Bank of Nigeria, Abuja, USD250.00 million dollars, Foreign Exchange, Financial Markets Depts, Director, Auction, CBN, FCT, Auction No. 06/2011",FMD/FED/CIR/GEN/01/006/11,https://www.cbn.gov.ng/out/2011/circulars/fmd/auctio no 06 20110001.pdf,313130,529
2011-01-25,Central Bank of Nigeria,circulars,Notice of Meeting on Import Duty Collection Scheme ,,"All Designated Banks, Destination Inspection Service Providers and Nigeria Customs Services are to attend IDCS meeting at CBN Conference Hall 3rd Floor Lagos Friday, 4th 2011 at 11am. ",TED.FEM.FPC.GEN.01.002.11,https://www.cbn.gov.ng/out/2011/circulars/ted/ted.fem.fpc..gen.01.002.pdf,202154,527
2011-01-25,Central Bank of Nigeria,circulars,"Re: Year 2010 Christian Pligrimage
Purchase of Pilgrims Travelling Allowance",,"Re: Year 2010 Christian Pligrimage
Purchase of Pilgrims Travelling Allowance",TED.FEM.FPC.GEN.01.003,https://www.cbn.gov.ng/out/2011/circulars/ted/ted.fem.fpc.gen.01.003_nt.pdf,211042,528
2011-01-31,Central Bank of Nigeria,circulars,FOREIGN EXCHANGE MARKET (WDAS) AUCTION NO.008/2011,,"Central Bank of Nigeria, Abuja, USD250.00 million dollars, Foreign Exchange, Financial Markets Depts, Director, Auction, CBN, FCT, Auction No. 06/2011",FMD/FED/CIR/GEN/01/008/11,https://www.cbn.gov.ng/out/2011/circulars/fmd/fx wdas 080001.pdf,35451,525
2011-01-31,Central Bank of Nigeria,circulars,Guidelines for FX Derivatives and Modalities for CBN FX Forwards,,"Guidelines for FX Derivatives and Modalities for CBN FX Forwards,Guidelines,FX,Derivatives,Modalities,CBN,Forwards,Options,Financial Markets Department,FMD,Central Bank of Nigeria,Abuja,FCT,Settlement,Autorised Dealer,Options,Cross-Currency Interest Rate Swaps,European-Styled,Prudential Guidelines,CCIRS,Outright,Non-deliverable,Auction,WDAS,Spot,Wholesale Dutch Austion System,Settlement,Bidding,Squaring,Risk Management Support,Spreads,Transferability,Defaults,Statement and Return,Position",FMD/DIR/GUI/FXF/VOL1/001,https://www.cbn.gov.ng/out/2011/circulars/fmd/guidelines for fx derivatives and modalities for cbn fx forwards.pdf,227861,526
2011-02-02,Central Bank of Nigeria,circulars,FOREIGN ECHANGE MARKET (WDAS)AUCTION NO.009/2011,,"Central Bank of Nigeria, Abuja, USD200.00 million dollars, Foreign Exchange, Financial Markets Depts, Director, Auction, CBN, FCT, Auction No. 09/2011",FMD/FED/CIR/GEN/01/009/11,https://www.cbn.gov.ng/out/2011/circulars/fmd/,42508,524
2011-02-07,Central Bank of Nigeria,circulars,FOREIGN EXCHANGE MARKET (WDAS) AUCTION NO.010/2011,,"Central Bank of Nigeria, Abuja, USD200.00 million dollars, Foreign Exchange, Financial Markets Depts, Director, Auction, CBN, FCT, Auction No. 010/2011",FMD/FED/CIR/GEN/01/010/11,https://www.cbn.gov.ng/out/2011/circulars/fmd/auction notice 1020110002.pdf,302199,523
2011-02-08,Central Bank of Nigeria,circulars,Notice of 2011 Annual Workshop on Trade Facilitation ,,"Authorised Dealers are invited to the above workshop holding at Amber Tinapa Hotel, Calabar, from Monday, 21st to thursday 24th February, 2011. the workshop will will be two run of two day each. Normination are to get to Trade and Exchange Dept, CBN before 17 Feb, 2011. N80.000.00 per participant.",TED.FEM.FPC.GEN.01.004.11,https://www.cbn.gov.ng/out/2011/circulars/ted/ted.fem.fpc.gen.01.004.pdf,266136,522
2011-02-08,Central Bank of Nigeria,circulars,PENALTY FOR NON COMPLIANCE WITH CBN CIRCULARS AND GUIDELINES ON ATM OPERATIONS IN NIGERIA,,"PENALTY, NON COMPLIANCE, ATM",BPS/DIR/CIR/GEN/02/003,https://www.cbn.gov.ng/out/2011/circulars/bspd/atm penalty.pdf,497218,521
2011-02-09,Central Bank of Nigeria,circulars,FOREIGN EXCHANGE MARKET (WDAS) AUCTION NO.011/2011,,"Central Bank of Nigeria, Abuja, USD200.00 million dollars, Foreign Exchange, Financial Markets Depts, Director, Auction, CBN, FCT, Auction No. 011/2011",FMD/FED/CIR/GEN/01/011/11,https://www.cbn.gov.ng/out/2011/circulars/fmd/auction notice 1120110001.pdf,320494,520
2011-02-11,Central Bank of Nigeria,circulars,Appointment of Additional Pre-Shipment Inspection Agents for Oil and Gas under the Nigerian Export Supervision Scheme (NESS). ,,Appointment of Additional Pre-Shipment Inspection Agents for Oil and Gas under the Nigerian Export Supervision Scheme (NESS). ,TED.FEM.FPC.GEN.01.005,https://www.cbn.gov.ng/out/2011/circulars/ted/ted.fem.fpc.gen.01.005.pdf,734702,519
2011-02-14,Central Bank of Nigeria,circulars,FOREIGN ECXHANGE MARKET (WDAS) AUCTION NI.012/2011,,"Central Bank of Nigeria, Abuja, USD200.00 million dollars, Foreign Exchange, Financial Markets Depts, Director, Auction, CBN, FCT, Auction No. 012/2011",FMD/FED/CIR/GEN/01/012/11,https://www.cbn.gov.ng/out/2011/circulars/fmd/auction notice no  1220110001.pdf,318366,518
2011-02-16,Central Bank of Nigeria,circulars,FOREIGN EXCHANGE MARKET (WDAS) AUCTION NO. 013/2011,,"Central Bank of Nigeria, Abuja, USD220.00 million dollars, Foreign Exchange, Financial Markets Depts, Director, Auction, CBN, FCT, Auction No. 013/2011",FMD/FED/CIR/GEN/01/013/11,https://www.cbn.gov.ng/out/2011/circulars/fmd/auction notice 1320110002.pdf,314028,517
2011-02-21,Central Bank of Nigeria,circulars,FOREIGN EXCHANGE MARKET (WDAS) AUCTION NO.014/2011,,"Central Bank of Nigeria, Abuja, USD250.00 million dollars, Foreign Exchange, Financial Markets Depts, Director, Auction, CBN, FCT, Auction No. 014/2011",FMD/FED/CIR/GEN/01/014/11,https://www.cbn.gov.ng/out/2011/circulars/fmd/auction notice 1420110001.pdf,327628,516
2011-02-23,Central Bank of Nigeria,circulars,RE:CIRCULAR ON THE NEED TO COMBAT CARD FRAUD,,THE NEED TO COMBAT CARD FRAUD,BPS/DIR/GEN/CIR/02/007,https://www.cbn.gov.ng/out/2011/circulars/bspd/circular on atm fraud.pdf,508353,515
2011-02-28,Central Bank of Nigeria,circulars,FOREIGN EXCHANGE MARKET (WDAS) AUCTION NO. 016/2011,,"FMD/FED/CIR/GEN/01/016/11, FOREIGN EXCHANGE MARKET (WDAS) AUCTION NO. 016/2011, FX, REUTERS 3000 XTRA",FMD/FED/CIR/GEN/01/016/11,https://www.cbn.gov.ng/out/2011/circulars/fmd/auction notice 1620110001.pdf,309144,514
2011-03-02,Central Bank of Nigeria,circulars,FOREIGN EXCHANGE MARKET (WDAS) AUCTION NO. 017/2011,,"FMD/FED/CIR/GEN/01/017/11, FOREIGN EXCHANGE MARKET (WDAS) AUCTION NO. 017/2011, REUTERS, 3000 XTRA, FX AUCTION",FMD/FED/CIR/GEN/01/017/11,https://www.cbn.gov.ng/out/2011/circulars/fmd/auction notice 1720110001.pdf,315694,513
2011-03-03,Central Bank of Nigeria,circulars,Modification to the Cash Reserve Requirement Framework.,,"guidelines,window,windows,operation,operations,bank,banks,financial,cbn,non-interest,institutions,finance,products,shariah,sharia'h,supervision,regulation,islamic,banking,bank,publication,policy,standards,non-interest,framework,governance,regulation,islamic,services,nigeria,conventional,products,banking,",FPR/DIR/CIR/GEN/01/014,https://www.cbn.gov.ng/out/2011/circulars/fpr/circular on new crr framework final final final.pdf,200720,512
2011-03-07,Central Bank of Nigeria,circulars,FOREIGN EXCHANGE MARKET (WDAS) AUCTION NO.018/2011,,"FMD/FED/CIR/GEN/01/018/11, FOREIGN EXCHANGE MARKET (WDAS) AUCTION NO. 018/2011, REUTERS, 3000 XTRA, FX AUCTION. AMOUNT OFFER USD350.00 MILLION.",FMD/FED/CIR/GEN/01/018/11,https://www.cbn.gov.ng/out/2011/circulars/fmd/auction notice 1820110001.pdf,314509,510
2011-03-07,Central Bank of Nigeria,circulars,Re: Training on Chinese Yuan,,Re: Training on Chinese Yuan,TED.FEM.FPC.GEN.01.006,https://www.cbn.gov.ng/out/2011/circulars/ted/ted.fem.fpc.gen.01.006.pdf,182626,511
2011-03-09,Central Bank of Nigeria,circulars,FOREIGN EXCHANGE MARKET (WDAS) AUCTION NO.019/2011,,"FMD/FED/CIR/GEN/01/019/11, FOREIGN EXCHANGE MARKET (WDAS) AUCTION NO. 019/2011, REUTERS, 3000 XTRA, FX AUCTION. AMOUNT OFFER USD300.00 MILLION.",FMD/FED/CIR/GEN/01/019/11,https://www.cbn.gov.ng/out/2011/circulars/fmd/auction notice 1920110002 new.pdf,309572,509
2011-03-14,Central Bank of Nigeria,circulars,FOREIGN EXCHANGE MARKET (WDAS) AUCTION NO.020/2011,,"FMD/FED/CIR/GEN/01/020/11, FOREIGN EXCHANGE MARKET (WDAS) AUCTION NO. 020/2011, REUTERS, 3000 XTRA, FX AUCTION. AMOUNT OFFER USD400.00 MILLION.",FMD/FED/CIR/GEN/01/020/11,https://www.cbn.gov.ng/out/2011/circulars/fmd/auction notice 2020110001.pdf,314262,508
2011-03-16,Central Bank of Nigeria,circulars,FOREIGN EXCHANGE MARKET (WDAS) AUCTION NO.021/2011,,"FMD/FED/CIR/GEN/01/021/11, FOREIGN EXCHANGE MARKET (WDAS) AUCTION NO. 021/2011, REUTERS, 3000 XTRA, FX AUCTION. AMOUNT OFFER USD400.00 MILLION.",FMD/FED/CIR/GEN/01/021/11,https://www.cbn.gov.ng/out/2011/circulars/fmd/auction notice 2120110001.pdf,306311,507
2011-03-18,Central Bank of Nigeria,circulars,EXPRESSION OF INTEREST TO BE ENGAGED AS A CONSULTANT ON MOBILE PAYMENTS ,,EXPRESSION OF INTEREST TO BE ENGAGED AS A CONSULTANT ON MOBILE PAYMENTS ,BPS/DIR/EOI/01/001,https://www.cbn.gov.ng/out/2011/circulars/bspd/expression of interest.pdf,225862,506
2011-03-21,Central Bank of Nigeria,circulars,FOREIGN EXCHANGE MARKET (WDAS) AUCTION NO. 022/2011,,"FMD/FED/CIR/GEN/01/022/11, FOREIGN EXCHANGE MARKET (WDAS) AUCTION NO. 022/2011, REUTERS, 3000 XTRA, FX AUCTION. AMOUNT OFFER USD400.00 MILLION, DIRECTOR FMD.",FMD/FED/CIR/GEN/01/022/11,https://www.cbn.gov.ng/out/2011/circulars/fmd/auction notice 2220110001.pdf,309740,505
2011-03-22,Central Bank of Nigeria,circulars,Guidelines for Foreign Exchange Derivatives in the Nigerian Financial Markets,,"Guidelines,Foreign Exchange,Derivatives,Nigeria,Financial Markets,Swaps,Financial Markets department,Central Bank of Nigeria,Forwards,Prudential Guidelines,Cross-Currency Interest Rate Swap,CCIRS,Trade-Backed Requirement,Valuations,Financial Statements,Returns,Approved Products",FMD\FED\CIR\GEN\01\084\11,https://www.cbn.gov.ng/out/2011/circulars/fmd/guidelines for foreign exchange derivatives in the nigerian financial markets.pdf,41126,504
2011-03-22,Central Bank of Nigeria,circulars,Guidelines for the Operation of the Foreign Exchange Market - Wholesale Dutch Auction System (WDAS-FWD),,"Guidelines,Operation,Foreign Exchange Market,Wholesale Dutch Auction System,WDAS-FWD,Financial Markets Department,Central Bank of Nigeria,CBN,FMD,Bola Akinwunmi,Abuja,FX,Swaps,Derivatives,Nigeria,Deposit Money Banks,Discount Houses,Guidelines for the Operation of the Foreign Exchange Market - Wholesale Dutch Auction System (WDAS-FWD)",FMD\FED\CIR\GEN\01\083\11,https://www.cbn.gov.ng/out/2011/circulars/fmd/guidelines for the operation of the foreign exchange market - wholesale dutch auction system.pdf,37521,503
2011-03-23,Central Bank of Nigeria,circulars,FOREIGN EXCHANGE MARKET (WDAS) AUCTION NO.023/2011 AND FX FORWARD AUCTION NO.001/2011,,"FMD/FED/CIR/GEN/01/023/11, FOREIGN EXCHANGE MARKET (WDAS) AUCTION NO. 023/2011, REUTERS, 3000 XTRA, FX AUCTION. AMOUNT OFFER USD400.00 MILLION, DIRECTOR FMD.",FMD/FED/CIR/GEN/01/023/11,https://www.cbn.gov.ng/out/2011/circulars/fmd/auction notice 2320110001.pdf,376210,502
2011-03-28,Central Bank of Nigeria,circulars,FOREIGN EXCHANGE MARKET (WDAS) AUCTION NO. 024/2011,,"FMD/FED/CIR/GEN/01/024/11, FOREIGN EXCHANGE MARKET (WDAS) AUCTION NO. 024/2011, REUTERS, 3000 XTRA, FX AUCTION. AMOUNT OFFER USD600.00 MILLION, DIRECTOR FMD.",FMD/FED/CIR/GEN/01/024/11,https://www.cbn.gov.ng/out/2011/circulars/fmd/auction notice 240001.pdf,33985,501
2011-03-30,Central Bank of Nigeria,circulars,FOREIGN EXCHANGE MARKET (WDAS) AUCTION NO. 025/2011 AND FX FORWARD AUCTION NO.002/2011.,,"FMD/FED/CIR/GEN/01/025/11, FOREIGN EXCHANGE MARKET (WDAS) AUCTION NO. 025/2011, REUTERS, 3000 XTRA, FX AUCTION. AMOUNT OFFER USD300.00 MILLION, DIRECTOR FMD.",FMD/FED/CIR/GEN/01/025/11,https://www.cbn.gov.ng/out/2011/circulars/fmd/auction notice 2520110001.pdf,375163,500
2011-04-04,Central Bank of Nigeria,circulars,FOREIGN EXCHANGE MARKET (WDAS) AUCTION NO. 026/2011,,"FMD/FED/CIR/GEN/01/026/11, FOREIGN EXCHANGE MARKET (WDAS) AUCTION NO. 026/2011, REUTERS, 3000 XTRA, FX AUCTION. AMOUNT OFFER USD300.00 MILLION, DIRECTOR FMD.",FMD/FED/CIR/GEN/01/026/11,https://www.cbn.gov.ng/out/2011/circulars/fmd/auction notice 2620110001 (2).pdf,294367,499
2011-04-06,Central Bank of Nigeria,circulars,FOREIGN EXCHANGE MARKET (WDAS) AUCTION NO. 027/2011 AND FX FORWARD AUCTION NO.003/2011.,,"FMD/FED/CIR/GEN/01/027/11, FOREIGN EXCHANGE MARKET (WDAS) AUCTION NO. 027/2011, REUTERS, 3000 XTRA, FX AUCTION. AMOUNT OFFER USD400.00 MILLION. ALSO WDAS-EWD BID FOR 1-MONTH TENOR MAT 09/05/11, 2-MONTH TENOR MAT 07/06/11 AND 3-MONTH TENOR MAT 07/07/11 DIRECTOR FMD.",FMD/FED/CIR/GEN/01/027/11,https://www.cbn.gov.ng/out/2011/circulars/fmd/auction notice 2720110001.pdf,376515,498
2011-04-08,Central Bank of Nigeria,circulars,Guidelines for the Use of AMCON Bonds in CBN Operations,,"Guidelines for the Use of AMCON Bonds in CBN Operations,Guidelines,AMCON,Bonds,CBN,Operations,Central Bank of Nigeria,FMD,Financial Markets Department,Abuja,FCT,Federal Capital Territory,Assets Management Corporation of Nigeria,FGN Bonds,Nigerian Global Master Repurchase Agreement,MRA,Eligibility and Limits",FMD/DIR/CIR/GEN/01/001,https://www.cbn.gov.ng/out/2011/circulars/fmd/guidelines for the use of amcon bonds in cbn operations_.pdf,31324,497
2011-04-11,Central Bank of Nigeria,circulars,FOREIGN EXCHANGE MARKET (WDAS) AUCTION NO. 028/2011,,"FOREIGN EXCHANGE MARKET (WDAS) AUCTION NO. 028/2011, REUTERS, 3000 XTRA, FX AUCTION. AMOUNT OFFER USD250.00 MILLION, DIRECTOR FMD, ASST DIR FMD.",FMD/FED/CIR/GEN/01/028/11,https://www.cbn.gov.ng/out/2011/circulars/fmd/auction notice 2820110001.pdf,325073,496
2011-04-12,Central Bank of Nigeria,circulars,MFB Monthly Online Rendition Of Returns To CBN Via FinA System,,"cbn,ofisd,ofid,monthly,returns,master,file,excel,mfb,microfinance,banks,nigeria,central,finA,system,rendition,online,reporting,other,financial,institutions,supervision",OFISD-01-2011,https://www.cbn.gov.ng/out/2011/circulars/ofid/ofisd-01-2011.pdf,537833,495
2011-04-12,Central Bank of Nigeria,circulars,MFB Monthly Online Rendition Of Returns to CBN Via FinA System,,"mfb, circulars, returns",OFISD/MFB/FINA/CIR/DOC/24/11/2014,https://www.cbn.gov.ng/Out/2014/CCD/OFISD-01-2011 Circular on Returns Rendition.pdf,538345,4091
2011-04-13,Central Bank of Nigeria,circulars,FOREIGN EXCHANGE MARKET (WDAS) AUCTION NO. 029/2011 AND FX FORWARD AUCTION NO.004/2011,,"FOREIGN EXCHANGE MARKET (WDAS) AUCTION NO. 025/2011, REUTERS, 3000 XTRA, FX FORWARD AUCTION. AMOUNT OFFER USD300.00 MILLION,DIRECTOR FINANCIAL MARKETS DEPT.",FMD/FED/CIR/GEN/01/029/11,https://www.cbn.gov.ng/out/2011/circulars/fmd/wdas and fx forward auction 1320110001.pdf,325668,494
2011-04-18,Central Bank of Nigeria,circulars,FOREIGN EXCHANGE MARKET (WDAS) AUCTION NO. 030/2011.,,"FOREIGN EXCHANGE MARKET (WDAS) AUCTION NO. 030/2011, REUTERS, 3000 XTRA, FX AUCTION. AMOUNT OFFER USD300.00 MILLION, DIRECTOR FMD, ASST DIR FMD.",FMD/FED/CIR/GEN/01/030/11,https://www.cbn.gov.ng/out/2011/circulars/fmd/auction notice 3020110001.pdf,290544,493
2011-04-20,Central Bank of Nigeria,circulars,FOREIGN EXCHANGE MARKET (WDAS) AUCTION NO. 031/2011 FX FORWARD AUCTION. ,,"FOREIGN EXCHANGE MARKET (WDAS) AUCTION NO. 031/2011, REUTERS, 3000 XTRA, FX FORWARD AUCTION. AMOUNT OFFER USD400.00 MILLION,DIRECTOR FINANCIAL MARKETS DEPT.",FMD/FED/CIR/GEN/01/031/11,https://www.cbn.gov.ng/out/2011/circulars/fmd/auction notice 03120110001 (2).pdf,366693,492
2011-04-27,Central Bank of Nigeria,circulars,CHECK DIGIT ALGORITHM FOR NUBAN,,NUBAN ALGORITHM,BPS/DIR/GEN/CIR/02/008,https://www.cbn.gov.ng/out/2011/circulars/bspd/nuban proposals v 0 4- 03 09 2010.pdf,31029,491
2011-04-27,Central Bank of Nigeria,circulars,FOREIGN EXCHANGE MARKET (WDAS) AUCTION NO. 032/2011 AND FX FORWARD AUCTION NO.006/2011,,"FOREIGN EXCHANGE MARKET (WDAS) REUTERS, 3000 XTRA, FX FORWARD AUCTION. AMOUNT OFFER USD250.00 MILLION,DIRECTOR FINANCIAL MARKETS DEPT.",FMD/FED/CIR/GEN/01/032/11,https://www.cbn.gov.ng/out/2011/circulars/fmd/fx wdas auction 03220110001 (2).pdf,368597,490
2011-04-28,Central Bank of Nigeria,circulars,Industry Policy On Retail Cash Collection And Lodgement (IITP/C/001),,Retail Cash Collection And Lodgement ,Ref: COD/DIR/GEN/CIT/05/031,https://www.cbn.gov.ng/out/2011/circulars/cod/retail lodgement.pdf,52044,489
2011-05-04,Central Bank of Nigeria,circulars,FOREIGN EXCHANGE MARKET (WDAS) AUCTION NO. 033/2011 AND FX FORWARD AUCTION NO.007/2011.,,"FOREIGN EXCHANGE MARKET (WDAS) AUCTION NO. 033/2011, REUTERS, 3000 XTRA, FX FORWARD AUCTION. AMOUNT OFFER USD350.00 MILLION,DIRECTOR FINANCIAL MARKETS DEPT.",FMD/FED/CIR/GEN/01/033/11,https://www.cbn.gov.ng/out/2011/circulars/fmd/auction notice 3320110001.pdf,368953,488
2011-05-09,Central Bank of Nigeria,circulars,FOREIGN EXCHANGE MARKET (WDAS) AUCTION NO. 034/2011.,,"FOREIGN EXCHANGE MARKET (WDAS) AUCTION NO. 034/2011, REUTERS, 3000 XTRA, FX FORWARD AUCTION. AMOUNT OFFER USD300.00 MILLION,DIRECTOR FINANCIAL MARKETS DEPT.",FMD/FED/CIR/GEN/01/034/11,https://www.cbn.gov.ng/out/2011/circulars/fmd/wdas auction 340001.pdf,323038,487
2011-05-11,Central Bank of Nigeria,circulars,FOREIGN EXCHANGE MARKET (WDAS) AUCTION NO. 035/2011 AND FX FORWARD AUCTION NO. 008/2011,,"FOREIGN EXCHANGE MARKET (WDAS) AUCTION NO. 035/2011 AND FX FORWARD AUCTION NO. 008/2011, FMD/FED/CIR/GEN/01/035/11, FORWARDS, REUTERS, WDAS-FWD",FMD/FED/CIR/GEN/01/035/11,https://www.cbn.gov.ng/out/2011/circulars/fmd/wdas auction no 03520110001.pdf,359395,486
2011-05-13,Central Bank of Nigeria,circulars,Endorsement of Department of Petroleum Resources (DPR) permits used for importation of petroleum products,,Endorsement of Department of Petroleum Resources (DPR) permits used for importation of petroleum products,TED.FEM.FPC.GEN.01.007,https://www.cbn.gov.ng/out/2011/circulars/ted/ted.fem.fpc.gen.01.007.pdf,248774,485
2011-05-16,Central Bank of Nigeria,circulars,FOREIGN EXCHANGE MARKET (WDAS) AUCTION NO. 036/2011,,"FMD/FED/CIR/GEN/01/036/11, FOREIGN EXCHANGE MARKET (WDAS) AUCTION NO. 036/2011, FX AUCTIONS, 3000 EXTRA",FMD/FED/CIR/GEN/01/036/11,https://www.cbn.gov.ng/out/2011/circulars/fmd/wdas auction 03620110001.pdf,304017,484
2011-05-18,Central Bank of Nigeria,circulars,FOREIGN EXCHANGE MARKET (WDAS) AUCTION NO. 037/2011 AND FX FORWARD AUCTION NO. 009/2011.,,"FOREIGN EXCHANGE MARKET (WDAS) AUCTION NO. 035/2011 AND FX FORWARD AUCTION, AMOUNT OFFER  USD300.00 MILLION,FORWARDS, REUTERS, WDAS-FWD, DIRECTOR, FMD ABUJA.",FMD/FED/CIR/GEN/01/037/11,https://www.cbn.gov.ng/out/2011/circulars/fmd/auction notice 3720110001.pdf,346078,483
2011-05-23,Central Bank of Nigeria,circulars,FOREIGN EXCHANGE MARKET (WDAS) AUCTION NO. 038/2011.,,"FOREIGN EXCHANGE MARKET (WDAS) AUCTION NO. 038/2011, FX AUCTIONS, 3000 EXTRA. AMOUNT OFFER USD400.00 MILLION. DIRECTOR,FMD ABUJA.",FMD/FED/CIR/GEN/01/038/11,https://www.cbn.gov.ng/out/2011/circulars/fmd/auction notice 3820110001.pdf,301582,482
2011-05-25,Central Bank of Nigeria,circulars,FOREIGN EXCHANGE MARKET (WDAS) AUCTION NO. 039/2011 AND FX FORWARD AUCTION NO.010/2011.,,"FOREIGN EXCHANGE MARKET (WDAS) AUCTION AND FX FORWARD AUCTION, AMOUNT OFFER  USD400.00 MILLION,FORWARDS, REUTERS, WDAS-FWD, DIRECTOR, FMD ABUJA.",FMD/FED/CIR/GEN/01/039/11,https://www.cbn.gov.ng/out/2011/circulars/fmd/auction notice 3920110001.pdf,371562,481
2011-05-26,Central Bank of Nigeria,circulars,Establishment of Agricultural Finance Departments/Units/Desks in Head Offices/Zonal/Regional and Desks by Deposit Money Banks (DMBs),,"Establishment,Agricultural,Finance,Departments,Units,Desks,Head Offices,Zonal,Regional,Deposit,Money,Banks,DMBs,central,bank,nigeria,cbn,fprd,financial,policy,regulation",FPR/DIR/CIR/GEN/01/015,https://www.cbn.gov.ng/out/2011/circulars/fpr/circular to all banks on agricultural desk.pdf,658926,480
2011-06-01,Central Bank of Nigeria,circulars,FOREIGN EXCHANGE MARKET (WDAS) AUCTION NO.040/2011 AND FX FORWARD AUCTION NO.011/2011,,"FOREIGN EXCHANGE MARKET (WDAS) AUCTION AND FX FORWARD AUCTION, AMOUNT OFFER  USD500.00 MILLION,FORWARDS, REUTERS, WDAS-FWD, DIRECTOR, FMD ABUJA.",FMD/FED/CIR/GEN/01/040/11,https://www.cbn.gov.ng/out/2011/circulars/fmd/auction notice 4020110001.pdf,365572,479
2011-06-06,Central Bank of Nigeria,circulars,FOREIGN EXCHANGE MARKET (WDAS) AUCTION NO. 041/2011.,,"FOREIGN EXCHANGE MARKET (WDAS) AUCTION NO. 041/2011, FX AUCTIONS, 3000 EXTRA. AMOUNT OFFER USD300.00 MILLION. DIRECTOR,FMD ABUJA.",FMD/FED/CIR/GEN/01/041/11,https://www.cbn.gov.ng/out/2011/circulars/fmd/auction notice 4120110001.pdf,276941,478
2011-06-15,Central Bank of Nigeria,circulars,Notice of Meeting on the Requirement of Endorsing DPR Permit for Petroleum Product Import by Banks,,,TED.FEM.FPC.GEN.01.008,https://www.cbn.gov.ng/out/2011/circulars/ted/ted.fem.fpc.gen.01.008.pdf,191358,477
2011-06-20,Central Bank of Nigeria,circulars,FOREIGN EXCHANGE MARKET (WDAS) AUCTION NO. 045/2011,,"FMD/FED/CIR/GEN/01/045/11, FOREIGN EXCHANGE MARKET (WDAS) AUCTION NO. 45/2011, REUTERS 3000, FX",FMD/FED/CIR/GEN/01/045/11,https://www.cbn.gov.ng/out/2011/circulars/fmd/auction notice 4520110001.pdf,312131,476
2011-06-21,Central Bank of Nigeria,circulars,"Circular to all Banks,Discount Houses and Other Financial Institutions (OFIs)on Approved Persons' Regime
",,"Banks,CBN,Discount Houses,Financial, Other Financial Institutions,Persons,Fit and Proper persons,Guidelines,Person's Regime,Board,Top Management,Appointment",FPR/DIR/CIR/GEN/01/016,https://www.cbn.gov.ng/out/2011/circulars/fpr/fit and proper person circular final final.pdf,73460,474
2011-06-21,Central Bank of Nigeria,circulars,RE: Framework for the Regulation and Supervision of Institutions Offering Non-Interest Financial Services in Nigeria,,"Framework,Regulation,Non-Interest,Supervision,Institutions,Financial,Islamic Banking, Guidelines,CBN",FPR/DIR/CIR/GEN/01/017,https://www.cbn.gov.ng/out/2011/circulars/fpr/non-interest banking guidelines june 20 2011.pdf,91029,475
2011-06-22,Central Bank of Nigeria,circulars,FOREIGN EXCHANGE MARKET (WDAS) AUCTION NO. 046/2011 AND FX FORWARD AUCTION NO. 014/2011,,"FMD/FED/CIR/GEN/01/046/11, FOREIGN EXCHANGE MARKET (WDAS) AUCTION NO. 046/2011 AND FX FORWARD AUCTION NO. 014/2011, 3000 EXTRA, REUTERS",FMD/FED/CIR/GEN/01/046/11,https://www.cbn.gov.ng/out/2011/circulars/fmd/wdas 220620110001.pdf,356010,473
2011-06-24,Central Bank of Nigeria,circulars,RE-PURCHASE OF MONEY MARKET INSTRUMENTS AND FEDERAL GOVERNMENT BONDS,,The restriction for foreign investor to invest and trade FG bonds and nigeria TB and be remove,TED.FEM.FPC.GEN.01.009,https://www.cbn.gov.ng/out/2011/circulars/ted/TED.FEM.FPC.GEN.01.009.pdf,235834,471
2011-06-24,Central Bank of Nigeria,circulars,Re: foreign Exchange Cash Sales to Bureaux De Change (BDCs) By Banks,,"Authorised Dealers are only allowed to sell a maximum US$250,000.00 to BDCs per weeks and purchase from only one Authorised Dealers per week",TED.FEM.FPC.GEN.01.010,https://www.cbn.gov.ng/out/2011/circulars/ted/ted.fem.fpc.gen.01.010.pdf,211310,472
2011-06-27,Central Bank of Nigeria,circulars,FOREIGN EXCHANGE MARKET (WDAS) AUCTION NO. 47/2011.,,"FMD/FED/CIR/GEN/01/047/11, FOREIGN EXCHANGE MARKET (WDAS) AUCTION NO. 47/2011, REUTERS 3000, FX AMOUNT OFFER USD400.00MILLION DOLLARS.",FMD/FED/CIR/GEN/01/047/11,https://www.cbn.gov.ng/out/2011/circulars/fmd/auction notice 4720110001.pdf,306515,469
2011-06-27,Central Bank of Nigeria,circulars,REVISED NIGERIA BANKERS' CLEARING HOUSE RULES,,NIGERIA BANKERS' CLEARING HOUSE RULES,BPS/DIR/GEN/CIR/02/012,https://www.cbn.gov.ng/out/2011/circulars/bspd/approved revised clearing house rules.pdf,17523618,470
2011-06-29,Central Bank of Nigeria,circulars,FOREIGN EXCHANGE MARKET (WDAS) AUCTION NO. 048/2011 AND FX FORWARD AUCTION NO. 015/2011,,"FMD/FED/CIR/GEN/01/048/11, FOREIGN EXCHANGE MARKET (WDAS) AUCTION NO. 048/2011 AND FX FORWARD AUCTION NO. 015/2011, REUTERS, DEALING",FMD/FED/CIR/GEN/01/048/11,https://www.cbn.gov.ng/out/2011/circulars/fmd/auction notice 4820110001.pdf,387853,468
2011-07-04,Central Bank of Nigeria,circulars,FOREIGN EXCHANGE MARKET (WDAS) AUCTION NO. 049/2011,,"FMD/FED/CIR/GEN/01/049/11, FOREIGN EXCHANGE MARKET (WDAS) AUCTION NO. 049/2011, 3000 EXTRA, REUTERS",FMD/FED/CIR/GEN/01/049/11,https://www.cbn.gov.ng/out/2011/circulars/fmd/4920110001.pdf,288683,467
2011-07-06,Central Bank of Nigeria,circulars,FOREIGN EXCHANGE MARKET (WDAS) AUCTION NO. 050/2011 AND FX FORWARD AUCTION NO. 016/2011,,"FMD/FED/CIR/GEN/01/050/11, FOREIGN EXCHANGE MARKET (WDAS) AUCTION NO. 050/2011 AND FX FORWARD AUCTION NO. 016/2011, TENOR, 1-MONTH, 2-MONTH, 3-MONTH",FMD/FED/CIR/GEN/01/050/11,https://www.cbn.gov.ng/out/2011/circulars/fmd/auction notice 500001.pdf,350546,466
2011-07-11,Central Bank of Nigeria,circulars,FOREIGN EXCHANGE MARKET (WDAS)AUCTION NO. 051/2011,,"FMD/FED/CIR/GEN/01/051/11, FOREIGN EXCHANGE MARKET (WDAS)AUCTION NO. 051/2011, REUTERS 3000, BIDS",FMD/FED/CIR/GEN/01/051/11,https://www.cbn.gov.ng/out/2011/circulars/fmd/auction notice 5120110001.pdf,291656,465
2011-07-13,Central Bank of Nigeria,circulars,"DISBURSEMENT UNDER POWER & AIRLINES INTERVENTION FUND (PAIF) AS AT 30 TH JUNE, 2011							
",,DISBURSED PAIF,PAIF 1 2011,https://www.cbn.gov.ng/out/2011/circulars/dfd/paif_disbursements.pdf,150061,464
2011-07-13,Central Bank of Nigeria,circulars,FOREIGN EXCHANGE MARKET (WDAS) AUCTION NO. 052/2011 AND FX FORWARD AUCTION NO. 017/2011,,"FMD/FED/CIR/GEN/01/052/11, FOREIGN EXCHANGE MARKET (WDAS) AUCTION NO. 052/2011 AND FX FORWARD AUCTION NO. 017/2011, FORWARDS, 1-MONTH, 2-MONTH, 3-MONTH TENOR",FMD/FED/CIR/GEN/01/052/11,https://www.cbn.gov.ng/out/2011/circulars/fmd/auction notice 5220110001.pdf,369103,463
2011-07-18,Central Bank of Nigeria,circulars,FOREIGN EXCHANGE MARKET (WDAS) AUCTION NO.053/2011,,"FMD/FED/CIR/GEN/01/053/11,FOREIGN EXCHANGE MARKET (WDAS) AUCTION NO.053/2011, 3000 XTRA, REUTERS",FMD/FED/CIR/GEN/01/053/11,https://www.cbn.gov.ng/out/2011/circulars/fmd/auction notice 0530001.pdf,299135,462
2011-07-25,Central Bank of Nigeria,circulars,Foreign exchange market (wdas) auction no.055/2011,,"FMD/FED/CIR/GEN/01/055/11,FOREIGN EXCHANGE MARKET (WDAS) AUCTION NO.055/2011, 3000 XTRA, REUTERS, Director, Financial Markets.",FMD/FED/CIR/GEN/01/055/11,https://www.cbn.gov.ng/out/2011/circulars/fmd/auction notice 0550001.pdf,312551,461
2011-07-27,Central Bank of Nigeria,circulars,FOREIGN EXCHANGE MARKET (WDAS) AUCTION NO. 056/2011 AND FX FORWARD AUCTION NO. 019/2011.,,"FMD/FED/CIR/GEN/01/056/11, FOREIGN EXCHANGE MARKET (WDAS) AUCTION NO. 056/2011 AND FX FORWARD AUCTION NO. 019/2011, FORWARDS, 1-MONTH, 2-MONTH, 3-MONTH TENOR",FMD/FED/CIR/GEN/01/056/11,https://www.cbn.gov.ng/out/2011/circulars/fmd/auction notice 560001 (2).pdf,372562,459
2011-07-27,Central Bank of Nigeria,circulars,Revised Microfinance Policy Framework For Nigeria,,"BSD,circular,guidelines,appointment,independent, directors,banking,supervision,central bank,nigeria,deposit,banks,corporate,governance,code,shareholders,interest,interna,control,board,non-executive,executive,top management,cama,bofia",BSD/DIR/GEN/CIR/V.1/2011,https://www.cbn.gov.ng/Out/2011/pressrelease/gvd/Revised Microfinance Policy July 12 2011.pdf,262 KB,460
2011-07-28,Central Bank of Nigeria,circulars,Foreign Exchange Cash Sales to Bureaux De Change (BDCs) by Banks,,"Authorised Dealers are to buy maximum USD500,000.00 foreign exchange at the forex market to sell Bureaux de Change per week.BDCs are to purchase from only one Authorised Dealer. Comply or be sanctioned.",TED.FEM.GEN.FPC.01.011,https://www.cbn.gov.ng/out/2011/circulars/ted/ted.fem.fpc.gen.01.011.pdf,215648,458
2011-08-01,Central Bank of Nigeria,circulars,FOREIGN EXCHANGE MARKET (WDAS) AUCTION NO.057/2011,,"FMD/FED/CIR/GEN/01/057/11,FOREIGN EXCHANGE MARKET (WDAS) AUCTION NO.057/2011, REUTERS DEALING, 3000 XTRA",FMD/FED/CIR/GEN/01/057/11,https://www.cbn.gov.ng/out/2011/circulars/fmd/auction notice 5720110001.pdf,307965,457
2011-08-03,Central Bank of Nigeria,circulars,ACTIVITY REPORT ON CACS FOR THE MONTH OF MAY 2011,,CACS ACTIVITY REPORT MAY 2011,CACS 05- 2011,https://www.cbn.gov.ng/out/2011/circulars/dfd/cacs  monthly report for may 2011.pdf,252789,454
2011-08-03,Central Bank of Nigeria,circulars,CACS ACTIVITY REPORT FOR THE MONTH OF JULY 2011,,CACS ACTIVITY REPORT 2011,CACS 07- 2011,https://www.cbn.gov.ng/out/2011/circulars/dfd/cacs  monthly report for july 2011.pdf,316786,456
2011-08-03,Central Bank of Nigeria,circulars,CACS ACTIVITY REPORT FOR THE MONTH OF JUNE 2011,,CACS ACTIVITY REPORT JUNE 2011,CACS 06- 2011,https://www.cbn.gov.ng/out/2011/circulars/dfd/cacs monthly report for june 2011.pdf,247559,455
2011-08-03,Central Bank of Nigeria,circulars,FOREIGN EXCHANGE MARKET (WDAS)AUCTION NO.058/2011 AND FX FORWARD AUCTION NO. 020/2011,,"FMD/FED/CIR/GEN/01/058/011, FOREIGN EXCHANGE MARKET (WDAS)AUCTION NO.058/2011 AND FX FORWARD AUCTION NO. 020/2011, REUTERS, 3000 XTRA, FX, FORWARDS",FMD/FED/CIR/GEN/01/058/011,https://www.cbn.gov.ng/out/2011/circulars/fmd/auction 0580001.pdf,375305,453
2011-08-10,Central Bank of Nigeria,circulars,FOREIGN EXCHANGE MARKET (WDAS) AUCTION NO. 060/2011 AND FX FORWARD AUCTION NO. 021/2011,,"FMD/FED/CIR/GEN/01/060/11,FOREIGN EXCHANGE MARKET (WDAS) AUCTION NO. 060/2011 AND FX FORWARD AUCTION NO. 021/2011, REUTERS 3000, WDAS-FWD",FMD/FED/CIR/GEN/01/060/11,https://www.cbn.gov.ng/out/2011/circulars/fmd/auction notice 6020110001.pdf,366661,448
2011-08-11,Central Bank of Nigeria,circulars,CIRCULAR ON ACCREDITED CHEQUE PRINTERS,,accredited cheque printers,BPS/DIR/GEN/CIR/02/013,https://www.cbn.gov.ng/out/2011/circulars/bspd/accredited printers in 2011.pdf,545719,446
2011-08-11,Central Bank of Nigeria,circulars,Cicular Letter-Revised Microfinance Policy Regulatory and Supervisory Framework for Nigeria,,"Circular,microfinance bank, regulation, supervision, nigeria, State, unit, national, policy, fct, federal, capital, territory, capital, framework, revised, gudelines, central bank of nigeria, branches, cash points, shareholders' funds,other financial institutions, Abuja, lagos, paid up",OFISD-02-2011,https://www.cbn.gov.ng/out/2011/circulars/ofis/ofisd-02-2011.pdf,1626788,447
2011-08-12,Central Bank of Nigeria,circulars,Foreign Exchange Cash Sales to Bureau de Change (BDC) Operators,,Foreign Exchange Cash Sales to Bureau de Change (BDC) Operators,TED.FEM.FPC.GEN.01.013,https://www.cbn.gov.ng/out/2011/circulars/ted/ted.fem.fpc.gen.01.013.pdf,197134,444
2011-08-12,Central Bank of Nigeria,circulars,Foreign Exchange Cash Sales to Bureaux de Change (BDCs) by Banks,,Foreign Exchange Cash Sales to Bureaux de Change,TED.FEM.GEN.FPC.01.012,https://www.cbn.gov.ng/out/2011/circulars/ted/ted.fem.gen.fpc.01.012.pdf,217430,443
2011-08-12,Central Bank of Nigeria,circulars,GUIDELINES ON POINT OF SALE (POS) CARD ACCEPTANCE SERVICES,,GUIDELINES ON POINT OF SALE (POS) CARD ACCEPTANCE SERVICES,BPS/DIR/GEN/CIR/02/014,https://www.cbn.gov.ng/out/2011/circulars/bspd/pos_guidelines_august2011_final_final (2).pdf,196426,445
2011-08-15,Central Bank of Nigeria,circulars,FOREIGN EXCHANGE MARKET (WDAS) AUCTION NO. 061/2011,,"FMD/FED/CIR/GEN/01/061/11, FOREIGN EXCHANGE MARKET (WDAS) AUCTION NO. 061/2011, REUTERS 3000, WDAS AUCTION",FMD/FED/CIR/GEN/01/061/11,https://www.cbn.gov.ng/out/2011/circulars/fmd/auction notice 6120110001.pdf,312830,440
2011-08-15,Central Bank of Nigeria,circulars,Foreign Exchange Cash Sales to Bureaux de Change (BDC's),,"ted,fem,cash,bdc,sales",TED.FEM.GEN.FPC.01.15,https://www.cbn.gov.ng/out/2011/circulars/ted/ted.fem.gen.fpc.01.015.pdf,206686,442
2011-08-15,Central Bank of Nigeria,circulars,Returns on Utilisation of Foreign Exchange,,Returns on Utilisation of Foreign Exchange,TED.FEM.FPC.GEN.01.014,https://www.cbn.gov.ng/out/2011/circulars/ted/ted.fem.fpc.gen.01.014.pdf,186510,441
2011-08-16,Central Bank of Nigeria,circulars,CIRCULAR DIRECTING DEPOSIT MONEY BANKS TO EXPAND THE EXISTING ATM HELP DESK TO HANDLE ALL CONSUMER COMPLAINTS AND FOR DISCOUNT HOUSES AND ALL OTHER FINANCIAL INSTITUTIONS TO ESTABLISH A CONSUMER COMPLAINT HELP DESK,,DEPOSIT MONEY BANKS COMPLAINTS CONSUMER DISCOUNT HOUSES HELP DESK CBN ATM COT POLICY REGULATION PRODUCTS SERVICES ESTABLISH,FPR/DIR/CIR/GEN/01/020,https://www.cbn.gov.ng/out/2011/circulars/fpr/circular on establishment of consumer help desk.pdf,868880,439
2011-08-17,Central Bank of Nigeria,circulars,FOREIGN EXCHANGE MARKET (WDAS) AUCTION NO.062/2011 AND FX FORWARD AUCTION NO.022/2011,,"FMD/FED/CIR/GEN/01/062/11, FOREIGN EXCHANGE MARKET (WDAS) AUCTION NO.062/2011 AND FX FORWARD AUCTION NO.022/2011, WDAS-SPT, WDAS-FWD",FMD/FED/CIR/GEN/01/062/11,https://www.cbn.gov.ng/out/2011/circulars/fmd/auction notice 6220110001.pdf,374228,438
2011-08-22,Central Bank of Nigeria,circulars,FOREIGN EXCHANGE MARKET (WDAS) AUCTION NO. 063/2011,,"FMD/FED/CIR/GEN/01/063/11,FOREIGN EXCHANGE MARKET (WDAS) AUCTION NO. 063/2011, REUTERS 3000, CIRCULAR",FMD/FED/CIR/GEN/01/063/11,https://www.cbn.gov.ng/out/2011/circulars/fmd/auction notice 6320110001.pdf,316830,437
2011-08-23,Central Bank of Nigeria,circulars,REQUEST FOR DATA ON PAYMENT CARD,,REQUEST FOR DATA ON PAYMENT CARD,BPS/DIR/CCIR/01/009,https://www.cbn.gov.ng/out/2011/circulars/bspd/request for data on payment cards.pdf,225226,436
2011-08-24,Central Bank of Nigeria,circulars,FOREIGN EXCHANGE MARKET (WDAS) AUCTION NO. 064/2011 AND FX FORWARD AUCTION NO. 023/2011,,"FMD/FED/CIR/GEN/01/064/11, FOREIGN EXCHANGE MARKET (WDAS) AUCTION NO. 064/2011 AND FX FORWARD AUCTION NO. 023/2011, REUTERS 3000",FMD/FED/CIR/GEN/01/064/11,https://www.cbn.gov.ng/out/2011/circulars/fmd/auction notice 0640001.pdf,389507,435
2011-08-29,Central Bank of Nigeria,circulars,FOREIGN EXCHANGE MARKET (WDAS) AUCTION NO. 065/2011,,"FMD/FED/CIR/GEN/01/065/11, FOREIGN EXCHANGE MARKET (WDAS) AUCTION NO. 065/2011, REUTERS 3000",FMD/FED/CIR/GEN/01/065/11,https://www.cbn.gov.ng/out/2011/circulars/fmd/auction notice 6520110001.pdf,277362,434
2011-09-05,Central Bank of Nigeria,circulars,FOREIGN EXCHANGE MARKET (WDAS) AUCTION NO. 066/2011,,"FMD/FED/CIR/GEN/01/066/11, FOREIGN EXCHANGE MARKET (WDAS) AUCTION NO. 066/2011, 3000 XTRA",FMD/FED/CIR/GEN/01/066/11,https://www.cbn.gov.ng/out/2011/circulars/fmd/auction no. 6620110001.pdf,600132,433
2011-09-07,Central Bank of Nigeria,circulars,FOREIGN EXCHANGE MARKET (WDAS) AUCTION NO. 067/2011.,,"FMD/FED/CIR/GEN/01/067/11, FOREIGN EXCHANGE MARKET (WDAS) AUCTION NO. 067/2011, REUTERS 3000",FMD/FED/CIR/GEN/01/067/11,https://www.cbn.gov.ng/out/2011/circulars/fmd/,621035,432
2011-09-12,Central Bank of Nigeria,circulars,FOREIGN EXCHANGE MARKET (WDAS) AUCTION NO. 068/2011.,,"FMD/FED/CIR/GEN/01/068/11, FOREIGN EXCHANGE MARKET (WDAS) AUCTION NO. 068/2011, REUTERS 3000",FMD/FED/CIR/GEN/01/068/11,https://www.cbn.gov.ng/out/2011/circulars/fmd/auction notice 6820110001.pdf,545237,431
2011-09-14,Central Bank of Nigeria,circulars,FOREIGN EXCHANGE MARKET (WDAS) AUCTION NO. 069/2011.,,"FMD/FED/CIR/GEN/01/069/11, FOREIGN EXCHANGE MARKET (WDAS) AUCTION NO. 069/2011, REUTERS 3000",FMD/FED/CIR/GEN/01/069/11,https://www.cbn.gov.ng/out/2011/circulars/fmd/auction notice 6920110001.pdf,622695,430
2011-09-19,Central Bank of Nigeria,circulars,FOREIGN EXCHANGE MARKET (WDAS) AUCTION NO. 070/2011.,,"FMD/FED/CIR/GEN/01/070/11, FOREIGN EXCHANGE MARKET (WDAS) AUCTION NO. 070/2011, REUTERS 3000",FMD/FED/CIR/GEN/01/70/11,https://www.cbn.gov.ng/out/2011/circulars/fmd/auction notice 7020110001 (2).pdf,601066,429
2011-09-21,Central Bank of Nigeria,circulars,"FOREIGN EXCHANGE MARKET (WDAS) AUCTION NO. 071/2011 AND FX FORWARD AUCTION NO. 026/2011, REUTERS 3000.",,"FMD/FED/CIR/GEN/01/071/11, FOREIGN EXCHANGE MARKET (WDAS) AUCTION NO. 071/2011 AND FX FORWARD AUCTION NO. 026/2011, REUTERS 3000",FMD/FED/CIR/GEN/01/071/11,https://www.cbn.gov.ng/out/2011/circulars/fmd/auction notice 7120110001.pdf,511129,428
2011-09-26,Central Bank of Nigeria,circulars,FOREIGN EXCHANGE MARKET (WDAS) AUCTION NO. 072/2011,,"FMD/FED/CIR/GEN/01/072/11, FOREIGN EXCHANGE MARKET (WDAS) AUCTION NO. 072/2011, 3000 XTRA, REUTERS, FINANCIAL MARKETS DEPARTMENT",FMD/FED/CIR/GEN/01/072/11,https://www.cbn.gov.ng/out/2011/circulars/fmd/wdas auction no. 72.pdf,1169672,427
2011-09-28,Central Bank of Nigeria,circulars,FOREIGN EXCHANGE MARKET (WDAS) AUCTION NO. 073/2011 AND FX FORWARD AUCTION NO. 027/2011,,"FMD/FED/CIR/GEN/01/073/11, FOREIGN EXCHANGE MARKET (WDAS) AUCTION NO. 073/2011 AND FX FORWARD AUCTION NO. 027/2011, REUTERS 3000 XTRA",FMD/FED/CIR/GEN/01/073/11  ,https://www.cbn.gov.ng/out/2011/circulars/fmd/auction notice 7320110001.pdf,513899,426
2011-09-29,Central Bank of Nigeria,circulars,2011 Hajj Operations,,"Hajj, operations,ted, purchase of PTA,PTA,Travellers",TED.FEM.FPC.GEN.01.017,https://www.cbn.gov.ng/out/2011/circulars/gov/ted.fem.fpc.gen.01.017.pdf,840624,425
2011-10-05,Central Bank of Nigeria,circulars,FOREIGN EXCHANGE MARKET (WDAS)AUCTIONNO. 074/2011 AND FX FORWARD AUCTION NO. 028/2011,,"FMD/FED/CIR/GEN/01/074/11, FOREIGN EXCHANGE MARKET (WDAS)AUCTION NO. 074/2011 AND FX FORWARD AUCTION NO. 028/2011, 3000 XTRA, WDAS-FWD",FMD/FED/CIR/GEN/01/074/11,https://www.cbn.gov.ng/out/2011/circulars/fmd/auction notice 7420110001.pdf,622665,424
2011-10-06,Central Bank of Nigeria,circulars,Rising Demand for Foreign Exchange at WDAS,,Oil companies had be observed to have SWAP arrangement with NNPC and PPMC with standby LOC to lift crude oil from refined product,TED.FEM.FPC.GEN.01.018,https://www.cbn.gov.ng/out/2011/circulars/ted/ted.fem.fpc.gen.01.018a.pdf,360223,423
2011-10-10,Central Bank of Nigeria,circulars,FOREIGN EXCHANGE MARKET (WDAS) AUCTION N0. 075/2011,,"FMD/FED/CIR/GEN/01/075/11, FOREIGN EXCHANGE MARKET (WDAS) AUCTION N0. 075/2011, 3000 XTRA",FMD/FED/CIR/GEN/01/075/11,https://www.cbn.gov.ng/out/2011/circulars/fmd/auction notice 7520110001.pdf,488284,421
2011-10-10,Central Bank of Nigeria,circulars,Reduction of Foreign Exchange Net Open Position (NOP) of Banks,,NOP had been reviewed from 5% to 1% and it take effect from 14/10/11 Authorised Dealers are not allow to access WDAS and the SLF on the same day,TED.FEM.FPC.GEN.01.019,https://www.cbn.gov.ng/out/2011/circulars/ted/ted.fem.fpc.gen.01.019.pdf,239860,422
2011-10-11,Central Bank of Nigeria,circulars,SUSPENSION OF RESERVE AVERAGING SCHEME AND CHANGE IN CASH RESERVE REQUIREMENT,,"FMD/DIR/GEN/CIR/02/004, SUSPENSION OF RESERVE AVERAGING SCHEME AND CHANGE IN CASH RESERVE REQUIREMENT, CRR",FMD/DIR/GEN/CIR/02/004,https://www.cbn.gov.ng/out/2011/circulars/fmd/suspension of reserve averaging circular0001.pdf,488886,420
2011-10-12,Central Bank of Nigeria,circulars,FOREIGN EXCHANGE MARKET (WDAS) AUCTION NO. 076/2011 AND FX FORWARD AUCTION NO. 029/2011,,"FMD/FED/CIR/GEN/0/076/11, FOREIGN EXCHANGE MARKET (WDAS) AUCTION NO. 076/2011 AND FX FORWARD AUCTION NO. 029/2011, REUTERS DEALING, 3000 XTRA",FMD/FED/CIR/GEN/0/076/11,https://www.cbn.gov.ng/out/2011/circulars/fmd/auction notice 7620110001.pdf,623518,419
2011-10-13,Central Bank of Nigeria,circulars,Establishment of Letters of Credit and Bills for Collection for the Importation of Petroleum Products,,Procedures for processing of Form M iro of importation of petroleum product form start to the end and the rules and regulations to obey.,TED.FEM.FPC.GEN.01.021,https://www.cbn.gov.ng/out/2011/circulars/ted/ted.fem.fpc.gen.01.021.pdf,425249,418
2011-10-13,Central Bank of Nigeria,circulars,"Payment of Dividends/Proceeds of Foreign Investments in Nigeria by Foreign Entities, Proceeds of International Air Tckets and Consultancy Services",,"All remittances in iro divident, capital and proceesd of investments, proceeds of sales of international air ticket and consultancy sevices are by autonomous fund.",TED.FEM.FPC.GEN.01.020,https://www.cbn.gov.ng/out/2011/circulars/ted/ted.fem.fpc.gen.01.020.pdf,236728,417
2011-10-17,Central Bank of Nigeria,circulars,FOREIGN EXCHANGE MARKET (WDAS) AUCTION NO. 077/2011,,"FMD/FED/CIR/GEN/01/077/11, FOREIGN EXCHANGE MARKET (WDAS) AUCTION NO. 077/2011, 3000 XTRA",FMD/FED/CIR/GEN/01/077/11,https://www.cbn.gov.ng/out/2011/circulars/fmd/auction notice 7720110001.pdf,482582,415
2011-10-17,Central Bank of Nigeria,circulars,Request for Information on Petroleum Products Importation for the Period 2008 to Date,,"Authorised Dealers are to submit the above information urgently before wednesday 19th October, 2011",TED.FEM.FPC.GEN.01.022,https://www.cbn.gov.ng/out/2011/circulars/ted/ted.fem.fpc.gen.01.022.pdf,619894,416
2011-10-19,Central Bank of Nigeria,circulars,FOREIGN EXCHANGE MARKET (WDAS) AUCTION NO. 078/2011 AND FX FORWARD AUCTION NO. 030/2011,,"GMD/FED/CIR/GEN/01/078/11, FOREIGN EXCHANGE MARKET (WDAS) AUCTION NO. 078/2011 AND FX FORWARD AUCTION NO. 030/2011, 3000 XTRA, WDAS-FWD",FMD/FED/CIR/GEN/01/078/11,https://www.cbn.gov.ng/out/2011/circulars/fmd/auction notice 7820110001.pdf,515521,414
2011-10-20,Central Bank of Nigeria,circulars,Guidelines on the Operations of CBN Interventions in the Inter-Bank Market through the Two-Way Quote System,,Guidelines on the Operations of CBN Interventions in the Inter-Bank Market through the Two-Way Quote System,TED.FEM.FPC.GEN.01.025,https://www.cbn.gov.ng/out/2011/circulars/ted/ted.fem.fpc.gen.01.025.pdf,836712,412
2011-10-20,Central Bank of Nigeria,circulars,Re: Reduction of Foreign Exchange Net Open Position (NOP)Limit of Banks,,"Reduction of Net Open Position, 3%",TED.PFO.FPC.GEN.01.024,https://www.cbn.gov.ng/out/2011/circulars/ted/ted.pfo.fpc.gen.01.024.pdf,203538,413
2011-10-24,Central Bank of Nigeria,circulars,FOREIGN EXCHANGE MARKET (WDAS) ACTION NO. 079/2011,,"FMD/FED/CIR/GEN/01/079/11, FOREIGN EXCHANGE MARKET (WDAS) ACTION NO. 079/2011, 3000 XTRA",FMD/FED/CIR/GEN/01/079/11,https://www.cbn.gov.ng/out/2011/circulars/fmd/auction notice 7920110001.pdf,587508,411
2011-10-25,Central Bank of Nigeria,circulars,Circular on Accreditation and Re-Accreditation of Cheque Printers,,,BPS/DIR/CIR/01/012,https://www.cbn.gov.ng/out/2011/circulars/bspd/circulars on accreditation and re-accreditation of cheque printers.pdf,1486551,410
2011-10-26,Central Bank of Nigeria,circulars,FOREIGN EXCHANGE MARKET (WDAS) AUCTION NO. 080/2011 AND FX FORWARD AUCTION NO. 031/2011,,"FMD/FED/CIR/GEN/01/080/11, FOREIGN EXCHANGE MARKET (WDAS) AUCTION NO. 080/2011 AND FX FORWARD AUCTION NO. 031/2011, 3000 XTRA",FMD/FED/CIR/GEN/01/080/11,https://www.cbn.gov.ng/out/2011/circulars/fmd/auction notice 8020110001.pdf,645083,409
2011-10-31,Central Bank of Nigeria,circulars,FOREIGN EXCHANGE MARKET (WDAS) AUCTION NO. 081/2011,,"FMD/FED/CIR/GEN/01/081/11, FOREIGN EXCHANGE MARKET (WDAS) AUCTION NO. 081/2011, 3000 XTRA",FMD/FED/CIR/GEN/01/081/11,https://www.cbn.gov.ng/out/2011/circulars/fmd/auction no[1]. 8120110001.pdf,585637,408
2011-11-01,Central Bank of Nigeria,circulars,Revised Guidelines for Primary Mortgage Banks in Nigeria,Revised Guidelines for Primary Mortgage Banks in Nigeria,"Revised,guideline,primary,mortgage,banks,Nigeria,central,ofisd,OFISD,supervisory,licence,prudential,requirements,real,estate,financing,activities,permissible,returns,rendition,monthly,quarterly,aml,audited,accounts,disclosure,compliance,report,commencement,financials,operating,ratios,statutory,reserves,directors,management,shareholders,appointees,ownership,questionnaire,prohibitions,approved,person,regime,OKL,uniform,underwriting,standards,external,auditors,NHF,fund,relocation",OFI/DIR/GEN/05/002,https://www.cbn.gov.ng/Out/2013/OFISD/Revised Guidelines for Primary Mortgage Banks in Nigeria.pdf,428750,3286
2011-11-02,Central Bank of Nigeria,circulars,FOREIGN EXCHANGE MARKET (WDAS) AUCTION NO. 082/2011 AND FX FORWARD AUCTION NO. 032/2011,,"FMD/FED/CIR/GEN/01/082/11, FOREIGN EXCHANGE MARKET (WDAS) AUCTION NO. 082/2011 AND FX FORWARD AUCTION NO. 032/2011, 3000 XTRA",FMD/FED/CIR/GEN/01/082/11,https://www.cbn.gov.ng/out/2011/circulars/fmd/auction no. 8220110001.pdf,669133,407
2011-11-04,Central Bank of Nigeria,circulars,"Circular to all DMBs,IADs, CIT Companies and switches",,"circular to all DMBs,IADs, CIT Companies and switches",BPSD/DIR/CIR/01/011,"https://www.cbn.gov.ng/out/2011/circulars/bspd/circular to all DMBs,IADs, CIT Companies and switches.pdf",,405
2011-11-04,Central Bank of Nigeria,circulars,Year 2011 Christian Pilgrimage Purchase of Pilgrims Travelling Allowance,,The FG has approve commencement of 2011 pilgrimage to Israel and Rome from 5th November 2011 with purchasePTA of  $750 and $1000 maximum.,TED.FEM.FPC.GEN.01.026,https://www.cbn.gov.ng/out/2011/circulars/ted/ted.fem.fpc.gen.01.026.pdf,639350,406
2011-11-09,Central Bank of Nigeria,circulars,FOREIGN EXCHANGE MARKET (WDAS) AUCTION NO. 083/2011 AND FX FORWARD AUCTION NO. 033/2011,,"FMD/FED/CIR/GEN/01/083/11, FOREIGN EXCHANGE MARKET (WDAS) AUCTION NO. 083/2011 AND FX FORWARD AUCTION NO. 033/2011, 3000 XTRA",FMD/FED/CIR/GEN/01/083/11,https://www.cbn.gov.ng/out/2011/circulars/fmd/wdas notice no83 wdas-fwds no330001.pdf,536353,404
2011-11-10,Central Bank of Nigeria,circulars,ACTIVITIES OF THE N200 BILLION COMMERCIAL AGRICULTURAL SCHEMES (CACS) FOR THE MONTH OF 0CTOBER 2011,,"CACS 10, 2011",CACS 10-2011,https://www.cbn.gov.ng/out/2011/circulars/dfd/cacs october 2011 report.pdf,503470,403
2011-11-10,Central Bank of Nigeria,circulars,"REPORT ON THE ACTIVITIES OF THE N200 BILLION COMMERCIAL AGRICULTURAL SCHEMES (CACS) FOR THE MONTH OF SEPTEMBER, 2011",,CACS SEPTEMBER 2011,CACS 09-2011,https://www.cbn.gov.ng/out/2011/circulars/dfd/cacs september 2011.pdf,596366,402
2011-11-11,Central Bank of Nigeria,circulars,Year 2011 Christian Pilgrimage Purchase of Pilgrims Travelling Allowance,,Additional list to year 2011 christian Pilgrimage Purchase of PTA,TED.FEM.FPC.GEN.01.027,https://www.cbn.gov.ng/out/2011/circulars/ted/ted.fem.fpc.gen.01.027.pdf,316836,401
2011-11-14,Central Bank of Nigeria,circulars,FOREIGN EXCHANGE MARKET (WDAS) AUCTION NO. 084/2011,,"FMD/FED/CIR/GEN/01/084/11, FOREIGN EXCHANGE MARKET (WDAS) AUCTION NO. 084/2011, 3000 XTRA",FMD/FED/CIR/GEN/01/084/11,https://www.cbn.gov.ng/out/2011/circulars/fmd/wdas auction no. 084 20110001.pdf,573319,400
2011-11-15,Central Bank of Nigeria,circulars,Re: Year 2011 Christian Pilgrimage Purchase of Pilgrims Travelling Allowance,,Amendment of purchase of lagos pilgrims from Oceanic Bank to UBA and increased of Borno pilgrims from 244 to 296 to be noted by the public,TED.FEM.FPC.GEN.01.028,https://www.cbn.gov.ng/out/2011/circulars/ted/ted.fem.fpc.gen.01.028.pdf,229993,399
2011-11-16,Central Bank of Nigeria,circulars,FOREIGN EXCHANGE MARKET (WDAS) AUCTION NO. 085/2011 AND FX FORWARD AUCTION NO. 034/2011,,"FMD/FED/CIR/GEN/01/085/11, FOREIGN EXCHANGE MARKET (WDAS) AUCTION NO. 085/2011 AND FX FORWARD AUCTION NO. 034/2011, 3000 XTRA",FMD/FED/CIR/GEN/01/085/11,https://www.cbn.gov.ng/out/2011/circulars/fmd/wdas0850001.pdf,1321615,398
2011-11-18,Central Bank of Nigeria,circulars,Year 2011 Christian Pilgrimage Purchase of Pilgrims Travelling Allowance,,undate on the above circular,TED.FEM.FPC.GEN.01.029,https://www.cbn.gov.ng/out/2011/circulars/ted/ted.fem.fpc.gen.01.029.pdf,226757,397
2011-11-21,Central Bank of Nigeria,circulars,FOREIGN EXCHANGE MARKET (WDAS) AUCTION NO. 086/2011,,"FMD/FED/CIR/GEN/01/086/11, FOREIGN EXCHANGE MARKET (WDAS) AUCTION NO. 086/2011, 3000 XTRA",FMD/FED/CIR/GEN/01/086/11,https://www.cbn.gov.ng/out/2011/circulars/fmd/auction no 086 20110001.pdf,588665,395
2011-11-21,Central Bank of Nigeria,circulars,GUIDELINES FOR CHEQUE TRUNCATION IN NIGERIA,,GUIDELINES FOR CHEQUE TRUNCATION IN NIGERIA,BPS/DIR/GEN/CIR/002/015,https://www.cbn.gov.ng/out/2011/circulars/bspd/guidelines for cheque truncation in nigeria version 0 3 - october 26 2011.pdf,586362,396
2011-11-23,Central Bank of Nigeria,circulars,FOREIGN EXCHANGE MARKET (WDAS) AUCTION NO. 087/2011 AND FX FORWARD AUCTION NO. 035/2011,,"FMD/FED/CIR/GEN/01/087/11, FOREIGN EXCHANGE MARKET (WDAS) AUCTION NO. 087/2011 AND FX FORWARD AUCTION NO. 035/2011, 3000 XTRA",FMD/FED/CIR/GEN/01/087/11,https://www.cbn.gov.ng/out/2011/circulars/fmd/wdas 870001.pdf,512494,394
2011-11-23,Central Bank of Nigeria,circulars,Year 2011 Christian Pilgrimage Purchase of Pilgrims Travelling Allowance,,Authorised Dealers compily accordingly,TED.FEM.FPC.GEN.01.030,https://www.cbn.gov.ng/out/2011/circulars/ted/ted.fem.fpc.gen.01.030.pdf,325540,393
2011-11-24,Central Bank of Nigeria,circulars,Year 2011 Christian Pilgrimage Purchase of Pilgrims Travelling Allowance,,Authorised Dealers note the above and compliy accordingly,TED.FEM.FPC.GEN.01.031,https://www.cbn.gov.ng/out/2011/circulars/ted/ted.fem.fpc.gen.01.031.pdf,235898,392
2011-11-25,Central Bank of Nigeria,circulars,Penalty for non-compliance with NIBSS format for sending settlement report,,Penalty for non-compliance with NIBSS format for sending settlement report,BPS/DIR/CIR/GEN/02/031,https://www.cbn.gov.ng/out/2011/circulars/bspd/pspo document0001.pdf,535647,391
2011-11-28,Central Bank of Nigeria,circulars,FOREIGN EXCHANGE MARKET (WDAS) AUCTION NO. 088/2011.,,"FMD/FED/CIR/GEN/01/088/11, FOREIGN EXCHANGE MARKET (WDAS) AUCTION NO. 088/2011.",FMD/FED/CIR/GEN/01/088/11,https://www.cbn.gov.ng/out/2011/circulars/fmd/auction no 88-20110001.pdf,527751,390
2011-11-30,Central Bank of Nigeria,circulars,FOREIGN EXCHANGE MARKET (WDAS) AUCTION NO.89/2011,,"FMD/FED/CIR/GEN/01/089/11, FOREIGN EXCHANGE MARKET (WDAS) AUCTION NO. 089/2011.AG:DIRECTOR, FINANCIAL MARKETS DEPT, ABUJA.",FMD/FED/CIR/GEN/01/089/11,https://www.cbn.gov.ng/out/2011/circulars/fmd/auction notice 8920110001 (2).pdf,447941,388
2011-11-30,Central Bank of Nigeria,circulars,Year 2011 Christian Pilgrimage Purchase of Pilgrims Travelling Allowance,,Authorised Dealer see above topic and compily accordingly,TED.FEM.FPC.GEN.01.032,https://www.cbn.gov.ng/out/2011/circulars/ted/ted.fem.fpc.gen.01.032.pdf,222520,389
2011-12-05,Central Bank of Nigeria,circulars,FOREIGN EXCHANGE MARKET (WDAS) AUCTION NO. 090/2011,,"FMD/FED/CIR/GEN/01/090/11, FOREIGN EXCHANGE MARKET (WDAS) AUCTION NO. 090/2011, 3000 XTRA",FMD/FED/CIR/GEN/01/090/11,https://www.cbn.gov.ng/out/2011/circulars/fmd/auction notice 9020110001.pdf,538275,387
2011-12-07,Central Bank of Nigeria,circulars,FOREIGN EXCHANGE MARKET (WDAS) AUCTION NO. 091/2011,,"FMD/FED/CIR/GEN/01/091/11, FOREIGN EXCHANGE MARKET (WDAS) AUCTION NO. 091/2011, 3000 XTRA, CIRCULAR",FMD/FED/CIR/GEN/01/091/11,https://www.cbn.gov.ng/out/2011/circulars/fmd/auction notice 9120110001.pdf,447419,386
2011-12-08,Central Bank of Nigeria,circulars,Year 2011 Christian Pilgrimage Purchase of Pilgrims Travelling Allowance,,Year 2011 Christian Pilgrimage Purchase of Pilgrims Travelling Allowance,TED.FEM.FPC.GEM.01.033,https://www.cbn.gov.ng/out/2011/circulars/ted/ted.fem.fpc.gen.01.033.2011.pdf,242824,385
2011-12-14,Central Bank of Nigeria,circulars,FOREIGN EXCHANGE MARKET (WDAS) AUCTION NO. 093/2011 AND FX FORWARD AUCTION NO. 036/2011,,"FMD/FED/CIR/GEN/01/093/11, FOREIGN EXCHANGE MARKET (WDAS) AUCTION NO. 093/2011 AND FX FORWARD AUCTION NO. 036/2011, 3000 XTRA",FMD/FED/CIR/GEN/01/093/11,https://www.cbn.gov.ng/out/2011/circulars/fmd/auction notice 9320110001.pdf,518854,384
2011-12-15,Central Bank of Nigeria,circulars,Year 2011 Christian Pilgrimage Purchase of Pilgrims Travelling Allowance  ,,Year 2011 Christian Pilgrimage Purchase of Pilgrims Travelling Allowance  ,TED.FEM.FPC.GEM.01.034,https://www.cbn.gov.ng/out/2011/circulars/ted/ted.fem.fpc.gen.01.034.pdf,213967,383
2011-12-19,Central Bank of Nigeria,circulars,FOREIGN EXCHANGE MARKET (WDAS) AUCTION NO. 094/2011,,"FMD/FED/CIR/GEN/01/094/11, FOREIGN EXCHANGE MARKET (WDAS) AUCTION NO. 094/2011, 3000 XTRA",FMD/FED/CIR/GEN/01/094/11,https://www.cbn.gov.ng/out/2011/circulars/fmd/auction notice 9420110001.pdf,443215,382
2011-12-21,Central Bank of Nigeria,circulars,FOREIGN EXCHANGE MARKET (WDAS) AUCTION NO. 095/2011,,"FMD/FED/CIR/GEN/01/095/11, FOREIGN EXCHANGE MARKET (WDAS) AUCTION NO. 095/2011, 3000 XTRA",FMD/FED/CIR/GEN/01/095/11,https://www.cbn.gov.ng/out/2011/circulars/fmd/auction notice 9520110001.pdf,519411,381
2011-12-22,Central Bank of Nigeria,circulars,Circular to All Mobile Scheme Operators,,It has come to the attention of the Management of the Central Bank of Nigeria that Mobile Network Operators (Telecommunication Companies) have been carrying out public media advertisement on behalf of Mobile Payments Sceheme Operators thereby sending wrong signals to the public as well as causing disaffection among the Scheme Operators. This is totally unacceptable,BPS/PSP/GEN/CIR/02/004,https://www.cbn.gov.ng/out/2011/circulars/bspd/circular to all mobile scheme operators.pdf,717263,380
2011-12-23,Central Bank of Nigeria,circulars,Year 2011 Christian Pilgrimage Purchase of Pilgrims Travelling Allowance,,same as above,TED.FEM.FPC.GEN.01.035,https://www.cbn.gov.ng/out/2011/circulars/ted/ted.fem.fpc.gen.01.035.pdf,223013,379
2011-12-30,Central Bank of Nigeria,circulars,Definition And Structure Of Holding Companies In Pursuance Of The New Banking Model,,"FPR, CBN, Regulation, Regulation3, Banking Model, Holding Company, Holdco",FPR/DIR/CIR/GEN/01/024,https://www.cbn.gov.ng/out/2011/circulars/gov/holdco circular.pdf,380395,378
2012-01-03,Central Bank of Nigeria,circulars,Revised Regulatory and Supervisory Guidelines For Microfinance Banks (MFBs) In Nigeria,,"MFB, Guideline",BSD/GL/MFBs/2013,https://www.cbn.gov.ng/Out/2013/CCD/Amended Regulatory and Supervisory Guidelines for MFB.pdf,533818,3208
2012-01-04,Central Bank of Nigeria,circulars,FOREIGN EXCHANGE MARKET (WDAS) AUCTION NO. 01/2012,,"FMD/FED/CIR/GEN/01/01/12, FOREIGN EXCHANGE MARKET (WDAS) AUCTION NO. 01/2012, 3000 XTRA, REUTERS DEALING",FMD/FED/CIR/GEN/01/01/12,https://www.cbn.gov.ng/out/2012/circulars/fmd/auction notice 01120001.pdf,441037,377
2012-01-06,Central Bank of Nigeria,circulars,Circular to all Deposit Money Banks,,,BPS/DIR/GEN/CIR/01/015,https://www.cbn.gov.ng/out/2012/circulars/bspd/circular to all deposit money banks.pdf,585628,376
2012-01-09,Central Bank of Nigeria,circulars,FOREIGN EXCHANGE MARKET (WDAS) AUCTION NO. 02/2012,,"FMD/FED/CIR/GEN/01/02/12, FOREIGN EXCHANGE MARKET (WDAS) AUCTION NO. 02/2012, 3000 XTRA",FMD/FED/CIR/GEN/01/02/12,https://www.cbn.gov.ng/out/2012/circulars/fmd/fx market  auction no.02 20120001.pdf,458859,375
2012-01-11,Central Bank of Nigeria,circulars,FOREIGN EXCHANGE MARKET (WDAS) AUCTION NO. 03/2012,,"FMD/FED/CIR/GEN/01/03/12,FOREIGN EXCHANGE MARKET (WDAS) AUCTION NO. 03/2012, 3000 XTRA",FMD/FED/CIR/GEN/01/03/12,https://www.cbn.gov.ng/out/2012/circulars/fmd/auction notice 0320120001.pdf,558182,373
2012-01-11,Central Bank of Nigeria,circulars,Year 2011 Christian Pilgrimage purchase of Pilgrims Travelling Allowance,,Year 2011 Christian Pilgrimage purchase of Pilgrims Travelling Allowance,TED.FEM.FPC.GEM.01.001,https://www.cbn.gov.ng/out/2012/circulars/ted/ted.fem.fpc.gen.01.001.2012.pdf,243947,374
2012-01-16,Central Bank of Nigeria,circulars,FOREIGN EXCHANGE MARKET (WDAS) AUCTION NO. 04/2012,,"FMD/FED/CIR/GEN/01/04/12, FOREIGN EXCHANGE MARKET (WDAS) AUCTION NO. 04/2012, 3000 XTRA",FMD/FED/CIR/GEN/01/04/12,https://www.cbn.gov.ng/out/2012/circulars/fmd/auction notice 04.pdf,539771,372
2012-01-18,Central Bank of Nigeria,circulars,FOREIGN EXCHANGE MARKET (WDAS) AUCTION NO. 05/2012,,"FMD/FED/CIR/GEN/01/0512, FOREIGN EXCHANGE MARKET (WDAS) AUCTION NO. 05/2012, 3000 XTRA, REUTERS",FMD/FED/CIR/GEN/01/0512,https://www.cbn.gov.ng/out/2012/circulars/fmd/auction  no. 05.pdf,543519,371
2012-01-19,Central Bank of Nigeria,circulars,Year 2011 Christian Pilgrimage Purchase of Pilgrims Travelling Allowance,,Year 2011 Christian Pilgrimage Purchase of Pilgrims Travelling Allowance,TED.FEM.FPC.GEM.01.002,https://www.cbn.gov.ng/out/2012/circulars/ted/ted.fem.fpc.gen.01.002.2012.pdf,205902,370
2012-01-20,Central Bank of Nigeria,circulars,Connectivity Between CBN and External Stakeholders,,Connectivity Between CBN and External Stakeholders,TED.FEM.FPC.GEM.01.003,https://www.cbn.gov.ng/out/2012/circulars/ted/ted.fem.fpc.gen.01.003.2012.pdf,1668185,368
2012-01-20,Central Bank of Nigeria,circulars,RE: Request for Information on Petroleum Products Importation for the Period 2006 and 2007,,RE: Request for Information on Petroleum Products Importation for the Period 2006 and 2007,TED.FEM.FPC.GEM.01.004,https://www.cbn.gov.ng/out/2012/circulars/ted/ted.fem.fpc.gen.01.004.2012.pdf,702369,369
2012-01-23,Central Bank of Nigeria,circulars,FOREIGN EXCHANGE MARKET (WDAS) AUCTION NO. 06/2012,,"FMD/FED/CIR/GEN/01/06/12, FOREIGN EXCHANGE MARKET (WDAS) AUCTION NO. 06/2012, 3000 XTRA, REUTERS",FMD/FED/CIR/GEN/01/06/12,https://www.cbn.gov.ng/out/2012/circulars/fmd/auction no. 620120001.pdf,551183,367
2012-01-24,Central Bank of Nigeria,circulars,"Circular to Other Financial Institutions - Primary Mortgage Institutions, Microfinance Banks and Finance Companies",,"circulars, cbn, other financial Institutions, Microfinance, banks, accounting year-end, cama,bsd",FPR/DIR/CIR/GEN/01/022,"https://www.cbn.gov.ng/out/2012/circulars/gov/circular to other financial institutions (primary mortgage institutions, microfinance banks and finance companies).pdf",283033,366
2012-01-25,Central Bank of Nigeria,circulars,FOREIGN EXCHANGE MARKET (WDAS) AUCTION NO. 07/2012 AND FX FORWARD AUCTION NO. 01/2012,,"FMD/FED/CIR/GEN/01/07/12, FOREIGN EXCHANGE MARKET (WDAS) AUCTION NO. 07/2012 AND FX FORWARD AUCTION NO. 01/2012, REUTERS 3000 XTRA",FMD/FED/CIR/GEN/01/07/12,https://www.cbn.gov.ng/out/2012/circulars/fmd/forwards auction notice 720120001.pdf,619701,365
2012-02-01,Central Bank of Nigeria,circulars,FOREIGN EXCHANGE MARKET (WDAS) AUCTION NO. 09/2012 AND FX FORWARD AUCTION NO. 02/2012 ,,"FMD/FED/CIR/GEN/01/09/12, FOREIGN EXCHANGE MARKET (WDAS) AUCTION NO. 09/2012 AND FX FORWARD AUCTION NO. 02/2012 , 3000 XTRA, REUTERS",FMD/FED/CIR/GEN/01/09/12,https://www.cbn.gov.ng/out/2012/circulars/fmd/auction 09 20120001.pdf,616683,364
2012-02-08,Central Bank of Nigeria,circulars,FOREIGN EXCHANGE MARKET (WDAS) AUCTION NO. 10/2012,,"FMD/FED/CIR/GEN/01/10/12, FOREIGN EXCHANGE MARKET (WDAS) AUCTION NO. 10/2012",FMD/FED/CIR/GEN/01/10/12,https://www.cbn.gov.ng/out/2012/circulars/fmd/auction notice 1020120001.pdf,530148,363
2012-02-13,Central Bank of Nigeria,circulars,FOREIGN EXCHANGE MARKET (WDAS) AUCTION NO. 11/2012.,,"FMD/FED/CIR/GEN/01/11/12, FOREIGN EXCHANGE MARKET (WDAS) AUCTION NO. 11/2012, 3000 XTRA, REUTERS",FMD/FED/CIR/GEN/01/11/12,https://www.cbn.gov.ng/out/2012/circulars/fmd/auction notice 1120120001.pdf,519051,362
2012-02-15,Central Bank of Nigeria,circulars,FOREIGN EXCHANGE MARKET (WDAS) AUCTION NO. 12/2012 ,,"FMD/FED/CIR/GEN/01/09/12, FOREIGN EXCHANGE MARKET (WDAS) AUCTION NO. 12/2012 AND FX FORWARD AUCTION NO. 03/2012 , 3000 XTRA, REUTERS",FMD/FED/CIR/GEN/01/12/12,https://www.cbn.gov.ng/out/2012/circulars/fmd/auction notice 1220120001.pdf,505801,361
2012-02-16,Central Bank of Nigeria,circulars,Activities of the =N=200bn Commercial Agriculture Credit Scheme (CACS) for December 2011,,CACS Report December 2011,CACS 12-2011,https://www.cbn.gov.ng/out/2012/circulars/dfd/cacs december 2011.pdf,530113,360
2012-02-20,Central Bank of Nigeria,circulars,FOREIGN EXCHANGE MARKET (WDAS) AUCTION NO. 13/2012.,,"FOREIGN EXCHANGE MARKET (WDAS) AUCTION NO. 13/2012, 3000 XTRA, REUTERS",FMD/FED/CIR/GEN/01/13/12,https://www.cbn.gov.ng/out/2012/circulars/fmd/auction notice 1320120001.pdf,532571,358
2012-02-20,Central Bank of Nigeria,circulars,Non Compliance With CBN Circular on ATM Deployment,,,BPS/DIR/CIR/GEN/03/001,https://www.cbn.gov.ng/out/2012/circulars/bspd/circular on atm deployment.pdf,517082,359
2012-02-21,Central Bank of Nigeria,circulars,Fiscal Policy Measures 2012,,"Fiscal Policy, exchange, CBN, Economic",TED/FEM/FPC/GEN/01/005,https://www.cbn.gov.ng/out/2012/circulars/gov/ted-fem-fpc-gen-01-005.pdf,366542,357
2012-02-22,Central Bank of Nigeria,circulars,FOREIGN EXCHANGE MARKET (WDAS) AUCTION NO. 14/2012,,"FMD/FED/CIR/GEN/01/14/12, FOREIGN EXCHANGE MARKET (WDAS) AUCTION NO. 14/2012, 3000 XTRA",FMD/FED/CIR/GEN/01/14/12,https://www.cbn.gov.ng/out/2012/circulars/fmd/auction notice 1420120001.pdf,529209,356
2012-02-27,Central Bank of Nigeria,circulars,FOREIGN EXCHANGE MARKET (WDAS) AUCTION NO. 15/2012,,"FMD/FED/CIR/GEN/01/15/12, FOREIGN EXCHANGE MARKET (WDAS) AUCTION NO. 15/2012, 3000 XTRA",FMD/FED/CIR/GEN/01/15/12,https://www.cbn.gov.ng/out/2012/circulars/fmd/auction notice 1520120002.pdf,533281,355
2012-02-29,Central Bank of Nigeria,circulars,FOREIGN EXCHANGE MARKET (WDAS) AUCTION NO. 16/2012 AND FX FORWARD AUCTION NO. 04/2012,,"FMD/FED/CIR/GEN/01/16/12, FOREIGN EXCHANGE MARKET (WDAS) AUCTION NO. 16/2012 AND FX FORWARD AUCTION NO. 04/2012, 3000 XTRA",FMD/FED/CIR/GEN/01/16/12,https://www.cbn.gov.ng/out/2012/circulars/fmd/auction notice 1620120001.pdf,615376,354
2012-03-01,Central Bank of Nigeria,circulars,Circular on Cash Withdrawal Limit for Primary Mortgage Institutions and Microfinance Banks.,,,BPS/DIR/GEN/CIR/01/002,https://www.cbn.gov.ng/out/2012/circulars/bspd/circular on cash withdrawal limit.pdf,551201,353
2012-03-05,Central Bank of Nigeria,circulars,FOREIGN EXCHANGE MARKET (WDAS) AUCTION NO. 17/2012,,"FMD/FED/CIR/GEN/01/17/12, FOREIGN EXCHANGE MARKET (WDAS) AUCTION NO. 17/2012, REUTERS 3000 XTRA",FMD/FED/CIR/GEN/01/17/12,https://www.cbn.gov.ng/out/2012/circulars/fmd/auction notice 1720120001.pdf,534466,352
2012-03-07,Central Bank of Nigeria,circulars,FOREIGN EXCHANGE MARKET (WDAS) AUCTION NO. 18/2012 AND FX FORWARD AUCTION NO. 05/2012,,"FMD/FED/CIR/GEN/01/18/12, FOREIGN EXCHANGE MARKET (WDAS) AUCTION NO. 18/2012 AND FX FORWARD AUCTION NO. 05/2012, 3000 XTRA, REUTERS",FMD/FED/CIR/GEN/01/18/12,https://www.cbn.gov.ng/out/2012/circulars/fmd/auction notice 1820120001.pdf,529072,351
2012-03-12,Central Bank of Nigeria,circulars,FOREIGN EXCHANGE MARKET (WDAS) AUCTION NO. 19/2012,,"FMD/FED/CIR/GEN/01/19/12, FOREIGN EXCHANGE MARKET (WDAS) AUCTION NO. 19/2012, REUTERS 3000 XTRA",FMD/FED/CIR/GEN/01/19/12,https://www.cbn.gov.ng/out/2012/circulars/fmd/auction notice 1920120001.pdf,538496,350
2012-03-15,Central Bank of Nigeria,circulars,Foreign Exchange Cash Sales to Licenced BDCs By the CBN,,Foreign Exchange Cash Sales to Licenced BDCs By the CBN,TED.FEM.FPC.GEN.01.007.2012,https://www.cbn.gov.ng/out/2012/circulars/ted/ted.fem.fpc.gen.01.007.2012.pdf,185127,348
2012-03-15,Central Bank of Nigeria,circulars,Request for Information/Data on Letters of Credit-Petroleum Products Importation for the Period 2006-2011,,Request for Information/Data on Letters of Credit-Petroleum Products Importation for the Period 2006-2011,TED.FEM.FPC.GEN.01.006.2012,https://www.cbn.gov.ng/out/2012/circulars/ted/ted.fem.fpc.gen.01.006.2012.pdf,510740,349
2012-03-16,Central Bank of Nigeria,circulars,Industry Policy on Retail Cash Collection and Lodgement.,,,BPS/DIR/GEN/CIR/01/003,https://www.cbn.gov.ng/out/2012/circulars/bspd/industry policy on retail cash collection and lodgement.pdf,1143398,347
2012-03-19,Central Bank of Nigeria,circulars,FOREIGN EXCHANGE MARKET (WDAS) AUCTION NO. 21/2012,,"FMD/FED/CIR/GEN/01/21/12, FOREIGN EXCHANGE MARKET (WDAS) AUCTION NO. 21/2012, 3000 XTRA",FMD/FED/CIR/GEN/01/21/12,https://www.cbn.gov.ng/out/2012/circulars/fmd/auction notice 2120120001.pdf,520177,346
2012-03-20,Central Bank of Nigeria,circulars,Year 2011 Christian Pilgrimage - Purchase of Pilgrims Travelling Allowance,,Year 2011 Christian Pilgrimage - Purchase of Pilgrims Travelling Allowance,TED.FEM.FPC.GEN.01.008.2012,https://www.cbn.gov.ng/out/2012/circulars/ted/ted.fem.fpc.gen.01.008.2012.pdf,196070,345
2012-03-21,Central Bank of Nigeria,circulars,FOREIGN EXCHANGE MARKET (WDAS) AUCTION NO. 22/2012 AND FX FORWARD AUCTION NO. 05/2012,,"FMD/FED/CIR/GEN/01/22/12, FOREIGN EXCHANGE MARKET (WDAS) AUCTION NO. 22/2012 AND FX FORWARD AUCTION NO. 05/2012, 3000 XTRA",FMD/FED/CIR/GEN/01/22/12,https://www.cbn.gov.ng/out/2012/circulars/fmd/fx fwd auction no. 2220120001.pdf,528907,344
2012-03-26,Central Bank of Nigeria,circulars,FOREIGN EXCHANGE MARKET (WDAS) auction no. 23/2012,,"FMD/FED/CIR/GEN/01/23/12, FOREIGN EXCHANGE MARKET (WDAS) auction no. 23/2012, 3000 XTRA",FMD/FED/CIR/GEN/01/23/12,https://www.cbn.gov.ng/out/2012/circulars/fmd/auction notice 2320120001.pdf,540322,343
2012-03-27,Central Bank of Nigeria,circulars,Industry Policy on Retail Cash Collection and Lodgement as it Affects Specialized International Institutions,,,BPS/DIR/GEN/CIR/01/004,https://www.cbn.gov.ng/out/2012/circulars/bspd/circular0001.pdf,581535,342
2012-03-28,Central Bank of Nigeria,circulars,FOREIGN EXCHANGE MARKET (WDAS) AUCTION NO. 24/2012 AND FX FORWARD AUCTION NO. 06/2012,,"FMD/FED/CIR/GEN/01/24/12, FOREIGN EXCHANGE MARKET (WDAS) AUCTION NO. 24/2012 AND FX FORWARD AUCTION NO. 06/2012, 3000 XTRA",FMD/FED/CIR/GEN/01/24/12,https://www.cbn.gov.ng/out/2012/circulars/fmd/fwd auction no. 620120001.pdf,624126,341
2012-03-29,Central Bank of Nigeria,circulars,Nigeria Treasury Bills Issue Programme Second Quarter 2012,,"Nigeria Treasury Bills Issue Programme Second Quarter 2012, Director, Financial Market, Abuja, Head, Government Security Office, Abuja.",FMD/GSO/NTB/IP/QTR2/2012,https://www.cbn.gov.ng/out/2012/circulars/fmd/ntb issue program 2nd qtr 20120001.pdf,357636,340
2012-04-02,Central Bank of Nigeria,circulars,FOREIGN EXCHANGE MARKET (WDAS) AUCTION NO. 25/2012,,"FMD/FED/CIR/GEN/01/25/12, FOREIGN EXCHANGE MARKET (WDAS) AUCTION NO. 25/2012, 3000 XTRA",FMD/FED/CIR/GEN/01/25/12,https://www.cbn.gov.ng/out/2012/circulars/fmd/auction notice 2520120001.pdf,536021,338
2012-04-02,Central Bank of Nigeria,circulars,Guideliness for the Conduct of Repurchase Transactions under CBN Standing Facilities,,"FMD/DIR/GEN/CIR/03/005, Guideliness for the Conduct of Repurchase Transactions under CBN Standing Facilities, REPO, AMCON",FMD/DIR/GEN/CIR/03/005,https://www.cbn.gov.ng/out/2012/circulars/fmd/repo guidelines.pdf,1304847,337
2012-04-02,Central Bank of Nigeria,circulars,Re: Liberalization of Unconfirmed Letters of Credit,,Re: Liberalization of Unconfirmed Letters of Credit,TED.FEM.FPC.GEN.01.009.2012,https://www.cbn.gov.ng/out/2012/circulars/ted/ted.fem.fpc.gen.01.009.2012.pdf,223128,339
2012-04-04,Central Bank of Nigeria,circulars,FOREIGN EXCHANGE MARKET (WDAS) AUCTION NO. 26/2012 AND FX FORWARD AUCTION NO. 07/2012,,"FMD/FED/CIR/GEN/01/26/12, FOREIGN EXCHANGE MARKET (WDAS) AUCTION NO. 26/2012 AND FX FORWARD AUCTION NO. 07/2012, 3000 XTRA",FMD/FED/CIR/GEN/01/26/12,https://www.cbn.gov.ng/out/2012/circulars/fmd/auction notice 2620120001.pdf,620894,335
2012-04-04,Central Bank of Nigeria,circulars,Guidelines on Cheque Truncation in Nigeria,,Guidelines on Cheque Truncation in Nigeria,BPS/DIR/CIR/GEN/02/06,https://www.cbn.gov.ng/out/2012/circulars/bspd/guidelines for cheque truncation in nigeria  - march 14 2012.pdf,553967,336
2012-04-10,Central Bank of Nigeria,circulars,"Monetary, Credit, Foreign Trade and Exchange Policy Guidelines for Fiscal Year 2012/2013",,CBN; Central Bank of Nigeria; Monetary Policy Circular No. 39; Policy Guidelines; Fiscal Year 2012/2013;,MPCircular-39-2012 ,https://www.cbn.gov.ng/out/2012/circulars/mpd/monetary and credit guidelines final draft 03052012.pdf,1165876,333
2012-04-10,Central Bank of Nigeria,circulars,Request for Information on Wheat Importation for the Period 2009 to Date,,Request for Information on Wheat Importation for the Period 2009 to Date,TED.FEM.FPC.GEN.01.010.2012,https://www.cbn.gov.ng/out/2012/circulars/ted/ted.fem.fpc.gen.01.010.2012.pdf,372607,334
2012-04-11,Central Bank of Nigeria,circulars,FOREIGN EXCHANGE MARKET (WDAS) AUCTION NO. 27/2012 AND FX FORWARD AUCTION NO. 08/2012,,"FMD/FED/CIR/GEN/01/27/12, FOREIGN EXCHANGE MARKET (WDAS) AUCTION NO. 27/2012 AND FX FORWARD AUCTION NO. 08/2012, 3000 XTRA",FMD/FED/CIR/GEN/01/27/12,https://www.cbn.gov.ng/out/2012/circulars/fmd/fwd auction 2720120001.pdf,620775,332
2012-04-16,Central Bank of Nigeria,circulars,FOREIGN EXCHANGE MARKET (WDAS) AUCTION NO. 28/2012,,"FMD/FED/CIR/GEN/01/28/12,FOREIGN EXCHANGE MARKET (WDAS) AUCTION NO. 28/2012, 3000 XTRA",FMD/FED/CIR/GEN/01/28/12,https://www.cbn.gov.ng/out/2012/circulars/fmd/wdas 282012.pdf,432919,331
2012-04-18,Central Bank of Nigeria,circulars,FOREIGN EXCHANGE MARKET (WDAS) AUCTION NO. 29/2012 AND FX FORWARD AUCTION NO. 09/2012,,"FMD/FED/CIR/GEN/01/29/12, FOREIGN EXCHANGE MARKET (WDAS) AUCTION NO. 29/2012 AND FX FORWARD AUCTION NO. 09/2012, 3000 XTRA",FMD/FED/CIR/GEN/01/29/12,https://www.cbn.gov.ng/out/2012/circulars/fmd/fwd auction 2920120001.pdf,624077,330
2012-04-23,Central Bank of Nigeria,circulars,FOREIGN EXCHANGE MARKET (WDAS) AUCTION NO. 30/2012,,"FMD/FED/CIR/GEN/01/30/12, FOREIGN EXCHANGE MARKET (WDAS) AUCTION NO. 30/2012, 3000 XTRA",FMD/FED/CIR/GEN/01/30/12,https://www.cbn.gov.ng/out/2012/circulars/fmd/auction notice 3020120002.pdf,535932,329
2012-04-25,Central Bank of Nigeria,circulars,FOREIGN EXCHANGE MARKET (WDAS) AUCTION NO.31/2012 AND FX FORWARD AUCTION NO. 010/2012,,"FMD/FED/CIR/GEN/01/31/12,FOREIGN EXCHANGE MARKET (WDAS) AUCTION NO.31/2012 AND FX FORWARD AUCTION NO. 010/2012, 3000 XTRA",FMD/FED/CIR/GEN/01/31/12,https://www.cbn.gov.ng/out/2012/circulars/fmd/fwd auction notice 1020120001.pdf,511979,328
2012-04-27,Central Bank of Nigeria,circulars,Request for Information on Foreign Airlines Remittances for the Period 1999 to 2011,,Request for Information on Foreign Airlines Remittances for the period 1999 to 2011,TED.FEM.FPC.GEM.01.011.2012,https://www.cbn.gov.ng/out/2012/circulars/ted/ted.fem.fpc.gen.01.011.2012.pdf,367727,327
2012-04-30,Central Bank of Nigeria,circulars,FOREIGN EXCHANGE MARKET (WDAS) AUCTION NO. 32/2012,,"FMD/FED/CIR/GEN/01/32/12, FOREIGN EXCHANGE MARKET (WDAS) AUCTION NO. 32/2012, 3000 XTRA",FMD/FED/CIR/GEN/01/32/12,https://www.cbn.gov.ng/out/2012/circulars/fmd/auction notice 3202120001.pdf,438302,326
2012-05-02,Central Bank of Nigeria,circulars,FOREIGN EXCHANGE MARKET (WDAS) AUCTION NO. 33/2012 AND FX FORWARD AUCTION NO. 011/2012,,"FMD/FED/CIR/GEN/01/33/12, FOREIGN EXCHANGE MARKET (WDAS) AUCTION NO. 33/2012 AND FX FORWARD AUCTION NO. 011/2012, 3000 XTRA",FMD/FED/CIR/GEN/01/33/12,https://www.cbn.gov.ng/out/2012/circulars/fmd/auction no. 332012 & fx auction no. 1120120001.pdf,639564,325
2012-05-04,Central Bank of Nigeria,circulars,Re: Appointment of Pre-Shipment Inspection Agents and Monitoring Agents for Nigerian Export Supervision Scheme (NESS) and the Review of NESS Levy for Oil and Gas Export,,Re: Appointment of Pre-Shipment Inspection Agents and Monitoring Agents for Nigerian Export Supervision Scheme (NESS) and the Review of NESS Levy for Oil and Gas Export,TED.FEM.FPC.GEN.01.012.2012,https://www.cbn.gov.ng/out/2012/circulars/ted/ted.fem.fpc.gen.01.012.2012.pdf,442289,324
2012-05-07,Central Bank of Nigeria,circulars,FOREIGN EXCHANGE MARKET (WDAS) AUCTION NO. 34/2012,,"FMD/FED/CIR/GEN/01/34/12, FOREIGN EXCHANGE MARKET (WDAS) AUCTION NO. 34/2012, 3000 XTRA",FMD/FED/CIR/GEN/01/34/12,https://www.cbn.gov.ng/out/2012/circulars/fmd/auction notice 3420120001.pdf,438270,323
2012-05-09,Central Bank of Nigeria,circulars,FOREIGN EXCHANGE MARKET (WDAS) AUCTION NO. 35/2012 AND FX FORWARD AUCTION NO. 12/2012,,"FMD/FED/CIR/GEN/01/35/12, FOREIGN EXCHANGE MARKET (WDAS) AUCTION NO. 35/2012 AND FX FORWARD AUCTION NO. 12/2012, 3000 XTRA, WDAS-FWD",FMD/FED/CIR/GEN/01/35/12,https://www.cbn.gov.ng/out/2012/circulars/fmd/auction no. 352012 & fwd auction 1220120001.pdf,513654,322
2012-05-14,Central Bank of Nigeria,circulars,FOREIGN EXCHANGE MARKET (WDAS) AUCTION NO. 36/2012,,"FMD/FED/CIR/GEN/01/36/12, FOREIGN EXCHANGE MARKET (WDAS) AUCTION NO. 36/2012, 3000 XTRA",FMD/FED/CIR/GEN/01/36/12,https://www.cbn.gov.ng/out/2012/circulars/fmd/auction no. 3620120001.pdf,529484,321
2012-05-16,Central Bank of Nigeria,circulars,FOREIGN EXCHANGE MARKET (WDAS) AUCTION NO. 37/2012 AND FX FORWARD AUCTION NO. 013/2012,,"FMD/FED/CIR/GEN/01/37/12, FOREIGN EXCHANGE MARKET (WDAS) AUCTION NO. 37/2012 AND FX FORWARD AUCTION NO. 013/2012, 3000 XTRA",FMD/FED/CIR/GEN/01/37/12,https://www.cbn.gov.ng/out/2012/circulars/fmd/wdas 372012 fwd auction 132012 notice0001.pdf,517311,320
2012-05-18,Central Bank of Nigeria,circulars,Foreign Loan Repayment From The Nigerian Foreign Exchange Market,,Foreign Loan Repayment From The Nigerian Foreign Exchange Market,TED.FEM.FPC.GEM.01.013.2012,https://www.cbn.gov.ng/out/2012/circulars/ted/ted.fem.fpc.gen.01.013.2012.pdf,243177,319
2012-05-21,Central Bank of Nigeria,circulars,FOREIGN EXCHANGE MARKET (WDAS) AUCTION NO. 038/2012,,"FMD/FED/CIR/GEN/01/038/12, FOREIGN EXCHANGE MARKET (WDAS) AUCTION NO. 038/2012, 3000 XTRA",FMD/FED/CIR/GEN/01/038/12,https://www.cbn.gov.ng/out/2012/circulars/fmd/auction no. 3820120001.pdf,530984,318
2012-05-23,Central Bank of Nigeria,circulars,FOREIGN EXCHANGE MARKET (WDAS) AUCTION NO. 39/2012 AND FX FORWARD AUCTION NO. 014/2012,,"FMD/FED/CIR/GEN/01/39/12, FOREIGN EXCHANGE MARKET (WDAS) AUCTION NO. 39/2012 AND FX FORWARD AUCTION NO. 014/2012, REUTERS DEALING 3000 XTRA",FMD/FED/CIR/GEN/01/39/12,https://www.cbn.gov.ng/out/2012/circulars/fmd/wdas auction 392012 fwd auction 1420120001.pdf,614257,316
2012-05-25,Central Bank of Nigeria,circulars,Appointment of deposit moneybanks and discount houses as money market dealers.,,"Adoption of a single-bids auction system at the omo auctions by CBN, director, Financial Markets, Dept",FMD/DIR/GEN/CIR/03/006,https://www.cbn.gov.ng/out/2012/circulars/fmd/appointment of dmbs and disc houses.pdf,528442,315
2012-05-28,Central Bank of Nigeria,circulars,FOREIGN EXCHANGE MARKET (WDAS) AUCTION NO. 40/2012,,"FMD/FED/CIR/GEN/01/40/12, FOREIGN EXCHANGE MARKET (WDAS) AUCTION NO. 40/2012, 3000 XTRA",FMD/FED/CIR/GEN/01/40/12,https://www.cbn.gov.ng/out/2012/circulars/fmd/auction notice. 4020120001.pdf,442921,314
2012-05-30,Central Bank of Nigeria,circulars,FOREIGN EXCHANGE MARKET (WDAS) AUCTION NO. 41/2012,,"FMD/FED/CIR/GEN/01/41/12, FOREIGN EXCHANGE MARKET (WDAS) AUCTION NO. 41/2012, 3000 XTRA",FMD/FED/CIR/GEN/01/41/12,https://www.cbn.gov.ng/out/2012/circulars/fmd/auction no. 4120120001.pdf,530656,313
2012-06-01,Central Bank of Nigeria,circulars,Loans Guaranteed and Fully Repaid under ACGSF April 2012,,Loans Fully Repaid ,ACGSF 04 2012,https://www.cbn.gov.ng/out/2012/circulars/dfd/loans guaranteed  fully repaid april 2012.pdf,283330,312
2012-06-01,Central Bank of Nigeria,circulars,Loans Guaranteed and Fully Repaid under ACGSF February 2012,,Loans Fully Repaid,ACGSF 02 2012,https://www.cbn.gov.ng/out/2012/circulars/dfd/loans guaranteed and fully repaid february 2012.pdf,284292,310
2012-06-01,Central Bank of Nigeria,circulars,Loans Guaranteed and Fully Repaid under ACGSF March 2012,,Loans Fully Repaid,ACGSF 03 2012,https://www.cbn.gov.ng/out/2012/circulars/dfd/loans guaranteed  fully repaid march 2012 (3).pdf,283068,311
2012-06-04,Central Bank of Nigeria,circulars,FOREIGN EXCHANGE MARKET (WDAS) AUCTION NO. 42/2012,,"FMD/FED/CIR/GEN/01/42/12, FOREIGN EXCHANGE MARKET (WDAS) AUCTION NO. 42/2012",FMD/FED/CIR/GEN/01/42/12,https://www.cbn.gov.ng/out/2012/circulars/fmd/4220120001.pdf,540489,309
2012-06-06,Central Bank of Nigeria,circulars,FOREIGN EXCHANGE MARKET (WDAS) AUCTION NO. 43/2012 AND FX FORWARD AUCTION NO. 015/2012,,"FMD/FED/CIR/GEN/01/43/12, FOREIGN EXCHANGE MARKET (WDAS) AUCTION NO. 43/2012 AND FX FORWARD AUCTION NO. 015/2012, 3000 XTRA",FMD/FED/CIR/GEN/01/43/12,https://www.cbn.gov.ng/out/2012/circulars/fmd/wdas notice 432012 and fwd auction 1520120001.pdf,626453,308
2012-06-11,Central Bank of Nigeria,circulars,FOREIGN EXCHANGE MARKET (WDAS) AUCTION NO. 44/2012,,"FMD/FED/CIR/GEN/01/44/12, FOREIGN EXCHANGE MARKET (WDAS) AUCTION NO. 44/2012, 3000 XTRA",FMD/FED/CIR/GEN/01/44/12,https://www.cbn.gov.ng/out/2012/circulars/fmd/auction notice 4420120001.pdf,439340,307
2012-06-13,Central Bank of Nigeria,circulars,FOREIGN EXCHANGE MARKET (WDAS) AUCTION NO. 45/2012,,"FMD/FED/CIR/GEN/01/45/12, FOREIGN EXCHANGE MARKET (WDAS) AUCTION NO. 45/2012, 3000 XTRA",FMD/FED/CIR/GEN/01/45/12,https://www.cbn.gov.ng/out/2012/circulars/fmd/auction no. 4520120001.pdf,509930,304
2012-06-13,Central Bank of Nigeria,circulars,"Nigerian Treasury Bills Issue Programme Third Quarter, 2012",,"FMD/GSO/NTB/IP/QTR3/2012, Nigerian Treasury Bills Issue Programme Third Quarter, 2012",FMD/GSO/NTB/IP/QTR3/2012,https://www.cbn.gov.ng/out/2012/circulars/fmd/ntb 3rd qtr calender0001.pdf,612621,306
2012-06-13,Central Bank of Nigeria,circulars,REFUND OF UN-UTILIZED WDAS FUNDS,,"FMD/FED/CIR/GEN/01/111/12, REFUND OF UN-UTILIZED WDAS FUNDS, AUTHORISED DEALERS",FMD/FED/CIR/GEN/01/111/12,https://www.cbn.gov.ng/out/2012/circulars/fmd/refund of unutilised0001.pdf,468328,305
2012-06-15,Central Bank of Nigeria,circulars,Printing of Security Instruments,,Printing of Security Instruments,BPS/DIR/GEN/CIR/01/007,https://www.cbn.gov.ng/out/2012/circulars/bspd/printing of security instruments.pdf,195574,302
2012-06-15,Central Bank of Nigeria,circulars,"Recall of Circular to all Nigerian Deposit Money Banks, Microfinance Banks and Primary Mortgage Banks on the use of the National Identity Number (NIN) for the ""Know Your Customer"" (KYC) Verification",,"Recall of Circular to all Nigerian Deposit Money Banks, Microfinance Banks and Primary Mortgage Banks on the use of the National Identity Number (NIN) for the ""Know Your Customer"" (KYC) Verification",BPS/DIR/GEN/CIR/01/009,https://www.cbn.gov.ng/out/2012/circulars/bspd/untitled.pdf,154401,303
2012-06-18,Central Bank of Nigeria,circulars,FOREIGN EXCHANGE MARKET (WDAS) AUCTION NO. 46/2012,,"FMD/FED/CIR/GEN/01/46/12, FOREIGN EXCHANGE MARKET (WDAS) AUCTION NO. 46/2012, 3000 XTRA",FMD/FED/CIR/GEN/01/46/12,https://www.cbn.gov.ng/out/2012/circulars/fmd/auction notice 4620120001.pdf,435339,301
2012-06-20,Central Bank of Nigeria,circulars,FOREIGN EXCHANGE MARKET (WDAS) AUCTION NO. 47/2012,,"FMD/FED/CIR/GEN/01/47/12, FOREIGN EXCHANGE MARKET (WDAS) AUCTION NO. 47/2012, 3000 XTRA",FMD/FED/CIR/GEN/01/47/12,https://www.cbn.gov.ng/out/2012/circulars/fmd/auction notice 4720120001.pdf,535493,300
2012-06-22,Central Bank of Nigeria,circulars,Certificate of Capital Importation (CCI) Issuing Process for Inflow in Respect of Securities Lending,,Cerificate of Capital Importation (CCI) Issuing Process for Inflow in Respect of Securities Lending,TED.FEM.FPC.GEM.01.014.2012,https://www.cbn.gov.ng/out/2012/circulars/ted/ted.fem.fpc.gen.01.014.2012.pdf,825019,298
2012-06-22,Central Bank of Nigeria,circulars,Notice of Foreign Exchange Officers' Meeting,,Notice of Foreign Exchange Officers' Meeting,TED.PFO.FPC.GEN.01.015,https://www.cbn.gov.ng/out/2012/circulars/ted/ted fem fpc gen 01 015 2012.pdf,210392,299
2012-06-25,Central Bank of Nigeria,circulars,FOREIGN EXCHANGE MARKET (WDAS) AUCTION NO. 48/2012,,"FMD/FED/CIR/GEN/01/48/12, FOREIGN EXCHANGE MARKET (WDAS) AUCTION NO. 48/2012, 3000 XTRA",FMD/FED/CIR/GEN/01/48/12,https://www.cbn.gov.ng/out/2012/circulars/fmd/auction no. 4820120001.pdf,532705,296
2012-06-27,Central Bank of Nigeria,circulars,Cumulative Funds Disbursed under PAIF as at December 2011,,Cumulative Funds Disbursed,PAIF DEC 2011,https://www.cbn.gov.ng/out/2012/circulars/dfd/cumulative funds disbursed under  paif dec. 2011.pdf,172627,295
2012-06-27,Central Bank of Nigeria,circulars,FOREIGN EXCHANGE MARKET (WDAS) AUCTION NO. 049/2012,,"FMD/FED/CIR/GEN/01/49/12, FOREIGN EXCHANGE MARKET (WDAS) AUCTION NO. 049/2012, 3000 XTRA",FMD/FED/CIR/GEN/01/49/12,https://www.cbn.gov.ng/out/2012/circulars/fmd/auction no. 4920120001.pdf,444460,294
2012-07-02,Central Bank of Nigeria,circulars,FOREIGN EXCHANGE MARKET (WDAS) AUCTION NO. 50/2012,,"FMD/FED/CIR/GEN/01/50/12, FOREIGN EXCHANGE MARKET (WDAS) AUCTION NO. 50/2012, 3000 XTRA",FMD/FED/CIR/GEN/01/50/12,https://www.cbn.gov.ng/out/2012/circulars/fmd/auction no. 5020120001.pdf,524023,292
2012-07-04,Central Bank of Nigeria,circulars,FOREIGN EXCHANGE MARKET (WDAS) AUCTION NO. 51/2012,,"FMD/FED/CIR/GEN/01/51/12, FOREIGN EXCHANGE MARKET (WDAS) AUCTION NO. 51/2012, 3000 XTRA",FMD/FED/CIR/GEN/01/51/12,https://www.cbn.gov.ng/out/2012/circulars/fmd/auction no. 5120120001.pdf,514742,291
2012-07-04,Central Bank of Nigeria,circulars,Foreign Exchange Cash Sales to Licensed Bureax de Change by the CBN,,Foreign Exchange Cash Sales to Licensed Bureax de Change by the CBN,TED.FEM.FPC.GEN.01.017.2012,https://www.cbn.gov.ng/out/2012/circulars/ted/ted.fem.fpc.gen.01.017.2012.pdf,201158,290
2012-07-05,Central Bank of Nigeria,circulars,Utilization of Funds Purchased From CBN (WDAS) Window,,Utilization of Funds Purchased From CBN (WDAS) Window,TED.FEM.FPC.GEN.01.016.2012,https://www.cbn.gov.ng/out/2012/circulars/ted/ted.fem.fpc.gen.01.016.2012.pdf,232040,289
2012-07-09,Central Bank of Nigeria,circulars,FOREIGN EXCHANGE MARKET (WDAS) AUCTION NO. 52/2012.,,"FMD/FED/CIR/GEN/01/52/12, FOREIGN EXCHANGE MARKET (WDAS) AUCTION NO. 52/2012, 3000 XTRA",FMD/FED/CIR/GEN/01/52/12,https://www.cbn.gov.ng/out/2012/circulars/fmd/auction no  5220120001.pdf,520590,286
2012-07-11,Central Bank of Nigeria,circulars,FOREIGN EXCHANGE MARKET (WDAS) AUCTION NO. 53/2012.,,"FOREIGN EXCHANGE MARKET (WDAS) AUCTION NO. 53/2012, 3000 XTRA",FMD/FED/CIR/GEN/01/53/12,https://www.cbn.gov.ng/out/2012/circulars/fmd/auction no  5320120001.pdf,513429,285
2012-07-16,Central Bank of Nigeria,circulars,FOREIGN EXCHANGE MARKET (WDAS) AUCTION NO. 54/2012.,,"FMD/FED/CIR/GEN/01/54/12, FOREIGN EXCHANGE MARKET (WDAS) AUCTION NO. 54/2012, 3000 XTRA",FMD/FED/CIR/GEN/01/54/12,https://www.cbn.gov.ng/out/2012/circulars/fmd/auction no  5420120001.pdf,509906,284
2012-07-18,Central Bank of Nigeria,circulars,FOREIGN EXCHANGE MARKET (WDAS) AUCTION NO. 55/2012.,,"FMD/FED/CIR/GEN/01/55/12, FOREIGN EXCHANGE MARKET (WDAS) AUCTION NO. 55/2012, 3000 XTRA",FMD/FED/CIR/GEN/01/55/12,https://www.cbn.gov.ng/out/2012/circulars/fmd/auction no  5520120001.pdf,525775,282
2012-07-18,Central Bank of Nigeria,circulars,Revised Nigeria Bankers' Clearing House Rules,,Revised Nigeria Bankers' Clearing House Rules,BPS/DIR/GEN/CIR/01/011  ,https://www.cbn.gov.ng/out/2012/circulars/bspd/approved revised clearing house rules.pdf,977401,283
2012-07-23,Central Bank of Nigeria,circulars,FOREIGN EXCHANGE MARKET (WDAS) AUCTION NO. 56/2012.,,"FMD/FED/CIR/GEN/01/56/12, FOREIGN EXCHANGE MARKET (WDAS) AUCTION NO. 56/2012, 3000 XTRA",FMD/FED/CIR/GEN/01/56/12,https://www.cbn.gov.ng/out/2012/circulars/fmd/auction notice 5620120001.pdf,535648,281
2012-07-24,Central Bank of Nigeria,circulars,Reduction of Foreign Exchange Net Open Position (NOP)Limit of Banks,,Reduction of Foreign Exchange Net Open Position (NOP)Limit of Banks,TED.FEM.FPC.GEN.01.018.2012,https://www.cbn.gov.ng/out/2012/circulars/ted/ted.fem.fpc.gen.01.018.2012.pdf,219984,280
2012-07-25,Central Bank of Nigeria,circulars,FOREIGN EXCHANGE MARKET (WDAS) AUCTION NO. 57/2012.,,"FMD/FED/CIR/GEN/01/57/12, FOREIGN EXCHANGE MARKET (WDAS) AUCTION NO. 57/2012, 3000 XTRA",FMD/FED/CIR/GEN/01/57/12,https://www.cbn.gov.ng/out/2012/circulars/fmd/auction no  5720120001.pdf,521529,278
2012-07-25,Central Bank of Nigeria,circulars,Letter to Banks on Recapitalisation of Foreign Subsidiaries,,"bsd,cbn,director,cbn,supervision,cross border,intervention,risk,management,",BSD/DIR/GEN/RFS/05/024,https://www.cbn.gov.ng/out/2012/circulars/bsd/circular on recapitalization of foreign subsidiaries.pdf,174131,277
2012-07-25,Central Bank of Nigeria,circulars,Review of Cash Reserve Requirement,,"Cash,Cash Reserve,CBN,Central Bank of Nigeria,Excess, Excess Cash Reserve,Banks,Deposit Money Banks,Monetary Policy",FPR/DIR/CIR/GEN/VOL.01/027,https://www.cbn.gov.ng/out/2012/circulars/fpr/review of cash reserve requirement.pdf,90672,279
2012-07-26,Central Bank of Nigeria,circulars,Request for Data on Wheat Importation for the Year 2011,,Request for Data on Wheat Importation for the Year 2011,TED.FEM.FPC.GEN.01.019.2012,https://www.cbn.gov.ng/out/2012/circulars/ted/ted.fem.fpc.gen.01.019.2012.pdf,400826,276
2012-07-27,Central Bank of Nigeria,circulars,Revised Guideline for Accessing CBN Lending Windows and Repo Transactions,,"BSD,CBn,director,banking,cbn,repo,lending,window,transaction,slf,liquidity",BSD/DIR/GEN/LWR/05/047,https://www.cbn.gov.ng/out/2012/circulars/bsd/revised guideline for accessing cbn lending windows and repo transactions.pdf,166341,275
2012-07-30,Central Bank of Nigeria,circulars,"FOREIGN EXCHANGE MARKET (WDAS) AUCTION NO. 58/2012, 3000 XTRA",,"FMD/FED/CIR/GEN/01/58/12, FOREIGN EXCHANGE MARKET (WDAS) AUCTION NO. 58/2012, 3000 XTRA, DIRECTOR, FMD, ABUJA.",FMD/FED/CIR/GEN/01/58/12,https://www.cbn.gov.ng/out/2012/circulars/fmd/auction no  5820120001.pdf,519981,274
2012-08-01,Central Bank of Nigeria,circulars,FOREIGN EXCHANGE MARKET (WDAS) AUCTION NO. 58/2012.,,"REUTERS DEALING 3000 XTRA, DIRECTOR, FMD, ABUJA,USD250.00 MILLION",FMD/FED/CIR/GEN/01/59/12,https://www.cbn.gov.ng/out/2012/circulars/fmd/summary of wdas 5920120001.pdf,332541,273
2012-08-01,Central Bank of Nigeria,circulars,Review of the Revised Guidelines for Accessing CBN Leanding Window and Repo Transactions,,"FMD/FED/CIR/GEN/01/54/12,WDAS,SLF",FMD/DIR/GEN/CIR/03/006b,https://www.cbn.gov.ng/out/2012/circulars/fmd/review of revised guideline on cbn leading 2012.pdf,556746,272
2012-08-03,Central Bank of Nigeria,circulars,Additional Know Your Customer (KYC) Requirement in respect of Designated Non-Financial Businesses and Professions (DNFBPs),,"Central Bank of Nigeria, Financial Policy and Regulation",FPR/CIR/GEN/VOL.1/028,"https://www.cbn.gov.ng/Out/2012/circulars/fpr/Additional KYC Requirement.pdf"">Download</a>",,3033
2012-08-06,Central Bank of Nigeria,circulars,Foreign Exchange Market (WDAS) Auction No. 60/2012,,"Foreign Exchange Market (WDAS) Auction No. 60/2012, FMD/FED/CIR/GEN/01/60/12",FMD/FED/CIR/GEN/01/60/12	,https://www.cbn.gov.ng/OUT/2012/CIRCULARS/FMD/auction no. 6020120001.pdf,10KB,3034
2012-08-08,Central Bank of Nigeria,circulars,Foreign Exchange Market (WDAS) Auction No. 61/2012,,"Foreign Exchange Market (WDAS) Auction No. 61/2012, FMD/FED/CIR/GEN/01/61/12",FMD/FED/CIR/GEN/01/61/12,https://www.cbn.gov.ng/OUT/2012/CIRCULARS/FMD/auction no  6120120002.pdf,10 KB,3038
2012-08-13,Central Bank of Nigeria,circulars,Foreign Exchange Market (WDAS) Auction No. 62/2012,,"Foreign Exchange Market (WDAS) Auction No. 62/2012, FMD/FED/CIR/GEN/01/62/12",FMD/FED/CIR/GEN/01/62/12,https://www.cbn.gov.ng/OUT/2012/CIRCULARS/FMD/auction no  6220120001.pdf,60 KB,3039
2012-08-13,Central Bank of Nigeria,circulars,RE: Industry Policy on Retail Cash Collection and Lodgement,,RE: Industry Policy on Retail Cash Collection and Lodgement,BPS/DIR/GEN/CIR/01/010,https://www.cbn.gov.ng/OUT/2012/CIRCULARS/BSPD/Re Industry Policy on Retail Cash Collection and Lodgement.pdf,60 KB,3041
2012-08-14,Central Bank of Nigeria,circulars,"Letter to All Deposit Money Banks, Discount Houses and Other Financial Institutions",,"Letter to All Deposit Money Banks, Discount Houses and Other Financial Institutions, FPR/DIR/CON/BOF/01/036",FPR/DIR/CON/BOF/01/036,https://www.cbn.gov.ng/Out/2012/circulars/fpr/AML-CFT.pdf,4.47MB,3040
2012-08-15,Central Bank of Nigeria,circulars,Foreign Exchange Market (WDAS) Auction No. 63/2012,,"Foreign Exchange Market (WDAS) Auction No. 63/2012, FMD/FED/CIR/GEN/01/63/12",FMD/FED/CIR/GEN/01/63/12,https://www.cbn.gov.ng/OUT/2012/CIRCULARS/FMD/auction no. 6320120001.pdf,60 KB,3042
2012-08-22,Central Bank of Nigeria,circulars,Foreign Exchange Market (WDAS) Auction No. 64/2012,,"Foreign Exchange Market (WDAS), Auction No . 64/2012",FMD/FED/CIR/GEN/01/64/12,https://www.cbn.gov.ng/OUT/2012/CIRCULARS/FMD/auction no. 6420120001.pdf,30kB,3043
2012-08-22,Central Bank of Nigeria,circulars,Foreign Exchange Market (WDAS) Auction No. 64/2012,,"Foreign Exchange Market (WDAS), Auction No . 64/2012",FMD/FED/CIR/GEN/01/64/12,https://www.cbn.gov.ng/OUT/2012/CIRCULARS/FMD/auction no. 6420120001.pdf,76.84,3044
2012-08-27,Central Bank of Nigeria,circulars,Foreign Exchange Market (WDAS) Auction No.65/2012,,"Forein Exchange, wdas, Dealers,2012-08-17",FMD/FED/CIR/GEN/01/65/12,https://www.cbn.gov.ng/OUT/2012/CIRCULARS/FMD/WDAS650001.pdf,56.87,3045
2012-08-29,Central Bank of Nigeria,circulars,Foreign Exchange Market (WDAS) Auction No.66/2012,,"Forein Exchange, wdas, Dealers,2012-08-29",FMD/FED/CIR/GEN/01/082/10,https://www.cbn.gov.ng/OUT/2012/CIRCULARS/FMD/WDAS660001.pdf,426 KB,3046
2012-09-03,Central Bank of Nigeria,circulars,Foreign Exchange Market (WDAS) Auction No.067/2012,,"Auction, WDAS, Foreign Exchange, Market",FMD/FED/CIR/GEN/01/067/12,https://www.cbn.gov.ng/Out/2012/CCD/auction no. 6720120001.pdf,520667,3049
2012-09-03,Central Bank of Nigeria,circulars,Foreign Exchange Market (WDAS) Auction No.067/2012,,"Auction, WDAS, Foreign Exchange, Market",FMD/FED/CIR/GEN/01/067/12,https://www.cbn.gov.ng/Out/2012/CCD/auction no. 6720120001.pdf,520667,3050
2012-09-06,Central Bank of Nigeria,circulars,Foreing Exchange Market (WDAS) Auction No.068/2012,,"Foreign Exchange, Market, WDAS",FMD/FED/CIR/GEN/01/068/12,https://www.cbn.gov.ng/Out/2012/CCD/Auction No. 680001.pdf,442999,3055
2012-09-06,Central Bank of Nigeria,circulars,Foreing Exchange Market (WDAS) Auction No.068/2012,,"Foreign Exchange, Market, WDAS",FMD/FED/CIR/GEN/01/068/12,https://www.cbn.gov.ng/Out/2012/CCD/Auction No. 680001.pdf,442999,3056
2012-09-10,Central Bank of Nigeria,circulars,Foreign Exchange Market (WDAS) Auction No. 69/2012,,"Foreign Exchange Market (WDAS) Auction No. 69/2012,FMD/FEM/GEN/01/69/12",FMD/FEM/GEN/01/69/12,https://www.cbn.gov.ng/Out/2012/CCD/auction no. 6920120001.pdf,442788,3057
2012-09-11,Central Bank of Nigeria,circulars,Assessment of Competencies in the Nigerian Banking,,Assessment of Competencies in the Nigerian Banking Industry,FPR/DIR/CIR/GEN/01/029,https://www.cbn.gov.ng/OUT/2012/CIRCULARS/FPR/Assessment of Competencies.PDF,20000,3059
2012-09-12,Central Bank of Nigeria,circulars,Foreign Exchange Market (WDAS) Auction No. 70/2012,,"Foreign Exchange Market (WDAS) Auction No. 70/2012, FMD/FED/CIR/GEN/01/70/12",FMD/FED/CIR/GEN/01/70/12,https://www.cbn.gov.ng/OUT/2012/CIRCULARS/FMD/auction no. 7020120001.pdf,20000,3076
2012-09-13,Central Bank of Nigeria,circulars,2012 Hajj Operations: Purchase of Pilgrims Travelling Allowance (PTA) in Saudi Riyal Travellers' Cheques,,2012 Hajj Operations: Purchase of Pilgrims Travelling Allowance (PTA) in Saudi Riyal Travellers' Cheques  TED/FEM/FPC/GEN/01/021,TED/FEM/FPC/GEN/01/021,https://www.cbn.gov.ng/OUT/2012/circulars/ted/TED.FEM.FPC.GEN.01.021.2012.pdf,825KB,3078
2012-09-17,Central Bank of Nigeria,circulars,Foreign Exchange Market (WDAS) Auction No. 71/2012,,"Foreign Exchange Market (WDAS) Auction No. 71/2012, FMD/FED/CIR/GEN/01/71/12 ",FMD/FED/CIR/GEN/01/71/12,https://www.cbn.gov.ng/Out/2012/CCD/auction notice no71.20120001.pdf,516480,3079
2012-09-19,Central Bank of Nigeria,circulars,Foreign Exchange Market (WDAS) Auction No. 72/2012,,"Foreign Exchange Market (WDAS) Auction No. 72/2012, FMD/FED/CIR/GEN/01/72/12",FMD/FED/CIR/GEN/01/72/12,https://www.cbn.gov.ng/Out/2012/CCD/auction no. 7220120001.pdf,529715,3084
2012-09-21,Central Bank of Nigeria,circulars,Prohibition of New Credit Facilities to Debtors of the Asset Management Corporation of Nigeria (AMCON),,"BSD,CBN,AMCON,CREDIT",BSD/DIR/GEN/AMC/05/048,https://www.cbn.gov.ng/Out/2012/CCD/Prohibition of New Credit Facilities to Debtors of AMCON.pdf,570725,3086
2012-09-24,Central Bank of Nigeria,circulars,Foreign Exchange Market (WDAS) Auction No. 73/2012,,"Foreign Exchange Market (WDAS) Auction No. 73/2012, FMD/FED/CIR/GEN/01/73/12",FMD/FED/CIR/GEN/01/73/12,https://www.cbn.gov.ng/Out/2012/CCD/auction no. 7320120001.pdf,530983,3089
2012-09-26,Central Bank of Nigeria,circulars,Foreign Exchange Market (WDAS) Auction No. 74/2012,,"Foreign Exchange Market (WDAS) Auction No. 74/2012,FMD/FED/CIR/GEN/01/74/12",FMD/FED/CIR/GEN/01/74/12,https://www.cbn.gov.ng/Out/2012/CCD/auction no. 7420120001.pdf,521532,3095
2012-09-26,Central Bank of Nigeria,circulars,"Implementation of Sustainable Banking Principles by Banks, Discount Houses and Development Finance Institutions in Nigeria",,"NSBP, Agriculture. oil and Gas, banking principles, sector, guidance",FPR/DIR/CIR/GEN/01/33,https://www.cbn.gov.ng/Out/2012/CCD/Circular-NSBP.pdf,1173616,3093
2012-09-26,Central Bank of Nigeria,circulars,Request For Source Of Foreign Exchange For Transactions On Naira Cards For The Period 2010 To 2011,,"trade and exchange, cards, naira, 2010",TED/FEM/FPC/GEN/01/022,https://www.cbn.gov.ng/Out/2012/CCD/TED.FEM.FPC.GEN.01.022.2012.pdf,351297,3094
2012-09-28,Central Bank of Nigeria,circulars,"Revised CBN Anti-Money Laundering/Counter Terrorism Financing (AML/CFT) Regulation, 2009",,"Revised CBN Anti-Money Laundering/Counter Terrorism Financing (AML/CFT) Regulation, 2009, FPR/DIR/CIR/AML/CFT/01/001",FPR/DIR/CIR/AML/CFT/01/001,https://www.cbn.gov.ng/Out/2012/CCD/CIRCULAR ON MONEY LAUNDERING (2).pdf,3316548,3096
2012-10-03,Central Bank of Nigeria,circulars,Foreign Exchange Market (WDAS) Auction No. 75/2012,,"Foreign Exchange Market (WDAS) Auction No. 75/2012, FMD/FED/CIR/GEN/01/75/12",FMD/FED/CIR/GEN/01/75/12,https://www.cbn.gov.ng/Out/2012/CCD/auction 7520120001.pdf,441252,3099
2012-10-04,Central Bank of Nigeria,circulars,Inclusion of INEC Voter's Registration Card as a Means of Customer's Identification,,"Inclusion of INEC Voter's Registration Card as a Means of Customer's Identification, FPR/DIR/CIR/GEN/01/031",FPR/DIR/CIR/GEN/01/031,https://www.cbn.gov.ng/Out/2012/CCD/Voters card as means of identity.pdf,423369,3100
2012-10-04,Central Bank of Nigeria,circulars,Uniform Account Opening Forms,,"Uniform Account Opening Forms, FPR/DIR/CIR/GEN/01/034",FPR/DIR/CIR/GEN/01/034,https://www.cbn.gov.ng/Out/2012/CCD/Uniform Account Opening Forms1.pdf,4125388,3101
2012-10-08,Central Bank of Nigeria,circulars,Foreign Exchange Market (WDAS) Auction No. 76/2012,,"Foreign Exchange Market (WDAS) Auction No. 76/2012, FMD/FDO/GEN/CIR/01/76/12",FMD/FDO/GEN/CIR/01/76/12,https://www.cbn.gov.ng/Out/2012/CCD/auction no. 7620120001.pdf,529971,3102
2012-10-10,Central Bank of Nigeria,circulars,Anti-Money Laundering/Combating The Financing Of Terrorism (AML/CFT) Risk-Based Supervision (RBS) Framework,,"money, laundering, combating, financing",FPR/DIR/CIR/AML/CFT/01/001,https://www.cbn.gov.ng/Out/2012/CCD/Risk-Based Supervision (RBS)gazetted.pdf,18395,3112
2012-10-10,Central Bank of Nigeria,circulars,Foreign Exchange Market (WDAS) Auction No. 77/2012,,"FMD/FDO/GEN/CIR/01/77/12, Foreign Exchange Market (WDAS) Auction No. 77/2012",FMD/FDO/GEN/CIR/01/77/12,https://www.cbn.gov.ng/Out/2012/CCD/auction no. 7720120001.pdf,530077,3104
2012-10-11,Central Bank of Nigeria,circulars,"Central Bank Of Nigeria’s Anti-Money Laundering/Combating The Financing Of Terrorism (AML/CFT)Risk Based Supervision (RBS) Framework, 2011",,"terrorism, risk, supervision, framework",FPR/DIR/CIR/AML/CFT/01/002,https://www.cbn.gov.ng/Out/2012/CCD/CBN APPROVED FRAMEWORK.pdf,570358,3113
2012-10-12,Central Bank of Nigeria,circulars,"Amendment Of Anti-Money Laundering/Combating The Financing Of Terrorism (AML/CFT) Regulation, 2009 To Align With Money Laundering (Prohibition) Act (MLPA), 2011 And Terrorism (Prevention) Act (TPA), 2011",,"money, laundering, align, act,prohibition",FPR/DIR/CIR/AML/CFT/01/003,https://www.cbn.gov.ng/Out/2012/CCD/gazetted amendment to cbn aml cft reg 2009.pdf,37937,3114
2012-10-12,Central Bank of Nigeria,circulars,RE: Revised Specification for Galvanised Corrugated Steel Sheets - NIS 180:2012 and Profile Aluminium Roofing Sheets - NIS 488:2012,,RE: Revised Specification for Galvanised Corrugated Steel Sheets - NIS 180:2012 and Profile Aluminium Roofing Sheets - NIS 488:2012,TED/FEM/FPC/GEN/01/023,https://www.cbn.gov.ng/Out/2012/CCD/TED.FEM.FPC.GEN.01.023.2012.pdf,269151,3111
2012-10-15,Central Bank of Nigeria,circulars,Foreign Exchange Market (WDAS) Auction No. 78/2012,,"FMD/FDO/GEN/CIR/01/78/12,Foreign Exchange Market (WDAS) Auction No. 78/2012",FMD/FDO/GEN/CIR/01/78/12,https://www.cbn.gov.ng/Out/2012/CCD/auction no. 7820120001.pdf,534168,3122
2012-10-17,Central Bank of Nigeria,circulars,Foreign Exchange Market (WDAS) Auction No. 79/2012,,"FMD/FDO/GEN/CIR/01/79/12,Foreign Exchange Market (WDAS) Auction No. 79/2012",FMD/FDO/GEN/CIR/01/79/12,https://www.cbn.gov.ng/Out/2012/CCD/auction 7920120001.pdf,440007,3126
2012-10-22,Central Bank of Nigeria,circulars,Foreign Exchange Market (WDAS) Auction No. 80/2012,,"FMD/FDO/GEN/CIR/01/80/12,Foreign Exchange Market (WDAS) Auction No. 80/2012",FMD/FDO/GEN/CIR/01/80/12,https://www.cbn.gov.ng/Out/2012/CCD/auction 8020120001.pdf,440088,3127
2012-10-24,Central Bank of Nigeria,circulars,Foreign Exchange Market (WDAS) Auction No. 81/2012,,"FMD/FDO/GEN/CIR/01/81/12,Foreign Exchange Market (WDAS) Auction No. 81/2012",FMD/FDO/GEN/CIR/01/81/12,https://www.cbn.gov.ng/Out/2012/CCD/auction no. 8120120001.pdf,545902,3130
2012-10-24,Central Bank of Nigeria,circulars,Foreign Exchange Market (WDAS) Auction No. 82/2012,,"WDAS, Auction, No.82",FMD/FDO/GEN/CIR/01/82/12,https://www.cbn.gov.ng/Out/2012/CCD/auction no  8220120001.pdf,534412,3132
2012-10-24,Central Bank of Nigeria,circulars,Year 2012 Christian Pilgrimage Purchase of Pilgrims Travelling Allowance,,"Year 2012 Christian Pilgrimage Purchase of Pilgrims Travelling Allowance, TED/FEM/FPC/GEN/01/024",TED/FEM/FPC/GEN/01/024,https://www.cbn.gov.ng/Out/2012/CCD/Christian Pilgrimage 2012.pdf,573526,3131
2012-10-29,Central Bank of Nigeria,circulars,Revised Guidelines on Stored Value/Prepaid Card Issuance and Operations,,"Card, Value, Prepaid, Issuance",BPS/DIR/GEN/CIR/01/011,https://www.cbn.gov.ng/Out/2012/CCD/Circular iro Stored Value Prepaid card Issuance and Operations.pdf,278280,3133
2012-10-31,Central Bank of Nigeria,circulars,Foreign Exchange Market (WDAS) Auction No:83/2012,,"WDAS, Auction",FMD/FDO/GEN/CIR/01/83/12,https://www.cbn.gov.ng/Out/2012/CCD/auction no  8320120001.pdf,525622,3134
2012-11-01,Central Bank of Nigeria,circulars,Re:Year 2012 Christian Pilgrimage Purchase of Pilgrims Travelling Allowance,,"pilgrimage, pilgims, allowance",TED/FEM/FPC/GEN/01/026,https://www.cbn.gov.ng/Out/2012/CCD/2012-xtian-pilgrimage.pdf,212426,3135
2012-11-05,Central Bank of Nigeria,circulars,Foreign Exchange Market (WDAS) Auction No. 84/2012,,"FMD/FDO/GEN/CIR/01/84/12,Foreign Exchange Market (WDAS) Auction No. 84/2012",FMD/FDO/GEN/CIR/01/84/12,https://www.cbn.gov.ng/Out/2012/CCD/auction no. 8420120001.pdf,525984,3136
2012-11-07,Central Bank of Nigeria,circulars,Foreign Exchange Market (WDAS) Auction No. 85/2012,,"Auction, WDAS, FX",FMD/FDO/GEN/CIR/01/85/12,https://www.cbn.gov.ng/Out/2012/CCD/auction no  8520120001.pdf,528215,3137
2012-11-08,Central Bank of Nigeria,circulars,N300 Billion Power And Airline Intervention Fund (PAIF) Revised Guidelines (v5),,"PAIF, 300 Billion, Air Line",DFD/PAIF/V5,https://www.cbn.gov.ng/Out/2012/CCD/PAIF_Guidelines v5.pdf,248471,3138
2012-11-08,Central Bank of Nigeria,circulars,Re:Year 2012 Christian Pilgimage Purchase Of Pilgrims Travelling Allowance,,pilgrimage,TED/FEM/FPC/GEN/01/027,https://www.cbn.gov.ng/Out/2012/CCD/ted-fem-fpc-gen-01-027.pdf,194394,3139
2012-11-12,Central Bank of Nigeria,circulars,RE: Year 2012 Christian Pilgrimage Purchase of Pilgrims Travelling Allowance,,"RE: Year 2012 Christian Pilgrimage Purchase of Pilgrims Travelling Allowance, TED/FEM/FPC/GEN/01/028",TED/FEM/FPC/GEN/01/028,https://www.cbn.gov.ng/Out/2012/CCD/RE-Christian Pilgrimage 2012.pdf,242832,3140
2012-11-16,Central Bank of Nigeria,circulars,Re:Year 2012 Christian Pilgimage Purchase of Pilgrims Travelling Allowance,,"pilgrims,christian,2012",TED/FEM/FPC/GEN/01/029,https://www.cbn.gov.ng/Out/2012/CCD/pilgrimage_2012.pdf,194239,3141
2012-11-19,Central Bank of Nigeria,circulars,Foreign Exchange Market (WDAS) Auction No. 88/2012,,"FMD, WDAS, Auction",FMD/FDO/GEN/CIR/01/88/12,https://www.cbn.gov.ng/Out/2012/CCD/aution 880001.pdf,440864,3142
2012-11-21,Central Bank of Nigeria,circulars,Foreign Exchange Market (WDAS) Auction No.89/2012,,"FMD,WDAS,AUCTION",FMD/FDO/GEN/CIR/01/89/12,https://www.cbn.gov.ng/Out/2012/CCD/auction 89.pdf,541124,3157
2012-11-21,Central Bank of Nigeria,circulars,Re:Year 2012 Christian Pilgrimage Purchase Of Pilgrims Travelling Allowance,,"Christian, pilgrims,travelling allowance",TED/FEM/FPC/GEN/01/024,https://www.cbn.gov.ng/Out/2012/CCD/ChristianPilgrimage_10_2012.pdf,215535,3156
2012-11-22,Central Bank of Nigeria,circulars,Automation of FOREX Forms on the Trade Monitoring System (Single Window System for Trade),,"Automation of FOREX Forms on the Trade Monitoring System (Single Window System for Trade), TED/FEM/FPC/GEN/01/031",TED/FEM/FPC/GEN/01/031,https://www.cbn.gov.ng/Out/2012/CCD/Automation of FOREX Forms.pdf,370301,3158
2012-11-26,Central Bank of Nigeria,circulars,"Central Bank of Nigeria Communique No. 86 of the Monetary Policy Committee Meeting with Personal Statements of Monday and Tuesday November 19 and 20,2012",,"MPC, ",MPC/86/19-20/11/2012,https://www.cbn.gov.ng/Out/2012/CCD/CBN Communique No  86 of MPC Meeting November 19 and 20 2012.pdf,140000,3165
2012-11-26,Central Bank of Nigeria,circulars,Competency Framework for the Nigerian Banking Industry,,Competency Framework for the Nigerian Banking Industry,FPR/DIR/CIR/GEN/01/035,https://www.cbn.gov.ng/Out/2012/CCD/Competency Framework.pdf,3262518,3169
2012-11-26,Central Bank of Nigeria,circulars,Foreign Exchange Market (WDAS) Auction No.090/2012,,"WDAS, FMD,AUCTION 090/2012",FMD/FDO/GEN/CIR/01/090/12,https://www.cbn.gov.ng/Out/2012/CCD/auction no  9020120001.pdf,528596,3166
2012-11-28,Central Bank of Nigeria,circulars,Circular to Deposit Money Banks in Respect of the Clearing of Financial Instruments of Liquidated/Legacy Banks,,"Deposit Money Banks, DMB, Clearing of Financial Instruments, Liquidated Banks, Legacy Banks",BPS/DIR/CIR/08/2012,https://www.cbn.gov.ng/Out/2012/CCD/circular to DMBs on 28 nov 20120001.pdf,472986,3167
2012-12-03,Central Bank of Nigeria,circulars,Foreign Exchange Market (WDAS) Auction No. 92/2012,,"Foreign Exchange Market (WDAS) Auction No. 92/2012, FMD/FDO/GEN/CIR/01/92/12",FMD/FDO/GEN/CIR/01/92/12,https://www.cbn.gov.ng/Out/2012/CCD/auction no  9220120001.pdf,448676,3170
2012-12-04,Central Bank of Nigeria,circulars,RE: Year 2012 Christian Pilgrimage Purchase of Pilgrims Travelling Allowance,,"RE: Year 2012 Christian Pilgrimage Purchase of Pilgrims Travelling Allowance, TED/FEM/FPC/GEN/01/033",TED/FEM/FPC/GEN/01/033,https://www.cbn.gov.ng/Out/2012/CCD/Christian Pilgrimage 2012 - Travelling Allowance.pdf,207059,3171
2012-12-07,Central Bank of Nigeria,circulars,Automation of FOREX Forms on the Trade Monitoring System (Single Window System for Trade),,"TED/FEM/FPC/GEN/01/034, Automation of FOREX Forms on the Trade Monitoring System (Single Window System for Trade)",TED/FEM/FPC/GEN/01/034,https://www.cbn.gov.ng/Out/2012/CCD/TED_7Dec2012.pdf,349729,3184
2012-12-10,Central Bank of Nigeria,circulars,Foreign Exchange Market (WDAS) Auction No. 094/2012,,"WDAS, FMD, Auction",FMD/FDO/GEN/CIR/01/094/12,https://www.cbn.gov.ng/Out/2012/CCD/auction no  9420120001.pdf,526739,3187
2012-12-10,Central Bank of Nigeria,circulars,Foreign Exchange Market (WDAS) Auction No.091/2012,,"FMD, Auction, WDAS",FMD/GEN/CIR/01/091/12,https://www.cbn.gov.ng/Out/2012/CCD/auction no  9120120001.pdf,527343,3186
2012-12-10,Central Bank of Nigeria,circulars,RE: 2012 Christain Pilgrimage Purchase of Pilgrims Travelling Allowance,"Further to the circular Ref:TED/FEM/FPC/GEN/01/024 of October 24, 2012 on the above subject, Authorised Dealers are herby notified of the following list for necessary action.",TED CHRISTAIN PILGRIMAGE TRAVEL ALLOWANCE 2012,TED/FEM/FPC/GEN/01/024,https://www.cbn.gov.ng/Out/2012/CCD/RE - 2012 Christain Pilgrimage Purchase of Pilgrims Travelling Allowance.pdf,210362,3188
2012-12-10,Central Bank of Nigeria,circulars,RE: Year 2012 Christian Pilgrimage Purchase of Pilgrim's Travelling Allowance,,"Trade and Exchange, PTA, BTA, Forex, Exchange, Christian, ",TED/FEM/FPC/GEN/01/035,https://www.cbn.gov.ng/Out/2012/CCD/TED.FEM.FPC.GEN.01.035.pdf,210362,3192
2012-12-12,Central Bank of Nigeria,circulars,Foreign Exchange Market (WDAS) Auction No.95/2012,,"FMD,WDAS,AUCTION",FMD/FDO/GEN/CIR/01/95/12,https://www.cbn.gov.ng/Out/2012/CCD/auction no  9520120001.pdf,448879,3191
2012-12-12,Central Bank of Nigeria,circulars,Guidelines for The Operation of Non-Interest Financial Instruments by The Central Bank of Nigeria,,"NIFI, Guideline",FMD/NIFI/01,https://www.cbn.gov.ng/Out/2012/CCD/guidelines on NIFI.pdf,1909985,3194
2012-12-12,Central Bank of Nigeria,circulars,RE: Year 2012 Christian Pilgrimage Purchase of Pilgrim's Travelling Allowance,,"Trade and Exchange, PTA, BTA, Forex, Exchange, Christian,",TED/FEM/FPC/GEN/01/036,https://www.cbn.gov.ng/Out/2012/CCD/TED.FEM.FPC.GEN.01.036.pdf,215538,3193
2012-12-14,Central Bank of Nigeria,circulars,RE: Year 2012 Christian Pilgrimage Purchase of Pilgrims Travelling Allowance,,Year 2012 Christian Pilgrimage Purchase of Pilgrims Travelling Allowance,TED/FEM/FPC/GEN/01/037,https://www.cbn.gov.ng/Out/2012/CCD/Year 2012 Pilgrims Dec 14.pdf,215275,3195
2012-12-17,Central Bank of Nigeria,circulars,Foreign Exchange Market (WDAS) Auction No. 96/2012,,"Foreign Exchange Market (WDAS) Auction No. 096/2012,FMD/FDO/GEN/CIR/01/096/12",FMD/FDO/GEN/CIR/01/096/12,https://www.cbn.gov.ng/Out/2012/CCD/auction no. 9620120001.pdf,448740,3196
2012-12-19,Central Bank of Nigeria,circulars,Foreign Exchange Market (WDAS) Auction No.97/2012 ,,"FMD,WDAS,AUCTION",FMD/FDO/GEN/CIR/01/97/12,https://www.cbn.gov.ng/Out/2012/CCD/auction9720120001.pdf,462747,3199
2012-12-20,Central Bank of Nigeria,circulars,RE: Circular on Compliance with the Revised Guidelines for Primary Mortgage Banks,,"RE: Circular on Compliance with the Revised Guidelines for Primary Mortgage Banks, OFI/DIR/CIR/GEN/01/08",OFI/DIR/CIR/GEN/01/08,https://www.cbn.gov.ng/Out/2012/CCD/Circular on Compliance with the Revised Guidelines for PMBs.pdf,902042,3200
2012-12-20,Central Bank of Nigeria,circulars,RE: Circular on the Revised Microfinance Policy Regulatory and Supervisory Framework for Nigeria,,"RE: Circular on the Revised Microfinance Policy Regulatory and Supervisory Framework for Nigeria, OFI/DIR/CIR/GEN/01/09",OFI/DIR/CIR/GEN/01/09,https://www.cbn.gov.ng/Out/2012/CCD/Circular on Compliance with the Revised Microfinance Policy Framework Reminder.pdf,880525,3202
2012-12-21,Central Bank of Nigeria,circulars,Timeline for Interoperability and Interconnectivity,,"Timeline for Interoperability and Interconnectivity,BPS/DIR/GEN/CIR/01/014",BPS/DIR/GEN/CIR/01/014,https://www.cbn.gov.ng/Out/2012/CCD/Timeline for Interoperability & Interconnectivity.pdf,156183,3203
2012-12-27,Central Bank of Nigeria,circulars,RE: Year 2012 Christian Pilgrimage Purchase of Pilgrims Travelling Allowance,,"RE: Year 2012 Christian Pilgrimage Purchase of Pilgrims Travelling Allowance, TED/FEM/FPC/GEN/01/038",TED/FEM/FPC/GEN/01/038,https://www.cbn.gov.ng/Out/2012/CCD/Christian Pilgrimage 2012 - Travelling Allowance - Dec 27.pdf,182771,3205
2013-01-02,Central Bank of Nigeria,circulars,Re: Year 2012 Christian Pilgrimage-Purchase Of Pilgrims Travelling Allowance ,,"pilgrimage, 2012 pilgrimage",TED/FEM/FPC/GEN/01/039,https://www.cbn.gov.ng/Out/2013/CCD/Pilgrimage Allowance.pdf,195182,3206
2013-01-03,Central Bank of Nigeria,circulars,Re: Year 2012 Christian Pilgrimage- Purchase Of Pilgrims Travelling Allowance,,Pilgrims,TED/FEM/FPC/GEN/01/040,https://www.cbn.gov.ng/Out/2013/CCD/Pilgrims allowance 3-01-2013.pdf,202542,3207
2013-01-03,Central Bank of Nigeria,circulars,Revised Regulatory and Supervisory Guidelines For Microfinance Banks (MFBs) in Nigeria,,"MFBs, Guideline",OFI/DIR/CIR/GEN/03/13,https://www.cbn.gov.ng/Out/2013/CCD/Amended Regulatory and Supervisory Guidelines for MFB.pdf,533818,3209
2013-01-07,Central Bank of Nigeria,circulars,E-Payment Dispute Arbitration Framework,,"BPS/DIR/GEN/CIR/01/018, E-Payment Dispute Arbitration Framework",BPS/DIR/GEN/CIR/01/018,https://www.cbn.gov.ng/Out/2013/CCD/E-PAYMENT DISPUTE ARBITRATION FRAMEWORK.pdf,480965,3213
2013-01-07,Central Bank of Nigeria,circulars,Foreign Exchange Market (WDAS) Auction No. 001/2013,,"FMD/FED/CIR/GEN/01/001/13,Foreign Exchange Market (WDAS) Auction No. 001/2013",FMD/FED/CIR/GEN/01/001/13,https://www.cbn.gov.ng/Out/2013/CCD/auction no. 0120130001.pdf,547955,3211
2013-01-09,Central Bank of Nigeria,circulars,Foreign Exchange Market (WDAS) Auction No. 002/2013,,"Foreign Exchange Market (WDAS) Auction No. 002/2013,FMD/FED/CIR/GEN/01/002/13",FMD/FDO/CIR/GEN/01/002/13,https://www.cbn.gov.ng/Out/2013/CCD/auction no. 0220130001.pdf,536384,3214
2013-01-14,Central Bank of Nigeria,circulars,Foreign Exchange Market (WDAS) Auction No. 003/2013,,"Foreign Exchange Market (WDAS) Auction No. 003/2013,Foreign Exchange Market (WDAS) Auction No. 003/2013",FMD/FDO/GEN/CIR/01/003/13,https://www.cbn.gov.ng/Out/2013/CCD/auction no. 0320130001.pdf,536295,3217
2013-01-16,Central Bank of Nigeria,circulars,Foreign Exchange Market (WDAS) Auction No. 004/2013,,"Foreign Exchange Market (WDAS) Auction No. 004/2013, FMD/FDO/GEN/CIR/01/004/13",FMD/FDO/GEN/CIR/01/004/13,https://www.cbn.gov.ng/Out/2013/CCD/auction no. 0420130001.pdf,455410,3219
2013-01-16,Central Bank of Nigeria,circulars,"Nigerian Treasury Bills Issue Programme First Quarter, 2013",,"Nigerian Treasury Bills Issue Programme First Quarter, 2013; FMD/GSO/NTB/IP/QTR1/2013",FMD/GSO/NTB/IP/QTR1/2013,https://www.cbn.gov.ng/Out/2013/CCD/NIGERIAN TREASURY BILLS ISSUE PROGRAMME .pdf,32098,3220
2013-01-16,Central Bank of Nigeria,circulars,Revocation of Operating Licence of 236 BDCs,,"Revocation of Operating Licence of 236 BDCs, TED/FEM/FPC/GEN/01/041",TED/FEM/FPC/GEN/01/041,https://www.cbn.gov.ng/Out/2013/CCD/Revocation of Operating License of 236 BDCs.pdf,1696232,3218
2013-01-21,Central Bank of Nigeria,circulars,Foreign Exchange Market (WDAS) Auction No. 005/2013 ,Foreign Exchange Market (WDAS) Auction No. 005/2013 ,"WDAS, Auction, FX, Foreign Exchange Market",FMD/FDO/GEN/CIR/01/005/13,https://www.cbn.gov.ng/Out/2013/CCD/auction no  0520130001.pdf,538822,3227
2013-01-23,Central Bank of Nigeria,circulars,Circular to all Banks and Other Financial Institutions on Three Tiered KYC,,"FPR, KYC, Three-tier, AML/CFT, CBN",FPD/DIR/CIR/GEN/02/001,https://www.cbn.gov.ng/Out/2013/CCD/3 TIERED KYC REQUIREMENTS.PDF,1093489,3233
2013-01-23,Central Bank of Nigeria,circulars,Foreign Exchange Market (WDAS) Auction No. 006/2013 ,,"WDAS, Foreign Exchange Market, 006/2013, FMD/FDO/GEN/CIR/01/006/13",FMD/FDO/GEN/CIR/01/006/13,https://www.cbn.gov.ng/Out/2013/CCD/wdasNo00620130001.pdf,531357,3228
2013-01-28,Central Bank of Nigeria,circulars,Foreign Exchange Market (WDAS) Auction No.007/2013,,"FMD, WDAS, AUCTION",FMD/FDO/GEN/CIR/01/007/13,https://www.cbn.gov.ng/Out/2013/CCD/AUCTION NOTICE.pdf,189668,3235
2013-01-29,Central Bank of Nigeria,circulars,Re: European Investment Bank's (EIB) Investments In Nigerian Banks For Period January 2008 To December 2012,,"EIB, Banks, Investments, Nigeria",TED/FEM/FPC/GEN/01/042,https://www.cbn.gov.ng/Out/2013/CCD/EIB.pdf,360079,3234
2013-01-30,Central Bank of Nigeria,circulars,Foreign Exchange Market (WDAS) Auction No. 008/2013,,"wdas, auction",FMD/FDO/GEN/CIR/01/008/13,https://www.cbn.gov.ng/Out/2013/CCD/Auction 0080001.pdf,545409,3236
2013-02-04,Central Bank of Nigeria,circulars,Foreign Exchange Market  (WDAS) Auction No. 009/2013,,"WDAS, AUCTION",FMD/FDO/GEN/CIR/01/009/13,https://www.cbn.gov.ng/Out/2013/CCD/AUCTION 90001.pdf,545749,3237
2013-02-06,Central Bank of Nigeria,circulars,Fiscal Policy Measures 2013,,Fiscal Policy Measures,TED/FEM/FPC/GEN/01/001,https://www.cbn.gov.ng/Out/2013/TED/fiscal policy meas..pdf,424085,3238
2013-02-06,Central Bank of Nigeria,circulars,Foreign Exchange Market (WDAS) Auction No. 010/2013,,"Foreign Exchange Market (WDAS) Auction No. 010/2013, FMD/FDO/GEN/CIR/01/010/13",FMD/FDO/GEN/CIR/01/010/13,https://www.cbn.gov.ng/Out/2013/CCD/Auction No. 0100001.pdf,450356,3239
2013-02-08,Central Bank of Nigeria,circulars,Guidelines for the Regulation of Agent Banking and Agent Banking Relationships in Nigeria,,"Guidelines for the Regulation of Agent Banking and Agent Banking Relationships in Nigeria, BPS/PSP/GEN/CWD/03/038",BPS/PSP/GEN/CWD/03/038,https://www.cbn.gov.ng/Out/2013/CCD/GUIDELINES FOR THE REGULATION OF AGENT BANKING AND AGENT BANKING RELATIONSHIPS IN NIGERIA.pdf,2291587,3242
2013-02-11,Central Bank of Nigeria,circulars,Foreign Exchange Market (WDAS) Auction No. 011/2013,,"Foreign Exchange Market (WDAS) Auction No. 011/, FMD/FDO/GEN/CIR/01/011/13",FMD/FDO/GEN/CIR/01/011/13,https://www.cbn.gov.ng/Out/2013/CCD/WDAS circular 110001.pdf,528049,3243
2013-02-13,Central Bank of Nigeria,circulars,Foreign Exchange Market (WDAS) Auction No. 012/2013,,"Foreign Exchange Market (WDAS) Auction No. 012/2013, FMD/FDO/GEN/CIR/01/012/13",FMD/FDO/GEN/CIR/01/012/13,https://www.cbn.gov.ng/Out/2013/CCD/AUCTION NO. 120001.pdf,532831,3245
2013-02-15,Central Bank of Nigeria,circulars,Implementation of the Nigerian Sustainable Banking Principles (NSBP) by CBN,Implementation of the Nigerian Sustainable Banking Principles (NSBP),Implementation of the Nigerian Sustainable Banking Principles (NSBP),NSBP/2013,https://www.cbn.gov.ng/Out/2013/CCD/Sustainable Banking.pdf,450876,3246
2013-02-18,Central Bank of Nigeria,circulars,Foreign Exchange Market (WDAS) Auction No. 013/2013,,"Foreign Exchange Market (WDAS) Auction No. 013/2013, FMD/FDO/GEN/CIR/01/013/13",FMD/FDO/GEN/CIR/01/013/13,https://www.cbn.gov.ng/Out/2013/CCD/auction 1320130001.pdf,536317,3248
2013-02-19,Central Bank of Nigeria,circulars,Review of Risk Weights on Certain Exposures in the Computation of Capital Adequacy,,"Review of Risk Weights on Certain Exposures in the Computation of Capital Adequacy, BSD/DIR/GEN/LAB/06/003",BSD/DIR/GEN/LAB/06/003,https://www.cbn.gov.ng/Out/2013/CCD/LETTER TO ALL BANKS AND DISCOUNT HOUSES 31012013.pdf,1073638,3249
2013-02-20,Central Bank of Nigeria,circulars,Foreign EXchange Markrt (WDAS) Auction  NO 014/2013,,"FME,DWAS",FMD/FDO/GEN/CIR/01/014/13,https://www.cbn.gov.ng/Out/2013/CCD/auction no  1420130001.pdf,549919,3250
2013-02-25,Central Bank of Nigeria,circulars,Foreign Exchange Market  (WDAS) Auction No. 015/2013,,"FMD, WDAS, AUCTION",FMD/FDO/GEN/CIR/01/015/13,https://www.cbn.gov.ng/Out/2013/CCD/auction no  1520120001.pdf,534464,3251
2013-02-26,Central Bank of Nigeria,circulars,Additional Know Your Customer (KYC) Requirement in respect of Designated Non-Financial Businesses and Professions (DNFBPs),,"Additional Know Your Customer (KYC) Requirement in respect of Designated Non-Financial Businesses and Professions (DNFBPs),FPR/DIR/GEN/CIR/03/001",FPR/DIR/GEN/CIR/03/001,https://www.cbn.gov.ng/Out/2013/CCD/Additional KYC Requirements Feb 2013.PDF,171072,3253
2013-02-26,Central Bank of Nigeria,circulars,Three Tiered KYC Requirements Implementation Strategy,,"Three Tiered KYC Requirements Implementation Strategy,FPR/DIR/GEN/ADM/01/001",FPR/DIR/GEN/ADM/01/001,https://www.cbn.gov.ng/Out/2013/CCD/Letter of Banks & OFIs on Three Tiered KYC Requirements.pdf,692654,3252
2013-02-27,Central Bank of Nigeria,circulars,Foreign Exchange Market (WDAS) Auction No. 016/2013,,"Foreign Exchange Market (WDAS) Auction No. 016/2013, FMD/FDO/GEN/CIR/01/016/13",FMD/FDO/GEN/CIR/01/016/13,https://www.cbn.gov.ng/Out/2013/CCD/auction no  1620130001.pdf,446688,3254
2013-03-04,Central Bank of Nigeria,circulars,Foreign Exchange Market (WDAS) Auction No.017/2013,,WDAS,FMD/FDO/GEN/CIR/01/017/13,https://www.cbn.gov.ng/Out/2013/CCD/auction no  1720130001.pdf,529620,3267
2013-03-06,Central Bank of Nigeria,circulars,Foreign Exchange Market (WDAS) Auction No.018/13,,"WDAS, FEM, Auction, 018/13",FMD/FDO/GEN/CIR/01/018/13,https://www.cbn.gov.ng/Out/2013/CCD/auction no  1820130001.pdf,574644,3268
2013-03-08,Central Bank of Nigeria,circulars,"Nationwide Encashment of 3rd Party Cheques above N150,000 over the counter of banks and stoppage of charges","Nationwide Encashment of 3rd Party Cheques above N150,000 over the counter of banks and stoppage of charges","Nationwide Encashment of 3rd Party Cheques above N150,000 over the counter of banks and stoppage of charges",BPS/DIR/GEN/CIR/01/001,https://www.cbn.gov.ng/Out/2013/BPSD/Circular on 3rd party cheques.pdf,220992,3269
2013-03-11,Central Bank of Nigeria,circulars,FOREIGN EXCHANGE MARKET (WDAS) AUCTION NO. 019/2013,,"FMD/FDO/GEN/CIR/01/019/13, FOREIGN EXCHANGE MARKET (WDAS) AUCTION NO. 019/2013, REUTERS, DEALING, 3000 XTRA",FMD/FDO/GEN/CIR/01/019/13,https://www.cbn.gov.ng/Out/2013/FMD/auction no. 1920130001.pdf,516705,3270
2013-03-13,Central Bank of Nigeria,circulars,Foreign Exchange Market (WDAS) Auction NO. 020/2013,,"FMD/FDO/GEN/CIR/01/020/13, Foreign Exchange Market (WDAS) Auction NO. 020/2013, ",FMD/FDO/GEN/CIR/01/020/13,https://www.cbn.gov.ng/Out/2013/FMD/auction no  0202013.pdf,656768,3271
2013-03-18,Central Bank of Nigeria,circulars,Foreign Exchange Market (WDAS) Auctions No. 021/2013,,"FMD/FDO/GEN/CIR/01/021/13, Foreign Exchange Market (WDAS) Auctions No. 021/2013",FMD/FDO/GEN/CIR/01/021/13,https://www.cbn.gov.ng/Out/2013/FMD/auction no. 2120130001.pdf,517213,3276
2013-03-20,Central Bank of Nigeria,circulars,Extension of the Deadline for Compliance with The Revised Guidelines for Primary Mortgage Banks,Compliance with The Revised Guidelines for Primary Mortgage Banks,"Extension,deadline,compliance,revised,guidelines,primary,mortgage,banks,other,financial,institutions,supervision,department,central,bank,Nigeria,asset,stripping,ofisd,directors,shareholders,circular,management,options,capital,merger,combination,downscaling",OFI/DIR/CIR/GEN/01/11,https://www.cbn.gov.ng/Out/2013/OFISD/Extension of the Compliance Deadline for PMBs.pdf,147069,3290
2013-03-20,Central Bank of Nigeria,circulars,Extension of the Deadline for Compliance with The Revised Microfinance Policy Regulatory and Supervisory Framework for Nigeria,Extension of the Deadline for Compliance with The Revised Microfinance Policy Regulatory and Supervisory Framework for Nigeria,"Extension,deadline,compliance,revised,guidelines,microfinance,banks,other,financial,institutions,supervision,department,central,bank,Nigeria,asset,stripping,ofisd,directors,shareholders,circular,management,options,capital,merger,combination,branches,cash,centres",OFI/DIR/CIR/GEN/01/010,https://www.cbn.gov.ng/Out/2013/OFISD/Extension of Compliance Deadline for MFBs.pdf,146383,3289
2013-03-20,Central Bank of Nigeria,circulars,FOREIGN EXCHANGE MARKET (WDAS) AUCTION NO. 022/2013,,"FMD/FDO/GEN/CIR/01/022/13
FOREIGN EXCHANGE MARKET (WDAS) AUCTION NO. 022/2013",FMD/FDO/GEN/CIR/01/022/13,https://www.cbn.gov.ng/Out/2013/FMD/auction no  2220130001.pdf,521695,3280
2013-03-21,Central Bank of Nigeria,circulars,Introduction Of Fee Charge On e-Form 'M',,Charge on e-Form,ted/pfo/fpc/gen/01/002,https://www.cbn.gov.ng/Out/2013/TED/Form M Fee.pdf,236319,3282
2013-03-25,Central Bank of Nigeria,circulars,Foreign Exchange Market (WDAS) Auction No. 023/2013,,"FMD/FDO/GEN/CIR/01/023/13
FOREIGN EXCHANGE MARKET (WDAS) AUCTION NO. 023/2013
WDAS
REUTERS DEALIN 3000 Xtra",FMD/FDO/GEN/CIR/01/023/13,https://www.cbn.gov.ng/Out/2013/FMD/auction no  2320130001.pdf,435902,3288
2013-03-25,Central Bank of Nigeria,circulars,Self-Submission of e-Form 'M' by Importers/Traders,,"TED/FEM/FPC/GEN/01/003, SELF-SUBMISSION OF e-FORM 'M' BY IMPORTERS/TRADERS. NIGERIAN SINGLE WINDOW FOR TRADE.",TED/FEM/FPC/GEN/01/003,https://www.cbn.gov.ng/Out/2013/TED/Self-Submission of e-Form 'M' by Importers-Traders 01-003.pdf,216092,3287
2013-03-27,Central Bank of Nigeria,circulars,Foreign Exchange Market (WDAS) Auction No. 024/2013,,"FMD/FDO/GEN/CIR/01/024/13
Foreign Exchange Market (WDAS) Auction No. 024/2013",FMD/FDO/GEN/CIR/01/024/13,https://www.cbn.gov.ng/Out/2013/FMD/auction no. 2420130001.pdf,533229,3292
2013-03-28,Central Bank of Nigeria,circulars,Circular to All Banks and Discount Houses: The Revised Guide to Bank Charges,,"Circular,Banks,Bank Charges,CBN,Central Bank of Nigeria,Financial,Financial Policy and Regulation,Revised Guide to Bank Charges",FPR/DIR/GEN/CIR/03/002,https://www.cbn.gov.ng/Out/2013/FPRD/Circular to all Banks and Discount Houses. The Rrvised Guide to Bank Charges.pdf,3357529,3293
2013-03-28,Central Bank of Nigeria,circulars,Re: Letter To Banks On The Recapitalization of Foreign Subsidiaries,,"recapitalization, subsidiaries",BSD/DIR/GEN/RFS/06/016,https://www.cbn.gov.ng/Out/2013/BSD/RecapitalisationCircular.pdf,170964,3603
2013-04-02,Central Bank of Nigeria,circulars,Re: Review of Risk Weights On Certain Industry Exposures In The Computation Of Capital Adequacy,,"Exposures,Capital Adequacy,Risk WEIGHTS",BSD/DIR/GEN/LAB/06/017,https://www.cbn.gov.ng/Out/2013/BSD/Clarification of Review of Risk Weights.pdf,240592,3317
2013-04-03,Central Bank of Nigeria,circulars,Foreign Exchange Market (WDAS) Auction No. 025/2013,,"FMD/FDO/GEN/CIR/01/025/13
Foreign Exchange Market (WDAS) Auction No. 025/2013",FMD/FDO/GEN/CIR/01/025/13,https://www.cbn.gov.ng/Out/2013/FMD/auction no  2520130001.pdf,451212,3312
2013-04-08,Central Bank of Nigeria,circulars,Foreign Exchange Market (WDAS) Auction No. 026/2013,,"FMD/FDO/GEN/CIR/01/026/13
Foreign Exchange Market (WDAS) Auction No. 026/2013",FMD/FDO/GEN/CIR/01/026/13,https://www.cbn.gov.ng/Out/2013/FMD/auction no  2620130001.pdf,536691,3315
2013-04-10,Central Bank of Nigeria,circulars,Foreign Exchange Market (WDAS) Auction No. 027/2013,,"FMD/FDO/GEN/CIR/01/027/13
Foreign Exchange Market (WDAS) Auction No. 027/2013",FMD/FDO/GEN/CIR/01/027/13,https://www.cbn.gov.ng/Out/2013/FMD/auction no  2720130001.pdf,538334,3322
2013-04-15,Central Bank of Nigeria,circulars,Foreign Exchange Market (WDAS) Auction No. 028/2013,Foreign Exchange Market (WDAS) Auction,"Foreign Exchange Market (WDAS) Auction, Reuters Dealing 3000 Xtra",FMD/FDO/GEN/CIR/01/028/13,https://www.cbn.gov.ng/Out/2013/FMD/WDAS 28 2013 OF 15042013.pdf,439099,3324
2013-04-17,Central Bank of Nigeria,circulars,Foreign Exchange Market (WDAS) Auction No. 029/2013,,"FMD/FDO/GEN/CIR/01/029/13
Foreign Exchange Market (WDAS) Auction No. 029/2013",FMD/FDO/GEN/CIR/01/029/13,https://www.cbn.gov.ng/Out/2013/FMD/auction no  2920130001.pdf,529122,3328
2013-04-19,Central Bank of Nigeria,circulars,Uncollected Risk Assessment Report (RAR),RARs issued by Scanning Service Providers but remain uncollected with Authorised Dealers.,RISK ASSESSMENT REPORT (RAR),TED/FEM/FPC/GEN/01/004,https://www.cbn.gov.ng/Out/2013/TED/Uncollected Risk Assessment Report - TED Circular 01-004 of 2013.pdf,434395,3329
2013-04-22,Central Bank of Nigeria,circulars,Foreign Exchange Market (WDAS) Auction No. 030/2013,,"Foreign Exchange Market, Reuter Dealers 3000 Xtra",FMD/FDO/GEN/CIR/01/030/13,https://www.cbn.gov.ng/Out/2013/FMD/auction no. 302013.pdf,517454,3330
2013-04-24,Central Bank of Nigeria,circulars,Foreign Exchange Market (WDAS) Auction No. 031/2013,,"Foreign Exchange Market, WDAS, Reuters Dealing 3000 Xtra",FMD/FDO/GEN/CIR/01/031/13,https://www.cbn.gov.ng/Out/2013/FMD/auction no. 312013.pdf,442229,3332
2013-04-29,Central Bank of Nigeria,circulars,Foreign Exchange Market (WDAS) Auction No. 032/2013,,"FMD/FDO/GEN/CIR/01/032/13
Foreign Exchange Market (WDAS) Auction No. 032/2013",FMD/FDO/GEN/CIR/01/032/13,https://www.cbn.gov.ng/Out/2013/FMD/auction no  3220130001.pdf,547588,3333
2013-05-06,Central Bank of Nigeria,circulars,Foreign Exchange Market (WDAS) Auction No. 033/2013,,"FMD/FDO/GEN/CIR/01/033/13
Foreign Exchange Market (WDAS) Auction No. 033/2013",FMD/FDO/GEN/CIR/01/033/13,https://www.cbn.gov.ng/Out/2013/FMD/auction no  3320130001.pdf,525420,3336
2013-05-08,Central Bank of Nigeria,circulars,Foreign Exchange Market (WDAS) Auction No. 034/2013,,"Foreign Exchange Market (WDAS), Reuters Dealing 3000",FMD/FDO/GEN/CIR/01/034/13,https://www.cbn.gov.ng/Out/2013/FMD/auction no. 342013.pdf,528445,3341
2013-05-10,Central Bank of Nigeria,circulars,"Circular to DMBs, Cheque Printers and other Stakeholders on the Accreditation of Cheque Printers for 2013/2014",,"Circular to DMBs, Cheque Printers and other Stakeholders on the Accreditation of Cheque Printers for 2013/2014",BPS/DIR/CIR/04/2013,https://www.cbn.gov.ng/Out/2013/BPSD/Accreditation of Cheque Printers.pdf,225314,3343
2013-05-13,Central Bank of Nigeria,circulars,Foreign Exchange Market (WDAS) Auction No. 035/2013,,"Foreign Exchange Market (WDAS) Auction No. 035, Reuters Dealing 3000 Xtra, WDAS",FMD/FDO/GEN/CIR/01/035/13,https://www.cbn.gov.ng/Out/2013/FMD/auction no.352013.pdf,441959,3344
2013-05-15,Central Bank of Nigeria,circulars,Foreign Exchange Market (WDAS) Auction No. 036/2013,,"Foreign Exchange Market Auction No. 036, WDAS, Reuters Dealing 3000 Xtra",FMD/FDO/GEN/CIR/01/036/13,https://www.cbn.gov.ng/Out/2013/FMD/auction no. 362013.pdf,532326,3345
2013-05-16,Central Bank of Nigeria,circulars,"Notice Of 2013 Annual Workshop On Foreign Exchange Management Issues Holding From 3rd to 7th June, 2013 In Lagos - UPDATED!",,2013 Foreign Exchange Management Workshop,TED/FEM/FPC/GEN/01/005,https://www.cbn.gov.ng/Out/2013/CCD/FEMWSHOP.pdf,381381,3346
2013-05-17,Central Bank of Nigeria,circulars,Extension of Cash-less Policy to Five States and the FCT,Extension of Cash-less Policy to Five States and the FCT,Extension of Cash-less Policy to Five States and the FCT,BPS/DIR/GEN/CIR/01/015,https://www.cbn.gov.ng/Out/2013/BPSD/CIRCULAR ON CASH-LESS.pdf,211471,3358
2013-05-20,Central Bank of Nigeria,circulars,Foreign Exchange Market (WADS) Auction No. 037/2013,,"Foreign Exchange Market Auction No.037, Reuters Dealing 3000 Xtra",FMD/FDO/GEN/CIR/01/037/13,https://www.cbn.gov.ng/Out/2013/FMD/auction nos 372013.pdf,528602,3349
2013-05-27,Central Bank of Nigeria,circulars,Foreign Exchange Market (WDAS) Auction No. 039/2013,,"FMD/FDO/GEN/CIR/01/039/13
Foreign Exchange Market (WDAS) Auction No. 039/2013",FMD/FDO/GEN/CIR/01/039/13,https://www.cbn.gov.ng/Out/2013/FMD/Wdas 390001.pdf,577852,3360
2013-05-30,Central Bank of Nigeria,circulars,External Auditors’ Recommendations in the Management Letters in Banks Audited Financial ,,"management letters, banks, audited financial statements",BSD/DIR/GEN/LAB/06/025,https://www.cbn.gov.ng/Out/2014/BSD/LETTER TO ALL BANKS AND DISCOUNT HOUSES ON EXTERNAL AUDITORS RECOMMENDATIONS.pdf,55565,3688
2013-06-03,Central Bank of Nigeria,circulars,Foreign Exchange Market (WDAS) Auction No. 040/2013,,"FMD/FDO/GEN/CIR/01/040/13
Foreign Exchange Market (WDAS) Auction No. 040/2013",FMD/FDO/GEN/CIR/01/040/13,https://www.cbn.gov.ng/Out/2013/FMD/auction 4020130001.pdf,548924,3363
2013-06-05,Central Bank of Nigeria,circulars,Foreign Exchange Market (WDAS) Auction No. 041/2013,,"Foreign Exchange Auction No. 041, Reuters Dealing 3000 Xtra, WDAS",FMD/FDO/GEN/CIR/01/041/13,https://www.cbn.gov.ng/Out/2013/FMD/auction no. 412013.pdf,451367,3364
2013-06-10,Central Bank of Nigeria,circulars,Foreign Exchange Market (WDAS) Auction No. 042/2013,,"FMD/FDO/GEN/CIR/01/042/13
Foreign Exchange Market (WDAS) Auction No. 042/2013",FMD/FDO/GEN/CIR/01/042/13,https://www.cbn.gov.ng/Out/2013/FMD/auction no  4220130001.pdf,540887,3368
2013-06-12,Central Bank of Nigeria,circulars,Foreign Exchange Market (WDAS) Auction No. 043/2013,,"FMD/FDO/GEN/CIR/01/043/13
Foreign Exchange Market (WDAS) Auction No. 043/2013",FMD/FDO/GEN/CIR/01/043/13,https://www.cbn.gov.ng/Out/2013/FMD/WDAS 430001.pdf,535705,3372
2013-06-12,Central Bank of Nigeria,circulars,Regulatory Reporting of FGN-Issued And CBN-Issued Treasury Bills,,"Regulatory,Reporting,Treasury Bills ",BSD/DIR/GEN/RRTB/06/027,https://www.cbn.gov.ng/Out/2013/BSD/Circular on Regulatory Reporting of FGN-Issued and CBN-Issued Treasury Bills.pdf,127075,3396
2013-06-12,Central Bank of Nigeria,circulars,Regulatory Reporting of FGN-Issued and CBN-Issued Treasury Bills,,"Regulatory, Reporting, Treasury Bills",BSD/DIR/GEN/RRTB/06/027,https://www.cbn.gov.ng/Out/2013/BSD/Circular on Regulatory Reporting of FGN-Issued and CBN-Issued Treasury Bills.pdf,127075,3386
2013-06-12,Central Bank of Nigeria,circulars,"Terrorism (Prevention) (Proscription Order) Notice, 2013",,"Banks,Financial Institutions,Financials,Boko Haram,Jama'atu,Jihad,CBN,Terrorism",FPR/DIR/GEN/ADM/01/003,"https://www.cbn.gov.ng/Out/2013/FPRD/TERRORISM (PREVENTION) (PROSCRIPTION ORDER) NOTICE, 2013.pdf",651561,3370
2013-06-17,Central Bank of Nigeria,circulars,Foreign Exchange Market (WDAS) Auction No. 044/2013,,"FMD/FDO/GEN/CIR/01/044/13
Foreign Exchange Market (WDAS) Auction No. 044/2013",FMD/FDO/GEN/CIR/01/044/13,https://www.cbn.gov.ng/Out/2013/FMD/auction 4420130001.pdf,529444,3373
2013-06-17,Central Bank of Nigeria,circulars,Re: Extension of Destination Inspection Scheme for Imports and Appointment of Inspection Agents,Extension and re-allocation of DIAs,"Destination Inspection Scheme, Apointment of Inspection Agents",TED/FEM/FPC/01/006,https://www.cbn.gov.ng/Out/2013/TED/TED.FEM.FPC.01.006.pdf,547671,3377
2013-06-18,Central Bank of Nigeria,circulars,Additional Know Your Customer (KYC) Requirement in Respect of Designated Non-Financial Businesses and Professions (DNFBPs)-Extension of Deadline,,"CBN,KYC,Designated Non-financial businesses,Money Laundering, Special control Unit, Extension of deadline",FPR/DIR/CIR/GEN/03/005,https://www.cbn.gov.ng/Out/2013/FPRD/circular.pdf,159468,3378
2013-06-19,Central Bank of Nigeria,circulars,Foreign Exchange Market (WDAS) Auction No. 045/2013,,"FMD/FDO/GEN/CIR/01/045/13
Foreign Exchange Market (WDAS) Auction No. 045/2013",FMD/FDO/GEN/CIR/01/045/13,https://www.cbn.gov.ng/Out/2013/FMD/auction no  4520130001.pdf,452962,3379
2013-06-24,Central Bank of Nigeria,circulars,Foreign Exchange Market (WDAS) Auction No. 046/2013,,"FMD/FDO/GEN/CIR/01/046/13]
Foreign Exchange Market (WDAS) Auction No. 046/2013",FMD/FDO/GEN/CIR/01/046/13,https://www.cbn.gov.ng/Out/2013/FMD/auction no  4620130001.pdf,542835,3381
2013-06-26,Central Bank of Nigeria,circulars,Foreign Exchange Market (WDAS) Auction No. 047/2013,,"Foreign Exchange Market, WDAS, Reuters Dealing 3000 Xtra",FMD/FDO/GEN/CIR/01/047/13,https://www.cbn.gov.ng/Out/2013/FMD/auction no. 472013.pdf,533445,3384
2013-06-28,Central Bank of Nigeria,circulars,"Section 2 of Money Laudering Prohibition ACT: Duty to Report International Transfer of Funds-Transportation of Cash or Negotiable Instruments in Excess of US$10,000 or its Equivalent",,"Money Laudering,CBN,Financial,Financial Policy,MLPA,Banks,Cash,Transfer of Funds in Excess of US$10,000",FPR/DIR/CIR/GEN/03/004,"https://www.cbn.gov.ng/Out/2013/FPRD/Circular to all Banks and Other Financial Institutions-US$10,000.pdf",208351,3395
2013-07-01,Central Bank of Nigeria,circulars,Foreign Exchange Market (WDAS) Auction No. 048/2013,,"FMD/FDO/GEN/CIR/01/048/13
Foreign Exchange Market (WDAS) Auction No. 048/2013",FMD/FDO/GEN/CIR/01/048/13,https://www.cbn.gov.ng/Out/2013/FMD/auction no  4820130001.pdf,447724,3397
2013-07-03,Central Bank of Nigeria,circulars,Foreign Exchange Market (WDAS) Auction No. 049/2013 and FXForward Auction No. 001/2013 ,,"FMD/FED/GEN/CIR/01/049/13
Foreign Exchange Market (WDAS) Auction   No. 049/2013 and FX Forward Auction No. 001/2013",FMD/FED/GEN/CIR/01/049/13,https://www.cbn.gov.ng/Out/2013/FMD/auction no  4920130001.pdf,636337,3401
2013-07-04,Central Bank of Nigeria,circulars,Submission of Fraud Report on Electronic Channels using a Common Portal for the Industry,Submission of Fraud Report on Electronic Channels using a Common Portal for the Industry,Submission of Fraud Report on Electronic Channels using a Common Portal for the Industry,BPS/DIR/CIR/GEN/02/031,https://www.cbn.gov.ng/Out/2013/BPSD/CIRCULAR.pdf,239832,3402
2013-07-08,Central Bank of Nigeria,circulars,Foreign Exchange Market (WDAS) Auction No. 050/2013,,"WDAS, Reuters Dealing 3000 Xtra, CBN",FMD/FDO/GEN/CIR/01/050/13,https://www.cbn.gov.ng/Out/2013/FMD/AUCTION NOTICE1.pdf,539434,3415
2013-07-10,Central Bank of Nigeria,circulars,Circular to Banks and Other Financial Institutions on Dud/Dishonored Cheques,,"Dud/Dishonored Cheques,Finanacial Policy,CBN,Central Bank of Nigeria,Banks,Deposit Money Banks",FPR/DIR/CIR/GEN/03/005,https://www.cbn.gov.ng/Out/2013/FPRD/CIRCULAR TO BANKS AND OTHER FINANCIAL INSTITUTIONS ON DUD AND DISHONORED CHEQUE.pdf,258407,3416
2013-07-10,Central Bank of Nigeria,circulars,Foreign Exchange Market (WDAS) Auction No. 051/2013 and FX Forward Auction No. 002/2013,,"WDAS, CBN, Reuters Dealing 3000 Xtra",FMD/FED/CIR/GEN/01/051/13,https://www.cbn.gov.ng/Out/2013/FMD/ACTION NOTICE1.pdf,639178,3418
2013-07-11,Central Bank of Nigeria,circulars,"Proposed Visit of the International Cooperation Review Group (ICRG) of the Financial Action Task Force (FATF) to Nigeria in September, 2013",,"CBN,Financial Action Task Force,FATF,Financials, Central Bank of Nigeria,International Cooperation Review Group Group,ICRG,Money Laudering",FPR/DIR/GEN/ADM/01/004,https://www.cbn.gov.ng/Out/2013/FPRD/Proposed visit of the International Cooeration Review Group (ICRG) of FATF.pdf,287597,3419
2013-07-15,Central Bank of Nigeria,circulars,Foreign Exchange Market (WDAS) Auction No. 052/2013,,"FMD/FDO/GEN/CIR/01/052/13
Foreign Exchange Market (WDAS) Auction No. 052/2013",FMD/FDO/GEN/CIR/01/052/13,https://www.cbn.gov.ng/Out/2013/FMD/auction no  5220130001.pdf,506826,3422
2013-07-17,Central Bank of Nigeria,circulars,Foreign Exchange Market (WDAS) Auction No. 053/2013 and FX Foward Auction No. 003/2013,,"FMD/FDO/GEN/CIR/01/053/13
Foreign Exchange Market (WDAS) Auction No. 053/2013 and FX Foward Auction No. 003/2013",FMD/FDO/GEN/CIR/01/053/13,https://www.cbn.gov.ng/Out/2013/FMD/auction no  5320130001.pdf,627325,3424
2013-07-22,Central Bank of Nigeria,circulars,Foreign Exchange Market (WDAS) Auction No. 054/2013,,"WDAS, REUTERS DEALING 3000, CBN, FMD",FMD/FDO/GEN/CIR/01/054/13,https://www.cbn.gov.ng/Out/2013/FMD/AUTION NOTICE.pdf,513346,3425
2013-07-23,Central Bank of Nigeria,circulars,Status of Chief Compliance Officers of Banks,,"CBN,Financials,Chief Compliance Officers,Central Bank of Nigeria,Financial Policy and Regulation",FPR/DIR/GEN/001/022,https://www.cbn.gov.ng/Out/2013/FPRD/Status of Chief Compliance Officers of Banks).pdf,170992,3426
2013-07-24,Central Bank of Nigeria,circulars,Foreign Exchange Market (WDAS) Auction No. 055/2013 and FX Forward Auction No. 004/2013,,"WDAS, FX Forward, CBN, Reuters Dealing 3000",FMD/FDO/GEN/CIR/01/055/13,https://www.cbn.gov.ng/Out/2013/FMD/auction no. 552013.pdf,601942,3431
2013-07-25,Central Bank of Nigeria,circulars,Re: Extension of Contract for Pre-shipment Inspection of Oil & Gas and Monitoring Agents,Contract extention for pre-shipment inspection & monitoring agents.,"Pre-shipment inspection, Oil & Gas and monitoring agents.",TED/FEM/FPC/GEN/01/007,https://www.cbn.gov.ng/Out/2013/TED/01.007 - Extension of Contract for pre-shipment inspection of Oil & Gas and monitoring agents.pdf,464059,3433
2013-07-25,Central Bank of Nigeria,circulars,Review of the Cash Reserve Requirement (CRR) for Deposit Money Banks,,"cash, reserve,requirement, deposit",BSD/DIR/GEN/LAB/06/034,https://www.cbn.gov.ng/Out/2013/BSD/Circular on the CRR Review for DMBs (3).pdf,73545,3439
2013-07-29,Central Bank of Nigeria,circulars,Foreign Exchange Market (WDAS) Auction No. 056/2013,,"WDAS, Auctions, CBN, Reuters Dealing",FMD/FDO/GEN/CIR/01/056/13,https://www.cbn.gov.ng/Out/2013/FMD/auction no. 562013.pdf,519750,3436
2013-07-30,Central Bank of Nigeria,circulars,New Standards Organisation of Nigeria Conformity Assessment Programme (SONCAP),,SONCAP,TED/FEM/FPC/GEN/01/008,https://www.cbn.gov.ng/Out/2013/TED/New Standards Organisation of Nigeria Conformity Assessment Programme (SONCAP).pdf,461296,3437
2013-07-31,Central Bank of Nigeria,circulars,Foreign Exchange Market (WADS) Auction No. 057/2013 and FX Forward Auction No. 005/2013,,"WDAS, CBN, FX FORWARD, AUCTION",FMD/FDO/GEN/CIR/01/057/13,https://www.cbn.gov.ng/Out/2013/FMD/Auction 572013.pdf,616812,3451
2013-08-05,Central Bank of Nigeria,circulars,Foreign Exchange Market (WDAS) Auction No. 058/2013,,"WDAS, CBN, REUTERS DEALING 3000,",FMD/FDO/GEN/CIR/01/058/13,https://www.cbn.gov.ng/Out/2013/FMD/auction no. 582013.pdf,533693,3472
2013-08-05,Central Bank of Nigeria,circulars,Foreign Exchange Market (WDAS) Auction No. 058/2013,,"WDAS, AUCTION, CBN, FMD, REUTERS DEALING 3000",FMD/FDO/GEN/CIR/01/058/13,https://www.cbn.gov.ng/Out/2013/FMD/auction no. 582013.pdf,533693,3473
2013-08-07,Central Bank of Nigeria,circulars,Foreign Exchange Market (WDAS) Auction No. 059/2013 and FX Forward Auction No. 006/2013,,"CBN, FX, AUCTION, WDAS",FMD/FDO/GEN/CIR/01/059/13,https://www.cbn.gov.ng/Out/2013/FMD/auction no. 592013.pdf,616466,3475
2013-08-12,Central Bank of Nigeria,circulars,Foreign Exchange Market (WDAS) Auction No. 60/2013,,"WDAS, CBN, AUCTION, FMD",FMD/FDO/GEN/CIR/01/60/13,https://www.cbn.gov.ng/Out/2013/FMD/auction no. 602013.pdf,523307,3477
2013-08-14,Central Bank of Nigeria,circulars,Foreign Exchange Market (WDAS) Auction No. 061/2013 and FX Forward Auction No. 007/2013,,"WDAS, CBN, AUCTION, REUTERS DEALING",FMD/FDO/GEN/CIR/01/061/13,https://www.cbn.gov.ng/Out/2013/FMD/auction no. 612013.pdf,524561,3485
2013-08-19,Central Bank of Nigeria,circulars,Foreign Exchange Market (WDAS) Auction No. 62/2013,,"WDAS, CBN, AUCTION, REUTERS DEALING 3000 XTRA",FMD/FDO/GEN/CIR/01/62/13,https://www.cbn.gov.ng/Out/2013/FMD/Auction 62.pdf,511902,3487
2013-08-21,Central Bank of Nigeria,circulars,Foreign Exchange Market (WDAS) Auction No. 63/2013 and FX Forward Auction No 08/2013,,"WDAS, CBN, FX FORWARD, AUCTION",FMD/FDO/GEN/CIR/01/63/13,https://www.cbn.gov.ng/Out/2013/FMD/auction no. 632013.pdf,612203,3490
2013-08-26,Central Bank of Nigeria,circulars,Foreign Exchange Market (WDAS) Auction No. 64/2013,,"WDAS, CBN, REUTERS DEALING 3000, AUCTION",FMD/FDO/GEN/CIR/01/64/13,https://www.cbn.gov.ng/Out/2013/FMD/auction no. 642013.pdf,529137,3492
2013-08-28,Central Bank of Nigeria,circulars,Foreign Exchange Market (WDAS) Auction No. 65/2013 and FX Forward Auction No 09/2013,,"WDAS, CBN, AUCTION, REUTERS DEALING 3000 XTRA",FMD/FDO/GEN/CIR/01/65/13,https://www.cbn.gov.ng/Out/2013/FMD/Auction 652013.pdf,619800,3494
2013-09-02,Central Bank of Nigeria,circulars,Foreign Exchange Market (WDAS) Auction No. 66/2013,,"WDAS, CBN, AUCTION, REUTERS DEALING",FMD/FDO/GEN/CIR/01/66/13,https://www.cbn.gov.ng/Out/2013/FMD/auction no. 662013.pdf,527319,3499
2013-09-05,Central Bank of Nigeria,circulars,Re: Review of the Cash Reserve Requirement (CRR) for Deposit Money Banks,,"Cash, Reserve, Requirement, deposit, banks",BSD/DIR/GEN/LAB/06/039,https://www.cbn.gov.ng/Out/2013/BSD/Review of the Cash Reserve Requirement CRR for Deposit Money Banks.pdf,148650,3506
2013-09-06,Central Bank of Nigeria,circulars,2013 Hajj Operations - Purchase Of Pilgrims Travelling Allowance (PTA),,"Hajj, Travelling, PTA",TED/FEM/FPC/GEN/01/008,https://www.cbn.gov.ng/Out/2013/CCD/Hajj.pdf,689214,3505
2013-09-09,Central Bank of Nigeria,circulars,Foreign Exchange Market (WDAS) Auction No. 68/2013,,"CBN, WDAS, AUCTION, REUTERS DEALING 3000 XTRA",FMD/FDO/GEN/CIR/01/68/13,https://www.cbn.gov.ng/Out/2013/FMD/auction no. 682013.pdf,534019,3507
2013-09-10,Central Bank of Nigeria,circulars,Reporting of all Credit Facilities of N1 Million and above in the Credit Risk Management System ,,"credit, risk,facilities",BSD/DIR/GEN/LAB/06/040,https://www.cbn.gov.ng/Out/2013/BSD/REPORTING OF ALL CREDIT FACILITIES OF N1 MILLION AND ABOVE IN THE CREDIT RISK MANAGEMENT SYSTEM .pdf,129201,3509
2013-09-11,Central Bank of Nigeria,circulars,Foreign Exchange Market (WDAS) Auction No. 69/2013 and FX Forward Auction No 11/2013,,"WDAS, AUCTION, CBN, FX Forward",FMD/FDO/GEN/CIR/01/69/13,https://www.cbn.gov.ng/Out/2013/FMD/auction no. 692013.pdf,509888,3508
2013-09-16,Central Bank of Nigeria,circulars,Foreign Exchange Market (WDAS) Auction No. 70/2013,,"FMD/FDO/GEN/CIR/01/70/13
Foreign Exchange Market (WDAS) Auction No. 70/2013",FMD/FDO/GEN/CIR/01/70/13,https://www.cbn.gov.ng/Out/2013/FMD/auction no  7020130001.pdf,532739,3511
2013-09-18,Central Bank of Nigeria,circulars,Foreign Exchange Market (WDAS) Auction No. 71/2013 and FX Forward Auction No 12/2013,,"FMD/FDO/GEN/CIR/01/71/13
Foreign Exchange Market (WDAS) Auction No. 71/2013 and FX Forward Auction No 12/2013",FMD/FDO/GEN/CIR/01/71/13,https://www.cbn.gov.ng/Out/2013/FMD/auction no  7120130001.pdf,705792,3513
2013-09-23,Central Bank of Nigeria,circulars,Foreign Exchange Market (WDAS) Auction No. 072/2013,,"FMD/FDO/GEN/CIR/01/072/13
Foreign Exchange Market (WDAS) Auction No. 072/2013",FMD/FDO/GEN/CIR/01/072/13,https://www.cbn.gov.ng/Out/2013/FMD/auction no  7220130001.pdf,542752,3518
2013-09-25,Central Bank of Nigeria,circulars,Foreign Exchange Market (WDAS) Auction No. 73/2013 and FX Forward Auction No.013/2013,,"FMD/FDO/GEN/CIR/01/073/13
Foreign Exchange Market (WDAS) Auction No. 73/2013 and FX Forward Auction No.013/2013",FMD/FDO/GEN/CIR/01/073/13,https://www.cbn.gov.ng/Out/2013/FMD/auction no  7320130001.pdf,624353,3525
2013-09-26,Central Bank of Nigeria,circulars,Developments in the Foreign Exchange Market,,"Developments in the Foreign Exchange Market, TED",TED/FEM/FPC/GEN/01/009,https://www.cbn.gov.ng/Out/2013/CCD/Developments In The Foreign Exchang Market.pdf,1385587,3530
2013-09-27,Central Bank of Nigeria,circulars,Revocation of the Operating Licenses of 20 Bureaux de Change,,"Revocation of the Operating Licenses of 20 Bureaux de Change,Routine examination of sale and utilisation of foreign exchange",FPR/DIR/CIR/GEN/03/006,https://www.cbn.gov.ng/Out/2013/FPRD/Revocation of Operating License of 20 BDCs.pdf,243794,3532
2013-09-30,Central Bank of Nigeria,circulars,"To All Authorized Delears,Bureaux De Change and General Public",,"Revocation of Operating Licences of 20 Bureaux De Change, Routine examination of sale and utilisation of foreign exhange,Central Bank of Nigeria discovered of operators of BDC,Purchased large unsual amount from Deposit Money Banks, Moner laundry, names of the affected BDC",FPR/DIR/CIR/GEN/03/006,https://www.cbn.gov.ng/Out/2013/FPRD/Fast color scan to a PDF file_9.PDF,292927,3547
2013-10-02,Central Bank of Nigeria,circulars,Foreign Exchange Market Auction- RDAS No. 01/2013,,"FMD/FDO/GEN/CIR/01/75/13
Foreign Exchange Market Auction- RDAS No. 01/2013",FMD/FDO/GEN/CIR/01/75/13,https://www.cbn.gov.ng/Out/2013/FMD/auction no  02-10-2013.pdf,442042,3563
2013-10-02,Central Bank of Nigeria,circulars,Requirement to Surrender Excess Foreign Currency Banknotes in Possession of Banks to the Central Bank of Nigeria,,"banknotes, possession, currency",BSD/DIR/CIR/RFCB/GEN/VOL.1/45,https://www.cbn.gov.ng/Out/2014/BSD/Excess Foreign Currency.pdf,176970,3876
2013-10-07,Central Bank of Nigeria,circulars,Foreign Exchange Market Auction- RDAS No. 02/2013,,"FMD/FDO/GEN/CIR/01/76/13
Foreign Exchange Market Auction- RDAS No. 02/2013",FMD/FDO/GEN/CIR/01/76/13,https://www.cbn.gov.ng/Out/2013/FMD/auction no  07-10-2013.pdf,543447,3564
2013-10-09,Central Bank of Nigeria,circulars,Foreign Exchange Market Auction- RDAS No. 03/2013,,"FMD/FDO/GEN/CIR/01/77/13
Foreign Exchange Market Auction- RDAS No. 03/2013",FMD/FDO/GEN/CIR/01/77/13,https://www.cbn.gov.ng/Out/2013/FMD/RDAS NO 03 OF 09102013 SUMMARY.pdf,7197,3565
2013-10-10,Central Bank of Nigeria,circulars,Frequently Asked Questions on Direct Debit Scheme,Frequently Asked Questions on Direct Debit Scheme,Frequently Asked Questions on Direct Debit Scheme,BPS/DIR/GEN/01/029,https://www.cbn.gov.ng/Out/2013/BPSD/Direct Debit FAQ.pdf,333201,3550
2013-10-11,Central Bank of Nigeria,circulars,Prudential Adjustments to Financial Statements of Other Financial Institutions,Prudential Adjustments to Financial Statements of Other Financial Institutions,"Prudential,Adjustments,Financial,Statements,Other,Institutions,OFISD,PMB,DFI,FC,BDC,MFB,CBN,Bank",GEN/OFIS/DIR/OFI/106,https://www.cbn.gov.ng/Out/2014/OFISD/Prudential Adjustments to Financial Statements of Other Financial Institutions.pdf,298865,3673
2013-10-11,Central Bank of Nigeria,circulars,Recognition of Investment Properties/Real Estate Development in the Financial Statement of Primary Mortgage Banks in Nigeria ,Recognition of Investment Properties/Real Estate Development in the Financial Statement of Primary Mortgage Banks in Nigeria,"Recognition,Investment,Properties,Real,Estate,Development,Financial,Statement,Primary,Mortgage,Banks,Nigeria,CBN,OFISD,PMB",OFI/DIR/CIR/GEN/01/107,https://www.cbn.gov.ng/Out/2014/OFISD/Recognition of Investment Properties_Real Estate Development.pdf,228204,3672
2013-10-14,Central Bank of Nigeria,circulars,Year 2013 Christian Pilgrimage - Purchase of Pilgrims Travelling Allowance,PURCHASE OF YEAR 2013 CHRISTIAN PILGRIMS TRAVELLING ALLOWANCE,PILGRIMS TRAVELLING ALLOWANCE,TED/FEM/FPC/GEN/01/010,https://www.cbn.gov.ng/Out/2013/TED/Circular - TED.FEM.FPC.GEN.01.010.pdf,574062,3551
2013-10-17,Central Bank of Nigeria,circulars,April 2013 Report of Activities under the Agricultural Credit Guarantee Scheme,Loans guaranteed and loans fully repaid statistics,Loans guaranteed loans repaid,ACGSF/04/2013,https://www.cbn.gov.ng/Out/2013/DFD/APRIL 2013 ACGS STATISTICS.xls,433152,3554
2013-10-17,Central Bank of Nigeria,circulars,August 2013 Report of Activities under the Agricultural Credit Guarantee Scheme,Loans guaranteed and loans fully repaid statistics,Loans guaranteed loans repaid,ACGSF/08/2013,https://www.cbn.gov.ng/Out/2013/DFD/AUGUST 2013 ACGS STATISTICS.pdf,612614,3558
2013-10-17,Central Bank of Nigeria,circulars,July 2013 Report of Activities under the Agricultural Credit Guarantee Scheme,Loans guaranteed and loans fully repaid statistics,Loans guaranteed loans repaid,ACGSF/07/2013,https://www.cbn.gov.ng/Out/2013/DFD/JULY 2013 ACGS STATISTICS.pdf,628277,3557
2013-10-17,Central Bank of Nigeria,circulars,June 2013 Report of Activities under the Agricultural Credit Guarantee Scheme,Loans guaranteed and loans fully repaid statistics,Loans guaranteed loans repaid,ACGSF/06/2013,https://www.cbn.gov.ng/Out/2013/DFD/JUNE 2013 ACGS STATISTICS.pdf,627388,3556
2013-10-17,Central Bank of Nigeria,circulars,March 2013 Report of Activities under the Agricultural Credit Guarantee Scheme,Loans guaranteed and loans fully repaid statistics,Loans guaranteed loans repaid ,ACGSF/03/2013,https://www.cbn.gov.ng/Out/2013/DFD/MARCH 2013 ACGS STATISTICS.pdf,613151,3553
2013-10-17,Central Bank of Nigeria,circulars,May 2013 Report of Activities under the Agricultural Credit Guarantee Scheme,Loans guaranteed and loans fully repaid statistics,Loans guaranteed loans repaid,ACGSF/05/2013,https://www.cbn.gov.ng/Out/2013/DFD/MAY 2013 ACGS STATISTICS.pdf,618649,3555
2013-10-17,Central Bank of Nigeria,circulars,Power and Airline Intervention Fund,Cumulative Disbursement of Funds,PAIF,PAIF/06/2013,https://www.cbn.gov.ng/Out/2013/DFD/PAIF_Web_update(June 2013).pdf,172466,3560
2013-10-17,Central Bank of Nigeria,circulars,Re: Year 2013 Christian Pilgrimage; Purchase of Pilgrims Travelling Allowance,"2013 Christian Pilgrimage, Pilgrims Travelling Allowance",Christian Pilgrimage and Pilgrims Travelling Allowance,TED/FEM/FPC/GEN/01/011,https://www.cbn.gov.ng/Out/2013/TED/Circular - TED.FEM.FPC.GEN.01.011.pdf,240668,3562
2013-10-17,Central Bank of Nigeria,circulars,Report of Activities under the Agricultural Credit Guarantee Scheme Fund ,Loans guaranteed and loans fully repaid for February 2013,Loans guaranteed loans repaid,ACGSF/02/2013,https://www.cbn.gov.ng/Out/2013/DFD/FEBRUARY 2013 ACGS STATISTICS.pdf,615111,3552
2013-10-17,Central Bank of Nigeria,circulars,September 2013 Report of Activities under the Agricultural Credit Guarantee Scheme,Loans guaranteed and loans fully repaid statistics,Loans guaranteed loans repaid,ACGSF/09/2013,https://www.cbn.gov.ng/Out/2013/DFD/SEPTEMBER 2013 ACGS STATISTICS.pdf,4181703,3559
2013-10-21,Central Bank of Nigeria,circulars,Foreign Exchange Market Auction- RDAS No. 05/2013,,"FMD/FDO/GEN/CIR/01/79/13
Foreign Exchange Market Auction- RDAS No. 05/2013",FMD/FDO/GEN/CIR/01/079/13,https://www.cbn.gov.ng/Out/2013/FMD/auction no  0520130002.pdf,542978,3566
2013-10-23,Central Bank of Nigeria,circulars,Foreign Exchange Market Auction- RDAS No. 06/2013,,"FMD/FDO/GEN/CIR/01/80/13
Foreign Exchange Market Auction- RDAS No. 06/2013",FMD/FDO/GEN/CIR/01/80/13,https://www.cbn.gov.ng/Out/2013/FMD/auction no  0620130001.pdf,462825,3568
2013-10-23,Central Bank of Nigeria,circulars,Re: Year 2013 Christian Pilgimage - Purchase of Pilgrims Travelling Allowance,,"Christian Pilgrimage, Pilgrims Travelling Allowance",TED/FEM/FPC/GEN/01/012,https://www.cbn.gov.ng/Out/2013/TED/TED.FEM.FPC.GEN.01.012.pdf,229032,3576
2013-10-24,Central Bank of Nigeria,circulars,Re: Year 2013 Christian Pilgrimage Purchase Of Pilgrims Travelling Allowance,,Year 2013 Christian Pilgrimage Allowance,TED/FEM/FPC/GEN/01/013,https://www.cbn.gov.ng/Out/2013/TED/year 2013 Xtian Pilgrimage.pdf,203291,3577
2013-10-28,Central Bank of Nigeria,circulars,Foreign Exchange Market Auction- RDAS No. 07/2013,,"FMD/FDO/GEN/CIR/01/81/13
Foreign Exchange Market Auction- RDAS No. 07/2013",FMD/FDO/GEN/CIR/01/81/13,https://www.cbn.gov.ng/Out/2013/FMD/auction no  07 2013.pdf,571711,3578
2013-10-30,Central Bank of Nigeria,circulars,Foreign Exchange Market Auction- RDAS No. 08/2013,,"FMD/FDO/GEN/CIR/01/82/13
Foreign Exchange Market Auction- RDAS No. 08/2013",FMD/FDO/GEN/CIR/01/082/13,https://www.cbn.gov.ng/Out/2013/FMD/rdas 0820130001.pdf,575874,3579
2013-11-01,Central Bank of Nigeria,circulars,Letter to Banks and Other Financial Institutions on Suspicious Transactions Reports (STRs) and Currency Transaction Reports (CTRs),,"Central Bank of Nigeria,CBN,Suspicious Transactions Reports(STRs),Currency Transaction Reports(CTRs),Financial,Financial Policy and Regulation,Banks",FPR/DIR/GEN/ADM/01/010,https://www.cbn.gov.ng/Out/2013/FPRD/Fast color scan to a PDF file_1 (3).pdf,161865,3587
2013-11-04,Central Bank of Nigeria,circulars,Foreign Exchange Market Auction- RDAS No. 09/2013,,"FMD/FDO/GEN/CIR/01/083/13
Foreign Exchange Market Auction- RDAS No. 09/2013",FMD/FDO/GEN/CIR/01/083/13,https://www.cbn.gov.ng/Out/2013/FMD/auction no  09 2013.pdf,193982,3588
2013-11-06,Central Bank of Nigeria,circulars,Foreign Exchange Market Auction- RDAS No. 10/2013,,"FMD/FDO/GEN/CIR/01/084/13
Foreign Exchange Market Auction- RDAS No. 10/2013",FMD/FDO/GEN/CIR/01/084/13,https://www.cbn.gov.ng/Out/2013/FMD/auction no  102013.pdf,194582,3589
2013-11-06,Central Bank of Nigeria,circulars,Re: Year 2013 Christian Pilgrimage: Purchase of Pilgrims Travelling Allowance,"Christain Pilgrimage, Pilgrims Travelling ALlowance",Pilgrims Travelling Allowance,TED/FEM/FPC/GEN/01/013,https://www.cbn.gov.ng/Out/2013/TED/TED.FEM.FPC.GEN.01.013.pdf,209740,3590
2013-11-11,Central Bank of Nigeria,circulars,Foreign Exchange Market Auction - RDAS NO.11/2013,,"RDAS, CBN, FMD, AUTHORISED DEALERS",FMD/FDO/GEN/CIR/01/085/13,https://www.cbn.gov.ng/Out/2013/FMD/rdas no. 112013.pdf,457450,3591
2013-11-13,Central Bank of Nigeria,circulars,Foreign Exchange Market Auction- RDAS No. 12/2013,,"FMD/FDO/GEN/CIR/01/086/13
Foreign Exchange Market Auction- RDAS No. 12/2013",FMD/FDO/GEN/CIR/01/086/13,https://www.cbn.gov.ng/Out/2013/FMD/auction no  13-11-2013.pdf,191902,3593
2013-11-13,Central Bank of Nigeria,circulars,Unit MFBs can have One branch in the same Local Government Area,Amendment of The Revised Regulatory and Supervisory Guidelines For Microfinance Banks (MFBs) in Nigeria to allow Unit MFB to have One Branch in the same Local Government Area,"Amendment,Revised,Regulatory,Supervisory,Guidelines,Microfinance,Banks,Nigeria,Unit,MFBs,One,Branch,Local,Government,Area",OFI/DIR/CIR/GEN/01/012,https://www.cbn.gov.ng/Out/2014/OFISD/Unit MFBs can have One Branch within its LGA.pdf,241992,3671
2013-11-14,Central Bank of Nigeria,circulars,"GUIDELINES FOR THE LICENSING, OPERATIONS AND REGULATION OF CREDIT BUREAUX AND CREDIT BUREAUX RELATED TRANSACTIONS IN NIGERIA","GUIDELINE FOR THE LICENSING, OPERATIONS AND REGULATION OF CREDIT BUREAUX AND CREDIT BUREAU RELATED TRANSACTIONS IN NIGERIA","guideline,licensing,operaration,regulation,credit,bureau,cbn,bsd",BSD/DIR/GEN/LAB/06/051,https://www.cbn.gov.ng/Out/2013/BSD/APPROVED CREDIT BUREAU GUIDELINES AS AT NOVEMBER 2013.pdf,540920,3598
2013-11-14,Central Bank of Nigeria,circulars,"Re: Transactions in ""Free  Funds"" by Authorised Dealers",Free Funds Authorised Dealers,Free Funds Authorised Dealers,TED/FEM/FPC/GEN/01/016,https://www.cbn.gov.ng/Out/2013/TED/TED.FEM.FPC.GEN.01.016.pdf,226304,3595
2013-11-14,Central Bank of Nigeria,circulars,Re: Year 2013 Christian Pilgrimage: Purchase of Pilgrims Travelling Allowance,"Christian Pilgrimage, Pilgrims Travelling Allowance","Christian Pilgrimage, Pilgrims Travelling Allowance",TED/FEM/FPC/GEN/01/015,https://www.cbn.gov.ng/Out/2013/TED/TED.FEM.FPC.GEN.01.015.pdf,249527,3594
2013-11-18,Central Bank of Nigeria,circulars,Foreign Exchange Market Auction- RDAS No. 13/2013,,"FMD/FDO/GEN/CIR/01/087/13
Foreign Exchange Market Auction- RDAS No. 13/2013",FMD/FDO/GEN/CIR/01/087/13,https://www.cbn.gov.ng/Out/2013/FMD/auction no  18-11-2013.pdf,194174,3597
2013-11-20,Central Bank of Nigeria,circulars,Foreign Exchange Market Auction - RDAS NO.14/2013,,"RADS, CBN, FMD, AUTHORISED DEALERS, AUCTION",FMD/FDO/GEN/CIR/01/088/13,https://www.cbn.gov.ng/Out/2013/FMD/rdas no. 142013.pdf,189059,3600
2013-11-22,Central Bank of Nigeria,circulars,Year 2013 Christian Pilgrimage: Purchase of Pilgrims Travelling Allowance,Pilgrims Travelling Allowance,"Christian Pilgrimage, Pilgrims Travelling Allowance",TED/FEM/FPC/GEN/01/017,https://www.cbn.gov.ng/Out/2013/TED/TED.FEM.FPC.GEN.01.017.pdf,224788,3609
2013-11-25,Central Bank of Nigeria,circulars,Foreign Exchange Market Auction- RDAS No. 15/2013,,"FMD/FDO/GEN/CIR/01/089/13
Foreign Exchange Market Auction- RDAS No. 15/2013",FMD/FDO/GEN/CIR/01/089/13,https://www.cbn.gov.ng/Out/2013/FMD/AUCTION no  25-11-2013.pdf,193662,3604
2013-11-25,Central Bank of Nigeria,circulars,October 2013 Report of Activities under the Agricultural Credit Guarantee Scheme ,Loans guaranteed and loans fully repaid statistics,Loans guaranteed loans repaid,ACGSF/10/2013,https://www.cbn.gov.ng/Out/2013/DFD/OCTOBER 2013 ACGS STATISTICS.pdf,631050,3605
2013-11-27,Central Bank of Nigeria,circulars,Foreign Exchange Market Auction- RDAS No. 16/2013,,"FMD/FDO/GEN/CIR/01/090/13
Foreign Exchange Market Auction- RDAS No. 16/2013",FMD/FDO/GEN/CIR/01/090/13,https://www.cbn.gov.ng/Out/2013/FMD/Auction no 27-11-2013.pdf,192367,3608
2013-11-27,Central Bank of Nigeria,circulars,Re: Year 2013 Christian Pilgrimage: Purchase of Pilgrims Travelling Allowance,Christian Pilgrimage,"Christian Pilgrimage, Pilgrims Travelling Allowance",TED/FEM/FPC/GEN/01/018,https://www.cbn.gov.ng/Out/2013/TED/TED.FEM.FPC.GEN.01.018.pdf,188926,3610
2013-11-28,Central Bank of Nigeria,circulars,Developments in the Foreign Exchange Market,Foreign Exchange Market,"Developments, Foreign Exchange Market",TED/FEM/FPC/GEN/01/20,https://www.cbn.gov.ng/Out/2013/TED/TED.FEM.FPC.GEN.01.20.pdf,651556,3612
2013-11-28,Central Bank of Nigeria,circulars,Year 2013 Christian Pilgrimage: Purchase of Pilgrims Travelling Allowance,Christain Pilgrimage,"Christian Pilgrimage, Pilgrims Travelling Allowance",TED/FEM/FPC/GEN/01/019,https://www.cbn.gov.ng/Out/2013/TED/TED.FEM.FPC.GEN.01.019.pdf,211524,3611
2013-12-02,Central Bank of Nigeria,circulars,Foreign Exchange Market Auction- RDAS No. 17/2013,,"FMD/FDO/GEN/CIR/01/091/13
Foreign Exchange Market Auction- RDAS No. 17/2013",FMD/FDO/GEN/CIR/01/091/13,https://www.cbn.gov.ng/Out/2013/FMD/Auction no 02-12-2013.pdf,194233,3613
2013-12-04,Central Bank of Nigeria,circulars,Foreign Exchange Market Auction- RDAS No. 18/2013,,"FMD/FDO/GEN/CIR/01/092/13
Foreign Exchange Market Auction- RDAS No. 18/2013",FMD/FDO/GEN/CIR/01/092/13,https://www.cbn.gov.ng/Out/2013/FMD/Auction No 04-12-2013.pdf,549956,3614
2013-12-06,Central Bank of Nigeria,circulars,RE: Year 2013 Christian Pilgrimage Purcahse of Pilgrims Travelling Allowance,,"Year 2013 Christian Pilgrimage Purcahse of Pilgrims Travelling Allowance, CBN, Central Bank of Nigeria",TED/FEM/FPC/GEN/01/21,https://www.cbn.gov.ng/Out/2013/CCD/TED 06 DEC 2013.pdf,260717,3615
2013-12-09,Central Bank of Nigeria,circulars,Foreign Exchange Market Auction - RDAS NO.19/2013,,"AUCTION, RDAS, CBN, FMD, AUTHORISED DEALERS",FMD/FDO/GEN/CIR/01/093/13,https://www.cbn.gov.ng/Out/2013/FMD/auction no. 192013.pdf,483819,3616
2013-12-10,Central Bank of Nigeria,circulars,Circular to all Banks and Discount Houses on the Implementation of Basel II/III in Nigeria,,"Banks, Discount Houses, BASEL",BSD/DIR/CIR/GEN/LAB/06/053,https://www.cbn.gov.ng/Out/2013/BSD/0Basel II Implementation Circular.pdf,186264,3629
2013-12-10,Central Bank of Nigeria,circulars,Guidance Notes on Pillar III: Market Discipline,,"Guidance Notes, Market Discipline",BSD/DIR/CIR/GEN/LAB/06/053/7,https://www.cbn.gov.ng/Out/2013/BSD/7Guidance Notes Disclosure Requirement Revised.pdf,339366,3636
2013-12-10,Central Bank of Nigeria,circulars,Guidance Notes on Pillar III: Market Discipline,,"Guidance Notes, Market Discipline",BSD/DIR/CIR/GEN/LAB/06/053/7,https://www.cbn.gov.ng/Out/2013/BSD/7Guidance Notes Disclosure Requirement Revised.pdf,339366,3637
2013-12-10,Central Bank of Nigeria,circulars,Guidance Notes on Supervisory Review Process,,"Guidance Notes,Supervisory, Review Process",BSD/DIR/CIR/GEN/LAB/06/053/4,https://www.cbn.gov.ng/Out/2013/BSD/4Guidance Notes on SRP.pdf,280832,3633
2013-12-10,Central Bank of Nigeria,circulars,Guidance Notes on the Calculation of Capital Requirement for Credit Risk: Standardized Approach,,"Calculation, Capital, Ctredit Risk",BSD/DIR/CIR/GEN/LAB/06/053/3,https://www.cbn.gov.ng/Out/2013/BSD/3Guidance Notes on Credit Risk Capital Requirement Revised.pdf,882245,3632
2013-12-10,Central Bank of Nigeria,circulars,Guidance Notes on the Calculation of Capital Requirement for Market Risk: Standardized Approach,,"Guidance Notes, Market Risk, Standardized Approach",BSD/DIR/CIR/GEN/LAB/06/053/5,https://www.cbn.gov.ng/Out/2013/BSD/5Guidance Note on Market Risk Capital Requirement.pdf,481858,3634
2013-12-10,Central Bank of Nigeria,circulars,Guidance Notes on the Calculation of Capital Requirement for Operational Risk:  Basic Indicator Approach (BIA) and the Standardized Approach (TSA),,"Guidance Notes, Operational Risk, Standardized Approach, Basic indicator Approach",BSD/DIR/CIR/GEN/LAB/06/053/6,https://www.cbn.gov.ng/Out/2013/BSD/6Guidance on Operational Risk BIA and TSA.pdf,516025,3635
2013-12-10,Central Bank of Nigeria,circulars,Guidance Notes on the Calculation of Regulatory Capital,,"Calculation, Regulatory, Guidance Notes",BSD/DIR/CIR/GEN/LAB/06/053/2,https://www.cbn.gov.ng/Out/2013/BSD/2Guidance Notes on Regulatory Capital.pdf,713115,3631
2013-12-10,Central Bank of Nigeria,circulars,Regulatory Capital Measurement and Management Framework for the Implementation of Basel II/III for the Nigerian Banking System,,"Implementation, Nigerian Banking System",BSD/DIR/CIR/GEN/LAB/06/053/1,https://www.cbn.gov.ng/Out/2013/BSD/1Introduction and Area of National Discretion.pdf,204993,3630
2013-12-11,Central Bank of Nigeria,circulars,Circular to all Banks and Discount Houses on the Implementation of Basel II in Nigeria,circular on basel II implementation,"basel,circula,bsd,cbn,sls,martins,tokunbo,dbs,dbsd,",BSD/DIR/CIR/GEN/LAB/06/053,https://www.cbn.gov.ng/Out/2013/BSD/Basell II Implementation Circular.pdf,186264,3628
2013-12-11,Central Bank of Nigeria,circulars,Circular to all Banks and Discount Houses on the Implementation of Basel II/III in Nigeria,Commencement of the Implementation of Basel II Capital Measurement for Banks and Discount Houses,"basel,capital,basellII,measurement,cbn,bsd,tokunbo,sanusi,lamido,sly,nigeria,financial,banking,",BSD/DIR/CIR/GEN/LAB/06/053,https://www.cbn.gov.ng/Out/2013/BSD/??Basel II Implementation Circular.pdf,77184,3626
2013-12-11,Central Bank of Nigeria,circulars,Circular to all Banks and Discount Houses on the Implementation of Basel II/III in Nigeria,Commencement of the Implementation of Basel II Capital Measurement for Banks and Discount Houses,"basel,capital,basellII,measurement,cbn,bsd,tokunbo,sanusi,lamido,sly,nigeria,financial,banking,",BSD/DIR/CIR/GEN/LAB/06/053,https://www.cbn.gov.ng/Out/2013/BSD/??Basel II Implementation Circular.pdf,77184,3627
2013-12-11,Central Bank of Nigeria,circulars,Foreign Exchange Market Auction- RDAS No. 20/2013,,"FMD/FDO/GEN/CIR/01/094/13
Foreign Exchange Market Auction- RDAS No. 20/2013",FMD/FDO/GEN/CIR/01/094/13,https://www.cbn.gov.ng/Out/2013/FMD/Auction No 11-12-2013.pdf,195326,3625
2013-12-17,Central Bank of Nigeria,circulars,Re: Year 2013 Christain Pilgrimage - Purchase of Pilgrims Travelling Allowance ,Christain Pilgrimage,Pilgrims Travelling Allowance,TED/FEM/FPC/GEN/01/022,https://www.cbn.gov.ng/Out/2013/TED/TED.FEM.FPC.GEN.01.22.pdf,190806,3640
2013-12-18,Central Bank of Nigeria,circulars,Foreign Exchange Market Auction- RDAS No. 22/2013,,"FMD/FDO/GEN/CIR/01/096/13
Foreign Exchange Market Auction- RDAS No. 22/2013",FMD/FDO/GEN/CIR/01/096/13,https://www.cbn.gov.ng/Out/2013/FMD/Auction No 18-12-2013.pdf,195142,3641
2013-12-24,Central Bank of Nigeria,circulars,RE: Rendition of AML/CFT Returns to CBN,,"AML/CFT Returns, BSD, Deposit Money Banks, Merchant Banks,other  financial institution",FPR/DIR/GEN/ADM/01/011,https://www.cbn.gov.ng/Out/2013/FPRD/AML_CFT Returns.PDF,112459,3647
2013-12-24,Central Bank of Nigeria,circulars,Re: Year 2013 Christian Pilgrimage - Purchase of Pilgrims Travelling Allowance,Christain Pilgrimage,Pilgrims Travelling Allowance,TED/FEM/FPC/GEN/01/023,https://www.cbn.gov.ng/Out/2013/TED/TED.FEM.FPC.GEN.01.23.pdf,44800,3648
2014-01-03,Central Bank of Nigeria,circulars,Cash Reserve Requirement Maintenance Calendar for 2014,,"cash, reserve, requirement, calender",BSD/DIR/GEN/LAB/07/001,https://www.cbn.gov.ng/Out/2014/BSD/Cash Reserve Requirement Maintenance Calendar for 2014.pdf,68659,3651
2014-01-06,Central Bank of Nigeria,circulars,Foreign Exchange Market Auction - RDAS No.01/2014,,"AUCTION, FMD, AUTHORISED DEALERS, CBN",FMD/FDO/GEN/CIR/01/01/14,https://www.cbn.gov.ng/Out/2014/FMD/06012014.pdf,550884,3649
2014-01-08,Central Bank of Nigeria,circulars,Foreign Exchange Market Auction- RDAS No. 02/2014,,"FMD/FDO/GEN/CIR/01/02/14
Foreign Exchange Market Auction- RDAS No. 02/2014",FMD/FDO/GEN/CIR/01/02/14,https://www.cbn.gov.ng/Out/2014/FMD/Auction no 08-01-2013.pdf,565956,3650
2014-01-10,Central Bank of Nigeria,circulars,RE: Year 2013 Christian Pilgrimage Purchase of Pilgrims Travelling Allowance,,RE: Year 2013 Christian Pilgrimage Purchase of Pilgrims Travelling Allowance,TED/FEM/FPC/GEN/01/001,https://www.cbn.gov.ng/Out/2014/CCD/TED-10-01-14.pdf,206169,3653
2014-01-13,Central Bank of Nigeria,circulars,Foreign Exchange Market Auction - RDAS No. 03/2014,,"AUCTION, CBN, AUTHORISED DEALERS",FMD/FDO/GEN/CIR/01/03/14,"https://www.cbn.gov.ng/Out/2014/FMD/Auction 13, 2014.pdf",451789,3654
2014-01-15,Central Bank of Nigeria,circulars,Release of Information Technology (IT) Standards to the Industry,,IT Standards,ITD-DIR-GEN-INC-01-001,https://www.cbn.gov.ng/Out/2014/CCD/Circular On IT Standards.pdf,278537,3655
2014-01-20,Central Bank of Nigeria,circulars,Foreign Exchange Market Auction - RDAS No.05/2014,,"CBN, RDAS, AUTHORISED DEALER, ",FMD/FDO/GEN/CIR/01/05/14,"https://www.cbn.gov.ng/Out/2014/FMD/Auction 20, 2014.pdf",552760,3660
2014-01-20,Central Bank of Nigeria,circulars,Re: Fiscal Policy Measures For Automotive Industry,Fiscal Policy Measures Automotive Industry ,Fiscal Policy Automotive Industry,TED/FEM/FPC/GEN/01/003,https://www.cbn.gov.ng/Out/2014/TED/TED.FEM.FPC.GEN.01.003.pdf,462989,3659
2014-01-20,Central Bank of Nigeria,circulars,Re: Year 2013 Christian Pilgrimage Purchase of Pilgrims Travelling,, 2013 Christian Pilgrimage ,TED/FEM/FPC/GEN/01/002,https://www.cbn.gov.ng/Out/2014/TED/Pilgrimage1.pdf,37789,3656
2014-01-20,Central Bank of Nigeria,circulars,Re: Year 2013 Christian Pilgrimage Purchase of Pilgrims Travelling,, 2013 Christian Pilgrimage ,TED/FEM/FPC/GEN/01/002,https://www.cbn.gov.ng/Out/2014/TED/Pilgrimage1.pdf,37789,3657
2014-01-20,Central Bank of Nigeria,circulars,Re: Year 2013 Christian Pilgrimage Purchase of Pilgrims Travelling,, 2013 Christian Pilgrimage ,TED/FEM/FPC/GEN/01/002,https://www.cbn.gov.ng/Out/2014/TED/Pilgrimage1.pdf,37789,3658
2014-01-22,Central Bank of Nigeria,circulars,Foreign Exchange Market Auction - RDAS No. 06/2014,,"RDAS, CBN, AUCTION, FMD",FMD/FDO/GEN/CIR/01/06/14,https://www.cbn.gov.ng/Out/2014/FMD/22012014.pdf,193739,3662
2014-01-24,Central Bank of Nigeria,circulars,Developments in the Foreign Exchange Market: Foreign Exchange sales to Bureau De Change (BDC) Operators by Banks,Developments in the FX market: FX sales to BDCs by Banks,"Foreign Exchange Market, Bureau De Change & Authorised Dealers.",TED/FEM/FPC/GEN/01/004,https://www.cbn.gov.ng/Out/2014/TED/TED.FEM.FPC.GEN.01.004.pdf,260958,3665
2014-01-27,Central Bank of Nigeria,circulars,Foreign Exchange Market Auction- RDAS No. 07/2014,,"FMD/FDO/GEN/CIR/01/07/14
Foreign Exchange Market Auction- RDAS No. 07/2014",FMD/FDO/GEN/CIR/01/07/14,https://www.cbn.gov.ng/Out/2014/FMD/Auction No 27-01-2014.pdf,194350,3666
2014-01-29,Central Bank of Nigeria,circulars,Forex Exchange Market Auction- Rdas No. 08/2014 and FX Forward Auction No 01/2014,,"FMD/FDO/GEN/CIR/01/08/14
Forex Exchange Market Auction- Rdas No. 08/2014 and FX Forward Auction No 01/2014",FMD/FDO/GEN/CIR/01/08/14,https://www.cbn.gov.ng/Out/2014/FMD/Auction No 29-01-2014.pdf,468118,3669
2014-01-31,Central Bank of Nigeria,circulars,Re: Guidelines For The Operation Of The Foreign Exchange Market - Retail Dutch Auction System (RDAS),,Guidelines for Forex Market (RDAS),TED/FEM/FPC/GEN/01/005,https://www.cbn.gov.ng/Out/2014/TED/Further Guideline on RDAS.pdf,42475,3674
2014-02-03,Central Bank of Nigeria,circulars,Foreign Exchange Market Aution - RDAS No.09/2014,,"AUCTION, RDAS, CBN, FMD",FMD/FDO/GEN/CIR/01/09/14,https://www.cbn.gov.ng/Out/2014/FMD/auction notice.pdf,193903,3675
2014-02-05,Central Bank of Nigeria,circulars,Foreign Exchange Market Auction - RDAS NO.10/2014 AND Forward Auction NO 02/2014,,"AUCTION, RDAS, CBN, FMD",FMD/FDO/GEN/CIR/01/10/14,https://www.cbn.gov.ng/Out/2014/FMD/auction 022014.pdf,208623,3689
2014-02-05,Central Bank of Nigeria,circulars,Re: Guidelines for the operation of the Foreign Exchange Market - Retail Dutch Auction System (RDAS),Guidelines for operations of the Forex Market - RDAS,"Foreign Exchange Market, Retail Dutch Auction System (RDAS)",TED/FEM/FPC/GEN/01/006,https://www.cbn.gov.ng/Out/2014/TED/TED.FEM.FPC.GEN.01.006.pdf,35422,3690
2014-02-05,Central Bank of Nigeria,circulars,Re: The Need for the CBN Prior Clearance of Prospective Employees of Banks,,"prior, clearance, prospective",BSD/DIR/GEN/LAB/07/004,https://www.cbn.gov.ng/Out/2014/BSD/RE NEED FOR THE CBN PRIOR CLEARANCE OF PROSPECTIVE EMPLOYEES OF BANKS .pdf,193854,3693
2014-02-10,Central Bank of Nigeria,circulars,Foreign Exchange Market Auction - RDAS NO.11/2014,,"FMD, CBN, RDAS",FMD/FDO/GEN/CIR/01/11/14,https://www.cbn.gov.ng/Out/2014/FMD/auction no. 112014.pdf,199723,3697
2014-02-12,Central Bank of Nigeria,circulars,Foreign Exchange Market Auction - RDAS No.12/2014 and FX Forward Auction No.03/2014,,"FMD/FDO/GEN/CIR/01/12/14
Foreign Exchange Market Auction - RDAS No.12/2014 and FX Forward Auction No.03/2014",FMD/FDO/GEN/CIR/01/12/14,https://www.cbn.gov.ng/Out/2014/FMD/Auction No 12-02-2014.pdf,211441,3698
2014-02-17,Central Bank of Nigeria,circulars,Foreign Exchange Market Auction - RDAS No.013/2014,,"FMD/FDO/GEN/CIR/01/13/14
Foreign Exchange Market Auction - RDAS No.013/2014",FMD/FDO/GEN/CIR/01/13/14,https://www.cbn.gov.ng/Out/2014/FMD/Auction No 17-02-2014.pdf,195332,3700
2014-02-18,Central Bank of Nigeria,circulars,Notice of Meeting of Foreign Exchange Officers of Banks,Foreign Exchange officers meeting,Foreign Exchange,TED/FEM/FPC/GEN/01/007,https://www.cbn.gov.ng/Out/2014/TED/TED.FEM.FPC.GEN.01.007.pdf,34638,3701
2014-02-19,Central Bank of Nigeria,circulars,Foreign Exchange Market Auction- RDAS No.014/2014 and FX Foward Auction No. 04/2014,,"FMD/FDO/GEN/CIR/01/14/14
Foreign Exchange Market Auction- RDAS No.014/2014 and FX Foward Auction No. 04/2014",FMD/FDO/GEN/CIR/01/14/14,https://www.cbn.gov.ng/Out/2014/FMD/Auction No 19-02-2014.pdf,212272,3703
2014-02-24,Central Bank of Nigeria,circulars,Foreign Exchange Market Auction- RDAS No. 15/2014,,"FMD/FDO/GEN/CIR/01/15/14
Foreign Exchange Market Auction- RDAS No. 15/2014",FMD/FDO/GEN/CIR/01/15/14,https://www.cbn.gov.ng/Out/2014/FMD/Auction No 24-02-2014.pdf,191666,3707
2014-02-26,Central Bank of Nigeria,circulars,Foreign Exchange Market Auction- RDAS No.016/2014 and FX Foward Auction No. 05/2014,,"FMD/FDO/GEN/CIR/01/16/14
Foreign Exchange Market Auction- RDAS No.016/2014 and FX Foward Auction No. 05/2014",FMD/FDO/GEN/CIR/01/16/14,https://www.cbn.gov.ng/Out/2014/FMD/Auction No 26-02-2014.pdf,581174,3708
2014-02-28,Central Bank of Nigeria,circulars,Circular to All Banks and Other Financial Institutions: Uniform Account Opening Forms and Minimum Information Requirements for Three-Tiered KYC for Customers of Banks and Other Financial Institutions in Nigeria,,"KNOW YOUR CUSTOMER, Customer Due Deligence, Uniform Account Opening Forms, Minimum Information Requirements, Three-Tiered KYC Customers of banks and Other",FPR/DIR/GEN/CIR/01/004,https://www.cbn.gov.ng/Out/2014/FPRD/CIRCULAR ON UNIFORM ACCT  OPENING.pdf,1571810,3723
2014-03-03,Central Bank of Nigeria,circulars,Foreign Exchange Market Auction- RDAS No. 17/2014,,"FMD/FDO/GEN/CIR/01/17/14
Foreign Exchange Market Auction- RDAS No. 17/2014",FMD/FDO/GEN/CIR/01/17/14,https://www.cbn.gov.ng/Out/2014/FMD/Auction No 03-03-2014.pdf,541199,3724
2014-03-05,Central Bank of Nigeria,circulars,Foreign Exchange Market Auction - RDAS NO.18/2014 and Forward Auction NO.06/2014,,"AUCTION, RADS, FMD, CBN",FMD/FDO/GEN/CIR/01/18/14,https://www.cbn.gov.ng/Out/2014/FMD/rdas no. 182014.pdf,578287,3726
2014-03-10,Central Bank of Nigeria,circulars,Foreign Exchange Market Auction- RDAS No. 19/2014,,"FMD/FDO/GEN/CIR/01/19/14
Foreign Exchange Market Auction- RDAS No. 19/2014",FMD/FDO/GEN/CIR/01/19/14,https://www.cbn.gov.ng/Out/2014/FMD/Auction No 10-03-2014.pdf,544865,3734
2014-03-10,Central Bank of Nigeria,circulars,The Circular on the Addendum to the Current Nigeria Bankers Clearing House Rules,,"Current, Nigeria, Bankers, Clearing, House, Rules,",CBN/BPS/CIR/02/2014,https://www.cbn.gov.ng/Out/2014/BPSD/Adendum to the NBCHR.pdf,694901,3732
2014-03-10,Central Bank of Nigeria,circulars,"The Guidelines on Electronic Payments of Salaries, Pensions, Suppliers and Taxes in Nigeria",,"Electronic Payments of Salaries, Pensions, Suppliers, Taxes",CBN/BPS/PSV/GEN/014/05,"https://www.cbn.gov.ng/Out/2014/BPSD/Guidelines on Electronic Payments of Salaries, Pensions, Suppliers and Taxes in Nigeria.pdf",423588,3733
2014-03-11,Central Bank of Nigeria,circulars,Transfer of all Non-Proprietary Assets to Licensed Custodians,,"Transfer,non-proprietary,assets,custodian,bsd",BSD/DIR/GEN/LAB/07/008,https://www.cbn.gov.ng/Out/2014/BSD/Transfer of all Non-Proprietary Assets to Licensed Custodians.pdf,232975,3744
2014-03-12,Central Bank of Nigeria,circulars,Foreign Exchange Market Auction- RDAS No. 20/2014 and FX Forward Auction No. 07/2014,,"FMD/FDO/GEN/CIR/01/20/14
Foreign Exchange Market Auction- RDAS No. 20/2014 and FX Forward Auction No. 07/2014",FMD/FDO/GEN/CIR/01/20/14,https://www.cbn.gov.ng/Out/2014/FMD/Auction No 12-03-2014.pdf,207316,3737
2014-03-12,Central Bank of Nigeria,circulars,"Re: Year 2013 Christian Pilgrimage, Purchase of Pilgrims Travelling Allowance",,"Christian Pilgrimage, Pilgrims Travelling Allowance",TED/FEM/FPC/GEN/01/008,https://www.cbn.gov.ng/Out/2014/TED/TED.FEM.FPC.GEN.01.008.pdf,195070,3736
2014-03-13,Central Bank of Nigeria,circulars,Circular on the need to install Anti Skimming Device on all ATMs,Circular on the need to install Anti Skimming Device on all ATMs,Circular on the need to install Anti Skimming Device on all ATMs,BPS/PSPGEN/CIR/05/001,https://www.cbn.gov.ng/Out/2014/BPSD/CIRCULAR ON ANTI SKIMMING DEVICE.pdf,215566,3739
2014-03-13,Central Bank of Nigeria,circulars,Transmutation of Executive Directors to Non-Executive Directors of Deposit Money Banks,,"transmutation,executive,non-executive,directors,deposit,moneu,banks,bsd,cbn",BSD/DIR/GEN/LAB/07/009,https://www.cbn.gov.ng/Out/2014/BSD/TRANSMUTATION OF EXECUTIVE DIRECTORS TO NON-EXECUTIVE DIRECTORS OF DEPOSIT MONEY BANKS.pdf,141331,3745
2014-03-14,Central Bank of Nigeria,circulars,List of licensed Custodians,List of licensed Custodians,List of licensed Custodians,BPS/DIR/GEN/02/033,https://www.cbn.gov.ng/Out/2014/BPSD/LIST OF CUSTODIANS.pdf,169507,3738
2014-03-17,Central Bank of Nigeria,circulars,Foreign Exchange Market Auction- RDAS No. 21/2014,,"FMD/FDO/GEN/CIR/01/21/14
Foreign Exchange Market Auction- RDAS No. 21/2014",FMD/FDO/GEN/CIR/01/21/14,https://www.cbn.gov.ng/Out/2014/FMD/Auction No 17-03-2014.pdf,200483,3740
2014-03-17,Central Bank of Nigeria,circulars,Nigerian Treasury Bills Issue Programme,,"Second Quarter 2014
Nigerian Treasury Bills Issue Programme",Second Quarter 2014,https://www.cbn.gov.ng/Out/2014/FMD/NTB Issue Calender - Second Quarter 2014.pdf,105732,3741
2014-03-17,Central Bank of Nigeria,circulars,Reporting Template For Nigeria Sustainable Banking Principles (NSBPs),,"CBN, TEMPLATE, FPRD, SUSTAINABLE BANKING, PRINCIPLES",FPR/DIR/CIR/GEN/001/005,https://www.cbn.gov.ng/Out/2014/CCD/SUSTAINABLE BANKING PRINCIPLES.pdf,2046278,3743
2014-03-19,Central Bank of Nigeria,circulars,Foreign Exchange Market Auction - RDAS NO.22/2014 and FX Forward Auction NO. 08/2014,,"AUCTION, RDAS, FMD, CBN",FMD/FDO/GEN/CIR/01/22/14,https://www.cbn.gov.ng/Out/2014/FMD/rdas 222014.pdf,212991,3747
2014-03-21,Central Bank of Nigeria,circulars,"Monetary, Credit, Foreign Trade And Exchange Policy Guidelines For Fiscal Years 2014/2015","Monetary, Credit, Foreign Trade And Exchange Policy Guidelines For Fiscal Years 2014/2015","Monetary, Credit, Foreign, Exchange, Policy, Guidelines",DFD/GEN/MCFTEG/2014,https://www.cbn.gov.ng/Out/2016/CCD/Monetary credit foreign trade exchange 2014.pdf,3307199,4848
2014-03-21,Central Bank of Nigeria,circulars,Re: Year 2013 Christian Pilgrimage; Purchase of Pilgrims Travelling Allowance,,"2013 Christian Pilgrimage, Purchase of Pilgrims Travelling Allowance",TED/FEM/FPC/GEN/01/010,https://www.cbn.gov.ng/Out/2014/TED/TED.FEM.FPC.GEN.01.010.pdf,189270,3749
2014-03-21,Central Bank of Nigeria,circulars,"Withdrawal of GBP50.0 (John Houblon) notes from circulation by the Bank of England on April 30, 2014",,"GBP50.0 John Houblon, Bank of England",TED/FEM/FPC/GEN/01/009,https://www.cbn.gov.ng/Out/2014/TED/TED.FEM.FPC.GEN.01.009.pdf,198388,3748
2014-03-24,Central Bank of Nigeria,circulars,Foreign Exchange Market Auction- RDAS No. 23/2014,,"FMD/FDO/GEN/CIR/01/23/14
Foreign Exchange Market Auction- RDAS No. 23/2014",FMD/FDO/GEN/CIR/01/23/14,https://www.cbn.gov.ng/Out/2014/FMD/Auction No 24-03-2014.pdf,457056,3751
2014-03-26,Central Bank of Nigeria,circulars,Foreign Exchange Market Auction- RDAS No.24/2014 and FX Foward Auction No. 09/2014,,"FMD/FDO/GEN/CIR/01/24/14
Foreign Exchange Market Auction- RDAS No.24/2014 and FX Foward Auction No. 09/2014",FMD/FDO/GEN/CIR/01/24/14,https://www.cbn.gov.ng/Out/2014/FMD/Auction No 26-03-2014.pdf,218996,3756
2014-03-27,Central Bank of Nigeria,circulars,Implementation of E-Referencing Operations in Nigeria,,Implementation of E-Referencing Operations in Nigeria,BPS/DIR/GEN/CIR/01/002,https://www.cbn.gov.ng/Out/2014/BPSD/E-Reference Circular and Guidelines.pdf,569142,3757
2014-03-28,Central Bank of Nigeria,circulars,Updated List of Licensed Custodians,Updated List of Licensed Custodians,Updated List of Licensed Custodians,BPS/DIR/GEN/05/005,https://www.cbn.gov.ng/Out/2014/BPSD/LICENSED CUSTODIANS.pdf,171961,3758
2014-03-31,Central Bank of Nigeria,circulars,Foreign Exchange Market Auction - RDAS NO. 25/2014,,"RDAS, FMD, CBN, AUCTION",FMD/FDO/GEN/CIR/01/25/14,https://www.cbn.gov.ng/Out/2014/FMD/rdas no. 252014.pdf,194183,3760
2014-04-02,Central Bank of Nigeria,circulars,Foreign Exchange Market Auction - RDAS NO. 26/2014 AND FX Forward Auction NO. 09/2014,,"RDAS, AUCTION, FMD, CBN",FMD/FDO/GEN/CIR/01/26/14,https://www.cbn.gov.ng/Out/2014/FMD/[RDAS 26].pdf,207623,3763
2014-04-07,Central Bank of Nigeria,circulars,"Central Bank of Nigeria Communique No. 94 (With Personal Statements of the Members) of the Monetary Policy Committee Meeting, March 24-25, 2014","The Monetary Policy Committee (MPC) met on March 24 and 25, 2014 against the backdrop of challenging monetary policy environment; particularly, in the emerging markets and developing economies; coupled with the unfolding risks to stability in the domestic economy. In attendance were 9 members. The Committee reviewed key developments in both the global and domestic economies up to March 2014, and the outlook for the rest of the year.","CBN, MPC, Monetary Policy Communique",No 94,https://www.cbn.gov.ng/Out/2014/MPD/Central Bank of Nigeria Communique No 94 (with personal statement of the member).pdf,443887,3764
2014-04-07,Central Bank of Nigeria,circulars,Foreign Exchange Market Auction - RDAS NO.27/2014,,"AUCTION, FMD, RDAS, CBN",FMD/FDO/GEN/CIR/01/27/14,https://www.cbn.gov.ng/Out/2014/FMD/rdas no. 272014.pdf,194623,3765
2014-04-09,Central Bank of Nigeria,circulars,Foreign Exchange Market Auction - RDAS NO.28/2014,,"AUCTION, CBN, RDAS,FMD",FMD/FDO/GEN/CIR/01/28/14,https://www.cbn.gov.ng/Out/2014/FMD/rdas no. 282014.pdf,198651,3779
2014-04-09,Central Bank of Nigeria,circulars,Letter to all Banks and Other Financial Institutions: Uniform Account Opening Forms and Minimum Information Requirements for Three-Tiered KYC for Customers of Banks and Other Financial Institutions in Nigeria-Implementation Strategy,,"Uniform Account Opening Forms,Minimum Information Requirements, Three-Tiered KYC for Customers,  Banks and Other Financial Institutions, Implementation Strategy,",FPR/DIR/GEN/BOF/03/004,https://www.cbn.gov.ng/Out/2014/FPRD/Circular to Compliance Officers on Tierred KYC implementation.PDF,146756,3778
2014-04-10,Central Bank of Nigeria,circulars,Circular on Timelines for Rendition of Statutory Returns through the Fina Application to the CBN and NDIC,,"Statutory Returns , application",BSD/DIR/GEN/LAB/07/011                    BSD/DIR/,https://www.cbn.gov.ng/Out/2014/BSD/Circular on Timelines for Rendition of Statutory Returns through the Fina Application to the CBN and NDIC.pdf,56481,3782
2014-04-14,Central Bank of Nigeria,circulars,Foreign Exchange Market Auction - RDAS NO.29/2014,,"RDAS, AUCTION, CBN, FMD",FMD/FDO/GEN/CIR/01/29/14,https://www.cbn.gov.ng/Out/2014/FMD/rdas 292014.pdf,195651,3783
2014-04-16,Central Bank of Nigeria,circulars,Foreign Exchange Market Auction - RDAS NO.30/2014,,"Auction, FMD, CBN, RDAS",FMD/FDO/GEN/CIR/01/30/14,https://www.cbn.gov.ng/Out/2014/FMD/rdas no. 302014.pdf,192235,3784
2014-04-23,Central Bank of Nigeria,circulars,Foreign Exchange Market Auction - RDAS NO.31/2014,,"AUCTION, CBN, RDAS, FMD",FMD/FDO/GEN/CIR/01/31/14,https://www.cbn.gov.ng/Out/2014/FMD/rdas 312014.pdf,200815,3789
2014-04-24,Central Bank of Nigeria,circulars,"Circular on the Timeline for PCIDSS Certification by all Deposit Money Banks, Switches and Processors","Circular on the Timeline for PCIDSS Certification by all Deposit Money Banks, Switches and Processors","Circular on the Timeline for PCIDSS Certification by all Deposit Money Banks, Switches and Processors",BPS/DIR/GEN/CIR/01/004,"https://www.cbn.gov.ng/Out/2014/BPSD/Circular on the Timeline for PCIDSS Certification by all Deposit Money Banks, Switches and Processors.pdf",197624,3790
2014-04-25,Central Bank of Nigeria,circulars,Inclusion of Medical Laboratory Science Council of Nigeria (MLSCN) registration and product ceritification as part of the criteria for importation of In-Vitro Diagnostics (IVDs) into Nigeria,,"Medical Laboratory Science Council of Nigeria (MLSCN), In-Vitro Diagnostics (IVDs)",TED/FEM/FPC/GEN/01/011,https://www.cbn.gov.ng/Out/2014/TED/TED.FEM.FPC.GEN.01.011.pdf,284546,3791
2014-04-28,Central Bank of Nigeria,circulars,Foreign Exchange Market Auction- RDAS No. 32/2014,,"FMD/FDO/GEN/CIR/01/32/14
Foreign Exchange Market Auction- RDAS No.32/2014",FMD/FDO/GEN/CIR/01/32/14,https://www.cbn.gov.ng/Out/2014/FMD/RDAS NO 32 of  28-04-2014.pdf,200240,3792
2014-05-02,Central Bank of Nigeria,circulars,"Re: Import Guidelines, Procedures and Documentation requirements under the Destination Inspection Scheme in Nigeria",,"Import guidelines, Destination Inspection Scheme",TED/FEM/FPC/GEN/01/012,https://www.cbn.gov.ng/Out/2014/TED/TED.FEM.FPC.GEN.01.012.pdf,2425511,3795
2014-05-05,Central Bank of Nigeria,circulars,Foreign Exchange Market Auction - RDAS NO.34/2014,,"AUCTION, CBN, FMD, RDAS",FMD/FDO/GEN/CIR/01/34/14,https://www.cbn.gov.ng/Out/2014/FMD/rdas no. 342014.pdf,192247,3796
2014-05-07,Central Bank of Nigeria,circulars,Foreign Exchange Market Auction- RDAS No. 35/2014,,"FMD/FDO/GEN/CIR/01/35/14
Foreign Exchange Market Auction- RDAS No. 35/2014",FMD/FDO/GEN/CIR/01/35/14,https://www.cbn.gov.ng/Out/2014/FMD/Auction Notice 35 07-05-2014.pdf,200938,3803
2014-05-12,Central Bank of Nigeria,circulars,Foreign Exchange Market Auction- RDAS No. 36/2014,,"FMD/FDO/GEN/CIR/01/36/14
Foreign Exchange Market Auction- RDAS No. 36/2014",FMD/FDO/GEN/CIR/01/36/14,https://www.cbn.gov.ng/Out/2014/FMD/RDAS 36 OF 12-05-2014.pdf,196238,3797
2014-05-12,Central Bank of Nigeria,circulars,Guidelines for Card Issuance and Usage in Nigeria,,"Guidelines,Card,Issuance,Usage",BPS/DIR/GEN/CIR/01/005,https://www.cbn.gov.ng/Out/2014/BPSD/Approved Guidelines for Card Issuance and Usage in Nigeria .pdf,362385,3804
2014-05-19,Central Bank of Nigeria,circulars,Code of Corporate Governance for Banks and Discount Houses in Nigeria and Guidelines for Whistle Blowing in the Nigerian Banking Industry,,"Code of Corporate Governance for Banks and Discount Houses in nigeria and Guidelines for Whitle Blowing in the Nigerian Banking Industry,Compliance, Board and Management,Appointment and Tenure, Board Committees,Protection of Whistle blower",FPR/DIR/CIR/GEN/01/004,https://www.cbn.gov.ng/Out/2014/FPRD/Circular on Code of Circular on Corporate Governance and Whistle Blowing-May 2014 (3).pdf,459666,3808
2014-05-19,Central Bank of Nigeria,circulars,Foreign Exchange Market Auction- RDAS No.38/2014,,"FMD/FDO/GEN/CIR/01/38/14
Foreign Exchange Market Auction- RDAS No.38/2014",FMD/FDO/GEN/CIR/01/38/14,https://www.cbn.gov.ng/Out/2014/FMD/Auction No 38 19-05-2014.pdf,201661,3810
2014-05-21,Central Bank of Nigeria,circulars,Foreign Exchange Market Auction- RDAS No.39/2014,,"FMD/FDO/GEN/CIR/01/39/14
Foreign Exchange Market Auction- RDAS No.39/2014",FMD/FDO/GEN/CIR/01/39/14,https://www.cbn.gov.ng/Out/2014/FMD/Auction No 39 21-05-2014.pdf,199700,3813
2014-05-21,Central Bank of Nigeria,circulars,Revised Strategy for the Implementation of Commercial Agriculture Scheme (CACS),,"Strategy towards Implementation of Commercial,  Agricultural Credit Scheme,Extension of CACS effective from May 14, 2014, CACS,Establishment of the Scheme,Funding,Objectives of the Scheme,Revised Strategy for the Implementation of Commercial Agriculture Scheme (CACS)",FPR/DIR/CIR/GEN/001/007,https://www.cbn.gov.ng/Out/2014/FPRD/Revised Strategy for CACS  Circular.PDF,296494,3812
2014-05-23,Central Bank of Nigeria,circulars,Status and Reporting Line of Chief Compliance Officers of Banks,,"reporting,chief,compliance,officers,banks",BSD/DIR/GEN/LAB/07/013,https://www.cbn.gov.ng/Out/2014/BSD/CIRCULAR ON STATUS AND REPORTING LINE OF CHIEF COMPLIANCE OFFICERS OF BANKS.pdf,319474,3815
2014-05-26,Central Bank of Nigeria,circulars,Foreign Exchange Market Auction - RDAS NO.40/2014,,"RDAS, AUCTION, CBN, FMD",FMD/FDO/GEN/CIR/01/40/14,https://www.cbn.gov.ng/Out/2014/FMD/rdas no. 402014.pdf,189755,3816
2014-05-28,Central Bank of Nigeria,circulars,Foreign Exchange Market Auction - RDAS NO.41/2014,,"AUCTION, FMD, CBN",FMD/FDO/GEN/CIR/01/41/14,https://www.cbn.gov.ng/Out/2014/FMD/rdas no. 412014.pdf,194995,3818
2014-06-02,Central Bank of Nigeria,circulars,"Central Bank of Nigeria Communique No. 95 of the MPC Meeting of May 19 and 20, 2014 with Personal Statements of Members","The Monetary Policy Committee (MPC) met on 19th and 20th May, 2014 against the backdrop of continuing modest recovery in the US economy, lingering fragile recovery in Europe, slowing output growth in the emerging market economies and possible risks to domestic price stability.","MPC, CBN, Communique",95,https://www.cbn.gov.ng/Out/2014/MPD/Central Bank of Nigeria Communiqué No 95 of the MPC Meeting of May 2014. With Personal Statements  of Members.pdf,430726,3819
2014-06-02,Central Bank of Nigeria,circulars,Foreign Exchange Market Auction - RDAS NO.42/2014,,"CBN, FMD, RDAS, AUCTION",FMD/FDO/GEN/CIR/01/42/14,https://www.cbn.gov.ng/Out/2014/FMD/rdas no. 422014.pdf,193591,3822
2014-06-04,Central Bank of Nigeria,circulars,Foreign Exchange Market Auction - RDAS NO.43/2014,,"FMD, CBN, RDAS, AUCTION",FMD/FDO/GEN/CIR/01/43/14,https://www.cbn.gov.ng/Out/2014/FMD/rdas no. 432014.pdf,193047,3825
2014-06-09,Central Bank of Nigeria,circulars,Circular to All Banks: Commencement of Quarterly Repatriation of Proceeds on Commercial Agricultural Credit Scheme (CACS) Loan Repayment ,,"Circular to All Banks,Commencement of Quarterly Repatriation of Proceeds on Commercial Agricultural Credit Scheme (CACS) Loan Repayment ",FPR/DIR/GEN/CIR/01/07,https://www.cbn.gov.ng/Out/2014/FPRD/COMMENCEMENT OF QUARTERLY REPATRIATION OF PROCEEDS ON COMMERCIAL AGRICULTURAL CREDIT SCHEME (CACS) LOAN REPAYMENT.pdf,58781,3853
2014-06-09,Central Bank of Nigeria,circulars,Foreign Exchange Market Auction- RDAS No.44/2014,,"FMD/FDO/GEN/CIR/01/44/14
Foreign Exchange Market Auction- RDAS No.44/2014",FMD/FDO/GEN/CIR/01/44/14,https://www.cbn.gov.ng/Out/2014/FMD/Auction No 44 9-06-2014.pdf,201687,3854
2014-06-10,Central Bank of Nigeria,circulars,Circular on the Phase III Nationwide Rollout of Cash-Less Policy to the 30 Remaining States,Circular on the Phase III Nationwide Rollout of Cash-Less Policy to the 30 Remaining States,Circular on the Phase III Nationwide Rollout of Cash-Less Policy to the 30 Remaining States,BPS/PSP/DIR/CIR/VOL.1/008,https://www.cbn.gov.ng/Out/2014/BPSD/Circular on the Phase III Nationwide Cashless Policy Rollout.pdf,165386,3857
2014-06-10,Central Bank of Nigeria,circulars,Nigerian Treasury Bills Issue Programme 3rd Quarter 2014,,"NTB Issue Programme
Nigerian Treasury Bills Issue Programme 3rd Quarter 2014",NTB Issue Programme,https://www.cbn.gov.ng/Out/2014/FMD/3rd Qtr 2014 NTB Issue Caleder xlsx.pdf,32147,3856
2014-06-11,Central Bank of Nigeria,circulars,Foreign Exchange Market Auction- RDAS No.45/2014,,"FMD/FDO/GEN/CIR/01/45/14
Foreign Exchange Market Auction- RDAS No.45/2014",FMD/FDO/GEN/CIR/01/45/14,https://www.cbn.gov.ng/Out/2014/FMD/RDAS NO 45 11-06-2014.pdf,201681,3858
2014-06-12,Central Bank of Nigeria,circulars,Implementation of the Revised Guide to Bank Charges-Commission on Turnover,,"Commission on Turnover,COT,Maintenance Fee, Revised Guide,Bank,Charges,Bank Charges,CBN,Revised Guide to Bank Charges,Financial Policy & Regulation,Deposit Money Bank,Central Bank of Nigeria",FPR/DIR/GEN/CIR/01/008,https://www.cbn.gov.ng/Out/2014/FPRD/Fast color scan to a PDF file_1 (6).pdf,92577,3860
2014-06-16,Central Bank of Nigeria,circulars,Foreign Exchange Market Auction - RDAS NO. 46/2014,,"FMD, AUCTION, RDAS, CBN",FMD/FDO/GEN/CIR/01/46/14,https://www.cbn.gov.ng/Out/2014/FMD/rdas no. 462014.pdf,194179,3862
2014-06-16,Central Bank of Nigeria,circulars,Non-refund of Monies to Customers Shortchanged by ATMs' Non-Dispense or Partial Dispense Error,Non-refund of Monies to Customers Shortchanged by ATMs' Non-Dispense or Partial Dispense Error,Non-refund of Monies to Customers Shortchanged by ATMs' Non-Dispense or Partial Dispense Error,BPS/DIR/CIR/01/008,https://www.cbn.gov.ng/Out/2014/BPSD/Circular on Non Refund of Monies to Customers by ATMs' Non & Partial Dispense Errors.pdf,198351,3861
2014-06-17,Central Bank of Nigeria,circulars,Guidelines on the Establishment and Rationalization of Branches and Other Outlets for Banks in Nigeria,,"guidelines,rationalization,branches,outlets,closure,merger,upgrade,downgrade,cbn,bsd",BSD/DIR/GEN/LAB/07/014,https://www.cbn.gov.ng/Out/2014/BSD/GUIDELINES ON THE ESTABLISHMENT AND RATIONALIZATION OF BRANCHES AND OTHER OUTLETS FOR BANKS IN NIGERIA.pdf,325230,3871
2014-06-18,Central Bank of Nigeria,circulars,Foreign Exchange Market Auction - RDAS NO.47/2014,,"FMD, AUCTION, CBN,RDAS",FMD/FDO/GEN/CIR/01/47/14,https://www.cbn.gov.ng/Out/2014/FMD/rdas no. 472014.pdf,189611,3864
2014-06-18,Central Bank of Nigeria,circulars,Guidelines on International Money Transfer Services in Nigeria,,"Guidelines,International, Money, Transfer, Services, Nigeria",BPS/DIR/CIR/01/009,https://www.cbn.gov.ng/Out/2014/BPSD/Guidelines on International Money Transfer Services in Nigeria Approved d.pdf,411443,3863
2014-06-23,Central Bank of Nigeria,circulars,Foreign Exchange Market Auction- RDAS No.48/2014,,"FMD/FDO/GEN/CIR/01/48/14
Foreign Exchange Market Auction- RDAS No.48/2014",FMD/FDO/GEN/CIR/01/48/14,https://www.cbn.gov.ng/Out/2014/FMD/Rdas no  48 23-06-2014.pdf,196546,3867
2014-06-24,Central Bank of Nigeria,circulars,Circular to All Bureau De Change: New Requirements for the Operation of Bureau De Change in Nigeria,," New Requirements for the Operation of Bureau De Change in Nigeria,Minimum Capital Requirement N35 million, Mandatory Caution Deposit reviewed to N35 million, Application Fee, Licensing Fee, Annual Renewal Fee, Expected Role of BDC",FPR/DIR/GEN/CIR/01/009,"https://www.cbn.gov.ng/Out/2014/FPRD/BDC New Guidelines June 24, 2014.PDF",185040,3869
2014-06-30,Central Bank of Nigeria,circulars,Prohibition of Loan Defaulters from Further Access to Credit Facilities in the Nigerian Banking System,,"banking System, Prohibition, Credit, Facilities",BSD/DIR/GEN/LAB/O7/015,https://www.cbn.gov.ng/Out/2014/BSD/Untitled (7).pdf,452339,3872
2014-07-02,Central Bank of Nigeria,circulars,Circular on the Extension of Timeline for the Resolution of all Categories of Complaints on Excess Charges and Loans from 14 to 30 Days,,"CBN,Charges,Excess Charges,Financial Institutions,Central Bank of Nigeria,Deposit Money Banks",FPR/DIR/CIR/GEN/04/009,https://www.cbn.gov.ng/Out/2014/FPRD/EXCESS CHARGES.pdf,56368,3874
2014-07-02,Central Bank of Nigeria,circulars,Extension of Parallel Run of Pillar I of Basel II Implementation,,"Extension of Parallel Run of Pillar I, Basel II , Implementation",BSD/GCA/BAS/CON/01/115,https://www.cbn.gov.ng/Out/2014/BSD/Basel II Implementation-Extension of Pillar I Parallel Run.pdf,142516,3875
2014-07-02,Central Bank of Nigeria,circulars,Foreign Exchange Market Auction- RDAS No.51/2014,,"FMD/FDO/GEN/CIR/01/51/14
Foreign Exchange Market Auction- RDAS No.51/2014",FMD/FDO/GEN/CIR/01/51/14,https://www.cbn.gov.ng/Out/2014/FMD/Auction No 51 02-07-2014.pdf,201367,3873
2014-07-04,Central Bank of Nigeria,circulars,Bancassurance and Other Non-Permissible Activities,,"Bancassurance,Non-Permissible, Activities",BSD/DSIR/GEN/LAB/07/017,https://www.cbn.gov.ng/Out/2014/BSD/Circular on Bancassurance and Other Non-Permissible Activities 3.pdf,217954,3891
2014-07-04,Central Bank of Nigeria,circulars,Circular on Bancassurance and Other Non-Permissible Activities,,"Bancassurance,Non-Permissible, Activities",BSD/DIR/GEN/LAB/07/017,https://www.cbn.gov.ng/Out/2014/BSD/Circular on Bancassurance and Other Non-Permissible Activities 3.pdf,217954,3901
2014-07-07,Central Bank of Nigeria,circulars,Foreign Exchange Market Auction- RDAS No.52/2014,,"FMD/FDO/GEN/CIR/01/52/14
Foreign Exchange Market Auction- RDAS No.52/2014",FMD/FDO/GEN/CIR/01/52/14,https://www.cbn.gov.ng/Out/2014/FMD/Auction No 52.pdf,201908,3877
2014-07-08,Central Bank of Nigeria,circulars,Extension of Time for Compliance with the New Requirements for the Operation of Bureau de Change in Nigeria,,Extension of Time for Compliance with the New Requirements for the Operation of Bureau de Change in Nigeria,FPR/DIR/GEN/CIR/04/010,https://www.cbn.gov.ng/Out/2014/CCD/BDC TIME EXTENSION.pdf,250009,3878
2014-07-08,Central Bank of Nigeria,circulars,"Notice of Meeting - Invitation to a wider industry stakeholders' consultation with NPA, NIMASA, NSC and CBN on the Maritime sector.",,"NPA, NIMASA and NSC",TED/FEM/FPC/GEN/01/013,https://www.cbn.gov.ng/Out/2014/TED/TED.FEM.FPC.GEN.01.013.pdf,233728,3879
2014-07-09,Central Bank of Nigeria,circulars,Foreign Exchange Market Auction- RDAS No.53/2014,,"FMD/FDO/GEN/CIR/01/53/14
Foreign Exchange Market Auction- RDAS No.53/2014",FMD/FDO/GEN/CIR/01/53/14,https://www.cbn.gov.ng/Out/2014/FMD/Auction No 53 09-07-2014.pdf,198934,3895
2014-07-09,Central Bank of Nigeria,circulars,Revised Guidelines For Finance Companies In Nigeria,,"Finance, Companies, guidelines",OFISD/GL/09/07/2014,https://www.cbn.gov.ng/Out/2014/CCD/Revised Guidelines for Finance Companies in Nigeria.pdf,343771,3893
2014-07-10,Central Bank of Nigeria,circulars,"Responsibility of All Banks, Discount Houses, and Development Finance Institutions with Respect to Human Rights Under the Nigerian Sustainable Banking Principles (NSBP)",,"sustainable, Banking, principles",BSD/DIR/GEN/LAB/07/19,https://www.cbn.gov.ng/Out/2014/BSD/Circular on Human Rights Under the Nigerian Sustainable Banking Principles (NSPB).pdf,193195,3899
2014-07-10,Central Bank of Nigeria,circulars,"Responsibility of all Banks, Discount Houses, and Development Finance Institutions with Respect to Human Rights Under the Nigerian Sustainable Banking Principles (NSBP)",,"Responsibility,Discount Houses, and Development Finance Institutions Human Rights, Sustainable Banking Principles (NSBP)",BSD/DIR/GEN/LAB/07/19,https://www.cbn.gov.ng/Out/2014/BSD/Circular on Human Rights Under the Nigerian Sustainable Banking Principles (NSBP) 2.pdf,198173,3905
2014-07-14,Central Bank of Nigeria,circulars,Foreign Exchange Market Auction- RDAS No.54/2014,,"FMD/FDO/GEN/CIR/01/54/14
Foreign Exchange Market Auction- RDAS No.54/2014",FMD/FDO/GEN/CIR/01/54/14,https://www.cbn.gov.ng/Out/2014/FMD/Auction No 54 14-07-2014.pdf,198384,3900
2014-07-14,Central Bank of Nigeria,circulars,Report on the Three-Tiered Know Your Customer (TKYC) Compliance Exercise,,"CBN, Central Bank of Nigeria, TKYC, Three-Tiered Know Your Customer, AML/CFT, ",FPR/DIR/BOF/GEN/04/011,https://www.cbn.gov.ng/Out/2014/FPRD/TKYC COMPLIANCE CIRCULAR.pdf,142469,3903
2014-07-14,Central Bank of Nigeria,circulars,Report on the Three-Tiered Know Your Customer (TKYC) Compliance Exercise,,"CBN, Central Bank of Nigeria, TKYC, Three-Tiered Know Your Customer, AML/CFT, ",FPR/DIR/BOF/GEN/04/011,https://www.cbn.gov.ng/Out/2014/FPRD/TKYC COMPLIANCE CIRCULAR.pdf,142469,3904
2014-07-18,Central Bank of Nigeria,circulars,Notice of meeting of Foreign Exchange officers of banks,,Foreign Exchange officers,TED/FEM/FPC/GEN/01/014,https://www.cbn.gov.ng/Out/2014/TED/TED.FEM.FPC.GEN.01.014.pdf,256216,3907
2014-07-22,Central Bank of Nigeria,circulars,"Central Bank of Nigeria Communique No 96 of the Monetary Policy Committee Meeting held on Monday, July 21 and Tuesday July 22, 2014","The Monetary Policy Committee (MPC) met on July 21 and 22, 2014 against the backdrop of continuing QE3 tapering by the U.S Federal Reserve which has resulted in the slowing of inflows to emerging markets and frontier economies","CBN, MPC, COMMUNIQUE",MPC-96-2014-1,"https://www.cbn.gov.ng/Out/2014/MPD/Central Bank of Nigeria Communique No 96 of the Monetary Policy Committee Meeting held on July 21 and 22, 2014..pdf",192816,3908
2014-07-23,Central Bank of Nigeria,circulars,Foreign Exchange Market Auction- RDAS No.57/2014,,"FMD/FDO/GEN/CIR/01/57/14
Foreign Exchange Market Auction- RDAS No.57/2014",FMD/FDO/GEN/CIR/01/57/14,https://www.cbn.gov.ng/Out/2014/FMD/Auction No 57 23-07-2014.pdf,191274,3910
2014-07-30,Central Bank of Nigeria,circulars,Foreign Exchange Market Auction - RDAS NO.58/2014,,"AUCTION, RDAS, CBN, FMD",FMD/FDO/GEN/CIR/01/58/14,https://www.cbn.gov.ng/Out/2014/FMD/rdas 582014.pdf,187195,3917
2014-08-05,Central Bank of Nigeria,circulars,Exclusion of Non-Distributable Regulatory Reserve and Other Reserves in the Computation of Regulatory Capital of Banks and Discount Houses,,"non-distributable,reserves,regulatory,capital,cbn,bsd,letters,bank,circular",BSD/DIR/GEN/LAB/07/021,https://www.cbn.gov.ng/Out/2014/BSD/Letter to all Banks - Exclusion of Non-Distributable Regulatory Reserve and Other Reserves in the Computation of Regulatory Capital of Banks and Discount Houses.pdf,134885,3921
2014-08-11,Central Bank of Nigeria,circulars,Foreign Exchange Market Auction- RDAS No.61/2014,,"FMD/FDO/GEN/CIR/01/61/14
Foreign Exchange Market Auction- RDAS No.61/2014",FMD/FDO/GEN/CIR/01/61/14,https://www.cbn.gov.ng/Out/2014/FMD/Auction No 61 11-08-2014.pdf,188718,3933
2014-08-11,Central Bank of Nigeria,circulars,Year 2014 Christian Pilgrimage; Purchase of PilgrimsTravelling Allowance,,2014 Christian Pilgrimage,TED/FEM/FPC/GEN/01/015,https://www.cbn.gov.ng/Out/2014/TED/TED.FEM.FPC.GEN.01.015.pdf,822203,3934
2014-08-13,Central Bank of Nigeria,circulars,Foreign Exchange Market Auction- RDAS No.62/2014,,"FMD/FDO/GEN/CIR/01/62/14
Foreign Exchange Market Auction- RDAS No.62/2014",FMD/FDO/GEN/CIR/01/62/14,https://www.cbn.gov.ng/Out/2014/FMD/Auction No 62 13-08-2014.pdf,195562,3936
2014-08-14,Central Bank of Nigeria,circulars,Circular on the Introduction of Fees on Remote-On-Us ATM Withdrawal Transactions,Circular on the Introduction of Fees on Remote-On-Us ATM Withdrawal Transactions,Circular on the Introduction of Fees on Remote-On-Us ATM Withdrawal Transactions,BPS/DIR/GEN/CIR/01/010,https://www.cbn.gov.ng/Out/2014/BPSD/Circular on the Introduction of Fees on Remote-On-Us ATM Withdrawal Transactions.pdf,232912,3951
2014-08-14,Central Bank of Nigeria,circulars,Circular on the Review of Operations of the NIBSS Instant Payment (NIP) System and Other EPayment Options with Similar Features,Circular on the Review of Operations of the NIBSS Instant Payment (NIP) System and Other EPayment Options with Similar Features,Circular on the Review of Operations of the NIBSS Instant Payment (NIP) System and Other EPayment Options with Similar Features,BPS/DIR/GEN/CIR/01/011,https://www.cbn.gov.ng/Out/2014/BPSD/Circular on the Review of Operations of the NIBSS Instant Payment (NIP) System and Other EPayment Options with Similar Features.pdf,437330,3950
2014-08-15,Central Bank of Nigeria,circulars,"List of Confirmed Bureaux De Change in Compliance with New Requirements as at July 31, 2014",,"Licence,BDC,New Requirements,Financial Policy and Regulation",FPR/DIR/GEN/04/07,https://www.cbn.gov.ng/Out/2014/FPRD/CONFIRMED BDC PUBLICATION YTD 15-08-14.pdf,627666,3954
2014-08-18,Central Bank of Nigeria,circulars,Foreign Exchange Market Auction - RDAS NO.63/2014,,"RDAS, AUCTION, FMD, CBN",FMD/FDO/GEN/CIR/01/63/14,https://www.cbn.gov.ng/Out/2014/FMD/rdas 632014.pdf,190247,3955
2014-08-19,Central Bank of Nigeria,circulars,Authorized Signatories Verification Portal for the Nigerian Banking Industry,Authorized Signatories Verification Portal for the Nigerian Banking Industry,Authorized Signatories Verification Portal for the Nigerian Banking Industry,BPS/DIR/CIR/GEN/02/033,https://www.cbn.gov.ng/Out/2014/BPSD/Circular.pdf,276155,3956
2014-08-20,Central Bank of Nigeria,circulars,Foreign Exchange Market Auction - RDAS NO.64/2014,,"FMD, RDAS, AUCTION, CBN",FMD/FDO/GEN/CIR/01/64/14,https://www.cbn.gov.ng/Out/2014/FMD/rdas 642014.pdf,188831,3957
2014-08-25,Central Bank of Nigeria,circulars,Foreign Exchange Market Auction - RDAS NO.65/2014,,"FMD, CBN, AUCTION, RDAS",FMD/FDO/GEN/CIR/01/65/14,https://www.cbn.gov.ng/Out/2014/FMD/rdas652014.pdf,193203,3959
2014-08-25,Central Bank of Nigeria,circulars,MAINTENANCE OF CASH RESERVE REQUIREMENTS (CRR) ON,"MAINTENANCE OF CASH RESERVE REQUIREMENTS (CRR) ON
DEPOSITS","CRR, MAINTENANCE OF CASH RESERVE REQUIREMENTS (CRR) ON
DEPOSITS, PMB, PMBs, Mortgage, Mortgage Banks",OFI/DIR/GEN/CIR/01/009,https://www.cbn.gov.ng/Out/2014/OFISD/PMBs maintenance of Cash Reserve Requirement (CRR).PDF,959126,3960
2014-08-27,Central Bank of Nigeria,circulars,Foreign Exchange Market Auction- RDAS No.66/2014,,"FMD/FDO/GEN/CIR/01/66/14
Foreign Exchange Market Auction- RDAS No.66/2014",FMD/FDO/GEN/CIR/01/66/14,https://www.cbn.gov.ng/Out/2014/FMD/Auction No 66 27-08-2014.pdf,200827,3961
2014-08-29,Central Bank of Nigeria,circulars,Circular to All Banks and Other Financial Institutions: Release of Guidelines for Licensing and Regulation of Financial Holding Companies in Nigeria  ,,"Guidelines for Licensing and Regulation of Financial Holding Companies in Nigeria,ownership and control, Permissible Activities,Non-operating Holdco,Licensing Requirements,Intra-Group Transactions",FPR/DIR/CIR/04/011,https://www.cbn.gov.ng/Out/2014/FPRD/HoldCo Regulation (Cleaned) - Final for issuance 3.pdf,456020,3964
2014-09-01,Central Bank of Nigeria,circulars,Foreign Exchange Market Auction - RDAS NO. 67/2014,,"RDAS, CBN, FMD, AUCTION",FMD/FDO/GEN/CIR/01/67/14,https://www.cbn.gov.ng/Out/2014/FMD/rdas 672014.pdf,199651,3965
2014-09-03,Central Bank of Nigeria,circulars,Foreign Exchange Market Auction- RDAS No.68/2014,,"FMD/FDO/GEN/CIR/01/68/14
Foreign Exchange Market Auction- RDAS No.68/2014",FMD/FDO/GEN/CIR/01/68/14,https://www.cbn.gov.ng/Out/2014/FMD/Auction No. 68 03-09-2014.pdf,198504,3967
2014-09-05,Central Bank of Nigeria,circulars,Framework for the Regulation and Supervision of Domestic Systemically Important Banks (SIBs) in Nigeria ,,"systemically, Important Banks",BSD/DIR/CON/LAB/07/026 ,https://www.cbn.gov.ng/Out/2014/BSD/Approved SIB Supervisory Framework .pdf,494841,3999
2014-09-08,Central Bank of Nigeria,circulars,Foreign Exchange Market Auction - RDAS NO.69/2014,,"CBN, RDAS, AUCTION, FMD",FMD/FDO/GEN/CIR/01/69/14,https://www.cbn.gov.ng/Out/2014/FMD/rdas 692014.pdf,187255,3971
2014-09-10,Central Bank of Nigeria,circulars,Foreign Exchange Market AUCTION - RDAS NO.70/2014,,"AUCTION, FMD, CBN, RDAS",FMD/FDO/GEN/CIR/01/70/14,https://www.cbn.gov.ng/Out/2014/FMD/rdas 702014.pdf,188055,3972
2014-09-11,Central Bank of Nigeria,circulars,CBN Reschedules September 2014 MPC Meeting,,"CBN, MPC",240,https://www.cbn.gov.ng/Out/2014/MPD/Rescheduling of September 2014 MPC Meeting.pdf,66562,3979
2014-09-15,Central Bank of Nigeria,circulars,2014 Christian Pilgrimage,2014 Christian PilgrimagePurchase of Pilgrimms Travelling Allce (PTA) ,Christian Pilgrimage,TED/FEM/FPC/GEN/01/017,https://www.cbn.gov.ng/Out/2014/TED/2014 Xtian Pilgrm.pdf,44258,3982
2014-09-15,Central Bank of Nigeria,circulars,2014 Hajj Pilgrimage,2014 Hajj Pilgrimage: Purchase of Pilgrims Travelling Allowance (PTA),Hajj Pilgrimage PTA,TED/FEM/FPC/GEN/01/018,https://www.cbn.gov.ng/Out/2014/TED/2014 Hajj PTA.pdf,79218,3983
2014-09-15,Central Bank of Nigeria,circulars,Foreign Exchange Market Auction - RDAS NO. 71/2014,,"RDAS, AUCTION, FMD, CBN",FMD/FDO/GEN/CIR/01/71/14,https://www.cbn.gov.ng/Out/2014/FMD/rdas 712014.pdf,190591,3980
2014-09-16,Central Bank of Nigeria,circulars,NIGERIAN TREASURY BILLS ISSUE PROGRAMME,,NTB,FOURTH QUARTER 2014,https://www.cbn.gov.ng/Out/2014/FMD/4th Quarter 2014 NTB Issue Calender.pdf,32368,3981
2014-09-17,Central Bank of Nigeria,circulars,Foreign Exchange Market Auction - RDAS NO.72/2014,,"RDAS, FMD, CBN, AUCTION",FMD/FDO/GEN/CIR/01/72/14,https://www.cbn.gov.ng/Out/2014/FMD/rdas 722014.pdf,193139,3984
2014-09-18,Central Bank of Nigeria,circulars,Circular on the Acceleration of Bank Verification Number Project ,Circular on the Acceleration of Bank Verification Number Project ,Circular on the Acceleration of Bank Verification Number Project ,BPS/DIR/GEN/CIR/02/033,https://www.cbn.gov.ng/Out/2014/BPSD/CIRCULAR ON ACCELERATION ON BVN.pdf,255724,3985
2014-09-19,Central Bank of Nigeria,circulars,"Central Bank of Nigeria Communique  No. 97 of the Monetary Policy Communique Meeting of September 18 and 19, 2014","Central Bank of Nigeria Communiqué No. 97 of the MPC Meeting of September 18 and 19, 2014","MPC, CBN, Communique",MPC-97-2014-1,https://www.cbn.gov.ng/Out/2014/MPD/CBN Communique No 97 of the Monetary Policy Committee Held on September 19 2014.pdf,165775,3991
2014-09-19,Central Bank of Nigeria,circulars,Circular on Electronic Payments Incentives Scheme and Awareness Campaign,Circular on Electronic Payments Incentives Scheme and Awareness Campaign,Circular on Electronic Payments Incentives Scheme and Awareness Campaign,BPS/DIR/GEN/CIR/01/012,https://www.cbn.gov.ng/Out/2014/BPSD/CIRCULAR ON EPAYT INCENTIVES SCHEME.pdf,565690,3990
2014-09-19,Central Bank of Nigeria,circulars,Circular on the Acceleration of Bank Verification Number Project,Circular on the Acceleration of Bank Verification Number Project,Circular on the Acceleration of Bank Verification Number Project,BPS/DIR/GEN/CIR/01/013,https://www.cbn.gov.ng/Out/2014/BPSD/CIRCULAR ON ACCELERATION ON BVN2.pdf,249700,3988
2014-09-19,Central Bank of Nigeria,circulars,Circular on the Acceleration of Bank Verification Number Project,Circular on the Acceleration of Bank Verification Number Project,Circular on the Acceleration of Bank Verification Number BVN Project,BPS/DIR/GEN/CIR/013,https://www.cbn.gov.ng/Out/2014/BPSD/CIRCULAR ON THE ACCELERATION OF BVN PROJECT3.pdf,255442,3989
2014-09-19,Central Bank of Nigeria,circulars,Electronic Payments Incentive Scheme and Awareness Campaign,Electronic Payments Incentive Scheme and Awareness Campaign,Electronic Payments Incentive Scheme and Awareness Campaign,BPS/DIR/GEN/CIR/012,https://www.cbn.gov.ng/Out/2014/BPSD/CIRCULAR ON INCENTIVE SCHEME.pdf,548853,3987
2014-09-22,Central Bank of Nigeria,circulars,Foreign Exchange Market Auction - RDAS NO.73/2014,,"RDAS, FMD, CBN, AUCTION",FMD/FDO/GEN/CIR/01/73/14,https://www.cbn.gov.ng/Out/2014/FMD/rdas732014.pdf,192499,3992
2014-09-24,Central Bank of Nigeria,circulars,Collateral Registry Regulations 2014,"The Central Bank of Nigeria (“The Bank”) is the public institution with the statutory responsibility for, amongst others, the promotion of a sound financial system in the country. Section 1 (2) of the Central Bank of Nigeria Act No. 7 of 2007 details the principal objectives of the Bank.  ",Collateral Registry Regulation 2014,DFD/DIR/GEN/CRR/01/001,https://www.cbn.gov.ng/Out/2014/DFD/Collateral Registry Regulations 2014.pdf,662483,3993
2014-09-25,Central Bank of Nigeria,circulars,"Updated List of Bureau De Change in Nigeria and their Addresses as at September 25, 2014",,"Updated list of Bureau De Change in Nigeria and their addresses as at September 25, 2014",FPR/DIR/GEN/BDC/01/009,https://www.cbn.gov.ng/Out/2014/FPRD/CONFIRMED BDC PUBLICATION YTD 25-09-14 (2).pdf,1128407,3997
2014-09-26,Central Bank of Nigeria,circulars,Guidelines For Operations of International Money Transfer Services (IMTS) In Nigeria,Guidelines for Operations of IMTS In Nigeria.,Guidelines for Operations of IMTS.,TED/FEM/FPC/GEN/01/016,https://www.cbn.gov.ng/Out/2014/TED/IMTSO_Scanned.pdf,282898,3998
2014-09-29,Central Bank of Nigeria,circulars,Foreign Exchange Market Auction - RDAS NO.75/2014,,"RDAS, FMD, CBN, AUCTION",FMD/FDO/GEN/CIR/01/75/14,https://www.cbn.gov.ng/Out/2014/FMD/rdas 752014.pdf,190199,4000
2014-10-03,Central Bank of Nigeria,circulars,"Incessant Request for ISPO by Banks to Lend to States, Local Governments and Community Associations",,"Incessant Request for ISPO by Banks to Lend to States, Local Governments,Community Associations",BSD/DIR/GEN/LAB/02/032,"https://www.cbn.gov.ng/Out/2014/BSD/final Incessant Request for ISPO by Banks to Lend to States, Local Governments and Community Associations.pdf",166140,4021
2014-10-08,Central Bank of Nigeria,circulars,Foreign Exchange Market Auction - RDAS NO.76/2014,,FMD/FDO/GEN/CIR/01/76/14Foreign Exchange Market Auction - RDAS NO.76/2014,FMD/FDO/GEN/CIR/01/76/14,https://www.cbn.gov.ng/Out/2014/FMD/rdas 762014.pdf,193096,4023
2014-10-08,Central Bank of Nigeria,circulars,Internal Capital Generation and Dividend Payout Ratio,,"Internal, Capital, Generation, Dividend, Payout, Ratio",BSD/DIR/GEN/LAB/07/033,https://www.cbn.gov.ng/Out/2014/BSD/Internal Capital Generation and Dividend Payout Ratio.pdf,483292,4017
2014-10-09,Central Bank of Nigeria,circulars,Re-Guidelines for the Operation of International Money Transfer Services (IMTS) in Nigeria- review of the allowable limit,,desd,TED/FEM/FPC/GEN/01/019,https://www.cbn.gov.ng/Out/2014/CCD/IMTS.pdf,41016,4004
2014-10-10,Central Bank of Nigeria,circulars,Guidelines for Processing Requests from DMBs to Extend New/Additional Credit Facilities to Loan Defaulters and AMCON Obligors,,"Guidelines for Processing Requests from DMBs to Extend New/Additional Credit Facilities, Loan Defaulters AMCON Obligors",BSD/DIR/GEN/LAB/07/034,https://www.cbn.gov.ng/Out/2014/BSD/final Guidelines for Processing Requests from DMBs to Extend New or Additional Credit Facilities to Loan Defaulters and AMCON Obligors.pdf,172623,4022
2014-10-21,Central Bank of Nigeria,circulars,Clarification Circular on Bank Verification Number (BVN) Enrollment,Clarification Circular on Bank Verification Number (BVN) Enrollment,Clarification Circular on Bank Verification Number (BVN) Enrollment,BPS/DIR/GEN/CIR/01/015,https://www.cbn.gov.ng/Out/2014/BPSD/CLARIFICATION CIRCULAR ON BVN2.pdf,267809,4028
2014-10-21,Central Bank of Nigeria,circulars,Request For Inputs For Development of a Consumer Protection Framework For Financial Institutions Regulated by the Central Bank of Nigeria (CBN) ,,"consumer protection framework,fair treatment of customers,responsible conduct amongst operators, complaints handling, redress mechanism ",CPD/DIR/GEN/CPF/01/011,https://www.cbn.gov.ng/Out/2014/CFPD/Request for inputs of cp framework.pdf,902432,4025
2014-10-23,Central Bank of Nigeria,circulars,Re:Transfer of All Non-proprietary Assets to Licensed Custodians,,"Transfer, All Non-proprietary Assets, Licensed,  Custodians",BSD/DIR/GEN/LAB/07/036,https://www.cbn.gov.ng/Out/2014/BSD/CIRCULAR ON FAILURE TO TRANSFER TO CUSTODIANS 2.pdf,127451,4037
2014-10-24,Central Bank of Nigeria,circulars,Common Challenges and Solutions,,"MFB,Challenges,common",OFISD/MFB/FINA/DOC/07/2014,https://www.cbn.gov.ng/Out/2014/OFISD/Common Challenges and Solutions.pdf,125000,4059
2014-10-24,Central Bank of Nigeria,circulars,Importance of Returns Rendition,,"MFB,Challenges,importance,common",OFISD/MFB/FINA/DOC/07/2014,https://www.cbn.gov.ng/Out/2014/OFISD/Importance of Returns Rendition.pdf,345000,4060
2014-10-24,Central Bank of Nigeria,circulars,Instruction and Standards,,"instruction, standards",OFISD/MFB/FINA/DOC/07/2014,https://www.cbn.gov.ng/Out/2014/OFISD/Instructions and Standards.pdf,408000,4056
2014-10-24,Central Bank of Nigeria,circulars,Microfinance Finance Bank Codes,,"mfb, codes,microfinance bank.",OFISD/MFB/FINA/CODES/07/2014,https://www.cbn.gov.ng/Out/2014/OFISD/MFB Codes.pdf,403000,4057
2014-10-24,Central Bank of Nigeria,circulars,Prudential Regulation for the Management of Foreign Exchange Risks of Banks,,"Prudential Regulation for the Management,Foreign Exchange Risks of Banks",BSD/DIR/GEN/LAB/07/037,https://www.cbn.gov.ng/Out/2014/BSD/Circular on foreign borrowing dated October 2014.pdf,345943,4038
2014-10-24,Central Bank of Nigeria,circulars,States and LGA Codes,,"mfb, codes,microfinance bank.",OFISD/MFB/FINA/LGACODES/07/2014,https://www.cbn.gov.ng/Out/2014/OFISD/State and LG Codes.pdf,157000,4058
2014-10-27,Central Bank of Nigeria,circulars,Foreign Exchange Market Auction - RDAS NO.81/2014,,"FMD, CBN, AUCTION, RDAS",FMD/FDO/GEN/CIR/01/81/14,https://www.cbn.gov.ng/Out/2014/FMD/rdas 812014.pdf,198267,4040
2014-10-28,Central Bank of Nigeria,circulars,Re: Guidelines on the Operations of CBN Interventions in the Interbank Market through the Two-Way Quote System,,"CBN Interventions, Interbank and Two-Way Quote",TED/FEM/FPC/GEN/01/020,https://www.cbn.gov.ng/Out/2014/TED/TED.FEM.FPC.GEN.01.020.pdf,234156,4042
2014-10-28,Central Bank of Nigeria,circulars,Request for Submission of Proposal for the Baseline Survey of MSME,"The Central Bank of Nigeria (CBN) is planning to undertake a baseline survey of Micro, Small and Medium Enterprises (MSMEs) in Nigeria.","The Central Bank of Nigeria (CBN) is planning to undertake a baseline survey of Micro, Small and Medium Enterprises (MSMEs) in Nigeria.",DFD/DIR/GEN/MSME/01/001,https://www.cbn.gov.ng/Out/2014/DFD/Request for Submission of Proposal for the Baseline Survey of MSME.pdf,357426,4041
2014-10-29,Central Bank of Nigeria,circulars,Foreign Exchange Market Auction- RDAS No.82/2014 and FX Forward Auction No.11/2014,,"FMD/FDO/GEN/CIR/01/82/14
Foreign Exchange Market Auction- RDAS No.82/2014 and FX Forward Auction No.11/2014",FMD/FDO/GEN/CIR/01/82/14,https://www.cbn.gov.ng/Out/2014/FMD/Auction No 82 29-10-2014.pdf,215856,4043
2014-11-03,Central Bank of Nigeria,circulars,Foreign Exchange Market Auction - RDAS NO.83/2014,,"RDAS, AUCTION, FMD, CBN, FDO",FMD/FDO/GEN/CIR/01/83/14,https://www.cbn.gov.ng/Out/2014/FMD/rdas 832014.pdf,192335,4045
2014-11-05,Central Bank of Nigeria,circulars,Guidelines on Mobile Payments Services in Nigeria,,"Guidelines,Mobile,Payments,Services,Nigeria",BPS/DIR/GEN/CIR/01/005/A,https://www.cbn.gov.ng/Out/2014/BPSD/Exposure Draft Guidelines on Mobile Payments Services in Nigeria .pdf,483824,4053
2014-11-05,Central Bank of Nigeria,circulars,Regulatory Framework for mobile payments services in Nigeria,,"Regulatory,Framework,mobile payments,services,Nigeria",BPS/DIR/GEN/CIR/01/005/B,https://www.cbn.gov.ng/Out/2014/BPSD/Exposure Draft Regulatory Framework for Mobile Payments .pdf,343116,4054
2014-11-06,Central Bank of Nigeria,circulars,Exclusion of Some Transactions from the RDAS Window,,RDAS,TED/FEM/FPC/GEN/01/022,https://www.cbn.gov.ng/Out/2014/TED/TED.FEM.FPC.GEN.01.022.pdf,42843,4049
2014-11-06,Central Bank of Nigeria,circulars,RE: Guidelines on Accessing the CBN Standing Deposit Facility,,"CBN, SDF, MPR,BANKS, DISCOUNT HOUSES",FMD/DIR/GEN/CIR/05/020,https://www.cbn.gov.ng/Out/2014/FMD/circular .pdf,194675,4050
2014-11-07,Central Bank of Nigeria,circulars,2014 Annual Workshop On Foreign Exchange Management Issues,NOTICE OF 2014 FOREIGN EXCHANGE MANAGEMENT WORKSHOP ,2014 FEM WORKSHOP,TED/FEM/FPC/GEN/01/021,https://www.cbn.gov.ng/Out/2014/TED/FEMWKSHOP2014.pdf,50984,4055
2014-11-10,Central Bank of Nigeria,circulars,Foreign Exchange Market Auction - RDAS NO.85/2014,,"RDAS, FMD, CBN, ",FMD/FDO/GEN/CIR/01/85/14,https://www.cbn.gov.ng/Out/2014/FMD/rdas 852014.pdf,193779,4063
2014-11-10,Central Bank of Nigeria,circulars,Re: Year 2014 Christain Pilgrimage: Purchase of Pilgrims Travelling Allowance,,Pilgrims Travelling Allowance (PTA),TED/FEM/FPC/GEN/01/023,https://www.cbn.gov.ng/Out/2014/TED/TED.FEM.FPC.GEN.01.023.pdf,46287,4061
2014-11-12,Central Bank of Nigeria,circulars,Foreign Exchange Market Auction - RDAS NO.86/2014 AND FX FORWARD AUCTION NO.13/2014,,"RDAS, CBN, AUCTION, FMD, FX FORWARD",FMD/FDO/GEN/CIR/01/86/14,https://www.cbn.gov.ng/Out/2014/FMD/rdas 862014.pdf,206679,4064
2014-11-14,Central Bank of Nigeria,circulars,Updated List of Confirmed Bureaux De Change in Compliance with New Requirement,,"Bureaux De Change,BDCs,Central Bank of Nigeria, Financial Policy and Regulation",FPR/DIR/GEN/BDC/01/010,https://www.cbn.gov.ng/Out/2014/FPRD/CONFIRMED BDC PUBLICATION YTD 14-11-14.pdf,638935,4080
2014-11-17,Central Bank of Nigeria,circulars,Foreign Exchange Market Auction- RDAS No.87/2014,,"FMD/FDO/GEN/CIR/01/87/14
Foreign Exchange Market Auction- RDAS No.87/2014",FMD/FDO/GEN/CIR/01/87/14,https://www.cbn.gov.ng/Out/2014/FMD/Auction No 87 2014.pdf,195486,4084
2014-11-18,Central Bank of Nigeria,circulars,Status and Reporting Line of Chief Compliance Officers,,"Status and Reporting Line,Central Bank of Nigeria, CBN,Compliance Officers,Banks,Financial Policy & Regulation",FPR/CIR/GEN/04/012,https://www.cbn.gov.ng/Out/2014/FPRD/STATUS AND REPORTING LINE OF CHIEF COMPLIANCE OFFICERS.pdf,207857,4085
2014-11-19,Central Bank of Nigeria,circulars,Foreign Exchange Market Auction- RDAS No.88/2014,,"FMD/FDO/GEN/CIR/01/88/14
Foreign Exchange Market Auction- RDAS No.88/2014",FMD/FDO/GEN/CIR/01/88/14,https://www.cbn.gov.ng/Out/2014/FMD/Auction No 88 2014.pdf,195054,4086
2014-11-20,Central Bank of Nigeria,circulars,Circular to DMBs and Merchant Banks on the  Implementation of SWIFT Sanction Screening Service,Implementation of SWIFT Sanction Screening Service,Implementation of SWIFT Sanction Screening Service,BPS/DIR/GEN/CIR/01/014,https://www.cbn.gov.ng/Out/2014/BPSD/CIRCULAR ON SSS.pdf,262654,4087
2014-11-21,Central Bank of Nigeria,circulars,"RE: Notice of 2014 Annual Workshop on Foreign Exchange Management Issues Holding in Lagos From   24 - 25 Nov, 2014","RE: Notice of 2014 Annual Workshop on Foreign Exchange Management Issues Holding in Lagos From   24 - 25 Nov, 2014","Workshop, Foreign Exchange, Authorised Dealers",TED/FEM/FPC/GEN/01/024,https://www.cbn.gov.ng/Out/2014/CCD/2014AnnualFXWorkshop.pdf,44524,4090
2014-11-21,Central Bank of Nigeria,circulars,Sale of Foreign Exchange without adequate documentation particularly shipping documents,Informing all authorized dealers to cease from selling FOREX for Shipping without adequate documentation,"FOREX, SALES, SHIPPING, DEALERS, DOCUMENTATION, AUTHORISED DEALERS",TED/FEM/FPC/GEN/01/025,https://www.cbn.gov.ng/Out/2014/CCD/Sale-of-Forex-without-Adequate-Documentation.pdf,51318,4089
2014-11-24,Central Bank of Nigeria,circulars,Foreign Exchange Market Auction- RDAS No.89/2014,,"FMD/FDO/GEN/CIR/01/89/14
Foreign Exchange Market Auction- RDAS No.89/2014",FMD/FDO/GEN/CIR/01/89/14,https://www.cbn.gov.ng/Out/2014/FMD/Auction No 89 24-11-2014.pdf,199244,4092
2014-11-26,Central Bank of Nigeria,circulars,Foreign Exchange Market Auction - RDAS NO.90/2014,,"FMD, AUCTION, CBN, RDAS",FMD/FDO/GEN/CIR/01/90/14,https://www.cbn.gov.ng/Out/2014/FMD/auction circular.pdf,197567,4095
2014-11-28,Central Bank of Nigeria,circulars,Update List of Confirmed Bureaux De Change in Compliance with New Requirements ,,"Bureau De Change, BDC, New BDC Requirements, FPR, Financial Policy and Regulation",FPR/DIR/GEN/BDC/04/014,https://www.cbn.gov.ng/Out/2014/FPRD/CONFIRMED BDC PUBLICATION YTD 28-11-14.pdf,642135,4096
2014-12-01,Central Bank of Nigeria,circulars,Foreign Exchange Market Auction- RDAS No.91/2014,,"FMD/FDO/GEN/CIR/01/91/14
Foreign Exchange Market Auction- RDAS No.91/2014",FMD/FDO/GEN/CIR/01/91/14,https://www.cbn.gov.ng/Out/2014/FMD/Auction No  91 01-12-2014.pdf,199066,4097
2014-12-03,Central Bank of Nigeria,circulars,Foreign Exchange Market Auction- RDAS No.92/2014,,"FMD/FDO/GEN/CIR/01/92/14
Foreign Exchange Market Auction- RDAS No.92/2014",FMD/FDO/GEN/CIR/01/92/14,https://www.cbn.gov.ng/Out/2014/FMD/Auction No 92 03-12-2014.pdf,198256,4099
2014-12-08,Central Bank of Nigeria,circulars,Circular on the year 2014 Accredited Cheque Printers,Circular on the year 2014 Accredited Cheque Printers,Circular on the year 2014 Accredited Cheque Printers,BPS/DIR/GEN/CIR/02/033,https://www.cbn.gov.ng/Out/2014/BPSD/LIST OF ACCREDITED CHEQUE PRINTERS AS AT DECEMBER 2014.pdf,239632,4101
2014-12-08,Central Bank of Nigeria,circulars,Foreign Exchange Market Auction- RDAS No.93/2014,,"FMD/FDO/GEN/CIR/01/93/14
Foreign Exchange Market Auction- RDAS No.93/2014",FMD/FDO/GEN/CIR/01/93/14,https://www.cbn.gov.ng/Out/2014/FMD/Auction No 93 12-8-2014.pdf,195018,4100
2014-12-10,Central Bank of Nigeria,circulars,Foreign Exchange Market Auction- RDAS No.94/2014 and FX Forward Auction No. 14/2014,,"FMD/FDO/GEN/CIR/01/94/14
Foreign Exchange Market Auction- RDAS No.94/2014 and FX Forward Auction No. 14/2014",FMD/FDO/GEN/CIR/01/94/14,https://www.cbn.gov.ng/Out/2014/FMD/Auction No 94 10-12-2014.pdf,210582,4103
2014-12-10,Central Bank of Nigeria,circulars,Nigerian Treasury Bills Issue Programme 1st Quarter 2015,,"NTB Issue Programme
Nigerian Treasury Bills Issue Programme 1st Quarter 2015",NTB Issue Programme,https://www.cbn.gov.ng/Out/2014/FMD/Issue calender 1st Qtr 2015.pdf,450077,4102
2014-12-10,Central Bank of Nigeria,circulars,Oil and Gas Industry Credit Risk Mitigation,Oil and Gas Industry Credit Risk Mitigation,"Oil,Gas,Industry,Credit,Risk,Mitigation,cbn,bsd,banking,supervision,central,nigeria,bank",BSD/DIR/GEN/LAB/OAG/07/046,https://www.cbn.gov.ng/Out/2014/OFISD/Oil and Gas Industry Credit Risk Mitigation.pdf,1384464,4104
2014-12-17,Central Bank of Nigeria,circulars,Foreign Exchange Trading Position of Banks at the close of each Business Day (UPDATED),,Foreign Exchange Trading Position,TED/FEM/FPC/GEN/01/026,https://www.cbn.gov.ng/Out/2014/TED/TED.FEM.FPC.GEN.01.026.pdf,44649,4108
2014-12-17,Central Bank of Nigeria,circulars,Foreign Exchange Trading Positions of Banks at the close of each Business Day,,Foreign Exchange Trading Position,TED/FEM/FPC/GEN/01/026,https://www.cbn.gov.ng/Out/2014/TED/TED.FEM.FPC.GEN.01.026.pdf,45300,4107
2014-12-18,Central Bank of Nigeria,circulars,Utilization Of Funds Purchased From The Interbank Foreign Exchange Market By Authorised Dealers/Customers (UPDATED),Utilization of Funds Purchased From Interbank Exchange market.,Funds Purchased From Interbank Exchange Market By Authorised dealers/Customers,TED/FEM/FPC/GEN/01/029,https://www.cbn.gov.ng/Out/2014/TED/ForexUtilization.pdf,40824,4109
2015-01-05,Central Bank of Nigeria,circulars,Cash Reserve Requirement Maintenance Calender for 2015,Cash Reserve Requirement Maintenance Calender for 2015,"Cash Reserve, Requirement Maintenance ,Calender for 2015",BSD/DIR/GEN/LAB/08/001,https://www.cbn.gov.ng/Out/2015/BSD/Cash Reserve Requirement Maintenance Calender for 2015.pdf,139506,4117
2015-01-05,Central Bank of Nigeria,circulars,Foreign Exchange Market Auction- RDAS No.01/2015,,"FMD/FDO/GEN/CIR/01/01/15
Foreign Exchange Market Auction- RDAS No.01/2015",FMD/FDO/GEN/CIR/01/01/15,https://www.cbn.gov.ng/Out/2015/FMD/Auction No 01 05-01-2015.pdf,466939,4115
2015-01-07,Central Bank of Nigeria,circulars,Oil and Gas Industry Credit Risk Mitigation,,"Oil, Gas , Industry, Credit Risk Mitigation",BSD/DIR/GEN/LAB/08/002,https://www.cbn.gov.ng/Out/2015/BSD/LAB Oil and Gas Industry Credit Risk Mitigation.pdf,60381,4118
2015-01-09,Central Bank of Nigeria,circulars,Updated List of Confirmed Bureaux De Change in Compliance with New Requirement,,"Bureau De Change, BDC, CBN, Financial Policy & Regulation, Central Bank of Nigeria",FPR/DIR/BDC/GEN/01/001,https://www.cbn.gov.ng/Out/2015/FPRD/UPDATED LIST OF CONFIRMED BUREAUX DE CHANGE IN COMPLIANCE WITH NEW REQUIREMENTAS AT 9-01-2015.pdf,647579,4119
2015-01-12,Central Bank of Nigeria,circulars,Daily Foreign Currency trading Positions of Banks and Period for Utilisation of Funds,,Foreign Currency Trading Position,TED/FEMFPC/GEN/01/001,https://www.cbn.gov.ng/Out/2015/TED/TED.FEM.FPC.GEN.01.001.pdf,30171,4121
2015-01-12,Central Bank of Nigeria,circulars,Foreign Exchange Market Auction- RDAS No.03/2015,,"FMD/FDO/GEN/CIR/01/03/15
Foreign Exchange Market Auction- RDAS No.03/2015",FMD/FDO/GEN/CIR/01/03/15,https://www.cbn.gov.ng/Out/2015/FMD/Auction No 03-01-15.pdf,559399,4120
2015-01-19,Central Bank of Nigeria,circulars,Circular on Implementation of two Factor Authentication for Internal Banking Processes,"A major identified cause of fraud in the banking industry has been traced to increased
insider abuse","Circular on Implementation of two Factor,Authentication,Internal Banking,Processes",BPS/DIR/GEN/CIR/06/001,https://www.cbn.gov.ng/Out/2015/BPSD/CIRCULAR ON IMPLEMENTATION OF TWO FACTOR AUTHENTICATION FOR INTERNAL BANKING PROCESSES2 (2).pdf,223561,4126
2015-01-19,Central Bank of Nigeria,circulars,Circular on Nigerian Issued Card Present Fraud in Non-EMV Environments,"The occurrence of Card Present Fraud in Non-EMV environments is on the increase,
especially when International hybrid cards issued by Nigerian banks are used in non-EMV
environments like the USA. ","Circular,Nigerian, Issued, Card Present,Fraud, Non-EMV Environments",BPS/DIR/GEN/CIR/06/002,https://www.cbn.gov.ng/Out/2015/BPSD/CIRCULAR ON NIGERIAN ISSUED CARD PRESENT FRAUD IN NON .pdf,146634,4127
2015-01-19,Central Bank of Nigeria,circulars,Circular on Nigerian Issued Card Present Fraud in Non-Enviroments (Signed copy),"The occurrence of Card Present Fraud in Non-EMV environments is on the increase, especially when ","Nigerian, Issued, Card, Present, Fraud, Non-EMV, Environments, signed, copy,",BPS/DIR/GEN/CIR/06/002,https://www.cbn.gov.ng/Out/2015/BPSD/CIRCULAR ON NIGERIAN ISSUED CARD PRESENT FRAUD IN NON -EMV ENVIRONMENT.pdf,273266,4155
2015-01-19,Central Bank of Nigeria,circulars,Foreign Exchange Market Auction- RDAS No.05/2015,,"FMD/FDO/GEN/CIR/02/05/15
Foreign Exchange Market Auction- RDAS No.05/2015",FMD/FDO/GEN/CIR/02/05/15,https://www.cbn.gov.ng/Out/2015/FMD/Auction No 05 19-05-2015.pdf,199992,4133
2015-01-21,Central Bank of Nigeria,circulars,Foreign Exchange Market Auction- RDAS No.06/2015,,"FMD/FDO/GEN/CIR/02/06/15
Foreign Exchange Market Auction- RDAS No.06/2015",FMD/FDO/GEN/CIR/02/06/15,https://www.cbn.gov.ng/Out/2015/FMD/Auction No 06 21-01-2015.pdf,198688,4135
2015-01-21,Central Bank of Nigeria,circulars,Utilization of rDAS and Interbank Funds/Review of the Foreign Exchange Trading Positions of Banks,,"rDAS, Interbank Funds and Foreign Exchange Trading Position",TED/FEM/FPC/GEN/01/002,https://www.cbn.gov.ng/Out/2015/TED/TED.FEM.FPC.GEN.01.002.pdf,45993,4131
2015-01-22,Central Bank of Nigeria,circulars,"Circular to all Banks, Discount Houses and Other Financial Institutions on Compliance with the United States of America's Foreign Accounts Tax Compliance Act (FATCA) 2010",,"Circular to all Banks, Discount Houses and Other Financial Institutions on Compliance with the United States of America's Foreign Accounts Tax Compliance Act (FATCA) 2010, Hiring Incentive to Restore Employment (HIRE) Act, Financial Foreign Assets (FFA), US Tax Payer, US IRS",FPR/DIR/GEN/CIR/04/004,"https://www.cbn.gov.ng/Out/2015/FPRD/Circular January 27, 2015.PDF",217873,4150
2015-01-23,Central Bank of Nigeria,circulars,Review of Weekly Foreign Exchange Cash Sales to Bureau De Change (BDC) Operators,,"Foreign Exchange Cash Sales, Bureau De Change BDC",TED/FEM/FPC/GEN/01/003,https://www.cbn.gov.ng/Out/2015/TED/TED.FEM.FPC.GEN.01.003.pdf,45008,4149
2015-01-26,Central Bank of Nigeria,circulars,Foreign Exchange Market Auction- RDAS No.07/2015,,"FMD/FDO/GEN/CIR/02/07/15
Foreign Exchange Market Auction- RDAS No.07/2015",FMD/FDO/GEN/CIR/02/07/15,https://www.cbn.gov.ng/Out/2015/FMD/Auction No 07 26-01-2015.pdf,196534,4151
2015-01-28,Central Bank of Nigeria,circulars,Daily Rendition of Net Open Position ,,"Daily, Rendition, Net Open Position ",BSD/DIR/GEN/LAB/08/006,https://www.cbn.gov.ng/Out/2015/BSD/Circular on Daily Rendition of NOP.pdf,126710,4153
2015-01-28,Central Bank of Nigeria,circulars,Foreign Exchange Market Auction- RDAS No.08/2015,,"FMD/FDO/GEN/CIR/02/08/15
Foreign Exchange Market Auction- RDAS No.08/2015",FMD/FDO/GEN/CIR/02/08/15,https://www.cbn.gov.ng/Out/2015/FMD/Auction No 08 28-01-2015.pdf,204100,4152
2015-01-29,Central Bank of Nigeria,circulars,Circular on Nigerian Issued Card Present Fraud in Non-Enviroments (Signed copy),"The occurrence of Card Present Fraud in Non-EMV environments is on the increase, especially when ","Nigerian, Issued, Card, Present, Fraud, Non-EMV, Environments, signed, copy,",BPS/DIR/GEN/CIR/06/002,https://www.cbn.gov.ng/Out/2015/BPSD/CIRCULAR ON NIGERIAN ISSUED CARD PRESENT FRAUD IN NON -EMV ENVIRONMENT.pdf,273266,4156
2015-02-02,Central Bank of Nigeria,circulars,Foreign Exchange Market Auction- RDAS No.09/2015,,"FMD/FDO/GEN/CIR/02/09/15
Foreign Exchange Market Auction- RDAS No.09/2015",FMD/FDO/GEN/CIR/02/09/15,https://www.cbn.gov.ng/Out/2015/FMD/Auction No 09 02-02-2015.pdf,198543,4158
2015-02-02,Central Bank of Nigeria,circulars,N300 Billion Real Sector Support Facility (RSSF) Guidelines,"The Central Bank of Nigeria, as part of the efforts to unlock the potentials of the real sector to engender output growth, value added productivity and job creation.",Real Sector Support Facility (RSSF) Guidelines,DFD/DIR/GEN/SMEF/1/001,https://www.cbn.gov.ng/Out/2015/DFD/Real Sector Support Facility Guidelines .pdf,234661,4157
2015-02-03,Central Bank of Nigeria,circulars,Special Intervention in The Bureau De Change (BDC) Segment Of The Foreign Exchange Market,,"Bereau De Change, BDC, Exchange Market",TED/FEM/FPC/GEN/01/004,https://www.cbn.gov.ng/Out/2015/CCD/TED Circular322015.pdf,45545,4169
2015-02-04,Central Bank of Nigeria,circulars,Foreign Exchange Market Auction- RDAS No.10/2015,,"FMD/FDO/GEN/CIR/02/10/15
Foreign Exchange Market Auction- RDAS No.10/2015",FMD/FDO/GEN/CIR/02/10/15,https://www.cbn.gov.ng/Out/2015/FMD/Auction No 10 04-02-2015.pdf,188938,4170
2015-02-05,Central Bank of Nigeria,circulars,Re - Prohibition from Borrowing to Capitalize Banks,,"cbn,bsd,borrowing,prohibition,capitalize,banks",BSD/DIR/GEN/LAB/08/008,https://www.cbn.gov.ng/Out/2015/BSD/RE-PROHIBITION FROM BORROWING TO CAPITALIZE BANKS.pdf,224783,4172
2015-02-06,Central Bank of Nigeria,circulars,Updated list of Confirmed Bureaux De Change in compliance with the New Requirement,,"Updated list of Confirmed Bureaux De Change in compliance with the New Requirement, as February 6, 2015",FPR/DIR/CIR/GEN/05/002,https://www.cbn.gov.ng/Out/2015/FPRD/CONFIRMED BDC PUBLICATION YTD 05-02-15.pdf,660203,4173
2015-02-09,Central Bank of Nigeria,circulars,Foreign Exchange Market Auction- RDAS No.11/2015,,"FMD/FDO/GEN/CIR/02/11/15
Foreign Exchange Market Auction- RDAS No.11/2015",FMD/FDO/GEN/CIR/02/11/15,https://www.cbn.gov.ng/Out/2015/FMD/Auction No 11 09-02-2015.pdf,193306,4175
2015-02-11,Central Bank of Nigeria,circulars,"Deposit Money Banks,  Switches, Processors, PTSPs and Other Payments System Service Providers",Implementation of electronic payments incentive scheme,Implementation of electronic payments incentive scheme,BPS/DIR/GEN/CIR/02/001,https://www.cbn.gov.ng/Out/2015/BPSD/CIRCULAR ON EPIS IMPLEMENTATION.pdf,544449,4180
2015-02-11,Central Bank of Nigeria,circulars,Foreign Exchange Market Auction- RDAS No.12/2015,,"FMD/FDO/GEN/CIR/02/12/15
Foreign Exchange Market Auction- RDAS No.12/2015",FMD/FDO/GEN/CIR/02/12/15,https://www.cbn.gov.ng/Out/2015/FMD/Auction No 12 11-02-2015.pdf,193670,4179
2015-02-11,Central Bank of Nigeria,circulars,Re: Cash Reserve Requirement Maintenance Calendar for 2015,,"Cash Reserve, Requirement Maintenance,  Calendar for 2015",BSD/DIR/GEN/LAB/08/009,https://www.cbn.gov.ng/Out/2015/BSD/LAB Amendment to CRR Calendar 2015.pdf,139441,4182
2015-02-13,Central Bank of Nigeria,circulars,Guideline on the Governance of Advisory Council of Experts for Non-Interest (Islamic) Financial Institution in Nigeria,,"Guideline on the Governance of Advisory Council of Experts for Non-Interest (Islamic) Financial Institution in Nigeria, ACE,Non-Interest Financial Institution, Appointment, duties and responsibilities of the Advisory Committees of Experts of NIFIs.",FPR/DIR/GUI/NIB/01/002,https://www.cbn.gov.ng/Out/2015/FPRD/ACE COG.pdf,209870,4195
2015-02-16,Central Bank of Nigeria,circulars,"Central Bank of Nigeria Communique No. 99 of the Monetary Policy Committee Meeting of Monday 19th and Tuesday 20th January, 2015 with Personal Statements of Members","The Monetary Policy Committee (MPC) met on January 19 and 20,
2015 against the backdrop of challenging external conditions and
downside risks in the domestic economic environment. In
attendance were all the eleven members of the Committee. The
Committee reviewed key external developments as well as domestic
economic and financial conditions and outlook for 2015.","Communique, MPC, CBN. Monetary Policy",MPC-99-2015-2,"https://www.cbn.gov.ng/Out/2015/MPD/CBN Communique of the MPC Meeting Released on January  19 and 29, 2015 with Personal Statements (2).pdf",488614,4183
2015-02-16,Central Bank of Nigeria,circulars,"Circular to all Banks, discount Houses and Other Financial Institutions, Time Bar for Resolution of Customers' Complaints",,"Circular to all Banks, discount Houses and Other Financial Institutions, Time Bar for Resolution of Customers' Complaints, Time limit of six years,",FPR/DIR/GEN/CIR/01/045,https://www.cbn.gov.ng/Out/2015/FPRD/time Bar 2.PDF,191695,4184
2015-02-18,Central Bank of Nigeria,circulars,Foreign Exchange Market Auction- RDAS No.14/2015,,"FMD/FDO/GEN/CIR/02/14/15
Foreign Exchange Market Auction- RDAS No.14/2015",FMD/FDO/GEN/CIR/02/14/15,https://www.cbn.gov.ng/Out/2015/FMD/Auction No14 18-02-2015.pdf,197067,4189
2015-02-19,Central Bank of Nigeria,circulars,Guideline on the Governance of Advisory Committees of Experts for Non-Interest (Islamic) Financial Institution in Nigeria,,"Guideline on the Governance of Advisory Committees of Experts for Non-Interest (Islamic) Financial Institution in Nigeria, Advisory Committee of Experts,ACE",FPR/DIR/GI/NIB/01/002,https://www.cbn.gov.ng/Out/2015/FPRD/ACE GUIDELINES 3.pdf,209950,4193
2015-02-19,Central Bank of Nigeria,circulars,Repatriation of Export Proceeds (Oil and non-Oil),,"ted, repatriation, proceeds, oil, non-oil",TED/FEM/FPC/GEN/01/005,https://www.cbn.gov.ng/Out/2015/CCD/TED_Circular.pdf,31977,4192
2015-02-20,Central Bank of Nigeria,circulars,"Clarification on the Provisions of Memorandum 26, Paragraph (5), Section (D) of the Foreign Exchange Manual",,"Clarification, Memorandum, Foreign Exchange Manual",TED/FEM/FPC/GEN/01/006,https://www.cbn.gov.ng/Out/2015/CCD/Clarification on the Foreign Exchange Manual 20-Feb-2015.pdf,40806,4196
2015-02-20,Central Bank of Nigeria,circulars,Guideline on the Governance of Financial Regulation Advisory Council of Experts for Non-Interest (Islamic) Financial Institution in Nigeria  ,,"Guideline on the Governance of Financial Regulation Advisory Council of Experts for Non-Interest (Islamic) Financial Institution in Nigeria, FRACE, Islamic Banking in Nigeria ",FPR/DIR/GUI/NIB/01/001,https://www.cbn.gov.ng/Out/2015/FPRD/FRACE COG.pdf,252267,4194
2015-02-25,Central Bank of Nigeria,circulars,Commencement of Federal Government's Independent Revenue e-collection Scheme under the Treasury Single Account (TSA) Initiative,Commencement of Federal Government's Independent Revenue e-collection Scheme under the Treasury Single Account (TSA) Initiative,Commencement of Federal Government's Independent Revenue e-collection Scheme under the Treasury Single Account (TSA) Initiative,BPS/CSO/CON/DIR/01/079,https://www.cbn.gov.ng/Out/2015/BPSD/CIRCULAR ON OAGF REVENUE COLLECTION.pdf,270015,4200
2015-02-27,Central Bank of Nigeria,circulars,Updated List of Confirmed Bureaux De Change in Compliance with New Requirement,,"Bureau De Change, Financial Policy & Regulation Department, FPR,BDC,Central Bank of Nigeria ",FPR/DIR/BDC/GEN/05/003,https://www.cbn.gov.ng/Out/2015/FPRD/CONFIRMED BDC PUBLICATION YTD 27-02-15.pdf,665412,4202
2015-03-04,Central Bank of Nigeria,circulars,Real Sector Support Facility Guidelines,Real Sector Support Facility Guidelines,Guidelines,DFD/DIR/GEN/MSMEDF/1/003,https://www.cbn.gov.ng/Out/2015/DFD/Real Sector Support Facility Guidelines.pdf,136558,4203
2015-03-06,Central Bank of Nigeria,circulars,Nigerian Treasury Bills Issue Programme (Second Quarter 2015),,NTB,Nigerian Treasury Bills Issue Programme,https://www.cbn.gov.ng/Out/2015/FMD/NTB Calender - Second Quarter 2015.pdf,32485,4205
2015-03-11,Central Bank of Nigeria,circulars,"Circular to all Deposit Money Banks: Terms and Conditions for Participation by Deposit Money Banks (DMBs) in the Implementation and Execution of Nigeria Electricity Market Stabilization Facility (""CBN-NEMSF"")",,"Circular to all Deposit Money Banks: Terms and Conditions for Participation by Deposit Money Banks (DMBs) in the Implementation and Execution of Nigeria Electricity Market Stabilization Facility (""CBN-NEMSF"")Disbursement Date, Disco Feeder Collection Accounts, Lead Bank",FPR/DIR/GEN/CIR/01/004,https://www.cbn.gov.ng/Out/2015/FPRD/CBN-NEMSF Terms and Conditions Final.pdf,3049951,4211
2015-03-19,Central Bank of Nigeria,circulars,Regulatory and Supervisory Guidelines for Development Finance Institutions in Nigeria,Regulatory and Supervisory Guidelines for Development Finance Institutions in Nigeria,Regulatory;Supervisory;Guidelines;Development;Finance;Institutions;Nigeria;CBN;Central;Bank;Banking;OFISD;Other;Financial;Supervision;OFI;DFI;NEXIM;BOA;BOI;TIB;FMBN;NERFUND;,OFISD-1-2015,https://www.cbn.gov.ng/Out/2015/OFISD/Regulatory And Supervisory Guidelines For Development Finance Institutions In Nigeria 2015.pdf,467188,4405
2015-03-25,Central Bank of Nigeria,circulars,Guidelines on Bancassurance Products- Referral Model ,,"Guidelines, Bancassurance Products- Referral Model ",BSD/DIR/GEN/LAB/08/014,https://www.cbn.gov.ng/Out/2015/BSD/Letter on Bancassurance for Webpage 1.pdf,295452,4225
2015-03-27,Central Bank of Nigeria,circulars,Updated list of Confirmed Bureaux De Change in Compliance with the New Requirements,,Updated list of Confirmed Bureaux De Change in Compliance with the New Requirements,FPR/DIR/BDC/GEN/05/006,https://www.cbn.gov.ng/Out/2015/FPRD/CONFIRMED BDC PUBLICATION YTD 27-03-15.pdf,1172567,4226
2015-04-01,Central Bank of Nigeria,circulars,Guidelines on Mobile Money Services in Nigeria,,"Guidelines, Mobile, Money, Services, Nigeria",BPS/DIR/GEN/CIR/02/008,https://www.cbn.gov.ng/Out/2015/BPSD/Guidelines on Mobile Money Services in Nigeria.pdf,480267,4230
2015-04-01,Central Bank of Nigeria,circulars,Regulatory Framework for Licensing Super-Agents in Nigeria,,"Regulatory Framework for Licensing, Super-Agents, Nigeria",BPS/DIR/GEN/CIR/02/010,https://www.cbn.gov.ng/Out/2015/BPSD/Regulatory Framework for Licensing Super-Agents in Nigeria.pdf,485691,4232
2015-04-01,Central Bank of Nigeria,circulars,Regulatory Framework for Mobile Money Services in Nigeria,,"Regulatory Framework for Mobile, Money, Services,  Nigeria,",BPS/DIR/GEN/CIR/02/009,https://www.cbn.gov.ng/Out/2015/BPSD/Regulatory Framework for Mobile Money Services in Nigeria.pdf,331495,4231
2015-04-09,Central Bank of Nigeria,circulars,Need to Implement Measures to Dissuade the Issuance of Dud Cheques in the Nigerian Banking System.,,"Implement, Measures, Dissuade, Issuance of Dud Cheques,Nigerian Banking System.",BSD/DIR/GEN/LAB/08/016,"https://www.cbn.gov.ng/Out/2015/BSD/Circular of Dud Cheques dated March 31, 2015.pdf",77799,4241
2015-04-09,Central Bank of Nigeria,circulars,Reporting Unethical Conduct/Whistle Blowing,,"Reporting, Unethical, Conduct, Whistle Blowing",BSD/DIR/GEN/LAB/08/017,https://www.cbn.gov.ng/Out/2015/BSD/Circular on Reporting Unethical Conduct.pdf,57262,4240
2015-04-13,Central Bank of Nigeria,circulars,Usage of Naira Denominated Cards Overseas,Usage of Naira Denominated Cards Overseas,Naira Denominated Cards Overseas,TED/FEM/FPC/GEN/01/007,https://www.cbn.gov.ng/Out/2015/TED/usage of naira denominated cardsoverseas.pdf,53256,4244
2015-04-14,Central Bank of Nigeria,circulars,Cessation of Rendition of Returns on Micro Credit Fund,,"cbn,bsd,cessation,returns,micro,credit,fund",BSD/DIR/GEN/MCF/08/20,https://www.cbn.gov.ng/Out/2015/BSD/Cessation of Rendition of Returns on Micro Credit Fund.pdf,127037,4245
2015-04-17,Central Bank of Nigeria,circulars,Currency Substitution and Dollarisation of the Nigerian Economy,,Currency Substitution and Dollarisation of the Nigerian Economy,BSD/DIR/GEN/LAB/08/013,https://www.cbn.gov.ng/Out/2015/BSD/Circular on Currency Substitution final .pdf,51982,4255
2015-04-22,Central Bank of Nigeria,circulars,"Clarification on Circular Ref:TED/FEM/FPC/GEN/01/007 of April 13, 2015, Re: Usage of Naira Denominated Cards overseas",,Naira denominated cards,TED/FEM/FPC/GEN/01/008,https://www.cbn.gov.ng/Out/2015/TED/TED.FEM.FPC.GEN.01.008.pdf,42849,4257
2015-04-22,Central Bank of Nigeria,circulars,Recovery of Delinquent Credit Facilities ,,Recovery of Delinquent Credit Facilities ,BSD/DIR/GEN/LAB/08/022,https://www.cbn.gov.ng/Out/2015/BSD/Circular- Recovery of Deliquent Facility .pdf,52902,4258
2015-05-06,Central Bank of Nigeria,circulars,Updated List of Confirmed Bureaux De Change in Compliance with the New Requirement,,"Updated List of BDC, BDC, Central Bank of Nigeria, CBN, Bureau De Change",FPR/DIR/BDC/GEN/05/007,https://www.cbn.gov.ng/Out/2015/FPRD/CONFIRMED BDC PUBLICATION YTD 06-05-15.pdf,668110,4264
2015-05-18,Central Bank of Nigeria,circulars,Circular to all Banks and Other Financial Institutions: Amendment to Pricing of Commercial Agriculture Credit Scheme(CACS) and Guidelines,,Amendment to Pricing of Commercial Agriculture Credit Scheme(CACS) and Guidelines,FPR/DIR/CIR/GEN/05/005,https://www.cbn.gov.ng/Out/2015/FPRD/Commercial Agric Cedit Scheme-Circular.PDF,173121,4266
2015-05-20,Central Bank of Nigeria,circulars,Circular to all Non Interest (Islamic) Financial Institutions on the Treatment of Hamish Al Jiddiyyah (Earnest Deposit),,"Non-Interest Financial Institutions,Central Bank of Nigeria,Hamish Al Jiddiyyah,Earnest Deposit",FPR/DIR/CIR/GEN/05/004,https://www.cbn.gov.ng/Out/2015/FPRD/CIRCULAR ON NON-INTEREST.pdf,409392,4273
2015-05-20,Central Bank of Nigeria,circulars,Re: New Cash Reserve Requirement,,"reserve,requirement,rate,mpc,cbn,bsd",BSD/DIR/GEN/LAB/08/024                            ,https://www.cbn.gov.ng/Out/2015/BSD/NEW CASH RESERVE REQUIREMENT.pdf,144874,4274
2015-05-22,Central Bank of Nigeria,circulars,Circular to all Banks and Other Financial Institutions: Amendment to Pricing of Commercial Agriculture Credit Scheme (CACS) and Guidelines,,"Amendment to Pricing of Commercial Agriculture Credit Scheme (CACS) and Guidelines,Circular to all Banks and Other Financial Institutions",FPR/DIR/CIR/GEN/05/005,https://www.cbn.gov.ng/Out/2015/FPRD/Commercial Agric Cedit Scheme-Circular-2.pdf,1673809,4276
2015-05-26,Central Bank of Nigeria,circulars,Re: Process for linking the BVN with Customer's Account on the Core Banking Applications by Banks,Re: Process for linking the BVN with Customer's Account on the Core Banking Applications by Banks,Re: Process for linking the BVN with Customer's Account on the Core Banking Applications by Banks,BPS/DIR/GEN/05/008,https://www.cbn.gov.ng/Out/2015/BPSD/BVN LINKAGE OPTIONS.pdf,364300,4277
2015-06-10,Central Bank of Nigeria,circulars,Updated List of Confirmed Bureaux De Change in Compliance with New Requirement,,"Bureau De Change, BDC, Financial Policy and regulation, FPR,Central Bank of Nigeria, CBN",FPR/DIR/BDC/GEN/05/011,https://www.cbn.gov.ng/Out/2015/FPRD/CONFIRMED BDC PUBLICATION YTD 10-06-15.pdf,673316,4304
2015-06-12,Central Bank of Nigeria,circulars,Establishment of Industry Fraud Desks,Establishment of Industry Fraud Desks,Establishment of Industry Fraud Desks,BPS/DIR/GEN/CIR/02/004,https://www.cbn.gov.ng/Out/2015/BPSD/CIRCULAR ON THE ESTABLISHMENT OF INDUSTRY FRAUD DESK.pdf,674098,4313
2015-06-12,Central Bank of Nigeria,circulars,Nigerian Treasury Bills Issue Programme 3rd Quarter 2015,,NTB Issue Programme,NTB Issue Programme,https://www.cbn.gov.ng/Out/2015/FMD/NTB ISSUE PROGRAMME (3rd QUARTER 2015).pdf,592424,4314
2015-06-23,Central Bank of Nigeria,circulars,Inclusion of Some Imported Goods and Services on the List of Items not valid for Foreign... ,,"inclusion of imported goods and services, Nigerian Foreign Exchange Markets",TED/FEM/FPC/01/010,https://www.cbn.gov.ng/Out/2015/TED/TED.FEM.FPC.GEN.01.010.pdf,78437,4318
2015-06-24,Central Bank of Nigeria,circulars,Circular to all Banks on the Redesign of the Credit Risk Management System,,"Redesign of the Credit Risk Management System, CRMS,",FPR/DIR/CIR/GEN/05/007,https://www.cbn.gov.ng/Out/2015/FPRD/Circular on CRMS Redesign.PDF,172676,4320
2015-06-24,Central Bank of Nigeria,circulars,Guidance Note on the Calculation of Capital Requirement for Market Risk,,"cbn,bsd,basel,implementation,revised,guidance,notes",BSD/DIR/GEN/BAS/08/031/3,https://www.cbn.gov.ng/Out/2015/BSD/3.Revised Guidance Notes on Market Risk.pdf,830107,4350
2015-06-24,Central Bank of Nigeria,circulars,Guidance Notes on Pillar III - Market Discipline,,"cbn,bsd,basel,implementation,revised,guidance,notes",BSD/DIR/GEN/BAS/08/031/6,https://www.cbn.gov.ng/Out/2015/BSD/6.Revised Guidance Notes on Pillar 3 Disclosure Requirement.pdf,675672,4354
2015-06-24,Central Bank of Nigeria,circulars,Guidance Notes on Regulatory Capital,,"cbn,bsd,basel,implementation,revised,guidance,notes",BSD/DIR/GEN/BAS/08/031/1,https://www.cbn.gov.ng/Out/2015/BSD/1.Revised Guidance Notes on Regulatory Capital.pdf,593389,4348
2015-06-24,Central Bank of Nigeria,circulars,Guidance Notes on Supervisory Reveiw Process,,"cbn,bsd,basel,implementation,revised,guidance,notes",BSD/DIR/GEN/BAS/08/031/5,https://www.cbn.gov.ng/Out/2015/BSD/5.Guidance Notes on Supervisory Review Process.pdf,280100,4353
2015-06-24,Central Bank of Nigeria,circulars,Guidance Notes on the Calculation of Capital Requirement for Credit Risk,,"cbn,bsd,basel,implementation,revised,guidance,notes",BSD/DIR/GEN/BAS/08/031/2,https://www.cbn.gov.ng/Out/2015/BSD/2.Revised Guidance Notes on Credit Risk.pdf,874045,4349
2015-06-24,Central Bank of Nigeria,circulars,Guidance Notes on the Calculation of Capital Requirement for Operational Risk,,"cbn,bsd,basel,implementation,revised,guidance,notes",BSD/DIR/GEN/BAS/08/031/4,https://www.cbn.gov.ng/Out/2015/BSD/4.Revised Guidance Notes on Operational Risk.pdf,743836,4351
2015-06-24,Central Bank of Nigeria,circulars,Inclusion of Some Imported Goods and Services on the List of Items Not Valid for Foreign Exchange in the Nigerian Foreign Exchange Market - UPDATED,,"Imported Goods and Services, Not valid for Foreign Exchange",TED/FEM/FPC/GEN/01/010,https://www.cbn.gov.ng/Out/2015/TED/TED.FEM.FPC.GEN.01.010..pdf,79454,4319
2015-06-24,Central Bank of Nigeria,circulars,Revised Guidance Notes on Basel II Implementation and the Reporting Template for Capital Adequacy Ratio,,"cbn,bsd,basel,implementation,revised,guidance,notes",BSD/DIR/GEN/BAS/08/031,https://www.cbn.gov.ng/Out/2015/BSD/LETTER TO ALL BANKS ON THE REVISED GUIDANCE NOTES ON BASEL II IMPLEMENTATION AND THE REPORTING TEMPLATE FOR CAPITAL ADEQUACY RATIO.pdf,195467,4347
2015-06-26,Central Bank of Nigeria,circulars,Inclusion of Some Imported Goods and Services on the List of Items Not Valid for Foreign Exchange in the Nigerian Foreign Exchange Market - UPDATED,,Nigerian Foreign exchange Market,TED/FEM/FPC/GEN/01/010,https://www.cbn.gov.ng/Out/2015/TED/TED.FEM.FPC.GEN.01.011.pdf,78522,4321
2015-06-30,Central Bank of Nigeria,circulars,Circular on Extension of the Deadline for Bank Verification Number ,Circular on Extension of the Deadline for Bank Verification Number ,"Circular on Extension of the Deadline for Bank Verification Number, BVN",BPS/DIR/GEN/CIR/02/008,https://www.cbn.gov.ng/Out/2015/BPSD/BVN Extension Circular.pdf,270706,4324
2015-06-30,Central Bank of Nigeria,circulars,Re: Public Sector Revenue Accounts With Deposit Money Banks,,"cbn,bsd,revenue,public,sector,deposit",BSD/DIR/GEN/LAB/08/032,https://www.cbn.gov.ng/Out/2015/BSD/RE PUBLIC SECTOR REVENUE ACCOUNTS WITH DEPOSIT MONEY BANKS.pdf,126860,4323
2015-06-30,Central Bank of Nigeria,circulars,Re:Inclusion of Some Imported Goods And Services On the Items Not Valid For Forex In Market,Inclusion of Good And Services In Forex Market.,Goods And Services for Forex Market.,TED/FEM/FPC/GEN/01/011,https://www.cbn.gov.ng/Out/2015/TED/Inclusion imported goods.pdf,41407,4326
2015-07-01,Central Bank of Nigeria,circulars,Re-Inclusion Of Some Imported Goods and Services on The List of Items not Valid for Foreign Exchange In Nigerian Foreign Exchange Markets,Re-Inclusion Of Some Imported Goods and Services on The List of Items not Valid for Foreign Exchange In Nigerian Foreign Exchange Markets,"FX, Inclusion, Goods, Services",TED/FEM/FPC/GEN/01/012,https://www.cbn.gov.ng/Out/2015/CCD/tedcircular062015.pdf,87272,4334
2015-07-03,Central Bank of Nigeria,circulars,"Procedures for Registration of Forms 'M' for Goods ""Not Valid for Foreign Exchange""",,"Form 'M', Not valid for foreign exchange",TED/FEM/FPC/GEN/01/013,https://www.cbn.gov.ng/Out/2015/TED/TED.FEM.FPC.GEN.01.013.pdf,48345,4346
2015-07-06,Central Bank of Nigeria,circulars,Circular on the Implementation of Controls on Naira Denominated Card Transactions Consumated Overseas,Circular on the Implementation of Controls on Naira Denominated Card Transactions Consumated Overseas,Circular on the Implementation of Controls on Naira Denominated Card Transactions Consumated Overseas,BPSD/DIR/GEN/CIR/02/005,https://www.cbn.gov.ng/Out/2015/BPSD/Circular on The Implementation of Controls on Naira Denominated Card Transactions Consumated Overseas.pdf,231816,4356
2015-07-08,Central Bank of Nigeria,circulars,Updated List of Confirmed Bureau De Change in Compliance with New Requirement,,"Central Bank of Nigeria, Bureau De Change, BDC, Updated List",FPR/DIR/BDC/GEN/05/012,https://www.cbn.gov.ng/Out/2015/FPRD/CONFIRMED BDC PUBLICATION YTD 08-07-15.pdf,681309,4358
2015-07-16,Central Bank of Nigeria,circulars,Circular to all Licensed Bureaux De Change (BDCs) in Nigeria,,"BVN, BDC, Central Bank of Nigeria, CBN, Bank Verification Number",FPR/DIR/CIR/GEN/05/008,https://www.cbn.gov.ng/Out/2015/FPRD/Circular to all Bureau De Change.pdf,361516,4363
2015-07-16,Central Bank of Nigeria,circulars,Re: Appointment of two additional Pre-Shipment Inspection Agents (PIAs) for Non-Oil Exports,,Pre-shipment Inspection Agents,TED/FEM/FPC/GEN/01/014,https://www.cbn.gov.ng/Out/2015/TED/TED.FEM.FPC.GEN.01.014.pdf,48674,4364
2015-07-29,Central Bank of Nigeria,circulars,Sanctions on Erring Banks/e-Payment Service Providers for Infractions of Payments System Rules and Regulations,,"Sanctions, Erring, Banks/e-Payment, Service, Providers, Infractions, Payments, System Rules, Regulations",BPS/DIR/GEN/CIR/02/007,https://www.cbn.gov.ng/Out/2015/BPSD/SANCTIONS ON ERRING BANKS.pdf,878806,4383
2015-07-30,Central Bank of Nigeria,circulars,Nationwide Rollout of Cashless Policy to the Remaining 30 States,,"Nationwide, Rollout, Cashless, Policy, Remaining, 30, States,",BPS/DIR/GEN/CIR/02/006,https://www.cbn.gov.ng/Out/2015/BPSD/CIRCULAR ON NATIONWIDE ROLLOUT OF CASH-LESS POLICY TO THE REMAINING 30 STATES.pdf,156738,4375
2015-08-05,Central Bank of Nigeria,circulars,"Developments in the Foreign Exchange Market, Re: Cash Deposit into Domiciliary Accounts",,Domiciliary accounts,TED/FEM/FPC/GEN/01/015,https://www.cbn.gov.ng/Out/2015/TED/TED.FEM.FPC.GEN.01.015.pdf,45059,4386
2015-08-13,Central Bank of Nigeria,circulars,2015 Hajj Operations: Purchase of Pilgrims Travelling Allowance (PTA),,Pilgrims Travelling Allowance,TED/FEM/FPC/GEN/01/016,https://www.cbn.gov.ng/Out/2015/TED/TED.FEM.FPC.GEN.01.016.pdf,152840,4388
2015-08-18,Central Bank of Nigeria,circulars,"Circular to Deposit Money Banks, Cheque Printers & Other Stakeholders on the Accreditation of Cheque Printers for 2015/16","Circular to Deposit Money Banks, Cheque Printers & Other Stakeholders on the Accreditation of Cheque Printers for 2015/16","Circular to Deposit Money Banks, Cheque Printers & Other Stakeholders on the Accreditation of Cheque Printers for 2015/16",BPS/DIR/CIR/08/2015,"https://www.cbn.gov.ng/Out/2015/BPSD/Circular to Deposit Money Banks, Cheque Printers & Other Stakeholders on the Accreditation of Cheque Printers for 2015 2016.pdf",200922,4391
2015-08-19,Central Bank of Nigeria,circulars,Circular on the Framework for the Enrolment of Nigerian Banks Customers in Diaspora for BVN Issuance,Circular on the Framework for the Enrolment of Nigerian Banks Customers in Diaspora for BVN Issuance,Circular on the Framework for the Enrolment of Nigerian Banks Customers in Diaspora for BVN Issuance,BPS/DIR/GEN/05/009,https://www.cbn.gov.ng/Out/2015/BPSD/Circular on the Framework for the Enrolment of Nigerian Banks Customers in Diaspora for BVN Issuance.pdf,545465,4392
2015-08-19,Central Bank of Nigeria,circulars,Review of the Guide to Bank Charges,,"Guide to Bank Charges, Central Bank of Nigeria, CBN, FPRD",FPR/DIR/GEN/RGBC/01/013,https://www.cbn.gov.ng/Out/2015/FPRD/REVIEW OF THE GUIDE TO BANK CHARGES.pdf,277324,4394
2015-08-19,Central Bank of Nigeria,circulars,Updated List of Confirmed Microfinance Banks Limited,,"Microfinance Banks, MFBs, Central Bank of Nigeria, CBN",FPR/DIR/GEN/MFB/05/015,https://www.cbn.gov.ng/Out/2015/FPRD/MFB DATABASE AS AT JULY 31 2015.pdf,365871,4393
2015-08-25,Central Bank of Nigeria,circulars,"Circular to all Banks, Discount Houses and Other Financial Institutions: Time Bar for Resolution of Customers' Complaints",,"Circular to all Banks, Discount Houses and Other Financial Institutions: Time Bar for Resolution of Customers' Complaints, fraud cases, Time Limit of 6 years, records retained beyond 180 days, dispute resolution",FPR/DIR/GEN/CIR/05/011,https://www.cbn.gov.ng/Out/2015/FPRD/Circular on 6 year time bar for customer complaints.pdf,188075,4395
2015-08-25,Central Bank of Nigeria,circulars,Circular to all Merchant Banks:-Guidelines on Operation of Group Structure by Merchant Banks in Nigeria,,Circular to all Merchant Banks:-Guidelines on Operation of Group Intra-Group Transactions,FPR/DIR/CIR/GEN/05/012,https://www.cbn.gov.ng/Out/2015/FPRD/Merchant Banking  Most Updated.pdf,332675,4396
2015-09-01,Central Bank of Nigeria,circulars,Circular to all Development Finance Institutions (DFIs): Licensing Requirement For Existing DFIs,Circular to all Development Finance Institutions (DFIs): Licensing Requirement For Existing DFIs,Regulatory;Supervisory;Guidelines;Development;Finance;Institutions;Nigeria;CBN;Central;Bank;Banking;OFISD;Other;Financial;Supervision;OFI;DFI;NEXIM;BOA;BOI;TIB;FMBN;NERFUND;LICENSING;requirements;existing;procedure;CAMA;Act;National;assembly,OFISD-2-2015,https://www.cbn.gov.ng/Out/2015/OFISD/Circular to all Development Finance Institutions - Licensing Requirement for Existing DFIs.pdf,353182,4406
2015-09-04,Central Bank of Nigeria,circulars,4th Quarter 2015 NTB Issue Programme,4th Quarter 2015 NTB Issue Programme,NTB,4th Quarter 2015 NTB Issue Programme,https://www.cbn.gov.ng/Out/2015/FMD/4th Quarter 2015 NTB Issue Programme.pdf,102846,4404
2015-09-07,Central Bank of Nigeria,circulars,Deadline for Transfer of Federal Government Funds to Treasury Single Account,,"cbn,bsd,treasury,single,account,federal,government",BSD/DIR/GEN/LAB/08/048,https://www.cbn.gov.ng/Out/2015/BSD/Deadline for Transfer of Federal Government Funds to Treasury Single Account.pdf,158102,4407
2015-09-07,Central Bank of Nigeria,circulars,Deadline for Transfer of Federal Government Funds to Treasury Single Account,Deadline for Transfer of ,"Federal, Government, Funds, to Treasury Single Account",BSD/DIR/GEN/LAB/08/048,https://www.cbn.gov.ng/Out/2015/BSD/LETTER TO ALL BANKS transfer to TSA.pdf,190598,4408
2015-09-11,Central Bank of Nigeria,circulars,Updated List of Confirmed BDCs in Compliance with New Requirement,,"BDCs, Financial Policy & Regulation Department, CBN, Updated List of Confirmed BDCs, Central Bank of Nigeria",FPR/DIR/BDC/GEN/05/016,https://www.cbn.gov.ng/Out/2015/FPRD/Updated BDC List for Publication 2765 as at 11- 09- 2015.pdf,768349,4416
2015-09-14,Central Bank of Nigeria,circulars,Circular on the Implementation of e-dividend Mandate Management System,Circular on the Implementation of e-dividend Mandate Management System,Circular on the Implementation of e-dividend Mandate Management System,BPS/DIR/GEN/05/009,https://www.cbn.gov.ng/Out/2015/BPSD/CIRCULAR EDIVIDEND.pdf,387131,4419
2015-09-22,Central Bank of Nigeria,circulars,Integration Of SON's e-Certificates Into The Nigeria Integrated Customs Information System (NICIS),Integration Of SON's e-Certificates Into The Nigeria Integrated Customs Information System (NICIS),NICIS,TED/PFO/IDM/CON/01/150,https://www.cbn.gov.ng/Out/2015/CCD/nicis.pdf,46711,4429
2015-10-07,Central Bank of Nigeria,circulars,Year 2015 Christian Pilgrimage: Purchase of Pilgrims Travelling Allowance,,Pilgrims Travelling Allowance,TED/FEM/FPC/GEN/01/019,https://www.cbn.gov.ng/Out/2015/TED/TED.FEM.FPC.GEN.01.019.pdf,89310,4442
2015-10-08,Central Bank of Nigeria,circulars,Guidelines on the Management of Dormant Account and Other Unclaimed Funds by Banks and Other Financial Institutions in Nigeria,," Guidelines on the Management of Dormant Account and Other Unclaimed Funds by Banks and Other Financial Institutions in Nigeria, Dormant Account",FPR/DIR/GEN/05/013,https://www.cbn.gov.ng/Out/2015/FPRD/QDAR-Circular on Aormant Account.pdf,322982,4443
2015-10-12,Central Bank of Nigeria,circulars,Re: 2015 Christian Pilgrimage: Purchase of Pilgrims Travelling Allowance,,Pilgrims Travelling Allowance,TED/FEM/FPC/GEN/01/020,https://www.cbn.gov.ng/Out/2015/TED/TED.FEM.FPC.GEN.01.020.pdf,82272,4448
2015-10-14,Central Bank of Nigeria,circulars,Updated List of Confirmed BDCs in Compliance with new Requirement,,"BDCs, CBN, Central Bank of Nigeria, Updated List of BDCs, Financial Policy & Regulation Department",FPR/DIR/BDC/GEN/05/017,https://www.cbn.gov.ng/Out/2015/FPRD/CONFIRMED BDC PUBLICATION YTD 14-10-15.pdf,786399,4449
2015-10-21,Central Bank of Nigeria,circulars,Circular to All Banks and Licensed Bureaux De Change (BDCs) on the use of Bank Verification Number ,,Circular to all Banks and Licensed Bureaux De Change (BDCs) on the use of Bank Verification Number,FPR/DIR/CIR/GEN/05/013,https://www.cbn.gov.ng/Out/2015/FPRD/BDC-BVN Circular.PDF,144460,4450
2015-10-21,Central Bank of Nigeria,circulars,Circular to All Banks and Other Financial Institutions: Revised Assessment criteria for Approved Persons'  Regime For Financial Institutions,," Revised Assessment criteria for Approved Persons'  Regime For Financial Institutions, board and top management",FPR/DIR/CIR/GEN/05/014,https://www.cbn.gov.ng/Out/2015/FPRD/Revised Fit and Proper - Combined-Final Oct 2015.pdf,608465,4451
2015-10-23,Central Bank of Nigeria,circulars,Re: Inclusion of Some Imported Goods and Services on the List of Items Not Valid for Foreign Exchange in the Nigerian Foreign Exchange Markets,,"Not Valid for Foreign Exchange, Foreign Exchange Market",TED/FEM/FPC/GEN/01/021,https://www.cbn.gov.ng/Out/2015/TED/TED.FEM.FPC.GEN.01.021.pdf,90699,4453
2015-11-02,Central Bank of Nigeria,circulars,Extension Of BVN For Nigeria Bank Customers In Diaspora And Other Related Matters,Extension Of BVN For Nigeria Bank Customers In Diaspora And Other Related Matters,BVN,BPS/DIR/GEN/CIR/02/033,https://www.cbn.gov.ng/Out/2015/CCD/BVNExtension.pdf,340709,4481
2015-11-04,Central Bank of Nigeria,circulars,Circular on the Implementation of the Global Mobile Payments Monitoring & Regulation System,"In line with the Central Bank of Nigeria's responsibility for oversight of National Payment System, the Bank has implemented a monitoring solution for effective surveillance of Mobile Money Operators and their transactions","Circular, Implementation, Global, Mobile, Payments, Monitoring, Regulation, System",BPS/DIR/GEN/CIR/02/011,https://www.cbn.gov.ng/Out/2015/BPSD/Circular on the Implementation of the GMPM system.pdf,320911,4494
2015-11-11,Central Bank of Nigeria,circulars,The Need for Banks to Build Adequate Loan Loss Reserve,,"Need, Banks, Build Adequate Loan Loss Reserve",BSD/DIR/GEN/LAB/08/052,https://www.cbn.gov.ng/Out/2015/BSD/Letter to all banks on General Provisions.pdf,11192,4503
2015-11-12,Central Bank of Nigeria,circulars,Implementation of the Treasury Single Account for FGN/MDAs Deposit Balances,Circular to Primary Mortgage Banks (PMBs) and Development Finance Institutions (DFIs),Implementation;TSA;Treasury;Single;Account;FGN;MDA;Deposit;Balances,OFI/DIR/GEN/CIR/05/573,https://www.cbn.gov.ng/Out/2015/OFISD/Implementation of the Treasury Single Account for FGN_MDAs Deposit Balances.pdf,1317328,4498
2015-11-18,Central Bank of Nigeria,circulars,Guidelines on International Mobile Money Remittance Service in Nigeria,,"Guidelines, International Mobile Money Remittance",TED/FEM/FPC/GEN/01/022,https://www.cbn.gov.ng/Out/2015/TED/Guidelines on International Mobile Money Remittance Service in Nigeria.pdf,537587,4504
2015-12-10,Central Bank of Nigeria,circulars,Nigerian Treasury Bills Issue Programme 1st Quarter 2016,,NTB Issue Programme,NTB Issue Programme,https://www.cbn.gov.ng/Out/2015/FMD/1st Quarter NTB Issue Program 2016.pdf,32046,4518
2015-12-11,Central Bank of Nigeria,circulars,Circular to all Bureaux De Change: Revised Operational Guidelines for Bureaux De Change in Nigeria,," Revised Operational Guidelines for Bureaux De Change in Nigeria, Circular, PTA, BTA",FPR/DIR/CIR/GEN/01/030,https://www.cbn.gov.ng/Out/2015/FPRD/Revised BDC Circular and Guidelines-corrected-final 2015.pdf,555121,4520
2015-12-21,Central Bank of Nigeria,circulars,"Reviewed Micro, Small and Medium Enterprises Development Fund (MSMEDF) Guidelines","Micro, Small and Medium Enterprises Development Fund (MSMEDF) Guidelines","msmedf, dfd",DFD/GL/MSMEDF/21122015,https://www.cbn.gov.ng/Out/2015/CCD/MSMEDF-Nov-2015_WIP 161215_b.pdf,519390,4522
2015-12-31,Central Bank of Nigeria,circulars,"Confirmed Bureaux De Change in Compliance with the New Requirements for the Operation of BDCs in Nigeria as at December 31, 2015",,"Confirmed Bureaux De Change in Compliance with the New Requirements for the Operation of BDCs in Nigeria as at December 31, 2015",FPR/DIR/BDC/GEN/05/019,https://www.cbn.gov.ng/Out/2015/FPRD/CONFIRMED BDC PUBLICATION YTD 31-12-15.pdf,1349837,4530
2015-12-31,Central Bank of Nigeria,circulars,"Licensed Microfinance Banks (MFBs) in Nigeria as at December 31, 2015",,"Licensed Microfinance Banks (MFBs) in Nigeria as at December 31, 2015",FPR/DIR/MFB/GEN/05/020,https://www.cbn.gov.ng/Out/2015/FPRD/Licensed MFB as at 31-12-2015.pdf,643256,4531
2015-12-31,Central Bank of Nigeria,circulars,Payment of Annual License Renewal Fee Through Electronic Channels,,"Payment of Annual License Renewal Fee Through Electronic Channels, Financial Institutions, Bureaux De Change (BDC, Finance Companies",FPR/DIR/GEN/CIR/01/035,"https://www.cbn.gov.ng/Out/2015/FPRD/BDC-Annual Renewal Fee Dec 31, 2015.pdf",243231,4527
2016-01-08,Central Bank of Nigeria,circulars,Reduction in Cash Reserve Requirement (CRR) to Enhance Bank's Liquidity for Real Sector Financig,,Reduction in Cash Reserve Requirement (CRR) to Enhance Monetary Policy Committee (MPC),FPR/DIR/GEN/CIR/01/002,https://www.cbn.gov.ng/Out/2016/FPRD/CRR Reduction Circular Jan 2016.pdf,292353,4532
2016-01-11,Central Bank of Nigeria,circulars,"Developments in the Foreign Exchange Market, Re: Cash Deposit into Domiciliary Accounts",,"Cash deposit, domiciliary account",TED/FEM/FPC/GEN/01/001,https://www.cbn.gov.ng/Out/2016/TED/TED.FEM.FPC.GEN.01.001.pdf,44359,4533
2016-01-19,Central Bank of Nigeria,circulars,Collection and Remittance of Statutory Charges on Receipts to Nigeria Postal Service under the Stamp Duties Act,,"To all Deposit Money Banks (DMB) and Financial Institutions, Nigerian Postal Service, Stamp Duties Act, Remittance, ",BPS/DIR/GEN/DCS/02/008,https://www.cbn.gov.ng/Out/2016/CCD/SCAN0001.pdf,1019011,4573
2016-01-21,Central Bank of Nigeria,circulars,Introduction of Negotiable Current Account Maintenance Fee Not Exceeding N1/Mile,,"Charges, RGBC, Central Bank, Guidelines, Revised Guide to Bank Charges",FPR/DIR/GEN/CIR/01/003,https://www.cbn.gov.ng/Out/2016/FPRD/INTRODUCTION OF NEGOTIABLE CURRENT ACCOUNT MAINTENANCE FEE NOT EXCEEDING N1 PER MILLE.pdf,299039,4574
2016-01-22,Central Bank of Nigeria,circulars,Refund of Mandatory Caution Deposit,,"Refund of N35 Million Mandatory Caution Deposits, BDC, Central Bank of Nigeria",FPRD/DIR/GEN/CIR/01/004,https://www.cbn.gov.ng/Out/2016/FPRD/CIRCULAR TO ALL BDC-REFUND OF MANDATORY CAUTION DEPOSIT.pdf,99871,4575
2016-01-27,Central Bank of Nigeria,circulars,List of Deposit Money Banks and Financial Holding Companies Operating in Nigeria,,"Banks, Deposit Money Banks, Financial Holding Companies, CBN, Central Bank of Nigeria, Commercial Banks, HOLDCOs",FPR/DIR/DMB/GEN/01/001,https://www.cbn.gov.ng/Out/2016/FPRD/DMBs Database 27-01-2016.pdf,69694,4581
2016-01-27,Central Bank of Nigeria,circulars,Updated List of confirmed BDCs in Compliance with New Requirement,,"CBN, Central Bank of Nigeria, BDCs,Bureau De Change, Financial Policy & Regulation",FPR/DIR/BDC/GEN/01/02,https://www.cbn.gov.ng/Out/2016/FPRD/CONFIRMED BDC PUBLICATION YTD 27-01-16.pdf,876471,4580
2016-01-29,Central Bank of Nigeria,circulars,Notice of Meeting of Foreign Exchange Officers of Banks,,Foreign Exchange Officers,TED/FEM/FPC/GEN/01/002,https://www.cbn.gov.ng/Out/2016/TED/TED.FEM.FPC.GEN.01.002.pdf,46495,4582
2016-02-01,Central Bank of Nigeria,circulars,Guidelines for Banking Operations in the Free Trade Zones in Nigeria, ,"Guidelines, Banking, Operations, Free, Trade, Zones,",BPS/DIR/GEN/WEB/01/003,https://www.cbn.gov.ng/Out/2016/BPSD/GUIDELINES FOR BANKING OPERATIONS IN THE FREE ZONES.pdf,405695,4584
2016-02-04,Central Bank of Nigeria,circulars,Extension of BVN for Nigerian Banks' Customers in Diaspora (Revised),,"Extension, BVN, Nigerian Banks' Customers, Diaspora,",BPS/DIR/GEN/WEB/01/004,https://www.cbn.gov.ng/Out/2016/BPSD/EXTENSION OF BVN FOR NIGERIAN BANKS'S CUSTOMERS IN DIASPORA.PDF,2608548,4586
2016-02-09,Central Bank of Nigeria,circulars,Guidelines for the Operation of Treasury Single Account (TSA) by State Governments in Nigeria,Guidelines for the Operation of Treasury Single Account (TSA) by State Governments in Nigeria,Guidelines for the Operation of Treasury Single Account (TSA) by State Governments in Nigeria,BPS/DIR/GEN/CIR/03/002,https://www.cbn.gov.ng/Out/2016/BPSD/Guidelines for the Operations of TSA by State Governments in Nigeria.pdf,251469,4587
2016-02-25,Central Bank of Nigeria,circulars,Clarification on Accounts with BVN Related Issues,Clarification on Accounts with BVN Related Issues,Clarification on Accounts with BVN Related Issues,BPS/DIR/GEN/CIR/16/003,https://www.cbn.gov.ng/Out/2016/BPSD/BVN ISSUES CIRCULAR.pdf,376346,4593
2016-03-02,Central Bank of Nigeria,circulars,Revised Guidelines of the Real Sector Support Facility ,Guidelines of the Real Sector Support Facility revised January 2016,Real Sector Support Facility Central Bank Nigeria Participating Financial Institutions,DFD/DIR/GEN/RSSF/02/001,https://www.cbn.gov.ng/Out/2016/DFD/Revised Real Sector Support Facility Guidelines January 2016.pdf,205269,4614
2016-03-09,Central Bank of Nigeria,circulars,Nigerian Treasury Bills Issue Programme Second Quarter 2016,,NTBs,NTBs,https://www.cbn.gov.ng/Out/2016/FMD/Second Qtr 2016 NTB Calender.pdf,32149,4621
2016-05-03,Central Bank of Nigeria,circulars,Guidelines on Operations of Electronic Payment Channels in Nigeria,Guidelines on Operations of ,"Electronic, Payment Channels, Nigeria ",BPS/DIR/GEN/CIR/01/012,https://www.cbn.gov.ng/Out/2016/BPSD/Approved Guidelines on Operations of Electronic Payment Channels in Nigeria.pdf,1094434,4685
2016-05-03,Central Bank of Nigeria,circulars,Guidelines on Transaction Switching in Nigeria,,"Guidelines, Transaction, Switching, Nigeria",BPS/DIR/GEN/CIR/01/011,https://www.cbn.gov.ng/Out/2016/BPSD/Approved Guidelines on Transaction Switching in Nigeria.pdf,726327,4684
2016-05-27,Central Bank of Nigeria,circulars,Updated List of Confirmed Bureaux De Change in Compliance with New Requirement,,"BDCs, Financial Policy & Regulation, Central Bank of Nigeria",FPR/DIR/GEN/CIR/01/010,https://www.cbn.gov.ng/Out/2016/FPRD/CONFIRMED BDC PUBLICATION YTD 26-05-16.pdf,888604,4711
2016-06-14,Central Bank of Nigeria,circulars,Nigerian Treasury Bills Issue Programme Third Quarter 2016,,"NTB Issue Programme
Nigerian Treasury Bills Issue Programme 3rd Quarter 2016",NTB Issue Programme,https://www.cbn.gov.ng/Out/2016/FMD/NTB Calender 2016 3rd Quarter.pdf,31889,4727
2016-06-14,Central Bank of Nigeria,circulars,"Updated List of Commercial Banks as at June 14, 2016",,"BANKS, COMMERCIAL BANKS, MERCHANT BANKS, NON INTEREST BANKS",FPR/DIR/GEN/CIR/01/008,https://www.cbn.gov.ng/Out/2016/FPRD/DMBs Database 25-05-2016.pdf,71454,4725
2016-06-14,Central Bank of Nigeria,circulars,"Updated List of Microfinance Banks as at June 14, 2016",,MICROFINANCE BANKS,FPR/DIR/GEN/CIR/01/009,https://www.cbn.gov.ng/Out/2016/FPRD/MFB DATABASE AS AT 25-05-2016.pdf,328468,4726
2016-06-16,Central Bank of Nigeria,circulars,Nigerian Export - Import Bank (NEXIM) Operating Guidelines For The Export Rediscounting & Refinancing Facility (RRF),Nigerian Export - Import Bank (NEXIM) Operating Guidelines For The Export Rediscounting & Refinancing Facility (RRF),"RRF, NEXIM. REDISCOUNTING, REFINANCING",DFD/DIR/GEN/NEX/01/004,https://www.cbn.gov.ng/Out/2016/CCD/Export RRF GUIDELINES N50 Billion NEXIM June 2016.pdf,202944,4732
2016-06-16,Central Bank of Nigeria,circulars,Non-Oil Export Stimulation Facility (ESF) Operating Guidelines,Non-Oil Export Stimulation Facility (ESF) Operating Guidelines,"Guidelines, ESP, Facility",DFD/DIR/GEN/NEX/01/004,https://www.cbn.gov.ng/Out/2016/CCD/Export Stimulation Facility  Guidelines published.pdf,217249,4733
2016-06-24,Central Bank of Nigeria,circulars,Externalisation of Differentials on OTC FX Futures Contracts for Foreign Portfolio Investors,,Externalisation of Differentials on OTC FX Futures Contracts for Foreign Portfolio Investors,FMD/DIR/GEN/07/001,https://www.cbn.gov.ng/Out/2016/CCD/circular on externalisation.pdf,239579,4736
2016-06-24,Central Bank of Nigeria,circulars,"Monetary, Credit, Foreign Trade And Exchange Policy Guidelines For Fiscal Years 2016/2017",,"Guideline, CBN,",NO 41,"https://www.cbn.gov.ng/Out/2016/MPD/Monetary, Credit,Foreign Trade and Exchange Policy Guidelines for Fiscal Years 2016 to 2017.pdf",8031312,4735
2016-06-24,Central Bank of Nigeria,circulars,Returns On Nigerian's Investments Offshore For The Period 2006 - 2016,,NIGERIANS INVESTMENTS OFFSHORE,TED/PFO/FPC/GEN/01/003,https://www.cbn.gov.ng/Out/2016/TED/TED.PFO.FPC.GEN.01.003.pdf,40277,4734
2016-06-28,Central Bank of Nigeria,circulars,Review of Operational Guidelines for Blacklisting,Review of Operational Guidelines for Blacklisting,Review of Operational Guidelines for Blacklisting,BSD/DIR/GEN/LAB/09/033,https://www.cbn.gov.ng/Out/2016/BSD/REVIEW OF OPERATIONAL GUIDELINE FOR BLACKLISTING.pdf,414925,4749
2016-06-28,Central Bank of Nigeria,circulars,Review of Operational Guidelines for Blacklisting,Review of Operational Guidelines for Blacklisting,Review of Operational Guidelines for Blacklisting,BSD/DIR/GEN/LAB/09/033,https://www.cbn.gov.ng/Out/2016/BSD/REVIEW OF OPERATIONAL GUIDELINES FOR BLACKLISTING.pdf,422864,4747
2016-06-29,Central Bank of Nigeria,circulars,Circular to Banks and Other Financial Institutions-Secured Transactions and National Collateral Registry for MSME Financing in Nigeria,,"MSME Financing, CBN, Micro, Small and Medium Enterprises, National Collateral Registry, Central Bank of Nigeria",FPR/DIR/GEN/CIR/06/001,https://www.cbn.gov.ng/Out/2016/FPRD/SECURED TRANSACTION & NATIONAL COLLATERAL REGISTRY FOR MSME FINANCING IN NIG.pdf,196548,4748
2016-06-30,Central Bank of Nigeria,circulars,N300 billion Power and Airline Intervention Fund (PAIF) Revised Guidelines (Amendment 8),Amendment 8 of Guidelines of the Power and Airline Intervention Fund of the Central Bank of Nigeria issued June 2016,Power Airline Intervention Fund Central Bank of Nigeria Development Finance,DFD/ IFO/ GEN/ IM/ 03/ 096,https://www.cbn.gov.ng/Out/2016/DFD/PAIF Guidelines Amendment v8 Jun 2016.pdf,258466,4778
2016-07-04,Central Bank of Nigeria,circulars,Circular to Banks and Other Financial Institutions ,REVIEW of RESTRICTIONS and LIMITS on LEVELS I and II of the TIERED KYC ACCOUNTS,"Restrictions, Limits, Level I and II, Tiered KYC Accounts",FPR/DIR/CIR/GEN/06/002,https://www.cbn.gov.ng/Out/2016/FPRD/JULY 2016 CIRCULAR TKYC REVIEW.pdf,321118,4753
2016-07-08,Central Bank of Nigeria,circulars,Onboarding Corporates on FMDQ-Advised FX Trading and Surveillance Systems,,"FMDQ, ONBOARDING, FX TRADING",FMD/DIR/GEN/CIR/07/002,https://www.cbn.gov.ng/Out/2016/FMD/onboarding circular.pdf,241604,4756
2016-07-12,Central Bank of Nigeria,circulars,Mandatory Registration and Listing of Commercial Papers,,"bsd,cbn,mandatory,registration,listing,commercial,papers",BSD/DIR/GEN/LAB/09/035,https://www.cbn.gov.ng/Out/2016/BSD/Mandatory Registration and Listing of Commercial Papers.pdf,302513,4763
2016-07-21,Central Bank of Nigeria,circulars,BVN Registration of Farmers Under CBN Anchor Borrowers Programme (ABP),"The Central Bank of Nigeria, in collaboration with Bankers' Committee, launched the Bank Verification Number (BVN)project on 14th February, 2014, as a unique identifier, and to strengthen the know-your-customer requirements across the banking industry.","BVN, Registration, Farmers, Under, CBN, Anchor, Borrowers, Programme,",BPS/DPD/GEN/CIR/01/001,https://www.cbn.gov.ng/Out/2016/BPSD/BVN REGISTRATION ON FARMERS.pdf,253244,4768
2016-07-22,Central Bank of Nigeria,circulars,Sales of Foreign Currency Proceeds of International Money Transfers to Bureaux De Change Operators,,"Foreign Currency, International Money Transfers and Bureaux De Change",TED/FEM/FPC/GEN/01/004,https://www.cbn.gov.ng/Out/2016/TED/TED.FEM.FPC.GEN.01.004.pdf,52057,4770
2016-07-27,Central Bank of Nigeria,circulars,Provisioning for Foreign Currency Loans,,"cbn,bsd,provisioning,foreign,currency,loans",BSD/DIR/GEN/LAB/09/037,https://www.cbn.gov.ng/Out/2016/BSD/PROVISIONING FOR FOREIGN CURRENCY LOANS.pdf,52679,4779
2016-07-28,Central Bank of Nigeria,circulars,Write-Off of Fully Provided Non-Performing Loans,Write-Off of Fully Provided Non-Performing Loans,Write-Off of Fully Provided Non-Performing Loans,BSD/DIR/GEN/LAB/09/038,https://www.cbn.gov.ng/Out/2016/BSD/Write-Off of Fully Provided Non-Performing Loans.pdf,294912,4793
2016-08-01,Central Bank of Nigeria,circulars,Guidelines of the Youth Entrepreneurship Development Programme (YEDP),Guidelines of the Youth Entrepreneurship Development Programme (YEDP) ,YEDP Youth Entrepreneurship Development Programme ,MFD/MDO/GEN/EDP/01/029,https://www.cbn.gov.ng/Out/2016/DFD/YEDP GUIDELINES.pdf,382345,4807
2016-08-02,Central Bank of Nigeria,circulars,Circular to all Banks and other Financial Institutions ,"The Central Bank of Nigeria in furtherance of its effort at strengthening the Nigerian Payments System, hereby issues the following directives:","The Central Bank of Nigeria in furtherance of its effort at strengthening the Nigerian Payments, System, hereby ,issues, following ,directives,",BPS/DIR/CIR/03/005,https://www.cbn.gov.ng/Out/2016/BPSD/CIRCULAR TO ALL BANKS AND OTHER FINANCIAL INSTITUTIONS.pdf,199296,4790
2016-08-05,Central Bank of Nigeria,circulars,2016 Hajj Pilgrimage,2016 Haji Pilgrimage - Purchase of PTA.,2016 Haji Pilgrimage PTA,TED/FEM/FPC/GEN/01/005,https://www.cbn.gov.ng/Out/2016/TED/Hajj2016.pdf,141810,4795
2016-08-08,Central Bank of Nigeria,circulars,Circular on Further Extension of BVN for Nigerian Banks' Customers in Diaspora,,"Circular, Further, Extension, BVN, Nigerian, Banks', Customers, Diaspora,",BPS/DIR/CIR/01/012,https://www.cbn.gov.ng/Out/2016/BPSD/Circular on Further Extension of BVN for Nigerian Banks' Customers in Diaspora.PDF,36163,4797
2016-08-09,Central Bank of Nigeria,circulars,Access to the CBN Discount Window on Auction Days,ACCESS TO THE CBN DISCOUNT WINDOW ON AUCTION DAYS,"CBN DISCOUNT WINDOW ON AUCTION DAYS, DIRECTOR, FMD",FMD/DIR/GEN/CIR/07/005,https://www.cbn.gov.ng/Out/2016/FMD/circular.pdf,213859,4796
2016-08-09,Central Bank of Nigeria,circulars,Sales of Forex To BDCs By IMTSO,Forex to BDCs By IMTSO,Forex Sales to BDCs by IMTSO,TED/FEM/FPC/GEN/01/006,https://www.cbn.gov.ng/Out/2016/TED/FX Sales BDCs.1.pdf,112290,4799
2016-08-22,Central Bank of Nigeria,circulars,Foreign Exchange Sales To End Users,,"FX sales, end users",TED/FEM/FPC/GEN/01/007,https://www.cbn.gov.ng/Out/2016/TED/TED.FEM.FPC.GEN.01.007.pdf,40335,4805
2016-08-22,Central Bank of Nigeria,circulars,"Re: Transactions in ""Free Funds"" by Authorised Dealers",,"Free funds, Authorised Dealers",TED/FEM/FPC/GEN/01/008,https://www.cbn.gov.ng/Out/2016/TED/TED.FEM.FPC.GEN.01.008.pdf,37780,4806
2016-08-25,Central Bank of Nigeria,circulars,Illicit International Money RemittancesThrough The Banking System,,International Money Transfer Operators IMTOs,TED/FEM/FPC/GEN/01/009,https://www.cbn.gov.ng/Out/2016/TED/TED.FEM.FPC.GEN.01.009.pdf,40495,4828
2016-09-01,Central Bank of Nigeria,circulars,Portfolio Investment In Nigeria - Re: Amendment of Memorandum 21 Of The Foreign Exchange Manual,Portfolio Investment In Nigeria,Amendment of Memorandum 21 Of The Foreign Exchange Manual,TED/FEM/FPC/GEN/01/009,https://www.cbn.gov.ng/Out/2016/TED/Portfolio Investment in Nigeria Memorandum.pdf,60411,4832
2016-09-02,Central Bank of Nigeria,circulars,Nigerian Treasury Bills Issue Programme 4th Quarter 2016,,"NTB Issue Programme
Nigerian Treasury Bills Issue Programme 4th Quarter 2016",NTB Issue Programme,https://www.cbn.gov.ng/Out/2016/FMD/NTB Issue Calender - 4th Qtr 2016.pdf,30440,4834
2016-09-05,Central Bank of Nigeria,circulars,Discontinuation of Prudential Returns Rendition through the Electronic Financial Analysis and Surveillance System (e-FASS),,Discontinuation of Prudential Returns Rendition through the Electronic Financial Analysis and Surveillance System (e-FASS),BSD/DIR/GEN/LAB/09/043,https://www.cbn.gov.ng/Out/2016/BSD/Circular on Discontinuation of Prudential Returns Rendition through the Electronic Financial Analysis and Surveillance System .pdf,125261,4856
2016-09-05,Central Bank of Nigeria,circulars,Sanctions Grid To Deposit Money Banks That Participate Under The CBN-Nigeria Eelectricity Market Stabilization Facility (CBN-NEMSF),,"CBN, ELECTRICITY, DEPOSIT MONEY BANKS, SANCTIONS GRID, ELECTRICITY MARKET, STABILIZATION, FACILITY",FPR/DIR/GEN/CIR/06/003,https://www.cbn.gov.ng/Out/2016/FPRD/CBN SANCTIONS GRID CIRCULAR.pdf,320868,4835
2016-09-16,Central Bank of Nigeria,circulars,Circular On The Prevention Of Exposure To Banks Through Payment Solutions,CIRCULAR ON THE PREVENTION OF EXPOSURE TO BANKS THROUGH PAYMENT SOLUTIONS,CIRCULAR ON THE PREVENTION OF EXPOSURE TO BANKS THROUGH PAYMENT SOLUTIONS,BPS/DIR/GEN/CIR/03/006,https://www.cbn.gov.ng/Out/2016/BPSD/CIRCULAR.pdf,240716,4846
2016-09-21,Central Bank of Nigeria,circulars,United Nations Security Council Resolution (UNSCR) 2270 (2016) ,,United Nations Security Council Resolution (UNSCR) 2270 (2016) ,BSD/DIR/GEN/LAB/09/044,https://www.cbn.gov.ng/Out/2016/BSD/Circular on United Nations Security Council Resolution.pdf,217412,4855
2016-09-29,Central Bank of Nigeria,circulars,Circular to All Deposit Money Banks,,"CIRCULAR, BANKS, CHIEF COMPLIANCE OFFICERS, DMBS, COMPLIANCE, EXECUTIVE COMPLIANCE OFFICERS, CCO, ECO,CBN,NIGERIA,POLICY,REGULATION,FINANCIAL,AML/CFT,FATF,BOARD,DIRECTORS,TERRORISM,MONEY,OFFICERS",FPR/DIR/GEN/CIR/06/004,https://www.cbn.gov.ng/Out/2016/FPRD/AML SEPTEMBER 2016 CIRCULAR TO BANKS ON CCOs (2).pdf,244716,4851
2016-10-06,Central Bank of Nigeria,circulars,Guidelines for Granting Liquid Asset Status to Sukuk Instruments Issued by State Governments,,"CBN, SUKUK",FMD/DIR/GEN/CIR/07/006,https://www.cbn.gov.ng/Out/2016/FMD/Guidelines for Granting Liquid Status to Sukuk Instruments Issued by State Governments.pdf,350078,4854
2016-10-18,Central Bank of Nigeria,circulars,Amendments to the Guidelines on Transaction Switching in Nigeria,Amendments to the Guidelines on Transaction Switching in Nigeria,Amendments to the Guidelines on Transaction Switching in Nigeria,BPS/DIR/GEN/CIR/008,https://www.cbn.gov.ng/Out/2016/BPSD/Amendments to the Guidelines onTransaction Switching in Nigeria.pdf,197760,4861
2016-11-01,Central Bank of Nigeria,circulars,Circular on the Implementation of Interchange Fee,"With the introduction of the Cash-Less Nigeria Project and the release of the Guidelines on PoS Card Acceptance Services, the CBN outlined the Merchant Service Charge (MSC) and the modalities for its operation in the payments system. This had enhanced the issuance and utilization of cards transaction in the country and brought structure to the compensatory mechanism for parties involved in the transaction.","Circular, Implementation, Interchange Fee",BPS/DIR/CIR/03/004,https://www.cbn.gov.ng/Out/2016/BPSD/CIRCULAR ON THE IMPLEMENTATION OF INTERCHANGE FEE.pdf,506086,4882
2016-11-17,Central Bank of Nigeria,circulars,"FX Utilization by Banks for September 2016 IRO Raw Materials, Plants and Machinery",,"FX Utilization by Banks for September 2016 IRO Raw Materials, Plants and Machinery, Central Bank of Nigeria",CCD\PR\01\2016-11-17,https://www.cbn.gov.ng/Out/2016/CCD/FX UTILIZATION BY DMBs FOR SEPTEMBER 2016 IRO RAW MATERIALS PLANT MACHINERY REDUCED VERSION.pdf,1044589,4887
2016-11-28,Central Bank of Nigeria,circulars,Hong Kong Authorities Alert the Public on the Circulation of Fake Hong Kong Dollar Bank Notes,,Hong Kong Dollar,TED/FEM/FPC/GEN/01/012,https://www.cbn.gov.ng/Out/2016/TED/TED.FEM.FPC.GEN.01.012.pdf,37083,4896
2016-12-20,Central Bank of Nigeria,circulars,Guidance Note to Banks and Discount Houses on the Implementation of IFRS 9 (Financial Instruments) in Nigeria,,"cbn,bsd,guidance,notes,ifrs9,implementation,financial,instrument",BSD/DIR/GEN/IFR/09/130  ,https://www.cbn.gov.ng/Out/2016/BSD/Guidance Note to Banks and Discount Houses on the Implementation of IFRS 9 (Financial Instruments) in Nigeria.pdf,331691,4907
2016-12-29,Central Bank of Nigeria,circulars,Guidelines on Securities Settlement in Nigeria,"Pursuant to the powers of the Securities & Exchange Commission (SEC) conferred on it by section 13 and further section 312 (3) of the ISA 2007 and in exercise of the powers conferred on the Central Bank of Nigeria (CBN) by section 47 (2) of the CBN Act 2007 to promote and facilitate the development of efficient and effective systems for settlement of transactions, the SEC and the CBN hereby issue the following guidelines for the settlement of all types of securities in Nigeria","Guidelines, Securities, Settlement, Nigeria, ",BPS/DIR/CIR/01/013,https://www.cbn.gov.ng/Out/2016/BPSD/GUIDELINES ON SECURITIES SETTLEMENTS IN NIGERIA (APPROVED).pdf,326263,4910
2017-01-10,Central Bank of Nigeria,circulars,"List of Bureaux De Change In Nigeria as at January 9, 2017","List of Licensed Bureaux De Change In Nigeria as at January 9, 2017","List, BDC, BDCs, Bureaux De Change, CBN, Nigeria, January, 2017",FPR/LAD/GEN/DAB/01/058,"https://www.cbn.gov.ng/Out/2017/FPRD/LIST OF BUREAUX DE CHANGE IN NIGERIA AS AT JANUARY 9, 2017.pdf",1537158,4914
2017-01-10,Central Bank of Nigeria,circulars,"List of Finance Companies in Nigeria as at January 10, 2017","Database of Licensed Companies in Nigeria as at January 10, 2017","Finance Companies, Central Bank of Nigeria, List, Nigeria, 2017, January",FPR/LAD/GEN/DAB/01/058,"https://www.cbn.gov.ng/Out/2017/FPRD/LIST OF FINANCE COMPANIES IN NIGERIA AS AT JANUARY 10, 2017.pdf",88435,4913
2017-01-10,Central Bank of Nigeria,circulars,"List of Licensed Representative Offices of Foreign Banks in Nigeria as at January 9, 2017","List of Licensed Representative Offices of Foreign Banks in Nigeria as at January 9, 2017","Representative Offices,  Foreign Banks , Nigeria, CBN, Central Bank of Nigeria, January, 2017",FPR/DIR/GEN/CIR/06/009,"https://www.cbn.gov.ng/Out/2017/FPRD/LIST OF LICENSED REPRESENTATIVE OFFICES OF FOREIGN BANKs OPERATING IN NIGERIA AS AT JANUARY 9, 2017.pdf",63989,4915
2017-01-10,Central Bank of Nigeria,circulars,"List of Microfinance Banks (MFBs) in Nigeria as at January 9, 2017","List of Licensed Microfinance Banks (MFBs) in Nigeria as at January 9, 2017","MFBs, Microfinance Banks, CBN, Nigeria, January, 2017, Central Bank of Nigeria",FPR/DIR/GEN/CIR/06/006,"https://www.cbn.gov.ng/Out/2017/FPRD/LIST OF MICROFINANCE BANKS (MFBs) IN NIGERIA AS AT JANUARY 9, 2017.pdf",556936,4916
2017-01-17,Central Bank of Nigeria,circulars,Circular to Banks and Other Financial Institutions on Virtual Currency Operations in Nigeria,Circular to Banks and Other Financial Institutions on Virtual Currency Operations in Nigeria,"CBN, Nigeria, Bitcoin, Ripples, Monero, Litecoin, Dogecion, Onecoin, Virtual Currency, VC, Payment Products and Services, VCPPS, New Payment Products and Services, NPPS, Anti Money Laundering/Terrorism Financing, AML, ML, CFT, ML/TF, Nodes,VC",FPR/DIR/GEN/CIR/06/010,https://www.cbn.gov.ng/Out/2017/FPRD/AML January 2017 Circular to FIs on Virtual Currency.pdf,420988,4918
2017-01-17,Central Bank of Nigeria,circulars,Payment of Annual License Renewal Fee Through Electronic Channels,Payment of Annual License Renewal Fee Through Electronic Channels,"CBN, Annual, Renewal, Fee, BDC, Finance companies, FCs",FPR/LAD/CON/BDC/01/006,https://www.cbn.gov.ng/Out/2017/FPRD/LANDA LETTER ON PAYMENT OF ANNUAL RENEWAL FEE THROUGH ELECTRONIC CHANNEL.pdf,108437,4919
2017-02-01,Central Bank of Nigeria,circulars,Amendment of S4 Business Rules and Guidelines,,"S4, Authorised Dealers, ILF, CBN",FMD/DIR/GEN/CIR/08/001,https://www.cbn.gov.ng/Out/2017/FMD/Amendment of S4 Business Rules and Guidelines.pdf,222250,4930
2017-02-06,Central Bank of Nigeria,circulars,Anchor Borrowers’ Programme Guidelines,Guidelines for the Anchor Borrowers' Programme,Guidelines Anchor Borrowers' Programme Participating Financial Institutions ,DFD/CNM/GEN/GUI/01/001,https://www.cbn.gov.ng/Out/2017/DFD/Anchor Borrowers Programme Guidelines -DEC  2016.pdf,662897,4934
2017-02-06,Central Bank of Nigeria,circulars,Application of International Standard on Auditing (ISA) 701 (Communicating Key Audit Matters in the Independent Auditor’s Report) in the Banking Sector,,"cbn,bsd,banks,rule9,isa701,frcn",BSD/DIR/GEN/LAB/10/006,https://www.cbn.gov.ng/Out/2017/BSD/Application of International Standard on Auditing.pdf,132024,4933
2017-02-13,Central Bank of Nigeria,circulars,Review of the Limit on Foreign Borrowing by Banks,Review of the Limit on Foreign Borrowing by Banks,Review of the Limit on Foreign Borrowing by Banks,BSD/DIR/GEN/LAB/10/009 ,https://www.cbn.gov.ng/Out/2017/BSD/Circular on the  Review of the limit of foreign borrowing by banks.pdf,94065,5007
2017-02-21,Central Bank of Nigeria,circulars,Guideline on The Operationalization of The New Policy on PTA and School Fees,Guideline on The Operationalization of The New Policy on PTA and School Fees,"PTA, FOREX",FMD-DIR-CIR-GEN-08-003,https://www.cbn.gov.ng/Out/2017/CCD/Circular on new policy on PTA School fees.pdf,334499,4949
2017-03-01,Central Bank of Nigeria,circulars,"Circular to all Banks on Regulatory Guidelines for the Redesigned Credit Risk Management System (CRMS) for Commercial, Merchant and Non-Interest Banks in Nigeria, ",,"CRMS, Credit Risk Management System, Redesigned CRMS for Commercial, Merchant and Non-Interest Banks, Guidelines, CBN, Central Bank of Nigeria",FPR/DIR/GEN/CRM/06/012,https://www.cbn.gov.ng/Out/2017/FPRD/CIRCULAR TO BANKS ON REDESIGNED CRMS.pdf,305075,4956
2017-03-01,Central Bank of Nigeria,circulars,"Circular to all Commercial, Merchant and Non-Interest Banks on Identification of some Borrowers' Records without BVN or TIN Migrated from the Stop-Gap to the Redesigned Credit Risk Management System (CRMS)",,"Identification of some Borrowers' Records without BVN or TIN, CBN, Central Bank of Nigeria, Financial Policy and Regulation Department, Borrower Identification,CRMS",FPR/DIR/GEN/CRM/06/013,"https://www.cbn.gov.ng/Out/2017/FPRD/CIRCULAR TO COMMERCIAL, MERCHANT AND  NON-INTEREST BANKS 1.pdf",182560,4960
2017-03-03,Central Bank of Nigeria,circulars,"Accounting Treatment for Micro, Small and Medium Enterprises Development Fund (MSMEDF)","Accounting Treatment for Micro, Small and Medium Enterprises Development Fund (MSMEDF)",MSMEDF,OFI/7/69,https://www.cbn.gov.ng/Out/2017/CCD/Letter to all DFIs MFBs and FCs on Accounting Treatment for MSMEDF.pdf,764087,4977
2017-03-03,Central Bank of Nigeria,circulars,Immediate Adoption of Examiners Recommeded Provision and Audit Adjustments by the OFIs,Immediate Adoption of Examiners Recommeded Provision and Audit Adjustments by the OFIs,Examiners Provision,OFI/17/70,https://www.cbn.gov.ng/Out/2017/CCD/Letter to all OFIs - Immediate adoption of Examiners Recommended Provision and Audit Adjustments.pdf,721986,4975
2017-03-05,Central Bank of Nigeria,circulars,Circular to all Authorized Dealers on improved Foreign Exchange Liquidity,Circular to all Authorized Dealers on improved Foreign Exchange Liquidity,FX; forex; liquidy,FMD/DIR/CIR/GEN/08/006,https://www.cbn.gov.ng/Out/2017/CCD/Circular on PTA and School Fees3March2017.pdf,216852,4979
2017-03-31,Central Bank of Nigeria,circulars,Guidelines for the Operations of the Agri-Business/Small and Medium Enterprises Investment Scheme (AGSMEIS),Guidelines for the Operations of the Agri-Business/Small and Medium Enterprises Investment Scheme (AGSMEIS),AGSMEIS Agri-business Investment SMEs Investee bankers' Committee,DFD/MSEF/GEN/01/017,https://www.cbn.gov.ng/Out/2017/DFD/Guidelines on AGSMEIS.pdf,381452,4997
2017-03-31,Central Bank of Nigeria,circulars,Revised Guidelines on Bancassurance Referral Model,Revised Guidelines on Bancassurance Referral Model,Revised Guidelines on Bancassurance Referral Model,BSD/DIR/GEN/LAB/10/016,https://www.cbn.gov.ng/Out/2017/BSD/Revised CBN Guidelines  on Bancassurance March 2017 -final.pdf,294535,4996
2017-04-06,Central Bank of Nigeria,circulars,Guidelines on the Regulation and Supervision of Non-Interest (Islamic) Microfinance Banks in Nigeria,,"Non-Interest Bank, NIB, NIMFBs, MFBs, Microfinance Bank, CBN, Central Bank of Nigeria",FPR/DIR/GEN/CIR/06/016,https://www.cbn.gov.ng/Out/2017/FPRD/GUIDELINES FOR REG. AND SUP. OF NIMFB.pdf,8330491,5002
2017-04-10,Central Bank of Nigeria,circulars,Foreign Exchange Payment for Small Scale Importation,"Support of sme FOR 20,000 usd per quarter","FX, SME, import",TED/FEM/FPC/GEN/01/002,https://www.cbn.gov.ng/Out/2017/CCD/fx for small scale importation apr 2017.pdf,33795,5005
2017-04-18,Central Bank of Nigeria,circulars,Re: Foreign Exchange Payment for Small-Scale Importation,,"SME, small scale importation",TED/FEM/FPC/GEN/01/003,https://www.cbn.gov.ng/Out/2017/TED/TED.FEM.FPC.GEN.01.003.pdf,55340,5009
2017-04-20,Central Bank of Nigeria,circulars,Re: Circular on the Implementation of Interchange Fee,Re: Circular on the Implementation of Interchange Fee,Re: Circular on the Implementation of Interchange Fee,BPS/DIR/GEN/CIR/04/003,https://www.cbn.gov.ng/Out/2017/BPSD/Circular on the Suspension of the Implementation of Interchange Fee.pdf,143799,5011
2017-04-20,Central Bank of Nigeria,circulars,"Revised Import and Export Documentation and Timeline for Processing Form ""NXP""","Revised Import and Export Documentation and Timeline for Processing Form ""NXP""",NXP,TED/FEM/FPC/GEN/01/004,https://www.cbn.gov.ng/Out/2017/CCD/Revised Import and Export Docs.pdf,46923,5010
2017-04-21,Central Bank of Nigeria,circulars,Establishment of Investors and Exporters FX Window,,"CBN, FMD, INVESTORS,EXPORTERS, FX",FMD/DIR/CIR/GEN/08/007,https://www.cbn.gov.ng/Out/2017/FMD/ESTABLISHMENT OF INVESTORS' & EXPORTERS' FX WINDOW.pdf,1394595,5016
2017-04-21,Central Bank of Nigeria,circulars,Re: Circular On National Implementation of The Cash-Less Policy,Cash-less Policy,Cash-less Policy,BPS/DIR/GEN/CIR/04/004,https://www.cbn.gov.ng/Out/2017/CCD/CIRCULAR reversed policy.pdf,235750,5012
2017-04-21,Central Bank of Nigeria,circulars,The Guide to Charges by Banks and Other Financial Institutions in Nigeria 2017 (UPDATED),,"Guide to Charges by Banks and Other Financial Institutions in Nigeria, CBN, Charges, Banks, Other Financial Institution, Mobile payment operators, 2017 ",FPR/DIR/GEN/CIR/06/017,https://www.cbn.gov.ng/Out/2017/FPRD/Guide to Bank Charges Circular to all Banks Other Financial Institutions and Mobile Payments Operators.pdf,1243642,5015
2017-04-24,Central Bank of Nigeria,circulars,Bank Verification Number (BVN) Enrollment for OFIs Customers,Bank Verification Number (BVN) Enrollment for OFIs Customers,BVN,OFI/DIR/CIR/GEN/17/139,https://www.cbn.gov.ng/Out/2017/OFISD/CIRCULAR ON BVN OF OFIs0001 (3).pdf,710722,5017
2017-04-24,Central Bank of Nigeria,circulars,Updated List of Comfirmed Bureaux De Change in Compliance with New Requirements,,"List of BDCs, BDC, CBN, Central Bank of Nigeria",FPR/DIR/GEN/CIR/06/018,https://www.cbn.gov.ng/Out/2017/FPRD/UPDATE OF CONFIRMED BDC PUBLICATION YTD 24-04-17.pdf,954126,5021
2017-04-24,Central Bank of Nigeria,circulars,Updated List of Licensed Finance Companies (FCs) in Nigeria as at 24/04/2017,,"List of Finance Companies, FCs, Licensed FCs, CBN, Central Bank of Nigeria",FPR/DIR/GEN/CIR/06/020,https://www.cbn.gov.ng/Out/2017/FPRD/UPDATE  of Licensed Finance Coys  24-04-2017 pdf.xls,45056,5023
2017-04-24,Central Bank of Nigeria,circulars,Updated List of licensed Microfinance Banks (MFBs) in Nigeria as at 24/04/2017,,"List of MFBs, MFBs, Licensed MFBs, CBN, Central Bank of Nigeria ",FPR/DIR/GEN/CIR/06/019,https://www.cbn.gov.ng/Out/2017/FPRD/UPDATE List of MFB as at April 24 2017.pdf,336645,5022
2017-05-01,Central Bank of Nigeria,circulars,RSSF Revised Guidelines May 2017,Revised RSSF Guidelines May 2017,RSSF Guidelines,RSSF_REVISED_GUIDELINE_MAY2017,https://www.cbn.gov.ng/Out/2018/DFD/RSSF May 2017 Revised Guidelines 2017 (V2).pdf,225507,5452
2017-05-02,Central Bank of Nigeria,circulars,Rendition of Returns on Anti-Money Laundering and Combatting Financing of Terrorism (AML/CFT),Rendition of Returns on Anti-Money Laundering and Combatting Financing of Terrorism (AML/CFT),"Anti-Money Laundering, Returns",OFISD/DIR/CIR/GEN/17/128,https://www.cbn.gov.ng/Out/2017/OFISD/Rendition of Returns on Anti-Money Laundering and Combatting Financing of Terrorism.PDF,378971,5034
2017-05-10,Central Bank of Nigeria,circulars,RE: Data Exchange Agreements with at least Two Licenced Credit Bureaux in Nigeria for OFIs,RE: Data Exchange Agreements with at least Two Licenced Credit Bureaux in Nigeria For OFIs,Credit Bureaux,OFI/DIR/CIR/GEN/17/151,https://www.cbn.gov.ng/Out/2017/OFISD/Circular on Data Exchange PDF file_1_20170510133700516.pdf,238168,5056
2017-05-17,Central Bank of Nigeria,circulars,Clarification On Items Valid For Foreign Exchange In The Nigerian Foreign Exchange Markets,Clarification On Items Valid for FX In the Nigerian FX Markets.,Items Valid for FX In The Nigerian Markets,TED/FEM/FPC/GEN/01/007,https://www.cbn.gov.ng/Out/2017/TED/Valid for forex.pdf,162157,5045
2017-06-05,Central Bank of Nigeria,circulars,Further Liberalization of the Inter-Bank Foreign Exchange (FX) Market,,FUTHER LIBERALIZATION OF THE INTER-BANK FOREIGN EXCHANGE (FX) MARKET,FMD/DIR/CIR/GEN/08/008,https://www.cbn.gov.ng/Out/2017/FMD/CIRCULAR ON FURTHER LIBERALIZATION OF FX MARKET.pdf,511029,5054
2017-06-06,Central Bank of Nigeria,circulars,Exports From Nigeria - Compliance With Memorandum 11 of The Foreign Exchange Manual,NXP Mandatort for Exports - Exports From Nigeria - Compliance With Memorandum 11 of The Foreign Exchange Manual,NXP,TED/FEM/FPC/GEN/01/009,https://www.cbn.gov.ng/Out/2017/CCD/nxp-exports-jun2017.pdf,30886,5055
2017-06-12,Central Bank of Nigeria,circulars,Nigerian Treasury Bills Issue Programme Third Quarter 2017,,"NTB, ISSUE",FMD,https://www.cbn.gov.ng/Out/2017/FMD/3rd Qtr 2017 NTB Issue Calender.pdf,31717,5065
2017-06-14,Central Bank of Nigeria,circulars,Letter to All OFIs on Specially Designated Global Terrorist (SDGT),Letter to All OFIs on Specially Designated Global Terrorist (SDGT),Terrorist,OFI/DIR/CIR/GEN/17/204,https://www.cbn.gov.ng/Out/2017/OFISD/LETTER TO ALL OFIs ON GLOBAL DESIGNATED TERRORIST.pdf,150066,5067
2017-07-03,Central Bank of Nigeria,circulars,Unutilized FX Returned To The CBN For The SMIS Wholesale and Retail Interventions,Unutilized FX Returned To The CBN For The SMIS Wholesale and Retail Interventions,FX SMIS,BPS/FPO/DIR/GEN/CIR/01/099,https://www.cbn.gov.ng/Out/2017/CCD/unutilizedfx.pdf,572475,5081
2017-07-24,Central Bank of Nigeria,circulars,Circular on Statements of Payment Finality for the Nigerian Payments Schemes,Circular on Statements of Payment Finality for the Nigerian Payments Schemes,Circular on Statements of Payment Finality for the Nigerian Payments Schemes,BPS/PSV/DIR/GEN/01/001,https://www.cbn.gov.ng/Out/2017/BPSD/Circular on Statements of Payment Finality for the Nigerian Payments Schemes.pdf,622437,5091
2017-07-25,Central Bank of Nigeria,circulars,Introduction Of The Nigeria Customs Service Electronic Auction (eAUCTION) Platform,Nigeria Customs Service Auction (eAUCTION),NCS eAUCTION,TED/FEM/FPC/GEN/01/010,https://www.cbn.gov.ng/Out/2017/TED/NSC eAUCTION.pdf,33468,5092
2017-08-01,Central Bank of Nigeria,circulars," Bank Verification Number (BVN) Enrollment for OFIs Customers - Extension of Timeline to December 31, 2017.","Bank Verification Number (BVN) Enrollment for OFIs Customers - Extension of Timeline to December 31, 2017.","Bank Verification Number, BVN, OFIs",OFI/DIR/CIR/GEN/18/011,https://www.cbn.gov.ng/Out/2017/OFISD/THE BVN ENROLLMENT FOR OFI CUSTOMERS0001.pdf,730204,5101
2017-08-01,Central Bank of Nigeria,circulars,Monitoring the Disbursement of Non-Permissible Income (NPI,Monitoring the Disbursement of Non-Permissible Income (NPI,Monitoring the Disbursement of Non-Permissible Income (NPI,BSD/GDB/CON/NIB/01/03,https://www.cbn.gov.ng/Out/2017/BSD/Circular to NIFI on Monitoring the Disbursement of Non-Permissible Income.pdf,89471,5129
2017-08-08,Central Bank of Nigeria,circulars,Updated List of Bureaux De Change as August 2017,,"Bureaux De Change, BDC, FPRD, CBN",FPR/DIR/GEN/DAB/01/001,https://www.cbn.gov.ng/Out/2017/FPRD/List of BDCs as at August 8 2017.pdf,991629,5102
2017-08-08,Central Bank of Nigeria,circulars,Updated List of Microfinance Banks in Nigeria as at August 2017,,"Microfinance Bank, MFB, FPRD,CBN",FPR/DIR/GEN/DAB/01/002,https://www.cbn.gov.ng/Out/2017/FPRD/List of MFBs as at August 8 2017.pdf,336117,5103
2017-08-15,Central Bank of Nigeria,circulars,Paymenmt of Port and Nigerian Maritime Administration and Safety Agency (NIMASA) Charges by Oil Marketing Companies,Paymenmt of Port and Nigerian Maritime Administration and Safety Agency (NIMASA) Charges by Oil Marketing Companies,"Port, marketing, charges, NIMASA",TED/FEM/FPC/GEN/01/011,https://www.cbn.gov.ng/Out/2017/CCD/ted circular.pdf,32177,5107
2017-08-17,Central Bank of Nigeria,circulars,Commercial Agriculture Credit Scheme Guidelines,Amendment to the Commercial Agriculture Credit Scheme  (CACS)Guidelines,"Amendment, Commercial, Agriculture, Credit Scheme, Guidelines, CACS, CBN, Nigeria",FPR/DIR/GEN/CIR/06/023,https://www.cbn.gov.ng/Out/2017/FPRD/AUGUST 2017 CIRCULAR  ON THE AMENDMENT TO THE CACS GUIDELINE MERGED.pdf,412690,5108
2017-08-24,Central Bank of Nigeria,circulars,Introduction of Two New Instruments for Non-Interest Banks,,"New Instrument, CBN, Non Interest Bank",FMD/DIR/CIR/GEN/08.009,https://www.cbn.gov.ng/Out/2017/FMD/Introduction of Two New Instruments for Non Interest Banks.pdf,701500,5123
2017-09-06,Central Bank of Nigeria,circulars,Further Guidance to Banks and Discount Houses on the Implementation of IFRS 9 (Financial Instruments) In Nigeria ,Further Guidance to Banks and Discount Houses on the Implementation of IFRS 9 (Financial Instruments) In Nigeria ,Further Guidance to Banks and Discount Houses on the Implementation of IFRS 9 (Financial Instruments) In Nigeria ,BSD/DIR/GEN/LAB/10/032,https://www.cbn.gov.ng/Out/2017/BSD/Circular of further Clarification on the Implementation of IFRS 9 in Nigeria.pdf,88868,5135
2017-09-08,Central Bank of Nigeria,circulars,Implementation of Electronic Certificate of Capital Importation (eCCI),Implementation of Electronic Certificate of Capital Importation (eCCI),eCCI,TED/FEM/FP/GEN/01/012,https://www.cbn.gov.ng/Out/2017/CCD/Re Implementation of eCCI.pdf,214243,5127
2017-09-11,Central Bank of Nigeria,circulars,Review of Daily MM Wallet Transaction & BVN Requirement for Mobile Money Wallet Holders,Review of Daily MM Wallet Transaction & BVN Requirement for Mobile Money Wallet Holders,Review of Daily MM Wallet Transaction & BVN Requirement for Mobile Money Wallet Holders,BPS/DIR/GEN/CIR/04/007,https://www.cbn.gov.ng/Out/2017/BPSD/Review of Daily MM Wallet Transaction & BVN Requirement for Mobile Money Wallet Holders.pdf,175311,5128
2017-09-13,Central Bank of Nigeria,circulars,Nigerian Treasury Bills Issue Programme Fourth Quarter 2017,,"NTB,FMD, Issue Programme",FMD,https://www.cbn.gov.ng/Out/2017/FMD/4th Quarter 2017 NTB Issue Programme.pdf,31789,5133
2017-09-22,Central Bank of Nigeria,circulars,"List of Confirmed Bureaux De Change as at September 22, 2017",,"List of Bureaux De Change, Confirmed, Financial Policy and Regulation Department, FPRD, CBN, BDC",FPR/DIR/GEN/CIR/06/025,https://www.cbn.gov.ng/Out/2017/FPRD/BDCS AS AT SEPTEMBER 22 2017.pdf,554572,5146
2017-09-22,Central Bank of Nigeria,circulars,"List of Confirmed Licensed Microfinance Banks as at September 22, 2017",,"Confirmed Microfinance banks, Licensed Microfinance Banks,Financial Policy and Regulation Department, CBN, FPRD,MFB",FPR/DIR/GEN/CIR/06/024,"https://www.cbn.gov.ng/Out/2017/FPRD/Copy of MFB DATABASE PDF SEPT 22, 2017 .pdf",172417,5145
2017-09-28,Central Bank of Nigeria,circulars,Enforcement Of GIFMIS Revenue Reference Numbers,Enforcement Of GIFMIS Revenue Reference Numbers,Enforcement Of GIFMIS Revenue Reference Numbers,BPSD/DIR/GEN/CIR/04/009,https://www.cbn.gov.ng/Out/2017/BPSD/CIRCULAR ON ENFORCEMENT OF GIFMIS REVENUE REFERENCE NUMBERS.pdf,177301,5156
2017-10-17,Central Bank of Nigeria,circulars,Further Clarification on the enforcement of GIFMIS Revenue Reference Numbers,,"Further, Clarification,  enforcement, GIFMIS, Revenue, Reference, Numbers,",BPS/DIR/GEN/CIR/04/010,https://www.cbn.gov.ng/Out/2017/BPSD/CIRCULAR ON FURTHER CLARIFICATION ON THE ENFORCEMENT OF GIFMIS REVEUE REFERENCE NUMBERS.pdf,44390,5158
2017-10-19,Central Bank of Nigeria,circulars,Regulatory Framework for BVN Operations & Watch-List for the Nigerian Financial System,Regulatory Framework for BVN Operations & Watch-List for the Nigerian Financial System,Regulatory Framework for BVN Operations & Watch-List for the Nigerian Financial System,BPS/DIR/GEN/CIR/04/010,https://www.cbn.gov.ng/Out/2017/BPSD/Circular on the Regulatory Framework for BVN  Watchlist for Nigerian Financial System.pdf,552752,5160
2017-10-27,Central Bank of Nigeria,circulars,Re: Repatriation of Export Proceeds (Oil and Non-Oil),,Repatriation,TED/FEM/FPC/GEN/01/013,https://www.cbn.gov.ng/Out/2017/TED/TED.FEM.FPC.GEN.01.013.pdf,186618,5166
2017-10-30,Central Bank of Nigeria,circulars,Guidelines for the Non-oil Export Stimulation Facility (NESF),Guidelines for the Non-oil Export Stimulation Facility (NESF),"Guidelines Non-oil Export Stimulation Facility NESF Objectives, Eligibility criteria, Eligible transactions, lending limit, Tenor, Moratorium,Documentation   ",DFD/ DIR/ GEN/ NESF/ 02/ 001,https://www.cbn.gov.ng/Out/2017/DFD/Guidelines for Non oil Export Stimulation Facility October 2017.pdf,373841,5171
2017-11-10,Central Bank of Nigeria,circulars,Extension Of Settlement Banking Arrangement To All The Clearing Sessions,,"EXTENSION, SETTLEMENT BANKING, ARRANGEMENT, ALL CLEARING, SESSIONS,",BPS/DIR/CIR/GEN/02/039,https://www.cbn.gov.ng/Out/2017/BPSD/EXTENSION OF CENTRAL BANKING ARRANGEMENT.pdf,215204,5178
2017-12-11,Central Bank of Nigeria,circulars,Re: Regulatory Reporting of FGN-Issued Treasury Bills and CBN-Issued OMO Bills,Re: Regulatory Reporting of FGN-Issued Treasury Bills and CBN-Issued OMO Bills,Re: Regulatory Reporting of FGN-Issued Treasury Bills and CBN-Issued OMO Bills,BSD/DIR/GEN/LAB/10/045,https://www.cbn.gov.ng/Out/2017/BSD/Letter to all Banks on Regulatory Reporting of FGN-ISSUED Treasury Bills and CBN-Issued OMO Bills.pdf,130827,5196
2017-12-22,Central Bank of Nigeria,circulars,Re: Extension of Settlement Banking Arrangement to all the Clearing Sessions,Re: Extension of Settlement Banking Arrangement to all the Clearing Sessions,Re: Extension of Settlement Banking Arrangement to all the Clearing Sessions,BPS/DIR/CIR/GEN/02/041,https://www.cbn.gov.ng/Out/2017/BPSD/Re Extension of Settlement Banking Arrangement to All the Clearing Sessions.pdf,203571,5195
2018-01-02,Central Bank of Nigeria,circulars,Bank Verification Number (BVN) Enrollment for OFIs Customers,Bank Verification Number (BVN) Enrollment for OFIs Customers,"BVN, Circular , OFIs",OFISD/DIR/CIR/GEN/018/217,https://www.cbn.gov.ng/Out/2018/OFISD/BANK VERIFICATION NUMBER (BVN) ENROLLMENT FOR OFIs CUSTOMERS.pdf,35551,5203
2018-01-05,Central Bank of Nigeria,circulars,Nigerian Treasury Bills Issue Programme First Quarter 2018,,"Bills, Treasury, Issue",FMD,https://www.cbn.gov.ng/Out/2018/FMD/NTB Calender 1st Qtr 2018.pdf,32634,5185
2018-01-05,Central Bank of Nigeria,circulars,Sanctions on Erring Banks e-Payments Service Providers for Infractions of Payments System Rules and Regulations,,"Sanctions, Erring, Banks, e-Payments, Service Providers, Infractions,Payments System, Rules and Regulations",BPS/DIR/GEN/CIR/01/005,https://www.cbn.gov.ng/Out/2018/BPSD/Sanctions on Erring Banks e-Payments Service Providers for Infractions of Payments System Rules and Regulations.pdf,156575,5201
2018-01-10,Central Bank of Nigeria,circulars,"List of Bureaux De Change in Nigeria as at December 28, 2017",,"Bureaux De Change, CBN, Financial Policy and Regulation, FPRD, updated List of BDCs, Licensed BDCs",FPR/DIR/GEN/CIR/06/027,https://www.cbn.gov.ng/Out/2018/FPRD/List of Licensed BDCs as at December 28 2017.pdf,929915,5204
2018-01-16,Central Bank of Nigeria,circulars,"List of Deposit Money Banks and Financial Holding Companies Operating in Nigeria as at December 29, 2017",List of banks and holdcos operating in Nigeria as at end of 2017,"Financial institutions, Holding companies, banks, Nigeria, Commercial banks, with national authorization,  regional authorization , non interst banks, merchant banks, financial holding companies",FPR/DIR/GEN/CIR/06/028,https://www.cbn.gov.ng/Out/2018/FPRD/Updated list of Commercial Banks as at DECEMBER 29 2017.pdf,72974,5206
2018-01-16,Central Bank of Nigeria,circulars,"List of Licensed Finance Companies as at December 29, 2017",Licensed finance companies registered in Nigeria as at December 2017,"Licensed Finance Companies, Nigeria, 2017, CBN",FPR/DIR/GEN/CIR/06/029,https://www.cbn.gov.ng/Out/2018/FPRD/List of Finance Companies as at December 29 2017 .pdf,118587,5207
2018-01-22,Central Bank of Nigeria,circulars,"List of Microfinance Banks in Nigeria as at December 29, 2017",List of MFB in Nigeria as at December 29 2017,"MFBs, Banks, Nigeria, CBN 29, December, 2017",FPR/DIR/GEN/CIR/06/030,https://www.cbn.gov.ng/Out/2018/FPRD/LIST OF MICROFINANCE BANKS IN NIGERIA AS AT DECEMBER 29 2017.pdf,343445,5209
2018-01-31,Central Bank of Nigeria,circulars,Re: Internal Capital Generation and Dividend Payout Ratio,,Re: Internal Capital Generation and Dividend Payout Ratio,BSD/DIR/GEN/LAB/11/002,"https://www.cbn.gov.ng/Out/2018/BSD/Letter to all banks on  Internal Capital Generation and Dividend Payout  dated Jan 31, 2018.pdf",170603,5217
2018-02-12,Central Bank of Nigeria,circulars,"Charges on The Sale of Foreign Exchange for Invisible Transactions(BTA,PTA,School Fees and Medicals)","Charges on The Sale of Foreign Exchange for Invisible Transactions(BTA,PTA,School Fees and Medicals)","BTA, PTA",TED/FEM/FPC/GEN/01/001,https://www.cbn.gov.ng/Out/2018/CCD/Charges on BTA.pdf,28262,5216
2018-02-20,Central Bank of Nigeria,circulars,Amendment to the Commercial Agriculture Credit Scheme (CACS) Guidelines,Amendment to the Commercial Agriculture Credit Scheme (CACS) Guidelines to accommodate non interest banks,"non interest banks, Amendment to the Commercial Agriculture Credit Scheme, (CACS) CBN, FPRD, DFD, Nigeria",FPR/DIR/CIR/GEN/01/031,https://www.cbn.gov.ng/Out/2018/FPRD/CACS GUIDELINES INCORPORATING NON INTEREST BANKS.pdf,649300,5228
2018-02-28,Central Bank of Nigeria,circulars,Non-oil Export Stimulation Facility (NESF) Guidelines,Guidelines for the Non-oil Export Stimulation Facility (NESF) ,Non-oil Export Stimulation Facility NESF,DFD/ CPO/ GEN/ ESF/ 01/ 009,https://www.cbn.gov.ng/Out/2018/DFD/Guidelines for the Non-oil Export Stimulation Facility February 2018.pdf,375926,5243
2018-02-28,Central Bank of Nigeria,circulars,Temporary Engagement of Pre-Shipment Inspection Agents (PIAs) for Non-Oil Exports,Temporary Engagement of Pre-Shipment Inspection Agents (PIAs) for Non-Oil Exports,Pre-Shipment,TED/FEM/FPC/GEN/01/002,https://www.cbn.gov.ng/Out/2018/CCD/TED_Circular.pdf,397297,5231
2018-03-01,Central Bank of Nigeria,circulars,"Compliance with the Cybercrime (Prohibition, Prevention, Etc.), Act 2015: Collection and Remittance of Levy for the National Cybersecurity Fund","Compliance with the Cybercrime (Prohibition, Prevention, Etc.), Act 2015: Collection and Remittance of Levy for the National Cybersecurity Fund","Compliance with the Cybercrime (Prohibition, Prevention, Etc.), Act 2015: Collection and Remittance of Levy for the National Cybersecurity Fund",BSD/DIR/GEN/LAB/11/006,"https://www.cbn.gov.ng/Out/2018/BSD/Compliance with the Cybercrime (Prohibition, Prevention, Etc.), Act 2015 Collection and Remittance of Levy for the National Cybersecurity Fund.pdf",129004,5300
2018-03-14,Central Bank of Nigeria,circulars,"Regulation For Bill Payments In Nigeria, 2018",,"Regulation For Bill Payments In Nigeria, 2018",BPS/DIR/CIR/01/006,https://www.cbn.gov.ng/Out/2018/BPSD/Regulation for Bill Payments in Nigeria.pdf,424009,5237
2018-03-14,Central Bank of Nigeria,circulars,"Regulation For Direct Debit Scheme In Nigeria, 2018 (Revised)",,"Regulation, Direct, Debit, Scheme, Nigeria, 2018, (Revised),",BPS/DIR/GEN/CIR/01/007,https://www.cbn.gov.ng/Out/2018/BPSD/Regulation for Direct Debit Scheme in Nigeria 2018 (Revised).pdf,571540,5238
2018-03-15,Central Bank of Nigeria,circulars,Circular to All Deposit Money Banks and Development Finance Institutions on the Commencement of the Non-Oil Exports Stimulation Facility (NESF),Circular to All DMBs and DFIs Commencement of the Non-Oil Exports Stimulation Facility (NESF),"CBN, Nigeria, NESF, DMBs, DFIs, Non-Oil Exports, Stimulation, Facility, Nigeria, M & E",FPR/PRD/GEN/CIR/02/042,https://www.cbn.gov.ng/Out/2018/FPRD/March 2018 Circular on NESF.pdf,376706,5240
2018-04-25,Central Bank of Nigeria,circulars,The Circular on the Regulatory Framework for the Use of Unstructured Supplementary Service Data (USSD) in the Nigerian Financial System,,"Circular, Regulatory, Framework, Use, Unstructured, Supplementary, Service, Data, USSD, Nigerian, Financial, System,",BPS/DIR/GEN/CIR/04/016,https://www.cbn.gov.ng/Out/2018/BPSD/USSD Regulatory Framework.pdf,800108,5278
2018-04-27,Central Bank of Nigeria,circulars,"Monetary, Credit, Foreign Trade And Exchange Policy Guidelines For Fiscal Years 2018/2019","Monetary, Credit, Foreign Trade And Exchange Policy Guidelines For Fiscal Years 2018/2019","Monetary, Credit, Trade and Exchange Policies",No 42,https://www.cbn.gov.ng/Out/2018/MPD/Monetary credit foreign trade    exchange 2018 AND 2019.pdf,2438849,5279
2018-05-28,Central Bank of Nigeria,circulars,Re: Review of Weekly Foreign Exchange Cash Sales to Bureau de Change (BDC) Operators,Re: Review of Weekly Foreign Exchange Cash Sales to Bureau De Change (BDC) Operators,BDC,TED/FEM/FPC/GEN/01/003,https://www.cbn.gov.ng/Out/2018/CCD/TED_Circular_28052018.pdf,244868,5299
2018-05-31,Central Bank of Nigeria,circulars,Pledge of N1 Billion Worth of Government/CBN Securities for OTC Trade Settlement ,,"Trade Settlement, CBN, OTC, Pledge",FMD/DIR/CIR/GEN/09/003,https://www.cbn.gov.ng/Out/2018/FMD/Pledge of Government and CBN Securities for OTC Trade Settlement.pdf,214281,5302
2018-06-01,Central Bank of Nigeria,circulars,Circular on Extension of the Regulatory Framework for the Use of Unstructured Supplement Service Data (USSD) in the Nigerian Financial Sector,,"Circular, Extension,  Regulatory, Framework, Use,  Unstructured, Supplement, Service, Data, (USSD) in the Nigerian Financial, Sector",BPS/DIR/GEN/CIR/05/005,https://www.cbn.gov.ng/Out/2018/BPSD/CIRCULAR ON EXTENSION OF THE REGULATORY FRAMEWORK FOR THE USE OF USSD IN THE NIGERIAN FINANCIAL SYSTEM.pdf,244536,5305
2018-06-05,Central Bank of Nigeria,circulars,3rd Quarter NTB Issue Programme,,"Issue Programme, NTB, CBN",FMD,https://www.cbn.gov.ng/Out/2018/FMD/3rd Quarter 2018 NTB Issue Programme.pdf,32273,5307
2018-06-07,Central Bank of Nigeria,circulars,Circular to All Banks on the Redesigned CRMS: Notice of Commencement of CRMS Compliance Status Checks,Circular to All Banks on the Redesigned CRMS: Notice of Commencement of CRMS Compliance Status Checks,"Credit Risk Management Software, CRMS, CBN, Nigeria, Redesigned, Circular ",FPR/DIR/GEN/CIR/07/002,https://www.cbn.gov.ng/Out/2018/FPRD/June 2018 Circular on Commencemnt of CRMS Live.pdf,441770,5314
2018-06-07,Central Bank of Nigeria,circulars,"List of Bureaux De Change in Nigeria as at May 31, 2018",Updated List of BDCs in Nigeria as at May 31 2018,"BDCs,  Bureaux De Change, Nigeria, CBN, May, 2018",FPR/DIR/GEN/CIR/07/006,https://www.cbn.gov.ng/Out/2018/FPRD/BDCs AS AT MAY 31 2018.pdf,1026988,5309
2018-06-07,Central Bank of Nigeria,circulars,"List of Licensed Finance Companies as at May 31, 2018","Updated List of Licensed Finance Companies as at May 31, 2018","Finance Companies, FCs, Central Bank of Nigeria, updated list, Nigeria
May, 2018, Nigeria, CBN, Central Bank of Nigeria", FPR/DIR/GEN/CIR/07/005,https://www.cbn.gov.ng/Out/2018/FPRD/FINANCE COMPANIES AS AT MAY 31 2018.pdf,119649,5311
2018-06-07,Central Bank of Nigeria,circulars,"List of Licensed Microfinance Banks Operating in Nigeria as at May 31, 2018","Updated List of Licensed Microfinance Banks Operating in Nigeria as at May 31, 2018","Updated, List of, Licensed Microfinance Banks, Operating in Nigeria, as at May 31, 2018, Central Bank of NIGERIA, CBN",FPR/DIR/GEN/CIR/07/004,https://www.cbn.gov.ng/Out/2018/FPRD/MICROFINANCE BANKS AS AT MAY 31 2018.pdf,345906,5312
2018-06-07,Central Bank of Nigeria,circulars,Regulations for Transactions with Authorised Dealers in Renminbi,,"Renminbi, Authorised Dealers,",FMD,https://www.cbn.gov.ng/Out/2018/FMD/Regulations for Transactions with Authorised Dealers in Renminbi.pdf,228487,5313
2018-06-07,Central Bank of Nigeria,circulars,"Updated List of Deposit Money Banks and Financial Holding Companies Operating in Nigeria as at May 31, 2018","Updated List of Deposit Money Banks and Financial Holding Companies Operating in Nigeria as at May 31, 2018","Holdcos, Holding companies, DMBs, Merchant banks, Commercial banks, Nay, 2018, Nigeria, CBN, Central Bank of Nigeria",FPR/DIR/GEN/CIR/07/003,https://www.cbn.gov.ng/Out/2018/FPRD/COMMERCIAL BANKS AS AT MAY 31 2018.pdf,73438,5310
2018-06-21,Central Bank of Nigeria,circulars,Circular to Banks: Imposition of Targeted Sanctions on Nineteen (19) Individuals Identified as Obstructing the Implementation of Conakry Agreement,Circular to Banks: Imposition of Targeted Sanctions on Nineteen (19) Individuals Identified as Obstructing the Implementation of Conakry Agreement,"Circular, to Banks, Imposition, Targeted Sanctions, Nineteen (19) Individuals, Identified as, Obstructing, Implementation of Conakry, Agreement, ECOWAS, Peace and Security Council, PSC, African Union, AU",FPR/AML/GEN/BOF/01/028,https://www.cbn.gov.ng/Out/2018/FPRD/june 21 2018  AML Sanctions.pdf,319142,5316
2018-07-02,Central Bank of Nigeria,circulars,"Compliance with the Cybercrime (Prohibition, Prevention, etc.) Act 2015: Collection and Remittance of Levy for the National Cybersecurity Fund",,"Circular, Compliance, Cybercrime, (Prohibition, Prevention, etc.) Act 2015: Collection, Remittance,  levy, National, Cybersecurity, Fund,",BPS/DIR/GEN/CIR/05/008,"https://www.cbn.gov.ng/Out/2018/BPSD/Circular on Compliance with the Cybercrime (prohibition,prevention, etc.).pdf",236782,5321
2018-07-05,Central Bank of Nigeria,circulars,Shared Agency Network Expansion Fund Initiative: Regulatory Data Rendition Requirements,,"Shared, Agency, Network, Expansion, Fund, Initiative, Regulatory, Data, Rendition, Requirements,",BPS/DIR/GEN/CIR/05/009,https://www.cbn.gov.ng/Out/2018/BPSD/SHARED AGENCY NETWORK EXPANSION FUND INITIATIVE REGULATORY DATA RENDITION REQUIREMENTS.pdf,57815,5326
2018-07-10,Central Bank of Nigeria,circulars,Amendment To The Regulatory Framework For Bank Verification Number Operators and Watchlist For The Nigerian Banking Industry,,"Circular, Amendment, Regulatory, Framework, BVN, Watch-List, Nigerian, Industry, CBN, Website,",BPS/DIR/GEN/CIR/05/007,https://www.cbn.gov.ng/Out/2018/BPSD/Circular on the Amendment to the Regulatory Framework for BVN and Watch-List for the Nigerian Industry on the CBN Website.pdf,28382,5336
2018-07-26,Central Bank of Nigeria,circulars,Introduction of the Revised Foreign Exchange Manual,,Revised Foreign Exchange Manual,TED/FEM/FPC/GEN/01/004,https://www.cbn.gov.ng/Out/2018/TED/TED.FEM.FPC.GEN.01.004.pdf,234118,5341
2018-08-23,Central Bank of Nigeria,circulars,Guidelines for Accessing Real Sector Support Facility (RSSF) through CRR and Corporate Bonds,Guidelines for Accessing Real Sector Support Facility (RSSF) through CRR and Corporate Bonds,"Guidelines, RSSF, CRR, Bonds, Real Sector Support Facility",CCD/GD/01/23-08-2018,https://www.cbn.gov.ng/Out/2018/CCD/Guidelines_for_Accessing_RSSF_through_CRR_and_Corporate_Bonds FINAL.pdf,136633,5392
2018-09-06,Central Bank of Nigeria,circulars,4th Quarter 2018 NTB Issue Programme,,"Issue Programme,NTB ",FMD,https://www.cbn.gov.ng/Out/2018/FMD/4th Quarter 2018 NTB Issue Programme.pdf,32472,5397
2018-09-10,Central Bank of Nigeria,circulars,Redesigned Credit Risk Management System (CRMS) Additional Regulatory Guidelines for the Operation of the Redesigned CRMS,,"CRMS,FPRD,Financial Policy and Regulation Department, Redesigned Credit Risk Management System, Additional Guidelines for the Operation of the Redesigned CRMS, Guidelines, CBN, Central Bank of Nigeria",FPR/DIR/GEN/CIR/07/007,https://www.cbn.gov.ng/Out/2018/FPRD/Circular and Additional Guidelines - Redesigned CRMS.pdf,424431,5400
2018-09-13,Central Bank of Nigeria,circulars,"Nigeria Bankers Clearing System Rules (Revised, May 2018)","Nigeria Bankers Clearing System Rules (Revised, May 2018)",NBCS,BPS/GEN/NBCS/05/2018,https://www.cbn.gov.ng/Out/2018/CCD/NBCS_Revised_May2018.pdf,841555,5401
2018-09-14,Central Bank of Nigeria,circulars,Regulation on Instant (Inter-Bank) Electronic Funds Transfer Services in Nigeria,,"Regulation, Instant, Electronic, Funds, Transfer, Services, Nigeria",BPS/DIR/GEN/CIR/05/011,https://www.cbn.gov.ng/Out/2018/BPSD/Regulation on Instant Payment.pdf,332440,5402
2018-09-21,Central Bank of Nigeria,circulars,Circular on the Revised Nigerian Cheque Standard (NCS) and Nigerian Cheque Printers Accreditation Scheme (NICPAS),,"Circular on the Revised Nigerian, Cheque, Standard ,(NCS), Nigerian, Cheque ,Printers, Accreditation, Scheme, (NICPAS),",BPS/DIR/GEN/CIR/05/002,https://www.cbn.gov.ng/Out/2018/PSMD/Circular on the Revised Nigerian Cheque Standard (NCS) and Nigerian Cheque Printers Accreditation Scheme (NICPAS).pdf,33713,5406
2018-09-24,Central Bank of Nigeria,circulars,Capital Adequacy Ratio Calculation Template,Capital Adequacy Ratio calculation Template,Capital Adequacy Ratio calculation Template,BSD/DIR/GEN/LAB/11/019 /9,https://www.cbn.gov.ng/Out/2018/CCD/Capital Adequacy Ratio calculation Template.xlsx,415256,5431
2018-09-24,Central Bank of Nigeria,circulars,Exposure Drfat- Guidance Notes on Supervisory Review Process,,Exposure Drfat- Guidance Notes on Supervisory Review Process,BSD/DIR/GEN/LAB/11/019 /6,https://www.cbn.gov.ng/Out/2018/BSD/Draft Guidance Notes on SREP.pdf,981725,5418
2018-10-04,Central Bank of Nigeria,circulars,"List of Bureaux De Change in Nigeria as at September, 30, 2018",,"Bureaux De Change, Financial Policy and Regulation Department, Central Bank of Nigeria, BDC, CBN, List of BDCs",FPR/DIR/GEN/CIR/07/010,https://www.cbn.gov.ng/Out/2018/FPRD/LIST OF LICENSED BDCs AS AT SEPTEMBER 30 2018.pdf,1139659,5423
2018-10-04,Central Bank of Nigeria,circulars,"List of Licensed Finance Companies as at September 30, 2018",,"Finance Company, Licensed Finance Companies, FCs, Central Bank of Nigeria, CBN, Financial Policy and Regulation Department, Circular, FPRD, Licensing and Approval Division",FPR/DIR/GEN/CIR/07/009,https://www.cbn.gov.ng/Out/2018/FPRD/LIST OF LICENSED FINANCE COMPANIES AS AT SEPTEMBER 30 2018.pdf,116863,5425
2018-10-08,Central Bank of Nigeria,circulars,"LIST OF DEPOSIT MONEY BANKS AND FINANCIAL HOLDING COMPANIES OPERATING IN NIGERIA AS AT SEPTEMBER 30, 2018","LIST OF DEPOSIT MONEY BANKS AND FINANCIAL HOLDING COMPANIES OPERATING IN NIGERIA AS AT SEPTEMBER 30, 2018","List of Deposit Money banks, DMBs, CBN, Nigeria, September 2018, Polaris,",FPR/DIR/GEN/CIR/01/032,https://www.cbn.gov.ng/Out/2018/FPRD/LIST OF DEPOSIT MONEY BANKS AS AT SEPTEMBER 30 2018.pdf,73330,5430
2018-10-10,Central Bank of Nigeria,circulars,Issuance of Risk-Based Cybersecurity Framework and Guidelines for Deposit Money Banks and Payment Service Providers,Issuance of Risk-Based Cybersecurity Framework and Guidelines for Deposit Money Banks and Payment Service Providers,Issuance of Risk-Based Cybersecurity Framework and Guidelines for Deposit Money Banks and Payment Service Providers,BSD/DIR/GEN/LAB/11/25,https://www.cbn.gov.ng/Out/2018/BSD/RISK BASED CYBERSECURITY FRAMEWORK FINAL.pdf,1064326,5434
2018-10-18,Central Bank of Nigeria,circulars,Transitional Arrangements : Treatment of IFRS 9 Expected Credit Loss for Regulatory Purposes by Banks in Nigeria,Transitional Arrangements Treatment of IFRS 9 Expected Credit Loss for Regulatory Purposes by Banks in Nigeria,Transitional Arrangements Treatment of IFRS 9 Expected Credit Loss for Regulatory Purposes by Banks in Nigeria,BSD/DIR/GEN/LAB/11/027,"https://www.cbn.gov.ng/Out/2018/BSD/Circular on Transitional Arrangement Treatment of IFRS 9 dated October 18,  2018.pdf",432890,5441
2018-10-22,Central Bank of Nigeria,circulars,Review of Minimum Capital Requirement for Microfinance banks in Nigeria,,"Minimum Capital Requirement for Microfinance Banks in Nigeria, Central Bank of Nigeria, Financial Policy and Regulation Department, CBN, FPRD, MFBs, Minimum Capital Requirement, Policy and Regulation Division",FPR/DIR/GEN/CIR/07/016,https://www.cbn.gov.ng/Out/2018/FPRD/REVIEW OF MINIMUM CAPITAL REQUIREMENT FOR MFBs IN NIGERIA.pdf,552497,5440
2018-10-22,Central Bank of Nigeria,circulars,The Redesigned CRMS: Release of Month End Update Template (CRMS-400D),,"CRMS,Credit Risk Management System,Central Bank of Nigeria, Financial Policy and Regulation Department, CBN, Macroprudential Analysis, FPRD, Redesigned CRMS",FPR/DIR/GEN/CIR/08/064,https://www.cbn.gov.ng/Out/2018/FPRD/THE REDESIGNED CRMS (CRMS-400D).pdf,315561,5439
2018-10-29,Central Bank of Nigeria,circulars,Code of  Corporate Governance for Bureaux De Change in Nigeria,Code of  Corporate Governance for Bureaux De Change in Nigeria,"Code,Corporate Governance, Bureaux De Change, Nigeria, Central Bank of Nigeria, CBN",FPR/DIR/CIR/GEN/07/017,https://www.cbn.gov.ng/Out/2018/FPRD/BDC.pdf,539340,5467
2018-10-29,Central Bank of Nigeria,circulars,Code of Corporate Governance for Development Finance Institutions in Nigeria,Code of Corporate Governance for Development Finance Institutions in Nigeria,"Code, Corporate Governance, Development Finance Institutions, Nigeria, Central Bank of Nigeria, CBN",FPR/DIR/CIR/GEN/07/017,https://www.cbn.gov.ng/Out/2018/FPRD/DFI.pdf,563693,5468
2018-10-29,Central Bank of Nigeria,circulars,Code of Corporate Governance for Finance Companies in Nigeria,Code of Corporate Governance for Finance Companies in Nigeria,"Code, Corporate Governance, Finance Companies in Nigeria, Central bank of Nigeria, CBN",FPR/DIR/CIR/GEN/07/017,https://www.cbn.gov.ng/Out/2018/FPRD/FC.pdf,559003,5469
2018-10-29,Central Bank of Nigeria,circulars,Code of Corporate Governance for Microfinance Banks in Nigeria ,Code of Corporate Governance for Microfinance Banks in Nigeria ,"Code, Corporate Governance, Microfinance Banks in Nigeria, CBN, Central Bank of Nigeria, MFB",FPR/DIR/GEN/CIR/07/017,https://www.cbn.gov.ng/Out/2018/FPRD/MFB.pdf,658009,5470
2018-10-29,Central Bank of Nigeria,circulars,Code of Corporate Governance for Mortgage Refinance Companies in Nigeria,Code of Corporate Governance for Mortgage Refinance Companies in Nigeria issued by the Central Bank of Nigeria,"Code,corporate Governance, Mortgage Refinance Companies, Nigeria,Central Bank of Nigeria, CBN",FPR/DIR/CIR/GEN/07/017,https://www.cbn.gov.ng/Out/2018/FPRD/MRC.pdf,470423,5474
2018-10-29,Central Bank of Nigeria,circulars,Code of Corporate Governance for Primary Mortgage banks in Nigeria,Code of Corporate Governance for Primary Mortgage banks in Nigeria,"Code, Corporate Governance, Primary Mortgage banks,Nigeria, CBN, Central Bank of Nigeria, PMB",FPR/DIR/CIR/GEN/07/017,https://www.cbn.gov.ng/Out/2018/FPRD/PMB.pdf,567215,5472
2018-10-29,Central Bank of Nigeria,circulars,"Licensed Microfinance Banks (MFBs) in Nigeria as at September 30, 2018","List of Microfinance Banks (MFBs) Licensed by the Central Bank of Nigeria as at September 30, 2018","MFBs, CBN, Licensed Microfinance banks, in Nigeria, September, 2018",FPR/DIR/GEN/CIR/07/008,https://www.cbn.gov.ng/Out/2018/FPRD/LIST OF LICENSED MICROFINANCE BANKS AS AT SEPTEMBER 30 2018.pdf,278275,5443
2018-10-29,Central Bank of Nigeria,circulars,"List of Primary Mortgage Banks (PMBs) as at September 30, 2018","List of Primary Mortgage Banks (PMBs) Licensed by the Central Bank of Nigeria as at September 30, 2018","PMBs, Primary Mortgage Banks, CBN, Nigeria, September, 2018",FPR/DIR/GEN/CIR/07/011,https://www.cbn.gov.ng/Out/2018/FPRD/LIST OF PMBs AS AT SEPTEMBER 30 2018.pdf,77020,5442
2018-10-30,Central Bank of Nigeria,circulars,Notification for Change of Name from Banking and Payments System Department (BPSD) to Banking Services Department (BKSD),,"Notification, Change, Name,  Payments, System, Department, Banking, Services, Department, (BKSD),",BPS/DIR/GEN/05/014,https://www.cbn.gov.ng/Out/2018/PSMD/Notification for Change of Name.pdf,34045,5450
2018-11-01,Central Bank of Nigeria,circulars,Guidelines for Licensing and Regulation of Payment Service Banks in Nigeria,,"Circular to All Stakeholders on Guidelines for Licensing and Regulation of Payment Service Banks in Nigeria, Payment Service Banks, Financial Policy and Regulation Department, FPRD, CBN, Central Bank of Nigeria, Guidelines, Policy and Regulation Division, Circulars",FPR/DIR/GEN/CIR/07/018,https://www.cbn.gov.ng/Out/2018/FPRD/Guidelines for the Licensing and regulation of Payment Services Banks.pdf,494576,5457
2018-11-08,Central Bank of Nigeria,circulars,Circular on the Revised Nigerian Cheques Standards (NCS) and NICPAS Sort Code and MICR Reject Flag,,"Circular on the Revised Nigerian, Cheques, Standards, NCS,NICPAS, Sort, code, MICR, Reject, Flag,",BKS/DSO/GEN/MPF/01/003,https://www.cbn.gov.ng/Out/2018/PSMD/Circular on Sort code and MICR Reject Flag.pdf,39419,5466
2018-11-29,Central Bank of Nigeria,circulars,Introduction of Special Intervention of Foreign Exchange Cash Sales to Bureau de Change Operators,,"Foreign Exchange, BDCs, Cash Sales",TED/FEM/FPC/GEN/01/005,https://www.cbn.gov.ng/Out/2018/CCD/RTED.pdf,265766,5485
2018-12-10,Central Bank of Nigeria,circulars,Foreign Exchange Restriction on the Importation of 42 Items,,"Foreign Exchange Restriction, Importation of 42 Items, Central bank of Nigeria, Financial Policy and Regulation Department, CBN, FPRD, Policy and Regulation Division, Circulars, Foreign Exchange",FPR/DIR/GEN/CIR/07/019,https://www.cbn.gov.ng/Out/2018/FPRD/Foreign Exchange Restrictions on the Importation of 42 Items.pdf,244172,5488
2018-12-10,Central Bank of Nigeria,circulars,"Re:Inclusion of Some Imported Goods and Services on the List of Items ""Not Valid for Foreign Exchange"" in the Nigerian Foreign Exchange Market ",,"Nigerian Foreign Exchange Market, Not Valid for Foreign Exchange and Fertilizer.",TED/FEM/FPC/GEN/01/006,https://www.cbn.gov.ng/Out/2018/TED/TED.FEM.FPC.GEN.01.006.pdf,37690,5489
2018-12-20,Central Bank of Nigeria,circulars,Letter to All Bureaux De Change (BDCs) on Submission of Audited Financial Statements,Letter to All Bureaux De Change (BDCs) on Submission of Audited Financial Statements,"Audited Financial Statements, BDC",OFI/DIR/CIR/GEN/19/241,https://www.cbn.gov.ng/Out/2018/OFISD/Circular to BDCs on Audited Accounts submission 20122018.pdf,94531,5502
2018-12-28,Central Bank of Nigeria,circulars,Circular to All Banks: Deployment of the Consumer Complaints Management System (CCMS),,"Deployment, Circular, Consumer Complaints Management System, CCMS, CBN, Central Bank of Nigeria",CPD/DIR/GEN/CIR/01/001,https://www.cbn.gov.ng/Out/2018/CCD/CCMS.pdf,204875,5506
2018-12-31,Central Bank of Nigeria,circulars,"Licensed Microfinance Banks (MFBs) In Nigeria As At December 31, 2018",,"Central Bank of Nigeria, Financial Policy and Regulation Department, Licensing and Approvals Division, Policy and Regulation Division, List of Microfinance Banks, MFBs, CBN",FPR/DIR/GEN/CIR/07/022,"https://www.cbn.gov.ng/Out/2019/FPRD/LIST OF LICENSED MICROFINANCE BANKS AS AT DECEMBER 31, 2018.pdf",488815,5522
2018-12-31,Central Bank of Nigeria,circulars,"List Of Bureaux De Change In Nigeria As At Decemmber 31, 2018",,"Central Bank of Nigeria, Financial Policy and Regulation Department, Licensing and Approval Division, List of Bureaux De Change, BDC, CBN",FPR/DIR/GEN/CIR/07/021,"https://www.cbn.gov.ng/Out/2019/FPRD/LIST OF LICENSED BDCs AS AT DECEMBER 31, 2018.pdf",2070189,5520
2018-12-31,Central Bank of Nigeria,circulars,"List Of Licensed Finance Companies In Nigeria As At December 31, 2018",,"Central Bank of Nigeria, Financial Policy and Regulation, List of Finance Companies, FC, licensing and Approval Division, CBN, Policy and Regulation Division",FPR/DIR/GEN/CIR/07/020,"https://www.cbn.gov.ng/Out/2019/FPRD/LIST OF LICENSED FINANCE COMPANIES AS AT DECEMBER 31, 2018.pdf",126812,5521
2019-01-08,Central Bank of Nigeria,circulars,1st Quarter 2019 NTB Issue Programme,,"NTB, Issue, Programme",FMD,https://www.cbn.gov.ng/Out/2019/FMD/1st Quarter 2019 NTB Issue Programme.pdf,32292,5511
2019-01-21,Central Bank of Nigeria,circulars,Penalty for Payment of Counterfeit Banknotes from ATMs/Teller Points,,Penalty for Payment of Counterfeit Banknotes from ATMs/Teller Points,COD/DIR/GEN/CNF/18/050,https://www.cbn.gov.ng/Out/2019/COD/Penalty for Payment of Counterfeit Banknotes.pdf,43338,5518
2019-01-31,Central Bank of Nigeria,circulars,Additional Data Fields for Industry Customer Account Database (ICAD) Submission to NIBSS PLC,,"Additional Data Fields for Industry Customer Account Database (ICAD) Submission to NIBSS PLC, CBN, DMB's",BKS/DIR/GEN/CIR/06/001,https://www.cbn.gov.ng/Out/2019/BKSD/Circular on ICAD.pdf,58815,5541
2019-02-08,Central Bank of Nigeria,circulars,Anti-Money Laundering/Combating the Financing of Terrorism  (AML/CFT) Policy and Procedure Manual,Money Laundering/Combating Financing of Terrorism  (AML/CFT) Policy and Procedure Manual,"AML, CFT",GVD/ESO/GEN/PMF/02/004,https://www.cbn.gov.ng/Out/2019/CCD/CBN Anti-money laundering _combating the financing of terrorism _Manual (2).pdf,1141082,5531
2019-02-13,Central Bank of Nigeria,circulars,"Licensed Microfinance Banks (MFBs) in Nigeria as at February 13, 2019",,"Central Bank of Nigeria, Financial Policy and Regulation Department, List of Microfinance Banks, CBN, MFBs, FPRD",FPR/DIR/GEN/CIR/07/023,"https://www.cbn.gov.ng/Out/2019/FPRD/LIST OF LICENSED MICROFINANCE BANKS AS AT FEBRUARY 13, 2019.pdf",497354,5551
2019-02-21,Central Bank of Nigeria,circulars,Guideline on Stress Testing for the Nigerian Banks,Guideline on Stress Testing for the Nigerian Banks,Guideline on Stress Testing for the Nigerian Banks,BSD/DIR/GEN/LAB/12/004,https://www.cbn.gov.ng/Out/2019/BSD/Guideline on Stress Testing  for Nigerian Banks.pdf,325616,5633
2019-02-21,Central Bank of Nigeria,circulars,Guidelines for the Management of Reputational Risk,Guidelines for the Management of Reputational Risk,Guidelines for the Management of Reputational Risk,BSD/DIR/GEN/LAB/12/004,https://www.cbn.gov.ng/Out/2019/BSD/Guidelines on the Management of Reputational Risk.pdf,168903,5634
2019-02-21,Central Bank of Nigeria,circulars,Guidelines on Management of Credit Concentration Risk Under the Supervisory Review Process,Guidelines on Management of Credit Concentration Risk Under the Supervisory Review Process,Guidelines on Management of Credit Concentration Risk Under the Supervisory Review Process,BSD/DIR/GEN/LAB/12/004,https://www.cbn.gov.ng/Out/2019/BSD/Guideline on the Management for Credit Concentration Risk.pdf,136615,5636
2019-02-21,Central Bank of Nigeria,circulars,Guidelines on Pillar 2 Risks and Stress Testing for Banks ,Guidelines on Pillar 2 Risks and Stress Testing for Banks ,Guidelines on Pillar 2 Risks and Stress Testing for Banks ,BSD/DIR/GEN/LAB/12/004,https://www.cbn.gov.ng/Out/2019/BSD/LETTER TO ALL BANKS - PILLAR II RISKS AND STRESS TESTING FRAMEWORK 1 (4).pdf,127815,5632
2019-02-21,Central Bank of Nigeria,circulars,Guidelines on the Management of Interest Rate Risk in the Banking Book (IRRBB),Guidelines on the Management of Interest Rate Risk in the Banking Book (IRRBB),Guidelines on the Management of Interest Rate Risk in the Banking Book (IRRBB),BSD/DIR/GEN/LAB/12/004,https://www.cbn.gov.ng/Out/2019/BSD/Guidelines on the Management of Interest Rate Risk in the Banking Book.pdf,437609,5635
2019-02-28,Central Bank of Nigeria,circulars,RE: Circular on the Revised Nigerian Cheque Standard (NCS) and Nigerian Cheque Printers Accreditation Scheme (NICPAS),,"All Deposit Money Banks (DMBs), Accredited Cheque Printers / Personalizers and Nigeria Inter-Bank Settlement System (NIBSS)",REF: BKS/DIR/CIR/GEN/02/041,https://www.cbn.gov.ng/Out/2019/BKSD/CIRCULAR ON THE REVISED NCS AND NICPAS.pdf,31246,5566
2019-03-05,Central Bank of Nigeria,circulars,Guidance Notes to Other Financial Institutions on the Implementation of IFRS 9 (Financial Instruments) in Nigeria,Guidance Notes to Other Financial Institutions on the Implementation of IFRS 9 (Financial Instruments) in Nigeria,"Financial Instruments, IFRS, Guidance Notes",OFISD/DIR/GEN/IFR/020/101,https://www.cbn.gov.ng/Out/2019/OFISD/IFRS GUIDANCE NOTE FOR OFIS NEW (2).pdf,771664,5609
2019-03-05,Central Bank of Nigeria,circulars,Nigerian Treasury Bills Issue Programme 2nd Qtr 2019,,"NTB, Issue Programme, 2019",FMD,https://www.cbn.gov.ng/Out/2019/FMD/NTBs 2nd Qtr 2019 Issue Calender.pdf,32327,5577
2019-03-18,Central Bank of Nigeria,circulars,RE: Review of Minimum Capital Requirement for Microfinance Banks in Nigeria,Review of Minimum Capital Requirement for Microfinance Banks in Nigeria,"MFBs, Microfinance banks, Capital Requirements, CBN, Central Bank of Nigeria",FPR/DIR/GEN/CIR/07/024,https://www.cbn.gov.ng/Out/2019/FPRD/March 2019 MFB GUIDELINES ON REVIEW OF CAPITAL.pdf,1210721,5584
2019-04-03,Central Bank of Nigeria,circulars,"Monetary, Credit, Foreign Trade and Exchange Policy Guidelines For Fiscal Years 2018/2019 ","Monetary, Credit, Foreign Trade and Exchange Policy Guidelines For Fiscal Years 2018/2019 ","CBN,credit guidelines",vol 42,https://www.cbn.gov.ng/Out/2019/MPD/Monetary credit foreign trade exchange 2018 AND 2019 (2).pdf,2463996,5614
2019-04-05,Central Bank of Nigeria,circulars,Framework For Operation Of The Shared Agent Network Expansion Facility (SANEF),,SANEF,DFD/MSM/GEN/INT/011/061,https://www.cbn.gov.ng/Out/2019/CCD/SANEF Framework Reveiwed Jan 30 2019- latest.pdf,202835,5617
2019-04-09,Central Bank of Nigeria,circulars,Letter to All Other Financial Institutions (OFIs) on the Creation of Corporate E-Mails,Letter to All Other Financial Institutions (OFIs) on the Creation of Corporate E-Mails,"Corporate, E-Mails, OFIs",OFI/DIR/DOC/GEN/019/156,https://www.cbn.gov.ng/Out/2019/OFISD/Creation of Corporate E-Mails.pdf,200773,5649
2019-04-10,Central Bank of Nigeria,circulars,Guidance Notes on Disclosure Requirements to Promote Transparency & Market Discipline for Non-Interest Financial Institutions in Nigeria,Guidance Notes on Disclosure Requirements to Promote Transparency & Market Discipline for Non-Interest Financial Institutions in Nigeria,Guidance Notes on Disclosure Requirements to Promote Transparency & Market Discipline for Non-Interest Financial Institutions in Nigeria,BSD/DIR/GEN/LAB/12/011/2,https://www.cbn.gov.ng/Out/2019/BSD/Guidance Notes on Disclosure Requirement to promote transparency and market discipline for NIFIs.pdf,745910,5623
2019-04-10,Central Bank of Nigeria,circulars,Guidance Notes on Regulatory Capital for Non-Interest Financial Institutions in Nigeria,Guidance Notes on Regulatory Capital for Non-Interest Financial Institutions in Nigeria,Guidance Notes on Regulatory Capital for Non-Interest Financial Institutions in Nigeria,BSD/DIR/GEN/LAB/12/011/3	,https://www.cbn.gov.ng/Out/2019/BSD/Guidance Notes on Regulatory Capital for NIFIs.pdf,548490,5625
2019-04-10,Central Bank of Nigeria,circulars,Guidance Notes on Supervisory Review Process for Non-Interest Financial Institutions in Nigeria,Guidance Notes on Supervisory Review Process for Non-Interest Financial Institutions in Nigeria,Guidance Notes on Supervisory Review Process for Non-Interest Financial Institutions in Nigeria,BSD/DIR/GEN/LAB/12/011/6,https://www.cbn.gov.ng/Out/2019/BSD/Guidance Notes on Supervisory Review  Evaluation Process for NIFIs.pdf,906767,5628
2019-04-10,Central Bank of Nigeria,circulars,Guidance Notes on the Calculation of Capital Requirement for Credit Risk for Non-Interest Financial Institutions in Nigeria,Guidance Notes on the Calculation of Capital Requirement for Credit Risk for Non-Interest Financial Institutions in Nigeria,Guidance Notes on the Calculation of Capital Requirement for Credit Risk for Non-Interest Financial Institutions in Nigeria,BSD/DIR/GEN/LAB/12/011/5	,https://www.cbn.gov.ng/Out/2019/BSD/Guidance Notes on the calculation of Credit risk NIFIs.pdf,979902,5627
2019-04-10,Central Bank of Nigeria,circulars,Guidance Notes on the Calculation of Capital Requirement for Market Risk for Non-Interest Financial Institutions in Nigeria,Guidance Notes on the Calculation of Capital Requirement for Market Risk for Non-Interest Financial Institutions in Nigeria,Guidance Notes on the Calculation of Capital Requirement for Market Risk for Non-Interest Financial Institutions in Nigeria,BSD/DIR/GEN/LAB/12/011/1,https://www.cbn.gov.ng/Out/2019/BSD/Guidance Notes on  the calculation of Market Risk for NIFIs.pdf,834100,5622
2019-04-10,Central Bank of Nigeria,circulars,Guidance Notes on the Calculation of Capital Requirement for Operational Risk for Non-Interest Financial Institutions in Nigeria,Guidance Notes on the Calculation of Capital Requirement for Operational Risk for Non-Interest Financial Institutions in Nigeria,Guidance Notes on the Calculation of Capital Requirement for Operational Risk for Non-Interest Financial Institutions in Nigeria,BSD/DIR/GEN/LAB/12/011/8	,https://www.cbn.gov.ng/Out/2019/BSD/Guidance Notes on Calculation of Capital Requirement for Operational risk for NIFIs.pdf,628129,5630
2019-04-10,Central Bank of Nigeria,circulars,Guidelines on the Management of Investment Account Holders for Non-Interest Financial Institutions in Nigeria,Guidelines on the Management of Investment Account Holders for Non-Interest Financial Institutions in Nigeria,Guidelines on the Management of Investment Account Holders for Non-Interest Financial Institutions in Nigeria,BSD/DIR/GEN/LAB/12/011/7	,https://www.cbn.gov.ng/Out/2019/BSD/Guidelines on the Management of Investment Account Holders for NIFIs.pdf,335903,5629
2019-04-10,Central Bank of Nigeria,circulars,Guidelines on the Practice of Smoothing the Profit Payout to Investment Account Holders for Non-Interest Financial Institutions in Nigeria,Guidelines on the Practice of Smoothing the Profit Payout to Investment Account Holders for Non-Interest Financial Institutions in Nigeria,Guidelines on the Practice of Smoothing the Profit Payout to Investment Account Holders for Non-Interest Financial Institutions in Nigeria,BSD/DIR/GEN/LAB/12/011/4	,https://www.cbn.gov.ng/Out/2019/BSD/Guidelines on the Practice of smoothing the profit payout to Investment Account Holders for NIFIs.pdf,724806,5626
2019-04-10,Central Bank of Nigeria,circulars,Issuance of Final Guidelines on Islamic Financial Services Board Standards for Nigerian Non-Interest Financial Institutions,Issuance of Final Guidelines on Islamic Financial Services Board Standards for Nigerian Non-Interest Financial Institutions,Issuance of Final Guidelines on Islamic Financial Services Board Standards for Nigerian Non-Interest Financial Institutions,BSD/DIR/GEN/LAB/12/011	,"https://www.cbn.gov.ng/Out/2019/BSD/Letter to all NIFIs on IFSB 4, 15 and 16.pdf",95409,5621
2019-04-26,Central Bank of Nigeria,circulars,Banknote Fitness Guidelines,,"Banknote Fitness Guidelines, Central Bank of Nigeria",COD\GEN\01\23-01-2019,https://www.cbn.gov.ng/Out/2019/COD/banknote fitness guidelines.pdf,11074455,5517
2019-04-26,Central Bank of Nigeria,circulars,Clean Note Policy,,Clean Note Policy,COD/GEN/02/23-01-2019,https://www.cbn.gov.ng/Out/2019/COD/clean note policy 250419.pdf,7852616,5519
2019-05-15,Central Bank of Nigeria,circulars,Request for Information on Proposed PSV 2030,,"Request, Information,Proposed, PSV, 2030,",PSM/DIR/GEN/CIR/02/003,https://www.cbn.gov.ng/Out/2019/PSMD/Request For Information on Proposed PSV 2030.pdf,756882,5652
2019-06-07,Central Bank of Nigeria,circulars,3rd Quarter 2019 NTB Issue Programme,3rd Quarter 2019 NTB Issue Programme,"NTB, Issue, Programme, 2019, Quarter",FMD,https://www.cbn.gov.ng/Out/2019/FMD/Third Quarter 2019 NTB Issue Calendar.pdf,61113,5677
2019-06-10,Central Bank of Nigeria,circulars,Implementation of the Nigeria Cheque Standard (NCS) and Nigeria Cheque Printers Accreditation Scheme (NICPAS) Version 2.0,"All Deposit Money Banks (DMBs), Accredited Cheque Printers / Personalizers and Nigeria Inter-Bank Settlement System (NIBSS)",Implementation of the Nigeria Cheque Standard (NCS) and Nigeria Cheque Printers Accreditation Scheme (NICPAS) Version 2.0,BKS/DIR/CIR/GEN/02/045,https://www.cbn.gov.ng/Out/2019/BKSD/CIRCULAR  ON IMPLEMENTATION OF NCS AND NICPAS VERSION.pdf,291334,5694
2019-06-13,Central Bank of Nigeria,circulars,Circular to all Banks on the Commencement of the Export Facilitation Initiative (EFI),Circular to all Banks on the Commencement of the Export Facilitation Initiative (EFI),"Export Facilitation Initiative, EFI, FPRD, CBN, Development Finance Department, DFD, Financial Policy and Regulation Department, Commencement of Export Facilitation Initiative",FPR/DIR/GEN/CIR/07/030,https://www.cbn.gov.ng/Out/2019/FPRD/EXPORT FACILITATION INITIATIVE (EFI).pdf,383739,5683
2019-06-21,Central Bank of Nigeria,circulars,Notice of Meeting of Foreign Exchange Officers of Banks,,"Meeting, Foreign Exchange, banks",TED/FEM/FPC/GEN/01/002,https://www.cbn.gov.ng/Out/2019/TED/Notice of Meeting of Foreign Exchange Officers of Banks.pdf,200510,5690
2019-06-30,Central Bank of Nigeria,circulars,"LIst of Deposit Money Banks and Financial Holding Companies Operating in Nigeria as at June 30, 2019",,"CBN, FPRD, DMB, DMBs, HOLDCO, HoldCo, List of Deposit Money Banks and Financial Holding Companies, Deposit Money Banks, Financial Holding Companies",FPR/DIR/GEN/CIR/07/035,"https://www.cbn.gov.ng/Out/2019/FPRD/Copy of DMBs DATABASE JUNE 30, 2019.pdf",75286,5716
2019-06-30,Central Bank of Nigeria,circulars,"Licensed Microfinance Banks (MFBs) in Nigeria as at June 30, 2019","Licensed Microfinance Banks (MFBs) in Nigeria as at June 30, 2019","CBN, FPRD, MFB, MFBs, Central Bank of Nigeria, Microfinance banks, List of Microfinance banks",FPR/DIR/GEN/CIR/07/033,"https://www.cbn.gov.ng/Out/2019/FPRD/Copy of MFB DATABASE AS AT JUNE 30, 2019.pdf",626896,5714
2019-06-30,Central Bank of Nigeria,circulars,"List of Bureaux De Change in Nigeria as at June 30, 2019","List of Bureaux De Change in Nigeria as at June 30, 2019","CBN, FPRD, BDC, List of Bureaux De Change, Central Bank of Nigeria, Financial Policy and Regulation Department",FPR/DIR/GEN/CIR/07/032,https://www.cbn.gov.ng/Out/2019/FPRD/Copy of Copy of BDC DATA BASE JUNE 30 2019.pdf,2183556,5713
2019-06-30,Central Bank of Nigeria,circulars,"List of Licensed Finance Companies as at June 30, 2019","List of Licensed Finance Companies as at June 30, 2019","CBN, FPRD,FC, FCs, Central Bank of Nigeria, Financial Policy and Regulation,Finance Companies, List of Finance Companies in Nigeria",FPR/DIR/GEN/CIR/07/034,"https://www.cbn.gov.ng/Out/2019/FPRD/Copy of Finance Company Database As At June 30, 2019.pdf",370044,5715
2019-07-01,Central Bank of Nigeria,circulars,Data Collection Template for MFBs - Financial Inclusion Target,Data Collection Template for MFBs - Financial Inclusion Target,Financial Inclusion ,OFI/DIR/DOC/GEN/020/252,https://www.cbn.gov.ng/Out/2019/OFISD/Copy of Data Collection template for MFBs-2019._.xlsx,54438,5702
2019-07-01,Central Bank of Nigeria,circulars,Letter to all Microfinance Banks (MFBs) on the Revised National Finacial Inclusion Targets,Letter to all Microfinance Banks (MFBs) on the Revised National Finacial Inclusion Targets,Financial Inclusion Target,OFI/DIR/DOC/GEN/020/252,https://www.cbn.gov.ng/Out/2019/OFISD/Letter to all MFBs on the Revised National Financial Inclusion Targets.pdf,46509,5701
2019-07-04,Central Bank of Nigeria,circulars,Circular on Modalities for the Implementation of the Creative Industry Financing Initiative (CIFI),,"Creative, Industry, Financing, Initiative",FPR/PRD/GEN/PAR/04/050,https://www.cbn.gov.ng/Out/2019/CCD/Modalities for CIFI Implementation .pdf,349582,5712
2019-07-04,Central Bank of Nigeria,circulars,Operation of Mobile Money Wallets by Deposit Money Banks,Operation of Mobile Money Wallets by Deposit Money Banks,Operation of Mobile Money Wallets by Deposit Money Banks,PSM/DIR/GEN/CIR/01/011,https://www.cbn.gov.ng/Out/2019/PSMD/Circular on the Operation of Mobile Money Wallets by Deposit Money Banks.pdf,39393,5711
2019-07-04,Central Bank of Nigeria,circulars,Regulatory Measures to Improve Lending to the Real Sector of the Nigerian Economy,,"Real Sector, Nigerian Economy",BSD/DIR/GEN/MDD/01/045,https://www.cbn.gov.ng/Out/2019/CCD/Lending to Real Sector.pdf,190995,5710
2019-07-10,Central Bank of Nigeria,circulars,Guidelines on Accessing the CBN Standing Deposit Facility,,"CBN, FMD, standing Deposit",FMD/DIR/CON/OGC/12/019,https://www.cbn.gov.ng/Out/2019/FMD/Guldelines on Accessing the CBN Standing Deposit Facility.pdf,172183,5718
2019-07-19,Central Bank of Nigeria,circulars,"LIst of Deposit Money Banks and Financial Holding Companies Operating in Nigeria as at July 19, 2019","LIst of Deposit Money Banks and Financial Holding Companies Operating in Nigeria as at July 19, 2019","CBN, FPRD, DMBs, HOLDCOs , Central Bank of Nigeria, Financial Policy and Regulation, Deposit Money Banks, Holding Companies, List of Deposit Money Banks and Financial Holding Companies in Nigeria",FPR/DIR/GEN/CIR/07/036,"https://www.cbn.gov.ng/Out/2019/FPRD/Copy of DMBs DATABASE AS AT JULY 19, 2019.pdf",76687,5721
2019-08-20,Central Bank of Nigeria,circulars,Circular on the Guidelines for the Disbursement of Lower Denomination Banknotes for Microfinance Banks (MFBs),Circular on the Guidelines for the Disbursement of Lower Denomination Banknotes for Microfinance Banks (MFBs) Involved in the Scheme ,Circular on the Guidelines for the Disbursement of Lower Denomination Banknotes for Microfinance Banks (MFBs) Involved in the Scheme ,COD/DIR/CON/CMF/14/005,https://www.cbn.gov.ng/Out/2019/CCD/Circular on the Guidelines for the Disbursement of Lower Denomination Banknotes for MFBs.pdf,313727,5731
2019-08-26,Central Bank of Nigeria,circulars,New Offer Letter Clause for Credit Facilities,New Offer Letter Clause for Credit Facilities,New Offer Letter Clause for Credit Facilities,BSD/DIR/GEN/LAB/12/054 ,https://www.cbn.gov.ng/Out/2019/BSD/Circular on New Clause for Credit Facilities.pdf,277598,5802
2019-09-03,Central Bank of Nigeria,circulars,Letter to all DFIs: Establishment and Operation of Subsidiaries and Special Purpose Vehicles,Letter to all DFIs: Establishment and Operation of Subsidiaries and Special Purpose Vehicles,"DFIs, Subidiaries, Special Purpose Vehicles, SPV",OFI/DIR/DOC/GEN/20349,https://www.cbn.gov.ng/Out/2019/OFISD/ESTABLISHMENT AND OPERATIONS OF SUBSIDIARIES AND SPECIAL PURPOSE VEHICLES.pdf,83088,5767
2019-09-04,Central Bank of Nigeria,circulars,NTBs Issue Programme 4th Quarter 2019,NTBs Issue Programme 4th Quarter 2019,"NTB, Issue, 4th Quarter, 2019",FMD,https://www.cbn.gov.ng/Out/2019/FMD/Nigerian Treasury Bill Issue Programme 4th Quarter 2019.pdf,327716,5768
2019-09-05,Central Bank of Nigeria,circulars,Guide To Charges By Banks And Other Financial Institutions In Nigeria (May 2017 - Removal of Interest Rate and Cap In Respect Of Part 2 Section 2.1.3),Removal of Interest Rate and Cap In Respect Of Part 2 Section 2.1.3,"CBN, FPRD, Mortgage Finance Rate,Removal of Interest Rate and Cap, Guide to Charges by Banks and Other Financial Institutions in Nigeria, GCBOFI",OFI/DIR/GEN/CIR/07/033,https://www.cbn.gov.ng/Out/2019/FPRD/REMOVAL OF INTEREST RATE AND CAP.pdf,266414,5770
2019-09-10,Central Bank of Nigeria,circulars,Letter to all Other Financial Institutiions (OFIs) on Rendition of Returns on Anti-Money Laundering and Combattting the Financing of Terrorism (AML/CFT),Letter to all Other Financial Institutiions (OFIs) on Rendition of Returns on Anti-Money Laundering and Combattting the Financing of Terrorism (AML/CFT),"Anti-Money Laundering, Combatting the Financing of Terrorism",OFI/DIR/DOC/GEN/020/365,https://www.cbn.gov.ng/Out/2019/OFISD/AML CIRCULAR.pdf,84314,5798
2019-09-10,Central Bank of Nigeria,circulars,Regulation on Electronic Payments and Collections for Public and Private sector in Nigeria ,,"Regulation, Electronic, Payments, Collections, Public, Private, sector, Nigeria ",PSM/DIR/GEN/CIR/01/12,https://www.cbn.gov.ng/Out/2019/PSMD/Regulation on Electronic Payments and Collections.pdf,1149540,5772
2019-09-11,Central Bank of Nigeria,circulars,Guidelines on the Issuance and Treatment of Bankers Acceptances and Commercial Papers,Guidelines on the Issuance and Treatment of Bankers Acceptances and Commercial Papers,Guidelines on the Issuance and Treatment of Bankers Acceptances and Commercial Papers,BSD/DIR/GEN/LAB/12/044,https://www.cbn.gov.ng/Out/2019/BSD/GUIDELINES ON ISSUANCE AND TREATMENT OF BAs and CPs_September 2019 (002).pdf,371510,5775
2019-09-17,Central Bank of Nigeria,circulars,Re: Implementation of the Cashless Policy,Re: Implementation of the Cashless Policy,Re: Implementation of the Cashless Policy,PSM/DIR/GEN/CIR/02/014,https://www.cbn.gov.ng/Out/2019/PSMD/Re Implementation of Cash-Less Policy.pdf,56622,5787
2019-09-17,Central Bank of Nigeria,circulars,Review of Process for Merchants Collections on Electronic Transactions,Review of Process for Merchants Collections on Electronic Transactions,Review of Process for Merchants Collections on Electronic Transactions,PSM/DIR/GEN/CIR/02/015,https://www.cbn.gov.ng/Out/2019/PSMD/Review of Process for Merchants Collection on Electronic Transactions.pdf,40926,5788
2019-09-20,Central Bank of Nigeria,circulars,Suspicious Transaction Reporting on United Nations Security Council Resolutions on Proliferation Financing,,"CBN, FPRD, AML/CFT, Suspicious Transactions Reporting, United Nations Security Council Resolutions on Proliferation Financing, Anti-Money Laundering, United Nations, Financial Policy and Regulation Department, Central Bank of Nigeria",FPR/DIR/CIR/GEN/03/07/037,https://www.cbn.gov.ng/Out/2019/FPRD/STR ON UNSCR ON PROLIFERATION FINANCING 1.pdf,242421,5792
2019-09-30,Central Bank of Nigeria,circulars,Re: Regulatory Measures to Improve Lending to the Real Sector of the Nigerian Economy,Re: Regulatory Measures to Improve Lending to the Real Sector of the Nigerian Economy,Re: Regulatory Measures to Improve Lending to the Real Sector of the Nigerian Economy,BSD/DIR/GEN/LAB/12/049,https://www.cbn.gov.ng/Out/2019/BSD/CIRCULAR ON REGULATORY MEASURES TO IMPROVE BANK LENDING -October 2019.pdf,192205,5797
2019-10-10,Central Bank of Nigeria,circulars,"Re: Automation of AML/CFT Processes- Returns Data Rendition, Validation, Data Warehouse and Analysis","Re: Automation of AML/CFT Processes- Returns Data Rendition, Validation, Data Warehouse and Analysis","Re: Automation of AML/CFT Processes- Returns Data Rendition, Validation, Data Warehouse and Analysis",BSD/DIR/GEN/LAB/12/050,https://www.cbn.gov.ng/Out/2019/BSD/ADRAPSS CIRCULAR.pdf,297042,5801
2019-10-10,Central Bank of Nigeria,circulars,Regulation  for the Operation of Indirect Participants in the Payments System,,"Regulation, Operation, Indirect, Participants, Payments, System,",PSM/DIR/CON/CWO/02/091,https://www.cbn.gov.ng/Out/2019/PSMD/Circular and Regulation for the Operation of Indirect Participants in the Payment System (002).pdf,380486,5799
2019-10-16,Central Bank of Nigeria,circulars,Re:Implementation of the Cash-less Policy,,"Re, Implementation, Cash-less, Policy,",PSM/DIR/GEN/CIR/01/016,https://www.cbn.gov.ng/Out/2019/PSMD/Re- Implementation of the Cashless Policy.pdf,41030,5809
2019-10-28,Central Bank of Nigeria,circulars,Revised Guidelines for the Registration of Cash-in-Transit (CIT) and Currency Processing Companies (CPC),Revised Guidelines for the Registration of Cash-in-Transit (CIT) and Currency Processing Companies (CPC),"Revised, Guidelines,Cash-in-Transit ,Currency Processing",COD/DIR/GEN/INM/13/132,https://www.cbn.gov.ng/Out/2019/CCD/REVISED CIT AND CPC GUIDELINES 2019.pdf,336774,5814
2019-10-29,Central Bank of Nigeria,circulars,"Automation of Form ""NXP"" on the Trade Monitoring System","Automation of Form ""NXP"" on the Trade Monitoring System","NXP, Trade Monitoring System",TED/FEM/FPC/GEN/01/003,https://www.cbn.gov.ng/Out/2019/TED/TED.FEM.FPC.GEN.01.003.pdf,429557,5819
2019-10-29,Central Bank of Nigeria,circulars,"List of Bureaux De Change in Nigeria as at September 30, 2019","List of Bureaux De Change in Nigeria as at September 30, 2019","List, of, Bureaux De Change, in Nigeria, as, at, September 30, 2019, BDCs",FPR/DIR/GEN/DAB/01/003,https://www.cbn.gov.ng/Out/2019/FPRD/BDC Database LATEST_.pdf,1313701,5835
2019-10-29,Central Bank of Nigeria,circulars,"List of Deposit Money Banks and Financial Holding Companies Operating in Nigeria as at September 30, 2019","List of Deposit Money Banks and Financial Holding Companies Operating in Nigeria as at September 30, 2019","List, of, Deposit Money Banks, DMBs, NIBs, Non Interest Banks and Financial Holding Companies, FHCs, Operating, in, Nigeria, as, at, September 30, 2019",FPR/DIR/GEN/DAB/01/005,https://www.cbn.gov.ng/Out/2019/FPRD/DMBs DATABASE Sep 30 2019.pdf,74787,5834
2019-10-29,Central Bank of Nigeria,circulars,"List of Licensed Finance Companies in Nigeria as at September 30, 2019","List of Licensed Finance Companies in Nigeria as at September 30, 2019","List, Licensed Finance Companies,FCs, Nigeria, September 30, 2019, Central Bank of Nigeria, CBN",FPR/DIR/GEN/DAB/01/006,https://www.cbn.gov.ng/Out/2019/FPRD/Finance Company Database 0919.pdf,445223,5818
2019-10-29,Central Bank of Nigeria,circulars,"List of Microfinance Banks  in Nigeria as at September 30, 2019","List of Microfinance Banks licensed in Nigeria as at September 30, 2019","List, Microfinance Banks, MFBs, CBN, Central Bank of Nigeria, licensed in Nigeria as at",FPR/DIR/GEN/DAB/01/004,https://www.cbn.gov.ng/Out/2019/FPRD/MFB DATABASE 0919.pdf,517470,5820
2019-11-05,Central Bank of Nigeria,circulars,Sanctions on Erring Banks and Cheque Printers / Personalizers for Infractions of the Revised Nigerian Cheque Standard (NCS) and Nigerian Cheque Printers Accreditation Scheme (NICPAS),,Sanctions on Erring Banks and Cheque Printers / Personalizers,BKS/DIR/CIR/GEN/02/044,https://www.cbn.gov.ng/Out/2019/BKSD/SANCTIONS ON ERRING BANKS AND CHEQUE PRINTERS.pdf,366098,5849
2019-11-25,Central Bank of Nigeria,circulars,Regulation for the Operations of Mortgage Guarantee Companies (MGCs) in Nigeria,Regulation for the Operations of Mortgage Guarantee Companies (MGCs) in Nigeria,"Central Bank of Nigeria, Financial Policy and Regulation Department, Regulation for Mortgage Guarantee Companies, CBN, FPRD, MGCs, Regulation for MGCs",FPR/DIR/GEN/CIR/07/041,https://www.cbn.gov.ng/Out/2019/FPRD/MGC_Combined.pdf,1419649,5847
2019-12-04,Central Bank of Nigeria,circulars,Nigerian Treasury Bills Issue Programme 1st Quarter 2020 ,,"FMD, Issue, 1st Quarter 2020",FMD,https://www.cbn.gov.ng/Out/2019/FMD/1st Quarter 2020 Issue Calender.pdf,141048,5866
2019-12-22,Central Bank of Nigeria,circulars,CBN Consumer Protection Regulations,CBN Consumer Protection Regulations,CBN Consumer Protection Regulations,CPD/DIR/GEN/CIR/01/002,https://www.cbn.gov.ng/Out/2019/CCD/CBN Consumer Protection Regulations.pdf,690000,5871
2019-12-22,Central Bank of Nigeria,circulars,"Guide to Charges by Banks, Other Financial and Non-Bank Financial Institutions","Guide to Charges by Banks, Other Financial and Non-Bank Financial Institutions”","Guide to Charges by Banks, Other Financial and Non-Bank Financial Institutions”",FPR/DIR/GEN/CIR/07/042,https://www.cbn.gov.ng/Out/2019/CCD/Guide to Charges by Banks Other Financial and Non-Financial Institutions eff Jan 1 2020.pdf,966000,5872
2019-12-30,Central Bank of Nigeria,circulars,Circular on Pre-Authorisation of Cards in Nigeria,,"Circular, Pre-Authorisation, Cards, Nigeria",PSM/DIR/GEN/CIR/01/019,https://www.cbn.gov.ng/Out/2019/PSMD/Circular on Pre-Authorisation of Cards in Nigeria.pdf,50484,5880
2020-01-06,Central Bank of Nigeria,circulars,Guideline on Nigerian Payments System Risk and Information Security Management  Framework,,"Guideline, Nigerian, Payments, System, Risk, Information, Security, Management, Framework,",PSM/PSI/GEN/CWD/01/028,https://www.cbn.gov.ng/Out/2020/PSMD/Nigerian Payments System Risk and Information Security Management Framework.pdf,452892,5883
2020-01-07,Central Bank of Nigeria,circulars,Re: Regulatory Measures To Improve Lending To The Real Sector Of The Nigerian Economy,Re: Regulatory Measures To Improve Lending To The Real Sector Of The Nigerian Economy,Re: Regulatory Measures To Improve Lending To The Real Sector Of The Nigerian Economy,BSD/DIR/GEN/LAB/12/070,https://www.cbn.gov.ng/Out/2020/BSD/Letter to all banks on LDR.pdf,210247,5884
2020-01-30,Central Bank of Nigeria,circulars,Prohibition Of Forms M on Importation Of Fertilizers,Prohibition of Registration Of Forms M For The Importation of Fertilizers,Importation of Fertilizers,TED/FEM/FPC/GEN/01/001,https://www.cbn.gov.ng/Out/2020/TED/Fertilizers.pdf,214479,5894
2020-02-11,Central Bank of Nigeria,circulars,Milk and Dairy Products Importation,,Milk and Dairy,TED/FEM/FPC/GEN/01/002,https://www.cbn.gov.ng/Out/2020/TED/TED.FEM.FPC.GEN.01.002.pdf,235743,5899
2020-02-18,Central Bank of Nigeria,circulars,"List of Bureaux De Change in Nigeria as at December 31, 2019","List of Bureaux De Change licensed by the Central bank of Nigeria as at December 31, 2019","List, Bureaux De Change, BDCs, licensed by the Central Bank of Nigeria, CBN, December 31, 2019",FPR/DIR/GEN/CIR/07/047,https://www.cbn.gov.ng/Out/2020/FPRD/BDC311219.pdf,2332684,5916
2020-02-18,Central Bank of Nigeria,circulars,"List of Licensed Finance Companies in Nigeria as at December 31, 2019","List of Licensed Finance Companies in Nigeria as at December 31, 2019","List, finance companies, FCs, Nigeria, FCs, CBN, Central Bank of Nigeria, December 31, 2019",FPR/DIR/GEN/CIR/07/044,https://www.cbn.gov.ng/Out/2020/FPRD/FC311219.pdf,140855,5913
2020-02-18,Central Bank of Nigeria,circulars,"List of Licensed Microfinance Banks  in Nigeria as at December 31, 2019","List of Licensed Microfinance Banks  in Nigeria as at December 31, 2019","List, Licensed Microfinance Banks, MFBs, Nigeria, December 31, 2019, CBN, Central Bank of Nigeria",FPR/DIR/GEN/CIR/07/046,https://www.cbn.gov.ng/Out/2020/FPRD/MFB311219.pdf,863410,5915
2020-02-18,Central Bank of Nigeria,circulars,"List of Primary Mortgage Banks (PMBs) in Nigeria as at December 31, 2019","List of Primary Mortgage Banks (PMBs) in Nigeria as at December 31, 2019","List, Primary Mortgage Banks, PMBs, Nigeria, December 31, 2019, CBN, Central Bank of Nigeria",FPR/DIR/GEN/CIR/07/045,https://www.cbn.gov.ng/Out/2020/FPRD/PMB311219.pdf,76192,5914
2020-02-19,Central Bank of Nigeria,circulars,"List of Deposit Money Banks and Financial Holding Companies Operating in Nigeria as at December 31, 2019","List of Deposit Money Banks and Financial Holding Companies Operating in Nigeria as at December 31, 2019","List, Deposit Money Banks, DMBs, Financial Holding Companies, Holdcos, Operating in Nigeria,  December 31, 2019, CBN, Central Bank of Nigeria",FPR/DIR/GEN/CIR/07/043,https://www.cbn.gov.ng/Out/2020/FPRD/DMB311219.pdf,73973,5917
2020-02-24,Central Bank of Nigeria,circulars,Clarification on Operations of Ordinary Domiciliary Accounts,,Ordinary domiciliary account,TED/FEM/FPC/GEN/01/003,https://www.cbn.gov.ng/Out/2020/TED/TED.FEM.FPC.GEN.01.003.pdf,216139,5938
2020-03-09,Central Bank of Nigeria,circulars,Revised Standards on Nigeria Uniform Bank Account Number (NUBAN) for Banks and Other Financial Institutions,,"Revised, Standards, Nigeria, Uniform, Bank, Account, Number, NUBAN, Banks, Other, Financial, Institutions,",PSM/DIR/CON/CWO/05/030,https://www.cbn.gov.ng/Out/2020/PSMD/REVISED STANDARDS ON NIGERIA UNIFORM BANK ACCOUNT NUMBER (NUBAN) FOR BANKS AND OTHER FINANCIAL INSTITUTIONS .pdf,174971,5960
2020-03-10,Central Bank of Nigeria,circulars,Nigerian Treasury Bills Issue Programme 2nd Quarter 2020,Nigerian Treasury Bills Issue Programme ,"Treasury Bills, 2nd Quarter 2020, second Quarter",FMD,https://www.cbn.gov.ng/Out/2020/FMD/NTB Issue Calender Second Quarter 2020.pdf,86057,5957
2020-03-16,Central Bank of Nigeria,circulars,CBN Policy Measures in Response to COVID-19 Outbreak and Spillovers,CBN Policy Measures in Response to COVID-19 Outbreak and Spillovers,"CBN, FPRD, COVID-19, CBN policy Measures on COVID-19",FPR/DIR/GEN/CIR/07/049,https://www.cbn.gov.ng/Out/2020/FPRD/CBN POLICY MEASURES IN RESPONSE TO COVID-19 OUTBREAK AND SPILLOVERS.pdf,485335,5969
2020-03-23,Central Bank of Nigeria,circulars,Guidelines for the Implementation of the N50 Billion Targeted Credit Facility,Guidelines for the Implementation of the N50 Billion Targeted Credit Facility,"CBN, FPRD, COVID-19, N50Billion Targeted Credit Facility, Credit facility",FPRD/DIR/GEN/CIR/07/050,https://www.cbn.gov.ng/Out/2020/FPRD/N50 Billion Combined.pdf,519338,5980
2020-03-25,Central Bank of Nigeria,circulars,Guidelines for the Operations of the N100 Billion Credit Support for the Healthcare Sector,Guidelines for the Operations of the N100 Billion Credit Support for the Healthcare Sector,"CBN, FPRD, COVID-19, N100 Billion Credit Support for the Healthcare Sector, Healthcare sector credit support ",FPR/DIRGEN/CIR/07/051,https://www.cbn.gov.ng/Out/2020/FPRD/healthcareintervention.pdf,607132,5986
2020-03-30,Central Bank of Nigeria,circulars,Temporary Suspension of Cheque Clearing in the Nigerian Clearing System,Temporary Suspension of Cheque Clearing in the Nigerian Clearing System,Covid-19,30-03-2020-3,https://www.cbn.gov.ng/Out/2020/CCD/checkclrnsuspension.pdf,26870,5994
2020-03-31,Central Bank of Nigeria,circulars,"List of Deposit Money Banks and Financial Holding Companies Operating in Nigeria as at March 31, 2020","List of Deposit Money Banks and Financial Holding Companies Operating in Nigeria as at March 31, 2020","Central Bank Of Nigeria, Financial Policy and Regulation Department, CBN, FPRD, List Of Banks, List of Banks and Holdcos",FPR/DIR/GEN/CIR/07/053,https://www.cbn.gov.ng/Out/2020/FPRD/DMBs 2020.pdf,23130,6011
2020-03-31,Central Bank of Nigeria,circulars,"List of Licenced Bureaux De Change as at March 31, 2020","List of Licenced Bureaux De Change as at March 31, 2020","Central Bank of Nigeria, Financial Policy and Regulation Department, CBN, FPRD, BDC, List of BDCs, BDCs",FPR/DIR/GEN/CIR/07/052,https://www.cbn.gov.ng/Out/2020/FPRD/BDC 310320.pdf,2596574,6009
2020-04-08,Central Bank of Nigeria,circulars,Contributions/Donations to CBN-Led  Covid-19 Relief Fund Account Domiciled with The Central Bank Of Nigeria,"Contributions/Donations to CBN-Led 
Covid-19 Relief Fund Account Domiciled with The Central Bank Of Nigeria
",Covid-19,08042020,https://www.cbn.gov.ng/Out/2020/CCD/covid contributions.pdf,93626,5996
2020-04-27,Central Bank of Nigeria,circulars,Re: Temporary Suspension of Cheque Clearing in the Nigerian Clearing System,Re: Temporary Suspension of Cheque Clearing in the Nigerian Clearing System,Cheque Clearing,BKS/DIR/GEN/CIR/07/003,https://www.cbn.gov.ng/Out/2020/CCD/CHEQUE CLEARING.pdf,193240,6008
2020-04-29,Central Bank of Nigeria,circulars,Review of Minimum Capital Requirements for Microfinance Banks in Nigeria,Review of Minimum Capital Requirements for Microfinance Banks in Nigeria,"Central Bank of Nigeria, CBN, Financial Policy and Regulation Department, Review of MFB Capital Requirements, MFB Capital Review, CBN MFB Capital Review",FPR/DIR/GEN/CIR/07/054,https://www.cbn.gov.ng/Out/2020/FPRD/CIRCULAR REVIEW OF MINIMUM CAPITAL REQUIREMENTS FOR MICRO FINANCE BANKS IN NIGERIA.pdf,274419,6013
2020-05-27,Central Bank of Nigeria,circulars,Regulatory Forbearance for The Restructuring of Credit Facilities of Other Financial Institutions Impacted by COVID-19 ,Regulatory Forbearance for The Restructuring of Credit Facilities of Other Financial Institutions Impacted by COVID-19 ,"COVID, Loan Restructure",FPR/DIR/GEN/CIR/06/055,https://www.cbn.gov.ng/Out/2020/CCD/CBN CIRCULAR TO OFIS- REGULATORY FORBEARANCE FOR THE RESTRUCTURING OF CREDIT FACILITIES OF OFIS IMPACTED BY COVID- 19.pdf,314195,6028
2020-05-29,Central Bank of Nigeria,circulars,Extension of the Timeframe for the Submission of 2019 Audited Financial Statements ,Extension of the Timeframe for the Submission of 2019 Audited Financial Statements ,"AFS, Extension",OFI/DIR/LTT/GEN/022/153,https://www.cbn.gov.ng/Out/2020/CCD/extension of 2019 AFS.pdf,307190,6034
2020-05-31,Central Bank of Nigeria,circulars,Guidelines on Operations of Electronic Payment Channels in Nigeria,Guidelines on Operations of Electronic Payment Channels in Nigeria,Electronic Payments,PSMD/31/05/2020,https://www.cbn.gov.ng/Out/2020/CCD/Reviewed and Approved Guidelines on Operations of Electronic Payment Channels in Nigeria 2020.pdf,734018,6036
2020-05-31,Central Bank of Nigeria,circulars,"Reduction of Chargeback  Period for ATM, POS and Web Transactions in the Guidelines for the Operation of Electronic Payment Channels","Reduction of Chargeback  Period for ATM, POS and Web Transactions in the Guidelines for the Operation of Electronic Payment Channels","ATM, POS, Web Chargeback",PSM/DIR/CON/CWO/07/127,https://www.cbn.gov.ng/Out/2020/CCD/Circular on reduction of chargeback period for ATM POS and WEB transactions.pdf,76940,6035
2020-06-04,Central Bank of Nigeria,circulars,Nigerian Treasury Bills Issue Programme 3rd Quarter 2020,,"FMD, NTB, Issue",FMD,https://www.cbn.gov.ng/Out/2020/FMD/Nigerian Treasury Bills Issue Programme .pdf,133706,6040
2020-06-06,Central Bank of Nigeria,circulars,Healthcare Research and Development Grant Guidelines,Healthcare Research and Development Grant Guidelines,Guidelines,06/06/2020,https://www.cbn.gov.ng/Out/2020/CCD/Healthcare RnD intervention guidelines.pdf,155884,6042
2020-06-30,Central Bank of Nigeria,circulars,CIRCULAR ON THE EXPANSION OF THE SCOPE OF REGIONAL BANKS IN NIGERIA,,"Central Bank of Nigeria, Financial Policy and Regulation Department, Circular, Expansion, Scope, Regional Banks, CBN, FPRD, Policy and Regulation Division  ",FPR/DIR/GEN/CIR/07/057,https://www.cbn.gov.ng/Out/2020/FPRD/CIRCULAR ON EXPANSION OF THE SCOPE OF REGIONAL BANKS IN NIGERIA.pdf,246930,6050
2020-07-03,Central Bank of Nigeria,circulars,Approval for Stirling Trust Company Limited To Commence Cash-In-Transit Operations,Approval for Stirling Trust Company Limited To Commence Cash-In-Transit Operation,"Approval, Stirling, Trust, Company Limited, Cash-In-Transit",COD/DIR/GEN/SIR/01/012,https://www.cbn.gov.ng/Out/2020/CCD/Stirling Trust Company Limited  Cash-In-Transit Operations.pdf,173905,6057
2020-07-13,Central Bank of Nigeria,circulars,Importation of Maize/Corn,Maize/Corn Importers Form M Economic recovery from COVID-19 effects,"Maize/Corn, Importers, Form M, Economic, Recovery, COVID-19 effects",TED/FEM/FPC/GEN/01/004,https://www.cbn.gov.ng/Out/2020/CCD/Importation of Maze TED2.pdf,327803,6069
2020-07-13,Central Bank of Nigeria,circulars,Operational Guidelines on Global Standing Instruction (GSI) - Individuals,"Operational, Guidelines, Global Standing, Instruction (GSI), Individuals ","Operational, Guidelines, Global Standing, Instruction (GSI), Individuals ",FPRD/DIR/GEN/CIR/07/056,https://www.cbn.gov.ng/Out/2020/CCD/CBN - Operational Guidelines on Global Standing Instructions GSI - Individuals.pdf,438485,6075
2020-07-20,Central Bank of Nigeria,circulars,ISO20022 Swift Updated Timelines for Migration,"The ISO20022 Standard (International Organization for Standardization 20022) is an increasingly established global language for payments messaging, currently in use in cross-border payments in over 70 Countries.","ISO20022. Swift, Updated, Timelines, Migration",BKS/DIR/GEN/CIR/07/017,https://www.cbn.gov.ng/Out/2020/CCD/ISO20022 MIGRATION 002.pdf,110986,6095
2020-07-21,Central Bank of Nigeria,circulars,Circular to All Non-Interest Financial Institutions (NIFIs),"The Central Bank of Nigeria in its efforts to increase access to finance by Non-Interest Financial Institutions and promote financial inclusion in the country, has introduced the following intervention schemes to cater for Non-Interest Financial Institutions (NIFis): ","Circular, All, Non-Interest Financial, Institutions, NIFIs",FPR/DIR/CIR/GEN/07/058,https://www.cbn.gov.ng/Out/2020/CCD/Circular to All NIFIs - July-16-2020.pdf,2097510,6096
2020-07-28,Central Bank of Nigeria,circulars,Notice of Re-assignment of Pre-shipment Inspection Agents for Non-Oil Exports,,"Pre-shipment Inspection Agents, Non-oil Exports",TED/FEM/FPC/GEN/01/005,https://www.cbn.gov.ng/Out/2020/TED/TED.FEM.FPC.GEN.01.005.pdf,221415,6098
2020-08-04,Central Bank of Nigeria,circulars,Healthcare and Research Development Grant Guidelines,Healthcare and Research Development Grant Guidelines,"Healthcare, Research, Development, Grant, Guidelines",DFD/SME/GEN/HSRDIS/01/012,https://www.cbn.gov.ng/Out/2020/CCD/Healthcare R&D intervention guidelines.pdf,342600,6104
2020-08-24,Central Bank of Nigeria,circulars,"Destination Payment for all Forms M, Letters of Credit and Other Forms of Payment","Destination Payment for all Forms M, Letters of Credit and Other Forms of Payment","Destination payment, Form M, Letter of Credit",TED/FEM/FPC/GEN/01/05,https://www.cbn.gov.ng/Out/2020/CCD/destpymtformMpdf.pdf,269667,6113
2020-08-27,Central Bank of Nigeria,circulars,Guidelines for Licensing and Regulation of Payment Service Banks in Nigeria,Guidelines for Licensing and Regulation of Payment Service Banks in Nigeria,PSB,FPR/DIR/GEN/CIR/07/060,https://www.cbn.gov.ng/Out/2020/CCD/APPROVED REVIEWED GUIDELINES FOR LICENSING AND REGULATION OF PAYMENT SERVICE BANKS IN NIGERIA-27AUG2020.pdf,546855,6119
2020-08-27,Central Bank of Nigeria,circulars,Resumption Of Sales To BDCs,Resumption Of Sales To Bureau De Change Operators,Resumption of Sales To BDCs,TED/FEM/FPC/GEN/01/006,https://www.cbn.gov.ng/Out/2020/TED/Resumption of sales.pdf,265979,6118
2020-08-31,Central Bank of Nigeria,circulars,HS Code Values,Goods Data Imported List Benchmark (HS CODE VALUES),HS Code Values,TED/DIR/GOM/GEN/01/069,https://www.cbn.gov.ng/Out/2020/TED/HS CODE VALUES..xlsx,45705,6123
2020-09-01,Central Bank of Nigeria,circulars,HS Code Values,Benchmark Prices For HS Codes ,Benchmark Prices For HS Codes ,TED/DIR/GOM/GEN/01/069,https://www.cbn.gov.ng/Out/2020/CCD/HScodes.pdf,5118713,6126
2020-09-01,Central Bank of Nigeria,circulars,Nigerian Treasury Bills Issue Programme 4th Quarter 2020,Nigerian Treasury Bills Issue Programme 4th Quarter 2020,"Nigerian Treasury Bills, Issue Programme, 4th Quarter 2020",FMD,https://www.cbn.gov.ng/Out/2020/FMD/Q4 2020 NTB Issue Calender.pdf,88408,6127
2020-09-01,Central Bank of Nigeria,circulars,Re: Interest Rate on Savings Deposit,Re: Interest Rate on Savings Deposit,"Interest , Rate, Savings, Deposit",BSD/DIR/GEN/LAB/13/052,https://www.cbn.gov.ng/Out/2020/CCD/Letter to All Banks on Interest Rate on Savings Sept 2020.pdf,223994,6124
2020-09-04,Central Bank of Nigeria,circulars,Restoration of Fees on the National Collateral Registry (NCR) Platform,Restoration of Fees on the National Collateral Registry (NCR) Platform,"CBN, FPRD, National Collateral Registry, Restoration Fees, Restoration of Fees on the National Collateral Registry (NCR) Platform",FPR/DIR/GEN/CIR/07/061,https://www.cbn.gov.ng/Out/2020/FPRD/CIRCULAR NCR.pdf,395563,6150
2020-09-07,Central Bank of Nigeria,circulars,Integration of Digital Marine Insurance Certificate,Integration of Digital Marine Insurance Certificate With e-Form 'M' On The Nigeria Trade Portal,Integration of Digital Marine Insurance Certificate,TED/FEM/FPC/GEN/01/006,https://www.cbn.gov.ng/Out/2020/TED/Digital Marine Insurance.pdf,203975,6140
2020-09-10,Central Bank of Nigeria,circulars,HS Code Values 3 And 4,Goods Data Imported List Benchmark: HS Code Values,HS Code values 4 And 4,TED/DIR/GOM/GEN/01/071,https://www.cbn.gov.ng/Out/2020/TED/HS CODE CONSOLIDATED 3.pdf,593987,6144
2020-09-10,Central Bank of Nigeria,circulars,HS Code Values 4,Goods Data Imported List Benchmark - HS Code Values 4,HS Code Values 4,TED/DIR/GOM/GEN/01/071,https://www.cbn.gov.ng/Out/2020/TED/HS CODE CONSOLIDATED 4.pdf,598164,6145
2020-09-11,Central Bank of Nigeria,circulars,"Monetary, Credit, Foreign Trade and Exchange Policy Guidelines for Fiscal Years 2020/2021","Monetary, Credit, Foreign Trade and Exchange Policy Guidelines for Fiscal Years 2020/2021",Fiscal,April 2020,https://www.cbn.gov.ng/Out/2020/CCD/Credit Guidelines 2020-21.pdf,3102807,6146
2020-09-14,Central Bank of Nigeria,circulars,"List of Payment Service Banks in Nigeria as at September 14, 2020","List of Payment Service Banks in Nigeria as at September 14, 2020","CBN, FPRD, Payment Service Banks, List of Payment Service Banks",FPR/DIR/GEN/CIR/07/062,https://www.cbn.gov.ng/Out/2020/FPRD/PSB 2020.pdf,87204,6151
2020-09-14,Central Bank of Nigeria,circulars,Solar Connnection Facility Guidelines,Solar Connnection Facility Guidelines,Solar Connnection Facility Guidelines,DFD/DIR/GEN/ODB/09/093,https://www.cbn.gov.ng/Out/2020/DFD/Solar Connections Facility Guidelines 1.0.pdf,254283,6147
2020-09-15,Central Bank of Nigeria,circulars,Framework For Family Homes Financing Initiative,Framework For Family Homes Financing Initiative,Framework For Family Homes Financing Initiative,DFD/DIR/GEN/ODB/09/095,https://www.cbn.gov.ng/Out/2020/DFD/Framework for Family Homes Financing Initiative (FHF).pdf,132821,6148
2020-09-28,Central Bank of Nigeria,circulars,Assessment of Womens Financial Inclusion In Nigeria,Assessment of Womens Financial Inclusion In Nigeria,Assessment of Womens Financial Inclusion In Nigeria,DFD/DIR/GEN/INI/09/046,https://www.cbn.gov.ng/Out/2020/DFD/Assessment of Womens Financial Inclusion - Exec Summary.pdf,1733401,6176
2020-09-28,Central Bank of Nigeria,circulars,Framework For Advancing Women's Financial Inclusion in Nigeria,Financial Inclusion Secretariat,Financial Inclusion Secretariat,DFD/DIR/GEN/INI/09/045,https://www.cbn.gov.ng/Out/2020/DFD/Framework for Advancing Women's Financial Inclusion in Nigeria_Final_5MB.pdf,5092391,6175
2020-09-29,Central Bank of Nigeria,circulars,Amended Health Sector Research and Development Intervention Scheme (HSRDIS) Guideline,Amended Health Sector Research and Development Intervention Scheme (HSRDIS) Guideline,Amended Health Sector Research and Development Intervention Scheme (HSRDIS) Guideline,DFD/SME/GEN/HSRDIS/01/020,https://www.cbn.gov.ng/Out/2020/DFD/AMENDED HSRDIS GUIDELINE SEPTEMBER 2020.pdf,2895631,6177
2020-10-06,Central Bank of Nigeria,circulars,Compliance with Exports Procedure in Nigeria,,"Compliance with Exports Procedure in Nigeria, TRMS, Form NXP, Trade Monitoring System ",TED/FEM/FPC/GEN/001/008,https://www.cbn.gov.ng/Out/2020/CCD/TED Circular 06102020.pdf,404909,6181
2020-10-09,Central Bank of Nigeria,circulars,Compliance With The SWIFT Universal Payment Confirmations,Compliance With The SWIFT Universal Payment Confirmations,SWIFT,BKS/CRO/GEN/BNK/04/061,https://www.cbn.gov.ng/Out/2020/CCD/swiftcompliance.pdf,254294,6183
2020-10-19,Central Bank of Nigeria,circulars,Advisory on Covid-19 Related Financial Crimes,Advisory on Covid-19 Related Financial Crimes,Covid-19,19 Oct 2020,https://www.cbn.gov.ng/Out/2020/CCD/codivrelcrime.pdf,105792,6204
2020-10-19,Central Bank of Nigeria,circulars,Framework for Financing of National Mass Metering Programme (NMMP),Framework for Financing of National Mass Metering Programme (NMMP),NMMP,19 Oct 200,https://www.cbn.gov.ng/Out/2020/CCD/Mass Metering Financing-Procurement_Guidelines_updated_18-10-20.pdf,84895,6203
2020-10-20,Central Bank of Nigeria,circulars,Re: Status of Chief Compliance Officers,Re: Status of Chief Compliance Officers,CSO,20 Oct 2020,https://www.cbn.gov.ng/Out/2020/CCD/statuscompl.pdf,63109,6205
2020-10-21,Central Bank of Nigeria,circulars,Regulatory And Supervisory Framework for  The Operations of  A Mortgage Refinance Company (MRC) -Approval  To Refinance Non-Member Banks,Regulatory And Supervisory Framework for  The Operations of  A Mortgage Refinance Company (MRC) -Approval  To Refinance Non-Member Banks,"MRC, Framework",FPR/PRD/GEN/MRC/01/001,https://www.cbn.gov.ng/Out/2020/CCD/Regulatory And Supervisory Framework for  The Operations of  A Mortgage Refinance Company (MRC) -Approval  To Refinance Non-Member Banks.pdf,349797,6207
2020-10-31,Central Bank of Nigeria,circulars,"List of CBN Licenced Bureaux De Change as at October 31, 2020","List of CBN Licenced Bureaux De Change as at October 31, 2020","CBN, FPRD, BDCs, List of Licensed BDCs as at October 31, 2020",FPR/DIR/GEN/CIR/07/065,https://www.cbn.gov.ng/Out/2020/FPRD/BDC OCT 2020.pdf,3717008,6239
2020-10-31,Central Bank of Nigeria,circulars,"List of CBN Licenced Microfinance Banks as at October 31, 2020","List of CBN Licenced Microfinance Banks as at October 31, 2020",List of CBN Licenced Microfinance Banks ,FPR/DIR/GEN/CIR/07/070,https://www.cbn.gov.ng/Out/2020/FPRD/MFB OCT 2020.pdf,715998,6244
2020-10-31,Central Bank of Nigeria,circulars,"List of CBN Licensed Finance Companies as at October 31st, 2020",List of CBN Licensed Finance Companies,List of CBN Licensed Finance Companies,FPR/DIR/GEN/CIR/07/069,https://www.cbn.gov.ng/Out/2020/FPRD/FC OCT 2020.pdf,112415,6243
2020-10-31,Central Bank of Nigeria,circulars,"List of Deposit money Banks and Financial Holding Companies in Nigeria as at October 31, 2020","List of Deposit money Banks and Financial Holding Companies in Nigeria as at October 31, 2020","CBN, FPRD, List of DMBs and HoldCos, List of Deposit money Banks and Financial Holding Companies in Nigeria ",FPR/DIR/GEN/CIR/07/066,https://www.cbn.gov.ng/Out/2020/FPRD/DMB 0CT 2020.pdf,97619,6240
2020-10-31,Central Bank of Nigeria,circulars,"List of Primary Mortgage Banks (PMBs) as at October 31, 2020","List of Primary Mortgage Banks (PMBs) as at October 31, 2020",List of PMBs,FPR/DIR/GEN/CIR/07/068,https://www.cbn.gov.ng/Out/2020/FPRD/PMB OCT 2020.pdf,76879,6242
2020-11-10,Central Bank of Nigeria,circulars,Private Sector-Led Accelerated Agriculture Development Scheme (P-AADS),Private Sector-Led Accelerated Agriculture Development Scheme (P-AADS),Private Sector-Led Accelerated Agriculture Development Scheme (P-AADS),DFD/ABP/GEN/PAADS/01/021,https://www.cbn.gov.ng/Out/2020/DFD/GUIDELINES FOR THE P-AADS.pdf,263376,6234
2020-11-12,Central Bank of Nigeria,circulars,Re: Appointment of Wema Bank PLC as a Designated Bank for the Collection of NESS Fees under the Nigerian Export Supervision Scheme (NESS),,"Wema, Designated bank, Nigerian Export Supervision Scheme (NESS)",TED/FEM/FPC/GEN/01/030,https://www.cbn.gov.ng/Out/2020/TED/TED.FEM.FPC.GEN.01.030.pdf,199499,6238
2020-11-19,Central Bank of Nigeria,circulars,"Re: Destination Payment for all Forms M, Letters of Credit and Other Forms of Payment","Re: Destination Payment for all Forms M, Letters of Credit and Other Forms of Payment","destination payment, form m, letters of credit",TED/FEM/FPC/EN/01/009,https://www.cbn.gov.ng/Out/2020/CCD/desinationpayment.pdf,431205,6247
2020-11-30,Central Bank of Nigeria,circulars,Amendment to Procedures for Receipt of Diaspora Remittances,,Diaspora Remittances,TED/FEM/FPC/GEN/01/011,https://www.cbn.gov.ng/Out/2020/TED/TED.FEM.FPC.GEN.01.011.pdf,1077609,6441
2020-11-30,Central Bank of Nigeria,circulars,Operations of Domiciliary Accounts,,Domiciliary Account,TED/FEM/FPC/GEN/01/010,https://www.cbn.gov.ng/Out/2020/TED/TED.FEM.FPC.GEN.01.010.pdf,230911,6440
2020-12-02,Central Bank of Nigeria,circulars,Amendments To Disapora Remittances Procedures,Amendments To Procedures For Receipt Of Diaspora Remittances,Amendments to Diaspora Remittances Procedures,TED/FEM/FPC/GEN/01/012,https://www.cbn.gov.ng/Out/2020/TED/Diaspora Remittances Amendment.pdf,205003,6444
2020-12-02,Central Bank of Nigeria,circulars,Introduction of Central Bank of Nigeria Special Bills,Introduction of Central Bank of Nigeria Special Bills,CBN Special Bills,BSD/DlR/GEN/LAB/131086,https://www.cbn.gov.ng/Out/2020/CCD/Circular to Banks on CBN Special Bills.pdf,29129,6443
2020-12-02,Central Bank of Nigeria,circulars,NTB Issue Programme First Quarter 2021,NTB ISSUE PROGRAMME FIRST QUARTER 2021,NIGERIAN TREASURY BILLS ISSUE PROGRAMME FIRST QUARTER 2021,NTB Issue Programme First Quarter 2021,https://www.cbn.gov.ng/Out/2020/FMD/Q1 2021 NTB Issue Calender.pdf,117778,6445
2020-12-09,Central Bank of Nigeria,circulars,Circular On The Revised Nigeria Cheque Standard (NCS) and Nigeria Cheque Printers Accreditation Scheme (NICPAS),"Cheque Standard
Central Bank of Nigeria",Cheque Standard,BKS/DIR/CIR/GEN/02/042,https://www.cbn.gov.ng/Out/2020/BKSD/CIRCULAR ON CHEQUE STANDARD.pdf,393052,6466
2020-12-09,Central Bank of Nigeria,circulars,"List of Licensed Microfinance Banks as at December 7, 2020","List of Licensed Microfinance Banks as at December 7, 2020","Licensed, MFBs, Nigeria, CBN November 30, 2020",FPR/DIR/GEN/CIR/07/072,https://www.cbn.gov.ng/Out/2020/FPRD/LIST OF LICENSED MICROFINANCE BANKS AS AT DECEMBER 7 2020.pdf,322321,6454
2020-12-10,Central Bank of Nigeria,circulars,New Licence Categorisation for Nigerian Payments Service Providers,New Licence Categorisation for Nigerian Payments Service Providers,"Licence,Categorisation",PSM/DIR/CON/CWD/14/152,https://www.cbn.gov.ng/Out/2020/CCD/Categorization of PSPs.pdf,174533,6456
2020-12-16,Central Bank of Nigeria,circulars,Receipt of Diaspora Remittances: Additional Operational Guidelines ,,"Diaspora, Remittances, Receipt, Operational Guidelines  ",PSM/DIR/CON/CWO/16/119,https://www.cbn.gov.ng/Out/2020/CCD/RECEIPT OF DIASPORA REMITTANCES ADDITIONAL OPERATIONAL GUIDELINES.pdf,81472,6465
2020-12-18,Central Bank of Nigeria,circulars,Receipt of Diaspora Remittances: Additional Operational Guidelines 2,,Receipt of Diaspora Remittances: Additional Operational Guidelines 2,PSM/PLD/GEN/INM/02/019,https://www.cbn.gov.ng/Out/2020/CCD/RECEIPT OF DIASPORA REMITTANCES ADDITIONAL OPERATIONAL GUIDELINES 2.pdf,53674,6475
2021-01-13,Central Bank of Nigeria,circulars,Framework for Quick Response (QR) Code Payments in Nigeria,,"QR, Quick Response Code Payments, Framework",PSM/DIR/CON/INM/08/118,https://www.cbn.gov.ng/Out/2021/CCD/FRAMEWORK FOR QUICK RESPONSE (QR) CODE PAYMENTS IN NIGERIA.pdf,559005,6485
2021-01-13,Central Bank of Nigeria,circulars,Issuance of the Framework for Regulatory Sandbox Operations,,"Framework, Issuance, Regulatory, Sandbox Operations",PSM/DIR/CON/INM/08/117,https://www.cbn.gov.ng/Out/2021/CCD/FRAMEWORK FOR REGULATORY SANDBOX OPERATIONS.pdf,614541,6486
2021-01-18,Central Bank of Nigeria,circulars,Circular on Issuance of the Framework for Regulatory Sandbox Operations,,"Circular, Framework for Regulatory Sandbox Operations",FPR/PRD/INT/PAR/01/043,https://www.cbn.gov.ng/Out/2021/CCD/CIRCULAR ON ISSUANCE OF THE FRAMEWORK FOR REGULATORY SANDBOX OPERATIONS.pdf,293538,6488
2021-01-22,Central Bank of Nigeria,circulars,Modalities For Payout Of Disapora Remittances,Modalities For Payout Of Disapora Remittances,Payout o Disapora Remittances,TED/FEM/FPC/PUB/001/001,https://www.cbn.gov.ng/Out/2021/TED/IMTO.Jan21.pdf,81933,6490
2021-01-22,Central Bank of Nigeria,circulars,RE: Circular on the Revised Nigeria Cheque Standard (NCS) and Nigeria Cheque Printers Accreditation Scheme (NICPAS),,"Nigeria Cheque Printers Accreditation Scheme, Nigeria Cheque Standard, NCS, NICPAS",BKS/DIR/GEN/02/043,https://www.cbn.gov.ng/Out/2021/CCD/CLARIFICATION CIRCULAR ON NEW CHEQUE .pdf,319589,6491
2021-01-26,Central Bank of Nigeria,circulars,Appointment Of Pre-shipment Inspection Agents (PIAs) And Monitoring And Evaluation Agents(MEAs) For Non-Oil Exports,Appointment Of Pre-shipment Inspection Agents (PIAs) And Monitoring And Evaluation Agents(MEAs) For Non-Oil Exports,Appointment of PIAs And MEAs,TED/FEM/FPC/PUB/001/002,https://www.cbn.gov.ng/Out/2021/TED/Re Appointment of PIAs and MEAs for Non-oil Export.pdf,116875,6493
2021-02-05,Central Bank of Nigeria,circulars,"Letter to All Deposit Money Banks, Non-Financial Financial Institutions and Other Financial Institutions",CBN wishes to remind regulated institutions that dealing with crypto currencies or facilitating payments for cryptocurrency is prohibited,CBN prohibits cryptocurrency,BSD/DIR/PUB/LAB/014/001,https://www.cbn.gov.ng/Out/2021/CCD/Letter on Crypto.pdf,113346,6501
2021-02-10,Central Bank of Nigeria,circulars,"Letter to Banks, OFIs and PSPs: Acceptance of Machine Readable Convention Travel Document (MRCTD) and Refugee Identification Card as Means of Identification",,"Refugee Identification Card, MRCTD, Machine Readable Convention Travel Document, acceptance",FPR/AML/CON/BOF/006/002,https://www.cbn.gov.ng/Out/2021/CCD/Letter to Banks on Acceptance of Refugee ID Card (002).pdf,34143,6505
2021-02-17,Central Bank of Nigeria,circulars,Circular on the Regulatory Framework on Open Banking in Nigeria,,"Open, Banking, ",PSM/DIR/PUB/CIR/02/01,https://www.cbn.gov.ng/Out/2021/PSMD/Circular on the Regulatory Framework on Open Banking in Nigeria.pdf,728975,6569
2021-03-03,Central Bank of Nigeria,circulars,Re: Regulatory Forbearance for the Restructuring of Credit Facilities of Other Financial Institutions Impacted by Covid-19,Re: Regulatory Forbearance for the Restructuring of Credit Facilities of Other Financial Institutions Impacted by Covid-19,"Covid-19, forbearance",FPR/DIR/PUB/CIR/01/001,https://www.cbn.gov.ng/Out/2021/CCD/Circular to all Banks and Other Financial Institutions (OFIs)- Regulatory Forbearance.pdf,256721,6512
2021-03-06,Central Bank of Nigeria,circulars,"Introduction of the CBN's ""Naira 4 Dollar Scheme"" for Diaspora Remittances","Introduction of the CBN's ""Naira 4 Dollar Scheme"" for Diaspora Remittances","Diaspora, remittances",TED/FEM/PUB/FPC/01/003,https://www.cbn.gov.ng/Out/2021/CCD/naira4dollar.pdf,72882,6517
2021-03-18,Central Bank of Nigeria,circulars,Nigerian Treasury Bills Issue Programme 2nd Quarter 2021,,"FMD, NTBs, 2ND Quarter",FMD,https://www.cbn.gov.ng/Out/2021/FMD/2nd Qtr 2021 Issue Calender.pdf,118345,6528
2021-03-31,Central Bank of Nigeria,circulars,"List of Bureaux De Change Institutions as at  March 31, 2021","List of Bureaux De Change Institutions as at  March 31, 2021","CBN, fprd, list of bdcs, BDCs",FPR/DIR/CIR/GEN/01/005,"https://www.cbn.gov.ng/Out/2021/FPRD/BUREAUX DE CHANGE AS AT MARCH 31, 2021.pdf2.pdf",3681693,6590
2021-03-31,Central Bank of Nigeria,circulars,"List of Deposit Money Banks as at March 31, 2021","List of Deposit Money Banks as at March 31, 2021","CBN, FPRD, DMBS, LIST OF DMBS ",FPR/DIR/GEN/CIR/01/006,"https://www.cbn.gov.ng/Out/2021/FPRD/DEPOSIT MONEY BANKS AS AT MARCH 31, 2021.pdf",75320,6585
2021-03-31,Central Bank of Nigeria,circulars,"List of Finance Companies as at March 31, 2021","List of Finance Companies as at March 31, 2021","CBN, FPRD, FCs, Finance Companies ",FPR/DIR/GEN/CIR/01/007,"https://www.cbn.gov.ng/Out/2021/FPRD/FINANCE COMPANIES AS AT MARCH 31, 2021.pdf",107228,6586
2021-03-31,Central Bank of Nigeria,circulars,"List of Microfinance Banks as at March 31, 2021","List of Microfinance Banks as at March 31, 2021","CBN, FPRD, MFBs, Microfinance Banks",FPR/DIR/GEN/CIR/01/008,"https://www.cbn.gov.ng/Out/2021/FPRD/MICROFINANCE BANKS AS AT MARCH 31, 2021.pdf",693468,6587
2021-03-31,Central Bank of Nigeria,circulars,"List of Primary Mortgage Banks as at March 31, 2021","List of Primary Mortgage Banks as at March 31, 2021","CBN, FPRD, PMBs, List of Primary Mortgage Banks ",FPR/DIR/GEN/CIR/01/010,"https://www.cbn.gov.ng/Out/2021/FPRD/PRIMARY MORTGAGE BANKS AS AT MARCH 31, 2021.pdf",73729,6589
2021-04-09,Central Bank of Nigeria,circulars,"Circular to Other Financial Institutions (OFIs) on the Commencement of enrollment of All DFIs, MFBs, PMBs and FCs on the CRMS","Circular to Other Financial Institutions (OFIs) on the Commencement of enrollment of All DFIs, MFBs, PMBs and FCs on the CRMS",CRMS,FPRD/DIR/PUB/CIR/01/002,"https://www.cbn.gov.ng/Out/2021/CCD/Circular to Other Financial Institutions (OFIs) on the Commencement of enrollment of All DFIs, MFBs, PMBs and FCs on the CRMS.pdf",360115,6548
2021-04-16,Central Bank of Nigeria,circulars,Guidelines for the Conduct of Repurchase Transactions under CBN Standing Facilities,Guidelines for the Conduct of Repurchase Transactions under CBN Standing Facilities,GUIDELINES FOR THE CONDUCT OF REPO,FMD/DIR/PUB/GUI/01/001,https://www.cbn.gov.ng/Out/2021/FMD/GUIDELINES FOR THE CONDUCT OF REPO.pdf,4033474,6559
2021-04-20,Central Bank of Nigeria,circulars,The Rejection of Old/Lower Denomination of United States Dollar by DMBs/FOREX Dealers,,"Rejection, Old, Lower Denomination, United States Dollar, DMBs, FOREX Dealers",COD/DIR/INT/CIR/001/002,https://www.cbn.gov.ng/Out/2021/CCD/Rejection of Lower Denomination of Dollar.pdf,208715,6560
2021-05-05,Central Bank of Nigeria,circulars,"Re:Introduction Of CBN's ""Naira For Dollar Scheme""","Re: Introduction Of The CBN's ""Naira For Dollar Scheme"" For Diaspora Remittances",Naira For Dollar Scheme,TED/FEM/PUB/FPC/01/004,https://www.cbn.gov.ng/Out/2021/TED/Dollar scheme.pdf,124285,6568
2021-05-24,Central Bank of Nigeria,circulars,New License Requirements for the Payments System,,"License Requirements, Payments System",PSM/DIR/CON/INM/10/145,https://www.cbn.gov.ng/Out/2021/CCD/Approved New Licence Categorization Requirements Consolidated - 2021.pdf,288568,6574
2021-05-26,Central Bank of Nigeria,circulars,Guidelines for Shared Services Arrangements,Shared Services Guidelines ,"Shared Services, CBN SHARED SERVICES, FPRD, CBN",FPR/DIR/PUB/CIR/01/004,https://www.cbn.gov.ng/Out/2021/FPRD/GUIDELINES FOR SHARED SERVICES ARRANGEMENT.pdf,462363,6579
2021-05-28,Central Bank of Nigeria,circulars,Regulatory Framework on Non-bank Merchant Acquiring in Nigeria,,"Regulatory Framework, Non-bank, Merchant, Acquiring",PSM/DIR/CON/INM/011/008,https://www.cbn.gov.ng/Out/2021/CCD/Regulatory Framework for Non-Bank Acquiring in Nigeria 2021.pdf,529768,6578
2021-05-31,Central Bank of Nigeria,circulars,"List of Payment Service Banks as at March 31, 2021","List of Payment Service Banks as at March 31, 2021","CBN, FPRD, PSBs, List of Payment Service Banks",FPR/DIR/GEN/CIR/01/011,"https://www.cbn.gov.ng/Out/2021/FPRD/PAYMENT SERVICE BANKS AS AT MARCH 31, 2021.pdf",48639,6588
2021-06-01,Central Bank of Nigeria,circulars,Nigerian Treasury Bills Issue Programme 3rd Quarter 2021,,"FMD,calendar, issue, quarterly,2021, june ",NTBs Issue Programme,https://www.cbn.gov.ng/Out/2021/FMD/3rd Quarter 2021 Issue Calender.pdf,324520,6581
2021-06-09,Central Bank of Nigeria,circulars,Re: Appointment of Titan Trust Bank Plc as a Designated Bank for the Collection of Fees under the Nigerian Export Supervision Scheme (NESS ),,"Titan Trust Bank Plc, Designated Bank and NESS ",TED/FEM/PUB/FPC/001/005,https://www.cbn.gov.ng/Out/2021/TED/TED.FEM.PUB.FPC.001.005.pdf,85067,6582
2021-06-23,Central Bank of Nigeria,circulars,Payment of Annual Licensing Renewal Fees,Payment of Annual Licensing Renewal Fees,"CBN, FPRD, BDC, ANNUAL RENEWAL FEES",FPR/LAD/CON/BDC/006/100,https://www.cbn.gov.ng/Out/2021/FPRD/PAYMENT OF ANNUAL LICENSING RENEWAL FEES.pdf,43564,6608
2021-06-30,Central Bank of Nigeria,circulars,"List of Bureaux De Change as at June 30, 2021","List of Bureaux De Change as at June 30, 2021","CBN, FPRD, BDC, List of Bureaux De Change as at June 30, 2021",FPR/DIR/CIR/GEN/01/014,https://www.cbn.gov.ng/Out/2021/FPRD/BDCs as at Jun-30-2021.pdf,3647974,6619
2021-06-30,Central Bank of Nigeria,circulars,"List of Deposit Money Banks as at June 30, 2021","List of Deposit Money Banks as at June 30, 2021","CBN, FPRD, DMBS, List of Deposit Money Banks as at June 30, 2021",FPR/DIR/CIR/GEN/01/018,https://www.cbn.gov.ng/Out/2021/FPRD/DMBs and HoldCos-Jun-30-2021.pdf,76923,6623
2021-06-30,Central Bank of Nigeria,circulars,"List of Finance Companies as at June 30, 2021","List of Finance Companies as at June 30, 2021","CBN, FPRD, Finance Companies, List of Finance Companies as at June 30, 2021",FPR/DIR/CIR/GEN/01/015,https://www.cbn.gov.ng/Out/2021/FPRD/FCs as at Jun-30-2021.pdf,115804,6620
2021-06-30,Central Bank of Nigeria,circulars,"List of Microfinance Banks as at June 30, 2021","List of Microfinance Banks as at June 30, 2021","CBN, FPRD, MFBs, List of Microfinance Banks as at June 30, 2021",FPR/DIR/CIR/GEN/01/016,https://www.cbn.gov.ng/Out/2021/FPRD/MFBs as at Jun-30-2021.pdf,709695,6621
2021-06-30,Central Bank of Nigeria,circulars,"List of Payment Service Banks as at June 30, 2021","List of Payment Service Banks as at June 30, 2021","CBN, FPRD, List of Payment Service Banks as at June 30, 2021",FPR/DIR/CIR/GEN/01/013,https://www.cbn.gov.ng/Out/2021/FPRD/PSBs Jun-30-2021.pdf,81362,6618
2021-06-30,Central Bank of Nigeria,circulars,"List of Primary Mortgage Banks as at June 30, 2021","List of Primary Mortgage Banks as at June 30, 2021","CBN, FPRD, PMBS, List of Primary Mortgage Banks as at June 30, 2021",FPR/DIR/CIR/GEN/01/017,https://www.cbn.gov.ng/Out/2021/FPRD/PMBs Jun-30-2021.pdf,130170,6622
2021-07-08,Central Bank of Nigeria,circulars,Supervisory Framework for Payment Service Banks,,"Supervisory Framework, Payment Service Banks",PSM/DIR/CON/INM/011/077,https://www.cbn.gov.ng/Out/2021/CCD/Supervisory Framework for PSBs.pdf,1321671,6609
2021-07-09,Central Bank of Nigeria,circulars,Framework and Guidelines on Mobile Money Services in Nigeria,Framework and Guidelines on Mobile Money Services in Nigeria,Framework and Guidelines on Mobile Money Services in Nigeria,PSM/DIR/CON/INM/011/091,https://www.cbn.gov.ng/Out/2021/CCD/Framework and Guidelines on Mobile Money Services in Nigeria - July 2021.pdf,556332,6611
2021-07-16,Central Bank of Nigeria,circulars,Sugar Importation in Nigeria,,"Sugar, Importation, Nigeria, Sugar Importation",TED/FEM/PUB/FPC/01/006,https://www.cbn.gov.ng/Out/2021/CCD/Sugar-Importation.pdf,110618,6616
2021-07-27,Central Bank of Nigeria,circulars,"List of Bureaux De Change as at July 27, 2021","List of Bureaux De Change as at July 27, 2021","FPRD, CBN, BDC, List of Bureaux De Change ",FPR/DIR/PUB/CIR/001/025,https://www.cbn.gov.ng/Out/2021/FPRD/BUREAUX DE CHANGE 270721.pdf,3588439,6724
2021-07-28,Central Bank of Nigeria,circulars,RE: Teller Points at Bank Branches for the Sale of FX to Retail Customers,RE: Teller Points at Bank Branches for the Sale of FX to Retail Customers,FX,BSD/DIR/PUB/LAB/14/052,https://www.cbn.gov.ng/Out/2021/CCD/LetterToBankonFX.pdf,235773,6631
2021-07-29,Central Bank of Nigeria,circulars,Circular for BDC Refunds,Circular for BDC Refunds,Circular for BDC Refunds,FPR/LAD/INT/BDC/01/095,https://www.cbn.gov.ng/Out/2021/CCD/Circular for BDC Refunds.pdf,365127,6634
2021-08-03,Central Bank of Nigeria,circulars,Guidelines for Licensing and Regulation of Payments Service Holding Companies in Nigeria,,"Guidelines, Licensing, Regulation, Payments Service Holding Companies in Nigeria",PSM/DIR/CON/INM/011/142,https://www.cbn.gov.ng/Out/2021/CCD/CIRCULAR AND GUIDELINES FOR LICENSING AND REGULATION OF PAYMENTS SERVICE HOLDING COMPANIES IN NIGERIA.pdf,1054580,6641
2021-08-19,Central Bank of Nigeria,circulars,Cessation of Non-Permissible Activities by Microfinance Banks,Cessation of Non-Permissible Activities by Microfinance Banks,"CBN, FPRD, Cessation of Non-Permissible Activities by MFBs",FPRD/DIR/PUB/CIR/01/020,https://www.cbn.gov.ng/Out/2021/FPRD/CESSATION OF NON-PERMISSINBLE ACTIVITIES BY MFBs.pdf,303035,6659
2021-08-30,Central Bank of Nigeria,circulars,Publication of Names of Defaulters of the CBN Policy on Sale of FOREX for PTA/BTA,PUBLICATION OF NAMES OF DEFAULTERS OF THE CBN POLICY ON SALE OF FOREX FOR PTA/BTA,PUBLICATION OF NAMES OF DEFAULTERS OF THE CBN POLICY ON SALE OF FOREX FOR PTA/BTA,BSD/DIR/PUB/LAB/14/059,https://www.cbn.gov.ng/Out/2021/BSD/PUBLICATION OF NAMES OF DEFAULTERS OF THE CBN POLICY ON SALE OF FOREX FOR PTA BTA.pdf,38325,6667
2021-09-02,Central Bank of Nigeria,circulars,BASEL III Implementation by Deposit Money Banks in Nigeria,BASEL III Implementation by Deposit Money Banks in Nigeria,BASEL III Implementation by Deposit Money Banks in Nigeria,BSD/DIR/PUB/14/063,https://www.cbn.gov.ng/Out/2021/BSD/Circular on Basel III Implementation by DMBS in Nigeria.pdf,539282,6671
2021-09-02,Central Bank of Nigeria,circulars,Guidelines On Leverage Ratio (LeR),Guidelines On Leverage Ratio (LeR),Guidelines On Leverage Ratio (LeR)- BASEL III,BSD/DIR/PUB/14/063,https://www.cbn.gov.ng/Out/2021/BSD/2. GUIDELINES ON LEVERAGE RATIO (LeR).pdf,352934,6673
2021-09-02,Central Bank of Nigeria,circulars,Guidelines on Large Exposures (LEX),Guidelines on Large Exposures (LEX),Guidelines on Large Exposures (LEX),BSD/DIR/PUB/14/063,https://www.cbn.gov.ng/Out/2021/BSD/5. GUIDELINES ON LARGE EXPOSURES (LEX).pdf,315934,6676
2021-09-02,Central Bank of Nigeria,circulars,Guidelines on Liquidity Coverage Ratio (LCR),Guidelines on Liquidity Coverage Ratio (LCR),Guidelines on Liquidity Coverage Ratio (LCR),BSD/DIR/PUB/14/063,https://www.cbn.gov.ng/Out/2021/BSD/3. GUIDELINES ON LIQUIDITY COVERAGE RATIO (LCR).pdf,611830,6674
2021-09-02,Central Bank of Nigeria,circulars,Guidelines on Liquidity Monitoring Tools (LMT),Guidelines on Liquidity Monitoring Tools (LMT),Guidelines on Liquidity Monitoring Tools (LMT),BSD/DIR/PUB/14/063,https://www.cbn.gov.ng/Out/2021/BSD/4. GUIDELINES ON LIQUIDITY MONITORING TOOLS (LMT).pdf,449839,6675
2021-09-02,Central Bank of Nigeria,circulars,Guidelines on Liquidity Risk Management and Internal Liquidity Adequacy Assessment Process (ILAAP),Guidelines on Liquidity Risk Management and Internal Liquidity Adequacy Assessment Process (ILAAP),Guidelines on Liquidity Risk Management and Internal Liquidity Adequacy Assessment Process (ILAAP),BSD/DIR/PUB/14/063,https://www.cbn.gov.ng/Out/2021/BSD/6. GUIDELINES ON LIQUIDITY RISK MANAGEMENT AND ILAAP.pdf,275276,6677
2021-09-02,Central Bank of Nigeria,circulars,Guidelines on Regulatory Capital,Guidelines on Regulatory Capital- BASEL III,Guidelines on Regulatory Capital- BASEL III,BSD/DIR/PUB/14/063,https://www.cbn.gov.ng/Out/2021/BSD/1. GUIDELINES ON REGULATORY CAPITAL.pdf,550718,6672
2021-09-02,Central Bank of Nigeria,circulars,Revised Guidelines on Supervisory Review Process of Internal Capital Adequacy Assessment Process (SRP/ICAAP),Revised Guidelines on Supervisory Review Process of Internal Capital Adequacy Assessment Process (SRP/ICAAP),Revised Guidelines on Supervisory Review Process of Internal Capital Adequacy Assessment Process (SRP/ICAAP),BSD/DIR/PUB/14/063,https://www.cbn.gov.ng/Out/2021/BSD/7. REVISED GUIDELINES ON SUPERVISORY REVIEW PROCESS OF ICAAP.pdf,283042,6678
2021-09-08,Central Bank of Nigeria,circulars,Disaggregation of Bulk Payment,,"Disaggregation, Bulk Payment",PSM/DIR/PUB/CIR/01/026,https://www.cbn.gov.ng/Out/2021/CCD/DisaggregationOfBulkPayment.pdf,272479,6679
2021-09-10,Central Bank of Nigeria,circulars,Observance of Due Diligence in the Processing of Foreign Exchange Transactions,Observance of Due Diligence in the Processing of Foreign Exchange Transactions,"FX, Due Diligence",TED/FEM/PUB/FPC/01/007,https://www.cbn.gov.ng/Out/2021/CCD/fxtransduediligence.pdf,274978,6682
2021-09-30,Central Bank of Nigeria,circulars,"List of Deposit Money Banks as at September 30, 2021","List of Deposit Money Banks as at September 30, 2021","CBN, DMBs, List of Deposit Money Banks",FPR/DIR/PUB/CIR/001/026,https://www.cbn.gov.ng/Out/2021/FPRD/Deposit Money Banks 300921.pdf,74605,6719
2021-09-30,Central Bank of Nigeria,circulars,"List of Finance Companies as at September 30, 2021","List of Finance Companies as at September 30, 2021","CBN,  FPRD, List of Finance Companies, Finance Companies",FPR/DIR/PUB/CIR/001/028,https://www.cbn.gov.ng/Out/2021/FPRD/FINANCE COMPANIES 300921.pdf,120120,6721
2021-09-30,Central Bank of Nigeria,circulars,"List of Microfinance Banks as at September 30, 2021","List of Microfinance Banks as at September 30, 2021","CBN, MFBs, List of Microfinance Banks ",FPR/DIR/PUB/CIR/001/027,https://www.cbn.gov.ng/Out/2021/FPRD/MICROFINANCE BANKS 300921.pdf,725437,6720
2021-09-30,Central Bank of Nigeria,circulars,"List of Payment Service Banks as at September 30, 2021","List of Payment Service Banks as at September 30, 2021","CBN, FPRD, List of Payment Service Banks, PSBs",FPR/DIR/PUB/CIR/001/030,https://www.cbn.gov.ng/Out/2021/FPRD/PAYMENT SERVICE BANKS 300921.pdf,48559,6723
2021-09-30,Central Bank of Nigeria,circulars,"List of Primary Mortgage Banks as at September 30, 2021","List of Primary Mortgage Banks as at September 30, 2021","CBN, PMBs, List of Primary Mortgage Banks ",FPR/DIR/PUB/CIR/001/029,https://www.cbn.gov.ng/Out/2021/FPRD/PRIMARY MORTGAGE BANKS 300921.pdf,70787,6722
2021-10-08,Central Bank of Nigeria,circulars,Adoption of International Financial Reporting Standards by Other Financial Institutions (OFIs),Adoption of International Financial Reporting Standards by Other Financial Institutions (OFIs),"IFRS, OFIS, Financial Reporting",OFI/DOA/LTT/CON/002/138,https://www.cbn.gov.ng/Out/2021/OFISD/Adoption of IFRS BY ALL OFIs.pdf,40621,6707
2021-10-11,Central Bank of Nigeria,circulars,Guidelines On The Operations of Pan African Payments And Settlement System In Nigeria,Guidelines On The Operations of Pan African Payments And Settlement System In Nigeria,Pan African Payments And Settlement System (PAPSS) In Nigeria,TED/FEM/PUB/FPC/01/007,https://www.cbn.gov.ng/Out/2021/TED/PAPSS.pdf,131169,6706
2021-10-12,Central Bank of Nigeria,circulars,Revised Regulatory Framework For Bank Verification Number (BVN) Operations And Watch-List For The Nigerian Banking Industry ,,"BVN, FRAMEWORK, WATCH-LIST, BANKING INDUSTRY, NIGERIAN",PSM/DIR/CON/INM/013/149,https://www.cbn.gov.ng/Out/2021/CCD/REVISED REGULATORY FRAMEWORK FOR BANK VERIFICATION NUMBER (BVN) OPERATIONS AND WATCH-LIST FOR THE NIGERIAN BANKING INDUSTRY 121021 FINAL.pdf,575257,6708
2021-10-13,Central Bank of Nigeria,circulars,Guidelines on Disposal of Non-Permissible Income,Guidelines on Disposal of Non-Permissible Income,"CBN, FPRD, Guidelines on Disposal of Non-Permissible Income, Non-Permissible Income",FPR/DIR/PUB/CIR/001/024,https://www.cbn.gov.ng/Out/2021/FPRD/GUIDELINES ON DISPOSAL OF NON-PERMISSIBLE ACTIVITIES.pdf,310786,6709
2021-10-20,Central Bank of Nigeria,circulars,Guidelines for the Implementation of  Tertiary Institutions Entrepreneurship Scheme (TIES),,"Guidelines, Implementation,
Tertiary Institutions, Entrepreneurship, Scheme (TIES)
",CCD/GUI/01/20-10-2021,https://www.cbn.gov.ng/Out/2021/CCD/CBN TIES Guidelines.pdf,225488,6714
2021-10-25,Central Bank of Nigeria,circulars,Regulatory Guidelines on the eNAIRA,Regulatory Guidelines on the eNAIRA,"CBN, eNaira, eNaira Guidelines",FPR/DIR/PUB/CIR/001/023,https://www.cbn.gov.ng/Out/2021/FPRD/eNairaCircularAndGuidelines FINAL.pdf,1188289,6718
2021-11-05,Central Bank of Nigeria,circulars,Guidelines for the Implementation of 100 for 100 Policy on Production and Productivity (100 for 100 PPP) ,GUIDELINES FOR IMPLEMENTATION OF 100 for 100 POLICY ON PRODUCTION AND PRODUCTIVITY (100 FOR 100 PPP),1004100,DFD/DIR/PUB/CIR/01/002,https://www.cbn.gov.ng/Out/2021/CCD/1004100.pdf,267351,6741
2021-11-05,Central Bank of Nigeria,circulars,Revised Anchor Borrowers' Programme Guidelines ,,"Revised, Anchor Borrowers, ABP, Guidelines, Anchor Borrowers' Programme",DFD/RAC/INT/RSP/02/095,https://www.cbn.gov.ng/Out/2021/CCD/ABP Guidelines October 13 2021 - Final (002).pdf,441387,6740
2021-11-12,Central Bank of Nigeria,circulars,Appointment Of Designated Bank For The Collection Of Fees Under The Nigerian Export Supervision Scheme (NESS) ,Appointment of Designated Bank For The Collection of Fees Under The Nigerian Export Supervision Scheme (NESS),Designated Bank For The Collection Of NESS Fees,TED/FEM/PUB/FPC/001/009,https://www.cbn.gov.ng/Out/2021/TED/Collection of NESS fees.pdf,37528,6752
2021-11-18,Central Bank of Nigeria,circulars,Guidelines for the Agricultural Credit Guarantee Scheme - 2021,,"ACGSF, Guidelines, Approved, March, 2021 ",ACGSF,https://www.cbn.gov.ng/Out/2021/CCD/ACGSF GUIDELINES APPROVED  MARCH 2021.pdf,159480,6746
2021-11-29,Central Bank of Nigeria,circulars,Automation of Form ‘A’ on the Trade Monitoring System,,Form A automation,TED/FEM/FPC/GEN/01/011,https://www.cbn.gov.ng/Out/2021/TED/TEDFEMFPCGEN01011.pdf,628482,6759
2021-11-29,Central Bank of Nigeria,circulars,Automation of Form ‘NCX’ on the Trade Monitoring System,,FORM NCX AUTOMATION,TED/FEM/FPC/GEN/01/010,https://www.cbn.gov.ng/Out/2021/TED/TEDFEMFPCGEN01010.pdf,101895,6755
2021-12-31,Central Bank of Nigeria,circulars,"List of Bureaux De Change as at December 31, 2021","List of Bureaux De Change as at December 31, 2021","List of BDCs, BDCs",FPR/DIR/PUB/CIR/001/037,"https://www.cbn.gov.ng/Out/2022/FPRD/LIST OF CBN LICENCED BUREAUX DE CHANGE AS AT DECEMBER 31, 2021.pdf",2581334,6794
2021-12-31,Central Bank of Nigeria,circulars,"List of Deposit Money Banks as at December 31, 2021","List of Deposit Money Banks as at December 31, 2021","List of Deposit Money Banks as at December 31, 2021, DMBs, List of DMBs",FPR/DIR/PUB/CIR/001/031,"https://www.cbn.gov.ng/Out/2022/FPRD/List of Deposit Money Banks as at December 31, 2021.pdf",72660,6789
2021-12-31,Central Bank of Nigeria,circulars,"List of Finance Companies as at December 31, 2021","List of Finance Companies as at December 31, 2021","Finance Companies, FCs, List of FCs",FPR/DIR/PUB/CIR/001/034,"https://www.cbn.gov.ng/Out/2022/FPRD/List of Finance Companies as at December 31, 2021.pdf",84167,6791
2021-12-31,Central Bank of Nigeria,circulars,"List of Microfinance Banks as at December 31, 2021","List of Microfinance Banks as at December 31, 2021","List of MFBs, MFBs, CBN, FPRD",FPR/DIR/PUB/CIR/001/035,"https://www.cbn.gov.ng/Out/2022/FPRD/List of Microfinance Banks as at December 31, 2021.pdf",503151,6790
2021-12-31,Central Bank of Nigeria,circulars,"List of Payment Service Banks as at December 31, 2021","List of Payment Service Banks as at December 31, 2021","List of PSBs, PSBs",FPR/DIR/PUB/CIR/001/033,"https://www.cbn.gov.ng/Out/2022/FPRD/List of Payment Service Banks as at December 31, 2021.pdf",28838,6793
2021-12-31,Central Bank of Nigeria,circulars,"List of Primary Mortgage Banks as at December 31, 2021","List of Primary Mortgage Banks as at December 31, 2021","List of PMBs, PMBs",FPR/DIR/PUB/CIR/001/032,"https://www.cbn.gov.ng/Out/2022/FPRD/List of Primary Mortgage Banks as at December 31, 2021.pdf",47783,6792
2022-01-21,Central Bank of Nigeria,circulars,"Guidelines on the Introduction of e-Evaluator, e-Invoicing for Import and Export in Nigeria",,E-EVALUATOR AND E-INVOINCING,TED/FEM/FPC/PUB/01/001,https://www.cbn.gov.ng/Out/2022/TED/TEDFEMFPCPUB01001.pdf,200179,6784
2022-01-27,Central Bank of Nigeria,circulars,Bank Customers Bill of Rights,Bank Customers Bill of Rights,"Bank, Customers, Bill of Rights",CPD/GEN/GUIDE/02,https://www.cbn.gov.ng/Out/2022/CCD/BANK CUSTOMERS BILL OF RIGHTS.pdf,3176135,6787
2022-01-27,Central Bank of Nigeria,circulars,"Guide to Charges by Banks, Other Financial and  Non-Bank Financial Institutions","Guide to Charges by Banks, Other Financial and  Non-Bank Financial Institutions","Guide, Charges, Banks, Other Financial, Non-Bank Financial Institutions",CPD/GEN/GUIDE/01-2020,https://www.cbn.gov.ng/Out/2022/CCD/Guide to Charges by Banks Other Financial and Non-Financial Institutions eff Jan 1 2020.pdf,988719,6786
2022-01-27,Central Bank of Nigeria,circulars,How to Lodge a Complaint,How to Lodge a Complaint,"How, Lodge, Complaint",CPD/GEN/GUIDE/03,https://www.cbn.gov.ng/Out/2022/CCD/CBN How to Lodge a Complaint.pdf,1728746,6788
2022-01-28,Central Bank of Nigeria,circulars,Compendium of Resolutions of the Financial Regulation Advisory Council of Experts (FRACE) Series 1,Compendium of Resolutions of the Financial Regulation Advisory Council of Experts (FRACE) Series 1,"FRACE Compendium, Financial Regulation Advisory Council of Experts Compendium",FPR/NIB/PUB/CIR/001/038,https://www.cbn.gov.ng/Out/2022/FPRD/CIRCULAR ON COMPENDIUM SERIES.pdf,8156974,6795
2022-01-28,Central Bank of Nigeria,circulars,Re: Global Standing Instruction (GSI) - Individuals,Re: Global Standing Instruction (GSI) - Individuals,"GSI, Global Standing Instruction, FPRD, CBN",FPR/DIR/PUB/CIR/001/039,https://www.cbn.gov.ng/Out/2022/FPRD/Circular on Global Standing Instruction (GSI) for Individuals.pdf,291543,6796
2022-02-25,Central Bank of Nigeria,circulars,Operating Guidelines for RT200 Non-Oil Export Proceeds Repatriation Rebate Scheme,,"Guideline, RT200, Non-Export Proceeds, Repatriation, Rebate, Scheme",TED/FEM/FPC/GEN/01/002,https://www.cbn.gov.ng/Out/2022/CCD/Guideline on RT200 Non-Export Proceeds Repatriation Rebate Scheme.Final.pdf,219658,6801
2022-03-14,Central Bank of Nigeria,circulars,Guidelines for the Registration & Operation of Bank Neutral Cash Hubs (BNCH) in Nigeria,Guidelines for the Registration & Operation of Bank Neutral Cash Hubs (BNCH) in Nigeria,BNCH,COD/DIR/INT/INM/003/042,https://www.cbn.gov.ng/Out/2022/CCD/BNCH Operational Guidelines v7.7  DRAFT.pdf,300000,6810
2022-03-15,Central Bank of Nigeria,circulars,Re: Regulatory Forbearance for the Restructuring of Credit Facilities Impacted by COVID-19,Re: Regulatory Forbearance for the Restructuring of Credit Facilities Impacted by COVID-19,"CBN, FPRD,Regulatory Forbearance Restructuring of Credit Facilities",FPR/DIR/PUB/CIR/001/040,https://www.cbn.gov.ng/Out/2022/FPRD/Regulatory Forbearance.pdf,168354,6812
2022-03-28,Central Bank of Nigeria,circulars,Guidelines for the Regulation of Credit Guarantee Companies in Nigeria,Guidelines for the Regulation of Credit Guarantee Companies in Nigeria,"CBN, FPRD, CGCs, Guidelines for the Regulation of Credit Guarantee Companies in Nigeria",FPR/DIR/PUB/CIR/001/042,https://www.cbn.gov.ng/Out/2022/FPRD/CircularGuidelinesCGCfinal.pdf,451980,6819
2022-04-01,Central Bank of Nigeria,circulars,Re-Treatment of Composed Banknotes,Re-Treatment of Composed Banknotes,"Treatment, Composed, Banknotes",COD/DIR/INT/CIR/001/006,https://www.cbn.gov.ng/Out/2022/CCD/Re-Treatment of Composed Banknotes.pdf,326022,6836
2022-04-25,Central Bank of Nigeria,circulars, Guidance Note on Anti-Money Laundering and Combating the Financing of Terrorism (AML/CFT) Regulations for Other Financial Institutions,Guidance Note on Anti-Money Laundering and Combating the Financing of Terrorism (AML/CFT) Regulations for Other Financial Institutions,"CBN, AML/CFT, Guidance Note",FPR/DIR/PUB/CIR/001/042,https://www.cbn.gov.ng/Out/2022/FPRD/CombinedDoc_Guidance.pdf,609950,6856
2022-05-13,Central Bank of Nigeria,circulars,Operational Guidelines for Open Banking in Nigeria,Operational guidelines for open Banking,"Operational Guidelines, Open Banking",PSM/DIR/CON/INM/016/019,https://www.cbn.gov.ng/Out/2022/CCD/OPERATIONAL GUIDELINES FOR OPEN BANKING IN NIGERIA_APPROVED EXPOSURE DRAFT.pdf,1656090,6869
2022-05-24,Central Bank of Nigeria,circulars,Re: Enrollment of Other Financial Institutions (OFIs) on the Credit Risk Management System (CRMS),Re: Enrollment of Other Financial Institutions (OFIs) on the Credit Risk Management System (CRMS),"CBN, FPRD, CRMS Enrollment for OFIs, OFIs",FPR/DIR/PUB/CIR/001/049,https://www.cbn.gov.ng/Out/2022/FPRD/CIRCULAR ON ENROLLMENT OF OFIS ON CRMS.pdf,344821,6873
2022-05-26,Central Bank of Nigeria,circulars,Re: Circular on the Review of Operations of the NIBSS Instant Payments System and other Electronic Payment Options with Similar Features ,,"NIBSS, Payment Systems",PSM/DIR/PUB/CIR/01/006,https://www.cbn.gov.ng/Out/2022/CCD/circular NIP limit.pdf,655198,6884
2022-05-27,Central Bank of Nigeria,circulars,TEMPORARY APPOINTMENT OF MESSRS. GULF INSPECTION SERVICES LIMITED AND SWEDE  CONTROL INTERTEK LIMITED AS PRE-SHIPMENT INSPECTION AND MONITORING AND EVALUATION AGENTS FOR OIL AND GAS EXPORTS IN NIGERIA,,TEMPORARY APPOINTMENT OF GULF INSPECTION SERVICES LTD AND SWEDE CONTROL INTERTEK LTD AS PIA AND MEA FOR OIL AND GAS,TED/FEM/FPC/PUB/001/003,https://www.cbn.gov.ng/Out/2022/TED/TEDFEMFPCPUB001003.pdf,132016,6875
2022-06-02,Central Bank of Nigeria,circulars,Guidelines for the Registration & Operation of Bank Neutral Cash Hubs (BNCH) in Nigeria,BNCH Operational Guidelines v8.2,BNCH,COD/BNCH,https://www.cbn.gov.ng/Out/2022/CCD/BNCH Operational Guidelines v8.2.pdf,234070,6883
2022-06-02,Central Bank of Nigeria,circulars,"Monetary, Credit, Foreign Trade and Exchange Policy Guidelines for Fiscal Years 2022/2023",,"Monetary,credit, foreign Trade and Exchange Policy Guidelines for 2022/2023",44,https://www.cbn.gov.ng/Out/2022/MPD/Credit Guidelines 2022 -2023 20.05.2022.pdf,2821051,6877
2022-06-09,Central Bank of Nigeria,circulars,Framework for the Operationalisation of the Central Bank of Nigeria Non-Interest Asset-Backed Securities ,Framework for the Operationalisation of the Central Bank of Nigeria (CBN) Non-Interest Asset-Backed Securities (CNI-ABS) June 2022,Central Bank of Nigeria (CBN) Non-Interest Asset-Backed Securities (CNI-ABS),FMD/DIR/PUB/GUI/001/004,https://www.cbn.gov.ng/Out/2022/FMD/Framework for the Operationalisation of the Central Bank of Nigeria Non-Interest Asset-Backed Securities June 2022.pdf,1347025,6893
2022-06-09,Central Bank of Nigeria,circulars,"Revised Guidelines for the Operation of Non-Interest Financial Institutions' Instruments by the Central Bank of Nigeria,2022",Revised Guidelines for the Operation of Non-Interest Financial Institutions (NIFI) Instruments by the Central Bank of Nigeria (CBN) June 2022,Non-Interest Financial Institutions (NIFI) Instruments by the Central Bank of Nigeria (CBN) June 2022,FMD/DIR/PUB/GUI/001/002,https://www.cbn.gov.ng/Out/2022/FMD/Revised Guidelines for the Operation of Non-Interest Financial Institutions Instruments by the Central Bank of Nigeria June 2022.pdf,3194607,6892
2022-06-29,Central Bank of Nigeria,circulars,Letter to all OFIs: Issuance of Risk-Based Cybersecurity Framework and Guidelines for Other Financial Institutions (OFIs),Letter to all OFIs: Issuance of Risk-Based Cybersecurity Framework and Guidelines for Other Financial Institutions (OFIs),"Cybersecurity, , Framework, Guidelines, Other Financial Institutions",OFI/DOA/CON/ACT/004/155,https://www.cbn.gov.ng/Out/2022/OFISD/Letter to all OFIs Issuance of Risk-Based Cybersecurity Framework and Guidelines for Other Financial Institutions.pdf,1015337,6900
2022-07-04,Central Bank of Nigeria,circulars,Review of the Industry Quick Response (QR) Code Presentment Options,Review of the Industry Quick Response (QR) Code Presentment Options,QR CODE,PSM/DIR/CON/INM/016/118,https://www.cbn.gov.ng/Out/2022/CCD/REVIEW OF THE INDUSTRY QUICK RESPONSE (QR) CODE PRESENTMENT OPTIONS.pdf,54220,6904
2022-08-17,Central Bank of Nigeria,circulars,Adjustment of Interest Rate on All Central Bank of Nigeria Interventions,"Letter to all banks on the Adjustment of Interest Rate on All Central Bank of Nigeria Interventions, effective July 20, 2022","CBN, interest rates, adjustment, July 2022, development finance, DFD interventions ",FPR/DIR/PUB/CIR/001/058,"https://www.cbn.gov.ng/Out/2022/FPRD/Circular on Adjustment of Interest rates on all CBN Interventions, dated August 17, 2022.pdf",225166,6936
2022-10-07,Central Bank of Nigeria,circulars,Circular to All Authorized Dealers: Access to the Discount Window,CIRCULAR TO ALL AUTHORIZED DEALERS:  ACCESS TO THE DISCOUNT WINDOW,CIRCULAR TO ALL AUTHORIZED DEALERS ACCESS TO THE DISCOUNT WINDOW,FMD/DIR/PUB/CIR/001/006,https://www.cbn.gov.ng/Out/2022/FMD/CIRCULA TO ALL AUTHORISED DEALERS ACCESS TO THE DISCOUNT WINDOW.pdf,827226,6951
2022-10-25,Central Bank of Nigeria,circulars,Guidelines for Contactless Payments in Nigeria,Draft Guidelines for Contactless Payments in Nigeria,"Guideline, Contactless, Payments",PSM/DIR/PUB/CIR/01/040,https://www.cbn.gov.ng/Out/2022/CCD/Draft Guidelines for Contactless Payments in Nigeria.pdf,1060773,6958
2022-11-23,Central Bank of Nigeria,circulars,Guidelines for Licensing of Banks and Other Financial Institutions in Nigeria on Anti-Money Laundering Combatting the Financing of...,Guidelines for Licensing of Banks and Other Financial Institutions in Nigeria on Anti-Money Laundering Combatting the Financing of Terrorism and Countering Proliferation Financing of Weapons of Mass Destruction,"FPRD, CBN, AML/CFT Guidelines",FPR/DIR/GEN/CIR/001/061,https://www.cbn.gov.ng/Out/2022/FPRD/Circular_and_AML_Licensing_Guideline.pdf,502346,7002
2022-12-06,Central Bank of Nigeria,circulars,Circular on Interoperability and Interconnectivity,Circular on Interoperability and Interconnectivity,"Interoperability, Interconnectivity",PSM/DIR/CON/INM/018/122,https://www.cbn.gov.ng/Out/2022/CCD/Circular on Interoperability and Interconnectivity.pdf,99181,7008
2022-12-06,Central Bank of Nigeria,circulars,Naira Redesign Policy - Revised Cash Withdrawal Limits,Naira Redesign Policy - Revised Cash Withdrawal Limits,Naira Redesign,CCD-06122022,https://www.cbn.gov.ng/Out/2022/CCD/RevisedCashWithdrawal.pdf,434257,7009
2022-12-14,Central Bank of Nigeria,circulars,Guidelines on Targeted Financial Sanctions Relating to Proliferation Financing,Guidelines on Targeted Financial Sanctions Relating to Proliferation Financing,"CNN, FPRD, TFS on Proliferation Financing, Guidelines on Targeted Financial Sanctions Relating to Proliferation Financing",FPR/DIR/PUB/CIR/001/062,https://www.cbn.gov.ng/Out/2022/FPRD/TFS PROLIFEREATION FINANCING.pdf,628252,7019
2022-12-14,Central Bank of Nigeria,circulars,Illegal Activities by International Money Transfer Operators,,ILLEGAL ACTIVITIES OF IMTOs,TED/FEM/PUB/FPC/01/004,https://www.cbn.gov.ng/Out/2022/TED/TEDFEMPUBFPC01004.pdf,45636,7012
2022-12-15,Central Bank of Nigeria,circulars,Guidance on Targeted Financial Sanctions Related to Terrorism and Terrorism Financing,Guidance on Targeted Financial Sanctions Related to Terrorism and Terrorism Financing,"CBN, FPRD, TFS, Guidance on Targeted Financial Sanctions Related to Terrorism and Terrorism Financing, Guidance on Targeted Financial Sanctions, TFS on Targeted Financial Sanctions",FPR/DIR/PUB/CIR/001/064,https://www.cbn.gov.ng/Out/2022/FPRD/TFS TERRORISM AND TERRORISM FINANCING.pdf,540260,7020
2022-12-21,Central Bank of Nigeria,circulars,RE: Naira Redesign Policy - Revised Cash Withdrawal Limits,RE: Naira Redesign Policy - Revised Cash Withdrawal Limits,"Security Features of the new 1000, 500 and 200 Naira Banknotes",CCD 21b Dec 2022,https://www.cbn.gov.ng/Out/2022/CCD/ReNairaRedesignPolicyRevisedWithdrawal.pdf,54697,7017
2022-12-23,Central Bank of Nigeria,circulars,Financial Action Task Force Statements on Jurisdictions Under Increased Monitoring and High-Risk Jurisdictions,Financial Task Force Statements on Jurisdictions Under Increased Monitoring and High-Risk Jurisdictions,"CBN. FPRD, AML/CFT, Financial Action Task Force Statements on Jurisdictions Under Increased Monitoring and High-Risk Jurisdictions, Financial action Task Force, FATF Statements",FPR/DIR/PUB/LTR/001/002,https://www.cbn.gov.ng/Out/2022/FPRD/DRC Grey list.docx 1.pdf,234541,7025
2023-01-09,Central Bank of Nigeria,circulars,Letter to all OFIs : Prohibition of Placement/Investment in Funds Managed by Uninsured Entities,Letter to all OFIs : Prohibition of Placement/Investment in Funds Managed by Uninsured Entities,"Prohibition, Placement, Investment, Uninsured, Entities",OFI/DOA/CON/OFI/001/304,https://www.cbn.gov.ng/Out/2023/OFISD/Prohibition of Placements in Funds Managed by Uninsured Entities.pdf,36006,7052
2023-01-13,Central Bank of Nigeria,circulars,Guidance on Ultimate Beneficial Owners of Legal Persons and Legal Arrangements,Guidance on Ultimate Beneficial Owners of Legal Persons and Legal Arrangements,"Guidance, Beneficial Owners, Legal Persons,, Legal Arrangement, CBN, Central Bank of Nigeria, Nigeria",FPR/DIR/PUB/CIR/01/064,https://www.cbn.gov.ng/Out/2023/FPRD/Circular on Guidance Ultimate Beneficial Ownership of Legal Persons and Legal Arrangements.pdf,471552,7038
2023-01-21,Central Bank of Nigeria,circulars,Naira Redesign Policy: CBN Launches Cash Swap Programme in Rural/Underserved Areas,,"CBN, Naira Redesign, rural areas, underserved areas. Cash swap",BSD/DIR/PUB/LAB/15/022,https://www.cbn.gov.ng/Out/2023/CCD/CBN launches Cash Swap Programme.pdf,47803,7044
2023-02-07,Central Bank of Nigeria,circulars,Circular to All Banks and Other Financial Institutions and Payment Service Providers Re: Changes to the ISIL (Da'esh) & Al-Qaida Sanction List and to the United Nations Security Council Consolidated List,"ISIL Daesh, Al-Qaida, Sanction List, United Nations, Security Council, Consolidated List","Al-Qaida, Daesh, Abdul Rehman Makki, CBN AML/CFT Regulations 2022, Section 4.3, CBN Guidelines on Targeted Financial Sanctions Related to Terrorism Financing, 2022, Screen, UNSC Consolidated List, UNSC Consolidated Press Release, https://press.un.org/en/2023/sc15177.doc.htm",FPR/DIR/PUB/CIR/001/069,https://www.cbn.gov.ng/Out/2023/FPRD/Circular on the Changes to the ISIL and Al-Qaida Sanction List.pdf,292260,7054
2023-02-15,Central Bank of Nigeria,circulars,Deployment of the Pre-Shipment Inspection Agents (PIA) Portal on Stakeholder Verification Portal (SVP),Deployment of the Pre-Shipment Inspection Agents (PIA) Portal on Stakeholder Verification Portal (SVP),Deployment of the Pre-Shipment Inspection Agents (PIA) Portal,TED/FEM/PUB/FPC/001/001,https://www.cbn.gov.ng/Out/2023/TED/CIrcular for PIA Portal.pdf,482419,7059
2023-02-24,Central Bank of Nigeria,circulars,RE: Review of Tenure of Executive Management and Non-Executive Directors of Deposit Money Banks in Nigeria,CIRCULAR -Review of Tenure of Exec Management  Non-Executive Management of DMBs,"DMBs, CBN, Deposit Money Banks, Banks, EDs, MDs, DMDs, Executive Directors, Deputy Managing Directors",FPR/DIR/PUB/CIR/001/070,https://www.cbn.gov.ng/Out/2023/FPRD/CIRCULAR -Review of Tenure of Exec Mgmnt  Non-Exec Mgmnt of DMBs February 2023.pdf,656612,7081
2023-03-08,Central Bank of Nigeria,circulars,Operational Guidelines for Open Banking in Nigeria,Operational Guidelines for Open Banking in Nigeria,"Open, Banking, Guideline",PSM/DIR/CON/INM/019/098,https://www.cbn.gov.ng/Out/2023/CCD/Operational Guidelines for Open Banking in Nigeria.pdf,553915,7084
2023-03-09,Central Bank of Nigeria,circulars, Regulatory Framework for the Agent Banking in Nigeria ,,"Exposure Draft,Regulatory Framework ",PSM/DIR/CON/INM/019/098,https://www.cbn.gov.ng/Out/2023/CCD/Regulatory Framework for Agent Banking - Exposure Draft - Copy.pdf,637640,7089
2023-05-05,Central Bank of Nigeria,circulars,Guidelines for the Regulation of Representative Offices of Foreign Banks in Nigeria,Guidelines for the Regulation of Representative Offices of Foreign Banks in Nigeria,"CBN, FPRD, Guidelines for the Regulation of Representative Offices of Foreign Banks in Nigeria, Guidelines for the Regulation of Representative Offices of Foreign Banks",FPR/DIR/PUB/CIR/001/073,https://www.cbn.gov.ng/Out/2023/FPRD/CIRCULAR ON GUIDELINES FOR REPRESENTATIVE OFFICES-combined.pdf,486090,7106
2023-05-10,Central Bank of Nigeria,circulars,Operating Guidelines for RT200 Non-Oil Export Proceeds Repatriation Rebate Scheme,Operating Guidelines for RT200 Non-Oil Export Proceeds Repatriation Rebate Scheme,Guidelines for RT200 Non-Oil Export Proceeds Repatriation Rebate Scheme,TED/FEM/PUB/FPC/001/002,https://www.cbn.gov.ng/Out/2023/TED/Circular on RT200 FX Programme 11.05.23.pdf,430339,7108
2023-05-19,Central Bank of Nigeria,circulars,List of Cheque Printers and Personalizers with Valid Accreditation License,List of Cheque Printers and Personalizers with Valid Accreditation License,"Cheque, Printers",BKSD/SCO/CON/001/039,https://www.cbn.gov.ng/Out/2023/CCD/Circular to DMBs and Check Printers.pdf,266730,7112
2023-05-23,Central Bank of Nigeria,circulars,Revocation of Operating Licenses,,"Other financial institutions, operating licence",OFI/DOA/CON/OFI/005/114,https://www.cbn.gov.ng/Out/2023/CCD/Revocation of Operating Lice ONE.pdf,399862,7117
2023-05-23,Central Bank of Nigeria,circulars,Revocation of Operating Licenses ,,"Revocation, Operating License, other financial institutions",OFI/DOA/CON/OFI/005/114,https://www.cbn.gov.ng/Out/2023/CCD/Revoked License of 47 Microfinance.pdf,387809,7116
2023-06-09,Central Bank of Nigeria,circulars,RE: Circular on the Revised Nigeria Cheque Standard (NCS) and Nigeria Cheque Printers Accreditation Scheme (NICPAS),,Cheque Standard,BKS/DIR/CIR/GEN/001/001,https://www.cbn.gov.ng/Out/2023/BKSD/CIRCULAR ON REVISED NCS.pdf,289618,7155
2023-06-15,Central Bank of Nigeria,circulars,Operational Framework for eNaira Payment Option to Recipients of Diaspora Remittances ,,eNAIRA PAYMENT OPTION TO RECIPIENTS OF DIASPORA REMITTANCES ,TED/FEM/FPC/PUB/001/003,https://www.cbn.gov.ng/Out/2023/TED/TEDFEMPUBFPC001003.pdf,508030,7130
2023-06-16,Central Bank of Nigeria,circulars,Q and A on the new I & E Window,What does it mean to collapse all segments in the fx market into the investors' and Exporters' (i&e) Window,"I&E, window, FX, 43, non-eligible, two-way, quote, trade, PTA, BTA",FMD/IE/001/2023,https://www.cbn.gov.ng/Out/2023/CCD/Q and A on the New A and E.pdf,7623852,7131
2023-06-23,Central Bank of Nigeria,circulars, Guidance Note on Politically Exposed Persons (PEP),,"Guidance, PEP",FPR/DIR/PUB/CIR/007/075,https://www.cbn.gov.ng/Out/2023/CCD/Approved PEP Guidance May 2023-combined.pdf,346193,7144
2023-06-27,Central Bank of Nigeria,circulars,Guidelines for Contactless Payments in Nigeria ,,"Contactless Payments, Payments, Nigeria",PSM/DIR/PUB/CIR/001/039,https://www.cbn.gov.ng/Out/2023/CCD/Contactless Payments Guidelines.pdf,271969,7152
2023-06-27,Central Bank of Nigeria,circulars,Transaction Limits on Contactless Payments,Contactless Payment Limits  ,"Contactless, Payment Limits",PSM/DIR/PUB/CIR/001/048,https://www.cbn.gov.ng/Out/2023/CCD/Circular on Contactless Transaction Limits.pdf,24454,7151
2023-07-12,Central Bank of Nigeria,circulars,Payout Option in Naira for Receipt of Proceeds of Diaspora Remittances,Payout Option in Naira for Receipt of Proceeds of Diaspora Remittances,"Diaspora, Remittance, CBN, TED, Receipt",TED/PFO/CON/INT/007/032,https://www.cbn.gov.ng/Out/2023/CCD/TED.pdf,396412,7158
2023-07-14,Central Bank of Nigeria,circulars,"Corporate Governance Guidelines for Commercial Banks, Merchant, Non-Interest and Payment Service Banks and Financial Holding Companies in Nigeria","Circular to All Commercial Banks, Merchant, Non-Interest and Payment service Banks, and Financial Holding Companies on Corporate Governance Guidelines","Circular, Commercial Banks, Merchant, Non-Interest and Payment Service Banks, Financial Holding Companies, Corporate Governance Guidelines",FPR/DIR/PUB/CIR/001/078,https://www.cbn.gov.ng/Out/2023/FPRD/Circular and Guidelines for Corporate Governance.pdf,1341294,7161
2023-07-25,Central Bank of Nigeria,circulars,Introduction of the Pan African Payments and Settlement System (PAPSS),Introduction of the Pan African Payments and Settlement System (PAPSS),Pan African Payments and Settlement System (PAPSS),TED/FEM/PUB/FPC/01/005,https://www.cbn.gov.ng/Out/2023/TED/Circular on PAPSS.pdf,349980,7170
2023-07-31,Central Bank of Nigeria,circulars,Exemption of Primary Mortgage Banks and Microfinanace Banks from Cash Withdrawal Limits,,"Primary Mortgage Banks, Micro-finanace Banks, Cash Withdrawal Limits, MFB, PMB",PSM/DIR/PUB/CIR/001/049,https://www.cbn.gov.ng/Out/2023/CCD/Circular on Exemption of MFBs and PMBs from Cash Withdrawal Limits.pdf,218662,7171
2023-08-10,Central Bank of Nigeria,circulars,"Circular to Deposit Money Banks, Cheque Printers/Personalisers and other Stakeholders on the Accreditation of Cheque Printers",,Circular to Deposit Money Banks,BKS/SCO/CON/001/002,https://www.cbn.gov.ng/Out/2023/BKSD/UPDATED CIRCULAR ON ACP.pdf,330023,7183
2023-08-10,Central Bank of Nigeria,circulars,Re: Payout Option in Naira for Receipt of Proceeds of Diaspora Remittances,,NAIRA FOR RECEIPT OF PROCEEDS OF DIASPORA REMITTANCES ,TED/FEM/PUB/FPC/001/006,https://www.cbn.gov.ng/Out/2023/TED/TEDFEMPUBFPC001006.pdf,282244,7184
2023-08-17,Central Bank of Nigeria,circulars,Operational Mechanism for Bureau de Change Operations in Nigeria,,OPERATIONAL MECHANISM FOR BUREAUU DE CHANGE OPERATIONS IN NIGERIA,TED/FEM/PUB/FPC/001/007,https://www.cbn.gov.ng/Out/2023/TED/TEDFEMPUBFBC01007.pdf,332572,7186
2023-09-13,Central Bank of Nigeria,circulars,Rate quote and other market conduct by International Money Transfer Operators,Rate quote and other market conduct by International Money Transfer Operators,Rate quote by International Money Transfer Operators,TED/FEM/PUB/FPC/001/009,https://www.cbn.gov.ng/Out/2023/TED/Circular in respect of IMTO Rates.pdf,368289,7202
2023-10-06,Central Bank of Nigeria,circulars,Appointment of Designated Bank for the Collection of Fees under the Nigerian Export Supervision Scheme (NESS),,APPOINTMENT OF DESIGNATED BANK FOR THE COLLECTION OF FEES UNDER THE NIGERIAN EXPORT SUPERVISION SCHEME(NESS),TED/FEM/PUB/FPC/001/010,https://www.cbn.gov.ng/Out/2023/TED/TEDFEMPUBFPC001010.pdf,246018,7220
2023-10-17,Central Bank of Nigeria,circulars,Circular On The Revised Nigeria Cheque Standard (NCS) And Nigeria Cheque Printers Accreditation Scheme (NICPAS) MICR Rejects.,Circular On The Revised Nigeria Cheque Standard (NCS) And Nigeria Cheque Printers Accreditation Scheme (NICPAS) MICR Rejects.,Revised Nigeria Cheque Standard (NCS),BKS/DIR/CIR/GEN/001/003,https://www.cbn.gov.ng/Out/2023/CCD/Circular On The Revised Nigeria Cheque Standard (NCS) And Nigeria Cheque Printers Accreditation Scheme (NICPAS) MICR Rejects.pdf,266747,7229
2023-12-01,Central Bank of Nigeria,circulars,"Circular on Tier 1 Wallets and Accounts, Guidance Note and Profiling of All Customer Accounts/Wallets ","Circular on Tier 1 Wallets: Mandatory Use of Bank Verification Number (BVN) or National Identification Number (NIN). Guidance Note: Enrolment of New Customer Accounts/Wallets with Validated BVN/NIN, and Profiling of All Customers' Accounts/Wallets in NIBSS' Industry Customer Account Database (ICAD)","Circular on Tier 1 Wallets: Mandatory Use of Bank Verification Number (BVN) or National Identification Number (NIN). Guidance Note: Enrolment of New Customer Accounts/Wallets with Validated BVN/NIN, and Profiling of All Customers' Accounts/Wallets in NIBSS' Industry Customer Account Database (ICAD)",PSM/DIR/PUB/CIR/001/053,"https://www.cbn.gov.ng/Out/2023/PSMD/Circular on Tier 1 Wallets & Accounts, Guidance Note & Profiling of Customers' Accounts & Wallets.pdf",897648,7303
2023-12-07,Central Bank of Nigeria,circulars,"Requirement to Display Corporate Names on Websites, Portals, Applications and Other Online Business Platforms","CIRCULAR TO BANKS, OTHER FINANCIAL INSTITUTIONS, PAYMENT SERVICES PROVIDERS AND INTERNATIONAL MONEY TRANSFER OPERATORS","FPRD, Financial Policy and Regulation Department, Policy and Regulation Division, Circular, Corporate Names, Online Business Platforms",FPR/PRD/CIR/INT/001/003,https://www.cbn.gov.ng/Out/2023/FPRD/Circular_Display corporate names on Website and portals.pdf,295083,7311
2023-12-08,Central Bank of Nigeria,circulars,Additional Know Your Customer Requirement in Respect of Non-Profit Organizations,CIRCULAR TO BANKS AND OTHER FINANCIAL INSTITUTIONS,"KYC, NPOS, KNOW YOUR CUSTOMERS, CIRCULAR, NON-PROFIT ORGANIZATIONS, FPRD, AML/CFT/CPF",FPR/DIR/PUB/CIR/002/002,https://www.cbn.gov.ng/Out/2023/FPRD/ADDITIONAL KNOW YOUR CUSTOMER REQUIREMENT IN RESPECT OF NON-PROFIT ORGANIZATIONS.pdf,216503,7310
2023-12-29,Central Bank of Nigeria,circulars,Approved Communication Channels for Transaction with Financial Markets Department,Approved Communication Channels for Transaction with Financial Markets Department,Approved Communication Channels for Transaction with Financial Markets Department,FMD/DIR/PUB/CIR/001/009,https://www.cbn.gov.ng/Out/2023/FMD/Circular.pdf,546446,7326
2023-12-29,Central Bank of Nigeria,circulars,Authorized Financial Markets Signatories and Dealing Mandates,Authorized Financial Markets Signatories and Dealing Mandates,Authorized Financial Markets Signatories and Dealing Mandates,FMD/DIR/PUB/CIR/001/008,https://www.cbn.gov.ng/Out/2023/FMD/Central Bank of Nigeria Financial Markets Department.pdf,776233,7325
2024-01-02,Central Bank of Nigeria,circulars,Guidelines on Operations of Bank Accounts for Virtual Assets Service Providers (VASPs),"Operations, Bank Accounts, Virtual Assets Service Providers (VASPs), AML","Operations, Bank Accounts, Virtual Assets Service Providers (VASPs), AML",FPR/DIR/PUB/CIR/002/003,https://www.cbn.gov.ng/Out/2024/FPRD/GUIDELINES ON OPERATIONS OF BANK ACCOUNTS FOR VIRTUAL Asset Providers.pdf,397704,7327
2024-01-29,Central Bank of Nigeria,circulars,Circular to All Authorised Dealers - Financial Markets Price Transparency,,"financial markets, authorized dealers, 2024, fx, money markets",FMD/DIR/PUB/CIR/001/011,https://www.cbn.gov.ng/Out/2024/FMD/Circular to post.pdf,739319,7340
2024-01-31,Central Bank of Nigeria,circulars,Harmonisation of Reporting Requirements on Foreign Currency Exposures of Banks,HARMONISATION OF REPORTING REQUIREMENTS ON FOREIGN CURRENCY EXPOSURES OF BANKS,REPORTING REQUIREMENTS ON FOREIGN CURRENCY EXPOSURES OF BANKS,TED/FEM/PUB/FPC/001/001,https://www.cbn.gov.ng/Out/2024/TED/Circular on Foreign Currency Exposure of Banks.pdf,410405,7343
2024-01-31,Central Bank of Nigeria,circulars,Removal of Allowable Limit of Exchange Rate Quoted by the International Money Transfer Operators,REMOVAL OF ALLOWABLE LIMIT OF EXCHANGE RATE QUOTED BY THE INTERNATIONAL MONEY TRANSFER OPERATORS,ALLOWABLE LIMIT OF EXCHANGE RATE QUOTED BY THE INTERNATIONAL MONEY TRANSFER OPERATORS,TED/FEM/FPC/GEN/001/003,https://www.cbn.gov.ng/Out/2024/TED/Circular on allowable limit of exchange rate quoted by IMTOs.pdf,333262,7346
2024-01-31,Central Bank of Nigeria,circulars,Reviewed Guidelines of International Money Transfer Services in Nigeria,REVIEWED GUIDELINES OF INTERNATIONAL MONEY TRANSFER SERVICES IN NIGERIA,GUIDELINES OF INTERNATIONAL MONEY TRANSFER SERVICES,TED/FEM/FPC/GEN/001/002,"https://www.cbn.gov.ng/Out/2024/TED/Revised IMTO Guidelines - January, 2024.pdf",568863,7345
2024-02-02,Central Bank of Nigeria,circulars,Cash Reserve Requirement (CRR) Framework Implementation Guidelines,CASH RESERVE REQUIREMENT FRAMEWORK IMPLEMENTATION GUIDELINES,CASH RESERVE REQUIREMENT FRAMEWORK IMPLEMENTATION GUIDELINES,BSD/DIR/PUB/LAB/016/027,"https://www.cbn.gov.ng/Out/2024/BSD/Cash Reserve Requirement Framework Implementation Guidelines February 2, 2024.pdf",291673,7349
2024-02-08,Central Bank of Nigeria,circulars,Removal of the spread on Foreign Exchange Transaction,,Foreign Exchange Transaction,FMD/DIR/PUB/CIR/001/012,https://www.cbn.gov.ng/Out/2024/FMD/FMD circular.pdf,226881,7355
2024-02-14,Central Bank of Nigeria,circulars,Allowable Channels for Payout of Personal Travel Allowance (PTA) and Business Travel Allowance (BTA),Allowable Channels for Payout of Personal Travel Allowance (PTA) and Business Travel Allowance (BTA),Allowable Channels for Payout of Personal Travel Allowance (PTA) and Business Travel Allowance (BTA),TED/FEM/PUB/FPC/001/006,https://www.cbn.gov.ng/Out/2024/TED/Circular on PTA and BTA.pdf,261915,7359
2024-02-14,Central Bank of Nigeria,circulars,Allowable Deviation Limit on The Price Verification System,Allowable Deviation Limit on The Price Verification System,Allowable Deviation Limit on The Price Verification System,TED/FEM/PUB/FPC/001/005,https://www.cbn.gov.ng/Out/2024/TED/Circular on allowable deviation on PVS.pdf,282292,7358
2024-02-14,Central Bank of Nigeria,circulars,Requirements for Foreign Currency Cash Pooling on behalf of International Oil Companies (IOCs) in Nigeria,Requirements for Foreign Currency Cash Pooling on behalf of International Oil Companies (IOCs) in Nigeria,Requirements for Foreign Currency Cash Pooling on Behalf of International Oil Companies (IOCs) in Nigeria,TED/FEM/PUB/FPC/001/004,https://www.cbn.gov.ng/Out/2024/TED/Circular on Cash Pooling.pdf,335972,7357
2024-02-23,Central Bank of Nigeria,circulars,Foreign Exchange Rates for Import Duty Assessment,Foreign Exchange Rates for Import Duty Assessment,Foreign Exchange Rates for Import Duty Assessment,TED/FEM/PUB/FPC/001/007,https://www.cbn.gov.ng/Out/2024/TED/TEDFEMPUBFPC001007.pdf,391465,7363
2024-02-23,Central Bank of Nigeria,circulars,Revised Regulatory and Supervisory Guidelines for Bureau De Change Operations in Nigeria,"BDC, Guidelines, Revised Regulatory, Supervisory","BDC, Bureau De Change, Guidelines, Revised Regulatory, Supervisory",FPR/DIR/PUB/CIR/002/006,https://www.cbn.gov.ng/Out/2024/FPRD/Revised Regulatory and Supervisory Guidelines for Bureau De Change Operations in Nigeria.pdf,835533,7364
2024-02-26,Central Bank of Nigeria,circulars,Mandatory Reporting of Foreign Exchange Transactions ,,Mandatory Reporting of Foreign Exchange Transactions,FMD/DIR/CON/OGC/035/141,https://www.cbn.gov.ng/Out/2024/FMD/Circular on FX.pdf,786144,7367
2024-02-27,Central Bank of Nigeria,circulars,Industry Dispute Resolution System - Notification of Go-Live,Industry Dispute Resolution System - Notification of Go-Live,"Industry Dispute Resolution System, Notification, Go-Live",PSM/DIR?CON/CWO/048/071,https://www.cbn.gov.ng/Out/2024/CCD/IDRS NOTIFICATION OF GO-LIVE DATE_21022024170605.pdf,225031,7370
2024-02-27,Central Bank of Nigeria,circulars,Sales of Foreign Exchange to Bureau De Change Operators to Meet Retail Demand for Eligible Invisible Transactions,,Sales of Foreign Exchange to Bureau De Change Operators to Meet Retail Demand for Eligible Invisible Transactions,TED/DIR/CON/GOM/001/066,https://www.cbn.gov.ng/Out/2024/TED/TEDDIRCONGOM001066.pdf,337649,7369
2024-03-05,Central Bank of Nigeria,circulars,Letter to all Development Finance Institutions - Late and Non-Rendition of Statutory Monthly Returns to the Central Bank of Nigeria through the FinA Application,Letter to all Development Finance Institutions - Late and Non-Rendition of Statutory Monthly Returns to the Central Bank of Nigeria through the FinA Application,"CBN, FPRD, DFIs, Letter to all Development Finance Institutions, Rendition of Returns",FPR/DIR/PUB/LET/001/021,https://www.cbn.gov.ng/Out/2024/FPRD/LETTER TO DFIs.pdf,475563,7383
2024-03-05,Central Bank of Nigeria,circulars,Letter to all Microfinance Banks - Late and Non-Rendition of Statutory Monthly Returns to the Central Bank of Nigeria through the FinA Application,Letter to all Microfinance Banks - Late and Non-Rendition of Statutory Monthly Returns to the Central Bank of Nigeria through the FinA Application,"CBN, FPRD, MFBs, Letter to all Microfinance Banks - Late and Non-Rendition of Statutory Monthly Returns to the Central Bank of Nigeria through the FinA Application, Rendition of Returns",FPR/DIR/PUB/LET/001/023,https://www.cbn.gov.ng/Out/2024/FPRD/LETTER TO MFBs.pdf,503830,7385
2024-03-05,Central Bank of Nigeria,circulars,Letter to all Primary Mortgage Banks - Late and Non-Rendition of Statutory Monthly Returns to the Central Bank of Nigeria through the FinA Application,Letter to all Primary Mortgage Banks - Late and Non-Rendition of Statutory Monthly Returns to the Central Bank of Nigeria through the FinA Application ,"CBN,FPRD, PMBs, Letter to all Primary Mortgage Banks - Late and Non-Rendition of Statutory Monthly Returns to the Central Bank of Nigeria through the FinA Application, Late and Non-Rendition of Statutory Monthly Returns to the Central Bank of Nigeria through the FinA Application, Rendition of Returns",FPR/DIR/PUB/LET/001/022,https://www.cbn.gov.ng/Out/2024/FPRD/LETTER TO PMBs.pdf,506361,7384
2024-03-08,Central Bank of Nigeria,circulars,The Revised Guidelines for Blacklisting for Banks and Other Financial Institutions in Nigeria,THE REVISED GUIDELINES FOR BLACKLISTING FOR BANKS AND OTHER FINANCIAL INSTITUTIONS IN NIGERIA,THE REVISED GUIDELINES FOR BLACKLISTING FOR BANKS AND OTHER FINANCIAL INSTITUTIONS IN NIGERIA,BSD/DIR/PUB/LAB/017/002,https://www.cbn.gov.ng/Out/2024/BSD/Revised Guidelines for Blacklisting for Banks and Other Financial Institutions in Nigeria - FINAL.pdf,886537,7409
2024-03-12,Central Bank of Nigeria,circulars,Superseded Circulars/Guidelines (REVIEWED),SUPERSEDED CIRCULARS/GUIDELINES (REVIEWED),SUPERSEDED CIRCULARS/GUIDELINES,FMD/DIR/PUB/CIR/001/010,https://www.cbn.gov.ng/Out/2024/FMD/Superceded Circulars and Guidelines (reviewed).pdf,949329,7390
2024-03-14,Central Bank of Nigeria,circulars,Re: Impact of Recent Policy Reforms-Prudential Guidance to the Banking Sector,Re: Impact of Recent Policy Reforms-Prudential Guidance to the Banking Sector,"Reforms, Prudential, Guidance",BSD/DIR/PUB/LAB/017/003,https://www.cbn.gov.ng/Out/2024/CCD/RE IMPACT OF RECENT POLICY REFORMS-PRUDENTIAL GUIDANCE TO THE BANKING SECTOR.pdf,191621,7391
2024-03-28,Central Bank of Nigeria,circulars,"Review of Minimum Capital Requirements for Commercial, Merchant and Non-Interest Banks in Nigeria",,"Minimum Capital Requirements, Review,  Commercial, Merchant, and Non-Interest Banks ",FPR/DIR/PUB/CIR/002/009,https://www.cbn.gov.ng/Out/2024/CCD/Recapitalization_MARCH_2024.pdf,226495,7414
2024-04-08,Central Bank of Nigeria,circulars,Letter to all Banks- The Use of Foreign- Currency Denominated Collaterals for Naira Loans,,"Letter to all Banks, Use of Foreign -Currency, Naira Loans",BSD/DIR/PUB/LAB/017/004,https://www.cbn.gov.ng/Out/2024/CCD/LETTER TO ALL BANKS- THE USE OF FOREIGN CURRENCY DENOMINATED COLLATERALS.pdf,85044,7417
2024-04-08,Central Bank of Nigeria,circulars,Sales of FX to BDCs to Meet Retail Market Demand for Eligible Invisible Transactions,Sales of FX to BDCs to Meet Retail Market Demand for Eligible Invisible Transactions,"FX, BDC",TED/DIR/CON/GOM/001/073,https://www.cbn.gov.ng/Out/2024/CCD/Sales of FX to BDCs to Meet Retail Market.pdf,1728421,7416
2024-04-18,Central Bank of Nigeria,circulars,RE: Regulatory Measures to Improve Lending to the Real Sector of the Nigerian Economy,,"Regulatory Measures, Lending, Real Sector, Nigerian Economy",BSD/DIR/PUB/LAB/017/005,https://www.cbn.gov.ng/Out/2024/CCD/RE-REGULATORY MEASURES TO IMPROVE LENDING TO THE REAL SECTOR APRIL 2024.PDF,260136,7420
2024-04-22,Central Bank of Nigeria,circulars,Sale of FX to BDCs to Meet Market Demand (Retail-End) for Invisible Transactions,Sale of FX to BDCs to Meet Market Demand (Retail-End) for Invisible Transactions,"FX, BDCs, Market Demand, Transactions",TED/FEM/PUB/FPC/001/013,https://www.cbn.gov.ng/Out/2024/CCD/Sale of FX to BDCs 22nd April 2024.pdf,712877,7437
2024-05-06,Central Bank of Nigeria,circulars,Further Clarifications on The Circular on Cash Pooling of  Repatriated Oil And Gas Export Proceeds by International Oil Companies (IOCS),,FURTHER CLARIFICATIONS ON THE CIRCULAR ON CASH POOLING OF  REPATRIATED OIL AND GAS EXPORT PROCEEDS BY INTERNATIONAL OIL COMPANIES (IOCs),TED/FEM/PUB/FPC/001/008,https://www.cbn.gov.ng/Out/2024/TED/TEDFEMPUBFPC001008.pdf,304690,7450
2024-05-06,Central Bank of Nigeria,circulars,"RE: Cybercrimes (Prohibition, Prevention, etc) (Amendment) Act 2024 - Implementation Guidance on the Collection and Remittance of the National Cybersecurity Levy",,"Cybercrimes, Prohibition, Prevention, Amendment, Act- Implementation Guidance, Collection, Remittance, National Cybersecurity Levy",PSM/DIR/PUB/LAB/017/004,https://www.cbn.gov.ng/Out/2024/CCD/CIRCULAR REF PSMDIRPUBLAB017004 06052024.pdf,800500,7452
2024-05-07,Central Bank of Nigeria,circulars,"List of Deposit Money Banks and Other Financial Institutions as of 26th April, 2024 ",,DMBs,FPR/LAD/INT/EFC/011/048,"https://www.cbn.gov.ng/Out/2024/CCD/LIST OF DEPOSIT MONEY BANKS AS AT 26TH APRIL, 2024 (1).pdf",43310,7453
2024-05-08,Central Bank of Nigeria,circulars,Re: Processing Fees on Cash Deposits, Processing Fees on Cash Deposits,"Cash Deposits, Banks, Financial Institutions ",BSD/DIR/PUB/LAB/017/007,https://www.cbn.gov.ng/Out/2024/CCD/PROCESSING FEES ON CASH DEPOSITS- MAY 2024.pdf,103296,7454
2024-05-13,Central Bank of Nigeria,circulars,Appointment of Pre-Shipment Inspection Agents (PIAs) and Monitoring & Evaluation Agents (MEAs) for Crude-Oil/Gas Exports,,"APPOINTMENT OF PRE-SHIPMENT INSPECTION AGENTS (PIAs) AND MONITORING
AND EVALUATION AGENTS (MEAs) FOR CRUDE-OIL/GAS EXPORTS
",TED/FEM/PUB/FPC/001/014,https://www.cbn.gov.ng/Out/2024/TED/TEDFEMPUBFPC001014.pdf,446274,7456
2024-05-17,Central Bank of Nigeria,circulars,"RE: Cybercrimes (Prohibition, Prevention, etc) (Amendment) Act 2024 - Implementation Guidance on the Collection and Remittance of the National Cybersecurity Levy",,"RE: Cybercrimes (Prohibition, Prevention, etc) (Amendment) Act 2024 - Implementation Guidance on the Collection and Remittance of the National Cybersecurity Levy",PSM/DIR/PUB/LAB/017/005,https://www.cbn.gov.ng/Out/2024/CCD/WITHDRAWAL CIRCULAR ON CYBERSECURITY LEVY 17052024.pdf,215327,7463
2024-05-22,Central Bank of Nigeria,circulars,Regulatory and Supervisory Guidelines for Bureaux De Change Operations in Nigeria,Regulatory and Supervisory Guidelines for Bureaux De Change Operations in Nigeria,"Regulatory, Supervisory, Guidelines, BDC, Bureau De Change, New, 2024",FPR/DIR/PUB/CIR/002/010,https://www.cbn.gov.ng/Out/2024/FPRD/APPROVED BDC GUIDELINES May 22 2024.pdf,622870,7465
2024-05-31,Central Bank of Nigeria,circulars,Central Bank of Nigeria Risk-Based Cybersecurity Framework and Guidelines for  Deposit Money Banks and Payment Service Banks,Central Bank of Nigeria Risk-Based Cybersecurity Framework and Guidelines for  Deposit Money Banks and Payment Service Banks,CENTRAL BANK OF NIGERIA RISK-BASED CYBERSECURITY FRAMEWORK AND GUIDELINES FOR  DEPOSIT MONEY BANKS AND PAYMENT SERVICE BANKS ,BSD/DIR/PUB/LAB/017/008,https://www.cbn.gov.ng/Out/2024/BSD/CBN Risk-Based Cybersecurity Framework for DMBs and PSBs_2024.pdf,1054769,7507
2024-05-31,Central Bank of Nigeria,circulars,RE: Further Clarifications on the Circular on Cash Pooling of Repatriated Oil And Gas Export Proceeds by International Oil Companies (IOCs),,RE: FURTHER CLARIFICATIONS ON THE CIRCULAR ON CASH POOLING OF REPATRIATED OIL AND GAS EXPORT PROCEEDS BY INTERNATIONAL OIL COMPANIES (IOCs),TED/FEM/PUB/FPC/001/017,https://www.cbn.gov.ng/Out/2024/TED/TEDFEMPUBFPC001017.pdf,269989,7471
2024-06-24,Central Bank of Nigeria,circulars,New Measures to Enhance Local Currency Liquidity for Settlement of Diaspora Remittances,NEW MEASURES TO ENHANCE LOCAL CURRENCY LIQUIDITY FOR SETTLEMENT OF DIASPORA REMITTANCES,NEW MEASURES TO ENHANCE LOCAL CURRENCY LIQUIDITY FOR SETTLEMENT OF DIASPORA REMITTANCES,TED/FEM/PUB/FPC/001/019,https://www.cbn.gov.ng/Out/2024/TED/Circular iro new measures for settlement of diaspora remittances.pdf,424885,7511
2024-06-26,Central Bank of Nigeria,circulars,Discontinuation of the Central Bank of Nigeria Price Verification System Portal,DISCONTINUATION OF THE CENTRAL BANK OF NIGERIA PRICE VERIFICATION SYSTEM PORTAL,DISCONTINUATION OF THE CENTRAL BANK OF NIGERIA PRICE VERIFICATION SYSTEM PORTAL,TED/FEM/PUB/FPC/001/020,https://www.cbn.gov.ng/Out/2024/TED/Circular on discontinuation of the CBN PVS Portal.pdf,293896,7512
2024-06-28,Central Bank of Nigeria,circulars,Revised Guidelines for the Deposit of Foreign Currency at Lagos and Abuja Branches by Deposit Money Banks (DMBs),,"Revised, Guidelines",COD/DIR/INT/CIR/001/016,https://www.cbn.gov.ng/Out/2024/CCD/Revised Guidlines for Deposit of Foreign Currency.pdf,152751,7513
2024-06-30,Central Bank of Nigeria,circulars,"Money Laundering, Terrorism Financing and Proliferation Financing: Risk Assessment Report of Banks and Other Financial Institutions","Money Laundering, Terrorism Financing and Proliferation Financing: Risk Assessment Report of Banks and Other Financial Institutions","CBN Risk Assessment Report of Banks and Other Financial Institutions, AML/CFT/CPF, ML/FT/PF",FPR/DIR/PUB/CIR/001/003,https://www.cbn.gov.ng/Out/2025/FPRD/Risk Assessment Report - Abridged.pdf,10512926,7724
2024-07-01,Central Bank of Nigeria,circulars,The Rejection of Old/Lower Denomination of United States Dollar by Deposit Money Banks (DMBs)/Forex Dealers,,Rejection of Old/Lower USD by DMBs/FX Dealers,COD/DIR/INT/CIR/001/017,https://www.cbn.gov.ng/Out/2024/COD/THE REJECTION OF OLD & LOWER DENOMINATION OF USD BY DMBS AND FX DEALERS.pdf,237587,7514
2024-07-03,Central Bank of Nigeria,circulars,Penalties for Rejection of Over Circulated/Mutilated Banknotes by Deposit Money Banks,,Rejection of Over Circulated/Mutilated Banknotes by DMB's ,COD/DIR/INT/CIR/001/018,https://www.cbn.gov.ng/Out/2024/COD/PENALTIES FOR REJECTION OF OVERCIRCULATED BANKNOTES.pdf,40021,7517
2024-07-12,Central Bank of Nigeria,circulars,FX SPOT Sales of US$122.671 Million to Authorized Dealers,,FX SPOT SALES FOR TRADE-BACKED TRANSACTIONS,FMD/GEN/CIR/01/2024-07-12,https://www.cbn.gov.ng/Out/2024/FMD/FX SPOT SALES.pdf,1417896,7534
2024-07-18,Central Bank of Nigeria,circulars,Sales of Foreign Exchange to BDCs to Meet Retail Market Demand for Eligible Invisible Transactions ,,FX SALES TO BDC FOR ELIGIBLE INVISIBLE TRANSACTION,TED/FEM/PUB/FPC/001/024,https://www.cbn.gov.ng/Out/2024/TED/TEDFEMPUBFPC001024.pdf,343300,7541
2024-07-19,Central Bank of Nigeria,circulars,FX SPOT Sales of US$106.5 Million to Authorized Dealers,,FX SPOT SALES ,FMD/CIR/GEN/01/19-07-2024,https://www.cbn.gov.ng/Out/2024/FMD/CIRCULAR ON FX SPOT SALES 19 JULY 2024.pdf,,7545
2024-07-19,Central Bank of Nigeria,circulars,"Guidelines on the Management of Dormant Accounts, Unclaimed Balances and Other Financial Assets in Banks and Other Financial Institutions in Nigeria ","Guidelines on the Management of Dormant Accounts, Unclaimed
Balances and Other Financial Assets in Banks and Other Financial
Institutions in Nigeria 
","Guidelines, CBN, Banks, Other Financial Institutions, Unclaimed Balances, Dormant Accounts",FPR/DIR/PUB/CIR/002/011,https://www.cbn.gov.ng/Out/2024/FPRD/Circular_Guidelines on Mgt of dormant account and unclaimed funds-combined.pdf,616243,7542
2024-07-26,Central Bank of Nigeria,circulars,"Frequently Asked Questions (FAQs) on the Guidelines for the Management of Dormant Accounts, Unclaimed Balances and Other Financial Assets in Banks and Other Financial Institutions in Nigeria","Frequently Aked Questions (FAQs) on the Guidelines for the Management of Dormant Accounts, Unclaimed Balances and Other Financial Assets in Banks and Other Financial Institutions in Nigeria","CBN, FPRD, FAQS, FAQS on Dormant Accounts Guidelines",FPR/DIR/PUB/CIR/002/012,https://www.cbn.gov.ng/Out/2024/FPRD/FAQs - Guidelines on Dormant Account and Unclaimed Balances - July 25 2024 .pdf,210436,7554
2024-08-07,Central Bank of Nigeria,circulars,"The Result of the Retail Foreign Exchange (FX) Sale to End Users Through Retail Dutch Auction Undertaken by the Central Bank of Nigeria (CBN) on Tuesday, August 06, 2024","The Result of the Retail Foreign Exchange (FX) Sale to End Users Through Retail Dutch Auction Undertaken by the Central Bank of Nigeria (CBN) on Tuesday, August 06, 2024","CBN, Dutch, Auction",FMD/DutchAuction,https://www.cbn.gov.ng/Out/2024/CCD/Result of Dutch Auction.pdf,887544,7559
2024-08-08,Central Bank of Nigeria,circulars,Circular on Memorandum 20 - 22 of the Foreign Exchange Manual,CIRCULAR ON MEMORANDUM 20 - 22 OF THE FOREIGN EXCHANGE MANUAL,CIRCULAR ON MEMORANDUM 20 - 22 OF THE FOREIGN EXCHANGE MANUAL,TED/FEM/PUB/FPC/001/025,https://www.cbn.gov.ng/Out/2024/TED/Circular on Memorandum 20-22 of FX Manual.pdf,252554,7561
2024-08-09,Central Bank of Nigeria,circulars,"Results of the Retail FX Sales to End User through Authorised Dealer Banks via the Retail Dutch Auction System (RDAS) by the Central Bank of Nigeria held on August 06, 2024","RESULT OF THE RETAIL FX SALES TO END USER THROUGH AUTHORISED DEALER BANKS VIA THE RETAIL DUTCH AUCTION SYSTEM (RDAS) BY THE CENTRAL BANK OF NIGERIA HELD ON AUGUST 06, 2024","RESULT OF THE RETAIL FX SALES TO END USER THROUGH AUTHORISED DEALER BANKS VIA THE RETAIL DUTCH AUCTION SYSTEM (RDAS) BY THE CENTRAL BANK OF NIGERIA HELD ON AUGUST 06, 2024","AUGUST 06,2024",https://www.cbn.gov.ng/Out/2024/FMD/RESULTS OF FX SALES.pdf,2552950,7562
2024-08-09,Central Bank of Nigeria,circulars,"The Result of the Retail Foreign Exchange (FX) Sale to End Users through Retail Dutch Auction undertaken by the Central Bank of Nigeria (CBN), on Tuesday, August 06, 2024 (CONT.)","RESULT OF THE RETAIL FX SALES TO END USER THROUGH AUTHORISED DEALER BANKS VIA THE RETAIL DUTCH AUCTION SYSTEM (RDAS) BY THE CENTRAL BANK OF NIGERIA HELD ON AUGUST 06, 2024","RESULT OF THE RETAIL FX SALES TO END USER THROUGH AUTHORISED DEALER BANKS VIA THE RETAIL DUTCH AUCTION SYSTEM (RDAS) BY THE CENTRAL BANK OF NIGERIA HELD ON AUGUST 06, 2024","AUGUST 06,2024","https://www.cbn.gov.ng/Out/2024/FMD/CBN RETAIL DUTCH AUCTION SYSTEM (RDAS) AUGUST 06, 2024 - SALES REPORT.pdf",2420120,7563
2024-08-26,Central Bank of Nigeria,circulars,CIRCULAR TO AUTHORISED DEALERS: Operationalization of the Standing Deposit Facility (SDF) Asymmetric Corridor,Operationalization of the Standing Deposit Facility (SDF) Asymmetric Corridor,CIRCULAR TO AUTHORISED DEALERS,FMD/DIR/PUB/CIR/001/017,https://www.cbn.gov.ng/Out/2024/FMD/CIRCULAR 017.pdf,753568,7577
2024-08-26,Central Bank of Nigeria,circulars,CIRCULAR TO AUTHORISED DEALERS: The Standing Lending Facility to be at 31.75 Percent as Approved at the 296th Meeting of the Monetary Policy Committee (MPC),THE STANDING LENDING FACILITY TO BE AT 31.75 PERCENT AS APPROVED AT THE 296TH MEETING OF THE MOETARY POLICY COMMITTEE (MPC),CIRCULAR TO AUTHORISED DEALERS,FMD/DIR/PUB/CIR/001/016,https://www.cbn.gov.ng/Out/2024/FMD/CIRCULAR 016.pdf,796924,7576
2024-09-06,Central Bank of Nigeria,circulars,Sales of Foreign Exchange to BDCs to meet Retail Market Demand for Eligible Invisible Transactions,SALES OF FOREIGN EXCHANGE TO BDCs TO MEET RETAIL MARKET DEMAND FOR ELIGIBLE INVISIBLE TRANSACTIONS ,SALES OF FOREIGN EXCHANGE TO BDCs TO MEET RETAIL MARKET DEMAND FOR ELIGIBLE INVISIBLE TRANSACTIONS ,TED/FEM/PUB/FPC/001/026,https://www.cbn.gov.ng/Out/2024/TED/Circular iro FX Intervention to BDCs.pdf,260616,7582
2024-09-12,Central Bank of Nigeria,circulars,Circular to All Payment Service Providers (PSPs) on Connectivity to Payment Terminal Service Aggregators,,"PSPs, PTSA",PSD/MTC/INT/ADV/005/077,https://www.cbn.gov.ng/Out/2024/CCD/Payment Terminal Service Aggregators.pdf,389469,7594
2024-09-25,Central Bank of Nigeria,circulars,Sales of Foreign Exchange to BDCs to meet Retail Market Demand for Eligible Invisible Transactions,,"SALES OF FOREIGN EXCHANGE TO BDCs TO MEET RETAIL MARKET
	DEMAND FOR ELIGIBLE INVISIBLE TRANSACTIONS 
",TED/FEM/PUB/FPC/001/028,https://www.cbn.gov.ng/Out/2024/TED/TEDFEMPUBFPC001028.pdf,279845,7604
2024-10-03,Central Bank of Nigeria,circulars,Introduction of the Electronic Foreign Exchange Matching System (EFEMS) in the Interbank Foreign Exchange Market,Introduction of the Electronic Foreign Exchange Matching System (EFEMS) in the Interbank Foreign Exchange Market,"CIRCULAR, Interbank, ELECTRONIC, FOREIGN EXCHANGE MATCHING SYSTEM (EFEMS)IN THE INTERBANK FOREIGN EXCHANGE MARKET","October 3, 2024",https://www.cbn.gov.ng/Out/2024/FMD/INTRODUCTION OF THE ELECTRONIC FOREIGN EXCHANGE MATCHING SYSGEM (EFEMS) IN THE INTERBANK FOREIGN EXCHANGE MARKET.pdf,899182,7616
2024-10-03,Central Bank of Nigeria,circulars,Nigeria Foreign Exchange (FX) Code Book - EXPOSURE DRAFT - ,"NIGERIA FOREIGN EXCHANGE (FX) CODE
OCTOBER 2024
","NIGERIA FOREIGN EXCHANGE (FX) CODE

A set of principles of good practice in the Nigerian Foreign Exchange Market (NFEM)
","October 3, 2024",https://www.cbn.gov.ng/Out/2024/FMD/CENTRAL BANK OF NIGERIA FX CODE.pdf,519767,7615
2024-10-04,Central Bank of Nigeria,circulars,"FX Spot Sales of US$543.5 Million to Authorised Dealers from September 06-30, 2024.",,"FX SPOT SALES, US$543.5 MILLION, Authorised Dealers, September 06-30, 2024.",FMD/DIR/INT/CCD/001/036,https://www.cbn.gov.ng/Out/2024/FMD/FX SPOT SALES OF USD$543.5 MILLION.pdf,7139658,7618
2024-10-09,Central Bank of Nigeria,circulars,Reviewed guidelines for Bullion Contributors,,"Bullion. guidelines, contributors",CCD\BUL\GEN\01\09-10-2024,https://www.cbn.gov.ng/Out/2024/CCD/Reveiwed guidelines for Bullion Cnotributors.pdf,153044,7620
2024-11-05,Central Bank of Nigeria,circulars,"Circular To All Commercial, Merchant and Non-Interest Banks on Implementation of the Foreign Currency Disclosure, Deposit, Repatriation and Investment Scheme, 2024","Circular To All Commercial, Merchant and Non-Interest Banks on Implementation of the Foreign Currency Disclosure, Deposit, Repatriation and Investment Scheme, 2024","Circular, Banks, Merchant, Non-Interest Banks, repatriation, Foreign Currency, Deposit, Repatriation , Investment",FPR/DIR/PUB/CIR/002/013,https://www.cbn.gov.ng/Out/2024/FPRD/Guidelines on the Implementation of Foreign Currency Disclosure Deposit Repatriation and Investment Scheme.pdf,570148,7633
2024-11-15,Central Bank of Nigeria,circulars,Mystery Shopping and Spot Checks on Cash Requirement Activities of Deposit Money Banks (DMBs),,"Mystery Shopping, Spot Checks, Cash Requirement Activities, DMBs",COD/DIR/INT/CIR/001/021,https://www.cbn.gov.ng/Out/2024/CCD/MysteryShopping.pdf,54998,7650
2024-11-25,Central Bank of Nigeria,circulars,Guidelines for the Electronic Foreign Exchange Matching System (EFEMS),,Guidelines for the Electronic Foreign Exchange Matching System (EFEMS),FMD/DIR/CON/OGC/038/151,https://www.cbn.gov.ng/Out/2024/FMD/Guidelines for the EFEMS.pdf,2010002,7661
2024-11-25,Central Bank of Nigeria,circulars,Implementation of the Bloomberg BMATCH System for Foreign Exchange Trading,,Implementation of the Bloomberg BMATCH System for Foreign Exchange Trading,FMD/DIR/CON/OGC/038/150,https://www.cbn.gov.ng/Out/2024/FMD/IMPLEMENTATION OF BMATCH.pdf,2010002,7660
2024-11-29,Central Bank of Nigeria,circulars,Revised Guidelines for The Nigeria Foreign Exchange Market (NFEM),,REVISED GUIDELINES FOR THE NIGERIA FOREIGN EXCHANGE MARKET (NFEM),FMD/DIR/CON/OGC/040/0012,https://www.cbn.gov.ng/Out/2024/FMD/REVISED GUIDELINES FOR THE (NFEM).pdf,2362679,7670
2024-11-29,Central Bank of Nigeria,circulars,Superseded Circular - Operationalisation of The Standing Deposit Facility (SDF) Asymmetric Corridor: Post 298th Meeting of The MPC,,SUPERSEDED CIRCULAR - OPERATIONALISATION OF THE STANDING DEPOSIT FACILITY (SDF) ASYMMETRIC CORRIDOR: POST 298TH MEETING OF THE MONETARY POLICY COMMITTE (MPC),FMD/DIR/PUB/CIR/001/022,https://www.cbn.gov.ng/Out/2024/FMD/SUPERSEDED CIRCULAR.pdf,813578,7669
2024-12-03,Central Bank of Nigeria,circulars,Cash Availability Over the Counter in Deposit Money Banks (DMBs) and Automated Teller Machines (ATMs),,"Cash Availability, Over the Counter, DMBs. ATMs ",COD/DIR/INT/CIR/001/023,https://www.cbn.gov.ng/Out/2024/CCD/CIRCULAR ON CASH AVAILABILITY.pdf,148600,7674
2024-12-13,Central Bank of Nigeria,circulars,Updated Penalty on Inappropriate Cash Disbursement Practices by Deposit Money Banks (DMBs),,Updated Penalty on Inappropriate Cash Disbursement Practices by Deposit Money Banks (DMBs),COD/DIR/INT/CIR/001/025,https://www.cbn.gov.ng/Out/2024/CCD/Circular13Dec2024_B.pdf,1554595,7681
2024-12-17,Central Bank of Nigeria,circulars,Circular on Cash-Out Limits for Agent Banking Transactions,,"Agent Banking, Cash-Out Limits ",PSM/DIR/PUB/CIR/001/057,https://www.cbn.gov.ng/Out/2024/CCD/Circular on Cash-out limits for Agent Banking Transactions.pdf,547649,7684
2024-12-19,Central Bank of Nigeria,circulars,Sales of Foreign Exchange to BDCs to Meet Retail Market Demand for Eligible Invisible Transactions,Sales of Foreign Exchange to BDCs to Meet Retail Market Demand for Eligible Invisible Transactions,"Invisible Transactions, Retail Market, BDCs",TED/FEM/PUB/FPC/001/030,https://www.cbn.gov.ng/Out/2024/CCD/TEDFEMPUBFPC001030.pdf,287794,7692
2025-01-08,Central Bank of Nigeria,circulars,Suspension of Extension of Export Proceeds on behalf of Exporters,,"Suspension, Extension, Export Proceeds, Exporters",TED/FEM/FPC/GEN/001/001,https://www.cbn.gov.ng/Out/2025/CCD/TEDFEMFPCGEN001001.pdf,288377,7703
2025-01-10,Central Bank of Nigeria,circulars,Introduction of Non-Resident Nigerian Ordinary Account and Non-Resident Nigerian Investment Account,,INTRODUCTION OF NON-RESIDENT NIGERIAN ORDINARY ACCOUNT AND NON-RESIDENT NIGERIAN INVESTMENT ACCOUNT,TED/FEM/PUB/FPC/001/002,https://www.cbn.gov.ng/Out/2025/TED/TEDFEMPUBFPC001002.pdf,399289,7705
2025-01-27,Central Bank of Nigeria,circulars,Waiver of Non-Refundable Annual Licence Renewal Fee for Existing Bureaux De Change,Waiver of Non-Refundable Annual Licence Renewal Fee for Existing Bureaux De Change,Non-Refundable Annual Licence Renewal Fee f,FPR/DIR/PUB/CIR/001/001,https://www.cbn.gov.ng/Out/2025/FPRD/CIRCULAR TO ALL BDCs ON WAIVER OF NON-REFUNDABLE ANNUAL LICENCE RENEWAL FEE FOR EXISTING BDCs.pdf,247038,7709
2025-02-03,Central Bank of Nigeria,circulars,Sales of Foreign Exchange to BDCs to meet Retail Market Demand for Eligible Invisible Transactions,,SALES OF FOREIGN EXCHANGE TO BDCs TO MEET RETAIL MARKET DEMAND FOR ELIGIBLE INVISIBLE TRANSACTIONS ,TED/FEM/PUB/FPC/001/003,https://www.cbn.gov.ng/Out/2025/TED/Circular iro sale of FX to BDCs to meet demand for eligible invisible transactions.pdf,253281,7720
2025-02-05,Central Bank of Nigeria,circulars,Sales of Foreign Exchange to BDCs to meet Retail Market Demand for Eligible Invisible Transactions,,SALES OF FOREIGN EXCHANGE TO BDCs TO MEET RETAIL MARKET DEMAND FOR ELIGIBLE INVISIBLE TRANSACTIONS ,TED/FEM/PUB/FPC/001/004,https://www.cbn.gov.ng/Out/2025/TED/Circula iro FX sales to BDCS by ADBs 05.02.2025.pdf,719752,7723
2025-02-11,Central Bank of Nigeria,circulars,Review of Automated Teller Machine Transaction Fees,Review of Automated Teller Machine Transaction Fees,"Review of Automated Teller Machine Transaction Fees, ATM Fees",FPR/DIR/GEN/CIR/001/002,https://www.cbn.gov.ng/Out/2025/FPRD/ATM FEE CIRCULAR.pdf,371887,7726
2025-02-17,Central Bank of Nigeria,circulars,"RE: Guidelines on Management of Dormant Accounts, Unclaimed Balances and Other Financial Assets in Banks and Other Financial Institutions in Nigeria","RE: GUIDELINES ON MANAGEMENT OF DORMANT ACCOUNTS, UNCLAIMED BALANCES AND OTHER FINANCIAL ASSETS IN BANKS AND OTHER FINANCIAL INSTITUTIONS IN NIGERIA","GUIDELINES ON MANAGEMENT OF DORMANT ACCOUNTS, UNCLAIMED BALANCES, OTHER FINANCIAL ASSETS, ",FPR/DIR/PUB/CIR/001/004,https://www.cbn.gov.ng/Out/2025/FPRD/CIRCULAR ON MANAGEMENT OF DORMANT ACCOUNTS AND UNCLAIMED BALANCES.pdf,370785,7735
2025-03-07,Central Bank of Nigeria,circulars,Notification of Signed Statement of Commitment to the Nigeria Foreign Exchange Code by the CBN,NOTIFICATION OF SIGNED STATEMENT OF COMMITMENT TO THE NIGERIA FOREIGN EXCHANGE CODE BY THE CBN,NOTIFICATION OF SIGNED STATEMENT OF COMMITMENT TO THE NIGERIA FOREIGN EXCHANGE CODE BY THE CBN,07/03/2025,https://www.cbn.gov.ng/Out/2025/FMD/NOTIFICATION TO THE SIGNED STATEMENT OF COMMITMENT TO NIGERIA FX CODE.pdf,731356,7743
2025-03-28,Central Bank of Nigeria,circulars,Review Of Terminal Allocation To Pre-Shipment Inspection Agents (PIAs) And Allocation Of PIAs To Monitoring And Evaluation Agents (MEAs),,Review Of Terminal Allocation To Pre-Shipment Inspection Agents (PIAs) And Allocation Of PIAs To Monitoring And Evaluation Agents (MEAs),TED/FEM/PUB/FPC/001/005,https://www.cbn.gov.ng/Out/2025/TED/TEDFEMPUBFPC001005.pdf,395556,7751
2025-04-17,Central Bank of Nigeria,circulars,RE: Compliance with AML/CFT/CPF Regulations,,AML/CFT/CPF,CMD/DIR/INT/GEN/001/001,https://www.cbn.gov.ng/Out/2025/CCD/Letter to all Licenced BDCs - COMPLIANCE WITH AML-CFT-CPF REGULATIONS AND KYC REQUIREMENTS.pdf,50398,7771
2025-04-17,Central Bank of Nigeria,circulars,RE: Reminder on Sanctions Compliance Obligations,,"Payment Service, Other Financial Institutions",CMD/DIR/INT/GEN/001/001,"https://www.cbn.gov.ng/Out/2025/CCD/Letter to all Banks, PSBs and OFIs - REMINDER ON SANCTIONS COMPLIANCE OBLIGATIONS.pdf",51636,7770
2025-04-28,Central Bank of Nigeria,circulars,Review of Documentation Requirements for PAPSS Transactions in Nigeria,,REVIEW OF DOCUMENTATION REQUIREMENTS FOR PAPSS TRANSACTIONS IN NIGERIA,TED/FEM/PUB/FPC/001/006,https://www.cbn.gov.ng/Out/2025/TED/TEDFEMPUBFPC001006.pdf,329321,7772
2025-05-21,Central Bank of Nigeria,circulars,Exposure of Draft Baseline Standards for Automated Anti-Money Laundering (AML) Solutions,,"Exposure Draft, Baseline Standards, Automated, Anti-Money Laundering, AML, solutions",BSD/DIR/CON/AML/018/033,https://www.cbn.gov.ng/Out/2025/CCD/Exposure Draft on Baseline Standards for Automated AML Solutions.pdf,582084,7788
2025-05-23,Central Bank of Nigeria,circulars,Notification of the Deployment of the Nigerian Non-Interest Financial Institutions’ Master Repurchase Agreement (NNMRA) and Commencement of Auction of CBN non-interest asset-backed securities (CNI-ABS) and CBN Non-Interest Note (CNIN),"As part of the Central Bank of Nigeria’s (CBN) ongoing effort to develop the non-interest financial markets, and in a bid to enhance the adoption and effective utilization of the Bank’s non-interest financial instruments, strengthen market participation, and further deepen the non-interest financial markets, the Bank hereby issues this circular to serve as a guide for non-interest financial operations.",NON-INTEREST ASSET-BACKED SECURITIES (CNI-ABS) AND CBN NON-INTEREST NOTE (CNIN),FMD/DIR/PUB/CIR/001/028,https://www.cbn.gov.ng/Out/2025/FMD/Deployment of NNMRA and commencement of auction of CNI-ABS and CNIN.pdf,1010804,7789
2025-08-04,Central Bank of Nigeria,circulars,RE: ALLOCATION OF TERMINAL AND REFINERIES TO PRE-SHIPMENT INSPECTION AGENTS (PIAs),,RE: ALLOCATION OF TERMINAL AND REFINERIES TO PRE-SHIPMENT INSPECTION AGENTS (PIAs),TEDFEMPUBFPC001007,https://www.cbn.gov.ng/Out/2025/TED/TEDFEMPUBFPC001007.pdf,279891,7847
2025-08-26,Central Bank of Nigeria,circulars,Migration to ISO 20022 Standard for Payment Messaging and Mandatory Geo-Tagging of Payment Terminals,,Payment Systems,PSS/DIR/PUB/CIR/001/001,https://www.cbn.gov.ng/Out/2025/CCD/CIRCULAR ON MIGRATION TO ISO20022 STANDARD FOR PAYMENT MESSAGING.pdf,571327,7848
2025-09-04,Central Bank of Nigeria,circulars,Establishment of the Compliance Department and Reassignment of Non-Prudential Supervisory Responsibilities,,CIRCULAR,CMD/DIR/PUB/CIR/001/002,"https://www.cbn.gov.ng/Out/2025/CCD/LETTER TO ALL BANKS, PAYMENT SERVICE BANKS AND OTHER FINANCIAL INSTITUTIONS.pdf",335390,7859
2025-09-16,Central Bank of Nigeria,circulars,Appointment and Announcement of Successors to Managing Director,Appointment and Announcement of Successors to Managing Director,"FPRD, CBN, Appointment and Announcement of Successors to Managing Director",FPR/DIR/PUB/CIR/001/007,https://www.cbn.gov.ng/Out/2025/FPRD/APPOINTMENT AND ANNOUNCEMENT OF SUCCESSOR TO MD.pdf,32546,7864
2025-10-06,Central Bank of Nigeria,circulars,Circular and Guidelines for the Operations of Agent Banking in Nigeria,,circular agent banking,PSP/DIR/CON/CWO/001/049,https://www.cbn.gov.ng/Out/2025/CCD/CIRCULAR AND GUIDELINES FOR THE OPERATIONS OF AGENT BANKING IN NIGERIA OCTOBER 6 2025.pdf,773468,7883
2025-10-10,Central Bank of Nigeria,circulars,Exposure of The Draft Guidelines on the Operations of Automated Teller Machines (ATMs) in Nigeria,,Circular,PSP/DIR/CON/CWO/001/043,https://www.cbn.gov.ng/Out/2025/CCD/DRAFT GUIDELINES ON THE OPERATIONS OF AUTOMATED TELLER MACHINES (ATMs) IN NIGERIA 09102025.pdf,654899,7885
2025-11-24,Central Bank of Nigeria,circulars,Guidelines on the Treatment of Dud Cheques by Banks and Other Financial Institutions in Nigeria -  Exposure Draft,Guidelines on the Treatment of Dud Cheques by Banks and Other Financial Institutions in Nigeria - Exposure Draft,"CBN, FPRD, Exposure Draft Dud Cheque Guidelines, Draft Dud Cheque Guidelines, Guidelines on the Treatment of Dud Cheques by Banks and Other Financial Institutions in Nigeria - Exposure Draft",FPR/DIR/PUB/CIR/001/008,https://www.cbn.gov.ng/Out/2025/FPRD/Circular_and_Guideline_DUD_CHEQUES_ Nov24-2025.pdf,725999,7914
2025-11-27,Central Bank of Nigeria,circulars,Compliance with Regulatory Provisions on Advertisement and Immediate Withdrawal of Non-Compliant Advertisements,,"COMPLIANCE, REGULATORY PROVISIONS, ADVERTISEMENT ",CMD/DIR/PUB/CIR/001/003,https://www.cbn.gov.ng/Out/2025/CD/COMPLIANCE WITH REGULATORY PROVISIONS ON ADVERTISEMENT AND IMMEDIATE WITHDRAWAL OF NON-COMPLIANT ADVERTISEMENTS.pdf,397151,7917
2025-12-01,Central Bank of Nigeria,circulars,Exposure Draft of the Guidelines for Handling Authorised Push Payment (APP) Fraud,,"Exposure draft, Guidelines, Handling, Authorised Push Payment Fraud, Fraud, push",FPRD/PRD/INT/CCD/005/003,https://www.cbn.gov.ng/Out/2025/CCD/Exposure draft of the Guidelines for Handling Authorised Push Payment Fraud.pdf,482518,7920
2025-12-02,Central Bank of Nigeria,circulars,"Circular to All Banks, Other Financial Institution and the General Public: Revised Cash-Related Policies",,"Circular, Banks, Other Financial Institutions, policy",FPRD/DIR/PUB/CIR/001/011,https://www.cbn.gov.ng/Out/2025/CCD/CIRCULAR ON REVISED CASH-RELATED POLICIES.pdf,1306431,7921
2025-12-05,Central Bank of Nigeria,circulars,FAQs on Revised Cash Related Policies,,"FAQs, Cash Related Policies",FPR/PRD/INT/CCD/005/015,https://www.cbn.gov.ng/Out/2025/CCD/FAQs on Revised Cash Related Policies.pdf,24771320,7924
2025-12-11,Central Bank of Nigeria,circulars,Mandatory Dual Connectivity to the Payment Terminal Service Aggregators,,"Mandatory, Dual Connectivity, Payment Terminal, Service Aggregators",PSS/DIR/PUB/CIR/001/002,https://www.cbn.gov.ng/Out/2025/CCD/CIRCULAR ON MANDATORY DUAL CONNECTIVITY final.pdf,309668,7935
2025-12-18,Central Bank of Nigeria,circulars,Circular to all Banks and Other Financial Institutions Facilitation of Seamless Use Of Foreign cards  ,,USE OF FOREIGN CARDS,FPR/DIR/PUB/CIR/01/012,https://www.cbn.gov.ng/Out/2025/CCD/CIRCULAR - FACILITATION OF SEAMLESS USE OF FOERIGN CARDS.pdf,780885,7943
2026-01-26,Central Bank of Nigeria,circulars,"Temporary Dispensation for Processing Form M Using NAFDAC Licences which Expired December 31, 2025",,"TEMPORARY DISPENSATION FOR PROCESSING FORM M USING NAFDAC LICENCES WHICH EXPIRED DECEMBER 31, 2025",TED/FEM/PUB/001/001,https://www.cbn.gov.ng/Out/2026/TED/Circular on temporary dispensation for processing Form M using NAFDAC Licenses.pdf,302344,7973
2026-02-09,Central Bank of Nigeria,circulars,Exposure Draft of the Joint CBN–NCC Framework for Resolution of Failed Airtime and Data Purchase Transactions,Exposure Draft of the Joint CBN–NCC Framework for Resolution of Failed Airtime and Data Purchase Transactions,"Exposure Draft, CBN, NCC, Framework",CPF/DIR/CON/DNB/008/075,https://www.cbn.gov.ng/Out/2026/CCD/Exposure Draft of CBN_NCC Framework on Failed Airtime and Data Purchase Transactions (2).pdf,626005,7983
2026-02-10,Central Bank of Nigeria,circulars,Participation of Licensed BDCs in the Nigerian Foreign Exchange Market,,"Participation, Licensed, BDCs, Nigerian Foreign Exchange Market, FX, NFEM",TED/FEM/PUB/FPC/001/002,https://www.cbn.gov.ng/Out/2026/CCD/Participation of Licensed BDCs in NFEM.pdf,182244,7985
2026-02-12,Central Bank of Nigeria,circulars,Revised Sanctions on Defaulters of the Nigeria Cheque Standard and Nigeria Cheque Printers' Accreditation Scheme (NICPAS) 2.0,Circular,"Sanction, Defaulters, Nigeria Cheque, Nigeria Printers",BKS/DIR/CIR/CON/001/001,https://www.cbn.gov.ng/Out/2026/CCD/revised sanctions on defaulters.pdf,336226,7989
2026-03-10,Central Bank of Nigeria,circulars,Issuance of Baseline Standards for Automated Anti-Money Laundering (AML) Solution for Financial Institutions in Nigeria,,AML BASELINE STANDARDS,BSD/DIR/PUB/LAB/019/002,https://www.cbn.gov.ng/Out/2026/CCD/CBN issues Baseline Standards for Automated Anti-Money Laundering Solution.pdf,421697,8009
2026-03-12,Central Bank of Nigeria,circulars,"Guidelines on Management of Dormant Accounts, Unclaimed Balances and Other Financial Assets in Banks and Other Financial Institutions in Nigeria",,DORMANT ACCOUNTS FINANCIAL ASSETS,FDR/DIR/CIR/001/014,https://www.cbn.gov.ng/Out/2026/CCD/Dormant_Account_Clarification_Circular.pdf,753514,8014
2026-03-12,Central Bank of Nigeria,circulars,"RE: GUIDELINES ON MANAGEMENT OF DORMANT ACCOUNTS, UNCLAIMED BALANCES AND OTHER FINANCIAL ASSETS IN BANKS AND OTHER FINANCIAL INSTITUTIONS IN NIGERIA","RE: GUIDELINES ON MANAGEMENT OF DORMANT ACCOUNTS, UNCLAIMED BALANCES AND OTHER FINANCIAL ASSETS IN BANKS AND OTHER FINANCIAL INSTITUTIONS IN NIGERIA","CBN, FPRD, CBN Dormant Accounts Circular",FPR/DIR/PUB/CIR/001/014,https://www.cbn.gov.ng/Out/2026/FPRD/DORMANT CIRCULAR.pdf,746237,8017
2026-03-13,Central Bank of Nigeria,circulars,Addendum to the Revised Regulatory Framework for Bank Verification Number Operations and Watchlist for the Nigerian Banking Industry,,"Addendum, BVN, Watchlist",PSP/DIR/PUB/CIR/001/002,https://www.cbn.gov.ng/Out/2026/CCD/BVN Circular.pdf,334447,8012
2026-03-13,Central Bank of Nigeria,circulars,Additional Functionalities for Instant Payment,,"Functionalities, Instant Payment",PSP/DIR/PUB/CIR/001/001,https://www.cbn.gov.ng/Out/2026/CCD/IP Circular.pdf,591105,8013
2026-03-13,Central Bank of Nigeria,circulars,Guidelines on the Operations of Automated Teller Machines (ATMs) in Nigeria ,,Guidelines,PSP/DIR/001/001,https://www.cbn.gov.ng/Out/2026/CCD/ATM Guidelines.pdf,256944,8016
2026-03-13,Central Bank of Nigeria,circulars,Issuance of Guidlines on the Operations of Automated Teller Machines (ATMs) in Nigeria,,Guidlines,PSP/DIR/PUB/CIR/001/003,https://www.cbn.gov.ng/Out/2026/CCD/ATM Guidelines Circular.pdf,216152,8015
2026-03-16,Central Bank of Nigeria,circulars,Mandatory Integration with the Nigeria Revenue Service Transaction Monitoring System (TMS),,"Revenue Service, TMS",PSS/DIR/CON/CWO/002/010,https://www.cbn.gov.ng/Out/2026/CCD/Mandatory Integration with the Nigeria Revenue Service TMS.pdf,268813,8062
2026-03-24,Central Bank of Nigeria,circulars,Measures to Further Deepen Diaspora Remittances and Compliance,,MEASURES TO FURTHER DEEPEN DIASPORA REMITTANCES AND COMPLIANCE,TED/FEM/FPC/PUB/001/002,https://www.cbn.gov.ng/Out/2026/CCD/TEDFEMFPCPUB001002.pdf,519980,8023
2026-03-25,Central Bank of Nigeria,circulars,"Press Release- CBN Reaffirms Oversight, Assures Stability of Union Bank After court Ruling ",,PRESS RELEASE,CCD,https://www.cbn.gov.ng/Out/2026/CCD/CBN Press Release UBN 250326.pdf,138644,8050
2026-03-25,Central Bank of Nigeria,circulars,Removal of Cash Pooling Requirement for International Oil Companies (IOCS),,REMOVAL OF CASH POOLING REQUIREMENT FOR INTERNATIONAL OIL COMPANIES (IOCS),TED/FEM/FPC/PUB/001/003,https://www.cbn.gov.ng/Out/2026/CCD/TEDFEMFPCPUB001003.pdf,233521,8049
2026-03-30,Central Bank of Nigeria,circulars,Deployment Of Cybersecurity Self-Assessment Tool (CSAT),,"CYBERSECURITY, TOOLS, ASSESSMENT",CMD/DIR/PUB/ESSD/001/2026,https://www.cbn.gov.ng/Out/2026/CD/Letter to all Banks and Select OFIs on the deployment of the CSAT - final.pdf,169986,8056
2026-03-31,Central Bank of Nigeria,circulars,Implementation of the Baseline Standards for Automated AML/CFT/CPF Solutions,,Implementation of the Baseline Standards for Automated AML/CFT/CPF Solutions,CMD/DIR/PUB/CIR/001006,https://www.cbn.gov.ng/Out/2026/CCD/LETTER TO SUPERVISED INSTITUTIONS_IMPLEMENTATION OF THE BASELINE STANDARDS FOR AUTOMATED AML_CFT_CPF SOLUTIONS2.pdf,414664,8059
2026-04-08,Central Bank of Nigeria,circulars,Policy Framework for the Nigerian Overnight Financing Rate (NOFR),,NOFR POLICY ,FMD/DIR/INT/DGP/001/076,https://www.cbn.gov.ng/Out/2026/CCD/NOFR Framework 14 JULY 2026.pdf,397425,8161
2026-04-09,Central Bank of Nigeria,circulars,Invitation For Inputs on the Draft Guidelines for the Mediation and Dispute Resolution Panel (MDRP) for Secured Transactions in Movable Assets (STMA)  ,,DRAFT GUIDELINES MDRP AND STMA,DFA/DIR/PUB/CIR/001/001,https://www.cbn.gov.ng/Out/2026/CCD/MDRP Harmonized Draft Exposure Guidelines.pdf,484451,8068
2026-04-21,Central Bank of Nigeria,circulars,"Exposure Draft of the Guide to Charges by Banks and Other Financial Institutions in Nigeria, 2026 (The Guide)",,GUIDE TO CHARGES,FDR/DIR/PUB/CIR/001/015,https://www.cbn.gov.ng/Out/2026/CCD/Signed Guide to Charges April 2026.pdf,1855393,8072
2026-05-29,Central Bank of Nigeria,circulars,Revised Implementation Timeline and Enforcement on Pos Geo-Fencing,,POS GEO-FENCING IMPLEMENTATION,PSS/DIR/PUB/CIR/001/003,https://www.cbn.gov.ng/Out/2026/CCD/Revised Implementation Timeline and Enforcement on POS GEO-Fencing.pdf,294590,8106
2026-06-11,Central Bank of Nigeria,circulars,Exposure Draft of The Revised Guidelines for Licensing and Regulating Financial Holding Companies In Nigeria,,Exposure Draft,FPR/DIR/PUB/CIR/001/017,https://www.cbn.gov.ng/Out/2026/CCD/Holdco circular and guidelines signed.pdf,1032953,8126
2026-06-11,Central Bank of Nigeria,circulars,Exposure of The Draft Guidelines on Ring-Fencing Operations of Closely Linked Entities in The Nigerian Financial System,,"Exposure, Draft Guidelines ",FPR/DIR/PUB/CIR/001/016,https://www.cbn.gov.ng/Out/2026/CCD/THE EXPOSURE DRAFT GUIDELINES ON RING-FENCING OPERATIONS OF CLOSELY LINKED ENTITIES.pdf,492676,8125
2026-06-15,Central Bank of Nigeria,circulars,"Introduction of Market Structure Requirements, Data Localisation, Ultimate Beneficial Ownership Disclosure, and Systemic Oversight Measures In The Nigeria Payments System",Payments System Supervision,Payments System Supervision,PSS/DIR/PUB/CIR/001/004,"https://www.cbn.gov.ng/Out/2026/CCD/CIRCULAR ON INTRODUCTION OF MARKET STRUCTURE REQUIREMENTS, DATA LOCALISATION, ULTIMATE BENEFICIAL OWNERSHIP DISCLOSURE, AND SYSTEMIC OVERSIGHT MEASURES IN THE NIGERIA PAYMENTS SYSTEM.pdf",613585,8128
2026-06-17,Central Bank of Nigeria,circulars,RE: Additional Crude Oil Terminal for Allocation to Pre- Shipment Inspection Agent (PIA): Swede Control Intertek Limited,,Terminal,TED/FEM/FPC/PUB/001/003,https://www.cbn.gov.ng/Out/2026/CCD/TED Crude oil terminal.pdf,295764,8132
2026-06-24,Central Bank of Nigeria,circulars,"Implementation of Sanctions Designations – NIGSAC and OFAC (E.O. 13224, As Amended) ",,"Sanctions, Designations, NIGSAC, OFAC, E.O., 13224, As Amended",CMD/FCS/PUB/CIR/002/011,https://www.cbn.gov.ng/Out/2026/CCD/CIRCULAR TO BANKS AND OFIs ON NIGSAC AND OFAC DESIGNATIONS AND COMPLIANCE ACTIONS.pdf,186883,8138
2026-07-01,Central Bank of Nigeria,circulars,ISDA Interpretative Guidance on BOFIA,,ISDA BOFIA,FMD/DIR/PUB/CIR/001/029,https://www.cbn.gov.ng/Out/2026/CCD/ISDA Interpretative Guidance on BOFIA.pdf,211763,8146
2026-07-03,Central Bank of Nigeria,circulars,Allocation of Taurus Oil Gas Depot to Messrs Candid Oil Services Limited as Pre-Shipment Inspection Agent,,Allocation,TED/FEM/FPC/PUB/001/004,https://www.cbn.gov.ng/Out/2026/CCD/Allocation of Taurus Oil  Gas Depot to Messrs.pdf,268737,8145
2026-07-16,Central Bank of Nigeria,circulars,Guidance on the Purchase of Foreign Exchange by Bureau De Change Operators Through Authorised Dealer Banks in the Nigeria Foreign Exchange Market (NFEM),,"Guidance, NFEM, BDC, ",TED/FEM/FPC/PUB/001/005,https://www.cbn.gov.ng/Out/2026/CCD/GUIDANCE ON THE PURCHASE OF FOREIGN EXCHANGE BY BUREAU DE CHANGE OPERATORS THROUGH AUTHORISED DEALER BANKS IN THE NIGERIAN FOREIGN EXCHANGE MARKET (NFEM)-TED_PFO_CON_INM_006_080.pdf,119738,8162
2026-08-12,Central Bank of Nigeria,circulars,Review of Discount Window Restrictions and Open Market Operations Participation Framework,"CIRCULAR TO ALL DEPOSIT MONEY BANKS, AUTHORISED DEALERS 
AND THE GENERAL PUBLIC","Review, Discount Window, Open Market Operations",FMD/DIR/PUB/CIR/001/031 ,https://www.cbn.gov.ng/Out/2026/FMD/Review of Discount Window Circular.pdf,143412,8180
