date,series_id,value,description
2006-01-03,DCOILBRENTEU,61.51,Brent spot price
2006-01-04,DCOILBRENTEU,61.25,Brent spot price
2006-01-05,DCOILBRENTEU,61.68,Brent spot price
2006-01-06,DCOILBRENTEU,62.43,Brent spot price
2006-01-09,DCOILBRENTEU,62.51,Brent spot price
2006-01-10,DCOILBRENTEU,62.32,Brent spot price
2006-01-11,DCOILBRENTEU,61.54,Brent spot price
2006-01-12,DCOILBRENTEU,62.95,Brent spot price
2006-01-13,DCOILBRENTEU,61.58,Brent spot price
2006-01-16,DCOILBRENTEU,62.34,Brent spot price
2006-01-17,DCOILBRENTEU,63.22,Brent spot price
2006-01-18,DCOILBRENTEU,63.6,Brent spot price
2006-01-19,DCOILBRENTEU,63.64,Brent spot price
2006-01-20,DCOILBRENTEU,64.92,Brent spot price
2006-01-23,DCOILBRENTEU,64.56,Brent spot price
2006-01-24,DCOILBRENTEU,63.82,Brent spot price
2006-01-25,DCOILBRENTEU,62.61,Brent spot price
2006-01-26,DCOILBRENTEU,62.93,Brent spot price
2006-01-27,DCOILBRENTEU,64.95,Brent spot price
2006-01-30,DCOILBRENTEU,65.14,Brent spot price
2006-01-31,DCOILBRENTEU,63.19,Brent spot price
2006-02-01,DCOILBRENTEU,65.64,Brent spot price
2006-02-02,DCOILBRENTEU,63.49,Brent spot price
2006-02-03,DCOILBRENTEU,62.54,Brent spot price
2006-02-06,DCOILBRENTEU,63.32,Brent spot price
2006-02-07,DCOILBRENTEU,61.64,Brent spot price
2006-02-08,DCOILBRENTEU,60.82,Brent spot price
2006-02-09,DCOILBRENTEU,60.7,Brent spot price
2006-02-10,DCOILBRENTEU,59.66,Brent spot price
2006-02-13,DCOILBRENTEU,59.16,Brent spot price
2006-02-14,DCOILBRENTEU,58.27,Brent spot price
2006-02-15,DCOILBRENTEU,57.67,Brent spot price
2006-02-16,DCOILBRENTEU,56.78,Brent spot price
2006-02-17,DCOILBRENTEU,58.34,Brent spot price
2006-02-20,DCOILBRENTEU,60.05,Brent spot price
2006-02-21,DCOILBRENTEU,59.35,Brent spot price
2006-02-22,DCOILBRENTEU,58.71,Brent spot price
2006-02-23,DCOILBRENTEU,58.71,Brent spot price
2006-02-24,DCOILBRENTEU,60.13,Brent spot price
2006-02-27,DCOILBRENTEU,59.44,Brent spot price
2006-02-28,DCOILBRENTEU,59.78,Brent spot price
2006-03-01,DCOILBRENTEU,61.12,Brent spot price
2006-03-02,DCOILBRENTEU,62.27,Brent spot price
2006-03-03,DCOILBRENTEU,62.69,Brent spot price
2006-03-06,DCOILBRENTEU,61.41,Brent spot price
2006-03-07,DCOILBRENTEU,59.79,Brent spot price
2006-03-08,DCOILBRENTEU,58.42,Brent spot price
2006-03-09,DCOILBRENTEU,58.82,Brent spot price
2006-03-10,DCOILBRENTEU,59.04,Brent spot price
2006-03-13,DCOILBRENTEU,60.99,Brent spot price
2006-03-14,DCOILBRENTEU,62.39,Brent spot price
2006-03-15,DCOILBRENTEU,63.12,Brent spot price
2006-03-16,DCOILBRENTEU,62.07,Brent spot price
2006-03-17,DCOILBRENTEU,63.54,Brent spot price
2006-03-20,DCOILBRENTEU,62.3,Brent spot price
2006-03-21,DCOILBRENTEU,59.96,Brent spot price
2006-03-22,DCOILBRENTEU,61.23,Brent spot price
2006-03-23,DCOILBRENTEU,61.76,Brent spot price
2006-03-24,DCOILBRENTEU,62.78,Brent spot price
2006-03-27,DCOILBRENTEU,62.59,Brent spot price
2006-03-28,DCOILBRENTEU,64.31,Brent spot price
2006-03-29,DCOILBRENTEU,64.88,Brent spot price
2006-03-30,DCOILBRENTEU,65.95,Brent spot price
2006-03-31,DCOILBRENTEU,66.06,Brent spot price
2006-04-03,DCOILBRENTEU,67.28,Brent spot price
2006-04-04,DCOILBRENTEU,65.93,Brent spot price
2006-04-05,DCOILBRENTEU,66.74,Brent spot price
2006-04-06,DCOILBRENTEU,67.58,Brent spot price
2006-04-07,DCOILBRENTEU,67.11,Brent spot price
2006-04-10,DCOILBRENTEU,68.2,Brent spot price
2006-04-11,DCOILBRENTEU,68.52,Brent spot price
2006-04-12,DCOILBRENTEU,69.54,Brent spot price
2006-04-13,DCOILBRENTEU,69.39,Brent spot price
2006-04-14,DCOILBRENTEU,,Brent spot price
2006-04-17,DCOILBRENTEU,,Brent spot price
2006-04-18,DCOILBRENTEU,70.97,Brent spot price
2006-04-19,DCOILBRENTEU,72.69,Brent spot price
2006-04-20,DCOILBRENTEU,72.57,Brent spot price
2006-04-21,DCOILBRENTEU,73.94,Brent spot price
2006-04-24,DCOILBRENTEU,73.96,Brent spot price
2006-04-25,DCOILBRENTEU,72.86,Brent spot price
2006-04-26,DCOILBRENTEU,73.46,Brent spot price
2006-04-27,DCOILBRENTEU,71.79,Brent spot price
2006-04-28,DCOILBRENTEU,72.15,Brent spot price
2006-05-01,DCOILBRENTEU,73.37,Brent spot price
2006-05-02,DCOILBRENTEU,74.45,Brent spot price
2006-05-03,DCOILBRENTEU,73.73,Brent spot price
2006-05-04,DCOILBRENTEU,71.84,Brent spot price
2006-05-05,DCOILBRENTEU,71.22,Brent spot price
2006-05-08,DCOILBRENTEU,68.26,Brent spot price
2006-05-09,DCOILBRENTEU,70.6,Brent spot price
2006-05-10,DCOILBRENTEU,69.83,Brent spot price
2006-05-11,DCOILBRENTEU,72.2,Brent spot price
2006-05-12,DCOILBRENTEU,71.3,Brent spot price
2006-05-15,DCOILBRENTEU,68.69,Brent spot price
2006-05-16,DCOILBRENTEU,68.66,Brent spot price
2006-05-17,DCOILBRENTEU,67.52,Brent spot price
2006-05-18,DCOILBRENTEU,67.39,Brent spot price
2006-05-19,DCOILBRENTEU,66.93,Brent spot price
2006-05-22,DCOILBRENTEU,66.52,Brent spot price
2006-05-23,DCOILBRENTEU,68.97,Brent spot price
2006-05-24,DCOILBRENTEU,68.45,Brent spot price
2006-05-25,DCOILBRENTEU,68.51,Brent spot price
2006-05-26,DCOILBRENTEU,69.88,Brent spot price
2006-05-29,DCOILBRENTEU,69.16,Brent spot price
2006-05-30,DCOILBRENTEU,69.82,Brent spot price
2006-05-31,DCOILBRENTEU,67.57,Brent spot price
2006-06-01,DCOILBRENTEU,68.77,Brent spot price
2006-06-02,DCOILBRENTEU,68.42,Brent spot price
2006-06-05,DCOILBRENTEU,69.13,Brent spot price
2006-06-06,DCOILBRENTEU,68.25,Brent spot price
2006-06-07,DCOILBRENTEU,67.17,Brent spot price
2006-06-08,DCOILBRENTEU,65.76,Brent spot price
2006-06-09,DCOILBRENTEU,69.13,Brent spot price
2006-06-12,DCOILBRENTEU,68.62,Brent spot price
2006-06-13,DCOILBRENTEU,65.67,Brent spot price
2006-06-14,DCOILBRENTEU,65.52,Brent spot price
2006-06-15,DCOILBRENTEU,66.04,Brent spot price
2006-06-16,DCOILBRENTEU,65.01,Brent spot price
2006-06-19,DCOILBRENTEU,66.4,Brent spot price
2006-06-20,DCOILBRENTEU,67.57,Brent spot price
2006-06-21,DCOILBRENTEU,68.17,Brent spot price
2006-06-22,DCOILBRENTEU,69.6,Brent spot price
2006-06-23,DCOILBRENTEU,69.91,Brent spot price
2006-06-26,DCOILBRENTEU,69.85,Brent spot price
2006-06-27,DCOILBRENTEU,71.26,Brent spot price
2006-06-28,DCOILBRENTEU,71.76,Brent spot price
2006-06-29,DCOILBRENTEU,73.02,Brent spot price
2006-06-30,DCOILBRENTEU,73.2,Brent spot price
2006-07-03,DCOILBRENTEU,73.94,Brent spot price
2006-07-04,DCOILBRENTEU,73.17,Brent spot price
2006-07-05,DCOILBRENTEU,72.88,Brent spot price
2006-07-06,DCOILBRENTEU,73.12,Brent spot price
2006-07-07,DCOILBRENTEU,74.14,Brent spot price
2006-07-10,DCOILBRENTEU,72.39,Brent spot price
2006-07-11,DCOILBRENTEU,73.14,Brent spot price
2006-07-12,DCOILBRENTEU,73.04,Brent spot price
2006-07-13,DCOILBRENTEU,75.23,Brent spot price
2006-07-14,DCOILBRENTEU,76.13,Brent spot price
2006-07-17,DCOILBRENTEU,75.12,Brent spot price
2006-07-18,DCOILBRENTEU,75.32,Brent spot price
2006-07-19,DCOILBRENTEU,71.62,Brent spot price
2006-07-20,DCOILBRENTEU,72.56,Brent spot price
2006-07-21,DCOILBRENTEU,72.96,Brent spot price
2006-07-24,DCOILBRENTEU,72.09,Brent spot price
2006-07-25,DCOILBRENTEU,72.49,Brent spot price
2006-07-26,DCOILBRENTEU,73.76,Brent spot price
2006-07-27,DCOILBRENTEU,75.36,Brent spot price
2006-07-28,DCOILBRENTEU,73.95,Brent spot price
2006-07-31,DCOILBRENTEU,74.75,Brent spot price
2006-08-01,DCOILBRENTEU,76.39,Brent spot price
2006-08-02,DCOILBRENTEU,77.63,Brent spot price
2006-08-03,DCOILBRENTEU,76.28,Brent spot price
2006-08-04,DCOILBRENTEU,76.53,Brent spot price
2006-08-07,DCOILBRENTEU,77.82,Brent spot price
2006-08-08,DCOILBRENTEU,77.93,Brent spot price
2006-08-09,DCOILBRENTEU,78.26,Brent spot price
2006-08-10,DCOILBRENTEU,75.69,Brent spot price
2006-08-11,DCOILBRENTEU,75.19,Brent spot price
2006-08-14,DCOILBRENTEU,73.78,Brent spot price
2006-08-15,DCOILBRENTEU,73.57,Brent spot price
2006-08-16,DCOILBRENTEU,72.67,Brent spot price
2006-08-17,DCOILBRENTEU,70.42,Brent spot price
2006-08-18,DCOILBRENTEU,71.3,Brent spot price
2006-08-21,DCOILBRENTEU,72.42,Brent spot price
2006-08-22,DCOILBRENTEU,72.06,Brent spot price
2006-08-23,DCOILBRENTEU,71.12,Brent spot price
2006-08-24,DCOILBRENTEU,71.4,Brent spot price
2006-08-25,DCOILBRENTEU,72.58,Brent spot price
2006-08-28,DCOILBRENTEU,69.44,Brent spot price
2006-08-29,DCOILBRENTEU,67.01,Brent spot price
2006-08-30,DCOILBRENTEU,67.15,Brent spot price
2006-08-31,DCOILBRENTEU,67.66,Brent spot price
2006-09-01,DCOILBRENTEU,70.49,Brent spot price
2006-09-04,DCOILBRENTEU,68.62,Brent spot price
2006-09-05,DCOILBRENTEU,65.94,Brent spot price
2006-09-06,DCOILBRENTEU,65.41,Brent spot price
2006-09-07,DCOILBRENTEU,64.52,Brent spot price
2006-09-08,DCOILBRENTEU,64.3,Brent spot price
2006-09-11,DCOILBRENTEU,62.41,Brent spot price
2006-09-12,DCOILBRENTEU,62.23,Brent spot price
2006-09-13,DCOILBRENTEU,61.28,Brent spot price
2006-09-14,DCOILBRENTEU,60.75,Brent spot price
2006-09-15,DCOILBRENTEU,60.23,Brent spot price
2006-09-18,DCOILBRENTEU,61.47,Brent spot price
2006-09-19,DCOILBRENTEU,62.52,Brent spot price
2006-09-20,DCOILBRENTEU,59.09,Brent spot price
2006-09-21,DCOILBRENTEU,59.27,Brent spot price
2006-09-22,DCOILBRENTEU,58.81,Brent spot price
2006-09-25,DCOILBRENTEU,57.89,Brent spot price
2006-09-26,DCOILBRENTEU,58.53,Brent spot price
2006-09-27,DCOILBRENTEU,57.6,Brent spot price
2006-09-28,DCOILBRENTEU,60.68,Brent spot price
2006-09-29,DCOILBRENTEU,59.09,Brent spot price
2006-10-02,DCOILBRENTEU,58.8,Brent spot price
2006-10-03,DCOILBRENTEU,56.28,Brent spot price
2006-10-04,DCOILBRENTEU,55.82,Brent spot price
2006-10-05,DCOILBRENTEU,57.93,Brent spot price
2006-10-06,DCOILBRENTEU,56.9,Brent spot price
2006-10-09,DCOILBRENTEU,59.25,Brent spot price
2006-10-10,DCOILBRENTEU,57.8,Brent spot price
2006-10-11,DCOILBRENTEU,57.75,Brent spot price
2006-10-12,DCOILBRENTEU,57.87,Brent spot price
2006-10-13,DCOILBRENTEU,58.97,Brent spot price
2006-10-16,DCOILBRENTEU,58.22,Brent spot price
2006-10-17,DCOILBRENTEU,60.13,Brent spot price
2006-10-18,DCOILBRENTEU,58.51,Brent spot price
2006-10-19,DCOILBRENTEU,57.74,Brent spot price
2006-10-20,DCOILBRENTEU,57.94,Brent spot price
2006-10-23,DCOILBRENTEU,56.56,Brent spot price
2006-10-24,DCOILBRENTEU,56.56,Brent spot price
2006-10-25,DCOILBRENTEU,58.79,Brent spot price
2006-10-26,DCOILBRENTEU,58.76,Brent spot price
2006-10-27,DCOILBRENTEU,57.99,Brent spot price
2006-10-30,DCOILBRENTEU,57.08,Brent spot price
2006-10-31,DCOILBRENTEU,56.13,Brent spot price
2006-11-01,DCOILBRENTEU,56.37,Brent spot price
2006-11-02,DCOILBRENTEU,56.26,Brent spot price
2006-11-03,DCOILBRENTEU,56.55,Brent spot price
2006-11-06,DCOILBRENTEU,57.02,Brent spot price
2006-11-07,DCOILBRENTEU,56.99,Brent spot price
2006-11-08,DCOILBRENTEU,57.18,Brent spot price
2006-11-09,DCOILBRENTEU,59.72,Brent spot price
2006-11-10,DCOILBRENTEU,59.18,Brent spot price
2006-11-13,DCOILBRENTEU,56.88,Brent spot price
2006-11-14,DCOILBRENTEU,57.9,Brent spot price
2006-11-15,DCOILBRENTEU,57.97,Brent spot price
2006-11-16,DCOILBRENTEU,59.5,Brent spot price
2006-11-17,DCOILBRENTEU,57.01,Brent spot price
2006-11-20,DCOILBRENTEU,57.38,Brent spot price
2006-11-21,DCOILBRENTEU,59.53,Brent spot price
2006-11-22,DCOILBRENTEU,58.66,Brent spot price
2006-11-23,DCOILBRENTEU,59.7,Brent spot price
2006-11-24,DCOILBRENTEU,60.72,Brent spot price
2006-11-27,DCOILBRENTEU,60.52,Brent spot price
2006-11-28,DCOILBRENTEU,61.22,Brent spot price
2006-11-29,DCOILBRENTEU,62.13,Brent spot price
2006-11-30,DCOILBRENTEU,64.36,Brent spot price
2006-12-01,DCOILBRENTEU,64.74,Brent spot price
2006-12-04,DCOILBRENTEU,63.97,Brent spot price
2006-12-05,DCOILBRENTEU,63.65,Brent spot price
2006-12-06,DCOILBRENTEU,63.7,Brent spot price
2006-12-07,DCOILBRENTEU,63.17,Brent spot price
2006-12-08,DCOILBRENTEU,63.67,Brent spot price
2006-12-11,DCOILBRENTEU,62.59,Brent spot price
2006-12-12,DCOILBRENTEU,62.58,Brent spot price
2006-12-13,DCOILBRENTEU,61.89,Brent spot price
2006-12-14,DCOILBRENTEU,62.85,Brent spot price
2006-12-15,DCOILBRENTEU,62.91,Brent spot price
2006-12-18,DCOILBRENTEU,62.81,Brent spot price
2006-12-19,DCOILBRENTEU,62.19,Brent spot price
2006-12-20,DCOILBRENTEU,63.13,Brent spot price
2006-12-21,DCOILBRENTEU,62.13,Brent spot price
2006-12-22,DCOILBRENTEU,61.92,Brent spot price
2006-12-25,DCOILBRENTEU,,Brent spot price
2006-12-26,DCOILBRENTEU,,Brent spot price
2006-12-27,DCOILBRENTEU,60.7,Brent spot price
2006-12-28,DCOILBRENTEU,59.41,Brent spot price
2006-12-29,DCOILBRENTEU,58.96,Brent spot price
2007-01-01,DCOILBRENTEU,,Brent spot price
2007-01-02,DCOILBRENTEU,58.49,Brent spot price
2007-01-03,DCOILBRENTEU,56.63,Brent spot price
2007-01-04,DCOILBRENTEU,54.58,Brent spot price
2007-01-05,DCOILBRENTEU,52.82,Brent spot price
2007-01-08,DCOILBRENTEU,52.82,Brent spot price
2007-01-09,DCOILBRENTEU,52.38,Brent spot price
2007-01-10,DCOILBRENTEU,52.11,Brent spot price
2007-01-11,DCOILBRENTEU,51.68,Brent spot price
2007-01-12,DCOILBRENTEU,49.95,Brent spot price
2007-01-15,DCOILBRENTEU,,Brent spot price
2007-01-16,DCOILBRENTEU,51.28,Brent spot price
2007-01-17,DCOILBRENTEU,51.19,Brent spot price
2007-01-18,DCOILBRENTEU,50.83,Brent spot price
2007-01-19,DCOILBRENTEU,52.29,Brent spot price
2007-01-22,DCOILBRENTEU,54.34,Brent spot price
2007-01-23,DCOILBRENTEU,53.93,Brent spot price
2007-01-24,DCOILBRENTEU,55.11,Brent spot price
2007-01-25,DCOILBRENTEU,55.67,Brent spot price
2007-01-26,DCOILBRENTEU,55.29,Brent spot price
2007-01-29,DCOILBRENTEU,54.71,Brent spot price
2007-01-30,DCOILBRENTEU,54.69,Brent spot price
2007-01-31,DCOILBRENTEU,56.52,Brent spot price
2007-02-01,DCOILBRENTEU,56.74,Brent spot price
2007-02-02,DCOILBRENTEU,56.93,Brent spot price
2007-02-05,DCOILBRENTEU,58.67,Brent spot price
2007-02-06,DCOILBRENTEU,58.04,Brent spot price
2007-02-07,DCOILBRENTEU,58.35,Brent spot price
2007-02-08,DCOILBRENTEU,57.24,Brent spot price
2007-02-09,DCOILBRENTEU,57.21,Brent spot price
2007-02-12,DCOILBRENTEU,55.52,Brent spot price
2007-02-13,DCOILBRENTEU,56.12,Brent spot price
2007-02-14,DCOILBRENTEU,55.05,Brent spot price
2007-02-15,DCOILBRENTEU,54.25,Brent spot price
2007-02-16,DCOILBRENTEU,56.78,Brent spot price
2007-02-19,DCOILBRENTEU,,Brent spot price
2007-02-20,DCOILBRENTEU,55.91,Brent spot price
2007-02-21,DCOILBRENTEU,57.74,Brent spot price
2007-02-22,DCOILBRENTEU,58.62,Brent spot price
2007-02-23,DCOILBRENTEU,60.38,Brent spot price
2007-02-26,DCOILBRENTEU,60.34,Brent spot price
2007-02-27,DCOILBRENTEU,60.28,Brent spot price
2007-02-28,DCOILBRENTEU,59.39,Brent spot price
2007-03-01,DCOILBRENTEU,61.18,Brent spot price
2007-03-02,DCOILBRENTEU,61.92,Brent spot price
2007-03-05,DCOILBRENTEU,59.78,Brent spot price
2007-03-06,DCOILBRENTEU,59.68,Brent spot price
2007-03-07,DCOILBRENTEU,61.13,Brent spot price
2007-03-08,DCOILBRENTEU,60.9,Brent spot price
2007-03-09,DCOILBRENTEU,60.25,Brent spot price
2007-03-12,DCOILBRENTEU,60.59,Brent spot price
2007-03-13,DCOILBRENTEU,61.52,Brent spot price
2007-03-14,DCOILBRENTEU,60.89,Brent spot price
2007-03-15,DCOILBRENTEU,60.4,Brent spot price
2007-03-16,DCOILBRENTEU,60.93,Brent spot price
2007-03-19,DCOILBRENTEU,60.49,Brent spot price
2007-03-20,DCOILBRENTEU,60.11,Brent spot price
2007-03-21,DCOILBRENTEU,60.18,Brent spot price
2007-03-22,DCOILBRENTEU,61.57,Brent spot price
2007-03-23,DCOILBRENTEU,63.1,Brent spot price
2007-03-26,DCOILBRENTEU,64.43,Brent spot price
2007-03-27,DCOILBRENTEU,64.25,Brent spot price
2007-03-28,DCOILBRENTEU,66.15,Brent spot price
2007-03-29,DCOILBRENTEU,67.19,Brent spot price
2007-03-30,DCOILBRENTEU,68.47,Brent spot price
2007-04-02,DCOILBRENTEU,68.94,Brent spot price
2007-04-03,DCOILBRENTEU,68,Brent spot price
2007-04-04,DCOILBRENTEU,68.09,Brent spot price
2007-04-05,DCOILBRENTEU,69.15,Brent spot price
2007-04-06,DCOILBRENTEU,,Brent spot price
2007-04-09,DCOILBRENTEU,,Brent spot price
2007-04-10,DCOILBRENTEU,67.64,Brent spot price
2007-04-11,DCOILBRENTEU,68.6,Brent spot price
2007-04-12,DCOILBRENTEU,67.79,Brent spot price
2007-04-13,DCOILBRENTEU,68.78,Brent spot price
2007-04-16,DCOILBRENTEU,67.1,Brent spot price
2007-04-17,DCOILBRENTEU,66.34,Brent spot price
2007-04-18,DCOILBRENTEU,65.09,Brent spot price
2007-04-19,DCOILBRENTEU,66.17,Brent spot price
2007-04-20,DCOILBRENTEU,66.34,Brent spot price
2007-04-23,DCOILBRENTEU,66.8,Brent spot price
2007-04-24,DCOILBRENTEU,67.94,Brent spot price
2007-04-25,DCOILBRENTEU,67.44,Brent spot price
2007-04-26,DCOILBRENTEU,67.51,Brent spot price
2007-04-27,DCOILBRENTEU,67.28,Brent spot price
2007-04-30,DCOILBRENTEU,67.23,Brent spot price
2007-05-01,DCOILBRENTEU,67.4,Brent spot price
2007-05-02,DCOILBRENTEU,65.57,Brent spot price
2007-05-03,DCOILBRENTEU,64.85,Brent spot price
2007-05-04,DCOILBRENTEU,65.14,Brent spot price
2007-05-07,DCOILBRENTEU,62.7,Brent spot price
2007-05-08,DCOILBRENTEU,63.55,Brent spot price
2007-05-09,DCOILBRENTEU,63.5,Brent spot price
2007-05-10,DCOILBRENTEU,64.63,Brent spot price
2007-05-11,DCOILBRENTEU,65.18,Brent spot price
2007-05-14,DCOILBRENTEU,65.86,Brent spot price
2007-05-15,DCOILBRENTEU,66.74,Brent spot price
2007-05-16,DCOILBRENTEU,66.83,Brent spot price
2007-05-17,DCOILBRENTEU,69.08,Brent spot price
2007-05-18,DCOILBRENTEU,69.26,Brent spot price
2007-05-21,DCOILBRENTEU,69.51,Brent spot price
2007-05-22,DCOILBRENTEU,70.05,Brent spot price
2007-05-23,DCOILBRENTEU,71.01,Brent spot price
2007-05-24,DCOILBRENTEU,71.96,Brent spot price
2007-05-25,DCOILBRENTEU,70.72,Brent spot price
2007-05-28,DCOILBRENTEU,,Brent spot price
2007-05-29,DCOILBRENTEU,69.31,Brent spot price
2007-05-30,DCOILBRENTEU,67.64,Brent spot price
2007-05-31,DCOILBRENTEU,68.18,Brent spot price
2007-06-01,DCOILBRENTEU,68.65,Brent spot price
2007-06-04,DCOILBRENTEU,70.9,Brent spot price
2007-06-05,DCOILBRENTEU,71.36,Brent spot price
2007-06-06,DCOILBRENTEU,71.5,Brent spot price
2007-06-07,DCOILBRENTEU,72.36,Brent spot price
2007-06-08,DCOILBRENTEU,70.04,Brent spot price
2007-06-11,DCOILBRENTEU,68.85,Brent spot price
2007-06-12,DCOILBRENTEU,68.56,Brent spot price
2007-06-13,DCOILBRENTEU,69.24,Brent spot price
2007-06-14,DCOILBRENTEU,71.18,Brent spot price
2007-06-15,DCOILBRENTEU,71.63,Brent spot price
2007-06-18,DCOILBRENTEU,72.33,Brent spot price
2007-06-19,DCOILBRENTEU,72.17,Brent spot price
2007-06-20,DCOILBRENTEU,70.55,Brent spot price
2007-06-21,DCOILBRENTEU,71.81,Brent spot price
2007-06-22,DCOILBRENTEU,72.04,Brent spot price
2007-06-25,DCOILBRENTEU,71.36,Brent spot price
2007-06-26,DCOILBRENTEU,71.41,Brent spot price
2007-06-27,DCOILBRENTEU,71.84,Brent spot price
2007-06-28,DCOILBRENTEU,71.96,Brent spot price
2007-06-29,DCOILBRENTEU,72.22,Brent spot price
2007-07-02,DCOILBRENTEU,72.9,Brent spot price
2007-07-03,DCOILBRENTEU,74.26,Brent spot price
2007-07-04,DCOILBRENTEU,,Brent spot price
2007-07-05,DCOILBRENTEU,75.4,Brent spot price
2007-07-06,DCOILBRENTEU,76.58,Brent spot price
2007-07-09,DCOILBRENTEU,77.1,Brent spot price
2007-07-10,DCOILBRENTEU,77.88,Brent spot price
2007-07-11,DCOILBRENTEU,77.44,Brent spot price
2007-07-12,DCOILBRENTEU,78.24,Brent spot price
2007-07-13,DCOILBRENTEU,78.12,Brent spot price
2007-07-16,DCOILBRENTEU,78.17,Brent spot price
2007-07-17,DCOILBRENTEU,77.59,Brent spot price
2007-07-18,DCOILBRENTEU,78,Brent spot price
2007-07-19,DCOILBRENTEU,78.37,Brent spot price
2007-07-20,DCOILBRENTEU,79.09,Brent spot price
2007-07-23,DCOILBRENTEU,78.36,Brent spot price
2007-07-24,DCOILBRENTEU,75.88,Brent spot price
2007-07-25,DCOILBRENTEU,75.21,Brent spot price
2007-07-26,DCOILBRENTEU,77.28,Brent spot price
2007-07-27,DCOILBRENTEU,76.58,Brent spot price
2007-07-30,DCOILBRENTEU,76.07,Brent spot price
2007-07-31,DCOILBRENTEU,77.01,Brent spot price
2007-08-01,DCOILBRENTEU,77.11,Brent spot price
2007-08-02,DCOILBRENTEU,76.14,Brent spot price
2007-08-03,DCOILBRENTEU,75.36,Brent spot price
2007-08-06,DCOILBRENTEU,72.69,Brent spot price
2007-08-07,DCOILBRENTEU,70.42,Brent spot price
2007-08-08,DCOILBRENTEU,70.73,Brent spot price
2007-08-09,DCOILBRENTEU,70.08,Brent spot price
2007-08-10,DCOILBRENTEU,69.57,Brent spot price
2007-08-13,DCOILBRENTEU,71.3,Brent spot price
2007-08-14,DCOILBRENTEU,69.29,Brent spot price
2007-08-15,DCOILBRENTEU,71.3,Brent spot price
2007-08-16,DCOILBRENTEU,68.77,Brent spot price
2007-08-17,DCOILBRENTEU,69.8,Brent spot price
2007-08-20,DCOILBRENTEU,68.37,Brent spot price
2007-08-21,DCOILBRENTEU,67.88,Brent spot price
2007-08-22,DCOILBRENTEU,67.73,Brent spot price
2007-08-23,DCOILBRENTEU,68.73,Brent spot price
2007-08-24,DCOILBRENTEU,69.49,Brent spot price
2007-08-27,DCOILBRENTEU,68.85,Brent spot price
2007-08-28,DCOILBRENTEU,69.66,Brent spot price
2007-08-29,DCOILBRENTEU,70.48,Brent spot price
2007-08-30,DCOILBRENTEU,71.46,Brent spot price
2007-08-31,DCOILBRENTEU,72.29,Brent spot price
2007-09-03,DCOILBRENTEU,,Brent spot price
2007-09-04,DCOILBRENTEU,74.22,Brent spot price
2007-09-05,DCOILBRENTEU,74.72,Brent spot price
2007-09-06,DCOILBRENTEU,76.21,Brent spot price
2007-09-07,DCOILBRENTEU,75.08,Brent spot price
2007-09-10,DCOILBRENTEU,74.97,Brent spot price
2007-09-11,DCOILBRENTEU,76.23,Brent spot price
2007-09-12,DCOILBRENTEU,77.15,Brent spot price
2007-09-13,DCOILBRENTEU,77.84,Brent spot price
2007-09-14,DCOILBRENTEU,78.27,Brent spot price
2007-09-17,DCOILBRENTEU,77.99,Brent spot price
2007-09-18,DCOILBRENTEU,77,Brent spot price
2007-09-19,DCOILBRENTEU,78.47,Brent spot price
2007-09-20,DCOILBRENTEU,78.48,Brent spot price
2007-09-21,DCOILBRENTEU,78.91,Brent spot price
2007-09-24,DCOILBRENTEU,77.87,Brent spot price
2007-09-25,DCOILBRENTEU,76.82,Brent spot price
2007-09-26,DCOILBRENTEU,76.21,Brent spot price
2007-09-27,DCOILBRENTEU,78.88,Brent spot price
2007-09-28,DCOILBRENTEU,80.97,Brent spot price
2007-10-01,DCOILBRENTEU,78.33,Brent spot price
2007-10-02,DCOILBRENTEU,76.87,Brent spot price
2007-10-03,DCOILBRENTEU,77.8,Brent spot price
2007-10-04,DCOILBRENTEU,77.84,Brent spot price
2007-10-05,DCOILBRENTEU,79.05,Brent spot price
2007-10-08,DCOILBRENTEU,76.94,Brent spot price
2007-10-09,DCOILBRENTEU,77.82,Brent spot price
2007-10-10,DCOILBRENTEU,77.85,Brent spot price
2007-10-11,DCOILBRENTEU,80.83,Brent spot price
2007-10-12,DCOILBRENTEU,80.82,Brent spot price
2007-10-15,DCOILBRENTEU,82.5,Brent spot price
2007-10-16,DCOILBRENTEU,84.43,Brent spot price
2007-10-17,DCOILBRENTEU,85.24,Brent spot price
2007-10-18,DCOILBRENTEU,85.03,Brent spot price
2007-10-19,DCOILBRENTEU,84.25,Brent spot price
2007-10-22,DCOILBRENTEU,82.72,Brent spot price
2007-10-23,DCOILBRENTEU,82.31,Brent spot price
2007-10-24,DCOILBRENTEU,83.47,Brent spot price
2007-10-25,DCOILBRENTEU,85.4,Brent spot price
2007-10-26,DCOILBRENTEU,84.71,Brent spot price
2007-10-29,DCOILBRENTEU,89.87,Brent spot price
2007-10-30,DCOILBRENTEU,89.87,Brent spot price
2007-10-31,DCOILBRENTEU,89.87,Brent spot price
2007-11-01,DCOILBRENTEU,90.36,Brent spot price
2007-11-02,DCOILBRENTEU,92.11,Brent spot price
2007-11-05,DCOILBRENTEU,92.16,Brent spot price
2007-11-06,DCOILBRENTEU,93.99,Brent spot price
2007-11-07,DCOILBRENTEU,94.85,Brent spot price
2007-11-08,DCOILBRENTEU,94.4,Brent spot price
2007-11-09,DCOILBRENTEU,92.32,Brent spot price
2007-11-12,DCOILBRENTEU,91.56,Brent spot price
2007-11-13,DCOILBRENTEU,89.09,Brent spot price
2007-11-14,DCOILBRENTEU,90.73,Brent spot price
2007-11-15,DCOILBRENTEU,90.32,Brent spot price
2007-11-16,DCOILBRENTEU,91.99,Brent spot price
2007-11-19,DCOILBRENTEU,91.59,Brent spot price
2007-11-20,DCOILBRENTEU,94.13,Brent spot price
2007-11-21,DCOILBRENTEU,94.97,Brent spot price
2007-11-22,DCOILBRENTEU,,Brent spot price
2007-11-23,DCOILBRENTEU,95.33,Brent spot price
2007-11-26,DCOILBRENTEU,94.88,Brent spot price
2007-11-27,DCOILBRENTEU,93.23,Brent spot price
2007-11-28,DCOILBRENTEU,91.64,Brent spot price
2007-11-29,DCOILBRENTEU,92.34,Brent spot price
2007-11-30,DCOILBRENTEU,88.71,Brent spot price
2007-12-03,DCOILBRENTEU,87.85,Brent spot price
2007-12-04,DCOILBRENTEU,89.97,Brent spot price
2007-12-05,DCOILBRENTEU,90.7,Brent spot price
2007-12-06,DCOILBRENTEU,88.46,Brent spot price
2007-12-07,DCOILBRENTEU,88.46,Brent spot price
2007-12-10,DCOILBRENTEU,87.33,Brent spot price
2007-12-11,DCOILBRENTEU,87.77,Brent spot price
2007-12-12,DCOILBRENTEU,91.69,Brent spot price
2007-12-13,DCOILBRENTEU,92.57,Brent spot price
2007-12-14,DCOILBRENTEU,91.86,Brent spot price
2007-12-17,DCOILBRENTEU,90.32,Brent spot price
2007-12-18,DCOILBRENTEU,90.71,Brent spot price
2007-12-19,DCOILBRENTEU,90.98,Brent spot price
2007-12-20,DCOILBRENTEU,91.06,Brent spot price
2007-12-21,DCOILBRENTEU,91.03,Brent spot price
2007-12-24,DCOILBRENTEU,91.59,Brent spot price
2007-12-25,DCOILBRENTEU,,Brent spot price
2007-12-26,DCOILBRENTEU,,Brent spot price
2007-12-27,DCOILBRENTEU,95.66,Brent spot price
2007-12-28,DCOILBRENTEU,95.92,Brent spot price
2007-12-31,DCOILBRENTEU,93.68,Brent spot price
2008-01-01,DCOILBRENTEU,,Brent spot price
2008-01-02,DCOILBRENTEU,97.01,Brent spot price
2008-01-03,DCOILBRENTEU,98.45,Brent spot price
2008-01-04,DCOILBRENTEU,96.87,Brent spot price
2008-01-07,DCOILBRENTEU,94.19,Brent spot price
2008-01-08,DCOILBRENTEU,96.37,Brent spot price
2008-01-09,DCOILBRENTEU,96.76,Brent spot price
2008-01-10,DCOILBRENTEU,92.8,Brent spot price
2008-01-11,DCOILBRENTEU,91.86,Brent spot price
2008-01-14,DCOILBRENTEU,92.58,Brent spot price
2008-01-15,DCOILBRENTEU,90.87,Brent spot price
2008-01-16,DCOILBRENTEU,88.1,Brent spot price
2008-01-17,DCOILBRENTEU,88.96,Brent spot price
2008-01-18,DCOILBRENTEU,89.66,Brent spot price
2008-01-21,DCOILBRENTEU,,Brent spot price
2008-01-22,DCOILBRENTEU,88.11,Brent spot price
2008-01-23,DCOILBRENTEU,87.06,Brent spot price
2008-01-24,DCOILBRENTEU,87.69,Brent spot price
2008-01-25,DCOILBRENTEU,90.96,Brent spot price
2008-01-28,DCOILBRENTEU,90.91,Brent spot price
2008-01-29,DCOILBRENTEU,92.49,Brent spot price
2008-01-30,DCOILBRENTEU,92.46,Brent spot price
2008-01-31,DCOILBRENTEU,91.58,Brent spot price
2008-02-01,DCOILBRENTEU,91.41,Brent spot price
2008-02-04,DCOILBRENTEU,91.09,Brent spot price
2008-02-05,DCOILBRENTEU,89.6,Brent spot price
2008-02-06,DCOILBRENTEU,88.73,Brent spot price
2008-02-07,DCOILBRENTEU,88.55,Brent spot price
2008-02-08,DCOILBRENTEU,91.45,Brent spot price
2008-02-11,DCOILBRENTEU,93.93,Brent spot price
2008-02-12,DCOILBRENTEU,94.28,Brent spot price
2008-02-13,DCOILBRENTEU,93.82,Brent spot price
2008-02-14,DCOILBRENTEU,95.92,Brent spot price
2008-02-15,DCOILBRENTEU,96.96,Brent spot price
2008-02-18,DCOILBRENTEU,,Brent spot price
2008-02-19,DCOILBRENTEU,97.03,Brent spot price
2008-02-20,DCOILBRENTEU,97.88,Brent spot price
2008-02-21,DCOILBRENTEU,97.52,Brent spot price
2008-02-22,DCOILBRENTEU,96.07,Brent spot price
2008-02-25,DCOILBRENTEU,97.43,Brent spot price
2008-02-26,DCOILBRENTEU,99.05,Brent spot price
2008-02-27,DCOILBRENTEU,98.28,Brent spot price
2008-02-28,DCOILBRENTEU,99.83,Brent spot price
2008-02-29,DCOILBRENTEU,100.9,Brent spot price
2008-03-03,DCOILBRENTEU,101.83,Brent spot price
2008-03-04,DCOILBRENTEU,98.6,Brent spot price
2008-03-05,DCOILBRENTEU,100.95,Brent spot price
2008-03-06,DCOILBRENTEU,103.47,Brent spot price
2008-03-07,DCOILBRENTEU,104.66,Brent spot price
2008-03-10,DCOILBRENTEU,105.33,Brent spot price
2008-03-11,DCOILBRENTEU,106.78,Brent spot price
2008-03-12,DCOILBRENTEU,107.99,Brent spot price
2008-03-13,DCOILBRENTEU,109.18,Brent spot price
2008-03-14,DCOILBRENTEU,109.16,Brent spot price
2008-03-17,DCOILBRENTEU,104.41,Brent spot price
2008-03-18,DCOILBRENTEU,105.35,Brent spot price
2008-03-19,DCOILBRENTEU,102.65,Brent spot price
2008-03-20,DCOILBRENTEU,99.78,Brent spot price
2008-03-21,DCOILBRENTEU,,Brent spot price
2008-03-24,DCOILBRENTEU,100.93,Brent spot price
2008-03-25,DCOILBRENTEU,99.91,Brent spot price
2008-03-26,DCOILBRENTEU,102.83,Brent spot price
2008-03-27,DCOILBRENTEU,103.89,Brent spot price
2008-03-28,DCOILBRENTEU,102.68,Brent spot price
2008-03-31,DCOILBRENTEU,102.33,Brent spot price
2008-04-01,DCOILBRENTEU,98.69,Brent spot price
2008-04-02,DCOILBRENTEU,98.85,Brent spot price
2008-04-03,DCOILBRENTEU,102.31,Brent spot price
2008-04-04,DCOILBRENTEU,102.21,Brent spot price
2008-04-07,DCOILBRENTEU,105.98,Brent spot price
2008-04-08,DCOILBRENTEU,105.05,Brent spot price
2008-04-09,DCOILBRENTEU,107.46,Brent spot price
2008-04-10,DCOILBRENTEU,107.37,Brent spot price
2008-04-11,DCOILBRENTEU,107.15,Brent spot price
2008-04-14,DCOILBRENTEU,108.32,Brent spot price
2008-04-15,DCOILBRENTEU,110.84,Brent spot price
2008-04-16,DCOILBRENTEU,110.95,Brent spot price
2008-04-17,DCOILBRENTEU,111.34,Brent spot price
2008-04-18,DCOILBRENTEU,110.67,Brent spot price
2008-04-21,DCOILBRENTEU,111.35,Brent spot price
2008-04-22,DCOILBRENTEU,113.54,Brent spot price
2008-04-23,DCOILBRENTEU,115.34,Brent spot price
2008-04-24,DCOILBRENTEU,114.85,Brent spot price
2008-04-25,DCOILBRENTEU,116.62,Brent spot price
2008-04-28,DCOILBRENTEU,115.7,Brent spot price
2008-04-29,DCOILBRENTEU,113.86,Brent spot price
2008-04-30,DCOILBRENTEU,111.12,Brent spot price
2008-05-01,DCOILBRENTEU,107.3,Brent spot price
2008-05-02,DCOILBRENTEU,111.92,Brent spot price
2008-05-05,DCOILBRENTEU,115.68,Brent spot price
2008-05-06,DCOILBRENTEU,119.88,Brent spot price
2008-05-07,DCOILBRENTEU,120.27,Brent spot price
2008-05-08,DCOILBRENTEU,119.85,Brent spot price
2008-05-09,DCOILBRENTEU,123.54,Brent spot price
2008-05-12,DCOILBRENTEU,122.89,Brent spot price
2008-05-13,DCOILBRENTEU,123.11,Brent spot price
2008-05-14,DCOILBRENTEU,121.18,Brent spot price
2008-05-15,DCOILBRENTEU,122.76,Brent spot price
2008-05-16,DCOILBRENTEU,122.98,Brent spot price
2008-05-19,DCOILBRENTEU,122.19,Brent spot price
2008-05-20,DCOILBRENTEU,124.12,Brent spot price
2008-05-21,DCOILBRENTEU,127.28,Brent spot price
2008-05-22,DCOILBRENTEU,129.04,Brent spot price
2008-05-23,DCOILBRENTEU,129.72,Brent spot price
2008-05-26,DCOILBRENTEU,,Brent spot price
2008-05-27,DCOILBRENTEU,128.92,Brent spot price
2008-05-28,DCOILBRENTEU,128.93,Brent spot price
2008-05-29,DCOILBRENTEU,129.33,Brent spot price
2008-05-30,DCOILBRENTEU,127.85,Brent spot price
2008-06-02,DCOILBRENTEU,128.5,Brent spot price
2008-06-03,DCOILBRENTEU,126.28,Brent spot price
2008-06-04,DCOILBRENTEU,121.72,Brent spot price
2008-06-05,DCOILBRENTEU,122.36,Brent spot price
2008-06-06,DCOILBRENTEU,132.81,Brent spot price
2008-06-09,DCOILBRENTEU,134.43,Brent spot price
2008-06-10,DCOILBRENTEU,135.24,Brent spot price
2008-06-11,DCOILBRENTEU,134.52,Brent spot price
2008-06-12,DCOILBRENTEU,132.11,Brent spot price
2008-06-13,DCOILBRENTEU,134.29,Brent spot price
2008-06-16,DCOILBRENTEU,133.9,Brent spot price
2008-06-17,DCOILBRENTEU,131.27,Brent spot price
2008-06-18,DCOILBRENTEU,129.12,Brent spot price
2008-06-19,DCOILBRENTEU,131.84,Brent spot price
2008-06-20,DCOILBRENTEU,134.28,Brent spot price
2008-06-23,DCOILBRENTEU,134.54,Brent spot price
2008-06-24,DCOILBRENTEU,135.37,Brent spot price
2008-06-25,DCOILBRENTEU,131.59,Brent spot price
2008-06-26,DCOILBRENTEU,136.82,Brent spot price
2008-06-27,DCOILBRENTEU,139.38,Brent spot price
2008-06-30,DCOILBRENTEU,138.4,Brent spot price
2008-07-01,DCOILBRENTEU,140.67,Brent spot price
2008-07-02,DCOILBRENTEU,141.24,Brent spot price
2008-07-03,DCOILBRENTEU,143.95,Brent spot price
2008-07-04,DCOILBRENTEU,,Brent spot price
2008-07-07,DCOILBRENTEU,139.62,Brent spot price
2008-07-08,DCOILBRENTEU,134.15,Brent spot price
2008-07-09,DCOILBRENTEU,133.91,Brent spot price
2008-07-10,DCOILBRENTEU,135.81,Brent spot price
2008-07-11,DCOILBRENTEU,143.68,Brent spot price
2008-07-14,DCOILBRENTEU,142.43,Brent spot price
2008-07-15,DCOILBRENTEU,136.02,Brent spot price
2008-07-16,DCOILBRENTEU,133.31,Brent spot price
2008-07-17,DCOILBRENTEU,134.16,Brent spot price
2008-07-18,DCOILBRENTEU,129.34,Brent spot price
2008-07-21,DCOILBRENTEU,129.34,Brent spot price
2008-07-22,DCOILBRENTEU,127.18,Brent spot price
2008-07-23,DCOILBRENTEU,126.86,Brent spot price
2008-07-24,DCOILBRENTEU,125.43,Brent spot price
2008-07-25,DCOILBRENTEU,124.7,Brent spot price
2008-07-28,DCOILBRENTEU,125.67,Brent spot price
2008-07-29,DCOILBRENTEU,125.77,Brent spot price
2008-07-30,DCOILBRENTEU,122.46,Brent spot price
2008-07-31,DCOILBRENTEU,124.1,Brent spot price
2008-08-01,DCOILBRENTEU,124.16,Brent spot price
2008-08-04,DCOILBRENTEU,121.87,Brent spot price
2008-08-05,DCOILBRENTEU,116.5,Brent spot price
2008-08-06,DCOILBRENTEU,114.47,Brent spot price
2008-08-07,DCOILBRENTEU,116.94,Brent spot price
2008-08-08,DCOILBRENTEU,113.03,Brent spot price
2008-08-11,DCOILBRENTEU,110.54,Brent spot price
2008-08-12,DCOILBRENTEU,108.98,Brent spot price
2008-08-13,DCOILBRENTEU,110.68,Brent spot price
2008-08-14,DCOILBRENTEU,111.82,Brent spot price
2008-08-15,DCOILBRENTEU,108.8,Brent spot price
2008-08-18,DCOILBRENTEU,109.33,Brent spot price
2008-08-19,DCOILBRENTEU,109.02,Brent spot price
2008-08-20,DCOILBRENTEU,108.72,Brent spot price
2008-08-21,DCOILBRENTEU,117.24,Brent spot price
2008-08-22,DCOILBRENTEU,113.99,Brent spot price
2008-08-25,DCOILBRENTEU,109.74,Brent spot price
2008-08-26,DCOILBRENTEU,112.2,Brent spot price
2008-08-27,DCOILBRENTEU,113.05,Brent spot price
2008-08-28,DCOILBRENTEU,113.54,Brent spot price
2008-08-29,DCOILBRENTEU,113.49,Brent spot price
2008-09-01,DCOILBRENTEU,,Brent spot price
2008-09-02,DCOILBRENTEU,104.94,Brent spot price
2008-09-03,DCOILBRENTEU,103.88,Brent spot price
2008-09-04,DCOILBRENTEU,103.41,Brent spot price
2008-09-05,DCOILBRENTEU,102.51,Brent spot price
2008-09-08,DCOILBRENTEU,101.08,Brent spot price
2008-09-09,DCOILBRENTEU,98.94,Brent spot price
2008-09-10,DCOILBRENTEU,96,Brent spot price
2008-09-11,DCOILBRENTEU,96.01,Brent spot price
2008-09-12,DCOILBRENTEU,94.37,Brent spot price
2008-09-15,DCOILBRENTEU,90.45,Brent spot price
2008-09-16,DCOILBRENTEU,85.85,Brent spot price
2008-09-17,DCOILBRENTEU,86.09,Brent spot price
2008-09-18,DCOILBRENTEU,90.89,Brent spot price
2008-09-19,DCOILBRENTEU,93.46,Brent spot price
2008-09-22,DCOILBRENTEU,100.43,Brent spot price
2008-09-23,DCOILBRENTEU,100.72,Brent spot price
2008-09-24,DCOILBRENTEU,102.09,Brent spot price
2008-09-25,DCOILBRENTEU,100.45,Brent spot price
2008-09-26,DCOILBRENTEU,100.88,Brent spot price
2008-09-29,DCOILBRENTEU,95.96,Brent spot price
2008-09-30,DCOILBRENTEU,93.52,Brent spot price
2008-10-01,DCOILBRENTEU,92.19,Brent spot price
2008-10-02,DCOILBRENTEU,88.88,Brent spot price
2008-10-03,DCOILBRENTEU,88.95,Brent spot price
2008-10-06,DCOILBRENTEU,84.71,Brent spot price
2008-10-07,DCOILBRENTEU,83.17,Brent spot price
2008-10-08,DCOILBRENTEU,80.77,Brent spot price
2008-10-09,DCOILBRENTEU,81.65,Brent spot price
2008-10-10,DCOILBRENTEU,74.58,Brent spot price
2008-10-13,DCOILBRENTEU,74.37,Brent spot price
2008-10-14,DCOILBRENTEU,74.98,Brent spot price
2008-10-15,DCOILBRENTEU,66.86,Brent spot price
2008-10-16,DCOILBRENTEU,64.14,Brent spot price
2008-10-17,DCOILBRENTEU,66.05,Brent spot price
2008-10-20,DCOILBRENTEU,67.45,Brent spot price
2008-10-21,DCOILBRENTEU,65.99,Brent spot price
2008-10-22,DCOILBRENTEU,62.95,Brent spot price
2008-10-23,DCOILBRENTEU,65.06,Brent spot price
2008-10-24,DCOILBRENTEU,60.57,Brent spot price
2008-10-27,DCOILBRENTEU,59.34,Brent spot price
2008-10-28,DCOILBRENTEU,58.87,Brent spot price
2008-10-29,DCOILBRENTEU,64,Brent spot price
2008-10-30,DCOILBRENTEU,60.86,Brent spot price
2008-10-31,DCOILBRENTEU,60,Brent spot price
2008-11-03,DCOILBRENTEU,60.32,Brent spot price
2008-11-04,DCOILBRENTEU,62.78,Brent spot price
2008-11-05,DCOILBRENTEU,61.09,Brent spot price
2008-11-06,DCOILBRENTEU,56.14,Brent spot price
2008-11-07,DCOILBRENTEU,56.84,Brent spot price
2008-11-10,DCOILBRENTEU,57.08,Brent spot price
2008-11-11,DCOILBRENTEU,54.76,Brent spot price
2008-11-12,DCOILBRENTEU,52.47,Brent spot price
2008-11-13,DCOILBRENTEU,51.32,Brent spot price
2008-11-14,DCOILBRENTEU,50.7,Brent spot price
2008-11-17,DCOILBRENTEU,50.82,Brent spot price
2008-11-18,DCOILBRENTEU,49.1,Brent spot price
2008-11-19,DCOILBRENTEU,48.35,Brent spot price
2008-11-20,DCOILBRENTEU,45.79,Brent spot price
2008-11-21,DCOILBRENTEU,44.91,Brent spot price
2008-11-24,DCOILBRENTEU,49.51,Brent spot price
2008-11-25,DCOILBRENTEU,47.51,Brent spot price
2008-11-26,DCOILBRENTEU,49.39,Brent spot price
2008-11-27,DCOILBRENTEU,,Brent spot price
2008-11-28,DCOILBRENTEU,47.72,Brent spot price
2008-12-01,DCOILBRENTEU,47.58,Brent spot price
2008-12-02,DCOILBRENTEU,45.64,Brent spot price
2008-12-03,DCOILBRENTEU,44.39,Brent spot price
2008-12-04,DCOILBRENTEU,43.83,Brent spot price
2008-12-05,DCOILBRENTEU,37.04,Brent spot price
2008-12-08,DCOILBRENTEU,40.02,Brent spot price
2008-12-09,DCOILBRENTEU,39.77,Brent spot price
2008-12-10,DCOILBRENTEU,39.34,Brent spot price
2008-12-11,DCOILBRENTEU,43.54,Brent spot price
2008-12-12,DCOILBRENTEU,42.38,Brent spot price
2008-12-15,DCOILBRENTEU,45.02,Brent spot price
2008-12-16,DCOILBRENTEU,42,Brent spot price
2008-12-17,DCOILBRENTEU,41.84,Brent spot price
2008-12-18,DCOILBRENTEU,40.19,Brent spot price
2008-12-19,DCOILBRENTEU,39.52,Brent spot price
2008-12-22,DCOILBRENTEU,38.08,Brent spot price
2008-12-23,DCOILBRENTEU,35.27,Brent spot price
2008-12-24,DCOILBRENTEU,34.45,Brent spot price
2008-12-25,DCOILBRENTEU,,Brent spot price
2008-12-26,DCOILBRENTEU,33.73,Brent spot price
2008-12-29,DCOILBRENTEU,34.16,Brent spot price
2008-12-30,DCOILBRENTEU,35.22,Brent spot price
2008-12-31,DCOILBRENTEU,35.82,Brent spot price
2009-01-01,DCOILBRENTEU,,Brent spot price
2009-01-02,DCOILBRENTEU,42.94,Brent spot price
2009-01-05,DCOILBRENTEU,45.84,Brent spot price
2009-01-06,DCOILBRENTEU,48.89,Brent spot price
2009-01-07,DCOILBRENTEU,46.23,Brent spot price
2009-01-08,DCOILBRENTEU,42.94,Brent spot price
2009-01-09,DCOILBRENTEU,42.34,Brent spot price
2009-01-12,DCOILBRENTEU,40.86,Brent spot price
2009-01-13,DCOILBRENTEU,43.05,Brent spot price
2009-01-14,DCOILBRENTEU,42.27,Brent spot price
2009-01-15,DCOILBRENTEU,42.32,Brent spot price
2009-01-16,DCOILBRENTEU,43.42,Brent spot price
2009-01-19,DCOILBRENTEU,,Brent spot price
2009-01-20,DCOILBRENTEU,41.22,Brent spot price
2009-01-21,DCOILBRENTEU,39.9,Brent spot price
2009-01-22,DCOILBRENTEU,42.42,Brent spot price
2009-01-23,DCOILBRENTEU,43.13,Brent spot price
2009-01-26,DCOILBRENTEU,48,Brent spot price
2009-01-27,DCOILBRENTEU,42.86,Brent spot price
2009-01-28,DCOILBRENTEU,42.86,Brent spot price
2009-01-29,DCOILBRENTEU,43.13,Brent spot price
2009-01-30,DCOILBRENTEU,44.17,Brent spot price
2009-02-02,DCOILBRENTEU,42.96,Brent spot price
2009-02-03,DCOILBRENTEU,43.15,Brent spot price
2009-02-04,DCOILBRENTEU,43.68,Brent spot price
2009-02-05,DCOILBRENTEU,43.92,Brent spot price
2009-02-06,DCOILBRENTEU,44.49,Brent spot price
2009-02-09,DCOILBRENTEU,47.23,Brent spot price
2009-02-10,DCOILBRENTEU,45.88,Brent spot price
2009-02-11,DCOILBRENTEU,44.24,Brent spot price
2009-02-12,DCOILBRENTEU,47.23,Brent spot price
2009-02-13,DCOILBRENTEU,43.36,Brent spot price
2009-02-16,DCOILBRENTEU,,Brent spot price
2009-02-17,DCOILBRENTEU,39.69,Brent spot price
2009-02-18,DCOILBRENTEU,39.41,Brent spot price
2009-02-19,DCOILBRENTEU,42.36,Brent spot price
2009-02-20,DCOILBRENTEU,42.19,Brent spot price
2009-02-23,DCOILBRENTEU,41.27,Brent spot price
2009-02-24,DCOILBRENTEU,40.18,Brent spot price
2009-02-25,DCOILBRENTEU,42.37,Brent spot price
2009-02-26,DCOILBRENTEU,45.15,Brent spot price
2009-02-27,DCOILBRENTEU,44.41,Brent spot price
2009-03-02,DCOILBRENTEU,42.6,Brent spot price
2009-03-03,DCOILBRENTEU,42.72,Brent spot price
2009-03-04,DCOILBRENTEU,46.07,Brent spot price
2009-03-05,DCOILBRENTEU,44.45,Brent spot price
2009-03-06,DCOILBRENTEU,43.48,Brent spot price
2009-03-09,DCOILBRENTEU,44.55,Brent spot price
2009-03-10,DCOILBRENTEU,44.99,Brent spot price
2009-03-11,DCOILBRENTEU,43.2,Brent spot price
2009-03-12,DCOILBRENTEU,42.19,Brent spot price
2009-03-13,DCOILBRENTEU,44.97,Brent spot price
2009-03-16,DCOILBRENTEU,44.12,Brent spot price
2009-03-17,DCOILBRENTEU,45.53,Brent spot price
2009-03-18,DCOILBRENTEU,45.22,Brent spot price
2009-03-19,DCOILBRENTEU,48.03,Brent spot price
2009-03-20,DCOILBRENTEU,49.27,Brent spot price
2009-03-23,DCOILBRENTEU,51.84,Brent spot price
2009-03-24,DCOILBRENTEU,51.32,Brent spot price
2009-03-25,DCOILBRENTEU,51.46,Brent spot price
2009-03-26,DCOILBRENTEU,51.89,Brent spot price
2009-03-27,DCOILBRENTEU,50.81,Brent spot price
2009-03-30,DCOILBRENTEU,49.05,Brent spot price
2009-03-31,DCOILBRENTEU,46.13,Brent spot price
2009-04-01,DCOILBRENTEU,45.92,Brent spot price
2009-04-02,DCOILBRENTEU,50.89,Brent spot price
2009-04-03,DCOILBRENTEU,50.48,Brent spot price
2009-04-06,DCOILBRENTEU,50.91,Brent spot price
2009-04-07,DCOILBRENTEU,50.62,Brent spot price
2009-04-08,DCOILBRENTEU,52.06,Brent spot price
2009-04-09,DCOILBRENTEU,52.33,Brent spot price
2009-04-10,DCOILBRENTEU,,Brent spot price
2009-04-13,DCOILBRENTEU,50.73,Brent spot price
2009-04-14,DCOILBRENTEU,52.06,Brent spot price
2009-04-15,DCOILBRENTEU,51.31,Brent spot price
2009-04-16,DCOILBRENTEU,51.83,Brent spot price
2009-04-17,DCOILBRENTEU,52.02,Brent spot price
2009-04-20,DCOILBRENTEU,49.06,Brent spot price
2009-04-21,DCOILBRENTEU,48.69,Brent spot price
2009-04-22,DCOILBRENTEU,48.5,Brent spot price
2009-04-23,DCOILBRENTEU,48.29,Brent spot price
2009-04-24,DCOILBRENTEU,50.29,Brent spot price
2009-04-27,DCOILBRENTEU,48.67,Brent spot price
2009-04-28,DCOILBRENTEU,48.64,Brent spot price
2009-04-29,DCOILBRENTEU,50.22,Brent spot price
2009-04-30,DCOILBRENTEU,50.3,Brent spot price
2009-05-01,DCOILBRENTEU,51.75,Brent spot price
2009-05-04,DCOILBRENTEU,53.26,Brent spot price
2009-05-05,DCOILBRENTEU,53.16,Brent spot price
2009-05-06,DCOILBRENTEU,55.07,Brent spot price
2009-05-07,DCOILBRENTEU,56.63,Brent spot price
2009-05-08,DCOILBRENTEU,56.02,Brent spot price
2009-05-11,DCOILBRENTEU,55.99,Brent spot price
2009-05-12,DCOILBRENTEU,56.52,Brent spot price
2009-05-13,DCOILBRENTEU,56.84,Brent spot price
2009-05-14,DCOILBRENTEU,56.25,Brent spot price
2009-05-15,DCOILBRENTEU,56.33,Brent spot price
2009-05-18,DCOILBRENTEU,56.51,Brent spot price
2009-05-19,DCOILBRENTEU,57.12,Brent spot price
2009-05-20,DCOILBRENTEU,59.1,Brent spot price
2009-05-21,DCOILBRENTEU,58.02,Brent spot price
2009-05-22,DCOILBRENTEU,58.7,Brent spot price
2009-05-25,DCOILBRENTEU,,Brent spot price
2009-05-26,DCOILBRENTEU,59.05,Brent spot price
2009-05-27,DCOILBRENTEU,61.28,Brent spot price
2009-05-28,DCOILBRENTEU,63.47,Brent spot price
2009-05-29,DCOILBRENTEU,64.98,Brent spot price
2009-06-01,DCOILBRENTEU,66.6,Brent spot price
2009-06-02,DCOILBRENTEU,67.67,Brent spot price
2009-06-03,DCOILBRENTEU,66.15,Brent spot price
2009-06-04,DCOILBRENTEU,67.68,Brent spot price
2009-06-05,DCOILBRENTEU,67.77,Brent spot price
2009-06-08,DCOILBRENTEU,67.61,Brent spot price
2009-06-09,DCOILBRENTEU,68.94,Brent spot price
2009-06-10,DCOILBRENTEU,70.52,Brent spot price
2009-06-11,DCOILBRENTEU,71.71,Brent spot price
2009-06-12,DCOILBRENTEU,70.62,Brent spot price
2009-06-15,DCOILBRENTEU,68.49,Brent spot price
2009-06-16,DCOILBRENTEU,70.52,Brent spot price
2009-06-17,DCOILBRENTEU,68.95,Brent spot price
2009-06-18,DCOILBRENTEU,69.96,Brent spot price
2009-06-19,DCOILBRENTEU,70.48,Brent spot price
2009-06-22,DCOILBRENTEU,66.13,Brent spot price
2009-06-23,DCOILBRENTEU,66.36,Brent spot price
2009-06-24,DCOILBRENTEU,68.47,Brent spot price
2009-06-25,DCOILBRENTEU,68.82,Brent spot price
2009-06-26,DCOILBRENTEU,68.1,Brent spot price
2009-06-29,DCOILBRENTEU,69.75,Brent spot price
2009-06-30,DCOILBRENTEU,68.11,Brent spot price
2009-07-01,DCOILBRENTEU,68.52,Brent spot price
2009-07-02,DCOILBRENTEU,65.74,Brent spot price
2009-07-03,DCOILBRENTEU,,Brent spot price
2009-07-06,DCOILBRENTEU,63.12,Brent spot price
2009-07-07,DCOILBRENTEU,61.54,Brent spot price
2009-07-08,DCOILBRENTEU,59.71,Brent spot price
2009-07-09,DCOILBRENTEU,59.17,Brent spot price
2009-07-10,DCOILBRENTEU,58.43,Brent spot price
2009-07-13,DCOILBRENTEU,58.25,Brent spot price
2009-07-14,DCOILBRENTEU,60.48,Brent spot price
2009-07-15,DCOILBRENTEU,61.25,Brent spot price
2009-07-16,DCOILBRENTEU,62.02,Brent spot price
2009-07-17,DCOILBRENTEU,63.54,Brent spot price
2009-07-20,DCOILBRENTEU,64.64,Brent spot price
2009-07-21,DCOILBRENTEU,65.93,Brent spot price
2009-07-22,DCOILBRENTEU,65.36,Brent spot price
2009-07-23,DCOILBRENTEU,68.06,Brent spot price
2009-07-24,DCOILBRENTEU,68.82,Brent spot price
2009-07-27,DCOILBRENTEU,69.78,Brent spot price
2009-07-28,DCOILBRENTEU,68.53,Brent spot price
2009-07-29,DCOILBRENTEU,65.79,Brent spot price
2009-07-30,DCOILBRENTEU,68.82,Brent spot price
2009-07-31,DCOILBRENTEU,70.08,Brent spot price
2009-08-03,DCOILBRENTEU,72.9,Brent spot price
2009-08-04,DCOILBRENTEU,73.82,Brent spot price
2009-08-05,DCOILBRENTEU,74.39,Brent spot price
2009-08-06,DCOILBRENTEU,74.61,Brent spot price
2009-08-07,DCOILBRENTEU,74.21,Brent spot price
2009-08-10,DCOILBRENTEU,73.79,Brent spot price
2009-08-11,DCOILBRENTEU,71.58,Brent spot price
2009-08-12,DCOILBRENTEU,74.03,Brent spot price
2009-08-13,DCOILBRENTEU,73.76,Brent spot price
2009-08-14,DCOILBRENTEU,71.33,Brent spot price
2009-08-17,DCOILBRENTEU,68.65,Brent spot price
2009-08-18,DCOILBRENTEU,68.66,Brent spot price
2009-08-19,DCOILBRENTEU,72.81,Brent spot price
2009-08-20,DCOILBRENTEU,73.75,Brent spot price
2009-08-21,DCOILBRENTEU,73.71,Brent spot price
2009-08-24,DCOILBRENTEU,74.34,Brent spot price
2009-08-25,DCOILBRENTEU,73.1,Brent spot price
2009-08-26,DCOILBRENTEU,70.74,Brent spot price
2009-08-27,DCOILBRENTEU,70.68,Brent spot price
2009-08-28,DCOILBRENTEU,72.8,Brent spot price
2009-08-31,DCOILBRENTEU,69.02,Brent spot price
2009-09-01,DCOILBRENTEU,68.78,Brent spot price
2009-09-02,DCOILBRENTEU,67.6,Brent spot price
2009-09-03,DCOILBRENTEU,66.78,Brent spot price
2009-09-04,DCOILBRENTEU,65.84,Brent spot price
2009-09-07,DCOILBRENTEU,,Brent spot price
2009-09-08,DCOILBRENTEU,69.2,Brent spot price
2009-09-09,DCOILBRENTEU,69.76,Brent spot price
2009-09-10,DCOILBRENTEU,68.96,Brent spot price
2009-09-11,DCOILBRENTEU,68.76,Brent spot price
2009-09-14,DCOILBRENTEU,66.91,Brent spot price
2009-09-15,DCOILBRENTEU,66.53,Brent spot price
2009-09-16,DCOILBRENTEU,68.51,Brent spot price
2009-09-17,DCOILBRENTEU,71.56,Brent spot price
2009-09-18,DCOILBRENTEU,70.72,Brent spot price
2009-09-21,DCOILBRENTEU,68.11,Brent spot price
2009-09-22,DCOILBRENTEU,69.65,Brent spot price
2009-09-23,DCOILBRENTEU,67.43,Brent spot price
2009-09-24,DCOILBRENTEU,64.99,Brent spot price
2009-09-25,DCOILBRENTEU,64.6,Brent spot price
2009-09-28,DCOILBRENTEU,65.43,Brent spot price
2009-09-29,DCOILBRENTEU,64.63,Brent spot price
2009-09-30,DCOILBRENTEU,65.82,Brent spot price
2009-10-01,DCOILBRENTEU,67.12,Brent spot price
2009-10-02,DCOILBRENTEU,66.5,Brent spot price
2009-10-05,DCOILBRENTEU,65.26,Brent spot price
2009-10-06,DCOILBRENTEU,68.51,Brent spot price
2009-10-07,DCOILBRENTEU,67.65,Brent spot price
2009-10-08,DCOILBRENTEU,68.47,Brent spot price
2009-10-09,DCOILBRENTEU,69.45,Brent spot price
2009-10-12,DCOILBRENTEU,70.75,Brent spot price
2009-10-13,DCOILBRENTEU,70.81,Brent spot price
2009-10-14,DCOILBRENTEU,72.16,Brent spot price
2009-10-15,DCOILBRENTEU,73.14,Brent spot price
2009-10-16,DCOILBRENTEU,74.58,Brent spot price
2009-10-19,DCOILBRENTEU,75.86,Brent spot price
2009-10-20,DCOILBRENTEU,76.51,Brent spot price
2009-10-21,DCOILBRENTEU,77.74,Brent spot price
2009-10-22,DCOILBRENTEU,78.36,Brent spot price
2009-10-23,DCOILBRENTEU,77.72,Brent spot price
2009-10-26,DCOILBRENTEU,76.45,Brent spot price
2009-10-27,DCOILBRENTEU,76.69,Brent spot price
2009-10-28,DCOILBRENTEU,75.11,Brent spot price
2009-10-29,DCOILBRENTEU,77.18,Brent spot price
2009-10-30,DCOILBRENTEU,74.91,Brent spot price
2009-11-02,DCOILBRENTEU,75.56,Brent spot price
2009-11-03,DCOILBRENTEU,75.68,Brent spot price
2009-11-04,DCOILBRENTEU,78.21,Brent spot price
2009-11-05,DCOILBRENTEU,78.02,Brent spot price
2009-11-06,DCOILBRENTEU,75.51,Brent spot price
2009-11-09,DCOILBRENTEU,77.18,Brent spot price
2009-11-10,DCOILBRENTEU,77.07,Brent spot price
2009-11-11,DCOILBRENTEU,76.99,Brent spot price
2009-11-12,DCOILBRENTEU,75.18,Brent spot price
2009-11-13,DCOILBRENTEU,74.81,Brent spot price
2009-11-16,DCOILBRENTEU,77.14,Brent spot price
2009-11-17,DCOILBRENTEU,77.36,Brent spot price
2009-11-18,DCOILBRENTEU,78.64,Brent spot price
2009-11-19,DCOILBRENTEU,76.45,Brent spot price
2009-11-20,DCOILBRENTEU,75.61,Brent spot price
2009-11-23,DCOILBRENTEU,78.14,Brent spot price
2009-11-24,DCOILBRENTEU,75.35,Brent spot price
2009-11-25,DCOILBRENTEU,76.57,Brent spot price
2009-11-26,DCOILBRENTEU,,Brent spot price
2009-11-27,DCOILBRENTEU,76,Brent spot price
2009-11-30,DCOILBRENTEU,77.77,Brent spot price
2009-12-01,DCOILBRENTEU,78.68,Brent spot price
2009-12-02,DCOILBRENTEU,76.96,Brent spot price
2009-12-03,DCOILBRENTEU,77.76,Brent spot price
2009-12-04,DCOILBRENTEU,77.74,Brent spot price
2009-12-07,DCOILBRENTEU,76.18,Brent spot price
2009-12-08,DCOILBRENTEU,74.93,Brent spot price
2009-12-09,DCOILBRENTEU,73.63,Brent spot price
2009-12-10,DCOILBRENTEU,70.91,Brent spot price
2009-12-11,DCOILBRENTEU,70.07,Brent spot price
2009-12-14,DCOILBRENTEU,71.19,Brent spot price
2009-12-15,DCOILBRENTEU,71.33,Brent spot price
2009-12-16,DCOILBRENTEU,73.34,Brent spot price
2009-12-17,DCOILBRENTEU,71.28,Brent spot price
2009-12-18,DCOILBRENTEU,71.87,Brent spot price
2009-12-21,DCOILBRENTEU,72.74,Brent spot price
2009-12-22,DCOILBRENTEU,71.64,Brent spot price
2009-12-23,DCOILBRENTEU,73.87,Brent spot price
2009-12-24,DCOILBRENTEU,75.15,Brent spot price
2009-12-25,DCOILBRENTEU,,Brent spot price
2009-12-28,DCOILBRENTEU,76.59,Brent spot price
2009-12-29,DCOILBRENTEU,76.65,Brent spot price
2009-12-30,DCOILBRENTEU,77.62,Brent spot price
2009-12-31,DCOILBRENTEU,77.91,Brent spot price
2010-01-01,DCOILBRENTEU,,Brent spot price
2010-01-04,DCOILBRENTEU,79.05,Brent spot price
2010-01-05,DCOILBRENTEU,79.27,Brent spot price
2010-01-06,DCOILBRENTEU,80.14,Brent spot price
2010-01-07,DCOILBRENTEU,80.57,Brent spot price
2010-01-08,DCOILBRENTEU,80.06,Brent spot price
2010-01-11,DCOILBRENTEU,80.14,Brent spot price
2010-01-12,DCOILBRENTEU,79.38,Brent spot price
2010-01-13,DCOILBRENTEU,77.57,Brent spot price
2010-01-14,DCOILBRENTEU,77.61,Brent spot price
2010-01-15,DCOILBRENTEU,76.85,Brent spot price
2010-01-18,DCOILBRENTEU,,Brent spot price
2010-01-19,DCOILBRENTEU,75.18,Brent spot price
2010-01-20,DCOILBRENTEU,75.09,Brent spot price
2010-01-21,DCOILBRENTEU,74.13,Brent spot price
2010-01-22,DCOILBRENTEU,72.73,Brent spot price
2010-01-25,DCOILBRENTEU,72.18,Brent spot price
2010-01-26,DCOILBRENTEU,72.63,Brent spot price
2010-01-27,DCOILBRENTEU,72.75,Brent spot price
2010-01-28,DCOILBRENTEU,70.65,Brent spot price
2010-01-29,DCOILBRENTEU,71.2,Brent spot price
2010-02-01,DCOILBRENTEU,71.58,Brent spot price
2010-02-02,DCOILBRENTEU,73.94,Brent spot price
2010-02-03,DCOILBRENTEU,75.77,Brent spot price
2010-02-04,DCOILBRENTEU,71.3,Brent spot price
2010-02-05,DCOILBRENTEU,70.11,Brent spot price
2010-02-08,DCOILBRENTEU,69.62,Brent spot price
2010-02-09,DCOILBRENTEU,70.4,Brent spot price
2010-02-10,DCOILBRENTEU,70.4,Brent spot price
2010-02-11,DCOILBRENTEU,72.35,Brent spot price
2010-02-12,DCOILBRENTEU,71.49,Brent spot price
2010-02-15,DCOILBRENTEU,,Brent spot price
2010-02-16,DCOILBRENTEU,74.82,Brent spot price
2010-02-17,DCOILBRENTEU,74.89,Brent spot price
2010-02-18,DCOILBRENTEU,76.61,Brent spot price
2010-02-19,DCOILBRENTEU,76.88,Brent spot price
2010-02-22,DCOILBRENTEU,76.95,Brent spot price
2010-02-23,DCOILBRENTEU,76.44,Brent spot price
2010-02-24,DCOILBRENTEU,77,Brent spot price
2010-02-25,DCOILBRENTEU,74.38,Brent spot price
2010-02-26,DCOILBRENTEU,76.36,Brent spot price
2010-03-01,DCOILBRENTEU,76.07,Brent spot price
2010-03-02,DCOILBRENTEU,77.5,Brent spot price
2010-03-03,DCOILBRENTEU,78.66,Brent spot price
2010-03-04,DCOILBRENTEU,77.88,Brent spot price
2010-03-05,DCOILBRENTEU,79.2,Brent spot price
2010-03-08,DCOILBRENTEU,78.94,Brent spot price
2010-03-09,DCOILBRENTEU,78.77,Brent spot price
2010-03-10,DCOILBRENTEU,80.29,Brent spot price
2010-03-11,DCOILBRENTEU,79.44,Brent spot price
2010-03-12,DCOILBRENTEU,79.38,Brent spot price
2010-03-15,DCOILBRENTEU,77.08,Brent spot price
2010-03-16,DCOILBRENTEU,79.45,Brent spot price
2010-03-17,DCOILBRENTEU,80.28,Brent spot price
2010-03-18,DCOILBRENTEU,80.09,Brent spot price
2010-03-19,DCOILBRENTEU,78.37,Brent spot price
2010-03-22,DCOILBRENTEU,78.09,Brent spot price
2010-03-23,DCOILBRENTEU,79.17,Brent spot price
2010-03-24,DCOILBRENTEU,78.03,Brent spot price
2010-03-25,DCOILBRENTEU,78.64,Brent spot price
2010-03-26,DCOILBRENTEU,77.98,Brent spot price
2010-03-29,DCOILBRENTEU,79.89,Brent spot price
2010-03-30,DCOILBRENTEU,79.46,Brent spot price
2010-03-31,DCOILBRENTEU,80.37,Brent spot price
2010-04-01,DCOILBRENTEU,82.63,Brent spot price
2010-04-02,DCOILBRENTEU,,Brent spot price
2010-04-05,DCOILBRENTEU,84.48,Brent spot price
2010-04-06,DCOILBRENTEU,85.05,Brent spot price
2010-04-07,DCOILBRENTEU,84.49,Brent spot price
2010-04-08,DCOILBRENTEU,82.63,Brent spot price
2010-04-09,DCOILBRENTEU,82.77,Brent spot price
2010-04-12,DCOILBRENTEU,85.21,Brent spot price
2010-04-13,DCOILBRENTEU,83.44,Brent spot price
2010-04-14,DCOILBRENTEU,85.81,Brent spot price
2010-04-15,DCOILBRENTEU,86.9,Brent spot price
2010-04-16,DCOILBRENTEU,84.81,Brent spot price
2010-04-19,DCOILBRENTEU,83.09,Brent spot price
2010-04-20,DCOILBRENTEU,84.73,Brent spot price
2010-04-21,DCOILBRENTEU,84.55,Brent spot price
2010-04-22,DCOILBRENTEU,84.58,Brent spot price
2010-04-23,DCOILBRENTEU,86.09,Brent spot price
2010-04-26,DCOILBRENTEU,86.72,Brent spot price
2010-04-27,DCOILBRENTEU,85.59,Brent spot price
2010-04-28,DCOILBRENTEU,84.59,Brent spot price
2010-04-29,DCOILBRENTEU,86.82,Brent spot price
2010-04-30,DCOILBRENTEU,86.19,Brent spot price
2010-05-03,DCOILBRENTEU,88.09,Brent spot price
2010-05-04,DCOILBRENTEU,85.39,Brent spot price
2010-05-05,DCOILBRENTEU,82.31,Brent spot price
2010-05-06,DCOILBRENTEU,80.21,Brent spot price
2010-05-07,DCOILBRENTEU,76.48,Brent spot price
2010-05-10,DCOILBRENTEU,78.08,Brent spot price
2010-05-11,DCOILBRENTEU,79,Brent spot price
2010-05-12,DCOILBRENTEU,78.7,Brent spot price
2010-05-13,DCOILBRENTEU,79.41,Brent spot price
2010-05-14,DCOILBRENTEU,76.43,Brent spot price
2010-05-17,DCOILBRENTEU,73.87,Brent spot price
2010-05-18,DCOILBRENTEU,75.12,Brent spot price
2010-05-19,DCOILBRENTEU,71.86,Brent spot price
2010-05-20,DCOILBRENTEU,69.56,Brent spot price
2010-05-21,DCOILBRENTEU,70.45,Brent spot price
2010-05-24,DCOILBRENTEU,69.62,Brent spot price
2010-05-25,DCOILBRENTEU,67.18,Brent spot price
2010-05-26,DCOILBRENTEU,70.59,Brent spot price
2010-05-27,DCOILBRENTEU,73.56,Brent spot price
2010-05-28,DCOILBRENTEU,73,Brent spot price
2010-05-31,DCOILBRENTEU,,Brent spot price
2010-06-01,DCOILBRENTEU,73.08,Brent spot price
2010-06-02,DCOILBRENTEU,72.78,Brent spot price
2010-06-03,DCOILBRENTEU,73.12,Brent spot price
2010-06-04,DCOILBRENTEU,71.84,Brent spot price
2010-06-07,DCOILBRENTEU,71.09,Brent spot price
2010-06-08,DCOILBRENTEU,71.43,Brent spot price
2010-06-09,DCOILBRENTEU,73.68,Brent spot price
2010-06-10,DCOILBRENTEU,74.33,Brent spot price
2010-06-11,DCOILBRENTEU,73.28,Brent spot price
2010-06-14,DCOILBRENTEU,75.11,Brent spot price
2010-06-15,DCOILBRENTEU,75.29,Brent spot price
2010-06-16,DCOILBRENTEU,76.12,Brent spot price
2010-06-17,DCOILBRENTEU,77.52,Brent spot price
2010-06-18,DCOILBRENTEU,77.05,Brent spot price
2010-06-21,DCOILBRENTEU,78.53,Brent spot price
2010-06-22,DCOILBRENTEU,78.08,Brent spot price
2010-06-23,DCOILBRENTEU,75.22,Brent spot price
2010-06-24,DCOILBRENTEU,75.17,Brent spot price
2010-06-25,DCOILBRENTEU,76.21,Brent spot price
2010-06-28,DCOILBRENTEU,76.66,Brent spot price
2010-06-29,DCOILBRENTEU,74.21,Brent spot price
2010-06-30,DCOILBRENTEU,74.94,Brent spot price
2010-07-01,DCOILBRENTEU,71.73,Brent spot price
2010-07-02,DCOILBRENTEU,71.75,Brent spot price
2010-07-05,DCOILBRENTEU,,Brent spot price
2010-07-06,DCOILBRENTEU,73.08,Brent spot price
2010-07-07,DCOILBRENTEU,72.97,Brent spot price
2010-07-08,DCOILBRENTEU,74.56,Brent spot price
2010-07-09,DCOILBRENTEU,75.2,Brent spot price
2010-07-12,DCOILBRENTEU,74.35,Brent spot price
2010-07-13,DCOILBRENTEU,76.45,Brent spot price
2010-07-14,DCOILBRENTEU,76.63,Brent spot price
2010-07-15,DCOILBRENTEU,75.52,Brent spot price
2010-07-16,DCOILBRENTEU,75.55,Brent spot price
2010-07-19,DCOILBRENTEU,76.29,Brent spot price
2010-07-20,DCOILBRENTEU,76.31,Brent spot price
2010-07-21,DCOILBRENTEU,75.75,Brent spot price
2010-07-22,DCOILBRENTEU,77.59,Brent spot price
2010-07-23,DCOILBRENTEU,77.27,Brent spot price
2010-07-26,DCOILBRENTEU,77.9,Brent spot price
2010-07-27,DCOILBRENTEU,75.52,Brent spot price
2010-07-28,DCOILBRENTEU,76.66,Brent spot price
2010-07-29,DCOILBRENTEU,78.6,Brent spot price
2010-07-30,DCOILBRENTEU,77.5,Brent spot price
2010-08-02,DCOILBRENTEU,81.93,Brent spot price
2010-08-03,DCOILBRENTEU,83.6,Brent spot price
2010-08-04,DCOILBRENTEU,83.76,Brent spot price
2010-08-05,DCOILBRENTEU,82.9,Brent spot price
2010-08-06,DCOILBRENTEU,81.28,Brent spot price
2010-08-09,DCOILBRENTEU,81.54,Brent spot price
2010-08-10,DCOILBRENTEU,79.89,Brent spot price
2010-08-11,DCOILBRENTEU,77.83,Brent spot price
2010-08-12,DCOILBRENTEU,76.63,Brent spot price
2010-08-13,DCOILBRENTEU,75.14,Brent spot price
2010-08-16,DCOILBRENTEU,74.56,Brent spot price
2010-08-17,DCOILBRENTEU,76.74,Brent spot price
2010-08-18,DCOILBRENTEU,75.1,Brent spot price
2010-08-19,DCOILBRENTEU,74.84,Brent spot price
2010-08-20,DCOILBRENTEU,73.48,Brent spot price
2010-08-23,DCOILBRENTEU,73.08,Brent spot price
2010-08-24,DCOILBRENTEU,70.61,Brent spot price
2010-08-25,DCOILBRENTEU,70.74,Brent spot price
2010-08-26,DCOILBRENTEU,74.5,Brent spot price
2010-08-27,DCOILBRENTEU,75.16,Brent spot price
2010-08-30,DCOILBRENTEU,76.05,Brent spot price
2010-08-31,DCOILBRENTEU,75.51,Brent spot price
2010-09-01,DCOILBRENTEU,75.53,Brent spot price
2010-09-02,DCOILBRENTEU,74.93,Brent spot price
2010-09-03,DCOILBRENTEU,75.03,Brent spot price
2010-09-06,DCOILBRENTEU,,Brent spot price
2010-09-07,DCOILBRENTEU,75.78,Brent spot price
2010-09-08,DCOILBRENTEU,77.48,Brent spot price
2010-09-09,DCOILBRENTEU,77.87,Brent spot price
2010-09-10,DCOILBRENTEU,77.54,Brent spot price
2010-09-13,DCOILBRENTEU,78.52,Brent spot price
2010-09-14,DCOILBRENTEU,78.89,Brent spot price
2010-09-15,DCOILBRENTEU,78.46,Brent spot price
2010-09-16,DCOILBRENTEU,78.89,Brent spot price
2010-09-17,DCOILBRENTEU,77.43,Brent spot price
2010-09-20,DCOILBRENTEU,79.42,Brent spot price
2010-09-21,DCOILBRENTEU,78.76,Brent spot price
2010-09-22,DCOILBRENTEU,77.29,Brent spot price
2010-09-23,DCOILBRENTEU,77.69,Brent spot price
2010-09-24,DCOILBRENTEU,78.73,Brent spot price
2010-09-27,DCOILBRENTEU,77.71,Brent spot price
2010-09-28,DCOILBRENTEU,79.14,Brent spot price
2010-09-29,DCOILBRENTEU,78.79,Brent spot price
2010-09-30,DCOILBRENTEU,80.77,Brent spot price
2010-10-01,DCOILBRENTEU,82.69,Brent spot price
2010-10-04,DCOILBRENTEU,83.42,Brent spot price
2010-10-05,DCOILBRENTEU,83.35,Brent spot price
2010-10-06,DCOILBRENTEU,85.01,Brent spot price
2010-10-07,DCOILBRENTEU,83.67,Brent spot price
2010-10-08,DCOILBRENTEU,83.88,Brent spot price
2010-10-11,DCOILBRENTEU,83.08,Brent spot price
2010-10-12,DCOILBRENTEU,82.99,Brent spot price
2010-10-13,DCOILBRENTEU,84.01,Brent spot price
2010-10-14,DCOILBRENTEU,83.55,Brent spot price
2010-10-15,DCOILBRENTEU,81.94,Brent spot price
2010-10-18,DCOILBRENTEU,82.3,Brent spot price
2010-10-19,DCOILBRENTEU,81.12,Brent spot price
2010-10-20,DCOILBRENTEU,81.68,Brent spot price
2010-10-21,DCOILBRENTEU,81.28,Brent spot price
2010-10-22,DCOILBRENTEU,80.75,Brent spot price
2010-10-25,DCOILBRENTEU,81.91,Brent spot price
2010-10-26,DCOILBRENTEU,82.62,Brent spot price
2010-10-27,DCOILBRENTEU,81.27,Brent spot price
2010-10-28,DCOILBRENTEU,82.97,Brent spot price
2010-10-29,DCOILBRENTEU,82.47,Brent spot price
2010-11-01,DCOILBRENTEU,84.06,Brent spot price
2010-11-02,DCOILBRENTEU,84.71,Brent spot price
2010-11-03,DCOILBRENTEU,85.33,Brent spot price
2010-11-04,DCOILBRENTEU,86.83,Brent spot price
2010-11-05,DCOILBRENTEU,87.05,Brent spot price
2010-11-08,DCOILBRENTEU,87.15,Brent spot price
2010-11-09,DCOILBRENTEU,87.93,Brent spot price
2010-11-10,DCOILBRENTEU,87.92,Brent spot price
2010-11-11,DCOILBRENTEU,88.08,Brent spot price
2010-11-12,DCOILBRENTEU,86.07,Brent spot price
2010-11-15,DCOILBRENTEU,85.49,Brent spot price
2010-11-16,DCOILBRENTEU,83.98,Brent spot price
2010-11-17,DCOILBRENTEU,83.36,Brent spot price
2010-11-18,DCOILBRENTEU,83.7,Brent spot price
2010-11-19,DCOILBRENTEU,83.17,Brent spot price
2010-11-22,DCOILBRENTEU,82.34,Brent spot price
2010-11-23,DCOILBRENTEU,82.37,Brent spot price
2010-11-24,DCOILBRENTEU,84.53,Brent spot price
2010-11-25,DCOILBRENTEU,,Brent spot price
2010-11-26,DCOILBRENTEU,84.78,Brent spot price
2010-11-29,DCOILBRENTEU,85.9,Brent spot price
2010-11-30,DCOILBRENTEU,86.02,Brent spot price
2010-12-01,DCOILBRENTEU,88.56,Brent spot price
2010-12-02,DCOILBRENTEU,89.37,Brent spot price
2010-12-03,DCOILBRENTEU,90.65,Brent spot price
2010-12-06,DCOILBRENTEU,91.25,Brent spot price
2010-12-07,DCOILBRENTEU,90.78,Brent spot price
2010-12-08,DCOILBRENTEU,89.74,Brent spot price
2010-12-09,DCOILBRENTEU,89.93,Brent spot price
2010-12-10,DCOILBRENTEU,89.54,Brent spot price
2010-12-13,DCOILBRENTEU,90.4,Brent spot price
2010-12-14,DCOILBRENTEU,90.63,Brent spot price
2010-12-15,DCOILBRENTEU,91.33,Brent spot price
2010-12-16,DCOILBRENTEU,91.09,Brent spot price
2010-12-17,DCOILBRENTEU,91.11,Brent spot price
2010-12-20,DCOILBRENTEU,91.31,Brent spot price
2010-12-21,DCOILBRENTEU,93.11,Brent spot price
2010-12-22,DCOILBRENTEU,93.55,Brent spot price
2010-12-23,DCOILBRENTEU,93.63,Brent spot price
2010-12-24,DCOILBRENTEU,,Brent spot price
2010-12-27,DCOILBRENTEU,93.08,Brent spot price
2010-12-28,DCOILBRENTEU,93.52,Brent spot price
2010-12-29,DCOILBRENTEU,93.52,Brent spot price
2010-12-30,DCOILBRENTEU,92.5,Brent spot price
2010-12-31,DCOILBRENTEU,93.23,Brent spot price
2011-01-03,DCOILBRENTEU,95.82,Brent spot price
2011-01-04,DCOILBRENTEU,93.52,Brent spot price
2011-01-05,DCOILBRENTEU,95.07,Brent spot price
2011-01-06,DCOILBRENTEU,94.95,Brent spot price
2011-01-07,DCOILBRENTEU,94.25,Brent spot price
2011-01-10,DCOILBRENTEU,95.05,Brent spot price
2011-01-11,DCOILBRENTEU,96.8,Brent spot price
2011-01-12,DCOILBRENTEU,97.86,Brent spot price
2011-01-13,DCOILBRENTEU,97.86,Brent spot price
2011-01-14,DCOILBRENTEU,97.86,Brent spot price
2011-01-17,DCOILBRENTEU,,Brent spot price
2011-01-18,DCOILBRENTEU,97.83,Brent spot price
2011-01-19,DCOILBRENTEU,98.42,Brent spot price
2011-01-20,DCOILBRENTEU,96.27,Brent spot price
2011-01-21,DCOILBRENTEU,96.84,Brent spot price
2011-01-24,DCOILBRENTEU,96.76,Brent spot price
2011-01-25,DCOILBRENTEU,96.76,Brent spot price
2011-01-26,DCOILBRENTEU,96.04,Brent spot price
2011-01-27,DCOILBRENTEU,96.48,Brent spot price
2011-01-28,DCOILBRENTEU,97.06,Brent spot price
2011-01-31,DCOILBRENTEU,98.97,Brent spot price
2011-02-01,DCOILBRENTEU,100.4,Brent spot price
2011-02-02,DCOILBRENTEU,101.3,Brent spot price
2011-02-03,DCOILBRENTEU,101.69,Brent spot price
2011-02-04,DCOILBRENTEU,99.43,Brent spot price
2011-02-07,DCOILBRENTEU,99.44,Brent spot price
2011-02-08,DCOILBRENTEU,99.25,Brent spot price
2011-02-09,DCOILBRENTEU,100.16,Brent spot price
2011-02-10,DCOILBRENTEU,100.74,Brent spot price
2011-02-11,DCOILBRENTEU,99.93,Brent spot price
2011-02-14,DCOILBRENTEU,103.12,Brent spot price
2011-02-15,DCOILBRENTEU,102.48,Brent spot price
2011-02-16,DCOILBRENTEU,102.78,Brent spot price
2011-02-17,DCOILBRENTEU,103.45,Brent spot price
2011-02-18,DCOILBRENTEU,102.2,Brent spot price
2011-02-21,DCOILBRENTEU,,Brent spot price
2011-02-22,DCOILBRENTEU,106.82,Brent spot price
2011-02-23,DCOILBRENTEU,109.77,Brent spot price
2011-02-24,DCOILBRENTEU,113.91,Brent spot price
2011-02-25,DCOILBRENTEU,111.47,Brent spot price
2011-02-28,DCOILBRENTEU,112.27,Brent spot price
2011-03-01,DCOILBRENTEU,113.34,Brent spot price
2011-03-02,DCOILBRENTEU,116.89,Brent spot price
2011-03-03,DCOILBRENTEU,114.42,Brent spot price
2011-03-04,DCOILBRENTEU,115.71,Brent spot price
2011-03-07,DCOILBRENTEU,116.58,Brent spot price
2011-03-08,DCOILBRENTEU,112.32,Brent spot price
2011-03-09,DCOILBRENTEU,115.19,Brent spot price
2011-03-10,DCOILBRENTEU,114.07,Brent spot price
2011-03-11,DCOILBRENTEU,114.07,Brent spot price
2011-03-14,DCOILBRENTEU,112.95,Brent spot price
2011-03-15,DCOILBRENTEU,111.11,Brent spot price
2011-03-16,DCOILBRENTEU,110.96,Brent spot price
2011-03-17,DCOILBRENTEU,114.18,Brent spot price
2011-03-18,DCOILBRENTEU,114.13,Brent spot price
2011-03-21,DCOILBRENTEU,114.92,Brent spot price
2011-03-22,DCOILBRENTEU,115.63,Brent spot price
2011-03-23,DCOILBRENTEU,115.65,Brent spot price
2011-03-24,DCOILBRENTEU,115.41,Brent spot price
2011-03-25,DCOILBRENTEU,115.45,Brent spot price
2011-03-28,DCOILBRENTEU,115.95,Brent spot price
2011-03-29,DCOILBRENTEU,115.58,Brent spot price
2011-03-30,DCOILBRENTEU,115.35,Brent spot price
2011-03-31,DCOILBRENTEU,116.94,Brent spot price
2011-04-01,DCOILBRENTEU,118.63,Brent spot price
2011-04-04,DCOILBRENTEU,120.07,Brent spot price
2011-04-05,DCOILBRENTEU,122.87,Brent spot price
2011-04-06,DCOILBRENTEU,123.01,Brent spot price
2011-04-07,DCOILBRENTEU,122.9,Brent spot price
2011-04-08,DCOILBRENTEU,126.3,Brent spot price
2011-04-11,DCOILBRENTEU,126.46,Brent spot price
2011-04-12,DCOILBRENTEU,121.33,Brent spot price
2011-04-13,DCOILBRENTEU,122.7,Brent spot price
2011-04-14,DCOILBRENTEU,122.74,Brent spot price
2011-04-15,DCOILBRENTEU,124.63,Brent spot price
2011-04-18,DCOILBRENTEU,121.69,Brent spot price
2011-04-19,DCOILBRENTEU,121.35,Brent spot price
2011-04-20,DCOILBRENTEU,124.26,Brent spot price
2011-04-21,DCOILBRENTEU,123.64,Brent spot price
2011-04-22,DCOILBRENTEU,,Brent spot price
2011-04-25,DCOILBRENTEU,,Brent spot price
2011-04-26,DCOILBRENTEU,124.55,Brent spot price
2011-04-27,DCOILBRENTEU,124.94,Brent spot price
2011-04-28,DCOILBRENTEU,126.59,Brent spot price
2011-04-29,DCOILBRENTEU,,Brent spot price
2011-05-02,DCOILBRENTEU,126.64,Brent spot price
2011-05-03,DCOILBRENTEU,124.01,Brent spot price
2011-05-04,DCOILBRENTEU,121.55,Brent spot price
2011-05-05,DCOILBRENTEU,111.93,Brent spot price
2011-05-06,DCOILBRENTEU,113.69,Brent spot price
2011-05-09,DCOILBRENTEU,113.21,Brent spot price
2011-05-10,DCOILBRENTEU,117.82,Brent spot price
2011-05-11,DCOILBRENTEU,115.66,Brent spot price
2011-05-12,DCOILBRENTEU,112.87,Brent spot price
2011-05-13,DCOILBRENTEU,113.08,Brent spot price
2011-05-16,DCOILBRENTEU,113.72,Brent spot price
2011-05-17,DCOILBRENTEU,109.39,Brent spot price
2011-05-18,DCOILBRENTEU,112.54,Brent spot price
2011-05-19,DCOILBRENTEU,113.2,Brent spot price
2011-05-20,DCOILBRENTEU,111.25,Brent spot price
2011-05-23,DCOILBRENTEU,110.13,Brent spot price
2011-05-24,DCOILBRENTEU,112.52,Brent spot price
2011-05-25,DCOILBRENTEU,114.47,Brent spot price
2011-05-26,DCOILBRENTEU,115.06,Brent spot price
2011-05-27,DCOILBRENTEU,114.85,Brent spot price
2011-05-30,DCOILBRENTEU,,Brent spot price
2011-05-31,DCOILBRENTEU,117.18,Brent spot price
2011-06-01,DCOILBRENTEU,116.15,Brent spot price
2011-06-02,DCOILBRENTEU,114.3,Brent spot price
2011-06-03,DCOILBRENTEU,115.09,Brent spot price
2011-06-06,DCOILBRENTEU,115.4,Brent spot price
2011-06-07,DCOILBRENTEU,116.14,Brent spot price
2011-06-08,DCOILBRENTEU,118.43,Brent spot price
2011-06-09,DCOILBRENTEU,119.95,Brent spot price
2011-06-10,DCOILBRENTEU,118.71,Brent spot price
2011-06-13,DCOILBRENTEU,120.49,Brent spot price
2011-06-14,DCOILBRENTEU,120.35,Brent spot price
2011-06-15,DCOILBRENTEU,114.67,Brent spot price
2011-06-16,DCOILBRENTEU,114.69,Brent spot price
2011-06-17,DCOILBRENTEU,113.74,Brent spot price
2011-06-20,DCOILBRENTEU,112.21,Brent spot price
2011-06-21,DCOILBRENTEU,112.02,Brent spot price
2011-06-22,DCOILBRENTEU,113.59,Brent spot price
2011-06-23,DCOILBRENTEU,108.27,Brent spot price
2011-06-24,DCOILBRENTEU,104.79,Brent spot price
2011-06-27,DCOILBRENTEU,104.57,Brent spot price
2011-06-28,DCOILBRENTEU,107.57,Brent spot price
2011-06-29,DCOILBRENTEU,111.49,Brent spot price
2011-06-30,DCOILBRENTEU,111.71,Brent spot price
2011-07-01,DCOILBRENTEU,109.82,Brent spot price
2011-07-04,DCOILBRENTEU,,Brent spot price
2011-07-05,DCOILBRENTEU,113.21,Brent spot price
2011-07-06,DCOILBRENTEU,113.55,Brent spot price
2011-07-07,DCOILBRENTEU,117.4,Brent spot price
2011-07-08,DCOILBRENTEU,117.4,Brent spot price
2011-07-11,DCOILBRENTEU,117.35,Brent spot price
2011-07-12,DCOILBRENTEU,117.36,Brent spot price
2011-07-13,DCOILBRENTEU,118.46,Brent spot price
2011-07-14,DCOILBRENTEU,117.38,Brent spot price
2011-07-15,DCOILBRENTEU,118.06,Brent spot price
2011-07-18,DCOILBRENTEU,117.05,Brent spot price
2011-07-19,DCOILBRENTEU,118.18,Brent spot price
2011-07-20,DCOILBRENTEU,118.52,Brent spot price
2011-07-21,DCOILBRENTEU,118.25,Brent spot price
2011-07-22,DCOILBRENTEU,118.99,Brent spot price
2011-07-25,DCOILBRENTEU,118.27,Brent spot price
2011-07-26,DCOILBRENTEU,118.14,Brent spot price
2011-07-27,DCOILBRENTEU,117.99,Brent spot price
2011-07-28,DCOILBRENTEU,118.16,Brent spot price
2011-07-29,DCOILBRENTEU,115.93,Brent spot price
2011-08-01,DCOILBRENTEU,116.37,Brent spot price
2011-08-02,DCOILBRENTEU,116.02,Brent spot price
2011-08-03,DCOILBRENTEU,113.74,Brent spot price
2011-08-04,DCOILBRENTEU,110.22,Brent spot price
2011-08-05,DCOILBRENTEU,106.92,Brent spot price
2011-08-08,DCOILBRENTEU,103.06,Brent spot price
2011-08-09,DCOILBRENTEU,103.63,Brent spot price
2011-08-10,DCOILBRENTEU,103.84,Brent spot price
2011-08-11,DCOILBRENTEU,107.82,Brent spot price
2011-08-12,DCOILBRENTEU,108.17,Brent spot price
2011-08-15,DCOILBRENTEU,108.89,Brent spot price
2011-08-16,DCOILBRENTEU,109.69,Brent spot price
2011-08-17,DCOILBRENTEU,111.37,Brent spot price
2011-08-18,DCOILBRENTEU,108.36,Brent spot price
2011-08-19,DCOILBRENTEU,109.37,Brent spot price
2011-08-22,DCOILBRENTEU,108.83,Brent spot price
2011-08-23,DCOILBRENTEU,110.35,Brent spot price
2011-08-24,DCOILBRENTEU,111.91,Brent spot price
2011-08-25,DCOILBRENTEU,111.91,Brent spot price
2011-08-26,DCOILBRENTEU,112.29,Brent spot price
2011-08-29,DCOILBRENTEU,,Brent spot price
2011-08-30,DCOILBRENTEU,115.59,Brent spot price
2011-08-31,DCOILBRENTEU,116.48,Brent spot price
2011-09-01,DCOILBRENTEU,116.43,Brent spot price
2011-09-02,DCOILBRENTEU,115.92,Brent spot price
2011-09-05,DCOILBRENTEU,,Brent spot price
2011-09-06,DCOILBRENTEU,113.29,Brent spot price
2011-09-07,DCOILBRENTEU,117.5,Brent spot price
2011-09-08,DCOILBRENTEU,117.99,Brent spot price
2011-09-09,DCOILBRENTEU,115.1,Brent spot price
2011-09-12,DCOILBRENTEU,114.75,Brent spot price
2011-09-13,DCOILBRENTEU,114.08,Brent spot price
2011-09-14,DCOILBRENTEU,113.1,Brent spot price
2011-09-15,DCOILBRENTEU,116.71,Brent spot price
2011-09-16,DCOILBRENTEU,116.26,Brent spot price
2011-09-19,DCOILBRENTEU,112.89,Brent spot price
2011-09-20,DCOILBRENTEU,114.39,Brent spot price
2011-09-21,DCOILBRENTEU,114.26,Brent spot price
2011-09-22,DCOILBRENTEU,109.21,Brent spot price
2011-09-23,DCOILBRENTEU,109.17,Brent spot price
2011-09-26,DCOILBRENTEU,107.9,Brent spot price
2011-09-27,DCOILBRENTEU,109.54,Brent spot price
2011-09-28,DCOILBRENTEU,108.52,Brent spot price
2011-09-29,DCOILBRENTEU,107.08,Brent spot price
2011-09-30,DCOILBRENTEU,105.42,Brent spot price
2011-10-03,DCOILBRENTEU,103.61,Brent spot price
2011-10-04,DCOILBRENTEU,101.84,Brent spot price
2011-10-05,DCOILBRENTEU,103.77,Brent spot price
2011-10-06,DCOILBRENTEU,104.38,Brent spot price
2011-10-07,DCOILBRENTEU,106.56,Brent spot price
2011-10-10,DCOILBRENTEU,109.49,Brent spot price
2011-10-11,DCOILBRENTEU,109.22,Brent spot price
2011-10-12,DCOILBRENTEU,112.44,Brent spot price
2011-10-13,DCOILBRENTEU,112.45,Brent spot price
2011-10-14,DCOILBRENTEU,114.33,Brent spot price
2011-10-17,DCOILBRENTEU,112.92,Brent spot price
2011-10-18,DCOILBRENTEU,112.08,Brent spot price
2011-10-19,DCOILBRENTEU,111.76,Brent spot price
2011-10-20,DCOILBRENTEU,109,Brent spot price
2011-10-21,DCOILBRENTEU,111.6,Brent spot price
2011-10-24,DCOILBRENTEU,111.67,Brent spot price
2011-10-25,DCOILBRENTEU,112.11,Brent spot price
2011-10-26,DCOILBRENTEU,110.43,Brent spot price
2011-10-27,DCOILBRENTEU,112.45,Brent spot price
2011-10-28,DCOILBRENTEU,110.01,Brent spot price
2011-10-31,DCOILBRENTEU,108.43,Brent spot price
2011-11-01,DCOILBRENTEU,106.97,Brent spot price
2011-11-02,DCOILBRENTEU,110.82,Brent spot price
2011-11-03,DCOILBRENTEU,110.76,Brent spot price
2011-11-04,DCOILBRENTEU,112.22,Brent spot price
2011-11-07,DCOILBRENTEU,114.75,Brent spot price
2011-11-08,DCOILBRENTEU,115.61,Brent spot price
2011-11-09,DCOILBRENTEU,115.29,Brent spot price
2011-11-10,DCOILBRENTEU,113.32,Brent spot price
2011-11-11,DCOILBRENTEU,114.43,Brent spot price
2011-11-14,DCOILBRENTEU,112.57,Brent spot price
2011-11-15,DCOILBRENTEU,111.9,Brent spot price
2011-11-16,DCOILBRENTEU,111.91,Brent spot price
2011-11-17,DCOILBRENTEU,109.25,Brent spot price
2011-11-18,DCOILBRENTEU,107.82,Brent spot price
2011-11-21,DCOILBRENTEU,105.98,Brent spot price
2011-11-22,DCOILBRENTEU,107.77,Brent spot price
2011-11-23,DCOILBRENTEU,106.83,Brent spot price
2011-11-24,DCOILBRENTEU,,Brent spot price
2011-11-25,DCOILBRENTEU,106.08,Brent spot price
2011-11-28,DCOILBRENTEU,109.38,Brent spot price
2011-11-29,DCOILBRENTEU,111.25,Brent spot price
2011-11-30,DCOILBRENTEU,111.22,Brent spot price
2011-12-01,DCOILBRENTEU,108.83,Brent spot price
2011-12-02,DCOILBRENTEU,109.59,Brent spot price
2011-12-05,DCOILBRENTEU,110.18,Brent spot price
2011-12-06,DCOILBRENTEU,110.16,Brent spot price
2011-12-07,DCOILBRENTEU,110.07,Brent spot price
2011-12-08,DCOILBRENTEU,108.23,Brent spot price
2011-12-09,DCOILBRENTEU,107.91,Brent spot price
2011-12-12,DCOILBRENTEU,107.82,Brent spot price
2011-12-13,DCOILBRENTEU,109.25,Brent spot price
2011-12-14,DCOILBRENTEU,105.72,Brent spot price
2011-12-15,DCOILBRENTEU,104.52,Brent spot price
2011-12-16,DCOILBRENTEU,104,Brent spot price
2011-12-19,DCOILBRENTEU,104.55,Brent spot price
2011-12-20,DCOILBRENTEU,107.8,Brent spot price
2011-12-21,DCOILBRENTEU,108,Brent spot price
2011-12-22,DCOILBRENTEU,108.98,Brent spot price
2011-12-23,DCOILBRENTEU,109.28,Brent spot price
2011-12-26,DCOILBRENTEU,,Brent spot price
2011-12-27,DCOILBRENTEU,,Brent spot price
2011-12-28,DCOILBRENTEU,107.54,Brent spot price
2011-12-29,DCOILBRENTEU,106.89,Brent spot price
2011-12-30,DCOILBRENTEU,108.09,Brent spot price
2012-01-02,DCOILBRENTEU,,Brent spot price
2012-01-03,DCOILBRENTEU,111.12,Brent spot price
2012-01-04,DCOILBRENTEU,113.37,Brent spot price
2012-01-05,DCOILBRENTEU,113.59,Brent spot price
2012-01-06,DCOILBRENTEU,111.96,Brent spot price
2012-01-09,DCOILBRENTEU,111.07,Brent spot price
2012-01-10,DCOILBRENTEU,113.3,Brent spot price
2012-01-11,DCOILBRENTEU,111.66,Brent spot price
2012-01-12,DCOILBRENTEU,112.97,Brent spot price
2012-01-13,DCOILBRENTEU,109.88,Brent spot price
2012-01-16,DCOILBRENTEU,,Brent spot price
2012-01-17,DCOILBRENTEU,110.55,Brent spot price
2012-01-18,DCOILBRENTEU,109.81,Brent spot price
2012-01-19,DCOILBRENTEU,109.54,Brent spot price
2012-01-20,DCOILBRENTEU,108.5,Brent spot price
2012-01-23,DCOILBRENTEU,109.46,Brent spot price
2012-01-24,DCOILBRENTEU,108.38,Brent spot price
2012-01-25,DCOILBRENTEU,108.48,Brent spot price
2012-01-26,DCOILBRENTEU,109.08,Brent spot price
2012-01-27,DCOILBRENTEU,110.5,Brent spot price
2012-01-30,DCOILBRENTEU,110.24,Brent spot price
2012-01-31,DCOILBRENTEU,110.26,Brent spot price
2012-02-01,DCOILBRENTEU,111.96,Brent spot price
2012-02-02,DCOILBRENTEU,110.96,Brent spot price
2012-02-03,DCOILBRENTEU,112.56,Brent spot price
2012-02-06,DCOILBRENTEU,115.47,Brent spot price
2012-02-07,DCOILBRENTEU,116.86,Brent spot price
2012-02-08,DCOILBRENTEU,117.18,Brent spot price
2012-02-09,DCOILBRENTEU,118.4,Brent spot price
2012-02-10,DCOILBRENTEU,118.13,Brent spot price
2012-02-13,DCOILBRENTEU,118.73,Brent spot price
2012-02-14,DCOILBRENTEU,118.3,Brent spot price
2012-02-15,DCOILBRENTEU,120.25,Brent spot price
2012-02-16,DCOILBRENTEU,121,Brent spot price
2012-02-17,DCOILBRENTEU,120.69,Brent spot price
2012-02-20,DCOILBRENTEU,,Brent spot price
2012-02-21,DCOILBRENTEU,120.85,Brent spot price
2012-02-22,DCOILBRENTEU,123.07,Brent spot price
2012-02-23,DCOILBRENTEU,124.53,Brent spot price
2012-02-24,DCOILBRENTEU,124.89,Brent spot price
2012-02-27,DCOILBRENTEU,126.46,Brent spot price
2012-02-28,DCOILBRENTEU,124.02,Brent spot price
2012-02-29,DCOILBRENTEU,122.23,Brent spot price
2012-03-01,DCOILBRENTEU,125.76,Brent spot price
2012-03-02,DCOILBRENTEU,125.93,Brent spot price
2012-03-05,DCOILBRENTEU,126.68,Brent spot price
2012-03-06,DCOILBRENTEU,125.03,Brent spot price
2012-03-07,DCOILBRENTEU,125.37,Brent spot price
2012-03-08,DCOILBRENTEU,127.96,Brent spot price
2012-03-09,DCOILBRENTEU,128.08,Brent spot price
2012-03-12,DCOILBRENTEU,127.27,Brent spot price
2012-03-13,DCOILBRENTEU,128.14,Brent spot price
2012-03-14,DCOILBRENTEU,126.98,Brent spot price
2012-03-15,DCOILBRENTEU,123.63,Brent spot price
2012-03-16,DCOILBRENTEU,125.09,Brent spot price
2012-03-19,DCOILBRENTEU,125.76,Brent spot price
2012-03-20,DCOILBRENTEU,124.38,Brent spot price
2012-03-21,DCOILBRENTEU,123.89,Brent spot price
2012-03-22,DCOILBRENTEU,122.49,Brent spot price
2012-03-23,DCOILBRENTEU,125.21,Brent spot price
2012-03-26,DCOILBRENTEU,125.85,Brent spot price
2012-03-27,DCOILBRENTEU,125.25,Brent spot price
2012-03-28,DCOILBRENTEU,124.41,Brent spot price
2012-03-29,DCOILBRENTEU,123.23,Brent spot price
2012-03-30,DCOILBRENTEU,123.41,Brent spot price
2012-04-02,DCOILBRENTEU,124.44,Brent spot price
2012-04-03,DCOILBRENTEU,,Brent spot price
2012-04-04,DCOILBRENTEU,123.04,Brent spot price
2012-04-05,DCOILBRENTEU,123.58,Brent spot price
2012-04-06,DCOILBRENTEU,,Brent spot price
2012-04-09,DCOILBRENTEU,,Brent spot price
2012-04-10,DCOILBRENTEU,121.89,Brent spot price
2012-04-11,DCOILBRENTEU,120.41,Brent spot price
2012-04-12,DCOILBRENTEU,120.57,Brent spot price
2012-04-13,DCOILBRENTEU,120.62,Brent spot price
2012-04-16,DCOILBRENTEU,118.23,Brent spot price
2012-04-17,DCOILBRENTEU,117.41,Brent spot price
2012-04-18,DCOILBRENTEU,115.18,Brent spot price
2012-04-19,DCOILBRENTEU,117,Brent spot price
2012-04-20,DCOILBRENTEU,118.08,Brent spot price
2012-04-23,DCOILBRENTEU,116.66,Brent spot price
2012-04-24,DCOILBRENTEU,117.74,Brent spot price
2012-04-25,DCOILBRENTEU,117.45,Brent spot price
2012-04-26,DCOILBRENTEU,119.33,Brent spot price
2012-04-27,DCOILBRENTEU,119.3,Brent spot price
2012-04-30,DCOILBRENTEU,118.66,Brent spot price
2012-05-01,DCOILBRENTEU,119.57,Brent spot price
2012-05-02,DCOILBRENTEU,117.57,Brent spot price
2012-05-03,DCOILBRENTEU,115.91,Brent spot price
2012-05-04,DCOILBRENTEU,111.66,Brent spot price
2012-05-07,DCOILBRENTEU,,Brent spot price
2012-05-08,DCOILBRENTEU,110.48,Brent spot price
2012-05-09,DCOILBRENTEU,111.89,Brent spot price
2012-05-10,DCOILBRENTEU,112.24,Brent spot price
2012-05-11,DCOILBRENTEU,112.5,Brent spot price
2012-05-14,DCOILBRENTEU,110.79,Brent spot price
2012-05-15,DCOILBRENTEU,111.4,Brent spot price
2012-05-16,DCOILBRENTEU,109.8,Brent spot price
2012-05-17,DCOILBRENTEU,109.31,Brent spot price
2012-05-18,DCOILBRENTEU,108.03,Brent spot price
2012-05-21,DCOILBRENTEU,109.02,Brent spot price
2012-05-22,DCOILBRENTEU,109.76,Brent spot price
2012-05-23,DCOILBRENTEU,106.88,Brent spot price
2012-05-24,DCOILBRENTEU,107.2,Brent spot price
2012-05-25,DCOILBRENTEU,107.86,Brent spot price
2012-05-28,DCOILBRENTEU,,Brent spot price
2012-05-29,DCOILBRENTEU,107.55,Brent spot price
2012-05-30,DCOILBRENTEU,103.85,Brent spot price
2012-05-31,DCOILBRENTEU,103.86,Brent spot price
2012-06-01,DCOILBRENTEU,98.63,Brent spot price
2012-06-04,DCOILBRENTEU,97.74,Brent spot price
2012-06-05,DCOILBRENTEU,98.65,Brent spot price
2012-06-06,DCOILBRENTEU,101.14,Brent spot price
2012-06-07,DCOILBRENTEU,100.05,Brent spot price
2012-06-08,DCOILBRENTEU,97.57,Brent spot price
2012-06-11,DCOILBRENTEU,98.6,Brent spot price
2012-06-12,DCOILBRENTEU,96.59,Brent spot price
2012-06-13,DCOILBRENTEU,97.29,Brent spot price
2012-06-14,DCOILBRENTEU,96.46,Brent spot price
2012-06-15,DCOILBRENTEU,97.13,Brent spot price
2012-06-18,DCOILBRENTEU,95.21,Brent spot price
2012-06-19,DCOILBRENTEU,95.14,Brent spot price
2012-06-20,DCOILBRENTEU,93.5,Brent spot price
2012-06-21,DCOILBRENTEU,89.22,Brent spot price
2012-06-22,DCOILBRENTEU,89.22,Brent spot price
2012-06-25,DCOILBRENTEU,88.69,Brent spot price
2012-06-26,DCOILBRENTEU,90.19,Brent spot price
2012-06-27,DCOILBRENTEU,92.06,Brent spot price
2012-06-28,DCOILBRENTEU,91.02,Brent spot price
2012-06-29,DCOILBRENTEU,94.17,Brent spot price
2012-07-02,DCOILBRENTEU,95.28,Brent spot price
2012-07-03,DCOILBRENTEU,99.89,Brent spot price
2012-07-04,DCOILBRENTEU,,Brent spot price
2012-07-05,DCOILBRENTEU,101.54,Brent spot price
2012-07-06,DCOILBRENTEU,98.5,Brent spot price
2012-07-09,DCOILBRENTEU,99.94,Brent spot price
2012-07-10,DCOILBRENTEU,99.15,Brent spot price
2012-07-11,DCOILBRENTEU,99.23,Brent spot price
2012-07-12,DCOILBRENTEU,99.18,Brent spot price
2012-07-13,DCOILBRENTEU,101.91,Brent spot price
2012-07-16,DCOILBRENTEU,102.1,Brent spot price
2012-07-17,DCOILBRENTEU,104.21,Brent spot price
2012-07-18,DCOILBRENTEU,105.92,Brent spot price
2012-07-19,DCOILBRENTEU,107.79,Brent spot price
2012-07-20,DCOILBRENTEU,106.98,Brent spot price
2012-07-23,DCOILBRENTEU,103.91,Brent spot price
2012-07-24,DCOILBRENTEU,103.57,Brent spot price
2012-07-25,DCOILBRENTEU,102.35,Brent spot price
2012-07-26,DCOILBRENTEU,104.77,Brent spot price
2012-07-27,DCOILBRENTEU,106.3,Brent spot price
2012-07-30,DCOILBRENTEU,106.54,Brent spot price
2012-07-31,DCOILBRENTEU,105.93,Brent spot price
2012-08-01,DCOILBRENTEU,106.78,Brent spot price
2012-08-02,DCOILBRENTEU,107.55,Brent spot price
2012-08-03,DCOILBRENTEU,109.57,Brent spot price
2012-08-06,DCOILBRENTEU,110.01,Brent spot price
2012-08-07,DCOILBRENTEU,112.39,Brent spot price
2012-08-08,DCOILBRENTEU,113.42,Brent spot price
2012-08-09,DCOILBRENTEU,113.52,Brent spot price
2012-08-10,DCOILBRENTEU,113.13,Brent spot price
2012-08-13,DCOILBRENTEU,114.48,Brent spot price
2012-08-14,DCOILBRENTEU,113.9,Brent spot price
2012-08-15,DCOILBRENTEU,115.51,Brent spot price
2012-08-16,DCOILBRENTEU,116.12,Brent spot price
2012-08-17,DCOILBRENTEU,115.2,Brent spot price
2012-08-20,DCOILBRENTEU,115.5,Brent spot price
2012-08-21,DCOILBRENTEU,116.03,Brent spot price
2012-08-22,DCOILBRENTEU,115.77,Brent spot price
2012-08-23,DCOILBRENTEU,117.45,Brent spot price
2012-08-24,DCOILBRENTEU,115.76,Brent spot price
2012-08-27,DCOILBRENTEU,113.74,Brent spot price
2012-08-28,DCOILBRENTEU,112.62,Brent spot price
2012-08-29,DCOILBRENTEU,112.53,Brent spot price
2012-08-30,DCOILBRENTEU,112.28,Brent spot price
2012-08-31,DCOILBRENTEU,113.93,Brent spot price
2012-09-03,DCOILBRENTEU,,Brent spot price
2012-09-04,DCOILBRENTEU,114.98,Brent spot price
2012-09-05,DCOILBRENTEU,113.32,Brent spot price
2012-09-06,DCOILBRENTEU,114.5,Brent spot price
2012-09-07,DCOILBRENTEU,113.64,Brent spot price
2012-09-10,DCOILBRENTEU,113.84,Brent spot price
2012-09-11,DCOILBRENTEU,114.86,Brent spot price
2012-09-12,DCOILBRENTEU,114.86,Brent spot price
2012-09-13,DCOILBRENTEU,116,Brent spot price
2012-09-14,DCOILBRENTEU,117.48,Brent spot price
2012-09-17,DCOILBRENTEU,116.7,Brent spot price
2012-09-18,DCOILBRENTEU,113.29,Brent spot price
2012-09-19,DCOILBRENTEU,108.49,Brent spot price
2012-09-20,DCOILBRENTEU,109.41,Brent spot price
2012-09-21,DCOILBRENTEU,111.27,Brent spot price
2012-09-24,DCOILBRENTEU,109.2,Brent spot price
2012-09-25,DCOILBRENTEU,110.77,Brent spot price
2012-09-26,DCOILBRENTEU,108.99,Brent spot price
2012-09-27,DCOILBRENTEU,111.45,Brent spot price
2012-09-28,DCOILBRENTEU,111.36,Brent spot price
2012-10-01,DCOILBRENTEU,112.58,Brent spot price
2012-10-02,DCOILBRENTEU,112.49,Brent spot price
2012-10-03,DCOILBRENTEU,109.32,Brent spot price
2012-10-04,DCOILBRENTEU,110.48,Brent spot price
2012-10-05,DCOILBRENTEU,112.17,Brent spot price
2012-10-08,DCOILBRENTEU,112.6,Brent spot price
2012-10-09,DCOILBRENTEU,114.32,Brent spot price
2012-10-10,DCOILBRENTEU,116.11,Brent spot price
2012-10-11,DCOILBRENTEU,116.18,Brent spot price
2012-10-12,DCOILBRENTEU,115.17,Brent spot price
2012-10-15,DCOILBRENTEU,115,Brent spot price
2012-10-16,DCOILBRENTEU,115,Brent spot price
2012-10-17,DCOILBRENTEU,113.49,Brent spot price
2012-10-18,DCOILBRENTEU,112.58,Brent spot price
2012-10-19,DCOILBRENTEU,111.89,Brent spot price
2012-10-22,DCOILBRENTEU,109.62,Brent spot price
2012-10-23,DCOILBRENTEU,107.53,Brent spot price
2012-10-24,DCOILBRENTEU,107.66,Brent spot price
2012-10-25,DCOILBRENTEU,107.64,Brent spot price
2012-10-26,DCOILBRENTEU,108.9,Brent spot price
2012-10-29,DCOILBRENTEU,109.33,Brent spot price
2012-10-30,DCOILBRENTEU,109.4,Brent spot price
2012-10-31,DCOILBRENTEU,109.89,Brent spot price
2012-11-01,DCOILBRENTEU,108.84,Brent spot price
2012-11-02,DCOILBRENTEU,106.79,Brent spot price
2012-11-05,DCOILBRENTEU,105.59,Brent spot price
2012-11-06,DCOILBRENTEU,109.27,Brent spot price
2012-11-07,DCOILBRENTEU,108.21,Brent spot price
2012-11-08,DCOILBRENTEU,107.23,Brent spot price
2012-11-09,DCOILBRENTEU,108.61,Brent spot price
2012-11-12,DCOILBRENTEU,110.23,Brent spot price
2012-11-13,DCOILBRENTEU,108.82,Brent spot price
2012-11-14,DCOILBRENTEU,109.66,Brent spot price
2012-11-15,DCOILBRENTEU,110.07,Brent spot price
2012-11-16,DCOILBRENTEU,106.81,Brent spot price
2012-11-19,DCOILBRENTEU,110.06,Brent spot price
2012-11-20,DCOILBRENTEU,110.01,Brent spot price
2012-11-21,DCOILBRENTEU,110.81,Brent spot price
2012-11-22,DCOILBRENTEU,,Brent spot price
2012-11-23,DCOILBRENTEU,110.14,Brent spot price
2012-11-26,DCOILBRENTEU,110.18,Brent spot price
2012-11-27,DCOILBRENTEU,109.33,Brent spot price
2012-11-28,DCOILBRENTEU,108.26,Brent spot price
2012-11-29,DCOILBRENTEU,110.47,Brent spot price
2012-11-30,DCOILBRENTEU,110.84,Brent spot price
2012-12-03,DCOILBRENTEU,111.27,Brent spot price
2012-12-04,DCOILBRENTEU,109.99,Brent spot price
2012-12-05,DCOILBRENTEU,108.96,Brent spot price
2012-12-06,DCOILBRENTEU,108.01,Brent spot price
2012-12-07,DCOILBRENTEU,107.16,Brent spot price
2012-12-10,DCOILBRENTEU,108.25,Brent spot price
2012-12-11,DCOILBRENTEU,107.6,Brent spot price
2012-12-12,DCOILBRENTEU,110.17,Brent spot price
2012-12-13,DCOILBRENTEU,110.18,Brent spot price
2012-12-14,DCOILBRENTEU,109.28,Brent spot price
2012-12-17,DCOILBRENTEU,109.35,Brent spot price
2012-12-18,DCOILBRENTEU,109.96,Brent spot price
2012-12-19,DCOILBRENTEU,109.95,Brent spot price
2012-12-20,DCOILBRENTEU,110.57,Brent spot price
2012-12-21,DCOILBRENTEU,109.13,Brent spot price
2012-12-24,DCOILBRENTEU,108.44,Brent spot price
2012-12-25,DCOILBRENTEU,,Brent spot price
2012-12-26,DCOILBRENTEU,110.72,Brent spot price
2012-12-27,DCOILBRENTEU,110.04,Brent spot price
2012-12-28,DCOILBRENTEU,110.05,Brent spot price
2012-12-31,DCOILBRENTEU,110.8,Brent spot price
2013-01-01,DCOILBRENTEU,,Brent spot price
2013-01-02,DCOILBRENTEU,112.98,Brent spot price
2013-01-03,DCOILBRENTEU,113.03,Brent spot price
2013-01-04,DCOILBRENTEU,112.58,Brent spot price
2013-01-07,DCOILBRENTEU,112.49,Brent spot price
2013-01-08,DCOILBRENTEU,113.03,Brent spot price
2013-01-09,DCOILBRENTEU,113.07,Brent spot price
2013-01-10,DCOILBRENTEU,112.97,Brent spot price
2013-01-11,DCOILBRENTEU,110.3,Brent spot price
2013-01-14,DCOILBRENTEU,111.32,Brent spot price
2013-01-15,DCOILBRENTEU,111.72,Brent spot price
2013-01-16,DCOILBRENTEU,110.97,Brent spot price
2013-01-17,DCOILBRENTEU,111.01,Brent spot price
2013-01-18,DCOILBRENTEU,111.71,Brent spot price
2013-01-21,DCOILBRENTEU,,Brent spot price
2013-01-22,DCOILBRENTEU,112.72,Brent spot price
2013-01-23,DCOILBRENTEU,113.68,Brent spot price
2013-01-24,DCOILBRENTEU,114.59,Brent spot price
2013-01-25,DCOILBRENTEU,113.88,Brent spot price
2013-01-28,DCOILBRENTEU,113.92,Brent spot price
2013-01-29,DCOILBRENTEU,115.22,Brent spot price
2013-01-30,DCOILBRENTEU,115.42,Brent spot price
2013-01-31,DCOILBRENTEU,115.55,Brent spot price
2013-02-01,DCOILBRENTEU,115.55,Brent spot price
2013-02-04,DCOILBRENTEU,116.06,Brent spot price
2013-02-05,DCOILBRENTEU,117.03,Brent spot price
2013-02-06,DCOILBRENTEU,116.61,Brent spot price
2013-02-07,DCOILBRENTEU,117.17,Brent spot price
2013-02-08,DCOILBRENTEU,118.9,Brent spot price
2013-02-11,DCOILBRENTEU,118.29,Brent spot price
2013-02-12,DCOILBRENTEU,117.89,Brent spot price
2013-02-13,DCOILBRENTEU,118.43,Brent spot price
2013-02-14,DCOILBRENTEU,118.48,Brent spot price
2013-02-15,DCOILBRENTEU,117.4,Brent spot price
2013-02-18,DCOILBRENTEU,,Brent spot price
2013-02-19,DCOILBRENTEU,117.04,Brent spot price
2013-02-20,DCOILBRENTEU,116.23,Brent spot price
2013-02-21,DCOILBRENTEU,114.19,Brent spot price
2013-02-22,DCOILBRENTEU,113.74,Brent spot price
2013-02-25,DCOILBRENTEU,114.55,Brent spot price
2013-02-26,DCOILBRENTEU,112.96,Brent spot price
2013-02-27,DCOILBRENTEU,112.24,Brent spot price
2013-02-28,DCOILBRENTEU,112.2,Brent spot price
2013-03-01,DCOILBRENTEU,110.14,Brent spot price
2013-03-04,DCOILBRENTEU,109.9,Brent spot price
2013-03-05,DCOILBRENTEU,110.42,Brent spot price
2013-03-06,DCOILBRENTEU,110.27,Brent spot price
2013-03-07,DCOILBRENTEU,110.42,Brent spot price
2013-03-08,DCOILBRENTEU,108.91,Brent spot price
2013-03-11,DCOILBRENTEU,108.64,Brent spot price
2013-03-12,DCOILBRENTEU,108.48,Brent spot price
2013-03-13,DCOILBRENTEU,107.51,Brent spot price
2013-03-14,DCOILBRENTEU,108.1,Brent spot price
2013-03-15,DCOILBRENTEU,109.32,Brent spot price
2013-03-18,DCOILBRENTEU,108.54,Brent spot price
2013-03-19,DCOILBRENTEU,106.91,Brent spot price
2013-03-20,DCOILBRENTEU,108.27,Brent spot price
2013-03-21,DCOILBRENTEU,106.41,Brent spot price
2013-03-22,DCOILBRENTEU,106.51,Brent spot price
2013-03-25,DCOILBRENTEU,106.66,Brent spot price
2013-03-26,DCOILBRENTEU,107.1,Brent spot price
2013-03-27,DCOILBRENTEU,108.51,Brent spot price
2013-03-28,DCOILBRENTEU,108.46,Brent spot price
2013-03-29,DCOILBRENTEU,,Brent spot price
2013-04-01,DCOILBRENTEU,108.76,Brent spot price
2013-04-02,DCOILBRENTEU,109.66,Brent spot price
2013-04-03,DCOILBRENTEU,107.82,Brent spot price
2013-04-04,DCOILBRENTEU,105.09,Brent spot price
2013-04-05,DCOILBRENTEU,103.98,Brent spot price
2013-04-08,DCOILBRENTEU,103.16,Brent spot price
2013-04-09,DCOILBRENTEU,104.08,Brent spot price
2013-04-10,DCOILBRENTEU,104.8,Brent spot price
2013-04-11,DCOILBRENTEU,103.62,Brent spot price
2013-04-12,DCOILBRENTEU,100.58,Brent spot price
2013-04-15,DCOILBRENTEU,99.32,Brent spot price
2013-04-16,DCOILBRENTEU,97.88,Brent spot price
2013-04-17,DCOILBRENTEU,96.84,Brent spot price
2013-04-18,DCOILBRENTEU,97.48,Brent spot price
2013-04-19,DCOILBRENTEU,98.94,Brent spot price
2013-04-22,DCOILBRENTEU,99.07,Brent spot price
2013-04-23,DCOILBRENTEU,99.25,Brent spot price
2013-04-24,DCOILBRENTEU,100.71,Brent spot price
2013-04-25,DCOILBRENTEU,101.62,Brent spot price
2013-04-26,DCOILBRENTEU,102.39,Brent spot price
2013-04-29,DCOILBRENTEU,102.88,Brent spot price
2013-04-30,DCOILBRENTEU,101.53,Brent spot price
2013-05-01,DCOILBRENTEU,98.34,Brent spot price
2013-05-02,DCOILBRENTEU,100.32,Brent spot price
2013-05-03,DCOILBRENTEU,104.6,Brent spot price
2013-05-06,DCOILBRENTEU,105,Brent spot price
2013-05-07,DCOILBRENTEU,105.18,Brent spot price
2013-05-08,DCOILBRENTEU,103.79,Brent spot price
2013-05-09,DCOILBRENTEU,103.59,Brent spot price
2013-05-10,DCOILBRENTEU,101.31,Brent spot price
2013-05-13,DCOILBRENTEU,102.17,Brent spot price
2013-05-14,DCOILBRENTEU,102.7,Brent spot price
2013-05-15,DCOILBRENTEU,101.57,Brent spot price
2013-05-16,DCOILBRENTEU,104.27,Brent spot price
2013-05-17,DCOILBRENTEU,103.83,Brent spot price
2013-05-20,DCOILBRENTEU,104.55,Brent spot price
2013-05-21,DCOILBRENTEU,103.1,Brent spot price
2013-05-22,DCOILBRENTEU,102.14,Brent spot price
2013-05-23,DCOILBRENTEU,100.46,Brent spot price
2013-05-24,DCOILBRENTEU,101.24,Brent spot price
2013-05-27,DCOILBRENTEU,,Brent spot price
2013-05-28,DCOILBRENTEU,103.77,Brent spot price
2013-05-29,DCOILBRENTEU,102.14,Brent spot price
2013-05-30,DCOILBRENTEU,101.79,Brent spot price
2013-05-31,DCOILBRENTEU,100.43,Brent spot price
2013-06-03,DCOILBRENTEU,101.63,Brent spot price
2013-06-04,DCOILBRENTEU,102.04,Brent spot price
2013-06-05,DCOILBRENTEU,103.51,Brent spot price
2013-06-06,DCOILBRENTEU,103.37,Brent spot price
2013-06-07,DCOILBRENTEU,104.07,Brent spot price
2013-06-10,DCOILBRENTEU,103.87,Brent spot price
2013-06-11,DCOILBRENTEU,101.5,Brent spot price
2013-06-12,DCOILBRENTEU,103.11,Brent spot price
2013-06-13,DCOILBRENTEU,103.38,Brent spot price
2013-06-14,DCOILBRENTEU,105.1,Brent spot price
2013-06-17,DCOILBRENTEU,105.8,Brent spot price
2013-06-18,DCOILBRENTEU,105.21,Brent spot price
2013-06-19,DCOILBRENTEU,105.56,Brent spot price
2013-06-20,DCOILBRENTEU,102.72,Brent spot price
2013-06-21,DCOILBRENTEU,100.36,Brent spot price
2013-06-24,DCOILBRENTEU,99.8,Brent spot price
2013-06-25,DCOILBRENTEU,101.51,Brent spot price
2013-06-26,DCOILBRENTEU,100.62,Brent spot price
2013-06-27,DCOILBRENTEU,102.74,Brent spot price
2013-06-28,DCOILBRENTEU,102.49,Brent spot price
2013-07-01,DCOILBRENTEU,103.19,Brent spot price
2013-07-02,DCOILBRENTEU,103.96,Brent spot price
2013-07-03,DCOILBRENTEU,106.12,Brent spot price
2013-07-04,DCOILBRENTEU,,Brent spot price
2013-07-05,DCOILBRENTEU,107.46,Brent spot price
2013-07-08,DCOILBRENTEU,107.75,Brent spot price
2013-07-09,DCOILBRENTEU,107.9,Brent spot price
2013-07-10,DCOILBRENTEU,108.43,Brent spot price
2013-07-11,DCOILBRENTEU,108.18,Brent spot price
2013-07-12,DCOILBRENTEU,109.03,Brent spot price
2013-07-15,DCOILBRENTEU,109.05,Brent spot price
2013-07-16,DCOILBRENTEU,109.29,Brent spot price
2013-07-17,DCOILBRENTEU,109.67,Brent spot price
2013-07-18,DCOILBRENTEU,109.71,Brent spot price
2013-07-19,DCOILBRENTEU,109.34,Brent spot price
2013-07-22,DCOILBRENTEU,108.82,Brent spot price
2013-07-23,DCOILBRENTEU,109.27,Brent spot price
2013-07-24,DCOILBRENTEU,108.23,Brent spot price
2013-07-25,DCOILBRENTEU,108.1,Brent spot price
2013-07-26,DCOILBRENTEU,107.57,Brent spot price
2013-07-29,DCOILBRENTEU,108.1,Brent spot price
2013-07-30,DCOILBRENTEU,107.47,Brent spot price
2013-07-31,DCOILBRENTEU,107.89,Brent spot price
2013-08-01,DCOILBRENTEU,109.94,Brent spot price
2013-08-02,DCOILBRENTEU,109.63,Brent spot price
2013-08-05,DCOILBRENTEU,109.81,Brent spot price
2013-08-06,DCOILBRENTEU,108.77,Brent spot price
2013-08-07,DCOILBRENTEU,108.39,Brent spot price
2013-08-08,DCOILBRENTEU,107.32,Brent spot price
2013-08-09,DCOILBRENTEU,108.49,Brent spot price
2013-08-12,DCOILBRENTEU,109.28,Brent spot price
2013-08-13,DCOILBRENTEU,110.69,Brent spot price
2013-08-14,DCOILBRENTEU,110.26,Brent spot price
2013-08-15,DCOILBRENTEU,111.58,Brent spot price
2013-08-16,DCOILBRENTEU,111.82,Brent spot price
2013-08-19,DCOILBRENTEU,111.41,Brent spot price
2013-08-20,DCOILBRENTEU,110.74,Brent spot price
2013-08-21,DCOILBRENTEU,110.82,Brent spot price
2013-08-22,DCOILBRENTEU,110.51,Brent spot price
2013-08-23,DCOILBRENTEU,112.12,Brent spot price
2013-08-26,DCOILBRENTEU,112.23,Brent spot price
2013-08-27,DCOILBRENTEU,115.21,Brent spot price
2013-08-28,DCOILBRENTEU,116.27,Brent spot price
2013-08-29,DCOILBRENTEU,116.91,Brent spot price
2013-08-30,DCOILBRENTEU,115.97,Brent spot price
2013-09-02,DCOILBRENTEU,,Brent spot price
2013-09-03,DCOILBRENTEU,115.49,Brent spot price
2013-09-04,DCOILBRENTEU,115.65,Brent spot price
2013-09-05,DCOILBRENTEU,115.81,Brent spot price
2013-09-06,DCOILBRENTEU,117.15,Brent spot price
2013-09-09,DCOILBRENTEU,115.2,Brent spot price
2013-09-10,DCOILBRENTEU,112.1,Brent spot price
2013-09-11,DCOILBRENTEU,112.37,Brent spot price
2013-09-12,DCOILBRENTEU,113.11,Brent spot price
2013-09-13,DCOILBRENTEU,113.31,Brent spot price
2013-09-16,DCOILBRENTEU,110.86,Brent spot price
2013-09-17,DCOILBRENTEU,109.05,Brent spot price
2013-09-18,DCOILBRENTEU,109.09,Brent spot price
2013-09-19,DCOILBRENTEU,110.66,Brent spot price
2013-09-20,DCOILBRENTEU,110.22,Brent spot price
2013-09-23,DCOILBRENTEU,108.56,Brent spot price
2013-09-24,DCOILBRENTEU,107.68,Brent spot price
2013-09-25,DCOILBRENTEU,109.46,Brent spot price
2013-09-26,DCOILBRENTEU,108.86,Brent spot price
2013-09-27,DCOILBRENTEU,109.45,Brent spot price
2013-09-30,DCOILBRENTEU,107.85,Brent spot price
2013-10-01,DCOILBRENTEU,107.32,Brent spot price
2013-10-02,DCOILBRENTEU,109.09,Brent spot price
2013-10-03,DCOILBRENTEU,109.49,Brent spot price
2013-10-04,DCOILBRENTEU,109.42,Brent spot price
2013-10-07,DCOILBRENTEU,109.66,Brent spot price
2013-10-08,DCOILBRENTEU,110.56,Brent spot price
2013-10-09,DCOILBRENTEU,109.02,Brent spot price
2013-10-10,DCOILBRENTEU,111.63,Brent spot price
2013-10-11,DCOILBRENTEU,110.65,Brent spot price
2013-10-14,DCOILBRENTEU,110.13,Brent spot price
2013-10-15,DCOILBRENTEU,110.67,Brent spot price
2013-10-16,DCOILBRENTEU,110.79,Brent spot price
2013-10-17,DCOILBRENTEU,109.55,Brent spot price
2013-10-18,DCOILBRENTEU,109.4,Brent spot price
2013-10-21,DCOILBRENTEU,109.47,Brent spot price
2013-10-22,DCOILBRENTEU,109.57,Brent spot price
2013-10-23,DCOILBRENTEU,107.74,Brent spot price
2013-10-24,DCOILBRENTEU,106.63,Brent spot price
2013-10-25,DCOILBRENTEU,105.7,Brent spot price
2013-10-28,DCOILBRENTEU,108.29,Brent spot price
2013-10-29,DCOILBRENTEU,108.04,Brent spot price
2013-10-30,DCOILBRENTEU,108.41,Brent spot price
2013-10-31,DCOILBRENTEU,107.53,Brent spot price
2013-11-01,DCOILBRENTEU,105.78,Brent spot price
2013-11-04,DCOILBRENTEU,104.85,Brent spot price
2013-11-05,DCOILBRENTEU,105.01,Brent spot price
2013-11-06,DCOILBRENTEU,105.46,Brent spot price
2013-11-07,DCOILBRENTEU,103.08,Brent spot price
2013-11-08,DCOILBRENTEU,104.29,Brent spot price
2013-11-11,DCOILBRENTEU,105.76,Brent spot price
2013-11-12,DCOILBRENTEU,106.29,Brent spot price
2013-11-13,DCOILBRENTEU,106.9,Brent spot price
2013-11-14,DCOILBRENTEU,108.29,Brent spot price
2013-11-15,DCOILBRENTEU,108.25,Brent spot price
2013-11-18,DCOILBRENTEU,108.8,Brent spot price
2013-11-19,DCOILBRENTEU,108.29,Brent spot price
2013-11-20,DCOILBRENTEU,108.27,Brent spot price
2013-11-21,DCOILBRENTEU,109.9,Brent spot price
2013-11-22,DCOILBRENTEU,111.36,Brent spot price
2013-11-25,DCOILBRENTEU,110.83,Brent spot price
2013-11-26,DCOILBRENTEU,112.04,Brent spot price
2013-11-27,DCOILBRENTEU,111.32,Brent spot price
2013-11-28,DCOILBRENTEU,,Brent spot price
2013-11-29,DCOILBRENTEU,111.07,Brent spot price
2013-12-02,DCOILBRENTEU,111.49,Brent spot price
2013-12-03,DCOILBRENTEU,113.06,Brent spot price
2013-12-04,DCOILBRENTEU,113.27,Brent spot price
2013-12-05,DCOILBRENTEU,112.07,Brent spot price
2013-12-06,DCOILBRENTEU,111.5,Brent spot price
2013-12-09,DCOILBRENTEU,110.07,Brent spot price
2013-12-10,DCOILBRENTEU,108.91,Brent spot price
2013-12-11,DCOILBRENTEU,109.47,Brent spot price
2013-12-12,DCOILBRENTEU,108.99,Brent spot price
2013-12-13,DCOILBRENTEU,108.08,Brent spot price
2013-12-16,DCOILBRENTEU,110.3,Brent spot price
2013-12-17,DCOILBRENTEU,108.91,Brent spot price
2013-12-18,DCOILBRENTEU,109.56,Brent spot price
2013-12-19,DCOILBRENTEU,110.78,Brent spot price
2013-12-20,DCOILBRENTEU,112.15,Brent spot price
2013-12-23,DCOILBRENTEU,111.58,Brent spot price
2013-12-24,DCOILBRENTEU,111.57,Brent spot price
2013-12-25,DCOILBRENTEU,,Brent spot price
2013-12-26,DCOILBRENTEU,111.65,Brent spot price
2013-12-27,DCOILBRENTEU,112.06,Brent spot price
2013-12-30,DCOILBRENTEU,110.47,Brent spot price
2013-12-31,DCOILBRENTEU,109.95,Brent spot price
2014-01-01,DCOILBRENTEU,,Brent spot price
2014-01-02,DCOILBRENTEU,107.94,Brent spot price
2014-01-03,DCOILBRENTEU,106.57,Brent spot price
2014-01-06,DCOILBRENTEU,106.71,Brent spot price
2014-01-07,DCOILBRENTEU,107.01,Brent spot price
2014-01-08,DCOILBRENTEU,107.42,Brent spot price
2014-01-09,DCOILBRENTEU,107.49,Brent spot price
2014-01-10,DCOILBRENTEU,106.44,Brent spot price
2014-01-13,DCOILBRENTEU,108.02,Brent spot price
2014-01-14,DCOILBRENTEU,107.12,Brent spot price
2014-01-15,DCOILBRENTEU,108.09,Brent spot price
2014-01-16,DCOILBRENTEU,107.46,Brent spot price
2014-01-17,DCOILBRENTEU,108.45,Brent spot price
2014-01-20,DCOILBRENTEU,108.01,Brent spot price
2014-01-21,DCOILBRENTEU,109.17,Brent spot price
2014-01-22,DCOILBRENTEU,109.69,Brent spot price
2014-01-23,DCOILBRENTEU,109.69,Brent spot price
2014-01-24,DCOILBRENTEU,109.14,Brent spot price
2014-01-27,DCOILBRENTEU,108.72,Brent spot price
2014-01-28,DCOILBRENTEU,109.1,Brent spot price
2014-01-29,DCOILBRENTEU,108.83,Brent spot price
2014-01-30,DCOILBRENTEU,109.36,Brent spot price
2014-01-31,DCOILBRENTEU,108.16,Brent spot price
2014-02-03,DCOILBRENTEU,106.55,Brent spot price
2014-02-04,DCOILBRENTEU,107.04,Brent spot price
2014-02-05,DCOILBRENTEU,106.81,Brent spot price
2014-02-06,DCOILBRENTEU,108.15,Brent spot price
2014-02-07,DCOILBRENTEU,110.12,Brent spot price
2014-02-10,DCOILBRENTEU,110.18,Brent spot price
2014-02-11,DCOILBRENTEU,109.21,Brent spot price
2014-02-12,DCOILBRENTEU,108.62,Brent spot price
2014-02-13,DCOILBRENTEU,108.98,Brent spot price
2014-02-14,DCOILBRENTEU,108.63,Brent spot price
2014-02-17,DCOILBRENTEU,,Brent spot price
2014-02-18,DCOILBRENTEU,110.14,Brent spot price
2014-02-19,DCOILBRENTEU,110.37,Brent spot price
2014-02-20,DCOILBRENTEU,109.42,Brent spot price
2014-02-21,DCOILBRENTEU,109.03,Brent spot price
2014-02-24,DCOILBRENTEU,109.76,Brent spot price
2014-02-25,DCOILBRENTEU,109.19,Brent spot price
2014-02-26,DCOILBRENTEU,109.39,Brent spot price
2014-02-27,DCOILBRENTEU,108.54,Brent spot price
2014-02-28,DCOILBRENTEU,108.98,Brent spot price
2014-03-03,DCOILBRENTEU,111.26,Brent spot price
2014-03-04,DCOILBRENTEU,109.17,Brent spot price
2014-03-05,DCOILBRENTEU,108.15,Brent spot price
2014-03-06,DCOILBRENTEU,107.99,Brent spot price
2014-03-07,DCOILBRENTEU,109.14,Brent spot price
2014-03-10,DCOILBRENTEU,108.27,Brent spot price
2014-03-11,DCOILBRENTEU,108.35,Brent spot price
2014-03-12,DCOILBRENTEU,107.88,Brent spot price
2014-03-13,DCOILBRENTEU,107.48,Brent spot price
2014-03-14,DCOILBRENTEU,108.08,Brent spot price
2014-03-17,DCOILBRENTEU,106.99,Brent spot price
2014-03-18,DCOILBRENTEU,106.79,Brent spot price
2014-03-19,DCOILBRENTEU,105.95,Brent spot price
2014-03-20,DCOILBRENTEU,105.73,Brent spot price
2014-03-21,DCOILBRENTEU,107.2,Brent spot price
2014-03-24,DCOILBRENTEU,106.59,Brent spot price
2014-03-25,DCOILBRENTEU,107.01,Brent spot price
2014-03-26,DCOILBRENTEU,105.9,Brent spot price
2014-03-27,DCOILBRENTEU,106.58,Brent spot price
2014-03-28,DCOILBRENTEU,106.64,Brent spot price
2014-03-31,DCOILBRENTEU,105.95,Brent spot price
2014-04-01,DCOILBRENTEU,105.7,Brent spot price
2014-04-02,DCOILBRENTEU,103.37,Brent spot price
2014-04-03,DCOILBRENTEU,104.88,Brent spot price
2014-04-04,DCOILBRENTEU,106.41,Brent spot price
2014-04-07,DCOILBRENTEU,104.89,Brent spot price
2014-04-08,DCOILBRENTEU,105.83,Brent spot price
2014-04-09,DCOILBRENTEU,107.39,Brent spot price
2014-04-10,DCOILBRENTEU,107.1,Brent spot price
2014-04-11,DCOILBRENTEU,107.34,Brent spot price
2014-04-14,DCOILBRENTEU,107.68,Brent spot price
2014-04-15,DCOILBRENTEU,109.1,Brent spot price
2014-04-16,DCOILBRENTEU,109.71,Brent spot price
2014-04-17,DCOILBRENTEU,109.79,Brent spot price
2014-04-18,DCOILBRENTEU,,Brent spot price
2014-04-21,DCOILBRENTEU,109.69,Brent spot price
2014-04-22,DCOILBRENTEU,108.54,Brent spot price
2014-04-23,DCOILBRENTEU,108.48,Brent spot price
2014-04-24,DCOILBRENTEU,109.79,Brent spot price
2014-04-25,DCOILBRENTEU,109.53,Brent spot price
2014-04-28,DCOILBRENTEU,109.12,Brent spot price
2014-04-29,DCOILBRENTEU,109.89,Brent spot price
2014-04-30,DCOILBRENTEU,108.63,Brent spot price
2014-05-01,DCOILBRENTEU,108.63,Brent spot price
2014-05-02,DCOILBRENTEU,109.48,Brent spot price
2014-05-05,DCOILBRENTEU,109.48,Brent spot price
2014-05-06,DCOILBRENTEU,108.3,Brent spot price
2014-05-07,DCOILBRENTEU,108.17,Brent spot price
2014-05-08,DCOILBRENTEU,108.19,Brent spot price
2014-05-09,DCOILBRENTEU,108.26,Brent spot price
2014-05-12,DCOILBRENTEU,108.37,Brent spot price
2014-05-13,DCOILBRENTEU,108.78,Brent spot price
2014-05-14,DCOILBRENTEU,109.87,Brent spot price
2014-05-15,DCOILBRENTEU,109.74,Brent spot price
2014-05-16,DCOILBRENTEU,110.9,Brent spot price
2014-05-19,DCOILBRENTEU,110.84,Brent spot price
2014-05-20,DCOILBRENTEU,110.35,Brent spot price
2014-05-21,DCOILBRENTEU,111.32,Brent spot price
2014-05-22,DCOILBRENTEU,110.89,Brent spot price
2014-05-23,DCOILBRENTEU,110.19,Brent spot price
2014-05-26,DCOILBRENTEU,110.01,Brent spot price
2014-05-27,DCOILBRENTEU,109.81,Brent spot price
2014-05-28,DCOILBRENTEU,109.09,Brent spot price
2014-05-29,DCOILBRENTEU,109.98,Brent spot price
2014-05-30,DCOILBRENTEU,109.21,Brent spot price
2014-06-02,DCOILBRENTEU,109.34,Brent spot price
2014-06-03,DCOILBRENTEU,108.87,Brent spot price
2014-06-04,DCOILBRENTEU,109.07,Brent spot price
2014-06-05,DCOILBRENTEU,108.43,Brent spot price
2014-06-06,DCOILBRENTEU,109.21,Brent spot price
2014-06-09,DCOILBRENTEU,110.55,Brent spot price
2014-06-10,DCOILBRENTEU,109.18,Brent spot price
2014-06-11,DCOILBRENTEU,109.83,Brent spot price
2014-06-12,DCOILBRENTEU,112.18,Brent spot price
2014-06-13,DCOILBRENTEU,113.15,Brent spot price
2014-06-16,DCOILBRENTEU,113.42,Brent spot price
2014-06-17,DCOILBRENTEU,114.02,Brent spot price
2014-06-18,DCOILBRENTEU,114.25,Brent spot price
2014-06-19,DCOILBRENTEU,115.19,Brent spot price
2014-06-20,DCOILBRENTEU,114.55,Brent spot price
2014-06-23,DCOILBRENTEU,113.62,Brent spot price
2014-06-24,DCOILBRENTEU,113.74,Brent spot price
2014-06-25,DCOILBRENTEU,112.84,Brent spot price
2014-06-26,DCOILBRENTEU,112.61,Brent spot price
2014-06-27,DCOILBRENTEU,112.62,Brent spot price
2014-06-30,DCOILBRENTEU,111.03,Brent spot price
2014-07-01,DCOILBRENTEU,110.84,Brent spot price
2014-07-02,DCOILBRENTEU,110.18,Brent spot price
2014-07-03,DCOILBRENTEU,108.98,Brent spot price
2014-07-04,DCOILBRENTEU,,Brent spot price
2014-07-07,DCOILBRENTEU,108.7,Brent spot price
2014-07-08,DCOILBRENTEU,107.65,Brent spot price
2014-07-09,DCOILBRENTEU,106.84,Brent spot price
2014-07-10,DCOILBRENTEU,106.2,Brent spot price
2014-07-11,DCOILBRENTEU,105.77,Brent spot price
2014-07-14,DCOILBRENTEU,104.73,Brent spot price
2014-07-15,DCOILBRENTEU,104.73,Brent spot price
2014-07-16,DCOILBRENTEU,105.41,Brent spot price
2014-07-17,DCOILBRENTEU,106.04,Brent spot price
2014-07-18,DCOILBRENTEU,106.03,Brent spot price
2014-07-21,DCOILBRENTEU,105.71,Brent spot price
2014-07-22,DCOILBRENTEU,106.48,Brent spot price
2014-07-23,DCOILBRENTEU,106.85,Brent spot price
2014-07-24,DCOILBRENTEU,105.78,Brent spot price
2014-07-25,DCOILBRENTEU,106.89,Brent spot price
2014-07-28,DCOILBRENTEU,106.7,Brent spot price
2014-07-29,DCOILBRENTEU,106.98,Brent spot price
2014-07-30,DCOILBRENTEU,106.47,Brent spot price
2014-07-31,DCOILBRENTEU,104.94,Brent spot price
2014-08-01,DCOILBRENTEU,103.45,Brent spot price
2014-08-04,DCOILBRENTEU,103.63,Brent spot price
2014-08-05,DCOILBRENTEU,102.82,Brent spot price
2014-08-06,DCOILBRENTEU,104.17,Brent spot price
2014-08-07,DCOILBRENTEU,104.02,Brent spot price
2014-08-08,DCOILBRENTEU,103.36,Brent spot price
2014-08-11,DCOILBRENTEU,103.47,Brent spot price
2014-08-12,DCOILBRENTEU,101.68,Brent spot price
2014-08-13,DCOILBRENTEU,102.27,Brent spot price
2014-08-14,DCOILBRENTEU,101.15,Brent spot price
2014-08-15,DCOILBRENTEU,101.13,Brent spot price
2014-08-18,DCOILBRENTEU,99.37,Brent spot price
2014-08-19,DCOILBRENTEU,99.74,Brent spot price
2014-08-20,DCOILBRENTEU,99.92,Brent spot price
2014-08-21,DCOILBRENTEU,100.28,Brent spot price
2014-08-22,DCOILBRENTEU,100.09,Brent spot price
2014-08-25,DCOILBRENTEU,100.49,Brent spot price
2014-08-26,DCOILBRENTEU,100.5,Brent spot price
2014-08-27,DCOILBRENTEU,100.4,Brent spot price
2014-08-28,DCOILBRENTEU,100.71,Brent spot price
2014-08-29,DCOILBRENTEU,101.12,Brent spot price
2014-09-01,DCOILBRENTEU,,Brent spot price
2014-09-02,DCOILBRENTEU,100.21,Brent spot price
2014-09-03,DCOILBRENTEU,100.88,Brent spot price
2014-09-04,DCOILBRENTEU,101.21,Brent spot price
2014-09-05,DCOILBRENTEU,99.51,Brent spot price
2014-09-08,DCOILBRENTEU,99.53,Brent spot price
2014-09-09,DCOILBRENTEU,98.08,Brent spot price
2014-09-10,DCOILBRENTEU,96.26,Brent spot price
2014-09-11,DCOILBRENTEU,96.42,Brent spot price
2014-09-12,DCOILBRENTEU,96.31,Brent spot price
2014-09-15,DCOILBRENTEU,96.43,Brent spot price
2014-09-16,DCOILBRENTEU,97.39,Brent spot price
2014-09-17,DCOILBRENTEU,97.7,Brent spot price
2014-09-18,DCOILBRENTEU,96.82,Brent spot price
2014-09-19,DCOILBRENTEU,96.75,Brent spot price
2014-09-22,DCOILBRENTEU,95.37,Brent spot price
2014-09-23,DCOILBRENTEU,94.87,Brent spot price
2014-09-24,DCOILBRENTEU,94.53,Brent spot price
2014-09-25,DCOILBRENTEU,95.2,Brent spot price
2014-09-26,DCOILBRENTEU,95.08,Brent spot price
2014-09-29,DCOILBRENTEU,95.7,Brent spot price
2014-09-30,DCOILBRENTEU,94.67,Brent spot price
2014-10-01,DCOILBRENTEU,94.57,Brent spot price
2014-10-02,DCOILBRENTEU,91.29,Brent spot price
2014-10-03,DCOILBRENTEU,90.8,Brent spot price
2014-10-06,DCOILBRENTEU,90.65,Brent spot price
2014-10-07,DCOILBRENTEU,90.9,Brent spot price
2014-10-08,DCOILBRENTEU,90.25,Brent spot price
2014-10-09,DCOILBRENTEU,90.47,Brent spot price
2014-10-10,DCOILBRENTEU,88.66,Brent spot price
2014-10-13,DCOILBRENTEU,87.82,Brent spot price
2014-10-14,DCOILBRENTEU,86.36,Brent spot price
2014-10-15,DCOILBRENTEU,84.02,Brent spot price
2014-10-16,DCOILBRENTEU,84.02,Brent spot price
2014-10-17,DCOILBRENTEU,85.27,Brent spot price
2014-10-20,DCOILBRENTEU,84.42,Brent spot price
2014-10-21,DCOILBRENTEU,85.17,Brent spot price
2014-10-22,DCOILBRENTEU,86.38,Brent spot price
2014-10-23,DCOILBRENTEU,85.94,Brent spot price
2014-10-24,DCOILBRENTEU,86,Brent spot price
2014-10-27,DCOILBRENTEU,85.64,Brent spot price
2014-10-28,DCOILBRENTEU,85.57,Brent spot price
2014-10-29,DCOILBRENTEU,86.91,Brent spot price
2014-10-30,DCOILBRENTEU,85.5,Brent spot price
2014-10-31,DCOILBRENTEU,84.17,Brent spot price
2014-11-03,DCOILBRENTEU,84.9,Brent spot price
2014-11-04,DCOILBRENTEU,82.12,Brent spot price
2014-11-05,DCOILBRENTEU,82.88,Brent spot price
2014-11-06,DCOILBRENTEU,82.08,Brent spot price
2014-11-07,DCOILBRENTEU,83.2,Brent spot price
2014-11-10,DCOILBRENTEU,82.9,Brent spot price
2014-11-11,DCOILBRENTEU,80.94,Brent spot price
2014-11-12,DCOILBRENTEU,80.42,Brent spot price
2014-11-13,DCOILBRENTEU,77.74,Brent spot price
2014-11-14,DCOILBRENTEU,77.51,Brent spot price
2014-11-17,DCOILBRENTEU,76.86,Brent spot price
2014-11-18,DCOILBRENTEU,77.23,Brent spot price
2014-11-19,DCOILBRENTEU,77.21,Brent spot price
2014-11-20,DCOILBRENTEU,77.61,Brent spot price
2014-11-21,DCOILBRENTEU,79.2,Brent spot price
2014-11-24,DCOILBRENTEU,79.62,Brent spot price
2014-11-25,DCOILBRENTEU,77.62,Brent spot price
2014-11-26,DCOILBRENTEU,77.39,Brent spot price
2014-11-27,DCOILBRENTEU,,Brent spot price
2014-11-28,DCOILBRENTEU,71.89,Brent spot price
2014-12-01,DCOILBRENTEU,70.87,Brent spot price
2014-12-02,DCOILBRENTEU,71.13,Brent spot price
2014-12-03,DCOILBRENTEU,70.13,Brent spot price
2014-12-04,DCOILBRENTEU,68.48,Brent spot price
2014-12-05,DCOILBRENTEU,68,Brent spot price
2014-12-08,DCOILBRENTEU,65.64,Brent spot price
2014-12-09,DCOILBRENTEU,66.11,Brent spot price
2014-12-10,DCOILBRENTEU,63.32,Brent spot price
2014-12-11,DCOILBRENTEU,63.65,Brent spot price
2014-12-12,DCOILBRENTEU,61.67,Brent spot price
2014-12-15,DCOILBRENTEU,61.09,Brent spot price
2014-12-16,DCOILBRENTEU,60.26,Brent spot price
2014-12-17,DCOILBRENTEU,59.84,Brent spot price
2014-12-18,DCOILBRENTEU,58.81,Brent spot price
2014-12-19,DCOILBRENTEU,58.87,Brent spot price
2014-12-22,DCOILBRENTEU,58.31,Brent spot price
2014-12-23,DCOILBRENTEU,59.07,Brent spot price
2014-12-24,DCOILBRENTEU,58.67,Brent spot price
2014-12-25,DCOILBRENTEU,,Brent spot price
2014-12-26,DCOILBRENTEU,58.72,Brent spot price
2014-12-29,DCOILBRENTEU,57.86,Brent spot price
2014-12-30,DCOILBRENTEU,55.6,Brent spot price
2014-12-31,DCOILBRENTEU,55.27,Brent spot price
2015-01-01,DCOILBRENTEU,,Brent spot price
2015-01-02,DCOILBRENTEU,55.38,Brent spot price
2015-01-05,DCOILBRENTEU,51.08,Brent spot price
2015-01-06,DCOILBRENTEU,50.12,Brent spot price
2015-01-07,DCOILBRENTEU,49.06,Brent spot price
2015-01-08,DCOILBRENTEU,49.43,Brent spot price
2015-01-09,DCOILBRENTEU,47.64,Brent spot price
2015-01-12,DCOILBRENTEU,46.9,Brent spot price
2015-01-13,DCOILBRENTEU,45.13,Brent spot price
2015-01-14,DCOILBRENTEU,45.82,Brent spot price
2015-01-15,DCOILBRENTEU,47.66,Brent spot price
2015-01-16,DCOILBRENTEU,47.38,Brent spot price
2015-01-19,DCOILBRENTEU,,Brent spot price
2015-01-20,DCOILBRENTEU,46.49,Brent spot price
2015-01-21,DCOILBRENTEU,46.5,Brent spot price
2015-01-22,DCOILBRENTEU,46.09,Brent spot price
2015-01-23,DCOILBRENTEU,46.69,Brent spot price
2015-01-26,DCOILBRENTEU,46.07,Brent spot price
2015-01-27,DCOILBRENTEU,46.55,Brent spot price
2015-01-28,DCOILBRENTEU,47.07,Brent spot price
2015-01-29,DCOILBRENTEU,46.61,Brent spot price
2015-01-30,DCOILBRENTEU,47.52,Brent spot price
2015-02-02,DCOILBRENTEU,51.74,Brent spot price
2015-02-03,DCOILBRENTEU,54.41,Brent spot price
2015-02-04,DCOILBRENTEU,55.07,Brent spot price
2015-02-05,DCOILBRENTEU,55.98,Brent spot price
2015-02-06,DCOILBRENTEU,55.88,Brent spot price
2015-02-09,DCOILBRENTEU,57,Brent spot price
2015-02-10,DCOILBRENTEU,55.79,Brent spot price
2015-02-11,DCOILBRENTEU,53.48,Brent spot price
2015-02-12,DCOILBRENTEU,56.23,Brent spot price
2015-02-13,DCOILBRENTEU,60.33,Brent spot price
2015-02-16,DCOILBRENTEU,61.57,Brent spot price
2015-02-17,DCOILBRENTEU,60.78,Brent spot price
2015-02-18,DCOILBRENTEU,60.72,Brent spot price
2015-02-19,DCOILBRENTEU,58.78,Brent spot price
2015-02-20,DCOILBRENTEU,60.99,Brent spot price
2015-02-23,DCOILBRENTEU,59.78,Brent spot price
2015-02-24,DCOILBRENTEU,60.33,Brent spot price
2015-02-25,DCOILBRENTEU,59.77,Brent spot price
2015-02-26,DCOILBRENTEU,61.39,Brent spot price
2015-02-27,DCOILBRENTEU,61.89,Brent spot price
2015-03-02,DCOILBRENTEU,60.75,Brent spot price
2015-03-03,DCOILBRENTEU,61.18,Brent spot price
2015-03-04,DCOILBRENTEU,59.18,Brent spot price
2015-03-05,DCOILBRENTEU,60.33,Brent spot price
2015-03-06,DCOILBRENTEU,59.15,Brent spot price
2015-03-09,DCOILBRENTEU,58.67,Brent spot price
2015-03-10,DCOILBRENTEU,55.95,Brent spot price
2015-03-11,DCOILBRENTEU,56.46,Brent spot price
2015-03-12,DCOILBRENTEU,56.66,Brent spot price
2015-03-13,DCOILBRENTEU,54.8,Brent spot price
2015-03-16,DCOILBRENTEU,52,Brent spot price
2015-03-17,DCOILBRENTEU,52.17,Brent spot price
2015-03-18,DCOILBRENTEU,52.59,Brent spot price
2015-03-19,DCOILBRENTEU,52.96,Brent spot price
2015-03-20,DCOILBRENTEU,53.88,Brent spot price
2015-03-23,DCOILBRENTEU,53.82,Brent spot price
2015-03-24,DCOILBRENTEU,53.61,Brent spot price
2015-03-25,DCOILBRENTEU,54.18,Brent spot price
2015-03-26,DCOILBRENTEU,57.02,Brent spot price
2015-03-27,DCOILBRENTEU,56.44,Brent spot price
2015-03-30,DCOILBRENTEU,53.99,Brent spot price
2015-03-31,DCOILBRENTEU,53.69,Brent spot price
2015-04-01,DCOILBRENTEU,55.73,Brent spot price
2015-04-02,DCOILBRENTEU,55.73,Brent spot price
2015-04-03,DCOILBRENTEU,,Brent spot price
2015-04-06,DCOILBRENTEU,55.73,Brent spot price
2015-04-07,DCOILBRENTEU,57.55,Brent spot price
2015-04-08,DCOILBRENTEU,56.42,Brent spot price
2015-04-09,DCOILBRENTEU,56.04,Brent spot price
2015-04-10,DCOILBRENTEU,56.82,Brent spot price
2015-04-13,DCOILBRENTEU,57.14,Brent spot price
2015-04-14,DCOILBRENTEU,57.69,Brent spot price
2015-04-15,DCOILBRENTEU,59.32,Brent spot price
2015-04-16,DCOILBRENTEU,60.13,Brent spot price
2015-04-17,DCOILBRENTEU,61.31,Brent spot price
2015-04-20,DCOILBRENTEU,61.2,Brent spot price
2015-04-21,DCOILBRENTEU,60.12,Brent spot price
2015-04-22,DCOILBRENTEU,60.12,Brent spot price
2015-04-23,DCOILBRENTEU,62.66,Brent spot price
2015-04-24,DCOILBRENTEU,62.96,Brent spot price
2015-04-27,DCOILBRENTEU,62.86,Brent spot price
2015-04-28,DCOILBRENTEU,62.61,Brent spot price
2015-04-29,DCOILBRENTEU,63.97,Brent spot price
2015-04-30,DCOILBRENTEU,63.9,Brent spot price
2015-05-01,DCOILBRENTEU,64.13,Brent spot price
2015-05-04,DCOILBRENTEU,64.62,Brent spot price
2015-05-05,DCOILBRENTEU,65.44,Brent spot price
2015-05-06,DCOILBRENTEU,66.22,Brent spot price
2015-05-07,DCOILBRENTEU,64.93,Brent spot price
2015-05-08,DCOILBRENTEU,63.82,Brent spot price
2015-05-11,DCOILBRENTEU,62.82,Brent spot price
2015-05-12,DCOILBRENTEU,65.09,Brent spot price
2015-05-13,DCOILBRENTEU,66.33,Brent spot price
2015-05-14,DCOILBRENTEU,65.58,Brent spot price
2015-05-15,DCOILBRENTEU,64.69,Brent spot price
2015-05-18,DCOILBRENTEU,65.15,Brent spot price
2015-05-19,DCOILBRENTEU,63.48,Brent spot price
2015-05-20,DCOILBRENTEU,63.52,Brent spot price
2015-05-21,DCOILBRENTEU,64.7,Brent spot price
2015-05-22,DCOILBRENTEU,64.7,Brent spot price
2015-05-25,DCOILBRENTEU,,Brent spot price
2015-05-26,DCOILBRENTEU,61.65,Brent spot price
2015-05-27,DCOILBRENTEU,61.35,Brent spot price
2015-05-28,DCOILBRENTEU,60.12,Brent spot price
2015-05-29,DCOILBRENTEU,63.16,Brent spot price
2015-06-01,DCOILBRENTEU,62.87,Brent spot price
2015-06-02,DCOILBRENTEU,63.14,Brent spot price
2015-06-03,DCOILBRENTEU,62.78,Brent spot price
2015-06-04,DCOILBRENTEU,60.34,Brent spot price
2015-06-05,DCOILBRENTEU,60.36,Brent spot price
2015-06-08,DCOILBRENTEU,61.33,Brent spot price
2015-06-09,DCOILBRENTEU,63.23,Brent spot price
2015-06-10,DCOILBRENTEU,64.68,Brent spot price
2015-06-11,DCOILBRENTEU,63.76,Brent spot price
2015-06-12,DCOILBRENTEU,63.19,Brent spot price
2015-06-15,DCOILBRENTEU,60.99,Brent spot price
2015-06-16,DCOILBRENTEU,60.75,Brent spot price
2015-06-17,DCOILBRENTEU,60.75,Brent spot price
2015-06-18,DCOILBRENTEU,61.37,Brent spot price
2015-06-19,DCOILBRENTEU,59.41,Brent spot price
2015-06-22,DCOILBRENTEU,60.54,Brent spot price
2015-06-23,DCOILBRENTEU,61.67,Brent spot price
2015-06-24,DCOILBRENTEU,61.63,Brent spot price
2015-06-25,DCOILBRENTEU,60.24,Brent spot price
2015-06-26,DCOILBRENTEU,60.14,Brent spot price
2015-06-29,DCOILBRENTEU,59.03,Brent spot price
2015-06-30,DCOILBRENTEU,60.31,Brent spot price
2015-07-01,DCOILBRENTEU,61.65,Brent spot price
2015-07-02,DCOILBRENTEU,61.73,Brent spot price
2015-07-03,DCOILBRENTEU,59.06,Brent spot price
2015-07-06,DCOILBRENTEU,57.19,Brent spot price
2015-07-07,DCOILBRENTEU,54.72,Brent spot price
2015-07-08,DCOILBRENTEU,55.7,Brent spot price
2015-07-09,DCOILBRENTEU,57.83,Brent spot price
2015-07-10,DCOILBRENTEU,57.72,Brent spot price
2015-07-13,DCOILBRENTEU,57.63,Brent spot price
2015-07-14,DCOILBRENTEU,57.2,Brent spot price
2015-07-15,DCOILBRENTEU,57.34,Brent spot price
2015-07-16,DCOILBRENTEU,57.31,Brent spot price
2015-07-17,DCOILBRENTEU,56.38,Brent spot price
2015-07-20,DCOILBRENTEU,56.42,Brent spot price
2015-07-21,DCOILBRENTEU,55.94,Brent spot price
2015-07-22,DCOILBRENTEU,56.36,Brent spot price
2015-07-23,DCOILBRENTEU,55.76,Brent spot price
2015-07-24,DCOILBRENTEU,54.29,Brent spot price
2015-07-27,DCOILBRENTEU,54.07,Brent spot price
2015-07-28,DCOILBRENTEU,54.3,Brent spot price
2015-07-29,DCOILBRENTEU,54.73,Brent spot price
2015-07-30,DCOILBRENTEU,54.29,Brent spot price
2015-07-31,DCOILBRENTEU,53.29,Brent spot price
2015-08-03,DCOILBRENTEU,49.49,Brent spot price
2015-08-04,DCOILBRENTEU,49.08,Brent spot price
2015-08-05,DCOILBRENTEU,49.04,Brent spot price
2015-08-06,DCOILBRENTEU,47.8,Brent spot price
2015-08-07,DCOILBRENTEU,47.54,Brent spot price
2015-08-10,DCOILBRENTEU,48.3,Brent spot price
2015-08-11,DCOILBRENTEU,47.33,Brent spot price
2015-08-12,DCOILBRENTEU,48.29,Brent spot price
2015-08-13,DCOILBRENTEU,48.01,Brent spot price
2015-08-14,DCOILBRENTEU,47.79,Brent spot price
2015-08-17,DCOILBRENTEU,47.77,Brent spot price
2015-08-18,DCOILBRENTEU,47,Brent spot price
2015-08-19,DCOILBRENTEU,45.75,Brent spot price
2015-08-20,DCOILBRENTEU,45.63,Brent spot price
2015-08-21,DCOILBRENTEU,43.84,Brent spot price
2015-08-24,DCOILBRENTEU,41.59,Brent spot price
2015-08-25,DCOILBRENTEU,41.86,Brent spot price
2015-08-26,DCOILBRENTEU,41.76,Brent spot price
2015-08-27,DCOILBRENTEU,44.46,Brent spot price
2015-08-28,DCOILBRENTEU,47.97,Brent spot price
2015-08-31,DCOILBRENTEU,,Brent spot price
2015-09-01,DCOILBRENTEU,48.8,Brent spot price
2015-09-02,DCOILBRENTEU,47.67,Brent spot price
2015-09-03,DCOILBRENTEU,50.41,Brent spot price
2015-09-04,DCOILBRENTEU,48.59,Brent spot price
2015-09-07,DCOILBRENTEU,46.42,Brent spot price
2015-09-08,DCOILBRENTEU,48.88,Brent spot price
2015-09-09,DCOILBRENTEU,48.04,Brent spot price
2015-09-10,DCOILBRENTEU,47.77,Brent spot price
2015-09-11,DCOILBRENTEU,46.87,Brent spot price
2015-09-14,DCOILBRENTEU,45.87,Brent spot price
2015-09-15,DCOILBRENTEU,45.91,Brent spot price
2015-09-16,DCOILBRENTEU,49.35,Brent spot price
2015-09-17,DCOILBRENTEU,48.27,Brent spot price
2015-09-18,DCOILBRENTEU,47.28,Brent spot price
2015-09-21,DCOILBRENTEU,47.64,Brent spot price
2015-09-22,DCOILBRENTEU,46.69,Brent spot price
2015-09-23,DCOILBRENTEU,48,Brent spot price
2015-09-24,DCOILBRENTEU,47.06,Brent spot price
2015-09-25,DCOILBRENTEU,47.28,Brent spot price
2015-09-28,DCOILBRENTEU,46.04,Brent spot price
2015-09-29,DCOILBRENTEU,47.58,Brent spot price
2015-09-30,DCOILBRENTEU,47.29,Brent spot price
2015-10-01,DCOILBRENTEU,47.48,Brent spot price
2015-10-02,DCOILBRENTEU,46.55,Brent spot price
2015-10-05,DCOILBRENTEU,49.45,Brent spot price
2015-10-06,DCOILBRENTEU,51.34,Brent spot price
2015-10-07,DCOILBRENTEU,51.66,Brent spot price
2015-10-08,DCOILBRENTEU,52.13,Brent spot price
2015-10-09,DCOILBRENTEU,52.08,Brent spot price
2015-10-12,DCOILBRENTEU,50.95,Brent spot price
2015-10-13,DCOILBRENTEU,48.94,Brent spot price
2015-10-14,DCOILBRENTEU,48.25,Brent spot price
2015-10-15,DCOILBRENTEU,47.87,Brent spot price
2015-10-16,DCOILBRENTEU,48.96,Brent spot price
2015-10-19,DCOILBRENTEU,47.51,Brent spot price
2015-10-20,DCOILBRENTEU,46.93,Brent spot price
2015-10-21,DCOILBRENTEU,46.72,Brent spot price
2015-10-22,DCOILBRENTEU,46.59,Brent spot price
2015-10-23,DCOILBRENTEU,46.3,Brent spot price
2015-10-26,DCOILBRENTEU,46.57,Brent spot price
2015-10-27,DCOILBRENTEU,45.54,Brent spot price
2015-10-28,DCOILBRENTEU,47.6,Brent spot price
2015-10-29,DCOILBRENTEU,48.04,Brent spot price
2015-10-30,DCOILBRENTEU,48,Brent spot price
2015-11-02,DCOILBRENTEU,47.91,Brent spot price
2015-11-03,DCOILBRENTEU,48,Brent spot price
2015-11-04,DCOILBRENTEU,46.96,Brent spot price
2015-11-05,DCOILBRENTEU,47.19,Brent spot price
2015-11-06,DCOILBRENTEU,46.09,Brent spot price
2015-11-09,DCOILBRENTEU,45.38,Brent spot price
2015-11-10,DCOILBRENTEU,46.44,Brent spot price
2015-11-11,DCOILBRENTEU,44.98,Brent spot price
2015-11-12,DCOILBRENTEU,44.98,Brent spot price
2015-11-13,DCOILBRENTEU,41.98,Brent spot price
2015-11-16,DCOILBRENTEU,40.28,Brent spot price
2015-11-17,DCOILBRENTEU,41.28,Brent spot price
2015-11-18,DCOILBRENTEU,41.45,Brent spot price
2015-11-19,DCOILBRENTEU,42.22,Brent spot price
2015-11-20,DCOILBRENTEU,42.49,Brent spot price
2015-11-23,DCOILBRENTEU,43.7,Brent spot price
2015-11-24,DCOILBRENTEU,44.38,Brent spot price
2015-11-25,DCOILBRENTEU,43.56,Brent spot price
2015-11-26,DCOILBRENTEU,43.55,Brent spot price
2015-11-27,DCOILBRENTEU,43.07,Brent spot price
2015-11-30,DCOILBRENTEU,43.73,Brent spot price
2015-12-01,DCOILBRENTEU,42.97,Brent spot price
2015-12-02,DCOILBRENTEU,41.92,Brent spot price
2015-12-03,DCOILBRENTEU,42,Brent spot price
2015-12-04,DCOILBRENTEU,41.44,Brent spot price
2015-12-07,DCOILBRENTEU,39.69,Brent spot price
2015-12-08,DCOILBRENTEU,39.44,Brent spot price
2015-12-09,DCOILBRENTEU,39.04,Brent spot price
2015-12-10,DCOILBRENTEU,38.65,Brent spot price
2015-12-11,DCOILBRENTEU,36.99,Brent spot price
2015-12-14,DCOILBRENTEU,36.51,Brent spot price
2015-12-15,DCOILBRENTEU,37.66,Brent spot price
2015-12-16,DCOILBRENTEU,36.96,Brent spot price
2015-12-17,DCOILBRENTEU,36.29,Brent spot price
2015-12-18,DCOILBRENTEU,36.76,Brent spot price
2015-12-21,DCOILBRENTEU,35.34,Brent spot price
2015-12-22,DCOILBRENTEU,35.26,Brent spot price
2015-12-23,DCOILBRENTEU,35.79,Brent spot price
2015-12-24,DCOILBRENTEU,37.22,Brent spot price
2015-12-25,DCOILBRENTEU,,Brent spot price
2015-12-28,DCOILBRENTEU,37.08,Brent spot price
2015-12-29,DCOILBRENTEU,36.85,Brent spot price
2015-12-30,DCOILBRENTEU,35.65,Brent spot price
2015-12-31,DCOILBRENTEU,36.61,Brent spot price
2016-01-01,DCOILBRENTEU,,Brent spot price
2016-01-04,DCOILBRENTEU,36.28,Brent spot price
2016-01-05,DCOILBRENTEU,35.56,Brent spot price
2016-01-06,DCOILBRENTEU,33.89,Brent spot price
2016-01-07,DCOILBRENTEU,33.57,Brent spot price
2016-01-08,DCOILBRENTEU,31.67,Brent spot price
2016-01-11,DCOILBRENTEU,30.14,Brent spot price
2016-01-12,DCOILBRENTEU,29.14,Brent spot price
2016-01-13,DCOILBRENTEU,28.58,Brent spot price
2016-01-14,DCOILBRENTEU,28.84,Brent spot price
2016-01-15,DCOILBRENTEU,28.8,Brent spot price
2016-01-18,DCOILBRENTEU,27.36,Brent spot price
2016-01-19,DCOILBRENTEU,27.36,Brent spot price
2016-01-20,DCOILBRENTEU,26.01,Brent spot price
2016-01-21,DCOILBRENTEU,27.59,Brent spot price
2016-01-22,DCOILBRENTEU,30.46,Brent spot price
2016-01-25,DCOILBRENTEU,29.82,Brent spot price
2016-01-26,DCOILBRENTEU,30.94,Brent spot price
2016-01-27,DCOILBRENTEU,31.83,Brent spot price
2016-01-28,DCOILBRENTEU,33.01,Brent spot price
2016-01-29,DCOILBRENTEU,33.14,Brent spot price
2016-02-01,DCOILBRENTEU,32.45,Brent spot price
2016-02-02,DCOILBRENTEU,30.98,Brent spot price
2016-02-03,DCOILBRENTEU,32.38,Brent spot price
2016-02-04,DCOILBRENTEU,32.76,Brent spot price
2016-02-05,DCOILBRENTEU,32.35,Brent spot price
2016-02-08,DCOILBRENTEU,31.64,Brent spot price
2016-02-09,DCOILBRENTEU,30.15,Brent spot price
2016-02-10,DCOILBRENTEU,29.64,Brent spot price
2016-02-11,DCOILBRENTEU,28.82,Brent spot price
2016-02-12,DCOILBRENTEU,31.8,Brent spot price
2016-02-15,DCOILBRENTEU,,Brent spot price
2016-02-16,DCOILBRENTEU,31.09,Brent spot price
2016-02-17,DCOILBRENTEU,33.21,Brent spot price
2016-02-18,DCOILBRENTEU,33.2,Brent spot price
2016-02-19,DCOILBRENTEU,31.66,Brent spot price
2016-02-22,DCOILBRENTEU,33.59,Brent spot price
2016-02-23,DCOILBRENTEU,31.9,Brent spot price
2016-02-24,DCOILBRENTEU,31.5,Brent spot price
2016-02-25,DCOILBRENTEU,32.83,Brent spot price
2016-02-26,DCOILBRENTEU,35.76,Brent spot price
2016-02-29,DCOILBRENTEU,35.92,Brent spot price
2016-03-01,DCOILBRENTEU,35.73,Brent spot price
2016-03-02,DCOILBRENTEU,36.38,Brent spot price
2016-03-03,DCOILBRENTEU,35.75,Brent spot price
2016-03-04,DCOILBRENTEU,37.61,Brent spot price
2016-03-07,DCOILBRENTEU,39.02,Brent spot price
2016-03-08,DCOILBRENTEU,39.16,Brent spot price
2016-03-09,DCOILBRENTEU,40.26,Brent spot price
2016-03-10,DCOILBRENTEU,38.63,Brent spot price
2016-03-11,DCOILBRENTEU,39.41,Brent spot price
2016-03-14,DCOILBRENTEU,38.06,Brent spot price
2016-03-15,DCOILBRENTEU,37.49,Brent spot price
2016-03-16,DCOILBRENTEU,38.38,Brent spot price
2016-03-17,DCOILBRENTEU,39.29,Brent spot price
2016-03-18,DCOILBRENTEU,39.26,Brent spot price
2016-03-21,DCOILBRENTEU,39.91,Brent spot price
2016-03-22,DCOILBRENTEU,40.54,Brent spot price
2016-03-23,DCOILBRENTEU,38.84,Brent spot price
2016-03-24,DCOILBRENTEU,38.33,Brent spot price
2016-03-25,DCOILBRENTEU,,Brent spot price
2016-03-28,DCOILBRENTEU,38.33,Brent spot price
2016-03-29,DCOILBRENTEU,36.75,Brent spot price
2016-03-30,DCOILBRENTEU,36.75,Brent spot price
2016-03-31,DCOILBRENTEU,36.75,Brent spot price
2016-04-01,DCOILBRENTEU,36.42,Brent spot price
2016-04-04,DCOILBRENTEU,36.05,Brent spot price
2016-04-05,DCOILBRENTEU,35.88,Brent spot price
2016-04-06,DCOILBRENTEU,37.77,Brent spot price
2016-04-07,DCOILBRENTEU,37.15,Brent spot price
2016-04-08,DCOILBRENTEU,40.71,Brent spot price
2016-04-11,DCOILBRENTEU,41.58,Brent spot price
2016-04-12,DCOILBRENTEU,43.02,Brent spot price
2016-04-13,DCOILBRENTEU,42.81,Brent spot price
2016-04-14,DCOILBRENTEU,43.02,Brent spot price
2016-04-15,DCOILBRENTEU,41.32,Brent spot price
2016-04-18,DCOILBRENTEU,41.64,Brent spot price
2016-04-19,DCOILBRENTEU,43.02,Brent spot price
2016-04-20,DCOILBRENTEU,43.09,Brent spot price
2016-04-21,DCOILBRENTEU,43.48,Brent spot price
2016-04-22,DCOILBRENTEU,43.97,Brent spot price
2016-04-25,DCOILBRENTEU,42.97,Brent spot price
2016-04-26,DCOILBRENTEU,43.94,Brent spot price
2016-04-27,DCOILBRENTEU,44.17,Brent spot price
2016-04-28,DCOILBRENTEU,45.6,Brent spot price
2016-04-29,DCOILBRENTEU,45.64,Brent spot price
2016-05-02,DCOILBRENTEU,45.82,Brent spot price
2016-05-03,DCOILBRENTEU,43.09,Brent spot price
2016-05-04,DCOILBRENTEU,43.08,Brent spot price
2016-05-05,DCOILBRENTEU,44.39,Brent spot price
2016-05-06,DCOILBRENTEU,44.6,Brent spot price
2016-05-09,DCOILBRENTEU,42.43,Brent spot price
2016-05-10,DCOILBRENTEU,44.01,Brent spot price
2016-05-11,DCOILBRENTEU,46.08,Brent spot price
2016-05-12,DCOILBRENTEU,46.43,Brent spot price
2016-05-13,DCOILBRENTEU,47.05,Brent spot price
2016-05-16,DCOILBRENTEU,48.49,Brent spot price
2016-05-17,DCOILBRENTEU,48.71,Brent spot price
2016-05-18,DCOILBRENTEU,48.93,Brent spot price
2016-05-19,DCOILBRENTEU,47.01,Brent spot price
2016-05-20,DCOILBRENTEU,48.54,Brent spot price
2016-05-23,DCOILBRENTEU,47.77,Brent spot price
2016-05-24,DCOILBRENTEU,48.42,Brent spot price
2016-05-25,DCOILBRENTEU,48.87,Brent spot price
2016-05-26,DCOILBRENTEU,49.52,Brent spot price
2016-05-27,DCOILBRENTEU,49.09,Brent spot price
2016-05-30,DCOILBRENTEU,,Brent spot price
2016-05-31,DCOILBRENTEU,49.26,Brent spot price
2016-06-01,DCOILBRENTEU,48.81,Brent spot price
2016-06-02,DCOILBRENTEU,49.05,Brent spot price
2016-06-03,DCOILBRENTEU,48.5,Brent spot price
2016-06-06,DCOILBRENTEU,48.94,Brent spot price
2016-06-07,DCOILBRENTEU,49.76,Brent spot price
2016-06-08,DCOILBRENTEU,50.73,Brent spot price
2016-06-09,DCOILBRENTEU,50.59,Brent spot price
2016-06-10,DCOILBRENTEU,49.7,Brent spot price
2016-06-13,DCOILBRENTEU,49.36,Brent spot price
2016-06-14,DCOILBRENTEU,47.88,Brent spot price
2016-06-15,DCOILBRENTEU,47.47,Brent spot price
2016-06-16,DCOILBRENTEU,45.66,Brent spot price
2016-06-17,DCOILBRENTEU,46.57,Brent spot price
2016-06-20,DCOILBRENTEU,48.68,Brent spot price
2016-06-21,DCOILBRENTEU,48.18,Brent spot price
2016-06-22,DCOILBRENTEU,48.43,Brent spot price
2016-06-23,DCOILBRENTEU,48.63,Brent spot price
2016-06-24,DCOILBRENTEU,46.69,Brent spot price
2016-06-27,DCOILBRENTEU,45.07,Brent spot price
2016-06-28,DCOILBRENTEU,46.29,Brent spot price
2016-06-29,DCOILBRENTEU,48.4,Brent spot price
2016-06-30,DCOILBRENTEU,48.05,Brent spot price
2016-07-01,DCOILBRENTEU,47.65,Brent spot price
2016-07-04,DCOILBRENTEU,48.02,Brent spot price
2016-07-05,DCOILBRENTEU,45.64,Brent spot price
2016-07-06,DCOILBRENTEU,45.7,Brent spot price
2016-07-07,DCOILBRENTEU,45.93,Brent spot price
2016-07-08,DCOILBRENTEU,44.53,Brent spot price
2016-07-11,DCOILBRENTEU,44.04,Brent spot price
2016-07-12,DCOILBRENTEU,46.72,Brent spot price
2016-07-13,DCOILBRENTEU,44.67,Brent spot price
2016-07-14,DCOILBRENTEU,46.01,Brent spot price
2016-07-15,DCOILBRENTEU,46.25,Brent spot price
2016-07-18,DCOILBRENTEU,45.35,Brent spot price
2016-07-19,DCOILBRENTEU,45.7,Brent spot price
2016-07-20,DCOILBRENTEU,45.82,Brent spot price
2016-07-21,DCOILBRENTEU,44.99,Brent spot price
2016-07-22,DCOILBRENTEU,44.24,Brent spot price
2016-07-25,DCOILBRENTEU,43.76,Brent spot price
2016-07-26,DCOILBRENTEU,43.56,Brent spot price
2016-07-27,DCOILBRENTEU,42.78,Brent spot price
2016-07-28,DCOILBRENTEU,41.87,Brent spot price
2016-07-29,DCOILBRENTEU,40.76,Brent spot price
2016-08-01,DCOILBRENTEU,40.17,Brent spot price
2016-08-02,DCOILBRENTEU,40,Brent spot price
2016-08-03,DCOILBRENTEU,40.45,Brent spot price
2016-08-04,DCOILBRENTEU,41.33,Brent spot price
2016-08-05,DCOILBRENTEU,42.47,Brent spot price
2016-08-08,DCOILBRENTEU,43.24,Brent spot price
2016-08-09,DCOILBRENTEU,43.37,Brent spot price
2016-08-10,DCOILBRENTEU,42.19,Brent spot price
2016-08-11,DCOILBRENTEU,44.23,Brent spot price
2016-08-12,DCOILBRENTEU,45.12,Brent spot price
2016-08-15,DCOILBRENTEU,47.31,Brent spot price
2016-08-16,DCOILBRENTEU,48.27,Brent spot price
2016-08-17,DCOILBRENTEU,48.58,Brent spot price
2016-08-18,DCOILBRENTEU,49.46,Brent spot price
2016-08-19,DCOILBRENTEU,49.39,Brent spot price
2016-08-22,DCOILBRENTEU,48.1,Brent spot price
2016-08-23,DCOILBRENTEU,48.7,Brent spot price
2016-08-24,DCOILBRENTEU,47.56,Brent spot price
2016-08-25,DCOILBRENTEU,49.25,Brent spot price
2016-08-26,DCOILBRENTEU,49.66,Brent spot price
2016-08-29,DCOILBRENTEU,49.66,Brent spot price
2016-08-30,DCOILBRENTEU,47.94,Brent spot price
2016-08-31,DCOILBRENTEU,47.94,Brent spot price
2016-09-01,DCOILBRENTEU,45.05,Brent spot price
2016-09-02,DCOILBRENTEU,45.96,Brent spot price
2016-09-05,DCOILBRENTEU,46.72,Brent spot price
2016-09-06,DCOILBRENTEU,46.21,Brent spot price
2016-09-07,DCOILBRENTEU,47,Brent spot price
2016-09-08,DCOILBRENTEU,49.23,Brent spot price
2016-09-09,DCOILBRENTEU,48.37,Brent spot price
2016-09-12,DCOILBRENTEU,47.82,Brent spot price
2016-09-13,DCOILBRENTEU,46.48,Brent spot price
2016-09-14,DCOILBRENTEU,45.65,Brent spot price
2016-09-15,DCOILBRENTEU,45.83,Brent spot price
2016-09-16,DCOILBRENTEU,45.26,Brent spot price
2016-09-19,DCOILBRENTEU,46.04,Brent spot price
2016-09-20,DCOILBRENTEU,45.24,Brent spot price
2016-09-21,DCOILBRENTEU,45.99,Brent spot price
2016-09-22,DCOILBRENTEU,47.21,Brent spot price
2016-09-23,DCOILBRENTEU,46.71,Brent spot price
2016-09-26,DCOILBRENTEU,46.61,Brent spot price
2016-09-27,DCOILBRENTEU,44.95,Brent spot price
2016-09-28,DCOILBRENTEU,45.49,Brent spot price
2016-09-29,DCOILBRENTEU,48.43,Brent spot price
2016-09-30,DCOILBRENTEU,48.24,Brent spot price
2016-10-03,DCOILBRENTEU,48.61,Brent spot price
2016-10-04,DCOILBRENTEU,48.81,Brent spot price
2016-10-05,DCOILBRENTEU,49.57,Brent spot price
2016-10-06,DCOILBRENTEU,50.14,Brent spot price
2016-10-07,DCOILBRENTEU,50.49,Brent spot price
2016-10-10,DCOILBRENTEU,51.54,Brent spot price
2016-10-11,DCOILBRENTEU,50.48,Brent spot price
2016-10-12,DCOILBRENTEU,49.53,Brent spot price
2016-10-13,DCOILBRENTEU,49.29,Brent spot price
2016-10-14,DCOILBRENTEU,48.87,Brent spot price
2016-10-17,DCOILBRENTEU,49.31,Brent spot price
2016-10-18,DCOILBRENTEU,49.81,Brent spot price
2016-10-19,DCOILBRENTEU,51.85,Brent spot price
2016-10-20,DCOILBRENTEU,50.42,Brent spot price
2016-10-21,DCOILBRENTEU,50.28,Brent spot price
2016-10-24,DCOILBRENTEU,49.8,Brent spot price
2016-10-25,DCOILBRENTEU,49.08,Brent spot price
2016-10-26,DCOILBRENTEU,48.98,Brent spot price
2016-10-27,DCOILBRENTEU,49.13,Brent spot price
2016-10-28,DCOILBRENTEU,47.78,Brent spot price
2016-10-31,DCOILBRENTEU,46.2,Brent spot price
2016-11-01,DCOILBRENTEU,45.77,Brent spot price
2016-11-02,DCOILBRENTEU,44.26,Brent spot price
2016-11-03,DCOILBRENTEU,43.84,Brent spot price
2016-11-04,DCOILBRENTEU,43.06,Brent spot price
2016-11-07,DCOILBRENTEU,42.83,Brent spot price
2016-11-08,DCOILBRENTEU,43.47,Brent spot price
2016-11-09,DCOILBRENTEU,43.88,Brent spot price
2016-11-10,DCOILBRENTEU,43.67,Brent spot price
2016-11-11,DCOILBRENTEU,41.61,Brent spot price
2016-11-14,DCOILBRENTEU,41.83,Brent spot price
2016-11-15,DCOILBRENTEU,44.15,Brent spot price
2016-11-16,DCOILBRENTEU,45.07,Brent spot price
2016-11-17,DCOILBRENTEU,44.57,Brent spot price
2016-11-18,DCOILBRENTEU,44.41,Brent spot price
2016-11-21,DCOILBRENTEU,45.96,Brent spot price
2016-11-22,DCOILBRENTEU,46.1,Brent spot price
2016-11-23,DCOILBRENTEU,46.54,Brent spot price
2016-11-24,DCOILBRENTEU,47.54,Brent spot price
2016-11-25,DCOILBRENTEU,46.32,Brent spot price
2016-11-28,DCOILBRENTEU,46.64,Brent spot price
2016-11-29,DCOILBRENTEU,44.68,Brent spot price
2016-11-30,DCOILBRENTEU,47.95,Brent spot price
2016-12-01,DCOILBRENTEU,52.28,Brent spot price
2016-12-02,DCOILBRENTEU,52.35,Brent spot price
2016-12-05,DCOILBRENTEU,53.3,Brent spot price
2016-12-06,DCOILBRENTEU,52.31,Brent spot price
2016-12-07,DCOILBRENTEU,51.9,Brent spot price
2016-12-08,DCOILBRENTEU,51.6,Brent spot price
2016-12-09,DCOILBRENTEU,52.19,Brent spot price
2016-12-12,DCOILBRENTEU,53.99,Brent spot price
2016-12-13,DCOILBRENTEU,53.28,Brent spot price
2016-12-14,DCOILBRENTEU,53.15,Brent spot price
2016-12-15,DCOILBRENTEU,51.72,Brent spot price
2016-12-16,DCOILBRENTEU,54.15,Brent spot price
2016-12-19,DCOILBRENTEU,53.53,Brent spot price
2016-12-20,DCOILBRENTEU,54.56,Brent spot price
2016-12-21,DCOILBRENTEU,53.01,Brent spot price
2016-12-22,DCOILBRENTEU,54.04,Brent spot price
2016-12-23,DCOILBRENTEU,53.93,Brent spot price
2016-12-26,DCOILBRENTEU,,Brent spot price
2016-12-27,DCOILBRENTEU,,Brent spot price
2016-12-28,DCOILBRENTEU,54.95,Brent spot price
2016-12-29,DCOILBRENTEU,54.97,Brent spot price
2016-12-30,DCOILBRENTEU,54.96,Brent spot price
2017-01-02,DCOILBRENTEU,,Brent spot price
2017-01-03,DCOILBRENTEU,55.05,Brent spot price
2017-01-04,DCOILBRENTEU,54.57,Brent spot price
2017-01-05,DCOILBRENTEU,54.99,Brent spot price
2017-01-06,DCOILBRENTEU,55.9,Brent spot price
2017-01-09,DCOILBRENTEU,54.39,Brent spot price
2017-01-10,DCOILBRENTEU,53.2,Brent spot price
2017-01-11,DCOILBRENTEU,53.61,Brent spot price
2017-01-12,DCOILBRENTEU,54.51,Brent spot price
2017-01-13,DCOILBRENTEU,54.37,Brent spot price
2017-01-16,DCOILBRENTEU,54.3,Brent spot price
2017-01-17,DCOILBRENTEU,54.68,Brent spot price
2017-01-18,DCOILBRENTEU,53.77,Brent spot price
2017-01-19,DCOILBRENTEU,53.18,Brent spot price
2017-01-20,DCOILBRENTEU,55.04,Brent spot price
2017-01-23,DCOILBRENTEU,54.8,Brent spot price
2017-01-24,DCOILBRENTEU,54.7,Brent spot price
2017-01-25,DCOILBRENTEU,54.34,Brent spot price
2017-01-26,DCOILBRENTEU,55.89,Brent spot price
2017-01-27,DCOILBRENTEU,54.8,Brent spot price
2017-01-30,DCOILBRENTEU,54.77,Brent spot price
2017-01-31,DCOILBRENTEU,55.25,Brent spot price
2017-02-01,DCOILBRENTEU,55.79,Brent spot price
2017-02-02,DCOILBRENTEU,55.94,Brent spot price
2017-02-03,DCOILBRENTEU,55.92,Brent spot price
2017-02-06,DCOILBRENTEU,55.02,Brent spot price
2017-02-07,DCOILBRENTEU,53.79,Brent spot price
2017-02-08,DCOILBRENTEU,54.42,Brent spot price
2017-02-09,DCOILBRENTEU,53.98,Brent spot price
2017-02-10,DCOILBRENTEU,55.2,Brent spot price
2017-02-13,DCOILBRENTEU,54.15,Brent spot price
2017-02-14,DCOILBRENTEU,54.96,Brent spot price
2017-02-15,DCOILBRENTEU,54.57,Brent spot price
2017-02-16,DCOILBRENTEU,54.16,Brent spot price
2017-02-17,DCOILBRENTEU,54.48,Brent spot price
2017-02-20,DCOILBRENTEU,55.25,Brent spot price
2017-02-21,DCOILBRENTEU,56.34,Brent spot price
2017-02-22,DCOILBRENTEU,54.9,Brent spot price
2017-02-23,DCOILBRENTEU,55.82,Brent spot price
2017-02-24,DCOILBRENTEU,54.69,Brent spot price
2017-02-27,DCOILBRENTEU,54.65,Brent spot price
2017-02-28,DCOILBRENTEU,53.36,Brent spot price
2017-03-01,DCOILBRENTEU,55.72,Brent spot price
2017-03-02,DCOILBRENTEU,54.16,Brent spot price
2017-03-03,DCOILBRENTEU,54.12,Brent spot price
2017-03-06,DCOILBRENTEU,54.73,Brent spot price
2017-03-07,DCOILBRENTEU,54.61,Brent spot price
2017-03-08,DCOILBRENTEU,53.3,Brent spot price
2017-03-09,DCOILBRENTEU,50.65,Brent spot price
2017-03-10,DCOILBRENTEU,50.63,Brent spot price
2017-03-13,DCOILBRENTEU,50.1,Brent spot price
2017-03-14,DCOILBRENTEU,49.6,Brent spot price
2017-03-15,DCOILBRENTEU,50.63,Brent spot price
2017-03-16,DCOILBRENTEU,50.56,Brent spot price
2017-03-17,DCOILBRENTEU,50.58,Brent spot price
2017-03-20,DCOILBRENTEU,50.67,Brent spot price
2017-03-21,DCOILBRENTEU,50.14,Brent spot price
2017-03-22,DCOILBRENTEU,49.56,Brent spot price
2017-03-23,DCOILBRENTEU,50.17,Brent spot price
2017-03-24,DCOILBRENTEU,49.97,Brent spot price
2017-03-27,DCOILBRENTEU,50.12,Brent spot price
2017-03-28,DCOILBRENTEU,50.72,Brent spot price
2017-03-29,DCOILBRENTEU,51.36,Brent spot price
2017-03-30,DCOILBRENTEU,52.25,Brent spot price
2017-03-31,DCOILBRENTEU,52.2,Brent spot price
2017-04-03,DCOILBRENTEU,52.04,Brent spot price
2017-04-04,DCOILBRENTEU,53.08,Brent spot price
2017-04-05,DCOILBRENTEU,53.41,Brent spot price
2017-04-06,DCOILBRENTEU,53.62,Brent spot price
2017-04-07,DCOILBRENTEU,54.24,Brent spot price
2017-04-10,DCOILBRENTEU,54.79,Brent spot price
2017-04-11,DCOILBRENTEU,54.73,Brent spot price
2017-04-12,DCOILBRENTEU,54.75,Brent spot price
2017-04-13,DCOILBRENTEU,55.05,Brent spot price
2017-04-14,DCOILBRENTEU,,Brent spot price
2017-04-17,DCOILBRENTEU,54.79,Brent spot price
2017-04-18,DCOILBRENTEU,52.6,Brent spot price
2017-04-19,DCOILBRENTEU,52.43,Brent spot price
2017-04-20,DCOILBRENTEU,50.66,Brent spot price
2017-04-21,DCOILBRENTEU,49.93,Brent spot price
2017-04-24,DCOILBRENTEU,49.45,Brent spot price
2017-04-25,DCOILBRENTEU,49.37,Brent spot price
2017-04-26,DCOILBRENTEU,49.99,Brent spot price
2017-04-27,DCOILBRENTEU,49.46,Brent spot price
2017-04-28,DCOILBRENTEU,49.46,Brent spot price
2017-05-01,DCOILBRENTEU,50.41,Brent spot price
2017-05-02,DCOILBRENTEU,49.31,Brent spot price
2017-05-03,DCOILBRENTEU,48.82,Brent spot price
2017-05-04,DCOILBRENTEU,47.53,Brent spot price
2017-05-05,DCOILBRENTEU,47.45,Brent spot price
2017-05-08,DCOILBRENTEU,46.61,Brent spot price
2017-05-09,DCOILBRENTEU,47.06,Brent spot price
2017-05-10,DCOILBRENTEU,48.09,Brent spot price
2017-05-11,DCOILBRENTEU,49.18,Brent spot price
2017-05-12,DCOILBRENTEU,49.08,Brent spot price
2017-05-15,DCOILBRENTEU,51.29,Brent spot price
2017-05-16,DCOILBRENTEU,51.21,Brent spot price
2017-05-17,DCOILBRENTEU,51.76,Brent spot price
2017-05-18,DCOILBRENTEU,51.71,Brent spot price
2017-05-19,DCOILBRENTEU,52.78,Brent spot price
2017-05-22,DCOILBRENTEU,53.35,Brent spot price
2017-05-23,DCOILBRENTEU,53.19,Brent spot price
2017-05-24,DCOILBRENTEU,53.29,Brent spot price
2017-05-25,DCOILBRENTEU,52.25,Brent spot price
2017-05-26,DCOILBRENTEU,50.84,Brent spot price
2017-05-29,DCOILBRENTEU,52.25,Brent spot price
2017-05-30,DCOILBRENTEU,50.65,Brent spot price
2017-05-31,DCOILBRENTEU,49.4,Brent spot price
2017-06-01,DCOILBRENTEU,50.41,Brent spot price
2017-06-02,DCOILBRENTEU,48.46,Brent spot price
2017-06-05,DCOILBRENTEU,48.25,Brent spot price
2017-06-06,DCOILBRENTEU,48.11,Brent spot price
2017-06-07,DCOILBRENTEU,47.08,Brent spot price
2017-06-08,DCOILBRENTEU,46.3,Brent spot price
2017-06-09,DCOILBRENTEU,46.64,Brent spot price
2017-06-12,DCOILBRENTEU,47.18,Brent spot price
2017-06-13,DCOILBRENTEU,46.95,Brent spot price
2017-06-14,DCOILBRENTEU,45.47,Brent spot price
2017-06-15,DCOILBRENTEU,45.61,Brent spot price
2017-06-16,DCOILBRENTEU,45.7,Brent spot price
2017-06-19,DCOILBRENTEU,45.93,Brent spot price
2017-06-20,DCOILBRENTEU,43.98,Brent spot price
2017-06-21,DCOILBRENTEU,44.62,Brent spot price
2017-06-22,DCOILBRENTEU,44.46,Brent spot price
2017-06-23,DCOILBRENTEU,44.14,Brent spot price
2017-06-26,DCOILBRENTEU,44.09,Brent spot price
2017-06-27,DCOILBRENTEU,46.17,Brent spot price
2017-06-28,DCOILBRENTEU,46.45,Brent spot price
2017-06-29,DCOILBRENTEU,47.02,Brent spot price
2017-06-30,DCOILBRENTEU,47.08,Brent spot price
2017-07-03,DCOILBRENTEU,49.13,Brent spot price
2017-07-04,DCOILBRENTEU,49.15,Brent spot price
2017-07-05,DCOILBRENTEU,47.58,Brent spot price
2017-07-06,DCOILBRENTEU,48.53,Brent spot price
2017-07-07,DCOILBRENTEU,46.47,Brent spot price
2017-07-10,DCOILBRENTEU,46.57,Brent spot price
2017-07-11,DCOILBRENTEU,46.68,Brent spot price
2017-07-12,DCOILBRENTEU,46.73,Brent spot price
2017-07-13,DCOILBRENTEU,47.65,Brent spot price
2017-07-14,DCOILBRENTEU,47.89,Brent spot price
2017-07-17,DCOILBRENTEU,47.66,Brent spot price
2017-07-18,DCOILBRENTEU,47.92,Brent spot price
2017-07-19,DCOILBRENTEU,48.34,Brent spot price
2017-07-20,DCOILBRENTEU,48.54,Brent spot price
2017-07-21,DCOILBRENTEU,47.47,Brent spot price
2017-07-24,DCOILBRENTEU,47.81,Brent spot price
2017-07-25,DCOILBRENTEU,49.19,Brent spot price
2017-07-26,DCOILBRENTEU,50.08,Brent spot price
2017-07-27,DCOILBRENTEU,50.67,Brent spot price
2017-07-28,DCOILBRENTEU,52,Brent spot price
2017-07-31,DCOILBRENTEU,51.99,Brent spot price
2017-08-01,DCOILBRENTEU,50.77,Brent spot price
2017-08-02,DCOILBRENTEU,52.09,Brent spot price
2017-08-03,DCOILBRENTEU,52.88,Brent spot price
2017-08-04,DCOILBRENTEU,52.48,Brent spot price
2017-08-07,DCOILBRENTEU,51.42,Brent spot price
2017-08-08,DCOILBRENTEU,52.18,Brent spot price
2017-08-09,DCOILBRENTEU,52.16,Brent spot price
2017-08-10,DCOILBRENTEU,52.59,Brent spot price
2017-08-11,DCOILBRENTEU,51.47,Brent spot price
2017-08-14,DCOILBRENTEU,51.29,Brent spot price
2017-08-15,DCOILBRENTEU,49.9,Brent spot price
2017-08-16,DCOILBRENTEU,50.39,Brent spot price
2017-08-17,DCOILBRENTEU,50.37,Brent spot price
2017-08-18,DCOILBRENTEU,50.96,Brent spot price
2017-08-21,DCOILBRENTEU,51.94,Brent spot price
2017-08-22,DCOILBRENTEU,52.29,Brent spot price
2017-08-23,DCOILBRENTEU,52.31,Brent spot price
2017-08-24,DCOILBRENTEU,51.73,Brent spot price
2017-08-25,DCOILBRENTEU,51.87,Brent spot price
2017-08-28,DCOILBRENTEU,51.87,Brent spot price
2017-08-29,DCOILBRENTEU,51.64,Brent spot price
2017-08-30,DCOILBRENTEU,51.91,Brent spot price
2017-08-31,DCOILBRENTEU,52.69,Brent spot price
2017-09-01,DCOILBRENTEU,53.15,Brent spot price
2017-09-04,DCOILBRENTEU,52.6,Brent spot price
2017-09-05,DCOILBRENTEU,53.63,Brent spot price
2017-09-06,DCOILBRENTEU,54.48,Brent spot price
2017-09-07,DCOILBRENTEU,54.16,Brent spot price
2017-09-08,DCOILBRENTEU,54.55,Brent spot price
2017-09-11,DCOILBRENTEU,54.2,Brent spot price
2017-09-12,DCOILBRENTEU,55.06,Brent spot price
2017-09-13,DCOILBRENTEU,55.52,Brent spot price
2017-09-14,DCOILBRENTEU,56.76,Brent spot price
2017-09-15,DCOILBRENTEU,56.18,Brent spot price
2017-09-18,DCOILBRENTEU,55.5,Brent spot price
2017-09-19,DCOILBRENTEU,56.58,Brent spot price
2017-09-20,DCOILBRENTEU,57.2,Brent spot price
2017-09-21,DCOILBRENTEU,57.73,Brent spot price
2017-09-22,DCOILBRENTEU,58.16,Brent spot price
2017-09-25,DCOILBRENTEU,59.42,Brent spot price
2017-09-26,DCOILBRENTEU,59.77,Brent spot price
2017-09-27,DCOILBRENTEU,58.74,Brent spot price
2017-09-28,DCOILBRENTEU,58.8,Brent spot price
2017-09-29,DCOILBRENTEU,57.02,Brent spot price
2017-10-02,DCOILBRENTEU,55.67,Brent spot price
2017-10-03,DCOILBRENTEU,56.12,Brent spot price
2017-10-04,DCOILBRENTEU,56,Brent spot price
2017-10-05,DCOILBRENTEU,57.09,Brent spot price
2017-10-06,DCOILBRENTEU,55.5,Brent spot price
2017-10-09,DCOILBRENTEU,55.29,Brent spot price
2017-10-10,DCOILBRENTEU,56.62,Brent spot price
2017-10-11,DCOILBRENTEU,56.13,Brent spot price
2017-10-12,DCOILBRENTEU,56.13,Brent spot price
2017-10-13,DCOILBRENTEU,56.86,Brent spot price
2017-10-16,DCOILBRENTEU,57.49,Brent spot price
2017-10-17,DCOILBRENTEU,57.63,Brent spot price
2017-10-18,DCOILBRENTEU,58.05,Brent spot price
2017-10-19,DCOILBRENTEU,57.82,Brent spot price
2017-10-20,DCOILBRENTEU,57.89,Brent spot price
2017-10-23,DCOILBRENTEU,57.69,Brent spot price
2017-10-24,DCOILBRENTEU,57.84,Brent spot price
2017-10-25,DCOILBRENTEU,58.45,Brent spot price
2017-10-26,DCOILBRENTEU,58.75,Brent spot price
2017-10-27,DCOILBRENTEU,60.15,Brent spot price
2017-10-30,DCOILBRENTEU,60.65,Brent spot price
2017-10-31,DCOILBRENTEU,61.35,Brent spot price
2017-11-01,DCOILBRENTEU,60.98,Brent spot price
2017-11-02,DCOILBRENTEU,60.79,Brent spot price
2017-11-03,DCOILBRENTEU,61.42,Brent spot price
2017-11-06,DCOILBRENTEU,64.27,Brent spot price
2017-11-07,DCOILBRENTEU,64.36,Brent spot price
2017-11-08,DCOILBRENTEU,63.96,Brent spot price
2017-11-09,DCOILBRENTEU,64.49,Brent spot price
2017-11-10,DCOILBRENTEU,64.35,Brent spot price
2017-11-13,DCOILBRENTEU,62.94,Brent spot price
2017-11-14,DCOILBRENTEU,60.91,Brent spot price
2017-11-15,DCOILBRENTEU,61.25,Brent spot price
2017-11-16,DCOILBRENTEU,61.18,Brent spot price
2017-11-17,DCOILBRENTEU,61.34,Brent spot price
2017-11-20,DCOILBRENTEU,61.34,Brent spot price
2017-11-21,DCOILBRENTEU,62.28,Brent spot price
2017-11-22,DCOILBRENTEU,62.92,Brent spot price
2017-11-23,DCOILBRENTEU,63.27,Brent spot price
2017-11-24,DCOILBRENTEU,63.58,Brent spot price
2017-11-27,DCOILBRENTEU,63.25,Brent spot price
2017-11-28,DCOILBRENTEU,63.56,Brent spot price
2017-11-29,DCOILBRENTEU,63.74,Brent spot price
2017-11-30,DCOILBRENTEU,63.53,Brent spot price
2017-12-01,DCOILBRENTEU,64.57,Brent spot price
2017-12-04,DCOILBRENTEU,63.45,Brent spot price
2017-12-05,DCOILBRENTEU,63.45,Brent spot price
2017-12-06,DCOILBRENTEU,62.25,Brent spot price
2017-12-07,DCOILBRENTEU,62.37,Brent spot price
2017-12-08,DCOILBRENTEU,63.86,Brent spot price
2017-12-11,DCOILBRENTEU,65.62,Brent spot price
2017-12-12,DCOILBRENTEU,64.96,Brent spot price
2017-12-13,DCOILBRENTEU,63.66,Brent spot price
2017-12-14,DCOILBRENTEU,63.72,Brent spot price
2017-12-15,DCOILBRENTEU,63.81,Brent spot price
2017-12-18,DCOILBRENTEU,64.45,Brent spot price
2017-12-19,DCOILBRENTEU,63.69,Brent spot price
2017-12-20,DCOILBRENTEU,64.43,Brent spot price
2017-12-21,DCOILBRENTEU,64.64,Brent spot price
2017-12-22,DCOILBRENTEU,64.61,Brent spot price
2017-12-25,DCOILBRENTEU,,Brent spot price
2017-12-26,DCOILBRENTEU,,Brent spot price
2017-12-27,DCOILBRENTEU,66.03,Brent spot price
2017-12-28,DCOILBRENTEU,66.8,Brent spot price
2017-12-29,DCOILBRENTEU,66.73,Brent spot price
2018-01-01,DCOILBRENTEU,,Brent spot price
2018-01-02,DCOILBRENTEU,66.65,Brent spot price
2018-01-03,DCOILBRENTEU,67.85,Brent spot price
2018-01-04,DCOILBRENTEU,68.73,Brent spot price
2018-01-05,DCOILBRENTEU,68.01,Brent spot price
2018-01-08,DCOILBRENTEU,68.48,Brent spot price
2018-01-09,DCOILBRENTEU,69.08,Brent spot price
2018-01-10,DCOILBRENTEU,69.79,Brent spot price
2018-01-11,DCOILBRENTEU,70.36,Brent spot price
2018-01-12,DCOILBRENTEU,69.64,Brent spot price
2018-01-15,DCOILBRENTEU,70.31,Brent spot price
2018-01-16,DCOILBRENTEU,69.4,Brent spot price
2018-01-17,DCOILBRENTEU,69.19,Brent spot price
2018-01-18,DCOILBRENTEU,69.48,Brent spot price
2018-01-19,DCOILBRENTEU,68.56,Brent spot price
2018-01-22,DCOILBRENTEU,69.32,Brent spot price
2018-01-23,DCOILBRENTEU,69.81,Brent spot price
2018-01-24,DCOILBRENTEU,69.91,Brent spot price
2018-01-25,DCOILBRENTEU,71.08,Brent spot price
2018-01-26,DCOILBRENTEU,70.08,Brent spot price
2018-01-29,DCOILBRENTEU,68.41,Brent spot price
2018-01-30,DCOILBRENTEU,67.78,Brent spot price
2018-01-31,DCOILBRENTEU,67.78,Brent spot price
2018-02-01,DCOILBRENTEU,68.6,Brent spot price
2018-02-02,DCOILBRENTEU,67.45,Brent spot price
2018-02-05,DCOILBRENTEU,67.69,Brent spot price
2018-02-06,DCOILBRENTEU,66.75,Brent spot price
2018-02-07,DCOILBRENTEU,65.74,Brent spot price
2018-02-08,DCOILBRENTEU,64.26,Brent spot price
2018-02-09,DCOILBRENTEU,63.04,Brent spot price
2018-02-12,DCOILBRENTEU,62.2,Brent spot price
2018-02-13,DCOILBRENTEU,61.94,Brent spot price
2018-02-14,DCOILBRENTEU,62.29,Brent spot price
2018-02-15,DCOILBRENTEU,62.86,Brent spot price
2018-02-16,DCOILBRENTEU,64.3,Brent spot price
2018-02-19,DCOILBRENTEU,64.95,Brent spot price
2018-02-20,DCOILBRENTEU,64.68,Brent spot price
2018-02-21,DCOILBRENTEU,64.81,Brent spot price
2018-02-22,DCOILBRENTEU,66.12,Brent spot price
2018-02-23,DCOILBRENTEU,67.04,Brent spot price
2018-02-26,DCOILBRENTEU,67.96,Brent spot price
2018-02-27,DCOILBRENTEU,67.59,Brent spot price
2018-02-28,DCOILBRENTEU,66.08,Brent spot price
2018-03-01,DCOILBRENTEU,64.23,Brent spot price
2018-03-02,DCOILBRENTEU,64.26,Brent spot price
2018-03-05,DCOILBRENTEU,65.78,Brent spot price
2018-03-06,DCOILBRENTEU,65.67,Brent spot price
2018-03-07,DCOILBRENTEU,65.09,Brent spot price
2018-03-08,DCOILBRENTEU,63.87,Brent spot price
2018-03-09,DCOILBRENTEU,65.19,Brent spot price
2018-03-12,DCOILBRENTEU,64.53,Brent spot price
2018-03-13,DCOILBRENTEU,64.2,Brent spot price
2018-03-14,DCOILBRENTEU,63.61,Brent spot price
2018-03-15,DCOILBRENTEU,63.67,Brent spot price
2018-03-16,DCOILBRENTEU,64.68,Brent spot price
2018-03-19,DCOILBRENTEU,64.82,Brent spot price
2018-03-20,DCOILBRENTEU,66,Brent spot price
2018-03-21,DCOILBRENTEU,68.15,Brent spot price
2018-03-22,DCOILBRENTEU,68.98,Brent spot price
2018-03-23,DCOILBRENTEU,69.03,Brent spot price
2018-03-26,DCOILBRENTEU,68.81,Brent spot price
2018-03-27,DCOILBRENTEU,68.63,Brent spot price
2018-03-28,DCOILBRENTEU,68.13,Brent spot price
2018-03-29,DCOILBRENTEU,69.02,Brent spot price
2018-03-30,DCOILBRENTEU,,Brent spot price
2018-04-02,DCOILBRENTEU,,Brent spot price
2018-04-03,DCOILBRENTEU,69.02,Brent spot price
2018-04-04,DCOILBRENTEU,66.04,Brent spot price
2018-04-05,DCOILBRENTEU,66.54,Brent spot price
2018-04-06,DCOILBRENTEU,66.51,Brent spot price
2018-04-09,DCOILBRENTEU,68.19,Brent spot price
2018-04-10,DCOILBRENTEU,70.67,Brent spot price
2018-04-11,DCOILBRENTEU,72.74,Brent spot price
2018-04-12,DCOILBRENTEU,71.44,Brent spot price
2018-04-13,DCOILBRENTEU,73.18,Brent spot price
2018-04-16,DCOILBRENTEU,72.05,Brent spot price
2018-04-17,DCOILBRENTEU,71.71,Brent spot price
2018-04-18,DCOILBRENTEU,73.73,Brent spot price
2018-04-19,DCOILBRENTEU,74.85,Brent spot price
2018-04-20,DCOILBRENTEU,74.62,Brent spot price
2018-04-23,DCOILBRENTEU,74.54,Brent spot price
2018-04-24,DCOILBRENTEU,75.86,Brent spot price
2018-04-25,DCOILBRENTEU,73.79,Brent spot price
2018-04-26,DCOILBRENTEU,75.39,Brent spot price
2018-04-27,DCOILBRENTEU,75.33,Brent spot price
2018-04-30,DCOILBRENTEU,75.92,Brent spot price
2018-05-01,DCOILBRENTEU,74.85,Brent spot price
2018-05-02,DCOILBRENTEU,73.14,Brent spot price
2018-05-03,DCOILBRENTEU,73.45,Brent spot price
2018-05-04,DCOILBRENTEU,74.75,Brent spot price
2018-05-07,DCOILBRENTEU,,Brent spot price
2018-05-08,DCOILBRENTEU,74.16,Brent spot price
2018-05-09,DCOILBRENTEU,77.6,Brent spot price
2018-05-10,DCOILBRENTEU,77.59,Brent spot price
2018-05-11,DCOILBRENTEU,77.37,Brent spot price
2018-05-14,DCOILBRENTEU,78.17,Brent spot price
2018-05-15,DCOILBRENTEU,78.94,Brent spot price
2018-05-16,DCOILBRENTEU,78.19,Brent spot price
2018-05-17,DCOILBRENTEU,80.09,Brent spot price
2018-05-18,DCOILBRENTEU,78.38,Brent spot price
2018-05-21,DCOILBRENTEU,78.34,Brent spot price
2018-05-22,DCOILBRENTEU,80.42,Brent spot price
2018-05-23,DCOILBRENTEU,78.69,Brent spot price
2018-05-24,DCOILBRENTEU,78.9,Brent spot price
2018-05-25,DCOILBRENTEU,76.6,Brent spot price
2018-05-28,DCOILBRENTEU,,Brent spot price
2018-05-29,DCOILBRENTEU,74.51,Brent spot price
2018-05-30,DCOILBRENTEU,75.89,Brent spot price
2018-05-31,DCOILBRENTEU,76.45,Brent spot price
2018-06-01,DCOILBRENTEU,74.54,Brent spot price
2018-06-04,DCOILBRENTEU,73.41,Brent spot price
2018-06-05,DCOILBRENTEU,72.91,Brent spot price
2018-06-06,DCOILBRENTEU,73.23,Brent spot price
2018-06-07,DCOILBRENTEU,75.23,Brent spot price
2018-06-08,DCOILBRENTEU,75.11,Brent spot price
2018-06-11,DCOILBRENTEU,74.58,Brent spot price
2018-06-12,DCOILBRENTEU,74.86,Brent spot price
2018-06-13,DCOILBRENTEU,75.07,Brent spot price
2018-06-14,DCOILBRENTEU,74.77,Brent spot price
2018-06-15,DCOILBRENTEU,72.02,Brent spot price
2018-06-18,DCOILBRENTEU,74.87,Brent spot price
2018-06-19,DCOILBRENTEU,74.92,Brent spot price
2018-06-20,DCOILBRENTEU,74.25,Brent spot price
2018-06-21,DCOILBRENTEU,72.87,Brent spot price
2018-06-22,DCOILBRENTEU,73.67,Brent spot price
2018-06-25,DCOILBRENTEU,72.82,Brent spot price
2018-06-26,DCOILBRENTEU,73.58,Brent spot price
2018-06-27,DCOILBRENTEU,76.09,Brent spot price
2018-06-28,DCOILBRENTEU,76.26,Brent spot price
2018-06-29,DCOILBRENTEU,77.44,Brent spot price
2018-07-02,DCOILBRENTEU,76.71,Brent spot price
2018-07-03,DCOILBRENTEU,75.87,Brent spot price
2018-07-04,DCOILBRENTEU,76.99,Brent spot price
2018-07-05,DCOILBRENTEU,77.09,Brent spot price
2018-07-06,DCOILBRENTEU,74.98,Brent spot price
2018-07-09,DCOILBRENTEU,77.08,Brent spot price
2018-07-10,DCOILBRENTEU,77.8,Brent spot price
2018-07-11,DCOILBRENTEU,75.35,Brent spot price
2018-07-12,DCOILBRENTEU,72.11,Brent spot price
2018-07-13,DCOILBRENTEU,74.11,Brent spot price
2018-07-16,DCOILBRENTEU,71.03,Brent spot price
2018-07-17,DCOILBRENTEU,70.87,Brent spot price
2018-07-18,DCOILBRENTEU,70.52,Brent spot price
2018-07-19,DCOILBRENTEU,71.94,Brent spot price
2018-07-20,DCOILBRENTEU,71.99,Brent spot price
2018-07-23,DCOILBRENTEU,73.45,Brent spot price
2018-07-24,DCOILBRENTEU,73.53,Brent spot price
2018-07-25,DCOILBRENTEU,73.67,Brent spot price
2018-07-26,DCOILBRENTEU,74.51,Brent spot price
2018-07-27,DCOILBRENTEU,74.84,Brent spot price
2018-07-30,DCOILBRENTEU,74.99,Brent spot price
2018-07-31,DCOILBRENTEU,74.16,Brent spot price
2018-08-01,DCOILBRENTEU,72.28,Brent spot price
2018-08-02,DCOILBRENTEU,72.95,Brent spot price
2018-08-03,DCOILBRENTEU,72.48,Brent spot price
2018-08-06,DCOILBRENTEU,72.51,Brent spot price
2018-08-07,DCOILBRENTEU,72.31,Brent spot price
2018-08-08,DCOILBRENTEU,70.71,Brent spot price
2018-08-09,DCOILBRENTEU,70.55,Brent spot price
2018-08-10,DCOILBRENTEU,71,Brent spot price
2018-08-13,DCOILBRENTEU,70.62,Brent spot price
2018-08-14,DCOILBRENTEU,70.77,Brent spot price
2018-08-15,DCOILBRENTEU,68.38,Brent spot price
2018-08-16,DCOILBRENTEU,69.21,Brent spot price
2018-08-17,DCOILBRENTEU,70.14,Brent spot price
2018-08-20,DCOILBRENTEU,71.11,Brent spot price
2018-08-21,DCOILBRENTEU,71.65,Brent spot price
2018-08-22,DCOILBRENTEU,72.96,Brent spot price
2018-08-23,DCOILBRENTEU,73.73,Brent spot price
2018-08-24,DCOILBRENTEU,74.41,Brent spot price
2018-08-27,DCOILBRENTEU,74.41,Brent spot price
2018-08-28,DCOILBRENTEU,75.91,Brent spot price
2018-08-29,DCOILBRENTEU,76.07,Brent spot price
2018-08-30,DCOILBRENTEU,77.05,Brent spot price
2018-08-31,DCOILBRENTEU,76.94,Brent spot price
2018-09-03,DCOILBRENTEU,77.81,Brent spot price
2018-09-04,DCOILBRENTEU,77.51,Brent spot price
2018-09-05,DCOILBRENTEU,76.68,Brent spot price
2018-09-06,DCOILBRENTEU,75.67,Brent spot price
2018-09-07,DCOILBRENTEU,75.55,Brent spot price
2018-09-10,DCOILBRENTEU,76.77,Brent spot price
2018-09-11,DCOILBRENTEU,78.22,Brent spot price
2018-09-12,DCOILBRENTEU,80.02,Brent spot price
2018-09-13,DCOILBRENTEU,77.66,Brent spot price
2018-09-14,DCOILBRENTEU,77.87,Brent spot price
2018-09-17,DCOILBRENTEU,78.22,Brent spot price
2018-09-18,DCOILBRENTEU,79.25,Brent spot price
2018-09-19,DCOILBRENTEU,79.43,Brent spot price
2018-09-20,DCOILBRENTEU,79.03,Brent spot price
2018-09-21,DCOILBRENTEU,78.9,Brent spot price
2018-09-24,DCOILBRENTEU,80.89,Brent spot price
2018-09-25,DCOILBRENTEU,82.21,Brent spot price
2018-09-26,DCOILBRENTEU,81.87,Brent spot price
2018-09-27,DCOILBRENTEU,81.54,Brent spot price
2018-09-28,DCOILBRENTEU,82.72,Brent spot price
2018-10-01,DCOILBRENTEU,84.94,Brent spot price
2018-10-02,DCOILBRENTEU,85.63,Brent spot price
2018-10-03,DCOILBRENTEU,85.45,Brent spot price
2018-10-04,DCOILBRENTEU,86.07,Brent spot price
2018-10-05,DCOILBRENTEU,85.12,Brent spot price
2018-10-08,DCOILBRENTEU,84.22,Brent spot price
2018-10-09,DCOILBRENTEU,85.16,Brent spot price
2018-10-10,DCOILBRENTEU,83.82,Brent spot price
2018-10-11,DCOILBRENTEU,81.35,Brent spot price
2018-10-12,DCOILBRENTEU,80.71,Brent spot price
2018-10-15,DCOILBRENTEU,80.91,Brent spot price
2018-10-16,DCOILBRENTEU,80.53,Brent spot price
2018-10-17,DCOILBRENTEU,79.91,Brent spot price
2018-10-18,DCOILBRENTEU,80.3,Brent spot price
2018-10-19,DCOILBRENTEU,80.38,Brent spot price
2018-10-22,DCOILBRENTEU,80.45,Brent spot price
2018-10-23,DCOILBRENTEU,78.67,Brent spot price
2018-10-24,DCOILBRENTEU,77.34,Brent spot price
2018-10-25,DCOILBRENTEU,77.3,Brent spot price
2018-10-26,DCOILBRENTEU,77.4,Brent spot price
2018-10-29,DCOILBRENTEU,77.56,Brent spot price
2018-10-30,DCOILBRENTEU,75.68,Brent spot price
2018-10-31,DCOILBRENTEU,74.84,Brent spot price
2018-11-01,DCOILBRENTEU,71.25,Brent spot price
2018-11-02,DCOILBRENTEU,71.11,Brent spot price
2018-11-05,DCOILBRENTEU,72.68,Brent spot price
2018-11-06,DCOILBRENTEU,70.64,Brent spot price
2018-11-07,DCOILBRENTEU,70.1,Brent spot price
2018-11-08,DCOILBRENTEU,69.29,Brent spot price
2018-11-09,DCOILBRENTEU,69.01,Brent spot price
2018-11-12,DCOILBRENTEU,69.81,Brent spot price
2018-11-13,DCOILBRENTEU,65.45,Brent spot price
2018-11-14,DCOILBRENTEU,64.88,Brent spot price
2018-11-15,DCOILBRENTEU,65.61,Brent spot price
2018-11-16,DCOILBRENTEU,65.29,Brent spot price
2018-11-19,DCOILBRENTEU,64.14,Brent spot price
2018-11-20,DCOILBRENTEU,61.5,Brent spot price
2018-11-21,DCOILBRENTEU,61.65,Brent spot price
2018-11-22,DCOILBRENTEU,61.11,Brent spot price
2018-11-23,DCOILBRENTEU,57.69,Brent spot price
2018-11-26,DCOILBRENTEU,59.7,Brent spot price
2018-11-27,DCOILBRENTEU,59.58,Brent spot price
2018-11-28,DCOILBRENTEU,57.97,Brent spot price
2018-11-29,DCOILBRENTEU,58.29,Brent spot price
2018-11-30,DCOILBRENTEU,57.71,Brent spot price
2018-12-03,DCOILBRENTEU,60.17,Brent spot price
2018-12-04,DCOILBRENTEU,61.22,Brent spot price
2018-12-05,DCOILBRENTEU,61.4,Brent spot price
2018-12-06,DCOILBRENTEU,57.83,Brent spot price
2018-12-07,DCOILBRENTEU,61.71,Brent spot price
2018-12-10,DCOILBRENTEU,60.29,Brent spot price
2018-12-11,DCOILBRENTEU,59.73,Brent spot price
2018-12-12,DCOILBRENTEU,59.94,Brent spot price
2018-12-13,DCOILBRENTEU,59.03,Brent spot price
2018-12-14,DCOILBRENTEU,58.56,Brent spot price
2018-12-17,DCOILBRENTEU,57.59,Brent spot price
2018-12-18,DCOILBRENTEU,55.26,Brent spot price
2018-12-19,DCOILBRENTEU,55.6,Brent spot price
2018-12-20,DCOILBRENTEU,52.84,Brent spot price
2018-12-21,DCOILBRENTEU,51.93,Brent spot price
2018-12-24,DCOILBRENTEU,,Brent spot price
2018-12-25,DCOILBRENTEU,,Brent spot price
2018-12-26,DCOILBRENTEU,,Brent spot price
2018-12-27,DCOILBRENTEU,51.49,Brent spot price
2018-12-28,DCOILBRENTEU,50.57,Brent spot price
2018-12-31,DCOILBRENTEU,,Brent spot price
2019-01-01,DCOILBRENTEU,,Brent spot price
2019-01-02,DCOILBRENTEU,54.06,Brent spot price
2019-01-03,DCOILBRENTEU,53.23,Brent spot price
2019-01-04,DCOILBRENTEU,55.64,Brent spot price
2019-01-07,DCOILBRENTEU,57.1,Brent spot price
2019-01-08,DCOILBRENTEU,56.91,Brent spot price
2019-01-09,DCOILBRENTEU,59.46,Brent spot price
2019-01-10,DCOILBRENTEU,60.47,Brent spot price
2019-01-11,DCOILBRENTEU,59.24,Brent spot price
2019-01-14,DCOILBRENTEU,58.8,Brent spot price
2019-01-15,DCOILBRENTEU,58.65,Brent spot price
2019-01-16,DCOILBRENTEU,59.81,Brent spot price
2019-01-17,DCOILBRENTEU,59.85,Brent spot price
2019-01-18,DCOILBRENTEU,62.04,Brent spot price
2019-01-21,DCOILBRENTEU,62.18,Brent spot price
2019-01-22,DCOILBRENTEU,60.9,Brent spot price
2019-01-23,DCOILBRENTEU,61.05,Brent spot price
2019-01-24,DCOILBRENTEU,61.09,Brent spot price
2019-01-25,DCOILBRENTEU,61.49,Brent spot price
2019-01-28,DCOILBRENTEU,59.71,Brent spot price
2019-01-29,DCOILBRENTEU,60.98,Brent spot price
2019-01-30,DCOILBRENTEU,61.89,Brent spot price
2019-01-31,DCOILBRENTEU,62.46,Brent spot price
2019-02-01,DCOILBRENTEU,61.86,Brent spot price
2019-02-04,DCOILBRENTEU,62.26,Brent spot price
2019-02-05,DCOILBRENTEU,61.67,Brent spot price
2019-02-06,DCOILBRENTEU,62.22,Brent spot price
2019-02-07,DCOILBRENTEU,61.01,Brent spot price
2019-02-08,DCOILBRENTEU,61.37,Brent spot price
2019-02-11,DCOILBRENTEU,61.3,Brent spot price
2019-02-12,DCOILBRENTEU,62.58,Brent spot price
2019-02-13,DCOILBRENTEU,63.27,Brent spot price
2019-02-14,DCOILBRENTEU,64,Brent spot price
2019-02-15,DCOILBRENTEU,65.65,Brent spot price
2019-02-18,DCOILBRENTEU,66.41,Brent spot price
2019-02-19,DCOILBRENTEU,65.86,Brent spot price
2019-02-20,DCOILBRENTEU,66.82,Brent spot price
2019-02-21,DCOILBRENTEU,66.91,Brent spot price
2019-02-22,DCOILBRENTEU,66.91,Brent spot price
2019-02-25,DCOILBRENTEU,64.02,Brent spot price
2019-02-26,DCOILBRENTEU,64.51,Brent spot price
2019-02-27,DCOILBRENTEU,65.55,Brent spot price
2019-02-28,DCOILBRENTEU,65.03,Brent spot price
2019-03-01,DCOILBRENTEU,63.71,Brent spot price
2019-03-04,DCOILBRENTEU,64.44,Brent spot price
2019-03-05,DCOILBRENTEU,64.24,Brent spot price
2019-03-06,DCOILBRENTEU,64.51,Brent spot price
2019-03-07,DCOILBRENTEU,64.82,Brent spot price
2019-03-08,DCOILBRENTEU,65.66,Brent spot price
2019-03-11,DCOILBRENTEU,65.06,Brent spot price
2019-03-12,DCOILBRENTEU,65.33,Brent spot price
2019-03-13,DCOILBRENTEU,65.89,Brent spot price
2019-03-14,DCOILBRENTEU,66.18,Brent spot price
2019-03-15,DCOILBRENTEU,66.11,Brent spot price
2019-03-18,DCOILBRENTEU,66.65,Brent spot price
2019-03-19,DCOILBRENTEU,67.13,Brent spot price
2019-03-20,DCOILBRENTEU,68.35,Brent spot price
2019-03-21,DCOILBRENTEU,68.3,Brent spot price
2019-03-22,DCOILBRENTEU,66.29,Brent spot price
2019-03-25,DCOILBRENTEU,67.37,Brent spot price
2019-03-26,DCOILBRENTEU,67.51,Brent spot price
2019-03-27,DCOILBRENTEU,67.35,Brent spot price
2019-03-28,DCOILBRENTEU,66.08,Brent spot price
2019-03-29,DCOILBRENTEU,67.93,Brent spot price
2019-04-01,DCOILBRENTEU,69.08,Brent spot price
2019-04-02,DCOILBRENTEU,69.68,Brent spot price
2019-04-03,DCOILBRENTEU,69.21,Brent spot price
2019-04-04,DCOILBRENTEU,69.8,Brent spot price
2019-04-05,DCOILBRENTEU,69.93,Brent spot price
2019-04-08,DCOILBRENTEU,71.12,Brent spot price
2019-04-09,DCOILBRENTEU,71.02,Brent spot price
2019-04-10,DCOILBRENTEU,71.63,Brent spot price
2019-04-11,DCOILBRENTEU,71.3,Brent spot price
2019-04-12,DCOILBRENTEU,71.57,Brent spot price
2019-04-15,DCOILBRENTEU,70.9,Brent spot price
2019-04-16,DCOILBRENTEU,70.74,Brent spot price
2019-04-17,DCOILBRENTEU,71.14,Brent spot price
2019-04-18,DCOILBRENTEU,70.71,Brent spot price
2019-04-19,DCOILBRENTEU,,Brent spot price
2019-04-22,DCOILBRENTEU,70.71,Brent spot price
2019-04-23,DCOILBRENTEU,74.39,Brent spot price
2019-04-24,DCOILBRENTEU,73.59,Brent spot price
2019-04-25,DCOILBRENTEU,74.94,Brent spot price
2019-04-26,DCOILBRENTEU,71.03,Brent spot price
2019-04-29,DCOILBRENTEU,71.22,Brent spot price
2019-04-30,DCOILBRENTEU,72.19,Brent spot price
2019-05-01,DCOILBRENTEU,72.01,Brent spot price
2019-05-02,DCOILBRENTEU,70.56,Brent spot price
2019-05-03,DCOILBRENTEU,71.95,Brent spot price
2019-05-06,DCOILBRENTEU,71.95,Brent spot price
2019-05-07,DCOILBRENTEU,70.98,Brent spot price
2019-05-08,DCOILBRENTEU,71.09,Brent spot price
2019-05-09,DCOILBRENTEU,70.61,Brent spot price
2019-05-10,DCOILBRENTEU,71.63,Brent spot price
2019-05-13,DCOILBRENTEU,72.35,Brent spot price
2019-05-14,DCOILBRENTEU,72.53,Brent spot price
2019-05-15,DCOILBRENTEU,73.09,Brent spot price
2019-05-16,DCOILBRENTEU,74.7,Brent spot price
2019-05-17,DCOILBRENTEU,73.94,Brent spot price
2019-05-20,DCOILBRENTEU,73.21,Brent spot price
2019-05-21,DCOILBRENTEU,72.94,Brent spot price
2019-05-22,DCOILBRENTEU,71.94,Brent spot price
2019-05-23,DCOILBRENTEU,68.37,Brent spot price
2019-05-24,DCOILBRENTEU,67.98,Brent spot price
2019-05-27,DCOILBRENTEU,,Brent spot price
2019-05-28,DCOILBRENTEU,70.19,Brent spot price
2019-05-29,DCOILBRENTEU,70.64,Brent spot price
2019-05-30,DCOILBRENTEU,69.55,Brent spot price
2019-05-31,DCOILBRENTEU,66.78,Brent spot price
2019-06-03,DCOILBRENTEU,63.16,Brent spot price
2019-06-04,DCOILBRENTEU,63.56,Brent spot price
2019-06-05,DCOILBRENTEU,62.14,Brent spot price
2019-06-06,DCOILBRENTEU,62.77,Brent spot price
2019-06-07,DCOILBRENTEU,64.1,Brent spot price
2019-06-10,DCOILBRENTEU,64.31,Brent spot price
2019-06-11,DCOILBRENTEU,63.56,Brent spot price
2019-06-12,DCOILBRENTEU,61.66,Brent spot price
2019-06-13,DCOILBRENTEU,63.28,Brent spot price
2019-06-14,DCOILBRENTEU,63.13,Brent spot price
2019-06-17,DCOILBRENTEU,62.56,Brent spot price
2019-06-18,DCOILBRENTEU,63.35,Brent spot price
2019-06-19,DCOILBRENTEU,62.85,Brent spot price
2019-06-20,DCOILBRENTEU,65.44,Brent spot price
2019-06-21,DCOILBRENTEU,65.99,Brent spot price
2019-06-24,DCOILBRENTEU,65.16,Brent spot price
2019-06-25,DCOILBRENTEU,66.24,Brent spot price
2019-06-26,DCOILBRENTEU,66.85,Brent spot price
2019-06-27,DCOILBRENTEU,66.78,Brent spot price
2019-06-28,DCOILBRENTEU,67.52,Brent spot price
2019-07-01,DCOILBRENTEU,65.1,Brent spot price
2019-07-02,DCOILBRENTEU,62.72,Brent spot price
2019-07-03,DCOILBRENTEU,63.53,Brent spot price
2019-07-04,DCOILBRENTEU,63.62,Brent spot price
2019-07-05,DCOILBRENTEU,64.23,Brent spot price
2019-07-08,DCOILBRENTEU,64.89,Brent spot price
2019-07-09,DCOILBRENTEU,64.3,Brent spot price
2019-07-10,DCOILBRENTEU,66.41,Brent spot price
2019-07-11,DCOILBRENTEU,67.64,Brent spot price
2019-07-12,DCOILBRENTEU,66.65,Brent spot price
2019-07-15,DCOILBRENTEU,66.86,Brent spot price
2019-07-16,DCOILBRENTEU,65.87,Brent spot price
2019-07-17,DCOILBRENTEU,63.67,Brent spot price
2019-07-18,DCOILBRENTEU,60.7,Brent spot price
2019-07-19,DCOILBRENTEU,61.04,Brent spot price
2019-07-22,DCOILBRENTEU,61.96,Brent spot price
2019-07-23,DCOILBRENTEU,62.28,Brent spot price
2019-07-24,DCOILBRENTEU,63.83,Brent spot price
2019-07-25,DCOILBRENTEU,63.47,Brent spot price
2019-07-26,DCOILBRENTEU,62.46,Brent spot price
2019-07-29,DCOILBRENTEU,62.29,Brent spot price
2019-07-30,DCOILBRENTEU,62.55,Brent spot price
2019-07-31,DCOILBRENTEU,64.07,Brent spot price
2019-08-01,DCOILBRENTEU,62.9,Brent spot price
2019-08-02,DCOILBRENTEU,61.12,Brent spot price
2019-08-05,DCOILBRENTEU,59.32,Brent spot price
2019-08-06,DCOILBRENTEU,58.63,Brent spot price
2019-08-07,DCOILBRENTEU,55.03,Brent spot price
2019-08-08,DCOILBRENTEU,56.29,Brent spot price
2019-08-09,DCOILBRENTEU,57.37,Brent spot price
2019-08-12,DCOILBRENTEU,57.13,Brent spot price
2019-08-13,DCOILBRENTEU,59.9,Brent spot price
2019-08-14,DCOILBRENTEU,57.86,Brent spot price
2019-08-15,DCOILBRENTEU,57.37,Brent spot price
2019-08-16,DCOILBRENTEU,59,Brent spot price
2019-08-19,DCOILBRENTEU,59.79,Brent spot price
2019-08-20,DCOILBRENTEU,59.03,Brent spot price
2019-08-21,DCOILBRENTEU,60.6,Brent spot price
2019-08-22,DCOILBRENTEU,59.81,Brent spot price
2019-08-23,DCOILBRENTEU,58.64,Brent spot price
2019-08-26,DCOILBRENTEU,58.64,Brent spot price
2019-08-27,DCOILBRENTEU,58.44,Brent spot price
2019-08-28,DCOILBRENTEU,60.42,Brent spot price
2019-08-29,DCOILBRENTEU,60.59,Brent spot price
2019-08-30,DCOILBRENTEU,61.04,Brent spot price
2019-09-02,DCOILBRENTEU,58.55,Brent spot price
2019-09-03,DCOILBRENTEU,57.93,Brent spot price
2019-09-04,DCOILBRENTEU,60.68,Brent spot price
2019-09-05,DCOILBRENTEU,62.7,Brent spot price
2019-09-06,DCOILBRENTEU,61.28,Brent spot price
2019-09-09,DCOILBRENTEU,63.99,Brent spot price
2019-09-10,DCOILBRENTEU,64.67,Brent spot price
2019-09-11,DCOILBRENTEU,63.02,Brent spot price
2019-09-12,DCOILBRENTEU,60.76,Brent spot price
2019-09-13,DCOILBRENTEU,61.25,Brent spot price
2019-09-16,DCOILBRENTEU,68.42,Brent spot price
2019-09-17,DCOILBRENTEU,65.59,Brent spot price
2019-09-18,DCOILBRENTEU,64.29,Brent spot price
2019-09-19,DCOILBRENTEU,64.25,Brent spot price
2019-09-20,DCOILBRENTEU,65.23,Brent spot price
2019-09-23,DCOILBRENTEU,64.66,Brent spot price
2019-09-24,DCOILBRENTEU,64.13,Brent spot price
2019-09-25,DCOILBRENTEU,62.41,Brent spot price
2019-09-26,DCOILBRENTEU,62.08,Brent spot price
2019-09-27,DCOILBRENTEU,62.48,Brent spot price
2019-09-30,DCOILBRENTEU,60.99,Brent spot price
2019-10-01,DCOILBRENTEU,60.06,Brent spot price
2019-10-02,DCOILBRENTEU,57.92,Brent spot price
2019-10-03,DCOILBRENTEU,58.01,Brent spot price
2019-10-04,DCOILBRENTEU,59.13,Brent spot price
2019-10-07,DCOILBRENTEU,59.46,Brent spot price
2019-10-08,DCOILBRENTEU,58.14,Brent spot price
2019-10-09,DCOILBRENTEU,59.7,Brent spot price
2019-10-10,DCOILBRENTEU,59.08,Brent spot price
2019-10-11,DCOILBRENTEU,60.59,Brent spot price
2019-10-14,DCOILBRENTEU,58.81,Brent spot price
2019-10-15,DCOILBRENTEU,59.19,Brent spot price
2019-10-16,DCOILBRENTEU,59.3,Brent spot price
2019-10-17,DCOILBRENTEU,59.35,Brent spot price
2019-10-18,DCOILBRENTEU,59.96,Brent spot price
2019-10-21,DCOILBRENTEU,58.95,Brent spot price
2019-10-22,DCOILBRENTEU,60.5,Brent spot price
2019-10-23,DCOILBRENTEU,60.52,Brent spot price
2019-10-24,DCOILBRENTEU,61.71,Brent spot price
2019-10-25,DCOILBRENTEU,62.06,Brent spot price
2019-10-28,DCOILBRENTEU,60.39,Brent spot price
2019-10-29,DCOILBRENTEU,61.05,Brent spot price
2019-10-30,DCOILBRENTEU,60.22,Brent spot price
2019-10-31,DCOILBRENTEU,59.3,Brent spot price
2019-11-01,DCOILBRENTEU,60.17,Brent spot price
2019-11-04,DCOILBRENTEU,62.52,Brent spot price
2019-11-05,DCOILBRENTEU,62.72,Brent spot price
2019-11-06,DCOILBRENTEU,62.11,Brent spot price
2019-11-07,DCOILBRENTEU,62.6,Brent spot price
2019-11-08,DCOILBRENTEU,62,Brent spot price
2019-11-11,DCOILBRENTEU,62.58,Brent spot price
2019-11-12,DCOILBRENTEU,62.19,Brent spot price
2019-11-13,DCOILBRENTEU,62.27,Brent spot price
2019-11-14,DCOILBRENTEU,62.46,Brent spot price
2019-11-15,DCOILBRENTEU,63.32,Brent spot price
2019-11-18,DCOILBRENTEU,62.82,Brent spot price
2019-11-19,DCOILBRENTEU,62.37,Brent spot price
2019-11-20,DCOILBRENTEU,63.8,Brent spot price
2019-11-21,DCOILBRENTEU,64.99,Brent spot price
2019-11-22,DCOILBRENTEU,64.83,Brent spot price
2019-11-25,DCOILBRENTEU,64.67,Brent spot price
2019-11-26,DCOILBRENTEU,64.82,Brent spot price
2019-11-27,DCOILBRENTEU,65.03,Brent spot price
2019-11-28,DCOILBRENTEU,64.68,Brent spot price
2019-11-29,DCOILBRENTEU,64.5,Brent spot price
2019-12-02,DCOILBRENTEU,63.2,Brent spot price
2019-12-03,DCOILBRENTEU,62.95,Brent spot price
2019-12-04,DCOILBRENTEU,65.25,Brent spot price
2019-12-05,DCOILBRENTEU,65.67,Brent spot price
2019-12-06,DCOILBRENTEU,66.5,Brent spot price
2019-12-09,DCOILBRENTEU,66.44,Brent spot price
2019-12-10,DCOILBRENTEU,66.57,Brent spot price
2019-12-11,DCOILBRENTEU,65.37,Brent spot price
2019-12-12,DCOILBRENTEU,66.67,Brent spot price
2019-12-13,DCOILBRENTEU,67.44,Brent spot price
2019-12-16,DCOILBRENTEU,68.04,Brent spot price
2019-12-17,DCOILBRENTEU,68.99,Brent spot price
2019-12-18,DCOILBRENTEU,69.12,Brent spot price
2019-12-19,DCOILBRENTEU,69.7,Brent spot price
2019-12-20,DCOILBRENTEU,68.66,Brent spot price
2019-12-23,DCOILBRENTEU,67.49,Brent spot price
2019-12-24,DCOILBRENTEU,69.26,Brent spot price
2019-12-25,DCOILBRENTEU,,Brent spot price
2019-12-26,DCOILBRENTEU,69.26,Brent spot price
2019-12-27,DCOILBRENTEU,68.91,Brent spot price
2019-12-30,DCOILBRENTEU,68.3,Brent spot price
2019-12-31,DCOILBRENTEU,67.77,Brent spot price
2020-01-01,DCOILBRENTEU,,Brent spot price
2020-01-02,DCOILBRENTEU,67.05,Brent spot price
2020-01-03,DCOILBRENTEU,69.08,Brent spot price
2020-01-06,DCOILBRENTEU,70.25,Brent spot price
2020-01-07,DCOILBRENTEU,68.74,Brent spot price
2020-01-08,DCOILBRENTEU,67.31,Brent spot price
2020-01-09,DCOILBRENTEU,66.58,Brent spot price
2020-01-10,DCOILBRENTEU,66.77,Brent spot price
2020-01-13,DCOILBRENTEU,64.14,Brent spot price
2020-01-14,DCOILBRENTEU,64.45,Brent spot price
2020-01-15,DCOILBRENTEU,63.29,Brent spot price
2020-01-16,DCOILBRENTEU,64.63,Brent spot price
2020-01-17,DCOILBRENTEU,64.05,Brent spot price
2020-01-20,DCOILBRENTEU,64.63,Brent spot price
2020-01-21,DCOILBRENTEU,63.66,Brent spot price
2020-01-22,DCOILBRENTEU,62.11,Brent spot price
2020-01-23,DCOILBRENTEU,61.26,Brent spot price
2020-01-24,DCOILBRENTEU,59.34,Brent spot price
2020-01-27,DCOILBRENTEU,58.54,Brent spot price
2020-01-28,DCOILBRENTEU,59.37,Brent spot price
2020-01-29,DCOILBRENTEU,59.46,Brent spot price
2020-01-30,DCOILBRENTEU,57.72,Brent spot price
2020-01-31,DCOILBRENTEU,57.77,Brent spot price
2020-02-03,DCOILBRENTEU,54,Brent spot price
2020-02-04,DCOILBRENTEU,53.9,Brent spot price
2020-02-05,DCOILBRENTEU,55.36,Brent spot price
2020-02-06,DCOILBRENTEU,55.18,Brent spot price
2020-02-07,DCOILBRENTEU,54.53,Brent spot price
2020-02-10,DCOILBRENTEU,53.39,Brent spot price
2020-02-11,DCOILBRENTEU,54,Brent spot price
2020-02-12,DCOILBRENTEU,55.54,Brent spot price
2020-02-13,DCOILBRENTEU,56.34,Brent spot price
2020-02-14,DCOILBRENTEU,57.37,Brent spot price
2020-02-17,DCOILBRENTEU,57.83,Brent spot price
2020-02-18,DCOILBRENTEU,57.35,Brent spot price
2020-02-19,DCOILBRENTEU,59.72,Brent spot price
2020-02-20,DCOILBRENTEU,59.57,Brent spot price
2020-02-21,DCOILBRENTEU,58.6,Brent spot price
2020-02-24,DCOILBRENTEU,56.71,Brent spot price
2020-02-25,DCOILBRENTEU,55.29,Brent spot price
2020-02-26,DCOILBRENTEU,54.96,Brent spot price
2020-02-27,DCOILBRENTEU,52.19,Brent spot price
2020-02-28,DCOILBRENTEU,51.31,Brent spot price
2020-03-02,DCOILBRENTEU,52.52,Brent spot price
2020-03-03,DCOILBRENTEU,52.24,Brent spot price
2020-03-04,DCOILBRENTEU,51.86,Brent spot price
2020-03-05,DCOILBRENTEU,51.29,Brent spot price
2020-03-06,DCOILBRENTEU,45.6,Brent spot price
2020-03-09,DCOILBRENTEU,35.33,Brent spot price
2020-03-10,DCOILBRENTEU,35.57,Brent spot price
2020-03-11,DCOILBRENTEU,34.45,Brent spot price
2020-03-12,DCOILBRENTEU,31.02,Brent spot price
2020-03-13,DCOILBRENTEU,32.25,Brent spot price
2020-03-16,DCOILBRENTEU,27.98,Brent spot price
2020-03-17,DCOILBRENTEU,27.97,Brent spot price
2020-03-18,DCOILBRENTEU,22.79,Brent spot price
2020-03-19,DCOILBRENTEU,23.98,Brent spot price
2020-03-20,DCOILBRENTEU,25.55,Brent spot price
2020-03-23,DCOILBRENTEU,23.75,Brent spot price
2020-03-24,DCOILBRENTEU,24.5,Brent spot price
2020-03-25,DCOILBRENTEU,25.62,Brent spot price
2020-03-26,DCOILBRENTEU,23.55,Brent spot price
2020-03-27,DCOILBRENTEU,22.39,Brent spot price
2020-03-30,DCOILBRENTEU,19.19,Brent spot price
2020-03-31,DCOILBRENTEU,14.85,Brent spot price
2020-04-01,DCOILBRENTEU,14.97,Brent spot price
2020-04-02,DCOILBRENTEU,20.24,Brent spot price
2020-04-03,DCOILBRENTEU,24.33,Brent spot price
2020-04-06,DCOILBRENTEU,22.58,Brent spot price
2020-04-07,DCOILBRENTEU,22.1,Brent spot price
2020-04-08,DCOILBRENTEU,25.22,Brent spot price
2020-04-09,DCOILBRENTEU,20.23,Brent spot price
2020-04-10,DCOILBRENTEU,,Brent spot price
2020-04-13,DCOILBRENTEU,,Brent spot price
2020-04-14,DCOILBRENTEU,21.74,Brent spot price
2020-04-15,DCOILBRENTEU,19.8,Brent spot price
2020-04-16,DCOILBRENTEU,18.69,Brent spot price
2020-04-17,DCOILBRENTEU,19.75,Brent spot price
2020-04-20,DCOILBRENTEU,17.36,Brent spot price
2020-04-21,DCOILBRENTEU,9.12,Brent spot price
2020-04-22,DCOILBRENTEU,13.77,Brent spot price
2020-04-23,DCOILBRENTEU,15.06,Brent spot price
2020-04-24,DCOILBRENTEU,15.87,Brent spot price
2020-04-27,DCOILBRENTEU,15.17,Brent spot price
2020-04-28,DCOILBRENTEU,15.6,Brent spot price
2020-04-29,DCOILBRENTEU,17.86,Brent spot price
2020-04-30,DCOILBRENTEU,18.11,Brent spot price
2020-05-01,DCOILBRENTEU,18.49,Brent spot price
2020-05-04,DCOILBRENTEU,20.4,Brent spot price
2020-05-05,DCOILBRENTEU,25.46,Brent spot price
2020-05-06,DCOILBRENTEU,24.2,Brent spot price
2020-05-07,DCOILBRENTEU,24.23,Brent spot price
2020-05-08,DCOILBRENTEU,,Brent spot price
2020-05-11,DCOILBRENTEU,25.53,Brent spot price
2020-05-12,DCOILBRENTEU,26.67,Brent spot price
2020-05-13,DCOILBRENTEU,27.89,Brent spot price
2020-05-14,DCOILBRENTEU,29.87,Brent spot price
2020-05-15,DCOILBRENTEU,30.95,Brent spot price
2020-05-18,DCOILBRENTEU,33.3,Brent spot price
2020-05-19,DCOILBRENTEU,33.06,Brent spot price
2020-05-20,DCOILBRENTEU,34.76,Brent spot price
2020-05-21,DCOILBRENTEU,34.78,Brent spot price
2020-05-22,DCOILBRENTEU,33.8,Brent spot price
2020-05-25,DCOILBRENTEU,,Brent spot price
2020-05-26,DCOILBRENTEU,33.95,Brent spot price
2020-05-27,DCOILBRENTEU,32.73,Brent spot price
2020-05-28,DCOILBRENTEU,33.98,Brent spot price
2020-05-29,DCOILBRENTEU,34.15,Brent spot price
2020-06-01,DCOILBRENTEU,36.74,Brent spot price
2020-06-02,DCOILBRENTEU,37.72,Brent spot price
2020-06-03,DCOILBRENTEU,37.98,Brent spot price
2020-06-04,DCOILBRENTEU,38.41,Brent spot price
2020-06-05,DCOILBRENTEU,41,Brent spot price
2020-06-08,DCOILBRENTEU,39.66,Brent spot price
2020-06-09,DCOILBRENTEU,40.45,Brent spot price
2020-06-10,DCOILBRENTEU,41.18,Brent spot price
2020-06-11,DCOILBRENTEU,37.76,Brent spot price
2020-06-12,DCOILBRENTEU,38.54,Brent spot price
2020-06-15,DCOILBRENTEU,39.44,Brent spot price
2020-06-16,DCOILBRENTEU,40.75,Brent spot price
2020-06-17,DCOILBRENTEU,40.47,Brent spot price
2020-06-18,DCOILBRENTEU,41.75,Brent spot price
2020-06-19,DCOILBRENTEU,42.33,Brent spot price
2020-06-22,DCOILBRENTEU,43.2,Brent spot price
2020-06-23,DCOILBRENTEU,42.72,Brent spot price
2020-06-24,DCOILBRENTEU,40.4,Brent spot price
2020-06-25,DCOILBRENTEU,41.18,Brent spot price
2020-06-26,DCOILBRENTEU,40.97,Brent spot price
2020-06-29,DCOILBRENTEU,41.58,Brent spot price
2020-06-30,DCOILBRENTEU,41.64,Brent spot price
2020-07-01,DCOILBRENTEU,42.18,Brent spot price
2020-07-02,DCOILBRENTEU,43.19,Brent spot price
2020-07-03,DCOILBRENTEU,42.92,Brent spot price
2020-07-06,DCOILBRENTEU,42.73,Brent spot price
2020-07-07,DCOILBRENTEU,43.28,Brent spot price
2020-07-08,DCOILBRENTEU,43.67,Brent spot price
2020-07-09,DCOILBRENTEU,42.35,Brent spot price
2020-07-10,DCOILBRENTEU,43.27,Brent spot price
2020-07-13,DCOILBRENTEU,42.85,Brent spot price
2020-07-14,DCOILBRENTEU,42.97,Brent spot price
2020-07-15,DCOILBRENTEU,43.96,Brent spot price
2020-07-16,DCOILBRENTEU,43.71,Brent spot price
2020-07-17,DCOILBRENTEU,43.53,Brent spot price
2020-07-20,DCOILBRENTEU,43.3,Brent spot price
2020-07-21,DCOILBRENTEU,44.31,Brent spot price
2020-07-22,DCOILBRENTEU,43.98,Brent spot price
2020-07-23,DCOILBRENTEU,42.96,Brent spot price
2020-07-24,DCOILBRENTEU,43.29,Brent spot price
2020-07-27,DCOILBRENTEU,43.39,Brent spot price
2020-07-28,DCOILBRENTEU,43.11,Brent spot price
2020-07-29,DCOILBRENTEU,43.51,Brent spot price
2020-07-30,DCOILBRENTEU,42.98,Brent spot price
2020-07-31,DCOILBRENTEU,43.13,Brent spot price
2020-08-03,DCOILBRENTEU,43.76,Brent spot price
2020-08-04,DCOILBRENTEU,43.99,Brent spot price
2020-08-05,DCOILBRENTEU,44.92,Brent spot price
2020-08-06,DCOILBRENTEU,45.04,Brent spot price
2020-08-07,DCOILBRENTEU,44.07,Brent spot price
2020-08-10,DCOILBRENTEU,44.19,Brent spot price
2020-08-11,DCOILBRENTEU,43.68,Brent spot price
2020-08-12,DCOILBRENTEU,45.09,Brent spot price
2020-08-13,DCOILBRENTEU,44.87,Brent spot price
2020-08-14,DCOILBRENTEU,44.86,Brent spot price
2020-08-17,DCOILBRENTEU,44.91,Brent spot price
2020-08-18,DCOILBRENTEU,45.34,Brent spot price
2020-08-19,DCOILBRENTEU,45.21,Brent spot price
2020-08-20,DCOILBRENTEU,44.56,Brent spot price
2020-08-21,DCOILBRENTEU,43.94,Brent spot price
2020-08-24,DCOILBRENTEU,44.43,Brent spot price
2020-08-25,DCOILBRENTEU,46.01,Brent spot price
2020-08-26,DCOILBRENTEU,45.79,Brent spot price
2020-08-27,DCOILBRENTEU,44.84,Brent spot price
2020-08-28,DCOILBRENTEU,45.22,Brent spot price
2020-08-31,DCOILBRENTEU,,Brent spot price
2020-09-01,DCOILBRENTEU,45.72,Brent spot price
2020-09-02,DCOILBRENTEU,42.7,Brent spot price
2020-09-03,DCOILBRENTEU,42.72,Brent spot price
2020-09-04,DCOILBRENTEU,41.1,Brent spot price
2020-09-07,DCOILBRENTEU,40.67,Brent spot price
2020-09-08,DCOILBRENTEU,38.53,Brent spot price
2020-09-09,DCOILBRENTEU,39.98,Brent spot price
2020-09-10,DCOILBRENTEU,39.27,Brent spot price
2020-09-11,DCOILBRENTEU,38.8,Brent spot price
2020-09-14,DCOILBRENTEU,38.57,Brent spot price
2020-09-15,DCOILBRENTEU,39.54,Brent spot price
2020-09-16,DCOILBRENTEU,41.23,Brent spot price
2020-09-17,DCOILBRENTEU,42.35,Brent spot price
2020-09-18,DCOILBRENTEU,42.16,Brent spot price
2020-09-21,DCOILBRENTEU,40.37,Brent spot price
2020-09-22,DCOILBRENTEU,40.84,Brent spot price
2020-09-23,DCOILBRENTEU,41.09,Brent spot price
2020-09-24,DCOILBRENTEU,41.24,Brent spot price
2020-09-25,DCOILBRENTEU,40.91,Brent spot price
2020-09-28,DCOILBRENTEU,41.59,Brent spot price
2020-09-29,DCOILBRENTEU,40.33,Brent spot price
2020-09-30,DCOILBRENTEU,40.3,Brent spot price
2020-10-01,DCOILBRENTEU,39.75,Brent spot price
2020-10-02,DCOILBRENTEU,38,Brent spot price
2020-10-05,DCOILBRENTEU,39.78,Brent spot price
2020-10-06,DCOILBRENTEU,41.27,Brent spot price
2020-10-07,DCOILBRENTEU,40.62,Brent spot price
2020-10-08,DCOILBRENTEU,42,Brent spot price
2020-10-09,DCOILBRENTEU,41.63,Brent spot price
2020-10-12,DCOILBRENTEU,40.5,Brent spot price
2020-10-13,DCOILBRENTEU,41.34,Brent spot price
2020-10-14,DCOILBRENTEU,41.81,Brent spot price
2020-10-15,DCOILBRENTEU,41.61,Brent spot price
2020-10-16,DCOILBRENTEU,41.34,Brent spot price
2020-10-19,DCOILBRENTEU,41.29,Brent spot price
2020-10-20,DCOILBRENTEU,41.62,Brent spot price
2020-10-21,DCOILBRENTEU,40.09,Brent spot price
2020-10-22,DCOILBRENTEU,41.28,Brent spot price
2020-10-23,DCOILBRENTEU,40.71,Brent spot price
2020-10-26,DCOILBRENTEU,39.06,Brent spot price
2020-10-27,DCOILBRENTEU,39.72,Brent spot price
2020-10-28,DCOILBRENTEU,37.86,Brent spot price
2020-10-29,DCOILBRENTEU,36.56,Brent spot price
2020-10-30,DCOILBRENTEU,36.33,Brent spot price
2020-11-02,DCOILBRENTEU,37.78,Brent spot price
2020-11-03,DCOILBRENTEU,38.17,Brent spot price
2020-11-04,DCOILBRENTEU,39.68,Brent spot price
2020-11-05,DCOILBRENTEU,39.47,Brent spot price
2020-11-06,DCOILBRENTEU,38.08,Brent spot price
2020-11-09,DCOILBRENTEU,40.93,Brent spot price
2020-11-10,DCOILBRENTEU,42.25,Brent spot price
2020-11-11,DCOILBRENTEU,42.5,Brent spot price
2020-11-12,DCOILBRENTEU,42.16,Brent spot price
2020-11-13,DCOILBRENTEU,41.51,Brent spot price
2020-11-16,DCOILBRENTEU,42.71,Brent spot price
2020-11-17,DCOILBRENTEU,42.54,Brent spot price
2020-11-18,DCOILBRENTEU,42.91,Brent spot price
2020-11-19,DCOILBRENTEU,43.09,Brent spot price
2020-11-20,DCOILBRENTEU,43.79,Brent spot price
2020-11-23,DCOILBRENTEU,45,Brent spot price
2020-11-24,DCOILBRENTEU,46.63,Brent spot price
2020-11-25,DCOILBRENTEU,47.3,Brent spot price
2020-11-26,DCOILBRENTEU,46.32,Brent spot price
2020-11-27,DCOILBRENTEU,46.88,Brent spot price
2020-11-30,DCOILBRENTEU,46.84,Brent spot price
2020-12-01,DCOILBRENTEU,47.03,Brent spot price
2020-12-02,DCOILBRENTEU,47.8,Brent spot price
2020-12-03,DCOILBRENTEU,48.37,Brent spot price
2020-12-04,DCOILBRENTEU,49.1,Brent spot price
2020-12-07,DCOILBRENTEU,48.63,Brent spot price
2020-12-08,DCOILBRENTEU,48.84,Brent spot price
2020-12-09,DCOILBRENTEU,48.81,Brent spot price
2020-12-10,DCOILBRENTEU,50.33,Brent spot price
2020-12-11,DCOILBRENTEU,50.01,Brent spot price
2020-12-14,DCOILBRENTEU,50.27,Brent spot price
2020-12-15,DCOILBRENTEU,50.77,Brent spot price
2020-12-16,DCOILBRENTEU,50.83,Brent spot price
2020-12-17,DCOILBRENTEU,51.2,Brent spot price
2020-12-18,DCOILBRENTEU,52.17,Brent spot price
2020-12-21,DCOILBRENTEU,50.61,Brent spot price
2020-12-22,DCOILBRENTEU,49.88,Brent spot price
2020-12-23,DCOILBRENTEU,51.05,Brent spot price
2020-12-24,DCOILBRENTEU,50.88,Brent spot price
2020-12-25,DCOILBRENTEU,,Brent spot price
2020-12-28,DCOILBRENTEU,50.88,Brent spot price
2020-12-29,DCOILBRENTEU,50.44,Brent spot price
2020-12-30,DCOILBRENTEU,50.74,Brent spot price
2020-12-31,DCOILBRENTEU,51.22,Brent spot price
2021-01-01,DCOILBRENTEU,,Brent spot price
2021-01-04,DCOILBRENTEU,50.37,Brent spot price
2021-01-05,DCOILBRENTEU,53.16,Brent spot price
2021-01-06,DCOILBRENTEU,53.8,Brent spot price
2021-01-07,DCOILBRENTEU,53.7,Brent spot price
2021-01-08,DCOILBRENTEU,55.51,Brent spot price
2021-01-11,DCOILBRENTEU,54.84,Brent spot price
2021-01-12,DCOILBRENTEU,55.98,Brent spot price
2021-01-13,DCOILBRENTEU,55.52,Brent spot price
2021-01-14,DCOILBRENTEU,55.76,Brent spot price
2021-01-15,DCOILBRENTEU,54.8,Brent spot price
2021-01-18,DCOILBRENTEU,54.21,Brent spot price
2021-01-19,DCOILBRENTEU,55.38,Brent spot price
2021-01-20,DCOILBRENTEU,55.66,Brent spot price
2021-01-21,DCOILBRENTEU,55.68,Brent spot price
2021-01-22,DCOILBRENTEU,55.22,Brent spot price
2021-01-25,DCOILBRENTEU,55.44,Brent spot price
2021-01-26,DCOILBRENTEU,55.26,Brent spot price
2021-01-27,DCOILBRENTEU,55.07,Brent spot price
2021-01-28,DCOILBRENTEU,54.87,Brent spot price
2021-01-29,DCOILBRENTEU,55.25,Brent spot price
2021-02-01,DCOILBRENTEU,56.42,Brent spot price
2021-02-02,DCOILBRENTEU,57.62,Brent spot price
2021-02-03,DCOILBRENTEU,58.61,Brent spot price
2021-02-04,DCOILBRENTEU,58.98,Brent spot price
2021-02-05,DCOILBRENTEU,59.48,Brent spot price
2021-02-08,DCOILBRENTEU,60.17,Brent spot price
2021-02-09,DCOILBRENTEU,60.74,Brent spot price
2021-02-10,DCOILBRENTEU,61.17,Brent spot price
2021-02-11,DCOILBRENTEU,61.09,Brent spot price
2021-02-12,DCOILBRENTEU,62.47,Brent spot price
2021-02-15,DCOILBRENTEU,63.58,Brent spot price
2021-02-16,DCOILBRENTEU,63.96,Brent spot price
2021-02-17,DCOILBRENTEU,65.02,Brent spot price
2021-02-18,DCOILBRENTEU,64.09,Brent spot price
2021-02-19,DCOILBRENTEU,62.84,Brent spot price
2021-02-22,DCOILBRENTEU,64.73,Brent spot price
2021-02-23,DCOILBRENTEU,65.16,Brent spot price
2021-02-24,DCOILBRENTEU,66.85,Brent spot price
2021-02-25,DCOILBRENTEU,66.69,Brent spot price
2021-02-26,DCOILBRENTEU,65.86,Brent spot price
2021-03-01,DCOILBRENTEU,64.56,Brent spot price
2021-03-02,DCOILBRENTEU,63.17,Brent spot price
2021-03-03,DCOILBRENTEU,64.7,Brent spot price
2021-03-04,DCOILBRENTEU,67.32,Brent spot price
2021-03-05,DCOILBRENTEU,69.95,Brent spot price
2021-03-08,DCOILBRENTEU,68,Brent spot price
2021-03-09,DCOILBRENTEU,67.03,Brent spot price
2021-03-10,DCOILBRENTEU,67.53,Brent spot price
2021-03-11,DCOILBRENTEU,69.34,Brent spot price
2021-03-12,DCOILBRENTEU,68.87,Brent spot price
2021-03-15,DCOILBRENTEU,68.78,Brent spot price
2021-03-16,DCOILBRENTEU,67.95,Brent spot price
2021-03-17,DCOILBRENTEU,67.73,Brent spot price
2021-03-18,DCOILBRENTEU,62.11,Brent spot price
2021-03-19,DCOILBRENTEU,64,Brent spot price
2021-03-22,DCOILBRENTEU,63.89,Brent spot price
2021-03-23,DCOILBRENTEU,59.96,Brent spot price
2021-03-24,DCOILBRENTEU,63.7,Brent spot price
2021-03-25,DCOILBRENTEU,61.21,Brent spot price
2021-03-26,DCOILBRENTEU,63.77,Brent spot price
2021-03-29,DCOILBRENTEU,64.06,Brent spot price
2021-03-30,DCOILBRENTEU,63.28,Brent spot price
2021-03-31,DCOILBRENTEU,63.52,Brent spot price
2021-04-01,DCOILBRENTEU,63.85,Brent spot price
2021-04-02,DCOILBRENTEU,,Brent spot price
2021-04-05,DCOILBRENTEU,,Brent spot price
2021-04-06,DCOILBRENTEU,61.47,Brent spot price
2021-04-07,DCOILBRENTEU,61.86,Brent spot price
2021-04-08,DCOILBRENTEU,62.09,Brent spot price
2021-04-09,DCOILBRENTEU,61.89,Brent spot price
2021-04-12,DCOILBRENTEU,62.38,Brent spot price
2021-04-13,DCOILBRENTEU,62.83,Brent spot price
2021-04-14,DCOILBRENTEU,66.11,Brent spot price
2021-04-15,DCOILBRENTEU,66.13,Brent spot price
2021-04-16,DCOILBRENTEU,65.98,Brent spot price
2021-04-19,DCOILBRENTEU,66.54,Brent spot price
2021-04-20,DCOILBRENTEU,65.34,Brent spot price
2021-04-21,DCOILBRENTEU,64.02,Brent spot price
2021-04-22,DCOILBRENTEU,65.07,Brent spot price
2021-04-23,DCOILBRENTEU,65.75,Brent spot price
2021-04-26,DCOILBRENTEU,65.5,Brent spot price
2021-04-27,DCOILBRENTEU,66.25,Brent spot price
2021-04-28,DCOILBRENTEU,67.08,Brent spot price
2021-04-29,DCOILBRENTEU,68.26,Brent spot price
2021-04-30,DCOILBRENTEU,67.73,Brent spot price
2021-05-03,DCOILBRENTEU,,Brent spot price
2021-05-04,DCOILBRENTEU,68.91,Brent spot price
2021-05-05,DCOILBRENTEU,69.71,Brent spot price
2021-05-06,DCOILBRENTEU,68.62,Brent spot price
2021-05-07,DCOILBRENTEU,68.73,Brent spot price
2021-05-10,DCOILBRENTEU,68.61,Brent spot price
2021-05-11,DCOILBRENTEU,68.83,Brent spot price
2021-05-12,DCOILBRENTEU,69.62,Brent spot price
2021-05-13,DCOILBRENTEU,67.36,Brent spot price
2021-05-14,DCOILBRENTEU,69.24,Brent spot price
2021-05-17,DCOILBRENTEU,69.62,Brent spot price
2021-05-18,DCOILBRENTEU,69.01,Brent spot price
2021-05-19,DCOILBRENTEU,66.88,Brent spot price
2021-05-20,DCOILBRENTEU,65.18,Brent spot price
2021-05-21,DCOILBRENTEU,66.72,Brent spot price
2021-05-24,DCOILBRENTEU,68.59,Brent spot price
2021-05-25,DCOILBRENTEU,68.8,Brent spot price
2021-05-26,DCOILBRENTEU,68.93,Brent spot price
2021-05-27,DCOILBRENTEU,69.43,Brent spot price
2021-05-28,DCOILBRENTEU,69.36,Brent spot price
2021-05-31,DCOILBRENTEU,,Brent spot price
2021-06-01,DCOILBRENTEU,70.03,Brent spot price
2021-06-02,DCOILBRENTEU,70.6,Brent spot price
2021-06-03,DCOILBRENTEU,70.71,Brent spot price
2021-06-04,DCOILBRENTEU,71.3,Brent spot price
2021-06-07,DCOILBRENTEU,70.89,Brent spot price
2021-06-08,DCOILBRENTEU,71.39,Brent spot price
2021-06-09,DCOILBRENTEU,71.31,Brent spot price
2021-06-10,DCOILBRENTEU,71.65,Brent spot price
2021-06-11,DCOILBRENTEU,72.05,Brent spot price
2021-06-14,DCOILBRENTEU,72.27,Brent spot price
2021-06-15,DCOILBRENTEU,73.38,Brent spot price
2021-06-16,DCOILBRENTEU,73.88,Brent spot price
2021-06-17,DCOILBRENTEU,72.92,Brent spot price
2021-06-18,DCOILBRENTEU,73.1,Brent spot price
2021-06-21,DCOILBRENTEU,74.49,Brent spot price
2021-06-22,DCOILBRENTEU,74.92,Brent spot price
2021-06-23,DCOILBRENTEU,75.22,Brent spot price
2021-06-24,DCOILBRENTEU,75.95,Brent spot price
2021-06-25,DCOILBRENTEU,76.45,Brent spot price
2021-06-28,DCOILBRENTEU,74.78,Brent spot price
2021-06-29,DCOILBRENTEU,75.38,Brent spot price
2021-06-30,DCOILBRENTEU,76.94,Brent spot price
2021-07-01,DCOILBRENTEU,76.69,Brent spot price
2021-07-02,DCOILBRENTEU,77.51,Brent spot price
2021-07-05,DCOILBRENTEU,78.34,Brent spot price
2021-07-06,DCOILBRENTEU,75.81,Brent spot price
2021-07-07,DCOILBRENTEU,74.31,Brent spot price
2021-07-08,DCOILBRENTEU,75.07,Brent spot price
2021-07-09,DCOILBRENTEU,77.14,Brent spot price
2021-07-12,DCOILBRENTEU,76.77,Brent spot price
2021-07-13,DCOILBRENTEU,77.5,Brent spot price
2021-07-14,DCOILBRENTEU,75.74,Brent spot price
2021-07-15,DCOILBRENTEU,74.53,Brent spot price
2021-07-16,DCOILBRENTEU,74.46,Brent spot price
2021-07-19,DCOILBRENTEU,69.33,Brent spot price
2021-07-20,DCOILBRENTEU,70.03,Brent spot price
2021-07-21,DCOILBRENTEU,72.54,Brent spot price
2021-07-22,DCOILBRENTEU,74.25,Brent spot price
2021-07-23,DCOILBRENTEU,74.86,Brent spot price
2021-07-26,DCOILBRENTEU,74.79,Brent spot price
2021-07-27,DCOILBRENTEU,74.87,Brent spot price
2021-07-28,DCOILBRENTEU,75.09,Brent spot price
2021-07-29,DCOILBRENTEU,76.3,Brent spot price
2021-07-30,DCOILBRENTEU,77.72,Brent spot price
2021-08-02,DCOILBRENTEU,73.91,Brent spot price
2021-08-03,DCOILBRENTEU,73.24,Brent spot price
2021-08-04,DCOILBRENTEU,70.99,Brent spot price
2021-08-05,DCOILBRENTEU,72.14,Brent spot price
2021-08-06,DCOILBRENTEU,71.02,Brent spot price
2021-08-09,DCOILBRENTEU,69.65,Brent spot price
2021-08-10,DCOILBRENTEU,71.14,Brent spot price
2021-08-11,DCOILBRENTEU,71.99,Brent spot price
2021-08-12,DCOILBRENTEU,71.79,Brent spot price
2021-08-13,DCOILBRENTEU,70.9,Brent spot price
2021-08-16,DCOILBRENTEU,70.07,Brent spot price
2021-08-17,DCOILBRENTEU,69.4,Brent spot price
2021-08-18,DCOILBRENTEU,68.61,Brent spot price
2021-08-19,DCOILBRENTEU,66.8,Brent spot price
2021-08-20,DCOILBRENTEU,65.51,Brent spot price
2021-08-23,DCOILBRENTEU,69.07,Brent spot price
2021-08-24,DCOILBRENTEU,71.21,Brent spot price
2021-08-25,DCOILBRENTEU,72.12,Brent spot price
2021-08-26,DCOILBRENTEU,70.42,Brent spot price
2021-08-27,DCOILBRENTEU,72.26,Brent spot price
2021-08-30,DCOILBRENTEU,,Brent spot price
2021-08-31,DCOILBRENTEU,73.45,Brent spot price
2021-09-01,DCOILBRENTEU,71.99,Brent spot price
2021-09-02,DCOILBRENTEU,73.56,Brent spot price
2021-09-03,DCOILBRENTEU,73.07,Brent spot price
2021-09-06,DCOILBRENTEU,72.43,Brent spot price
2021-09-07,DCOILBRENTEU,71.52,Brent spot price
2021-09-08,DCOILBRENTEU,72.36,Brent spot price
2021-09-09,DCOILBRENTEU,71.32,Brent spot price
2021-09-10,DCOILBRENTEU,72.44,Brent spot price
2021-09-13,DCOILBRENTEU,72.97,Brent spot price
2021-09-14,DCOILBRENTEU,73.05,Brent spot price
2021-09-15,DCOILBRENTEU,74.84,Brent spot price
2021-09-16,DCOILBRENTEU,75.14,Brent spot price
2021-09-17,DCOILBRENTEU,74.64,Brent spot price
2021-09-20,DCOILBRENTEU,73.59,Brent spot price
2021-09-21,DCOILBRENTEU,73.65,Brent spot price
2021-09-22,DCOILBRENTEU,75.5,Brent spot price
2021-09-23,DCOILBRENTEU,76.44,Brent spot price
2021-09-24,DCOILBRENTEU,77.42,Brent spot price
2021-09-27,DCOILBRENTEU,78.85,Brent spot price
2021-09-28,DCOILBRENTEU,78.3,Brent spot price
2021-09-29,DCOILBRENTEU,77.86,Brent spot price
2021-09-30,DCOILBRENTEU,77.81,Brent spot price
2021-10-01,DCOILBRENTEU,79.4,Brent spot price
2021-10-04,DCOILBRENTEU,81.44,Brent spot price
2021-10-05,DCOILBRENTEU,82.72,Brent spot price
2021-10-06,DCOILBRENTEU,81.39,Brent spot price
2021-10-07,DCOILBRENTEU,82.34,Brent spot price
2021-10-08,DCOILBRENTEU,82.17,Brent spot price
2021-10-11,DCOILBRENTEU,83.75,Brent spot price
2021-10-12,DCOILBRENTEU,83.53,Brent spot price
2021-10-13,DCOILBRENTEU,83.53,Brent spot price
2021-10-14,DCOILBRENTEU,83.86,Brent spot price
2021-10-15,DCOILBRENTEU,84.67,Brent spot price
2021-10-18,DCOILBRENTEU,84.13,Brent spot price
2021-10-19,DCOILBRENTEU,85.02,Brent spot price
2021-10-20,DCOILBRENTEU,85.76,Brent spot price
2021-10-21,DCOILBRENTEU,84.58,Brent spot price
2021-10-22,DCOILBRENTEU,85.43,Brent spot price
2021-10-25,DCOILBRENTEU,84.85,Brent spot price
2021-10-26,DCOILBRENTEU,85.11,Brent spot price
2021-10-27,DCOILBRENTEU,84.12,Brent spot price
2021-10-28,DCOILBRENTEU,83.4,Brent spot price
2021-10-29,DCOILBRENTEU,83.1,Brent spot price
2021-11-01,DCOILBRENTEU,84.51,Brent spot price
2021-11-02,DCOILBRENTEU,84.42,Brent spot price
2021-11-03,DCOILBRENTEU,81.1,Brent spot price
2021-11-04,DCOILBRENTEU,80.15,Brent spot price
2021-11-05,DCOILBRENTEU,82.43,Brent spot price
2021-11-08,DCOILBRENTEU,83.22,Brent spot price
2021-11-09,DCOILBRENTEU,84.52,Brent spot price
2021-11-10,DCOILBRENTEU,82.91,Brent spot price
2021-11-11,DCOILBRENTEU,83.4,Brent spot price
2021-11-12,DCOILBRENTEU,82.9,Brent spot price
2021-11-15,DCOILBRENTEU,81.94,Brent spot price
2021-11-16,DCOILBRENTEU,82.85,Brent spot price
2021-11-17,DCOILBRENTEU,80.67,Brent spot price
2021-11-18,DCOILBRENTEU,82.45,Brent spot price
2021-11-19,DCOILBRENTEU,80.24,Brent spot price
2021-11-22,DCOILBRENTEU,80.97,Brent spot price
2021-11-23,DCOILBRENTEU,83.43,Brent spot price
2021-11-24,DCOILBRENTEU,82.37,Brent spot price
2021-11-25,DCOILBRENTEU,82.05,Brent spot price
2021-11-26,DCOILBRENTEU,72.37,Brent spot price
2021-11-29,DCOILBRENTEU,73.34,Brent spot price
2021-11-30,DCOILBRENTEU,70.86,Brent spot price
2021-12-01,DCOILBRENTEU,69.53,Brent spot price
2021-12-02,DCOILBRENTEU,70.56,Brent spot price
2021-12-03,DCOILBRENTEU,70.71,Brent spot price
2021-12-06,DCOILBRENTEU,73.38,Brent spot price
2021-12-07,DCOILBRENTEU,75.54,Brent spot price
2021-12-08,DCOILBRENTEU,75.94,Brent spot price
2021-12-09,DCOILBRENTEU,74.1,Brent spot price
2021-12-10,DCOILBRENTEU,74.98,Brent spot price
2021-12-13,DCOILBRENTEU,74.12,Brent spot price
2021-12-14,DCOILBRENTEU,73.37,Brent spot price
2021-12-15,DCOILBRENTEU,73.71,Brent spot price
2021-12-16,DCOILBRENTEU,74.64,Brent spot price
2021-12-17,DCOILBRENTEU,72.97,Brent spot price
2021-12-20,DCOILBRENTEU,70.51,Brent spot price
2021-12-21,DCOILBRENTEU,72.85,Brent spot price
2021-12-22,DCOILBRENTEU,74.69,Brent spot price
2021-12-23,DCOILBRENTEU,76.26,Brent spot price
2021-12-24,DCOILBRENTEU,75.24,Brent spot price
2021-12-27,DCOILBRENTEU,,Brent spot price
2021-12-28,DCOILBRENTEU,,Brent spot price
2021-12-29,DCOILBRENTEU,78.63,Brent spot price
2021-12-30,DCOILBRENTEU,78.61,Brent spot price
2021-12-31,DCOILBRENTEU,77.24,Brent spot price
2022-01-03,DCOILBRENTEU,78.25,Brent spot price
2022-01-04,DCOILBRENTEU,79.39,Brent spot price
2022-01-05,DCOILBRENTEU,80.6,Brent spot price
2022-01-06,DCOILBRENTEU,81.99,Brent spot price
2022-01-07,DCOILBRENTEU,82.28,Brent spot price
2022-01-10,DCOILBRENTEU,81.56,Brent spot price
2022-01-11,DCOILBRENTEU,84.98,Brent spot price
2022-01-12,DCOILBRENTEU,85.83,Brent spot price
2022-01-13,DCOILBRENTEU,85.8,Brent spot price
2022-01-14,DCOILBRENTEU,87.17,Brent spot price
2022-01-17,DCOILBRENTEU,87.82,Brent spot price
2022-01-18,DCOILBRENTEU,88.83,Brent spot price
2022-01-19,DCOILBRENTEU,89.64,Brent spot price
2022-01-20,DCOILBRENTEU,89.75,Brent spot price
2022-01-21,DCOILBRENTEU,89.75,Brent spot price
2022-01-24,DCOILBRENTEU,87.74,Brent spot price
2022-01-25,DCOILBRENTEU,89.49,Brent spot price
2022-01-26,DCOILBRENTEU,91.22,Brent spot price
2022-01-27,DCOILBRENTEU,90.7,Brent spot price
2022-01-28,DCOILBRENTEU,91.47,Brent spot price
2022-01-31,DCOILBRENTEU,92.35,Brent spot price
2022-02-01,DCOILBRENTEU,90.24,Brent spot price
2022-02-02,DCOILBRENTEU,91.43,Brent spot price
2022-02-03,DCOILBRENTEU,92.99,Brent spot price
2022-02-04,DCOILBRENTEU,96.86,Brent spot price
2022-02-07,DCOILBRENTEU,97.28,Brent spot price
2022-02-08,DCOILBRENTEU,96.07,Brent spot price
2022-02-09,DCOILBRENTEU,94.95,Brent spot price
2022-02-10,DCOILBRENTEU,96.37,Brent spot price
2022-02-11,DCOILBRENTEU,97.5,Brent spot price
2022-02-14,DCOILBRENTEU,101.66,Brent spot price
2022-02-15,DCOILBRENTEU,98.43,Brent spot price
2022-02-16,DCOILBRENTEU,97.44,Brent spot price
2022-02-17,DCOILBRENTEU,95.28,Brent spot price
2022-02-18,DCOILBRENTEU,96.18,Brent spot price
2022-02-21,DCOILBRENTEU,98.95,Brent spot price
2022-02-22,DCOILBRENTEU,98.73,Brent spot price
2022-02-23,DCOILBRENTEU,99.29,Brent spot price
2022-02-24,DCOILBRENTEU,101.29,Brent spot price
2022-02-25,DCOILBRENTEU,98.56,Brent spot price
2022-02-28,DCOILBRENTEU,103.08,Brent spot price
2022-03-01,DCOILBRENTEU,110.93,Brent spot price
2022-03-02,DCOILBRENTEU,118.94,Brent spot price
2022-03-03,DCOILBRENTEU,115.36,Brent spot price
2022-03-04,DCOILBRENTEU,123.86,Brent spot price
2022-03-07,DCOILBRENTEU,129.02,Brent spot price
2022-03-08,DCOILBRENTEU,133.18,Brent spot price
2022-03-09,DCOILBRENTEU,116.58,Brent spot price
2022-03-10,DCOILBRENTEU,114.54,Brent spot price
2022-03-11,DCOILBRENTEU,118.11,Brent spot price
2022-03-14,DCOILBRENTEU,110.39,Brent spot price
2022-03-15,DCOILBRENTEU,105.14,Brent spot price
2022-03-16,DCOILBRENTEU,104.61,Brent spot price
2022-03-17,DCOILBRENTEU,113.5,Brent spot price
2022-03-18,DCOILBRENTEU,114.32,Brent spot price
2022-03-21,DCOILBRENTEU,122.29,Brent spot price
2022-03-22,DCOILBRENTEU,121.53,Brent spot price
2022-03-23,DCOILBRENTEU,127.52,Brent spot price
2022-03-24,DCOILBRENTEU,123.98,Brent spot price
2022-03-25,DCOILBRENTEU,122.67,Brent spot price
2022-03-28,DCOILBRENTEU,114.5,Brent spot price
2022-03-29,DCOILBRENTEU,112.79,Brent spot price
2022-03-30,DCOILBRENTEU,115.59,Brent spot price
2022-03-31,DCOILBRENTEU,107.29,Brent spot price
2022-04-01,DCOILBRENTEU,106.13,Brent spot price
2022-04-04,DCOILBRENTEU,108.15,Brent spot price
2022-04-05,DCOILBRENTEU,106.6,Brent spot price
2022-04-06,DCOILBRENTEU,100.81,Brent spot price
2022-04-07,DCOILBRENTEU,99.83,Brent spot price
2022-04-08,DCOILBRENTEU,101.26,Brent spot price
2022-04-11,DCOILBRENTEU,97.92,Brent spot price
2022-04-12,DCOILBRENTEU,104.42,Brent spot price
2022-04-13,DCOILBRENTEU,108.49,Brent spot price
2022-04-14,DCOILBRENTEU,110.83,Brent spot price
2022-04-15,DCOILBRENTEU,,Brent spot price
2022-04-18,DCOILBRENTEU,,Brent spot price
2022-04-19,DCOILBRENTEU,105.49,Brent spot price
2022-04-20,DCOILBRENTEU,105.05,Brent spot price
2022-04-21,DCOILBRENTEU,107.2,Brent spot price
2022-04-22,DCOILBRENTEU,105.15,Brent spot price
2022-04-25,DCOILBRENTEU,99.27,Brent spot price
2022-04-26,DCOILBRENTEU,102.89,Brent spot price
2022-04-27,DCOILBRENTEU,103.3,Brent spot price
2022-04-28,DCOILBRENTEU,105.78,Brent spot price
2022-04-29,DCOILBRENTEU,108.36,Brent spot price
2022-05-02,DCOILBRENTEU,,Brent spot price
2022-05-03,DCOILBRENTEU,104.94,Brent spot price
2022-05-04,DCOILBRENTEU,110.53,Brent spot price
2022-05-05,DCOILBRENTEU,112.11,Brent spot price
2022-05-06,DCOILBRENTEU,113.86,Brent spot price
2022-05-09,DCOILBRENTEU,106.67,Brent spot price
2022-05-10,DCOILBRENTEU,102.61,Brent spot price
2022-05-11,DCOILBRENTEU,107.7,Brent spot price
2022-05-12,DCOILBRENTEU,108.06,Brent spot price
2022-05-13,DCOILBRENTEU,112.12,Brent spot price
2022-05-16,DCOILBRENTEU,114.86,Brent spot price
2022-05-17,DCOILBRENTEU,112.89,Brent spot price
2022-05-18,DCOILBRENTEU,110.04,Brent spot price
2022-05-19,DCOILBRENTEU,113.22,Brent spot price
2022-05-20,DCOILBRENTEU,113.63,Brent spot price
2022-05-23,DCOILBRENTEU,115.13,Brent spot price
2022-05-24,DCOILBRENTEU,115.77,Brent spot price
2022-05-25,DCOILBRENTEU,116.41,Brent spot price
2022-05-26,DCOILBRENTEU,119.81,Brent spot price
2022-05-27,DCOILBRENTEU,121.19,Brent spot price
2022-05-30,DCOILBRENTEU,123.01,Brent spot price
2022-05-31,DCOILBRENTEU,125.53,Brent spot price
2022-06-01,DCOILBRENTEU,122.2,Brent spot price
2022-06-02,DCOILBRENTEU,,Brent spot price
2022-06-03,DCOILBRENTEU,125.68,Brent spot price
2022-06-06,DCOILBRENTEU,124.99,Brent spot price
2022-06-07,DCOILBRENTEU,126.89,Brent spot price
2022-06-08,DCOILBRENTEU,129.2,Brent spot price
2022-06-09,DCOILBRENTEU,128.47,Brent spot price
2022-06-10,DCOILBRENTEU,127.44,Brent spot price
2022-06-13,DCOILBRENTEU,128.44,Brent spot price
2022-06-14,DCOILBRENTEU,127.02,Brent spot price
2022-06-15,DCOILBRENTEU,124.96,Brent spot price
2022-06-16,DCOILBRENTEU,125.78,Brent spot price
2022-06-17,DCOILBRENTEU,119.22,Brent spot price
2022-06-20,DCOILBRENTEU,118.25,Brent spot price
2022-06-21,DCOILBRENTEU,118.51,Brent spot price
2022-06-22,DCOILBRENTEU,115.54,Brent spot price
2022-06-23,DCOILBRENTEU,114.5,Brent spot price
2022-06-24,DCOILBRENTEU,117.36,Brent spot price
2022-06-27,DCOILBRENTEU,119.69,Brent spot price
2022-06-28,DCOILBRENTEU,122.21,Brent spot price
2022-06-29,DCOILBRENTEU,120.8,Brent spot price
2022-06-30,DCOILBRENTEU,119.78,Brent spot price
2022-07-01,DCOILBRENTEU,119.21,Brent spot price
2022-07-04,DCOILBRENTEU,121.8,Brent spot price
2022-07-05,DCOILBRENTEU,110.49,Brent spot price
2022-07-06,DCOILBRENTEU,108.54,Brent spot price
2022-07-07,DCOILBRENTEU,113.4,Brent spot price
2022-07-08,DCOILBRENTEU,113.95,Brent spot price
2022-07-11,DCOILBRENTEU,114.85,Brent spot price
2022-07-12,DCOILBRENTEU,106.98,Brent spot price
2022-07-13,DCOILBRENTEU,107.17,Brent spot price
2022-07-14,DCOILBRENTEU,107.74,Brent spot price
2022-07-15,DCOILBRENTEU,112.26,Brent spot price
2022-07-18,DCOILBRENTEU,117.27,Brent spot price
2022-07-19,DCOILBRENTEU,114.96,Brent spot price
2022-07-20,DCOILBRENTEU,115.86,Brent spot price
2022-07-21,DCOILBRENTEU,112.81,Brent spot price
2022-07-22,DCOILBRENTEU,106.77,Brent spot price
2022-07-25,DCOILBRENTEU,108.23,Brent spot price
2022-07-26,DCOILBRENTEU,107.32,Brent spot price
2022-07-27,DCOILBRENTEU,109.64,Brent spot price
2022-07-28,DCOILBRENTEU,109.68,Brent spot price
2022-07-29,DCOILBRENTEU,111.51,Brent spot price
2022-08-01,DCOILBRENTEU,106.09,Brent spot price
2022-08-02,DCOILBRENTEU,106.51,Brent spot price
2022-08-03,DCOILBRENTEU,101.82,Brent spot price
2022-08-04,DCOILBRENTEU,97.99,Brent spot price
2022-08-05,DCOILBRENTEU,100.31,Brent spot price
2022-08-08,DCOILBRENTEU,103.46,Brent spot price
2022-08-09,DCOILBRENTEU,103.81,Brent spot price
2022-08-10,DCOILBRENTEU,105.06,Brent spot price
2022-08-11,DCOILBRENTEU,107.19,Brent spot price
2022-08-12,DCOILBRENTEU,103.7,Brent spot price
2022-08-15,DCOILBRENTEU,98.25,Brent spot price
2022-08-16,DCOILBRENTEU,95.36,Brent spot price
2022-08-17,DCOILBRENTEU,97.22,Brent spot price
2022-08-18,DCOILBRENTEU,96.35,Brent spot price
2022-08-19,DCOILBRENTEU,96.45,Brent spot price
2022-08-22,DCOILBRENTEU,95.06,Brent spot price
2022-08-23,DCOILBRENTEU,99.49,Brent spot price
2022-08-24,DCOILBRENTEU,99.87,Brent spot price
2022-08-25,DCOILBRENTEU,98.81,Brent spot price
2022-08-26,DCOILBRENTEU,101.13,Brent spot price
2022-08-29,DCOILBRENTEU,,Brent spot price
2022-08-30,DCOILBRENTEU,99.34,Brent spot price
2022-08-31,DCOILBRENTEU,96.55,Brent spot price
2022-09-01,DCOILBRENTEU,92.24,Brent spot price
2022-09-02,DCOILBRENTEU,93.09,Brent spot price
2022-09-05,DCOILBRENTEU,94.22,Brent spot price
2022-09-06,DCOILBRENTEU,91.43,Brent spot price
2022-09-07,DCOILBRENTEU,86.83,Brent spot price
2022-09-08,DCOILBRENTEU,87.99,Brent spot price
2022-09-09,DCOILBRENTEU,91.68,Brent spot price
2022-09-12,DCOILBRENTEU,93.45,Brent spot price
2022-09-13,DCOILBRENTEU,92.04,Brent spot price
2022-09-14,DCOILBRENTEU,92.83,Brent spot price
2022-09-15,DCOILBRENTEU,89.28,Brent spot price
2022-09-16,DCOILBRENTEU,89.43,Brent spot price
2022-09-19,DCOILBRENTEU,,Brent spot price
2022-09-20,DCOILBRENTEU,89.62,Brent spot price
2022-09-21,DCOILBRENTEU,89.86,Brent spot price
2022-09-22,DCOILBRENTEU,90.4,Brent spot price
2022-09-23,DCOILBRENTEU,84.29,Brent spot price
2022-09-26,DCOILBRENTEU,82.55,Brent spot price
2022-09-27,DCOILBRENTEU,85.97,Brent spot price
2022-09-28,DCOILBRENTEU,89.55,Brent spot price
2022-09-29,DCOILBRENTEU,89.41,Brent spot price
2022-09-30,DCOILBRENTEU,88.9,Brent spot price
2022-10-03,DCOILBRENTEU,90.68,Brent spot price
2022-10-04,DCOILBRENTEU,93.74,Brent spot price
2022-10-05,DCOILBRENTEU,94.35,Brent spot price
2022-10-06,DCOILBRENTEU,95.65,Brent spot price
2022-10-07,DCOILBRENTEU,98.88,Brent spot price
2022-10-10,DCOILBRENTEU,97.13,Brent spot price
2022-10-11,DCOILBRENTEU,95.17,Brent spot price
2022-10-12,DCOILBRENTEU,93.44,Brent spot price
2022-10-13,DCOILBRENTEU,95.16,Brent spot price
2022-10-14,DCOILBRENTEU,92.22,Brent spot price
2022-10-17,DCOILBRENTEU,91.04,Brent spot price
2022-10-18,DCOILBRENTEU,89.46,Brent spot price
2022-10-19,DCOILBRENTEU,91.34,Brent spot price
2022-10-20,DCOILBRENTEU,91.52,Brent spot price
2022-10-21,DCOILBRENTEU,91.82,Brent spot price
2022-10-24,DCOILBRENTEU,91.57,Brent spot price
2022-10-25,DCOILBRENTEU,91.76,Brent spot price
2022-10-26,DCOILBRENTEU,92.93,Brent spot price
2022-10-27,DCOILBRENTEU,94.17,Brent spot price
2022-10-28,DCOILBRENTEU,94.64,Brent spot price
2022-10-31,DCOILBRENTEU,93.3,Brent spot price
2022-11-01,DCOILBRENTEU,95.12,Brent spot price
2022-11-02,DCOILBRENTEU,96.07,Brent spot price
2022-11-03,DCOILBRENTEU,95.29,Brent spot price
2022-11-04,DCOILBRENTEU,99.53,Brent spot price
2022-11-07,DCOILBRENTEU,99.87,Brent spot price
2022-11-08,DCOILBRENTEU,96.85,Brent spot price
2022-11-09,DCOILBRENTEU,93.05,Brent spot price
2022-11-10,DCOILBRENTEU,94.25,Brent spot price
2022-11-11,DCOILBRENTEU,96.37,Brent spot price
2022-11-14,DCOILBRENTEU,93.59,Brent spot price
2022-11-15,DCOILBRENTEU,94.3,Brent spot price
2022-11-16,DCOILBRENTEU,92.61,Brent spot price
2022-11-17,DCOILBRENTEU,91,Brent spot price
2022-11-18,DCOILBRENTEU,88.93,Brent spot price
2022-11-21,DCOILBRENTEU,88.44,Brent spot price
2022-11-22,DCOILBRENTEU,88.65,Brent spot price
2022-11-23,DCOILBRENTEU,85.9,Brent spot price
2022-11-24,DCOILBRENTEU,85.59,Brent spot price
2022-11-25,DCOILBRENTEU,83.4,Brent spot price
2022-11-28,DCOILBRENTEU,83.5,Brent spot price
2022-11-29,DCOILBRENTEU,83.22,Brent spot price
2022-11-30,DCOILBRENTEU,85.61,Brent spot price
2022-12-01,DCOILBRENTEU,86.28,Brent spot price
2022-12-02,DCOILBRENTEU,86.54,Brent spot price
2022-12-05,DCOILBRENTEU,83.36,Brent spot price
2022-12-06,DCOILBRENTEU,79.92,Brent spot price
2022-12-07,DCOILBRENTEU,77.11,Brent spot price
2022-12-08,DCOILBRENTEU,76.02,Brent spot price
2022-12-09,DCOILBRENTEU,76.37,Brent spot price
2022-12-12,DCOILBRENTEU,78,Brent spot price
2022-12-13,DCOILBRENTEU,80.14,Brent spot price
2022-12-14,DCOILBRENTEU,83.33,Brent spot price
2022-12-15,DCOILBRENTEU,82.34,Brent spot price
2022-12-16,DCOILBRENTEU,80.2,Brent spot price
2022-12-19,DCOILBRENTEU,81.66,Brent spot price
2022-12-20,DCOILBRENTEU,79.45,Brent spot price
2022-12-21,DCOILBRENTEU,80.25,Brent spot price
2022-12-22,DCOILBRENTEU,79.58,Brent spot price
2022-12-23,DCOILBRENTEU,82.45,Brent spot price
2022-12-26,DCOILBRENTEU,,Brent spot price
2022-12-27,DCOILBRENTEU,,Brent spot price
2022-12-28,DCOILBRENTEU,81.7,Brent spot price
2022-12-29,DCOILBRENTEU,80.96,Brent spot price
2022-12-30,DCOILBRENTEU,82.82,Brent spot price
2023-01-02,DCOILBRENTEU,,Brent spot price
2023-01-03,DCOILBRENTEU,80.36,Brent spot price
2023-01-04,DCOILBRENTEU,75.31,Brent spot price
2023-01-05,DCOILBRENTEU,76.73,Brent spot price
2023-01-06,DCOILBRENTEU,76.41,Brent spot price
2023-01-09,DCOILBRENTEU,77.5,Brent spot price
2023-01-10,DCOILBRENTEU,78.4,Brent spot price
2023-01-11,DCOILBRENTEU,81.11,Brent spot price
2023-01-12,DCOILBRENTEU,82.59,Brent spot price
2023-01-13,DCOILBRENTEU,83.43,Brent spot price
2023-01-16,DCOILBRENTEU,82.65,Brent spot price
2023-01-17,DCOILBRENTEU,84.38,Brent spot price
2023-01-18,DCOILBRENTEU,83.78,Brent spot price
2023-01-19,DCOILBRENTEU,85.08,Brent spot price
2023-01-20,DCOILBRENTEU,86.96,Brent spot price
2023-01-23,DCOILBRENTEU,87.54,Brent spot price
2023-01-24,DCOILBRENTEU,85.25,Brent spot price
2023-01-25,DCOILBRENTEU,85.08,Brent spot price
2023-01-26,DCOILBRENTEU,86.29,Brent spot price
2023-01-27,DCOILBRENTEU,85.36,Brent spot price
2023-01-30,DCOILBRENTEU,84.9,Brent spot price
2023-01-31,DCOILBRENTEU,83.42,Brent spot price
2023-02-01,DCOILBRENTEU,81.61,Brent spot price
2023-02-02,DCOILBRENTEU,80.57,Brent spot price
2023-02-03,DCOILBRENTEU,78.85,Brent spot price
2023-02-06,DCOILBRENTEU,80.48,Brent spot price
2023-02-07,DCOILBRENTEU,82.92,Brent spot price
2023-02-08,DCOILBRENTEU,84.17,Brent spot price
2023-02-09,DCOILBRENTEU,83.46,Brent spot price
2023-02-10,DCOILBRENTEU,85.46,Brent spot price
2023-02-13,DCOILBRENTEU,85.98,Brent spot price
2023-02-14,DCOILBRENTEU,84.96,Brent spot price
2023-02-15,DCOILBRENTEU,84.11,Brent spot price
2023-02-16,DCOILBRENTEU,83.84,Brent spot price
2023-02-17,DCOILBRENTEU,81.97,Brent spot price
2023-02-20,DCOILBRENTEU,82.79,Brent spot price
2023-02-21,DCOILBRENTEU,82.14,Brent spot price
2023-02-22,DCOILBRENTEU,79.55,Brent spot price
2023-02-23,DCOILBRENTEU,82.08,Brent spot price
2023-02-24,DCOILBRENTEU,82.31,Brent spot price
2023-02-27,DCOILBRENTEU,81.24,Brent spot price
2023-02-28,DCOILBRENTEU,83.21,Brent spot price
2023-03-01,DCOILBRENTEU,83.68,Brent spot price
2023-03-02,DCOILBRENTEU,84.15,Brent spot price
2023-03-03,DCOILBRENTEU,85.74,Brent spot price
2023-03-06,DCOILBRENTEU,85.86,Brent spot price
2023-03-07,DCOILBRENTEU,83.03,Brent spot price
2023-03-08,DCOILBRENTEU,82.1,Brent spot price
2023-03-09,DCOILBRENTEU,81,Brent spot price
2023-03-10,DCOILBRENTEU,82.3,Brent spot price
2023-03-13,DCOILBRENTEU,79.67,Brent spot price
2023-03-14,DCOILBRENTEU,76.77,Brent spot price
2023-03-15,DCOILBRENTEU,74.3,Brent spot price
2023-03-16,DCOILBRENTEU,73.12,Brent spot price
2023-03-17,DCOILBRENTEU,71.03,Brent spot price
2023-03-20,DCOILBRENTEU,72.42,Brent spot price
2023-03-21,DCOILBRENTEU,74.78,Brent spot price
2023-03-22,DCOILBRENTEU,76.08,Brent spot price
2023-03-23,DCOILBRENTEU,74.31,Brent spot price
2023-03-24,DCOILBRENTEU,73.63,Brent spot price
2023-03-27,DCOILBRENTEU,76.8,Brent spot price
2023-03-28,DCOILBRENTEU,78.07,Brent spot price
2023-03-29,DCOILBRENTEU,77.51,Brent spot price
2023-03-30,DCOILBRENTEU,78.45,Brent spot price
2023-03-31,DCOILBRENTEU,79.19,Brent spot price
2023-04-03,DCOILBRENTEU,85.81,Brent spot price
2023-04-04,DCOILBRENTEU,85.7,Brent spot price
2023-04-05,DCOILBRENTEU,85.89,Brent spot price
2023-04-06,DCOILBRENTEU,86.56,Brent spot price
2023-04-07,DCOILBRENTEU,,Brent spot price
2023-04-10,DCOILBRENTEU,,Brent spot price
2023-04-11,DCOILBRENTEU,87.32,Brent spot price
2023-04-12,DCOILBRENTEU,88.31,Brent spot price
2023-04-13,DCOILBRENTEU,86.51,Brent spot price
2023-04-14,DCOILBRENTEU,87.31,Brent spot price
2023-04-17,DCOILBRENTEU,85.63,Brent spot price
2023-04-18,DCOILBRENTEU,85.48,Brent spot price
2023-04-19,DCOILBRENTEU,85.34,Brent spot price
2023-04-20,DCOILBRENTEU,83.29,Brent spot price
2023-04-21,DCOILBRENTEU,83.36,Brent spot price
2023-04-24,DCOILBRENTEU,84.23,Brent spot price
2023-04-25,DCOILBRENTEU,82.13,Brent spot price
2023-04-26,DCOILBRENTEU,79.19,Brent spot price
2023-04-27,DCOILBRENTEU,80.11,Brent spot price
2023-04-28,DCOILBRENTEU,81.32,Brent spot price
2023-05-01,DCOILBRENTEU,,Brent spot price
2023-05-02,DCOILBRENTEU,76.71,Brent spot price
2023-05-03,DCOILBRENTEU,72.91,Brent spot price
2023-05-04,DCOILBRENTEU,73,Brent spot price
2023-05-05,DCOILBRENTEU,75.85,Brent spot price
2023-05-08,DCOILBRENTEU,,Brent spot price
2023-05-09,DCOILBRENTEU,77.76,Brent spot price
2023-05-10,DCOILBRENTEU,76.7,Brent spot price
2023-05-11,DCOILBRENTEU,75.32,Brent spot price
2023-05-12,DCOILBRENTEU,74.54,Brent spot price
2023-05-15,DCOILBRENTEU,75.46,Brent spot price
2023-05-16,DCOILBRENTEU,75.15,Brent spot price
2023-05-17,DCOILBRENTEU,76.98,Brent spot price
2023-05-18,DCOILBRENTEU,75.75,Brent spot price
2023-05-19,DCOILBRENTEU,75.42,Brent spot price
2023-05-22,DCOILBRENTEU,75.77,Brent spot price
2023-05-23,DCOILBRENTEU,76.66,Brent spot price
2023-05-24,DCOILBRENTEU,77.99,Brent spot price
2023-05-25,DCOILBRENTEU,75.66,Brent spot price
2023-05-26,DCOILBRENTEU,76.33,Brent spot price
2023-05-29,DCOILBRENTEU,,Brent spot price
2023-05-30,DCOILBRENTEU,73.38,Brent spot price
2023-05-31,DCOILBRENTEU,71.98,Brent spot price
2023-06-01,DCOILBRENTEU,74.18,Brent spot price
2023-06-02,DCOILBRENTEU,76,Brent spot price
2023-06-05,DCOILBRENTEU,76.61,Brent spot price
2023-06-06,DCOILBRENTEU,76.22,Brent spot price
2023-06-07,DCOILBRENTEU,76.85,Brent spot price
2023-06-08,DCOILBRENTEU,75.88,Brent spot price
2023-06-09,DCOILBRENTEU,74.74,Brent spot price
2023-06-12,DCOILBRENTEU,71.8,Brent spot price
2023-06-13,DCOILBRENTEU,74.24,Brent spot price
2023-06-14,DCOILBRENTEU,73.39,Brent spot price
2023-06-15,DCOILBRENTEU,75.75,Brent spot price
2023-06-16,DCOILBRENTEU,76.76,Brent spot price
2023-06-19,DCOILBRENTEU,76.09,Brent spot price
2023-06-20,DCOILBRENTEU,75.79,Brent spot price
2023-06-21,DCOILBRENTEU,76.92,Brent spot price
2023-06-22,DCOILBRENTEU,73.93,Brent spot price
2023-06-23,DCOILBRENTEU,73.56,Brent spot price
2023-06-26,DCOILBRENTEU,73.86,Brent spot price
2023-06-27,DCOILBRENTEU,71.88,Brent spot price
2023-06-28,DCOILBRENTEU,73.64,Brent spot price
2023-06-29,DCOILBRENTEU,73.86,Brent spot price
2023-06-30,DCOILBRENTEU,74.51,Brent spot price
2023-07-03,DCOILBRENTEU,74.52,Brent spot price
2023-07-04,DCOILBRENTEU,76.23,Brent spot price
2023-07-05,DCOILBRENTEU,76.74,Brent spot price
2023-07-06,DCOILBRENTEU,76.72,Brent spot price
2023-07-07,DCOILBRENTEU,78.77,Brent spot price
2023-07-10,DCOILBRENTEU,77.83,Brent spot price
2023-07-11,DCOILBRENTEU,79.54,Brent spot price
2023-07-12,DCOILBRENTEU,80.35,Brent spot price
2023-07-13,DCOILBRENTEU,81.31,Brent spot price
2023-07-14,DCOILBRENTEU,79.9,Brent spot price
2023-07-17,DCOILBRENTEU,77.8,Brent spot price
2023-07-18,DCOILBRENTEU,79.54,Brent spot price
2023-07-19,DCOILBRENTEU,79.38,Brent spot price
2023-07-20,DCOILBRENTEU,79.62,Brent spot price
2023-07-21,DCOILBRENTEU,81.06,Brent spot price
2023-07-24,DCOILBRENTEU,82.53,Brent spot price
2023-07-25,DCOILBRENTEU,83.46,Brent spot price
2023-07-26,DCOILBRENTEU,82.98,Brent spot price
2023-07-27,DCOILBRENTEU,84.28,Brent spot price
2023-07-28,DCOILBRENTEU,84.49,Brent spot price
2023-07-31,DCOILBRENTEU,85.22,Brent spot price
2023-08-01,DCOILBRENTEU,85.34,Brent spot price
2023-08-02,DCOILBRENTEU,84.01,Brent spot price
2023-08-03,DCOILBRENTEU,86.19,Brent spot price
2023-08-04,DCOILBRENTEU,87.38,Brent spot price
2023-08-07,DCOILBRENTEU,86.47,Brent spot price
2023-08-08,DCOILBRENTEU,88,Brent spot price
2023-08-09,DCOILBRENTEU,89.31,Brent spot price
2023-08-10,DCOILBRENTEU,87.44,Brent spot price
2023-08-11,DCOILBRENTEU,87.93,Brent spot price
2023-08-14,DCOILBRENTEU,87.4,Brent spot price
2023-08-15,DCOILBRENTEU,86.28,Brent spot price
2023-08-16,DCOILBRENTEU,84.49,Brent spot price
2023-08-17,DCOILBRENTEU,85.24,Brent spot price
2023-08-18,DCOILBRENTEU,85.92,Brent spot price
2023-08-21,DCOILBRENTEU,85.44,Brent spot price
2023-08-22,DCOILBRENTEU,84.7,Brent spot price
2023-08-23,DCOILBRENTEU,83.94,Brent spot price
2023-08-24,DCOILBRENTEU,84.07,Brent spot price
2023-08-25,DCOILBRENTEU,85.42,Brent spot price
2023-08-28,DCOILBRENTEU,,Brent spot price
2023-08-29,DCOILBRENTEU,86.37,Brent spot price
2023-08-30,DCOILBRENTEU,86.62,Brent spot price
2023-08-31,DCOILBRENTEU,87.29,Brent spot price
2023-09-01,DCOILBRENTEU,89.98,Brent spot price
2023-09-04,DCOILBRENTEU,90.42,Brent spot price
2023-09-05,DCOILBRENTEU,91.25,Brent spot price
2023-09-06,DCOILBRENTEU,91.79,Brent spot price
2023-09-07,DCOILBRENTEU,91.16,Brent spot price
2023-09-08,DCOILBRENTEU,91.85,Brent spot price
2023-09-11,DCOILBRENTEU,91.97,Brent spot price
2023-09-12,DCOILBRENTEU,93.58,Brent spot price
2023-09-13,DCOILBRENTEU,93.04,Brent spot price
2023-09-14,DCOILBRENTEU,95.2,Brent spot price
2023-09-15,DCOILBRENTEU,95.55,Brent spot price
2023-09-18,DCOILBRENTEU,95.95,Brent spot price
2023-09-19,DCOILBRENTEU,96.11,Brent spot price
2023-09-20,DCOILBRENTEU,94.56,Brent spot price
2023-09-21,DCOILBRENTEU,93.7,Brent spot price
2023-09-22,DCOILBRENTEU,93.99,Brent spot price
2023-09-25,DCOILBRENTEU,94.01,Brent spot price
2023-09-26,DCOILBRENTEU,94.46,Brent spot price
2023-09-27,DCOILBRENTEU,97.1,Brent spot price
2023-09-28,DCOILBRENTEU,96.64,Brent spot price
2023-09-29,DCOILBRENTEU,95.86,Brent spot price
2023-10-02,DCOILBRENTEU,91.21,Brent spot price
2023-10-03,DCOILBRENTEU,94.46,Brent spot price
2023-10-04,DCOILBRENTEU,89.83,Brent spot price
2023-10-05,DCOILBRENTEU,88.28,Brent spot price
2023-10-06,DCOILBRENTEU,87.86,Brent spot price
2023-10-09,DCOILBRENTEU,91.37,Brent spot price
2023-10-10,DCOILBRENTEU,90.7,Brent spot price
2023-10-11,DCOILBRENTEU,87.58,Brent spot price
2023-10-12,DCOILBRENTEU,88.4,Brent spot price
2023-10-13,DCOILBRENTEU,94.33,Brent spot price
2023-10-16,DCOILBRENTEU,90.99,Brent spot price
2023-10-17,DCOILBRENTEU,92.52,Brent spot price
2023-10-18,DCOILBRENTEU,91.99,Brent spot price
2023-10-19,DCOILBRENTEU,93.12,Brent spot price
2023-10-20,DCOILBRENTEU,93.72,Brent spot price
2023-10-23,DCOILBRENTEU,91.88,Brent spot price
2023-10-24,DCOILBRENTEU,88,Brent spot price
2023-10-25,DCOILBRENTEU,90.14,Brent spot price
2023-10-26,DCOILBRENTEU,88.45,Brent spot price
2023-10-27,DCOILBRENTEU,90.73,Brent spot price
2023-10-30,DCOILBRENTEU,90.73,Brent spot price
2023-10-31,DCOILBRENTEU,86.82,Brent spot price
2023-11-01,DCOILBRENTEU,86.92,Brent spot price
2023-11-02,DCOILBRENTEU,89.02,Brent spot price
2023-11-03,DCOILBRENTEU,87.55,Brent spot price
2023-11-06,DCOILBRENTEU,87.31,Brent spot price
2023-11-07,DCOILBRENTEU,83.43,Brent spot price
2023-11-08,DCOILBRENTEU,81.46,Brent spot price
2023-11-09,DCOILBRENTEU,81.74,Brent spot price
2023-11-10,DCOILBRENTEU,83.66,Brent spot price
2023-11-13,DCOILBRENTEU,84.09,Brent spot price
2023-11-14,DCOILBRENTEU,84.2,Brent spot price
2023-11-15,DCOILBRENTEU,82.4,Brent spot price
2023-11-16,DCOILBRENTEU,77.73,Brent spot price
2023-11-17,DCOILBRENTEU,81.22,Brent spot price
2023-11-20,DCOILBRENTEU,83.25,Brent spot price
2023-11-21,DCOILBRENTEU,82.42,Brent spot price
2023-11-22,DCOILBRENTEU,81.76,Brent spot price
2023-11-23,DCOILBRENTEU,80.85,Brent spot price
2023-11-24,DCOILBRENTEU,79.82,Brent spot price
2023-11-27,DCOILBRENTEU,79.49,Brent spot price
2023-11-28,DCOILBRENTEU,81.66,Brent spot price
2023-11-29,DCOILBRENTEU,82.98,Brent spot price
2023-11-30,DCOILBRENTEU,81.72,Brent spot price
2023-12-01,DCOILBRENTEU,78.72,Brent spot price
2023-12-04,DCOILBRENTEU,78.16,Brent spot price
2023-12-05,DCOILBRENTEU,77.27,Brent spot price
2023-12-06,DCOILBRENTEU,74.33,Brent spot price
2023-12-07,DCOILBRENTEU,74.21,Brent spot price
2023-12-08,DCOILBRENTEU,75.94,Brent spot price
2023-12-11,DCOILBRENTEU,75.75,Brent spot price
2023-12-12,DCOILBRENTEU,74.11,Brent spot price
2023-12-13,DCOILBRENTEU,74.14,Brent spot price
2023-12-14,DCOILBRENTEU,77.05,Brent spot price
2023-12-15,DCOILBRENTEU,76.84,Brent spot price
2023-12-18,DCOILBRENTEU,78.89,Brent spot price
2023-12-19,DCOILBRENTEU,79.82,Brent spot price
2023-12-20,DCOILBRENTEU,81.1,Brent spot price
2023-12-21,DCOILBRENTEU,80.73,Brent spot price
2023-12-22,DCOILBRENTEU,80.23,Brent spot price
2023-12-25,DCOILBRENTEU,,Brent spot price
2023-12-26,DCOILBRENTEU,,Brent spot price
2023-12-27,DCOILBRENTEU,80.97,Brent spot price
2023-12-28,DCOILBRENTEU,79.04,Brent spot price
2023-12-29,DCOILBRENTEU,77.69,Brent spot price
2024-01-01,DCOILBRENTEU,,Brent spot price
2024-01-02,DCOILBRENTEU,76.24,Brent spot price
2024-01-03,DCOILBRENTEU,77.18,Brent spot price
2024-01-04,DCOILBRENTEU,75.79,Brent spot price
2024-01-05,DCOILBRENTEU,78.31,Brent spot price
2024-01-08,DCOILBRENTEU,75.47,Brent spot price
2024-01-09,DCOILBRENTEU,77.97,Brent spot price
2024-01-10,DCOILBRENTEU,78.46,Brent spot price
2024-01-11,DCOILBRENTEU,80.21,Brent spot price
2024-01-12,DCOILBRENTEU,79.89,Brent spot price
2024-01-15,DCOILBRENTEU,79.76,Brent spot price
2024-01-16,DCOILBRENTEU,80.15,Brent spot price
2024-01-17,DCOILBRENTEU,78.88,Brent spot price
2024-01-18,DCOILBRENTEU,81.04,Brent spot price
2024-01-19,DCOILBRENTEU,80.71,Brent spot price
2024-01-22,DCOILBRENTEU,81.7,Brent spot price
2024-01-23,DCOILBRENTEU,82.04,Brent spot price
2024-01-24,DCOILBRENTEU,82.15,Brent spot price
2024-01-25,DCOILBRENTEU,82.33,Brent spot price
2024-01-26,DCOILBRENTEU,83.34,Brent spot price
2024-01-29,DCOILBRENTEU,83.99,Brent spot price
2024-01-30,DCOILBRENTEU,84.14,Brent spot price
2024-01-31,DCOILBRENTEU,82.98,Brent spot price
2024-02-01,DCOILBRENTEU,82.2,Brent spot price
2024-02-02,DCOILBRENTEU,79.54,Brent spot price
2024-02-05,DCOILBRENTEU,79.3,Brent spot price
2024-02-06,DCOILBRENTEU,80.46,Brent spot price
2024-02-07,DCOILBRENTEU,81.18,Brent spot price
2024-02-08,DCOILBRENTEU,83.01,Brent spot price
2024-02-09,DCOILBRENTEU,83.58,Brent spot price
2024-02-12,DCOILBRENTEU,83.88,Brent spot price
2024-02-13,DCOILBRENTEU,84.72,Brent spot price
2024-02-14,DCOILBRENTEU,84.41,Brent spot price
2024-02-15,DCOILBRENTEU,84.33,Brent spot price
2024-02-16,DCOILBRENTEU,84.88,Brent spot price
2024-02-19,DCOILBRENTEU,85.52,Brent spot price
2024-02-20,DCOILBRENTEU,84.78,Brent spot price
2024-02-21,DCOILBRENTEU,84.77,Brent spot price
2024-02-22,DCOILBRENTEU,85.84,Brent spot price
2024-02-23,DCOILBRENTEU,84.18,Brent spot price
2024-02-26,DCOILBRENTEU,84.01,Brent spot price
2024-02-27,DCOILBRENTEU,83.8,Brent spot price
2024-02-28,DCOILBRENTEU,84.08,Brent spot price
2024-02-29,DCOILBRENTEU,84.57,Brent spot price
2024-03-01,DCOILBRENTEU,84.82,Brent spot price
2024-03-04,DCOILBRENTEU,86.58,Brent spot price
2024-03-05,DCOILBRENTEU,85.82,Brent spot price
2024-03-06,DCOILBRENTEU,86.59,Brent spot price
2024-03-07,DCOILBRENTEU,84.88,Brent spot price
2024-03-08,DCOILBRENTEU,84.29,Brent spot price
2024-03-11,DCOILBRENTEU,83.44,Brent spot price
2024-03-12,DCOILBRENTEU,83.66,Brent spot price
2024-03-13,DCOILBRENTEU,83.95,Brent spot price
2024-03-14,DCOILBRENTEU,86.16,Brent spot price
2024-03-15,DCOILBRENTEU,85.39,Brent spot price
2024-03-18,DCOILBRENTEU,86.47,Brent spot price
2024-03-19,DCOILBRENTEU,87.36,Brent spot price
2024-03-20,DCOILBRENTEU,85.77,Brent spot price
2024-03-21,DCOILBRENTEU,84.92,Brent spot price
2024-03-22,DCOILBRENTEU,84.87,Brent spot price
2024-03-25,DCOILBRENTEU,86.18,Brent spot price
2024-03-26,DCOILBRENTEU,85.91,Brent spot price
2024-03-27,DCOILBRENTEU,84.94,Brent spot price
2024-03-28,DCOILBRENTEU,86.17,Brent spot price
2024-03-29,DCOILBRENTEU,,Brent spot price
2024-04-01,DCOILBRENTEU,,Brent spot price
2024-04-02,DCOILBRENTEU,87.63,Brent spot price
2024-04-03,DCOILBRENTEU,90.6,Brent spot price
2024-04-04,DCOILBRENTEU,90.32,Brent spot price
2024-04-05,DCOILBRENTEU,92.81,Brent spot price
2024-04-08,DCOILBRENTEU,91.73,Brent spot price
2024-04-09,DCOILBRENTEU,92.13,Brent spot price
2024-04-10,DCOILBRENTEU,91.57,Brent spot price
2024-04-11,DCOILBRENTEU,91.49,Brent spot price
2024-04-12,DCOILBRENTEU,93.12,Brent spot price
2024-04-15,DCOILBRENTEU,90.84,Brent spot price
2024-04-16,DCOILBRENTEU,91.29,Brent spot price
2024-04-17,DCOILBRENTEU,89.54,Brent spot price
2024-04-18,DCOILBRENTEU,88.34,Brent spot price
2024-04-19,DCOILBRENTEU,87.96,Brent spot price
2024-04-22,DCOILBRENTEU,87.3,Brent spot price
2024-04-23,DCOILBRENTEU,88.29,Brent spot price
2024-04-24,DCOILBRENTEU,89.02,Brent spot price
2024-04-25,DCOILBRENTEU,88.1,Brent spot price
2024-04-26,DCOILBRENTEU,89.95,Brent spot price
2024-04-29,DCOILBRENTEU,88.44,Brent spot price
2024-04-30,DCOILBRENTEU,88.23,Brent spot price
2024-05-01,DCOILBRENTEU,83.55,Brent spot price
2024-05-02,DCOILBRENTEU,84.81,Brent spot price
2024-05-03,DCOILBRENTEU,83.6,Brent spot price
2024-05-06,DCOILBRENTEU,,Brent spot price
2024-05-07,DCOILBRENTEU,82.69,Brent spot price
2024-05-08,DCOILBRENTEU,82.44,Brent spot price
2024-05-09,DCOILBRENTEU,83.27,Brent spot price
2024-05-10,DCOILBRENTEU,83.39,Brent spot price
2024-05-13,DCOILBRENTEU,83.18,Brent spot price
2024-05-14,DCOILBRENTEU,81,Brent spot price
2024-05-15,DCOILBRENTEU,79.98,Brent spot price
2024-05-16,DCOILBRENTEU,81.65,Brent spot price
2024-05-17,DCOILBRENTEU,82.24,Brent spot price
2024-05-20,DCOILBRENTEU,81.91,Brent spot price
2024-05-21,DCOILBRENTEU,81.22,Brent spot price
2024-05-22,DCOILBRENTEU,79.9,Brent spot price
2024-05-23,DCOILBRENTEU,79.25,Brent spot price
2024-05-24,DCOILBRENTEU,78.92,Brent spot price
2024-05-27,DCOILBRENTEU,,Brent spot price
2024-05-28,DCOILBRENTEU,81.34,Brent spot price
2024-05-29,DCOILBRENTEU,81.5,Brent spot price
2024-05-30,DCOILBRENTEU,81.42,Brent spot price
2024-05-31,DCOILBRENTEU,79.41,Brent spot price
2024-06-03,DCOILBRENTEU,76.45,Brent spot price
2024-06-04,DCOILBRENTEU,75.33,Brent spot price
2024-06-05,DCOILBRENTEU,75.41,Brent spot price
2024-06-06,DCOILBRENTEU,77.62,Brent spot price
2024-06-07,DCOILBRENTEU,78.12,Brent spot price
2024-06-10,DCOILBRENTEU,79.59,Brent spot price
2024-06-11,DCOILBRENTEU,80.15,Brent spot price
2024-06-12,DCOILBRENTEU,80.52,Brent spot price
2024-06-13,DCOILBRENTEU,81.44,Brent spot price
2024-06-14,DCOILBRENTEU,81.49,Brent spot price
2024-06-17,DCOILBRENTEU,82.45,Brent spot price
2024-06-18,DCOILBRENTEU,84.79,Brent spot price
2024-06-19,DCOILBRENTEU,85.64,Brent spot price
2024-06-20,DCOILBRENTEU,85.92,Brent spot price
2024-06-21,DCOILBRENTEU,86.42,Brent spot price
2024-06-24,DCOILBRENTEU,86.75,Brent spot price
2024-06-25,DCOILBRENTEU,86.81,Brent spot price
2024-06-26,DCOILBRENTEU,85.76,Brent spot price
2024-06-27,DCOILBRENTEU,87,Brent spot price
2024-06-28,DCOILBRENTEU,87.26,Brent spot price
2024-07-01,DCOILBRENTEU,86.57,Brent spot price
2024-07-02,DCOILBRENTEU,88.28,Brent spot price
2024-07-03,DCOILBRENTEU,88.25,Brent spot price
2024-07-04,DCOILBRENTEU,88.34,Brent spot price
2024-07-05,DCOILBRENTEU,88.66,Brent spot price
2024-07-08,DCOILBRENTEU,87.15,Brent spot price
2024-07-09,DCOILBRENTEU,86.48,Brent spot price
2024-07-10,DCOILBRENTEU,86.55,Brent spot price
2024-07-11,DCOILBRENTEU,86.49,Brent spot price
2024-07-12,DCOILBRENTEU,87.35,Brent spot price
2024-07-15,DCOILBRENTEU,86.42,Brent spot price
2024-07-16,DCOILBRENTEU,86.6,Brent spot price
2024-07-17,DCOILBRENTEU,85.76,Brent spot price
2024-07-18,DCOILBRENTEU,86.26,Brent spot price
2024-07-19,DCOILBRENTEU,85.19,Brent spot price
2024-07-22,DCOILBRENTEU,83.44,Brent spot price
2024-07-23,DCOILBRENTEU,82.2,Brent spot price
2024-07-24,DCOILBRENTEU,83.01,Brent spot price
2024-07-25,DCOILBRENTEU,82.58,Brent spot price
2024-07-26,DCOILBRENTEU,81.35,Brent spot price
2024-07-29,DCOILBRENTEU,80.94,Brent spot price
2024-07-30,DCOILBRENTEU,79.26,Brent spot price
2024-07-31,DCOILBRENTEU,81.39,Brent spot price
2024-08-01,DCOILBRENTEU,81.37,Brent spot price
2024-08-02,DCOILBRENTEU,78.35,Brent spot price
2024-08-05,DCOILBRENTEU,77.51,Brent spot price
2024-08-06,DCOILBRENTEU,76.62,Brent spot price
2024-08-07,DCOILBRENTEU,78.26,Brent spot price
2024-08-08,DCOILBRENTEU,80.76,Brent spot price
2024-08-09,DCOILBRENTEU,81.07,Brent spot price
2024-08-12,DCOILBRENTEU,83.06,Brent spot price
2024-08-13,DCOILBRENTEU,82.51,Brent spot price
2024-08-14,DCOILBRENTEU,82.15,Brent spot price
2024-08-15,DCOILBRENTEU,83.09,Brent spot price
2024-08-16,DCOILBRENTEU,81.56,Brent spot price
2024-08-19,DCOILBRENTEU,81.09,Brent spot price
2024-08-20,DCOILBRENTEU,78.85,Brent spot price
2024-08-21,DCOILBRENTEU,78.77,Brent spot price
2024-08-22,DCOILBRENTEU,78.8,Brent spot price
2024-08-23,DCOILBRENTEU,80.34,Brent spot price
2024-08-26,DCOILBRENTEU,,Brent spot price
2024-08-27,DCOILBRENTEU,81.51,Brent spot price
2024-08-28,DCOILBRENTEU,80.04,Brent spot price
2024-08-29,DCOILBRENTEU,81.55,Brent spot price
2024-08-30,DCOILBRENTEU,80.2,Brent spot price
2024-09-02,DCOILBRENTEU,77.82,Brent spot price
2024-09-03,DCOILBRENTEU,76.46,Brent spot price
2024-09-04,DCOILBRENTEU,74.67,Brent spot price
2024-09-05,DCOILBRENTEU,74.47,Brent spot price
2024-09-06,DCOILBRENTEU,72.82,Brent spot price
2024-09-09,DCOILBRENTEU,72.37,Brent spot price
2024-09-10,DCOILBRENTEU,70.34,Brent spot price
2024-09-11,DCOILBRENTEU,70.31,Brent spot price
2024-09-12,DCOILBRENTEU,73.81,Brent spot price
2024-09-13,DCOILBRENTEU,73.68,Brent spot price
2024-09-16,DCOILBRENTEU,73.96,Brent spot price
2024-09-17,DCOILBRENTEU,74.55,Brent spot price
2024-09-18,DCOILBRENTEU,74.52,Brent spot price
2024-09-19,DCOILBRENTEU,75.93,Brent spot price
2024-09-20,DCOILBRENTEU,75.96,Brent spot price
2024-09-23,DCOILBRENTEU,74.95,Brent spot price
2024-09-24,DCOILBRENTEU,75.29,Brent spot price
2024-09-25,DCOILBRENTEU,75.4,Brent spot price
2024-09-26,DCOILBRENTEU,73.06,Brent spot price
2024-09-27,DCOILBRENTEU,71.63,Brent spot price
2024-09-30,DCOILBRENTEU,72.35,Brent spot price
2024-10-01,DCOILBRENTEU,75.3,Brent spot price
2024-10-02,DCOILBRENTEU,74.86,Brent spot price
2024-10-03,DCOILBRENTEU,77.57,Brent spot price
2024-10-04,DCOILBRENTEU,79.32,Brent spot price
2024-10-07,DCOILBRENTEU,81.74,Brent spot price
2024-10-08,DCOILBRENTEU,78.19,Brent spot price
2024-10-09,DCOILBRENTEU,77.06,Brent spot price
2024-10-10,DCOILBRENTEU,79.45,Brent spot price
2024-10-11,DCOILBRENTEU,80.27,Brent spot price
2024-10-14,DCOILBRENTEU,78.47,Brent spot price
2024-10-15,DCOILBRENTEU,73.68,Brent spot price
2024-10-16,DCOILBRENTEU,73.65,Brent spot price
2024-10-17,DCOILBRENTEU,74.37,Brent spot price
2024-10-18,DCOILBRENTEU,72.75,Brent spot price
2024-10-21,DCOILBRENTEU,73.29,Brent spot price
2024-10-22,DCOILBRENTEU,75.59,Brent spot price
2024-10-23,DCOILBRENTEU,74.68,Brent spot price
2024-10-24,DCOILBRENTEU,74.27,Brent spot price
2024-10-25,DCOILBRENTEU,75.62,Brent spot price
2024-10-28,DCOILBRENTEU,71.87,Brent spot price
2024-10-29,DCOILBRENTEU,71.09,Brent spot price
2024-10-30,DCOILBRENTEU,73.21,Brent spot price
2024-10-31,DCOILBRENTEU,73.25,Brent spot price
2024-11-01,DCOILBRENTEU,73.63,Brent spot price
2024-11-04,DCOILBRENTEU,74.89,Brent spot price
2024-11-05,DCOILBRENTEU,76.98,Brent spot price
2024-11-06,DCOILBRENTEU,76.52,Brent spot price
2024-11-07,DCOILBRENTEU,75.73,Brent spot price
2024-11-08,DCOILBRENTEU,74.04,Brent spot price
2024-11-11,DCOILBRENTEU,72.19,Brent spot price
2024-11-12,DCOILBRENTEU,72.56,Brent spot price
2024-11-13,DCOILBRENTEU,72.86,Brent spot price
2024-11-14,DCOILBRENTEU,73.39,Brent spot price
2024-11-15,DCOILBRENTEU,73.45,Brent spot price
2024-11-18,DCOILBRENTEU,74.35,Brent spot price
2024-11-19,DCOILBRENTEU,74.32,Brent spot price
2024-11-20,DCOILBRENTEU,74.33,Brent spot price
2024-11-21,DCOILBRENTEU,75.09,Brent spot price
2024-11-22,DCOILBRENTEU,76.1,Brent spot price
2024-11-25,DCOILBRENTEU,74.27,Brent spot price
2024-11-26,DCOILBRENTEU,74.56,Brent spot price
2024-11-27,DCOILBRENTEU,73.91,Brent spot price
2024-11-28,DCOILBRENTEU,73.92,Brent spot price
2024-11-29,DCOILBRENTEU,74.16,Brent spot price
2024-12-02,DCOILBRENTEU,72.81,Brent spot price
2024-12-03,DCOILBRENTEU,74.8,Brent spot price
2024-12-04,DCOILBRENTEU,74.68,Brent spot price
2024-12-05,DCOILBRENTEU,73.78,Brent spot price
2024-12-06,DCOILBRENTEU,73.78,Brent spot price
2024-12-09,DCOILBRENTEU,73.73,Brent spot price
2024-12-10,DCOILBRENTEU,73.64,Brent spot price
2024-12-11,DCOILBRENTEU,74.38,Brent spot price
2024-12-12,DCOILBRENTEU,73.52,Brent spot price
2024-12-13,DCOILBRENTEU,74.89,Brent spot price
2024-12-16,DCOILBRENTEU,74.3,Brent spot price
2024-12-17,DCOILBRENTEU,73.16,Brent spot price
2024-12-18,DCOILBRENTEU,74.57,Brent spot price
2024-12-19,DCOILBRENTEU,73.75,Brent spot price
2024-12-20,DCOILBRENTEU,73.19,Brent spot price
2024-12-23,DCOILBRENTEU,72.12,Brent spot price
2024-12-24,DCOILBRENTEU,73.5,Brent spot price
2024-12-25,DCOILBRENTEU,,Brent spot price
2024-12-26,DCOILBRENTEU,,Brent spot price
2024-12-27,DCOILBRENTEU,73.77,Brent spot price
2024-12-30,DCOILBRENTEU,74.24,Brent spot price
2024-12-31,DCOILBRENTEU,74.58,Brent spot price
2025-01-01,DCOILBRENTEU,,Brent spot price
2025-01-02,DCOILBRENTEU,76.14,Brent spot price
2025-01-03,DCOILBRENTEU,76.72,Brent spot price
2025-01-06,DCOILBRENTEU,77.27,Brent spot price
2025-01-07,DCOILBRENTEU,77.84,Brent spot price
2025-01-08,DCOILBRENTEU,77.37,Brent spot price
2025-01-09,DCOILBRENTEU,78.44,Brent spot price
2025-01-10,DCOILBRENTEU,79.76,Brent spot price
2025-01-13,DCOILBRENTEU,82.69,Brent spot price
2025-01-14,DCOILBRENTEU,82.39,Brent spot price
2025-01-15,DCOILBRENTEU,83.48,Brent spot price
2025-01-16,DCOILBRENTEU,82.39,Brent spot price
2025-01-17,DCOILBRENTEU,83.02,Brent spot price
2025-01-20,DCOILBRENTEU,81.68,Brent spot price
2025-01-21,DCOILBRENTEU,80.57,Brent spot price
2025-01-22,DCOILBRENTEU,80,Brent spot price
2025-01-23,DCOILBRENTEU,78.62,Brent spot price
2025-01-24,DCOILBRENTEU,78.71,Brent spot price
2025-01-27,DCOILBRENTEU,77.3,Brent spot price
2025-01-28,DCOILBRENTEU,78.01,Brent spot price
2025-01-29,DCOILBRENTEU,77.02,Brent spot price
2025-01-30,DCOILBRENTEU,77.42,Brent spot price
2025-01-31,DCOILBRENTEU,77.11,Brent spot price
2025-02-03,DCOILBRENTEU,76.49,Brent spot price
2025-02-04,DCOILBRENTEU,76.58,Brent spot price
2025-02-05,DCOILBRENTEU,74.71,Brent spot price
2025-02-06,DCOILBRENTEU,74.54,Brent spot price
2025-02-07,DCOILBRENTEU,74.68,Brent spot price
2025-02-10,DCOILBRENTEU,76.23,Brent spot price
2025-02-11,DCOILBRENTEU,77.65,Brent spot price
2025-02-12,DCOILBRENTEU,75.38,Brent spot price
2025-02-13,DCOILBRENTEU,75.61,Brent spot price
2025-02-14,DCOILBRENTEU,75.19,Brent spot price
2025-02-17,DCOILBRENTEU,75.81,Brent spot price
2025-02-18,DCOILBRENTEU,76.46,Brent spot price
2025-02-19,DCOILBRENTEU,76.34,Brent spot price
2025-02-20,DCOILBRENTEU,76.95,Brent spot price
2025-02-21,DCOILBRENTEU,74.88,Brent spot price
2025-02-24,DCOILBRENTEU,74.89,Brent spot price
2025-02-25,DCOILBRENTEU,73.11,Brent spot price
2025-02-26,DCOILBRENTEU,73.49,Brent spot price
2025-02-27,DCOILBRENTEU,75.01,Brent spot price
2025-02-28,DCOILBRENTEU,74.76,Brent spot price
2025-03-03,DCOILBRENTEU,72.85,Brent spot price
2025-03-04,DCOILBRENTEU,72.31,Brent spot price
2025-03-05,DCOILBRENTEU,70.92,Brent spot price
2025-03-06,DCOILBRENTEU,71.08,Brent spot price
2025-03-07,DCOILBRENTEU,72.49,Brent spot price
2025-03-10,DCOILBRENTEU,71.08,Brent spot price
2025-03-11,DCOILBRENTEU,71.51,Brent spot price
2025-03-12,DCOILBRENTEU,72.36,Brent spot price
2025-03-13,DCOILBRENTEU,70.82,Brent spot price
2025-03-14,DCOILBRENTEU,71.94,Brent spot price
2025-03-17,DCOILBRENTEU,71.93,Brent spot price
2025-03-18,DCOILBRENTEU,71.93,Brent spot price
2025-03-19,DCOILBRENTEU,71.94,Brent spot price
2025-03-20,DCOILBRENTEU,72.61,Brent spot price
2025-03-21,DCOILBRENTEU,72.64,Brent spot price
2025-03-24,DCOILBRENTEU,73.96,Brent spot price
2025-03-25,DCOILBRENTEU,73.78,Brent spot price
2025-03-26,DCOILBRENTEU,74.6,Brent spot price
2025-03-27,DCOILBRENTEU,74.72,Brent spot price
2025-03-28,DCOILBRENTEU,74.69,Brent spot price
2025-03-31,DCOILBRENTEU,77.23,Brent spot price
2025-04-01,DCOILBRENTEU,77.78,Brent spot price
2025-04-02,DCOILBRENTEU,77.27,Brent spot price
2025-04-03,DCOILBRENTEU,72.54,Brent spot price
2025-04-04,DCOILBRENTEU,68.36,Brent spot price
2025-04-07,DCOILBRENTEU,66.13,Brent spot price
2025-04-08,DCOILBRENTEU,64.86,Brent spot price
2025-04-09,DCOILBRENTEU,67.3,Brent spot price
2025-04-10,DCOILBRENTEU,65.37,Brent spot price
2025-04-11,DCOILBRENTEU,66.83,Brent spot price
2025-04-14,DCOILBRENTEU,67.18,Brent spot price
2025-04-15,DCOILBRENTEU,66.58,Brent spot price
2025-04-16,DCOILBRENTEU,67.94,Brent spot price
2025-04-17,DCOILBRENTEU,69.33,Brent spot price
2025-04-18,DCOILBRENTEU,,Brent spot price
2025-04-21,DCOILBRENTEU,,Brent spot price
2025-04-22,DCOILBRENTEU,68.93,Brent spot price
2025-04-23,DCOILBRENTEU,68.26,Brent spot price
2025-04-24,DCOILBRENTEU,67.5,Brent spot price
2025-04-25,DCOILBRENTEU,66.99,Brent spot price
2025-04-28,DCOILBRENTEU,66.13,Brent spot price
2025-04-29,DCOILBRENTEU,64.04,Brent spot price
2025-04-30,DCOILBRENTEU,63.37,Brent spot price
2025-05-01,DCOILBRENTEU,62.37,Brent spot price
2025-05-02,DCOILBRENTEU,61.57,Brent spot price
2025-05-05,DCOILBRENTEU,,Brent spot price
2025-05-06,DCOILBRENTEU,62.37,Brent spot price
2025-05-07,DCOILBRENTEU,60.31,Brent spot price
2025-05-08,DCOILBRENTEU,62.22,Brent spot price
2025-05-09,DCOILBRENTEU,64.26,Brent spot price
2025-05-12,DCOILBRENTEU,65.28,Brent spot price
2025-05-13,DCOILBRENTEU,66.93,Brent spot price
2025-05-14,DCOILBRENTEU,65.91,Brent spot price
2025-05-15,DCOILBRENTEU,64.36,Brent spot price
2025-05-16,DCOILBRENTEU,65.2,Brent spot price
2025-05-19,DCOILBRENTEU,66.25,Brent spot price
2025-05-20,DCOILBRENTEU,66.93,Brent spot price
2025-05-21,DCOILBRENTEU,65.86,Brent spot price
2025-05-22,DCOILBRENTEU,64.87,Brent spot price
2025-05-23,DCOILBRENTEU,65.41,Brent spot price
2025-05-26,DCOILBRENTEU,,Brent spot price
2025-05-27,DCOILBRENTEU,64.32,Brent spot price
2025-05-28,DCOILBRENTEU,65.72,Brent spot price
2025-05-29,DCOILBRENTEU,64.6,Brent spot price
2025-05-30,DCOILBRENTEU,64.32,Brent spot price
2025-06-02,DCOILBRENTEU,66.55,Brent spot price
2025-06-03,DCOILBRENTEU,67.48,Brent spot price
2025-06-04,DCOILBRENTEU,66.69,Brent spot price
2025-06-05,DCOILBRENTEU,67.14,Brent spot price
2025-06-06,DCOILBRENTEU,68.02,Brent spot price
2025-06-09,DCOILBRENTEU,68.73,Brent spot price
2025-06-10,DCOILBRENTEU,68.41,Brent spot price
2025-06-11,DCOILBRENTEU,71.29,Brent spot price
2025-06-12,DCOILBRENTEU,70.84,Brent spot price
2025-06-13,DCOILBRENTEU,76,Brent spot price
2025-06-16,DCOILBRENTEU,75.05,Brent spot price
2025-06-17,DCOILBRENTEU,78.7,Brent spot price
2025-06-18,DCOILBRENTEU,78.38,Brent spot price
2025-06-19,DCOILBRENTEU,80.37,Brent spot price
2025-06-20,DCOILBRENTEU,78.73,Brent spot price
2025-06-23,DCOILBRENTEU,74.34,Brent spot price
2025-06-24,DCOILBRENTEU,69.13,Brent spot price
2025-06-25,DCOILBRENTEU,68.4,Brent spot price
2025-06-26,DCOILBRENTEU,68.57,Brent spot price
2025-06-27,DCOILBRENTEU,69.37,Brent spot price
2025-06-30,DCOILBRENTEU,68.15,Brent spot price
2025-07-01,DCOILBRENTEU,67.63,Brent spot price
2025-07-02,DCOILBRENTEU,70.8,Brent spot price
2025-07-03,DCOILBRENTEU,70.42,Brent spot price
2025-07-04,DCOILBRENTEU,71.03,Brent spot price
2025-07-07,DCOILBRENTEU,71.95,Brent spot price
2025-07-08,DCOILBRENTEU,72.5,Brent spot price
2025-07-09,DCOILBRENTEU,71.98,Brent spot price
2025-07-10,DCOILBRENTEU,70.38,Brent spot price
2025-07-11,DCOILBRENTEU,72.06,Brent spot price
2025-07-14,DCOILBRENTEU,70.96,Brent spot price
2025-07-15,DCOILBRENTEU,70.27,Brent spot price
2025-07-16,DCOILBRENTEU,69.67,Brent spot price
2025-07-17,DCOILBRENTEU,71.32,Brent spot price
2025-07-18,DCOILBRENTEU,71.06,Brent spot price
2025-07-21,DCOILBRENTEU,71.92,Brent spot price
2025-07-22,DCOILBRENTEU,69.69,Brent spot price
2025-07-23,DCOILBRENTEU,69.17,Brent spot price
2025-07-24,DCOILBRENTEU,70.42,Brent spot price
2025-07-25,DCOILBRENTEU,69.23,Brent spot price
2025-07-28,DCOILBRENTEU,70.87,Brent spot price
2025-07-29,DCOILBRENTEU,73.21,Brent spot price
2025-07-30,DCOILBRENTEU,73.98,Brent spot price
2025-07-31,DCOILBRENTEU,73.43,Brent spot price
2025-08-01,DCOILBRENTEU,70.55,Brent spot price
2025-08-04,DCOILBRENTEU,69.56,Brent spot price
2025-08-05,DCOILBRENTEU,69.14,Brent spot price
2025-08-06,DCOILBRENTEU,67.97,Brent spot price
2025-08-07,DCOILBRENTEU,66.99,Brent spot price
2025-08-08,DCOILBRENTEU,67.17,Brent spot price
2025-08-11,DCOILBRENTEU,67.36,Brent spot price
2025-08-12,DCOILBRENTEU,66.8,Brent spot price
2025-08-13,DCOILBRENTEU,66.25,Brent spot price
2025-08-14,DCOILBRENTEU,68.12,Brent spot price
2025-08-15,DCOILBRENTEU,67.3,Brent spot price
2025-08-18,DCOILBRENTEU,68.18,Brent spot price
2025-08-19,DCOILBRENTEU,66.62,Brent spot price
2025-08-20,DCOILBRENTEU,67.61,Brent spot price
2025-08-21,DCOILBRENTEU,68.41,Brent spot price
2025-08-22,DCOILBRENTEU,68.29,Brent spot price
2025-08-25,DCOILBRENTEU,,Brent spot price
2025-08-26,DCOILBRENTEU,66.89,Brent spot price
2025-08-27,DCOILBRENTEU,67.75,Brent spot price
2025-08-28,DCOILBRENTEU,68.61,Brent spot price
2025-08-29,DCOILBRENTEU,67.83,Brent spot price
2025-09-01,DCOILBRENTEU,67.09,Brent spot price
2025-09-02,DCOILBRENTEU,68.09,Brent spot price
2025-09-03,DCOILBRENTEU,67.76,Brent spot price
2025-09-04,DCOILBRENTEU,66.41,Brent spot price
2025-09-05,DCOILBRENTEU,64.92,Brent spot price
2025-09-08,DCOILBRENTEU,65.44,Brent spot price
2025-09-09,DCOILBRENTEU,67.97,Brent spot price
2025-09-10,DCOILBRENTEU,67.62,Brent spot price
2025-09-11,DCOILBRENTEU,67.25,Brent spot price
2025-09-12,DCOILBRENTEU,67.87,Brent spot price
2025-09-15,DCOILBRENTEU,67.88,Brent spot price
2025-09-16,DCOILBRENTEU,69.69,Brent spot price
2025-09-17,DCOILBRENTEU,69.19,Brent spot price
2025-09-18,DCOILBRENTEU,67.83,Brent spot price
2025-09-19,DCOILBRENTEU,67.05,Brent spot price
2025-09-22,DCOILBRENTEU,66.87,Brent spot price
2025-09-23,DCOILBRENTEU,67.96,Brent spot price
2025-09-24,DCOILBRENTEU,69.64,Brent spot price
2025-09-25,DCOILBRENTEU,70.48,Brent spot price
2025-09-26,DCOILBRENTEU,71.15,Brent spot price
2025-09-29,DCOILBRENTEU,69,Brent spot price
2025-09-30,DCOILBRENTEU,68.52,Brent spot price
2025-10-01,DCOILBRENTEU,66.67,Brent spot price
2025-10-02,DCOILBRENTEU,65.44,Brent spot price
2025-10-03,DCOILBRENTEU,66.13,Brent spot price
2025-10-06,DCOILBRENTEU,67.09,Brent spot price
2025-10-07,DCOILBRENTEU,67.1,Brent spot price
2025-10-08,DCOILBRENTEU,67.42,Brent spot price
2025-10-09,DCOILBRENTEU,67.23,Brent spot price
2025-10-10,DCOILBRENTEU,64.41,Brent spot price
2025-10-13,DCOILBRENTEU,64.15,Brent spot price
2025-10-14,DCOILBRENTEU,63,Brent spot price
2025-10-15,DCOILBRENTEU,62.33,Brent spot price
2025-10-16,DCOILBRENTEU,61.08,Brent spot price
2025-10-17,DCOILBRENTEU,61.23,Brent spot price
2025-10-20,DCOILBRENTEU,60.71,Brent spot price
2025-10-21,DCOILBRENTEU,61,Brent spot price
2025-10-22,DCOILBRENTEU,62.28,Brent spot price
2025-10-23,DCOILBRENTEU,66.32,Brent spot price
2025-10-24,DCOILBRENTEU,65.8,Brent spot price
2025-10-27,DCOILBRENTEU,65.52,Brent spot price
2025-10-28,DCOILBRENTEU,64.03,Brent spot price
2025-10-29,DCOILBRENTEU,65.01,Brent spot price
2025-10-30,DCOILBRENTEU,65.11,Brent spot price
2025-10-31,DCOILBRENTEU,65.44,Brent spot price
2025-11-03,DCOILBRENTEU,65.79,Brent spot price
2025-11-04,DCOILBRENTEU,65.04,Brent spot price
2025-11-05,DCOILBRENTEU,63.54,Brent spot price
2025-11-06,DCOILBRENTEU,63.41,Brent spot price
2025-11-07,DCOILBRENTEU,63.72,Brent spot price
2025-11-10,DCOILBRENTEU,63.01,Brent spot price
2025-11-11,DCOILBRENTEU,63.86,Brent spot price
2025-11-12,DCOILBRENTEU,61.88,Brent spot price
2025-11-13,DCOILBRENTEU,62.14,Brent spot price
2025-11-14,DCOILBRENTEU,63.45,Brent spot price
2025-11-17,DCOILBRENTEU,63.16,Brent spot price
2025-11-18,DCOILBRENTEU,64.86,Brent spot price
2025-11-19,DCOILBRENTEU,63.78,Brent spot price
2025-11-20,DCOILBRENTEU,63.64,Brent spot price
2025-11-21,DCOILBRENTEU,62.78,Brent spot price
2025-11-24,DCOILBRENTEU,64.83,Brent spot price
2025-11-25,DCOILBRENTEU,63.99,Brent spot price
2025-11-26,DCOILBRENTEU,64.81,Brent spot price
2025-11-27,DCOILBRENTEU,64.18,Brent spot price
2025-11-28,DCOILBRENTEU,64.07,Brent spot price
2025-12-01,DCOILBRENTEU,64.22,Brent spot price
2025-12-02,DCOILBRENTEU,63.37,Brent spot price
2025-12-03,DCOILBRENTEU,63.75,Brent spot price
2025-12-04,DCOILBRENTEU,64.15,Brent spot price
2025-12-05,DCOILBRENTEU,64.42,Brent spot price
2025-12-08,DCOILBRENTEU,63.3,Brent spot price
2025-12-09,DCOILBRENTEU,62.62,Brent spot price
2025-12-10,DCOILBRENTEU,63.12,Brent spot price
2025-12-11,DCOILBRENTEU,61.87,Brent spot price
2025-12-12,DCOILBRENTEU,62.11,Brent spot price
2025-12-15,DCOILBRENTEU,61.55,Brent spot price
2025-12-16,DCOILBRENTEU,59.93,Brent spot price
2025-12-17,DCOILBRENTEU,60.61,Brent spot price
2025-12-18,DCOILBRENTEU,60.69,Brent spot price
2025-12-19,DCOILBRENTEU,61.35,Brent spot price
2025-12-22,DCOILBRENTEU,62.22,Brent spot price
2025-12-23,DCOILBRENTEU,63.7,Brent spot price
2025-12-24,DCOILBRENTEU,63.7,Brent spot price
2025-12-25,DCOILBRENTEU,,Brent spot price
2025-12-26,DCOILBRENTEU,,Brent spot price
2025-12-29,DCOILBRENTEU,63.1,Brent spot price
2025-12-30,DCOILBRENTEU,62.3,Brent spot price
2025-12-31,DCOILBRENTEU,61.35,Brent spot price
2026-01-01,DCOILBRENTEU,,Brent spot price
2026-01-02,DCOILBRENTEU,61.98,Brent spot price
2026-01-05,DCOILBRENTEU,63,Brent spot price
2026-01-06,DCOILBRENTEU,62.1,Brent spot price
2026-01-07,DCOILBRENTEU,61.08,Brent spot price
2026-01-08,DCOILBRENTEU,63.34,Brent spot price
2026-01-09,DCOILBRENTEU,65.11,Brent spot price
2026-01-12,DCOILBRENTEU,65.4,Brent spot price
2026-01-13,DCOILBRENTEU,67.58,Brent spot price
2026-01-14,DCOILBRENTEU,68.87,Brent spot price
2026-01-15,DCOILBRENTEU,66.16,Brent spot price
2026-01-16,DCOILBRENTEU,66.97,Brent spot price
2026-01-19,DCOILBRENTEU,66.91,Brent spot price
2026-01-20,DCOILBRENTEU,67.68,Brent spot price
2026-01-21,DCOILBRENTEU,66.72,Brent spot price
2026-01-22,DCOILBRENTEU,65.46,Brent spot price
2026-01-23,DCOILBRENTEU,68.16,Brent spot price
2026-01-26,DCOILBRENTEU,67.7,Brent spot price
2026-01-27,DCOILBRENTEU,70.28,Brent spot price
2026-01-28,DCOILBRENTEU,70.9,Brent spot price
2026-01-29,DCOILBRENTEU,71,Brent spot price
2026-01-30,DCOILBRENTEU,72.25,Brent spot price
2026-02-02,DCOILBRENTEU,67.72,Brent spot price
2026-02-03,DCOILBRENTEU,70.01,Brent spot price
2026-02-04,DCOILBRENTEU,71.15,Brent spot price
2026-02-05,DCOILBRENTEU,69.87,Brent spot price
2026-02-06,DCOILBRENTEU,70.45,Brent spot price
2026-02-09,DCOILBRENTEU,71.19,Brent spot price
2026-02-10,DCOILBRENTEU,71.01,Brent spot price
2026-02-11,DCOILBRENTEU,71.52,Brent spot price
2026-02-12,DCOILBRENTEU,69.8,Brent spot price
2026-02-13,DCOILBRENTEU,69.96,Brent spot price
2026-02-16,DCOILBRENTEU,70.81,Brent spot price
2026-02-17,DCOILBRENTEU,69.77,Brent spot price
2026-02-18,DCOILBRENTEU,71.78,Brent spot price
2026-02-19,DCOILBRENTEU,73.17,Brent spot price
2026-02-20,DCOILBRENTEU,72.75,Brent spot price
2026-02-23,DCOILBRENTEU,71.9,Brent spot price
2026-02-24,DCOILBRENTEU,71.21,Brent spot price
2026-02-25,DCOILBRENTEU,70.69,Brent spot price
2026-02-26,DCOILBRENTEU,71.66,Brent spot price
2026-02-27,DCOILBRENTEU,71.32,Brent spot price
2026-03-02,DCOILBRENTEU,77.24,Brent spot price
2026-03-03,DCOILBRENTEU,83.28,Brent spot price
2026-03-04,DCOILBRENTEU,81.56,Brent spot price
2026-03-05,DCOILBRENTEU,88.59,Brent spot price
2026-03-06,DCOILBRENTEU,95.74,Brent spot price
2026-03-09,DCOILBRENTEU,94.35,Brent spot price
2026-03-10,DCOILBRENTEU,89.84,Brent spot price
2026-03-11,DCOILBRENTEU,90.98,Brent spot price
2026-03-12,DCOILBRENTEU,102.38,Brent spot price
2026-03-13,DCOILBRENTEU,103.23,Brent spot price
2026-03-16,DCOILBRENTEU,101.04,Brent spot price
2026-03-17,DCOILBRENTEU,108.39,Brent spot price
2026-03-18,DCOILBRENTEU,118.09,Brent spot price
2026-03-19,DCOILBRENTEU,111.05,Brent spot price
2026-03-20,DCOILBRENTEU,118.42,Brent spot price
2026-03-23,DCOILBRENTEU,103.79,Brent spot price
2026-03-24,DCOILBRENTEU,108.42,Brent spot price
2026-03-25,DCOILBRENTEU,109.14,Brent spot price
2026-03-26,DCOILBRENTEU,113.39,Brent spot price
2026-03-27,DCOILBRENTEU,121.47,Brent spot price
2026-03-30,DCOILBRENTEU,121.88,Brent spot price
2026-03-31,DCOILBRENTEU,126.69,Brent spot price
2026-04-01,DCOILBRENTEU,119.56,Brent spot price
2026-04-02,DCOILBRENTEU,127.61,Brent spot price
2026-04-03,DCOILBRENTEU,,Brent spot price
2026-04-06,DCOILBRENTEU,,Brent spot price
2026-04-07,DCOILBRENTEU,138.21,Brent spot price
2026-04-08,DCOILBRENTEU,122.11,Brent spot price
2026-04-09,DCOILBRENTEU,119.03,Brent spot price
2026-04-10,DCOILBRENTEU,119.07,Brent spot price
2026-04-13,DCOILBRENTEU,123.28,Brent spot price
2026-04-14,DCOILBRENTEU,118.69,Brent spot price
2026-04-15,DCOILBRENTEU,114.93,Brent spot price
2026-04-16,DCOILBRENTEU,116.63,Brent spot price
2026-04-17,DCOILBRENTEU,98.63,Brent spot price
2026-04-20,DCOILBRENTEU,103.4,Brent spot price
2026-04-21,DCOILBRENTEU,106.14,Brent spot price
2026-04-22,DCOILBRENTEU,113.44,Brent spot price
2026-04-23,DCOILBRENTEU,113.25,Brent spot price
2026-04-24,DCOILBRENTEU,111.86,Brent spot price
2026-04-27,DCOILBRENTEU,113.89,Brent spot price
2026-04-28,DCOILBRENTEU,117.62,Brent spot price
2026-04-29,DCOILBRENTEU,124.16,Brent spot price
2026-04-30,DCOILBRENTEU,124.24,Brent spot price
2026-05-01,DCOILBRENTEU,118.26,Brent spot price
2026-05-04,DCOILBRENTEU,,Brent spot price
2026-05-05,DCOILBRENTEU,114.51,Brent spot price
2026-05-06,DCOILBRENTEU,103.7,Brent spot price
2026-05-07,DCOILBRENTEU,101.82,Brent spot price
2026-05-08,DCOILBRENTEU,103.48,Brent spot price
2026-05-11,DCOILBRENTEU,106.11,Brent spot price
2026-05-12,DCOILBRENTEU,111.37,Brent spot price
2026-05-13,DCOILBRENTEU,110.28,Brent spot price
2026-05-14,DCOILBRENTEU,110.91,Brent spot price
2026-05-15,DCOILBRENTEU,113.96,Brent spot price
2026-05-18,DCOILBRENTEU,116.73,Brent spot price
2026-05-19,DCOILBRENTEU,114.64,Brent spot price
2026-05-20,DCOILBRENTEU,108.93,Brent spot price
2026-05-21,DCOILBRENTEU,105.84,Brent spot price
2026-05-22,DCOILBRENTEU,106.9,Brent spot price
2026-05-25,DCOILBRENTEU,,Brent spot price
2026-05-26,DCOILBRENTEU,102.75,Brent spot price
2026-05-27,DCOILBRENTEU,97.11,Brent spot price
2026-05-28,DCOILBRENTEU,95.47,Brent spot price
2026-05-29,DCOILBRENTEU,92.88,Brent spot price
2026-06-01,DCOILBRENTEU,98.29,Brent spot price
2026-06-02,DCOILBRENTEU,98.49,Brent spot price
2026-06-03,DCOILBRENTEU,101.69,Brent spot price
2026-06-04,DCOILBRENTEU,98.98,Brent spot price
2026-06-05,DCOILBRENTEU,97.29,Brent spot price
2026-06-08,DCOILBRENTEU,97.46,Brent spot price
2026-06-09,DCOILBRENTEU,94.15,Brent spot price
2026-06-10,DCOILBRENTEU,95.73,Brent spot price
2026-06-11,DCOILBRENTEU,92.84,Brent spot price
2026-06-12,DCOILBRENTEU,88.64,Brent spot price
2026-06-15,DCOILBRENTEU,84.36,Brent spot price
2026-06-16,DCOILBRENTEU,80.5,Brent spot price
2026-06-17,DCOILBRENTEU,80.33,Brent spot price
2026-06-18,DCOILBRENTEU,79.35,Brent spot price
2026-06-19,DCOILBRENTEU,80.46,Brent spot price
2026-06-22,DCOILBRENTEU,76.49,Brent spot price
2026-06-23,DCOILBRENTEU,75.69,Brent spot price
2026-06-24,DCOILBRENTEU,72.09,Brent spot price
2026-06-25,DCOILBRENTEU,73.74,Brent spot price
2026-06-26,DCOILBRENTEU,70.16,Brent spot price
2026-06-29,DCOILBRENTEU,71.59,Brent spot price
2026-06-30,DCOILBRENTEU,70.46,Brent spot price
2026-07-01,DCOILBRENTEU,69.24,Brent spot price
2026-07-02,DCOILBRENTEU,68.53,Brent spot price
2026-07-03,DCOILBRENTEU,68.68,Brent spot price
2026-07-06,DCOILBRENTEU,69.56,Brent spot price
2026-07-07,DCOILBRENTEU,71.78,Brent spot price
2026-07-08,DCOILBRENTEU,76.5,Brent spot price
2026-07-09,DCOILBRENTEU,74.46,Brent spot price
2026-07-10,DCOILBRENTEU,74.34,Brent spot price
2026-07-13,DCOILBRENTEU,81.62,Brent spot price
2026-07-14,DCOILBRENTEU,83.69,Brent spot price
2026-07-15,DCOILBRENTEU,83.08,Brent spot price
2026-07-16,DCOILBRENTEU,81.23,Brent spot price
2026-07-17,DCOILBRENTEU,85.01,Brent spot price
2026-07-20,DCOILBRENTEU,86.99,Brent spot price
2026-07-21,DCOILBRENTEU,93.85,Brent spot price
2026-07-22,DCOILBRENTEU,94.12,Brent spot price
2026-07-23,DCOILBRENTEU,105.32,Brent spot price
2026-07-24,DCOILBRENTEU,100.31,Brent spot price
2026-07-27,DCOILBRENTEU,91.82,Brent spot price
2026-07-28,DCOILBRENTEU,85.51,Brent spot price
2026-07-29,DCOILBRENTEU,91.95,Brent spot price
2026-07-30,DCOILBRENTEU,91.91,Brent spot price
2026-07-31,DCOILBRENTEU,96.95,Brent spot price
2026-08-03,DCOILBRENTEU,88.9,Brent spot price
2026-08-04,DCOILBRENTEU,86.47,Brent spot price
2026-08-05,DCOILBRENTEU,86.65,Brent spot price
2026-08-06,DCOILBRENTEU,89.65,Brent spot price
2026-08-07,DCOILBRENTEU,87.62,Brent spot price
2026-08-10,DCOILBRENTEU,92.74,Brent spot price
2026-08-11,DCOILBRENTEU,93.26,Brent spot price
2026-08-12,DCOILBRENTEU,92.52,Brent spot price
2026-08-13,DCOILBRENTEU,92.03,Brent spot price
2026-08-14,DCOILBRENTEU,92.02,Brent spot price
2026-08-17,DCOILBRENTEU,92.43,Brent spot price
2026-08-18,DCOILBRENTEU,95.29,Brent spot price
2026-08-19,DCOILBRENTEU,92.37,Brent spot price
2026-08-20,DCOILBRENTEU,94,Brent spot price
2026-08-21,DCOILBRENTEU,96.92,Brent spot price
2026-08-24,DCOILBRENTEU,92.71,Brent spot price
2026-08-25,DCOILBRENTEU,88.24,Brent spot price
