date,series_id,value,description
2006-01-02,DTWEXBGS,101.4155,Nominal broad US dollar index
2006-01-03,DTWEXBGS,100.7558,Nominal broad US dollar index
2006-01-04,DTWEXBGS,100.2288,Nominal broad US dollar index
2006-01-05,DTWEXBGS,100.2992,Nominal broad US dollar index
2006-01-06,DTWEXBGS,100.0241,Nominal broad US dollar index
2006-01-09,DTWEXBGS,100.1794,Nominal broad US dollar index
2006-01-10,DTWEXBGS,100.1436,Nominal broad US dollar index
2006-01-11,DTWEXBGS,99.871,Nominal broad US dollar index
2006-01-12,DTWEXBGS,100.0643,Nominal broad US dollar index
2006-01-13,DTWEXBGS,99.9675,Nominal broad US dollar index
2006-01-16,DTWEXBGS,99.9715,Nominal broad US dollar index
2006-01-17,DTWEXBGS,100.2447,Nominal broad US dollar index
2006-01-18,DTWEXBGS,100.4085,Nominal broad US dollar index
2006-01-19,DTWEXBGS,100.1862,Nominal broad US dollar index
2006-01-20,DTWEXBGS,99.9017,Nominal broad US dollar index
2006-01-23,DTWEXBGS,99.3783,Nominal broad US dollar index
2006-01-24,DTWEXBGS,99.3434,Nominal broad US dollar index
2006-01-25,DTWEXBGS,99.348,Nominal broad US dollar index
2006-01-26,DTWEXBGS,99.4798,Nominal broad US dollar index
2006-01-27,DTWEXBGS,99.6433,Nominal broad US dollar index
2006-01-30,DTWEXBGS,99.7144,Nominal broad US dollar index
2006-01-31,DTWEXBGS,99.4311,Nominal broad US dollar index
2006-02-01,DTWEXBGS,99.6132,Nominal broad US dollar index
2006-02-02,DTWEXBGS,99.7916,Nominal broad US dollar index
2006-02-03,DTWEXBGS,100.118,Nominal broad US dollar index
2006-02-06,DTWEXBGS,100.1372,Nominal broad US dollar index
2006-02-07,DTWEXBGS,100.1759,Nominal broad US dollar index
2006-02-08,DTWEXBGS,100.4879,Nominal broad US dollar index
2006-02-09,DTWEXBGS,100.2117,Nominal broad US dollar index
2006-02-10,DTWEXBGS,100.322,Nominal broad US dollar index
2006-02-13,DTWEXBGS,100.3955,Nominal broad US dollar index
2006-02-14,DTWEXBGS,100.3987,Nominal broad US dollar index
2006-02-15,DTWEXBGS,100.4489,Nominal broad US dollar index
2006-02-16,DTWEXBGS,100.5183,Nominal broad US dollar index
2006-02-17,DTWEXBGS,100.3404,Nominal broad US dollar index
2006-02-20,DTWEXBGS,100.3447,Nominal broad US dollar index
2006-02-21,DTWEXBGS,100.2346,Nominal broad US dollar index
2006-02-22,DTWEXBGS,100.3879,Nominal broad US dollar index
2006-02-23,DTWEXBGS,100.1956,Nominal broad US dollar index
2006-02-24,DTWEXBGS,100.2594,Nominal broad US dollar index
2006-02-27,DTWEXBGS,100.0724,Nominal broad US dollar index
2006-02-28,DTWEXBGS,99.7695,Nominal broad US dollar index
2006-03-01,DTWEXBGS,99.8355,Nominal broad US dollar index
2006-03-02,DTWEXBGS,99.5969,Nominal broad US dollar index
2006-03-03,DTWEXBGS,99.7024,Nominal broad US dollar index
2006-03-06,DTWEXBGS,99.9834,Nominal broad US dollar index
2006-03-07,DTWEXBGS,100.564,Nominal broad US dollar index
2006-03-08,DTWEXBGS,100.8565,Nominal broad US dollar index
2006-03-09,DTWEXBGS,100.7718,Nominal broad US dollar index
2006-03-10,DTWEXBGS,100.9566,Nominal broad US dollar index
2006-03-13,DTWEXBGS,100.8563,Nominal broad US dollar index
2006-03-14,DTWEXBGS,100.312,Nominal broad US dollar index
2006-03-15,DTWEXBGS,100.2121,Nominal broad US dollar index
2006-03-16,DTWEXBGS,99.9049,Nominal broad US dollar index
2006-03-17,DTWEXBGS,99.8614,Nominal broad US dollar index
2006-03-20,DTWEXBGS,100.0491,Nominal broad US dollar index
2006-03-21,DTWEXBGS,100.4716,Nominal broad US dollar index
2006-03-22,DTWEXBGS,100.496,Nominal broad US dollar index
2006-03-23,DTWEXBGS,100.8256,Nominal broad US dollar index
2006-03-24,DTWEXBGS,100.7773,Nominal broad US dollar index
2006-03-27,DTWEXBGS,100.8359,Nominal broad US dollar index
2006-03-28,DTWEXBGS,100.7995,Nominal broad US dollar index
2006-03-29,DTWEXBGS,101.0474,Nominal broad US dollar index
2006-03-30,DTWEXBGS,100.5698,Nominal broad US dollar index
2006-03-31,DTWEXBGS,100.56,Nominal broad US dollar index
2006-04-03,DTWEXBGS,100.6204,Nominal broad US dollar index
2006-04-04,DTWEXBGS,100.1319,Nominal broad US dollar index
2006-04-05,DTWEXBGS,100.0792,Nominal broad US dollar index
2006-04-06,DTWEXBGS,100.1578,Nominal broad US dollar index
2006-04-07,DTWEXBGS,100.4187,Nominal broad US dollar index
2006-04-10,DTWEXBGS,100.4091,Nominal broad US dollar index
2006-04-11,DTWEXBGS,100.2903,Nominal broad US dollar index
2006-04-12,DTWEXBGS,100.3589,Nominal broad US dollar index
2006-04-13,DTWEXBGS,100.4759,Nominal broad US dollar index
2006-04-14,DTWEXBGS,100.4697,Nominal broad US dollar index
2006-04-17,DTWEXBGS,99.8719,Nominal broad US dollar index
2006-04-18,DTWEXBGS,99.6747,Nominal broad US dollar index
2006-04-19,DTWEXBGS,99.3467,Nominal broad US dollar index
2006-04-20,DTWEXBGS,99.4974,Nominal broad US dollar index
2006-04-21,DTWEXBGS,99.4345,Nominal broad US dollar index
2006-04-24,DTWEXBGS,99.117,Nominal broad US dollar index
2006-04-25,DTWEXBGS,98.9687,Nominal broad US dollar index
2006-04-26,DTWEXBGS,98.8907,Nominal broad US dollar index
2006-04-27,DTWEXBGS,98.5149,Nominal broad US dollar index
2006-04-28,DTWEXBGS,98.1412,Nominal broad US dollar index
2006-05-01,DTWEXBGS,97.9085,Nominal broad US dollar index
2006-05-02,DTWEXBGS,97.6571,Nominal broad US dollar index
2006-05-03,DTWEXBGS,97.5572,Nominal broad US dollar index
2006-05-04,DTWEXBGS,97.4878,Nominal broad US dollar index
2006-05-05,DTWEXBGS,97.2585,Nominal broad US dollar index
2006-05-08,DTWEXBGS,97.1945,Nominal broad US dollar index
2006-05-09,DTWEXBGS,96.9578,Nominal broad US dollar index
2006-05-10,DTWEXBGS,96.6391,Nominal broad US dollar index
2006-05-11,DTWEXBGS,96.5383,Nominal broad US dollar index
2006-05-12,DTWEXBGS,96.8788,Nominal broad US dollar index
2006-05-15,DTWEXBGS,97.3588,Nominal broad US dollar index
2006-05-16,DTWEXBGS,97.1959,Nominal broad US dollar index
2006-05-17,DTWEXBGS,97.4725,Nominal broad US dollar index
2006-05-18,DTWEXBGS,97.7033,Nominal broad US dollar index
2006-05-19,DTWEXBGS,97.933,Nominal broad US dollar index
2006-05-22,DTWEXBGS,97.9377,Nominal broad US dollar index
2006-05-23,DTWEXBGS,97.7045,Nominal broad US dollar index
2006-05-24,DTWEXBGS,98.3936,Nominal broad US dollar index
2006-05-25,DTWEXBGS,97.8423,Nominal broad US dollar index
2006-05-26,DTWEXBGS,97.8995,Nominal broad US dollar index
2006-05-29,DTWEXBGS,97.8936,Nominal broad US dollar index
2006-05-30,DTWEXBGS,97.588,Nominal broad US dollar index
2006-05-31,DTWEXBGS,97.7705,Nominal broad US dollar index
2006-06-01,DTWEXBGS,97.7726,Nominal broad US dollar index
2006-06-02,DTWEXBGS,97.5544,Nominal broad US dollar index
2006-06-05,DTWEXBGS,97.3681,Nominal broad US dollar index
2006-06-06,DTWEXBGS,98.1449,Nominal broad US dollar index
2006-06-07,DTWEXBGS,98.1641,Nominal broad US dollar index
2006-06-08,DTWEXBGS,98.9313,Nominal broad US dollar index
2006-06-09,DTWEXBGS,98.5471,Nominal broad US dollar index
2006-06-12,DTWEXBGS,98.5494,Nominal broad US dollar index
2006-06-13,DTWEXBGS,98.9201,Nominal broad US dollar index
2006-06-14,DTWEXBGS,98.8338,Nominal broad US dollar index
2006-06-15,DTWEXBGS,98.8846,Nominal broad US dollar index
2006-06-16,DTWEXBGS,98.9127,Nominal broad US dollar index
2006-06-19,DTWEXBGS,99.145,Nominal broad US dollar index
2006-06-20,DTWEXBGS,99.0117,Nominal broad US dollar index
2006-06-21,DTWEXBGS,98.5544,Nominal broad US dollar index
2006-06-22,DTWEXBGS,99.0856,Nominal broad US dollar index
2006-06-23,DTWEXBGS,99.4216,Nominal broad US dollar index
2006-06-26,DTWEXBGS,99.3634,Nominal broad US dollar index
2006-06-27,DTWEXBGS,99.219,Nominal broad US dollar index
2006-06-28,DTWEXBGS,99.392,Nominal broad US dollar index
2006-06-29,DTWEXBGS,99.2158,Nominal broad US dollar index
2006-06-30,DTWEXBGS,98.2483,Nominal broad US dollar index
2006-07-03,DTWEXBGS,98.0371,Nominal broad US dollar index
2006-07-04,DTWEXBGS,98.0221,Nominal broad US dollar index
2006-07-05,DTWEXBGS,98.308,Nominal broad US dollar index
2006-07-06,DTWEXBGS,98.138,Nominal broad US dollar index
2006-07-07,DTWEXBGS,97.7508,Nominal broad US dollar index
2006-07-10,DTWEXBGS,97.9813,Nominal broad US dollar index
2006-07-11,DTWEXBGS,98.2132,Nominal broad US dollar index
2006-07-12,DTWEXBGS,98.5202,Nominal broad US dollar index
2006-07-13,DTWEXBGS,98.5583,Nominal broad US dollar index
2006-07-14,DTWEXBGS,98.6814,Nominal broad US dollar index
2006-07-17,DTWEXBGS,99.0767,Nominal broad US dollar index
2006-07-18,DTWEXBGS,99.1341,Nominal broad US dollar index
2006-07-19,DTWEXBGS,98.9262,Nominal broad US dollar index
2006-07-20,DTWEXBGS,98.6014,Nominal broad US dollar index
2006-07-21,DTWEXBGS,98.5221,Nominal broad US dollar index
2006-07-24,DTWEXBGS,98.7795,Nominal broad US dollar index
2006-07-25,DTWEXBGS,98.9388,Nominal broad US dollar index
2006-07-26,DTWEXBGS,98.742,Nominal broad US dollar index
2006-07-27,DTWEXBGS,98.2283,Nominal broad US dollar index
2006-07-28,DTWEXBGS,98.0539,Nominal broad US dollar index
2006-07-31,DTWEXBGS,97.9996,Nominal broad US dollar index
2006-08-01,DTWEXBGS,98.1715,Nominal broad US dollar index
2006-08-02,DTWEXBGS,97.9432,Nominal broad US dollar index
2006-08-03,DTWEXBGS,98.0694,Nominal broad US dollar index
2006-08-04,DTWEXBGS,97.6005,Nominal broad US dollar index
2006-08-07,DTWEXBGS,97.5088,Nominal broad US dollar index
2006-08-08,DTWEXBGS,97.6524,Nominal broad US dollar index
2006-08-09,DTWEXBGS,97.4402,Nominal broad US dollar index
2006-08-10,DTWEXBGS,97.8887,Nominal broad US dollar index
2006-08-11,DTWEXBGS,97.7863,Nominal broad US dollar index
2006-08-14,DTWEXBGS,97.9677,Nominal broad US dollar index
2006-08-15,DTWEXBGS,97.8043,Nominal broad US dollar index
2006-08-16,DTWEXBGS,97.3894,Nominal broad US dollar index
2006-08-17,DTWEXBGS,97.3486,Nominal broad US dollar index
2006-08-18,DTWEXBGS,97.7577,Nominal broad US dollar index
2006-08-21,DTWEXBGS,97.3856,Nominal broad US dollar index
2006-08-22,DTWEXBGS,97.6079,Nominal broad US dollar index
2006-08-23,DTWEXBGS,97.5731,Nominal broad US dollar index
2006-08-24,DTWEXBGS,97.7939,Nominal broad US dollar index
2006-08-25,DTWEXBGS,97.8827,Nominal broad US dollar index
2006-08-28,DTWEXBGS,97.8467,Nominal broad US dollar index
2006-08-29,DTWEXBGS,97.7748,Nominal broad US dollar index
2006-08-30,DTWEXBGS,97.5792,Nominal broad US dollar index
2006-08-31,DTWEXBGS,97.644,Nominal broad US dollar index
2006-09-01,DTWEXBGS,97.5084,Nominal broad US dollar index
2006-09-04,DTWEXBGS,97.4981,Nominal broad US dollar index
2006-09-05,DTWEXBGS,97.4392,Nominal broad US dollar index
2006-09-06,DTWEXBGS,97.6087,Nominal broad US dollar index
2006-09-07,DTWEXBGS,97.8108,Nominal broad US dollar index
2006-09-08,DTWEXBGS,98.2119,Nominal broad US dollar index
2006-09-11,DTWEXBGS,98.3845,Nominal broad US dollar index
2006-09-12,DTWEXBGS,98.2781,Nominal broad US dollar index
2006-09-13,DTWEXBGS,98.1775,Nominal broad US dollar index
2006-09-14,DTWEXBGS,98.0088,Nominal broad US dollar index
2006-09-15,DTWEXBGS,98.2104,Nominal broad US dollar index
2006-09-18,DTWEXBGS,98.1332,Nominal broad US dollar index
2006-09-19,DTWEXBGS,98.1703,Nominal broad US dollar index
2006-09-20,DTWEXBGS,98.1556,Nominal broad US dollar index
2006-09-21,DTWEXBGS,97.9458,Nominal broad US dollar index
2006-09-22,DTWEXBGS,97.8667,Nominal broad US dollar index
2006-09-25,DTWEXBGS,97.9909,Nominal broad US dollar index
2006-09-26,DTWEXBGS,98.0555,Nominal broad US dollar index
2006-09-27,DTWEXBGS,98.0107,Nominal broad US dollar index
2006-09-28,DTWEXBGS,98.0381,Nominal broad US dollar index
2006-09-29,DTWEXBGS,98.1054,Nominal broad US dollar index
2006-10-02,DTWEXBGS,97.9247,Nominal broad US dollar index
2006-10-03,DTWEXBGS,98.1267,Nominal broad US dollar index
2006-10-04,DTWEXBGS,98.3682,Nominal broad US dollar index
2006-10-05,DTWEXBGS,98.2776,Nominal broad US dollar index
2006-10-06,DTWEXBGS,98.5619,Nominal broad US dollar index
2006-10-09,DTWEXBGS,98.5702,Nominal broad US dollar index
2006-10-10,DTWEXBGS,98.9125,Nominal broad US dollar index
2006-10-11,DTWEXBGS,98.9146,Nominal broad US dollar index
2006-10-12,DTWEXBGS,98.831,Nominal broad US dollar index
2006-10-13,DTWEXBGS,98.8002,Nominal broad US dollar index
2006-10-16,DTWEXBGS,98.71,Nominal broad US dollar index
2006-10-17,DTWEXBGS,98.5354,Nominal broad US dollar index
2006-10-18,DTWEXBGS,98.6164,Nominal broad US dollar index
2006-10-19,DTWEXBGS,98.2897,Nominal broad US dollar index
2006-10-20,DTWEXBGS,98.1629,Nominal broad US dollar index
2006-10-23,DTWEXBGS,98.4483,Nominal broad US dollar index
2006-10-24,DTWEXBGS,98.349,Nominal broad US dollar index
2006-10-25,DTWEXBGS,98.2057,Nominal broad US dollar index
2006-10-26,DTWEXBGS,97.8907,Nominal broad US dollar index
2006-10-27,DTWEXBGS,97.4914,Nominal broad US dollar index
2006-10-30,DTWEXBGS,97.5672,Nominal broad US dollar index
2006-10-31,DTWEXBGS,97.3901,Nominal broad US dollar index
2006-11-01,DTWEXBGS,97.4949,Nominal broad US dollar index
2006-11-02,DTWEXBGS,97.6556,Nominal broad US dollar index
2006-11-03,DTWEXBGS,97.7209,Nominal broad US dollar index
2006-11-06,DTWEXBGS,97.806,Nominal broad US dollar index
2006-11-07,DTWEXBGS,97.4453,Nominal broad US dollar index
2006-11-08,DTWEXBGS,97.58,Nominal broad US dollar index
2006-11-09,DTWEXBGS,97.5041,Nominal broad US dollar index
2006-11-10,DTWEXBGS,97.4638,Nominal broad US dollar index
2006-11-13,DTWEXBGS,97.7904,Nominal broad US dollar index
2006-11-14,DTWEXBGS,97.7475,Nominal broad US dollar index
2006-11-15,DTWEXBGS,97.8359,Nominal broad US dollar index
2006-11-16,DTWEXBGS,97.8098,Nominal broad US dollar index
2006-11-17,DTWEXBGS,97.9855,Nominal broad US dollar index
2006-11-20,DTWEXBGS,98.0254,Nominal broad US dollar index
2006-11-21,DTWEXBGS,98.0215,Nominal broad US dollar index
2006-11-22,DTWEXBGS,97.5315,Nominal broad US dollar index
2006-11-23,DTWEXBGS,97.5314,Nominal broad US dollar index
2006-11-24,DTWEXBGS,97.0657,Nominal broad US dollar index
2006-11-27,DTWEXBGS,96.9986,Nominal broad US dollar index
2006-11-28,DTWEXBGS,96.8428,Nominal broad US dollar index
2006-11-29,DTWEXBGS,96.8577,Nominal broad US dollar index
2006-11-30,DTWEXBGS,96.5779,Nominal broad US dollar index
2006-12-01,DTWEXBGS,96.4585,Nominal broad US dollar index
2006-12-04,DTWEXBGS,96.4319,Nominal broad US dollar index
2006-12-05,DTWEXBGS,96.2082,Nominal broad US dollar index
2006-12-06,DTWEXBGS,96.2839,Nominal broad US dollar index
2006-12-07,DTWEXBGS,96.3207,Nominal broad US dollar index
2006-12-08,DTWEXBGS,96.6123,Nominal broad US dollar index
2006-12-11,DTWEXBGS,96.6646,Nominal broad US dollar index
2006-12-12,DTWEXBGS,96.7119,Nominal broad US dollar index
2006-12-13,DTWEXBGS,96.7296,Nominal broad US dollar index
2006-12-14,DTWEXBGS,96.7946,Nominal broad US dollar index
2006-12-15,DTWEXBGS,96.9857,Nominal broad US dollar index
2006-12-18,DTWEXBGS,97.1559,Nominal broad US dollar index
2006-12-19,DTWEXBGS,96.9313,Nominal broad US dollar index
2006-12-20,DTWEXBGS,96.7762,Nominal broad US dollar index
2006-12-21,DTWEXBGS,96.9148,Nominal broad US dollar index
2006-12-22,DTWEXBGS,97.1113,Nominal broad US dollar index
2006-12-25,DTWEXBGS,97.1221,Nominal broad US dollar index
2006-12-26,DTWEXBGS,97.1786,Nominal broad US dollar index
2006-12-27,DTWEXBGS,97.2076,Nominal broad US dollar index
2006-12-28,DTWEXBGS,97.0656,Nominal broad US dollar index
2006-12-29,DTWEXBGS,97.0312,Nominal broad US dollar index
2007-01-01,DTWEXBGS,97.0323,Nominal broad US dollar index
2007-01-02,DTWEXBGS,,Nominal broad US dollar index
2007-01-03,DTWEXBGS,97.1281,Nominal broad US dollar index
2007-01-04,DTWEXBGS,97.5251,Nominal broad US dollar index
2007-01-05,DTWEXBGS,97.7801,Nominal broad US dollar index
2007-01-08,DTWEXBGS,97.788,Nominal broad US dollar index
2007-01-09,DTWEXBGS,97.9642,Nominal broad US dollar index
2007-01-10,DTWEXBGS,98.0943,Nominal broad US dollar index
2007-01-11,DTWEXBGS,98.0845,Nominal broad US dollar index
2007-01-12,DTWEXBGS,97.921,Nominal broad US dollar index
2007-01-15,DTWEXBGS,97.9201,Nominal broad US dollar index
2007-01-16,DTWEXBGS,97.9816,Nominal broad US dollar index
2007-01-17,DTWEXBGS,97.7509,Nominal broad US dollar index
2007-01-18,DTWEXBGS,97.8286,Nominal broad US dollar index
2007-01-19,DTWEXBGS,97.6868,Nominal broad US dollar index
2007-01-22,DTWEXBGS,97.827,Nominal broad US dollar index
2007-01-23,DTWEXBGS,97.8117,Nominal broad US dollar index
2007-01-24,DTWEXBGS,97.908,Nominal broad US dollar index
2007-01-25,DTWEXBGS,97.8396,Nominal broad US dollar index
2007-01-26,DTWEXBGS,98.1491,Nominal broad US dollar index
2007-01-29,DTWEXBGS,98.2066,Nominal broad US dollar index
2007-01-30,DTWEXBGS,98.1515,Nominal broad US dollar index
2007-01-31,DTWEXBGS,97.964,Nominal broad US dollar index
2007-02-01,DTWEXBGS,97.7101,Nominal broad US dollar index
2007-02-02,DTWEXBGS,97.9743,Nominal broad US dollar index
2007-02-05,DTWEXBGS,97.87,Nominal broad US dollar index
2007-02-06,DTWEXBGS,97.7357,Nominal broad US dollar index
2007-02-07,DTWEXBGS,97.7239,Nominal broad US dollar index
2007-02-08,DTWEXBGS,97.8169,Nominal broad US dollar index
2007-02-09,DTWEXBGS,97.7076,Nominal broad US dollar index
2007-02-12,DTWEXBGS,97.9409,Nominal broad US dollar index
2007-02-13,DTWEXBGS,97.7063,Nominal broad US dollar index
2007-02-14,DTWEXBGS,97.2779,Nominal broad US dollar index
2007-02-15,DTWEXBGS,97.1588,Nominal broad US dollar index
2007-02-16,DTWEXBGS,97.164,Nominal broad US dollar index
2007-02-19,DTWEXBGS,97.1545,Nominal broad US dollar index
2007-02-20,DTWEXBGS,97.321,Nominal broad US dollar index
2007-02-21,DTWEXBGS,97.27,Nominal broad US dollar index
2007-02-22,DTWEXBGS,97.266,Nominal broad US dollar index
2007-02-23,DTWEXBGS,97.1756,Nominal broad US dollar index
2007-02-26,DTWEXBGS,97.2281,Nominal broad US dollar index
2007-02-27,DTWEXBGS,97.0883,Nominal broad US dollar index
2007-02-28,DTWEXBGS,97.2386,Nominal broad US dollar index
2007-03-01,DTWEXBGS,97.3358,Nominal broad US dollar index
2007-03-02,DTWEXBGS,97.3691,Nominal broad US dollar index
2007-03-05,DTWEXBGS,97.6716,Nominal broad US dollar index
2007-03-06,DTWEXBGS,97.5123,Nominal broad US dollar index
2007-03-07,DTWEXBGS,97.4558,Nominal broad US dollar index
2007-03-08,DTWEXBGS,97.5731,Nominal broad US dollar index
2007-03-09,DTWEXBGS,97.4559,Nominal broad US dollar index
2007-03-12,DTWEXBGS,97.3013,Nominal broad US dollar index
2007-03-13,DTWEXBGS,97.2203,Nominal broad US dollar index
2007-03-14,DTWEXBGS,97.2759,Nominal broad US dollar index
2007-03-15,DTWEXBGS,97.2476,Nominal broad US dollar index
2007-03-16,DTWEXBGS,97.0407,Nominal broad US dollar index
2007-03-19,DTWEXBGS,97.1062,Nominal broad US dollar index
2007-03-20,DTWEXBGS,96.7985,Nominal broad US dollar index
2007-03-21,DTWEXBGS,96.6195,Nominal broad US dollar index
2007-03-22,DTWEXBGS,96.3893,Nominal broad US dollar index
2007-03-23,DTWEXBGS,96.5662,Nominal broad US dollar index
2007-03-26,DTWEXBGS,96.5493,Nominal broad US dollar index
2007-03-27,DTWEXBGS,96.4558,Nominal broad US dollar index
2007-03-28,DTWEXBGS,96.4894,Nominal broad US dollar index
2007-03-29,DTWEXBGS,96.5067,Nominal broad US dollar index
2007-03-30,DTWEXBGS,96.3183,Nominal broad US dollar index
2007-04-02,DTWEXBGS,96.3175,Nominal broad US dollar index
2007-04-03,DTWEXBGS,96.3774,Nominal broad US dollar index
2007-04-04,DTWEXBGS,96.3646,Nominal broad US dollar index
2007-04-05,DTWEXBGS,96.1188,Nominal broad US dollar index
2007-04-06,DTWEXBGS,96.2526,Nominal broad US dollar index
2007-04-09,DTWEXBGS,96.293,Nominal broad US dollar index
2007-04-10,DTWEXBGS,96.1179,Nominal broad US dollar index
2007-04-11,DTWEXBGS,96.0293,Nominal broad US dollar index
2007-04-12,DTWEXBGS,95.7999,Nominal broad US dollar index
2007-04-13,DTWEXBGS,95.711,Nominal broad US dollar index
2007-04-16,DTWEXBGS,95.5538,Nominal broad US dollar index
2007-04-17,DTWEXBGS,95.3832,Nominal broad US dollar index
2007-04-18,DTWEXBGS,95.3109,Nominal broad US dollar index
2007-04-19,DTWEXBGS,95.2712,Nominal broad US dollar index
2007-04-20,DTWEXBGS,95.1692,Nominal broad US dollar index
2007-04-23,DTWEXBGS,95.1833,Nominal broad US dollar index
2007-04-24,DTWEXBGS,95.1608,Nominal broad US dollar index
2007-04-25,DTWEXBGS,94.8497,Nominal broad US dollar index
2007-04-26,DTWEXBGS,95.1653,Nominal broad US dollar index
2007-04-27,DTWEXBGS,95.0103,Nominal broad US dollar index
2007-04-30,DTWEXBGS,94.8365,Nominal broad US dollar index
2007-05-01,DTWEXBGS,95.0037,Nominal broad US dollar index
2007-05-02,DTWEXBGS,95.0352,Nominal broad US dollar index
2007-05-03,DTWEXBGS,95.0167,Nominal broad US dollar index
2007-05-04,DTWEXBGS,94.9118,Nominal broad US dollar index
2007-05-07,DTWEXBGS,94.6914,Nominal broad US dollar index
2007-05-08,DTWEXBGS,94.8648,Nominal broad US dollar index
2007-05-09,DTWEXBGS,94.7933,Nominal broad US dollar index
2007-05-10,DTWEXBGS,94.9506,Nominal broad US dollar index
2007-05-11,DTWEXBGS,95.0035,Nominal broad US dollar index
2007-05-14,DTWEXBGS,94.8267,Nominal broad US dollar index
2007-05-15,DTWEXBGS,94.5574,Nominal broad US dollar index
2007-05-16,DTWEXBGS,94.8143,Nominal broad US dollar index
2007-05-17,DTWEXBGS,94.8339,Nominal broad US dollar index
2007-05-18,DTWEXBGS,94.6573,Nominal broad US dollar index
2007-05-21,DTWEXBGS,94.7026,Nominal broad US dollar index
2007-05-22,DTWEXBGS,94.5753,Nominal broad US dollar index
2007-05-23,DTWEXBGS,94.4557,Nominal broad US dollar index
2007-05-24,DTWEXBGS,94.7025,Nominal broad US dollar index
2007-05-25,DTWEXBGS,94.5022,Nominal broad US dollar index
2007-05-28,DTWEXBGS,94.4959,Nominal broad US dollar index
2007-05-29,DTWEXBGS,94.3533,Nominal broad US dollar index
2007-05-30,DTWEXBGS,94.549,Nominal broad US dollar index
2007-05-31,DTWEXBGS,94.3215,Nominal broad US dollar index
2007-06-01,DTWEXBGS,94.132,Nominal broad US dollar index
2007-06-04,DTWEXBGS,93.9969,Nominal broad US dollar index
2007-06-05,DTWEXBGS,93.9986,Nominal broad US dollar index
2007-06-06,DTWEXBGS,94.1217,Nominal broad US dollar index
2007-06-07,DTWEXBGS,94.3537,Nominal broad US dollar index
2007-06-08,DTWEXBGS,94.7599,Nominal broad US dollar index
2007-06-11,DTWEXBGS,94.6576,Nominal broad US dollar index
2007-06-12,DTWEXBGS,94.6991,Nominal broad US dollar index
2007-06-13,DTWEXBGS,94.9011,Nominal broad US dollar index
2007-06-14,DTWEXBGS,94.9029,Nominal broad US dollar index
2007-06-15,DTWEXBGS,94.6228,Nominal broad US dollar index
2007-06-18,DTWEXBGS,94.5475,Nominal broad US dollar index
2007-06-19,DTWEXBGS,94.3227,Nominal broad US dollar index
2007-06-20,DTWEXBGS,94.3618,Nominal broad US dollar index
2007-06-21,DTWEXBGS,94.6073,Nominal broad US dollar index
2007-06-22,DTWEXBGS,94.4371,Nominal broad US dollar index
2007-06-25,DTWEXBGS,94.5105,Nominal broad US dollar index
2007-06-26,DTWEXBGS,94.4678,Nominal broad US dollar index
2007-06-27,DTWEXBGS,94.5633,Nominal broad US dollar index
2007-06-28,DTWEXBGS,94.2395,Nominal broad US dollar index
2007-06-29,DTWEXBGS,94.1393,Nominal broad US dollar index
2007-07-02,DTWEXBGS,93.634,Nominal broad US dollar index
2007-07-03,DTWEXBGS,93.697,Nominal broad US dollar index
2007-07-04,DTWEXBGS,93.6965,Nominal broad US dollar index
2007-07-05,DTWEXBGS,93.7653,Nominal broad US dollar index
2007-07-06,DTWEXBGS,93.5759,Nominal broad US dollar index
2007-07-09,DTWEXBGS,93.5519,Nominal broad US dollar index
2007-07-10,DTWEXBGS,93.3339,Nominal broad US dollar index
2007-07-11,DTWEXBGS,93.3089,Nominal broad US dollar index
2007-07-12,DTWEXBGS,93.1198,Nominal broad US dollar index
2007-07-13,DTWEXBGS,93.0133,Nominal broad US dollar index
2007-07-16,DTWEXBGS,92.9094,Nominal broad US dollar index
2007-07-17,DTWEXBGS,92.9095,Nominal broad US dollar index
2007-07-18,DTWEXBGS,92.7959,Nominal broad US dollar index
2007-07-19,DTWEXBGS,92.7332,Nominal broad US dollar index
2007-07-20,DTWEXBGS,92.7179,Nominal broad US dollar index
2007-07-23,DTWEXBGS,92.6585,Nominal broad US dollar index
2007-07-24,DTWEXBGS,92.505,Nominal broad US dollar index
2007-07-25,DTWEXBGS,92.9189,Nominal broad US dollar index
2007-07-26,DTWEXBGS,93.1186,Nominal broad US dollar index
2007-07-27,DTWEXBGS,93.5485,Nominal broad US dollar index
2007-07-30,DTWEXBGS,93.5918,Nominal broad US dollar index
2007-07-31,DTWEXBGS,93.4264,Nominal broad US dollar index
2007-08-01,DTWEXBGS,93.4011,Nominal broad US dollar index
2007-08-02,DTWEXBGS,93.3038,Nominal broad US dollar index
2007-08-03,DTWEXBGS,93.1039,Nominal broad US dollar index
2007-08-06,DTWEXBGS,93.1112,Nominal broad US dollar index
2007-08-07,DTWEXBGS,93.3171,Nominal broad US dollar index
2007-08-08,DTWEXBGS,93.0989,Nominal broad US dollar index
2007-08-09,DTWEXBGS,93.441,Nominal broad US dollar index
2007-08-10,DTWEXBGS,93.5214,Nominal broad US dollar index
2007-08-13,DTWEXBGS,93.6032,Nominal broad US dollar index
2007-08-14,DTWEXBGS,94.0416,Nominal broad US dollar index
2007-08-15,DTWEXBGS,94.5014,Nominal broad US dollar index
2007-08-16,DTWEXBGS,94.9055,Nominal broad US dollar index
2007-08-17,DTWEXBGS,94.319,Nominal broad US dollar index
2007-08-20,DTWEXBGS,94.2138,Nominal broad US dollar index
2007-08-21,DTWEXBGS,94.2676,Nominal broad US dollar index
2007-08-22,DTWEXBGS,94.0998,Nominal broad US dollar index
2007-08-23,DTWEXBGS,93.9827,Nominal broad US dollar index
2007-08-24,DTWEXBGS,93.6863,Nominal broad US dollar index
2007-08-27,DTWEXBGS,93.6109,Nominal broad US dollar index
2007-08-28,DTWEXBGS,93.8394,Nominal broad US dollar index
2007-08-29,DTWEXBGS,93.7174,Nominal broad US dollar index
2007-08-30,DTWEXBGS,93.7324,Nominal broad US dollar index
2007-08-31,DTWEXBGS,93.6674,Nominal broad US dollar index
2007-09-03,DTWEXBGS,93.6691,Nominal broad US dollar index
2007-09-04,DTWEXBGS,93.6433,Nominal broad US dollar index
2007-09-05,DTWEXBGS,93.5453,Nominal broad US dollar index
2007-09-06,DTWEXBGS,93.4468,Nominal broad US dollar index
2007-09-07,DTWEXBGS,93.2939,Nominal broad US dollar index
2007-09-10,DTWEXBGS,93.2349,Nominal broad US dollar index
2007-09-11,DTWEXBGS,92.9244,Nominal broad US dollar index
2007-09-12,DTWEXBGS,92.6386,Nominal broad US dollar index
2007-09-13,DTWEXBGS,92.6172,Nominal broad US dollar index
2007-09-14,DTWEXBGS,92.7083,Nominal broad US dollar index
2007-09-17,DTWEXBGS,92.823,Nominal broad US dollar index
2007-09-18,DTWEXBGS,92.6584,Nominal broad US dollar index
2007-09-19,DTWEXBGS,92.1534,Nominal broad US dollar index
2007-09-20,DTWEXBGS,91.4212,Nominal broad US dollar index
2007-09-21,DTWEXBGS,91.4854,Nominal broad US dollar index
2007-09-24,DTWEXBGS,91.4017,Nominal broad US dollar index
2007-09-25,DTWEXBGS,91.3392,Nominal broad US dollar index
2007-09-26,DTWEXBGS,91.4335,Nominal broad US dollar index
2007-09-27,DTWEXBGS,91.3497,Nominal broad US dollar index
2007-09-28,DTWEXBGS,90.9446,Nominal broad US dollar index
2007-10-01,DTWEXBGS,90.8801,Nominal broad US dollar index
2007-10-02,DTWEXBGS,91.12,Nominal broad US dollar index
2007-10-03,DTWEXBGS,91.1038,Nominal broad US dollar index
2007-10-04,DTWEXBGS,91.1632,Nominal broad US dollar index
2007-10-05,DTWEXBGS,90.7393,Nominal broad US dollar index
2007-10-08,DTWEXBGS,90.748,Nominal broad US dollar index
2007-10-09,DTWEXBGS,90.8609,Nominal broad US dollar index
2007-10-10,DTWEXBGS,90.7154,Nominal broad US dollar index
2007-10-11,DTWEXBGS,90.4901,Nominal broad US dollar index
2007-10-12,DTWEXBGS,90.5945,Nominal broad US dollar index
2007-10-15,DTWEXBGS,90.5387,Nominal broad US dollar index
2007-10-16,DTWEXBGS,90.7123,Nominal broad US dollar index
2007-10-17,DTWEXBGS,90.515,Nominal broad US dollar index
2007-10-18,DTWEXBGS,90.3084,Nominal broad US dollar index
2007-10-19,DTWEXBGS,90.1014,Nominal broad US dollar index
2007-10-22,DTWEXBGS,90.6777,Nominal broad US dollar index
2007-10-23,DTWEXBGS,90.1899,Nominal broad US dollar index
2007-10-24,DTWEXBGS,90.2262,Nominal broad US dollar index
2007-10-25,DTWEXBGS,89.9925,Nominal broad US dollar index
2007-10-26,DTWEXBGS,89.6508,Nominal broad US dollar index
2007-10-29,DTWEXBGS,89.4118,Nominal broad US dollar index
2007-10-30,DTWEXBGS,89.3252,Nominal broad US dollar index
2007-10-31,DTWEXBGS,89.1389,Nominal broad US dollar index
2007-11-01,DTWEXBGS,89.1628,Nominal broad US dollar index
2007-11-02,DTWEXBGS,88.8924,Nominal broad US dollar index
2007-11-05,DTWEXBGS,88.8851,Nominal broad US dollar index
2007-11-06,DTWEXBGS,88.4938,Nominal broad US dollar index
2007-11-07,DTWEXBGS,88.0631,Nominal broad US dollar index
2007-11-08,DTWEXBGS,88.2631,Nominal broad US dollar index
2007-11-09,DTWEXBGS,88.4615,Nominal broad US dollar index
2007-11-12,DTWEXBGS,88.465,Nominal broad US dollar index
2007-11-13,DTWEXBGS,89.1016,Nominal broad US dollar index
2007-11-14,DTWEXBGS,88.9671,Nominal broad US dollar index
2007-11-15,DTWEXBGS,89.4413,Nominal broad US dollar index
2007-11-16,DTWEXBGS,89.3182,Nominal broad US dollar index
2007-11-19,DTWEXBGS,89.5262,Nominal broad US dollar index
2007-11-20,DTWEXBGS,89.2622,Nominal broad US dollar index
2007-11-21,DTWEXBGS,89.3352,Nominal broad US dollar index
2007-11-22,DTWEXBGS,89.3269,Nominal broad US dollar index
2007-11-23,DTWEXBGS,89.2384,Nominal broad US dollar index
2007-11-26,DTWEXBGS,89.145,Nominal broad US dollar index
2007-11-27,DTWEXBGS,89.4082,Nominal broad US dollar index
2007-11-28,DTWEXBGS,89.4195,Nominal broad US dollar index
2007-11-29,DTWEXBGS,89.3681,Nominal broad US dollar index
2007-11-30,DTWEXBGS,89.6212,Nominal broad US dollar index
2007-12-03,DTWEXBGS,89.6403,Nominal broad US dollar index
2007-12-04,DTWEXBGS,89.6672,Nominal broad US dollar index
2007-12-05,DTWEXBGS,89.8751,Nominal broad US dollar index
2007-12-06,DTWEXBGS,89.9268,Nominal broad US dollar index
2007-12-07,DTWEXBGS,89.74,Nominal broad US dollar index
2007-12-10,DTWEXBGS,89.6811,Nominal broad US dollar index
2007-12-11,DTWEXBGS,89.7176,Nominal broad US dollar index
2007-12-12,DTWEXBGS,89.7349,Nominal broad US dollar index
2007-12-13,DTWEXBGS,90.1374,Nominal broad US dollar index
2007-12-14,DTWEXBGS,90.4345,Nominal broad US dollar index
2007-12-17,DTWEXBGS,90.5363,Nominal broad US dollar index
2007-12-18,DTWEXBGS,90.5602,Nominal broad US dollar index
2007-12-19,DTWEXBGS,90.6147,Nominal broad US dollar index
2007-12-20,DTWEXBGS,90.4695,Nominal broad US dollar index
2007-12-21,DTWEXBGS,90.3672,Nominal broad US dollar index
2007-12-24,DTWEXBGS,90.1788,Nominal broad US dollar index
2007-12-25,DTWEXBGS,90.1786,Nominal broad US dollar index
2007-12-26,DTWEXBGS,89.9226,Nominal broad US dollar index
2007-12-27,DTWEXBGS,89.684,Nominal broad US dollar index
2007-12-28,DTWEXBGS,89.4069,Nominal broad US dollar index
2007-12-31,DTWEXBGS,89.6304,Nominal broad US dollar index
2008-01-01,DTWEXBGS,89.6297,Nominal broad US dollar index
2008-01-02,DTWEXBGS,89.3514,Nominal broad US dollar index
2008-01-03,DTWEXBGS,89.231,Nominal broad US dollar index
2008-01-04,DTWEXBGS,89.2467,Nominal broad US dollar index
2008-01-07,DTWEXBGS,89.5718,Nominal broad US dollar index
2008-01-08,DTWEXBGS,89.3398,Nominal broad US dollar index
2008-01-09,DTWEXBGS,89.6807,Nominal broad US dollar index
2008-01-10,DTWEXBGS,89.6226,Nominal broad US dollar index
2008-01-11,DTWEXBGS,89.5215,Nominal broad US dollar index
2008-01-14,DTWEXBGS,89.2749,Nominal broad US dollar index
2008-01-15,DTWEXBGS,89.1555,Nominal broad US dollar index
2008-01-16,DTWEXBGS,89.6701,Nominal broad US dollar index
2008-01-17,DTWEXBGS,89.6484,Nominal broad US dollar index
2008-01-18,DTWEXBGS,89.8993,Nominal broad US dollar index
2008-01-21,DTWEXBGS,89.9265,Nominal broad US dollar index
2008-01-22,DTWEXBGS,89.84,Nominal broad US dollar index
2008-01-23,DTWEXBGS,89.9138,Nominal broad US dollar index
2008-01-24,DTWEXBGS,89.203,Nominal broad US dollar index
2008-01-25,DTWEXBGS,89.2184,Nominal broad US dollar index
2008-01-28,DTWEXBGS,88.9555,Nominal broad US dollar index
2008-01-29,DTWEXBGS,88.8342,Nominal broad US dollar index
2008-01-30,DTWEXBGS,88.7442,Nominal broad US dollar index
2008-01-31,DTWEXBGS,88.6547,Nominal broad US dollar index
2008-02-01,DTWEXBGS,88.4824,Nominal broad US dollar index
2008-02-04,DTWEXBGS,88.4788,Nominal broad US dollar index
2008-02-05,DTWEXBGS,89.076,Nominal broad US dollar index
2008-02-06,DTWEXBGS,88.9987,Nominal broad US dollar index
2008-02-07,DTWEXBGS,89.4221,Nominal broad US dollar index
2008-02-08,DTWEXBGS,89.2226,Nominal broad US dollar index
2008-02-11,DTWEXBGS,89.2149,Nominal broad US dollar index
2008-02-12,DTWEXBGS,88.9539,Nominal broad US dollar index
2008-02-13,DTWEXBGS,89.1382,Nominal broad US dollar index
2008-02-14,DTWEXBGS,88.9055,Nominal broad US dollar index
2008-02-15,DTWEXBGS,88.9006,Nominal broad US dollar index
2008-02-18,DTWEXBGS,88.9004,Nominal broad US dollar index
2008-02-19,DTWEXBGS,88.9626,Nominal broad US dollar index
2008-02-20,DTWEXBGS,89.2572,Nominal broad US dollar index
2008-02-21,DTWEXBGS,88.716,Nominal broad US dollar index
2008-02-22,DTWEXBGS,88.7082,Nominal broad US dollar index
2008-02-25,DTWEXBGS,88.5373,Nominal broad US dollar index
2008-02-26,DTWEXBGS,88.0998,Nominal broad US dollar index
2008-02-27,DTWEXBGS,87.3353,Nominal broad US dollar index
2008-02-28,DTWEXBGS,87.0363,Nominal broad US dollar index
2008-02-29,DTWEXBGS,87.1654,Nominal broad US dollar index
2008-03-03,DTWEXBGS,87.2381,Nominal broad US dollar index
2008-03-04,DTWEXBGS,87.3039,Nominal broad US dollar index
2008-03-05,DTWEXBGS,87.1347,Nominal broad US dollar index
2008-03-06,DTWEXBGS,86.9105,Nominal broad US dollar index
2008-03-07,DTWEXBGS,87.1258,Nominal broad US dollar index
2008-03-10,DTWEXBGS,87.1452,Nominal broad US dollar index
2008-03-11,DTWEXBGS,87.1763,Nominal broad US dollar index
2008-03-12,DTWEXBGS,86.728,Nominal broad US dollar index
2008-03-13,DTWEXBGS,86.3891,Nominal broad US dollar index
2008-03-14,DTWEXBGS,86.4301,Nominal broad US dollar index
2008-03-17,DTWEXBGS,86.3417,Nominal broad US dollar index
2008-03-18,DTWEXBGS,86.1191,Nominal broad US dollar index
2008-03-19,DTWEXBGS,86.5755,Nominal broad US dollar index
2008-03-20,DTWEXBGS,87.3293,Nominal broad US dollar index
2008-03-21,DTWEXBGS,87.2111,Nominal broad US dollar index
2008-03-24,DTWEXBGS,87.3103,Nominal broad US dollar index
2008-03-25,DTWEXBGS,86.8339,Nominal broad US dollar index
2008-03-26,DTWEXBGS,86.5513,Nominal broad US dollar index
2008-03-27,DTWEXBGS,86.4583,Nominal broad US dollar index
2008-03-28,DTWEXBGS,86.6369,Nominal broad US dollar index
2008-03-31,DTWEXBGS,86.6881,Nominal broad US dollar index
2008-04-01,DTWEXBGS,87.0276,Nominal broad US dollar index
2008-04-02,DTWEXBGS,86.8886,Nominal broad US dollar index
2008-04-03,DTWEXBGS,86.6424,Nominal broad US dollar index
2008-04-04,DTWEXBGS,86.5108,Nominal broad US dollar index
2008-04-07,DTWEXBGS,86.603,Nominal broad US dollar index
2008-04-08,DTWEXBGS,86.7369,Nominal broad US dollar index
2008-04-09,DTWEXBGS,86.5764,Nominal broad US dollar index
2008-04-10,DTWEXBGS,86.5131,Nominal broad US dollar index
2008-04-11,DTWEXBGS,86.5029,Nominal broad US dollar index
2008-04-14,DTWEXBGS,86.3492,Nominal broad US dollar index
2008-04-15,DTWEXBGS,86.4705,Nominal broad US dollar index
2008-04-16,DTWEXBGS,85.9037,Nominal broad US dollar index
2008-04-17,DTWEXBGS,86.1077,Nominal broad US dollar index
2008-04-18,DTWEXBGS,86.5277,Nominal broad US dollar index
2008-04-21,DTWEXBGS,86.2979,Nominal broad US dollar index
2008-04-22,DTWEXBGS,85.927,Nominal broad US dollar index
2008-04-23,DTWEXBGS,86.3841,Nominal broad US dollar index
2008-04-24,DTWEXBGS,86.7154,Nominal broad US dollar index
2008-04-25,DTWEXBGS,86.8337,Nominal broad US dollar index
2008-04-28,DTWEXBGS,86.7635,Nominal broad US dollar index
2008-04-29,DTWEXBGS,86.873,Nominal broad US dollar index
2008-04-30,DTWEXBGS,86.8907,Nominal broad US dollar index
2008-05-01,DTWEXBGS,87.1347,Nominal broad US dollar index
2008-05-02,DTWEXBGS,87.2311,Nominal broad US dollar index
2008-05-05,DTWEXBGS,87.0636,Nominal broad US dollar index
2008-05-06,DTWEXBGS,86.847,Nominal broad US dollar index
2008-05-07,DTWEXBGS,87.3421,Nominal broad US dollar index
2008-05-08,DTWEXBGS,87.4575,Nominal broad US dollar index
2008-05-09,DTWEXBGS,87.2528,Nominal broad US dollar index
2008-05-12,DTWEXBGS,87.0403,Nominal broad US dollar index
2008-05-13,DTWEXBGS,87.1332,Nominal broad US dollar index
2008-05-14,DTWEXBGS,87.3659,Nominal broad US dollar index
2008-05-15,DTWEXBGS,87.1823,Nominal broad US dollar index
2008-05-16,DTWEXBGS,86.7855,Nominal broad US dollar index
2008-05-19,DTWEXBGS,86.8225,Nominal broad US dollar index
2008-05-20,DTWEXBGS,86.5627,Nominal broad US dollar index
2008-05-21,DTWEXBGS,86.1595,Nominal broad US dollar index
2008-05-22,DTWEXBGS,86.3223,Nominal broad US dollar index
2008-05-23,DTWEXBGS,86.1922,Nominal broad US dollar index
2008-05-26,DTWEXBGS,86.19,Nominal broad US dollar index
2008-05-27,DTWEXBGS,86.4459,Nominal broad US dollar index
2008-05-28,DTWEXBGS,86.4951,Nominal broad US dollar index
2008-05-29,DTWEXBGS,86.5616,Nominal broad US dollar index
2008-05-30,DTWEXBGS,86.5504,Nominal broad US dollar index
2008-06-02,DTWEXBGS,86.6321,Nominal broad US dollar index
2008-06-03,DTWEXBGS,86.8359,Nominal broad US dollar index
2008-06-04,DTWEXBGS,87.0999,Nominal broad US dollar index
2008-06-05,DTWEXBGS,87.0968,Nominal broad US dollar index
2008-06-06,DTWEXBGS,86.8028,Nominal broad US dollar index
2008-06-09,DTWEXBGS,86.9096,Nominal broad US dollar index
2008-06-10,DTWEXBGS,87.4705,Nominal broad US dollar index
2008-06-11,DTWEXBGS,87.2059,Nominal broad US dollar index
2008-06-12,DTWEXBGS,87.6187,Nominal broad US dollar index
2008-06-13,DTWEXBGS,87.7622,Nominal broad US dollar index
2008-06-16,DTWEXBGS,87.3911,Nominal broad US dollar index
2008-06-17,DTWEXBGS,87.2103,Nominal broad US dollar index
2008-06-18,DTWEXBGS,87.1872,Nominal broad US dollar index
2008-06-19,DTWEXBGS,87.0815,Nominal broad US dollar index
2008-06-20,DTWEXBGS,86.9036,Nominal broad US dollar index
2008-06-23,DTWEXBGS,87.2163,Nominal broad US dollar index
2008-06-24,DTWEXBGS,86.9666,Nominal broad US dollar index
2008-06-25,DTWEXBGS,87.0535,Nominal broad US dollar index
2008-06-26,DTWEXBGS,86.6793,Nominal broad US dollar index
2008-06-27,DTWEXBGS,86.643,Nominal broad US dollar index
2008-06-30,DTWEXBGS,86.7621,Nominal broad US dollar index
2008-07-01,DTWEXBGS,86.8447,Nominal broad US dollar index
2008-07-02,DTWEXBGS,86.4782,Nominal broad US dollar index
2008-07-03,DTWEXBGS,86.8843,Nominal broad US dollar index
2008-07-04,DTWEXBGS,86.8781,Nominal broad US dollar index
2008-07-07,DTWEXBGS,86.9617,Nominal broad US dollar index
2008-07-08,DTWEXBGS,86.9778,Nominal broad US dollar index
2008-07-09,DTWEXBGS,86.5335,Nominal broad US dollar index
2008-07-10,DTWEXBGS,86.5122,Nominal broad US dollar index
2008-07-11,DTWEXBGS,86.221,Nominal broad US dollar index
2008-07-14,DTWEXBGS,86.1079,Nominal broad US dollar index
2008-07-15,DTWEXBGS,85.8731,Nominal broad US dollar index
2008-07-16,DTWEXBGS,85.9285,Nominal broad US dollar index
2008-07-17,DTWEXBGS,85.9387,Nominal broad US dollar index
2008-07-18,DTWEXBGS,86.0735,Nominal broad US dollar index
2008-07-21,DTWEXBGS,86.0151,Nominal broad US dollar index
2008-07-22,DTWEXBGS,86.1909,Nominal broad US dollar index
2008-07-23,DTWEXBGS,86.2664,Nominal broad US dollar index
2008-07-24,DTWEXBGS,86.4017,Nominal broad US dollar index
2008-07-25,DTWEXBGS,86.3916,Nominal broad US dollar index
2008-07-28,DTWEXBGS,86.4666,Nominal broad US dollar index
2008-07-29,DTWEXBGS,86.8175,Nominal broad US dollar index
2008-07-30,DTWEXBGS,86.8167,Nominal broad US dollar index
2008-07-31,DTWEXBGS,86.8567,Nominal broad US dollar index
2008-08-01,DTWEXBGS,86.8257,Nominal broad US dollar index
2008-08-04,DTWEXBGS,87.0611,Nominal broad US dollar index
2008-08-05,DTWEXBGS,87.3281,Nominal broad US dollar index
2008-08-06,DTWEXBGS,87.6004,Nominal broad US dollar index
2008-08-07,DTWEXBGS,87.8732,Nominal broad US dollar index
2008-08-08,DTWEXBGS,88.8939,Nominal broad US dollar index
2008-08-11,DTWEXBGS,89.035,Nominal broad US dollar index
2008-08-12,DTWEXBGS,89.1916,Nominal broad US dollar index
2008-08-13,DTWEXBGS,89.3211,Nominal broad US dollar index
2008-08-14,DTWEXBGS,89.3675,Nominal broad US dollar index
2008-08-15,DTWEXBGS,89.7244,Nominal broad US dollar index
2008-08-18,DTWEXBGS,89.5966,Nominal broad US dollar index
2008-08-19,DTWEXBGS,89.6465,Nominal broad US dollar index
2008-08-20,DTWEXBGS,89.6977,Nominal broad US dollar index
2008-08-21,DTWEXBGS,88.9128,Nominal broad US dollar index
2008-08-22,DTWEXBGS,89.2381,Nominal broad US dollar index
2008-08-25,DTWEXBGS,89.3094,Nominal broad US dollar index
2008-08-26,DTWEXBGS,89.7007,Nominal broad US dollar index
2008-08-27,DTWEXBGS,89.6419,Nominal broad US dollar index
2008-08-28,DTWEXBGS,89.8225,Nominal broad US dollar index
2008-08-29,DTWEXBGS,90.0567,Nominal broad US dollar index
2008-09-01,DTWEXBGS,90.08,Nominal broad US dollar index
2008-09-02,DTWEXBGS,90.8438,Nominal broad US dollar index
2008-09-03,DTWEXBGS,90.8286,Nominal broad US dollar index
2008-09-04,DTWEXBGS,91.1621,Nominal broad US dollar index
2008-09-05,DTWEXBGS,91.341,Nominal broad US dollar index
2008-09-08,DTWEXBGS,91.663,Nominal broad US dollar index
2008-09-09,DTWEXBGS,91.5779,Nominal broad US dollar index
2008-09-10,DTWEXBGS,92.1283,Nominal broad US dollar index
2008-09-11,DTWEXBGS,92.4901,Nominal broad US dollar index
2008-09-12,DTWEXBGS,91.4706,Nominal broad US dollar index
2008-09-15,DTWEXBGS,91.757,Nominal broad US dollar index
2008-09-16,DTWEXBGS,92.0594,Nominal broad US dollar index
2008-09-17,DTWEXBGS,92.0982,Nominal broad US dollar index
2008-09-18,DTWEXBGS,91.7111,Nominal broad US dollar index
2008-09-19,DTWEXBGS,91.0014,Nominal broad US dollar index
2008-09-22,DTWEXBGS,90.1119,Nominal broad US dollar index
2008-09-23,DTWEXBGS,90.1221,Nominal broad US dollar index
2008-09-24,DTWEXBGS,90.4602,Nominal broad US dollar index
2008-09-25,DTWEXBGS,90.4651,Nominal broad US dollar index
2008-09-26,DTWEXBGS,90.6872,Nominal broad US dollar index
2008-09-29,DTWEXBGS,91.3961,Nominal broad US dollar index
2008-09-30,DTWEXBGS,92.3773,Nominal broad US dollar index
2008-10-01,DTWEXBGS,92.511,Nominal broad US dollar index
2008-10-02,DTWEXBGS,93.3792,Nominal broad US dollar index
2008-10-03,DTWEXBGS,93.5414,Nominal broad US dollar index
2008-10-06,DTWEXBGS,95.1629,Nominal broad US dollar index
2008-10-07,DTWEXBGS,95.4889,Nominal broad US dollar index
2008-10-08,DTWEXBGS,96.9684,Nominal broad US dollar index
2008-10-09,DTWEXBGS,96.5143,Nominal broad US dollar index
2008-10-10,DTWEXBGS,97.999,Nominal broad US dollar index
2008-10-13,DTWEXBGS,97.9686,Nominal broad US dollar index
2008-10-14,DTWEXBGS,96.2544,Nominal broad US dollar index
2008-10-15,DTWEXBGS,97.2045,Nominal broad US dollar index
2008-10-16,DTWEXBGS,98.368,Nominal broad US dollar index
2008-10-17,DTWEXBGS,97.7255,Nominal broad US dollar index
2008-10-20,DTWEXBGS,98.1605,Nominal broad US dollar index
2008-10-21,DTWEXBGS,99.4242,Nominal broad US dollar index
2008-10-22,DTWEXBGS,101.2131,Nominal broad US dollar index
2008-10-23,DTWEXBGS,101.1071,Nominal broad US dollar index
2008-10-24,DTWEXBGS,101.8442,Nominal broad US dollar index
2008-10-27,DTWEXBGS,102.3415,Nominal broad US dollar index
2008-10-28,DTWEXBGS,102.4236,Nominal broad US dollar index
2008-10-29,DTWEXBGS,100.0967,Nominal broad US dollar index
2008-10-30,DTWEXBGS,99.4568,Nominal broad US dollar index
2008-10-31,DTWEXBGS,99.7662,Nominal broad US dollar index
2008-11-03,DTWEXBGS,99.4345,Nominal broad US dollar index
2008-11-04,DTWEXBGS,97.9957,Nominal broad US dollar index
2008-11-05,DTWEXBGS,98.0953,Nominal broad US dollar index
2008-11-06,DTWEXBGS,99.5364,Nominal broad US dollar index
2008-11-07,DTWEXBGS,99.3944,Nominal broad US dollar index
2008-11-10,DTWEXBGS,99.5897,Nominal broad US dollar index
2008-11-11,DTWEXBGS,99.6041,Nominal broad US dollar index
2008-11-12,DTWEXBGS,101.1947,Nominal broad US dollar index
2008-11-13,DTWEXBGS,101.774,Nominal broad US dollar index
2008-11-14,DTWEXBGS,100.9705,Nominal broad US dollar index
2008-11-17,DTWEXBGS,101.1029,Nominal broad US dollar index
2008-11-18,DTWEXBGS,101.3965,Nominal broad US dollar index
2008-11-19,DTWEXBGS,101.8804,Nominal broad US dollar index
2008-11-20,DTWEXBGS,103.2737,Nominal broad US dollar index
2008-11-21,DTWEXBGS,103.6289,Nominal broad US dollar index
2008-11-24,DTWEXBGS,101.502,Nominal broad US dollar index
2008-11-25,DTWEXBGS,100.7997,Nominal broad US dollar index
2008-11-26,DTWEXBGS,101.2566,Nominal broad US dollar index
2008-11-27,DTWEXBGS,101.2564,Nominal broad US dollar index
2008-11-28,DTWEXBGS,101.6468,Nominal broad US dollar index
2008-12-01,DTWEXBGS,102.1744,Nominal broad US dollar index
2008-12-02,DTWEXBGS,101.9891,Nominal broad US dollar index
2008-12-03,DTWEXBGS,102.4251,Nominal broad US dollar index
2008-12-04,DTWEXBGS,102.0715,Nominal broad US dollar index
2008-12-05,DTWEXBGS,103.4902,Nominal broad US dollar index
2008-12-08,DTWEXBGS,101.7227,Nominal broad US dollar index
2008-12-09,DTWEXBGS,101.7346,Nominal broad US dollar index
2008-12-10,DTWEXBGS,101.2913,Nominal broad US dollar index
2008-12-11,DTWEXBGS,99.5101,Nominal broad US dollar index
2008-12-12,DTWEXBGS,100.319,Nominal broad US dollar index
2008-12-15,DTWEXBGS,99.1001,Nominal broad US dollar index
2008-12-16,DTWEXBGS,98.4771,Nominal broad US dollar index
2008-12-17,DTWEXBGS,96.8227,Nominal broad US dollar index
2008-12-18,DTWEXBGS,96.8447,Nominal broad US dollar index
2008-12-19,DTWEXBGS,98.1278,Nominal broad US dollar index
2008-12-22,DTWEXBGS,98.1643,Nominal broad US dollar index
2008-12-23,DTWEXBGS,98.2698,Nominal broad US dollar index
2008-12-24,DTWEXBGS,98.2249,Nominal broad US dollar index
2008-12-25,DTWEXBGS,98.2419,Nominal broad US dollar index
2008-12-26,DTWEXBGS,98.2594,Nominal broad US dollar index
2008-12-29,DTWEXBGS,97.9359,Nominal broad US dollar index
2008-12-30,DTWEXBGS,98.3833,Nominal broad US dollar index
2008-12-31,DTWEXBGS,98.6518,Nominal broad US dollar index
2009-01-01,DTWEXBGS,,Nominal broad US dollar index
2009-01-02,DTWEXBGS,98.6008,Nominal broad US dollar index
2009-01-05,DTWEXBGS,98.9195,Nominal broad US dollar index
2009-01-06,DTWEXBGS,98.7871,Nominal broad US dollar index
2009-01-07,DTWEXBGS,98.089,Nominal broad US dollar index
2009-01-08,DTWEXBGS,98.3223,Nominal broad US dollar index
2009-01-09,DTWEXBGS,98.8752,Nominal broad US dollar index
2009-01-12,DTWEXBGS,99.6022,Nominal broad US dollar index
2009-01-13,DTWEXBGS,100.3597,Nominal broad US dollar index
2009-01-14,DTWEXBGS,100.7546,Nominal broad US dollar index
2009-01-15,DTWEXBGS,101.4653,Nominal broad US dollar index
2009-01-16,DTWEXBGS,100.711,Nominal broad US dollar index
2009-01-19,DTWEXBGS,,Nominal broad US dollar index
2009-01-20,DTWEXBGS,,Nominal broad US dollar index
2009-01-21,DTWEXBGS,102.1007,Nominal broad US dollar index
2009-01-22,DTWEXBGS,101.8432,Nominal broad US dollar index
2009-01-23,DTWEXBGS,102.1096,Nominal broad US dollar index
2009-01-26,DTWEXBGS,100.9764,Nominal broad US dollar index
2009-01-27,DTWEXBGS,101.1702,Nominal broad US dollar index
2009-01-28,DTWEXBGS,100.5461,Nominal broad US dollar index
2009-01-29,DTWEXBGS,101.3398,Nominal broad US dollar index
2009-01-30,DTWEXBGS,102.1169,Nominal broad US dollar index
2009-02-02,DTWEXBGS,102.5067,Nominal broad US dollar index
2009-02-03,DTWEXBGS,101.8506,Nominal broad US dollar index
2009-02-04,DTWEXBGS,101.9056,Nominal broad US dollar index
2009-02-05,DTWEXBGS,101.9517,Nominal broad US dollar index
2009-02-06,DTWEXBGS,101.7455,Nominal broad US dollar index
2009-02-09,DTWEXBGS,100.9637,Nominal broad US dollar index
2009-02-10,DTWEXBGS,101.7094,Nominal broad US dollar index
2009-02-11,DTWEXBGS,102.24,Nominal broad US dollar index
2009-02-12,DTWEXBGS,102.598,Nominal broad US dollar index
2009-02-13,DTWEXBGS,102.2958,Nominal broad US dollar index
2009-02-16,DTWEXBGS,,Nominal broad US dollar index
2009-02-17,DTWEXBGS,103.7625,Nominal broad US dollar index
2009-02-18,DTWEXBGS,104.0385,Nominal broad US dollar index
2009-02-19,DTWEXBGS,103.7656,Nominal broad US dollar index
2009-02-20,DTWEXBGS,104.0244,Nominal broad US dollar index
2009-02-23,DTWEXBGS,103.7416,Nominal broad US dollar index
2009-02-24,DTWEXBGS,103.9829,Nominal broad US dollar index
2009-02-25,DTWEXBGS,104.3086,Nominal broad US dollar index
2009-02-26,DTWEXBGS,104.1813,Nominal broad US dollar index
2009-02-27,DTWEXBGS,104.9284,Nominal broad US dollar index
2009-03-02,DTWEXBGS,105.9617,Nominal broad US dollar index
2009-03-03,DTWEXBGS,106.0249,Nominal broad US dollar index
2009-03-04,DTWEXBGS,105.4558,Nominal broad US dollar index
2009-03-05,DTWEXBGS,105.8064,Nominal broad US dollar index
2009-03-06,DTWEXBGS,105.3937,Nominal broad US dollar index
2009-03-09,DTWEXBGS,106.0182,Nominal broad US dollar index
2009-03-10,DTWEXBGS,105.1153,Nominal broad US dollar index
2009-03-11,DTWEXBGS,104.8499,Nominal broad US dollar index
2009-03-12,DTWEXBGS,104.89,Nominal broad US dollar index
2009-03-13,DTWEXBGS,104.1106,Nominal broad US dollar index
2009-03-16,DTWEXBGS,103.2005,Nominal broad US dollar index
2009-03-17,DTWEXBGS,103.2305,Nominal broad US dollar index
2009-03-18,DTWEXBGS,103.0005,Nominal broad US dollar index
2009-03-19,DTWEXBGS,100.3951,Nominal broad US dollar index
2009-03-20,DTWEXBGS,101.0581,Nominal broad US dollar index
2009-03-23,DTWEXBGS,101.103,Nominal broad US dollar index
2009-03-24,DTWEXBGS,101.0319,Nominal broad US dollar index
2009-03-25,DTWEXBGS,100.9674,Nominal broad US dollar index
2009-03-26,DTWEXBGS,101.097,Nominal broad US dollar index
2009-03-27,DTWEXBGS,101.8388,Nominal broad US dollar index
2009-03-30,DTWEXBGS,102.749,Nominal broad US dollar index
2009-03-31,DTWEXBGS,102.3761,Nominal broad US dollar index
2009-04-01,DTWEXBGS,102.1252,Nominal broad US dollar index
2009-04-02,DTWEXBGS,100.8733,Nominal broad US dollar index
2009-04-03,DTWEXBGS,100.6429,Nominal broad US dollar index
2009-04-06,DTWEXBGS,100.9428,Nominal broad US dollar index
2009-04-07,DTWEXBGS,100.9808,Nominal broad US dollar index
2009-04-08,DTWEXBGS,100.8948,Nominal broad US dollar index
2009-04-09,DTWEXBGS,100.7988,Nominal broad US dollar index
2009-04-10,DTWEXBGS,100.7597,Nominal broad US dollar index
2009-04-13,DTWEXBGS,100.1369,Nominal broad US dollar index
2009-04-14,DTWEXBGS,99.9097,Nominal broad US dollar index
2009-04-15,DTWEXBGS,100.1497,Nominal broad US dollar index
2009-04-16,DTWEXBGS,100.0517,Nominal broad US dollar index
2009-04-17,DTWEXBGS,100.5719,Nominal broad US dollar index
2009-04-20,DTWEXBGS,101.448,Nominal broad US dollar index
2009-04-21,DTWEXBGS,101.1794,Nominal broad US dollar index
2009-04-22,DTWEXBGS,101.1142,Nominal broad US dollar index
2009-04-23,DTWEXBGS,101.0065,Nominal broad US dollar index
2009-04-24,DTWEXBGS,100.0244,Nominal broad US dollar index
2009-04-27,DTWEXBGS,100.7258,Nominal broad US dollar index
2009-04-28,DTWEXBGS,101.3145,Nominal broad US dollar index
2009-04-29,DTWEXBGS,100.0009,Nominal broad US dollar index
2009-04-30,DTWEXBGS,100.1042,Nominal broad US dollar index
2009-05-01,DTWEXBGS,100.0057,Nominal broad US dollar index
2009-05-04,DTWEXBGS,99.134,Nominal broad US dollar index
2009-05-05,DTWEXBGS,98.8529,Nominal broad US dollar index
2009-05-06,DTWEXBGS,98.9044,Nominal broad US dollar index
2009-05-07,DTWEXBGS,98.552,Nominal broad US dollar index
2009-05-08,DTWEXBGS,98.1269,Nominal broad US dollar index
2009-05-11,DTWEXBGS,97.747,Nominal broad US dollar index
2009-05-12,DTWEXBGS,97.8269,Nominal broad US dollar index
2009-05-13,DTWEXBGS,98.0276,Nominal broad US dollar index
2009-05-14,DTWEXBGS,98.1271,Nominal broad US dollar index
2009-05-15,DTWEXBGS,98.1063,Nominal broad US dollar index
2009-05-18,DTWEXBGS,97.9412,Nominal broad US dollar index
2009-05-19,DTWEXBGS,97.2827,Nominal broad US dollar index
2009-05-20,DTWEXBGS,96.5707,Nominal broad US dollar index
2009-05-21,DTWEXBGS,96.6039,Nominal broad US dollar index
2009-05-22,DTWEXBGS,95.8788,Nominal broad US dollar index
2009-05-25,DTWEXBGS,,Nominal broad US dollar index
2009-05-26,DTWEXBGS,95.988,Nominal broad US dollar index
2009-05-27,DTWEXBGS,95.9622,Nominal broad US dollar index
2009-05-28,DTWEXBGS,96.1313,Nominal broad US dollar index
2009-05-29,DTWEXBGS,95.268,Nominal broad US dollar index
2009-06-01,DTWEXBGS,94.8107,Nominal broad US dollar index
2009-06-02,DTWEXBGS,94.6556,Nominal broad US dollar index
2009-06-03,DTWEXBGS,95.0751,Nominal broad US dollar index
2009-06-04,DTWEXBGS,95.2922,Nominal broad US dollar index
2009-06-05,DTWEXBGS,96.0412,Nominal broad US dollar index
2009-06-08,DTWEXBGS,96.6548,Nominal broad US dollar index
2009-06-09,DTWEXBGS,95.9537,Nominal broad US dollar index
2009-06-10,DTWEXBGS,96.1277,Nominal broad US dollar index
2009-06-11,DTWEXBGS,95.4993,Nominal broad US dollar index
2009-06-12,DTWEXBGS,95.836,Nominal broad US dollar index
2009-06-15,DTWEXBGS,96.7519,Nominal broad US dollar index
2009-06-16,DTWEXBGS,96.2616,Nominal broad US dollar index
2009-06-17,DTWEXBGS,96.64,Nominal broad US dollar index
2009-06-18,DTWEXBGS,96.1482,Nominal broad US dollar index
2009-06-19,DTWEXBGS,96.0325,Nominal broad US dollar index
2009-06-22,DTWEXBGS,96.8818,Nominal broad US dollar index
2009-06-23,DTWEXBGS,96.5196,Nominal broad US dollar index
2009-06-24,DTWEXBGS,96.2369,Nominal broad US dollar index
2009-06-25,DTWEXBGS,96.7072,Nominal broad US dollar index
2009-06-26,DTWEXBGS,96.1935,Nominal broad US dollar index
2009-06-29,DTWEXBGS,96.242,Nominal broad US dollar index
2009-06-30,DTWEXBGS,96.3761,Nominal broad US dollar index
2009-07-01,DTWEXBGS,95.6581,Nominal broad US dollar index
2009-07-02,DTWEXBGS,96.3216,Nominal broad US dollar index
2009-07-03,DTWEXBGS,,Nominal broad US dollar index
2009-07-06,DTWEXBGS,96.6174,Nominal broad US dollar index
2009-07-07,DTWEXBGS,96.6321,Nominal broad US dollar index
2009-07-08,DTWEXBGS,97.0204,Nominal broad US dollar index
2009-07-09,DTWEXBGS,96.6219,Nominal broad US dollar index
2009-07-10,DTWEXBGS,97.0819,Nominal broad US dollar index
2009-07-13,DTWEXBGS,96.9995,Nominal broad US dollar index
2009-07-14,DTWEXBGS,96.6599,Nominal broad US dollar index
2009-07-15,DTWEXBGS,95.8004,Nominal broad US dollar index
2009-07-16,DTWEXBGS,95.7241,Nominal broad US dollar index
2009-07-17,DTWEXBGS,95.6036,Nominal broad US dollar index
2009-07-20,DTWEXBGS,95.0903,Nominal broad US dollar index
2009-07-21,DTWEXBGS,95.0564,Nominal broad US dollar index
2009-07-22,DTWEXBGS,94.8659,Nominal broad US dollar index
2009-07-23,DTWEXBGS,94.532,Nominal broad US dollar index
2009-07-24,DTWEXBGS,94.7046,Nominal broad US dollar index
2009-07-27,DTWEXBGS,94.6659,Nominal broad US dollar index
2009-07-28,DTWEXBGS,94.5592,Nominal broad US dollar index
2009-07-29,DTWEXBGS,95.1678,Nominal broad US dollar index
2009-07-30,DTWEXBGS,94.8967,Nominal broad US dollar index
2009-07-31,DTWEXBGS,94.2526,Nominal broad US dollar index
2009-08-03,DTWEXBGS,93.6331,Nominal broad US dollar index
2009-08-04,DTWEXBGS,93.7281,Nominal broad US dollar index
2009-08-05,DTWEXBGS,93.7848,Nominal broad US dollar index
2009-08-06,DTWEXBGS,93.9358,Nominal broad US dollar index
2009-08-07,DTWEXBGS,94.4692,Nominal broad US dollar index
2009-08-10,DTWEXBGS,94.6087,Nominal broad US dollar index
2009-08-11,DTWEXBGS,94.8678,Nominal broad US dollar index
2009-08-12,DTWEXBGS,94.5394,Nominal broad US dollar index
2009-08-13,DTWEXBGS,94.2392,Nominal broad US dollar index
2009-08-14,DTWEXBGS,94.475,Nominal broad US dollar index
2009-08-17,DTWEXBGS,95.1024,Nominal broad US dollar index
2009-08-18,DTWEXBGS,95.1118,Nominal broad US dollar index
2009-08-19,DTWEXBGS,94.4084,Nominal broad US dollar index
2009-08-20,DTWEXBGS,94.3492,Nominal broad US dollar index
2009-08-21,DTWEXBGS,94.0103,Nominal broad US dollar index
2009-08-24,DTWEXBGS,93.9345,Nominal broad US dollar index
2009-08-25,DTWEXBGS,93.9066,Nominal broad US dollar index
2009-08-26,DTWEXBGS,94.8662,Nominal broad US dollar index
2009-08-27,DTWEXBGS,94.7943,Nominal broad US dollar index
2009-08-28,DTWEXBGS,94.4489,Nominal broad US dollar index
2009-08-31,DTWEXBGS,94.6202,Nominal broad US dollar index
2009-09-01,DTWEXBGS,95.2201,Nominal broad US dollar index
2009-09-02,DTWEXBGS,95.1575,Nominal broad US dollar index
2009-09-03,DTWEXBGS,94.959,Nominal broad US dollar index
2009-09-04,DTWEXBGS,94.5811,Nominal broad US dollar index
2009-09-07,DTWEXBGS,,Nominal broad US dollar index
2009-09-08,DTWEXBGS,93.7323,Nominal broad US dollar index
2009-09-09,DTWEXBGS,93.6915,Nominal broad US dollar index
2009-09-10,DTWEXBGS,93.6947,Nominal broad US dollar index
2009-09-11,DTWEXBGS,93.3225,Nominal broad US dollar index
2009-09-14,DTWEXBGS,93.6196,Nominal broad US dollar index
2009-09-15,DTWEXBGS,93.4427,Nominal broad US dollar index
2009-09-16,DTWEXBGS,92.9072,Nominal broad US dollar index
2009-09-17,DTWEXBGS,92.8287,Nominal broad US dollar index
2009-09-18,DTWEXBGS,93.1233,Nominal broad US dollar index
2009-09-21,DTWEXBGS,93.3547,Nominal broad US dollar index
2009-09-22,DTWEXBGS,92.8664,Nominal broad US dollar index
2009-09-23,DTWEXBGS,92.979,Nominal broad US dollar index
2009-09-24,DTWEXBGS,93.4708,Nominal broad US dollar index
2009-09-25,DTWEXBGS,93.5535,Nominal broad US dollar index
2009-09-28,DTWEXBGS,93.4669,Nominal broad US dollar index
2009-09-29,DTWEXBGS,93.7776,Nominal broad US dollar index
2009-09-30,DTWEXBGS,93.1907,Nominal broad US dollar index
2009-10-01,DTWEXBGS,93.5995,Nominal broad US dollar index
2009-10-02,DTWEXBGS,93.6756,Nominal broad US dollar index
2009-10-05,DTWEXBGS,93.3356,Nominal broad US dollar index
2009-10-06,DTWEXBGS,92.619,Nominal broad US dollar index
2009-10-07,DTWEXBGS,92.794,Nominal broad US dollar index
2009-10-08,DTWEXBGS,92.2074,Nominal broad US dollar index
2009-10-09,DTWEXBGS,92.2984,Nominal broad US dollar index
2009-10-12,DTWEXBGS,,Nominal broad US dollar index
2009-10-13,DTWEXBGS,91.8273,Nominal broad US dollar index
2009-10-14,DTWEXBGS,91.5047,Nominal broad US dollar index
2009-10-15,DTWEXBGS,91.4367,Nominal broad US dollar index
2009-10-16,DTWEXBGS,91.6541,Nominal broad US dollar index
2009-10-19,DTWEXBGS,91.4406,Nominal broad US dollar index
2009-10-20,DTWEXBGS,91.801,Nominal broad US dollar index
2009-10-21,DTWEXBGS,91.3805,Nominal broad US dollar index
2009-10-22,DTWEXBGS,91.6075,Nominal broad US dollar index
2009-10-23,DTWEXBGS,91.7331,Nominal broad US dollar index
2009-10-26,DTWEXBGS,92.0998,Nominal broad US dollar index
2009-10-27,DTWEXBGS,92.5335,Nominal broad US dollar index
2009-10-28,DTWEXBGS,92.8152,Nominal broad US dollar index
2009-10-29,DTWEXBGS,92.4708,Nominal broad US dollar index
2009-10-30,DTWEXBGS,92.6207,Nominal broad US dollar index
2009-11-02,DTWEXBGS,92.4501,Nominal broad US dollar index
2009-11-03,DTWEXBGS,92.9037,Nominal broad US dollar index
2009-11-04,DTWEXBGS,92.3725,Nominal broad US dollar index
2009-11-05,DTWEXBGS,92.3437,Nominal broad US dollar index
2009-11-06,DTWEXBGS,92.3848,Nominal broad US dollar index
2009-11-09,DTWEXBGS,91.6861,Nominal broad US dollar index
2009-11-10,DTWEXBGS,91.6659,Nominal broad US dollar index
2009-11-11,DTWEXBGS,,Nominal broad US dollar index
2009-11-12,DTWEXBGS,91.9461,Nominal broad US dollar index
2009-11-13,DTWEXBGS,91.5754,Nominal broad US dollar index
2009-11-16,DTWEXBGS,91.194,Nominal broad US dollar index
2009-11-17,DTWEXBGS,91.7419,Nominal broad US dollar index
2009-11-18,DTWEXBGS,91.249,Nominal broad US dollar index
2009-11-19,DTWEXBGS,91.7827,Nominal broad US dollar index
2009-11-20,DTWEXBGS,91.9906,Nominal broad US dollar index
2009-11-23,DTWEXBGS,91.4864,Nominal broad US dollar index
2009-11-24,DTWEXBGS,91.5539,Nominal broad US dollar index
2009-11-25,DTWEXBGS,90.9669,Nominal broad US dollar index
2009-11-26,DTWEXBGS,,Nominal broad US dollar index
2009-11-27,DTWEXBGS,91.5272,Nominal broad US dollar index
2009-11-30,DTWEXBGS,91.3717,Nominal broad US dollar index
2009-12-01,DTWEXBGS,90.8323,Nominal broad US dollar index
2009-12-02,DTWEXBGS,90.8906,Nominal broad US dollar index
2009-12-03,DTWEXBGS,90.9152,Nominal broad US dollar index
2009-12-04,DTWEXBGS,91.3806,Nominal broad US dollar index
2009-12-07,DTWEXBGS,91.5414,Nominal broad US dollar index
2009-12-08,DTWEXBGS,91.9513,Nominal broad US dollar index
2009-12-09,DTWEXBGS,92.014,Nominal broad US dollar index
2009-12-10,DTWEXBGS,92.0073,Nominal broad US dollar index
2009-12-11,DTWEXBGS,92.2946,Nominal broad US dollar index
2009-12-14,DTWEXBGS,92.0305,Nominal broad US dollar index
2009-12-15,DTWEXBGS,92.3635,Nominal broad US dollar index
2009-12-16,DTWEXBGS,92.1496,Nominal broad US dollar index
2009-12-17,DTWEXBGS,93.225,Nominal broad US dollar index
2009-12-18,DTWEXBGS,93.1632,Nominal broad US dollar index
2009-12-21,DTWEXBGS,,Nominal broad US dollar index
2009-12-22,DTWEXBGS,93.2903,Nominal broad US dollar index
2009-12-23,DTWEXBGS,92.9295,Nominal broad US dollar index
2009-12-24,DTWEXBGS,92.8694,Nominal broad US dollar index
2009-12-25,DTWEXBGS,,Nominal broad US dollar index
2009-12-28,DTWEXBGS,92.6993,Nominal broad US dollar index
2009-12-29,DTWEXBGS,92.8838,Nominal broad US dollar index
2009-12-30,DTWEXBGS,93.0872,Nominal broad US dollar index
2009-12-31,DTWEXBGS,92.9124,Nominal broad US dollar index
2010-01-01,DTWEXBGS,,Nominal broad US dollar index
2010-01-04,DTWEXBGS,92.3566,Nominal broad US dollar index
2010-01-05,DTWEXBGS,92.2236,Nominal broad US dollar index
2010-01-06,DTWEXBGS,92.0941,Nominal broad US dollar index
2010-01-07,DTWEXBGS,92.3684,Nominal broad US dollar index
2010-01-08,DTWEXBGS,92.1485,Nominal broad US dollar index
2010-01-11,DTWEXBGS,91.5997,Nominal broad US dollar index
2010-01-12,DTWEXBGS,91.7005,Nominal broad US dollar index
2010-01-13,DTWEXBGS,91.7272,Nominal broad US dollar index
2010-01-14,DTWEXBGS,91.5864,Nominal broad US dollar index
2010-01-15,DTWEXBGS,91.7668,Nominal broad US dollar index
2010-01-18,DTWEXBGS,,Nominal broad US dollar index
2010-01-19,DTWEXBGS,91.9611,Nominal broad US dollar index
2010-01-20,DTWEXBGS,92.6766,Nominal broad US dollar index
2010-01-21,DTWEXBGS,92.6627,Nominal broad US dollar index
2010-01-22,DTWEXBGS,92.943,Nominal broad US dollar index
2010-01-25,DTWEXBGS,92.9099,Nominal broad US dollar index
2010-01-26,DTWEXBGS,93.3298,Nominal broad US dollar index
2010-01-27,DTWEXBGS,93.2835,Nominal broad US dollar index
2010-01-28,DTWEXBGS,93.2635,Nominal broad US dollar index
2010-01-29,DTWEXBGS,93.7638,Nominal broad US dollar index
2010-02-01,DTWEXBGS,93.7321,Nominal broad US dollar index
2010-02-02,DTWEXBGS,93.4136,Nominal broad US dollar index
2010-02-03,DTWEXBGS,93.6268,Nominal broad US dollar index
2010-02-04,DTWEXBGS,94.1401,Nominal broad US dollar index
2010-02-05,DTWEXBGS,94.6218,Nominal broad US dollar index
2010-02-08,DTWEXBGS,,Nominal broad US dollar index
2010-02-09,DTWEXBGS,,Nominal broad US dollar index
2010-02-10,DTWEXBGS,,Nominal broad US dollar index
2010-02-11,DTWEXBGS,,Nominal broad US dollar index
2010-02-12,DTWEXBGS,93.9976,Nominal broad US dollar index
2010-02-15,DTWEXBGS,,Nominal broad US dollar index
2010-02-16,DTWEXBGS,93.482,Nominal broad US dollar index
2010-02-17,DTWEXBGS,93.7171,Nominal broad US dollar index
2010-02-18,DTWEXBGS,93.8752,Nominal broad US dollar index
2010-02-19,DTWEXBGS,93.9569,Nominal broad US dollar index
2010-02-22,DTWEXBGS,93.7402,Nominal broad US dollar index
2010-02-23,DTWEXBGS,93.9794,Nominal broad US dollar index
2010-02-24,DTWEXBGS,93.9775,Nominal broad US dollar index
2010-02-25,DTWEXBGS,94.3797,Nominal broad US dollar index
2010-02-26,DTWEXBGS,93.6602,Nominal broad US dollar index
2010-03-01,DTWEXBGS,93.7979,Nominal broad US dollar index
2010-03-02,DTWEXBGS,93.488,Nominal broad US dollar index
2010-03-03,DTWEXBGS,92.9861,Nominal broad US dollar index
2010-03-04,DTWEXBGS,93.4079,Nominal broad US dollar index
2010-03-05,DTWEXBGS,93.2623,Nominal broad US dollar index
2010-03-08,DTWEXBGS,93.2446,Nominal broad US dollar index
2010-03-09,DTWEXBGS,93.1941,Nominal broad US dollar index
2010-03-10,DTWEXBGS,93.0426,Nominal broad US dollar index
2010-03-11,DTWEXBGS,93.0533,Nominal broad US dollar index
2010-03-12,DTWEXBGS,92.6616,Nominal broad US dollar index
2010-03-15,DTWEXBGS,92.9642,Nominal broad US dollar index
2010-03-16,DTWEXBGS,92.595,Nominal broad US dollar index
2010-03-17,DTWEXBGS,92.4446,Nominal broad US dollar index
2010-03-18,DTWEXBGS,92.7451,Nominal broad US dollar index
2010-03-19,DTWEXBGS,93.0407,Nominal broad US dollar index
2010-03-22,DTWEXBGS,93.1333,Nominal broad US dollar index
2010-03-23,DTWEXBGS,93.006,Nominal broad US dollar index
2010-03-24,DTWEXBGS,93.6468,Nominal broad US dollar index
2010-03-25,DTWEXBGS,93.5885,Nominal broad US dollar index
2010-03-26,DTWEXBGS,93.6873,Nominal broad US dollar index
2010-03-29,DTWEXBGS,93.2959,Nominal broad US dollar index
2010-03-30,DTWEXBGS,93.2627,Nominal broad US dollar index
2010-03-31,DTWEXBGS,92.8987,Nominal broad US dollar index
2010-04-01,DTWEXBGS,92.6661,Nominal broad US dollar index
2010-04-02,DTWEXBGS,92.9057,Nominal broad US dollar index
2010-04-05,DTWEXBGS,92.6644,Nominal broad US dollar index
2010-04-06,DTWEXBGS,92.7373,Nominal broad US dollar index
2010-04-07,DTWEXBGS,92.7452,Nominal broad US dollar index
2010-04-08,DTWEXBGS,92.7211,Nominal broad US dollar index
2010-04-09,DTWEXBGS,92.4772,Nominal broad US dollar index
2010-04-12,DTWEXBGS,92.243,Nominal broad US dollar index
2010-04-13,DTWEXBGS,92.2689,Nominal broad US dollar index
2010-04-14,DTWEXBGS,91.9297,Nominal broad US dollar index
2010-04-15,DTWEXBGS,92.2029,Nominal broad US dollar index
2010-04-16,DTWEXBGS,92.5253,Nominal broad US dollar index
2010-04-19,DTWEXBGS,92.8577,Nominal broad US dollar index
2010-04-20,DTWEXBGS,92.4338,Nominal broad US dollar index
2010-04-21,DTWEXBGS,92.4482,Nominal broad US dollar index
2010-04-22,DTWEXBGS,92.7277,Nominal broad US dollar index
2010-04-23,DTWEXBGS,92.6622,Nominal broad US dollar index
2010-04-26,DTWEXBGS,92.5187,Nominal broad US dollar index
2010-04-27,DTWEXBGS,93.0956,Nominal broad US dollar index
2010-04-28,DTWEXBGS,93.4856,Nominal broad US dollar index
2010-04-29,DTWEXBGS,92.9013,Nominal broad US dollar index
2010-04-30,DTWEXBGS,92.8423,Nominal broad US dollar index
2010-05-03,DTWEXBGS,93.235,Nominal broad US dollar index
2010-05-04,DTWEXBGS,93.8137,Nominal broad US dollar index
2010-05-05,DTWEXBGS,94.3968,Nominal broad US dollar index
2010-05-06,DTWEXBGS,95.3032,Nominal broad US dollar index
2010-05-07,DTWEXBGS,95.2952,Nominal broad US dollar index
2010-05-10,DTWEXBGS,94.3096,Nominal broad US dollar index
2010-05-11,DTWEXBGS,94.4305,Nominal broad US dollar index
2010-05-12,DTWEXBGS,94.5515,Nominal broad US dollar index
2010-05-13,DTWEXBGS,94.5071,Nominal broad US dollar index
2010-05-14,DTWEXBGS,95.3746,Nominal broad US dollar index
2010-05-17,DTWEXBGS,95.9795,Nominal broad US dollar index
2010-05-18,DTWEXBGS,95.6212,Nominal broad US dollar index
2010-05-19,DTWEXBGS,96.5083,Nominal broad US dollar index
2010-05-20,DTWEXBGS,96.9483,Nominal broad US dollar index
2010-05-21,DTWEXBGS,96.2911,Nominal broad US dollar index
2010-05-24,DTWEXBGS,96.6433,Nominal broad US dollar index
2010-05-25,DTWEXBGS,97.5487,Nominal broad US dollar index
2010-05-26,DTWEXBGS,97.1879,Nominal broad US dollar index
2010-05-27,DTWEXBGS,96.3611,Nominal broad US dollar index
2010-05-28,DTWEXBGS,96.3062,Nominal broad US dollar index
2010-05-31,DTWEXBGS,,Nominal broad US dollar index
2010-06-01,DTWEXBGS,96.6123,Nominal broad US dollar index
2010-06-02,DTWEXBGS,96.615,Nominal broad US dollar index
2010-06-03,DTWEXBGS,96.461,Nominal broad US dollar index
2010-06-04,DTWEXBGS,97.1688,Nominal broad US dollar index
2010-06-07,DTWEXBGS,97.503,Nominal broad US dollar index
2010-06-08,DTWEXBGS,97.3425,Nominal broad US dollar index
2010-06-09,DTWEXBGS,96.8938,Nominal broad US dollar index
2010-06-10,DTWEXBGS,96.4877,Nominal broad US dollar index
2010-06-11,DTWEXBGS,96.5616,Nominal broad US dollar index
2010-06-14,DTWEXBGS,95.8082,Nominal broad US dollar index
2010-06-15,DTWEXBGS,95.7049,Nominal broad US dollar index
2010-06-16,DTWEXBGS,95.5668,Nominal broad US dollar index
2010-06-17,DTWEXBGS,95.4973,Nominal broad US dollar index
2010-06-18,DTWEXBGS,95.2981,Nominal broad US dollar index
2010-06-21,DTWEXBGS,94.8505,Nominal broad US dollar index
2010-06-22,DTWEXBGS,95.1165,Nominal broad US dollar index
2010-06-23,DTWEXBGS,95.4853,Nominal broad US dollar index
2010-06-24,DTWEXBGS,95.6194,Nominal broad US dollar index
2010-06-25,DTWEXBGS,95.4582,Nominal broad US dollar index
2010-06-28,DTWEXBGS,95.2696,Nominal broad US dollar index
2010-06-29,DTWEXBGS,96.0199,Nominal broad US dollar index
2010-06-30,DTWEXBGS,95.9934,Nominal broad US dollar index
2010-07-01,DTWEXBGS,95.8018,Nominal broad US dollar index
2010-07-02,DTWEXBGS,95.6345,Nominal broad US dollar index
2010-07-05,DTWEXBGS,,Nominal broad US dollar index
2010-07-06,DTWEXBGS,95.1069,Nominal broad US dollar index
2010-07-07,DTWEXBGS,95.1795,Nominal broad US dollar index
2010-07-08,DTWEXBGS,94.7734,Nominal broad US dollar index
2010-07-09,DTWEXBGS,94.683,Nominal broad US dollar index
2010-07-12,DTWEXBGS,94.9598,Nominal broad US dollar index
2010-07-13,DTWEXBGS,94.3856,Nominal broad US dollar index
2010-07-14,DTWEXBGS,94.3247,Nominal broad US dollar index
2010-07-15,DTWEXBGS,94.1988,Nominal broad US dollar index
2010-07-16,DTWEXBGS,94.5061,Nominal broad US dollar index
2010-07-19,DTWEXBGS,94.602,Nominal broad US dollar index
2010-07-20,DTWEXBGS,94.542,Nominal broad US dollar index
2010-07-21,DTWEXBGS,94.4496,Nominal broad US dollar index
2010-07-22,DTWEXBGS,94.1135,Nominal broad US dollar index
2010-07-23,DTWEXBGS,94.1431,Nominal broad US dollar index
2010-07-26,DTWEXBGS,93.7556,Nominal broad US dollar index
2010-07-27,DTWEXBGS,93.7583,Nominal broad US dollar index
2010-07-28,DTWEXBGS,93.7506,Nominal broad US dollar index
2010-07-29,DTWEXBGS,93.6004,Nominal broad US dollar index
2010-07-30,DTWEXBGS,93.2793,Nominal broad US dollar index
2010-08-02,DTWEXBGS,92.7916,Nominal broad US dollar index
2010-08-03,DTWEXBGS,92.6258,Nominal broad US dollar index
2010-08-04,DTWEXBGS,92.731,Nominal broad US dollar index
2010-08-05,DTWEXBGS,92.6401,Nominal broad US dollar index
2010-08-06,DTWEXBGS,92.5915,Nominal broad US dollar index
2010-08-09,DTWEXBGS,92.6726,Nominal broad US dollar index
2010-08-10,DTWEXBGS,93.2197,Nominal broad US dollar index
2010-08-11,DTWEXBGS,93.7778,Nominal broad US dollar index
2010-08-12,DTWEXBGS,93.8905,Nominal broad US dollar index
2010-08-13,DTWEXBGS,94.0457,Nominal broad US dollar index
2010-08-16,DTWEXBGS,93.7902,Nominal broad US dollar index
2010-08-17,DTWEXBGS,93.4239,Nominal broad US dollar index
2010-08-18,DTWEXBGS,93.3719,Nominal broad US dollar index
2010-08-19,DTWEXBGS,93.7141,Nominal broad US dollar index
2010-08-20,DTWEXBGS,94.2087,Nominal broad US dollar index
2010-08-23,DTWEXBGS,94.3295,Nominal broad US dollar index
2010-08-24,DTWEXBGS,94.4362,Nominal broad US dollar index
2010-08-25,DTWEXBGS,94.7372,Nominal broad US dollar index
2010-08-26,DTWEXBGS,94.3523,Nominal broad US dollar index
2010-08-27,DTWEXBGS,94.3462,Nominal broad US dollar index
2010-08-30,DTWEXBGS,94.5922,Nominal broad US dollar index
2010-08-31,DTWEXBGS,94.7204,Nominal broad US dollar index
2010-09-01,DTWEXBGS,94.1148,Nominal broad US dollar index
2010-09-02,DTWEXBGS,94.0852,Nominal broad US dollar index
2010-09-03,DTWEXBGS,93.6952,Nominal broad US dollar index
2010-09-06,DTWEXBGS,,Nominal broad US dollar index
2010-09-07,DTWEXBGS,94.042,Nominal broad US dollar index
2010-09-08,DTWEXBGS,93.7785,Nominal broad US dollar index
2010-09-09,DTWEXBGS,93.7033,Nominal broad US dollar index
2010-09-10,DTWEXBGS,93.6768,Nominal broad US dollar index
2010-09-13,DTWEXBGS,93.0767,Nominal broad US dollar index
2010-09-14,DTWEXBGS,92.6182,Nominal broad US dollar index
2010-09-15,DTWEXBGS,92.9313,Nominal broad US dollar index
2010-09-16,DTWEXBGS,92.9108,Nominal broad US dollar index
2010-09-17,DTWEXBGS,92.9418,Nominal broad US dollar index
2010-09-20,DTWEXBGS,92.7496,Nominal broad US dollar index
2010-09-21,DTWEXBGS,92.6684,Nominal broad US dollar index
2010-09-22,DTWEXBGS,92.0647,Nominal broad US dollar index
2010-09-23,DTWEXBGS,92.0233,Nominal broad US dollar index
2010-09-24,DTWEXBGS,91.5996,Nominal broad US dollar index
2010-09-27,DTWEXBGS,91.4803,Nominal broad US dollar index
2010-09-28,DTWEXBGS,91.3493,Nominal broad US dollar index
2010-09-29,DTWEXBGS,91.1632,Nominal broad US dollar index
2010-09-30,DTWEXBGS,91.3415,Nominal broad US dollar index
2010-10-01,DTWEXBGS,90.836,Nominal broad US dollar index
2010-10-04,DTWEXBGS,91.0015,Nominal broad US dollar index
2010-10-05,DTWEXBGS,90.5622,Nominal broad US dollar index
2010-10-06,DTWEXBGS,90.1411,Nominal broad US dollar index
2010-10-07,DTWEXBGS,90.286,Nominal broad US dollar index
2010-10-08,DTWEXBGS,90.1133,Nominal broad US dollar index
2010-10-11,DTWEXBGS,,Nominal broad US dollar index
2010-10-12,DTWEXBGS,90.2203,Nominal broad US dollar index
2010-10-13,DTWEXBGS,89.7779,Nominal broad US dollar index
2010-10-14,DTWEXBGS,89.5228,Nominal broad US dollar index
2010-10-15,DTWEXBGS,89.6815,Nominal broad US dollar index
2010-10-18,DTWEXBGS,89.8484,Nominal broad US dollar index
2010-10-19,DTWEXBGS,90.5499,Nominal broad US dollar index
2010-10-20,DTWEXBGS,90.1446,Nominal broad US dollar index
2010-10-21,DTWEXBGS,90.138,Nominal broad US dollar index
2010-10-22,DTWEXBGS,90.4063,Nominal broad US dollar index
2010-10-25,DTWEXBGS,89.9328,Nominal broad US dollar index
2010-10-26,DTWEXBGS,90.2818,Nominal broad US dollar index
2010-10-27,DTWEXBGS,90.8038,Nominal broad US dollar index
2010-10-28,DTWEXBGS,90.2407,Nominal broad US dollar index
2010-10-29,DTWEXBGS,90.0935,Nominal broad US dollar index
2010-11-01,DTWEXBGS,90.0307,Nominal broad US dollar index
2010-11-02,DTWEXBGS,89.6847,Nominal broad US dollar index
2010-11-03,DTWEXBGS,89.7079,Nominal broad US dollar index
2010-11-04,DTWEXBGS,88.9831,Nominal broad US dollar index
2010-11-05,DTWEXBGS,89.2441,Nominal broad US dollar index
2010-11-08,DTWEXBGS,89.5711,Nominal broad US dollar index
2010-11-09,DTWEXBGS,89.558,Nominal broad US dollar index
2010-11-10,DTWEXBGS,89.9056,Nominal broad US dollar index
2010-11-11,DTWEXBGS,,Nominal broad US dollar index
2010-11-12,DTWEXBGS,90.1701,Nominal broad US dollar index
2010-11-15,DTWEXBGS,90.4331,Nominal broad US dollar index
2010-11-16,DTWEXBGS,91.1102,Nominal broad US dollar index
2010-11-17,DTWEXBGS,90.9282,Nominal broad US dollar index
2010-11-18,DTWEXBGS,90.649,Nominal broad US dollar index
2010-11-19,DTWEXBGS,90.6986,Nominal broad US dollar index
2010-11-22,DTWEXBGS,90.7023,Nominal broad US dollar index
2010-11-23,DTWEXBGS,91.4318,Nominal broad US dollar index
2010-11-24,DTWEXBGS,91.2179,Nominal broad US dollar index
2010-11-25,DTWEXBGS,,Nominal broad US dollar index
2010-11-26,DTWEXBGS,91.8152,Nominal broad US dollar index
2010-11-29,DTWEXBGS,92.1997,Nominal broad US dollar index
2010-11-30,DTWEXBGS,92.1494,Nominal broad US dollar index
2010-12-01,DTWEXBGS,91.6799,Nominal broad US dollar index
2010-12-02,DTWEXBGS,91.2651,Nominal broad US dollar index
2010-12-03,DTWEXBGS,90.8788,Nominal broad US dollar index
2010-12-06,DTWEXBGS,91.0167,Nominal broad US dollar index
2010-12-07,DTWEXBGS,90.9732,Nominal broad US dollar index
2010-12-08,DTWEXBGS,91.3376,Nominal broad US dollar index
2010-12-09,DTWEXBGS,91.3923,Nominal broad US dollar index
2010-12-10,DTWEXBGS,91.2831,Nominal broad US dollar index
2010-12-13,DTWEXBGS,90.8837,Nominal broad US dollar index
2010-12-14,DTWEXBGS,90.764,Nominal broad US dollar index
2010-12-15,DTWEXBGS,91.094,Nominal broad US dollar index
2010-12-16,DTWEXBGS,91.3773,Nominal broad US dollar index
2010-12-17,DTWEXBGS,91.5555,Nominal broad US dollar index
2010-12-20,DTWEXBGS,91.6398,Nominal broad US dollar index
2010-12-21,DTWEXBGS,91.519,Nominal broad US dollar index
2010-12-22,DTWEXBGS,91.429,Nominal broad US dollar index
2010-12-23,DTWEXBGS,91.3013,Nominal broad US dollar index
2010-12-24,DTWEXBGS,,Nominal broad US dollar index
2010-12-27,DTWEXBGS,91.1963,Nominal broad US dollar index
2010-12-28,DTWEXBGS,90.9848,Nominal broad US dollar index
2010-12-29,DTWEXBGS,90.7669,Nominal broad US dollar index
2010-12-30,DTWEXBGS,90.5146,Nominal broad US dollar index
2010-12-31,DTWEXBGS,,Nominal broad US dollar index
2011-01-03,DTWEXBGS,89.9524,Nominal broad US dollar index
2011-01-04,DTWEXBGS,90.3277,Nominal broad US dollar index
2011-01-05,DTWEXBGS,90.5715,Nominal broad US dollar index
2011-01-06,DTWEXBGS,90.9125,Nominal broad US dollar index
2011-01-07,DTWEXBGS,91.0001,Nominal broad US dollar index
2011-01-10,DTWEXBGS,91.03,Nominal broad US dollar index
2011-01-11,DTWEXBGS,90.8431,Nominal broad US dollar index
2011-01-12,DTWEXBGS,90.4111,Nominal broad US dollar index
2011-01-13,DTWEXBGS,89.9019,Nominal broad US dollar index
2011-01-14,DTWEXBGS,90.0461,Nominal broad US dollar index
2011-01-17,DTWEXBGS,,Nominal broad US dollar index
2011-01-18,DTWEXBGS,89.821,Nominal broad US dollar index
2011-01-19,DTWEXBGS,89.6948,Nominal broad US dollar index
2011-01-20,DTWEXBGS,90.1316,Nominal broad US dollar index
2011-01-21,DTWEXBGS,89.7204,Nominal broad US dollar index
2011-01-24,DTWEXBGS,89.5375,Nominal broad US dollar index
2011-01-25,DTWEXBGS,89.7279,Nominal broad US dollar index
2011-01-26,DTWEXBGS,89.5091,Nominal broad US dollar index
2011-01-27,DTWEXBGS,89.5728,Nominal broad US dollar index
2011-01-28,DTWEXBGS,89.8189,Nominal broad US dollar index
2011-01-31,DTWEXBGS,89.694,Nominal broad US dollar index
2011-02-01,DTWEXBGS,89.1436,Nominal broad US dollar index
2011-02-02,DTWEXBGS,89.0737,Nominal broad US dollar index
2011-02-03,DTWEXBGS,89.2522,Nominal broad US dollar index
2011-02-04,DTWEXBGS,89.391,Nominal broad US dollar index
2011-02-07,DTWEXBGS,89.3556,Nominal broad US dollar index
2011-02-08,DTWEXBGS,89.1241,Nominal broad US dollar index
2011-02-09,DTWEXBGS,89.4166,Nominal broad US dollar index
2011-02-10,DTWEXBGS,89.6266,Nominal broad US dollar index
2011-02-11,DTWEXBGS,89.8784,Nominal broad US dollar index
2011-02-14,DTWEXBGS,89.8543,Nominal broad US dollar index
2011-02-15,DTWEXBGS,89.8871,Nominal broad US dollar index
2011-02-16,DTWEXBGS,89.7059,Nominal broad US dollar index
2011-02-17,DTWEXBGS,89.4102,Nominal broad US dollar index
2011-02-18,DTWEXBGS,89.1974,Nominal broad US dollar index
2011-02-21,DTWEXBGS,,Nominal broad US dollar index
2011-02-22,DTWEXBGS,89.4617,Nominal broad US dollar index
2011-02-23,DTWEXBGS,89.4186,Nominal broad US dollar index
2011-02-24,DTWEXBGS,89.2346,Nominal broad US dollar index
2011-02-25,DTWEXBGS,89.1664,Nominal broad US dollar index
2011-02-28,DTWEXBGS,88.9391,Nominal broad US dollar index
2011-03-01,DTWEXBGS,88.831,Nominal broad US dollar index
2011-03-02,DTWEXBGS,88.7317,Nominal broad US dollar index
2011-03-03,DTWEXBGS,88.637,Nominal broad US dollar index
2011-03-04,DTWEXBGS,88.4898,Nominal broad US dollar index
2011-03-07,DTWEXBGS,88.5207,Nominal broad US dollar index
2011-03-08,DTWEXBGS,88.6454,Nominal broad US dollar index
2011-03-09,DTWEXBGS,88.5328,Nominal broad US dollar index
2011-03-10,DTWEXBGS,88.8698,Nominal broad US dollar index
2011-03-11,DTWEXBGS,88.691,Nominal broad US dollar index
2011-03-14,DTWEXBGS,88.5191,Nominal broad US dollar index
2011-03-15,DTWEXBGS,88.7845,Nominal broad US dollar index
2011-03-16,DTWEXBGS,88.9785,Nominal broad US dollar index
2011-03-17,DTWEXBGS,88.6549,Nominal broad US dollar index
2011-03-18,DTWEXBGS,88.5221,Nominal broad US dollar index
2011-03-21,DTWEXBGS,88.2032,Nominal broad US dollar index
2011-03-22,DTWEXBGS,88.0665,Nominal broad US dollar index
2011-03-23,DTWEXBGS,88.3328,Nominal broad US dollar index
2011-03-24,DTWEXBGS,88.0592,Nominal broad US dollar index
2011-03-25,DTWEXBGS,88.1716,Nominal broad US dollar index
2011-03-28,DTWEXBGS,88.3058,Nominal broad US dollar index
2011-03-29,DTWEXBGS,88.3991,Nominal broad US dollar index
2011-03-30,DTWEXBGS,88.2298,Nominal broad US dollar index
2011-03-31,DTWEXBGS,88.0299,Nominal broad US dollar index
2011-04-01,DTWEXBGS,87.7993,Nominal broad US dollar index
2011-04-04,DTWEXBGS,87.8406,Nominal broad US dollar index
2011-04-05,DTWEXBGS,87.7483,Nominal broad US dollar index
2011-04-06,DTWEXBGS,87.4913,Nominal broad US dollar index
2011-04-07,DTWEXBGS,87.532,Nominal broad US dollar index
2011-04-08,DTWEXBGS,87.1493,Nominal broad US dollar index
2011-04-11,DTWEXBGS,87.094,Nominal broad US dollar index
2011-04-12,DTWEXBGS,87.2943,Nominal broad US dollar index
2011-04-13,DTWEXBGS,87.2093,Nominal broad US dollar index
2011-04-14,DTWEXBGS,87.0802,Nominal broad US dollar index
2011-04-15,DTWEXBGS,87.005,Nominal broad US dollar index
2011-04-18,DTWEXBGS,87.5081,Nominal broad US dollar index
2011-04-19,DTWEXBGS,87.0791,Nominal broad US dollar index
2011-04-20,DTWEXBGS,86.5642,Nominal broad US dollar index
2011-04-21,DTWEXBGS,86.2256,Nominal broad US dollar index
2011-04-22,DTWEXBGS,86.3742,Nominal broad US dollar index
2011-04-25,DTWEXBGS,86.4026,Nominal broad US dollar index
2011-04-26,DTWEXBGS,86.2576,Nominal broad US dollar index
2011-04-27,DTWEXBGS,86.2519,Nominal broad US dollar index
2011-04-28,DTWEXBGS,85.8419,Nominal broad US dollar index
2011-04-29,DTWEXBGS,85.5999,Nominal broad US dollar index
2011-05-02,DTWEXBGS,85.5199,Nominal broad US dollar index
2011-05-03,DTWEXBGS,85.6352,Nominal broad US dollar index
2011-05-04,DTWEXBGS,85.8917,Nominal broad US dollar index
2011-05-05,DTWEXBGS,86.508,Nominal broad US dollar index
2011-05-06,DTWEXBGS,86.4575,Nominal broad US dollar index
2011-05-09,DTWEXBGS,86.8346,Nominal broad US dollar index
2011-05-10,DTWEXBGS,86.6518,Nominal broad US dollar index
2011-05-11,DTWEXBGS,86.7195,Nominal broad US dollar index
2011-05-12,DTWEXBGS,87.0767,Nominal broad US dollar index
2011-05-13,DTWEXBGS,87.4176,Nominal broad US dollar index
2011-05-16,DTWEXBGS,87.3311,Nominal broad US dollar index
2011-05-17,DTWEXBGS,87.6307,Nominal broad US dollar index
2011-05-18,DTWEXBGS,87.295,Nominal broad US dollar index
2011-05-19,DTWEXBGS,87.2638,Nominal broad US dollar index
2011-05-20,DTWEXBGS,87.3044,Nominal broad US dollar index
2011-05-23,DTWEXBGS,87.8941,Nominal broad US dollar index
2011-05-24,DTWEXBGS,87.662,Nominal broad US dollar index
2011-05-25,DTWEXBGS,87.6136,Nominal broad US dollar index
2011-05-26,DTWEXBGS,87.5588,Nominal broad US dollar index
2011-05-27,DTWEXBGS,86.9525,Nominal broad US dollar index
2011-05-30,DTWEXBGS,,Nominal broad US dollar index
2011-05-31,DTWEXBGS,86.656,Nominal broad US dollar index
2011-06-01,DTWEXBGS,86.5964,Nominal broad US dollar index
2011-06-02,DTWEXBGS,86.8435,Nominal broad US dollar index
2011-06-03,DTWEXBGS,86.4234,Nominal broad US dollar index
2011-06-06,DTWEXBGS,86.4669,Nominal broad US dollar index
2011-06-07,DTWEXBGS,86.3627,Nominal broad US dollar index
2011-06-08,DTWEXBGS,86.5714,Nominal broad US dollar index
2011-06-09,DTWEXBGS,86.5913,Nominal broad US dollar index
2011-06-10,DTWEXBGS,87.042,Nominal broad US dollar index
2011-06-13,DTWEXBGS,87.0579,Nominal broad US dollar index
2011-06-14,DTWEXBGS,86.6771,Nominal broad US dollar index
2011-06-15,DTWEXBGS,87.3342,Nominal broad US dollar index
2011-06-16,DTWEXBGS,87.6917,Nominal broad US dollar index
2011-06-17,DTWEXBGS,87.2179,Nominal broad US dollar index
2011-06-20,DTWEXBGS,87.1908,Nominal broad US dollar index
2011-06-21,DTWEXBGS,86.857,Nominal broad US dollar index
2011-06-22,DTWEXBGS,86.8067,Nominal broad US dollar index
2011-06-23,DTWEXBGS,87.455,Nominal broad US dollar index
2011-06-24,DTWEXBGS,87.5014,Nominal broad US dollar index
2011-06-27,DTWEXBGS,87.5225,Nominal broad US dollar index
2011-06-28,DTWEXBGS,87.2178,Nominal broad US dollar index
2011-06-29,DTWEXBGS,86.8014,Nominal broad US dollar index
2011-06-30,DTWEXBGS,86.4786,Nominal broad US dollar index
2011-07-01,DTWEXBGS,86.3613,Nominal broad US dollar index
2011-07-04,DTWEXBGS,,Nominal broad US dollar index
2011-07-05,DTWEXBGS,86.4253,Nominal broad US dollar index
2011-07-06,DTWEXBGS,86.6825,Nominal broad US dollar index
2011-07-07,DTWEXBGS,86.4825,Nominal broad US dollar index
2011-07-08,DTWEXBGS,86.615,Nominal broad US dollar index
2011-07-11,DTWEXBGS,87.1013,Nominal broad US dollar index
2011-07-12,DTWEXBGS,87.1701,Nominal broad US dollar index
2011-07-13,DTWEXBGS,86.5697,Nominal broad US dollar index
2011-07-14,DTWEXBGS,86.5234,Nominal broad US dollar index
2011-07-15,DTWEXBGS,86.5169,Nominal broad US dollar index
2011-07-18,DTWEXBGS,86.9549,Nominal broad US dollar index
2011-07-19,DTWEXBGS,86.4386,Nominal broad US dollar index
2011-07-20,DTWEXBGS,86.2794,Nominal broad US dollar index
2011-07-21,DTWEXBGS,85.8378,Nominal broad US dollar index
2011-07-22,DTWEXBGS,85.8623,Nominal broad US dollar index
2011-07-25,DTWEXBGS,85.8006,Nominal broad US dollar index
2011-07-26,DTWEXBGS,85.4692,Nominal broad US dollar index
2011-07-27,DTWEXBGS,85.7126,Nominal broad US dollar index
2011-07-28,DTWEXBGS,85.8245,Nominal broad US dollar index
2011-07-29,DTWEXBGS,85.7282,Nominal broad US dollar index
2011-08-01,DTWEXBGS,86.0391,Nominal broad US dollar index
2011-08-02,DTWEXBGS,86.0533,Nominal broad US dollar index
2011-08-03,DTWEXBGS,86.0706,Nominal broad US dollar index
2011-08-04,DTWEXBGS,86.9299,Nominal broad US dollar index
2011-08-05,DTWEXBGS,87.1084,Nominal broad US dollar index
2011-08-08,DTWEXBGS,87.1873,Nominal broad US dollar index
2011-08-09,DTWEXBGS,87.3919,Nominal broad US dollar index
2011-08-10,DTWEXBGS,87.3792,Nominal broad US dollar index
2011-08-11,DTWEXBGS,87.3215,Nominal broad US dollar index
2011-08-12,DTWEXBGS,87.177,Nominal broad US dollar index
2011-08-15,DTWEXBGS,86.7515,Nominal broad US dollar index
2011-08-16,DTWEXBGS,86.7115,Nominal broad US dollar index
2011-08-17,DTWEXBGS,86.5518,Nominal broad US dollar index
2011-08-18,DTWEXBGS,87.1271,Nominal broad US dollar index
2011-08-19,DTWEXBGS,86.8286,Nominal broad US dollar index
2011-08-22,DTWEXBGS,87.0753,Nominal broad US dollar index
2011-08-23,DTWEXBGS,86.9001,Nominal broad US dollar index
2011-08-24,DTWEXBGS,87.1316,Nominal broad US dollar index
2011-08-25,DTWEXBGS,87.2306,Nominal broad US dollar index
2011-08-26,DTWEXBGS,87.0751,Nominal broad US dollar index
2011-08-29,DTWEXBGS,86.8433,Nominal broad US dollar index
2011-08-30,DTWEXBGS,87.001,Nominal broad US dollar index
2011-08-31,DTWEXBGS,86.7739,Nominal broad US dollar index
2011-09-01,DTWEXBGS,86.8512,Nominal broad US dollar index
2011-09-02,DTWEXBGS,87.1797,Nominal broad US dollar index
2011-09-05,DTWEXBGS,,Nominal broad US dollar index
2011-09-06,DTWEXBGS,88.1645,Nominal broad US dollar index
2011-09-07,DTWEXBGS,87.9699,Nominal broad US dollar index
2011-09-08,DTWEXBGS,88.1162,Nominal broad US dollar index
2011-09-09,DTWEXBGS,88.9514,Nominal broad US dollar index
2011-09-12,DTWEXBGS,89.2192,Nominal broad US dollar index
2011-09-13,DTWEXBGS,89.2653,Nominal broad US dollar index
2011-09-14,DTWEXBGS,89.419,Nominal broad US dollar index
2011-09-15,DTWEXBGS,89.0647,Nominal broad US dollar index
2011-09-16,DTWEXBGS,89.1108,Nominal broad US dollar index
2011-09-19,DTWEXBGS,89.9336,Nominal broad US dollar index
2011-09-20,DTWEXBGS,89.8777,Nominal broad US dollar index
2011-09-21,DTWEXBGS,90.3453,Nominal broad US dollar index
2011-09-22,DTWEXBGS,92.075,Nominal broad US dollar index
2011-09-23,DTWEXBGS,91.6904,Nominal broad US dollar index
2011-09-26,DTWEXBGS,91.7724,Nominal broad US dollar index
2011-09-27,DTWEXBGS,90.8985,Nominal broad US dollar index
2011-09-28,DTWEXBGS,91.0227,Nominal broad US dollar index
2011-09-29,DTWEXBGS,91.3033,Nominal broad US dollar index
2011-09-30,DTWEXBGS,91.9998,Nominal broad US dollar index
2011-10-03,DTWEXBGS,92.5128,Nominal broad US dollar index
2011-10-04,DTWEXBGS,92.9508,Nominal broad US dollar index
2011-10-05,DTWEXBGS,92.3008,Nominal broad US dollar index
2011-10-06,DTWEXBGS,91.9661,Nominal broad US dollar index
2011-10-07,DTWEXBGS,91.2469,Nominal broad US dollar index
2011-10-10,DTWEXBGS,,Nominal broad US dollar index
2011-10-11,DTWEXBGS,90.9162,Nominal broad US dollar index
2011-10-12,DTWEXBGS,90.3378,Nominal broad US dollar index
2011-10-13,DTWEXBGS,90.6603,Nominal broad US dollar index
2011-10-14,DTWEXBGS,90.2116,Nominal broad US dollar index
2011-10-17,DTWEXBGS,90.266,Nominal broad US dollar index
2011-10-18,DTWEXBGS,90.5907,Nominal broad US dollar index
2011-10-19,DTWEXBGS,90.3317,Nominal broad US dollar index
2011-10-20,DTWEXBGS,91.1026,Nominal broad US dollar index
2011-10-21,DTWEXBGS,90.279,Nominal broad US dollar index
2011-10-24,DTWEXBGS,89.8558,Nominal broad US dollar index
2011-10-25,DTWEXBGS,89.9525,Nominal broad US dollar index
2011-10-26,DTWEXBGS,90.0836,Nominal broad US dollar index
2011-10-27,DTWEXBGS,88.7882,Nominal broad US dollar index
2011-10-28,DTWEXBGS,88.6382,Nominal broad US dollar index
2011-10-31,DTWEXBGS,89.2053,Nominal broad US dollar index
2011-11-01,DTWEXBGS,90.7296,Nominal broad US dollar index
2011-11-02,DTWEXBGS,90.244,Nominal broad US dollar index
2011-11-03,DTWEXBGS,90.2961,Nominal broad US dollar index
2011-11-04,DTWEXBGS,90.3154,Nominal broad US dollar index
2011-11-07,DTWEXBGS,90.3832,Nominal broad US dollar index
2011-11-08,DTWEXBGS,90.172,Nominal broad US dollar index
2011-11-09,DTWEXBGS,90.6991,Nominal broad US dollar index
2011-11-10,DTWEXBGS,90.8588,Nominal broad US dollar index
2011-11-11,DTWEXBGS,,Nominal broad US dollar index
2011-11-14,DTWEXBGS,90.7215,Nominal broad US dollar index
2011-11-15,DTWEXBGS,91.1081,Nominal broad US dollar index
2011-11-16,DTWEXBGS,91.1237,Nominal broad US dollar index
2011-11-17,DTWEXBGS,91.1822,Nominal broad US dollar index
2011-11-18,DTWEXBGS,91.3676,Nominal broad US dollar index
2011-11-21,DTWEXBGS,91.9978,Nominal broad US dollar index
2011-11-22,DTWEXBGS,92.0193,Nominal broad US dollar index
2011-11-23,DTWEXBGS,92.7463,Nominal broad US dollar index
2011-11-24,DTWEXBGS,,Nominal broad US dollar index
2011-11-25,DTWEXBGS,93.1455,Nominal broad US dollar index
2011-11-28,DTWEXBGS,92.4983,Nominal broad US dollar index
2011-11-29,DTWEXBGS,92.2163,Nominal broad US dollar index
2011-11-30,DTWEXBGS,91.4728,Nominal broad US dollar index
2011-12-01,DTWEXBGS,91.227,Nominal broad US dollar index
2011-12-02,DTWEXBGS,91.3532,Nominal broad US dollar index
2011-12-05,DTWEXBGS,91.1087,Nominal broad US dollar index
2011-12-06,DTWEXBGS,91.2817,Nominal broad US dollar index
2011-12-07,DTWEXBGS,91.2331,Nominal broad US dollar index
2011-12-08,DTWEXBGS,91.668,Nominal broad US dollar index
2011-12-09,DTWEXBGS,91.6122,Nominal broad US dollar index
2011-12-12,DTWEXBGS,92.3375,Nominal broad US dollar index
2011-12-13,DTWEXBGS,92.5456,Nominal broad US dollar index
2011-12-14,DTWEXBGS,93.2176,Nominal broad US dollar index
2011-12-15,DTWEXBGS,92.8858,Nominal broad US dollar index
2011-12-16,DTWEXBGS,92.8252,Nominal broad US dollar index
2011-12-19,DTWEXBGS,92.8685,Nominal broad US dollar index
2011-12-20,DTWEXBGS,92.432,Nominal broad US dollar index
2011-12-21,DTWEXBGS,92.5262,Nominal broad US dollar index
2011-12-22,DTWEXBGS,92.3883,Nominal broad US dollar index
2011-12-23,DTWEXBGS,92.3897,Nominal broad US dollar index
2011-12-26,DTWEXBGS,,Nominal broad US dollar index
2011-12-27,DTWEXBGS,92.4137,Nominal broad US dollar index
2011-12-28,DTWEXBGS,92.8374,Nominal broad US dollar index
2011-12-29,DTWEXBGS,92.7398,Nominal broad US dollar index
2011-12-30,DTWEXBGS,92.4262,Nominal broad US dollar index
2012-01-02,DTWEXBGS,,Nominal broad US dollar index
2012-01-03,DTWEXBGS,91.7551,Nominal broad US dollar index
2012-01-04,DTWEXBGS,92.0345,Nominal broad US dollar index
2012-01-05,DTWEXBGS,92.5773,Nominal broad US dollar index
2012-01-06,DTWEXBGS,92.7183,Nominal broad US dollar index
2012-01-09,DTWEXBGS,92.7418,Nominal broad US dollar index
2012-01-10,DTWEXBGS,92.2461,Nominal broad US dollar index
2012-01-11,DTWEXBGS,92.554,Nominal broad US dollar index
2012-01-12,DTWEXBGS,92.2274,Nominal broad US dollar index
2012-01-13,DTWEXBGS,92.5385,Nominal broad US dollar index
2012-01-16,DTWEXBGS,,Nominal broad US dollar index
2012-01-17,DTWEXBGS,92.0142,Nominal broad US dollar index
2012-01-18,DTWEXBGS,91.6943,Nominal broad US dollar index
2012-01-19,DTWEXBGS,91.3316,Nominal broad US dollar index
2012-01-20,DTWEXBGS,91.3661,Nominal broad US dollar index
2012-01-23,DTWEXBGS,90.986,Nominal broad US dollar index
2012-01-24,DTWEXBGS,91.181,Nominal broad US dollar index
2012-01-25,DTWEXBGS,91.277,Nominal broad US dollar index
2012-01-26,DTWEXBGS,90.3962,Nominal broad US dollar index
2012-01-27,DTWEXBGS,90.2559,Nominal broad US dollar index
2012-01-30,DTWEXBGS,90.4762,Nominal broad US dollar index
2012-01-31,DTWEXBGS,90.5538,Nominal broad US dollar index
2012-02-01,DTWEXBGS,90.0963,Nominal broad US dollar index
2012-02-02,DTWEXBGS,89.8765,Nominal broad US dollar index
2012-02-03,DTWEXBGS,89.8491,Nominal broad US dollar index
2012-02-06,DTWEXBGS,89.7907,Nominal broad US dollar index
2012-02-07,DTWEXBGS,89.5968,Nominal broad US dollar index
2012-02-08,DTWEXBGS,89.6555,Nominal broad US dollar index
2012-02-09,DTWEXBGS,89.6246,Nominal broad US dollar index
2012-02-10,DTWEXBGS,90.1024,Nominal broad US dollar index
2012-02-13,DTWEXBGS,89.8895,Nominal broad US dollar index
2012-02-14,DTWEXBGS,90.1919,Nominal broad US dollar index
2012-02-15,DTWEXBGS,90.1932,Nominal broad US dollar index
2012-02-16,DTWEXBGS,90.3109,Nominal broad US dollar index
2012-02-17,DTWEXBGS,90.23,Nominal broad US dollar index
2012-02-20,DTWEXBGS,,Nominal broad US dollar index
2012-02-21,DTWEXBGS,90.0117,Nominal broad US dollar index
2012-02-22,DTWEXBGS,90.2472,Nominal broad US dollar index
2012-02-23,DTWEXBGS,90.1108,Nominal broad US dollar index
2012-02-24,DTWEXBGS,89.9104,Nominal broad US dollar index
2012-02-27,DTWEXBGS,89.9635,Nominal broad US dollar index
2012-02-28,DTWEXBGS,89.8103,Nominal broad US dollar index
2012-02-29,DTWEXBGS,89.7487,Nominal broad US dollar index
2012-03-01,DTWEXBGS,89.7817,Nominal broad US dollar index
2012-03-02,DTWEXBGS,90.135,Nominal broad US dollar index
2012-03-05,DTWEXBGS,90.2748,Nominal broad US dollar index
2012-03-06,DTWEXBGS,90.8237,Nominal broad US dollar index
2012-03-07,DTWEXBGS,90.6837,Nominal broad US dollar index
2012-03-08,DTWEXBGS,90.2598,Nominal broad US dollar index
2012-03-09,DTWEXBGS,90.4341,Nominal broad US dollar index
2012-03-12,DTWEXBGS,90.6643,Nominal broad US dollar index
2012-03-13,DTWEXBGS,90.5363,Nominal broad US dollar index
2012-03-14,DTWEXBGS,90.9325,Nominal broad US dollar index
2012-03-15,DTWEXBGS,90.7866,Nominal broad US dollar index
2012-03-16,DTWEXBGS,90.5245,Nominal broad US dollar index
2012-03-19,DTWEXBGS,90.292,Nominal broad US dollar index
2012-03-20,DTWEXBGS,90.6065,Nominal broad US dollar index
2012-03-21,DTWEXBGS,90.6761,Nominal broad US dollar index
2012-03-22,DTWEXBGS,90.8225,Nominal broad US dollar index
2012-03-23,DTWEXBGS,90.6156,Nominal broad US dollar index
2012-03-26,DTWEXBGS,90.3266,Nominal broad US dollar index
2012-03-27,DTWEXBGS,90.2796,Nominal broad US dollar index
2012-03-28,DTWEXBGS,90.603,Nominal broad US dollar index
2012-03-29,DTWEXBGS,90.7285,Nominal broad US dollar index
2012-03-30,DTWEXBGS,90.4593,Nominal broad US dollar index
2012-04-02,DTWEXBGS,90.247,Nominal broad US dollar index
2012-04-03,DTWEXBGS,90.1921,Nominal broad US dollar index
2012-04-04,DTWEXBGS,90.8284,Nominal broad US dollar index
2012-04-05,DTWEXBGS,90.8781,Nominal broad US dollar index
2012-04-06,DTWEXBGS,90.9375,Nominal broad US dollar index
2012-04-09,DTWEXBGS,90.9624,Nominal broad US dollar index
2012-04-10,DTWEXBGS,91.2728,Nominal broad US dollar index
2012-04-11,DTWEXBGS,91.1768,Nominal broad US dollar index
2012-04-12,DTWEXBGS,90.7694,Nominal broad US dollar index
2012-04-13,DTWEXBGS,91.0558,Nominal broad US dollar index
2012-04-16,DTWEXBGS,91.2355,Nominal broad US dollar index
2012-04-17,DTWEXBGS,90.7661,Nominal broad US dollar index
2012-04-18,DTWEXBGS,90.9326,Nominal broad US dollar index
2012-04-19,DTWEXBGS,91.0833,Nominal broad US dollar index
2012-04-20,DTWEXBGS,90.8066,Nominal broad US dollar index
2012-04-23,DTWEXBGS,91.079,Nominal broad US dollar index
2012-04-24,DTWEXBGS,90.8153,Nominal broad US dollar index
2012-04-25,DTWEXBGS,90.756,Nominal broad US dollar index
2012-04-26,DTWEXBGS,90.6428,Nominal broad US dollar index
2012-04-27,DTWEXBGS,90.3269,Nominal broad US dollar index
2012-04-30,DTWEXBGS,90.3634,Nominal broad US dollar index
2012-05-01,DTWEXBGS,90.3227,Nominal broad US dollar index
2012-05-02,DTWEXBGS,90.6144,Nominal broad US dollar index
2012-05-03,DTWEXBGS,90.6839,Nominal broad US dollar index
2012-05-04,DTWEXBGS,91.0497,Nominal broad US dollar index
2012-05-07,DTWEXBGS,91.0747,Nominal broad US dollar index
2012-05-08,DTWEXBGS,91.4107,Nominal broad US dollar index
2012-05-09,DTWEXBGS,91.7632,Nominal broad US dollar index
2012-05-10,DTWEXBGS,91.7077,Nominal broad US dollar index
2012-05-11,DTWEXBGS,91.7306,Nominal broad US dollar index
2012-05-14,DTWEXBGS,92.2491,Nominal broad US dollar index
2012-05-15,DTWEXBGS,92.5235,Nominal broad US dollar index
2012-05-16,DTWEXBGS,92.903,Nominal broad US dollar index
2012-05-17,DTWEXBGS,92.9632,Nominal broad US dollar index
2012-05-18,DTWEXBGS,93.1395,Nominal broad US dollar index
2012-05-21,DTWEXBGS,93.0945,Nominal broad US dollar index
2012-05-22,DTWEXBGS,93.1113,Nominal broad US dollar index
2012-05-23,DTWEXBGS,93.8855,Nominal broad US dollar index
2012-05-24,DTWEXBGS,93.8027,Nominal broad US dollar index
2012-05-25,DTWEXBGS,93.9488,Nominal broad US dollar index
2012-05-28,DTWEXBGS,,Nominal broad US dollar index
2012-05-29,DTWEXBGS,93.875,Nominal broad US dollar index
2012-05-30,DTWEXBGS,94.302,Nominal broad US dollar index
2012-05-31,DTWEXBGS,94.6856,Nominal broad US dollar index
2012-06-01,DTWEXBGS,94.6979,Nominal broad US dollar index
2012-06-04,DTWEXBGS,94.5184,Nominal broad US dollar index
2012-06-05,DTWEXBGS,94.6184,Nominal broad US dollar index
2012-06-06,DTWEXBGS,94.0362,Nominal broad US dollar index
2012-06-07,DTWEXBGS,93.774,Nominal broad US dollar index
2012-06-08,DTWEXBGS,94.2024,Nominal broad US dollar index
2012-06-11,DTWEXBGS,94.0369,Nominal broad US dollar index
2012-06-12,DTWEXBGS,94.0693,Nominal broad US dollar index
2012-06-13,DTWEXBGS,93.8309,Nominal broad US dollar index
2012-06-14,DTWEXBGS,93.8152,Nominal broad US dollar index
2012-06-15,DTWEXBGS,93.5203,Nominal broad US dollar index
2012-06-18,DTWEXBGS,93.6431,Nominal broad US dollar index
2012-06-19,DTWEXBGS,93.0524,Nominal broad US dollar index
2012-06-20,DTWEXBGS,93.1602,Nominal broad US dollar index
2012-06-21,DTWEXBGS,93.6378,Nominal broad US dollar index
2012-06-22,DTWEXBGS,93.9205,Nominal broad US dollar index
2012-06-25,DTWEXBGS,94.1757,Nominal broad US dollar index
2012-06-26,DTWEXBGS,93.9859,Nominal broad US dollar index
2012-06-27,DTWEXBGS,93.8728,Nominal broad US dollar index
2012-06-28,DTWEXBGS,94.0203,Nominal broad US dollar index
2012-06-29,DTWEXBGS,92.9096,Nominal broad US dollar index
2012-07-02,DTWEXBGS,92.951,Nominal broad US dollar index
2012-07-03,DTWEXBGS,92.6508,Nominal broad US dollar index
2012-07-04,DTWEXBGS,,Nominal broad US dollar index
2012-07-05,DTWEXBGS,93.2211,Nominal broad US dollar index
2012-07-06,DTWEXBGS,93.7087,Nominal broad US dollar index
2012-07-09,DTWEXBGS,93.6974,Nominal broad US dollar index
2012-07-10,DTWEXBGS,93.5552,Nominal broad US dollar index
2012-07-11,DTWEXBGS,93.5981,Nominal broad US dollar index
2012-07-12,DTWEXBGS,93.9298,Nominal broad US dollar index
2012-07-13,DTWEXBGS,93.5515,Nominal broad US dollar index
2012-07-16,DTWEXBGS,93.3746,Nominal broad US dollar index
2012-07-17,DTWEXBGS,93.3479,Nominal broad US dollar index
2012-07-18,DTWEXBGS,93.0973,Nominal broad US dollar index
2012-07-19,DTWEXBGS,93.0438,Nominal broad US dollar index
2012-07-20,DTWEXBGS,93.3653,Nominal broad US dollar index
2012-07-23,DTWEXBGS,93.9297,Nominal broad US dollar index
2012-07-24,DTWEXBGS,94.2635,Nominal broad US dollar index
2012-07-25,DTWEXBGS,94.0564,Nominal broad US dollar index
2012-07-26,DTWEXBGS,93.3595,Nominal broad US dollar index
2012-07-27,DTWEXBGS,92.9333,Nominal broad US dollar index
2012-07-30,DTWEXBGS,93.0524,Nominal broad US dollar index
2012-07-31,DTWEXBGS,92.8422,Nominal broad US dollar index
2012-08-01,DTWEXBGS,92.8905,Nominal broad US dollar index
2012-08-02,DTWEXBGS,93.4269,Nominal broad US dollar index
2012-08-03,DTWEXBGS,92.6048,Nominal broad US dollar index
2012-08-06,DTWEXBGS,92.4339,Nominal broad US dollar index
2012-08-07,DTWEXBGS,92.5128,Nominal broad US dollar index
2012-08-08,DTWEXBGS,92.5407,Nominal broad US dollar index
2012-08-09,DTWEXBGS,92.6057,Nominal broad US dollar index
2012-08-10,DTWEXBGS,92.5129,Nominal broad US dollar index
2012-08-13,DTWEXBGS,92.5955,Nominal broad US dollar index
2012-08-14,DTWEXBGS,92.6152,Nominal broad US dollar index
2012-08-15,DTWEXBGS,92.6838,Nominal broad US dollar index
2012-08-16,DTWEXBGS,92.5737,Nominal broad US dollar index
2012-08-17,DTWEXBGS,92.711,Nominal broad US dollar index
2012-08-20,DTWEXBGS,92.6263,Nominal broad US dollar index
2012-08-21,DTWEXBGS,92.3053,Nominal broad US dollar index
2012-08-22,DTWEXBGS,92.4362,Nominal broad US dollar index
2012-08-23,DTWEXBGS,92.1057,Nominal broad US dollar index
2012-08-24,DTWEXBGS,92.2785,Nominal broad US dollar index
2012-08-27,DTWEXBGS,92.3135,Nominal broad US dollar index
2012-08-28,DTWEXBGS,92.2033,Nominal broad US dollar index
2012-08-29,DTWEXBGS,92.3823,Nominal broad US dollar index
2012-08-30,DTWEXBGS,92.6239,Nominal broad US dollar index
2012-08-31,DTWEXBGS,92.1677,Nominal broad US dollar index
2012-09-03,DTWEXBGS,,Nominal broad US dollar index
2012-09-04,DTWEXBGS,92.1582,Nominal broad US dollar index
2012-09-05,DTWEXBGS,92.1262,Nominal broad US dollar index
2012-09-06,DTWEXBGS,91.8973,Nominal broad US dollar index
2012-09-07,DTWEXBGS,91.3469,Nominal broad US dollar index
2012-09-10,DTWEXBGS,91.3102,Nominal broad US dollar index
2012-09-11,DTWEXBGS,91.0575,Nominal broad US dollar index
2012-09-12,DTWEXBGS,91.0477,Nominal broad US dollar index
2012-09-13,DTWEXBGS,90.9632,Nominal broad US dollar index
2012-09-14,DTWEXBGS,90.1436,Nominal broad US dollar index
2012-09-17,DTWEXBGS,90.2837,Nominal broad US dollar index
2012-09-18,DTWEXBGS,90.5029,Nominal broad US dollar index
2012-09-19,DTWEXBGS,90.4646,Nominal broad US dollar index
2012-09-20,DTWEXBGS,90.7631,Nominal broad US dollar index
2012-09-21,DTWEXBGS,90.5342,Nominal broad US dollar index
2012-09-24,DTWEXBGS,90.8263,Nominal broad US dollar index
2012-09-25,DTWEXBGS,90.6074,Nominal broad US dollar index
2012-09-26,DTWEXBGS,91.0028,Nominal broad US dollar index
2012-09-27,DTWEXBGS,90.7538,Nominal broad US dollar index
2012-09-28,DTWEXBGS,90.8342,Nominal broad US dollar index
2012-10-01,DTWEXBGS,90.7011,Nominal broad US dollar index
2012-10-02,DTWEXBGS,90.644,Nominal broad US dollar index
2012-10-03,DTWEXBGS,90.8726,Nominal broad US dollar index
2012-10-04,DTWEXBGS,90.4932,Nominal broad US dollar index
2012-10-05,DTWEXBGS,90.2851,Nominal broad US dollar index
2012-10-08,DTWEXBGS,,Nominal broad US dollar index
2012-10-09,DTWEXBGS,90.8703,Nominal broad US dollar index
2012-10-10,DTWEXBGS,90.883,Nominal broad US dollar index
2012-10-11,DTWEXBGS,90.7437,Nominal broad US dollar index
2012-10-12,DTWEXBGS,90.6833,Nominal broad US dollar index
2012-10-15,DTWEXBGS,90.6409,Nominal broad US dollar index
2012-10-16,DTWEXBGS,90.5583,Nominal broad US dollar index
2012-10-17,DTWEXBGS,90.2309,Nominal broad US dollar index
2012-10-18,DTWEXBGS,90.3804,Nominal broad US dollar index
2012-10-19,DTWEXBGS,90.8107,Nominal broad US dollar index
2012-10-22,DTWEXBGS,90.7911,Nominal broad US dollar index
2012-10-23,DTWEXBGS,91.0945,Nominal broad US dollar index
2012-10-24,DTWEXBGS,91.1275,Nominal broad US dollar index
2012-10-25,DTWEXBGS,91.02,Nominal broad US dollar index
2012-10-26,DTWEXBGS,91.1411,Nominal broad US dollar index
2012-10-29,DTWEXBGS,,Nominal broad US dollar index
2012-10-30,DTWEXBGS,,Nominal broad US dollar index
2012-10-31,DTWEXBGS,91.1609,Nominal broad US dollar index
2012-11-01,DTWEXBGS,91.1217,Nominal broad US dollar index
2012-11-02,DTWEXBGS,91.281,Nominal broad US dollar index
2012-11-05,DTWEXBGS,91.4778,Nominal broad US dollar index
2012-11-06,DTWEXBGS,91.2908,Nominal broad US dollar index
2012-11-07,DTWEXBGS,91.4514,Nominal broad US dollar index
2012-11-08,DTWEXBGS,91.5375,Nominal broad US dollar index
2012-11-09,DTWEXBGS,91.6871,Nominal broad US dollar index
2012-11-12,DTWEXBGS,,Nominal broad US dollar index
2012-11-13,DTWEXBGS,91.7356,Nominal broad US dollar index
2012-11-14,DTWEXBGS,91.7942,Nominal broad US dollar index
2012-11-15,DTWEXBGS,91.8837,Nominal broad US dollar index
2012-11-16,DTWEXBGS,92.0095,Nominal broad US dollar index
2012-11-19,DTWEXBGS,91.5653,Nominal broad US dollar index
2012-11-20,DTWEXBGS,91.556,Nominal broad US dollar index
2012-11-21,DTWEXBGS,91.6645,Nominal broad US dollar index
2012-11-22,DTWEXBGS,,Nominal broad US dollar index
2012-11-23,DTWEXBGS,91.2616,Nominal broad US dollar index
2012-11-26,DTWEXBGS,91.2789,Nominal broad US dollar index
2012-11-27,DTWEXBGS,91.2608,Nominal broad US dollar index
2012-11-28,DTWEXBGS,91.33,Nominal broad US dollar index
2012-11-29,DTWEXBGS,91.2104,Nominal broad US dollar index
2012-11-30,DTWEXBGS,91.1038,Nominal broad US dollar index
2012-12-03,DTWEXBGS,91.0084,Nominal broad US dollar index
2012-12-04,DTWEXBGS,90.9748,Nominal broad US dollar index
2012-12-05,DTWEXBGS,90.9423,Nominal broad US dollar index
2012-12-06,DTWEXBGS,91.0629,Nominal broad US dollar index
2012-12-07,DTWEXBGS,91.0437,Nominal broad US dollar index
2012-12-10,DTWEXBGS,90.9631,Nominal broad US dollar index
2012-12-11,DTWEXBGS,90.8403,Nominal broad US dollar index
2012-12-12,DTWEXBGS,90.7708,Nominal broad US dollar index
2012-12-13,DTWEXBGS,90.776,Nominal broad US dollar index
2012-12-14,DTWEXBGS,90.7156,Nominal broad US dollar index
2012-12-17,DTWEXBGS,90.6193,Nominal broad US dollar index
2012-12-18,DTWEXBGS,90.5161,Nominal broad US dollar index
2012-12-19,DTWEXBGS,90.4896,Nominal broad US dollar index
2012-12-20,DTWEXBGS,90.6002,Nominal broad US dollar index
2012-12-21,DTWEXBGS,90.9597,Nominal broad US dollar index
2012-12-24,DTWEXBGS,91.0354,Nominal broad US dollar index
2012-12-25,DTWEXBGS,,Nominal broad US dollar index
2012-12-26,DTWEXBGS,91.0606,Nominal broad US dollar index
2012-12-27,DTWEXBGS,91.1037,Nominal broad US dollar index
2012-12-28,DTWEXBGS,91.0419,Nominal broad US dollar index
2012-12-31,DTWEXBGS,91.0834,Nominal broad US dollar index
2013-01-01,DTWEXBGS,,Nominal broad US dollar index
2013-01-02,DTWEXBGS,90.6941,Nominal broad US dollar index
2013-01-03,DTWEXBGS,90.8097,Nominal broad US dollar index
2013-01-04,DTWEXBGS,91.1025,Nominal broad US dollar index
2013-01-07,DTWEXBGS,90.9852,Nominal broad US dollar index
2013-01-08,DTWEXBGS,91.057,Nominal broad US dollar index
2013-01-09,DTWEXBGS,91.0088,Nominal broad US dollar index
2013-01-10,DTWEXBGS,90.6425,Nominal broad US dollar index
2013-01-11,DTWEXBGS,90.5352,Nominal broad US dollar index
2013-01-14,DTWEXBGS,90.4935,Nominal broad US dollar index
2013-01-15,DTWEXBGS,90.5191,Nominal broad US dollar index
2013-01-16,DTWEXBGS,90.596,Nominal broad US dollar index
2013-01-17,DTWEXBGS,90.5401,Nominal broad US dollar index
2013-01-18,DTWEXBGS,90.8697,Nominal broad US dollar index
2013-01-21,DTWEXBGS,,Nominal broad US dollar index
2013-01-22,DTWEXBGS,90.7892,Nominal broad US dollar index
2013-01-23,DTWEXBGS,90.8376,Nominal broad US dollar index
2013-01-24,DTWEXBGS,90.9112,Nominal broad US dollar index
2013-01-25,DTWEXBGS,91.0868,Nominal broad US dollar index
2013-01-28,DTWEXBGS,91.2354,Nominal broad US dollar index
2013-01-29,DTWEXBGS,90.9406,Nominal broad US dollar index
2013-01-30,DTWEXBGS,90.8836,Nominal broad US dollar index
2013-01-31,DTWEXBGS,90.798,Nominal broad US dollar index
2013-02-01,DTWEXBGS,90.6923,Nominal broad US dollar index
2013-02-04,DTWEXBGS,90.9774,Nominal broad US dollar index
2013-02-05,DTWEXBGS,90.881,Nominal broad US dollar index
2013-02-06,DTWEXBGS,91.0176,Nominal broad US dollar index
2013-02-07,DTWEXBGS,91.2912,Nominal broad US dollar index
2013-02-08,DTWEXBGS,91.3056,Nominal broad US dollar index
2013-02-11,DTWEXBGS,91.4451,Nominal broad US dollar index
2013-02-12,DTWEXBGS,91.2779,Nominal broad US dollar index
2013-02-13,DTWEXBGS,91.2709,Nominal broad US dollar index
2013-02-14,DTWEXBGS,91.366,Nominal broad US dollar index
2013-02-15,DTWEXBGS,91.4551,Nominal broad US dollar index
2013-02-18,DTWEXBGS,,Nominal broad US dollar index
2013-02-19,DTWEXBGS,91.5073,Nominal broad US dollar index
2013-02-20,DTWEXBGS,91.6689,Nominal broad US dollar index
2013-02-21,DTWEXBGS,92.0394,Nominal broad US dollar index
2013-02-22,DTWEXBGS,92.1197,Nominal broad US dollar index
2013-02-25,DTWEXBGS,92.1975,Nominal broad US dollar index
2013-02-26,DTWEXBGS,92.4247,Nominal broad US dollar index
2013-02-27,DTWEXBGS,92.234,Nominal broad US dollar index
2013-02-28,DTWEXBGS,92.295,Nominal broad US dollar index
2013-03-01,DTWEXBGS,92.6177,Nominal broad US dollar index
2013-03-04,DTWEXBGS,92.6316,Nominal broad US dollar index
2013-03-05,DTWEXBGS,92.4965,Nominal broad US dollar index
2013-03-06,DTWEXBGS,,Nominal broad US dollar index
2013-03-07,DTWEXBGS,92.5462,Nominal broad US dollar index
2013-03-08,DTWEXBGS,92.6252,Nominal broad US dollar index
2013-03-11,DTWEXBGS,92.5351,Nominal broad US dollar index
2013-03-12,DTWEXBGS,92.3853,Nominal broad US dollar index
2013-03-13,DTWEXBGS,92.4709,Nominal broad US dollar index
2013-03-14,DTWEXBGS,92.4695,Nominal broad US dollar index
2013-03-15,DTWEXBGS,92.128,Nominal broad US dollar index
2013-03-18,DTWEXBGS,92.3377,Nominal broad US dollar index
2013-03-19,DTWEXBGS,92.526,Nominal broad US dollar index
2013-03-20,DTWEXBGS,92.4141,Nominal broad US dollar index
2013-03-21,DTWEXBGS,92.3322,Nominal broad US dollar index
2013-03-22,DTWEXBGS,92.2051,Nominal broad US dollar index
2013-03-25,DTWEXBGS,92.3081,Nominal broad US dollar index
2013-03-26,DTWEXBGS,92.232,Nominal broad US dollar index
2013-03-27,DTWEXBGS,92.446,Nominal broad US dollar index
2013-03-28,DTWEXBGS,92.2544,Nominal broad US dollar index
2013-03-29,DTWEXBGS,92.302,Nominal broad US dollar index
2013-04-01,DTWEXBGS,92.1687,Nominal broad US dollar index
2013-04-02,DTWEXBGS,92.1432,Nominal broad US dollar index
2013-04-03,DTWEXBGS,92.104,Nominal broad US dollar index
2013-04-04,DTWEXBGS,92.3896,Nominal broad US dollar index
2013-04-05,DTWEXBGS,92.1043,Nominal broad US dollar index
2013-04-08,DTWEXBGS,92.2317,Nominal broad US dollar index
2013-04-09,DTWEXBGS,91.9669,Nominal broad US dollar index
2013-04-10,DTWEXBGS,91.9598,Nominal broad US dollar index
2013-04-11,DTWEXBGS,91.6972,Nominal broad US dollar index
2013-04-12,DTWEXBGS,91.7967,Nominal broad US dollar index
2013-04-15,DTWEXBGS,91.9457,Nominal broad US dollar index
2013-04-16,DTWEXBGS,91.8451,Nominal broad US dollar index
2013-04-17,DTWEXBGS,92.1372,Nominal broad US dollar index
2013-04-18,DTWEXBGS,92.176,Nominal broad US dollar index
2013-04-19,DTWEXBGS,92.2166,Nominal broad US dollar index
2013-04-22,DTWEXBGS,92.3591,Nominal broad US dollar index
2013-04-23,DTWEXBGS,92.3836,Nominal broad US dollar index
2013-04-24,DTWEXBGS,92.4581,Nominal broad US dollar index
2013-04-25,DTWEXBGS,92.0394,Nominal broad US dollar index
2013-04-26,DTWEXBGS,91.9012,Nominal broad US dollar index
2013-04-29,DTWEXBGS,91.6539,Nominal broad US dollar index
2013-04-30,DTWEXBGS,91.3741,Nominal broad US dollar index
2013-05-01,DTWEXBGS,91.4331,Nominal broad US dollar index
2013-05-02,DTWEXBGS,91.6174,Nominal broad US dollar index
2013-05-03,DTWEXBGS,91.5087,Nominal broad US dollar index
2013-05-06,DTWEXBGS,91.6387,Nominal broad US dollar index
2013-05-07,DTWEXBGS,91.5201,Nominal broad US dollar index
2013-05-08,DTWEXBGS,91.1848,Nominal broad US dollar index
2013-05-09,DTWEXBGS,91.3036,Nominal broad US dollar index
2013-05-10,DTWEXBGS,92.2527,Nominal broad US dollar index
2013-05-13,DTWEXBGS,92.2711,Nominal broad US dollar index
2013-05-14,DTWEXBGS,92.3697,Nominal broad US dollar index
2013-05-15,DTWEXBGS,92.7691,Nominal broad US dollar index
2013-05-16,DTWEXBGS,92.6602,Nominal broad US dollar index
2013-05-17,DTWEXBGS,93.1617,Nominal broad US dollar index
2013-05-20,DTWEXBGS,93.0359,Nominal broad US dollar index
2013-05-21,DTWEXBGS,92.9662,Nominal broad US dollar index
2013-05-22,DTWEXBGS,93.3104,Nominal broad US dollar index
2013-05-23,DTWEXBGS,93.2113,Nominal broad US dollar index
2013-05-24,DTWEXBGS,93.2768,Nominal broad US dollar index
2013-05-27,DTWEXBGS,,Nominal broad US dollar index
2013-05-28,DTWEXBGS,93.5853,Nominal broad US dollar index
2013-05-29,DTWEXBGS,93.531,Nominal broad US dollar index
2013-05-30,DTWEXBGS,93.4219,Nominal broad US dollar index
2013-05-31,DTWEXBGS,93.6076,Nominal broad US dollar index
2013-06-03,DTWEXBGS,93.163,Nominal broad US dollar index
2013-06-04,DTWEXBGS,93.3067,Nominal broad US dollar index
2013-06-05,DTWEXBGS,93.275,Nominal broad US dollar index
2013-06-06,DTWEXBGS,92.809,Nominal broad US dollar index
2013-06-07,DTWEXBGS,92.6056,Nominal broad US dollar index
2013-06-10,DTWEXBGS,92.973,Nominal broad US dollar index
2013-06-11,DTWEXBGS,92.7996,Nominal broad US dollar index
2013-06-12,DTWEXBGS,92.4775,Nominal broad US dollar index
2013-06-13,DTWEXBGS,92.3449,Nominal broad US dollar index
2013-06-14,DTWEXBGS,92.1886,Nominal broad US dollar index
2013-06-17,DTWEXBGS,92.3332,Nominal broad US dollar index
2013-06-18,DTWEXBGS,92.5432,Nominal broad US dollar index
2013-06-19,DTWEXBGS,92.4755,Nominal broad US dollar index
2013-06-20,DTWEXBGS,94.125,Nominal broad US dollar index
2013-06-21,DTWEXBGS,94.4243,Nominal broad US dollar index
2013-06-24,DTWEXBGS,94.5714,Nominal broad US dollar index
2013-06-25,DTWEXBGS,94.3285,Nominal broad US dollar index
2013-06-26,DTWEXBGS,94.3807,Nominal broad US dollar index
2013-06-27,DTWEXBGS,94.2429,Nominal broad US dollar index
2013-06-28,DTWEXBGS,94.3047,Nominal broad US dollar index
2013-07-01,DTWEXBGS,94.0998,Nominal broad US dollar index
2013-07-02,DTWEXBGS,94.4051,Nominal broad US dollar index
2013-07-03,DTWEXBGS,94.4767,Nominal broad US dollar index
2013-07-04,DTWEXBGS,,Nominal broad US dollar index
2013-07-05,DTWEXBGS,95.0639,Nominal broad US dollar index
2013-07-08,DTWEXBGS,94.9954,Nominal broad US dollar index
2013-07-09,DTWEXBGS,94.9467,Nominal broad US dollar index
2013-07-10,DTWEXBGS,94.7595,Nominal broad US dollar index
2013-07-11,DTWEXBGS,93.949,Nominal broad US dollar index
2013-07-12,DTWEXBGS,94.0029,Nominal broad US dollar index
2013-07-15,DTWEXBGS,93.9729,Nominal broad US dollar index
2013-07-16,DTWEXBGS,93.5232,Nominal broad US dollar index
2013-07-17,DTWEXBGS,93.5498,Nominal broad US dollar index
2013-07-18,DTWEXBGS,93.681,Nominal broad US dollar index
2013-07-19,DTWEXBGS,93.4759,Nominal broad US dollar index
2013-07-22,DTWEXBGS,93.2253,Nominal broad US dollar index
2013-07-23,DTWEXBGS,93.1631,Nominal broad US dollar index
2013-07-24,DTWEXBGS,93.3124,Nominal broad US dollar index
2013-07-25,DTWEXBGS,93.2862,Nominal broad US dollar index
2013-07-26,DTWEXBGS,93.1695,Nominal broad US dollar index
2013-07-29,DTWEXBGS,93.1663,Nominal broad US dollar index
2013-07-30,DTWEXBGS,93.3976,Nominal broad US dollar index
2013-07-31,DTWEXBGS,93.5703,Nominal broad US dollar index
2013-08-01,DTWEXBGS,93.7972,Nominal broad US dollar index
2013-08-02,DTWEXBGS,93.5789,Nominal broad US dollar index
2013-08-05,DTWEXBGS,93.507,Nominal broad US dollar index
2013-08-06,DTWEXBGS,93.3199,Nominal broad US dollar index
2013-08-07,DTWEXBGS,93.2652,Nominal broad US dollar index
2013-08-08,DTWEXBGS,92.8483,Nominal broad US dollar index
2013-08-09,DTWEXBGS,92.8394,Nominal broad US dollar index
2013-08-12,DTWEXBGS,92.9178,Nominal broad US dollar index
2013-08-13,DTWEXBGS,93.476,Nominal broad US dollar index
2013-08-14,DTWEXBGS,93.382,Nominal broad US dollar index
2013-08-15,DTWEXBGS,93.5059,Nominal broad US dollar index
2013-08-16,DTWEXBGS,93.4255,Nominal broad US dollar index
2013-08-19,DTWEXBGS,93.6623,Nominal broad US dollar index
2013-08-20,DTWEXBGS,93.5536,Nominal broad US dollar index
2013-08-21,DTWEXBGS,94.0362,Nominal broad US dollar index
2013-08-22,DTWEXBGS,94.2804,Nominal broad US dollar index
2013-08-23,DTWEXBGS,93.9466,Nominal broad US dollar index
2013-08-26,DTWEXBGS,94.1853,Nominal broad US dollar index
2013-08-27,DTWEXBGS,94.3934,Nominal broad US dollar index
2013-08-28,DTWEXBGS,94.4127,Nominal broad US dollar index
2013-08-29,DTWEXBGS,94.6398,Nominal broad US dollar index
2013-08-30,DTWEXBGS,94.7541,Nominal broad US dollar index
2013-09-02,DTWEXBGS,,Nominal broad US dollar index
2013-09-03,DTWEXBGS,94.9574,Nominal broad US dollar index
2013-09-04,DTWEXBGS,94.5739,Nominal broad US dollar index
2013-09-05,DTWEXBGS,94.8891,Nominal broad US dollar index
2013-09-06,DTWEXBGS,94.2487,Nominal broad US dollar index
2013-09-09,DTWEXBGS,94.0009,Nominal broad US dollar index
2013-09-10,DTWEXBGS,93.938,Nominal broad US dollar index
2013-09-11,DTWEXBGS,93.7112,Nominal broad US dollar index
2013-09-12,DTWEXBGS,93.5903,Nominal broad US dollar index
2013-09-13,DTWEXBGS,93.6666,Nominal broad US dollar index
2013-09-16,DTWEXBGS,93.2875,Nominal broad US dollar index
2013-09-17,DTWEXBGS,93.2231,Nominal broad US dollar index
2013-09-18,DTWEXBGS,93.2569,Nominal broad US dollar index
2013-09-19,DTWEXBGS,92.4082,Nominal broad US dollar index
2013-09-20,DTWEXBGS,92.6049,Nominal broad US dollar index
2013-09-23,DTWEXBGS,92.613,Nominal broad US dollar index
2013-09-24,DTWEXBGS,92.7691,Nominal broad US dollar index
2013-09-25,DTWEXBGS,92.7675,Nominal broad US dollar index
2013-09-26,DTWEXBGS,93.0096,Nominal broad US dollar index
2013-09-27,DTWEXBGS,92.9747,Nominal broad US dollar index
2013-09-30,DTWEXBGS,92.9207,Nominal broad US dollar index
2013-10-01,DTWEXBGS,92.9515,Nominal broad US dollar index
2013-10-02,DTWEXBGS,92.772,Nominal broad US dollar index
2013-10-03,DTWEXBGS,92.7461,Nominal broad US dollar index
2013-10-04,DTWEXBGS,92.6469,Nominal broad US dollar index
2013-10-07,DTWEXBGS,92.6725,Nominal broad US dollar index
2013-10-08,DTWEXBGS,92.7558,Nominal broad US dollar index
2013-10-09,DTWEXBGS,93.0829,Nominal broad US dollar index
2013-10-10,DTWEXBGS,92.8579,Nominal broad US dollar index
2013-10-11,DTWEXBGS,92.854,Nominal broad US dollar index
2013-10-14,DTWEXBGS,,Nominal broad US dollar index
2013-10-15,DTWEXBGS,92.7642,Nominal broad US dollar index
2013-10-16,DTWEXBGS,92.6819,Nominal broad US dollar index
2013-10-17,DTWEXBGS,92.0246,Nominal broad US dollar index
2013-10-18,DTWEXBGS,91.9989,Nominal broad US dollar index
2013-10-21,DTWEXBGS,92.2498,Nominal broad US dollar index
2013-10-22,DTWEXBGS,91.9563,Nominal broad US dollar index
2013-10-23,DTWEXBGS,92.0947,Nominal broad US dollar index
2013-10-24,DTWEXBGS,92.1867,Nominal broad US dollar index
2013-10-25,DTWEXBGS,92.1623,Nominal broad US dollar index
2013-10-28,DTWEXBGS,92.1872,Nominal broad US dollar index
2013-10-29,DTWEXBGS,92.301,Nominal broad US dollar index
2013-10-30,DTWEXBGS,92.3057,Nominal broad US dollar index
2013-10-31,DTWEXBGS,92.731,Nominal broad US dollar index
2013-11-01,DTWEXBGS,93.155,Nominal broad US dollar index
2013-11-04,DTWEXBGS,92.9359,Nominal broad US dollar index
2013-11-05,DTWEXBGS,93.2112,Nominal broad US dollar index
2013-11-06,DTWEXBGS,93.0943,Nominal broad US dollar index
2013-11-07,DTWEXBGS,93.4003,Nominal broad US dollar index
2013-11-08,DTWEXBGS,93.6619,Nominal broad US dollar index
2013-11-11,DTWEXBGS,,Nominal broad US dollar index
2013-11-12,DTWEXBGS,93.7651,Nominal broad US dollar index
2013-11-13,DTWEXBGS,93.4848,Nominal broad US dollar index
2013-11-14,DTWEXBGS,93.4328,Nominal broad US dollar index
2013-11-15,DTWEXBGS,93.2854,Nominal broad US dollar index
2013-11-18,DTWEXBGS,92.9824,Nominal broad US dollar index
2013-11-19,DTWEXBGS,93.0649,Nominal broad US dollar index
2013-11-20,DTWEXBGS,93.2501,Nominal broad US dollar index
2013-11-21,DTWEXBGS,93.5638,Nominal broad US dollar index
2013-11-22,DTWEXBGS,93.4198,Nominal broad US dollar index
2013-11-25,DTWEXBGS,93.5539,Nominal broad US dollar index
2013-11-26,DTWEXBGS,93.5226,Nominal broad US dollar index
2013-11-27,DTWEXBGS,93.6864,Nominal broad US dollar index
2013-11-28,DTWEXBGS,,Nominal broad US dollar index
2013-11-29,DTWEXBGS,93.6291,Nominal broad US dollar index
2013-12-02,DTWEXBGS,93.8856,Nominal broad US dollar index
2013-12-03,DTWEXBGS,93.8251,Nominal broad US dollar index
2013-12-04,DTWEXBGS,93.8997,Nominal broad US dollar index
2013-12-05,DTWEXBGS,93.4954,Nominal broad US dollar index
2013-12-06,DTWEXBGS,93.4045,Nominal broad US dollar index
2013-12-09,DTWEXBGS,93.1444,Nominal broad US dollar index
2013-12-10,DTWEXBGS,,Nominal broad US dollar index
2013-12-11,DTWEXBGS,93.0842,Nominal broad US dollar index
2013-12-12,DTWEXBGS,93.4292,Nominal broad US dollar index
2013-12-13,DTWEXBGS,93.3568,Nominal broad US dollar index
2013-12-16,DTWEXBGS,93.2175,Nominal broad US dollar index
2013-12-17,DTWEXBGS,93.302,Nominal broad US dollar index
2013-12-18,DTWEXBGS,93.4207,Nominal broad US dollar index
2013-12-19,DTWEXBGS,93.7368,Nominal broad US dollar index
2013-12-20,DTWEXBGS,93.7211,Nominal broad US dollar index
2013-12-23,DTWEXBGS,93.572,Nominal broad US dollar index
2013-12-24,DTWEXBGS,93.6734,Nominal broad US dollar index
2013-12-25,DTWEXBGS,,Nominal broad US dollar index
2013-12-26,DTWEXBGS,93.766,Nominal broad US dollar index
2013-12-27,DTWEXBGS,93.7018,Nominal broad US dollar index
2013-12-30,DTWEXBGS,93.4866,Nominal broad US dollar index
2013-12-31,DTWEXBGS,93.5576,Nominal broad US dollar index
2014-01-01,DTWEXBGS,,Nominal broad US dollar index
2014-01-02,DTWEXBGS,93.8192,Nominal broad US dollar index
2014-01-03,DTWEXBGS,93.853,Nominal broad US dollar index
2014-01-06,DTWEXBGS,93.9109,Nominal broad US dollar index
2014-01-07,DTWEXBGS,94.0398,Nominal broad US dollar index
2014-01-08,DTWEXBGS,94.2181,Nominal broad US dollar index
2014-01-09,DTWEXBGS,94.3299,Nominal broad US dollar index
2014-01-10,DTWEXBGS,94.0045,Nominal broad US dollar index
2014-01-13,DTWEXBGS,93.899,Nominal broad US dollar index
2014-01-14,DTWEXBGS,94.0303,Nominal broad US dollar index
2014-01-15,DTWEXBGS,94.341,Nominal broad US dollar index
2014-01-16,DTWEXBGS,94.5507,Nominal broad US dollar index
2014-01-17,DTWEXBGS,94.5846,Nominal broad US dollar index
2014-01-20,DTWEXBGS,,Nominal broad US dollar index
2014-01-21,DTWEXBGS,94.679,Nominal broad US dollar index
2014-01-22,DTWEXBGS,94.8479,Nominal broad US dollar index
2014-01-23,DTWEXBGS,94.8415,Nominal broad US dollar index
2014-01-24,DTWEXBGS,94.8555,Nominal broad US dollar index
2014-01-27,DTWEXBGS,94.9059,Nominal broad US dollar index
2014-01-28,DTWEXBGS,94.88,Nominal broad US dollar index
2014-01-29,DTWEXBGS,94.8621,Nominal broad US dollar index
2014-01-30,DTWEXBGS,95.1294,Nominal broad US dollar index
2014-01-31,DTWEXBGS,95.1774,Nominal broad US dollar index
2014-02-03,DTWEXBGS,95.2469,Nominal broad US dollar index
2014-02-04,DTWEXBGS,95.0438,Nominal broad US dollar index
2014-02-05,DTWEXBGS,95.0285,Nominal broad US dollar index
2014-02-06,DTWEXBGS,94.7177,Nominal broad US dollar index
2014-02-07,DTWEXBGS,94.7457,Nominal broad US dollar index
2014-02-10,DTWEXBGS,94.7189,Nominal broad US dollar index
2014-02-11,DTWEXBGS,94.6377,Nominal broad US dollar index
2014-02-12,DTWEXBGS,94.6209,Nominal broad US dollar index
2014-02-13,DTWEXBGS,,Nominal broad US dollar index
2014-02-14,DTWEXBGS,94.2711,Nominal broad US dollar index
2014-02-17,DTWEXBGS,,Nominal broad US dollar index
2014-02-18,DTWEXBGS,94.1934,Nominal broad US dollar index
2014-02-19,DTWEXBGS,94.38,Nominal broad US dollar index
2014-02-20,DTWEXBGS,94.6571,Nominal broad US dollar index
2014-02-21,DTWEXBGS,,Nominal broad US dollar index
2014-02-24,DTWEXBGS,94.4042,Nominal broad US dollar index
2014-02-25,DTWEXBGS,94.4735,Nominal broad US dollar index
2014-02-26,DTWEXBGS,94.7754,Nominal broad US dollar index
2014-02-27,DTWEXBGS,94.6722,Nominal broad US dollar index
2014-02-28,DTWEXBGS,94.3879,Nominal broad US dollar index
2014-03-03,DTWEXBGS,,Nominal broad US dollar index
2014-03-04,DTWEXBGS,94.6568,Nominal broad US dollar index
2014-03-05,DTWEXBGS,94.4679,Nominal broad US dollar index
2014-03-06,DTWEXBGS,93.9858,Nominal broad US dollar index
2014-03-07,DTWEXBGS,94.2532,Nominal broad US dollar index
2014-03-10,DTWEXBGS,94.3731,Nominal broad US dollar index
2014-03-11,DTWEXBGS,94.387,Nominal broad US dollar index
2014-03-12,DTWEXBGS,94.462,Nominal broad US dollar index
2014-03-13,DTWEXBGS,94.1872,Nominal broad US dollar index
2014-03-14,DTWEXBGS,94.243,Nominal broad US dollar index
2014-03-17,DTWEXBGS,,Nominal broad US dollar index
2014-03-18,DTWEXBGS,94.2631,Nominal broad US dollar index
2014-03-19,DTWEXBGS,94.3752,Nominal broad US dollar index
2014-03-20,DTWEXBGS,94.9986,Nominal broad US dollar index
2014-03-21,DTWEXBGS,94.8547,Nominal broad US dollar index
2014-03-24,DTWEXBGS,94.759,Nominal broad US dollar index
2014-03-25,DTWEXBGS,94.6379,Nominal broad US dollar index
2014-03-26,DTWEXBGS,94.5281,Nominal broad US dollar index
2014-03-27,DTWEXBGS,94.3315,Nominal broad US dollar index
2014-03-28,DTWEXBGS,94.3683,Nominal broad US dollar index
2014-03-31,DTWEXBGS,94.2432,Nominal broad US dollar index
2014-04-01,DTWEXBGS,94.1244,Nominal broad US dollar index
2014-04-02,DTWEXBGS,94.3103,Nominal broad US dollar index
2014-04-03,DTWEXBGS,94.512,Nominal broad US dollar index
2014-04-04,DTWEXBGS,94.2191,Nominal broad US dollar index
2014-04-07,DTWEXBGS,94.0881,Nominal broad US dollar index
2014-04-08,DTWEXBGS,93.6579,Nominal broad US dollar index
2014-04-09,DTWEXBGS,93.6716,Nominal broad US dollar index
2014-04-10,DTWEXBGS,93.5123,Nominal broad US dollar index
2014-04-11,DTWEXBGS,93.6395,Nominal broad US dollar index
2014-04-14,DTWEXBGS,93.8046,Nominal broad US dollar index
2014-04-15,DTWEXBGS,93.9486,Nominal broad US dollar index
2014-04-16,DTWEXBGS,93.9461,Nominal broad US dollar index
2014-04-17,DTWEXBGS,93.8936,Nominal broad US dollar index
2014-04-18,DTWEXBGS,93.9629,Nominal broad US dollar index
2014-04-21,DTWEXBGS,94.0337,Nominal broad US dollar index
2014-04-22,DTWEXBGS,94.0802,Nominal broad US dollar index
2014-04-23,DTWEXBGS,94.149,Nominal broad US dollar index
2014-04-24,DTWEXBGS,94.1294,Nominal broad US dollar index
2014-04-25,DTWEXBGS,94.1623,Nominal broad US dollar index
2014-04-28,DTWEXBGS,94.1374,Nominal broad US dollar index
2014-04-29,DTWEXBGS,94.0295,Nominal broad US dollar index
2014-04-30,DTWEXBGS,93.8896,Nominal broad US dollar index
2014-05-01,DTWEXBGS,93.8707,Nominal broad US dollar index
2014-05-02,DTWEXBGS,93.8182,Nominal broad US dollar index
2014-05-05,DTWEXBGS,93.7334,Nominal broad US dollar index
2014-05-06,DTWEXBGS,93.4324,Nominal broad US dollar index
2014-05-07,DTWEXBGS,93.4337,Nominal broad US dollar index
2014-05-08,DTWEXBGS,93.3686,Nominal broad US dollar index
2014-05-09,DTWEXBGS,93.6614,Nominal broad US dollar index
2014-05-12,DTWEXBGS,93.6537,Nominal broad US dollar index
2014-05-13,DTWEXBGS,93.6755,Nominal broad US dollar index
2014-05-14,DTWEXBGS,93.5968,Nominal broad US dollar index
2014-05-15,DTWEXBGS,93.7065,Nominal broad US dollar index
2014-05-16,DTWEXBGS,93.6073,Nominal broad US dollar index
2014-05-19,DTWEXBGS,93.502,Nominal broad US dollar index
2014-05-20,DTWEXBGS,93.6699,Nominal broad US dollar index
2014-05-21,DTWEXBGS,93.7629,Nominal broad US dollar index
2014-05-22,DTWEXBGS,93.6944,Nominal broad US dollar index
2014-05-23,DTWEXBGS,93.7042,Nominal broad US dollar index
2014-05-26,DTWEXBGS,,Nominal broad US dollar index
2014-05-27,DTWEXBGS,93.8418,Nominal broad US dollar index
2014-05-28,DTWEXBGS,93.8793,Nominal broad US dollar index
2014-05-29,DTWEXBGS,93.6973,Nominal broad US dollar index
2014-05-30,DTWEXBGS,93.7606,Nominal broad US dollar index
2014-06-02,DTWEXBGS,94.0006,Nominal broad US dollar index
2014-06-03,DTWEXBGS,94.0536,Nominal broad US dollar index
2014-06-04,DTWEXBGS,94.1239,Nominal broad US dollar index
2014-06-05,DTWEXBGS,93.9732,Nominal broad US dollar index
2014-06-06,DTWEXBGS,93.9069,Nominal broad US dollar index
2014-06-09,DTWEXBGS,93.9628,Nominal broad US dollar index
2014-06-10,DTWEXBGS,94.0638,Nominal broad US dollar index
2014-06-11,DTWEXBGS,93.9744,Nominal broad US dollar index
2014-06-12,DTWEXBGS,93.8155,Nominal broad US dollar index
2014-06-13,DTWEXBGS,93.9168,Nominal broad US dollar index
2014-06-16,DTWEXBGS,93.8639,Nominal broad US dollar index
2014-06-17,DTWEXBGS,94.0829,Nominal broad US dollar index
2014-06-18,DTWEXBGS,94.0525,Nominal broad US dollar index
2014-06-19,DTWEXBGS,93.752,Nominal broad US dollar index
2014-06-20,DTWEXBGS,93.7591,Nominal broad US dollar index
2014-06-23,DTWEXBGS,93.628,Nominal broad US dollar index
2014-06-24,DTWEXBGS,93.7093,Nominal broad US dollar index
2014-06-25,DTWEXBGS,93.5851,Nominal broad US dollar index
2014-06-26,DTWEXBGS,93.5471,Nominal broad US dollar index
2014-06-27,DTWEXBGS,93.3983,Nominal broad US dollar index
2014-06-30,DTWEXBGS,93.2058,Nominal broad US dollar index
2014-07-01,DTWEXBGS,93.1365,Nominal broad US dollar index
2014-07-02,DTWEXBGS,93.2478,Nominal broad US dollar index
2014-07-03,DTWEXBGS,93.3149,Nominal broad US dollar index
2014-07-04,DTWEXBGS,,Nominal broad US dollar index
2014-07-07,DTWEXBGS,93.3803,Nominal broad US dollar index
2014-07-08,DTWEXBGS,93.323,Nominal broad US dollar index
2014-07-09,DTWEXBGS,93.228,Nominal broad US dollar index
2014-07-10,DTWEXBGS,93.3152,Nominal broad US dollar index
2014-07-11,DTWEXBGS,93.4171,Nominal broad US dollar index
2014-07-14,DTWEXBGS,93.4101,Nominal broad US dollar index
2014-07-15,DTWEXBGS,93.5796,Nominal broad US dollar index
2014-07-16,DTWEXBGS,93.5991,Nominal broad US dollar index
2014-07-17,DTWEXBGS,93.6586,Nominal broad US dollar index
2014-07-18,DTWEXBGS,93.6608,Nominal broad US dollar index
2014-07-21,DTWEXBGS,93.6069,Nominal broad US dollar index
2014-07-22,DTWEXBGS,93.6306,Nominal broad US dollar index
2014-07-23,DTWEXBGS,93.5951,Nominal broad US dollar index
2014-07-24,DTWEXBGS,93.6836,Nominal broad US dollar index
2014-07-25,DTWEXBGS,93.8294,Nominal broad US dollar index
2014-07-28,DTWEXBGS,93.83,Nominal broad US dollar index
2014-07-29,DTWEXBGS,94.0443,Nominal broad US dollar index
2014-07-30,DTWEXBGS,94.3473,Nominal broad US dollar index
2014-07-31,DTWEXBGS,94.4467,Nominal broad US dollar index
2014-08-01,DTWEXBGS,94.4754,Nominal broad US dollar index
2014-08-04,DTWEXBGS,94.448,Nominal broad US dollar index
2014-08-05,DTWEXBGS,94.6754,Nominal broad US dollar index
2014-08-06,DTWEXBGS,94.6092,Nominal broad US dollar index
2014-08-07,DTWEXBGS,94.6364,Nominal broad US dollar index
2014-08-08,DTWEXBGS,94.6027,Nominal broad US dollar index
2014-08-11,DTWEXBGS,94.4767,Nominal broad US dollar index
2014-08-12,DTWEXBGS,94.5211,Nominal broad US dollar index
2014-08-13,DTWEXBGS,94.4681,Nominal broad US dollar index
2014-08-14,DTWEXBGS,94.3508,Nominal broad US dollar index
2014-08-15,DTWEXBGS,94.2941,Nominal broad US dollar index
2014-08-18,DTWEXBGS,94.2519,Nominal broad US dollar index
2014-08-19,DTWEXBGS,94.4356,Nominal broad US dollar index
2014-08-20,DTWEXBGS,94.5937,Nominal broad US dollar index
2014-08-21,DTWEXBGS,94.673,Nominal broad US dollar index
2014-08-22,DTWEXBGS,94.8012,Nominal broad US dollar index
2014-08-25,DTWEXBGS,94.9159,Nominal broad US dollar index
2014-08-26,DTWEXBGS,94.8617,Nominal broad US dollar index
2014-08-27,DTWEXBGS,94.6863,Nominal broad US dollar index
2014-08-28,DTWEXBGS,94.6947,Nominal broad US dollar index
2014-08-29,DTWEXBGS,94.7251,Nominal broad US dollar index
2014-09-01,DTWEXBGS,,Nominal broad US dollar index
2014-09-02,DTWEXBGS,95.063,Nominal broad US dollar index
2014-09-03,DTWEXBGS,94.8709,Nominal broad US dollar index
2014-09-04,DTWEXBGS,95.2641,Nominal broad US dollar index
2014-09-05,DTWEXBGS,95.2203,Nominal broad US dollar index
2014-09-08,DTWEXBGS,95.4167,Nominal broad US dollar index
2014-09-09,DTWEXBGS,95.8811,Nominal broad US dollar index
2014-09-10,DTWEXBGS,95.8641,Nominal broad US dollar index
2014-09-11,DTWEXBGS,95.9184,Nominal broad US dollar index
2014-09-12,DTWEXBGS,96.0748,Nominal broad US dollar index
2014-09-15,DTWEXBGS,96.1195,Nominal broad US dollar index
2014-09-16,DTWEXBGS,95.8483,Nominal broad US dollar index
2014-09-17,DTWEXBGS,95.9106,Nominal broad US dollar index
2014-09-18,DTWEXBGS,96.1284,Nominal broad US dollar index
2014-09-19,DTWEXBGS,96.3417,Nominal broad US dollar index
2014-09-22,DTWEXBGS,96.4625,Nominal broad US dollar index
2014-09-23,DTWEXBGS,96.5112,Nominal broad US dollar index
2014-09-24,DTWEXBGS,96.6574,Nominal broad US dollar index
2014-09-25,DTWEXBGS,96.8988,Nominal broad US dollar index
2014-09-26,DTWEXBGS,97.208,Nominal broad US dollar index
2014-09-29,DTWEXBGS,97.3523,Nominal broad US dollar index
2014-09-30,DTWEXBGS,97.5261,Nominal broad US dollar index
2014-10-01,DTWEXBGS,97.5387,Nominal broad US dollar index
2014-10-02,DTWEXBGS,97.3062,Nominal broad US dollar index
2014-10-03,DTWEXBGS,97.9846,Nominal broad US dollar index
2014-10-06,DTWEXBGS,97.5513,Nominal broad US dollar index
2014-10-07,DTWEXBGS,97.4459,Nominal broad US dollar index
2014-10-08,DTWEXBGS,97.4945,Nominal broad US dollar index
2014-10-09,DTWEXBGS,97.1711,Nominal broad US dollar index
2014-10-10,DTWEXBGS,97.4144,Nominal broad US dollar index
2014-10-13,DTWEXBGS,,Nominal broad US dollar index
2014-10-14,DTWEXBGS,97.3943,Nominal broad US dollar index
2014-10-15,DTWEXBGS,97.3532,Nominal broad US dollar index
2014-10-16,DTWEXBGS,97.2869,Nominal broad US dollar index
2014-10-17,DTWEXBGS,97.3067,Nominal broad US dollar index
2014-10-20,DTWEXBGS,97.2874,Nominal broad US dollar index
2014-10-21,DTWEXBGS,97.2488,Nominal broad US dollar index
2014-10-22,DTWEXBGS,97.459,Nominal broad US dollar index
2014-10-23,DTWEXBGS,97.6047,Nominal broad US dollar index
2014-10-24,DTWEXBGS,97.4772,Nominal broad US dollar index
2014-10-27,DTWEXBGS,97.5423,Nominal broad US dollar index
2014-10-28,DTWEXBGS,97.2173,Nominal broad US dollar index
2014-10-29,DTWEXBGS,97.0145,Nominal broad US dollar index
2014-10-30,DTWEXBGS,97.456,Nominal broad US dollar index
2014-10-31,DTWEXBGS,98.1163,Nominal broad US dollar index
2014-11-03,DTWEXBGS,98.5336,Nominal broad US dollar index
2014-11-04,DTWEXBGS,98.5576,Nominal broad US dollar index
2014-11-05,DTWEXBGS,98.8086,Nominal broad US dollar index
2014-11-06,DTWEXBGS,99.1325,Nominal broad US dollar index
2014-11-07,DTWEXBGS,99.0236,Nominal broad US dollar index
2014-11-10,DTWEXBGS,98.9305,Nominal broad US dollar index
2014-11-11,DTWEXBGS,,Nominal broad US dollar index
2014-11-12,DTWEXBGS,98.8897,Nominal broad US dollar index
2014-11-13,DTWEXBGS,99.1045,Nominal broad US dollar index
2014-11-14,DTWEXBGS,99.0917,Nominal broad US dollar index
2014-11-17,DTWEXBGS,99.2188,Nominal broad US dollar index
2014-11-18,DTWEXBGS,99.0185,Nominal broad US dollar index
2014-11-19,DTWEXBGS,99.2424,Nominal broad US dollar index
2014-11-20,DTWEXBGS,99.2554,Nominal broad US dollar index
2014-11-21,DTWEXBGS,99.2894,Nominal broad US dollar index
2014-11-24,DTWEXBGS,99.4227,Nominal broad US dollar index
2014-11-25,DTWEXBGS,99.2837,Nominal broad US dollar index
2014-11-26,DTWEXBGS,99.1893,Nominal broad US dollar index
2014-11-27,DTWEXBGS,,Nominal broad US dollar index
2014-11-28,DTWEXBGS,100.0719,Nominal broad US dollar index
2014-12-01,DTWEXBGS,99.8964,Nominal broad US dollar index
2014-12-02,DTWEXBGS,100.4478,Nominal broad US dollar index
2014-12-03,DTWEXBGS,100.5696,Nominal broad US dollar index
2014-12-04,DTWEXBGS,100.3931,Nominal broad US dollar index
2014-12-05,DTWEXBGS,101.0989,Nominal broad US dollar index
2014-12-08,DTWEXBGS,101.31,Nominal broad US dollar index
2014-12-09,DTWEXBGS,100.8095,Nominal broad US dollar index
2014-12-10,DTWEXBGS,101.0212,Nominal broad US dollar index
2014-12-11,DTWEXBGS,101.4448,Nominal broad US dollar index
2014-12-12,DTWEXBGS,101.3735,Nominal broad US dollar index
2014-12-15,DTWEXBGS,101.674,Nominal broad US dollar index
2014-12-16,DTWEXBGS,101.526,Nominal broad US dollar index
2014-12-17,DTWEXBGS,101.5527,Nominal broad US dollar index
2014-12-18,DTWEXBGS,101.7531,Nominal broad US dollar index
2014-12-19,DTWEXBGS,102.0483,Nominal broad US dollar index
2014-12-22,DTWEXBGS,101.9942,Nominal broad US dollar index
2014-12-23,DTWEXBGS,102.348,Nominal broad US dollar index
2014-12-24,DTWEXBGS,102.3028,Nominal broad US dollar index
2014-12-25,DTWEXBGS,,Nominal broad US dollar index
2014-12-26,DTWEXBGS,,Nominal broad US dollar index
2014-12-29,DTWEXBGS,102.3767,Nominal broad US dollar index
2014-12-30,DTWEXBGS,102.1019,Nominal broad US dollar index
2014-12-31,DTWEXBGS,102.2843,Nominal broad US dollar index
2015-01-01,DTWEXBGS,,Nominal broad US dollar index
2015-01-02,DTWEXBGS,102.9027,Nominal broad US dollar index
2015-01-05,DTWEXBGS,103.4976,Nominal broad US dollar index
2015-01-06,DTWEXBGS,103.2938,Nominal broad US dollar index
2015-01-07,DTWEXBGS,103.6316,Nominal broad US dollar index
2015-01-08,DTWEXBGS,103.2799,Nominal broad US dollar index
2015-01-09,DTWEXBGS,103.1213,Nominal broad US dollar index
2015-01-12,DTWEXBGS,103.2372,Nominal broad US dollar index
2015-01-13,DTWEXBGS,103.27,Nominal broad US dollar index
2015-01-14,DTWEXBGS,103.0903,Nominal broad US dollar index
2015-01-15,DTWEXBGS,103.0829,Nominal broad US dollar index
2015-01-16,DTWEXBGS,103.2189,Nominal broad US dollar index
2015-01-19,DTWEXBGS,,Nominal broad US dollar index
2015-01-20,DTWEXBGS,103.5233,Nominal broad US dollar index
2015-01-21,DTWEXBGS,103.7858,Nominal broad US dollar index
2015-01-22,DTWEXBGS,103.9271,Nominal broad US dollar index
2015-01-23,DTWEXBGS,104.3676,Nominal broad US dollar index
2015-01-26,DTWEXBGS,104.4818,Nominal broad US dollar index
2015-01-27,DTWEXBGS,104.1646,Nominal broad US dollar index
2015-01-28,DTWEXBGS,104.4737,Nominal broad US dollar index
2015-01-29,DTWEXBGS,105.2763,Nominal broad US dollar index
2015-01-30,DTWEXBGS,105.5884,Nominal broad US dollar index
2015-02-02,DTWEXBGS,105.2058,Nominal broad US dollar index
2015-02-03,DTWEXBGS,104.6063,Nominal broad US dollar index
2015-02-04,DTWEXBGS,104.785,Nominal broad US dollar index
2015-02-05,DTWEXBGS,104.4915,Nominal broad US dollar index
2015-02-06,DTWEXBGS,105.1283,Nominal broad US dollar index
2015-02-09,DTWEXBGS,104.9889,Nominal broad US dollar index
2015-02-10,DTWEXBGS,105.2897,Nominal broad US dollar index
2015-02-11,DTWEXBGS,105.7901,Nominal broad US dollar index
2015-02-12,DTWEXBGS,104.9385,Nominal broad US dollar index
2015-02-13,DTWEXBGS,104.8452,Nominal broad US dollar index
2015-02-16,DTWEXBGS,,Nominal broad US dollar index
2015-02-17,DTWEXBGS,,Nominal broad US dollar index
2015-02-18,DTWEXBGS,105.2514,Nominal broad US dollar index
2015-02-19,DTWEXBGS,105.1407,Nominal broad US dollar index
2015-02-20,DTWEXBGS,105.3387,Nominal broad US dollar index
2015-02-23,DTWEXBGS,105.5359,Nominal broad US dollar index
2015-02-24,DTWEXBGS,105.5472,Nominal broad US dollar index
2015-02-25,DTWEXBGS,105.0503,Nominal broad US dollar index
2015-02-26,DTWEXBGS,105.5021,Nominal broad US dollar index
2015-02-27,DTWEXBGS,105.5981,Nominal broad US dollar index
2015-03-02,DTWEXBGS,105.8151,Nominal broad US dollar index
2015-03-03,DTWEXBGS,105.5562,Nominal broad US dollar index
2015-03-04,DTWEXBGS,106.1333,Nominal broad US dollar index
2015-03-05,DTWEXBGS,,Nominal broad US dollar index
2015-03-06,DTWEXBGS,107.4337,Nominal broad US dollar index
2015-03-09,DTWEXBGS,107.5199,Nominal broad US dollar index
2015-03-10,DTWEXBGS,108.1165,Nominal broad US dollar index
2015-03-11,DTWEXBGS,108.5235,Nominal broad US dollar index
2015-03-12,DTWEXBGS,108.1741,Nominal broad US dollar index
2015-03-13,DTWEXBGS,108.9174,Nominal broad US dollar index
2015-03-16,DTWEXBGS,108.6422,Nominal broad US dollar index
2015-03-17,DTWEXBGS,108.5805,Nominal broad US dollar index
2015-03-18,DTWEXBGS,108.408,Nominal broad US dollar index
2015-03-19,DTWEXBGS,108.1826,Nominal broad US dollar index
2015-03-20,DTWEXBGS,107.1671,Nominal broad US dollar index
2015-03-23,DTWEXBGS,106.5022,Nominal broad US dollar index
2015-03-24,DTWEXBGS,106.4401,Nominal broad US dollar index
2015-03-25,DTWEXBGS,106.2636,Nominal broad US dollar index
2015-03-26,DTWEXBGS,106.5582,Nominal broad US dollar index
2015-03-27,DTWEXBGS,106.8916,Nominal broad US dollar index
2015-03-30,DTWEXBGS,107.3941,Nominal broad US dollar index
2015-03-31,DTWEXBGS,107.4396,Nominal broad US dollar index
2015-04-01,DTWEXBGS,107.06,Nominal broad US dollar index
2015-04-02,DTWEXBGS,106.6738,Nominal broad US dollar index
2015-04-03,DTWEXBGS,105.8861,Nominal broad US dollar index
2015-04-06,DTWEXBGS,105.7876,Nominal broad US dollar index
2015-04-07,DTWEXBGS,106.4488,Nominal broad US dollar index
2015-04-08,DTWEXBGS,106.4231,Nominal broad US dollar index
2015-04-09,DTWEXBGS,107.0335,Nominal broad US dollar index
2015-04-10,DTWEXBGS,107.4526,Nominal broad US dollar index
2015-04-13,DTWEXBGS,107.7508,Nominal broad US dollar index
2015-04-14,DTWEXBGS,107.0547,Nominal broad US dollar index
2015-04-15,DTWEXBGS,107.1855,Nominal broad US dollar index
2015-04-16,DTWEXBGS,106.2761,Nominal broad US dollar index
2015-04-17,DTWEXBGS,106.329,Nominal broad US dollar index
2015-04-20,DTWEXBGS,106.4902,Nominal broad US dollar index
2015-04-21,DTWEXBGS,106.5582,Nominal broad US dollar index
2015-04-22,DTWEXBGS,106.5815,Nominal broad US dollar index
2015-04-23,DTWEXBGS,106.1658,Nominal broad US dollar index
2015-04-24,DTWEXBGS,105.905,Nominal broad US dollar index
2015-04-27,DTWEXBGS,105.6891,Nominal broad US dollar index
2015-04-28,DTWEXBGS,105.1234,Nominal broad US dollar index
2015-04-29,DTWEXBGS,104.5634,Nominal broad US dollar index
2015-04-30,DTWEXBGS,105.312,Nominal broad US dollar index
2015-05-01,DTWEXBGS,105.6382,Nominal broad US dollar index
2015-05-04,DTWEXBGS,105.6679,Nominal broad US dollar index
2015-05-05,DTWEXBGS,105.2396,Nominal broad US dollar index
2015-05-06,DTWEXBGS,104.6935,Nominal broad US dollar index
2015-05-07,DTWEXBGS,105.1941,Nominal broad US dollar index
2015-05-08,DTWEXBGS,104.8424,Nominal broad US dollar index
2015-05-11,DTWEXBGS,105.3075,Nominal broad US dollar index
2015-05-12,DTWEXBGS,104.8924,Nominal broad US dollar index
2015-05-13,DTWEXBGS,104.3608,Nominal broad US dollar index
2015-05-14,DTWEXBGS,104.2359,Nominal broad US dollar index
2015-05-15,DTWEXBGS,104.0202,Nominal broad US dollar index
2015-05-18,DTWEXBGS,104.6068,Nominal broad US dollar index
2015-05-19,DTWEXBGS,105.3448,Nominal broad US dollar index
2015-05-20,DTWEXBGS,105.5605,Nominal broad US dollar index
2015-05-21,DTWEXBGS,105.3808,Nominal broad US dollar index
2015-05-22,DTWEXBGS,105.8487,Nominal broad US dollar index
2015-05-25,DTWEXBGS,,Nominal broad US dollar index
2015-05-26,DTWEXBGS,106.7294,Nominal broad US dollar index
2015-05-27,DTWEXBGS,106.908,Nominal broad US dollar index
2015-05-28,DTWEXBGS,106.92,Nominal broad US dollar index
2015-05-29,DTWEXBGS,106.7388,Nominal broad US dollar index
2015-06-01,DTWEXBGS,107.2238,Nominal broad US dollar index
2015-06-02,DTWEXBGS,106.4507,Nominal broad US dollar index
2015-06-03,DTWEXBGS,106.1443,Nominal broad US dollar index
2015-06-04,DTWEXBGS,106.4725,Nominal broad US dollar index
2015-06-05,DTWEXBGS,107.1336,Nominal broad US dollar index
2015-06-08,DTWEXBGS,106.7693,Nominal broad US dollar index
2015-06-09,DTWEXBGS,106.2238,Nominal broad US dollar index
2015-06-10,DTWEXBGS,105.8037,Nominal broad US dollar index
2015-06-11,DTWEXBGS,106.0934,Nominal broad US dollar index
2015-06-12,DTWEXBGS,105.9015,Nominal broad US dollar index
2015-06-15,DTWEXBGS,105.9989,Nominal broad US dollar index
2015-06-16,DTWEXBGS,106.0473,Nominal broad US dollar index
2015-06-17,DTWEXBGS,106.058,Nominal broad US dollar index
2015-06-18,DTWEXBGS,105.102,Nominal broad US dollar index
2015-06-19,DTWEXBGS,105.4496,Nominal broad US dollar index
2015-06-22,DTWEXBGS,105.3846,Nominal broad US dollar index
2015-06-23,DTWEXBGS,105.9678,Nominal broad US dollar index
2015-06-24,DTWEXBGS,106.2522,Nominal broad US dollar index
2015-06-25,DTWEXBGS,106.1515,Nominal broad US dollar index
2015-06-26,DTWEXBGS,106.4116,Nominal broad US dollar index
2015-06-29,DTWEXBGS,106.3785,Nominal broad US dollar index
2015-06-30,DTWEXBGS,106.5191,Nominal broad US dollar index
2015-07-01,DTWEXBGS,107.0101,Nominal broad US dollar index
2015-07-02,DTWEXBGS,106.9106,Nominal broad US dollar index
2015-07-03,DTWEXBGS,,Nominal broad US dollar index
2015-07-06,DTWEXBGS,107.1343,Nominal broad US dollar index
2015-07-07,DTWEXBGS,107.785,Nominal broad US dollar index
2015-07-08,DTWEXBGS,107.4734,Nominal broad US dollar index
2015-07-09,DTWEXBGS,107.5595,Nominal broad US dollar index
2015-07-10,DTWEXBGS,107.213,Nominal broad US dollar index
2015-07-13,DTWEXBGS,107.5849,Nominal broad US dollar index
2015-07-14,DTWEXBGS,107.4843,Nominal broad US dollar index
2015-07-15,DTWEXBGS,108.0149,Nominal broad US dollar index
2015-07-16,DTWEXBGS,108.1726,Nominal broad US dollar index
2015-07-17,DTWEXBGS,108.5374,Nominal broad US dollar index
2015-07-20,DTWEXBGS,108.6944,Nominal broad US dollar index
2015-07-21,DTWEXBGS,108.3893,Nominal broad US dollar index
2015-07-22,DTWEXBGS,108.7817,Nominal broad US dollar index
2015-07-23,DTWEXBGS,108.7565,Nominal broad US dollar index
2015-07-24,DTWEXBGS,109.0174,Nominal broad US dollar index
2015-07-27,DTWEXBGS,108.6924,Nominal broad US dollar index
2015-07-28,DTWEXBGS,108.6881,Nominal broad US dollar index
2015-07-29,DTWEXBGS,108.604,Nominal broad US dollar index
2015-07-30,DTWEXBGS,109.4328,Nominal broad US dollar index
2015-07-31,DTWEXBGS,108.7819,Nominal broad US dollar index
2015-08-03,DTWEXBGS,109.214,Nominal broad US dollar index
2015-08-04,DTWEXBGS,109.2244,Nominal broad US dollar index
2015-08-05,DTWEXBGS,109.842,Nominal broad US dollar index
2015-08-06,DTWEXBGS,109.722,Nominal broad US dollar index
2015-08-07,DTWEXBGS,109.4376,Nominal broad US dollar index
2015-08-10,DTWEXBGS,109.1931,Nominal broad US dollar index
2015-08-11,DTWEXBGS,109.9464,Nominal broad US dollar index
2015-08-12,DTWEXBGS,109.4655,Nominal broad US dollar index
2015-08-13,DTWEXBGS,109.9025,Nominal broad US dollar index
2015-08-14,DTWEXBGS,109.9174,Nominal broad US dollar index
2015-08-17,DTWEXBGS,110.1435,Nominal broad US dollar index
2015-08-18,DTWEXBGS,110.2504,Nominal broad US dollar index
2015-08-19,DTWEXBGS,110.4333,Nominal broad US dollar index
2015-08-20,DTWEXBGS,110.1077,Nominal broad US dollar index
2015-08-21,DTWEXBGS,110.1443,Nominal broad US dollar index
2015-08-24,DTWEXBGS,109.9306,Nominal broad US dollar index
2015-08-25,DTWEXBGS,110.3394,Nominal broad US dollar index
2015-08-26,DTWEXBGS,110.5807,Nominal broad US dollar index
2015-08-27,DTWEXBGS,110.4834,Nominal broad US dollar index
2015-08-28,DTWEXBGS,110.6714,Nominal broad US dollar index
2015-08-31,DTWEXBGS,110.5621,Nominal broad US dollar index
2015-09-01,DTWEXBGS,110.4506,Nominal broad US dollar index
2015-09-02,DTWEXBGS,110.7979,Nominal broad US dollar index
2015-09-03,DTWEXBGS,110.8566,Nominal broad US dollar index
2015-09-04,DTWEXBGS,111.1018,Nominal broad US dollar index
2015-09-07,DTWEXBGS,,Nominal broad US dollar index
2015-09-08,DTWEXBGS,110.7942,Nominal broad US dollar index
2015-09-09,DTWEXBGS,110.9225,Nominal broad US dollar index
2015-09-10,DTWEXBGS,110.6331,Nominal broad US dollar index
2015-09-11,DTWEXBGS,110.6109,Nominal broad US dollar index
2015-09-14,DTWEXBGS,110.5005,Nominal broad US dollar index
2015-09-15,DTWEXBGS,110.6394,Nominal broad US dollar index
2015-09-16,DTWEXBGS,110.1021,Nominal broad US dollar index
2015-09-17,DTWEXBGS,110.1212,Nominal broad US dollar index
2015-09-18,DTWEXBGS,109.8165,Nominal broad US dollar index
2015-09-21,DTWEXBGS,110.6414,Nominal broad US dollar index
2015-09-22,DTWEXBGS,111.1967,Nominal broad US dollar index
2015-09-23,DTWEXBGS,111.6287,Nominal broad US dollar index
2015-09-24,DTWEXBGS,111.4454,Nominal broad US dollar index
2015-09-25,DTWEXBGS,111.3725,Nominal broad US dollar index
2015-09-28,DTWEXBGS,111.3914,Nominal broad US dollar index
2015-09-29,DTWEXBGS,111.5219,Nominal broad US dollar index
2015-09-30,DTWEXBGS,111.3311,Nominal broad US dollar index
2015-10-01,DTWEXBGS,111.0439,Nominal broad US dollar index
2015-10-02,DTWEXBGS,110.7006,Nominal broad US dollar index
2015-10-05,DTWEXBGS,110.4445,Nominal broad US dollar index
2015-10-06,DTWEXBGS,110.1371,Nominal broad US dollar index
2015-10-07,DTWEXBGS,109.8162,Nominal broad US dollar index
2015-10-08,DTWEXBGS,109.6452,Nominal broad US dollar index
2015-10-09,DTWEXBGS,109.0782,Nominal broad US dollar index
2015-10-12,DTWEXBGS,,Nominal broad US dollar index
2015-10-13,DTWEXBGS,109.4119,Nominal broad US dollar index
2015-10-14,DTWEXBGS,109.1244,Nominal broad US dollar index
2015-10-15,DTWEXBGS,108.6671,Nominal broad US dollar index
2015-10-16,DTWEXBGS,108.9956,Nominal broad US dollar index
2015-10-19,DTWEXBGS,109.3858,Nominal broad US dollar index
2015-10-20,DTWEXBGS,109.3368,Nominal broad US dollar index
2015-10-21,DTWEXBGS,109.7746,Nominal broad US dollar index
2015-10-22,DTWEXBGS,110.0342,Nominal broad US dollar index
2015-10-23,DTWEXBGS,110.4329,Nominal broad US dollar index
2015-10-26,DTWEXBGS,110.2089,Nominal broad US dollar index
2015-10-27,DTWEXBGS,110.4875,Nominal broad US dollar index
2015-10-28,DTWEXBGS,110.2334,Nominal broad US dollar index
2015-10-29,DTWEXBGS,110.8083,Nominal broad US dollar index
2015-10-30,DTWEXBGS,110.2079,Nominal broad US dollar index
2015-11-02,DTWEXBGS,110.2188,Nominal broad US dollar index
2015-11-03,DTWEXBGS,110.244,Nominal broad US dollar index
2015-11-04,DTWEXBGS,110.7139,Nominal broad US dollar index
2015-11-05,DTWEXBGS,110.8302,Nominal broad US dollar index
2015-11-06,DTWEXBGS,111.7603,Nominal broad US dollar index
2015-11-09,DTWEXBGS,111.9112,Nominal broad US dollar index
2015-11-10,DTWEXBGS,111.9919,Nominal broad US dollar index
2015-11-11,DTWEXBGS,,Nominal broad US dollar index
2015-11-12,DTWEXBGS,111.7965,Nominal broad US dollar index
2015-11-13,DTWEXBGS,112.0264,Nominal broad US dollar index
2015-11-16,DTWEXBGS,112.2199,Nominal broad US dollar index
2015-11-17,DTWEXBGS,112.3141,Nominal broad US dollar index
2015-11-18,DTWEXBGS,112.3663,Nominal broad US dollar index
2015-11-19,DTWEXBGS,111.5749,Nominal broad US dollar index
2015-11-20,DTWEXBGS,111.7799,Nominal broad US dollar index
2015-11-23,DTWEXBGS,112.1125,Nominal broad US dollar index
2015-11-24,DTWEXBGS,111.7638,Nominal broad US dollar index
2015-11-25,DTWEXBGS,111.8936,Nominal broad US dollar index
2015-11-26,DTWEXBGS,,Nominal broad US dollar index
2015-11-27,DTWEXBGS,112.2824,Nominal broad US dollar index
2015-11-30,DTWEXBGS,112.34,Nominal broad US dollar index
2015-12-01,DTWEXBGS,112.1134,Nominal broad US dollar index
2015-12-02,DTWEXBGS,112.3715,Nominal broad US dollar index
2015-12-03,DTWEXBGS,111.6407,Nominal broad US dollar index
2015-12-04,DTWEXBGS,111.5463,Nominal broad US dollar index
2015-12-07,DTWEXBGS,112.3056,Nominal broad US dollar index
2015-12-08,DTWEXBGS,112.5485,Nominal broad US dollar index
2015-12-09,DTWEXBGS,112.1918,Nominal broad US dollar index
2015-12-10,DTWEXBGS,112.2672,Nominal broad US dollar index
2015-12-11,DTWEXBGS,112.7147,Nominal broad US dollar index
2015-12-14,DTWEXBGS,112.7521,Nominal broad US dollar index
2015-12-15,DTWEXBGS,112.8609,Nominal broad US dollar index
2015-12-16,DTWEXBGS,112.9864,Nominal broad US dollar index
2015-12-17,DTWEXBGS,113.8177,Nominal broad US dollar index
2015-12-18,DTWEXBGS,113.2837,Nominal broad US dollar index
2015-12-21,DTWEXBGS,113.4144,Nominal broad US dollar index
2015-12-22,DTWEXBGS,113.211,Nominal broad US dollar index
2015-12-23,DTWEXBGS,113.1847,Nominal broad US dollar index
2015-12-24,DTWEXBGS,113.0496,Nominal broad US dollar index
2015-12-25,DTWEXBGS,,Nominal broad US dollar index
2015-12-28,DTWEXBGS,113.0461,Nominal broad US dollar index
2015-12-29,DTWEXBGS,113.1664,Nominal broad US dollar index
2015-12-30,DTWEXBGS,113.4707,Nominal broad US dollar index
2015-12-31,DTWEXBGS,113.3429,Nominal broad US dollar index
2016-01-01,DTWEXBGS,,Nominal broad US dollar index
2016-01-04,DTWEXBGS,114.1595,Nominal broad US dollar index
2016-01-05,DTWEXBGS,114.2649,Nominal broad US dollar index
2016-01-06,DTWEXBGS,114.6177,Nominal broad US dollar index
2016-01-07,DTWEXBGS,114.6516,Nominal broad US dollar index
2016-01-08,DTWEXBGS,115.0095,Nominal broad US dollar index
2016-01-11,DTWEXBGS,115.0139,Nominal broad US dollar index
2016-01-12,DTWEXBGS,115.3128,Nominal broad US dollar index
2016-01-13,DTWEXBGS,115.1425,Nominal broad US dollar index
2016-01-14,DTWEXBGS,115.3846,Nominal broad US dollar index
2016-01-15,DTWEXBGS,115.7404,Nominal broad US dollar index
2016-01-18,DTWEXBGS,,Nominal broad US dollar index
2016-01-19,DTWEXBGS,115.8155,Nominal broad US dollar index
2016-01-20,DTWEXBGS,116.3498,Nominal broad US dollar index
2016-01-21,DTWEXBGS,115.9833,Nominal broad US dollar index
2016-01-22,DTWEXBGS,,Nominal broad US dollar index
2016-01-25,DTWEXBGS,,Nominal broad US dollar index
2016-01-26,DTWEXBGS,,Nominal broad US dollar index
2016-01-27,DTWEXBGS,115.5087,Nominal broad US dollar index
2016-01-28,DTWEXBGS,115.2224,Nominal broad US dollar index
2016-01-29,DTWEXBGS,115.5731,Nominal broad US dollar index
2016-02-01,DTWEXBGS,115.3331,Nominal broad US dollar index
2016-02-02,DTWEXBGS,115.553,Nominal broad US dollar index
2016-02-03,DTWEXBGS,114.6144,Nominal broad US dollar index
2016-02-04,DTWEXBGS,113.6012,Nominal broad US dollar index
2016-02-05,DTWEXBGS,114.2935,Nominal broad US dollar index
2016-02-08,DTWEXBGS,114.4351,Nominal broad US dollar index
2016-02-09,DTWEXBGS,114.127,Nominal broad US dollar index
2016-02-10,DTWEXBGS,114.2877,Nominal broad US dollar index
2016-02-11,DTWEXBGS,114.1845,Nominal broad US dollar index
2016-02-12,DTWEXBGS,114.2992,Nominal broad US dollar index
2016-02-15,DTWEXBGS,,Nominal broad US dollar index
2016-02-16,DTWEXBGS,114.4905,Nominal broad US dollar index
2016-02-17,DTWEXBGS,113.8634,Nominal broad US dollar index
2016-02-18,DTWEXBGS,113.8897,Nominal broad US dollar index
2016-02-19,DTWEXBGS,113.9558,Nominal broad US dollar index
2016-02-22,DTWEXBGS,113.8232,Nominal broad US dollar index
2016-02-23,DTWEXBGS,114.177,Nominal broad US dollar index
2016-02-24,DTWEXBGS,114.1716,Nominal broad US dollar index
2016-02-25,DTWEXBGS,113.9222,Nominal broad US dollar index
2016-02-26,DTWEXBGS,114.3708,Nominal broad US dollar index
2016-02-29,DTWEXBGS,114.2418,Nominal broad US dollar index
2016-03-01,DTWEXBGS,113.9265,Nominal broad US dollar index
2016-03-02,DTWEXBGS,113.7965,Nominal broad US dollar index
2016-03-03,DTWEXBGS,113.2482,Nominal broad US dollar index
2016-03-04,DTWEXBGS,112.6387,Nominal broad US dollar index
2016-03-07,DTWEXBGS,112.6219,Nominal broad US dollar index
2016-03-08,DTWEXBGS,112.8465,Nominal broad US dollar index
2016-03-09,DTWEXBGS,112.4268,Nominal broad US dollar index
2016-03-10,DTWEXBGS,112.4191,Nominal broad US dollar index
2016-03-11,DTWEXBGS,111.741,Nominal broad US dollar index
2016-03-14,DTWEXBGS,112.1688,Nominal broad US dollar index
2016-03-15,DTWEXBGS,112.5545,Nominal broad US dollar index
2016-03-16,DTWEXBGS,112.7759,Nominal broad US dollar index
2016-03-17,DTWEXBGS,110.445,Nominal broad US dollar index
2016-03-18,DTWEXBGS,110.4002,Nominal broad US dollar index
2016-03-21,DTWEXBGS,110.737,Nominal broad US dollar index
2016-03-22,DTWEXBGS,110.7877,Nominal broad US dollar index
2016-03-23,DTWEXBGS,111.5473,Nominal broad US dollar index
2016-03-24,DTWEXBGS,111.816,Nominal broad US dollar index
2016-03-25,DTWEXBGS,111.7698,Nominal broad US dollar index
2016-03-28,DTWEXBGS,111.3578,Nominal broad US dollar index
2016-03-29,DTWEXBGS,111.3736,Nominal broad US dollar index
2016-03-30,DTWEXBGS,110.2301,Nominal broad US dollar index
2016-03-31,DTWEXBGS,109.9191,Nominal broad US dollar index
2016-04-01,DTWEXBGS,110.2977,Nominal broad US dollar index
2016-04-04,DTWEXBGS,110.3987,Nominal broad US dollar index
2016-04-05,DTWEXBGS,110.9478,Nominal broad US dollar index
2016-04-06,DTWEXBGS,110.5347,Nominal broad US dollar index
2016-04-07,DTWEXBGS,110.8876,Nominal broad US dollar index
2016-04-08,DTWEXBGS,110.4213,Nominal broad US dollar index
2016-04-11,DTWEXBGS,109.9758,Nominal broad US dollar index
2016-04-12,DTWEXBGS,109.816,Nominal broad US dollar index
2016-04-13,DTWEXBGS,110.1436,Nominal broad US dollar index
2016-04-14,DTWEXBGS,110.1691,Nominal broad US dollar index
2016-04-15,DTWEXBGS,110.1933,Nominal broad US dollar index
2016-04-18,DTWEXBGS,109.9892,Nominal broad US dollar index
2016-04-19,DTWEXBGS,109.2782,Nominal broad US dollar index
2016-04-20,DTWEXBGS,109.3926,Nominal broad US dollar index
2016-04-21,DTWEXBGS,109.8533,Nominal broad US dollar index
2016-04-22,DTWEXBGS,110.2331,Nominal broad US dollar index
2016-04-25,DTWEXBGS,110.1865,Nominal broad US dollar index
2016-04-26,DTWEXBGS,109.7496,Nominal broad US dollar index
2016-04-27,DTWEXBGS,109.8483,Nominal broad US dollar index
2016-04-28,DTWEXBGS,109.2148,Nominal broad US dollar index
2016-04-29,DTWEXBGS,108.8274,Nominal broad US dollar index
2016-05-02,DTWEXBGS,108.671,Nominal broad US dollar index
2016-05-03,DTWEXBGS,109.3613,Nominal broad US dollar index
2016-05-04,DTWEXBGS,109.9952,Nominal broad US dollar index
2016-05-05,DTWEXBGS,110.2417,Nominal broad US dollar index
2016-05-06,DTWEXBGS,110.3801,Nominal broad US dollar index
2016-05-09,DTWEXBGS,110.9466,Nominal broad US dollar index
2016-05-10,DTWEXBGS,110.8225,Nominal broad US dollar index
2016-05-11,DTWEXBGS,110.2806,Nominal broad US dollar index
2016-05-12,DTWEXBGS,110.6935,Nominal broad US dollar index
2016-05-13,DTWEXBGS,111.2521,Nominal broad US dollar index
2016-05-16,DTWEXBGS,111.1217,Nominal broad US dollar index
2016-05-17,DTWEXBGS,111.0867,Nominal broad US dollar index
2016-05-18,DTWEXBGS,111.4995,Nominal broad US dollar index
2016-05-19,DTWEXBGS,112.2331,Nominal broad US dollar index
2016-05-20,DTWEXBGS,112.1822,Nominal broad US dollar index
2016-05-23,DTWEXBGS,112.284,Nominal broad US dollar index
2016-05-24,DTWEXBGS,112.2912,Nominal broad US dollar index
2016-05-25,DTWEXBGS,112.2001,Nominal broad US dollar index
2016-05-26,DTWEXBGS,111.8979,Nominal broad US dollar index
2016-05-27,DTWEXBGS,112.0822,Nominal broad US dollar index
2016-05-30,DTWEXBGS,,Nominal broad US dollar index
2016-05-31,DTWEXBGS,112.4276,Nominal broad US dollar index
2016-06-01,DTWEXBGS,112.462,Nominal broad US dollar index
2016-06-02,DTWEXBGS,112.4564,Nominal broad US dollar index
2016-06-03,DTWEXBGS,111.4451,Nominal broad US dollar index
2016-06-06,DTWEXBGS,111.2295,Nominal broad US dollar index
2016-06-07,DTWEXBGS,110.8378,Nominal broad US dollar index
2016-06-08,DTWEXBGS,110.1916,Nominal broad US dollar index
2016-06-09,DTWEXBGS,110.6168,Nominal broad US dollar index
2016-06-10,DTWEXBGS,111.1027,Nominal broad US dollar index
2016-06-13,DTWEXBGS,111.5036,Nominal broad US dollar index
2016-06-14,DTWEXBGS,111.9826,Nominal broad US dollar index
2016-06-15,DTWEXBGS,111.7671,Nominal broad US dollar index
2016-06-16,DTWEXBGS,112.2347,Nominal broad US dollar index
2016-06-17,DTWEXBGS,111.5332,Nominal broad US dollar index
2016-06-20,DTWEXBGS,110.8693,Nominal broad US dollar index
2016-06-21,DTWEXBGS,111.0077,Nominal broad US dollar index
2016-06-22,DTWEXBGS,110.7681,Nominal broad US dollar index
2016-06-23,DTWEXBGS,110.262,Nominal broad US dollar index
2016-06-24,DTWEXBGS,112.1355,Nominal broad US dollar index
2016-06-27,DTWEXBGS,113.1301,Nominal broad US dollar index
2016-06-28,DTWEXBGS,112.7545,Nominal broad US dollar index
2016-06-29,DTWEXBGS,111.8597,Nominal broad US dollar index
2016-06-30,DTWEXBGS,112.1618,Nominal broad US dollar index
2016-07-01,DTWEXBGS,111.6509,Nominal broad US dollar index
2016-07-04,DTWEXBGS,,Nominal broad US dollar index
2016-07-05,DTWEXBGS,112.4231,Nominal broad US dollar index
2016-07-06,DTWEXBGS,112.5438,Nominal broad US dollar index
2016-07-07,DTWEXBGS,112.5775,Nominal broad US dollar index
2016-07-08,DTWEXBGS,112.3963,Nominal broad US dollar index
2016-07-11,DTWEXBGS,112.5254,Nominal broad US dollar index
2016-07-12,DTWEXBGS,112.1102,Nominal broad US dollar index
2016-07-13,DTWEXBGS,112.0266,Nominal broad US dollar index
2016-07-14,DTWEXBGS,111.7692,Nominal broad US dollar index
2016-07-15,DTWEXBGS,112.2833,Nominal broad US dollar index
2016-07-18,DTWEXBGS,112.2463,Nominal broad US dollar index
2016-07-19,DTWEXBGS,112.638,Nominal broad US dollar index
2016-07-20,DTWEXBGS,112.6743,Nominal broad US dollar index
2016-07-21,DTWEXBGS,112.6239,Nominal broad US dollar index
2016-07-22,DTWEXBGS,112.989,Nominal broad US dollar index
2016-07-25,DTWEXBGS,113.1784,Nominal broad US dollar index
2016-07-26,DTWEXBGS,113.0593,Nominal broad US dollar index
2016-07-27,DTWEXBGS,113.217,Nominal broad US dollar index
2016-07-28,DTWEXBGS,112.7393,Nominal broad US dollar index
2016-07-29,DTWEXBGS,111.874,Nominal broad US dollar index
2016-08-01,DTWEXBGS,111.9757,Nominal broad US dollar index
2016-08-02,DTWEXBGS,111.7124,Nominal broad US dollar index
2016-08-03,DTWEXBGS,111.9419,Nominal broad US dollar index
2016-08-04,DTWEXBGS,111.9149,Nominal broad US dollar index
2016-08-05,DTWEXBGS,112.3589,Nominal broad US dollar index
2016-08-08,DTWEXBGS,112.1456,Nominal broad US dollar index
2016-08-09,DTWEXBGS,111.722,Nominal broad US dollar index
2016-08-10,DTWEXBGS,111.3238,Nominal broad US dollar index
2016-08-11,DTWEXBGS,111.1954,Nominal broad US dollar index
2016-08-12,DTWEXBGS,111.1787,Nominal broad US dollar index
2016-08-15,DTWEXBGS,110.9212,Nominal broad US dollar index
2016-08-16,DTWEXBGS,110.4295,Nominal broad US dollar index
2016-08-17,DTWEXBGS,110.9459,Nominal broad US dollar index
2016-08-18,DTWEXBGS,110.3134,Nominal broad US dollar index
2016-08-19,DTWEXBGS,110.8163,Nominal broad US dollar index
2016-08-22,DTWEXBGS,110.9997,Nominal broad US dollar index
2016-08-23,DTWEXBGS,110.9414,Nominal broad US dollar index
2016-08-24,DTWEXBGS,111.2958,Nominal broad US dollar index
2016-08-25,DTWEXBGS,111.1726,Nominal broad US dollar index
2016-08-26,DTWEXBGS,111.2035,Nominal broad US dollar index
2016-08-29,DTWEXBGS,111.8775,Nominal broad US dollar index
2016-08-30,DTWEXBGS,112.2928,Nominal broad US dollar index
2016-08-31,DTWEXBGS,112.4036,Nominal broad US dollar index
2016-09-01,DTWEXBGS,112.1733,Nominal broad US dollar index
2016-09-02,DTWEXBGS,112.0009,Nominal broad US dollar index
2016-09-05,DTWEXBGS,,Nominal broad US dollar index
2016-09-06,DTWEXBGS,110.9613,Nominal broad US dollar index
2016-09-07,DTWEXBGS,110.9717,Nominal broad US dollar index
2016-09-08,DTWEXBGS,111.2609,Nominal broad US dollar index
2016-09-09,DTWEXBGS,111.9879,Nominal broad US dollar index
2016-09-12,DTWEXBGS,112.1516,Nominal broad US dollar index
2016-09-13,DTWEXBGS,112.5207,Nominal broad US dollar index
2016-09-14,DTWEXBGS,112.4678,Nominal broad US dollar index
2016-09-15,DTWEXBGS,112.4753,Nominal broad US dollar index
2016-09-16,DTWEXBGS,113.1765,Nominal broad US dollar index
2016-09-19,DTWEXBGS,112.903,Nominal broad US dollar index
2016-09-20,DTWEXBGS,113.1848,Nominal broad US dollar index
2016-09-21,DTWEXBGS,112.9842,Nominal broad US dollar index
2016-09-22,DTWEXBGS,112.2592,Nominal broad US dollar index
2016-09-23,DTWEXBGS,112.7166,Nominal broad US dollar index
2016-09-26,DTWEXBGS,112.7112,Nominal broad US dollar index
2016-09-27,DTWEXBGS,112.5515,Nominal broad US dollar index
2016-09-28,DTWEXBGS,112.6283,Nominal broad US dollar index
2016-09-29,DTWEXBGS,112.2879,Nominal broad US dollar index
2016-09-30,DTWEXBGS,112.2795,Nominal broad US dollar index
2016-10-03,DTWEXBGS,112.5077,Nominal broad US dollar index
2016-10-04,DTWEXBGS,112.6579,Nominal broad US dollar index
2016-10-05,DTWEXBGS,112.7946,Nominal broad US dollar index
2016-10-06,DTWEXBGS,113.0066,Nominal broad US dollar index
2016-10-07,DTWEXBGS,113.2915,Nominal broad US dollar index
2016-10-10,DTWEXBGS,,Nominal broad US dollar index
2016-10-11,DTWEXBGS,113.4461,Nominal broad US dollar index
2016-10-12,DTWEXBGS,113.7442,Nominal broad US dollar index
2016-10-13,DTWEXBGS,113.6238,Nominal broad US dollar index
2016-10-14,DTWEXBGS,113.7119,Nominal broad US dollar index
2016-10-17,DTWEXBGS,113.5488,Nominal broad US dollar index
2016-10-18,DTWEXBGS,113.1393,Nominal broad US dollar index
2016-10-19,DTWEXBGS,113.0547,Nominal broad US dollar index
2016-10-20,DTWEXBGS,113.4033,Nominal broad US dollar index
2016-10-21,DTWEXBGS,113.9015,Nominal broad US dollar index
2016-10-24,DTWEXBGS,113.8571,Nominal broad US dollar index
2016-10-25,DTWEXBGS,113.6801,Nominal broad US dollar index
2016-10-26,DTWEXBGS,113.8131,Nominal broad US dollar index
2016-10-27,DTWEXBGS,114.1998,Nominal broad US dollar index
2016-10-28,DTWEXBGS,114.0931,Nominal broad US dollar index
2016-10-31,DTWEXBGS,114.0188,Nominal broad US dollar index
2016-11-01,DTWEXBGS,113.9915,Nominal broad US dollar index
2016-11-02,DTWEXBGS,113.9206,Nominal broad US dollar index
2016-11-03,DTWEXBGS,113.7664,Nominal broad US dollar index
2016-11-04,DTWEXBGS,113.5828,Nominal broad US dollar index
2016-11-07,DTWEXBGS,113.5443,Nominal broad US dollar index
2016-11-08,DTWEXBGS,113.3017,Nominal broad US dollar index
2016-11-09,DTWEXBGS,114.6956,Nominal broad US dollar index
2016-11-10,DTWEXBGS,115.9375,Nominal broad US dollar index
2016-11-11,DTWEXBGS,,Nominal broad US dollar index
2016-11-14,DTWEXBGS,117.2245,Nominal broad US dollar index
2016-11-15,DTWEXBGS,116.7724,Nominal broad US dollar index
2016-11-16,DTWEXBGS,116.8062,Nominal broad US dollar index
2016-11-17,DTWEXBGS,116.8952,Nominal broad US dollar index
2016-11-18,DTWEXBGS,117.5936,Nominal broad US dollar index
2016-11-21,DTWEXBGS,117.4762,Nominal broad US dollar index
2016-11-22,DTWEXBGS,117.4508,Nominal broad US dollar index
2016-11-23,DTWEXBGS,118.0356,Nominal broad US dollar index
2016-11-24,DTWEXBGS,,Nominal broad US dollar index
2016-11-25,DTWEXBGS,118.02,Nominal broad US dollar index
2016-11-28,DTWEXBGS,117.7278,Nominal broad US dollar index
2016-11-29,DTWEXBGS,117.644,Nominal broad US dollar index
2016-11-30,DTWEXBGS,117.7636,Nominal broad US dollar index
2016-12-01,DTWEXBGS,117.6642,Nominal broad US dollar index
2016-12-02,DTWEXBGS,117.3116,Nominal broad US dollar index
2016-12-05,DTWEXBGS,117.1008,Nominal broad US dollar index
2016-12-06,DTWEXBGS,116.9225,Nominal broad US dollar index
2016-12-07,DTWEXBGS,116.672,Nominal broad US dollar index
2016-12-08,DTWEXBGS,117.0327,Nominal broad US dollar index
2016-12-09,DTWEXBGS,117.2834,Nominal broad US dollar index
2016-12-12,DTWEXBGS,116.9161,Nominal broad US dollar index
2016-12-13,DTWEXBGS,116.8029,Nominal broad US dollar index
2016-12-14,DTWEXBGS,116.7332,Nominal broad US dollar index
2016-12-15,DTWEXBGS,118.8072,Nominal broad US dollar index
2016-12-16,DTWEXBGS,118.3584,Nominal broad US dollar index
2016-12-19,DTWEXBGS,118.3875,Nominal broad US dollar index
2016-12-20,DTWEXBGS,118.63,Nominal broad US dollar index
2016-12-21,DTWEXBGS,118.581,Nominal broad US dollar index
2016-12-22,DTWEXBGS,118.8209,Nominal broad US dollar index
2016-12-23,DTWEXBGS,118.7856,Nominal broad US dollar index
2016-12-26,DTWEXBGS,,Nominal broad US dollar index
2016-12-27,DTWEXBGS,118.9506,Nominal broad US dollar index
2016-12-28,DTWEXBGS,119.2305,Nominal broad US dollar index
2016-12-29,DTWEXBGS,118.6637,Nominal broad US dollar index
2016-12-30,DTWEXBGS,118.3466,Nominal broad US dollar index
2017-01-02,DTWEXBGS,,Nominal broad US dollar index
2017-01-03,DTWEXBGS,119.0903,Nominal broad US dollar index
2017-01-04,DTWEXBGS,118.8803,Nominal broad US dollar index
2017-01-05,DTWEXBGS,117.9999,Nominal broad US dollar index
2017-01-06,DTWEXBGS,118.3495,Nominal broad US dollar index
2017-01-09,DTWEXBGS,118.4111,Nominal broad US dollar index
2017-01-10,DTWEXBGS,118.5386,Nominal broad US dollar index
2017-01-11,DTWEXBGS,119.0219,Nominal broad US dollar index
2017-01-12,DTWEXBGS,117.8001,Nominal broad US dollar index
2017-01-13,DTWEXBGS,117.9884,Nominal broad US dollar index
2017-01-16,DTWEXBGS,,Nominal broad US dollar index
2017-01-17,DTWEXBGS,117.2656,Nominal broad US dollar index
2017-01-18,DTWEXBGS,117.7242,Nominal broad US dollar index
2017-01-19,DTWEXBGS,118.3182,Nominal broad US dollar index
2017-01-20,DTWEXBGS,,Nominal broad US dollar index
2017-01-23,DTWEXBGS,117.2479,Nominal broad US dollar index
2017-01-24,DTWEXBGS,117.0516,Nominal broad US dollar index
2017-01-25,DTWEXBGS,116.9355,Nominal broad US dollar index
2017-01-26,DTWEXBGS,117.2766,Nominal broad US dollar index
2017-01-27,DTWEXBGS,117.0735,Nominal broad US dollar index
2017-01-30,DTWEXBGS,116.7325,Nominal broad US dollar index
2017-01-31,DTWEXBGS,116.2241,Nominal broad US dollar index
2017-02-01,DTWEXBGS,116.3914,Nominal broad US dollar index
2017-02-02,DTWEXBGS,115.903,Nominal broad US dollar index
2017-02-03,DTWEXBGS,115.6259,Nominal broad US dollar index
2017-02-06,DTWEXBGS,116.0504,Nominal broad US dollar index
2017-02-07,DTWEXBGS,116.4082,Nominal broad US dollar index
2017-02-08,DTWEXBGS,116.1382,Nominal broad US dollar index
2017-02-09,DTWEXBGS,116.306,Nominal broad US dollar index
2017-02-10,DTWEXBGS,116.148,Nominal broad US dollar index
2017-02-13,DTWEXBGS,116.3427,Nominal broad US dollar index
2017-02-14,DTWEXBGS,116.3949,Nominal broad US dollar index
2017-02-15,DTWEXBGS,116.2162,Nominal broad US dollar index
2017-02-16,DTWEXBGS,116.0067,Nominal broad US dollar index
2017-02-17,DTWEXBGS,116.4035,Nominal broad US dollar index
2017-02-20,DTWEXBGS,,Nominal broad US dollar index
2017-02-21,DTWEXBGS,116.5921,Nominal broad US dollar index
2017-02-22,DTWEXBGS,116.2136,Nominal broad US dollar index
2017-02-23,DTWEXBGS,115.6527,Nominal broad US dollar index
2017-02-24,DTWEXBGS,115.8143,Nominal broad US dollar index
2017-02-27,DTWEXBGS,115.6764,Nominal broad US dollar index
2017-02-28,DTWEXBGS,116.0032,Nominal broad US dollar index
2017-03-01,DTWEXBGS,116.438,Nominal broad US dollar index
2017-03-02,DTWEXBGS,116.8429,Nominal broad US dollar index
2017-03-03,DTWEXBGS,116.6438,Nominal broad US dollar index
2017-03-06,DTWEXBGS,116.4313,Nominal broad US dollar index
2017-03-07,DTWEXBGS,116.4303,Nominal broad US dollar index
2017-03-08,DTWEXBGS,116.875,Nominal broad US dollar index
2017-03-09,DTWEXBGS,116.9959,Nominal broad US dollar index
2017-03-10,DTWEXBGS,116.616,Nominal broad US dollar index
2017-03-13,DTWEXBGS,116.4004,Nominal broad US dollar index
2017-03-14,DTWEXBGS,116.5646,Nominal broad US dollar index
2017-03-15,DTWEXBGS,116.3584,Nominal broad US dollar index
2017-03-16,DTWEXBGS,115.4456,Nominal broad US dollar index
2017-03-17,DTWEXBGS,115.2783,Nominal broad US dollar index
2017-03-20,DTWEXBGS,115.0426,Nominal broad US dollar index
2017-03-21,DTWEXBGS,114.8119,Nominal broad US dollar index
2017-03-22,DTWEXBGS,114.7937,Nominal broad US dollar index
2017-03-23,DTWEXBGS,114.7899,Nominal broad US dollar index
2017-03-24,DTWEXBGS,114.6372,Nominal broad US dollar index
2017-03-27,DTWEXBGS,114.2347,Nominal broad US dollar index
2017-03-28,DTWEXBGS,114.419,Nominal broad US dollar index
2017-03-29,DTWEXBGS,114.7167,Nominal broad US dollar index
2017-03-30,DTWEXBGS,114.5245,Nominal broad US dollar index
2017-03-31,DTWEXBGS,114.7938,Nominal broad US dollar index
2017-04-03,DTWEXBGS,114.8734,Nominal broad US dollar index
2017-04-04,DTWEXBGS,115.0038,Nominal broad US dollar index
2017-04-05,DTWEXBGS,114.9494,Nominal broad US dollar index
2017-04-06,DTWEXBGS,115.0181,Nominal broad US dollar index
2017-04-07,DTWEXBGS,115.0547,Nominal broad US dollar index
2017-04-10,DTWEXBGS,115.11,Nominal broad US dollar index
2017-04-11,DTWEXBGS,115.009,Nominal broad US dollar index
2017-04-12,DTWEXBGS,114.9162,Nominal broad US dollar index
2017-04-13,DTWEXBGS,114.5059,Nominal broad US dollar index
2017-04-14,DTWEXBGS,114.5368,Nominal broad US dollar index
2017-04-17,DTWEXBGS,114.3283,Nominal broad US dollar index
2017-04-18,DTWEXBGS,114.2575,Nominal broad US dollar index
2017-04-19,DTWEXBGS,114.7923,Nominal broad US dollar index
2017-04-20,DTWEXBGS,114.6205,Nominal broad US dollar index
2017-04-21,DTWEXBGS,114.8128,Nominal broad US dollar index
2017-04-24,DTWEXBGS,114.3659,Nominal broad US dollar index
2017-04-25,DTWEXBGS,114.5111,Nominal broad US dollar index
2017-04-26,DTWEXBGS,114.9479,Nominal broad US dollar index
2017-04-27,DTWEXBGS,114.9946,Nominal broad US dollar index
2017-04-28,DTWEXBGS,114.7877,Nominal broad US dollar index
2017-05-01,DTWEXBGS,114.5921,Nominal broad US dollar index
2017-05-02,DTWEXBGS,114.6792,Nominal broad US dollar index
2017-05-03,DTWEXBGS,114.6637,Nominal broad US dollar index
2017-05-04,DTWEXBGS,114.9076,Nominal broad US dollar index
2017-05-05,DTWEXBGS,114.7725,Nominal broad US dollar index
2017-05-08,DTWEXBGS,115.0895,Nominal broad US dollar index
2017-05-09,DTWEXBGS,115.3933,Nominal broad US dollar index
2017-05-10,DTWEXBGS,115.1145,Nominal broad US dollar index
2017-05-11,DTWEXBGS,115.0669,Nominal broad US dollar index
2017-05-12,DTWEXBGS,114.7479,Nominal broad US dollar index
2017-05-15,DTWEXBGS,114.3504,Nominal broad US dollar index
2017-05-16,DTWEXBGS,113.9923,Nominal broad US dollar index
2017-05-17,DTWEXBGS,113.7506,Nominal broad US dollar index
2017-05-18,DTWEXBGS,114.2683,Nominal broad US dollar index
2017-05-19,DTWEXBGS,113.7001,Nominal broad US dollar index
2017-05-22,DTWEXBGS,113.5442,Nominal broad US dollar index
2017-05-23,DTWEXBGS,113.6862,Nominal broad US dollar index
2017-05-24,DTWEXBGS,113.675,Nominal broad US dollar index
2017-05-25,DTWEXBGS,113.3719,Nominal broad US dollar index
2017-05-26,DTWEXBGS,113.4839,Nominal broad US dollar index
2017-05-29,DTWEXBGS,,Nominal broad US dollar index
2017-05-30,DTWEXBGS,113.5552,Nominal broad US dollar index
2017-05-31,DTWEXBGS,113.2956,Nominal broad US dollar index
2017-06-01,DTWEXBGS,113.3017,Nominal broad US dollar index
2017-06-02,DTWEXBGS,113.1908,Nominal broad US dollar index
2017-06-05,DTWEXBGS,112.9755,Nominal broad US dollar index
2017-06-06,DTWEXBGS,112.7095,Nominal broad US dollar index
2017-06-07,DTWEXBGS,112.8191,Nominal broad US dollar index
2017-06-08,DTWEXBGS,112.8351,Nominal broad US dollar index
2017-06-09,DTWEXBGS,112.9562,Nominal broad US dollar index
2017-06-12,DTWEXBGS,112.9837,Nominal broad US dollar index
2017-06-13,DTWEXBGS,112.6271,Nominal broad US dollar index
2017-06-14,DTWEXBGS,112.0734,Nominal broad US dollar index
2017-06-15,DTWEXBGS,112.8708,Nominal broad US dollar index
2017-06-16,DTWEXBGS,112.6155,Nominal broad US dollar index
2017-06-19,DTWEXBGS,112.7576,Nominal broad US dollar index
2017-06-20,DTWEXBGS,113.2698,Nominal broad US dollar index
2017-06-21,DTWEXBGS,113.3327,Nominal broad US dollar index
2017-06-22,DTWEXBGS,113.1654,Nominal broad US dollar index
2017-06-23,DTWEXBGS,112.8665,Nominal broad US dollar index
2017-06-26,DTWEXBGS,112.7633,Nominal broad US dollar index
2017-06-27,DTWEXBGS,112.55,Nominal broad US dollar index
2017-06-28,DTWEXBGS,112.0747,Nominal broad US dollar index
2017-06-29,DTWEXBGS,111.998,Nominal broad US dollar index
2017-06-30,DTWEXBGS,111.9896,Nominal broad US dollar index
2017-07-03,DTWEXBGS,112.4268,Nominal broad US dollar index
2017-07-04,DTWEXBGS,,Nominal broad US dollar index
2017-07-05,DTWEXBGS,112.6534,Nominal broad US dollar index
2017-07-06,DTWEXBGS,112.4199,Nominal broad US dollar index
2017-07-07,DTWEXBGS,112.3137,Nominal broad US dollar index
2017-07-10,DTWEXBGS,112.1587,Nominal broad US dollar index
2017-07-11,DTWEXBGS,112.1434,Nominal broad US dollar index
2017-07-12,DTWEXBGS,111.5904,Nominal broad US dollar index
2017-07-13,DTWEXBGS,111.5365,Nominal broad US dollar index
2017-07-14,DTWEXBGS,110.9075,Nominal broad US dollar index
2017-07-17,DTWEXBGS,110.9304,Nominal broad US dollar index
2017-07-18,DTWEXBGS,110.4356,Nominal broad US dollar index
2017-07-19,DTWEXBGS,110.4339,Nominal broad US dollar index
2017-07-20,DTWEXBGS,110.2512,Nominal broad US dollar index
2017-07-21,DTWEXBGS,110.191,Nominal broad US dollar index
2017-07-24,DTWEXBGS,110.2004,Nominal broad US dollar index
2017-07-25,DTWEXBGS,110.2835,Nominal broad US dollar index
2017-07-26,DTWEXBGS,110.3811,Nominal broad US dollar index
2017-07-27,DTWEXBGS,110.216,Nominal broad US dollar index
2017-07-28,DTWEXBGS,109.92,Nominal broad US dollar index
2017-07-31,DTWEXBGS,109.8177,Nominal broad US dollar index
2017-08-01,DTWEXBGS,109.8495,Nominal broad US dollar index
2017-08-02,DTWEXBGS,109.7503,Nominal broad US dollar index
2017-08-03,DTWEXBGS,109.8332,Nominal broad US dollar index
2017-08-04,DTWEXBGS,110.2808,Nominal broad US dollar index
2017-08-07,DTWEXBGS,110.373,Nominal broad US dollar index
2017-08-08,DTWEXBGS,110.396,Nominal broad US dollar index
2017-08-09,DTWEXBGS,110.3671,Nominal broad US dollar index
2017-08-10,DTWEXBGS,110.1886,Nominal broad US dollar index
2017-08-11,DTWEXBGS,110.0422,Nominal broad US dollar index
2017-08-14,DTWEXBGS,110.095,Nominal broad US dollar index
2017-08-15,DTWEXBGS,110.4846,Nominal broad US dollar index
2017-08-16,DTWEXBGS,110.4394,Nominal broad US dollar index
2017-08-17,DTWEXBGS,110.1673,Nominal broad US dollar index
2017-08-18,DTWEXBGS,110.041,Nominal broad US dollar index
2017-08-21,DTWEXBGS,109.7349,Nominal broad US dollar index
2017-08-22,DTWEXBGS,109.8386,Nominal broad US dollar index
2017-08-23,DTWEXBGS,109.8095,Nominal broad US dollar index
2017-08-24,DTWEXBGS,109.7524,Nominal broad US dollar index
2017-08-25,DTWEXBGS,109.3415,Nominal broad US dollar index
2017-08-28,DTWEXBGS,109.1815,Nominal broad US dollar index
2017-08-29,DTWEXBGS,109.0946,Nominal broad US dollar index
2017-08-30,DTWEXBGS,109.4052,Nominal broad US dollar index
2017-08-31,DTWEXBGS,109.3686,Nominal broad US dollar index
2017-09-01,DTWEXBGS,109.0504,Nominal broad US dollar index
2017-09-04,DTWEXBGS,,Nominal broad US dollar index
2017-09-05,DTWEXBGS,108.8664,Nominal broad US dollar index
2017-09-06,DTWEXBGS,108.4897,Nominal broad US dollar index
2017-09-07,DTWEXBGS,107.9224,Nominal broad US dollar index
2017-09-08,DTWEXBGS,107.808,Nominal broad US dollar index
2017-09-11,DTWEXBGS,108.153,Nominal broad US dollar index
2017-09-12,DTWEXBGS,108.3239,Nominal broad US dollar index
2017-09-13,DTWEXBGS,108.6628,Nominal broad US dollar index
2017-09-14,DTWEXBGS,108.618,Nominal broad US dollar index
2017-09-15,DTWEXBGS,108.3147,Nominal broad US dollar index
2017-09-18,DTWEXBGS,108.6401,Nominal broad US dollar index
2017-09-19,DTWEXBGS,108.6142,Nominal broad US dollar index
2017-09-20,DTWEXBGS,108.4329,Nominal broad US dollar index
2017-09-21,DTWEXBGS,108.9267,Nominal broad US dollar index
2017-09-22,DTWEXBGS,108.7542,Nominal broad US dollar index
2017-09-25,DTWEXBGS,109.3302,Nominal broad US dollar index
2017-09-26,DTWEXBGS,109.7769,Nominal broad US dollar index
2017-09-27,DTWEXBGS,110.0722,Nominal broad US dollar index
2017-09-28,DTWEXBGS,110.2415,Nominal broad US dollar index
2017-09-29,DTWEXBGS,110.0867,Nominal broad US dollar index
2017-10-02,DTWEXBGS,110.3686,Nominal broad US dollar index
2017-10-03,DTWEXBGS,110.3281,Nominal broad US dollar index
2017-10-04,DTWEXBGS,110.2425,Nominal broad US dollar index
2017-10-05,DTWEXBGS,110.5823,Nominal broad US dollar index
2017-10-06,DTWEXBGS,110.7841,Nominal broad US dollar index
2017-10-09,DTWEXBGS,,Nominal broad US dollar index
2017-10-10,DTWEXBGS,110.3034,Nominal broad US dollar index
2017-10-11,DTWEXBGS,110.3037,Nominal broad US dollar index
2017-10-12,DTWEXBGS,110.3152,Nominal broad US dollar index
2017-10-13,DTWEXBGS,110.2669,Nominal broad US dollar index
2017-10-16,DTWEXBGS,110.5432,Nominal broad US dollar index
2017-10-17,DTWEXBGS,110.9141,Nominal broad US dollar index
2017-10-18,DTWEXBGS,110.7214,Nominal broad US dollar index
2017-10-19,DTWEXBGS,110.4577,Nominal broad US dollar index
2017-10-20,DTWEXBGS,111.0375,Nominal broad US dollar index
2017-10-23,DTWEXBGS,111.2134,Nominal broad US dollar index
2017-10-24,DTWEXBGS,111.4027,Nominal broad US dollar index
2017-10-25,DTWEXBGS,111.3904,Nominal broad US dollar index
2017-10-26,DTWEXBGS,111.6418,Nominal broad US dollar index
2017-10-27,DTWEXBGS,112.1495,Nominal broad US dollar index
2017-10-30,DTWEXBGS,111.901,Nominal broad US dollar index
2017-10-31,DTWEXBGS,111.8052,Nominal broad US dollar index
2017-11-01,DTWEXBGS,111.7942,Nominal broad US dollar index
2017-11-02,DTWEXBGS,111.5474,Nominal broad US dollar index
2017-11-03,DTWEXBGS,111.9383,Nominal broad US dollar index
2017-11-06,DTWEXBGS,111.7197,Nominal broad US dollar index
2017-11-07,DTWEXBGS,111.9446,Nominal broad US dollar index
2017-11-08,DTWEXBGS,111.6935,Nominal broad US dollar index
2017-11-09,DTWEXBGS,111.5626,Nominal broad US dollar index
2017-11-10,DTWEXBGS,,Nominal broad US dollar index
2017-11-13,DTWEXBGS,111.7833,Nominal broad US dollar index
2017-11-14,DTWEXBGS,111.5097,Nominal broad US dollar index
2017-11-15,DTWEXBGS,111.4809,Nominal broad US dollar index
2017-11-16,DTWEXBGS,111.2568,Nominal broad US dollar index
2017-11-17,DTWEXBGS,111.0016,Nominal broad US dollar index
2017-11-20,DTWEXBGS,111.2599,Nominal broad US dollar index
2017-11-21,DTWEXBGS,110.9828,Nominal broad US dollar index
2017-11-22,DTWEXBGS,110.5632,Nominal broad US dollar index
2017-11-23,DTWEXBGS,,Nominal broad US dollar index
2017-11-24,DTWEXBGS,110.0253,Nominal broad US dollar index
2017-11-27,DTWEXBGS,110.1136,Nominal broad US dollar index
2017-11-28,DTWEXBGS,110.3018,Nominal broad US dollar index
2017-11-29,DTWEXBGS,110.3265,Nominal broad US dollar index
2017-11-30,DTWEXBGS,110.4648,Nominal broad US dollar index
2017-12-01,DTWEXBGS,110.1413,Nominal broad US dollar index
2017-12-04,DTWEXBGS,110.397,Nominal broad US dollar index
2017-12-05,DTWEXBGS,110.4905,Nominal broad US dollar index
2017-12-06,DTWEXBGS,110.8711,Nominal broad US dollar index
2017-12-07,DTWEXBGS,111.0178,Nominal broad US dollar index
2017-12-08,DTWEXBGS,111.2273,Nominal broad US dollar index
2017-12-11,DTWEXBGS,111.0827,Nominal broad US dollar index
2017-12-12,DTWEXBGS,111.5214,Nominal broad US dollar index
2017-12-13,DTWEXBGS,111.2759,Nominal broad US dollar index
2017-12-14,DTWEXBGS,111.0893,Nominal broad US dollar index
2017-12-15,DTWEXBGS,111.1286,Nominal broad US dollar index
2017-12-18,DTWEXBGS,110.9086,Nominal broad US dollar index
2017-12-19,DTWEXBGS,111.1255,Nominal broad US dollar index
2017-12-20,DTWEXBGS,110.8361,Nominal broad US dollar index
2017-12-21,DTWEXBGS,110.8786,Nominal broad US dollar index
2017-12-22,DTWEXBGS,111.0997,Nominal broad US dollar index
2017-12-25,DTWEXBGS,,Nominal broad US dollar index
2017-12-26,DTWEXBGS,110.9758,Nominal broad US dollar index
2017-12-27,DTWEXBGS,110.8553,Nominal broad US dollar index
2017-12-28,DTWEXBGS,110.5154,Nominal broad US dollar index
2017-12-29,DTWEXBGS,110.0783,Nominal broad US dollar index
2018-01-01,DTWEXBGS,,Nominal broad US dollar index
2018-01-02,DTWEXBGS,109.6445,Nominal broad US dollar index
2018-01-03,DTWEXBGS,109.6751,Nominal broad US dollar index
2018-01-04,DTWEXBGS,109.4777,Nominal broad US dollar index
2018-01-05,DTWEXBGS,109.3496,Nominal broad US dollar index
2018-01-08,DTWEXBGS,109.5681,Nominal broad US dollar index
2018-01-09,DTWEXBGS,109.9025,Nominal broad US dollar index
2018-01-10,DTWEXBGS,109.628,Nominal broad US dollar index
2018-01-11,DTWEXBGS,109.4888,Nominal broad US dollar index
2018-01-12,DTWEXBGS,108.901,Nominal broad US dollar index
2018-01-15,DTWEXBGS,,Nominal broad US dollar index
2018-01-16,DTWEXBGS,108.3218,Nominal broad US dollar index
2018-01-17,DTWEXBGS,108.1526,Nominal broad US dollar index
2018-01-18,DTWEXBGS,108.0655,Nominal broad US dollar index
2018-01-19,DTWEXBGS,107.9455,Nominal broad US dollar index
2018-01-22,DTWEXBGS,108.107,Nominal broad US dollar index
2018-01-23,DTWEXBGS,107.9979,Nominal broad US dollar index
2018-01-24,DTWEXBGS,107.0802,Nominal broad US dollar index
2018-01-25,DTWEXBGS,106.5052,Nominal broad US dollar index
2018-01-26,DTWEXBGS,106.6911,Nominal broad US dollar index
2018-01-29,DTWEXBGS,107.1142,Nominal broad US dollar index
2018-01-30,DTWEXBGS,107.1064,Nominal broad US dollar index
2018-01-31,DTWEXBGS,106.7696,Nominal broad US dollar index
2018-02-01,DTWEXBGS,106.4877,Nominal broad US dollar index
2018-02-02,DTWEXBGS,107.1151,Nominal broad US dollar index
2018-02-05,DTWEXBGS,107.33,Nominal broad US dollar index
2018-02-06,DTWEXBGS,107.5204,Nominal broad US dollar index
2018-02-07,DTWEXBGS,107.7175,Nominal broad US dollar index
2018-02-08,DTWEXBGS,108.3025,Nominal broad US dollar index
2018-02-09,DTWEXBGS,108.2582,Nominal broad US dollar index
2018-02-12,DTWEXBGS,108.0332,Nominal broad US dollar index
2018-02-13,DTWEXBGS,107.7574,Nominal broad US dollar index
2018-02-14,DTWEXBGS,107.4691,Nominal broad US dollar index
2018-02-15,DTWEXBGS,106.9867,Nominal broad US dollar index
2018-02-16,DTWEXBGS,107.0359,Nominal broad US dollar index
2018-02-19,DTWEXBGS,,Nominal broad US dollar index
2018-02-20,DTWEXBGS,107.6249,Nominal broad US dollar index
2018-02-21,DTWEXBGS,107.8679,Nominal broad US dollar index
2018-02-22,DTWEXBGS,107.8668,Nominal broad US dollar index
2018-02-23,DTWEXBGS,107.6804,Nominal broad US dollar index
2018-02-26,DTWEXBGS,107.7347,Nominal broad US dollar index
2018-02-27,DTWEXBGS,108.1731,Nominal broad US dollar index
2018-02-28,DTWEXBGS,108.3903,Nominal broad US dollar index
2018-03-01,DTWEXBGS,108.5358,Nominal broad US dollar index
2018-03-02,DTWEXBGS,,Nominal broad US dollar index
2018-03-05,DTWEXBGS,108.3614,Nominal broad US dollar index
2018-03-06,DTWEXBGS,107.7969,Nominal broad US dollar index
2018-03-07,DTWEXBGS,108.0911,Nominal broad US dollar index
2018-03-08,DTWEXBGS,108.2671,Nominal broad US dollar index
2018-03-09,DTWEXBGS,107.923,Nominal broad US dollar index
2018-03-12,DTWEXBGS,107.9438,Nominal broad US dollar index
2018-03-13,DTWEXBGS,107.7384,Nominal broad US dollar index
2018-03-14,DTWEXBGS,107.8623,Nominal broad US dollar index
2018-03-15,DTWEXBGS,108.2032,Nominal broad US dollar index
2018-03-16,DTWEXBGS,108.4332,Nominal broad US dollar index
2018-03-19,DTWEXBGS,108.3145,Nominal broad US dollar index
2018-03-20,DTWEXBGS,108.4953,Nominal broad US dollar index
2018-03-21,DTWEXBGS,,Nominal broad US dollar index
2018-03-22,DTWEXBGS,107.9935,Nominal broad US dollar index
2018-03-23,DTWEXBGS,107.7495,Nominal broad US dollar index
2018-03-26,DTWEXBGS,107.1819,Nominal broad US dollar index
2018-03-27,DTWEXBGS,107.3359,Nominal broad US dollar index
2018-03-28,DTWEXBGS,107.5733,Nominal broad US dollar index
2018-03-29,DTWEXBGS,107.665,Nominal broad US dollar index
2018-03-30,DTWEXBGS,107.4784,Nominal broad US dollar index
2018-04-02,DTWEXBGS,107.7033,Nominal broad US dollar index
2018-04-03,DTWEXBGS,107.5624,Nominal broad US dollar index
2018-04-04,DTWEXBGS,107.6361,Nominal broad US dollar index
2018-04-05,DTWEXBGS,107.7281,Nominal broad US dollar index
2018-04-06,DTWEXBGS,107.7886,Nominal broad US dollar index
2018-04-09,DTWEXBGS,107.5316,Nominal broad US dollar index
2018-04-10,DTWEXBGS,107.3659,Nominal broad US dollar index
2018-04-11,DTWEXBGS,107.1224,Nominal broad US dollar index
2018-04-12,DTWEXBGS,107.2905,Nominal broad US dollar index
2018-04-13,DTWEXBGS,107.2368,Nominal broad US dollar index
2018-04-16,DTWEXBGS,107.0595,Nominal broad US dollar index
2018-04-17,DTWEXBGS,107.0344,Nominal broad US dollar index
2018-04-18,DTWEXBGS,107.1096,Nominal broad US dollar index
2018-04-19,DTWEXBGS,107.5197,Nominal broad US dollar index
2018-04-20,DTWEXBGS,108.1787,Nominal broad US dollar index
2018-04-23,DTWEXBGS,108.9332,Nominal broad US dollar index
2018-04-24,DTWEXBGS,108.7906,Nominal broad US dollar index
2018-04-25,DTWEXBGS,109.3447,Nominal broad US dollar index
2018-04-26,DTWEXBGS,109.3646,Nominal broad US dollar index
2018-04-27,DTWEXBGS,109.1735,Nominal broad US dollar index
2018-04-30,DTWEXBGS,109.3363,Nominal broad US dollar index
2018-05-01,DTWEXBGS,109.7445,Nominal broad US dollar index
2018-05-02,DTWEXBGS,110.1625,Nominal broad US dollar index
2018-05-03,DTWEXBGS,110.1803,Nominal broad US dollar index
2018-05-04,DTWEXBGS,110.25,Nominal broad US dollar index
2018-05-07,DTWEXBGS,110.5721,Nominal broad US dollar index
2018-05-08,DTWEXBGS,111.063,Nominal broad US dollar index
2018-05-09,DTWEXBGS,110.8818,Nominal broad US dollar index
2018-05-10,DTWEXBGS,110.405,Nominal broad US dollar index
2018-05-11,DTWEXBGS,110.2847,Nominal broad US dollar index
2018-05-14,DTWEXBGS,110.408,Nominal broad US dollar index
2018-05-15,DTWEXBGS,111.2292,Nominal broad US dollar index
2018-05-16,DTWEXBGS,111.3068,Nominal broad US dollar index
2018-05-17,DTWEXBGS,111.3547,Nominal broad US dollar index
2018-05-18,DTWEXBGS,111.7171,Nominal broad US dollar index
2018-05-21,DTWEXBGS,111.6394,Nominal broad US dollar index
2018-05-22,DTWEXBGS,111.1945,Nominal broad US dollar index
2018-05-23,DTWEXBGS,111.6933,Nominal broad US dollar index
2018-05-24,DTWEXBGS,111.4885,Nominal broad US dollar index
2018-05-25,DTWEXBGS,111.5843,Nominal broad US dollar index
2018-05-28,DTWEXBGS,,Nominal broad US dollar index
2018-05-29,DTWEXBGS,112.2127,Nominal broad US dollar index
2018-05-30,DTWEXBGS,111.6731,Nominal broad US dollar index
2018-05-31,DTWEXBGS,111.9894,Nominal broad US dollar index
2018-06-01,DTWEXBGS,111.8265,Nominal broad US dollar index
2018-06-04,DTWEXBGS,111.8247,Nominal broad US dollar index
2018-06-05,DTWEXBGS,112.264,Nominal broad US dollar index
2018-06-06,DTWEXBGS,111.7525,Nominal broad US dollar index
2018-06-07,DTWEXBGS,112.0725,Nominal broad US dollar index
2018-06-08,DTWEXBGS,112.1066,Nominal broad US dollar index
2018-06-11,DTWEXBGS,112.1106,Nominal broad US dollar index
2018-06-12,DTWEXBGS,112.2138,Nominal broad US dollar index
2018-06-13,DTWEXBGS,112.2577,Nominal broad US dollar index
2018-06-14,DTWEXBGS,112.8593,Nominal broad US dollar index
2018-06-15,DTWEXBGS,113.3379,Nominal broad US dollar index
2018-06-18,DTWEXBGS,113.4899,Nominal broad US dollar index
2018-06-19,DTWEXBGS,113.639,Nominal broad US dollar index
2018-06-20,DTWEXBGS,113.4784,Nominal broad US dollar index
2018-06-21,DTWEXBGS,113.6109,Nominal broad US dollar index
2018-06-22,DTWEXBGS,113.3047,Nominal broad US dollar index
2018-06-25,DTWEXBGS,113.286,Nominal broad US dollar index
2018-06-26,DTWEXBGS,113.3016,Nominal broad US dollar index
2018-06-27,DTWEXBGS,113.8971,Nominal broad US dollar index
2018-06-28,DTWEXBGS,113.8405,Nominal broad US dollar index
2018-06-29,DTWEXBGS,113.2586,Nominal broad US dollar index
2018-07-02,DTWEXBGS,114.1673,Nominal broad US dollar index
2018-07-03,DTWEXBGS,113.3222,Nominal broad US dollar index
2018-07-04,DTWEXBGS,,Nominal broad US dollar index
2018-07-05,DTWEXBGS,112.9759,Nominal broad US dollar index
2018-07-06,DTWEXBGS,112.6428,Nominal broad US dollar index
2018-07-09,DTWEXBGS,112.6425,Nominal broad US dollar index
2018-07-10,DTWEXBGS,112.5794,Nominal broad US dollar index
2018-07-11,DTWEXBGS,112.8582,Nominal broad US dollar index
2018-07-12,DTWEXBGS,112.779,Nominal broad US dollar index
2018-07-13,DTWEXBGS,113.0705,Nominal broad US dollar index
2018-07-16,DTWEXBGS,112.8437,Nominal broad US dollar index
2018-07-17,DTWEXBGS,113.1504,Nominal broad US dollar index
2018-07-18,DTWEXBGS,113.3348,Nominal broad US dollar index
2018-07-19,DTWEXBGS,113.9463,Nominal broad US dollar index
2018-07-20,DTWEXBGS,113.3213,Nominal broad US dollar index
2018-07-23,DTWEXBGS,113.4246,Nominal broad US dollar index
2018-07-24,DTWEXBGS,113.2045,Nominal broad US dollar index
2018-07-25,DTWEXBGS,112.9221,Nominal broad US dollar index
2018-07-26,DTWEXBGS,112.9179,Nominal broad US dollar index
2018-07-27,DTWEXBGS,112.8125,Nominal broad US dollar index
2018-07-30,DTWEXBGS,112.6044,Nominal broad US dollar index
2018-07-31,DTWEXBGS,112.7299,Nominal broad US dollar index
2018-08-01,DTWEXBGS,112.8899,Nominal broad US dollar index
2018-08-02,DTWEXBGS,113.1679,Nominal broad US dollar index
2018-08-03,DTWEXBGS,113.012,Nominal broad US dollar index
2018-08-06,DTWEXBGS,113.229,Nominal broad US dollar index
2018-08-07,DTWEXBGS,112.9759,Nominal broad US dollar index
2018-08-08,DTWEXBGS,113.1411,Nominal broad US dollar index
2018-08-09,DTWEXBGS,113.3806,Nominal broad US dollar index
2018-08-10,DTWEXBGS,114.3005,Nominal broad US dollar index
2018-08-13,DTWEXBGS,114.851,Nominal broad US dollar index
2018-08-14,DTWEXBGS,114.658,Nominal broad US dollar index
2018-08-15,DTWEXBGS,115.1526,Nominal broad US dollar index
2018-08-16,DTWEXBGS,114.6416,Nominal broad US dollar index
2018-08-17,DTWEXBGS,114.5339,Nominal broad US dollar index
2018-08-20,DTWEXBGS,114.3504,Nominal broad US dollar index
2018-08-21,DTWEXBGS,113.8604,Nominal broad US dollar index
2018-08-22,DTWEXBGS,113.663,Nominal broad US dollar index
2018-08-23,DTWEXBGS,114.0932,Nominal broad US dollar index
2018-08-24,DTWEXBGS,113.5985,Nominal broad US dollar index
2018-08-27,DTWEXBGS,113.2721,Nominal broad US dollar index
2018-08-28,DTWEXBGS,113.3444,Nominal broad US dollar index
2018-08-29,DTWEXBGS,113.6461,Nominal broad US dollar index
2018-08-30,DTWEXBGS,114.0899,Nominal broad US dollar index
2018-08-31,DTWEXBGS,114.2755,Nominal broad US dollar index
2018-09-03,DTWEXBGS,,Nominal broad US dollar index
2018-09-04,DTWEXBGS,114.8584,Nominal broad US dollar index
2018-09-05,DTWEXBGS,114.7477,Nominal broad US dollar index
2018-09-06,DTWEXBGS,114.6479,Nominal broad US dollar index
2018-09-07,DTWEXBGS,114.5816,Nominal broad US dollar index
2018-09-10,DTWEXBGS,114.6802,Nominal broad US dollar index
2018-09-11,DTWEXBGS,114.7051,Nominal broad US dollar index
2018-09-12,DTWEXBGS,114.2192,Nominal broad US dollar index
2018-09-13,DTWEXBGS,113.9268,Nominal broad US dollar index
2018-09-14,DTWEXBGS,114.0657,Nominal broad US dollar index
2018-09-17,DTWEXBGS,113.9158,Nominal broad US dollar index
2018-09-18,DTWEXBGS,113.7739,Nominal broad US dollar index
2018-09-19,DTWEXBGS,113.6532,Nominal broad US dollar index
2018-09-20,DTWEXBGS,113.4989,Nominal broad US dollar index
2018-09-21,DTWEXBGS,113.5099,Nominal broad US dollar index
2018-09-24,DTWEXBGS,113.5301,Nominal broad US dollar index
2018-09-25,DTWEXBGS,113.7202,Nominal broad US dollar index
2018-09-26,DTWEXBGS,113.6739,Nominal broad US dollar index
2018-09-27,DTWEXBGS,113.9784,Nominal broad US dollar index
2018-09-28,DTWEXBGS,113.8077,Nominal broad US dollar index
2018-10-01,DTWEXBGS,113.8235,Nominal broad US dollar index
2018-10-02,DTWEXBGS,113.8954,Nominal broad US dollar index
2018-10-03,DTWEXBGS,114.1569,Nominal broad US dollar index
2018-10-04,DTWEXBGS,114.6867,Nominal broad US dollar index
2018-10-05,DTWEXBGS,114.561,Nominal broad US dollar index
2018-10-08,DTWEXBGS,,Nominal broad US dollar index
2018-10-09,DTWEXBGS,114.6583,Nominal broad US dollar index
2018-10-10,DTWEXBGS,114.6072,Nominal broad US dollar index
2018-10-11,DTWEXBGS,114.4074,Nominal broad US dollar index
2018-10-12,DTWEXBGS,114.3691,Nominal broad US dollar index
2018-10-15,DTWEXBGS,114.045,Nominal broad US dollar index
2018-10-16,DTWEXBGS,113.8963,Nominal broad US dollar index
2018-10-17,DTWEXBGS,114.1755,Nominal broad US dollar index
2018-10-18,DTWEXBGS,114.8164,Nominal broad US dollar index
2018-10-19,DTWEXBGS,114.8567,Nominal broad US dollar index
2018-10-22,DTWEXBGS,115.1782,Nominal broad US dollar index
2018-10-23,DTWEXBGS,115.1651,Nominal broad US dollar index
2018-10-24,DTWEXBGS,115.3755,Nominal broad US dollar index
2018-10-25,DTWEXBGS,115.4831,Nominal broad US dollar index
2018-10-26,DTWEXBGS,115.473,Nominal broad US dollar index
2018-10-29,DTWEXBGS,115.8936,Nominal broad US dollar index
2018-10-30,DTWEXBGS,116.2357,Nominal broad US dollar index
2018-10-31,DTWEXBGS,116.5281,Nominal broad US dollar index
2018-11-01,DTWEXBGS,115.8657,Nominal broad US dollar index
2018-11-02,DTWEXBGS,115.643,Nominal broad US dollar index
2018-11-05,DTWEXBGS,115.703,Nominal broad US dollar index
2018-11-06,DTWEXBGS,115.5622,Nominal broad US dollar index
2018-11-07,DTWEXBGS,115.2519,Nominal broad US dollar index
2018-11-08,DTWEXBGS,115.6478,Nominal broad US dollar index
2018-11-09,DTWEXBGS,116.4778,Nominal broad US dollar index
2018-11-12,DTWEXBGS,,Nominal broad US dollar index
2018-11-13,DTWEXBGS,116.6694,Nominal broad US dollar index
2018-11-14,DTWEXBGS,116.498,Nominal broad US dollar index
2018-11-15,DTWEXBGS,116.3861,Nominal broad US dollar index
2018-11-16,DTWEXBGS,115.9258,Nominal broad US dollar index
2018-11-19,DTWEXBGS,115.9859,Nominal broad US dollar index
2018-11-20,DTWEXBGS,116.2367,Nominal broad US dollar index
2018-11-21,DTWEXBGS,116.092,Nominal broad US dollar index
2018-11-22,DTWEXBGS,,Nominal broad US dollar index
2018-11-23,DTWEXBGS,116.4713,Nominal broad US dollar index
2018-11-26,DTWEXBGS,116.6208,Nominal broad US dollar index
2018-11-27,DTWEXBGS,116.9001,Nominal broad US dollar index
2018-11-28,DTWEXBGS,116.8343,Nominal broad US dollar index
2018-11-29,DTWEXBGS,116.1961,Nominal broad US dollar index
2018-11-30,DTWEXBGS,116.413,Nominal broad US dollar index
2018-12-03,DTWEXBGS,115.9057,Nominal broad US dollar index
2018-12-04,DTWEXBGS,116.0028,Nominal broad US dollar index
2018-12-05,DTWEXBGS,,Nominal broad US dollar index
2018-12-06,DTWEXBGS,116.3991,Nominal broad US dollar index
2018-12-07,DTWEXBGS,116.0847,Nominal broad US dollar index
2018-12-10,DTWEXBGS,116.6746,Nominal broad US dollar index
2018-12-11,DTWEXBGS,116.7564,Nominal broad US dollar index
2018-12-12,DTWEXBGS,116.2214,Nominal broad US dollar index
2018-12-13,DTWEXBGS,116.3974,Nominal broad US dollar index
2018-12-14,DTWEXBGS,116.79,Nominal broad US dollar index
2018-12-17,DTWEXBGS,116.4532,Nominal broad US dollar index
2018-12-18,DTWEXBGS,116.4127,Nominal broad US dollar index
2018-12-19,DTWEXBGS,116.0676,Nominal broad US dollar index
2018-12-20,DTWEXBGS,116.0183,Nominal broad US dollar index
2018-12-21,DTWEXBGS,116.2227,Nominal broad US dollar index
2018-12-24,DTWEXBGS,116.2182,Nominal broad US dollar index
2018-12-25,DTWEXBGS,,Nominal broad US dollar index
2018-12-26,DTWEXBGS,116.1162,Nominal broad US dollar index
2018-12-27,DTWEXBGS,115.9927,Nominal broad US dollar index
2018-12-28,DTWEXBGS,115.7232,Nominal broad US dollar index
2018-12-31,DTWEXBGS,115.5674,Nominal broad US dollar index
2019-01-01,DTWEXBGS,,Nominal broad US dollar index
2019-01-02,DTWEXBGS,115.7689,Nominal broad US dollar index
2019-01-03,DTWEXBGS,115.4622,Nominal broad US dollar index
2019-01-04,DTWEXBGS,114.9821,Nominal broad US dollar index
2019-01-07,DTWEXBGS,114.5628,Nominal broad US dollar index
2019-01-08,DTWEXBGS,114.7281,Nominal broad US dollar index
2019-01-09,DTWEXBGS,114.1406,Nominal broad US dollar index
2019-01-10,DTWEXBGS,114.0496,Nominal broad US dollar index
2019-01-11,DTWEXBGS,114.0404,Nominal broad US dollar index
2019-01-14,DTWEXBGS,,Nominal broad US dollar index
2019-01-15,DTWEXBGS,114.3402,Nominal broad US dollar index
2019-01-16,DTWEXBGS,114.137,Nominal broad US dollar index
2019-01-17,DTWEXBGS,114.4115,Nominal broad US dollar index
2019-01-18,DTWEXBGS,114.558,Nominal broad US dollar index
2019-01-21,DTWEXBGS,,Nominal broad US dollar index
2019-01-22,DTWEXBGS,114.7541,Nominal broad US dollar index
2019-01-23,DTWEXBGS,114.5759,Nominal broad US dollar index
2019-01-24,DTWEXBGS,114.617,Nominal broad US dollar index
2019-01-25,DTWEXBGS,114.0197,Nominal broad US dollar index
2019-01-28,DTWEXBGS,114.0522,Nominal broad US dollar index
2019-01-29,DTWEXBGS,114.026,Nominal broad US dollar index
2019-01-30,DTWEXBGS,114.0731,Nominal broad US dollar index
2019-01-31,DTWEXBGS,113.5504,Nominal broad US dollar index
2019-02-01,DTWEXBGS,113.7548,Nominal broad US dollar index
2019-02-04,DTWEXBGS,113.8766,Nominal broad US dollar index
2019-02-05,DTWEXBGS,114.0431,Nominal broad US dollar index
2019-02-06,DTWEXBGS,114.2305,Nominal broad US dollar index
2019-02-07,DTWEXBGS,114.4339,Nominal broad US dollar index
2019-02-08,DTWEXBGS,114.5003,Nominal broad US dollar index
2019-02-11,DTWEXBGS,115.031,Nominal broad US dollar index
2019-02-12,DTWEXBGS,114.7297,Nominal broad US dollar index
2019-02-13,DTWEXBGS,114.9407,Nominal broad US dollar index
2019-02-14,DTWEXBGS,115.1007,Nominal broad US dollar index
2019-02-15,DTWEXBGS,114.9923,Nominal broad US dollar index
2019-02-18,DTWEXBGS,,Nominal broad US dollar index
2019-02-19,DTWEXBGS,114.57,Nominal broad US dollar index
2019-02-20,DTWEXBGS,,Nominal broad US dollar index
2019-02-21,DTWEXBGS,114.5091,Nominal broad US dollar index
2019-02-22,DTWEXBGS,114.2716,Nominal broad US dollar index
2019-02-25,DTWEXBGS,114.1457,Nominal broad US dollar index
2019-02-26,DTWEXBGS,114.0687,Nominal broad US dollar index
2019-02-27,DTWEXBGS,114.0363,Nominal broad US dollar index
2019-02-28,DTWEXBGS,114.1991,Nominal broad US dollar index
2019-03-01,DTWEXBGS,114.537,Nominal broad US dollar index
2019-03-04,DTWEXBGS,114.6925,Nominal broad US dollar index
2019-03-05,DTWEXBGS,114.804,Nominal broad US dollar index
2019-03-06,DTWEXBGS,114.9714,Nominal broad US dollar index
2019-03-07,DTWEXBGS,115.4919,Nominal broad US dollar index
2019-03-08,DTWEXBGS,115.3599,Nominal broad US dollar index
2019-03-11,DTWEXBGS,115.2967,Nominal broad US dollar index
2019-03-12,DTWEXBGS,114.939,Nominal broad US dollar index
2019-03-13,DTWEXBGS,114.7372,Nominal broad US dollar index
2019-03-14,DTWEXBGS,114.79,Nominal broad US dollar index
2019-03-15,DTWEXBGS,114.5815,Nominal broad US dollar index
2019-03-18,DTWEXBGS,114.4375,Nominal broad US dollar index
2019-03-19,DTWEXBGS,114.2324,Nominal broad US dollar index
2019-03-20,DTWEXBGS,114.1509,Nominal broad US dollar index
2019-03-21,DTWEXBGS,114.1684,Nominal broad US dollar index
2019-03-22,DTWEXBGS,114.6856,Nominal broad US dollar index
2019-03-25,DTWEXBGS,114.4171,Nominal broad US dollar index
2019-03-26,DTWEXBGS,114.6414,Nominal broad US dollar index
2019-03-27,DTWEXBGS,115.1243,Nominal broad US dollar index
2019-03-28,DTWEXBGS,115.2581,Nominal broad US dollar index
2019-03-29,DTWEXBGS,115.1371,Nominal broad US dollar index
2019-04-01,DTWEXBGS,114.9362,Nominal broad US dollar index
2019-04-02,DTWEXBGS,115.1173,Nominal broad US dollar index
2019-04-03,DTWEXBGS,114.7211,Nominal broad US dollar index
2019-04-04,DTWEXBGS,114.9697,Nominal broad US dollar index
2019-04-05,DTWEXBGS,114.9726,Nominal broad US dollar index
2019-04-08,DTWEXBGS,114.6893,Nominal broad US dollar index
2019-04-09,DTWEXBGS,114.5321,Nominal broad US dollar index
2019-04-10,DTWEXBGS,114.4269,Nominal broad US dollar index
2019-04-11,DTWEXBGS,114.6303,Nominal broad US dollar index
2019-04-12,DTWEXBGS,114.3531,Nominal broad US dollar index
2019-04-15,DTWEXBGS,114.495,Nominal broad US dollar index
2019-04-16,DTWEXBGS,114.6756,Nominal broad US dollar index
2019-04-17,DTWEXBGS,114.5141,Nominal broad US dollar index
2019-04-18,DTWEXBGS,114.7073,Nominal broad US dollar index
2019-04-19,DTWEXBGS,114.6977,Nominal broad US dollar index
2019-04-22,DTWEXBGS,114.7694,Nominal broad US dollar index
2019-04-23,DTWEXBGS,115.1578,Nominal broad US dollar index
2019-04-24,DTWEXBGS,115.4187,Nominal broad US dollar index
2019-04-25,DTWEXBGS,115.7709,Nominal broad US dollar index
2019-04-26,DTWEXBGS,115.4767,Nominal broad US dollar index
2019-04-29,DTWEXBGS,115.5227,Nominal broad US dollar index
2019-04-30,DTWEXBGS,115.3281,Nominal broad US dollar index
2019-05-01,DTWEXBGS,115.0022,Nominal broad US dollar index
2019-05-02,DTWEXBGS,115.5617,Nominal broad US dollar index
2019-05-03,DTWEXBGS,115.2646,Nominal broad US dollar index
2019-05-06,DTWEXBGS,115.3811,Nominal broad US dollar index
2019-05-07,DTWEXBGS,115.6116,Nominal broad US dollar index
2019-05-08,DTWEXBGS,115.5171,Nominal broad US dollar index
2019-05-09,DTWEXBGS,115.8421,Nominal broad US dollar index
2019-05-10,DTWEXBGS,115.5334,Nominal broad US dollar index
2019-05-13,DTWEXBGS,115.915,Nominal broad US dollar index
2019-05-14,DTWEXBGS,115.9425,Nominal broad US dollar index
2019-05-15,DTWEXBGS,115.8565,Nominal broad US dollar index
2019-05-16,DTWEXBGS,116.0346,Nominal broad US dollar index
2019-05-17,DTWEXBGS,116.448,Nominal broad US dollar index
2019-05-20,DTWEXBGS,116.3119,Nominal broad US dollar index
2019-05-21,DTWEXBGS,116.2844,Nominal broad US dollar index
2019-05-22,DTWEXBGS,116.2412,Nominal broad US dollar index
2019-05-23,DTWEXBGS,116.2368,Nominal broad US dollar index
2019-05-24,DTWEXBGS,116.0806,Nominal broad US dollar index
2019-05-27,DTWEXBGS,,Nominal broad US dollar index
2019-05-28,DTWEXBGS,116.3174,Nominal broad US dollar index
2019-05-29,DTWEXBGS,116.5535,Nominal broad US dollar index
2019-05-30,DTWEXBGS,116.3989,Nominal broad US dollar index
2019-05-31,DTWEXBGS,116.7273,Nominal broad US dollar index
2019-06-03,DTWEXBGS,116.4764,Nominal broad US dollar index
2019-06-04,DTWEXBGS,116.091,Nominal broad US dollar index
2019-06-05,DTWEXBGS,116.03,Nominal broad US dollar index
2019-06-06,DTWEXBGS,115.9771,Nominal broad US dollar index
2019-06-07,DTWEXBGS,115.7368,Nominal broad US dollar index
2019-06-10,DTWEXBGS,115.5001,Nominal broad US dollar index
2019-06-11,DTWEXBGS,115.3794,Nominal broad US dollar index
2019-06-12,DTWEXBGS,115.438,Nominal broad US dollar index
2019-06-13,DTWEXBGS,115.6275,Nominal broad US dollar index
2019-06-14,DTWEXBGS,115.9057,Nominal broad US dollar index
2019-06-17,DTWEXBGS,115.9684,Nominal broad US dollar index
2019-06-18,DTWEXBGS,115.8797,Nominal broad US dollar index
2019-06-19,DTWEXBGS,115.7889,Nominal broad US dollar index
2019-06-20,DTWEXBGS,114.8046,Nominal broad US dollar index
2019-06-21,DTWEXBGS,114.8377,Nominal broad US dollar index
2019-06-24,DTWEXBGS,114.6559,Nominal broad US dollar index
2019-06-25,DTWEXBGS,114.6363,Nominal broad US dollar index
2019-06-26,DTWEXBGS,114.5608,Nominal broad US dollar index
2019-06-27,DTWEXBGS,114.665,Nominal broad US dollar index
2019-06-28,DTWEXBGS,114.5821,Nominal broad US dollar index
2019-07-01,DTWEXBGS,114.7239,Nominal broad US dollar index
2019-07-02,DTWEXBGS,114.8258,Nominal broad US dollar index
2019-07-03,DTWEXBGS,114.8135,Nominal broad US dollar index
2019-07-04,DTWEXBGS,,Nominal broad US dollar index
2019-07-05,DTWEXBGS,115.1132,Nominal broad US dollar index
2019-07-08,DTWEXBGS,115.0254,Nominal broad US dollar index
2019-07-09,DTWEXBGS,115.1017,Nominal broad US dollar index
2019-07-10,DTWEXBGS,115.0879,Nominal broad US dollar index
2019-07-11,DTWEXBGS,114.8361,Nominal broad US dollar index
2019-07-12,DTWEXBGS,114.7685,Nominal broad US dollar index
2019-07-15,DTWEXBGS,114.6819,Nominal broad US dollar index
2019-07-16,DTWEXBGS,115.0111,Nominal broad US dollar index
2019-07-17,DTWEXBGS,114.8819,Nominal broad US dollar index
2019-07-18,DTWEXBGS,114.8744,Nominal broad US dollar index
2019-07-19,DTWEXBGS,114.8695,Nominal broad US dollar index
2019-07-22,DTWEXBGS,115.0018,Nominal broad US dollar index
2019-07-23,DTWEXBGS,115.2995,Nominal broad US dollar index
2019-07-24,DTWEXBGS,115.2436,Nominal broad US dollar index
2019-07-25,DTWEXBGS,115.2982,Nominal broad US dollar index
2019-07-26,DTWEXBGS,115.5449,Nominal broad US dollar index
2019-07-29,DTWEXBGS,115.5885,Nominal broad US dollar index
2019-07-30,DTWEXBGS,115.6211,Nominal broad US dollar index
2019-07-31,DTWEXBGS,115.4946,Nominal broad US dollar index
2019-08-01,DTWEXBGS,116.0499,Nominal broad US dollar index
2019-08-02,DTWEXBGS,116.1864,Nominal broad US dollar index
2019-08-05,DTWEXBGS,116.5851,Nominal broad US dollar index
2019-08-06,DTWEXBGS,116.6904,Nominal broad US dollar index
2019-08-07,DTWEXBGS,116.7987,Nominal broad US dollar index
2019-08-08,DTWEXBGS,116.474,Nominal broad US dollar index
2019-08-09,DTWEXBGS,116.4419,Nominal broad US dollar index
2019-08-12,DTWEXBGS,116.7548,Nominal broad US dollar index
2019-08-13,DTWEXBGS,116.7267,Nominal broad US dollar index
2019-08-14,DTWEXBGS,117.0913,Nominal broad US dollar index
2019-08-15,DTWEXBGS,117.2239,Nominal broad US dollar index
2019-08-16,DTWEXBGS,117.0786,Nominal broad US dollar index
2019-08-19,DTWEXBGS,117.3886,Nominal broad US dollar index
2019-08-20,DTWEXBGS,117.3726,Nominal broad US dollar index
2019-08-21,DTWEXBGS,117.1764,Nominal broad US dollar index
2019-08-22,DTWEXBGS,117.3558,Nominal broad US dollar index
2019-08-23,DTWEXBGS,117.3009,Nominal broad US dollar index
2019-08-26,DTWEXBGS,117.6658,Nominal broad US dollar index
2019-08-27,DTWEXBGS,117.75,Nominal broad US dollar index
2019-08-28,DTWEXBGS,117.8767,Nominal broad US dollar index
2019-08-29,DTWEXBGS,118.0625,Nominal broad US dollar index
2019-08-30,DTWEXBGS,118.1575,Nominal broad US dollar index
2019-09-02,DTWEXBGS,,Nominal broad US dollar index
2019-09-03,DTWEXBGS,118.3113,Nominal broad US dollar index
2019-09-04,DTWEXBGS,117.6729,Nominal broad US dollar index
2019-09-05,DTWEXBGS,117.4776,Nominal broad US dollar index
2019-09-06,DTWEXBGS,117.1292,Nominal broad US dollar index
2019-09-09,DTWEXBGS,117.0601,Nominal broad US dollar index
2019-09-10,DTWEXBGS,117.0887,Nominal broad US dollar index
2019-09-11,DTWEXBGS,117.3125,Nominal broad US dollar index
2019-09-12,DTWEXBGS,116.8375,Nominal broad US dollar index
2019-09-13,DTWEXBGS,116.7677,Nominal broad US dollar index
2019-09-16,DTWEXBGS,117.0251,Nominal broad US dollar index
2019-09-17,DTWEXBGS,116.9826,Nominal broad US dollar index
2019-09-18,DTWEXBGS,116.9766,Nominal broad US dollar index
2019-09-19,DTWEXBGS,117.0861,Nominal broad US dollar index
2019-09-20,DTWEXBGS,117.1819,Nominal broad US dollar index
2019-09-23,DTWEXBGS,117.2986,Nominal broad US dollar index
2019-09-24,DTWEXBGS,117.2227,Nominal broad US dollar index
2019-09-25,DTWEXBGS,117.6527,Nominal broad US dollar index
2019-09-26,DTWEXBGS,117.7267,Nominal broad US dollar index
2019-09-27,DTWEXBGS,117.7218,Nominal broad US dollar index
2019-09-30,DTWEXBGS,117.9461,Nominal broad US dollar index
2019-10-01,DTWEXBGS,117.9595,Nominal broad US dollar index
2019-10-02,DTWEXBGS,117.9671,Nominal broad US dollar index
2019-10-03,DTWEXBGS,117.6608,Nominal broad US dollar index
2019-10-04,DTWEXBGS,117.5288,Nominal broad US dollar index
2019-10-07,DTWEXBGS,117.5533,Nominal broad US dollar index
2019-10-08,DTWEXBGS,117.7407,Nominal broad US dollar index
2019-10-09,DTWEXBGS,117.6835,Nominal broad US dollar index
2019-10-10,DTWEXBGS,117.2801,Nominal broad US dollar index
2019-10-11,DTWEXBGS,116.8239,Nominal broad US dollar index
2019-10-14,DTWEXBGS,,Nominal broad US dollar index
2019-10-15,DTWEXBGS,116.8111,Nominal broad US dollar index
2019-10-16,DTWEXBGS,116.6425,Nominal broad US dollar index
2019-10-17,DTWEXBGS,116.2615,Nominal broad US dollar index
2019-10-18,DTWEXBGS,116.1344,Nominal broad US dollar index
2019-10-21,DTWEXBGS,116.0436,Nominal broad US dollar index
2019-10-22,DTWEXBGS,115.9851,Nominal broad US dollar index
2019-10-23,DTWEXBGS,116.0586,Nominal broad US dollar index
2019-10-24,DTWEXBGS,116.1278,Nominal broad US dollar index
2019-10-25,DTWEXBGS,116.0774,Nominal broad US dollar index
2019-10-28,DTWEXBGS,116.0222,Nominal broad US dollar index
2019-10-29,DTWEXBGS,115.9797,Nominal broad US dollar index
2019-10-30,DTWEXBGS,116.1636,Nominal broad US dollar index
2019-10-31,DTWEXBGS,115.9125,Nominal broad US dollar index
2019-11-01,DTWEXBGS,115.7312,Nominal broad US dollar index
2019-11-04,DTWEXBGS,115.8624,Nominal broad US dollar index
2019-11-05,DTWEXBGS,116.1138,Nominal broad US dollar index
2019-11-06,DTWEXBGS,116.1004,Nominal broad US dollar index
2019-11-07,DTWEXBGS,116.1172,Nominal broad US dollar index
2019-11-08,DTWEXBGS,116.3436,Nominal broad US dollar index
2019-11-11,DTWEXBGS,,Nominal broad US dollar index
2019-11-12,DTWEXBGS,116.5837,Nominal broad US dollar index
2019-11-13,DTWEXBGS,116.8397,Nominal broad US dollar index
2019-11-14,DTWEXBGS,116.8022,Nominal broad US dollar index
2019-11-15,DTWEXBGS,116.4401,Nominal broad US dollar index
2019-11-18,DTWEXBGS,116.3625,Nominal broad US dollar index
2019-11-19,DTWEXBGS,116.5391,Nominal broad US dollar index
2019-11-20,DTWEXBGS,116.828,Nominal broad US dollar index
2019-11-21,DTWEXBGS,116.7435,Nominal broad US dollar index
2019-11-22,DTWEXBGS,116.9137,Nominal broad US dollar index
2019-11-25,DTWEXBGS,117.0098,Nominal broad US dollar index
2019-11-26,DTWEXBGS,117.0513,Nominal broad US dollar index
2019-11-27,DTWEXBGS,117.1273,Nominal broad US dollar index
2019-11-28,DTWEXBGS,,Nominal broad US dollar index
2019-11-29,DTWEXBGS,117.1204,Nominal broad US dollar index
2019-12-02,DTWEXBGS,116.9647,Nominal broad US dollar index
2019-12-03,DTWEXBGS,116.8898,Nominal broad US dollar index
2019-12-04,DTWEXBGS,116.692,Nominal broad US dollar index
2019-12-05,DTWEXBGS,116.3838,Nominal broad US dollar index
2019-12-06,DTWEXBGS,116.5381,Nominal broad US dollar index
2019-12-09,DTWEXBGS,116.3283,Nominal broad US dollar index
2019-12-10,DTWEXBGS,116.2542,Nominal broad US dollar index
2019-12-11,DTWEXBGS,116.1478,Nominal broad US dollar index
2019-12-12,DTWEXBGS,115.8741,Nominal broad US dollar index
2019-12-13,DTWEXBGS,115.6967,Nominal broad US dollar index
2019-12-16,DTWEXBGS,115.555,Nominal broad US dollar index
2019-12-17,DTWEXBGS,115.5553,Nominal broad US dollar index
2019-12-18,DTWEXBGS,115.6618,Nominal broad US dollar index
2019-12-19,DTWEXBGS,115.5988,Nominal broad US dollar index
2019-12-20,DTWEXBGS,115.7598,Nominal broad US dollar index
2019-12-23,DTWEXBGS,115.8059,Nominal broad US dollar index
2019-12-24,DTWEXBGS,,Nominal broad US dollar index
2019-12-25,DTWEXBGS,,Nominal broad US dollar index
2019-12-26,DTWEXBGS,115.634,Nominal broad US dollar index
2019-12-27,DTWEXBGS,115.22,Nominal broad US dollar index
2019-12-30,DTWEXBGS,114.9631,Nominal broad US dollar index
2019-12-31,DTWEXBGS,114.669,Nominal broad US dollar index
2020-01-01,DTWEXBGS,,Nominal broad US dollar index
2020-01-02,DTWEXBGS,114.9745,Nominal broad US dollar index
2020-01-03,DTWEXBGS,114.9867,Nominal broad US dollar index
2020-01-06,DTWEXBGS,114.9557,Nominal broad US dollar index
2020-01-07,DTWEXBGS,115.1477,Nominal broad US dollar index
2020-01-08,DTWEXBGS,115.1328,Nominal broad US dollar index
2020-01-09,DTWEXBGS,115.2331,Nominal broad US dollar index
2020-01-10,DTWEXBGS,115.0677,Nominal broad US dollar index
2020-01-13,DTWEXBGS,115.0342,Nominal broad US dollar index
2020-01-14,DTWEXBGS,115.0239,Nominal broad US dollar index
2020-01-15,DTWEXBGS,114.9528,Nominal broad US dollar index
2020-01-16,DTWEXBGS,115.0006,Nominal broad US dollar index
2020-01-17,DTWEXBGS,115.0656,Nominal broad US dollar index
2020-01-20,DTWEXBGS,,Nominal broad US dollar index
2020-01-21,DTWEXBGS,115.1876,Nominal broad US dollar index
2020-01-22,DTWEXBGS,115.2273,Nominal broad US dollar index
2020-01-23,DTWEXBGS,115.5545,Nominal broad US dollar index
2020-01-24,DTWEXBGS,115.5556,Nominal broad US dollar index
2020-01-27,DTWEXBGS,115.8004,Nominal broad US dollar index
2020-01-28,DTWEXBGS,115.7239,Nominal broad US dollar index
2020-01-29,DTWEXBGS,115.7003,Nominal broad US dollar index
2020-01-30,DTWEXBGS,115.8077,Nominal broad US dollar index
2020-01-31,DTWEXBGS,115.7345,Nominal broad US dollar index
2020-02-03,DTWEXBGS,116.1172,Nominal broad US dollar index
2020-02-04,DTWEXBGS,115.9291,Nominal broad US dollar index
2020-02-05,DTWEXBGS,116.009,Nominal broad US dollar index
2020-02-06,DTWEXBGS,116.1518,Nominal broad US dollar index
2020-02-07,DTWEXBGS,116.5086,Nominal broad US dollar index
2020-02-10,DTWEXBGS,116.5711,Nominal broad US dollar index
2020-02-11,DTWEXBGS,116.3585,Nominal broad US dollar index
2020-02-12,DTWEXBGS,116.2794,Nominal broad US dollar index
2020-02-13,DTWEXBGS,116.3999,Nominal broad US dollar index
2020-02-14,DTWEXBGS,116.4223,Nominal broad US dollar index
2020-02-17,DTWEXBGS,,Nominal broad US dollar index
2020-02-18,DTWEXBGS,116.6039,Nominal broad US dollar index
2020-02-19,DTWEXBGS,116.7829,Nominal broad US dollar index
2020-02-20,DTWEXBGS,117.2454,Nominal broad US dollar index
2020-02-21,DTWEXBGS,117.0473,Nominal broad US dollar index
2020-02-24,DTWEXBGS,117.4018,Nominal broad US dollar index
2020-02-25,DTWEXBGS,117.2425,Nominal broad US dollar index
2020-02-26,DTWEXBGS,117.405,Nominal broad US dollar index
2020-02-27,DTWEXBGS,117.3678,Nominal broad US dollar index
2020-02-28,DTWEXBGS,117.6568,Nominal broad US dollar index
2020-03-02,DTWEXBGS,116.8144,Nominal broad US dollar index
2020-03-03,DTWEXBGS,116.4958,Nominal broad US dollar index
2020-03-04,DTWEXBGS,116.7802,Nominal broad US dollar index
2020-03-05,DTWEXBGS,116.7901,Nominal broad US dollar index
2020-03-06,DTWEXBGS,116.7106,Nominal broad US dollar index
2020-03-09,DTWEXBGS,117.1871,Nominal broad US dollar index
2020-03-10,DTWEXBGS,117.9027,Nominal broad US dollar index
2020-03-11,DTWEXBGS,118.2505,Nominal broad US dollar index
2020-03-12,DTWEXBGS,120.4883,Nominal broad US dollar index
2020-03-13,DTWEXBGS,120.4388,Nominal broad US dollar index
2020-03-16,DTWEXBGS,120.9352,Nominal broad US dollar index
2020-03-17,DTWEXBGS,122.4816,Nominal broad US dollar index
2020-03-18,DTWEXBGS,124.1623,Nominal broad US dollar index
2020-03-19,DTWEXBGS,125.0587,Nominal broad US dollar index
2020-03-20,DTWEXBGS,124.9362,Nominal broad US dollar index
2020-03-23,DTWEXBGS,126.1262,Nominal broad US dollar index
2020-03-24,DTWEXBGS,125.5001,Nominal broad US dollar index
2020-03-25,DTWEXBGS,124.7916,Nominal broad US dollar index
2020-03-26,DTWEXBGS,122.4308,Nominal broad US dollar index
2020-03-27,DTWEXBGS,122.4007,Nominal broad US dollar index
2020-03-30,DTWEXBGS,123.2883,Nominal broad US dollar index
2020-03-31,DTWEXBGS,122.5301,Nominal broad US dollar index
2020-04-01,DTWEXBGS,123.7933,Nominal broad US dollar index
2020-04-02,DTWEXBGS,123.5916,Nominal broad US dollar index
2020-04-03,DTWEXBGS,124.4152,Nominal broad US dollar index
2020-04-06,DTWEXBGS,124.16,Nominal broad US dollar index
2020-04-07,DTWEXBGS,123.0956,Nominal broad US dollar index
2020-04-08,DTWEXBGS,123.2216,Nominal broad US dollar index
2020-04-09,DTWEXBGS,122.476,Nominal broad US dollar index
2020-04-10,DTWEXBGS,122.1592,Nominal broad US dollar index
2020-04-13,DTWEXBGS,122.5203,Nominal broad US dollar index
2020-04-14,DTWEXBGS,122.1121,Nominal broad US dollar index
2020-04-15,DTWEXBGS,123.0752,Nominal broad US dollar index
2020-04-16,DTWEXBGS,123.4615,Nominal broad US dollar index
2020-04-17,DTWEXBGS,122.871,Nominal broad US dollar index
2020-04-20,DTWEXBGS,123.1033,Nominal broad US dollar index
2020-04-21,DTWEXBGS,123.9116,Nominal broad US dollar index
2020-04-22,DTWEXBGS,123.9256,Nominal broad US dollar index
2020-04-23,DTWEXBGS,123.7542,Nominal broad US dollar index
2020-04-24,DTWEXBGS,124.1615,Nominal broad US dollar index
2020-04-27,DTWEXBGS,123.8843,Nominal broad US dollar index
2020-04-28,DTWEXBGS,123.3693,Nominal broad US dollar index
2020-04-29,DTWEXBGS,122.7782,Nominal broad US dollar index
2020-04-30,DTWEXBGS,122.327,Nominal broad US dollar index
2020-05-01,DTWEXBGS,123.1492,Nominal broad US dollar index
2020-05-04,DTWEXBGS,123.2117,Nominal broad US dollar index
2020-05-05,DTWEXBGS,122.803,Nominal broad US dollar index
2020-05-06,DTWEXBGS,123.609,Nominal broad US dollar index
2020-05-07,DTWEXBGS,123.1249,Nominal broad US dollar index
2020-05-08,DTWEXBGS,122.5379,Nominal broad US dollar index
2020-05-11,DTWEXBGS,123.2333,Nominal broad US dollar index
2020-05-12,DTWEXBGS,123.0592,Nominal broad US dollar index
2020-05-13,DTWEXBGS,123.5408,Nominal broad US dollar index
2020-05-14,DTWEXBGS,123.6429,Nominal broad US dollar index
2020-05-15,DTWEXBGS,123.5991,Nominal broad US dollar index
2020-05-18,DTWEXBGS,122.7968,Nominal broad US dollar index
2020-05-19,DTWEXBGS,122.5655,Nominal broad US dollar index
2020-05-20,DTWEXBGS,122.1007,Nominal broad US dollar index
2020-05-21,DTWEXBGS,122.0914,Nominal broad US dollar index
2020-05-22,DTWEXBGS,122.3211,Nominal broad US dollar index
2020-05-25,DTWEXBGS,,Nominal broad US dollar index
2020-05-26,DTWEXBGS,121.3864,Nominal broad US dollar index
2020-05-27,DTWEXBGS,121.5677,Nominal broad US dollar index
2020-05-28,DTWEXBGS,121.0138,Nominal broad US dollar index
2020-05-29,DTWEXBGS,120.9458,Nominal broad US dollar index
2020-06-01,DTWEXBGS,120.2686,Nominal broad US dollar index
2020-06-02,DTWEXBGS,119.6854,Nominal broad US dollar index
2020-06-03,DTWEXBGS,119.2556,Nominal broad US dollar index
2020-06-04,DTWEXBGS,119.3014,Nominal broad US dollar index
2020-06-05,DTWEXBGS,118.8138,Nominal broad US dollar index
2020-06-08,DTWEXBGS,118.6621,Nominal broad US dollar index
2020-06-09,DTWEXBGS,118.5893,Nominal broad US dollar index
2020-06-10,DTWEXBGS,118.5231,Nominal broad US dollar index
2020-06-11,DTWEXBGS,119.2347,Nominal broad US dollar index
2020-06-12,DTWEXBGS,119.6645,Nominal broad US dollar index
2020-06-15,DTWEXBGS,119.9539,Nominal broad US dollar index
2020-06-16,DTWEXBGS,119.567,Nominal broad US dollar index
2020-06-17,DTWEXBGS,119.9105,Nominal broad US dollar index
2020-06-18,DTWEXBGS,120.2173,Nominal broad US dollar index
2020-06-19,DTWEXBGS,120.2186,Nominal broad US dollar index
2020-06-22,DTWEXBGS,119.7532,Nominal broad US dollar index
2020-06-23,DTWEXBGS,119.3285,Nominal broad US dollar index
2020-06-24,DTWEXBGS,119.9744,Nominal broad US dollar index
2020-06-25,DTWEXBGS,120.2997,Nominal broad US dollar index
2020-06-26,DTWEXBGS,120.533,Nominal broad US dollar index
2020-06-29,DTWEXBGS,120.6658,Nominal broad US dollar index
2020-06-30,DTWEXBGS,120.4649,Nominal broad US dollar index
2020-07-01,DTWEXBGS,120.0808,Nominal broad US dollar index
2020-07-02,DTWEXBGS,119.8555,Nominal broad US dollar index
2020-07-03,DTWEXBGS,,Nominal broad US dollar index
2020-07-06,DTWEXBGS,119.2852,Nominal broad US dollar index
2020-07-07,DTWEXBGS,119.5717,Nominal broad US dollar index
2020-07-08,DTWEXBGS,119.5525,Nominal broad US dollar index
2020-07-09,DTWEXBGS,119.5129,Nominal broad US dollar index
2020-07-10,DTWEXBGS,119.3509,Nominal broad US dollar index
2020-07-13,DTWEXBGS,119.1891,Nominal broad US dollar index
2020-07-14,DTWEXBGS,119.3901,Nominal broad US dollar index
2020-07-15,DTWEXBGS,119.0331,Nominal broad US dollar index
2020-07-16,DTWEXBGS,118.9275,Nominal broad US dollar index
2020-07-17,DTWEXBGS,119.124,Nominal broad US dollar index
2020-07-20,DTWEXBGS,119.0483,Nominal broad US dollar index
2020-07-21,DTWEXBGS,118.4042,Nominal broad US dollar index
2020-07-22,DTWEXBGS,118.1337,Nominal broad US dollar index
2020-07-23,DTWEXBGS,118.0613,Nominal broad US dollar index
2020-07-24,DTWEXBGS,118.1329,Nominal broad US dollar index
2020-07-27,DTWEXBGS,117.3869,Nominal broad US dollar index
2020-07-28,DTWEXBGS,117.3189,Nominal broad US dollar index
2020-07-29,DTWEXBGS,117.2126,Nominal broad US dollar index
2020-07-30,DTWEXBGS,117.4008,Nominal broad US dollar index
2020-07-31,DTWEXBGS,117.2082,Nominal broad US dollar index
2020-08-03,DTWEXBGS,117.8074,Nominal broad US dollar index
2020-08-04,DTWEXBGS,117.7833,Nominal broad US dollar index
2020-08-05,DTWEXBGS,116.8736,Nominal broad US dollar index
2020-08-06,DTWEXBGS,117.0422,Nominal broad US dollar index
2020-08-07,DTWEXBGS,117.6239,Nominal broad US dollar index
2020-08-10,DTWEXBGS,117.5821,Nominal broad US dollar index
2020-08-11,DTWEXBGS,117.3781,Nominal broad US dollar index
2020-08-12,DTWEXBGS,117.2559,Nominal broad US dollar index
2020-08-13,DTWEXBGS,117.1193,Nominal broad US dollar index
2020-08-14,DTWEXBGS,116.9395,Nominal broad US dollar index
2020-08-17,DTWEXBGS,116.749,Nominal broad US dollar index
2020-08-18,DTWEXBGS,116.5593,Nominal broad US dollar index
2020-08-19,DTWEXBGS,116.567,Nominal broad US dollar index
2020-08-20,DTWEXBGS,116.8126,Nominal broad US dollar index
2020-08-21,DTWEXBGS,117.0572,Nominal broad US dollar index
2020-08-24,DTWEXBGS,116.912,Nominal broad US dollar index
2020-08-25,DTWEXBGS,116.8206,Nominal broad US dollar index
2020-08-26,DTWEXBGS,116.6243,Nominal broad US dollar index
2020-08-27,DTWEXBGS,116.649,Nominal broad US dollar index
2020-08-28,DTWEXBGS,115.9374,Nominal broad US dollar index
2020-08-31,DTWEXBGS,115.7586,Nominal broad US dollar index
2020-09-01,DTWEXBGS,115.5687,Nominal broad US dollar index
2020-09-02,DTWEXBGS,116.0304,Nominal broad US dollar index
2020-09-03,DTWEXBGS,116.0685,Nominal broad US dollar index
2020-09-04,DTWEXBGS,116.0347,Nominal broad US dollar index
2020-09-07,DTWEXBGS,,Nominal broad US dollar index
2020-09-08,DTWEXBGS,116.4618,Nominal broad US dollar index
2020-09-09,DTWEXBGS,116.1291,Nominal broad US dollar index
2020-09-10,DTWEXBGS,115.8806,Nominal broad US dollar index
2020-09-11,DTWEXBGS,116.0866,Nominal broad US dollar index
2020-09-14,DTWEXBGS,115.6428,Nominal broad US dollar index
2020-09-15,DTWEXBGS,115.5908,Nominal broad US dollar index
2020-09-16,DTWEXBGS,115.3537,Nominal broad US dollar index
2020-09-17,DTWEXBGS,115.4392,Nominal broad US dollar index
2020-09-18,DTWEXBGS,115.2395,Nominal broad US dollar index
2020-09-21,DTWEXBGS,116.378,Nominal broad US dollar index
2020-09-22,DTWEXBGS,116.5438,Nominal broad US dollar index
2020-09-23,DTWEXBGS,117.2526,Nominal broad US dollar index
2020-09-24,DTWEXBGS,117.5473,Nominal broad US dollar index
2020-09-25,DTWEXBGS,117.8679,Nominal broad US dollar index
2020-09-28,DTWEXBGS,117.6178,Nominal broad US dollar index
2020-09-29,DTWEXBGS,117.526,Nominal broad US dollar index
2020-09-30,DTWEXBGS,116.946,Nominal broad US dollar index
2020-10-01,DTWEXBGS,116.7227,Nominal broad US dollar index
2020-10-02,DTWEXBGS,116.7321,Nominal broad US dollar index
2020-10-05,DTWEXBGS,116.1767,Nominal broad US dollar index
2020-10-06,DTWEXBGS,116.2681,Nominal broad US dollar index
2020-10-07,DTWEXBGS,116.3447,Nominal broad US dollar index
2020-10-08,DTWEXBGS,116.1657,Nominal broad US dollar index
2020-10-09,DTWEXBGS,115.2757,Nominal broad US dollar index
2020-10-12,DTWEXBGS,,Nominal broad US dollar index
2020-10-13,DTWEXBGS,115.9107,Nominal broad US dollar index
2020-10-14,DTWEXBGS,115.6872,Nominal broad US dollar index
2020-10-15,DTWEXBGS,116.0964,Nominal broad US dollar index
2020-10-16,DTWEXBGS,115.7679,Nominal broad US dollar index
2020-10-19,DTWEXBGS,115.4031,Nominal broad US dollar index
2020-10-20,DTWEXBGS,115.2485,Nominal broad US dollar index
2020-10-21,DTWEXBGS,114.9108,Nominal broad US dollar index
2020-10-22,DTWEXBGS,115.1158,Nominal broad US dollar index
2020-10-23,DTWEXBGS,115.0126,Nominal broad US dollar index
2020-10-26,DTWEXBGS,115.2797,Nominal broad US dollar index
2020-10-27,DTWEXBGS,115.0131,Nominal broad US dollar index
2020-10-28,DTWEXBGS,115.8023,Nominal broad US dollar index
2020-10-29,DTWEXBGS,116.3069,Nominal broad US dollar index
2020-10-30,DTWEXBGS,116.1354,Nominal broad US dollar index
2020-11-02,DTWEXBGS,116.2361,Nominal broad US dollar index
2020-11-03,DTWEXBGS,115.4802,Nominal broad US dollar index
2020-11-04,DTWEXBGS,115.1677,Nominal broad US dollar index
2020-11-05,DTWEXBGS,114.4556,Nominal broad US dollar index
2020-11-06,DTWEXBGS,113.9919,Nominal broad US dollar index
2020-11-09,DTWEXBGS,114.0895,Nominal broad US dollar index
2020-11-10,DTWEXBGS,114.0757,Nominal broad US dollar index
2020-11-11,DTWEXBGS,,Nominal broad US dollar index
2020-11-12,DTWEXBGS,114.2843,Nominal broad US dollar index
2020-11-13,DTWEXBGS,114.2397,Nominal broad US dollar index
2020-11-16,DTWEXBGS,113.8312,Nominal broad US dollar index
2020-11-17,DTWEXBGS,113.682,Nominal broad US dollar index
2020-11-18,DTWEXBGS,113.46,Nominal broad US dollar index
2020-11-19,DTWEXBGS,113.694,Nominal broad US dollar index
2020-11-20,DTWEXBGS,113.489,Nominal broad US dollar index
2020-11-23,DTWEXBGS,113.7548,Nominal broad US dollar index
2020-11-24,DTWEXBGS,113.4316,Nominal broad US dollar index
2020-11-25,DTWEXBGS,113.1823,Nominal broad US dollar index
2020-11-26,DTWEXBGS,,Nominal broad US dollar index
2020-11-27,DTWEXBGS,,Nominal broad US dollar index
2020-11-30,DTWEXBGS,113.2256,Nominal broad US dollar index
2020-12-01,DTWEXBGS,112.8063,Nominal broad US dollar index
2020-12-02,DTWEXBGS,112.6115,Nominal broad US dollar index
2020-12-03,DTWEXBGS,112.0236,Nominal broad US dollar index
2020-12-04,DTWEXBGS,111.7778,Nominal broad US dollar index
2020-12-07,DTWEXBGS,111.8385,Nominal broad US dollar index
2020-12-08,DTWEXBGS,111.8639,Nominal broad US dollar index
2020-12-09,DTWEXBGS,112.0305,Nominal broad US dollar index
2020-12-10,DTWEXBGS,111.9788,Nominal broad US dollar index
2020-12-11,DTWEXBGS,112.1417,Nominal broad US dollar index
2020-12-14,DTWEXBGS,112.1708,Nominal broad US dollar index
2020-12-15,DTWEXBGS,111.8601,Nominal broad US dollar index
2020-12-16,DTWEXBGS,111.7157,Nominal broad US dollar index
2020-12-17,DTWEXBGS,111.2226,Nominal broad US dollar index
2020-12-18,DTWEXBGS,111.6071,Nominal broad US dollar index
2020-12-21,DTWEXBGS,111.9415,Nominal broad US dollar index
2020-12-22,DTWEXBGS,112.1947,Nominal broad US dollar index
2020-12-23,DTWEXBGS,111.9807,Nominal broad US dollar index
2020-12-24,DTWEXBGS,,Nominal broad US dollar index
2020-12-25,DTWEXBGS,,Nominal broad US dollar index
2020-12-28,DTWEXBGS,111.9752,Nominal broad US dollar index
2020-12-29,DTWEXBGS,111.5172,Nominal broad US dollar index
2020-12-30,DTWEXBGS,111.3084,Nominal broad US dollar index
2020-12-31,DTWEXBGS,111.3169,Nominal broad US dollar index
2021-01-01,DTWEXBGS,,Nominal broad US dollar index
2021-01-04,DTWEXBGS,111.2075,Nominal broad US dollar index
2021-01-05,DTWEXBGS,110.9574,Nominal broad US dollar index
2021-01-06,DTWEXBGS,110.8502,Nominal broad US dollar index
2021-01-07,DTWEXBGS,111.3042,Nominal broad US dollar index
2021-01-08,DTWEXBGS,111.2847,Nominal broad US dollar index
2021-01-11,DTWEXBGS,111.8257,Nominal broad US dollar index
2021-01-12,DTWEXBGS,111.5501,Nominal broad US dollar index
2021-01-13,DTWEXBGS,111.3622,Nominal broad US dollar index
2021-01-14,DTWEXBGS,111.1567,Nominal broad US dollar index
2021-01-15,DTWEXBGS,111.5106,Nominal broad US dollar index
2021-01-18,DTWEXBGS,,Nominal broad US dollar index
2021-01-19,DTWEXBGS,111.4527,Nominal broad US dollar index
2021-01-20,DTWEXBGS,,Nominal broad US dollar index
2021-01-21,DTWEXBGS,111.1973,Nominal broad US dollar index
2021-01-22,DTWEXBGS,111.5516,Nominal broad US dollar index
2021-01-25,DTWEXBGS,111.8676,Nominal broad US dollar index
2021-01-26,DTWEXBGS,111.6572,Nominal broad US dollar index
2021-01-27,DTWEXBGS,112.0782,Nominal broad US dollar index
2021-01-28,DTWEXBGS,112.0059,Nominal broad US dollar index
2021-01-29,DTWEXBGS,111.9511,Nominal broad US dollar index
2021-02-01,DTWEXBGS,112.4189,Nominal broad US dollar index
2021-02-02,DTWEXBGS,112.2862,Nominal broad US dollar index
2021-02-03,DTWEXBGS,112.2567,Nominal broad US dollar index
2021-02-04,DTWEXBGS,112.7469,Nominal broad US dollar index
2021-02-05,DTWEXBGS,112.2379,Nominal broad US dollar index
2021-02-08,DTWEXBGS,112.0428,Nominal broad US dollar index
2021-02-09,DTWEXBGS,111.7675,Nominal broad US dollar index
2021-02-10,DTWEXBGS,111.5834,Nominal broad US dollar index
2021-02-11,DTWEXBGS,111.5272,Nominal broad US dollar index
2021-02-12,DTWEXBGS,111.4889,Nominal broad US dollar index
2021-02-15,DTWEXBGS,,Nominal broad US dollar index
2021-02-16,DTWEXBGS,111.7879,Nominal broad US dollar index
2021-02-17,DTWEXBGS,112.0204,Nominal broad US dollar index
2021-02-18,DTWEXBGS,112.1603,Nominal broad US dollar index
2021-02-19,DTWEXBGS,111.7058,Nominal broad US dollar index
2021-02-22,DTWEXBGS,111.918,Nominal broad US dollar index
2021-02-23,DTWEXBGS,111.8981,Nominal broad US dollar index
2021-02-24,DTWEXBGS,111.7212,Nominal broad US dollar index
2021-02-25,DTWEXBGS,111.9253,Nominal broad US dollar index
2021-02-26,DTWEXBGS,112.8306,Nominal broad US dollar index
2021-03-01,DTWEXBGS,112.5263,Nominal broad US dollar index
2021-03-02,DTWEXBGS,112.5342,Nominal broad US dollar index
2021-03-03,DTWEXBGS,112.7617,Nominal broad US dollar index
2021-03-04,DTWEXBGS,112.7037,Nominal broad US dollar index
2021-03-05,DTWEXBGS,113.7487,Nominal broad US dollar index
2021-03-08,DTWEXBGS,114.2678,Nominal broad US dollar index
2021-03-09,DTWEXBGS,113.928,Nominal broad US dollar index
2021-03-10,DTWEXBGS,113.5881,Nominal broad US dollar index
2021-03-11,DTWEXBGS,112.9214,Nominal broad US dollar index
2021-03-12,DTWEXBGS,113.0269,Nominal broad US dollar index
2021-03-15,DTWEXBGS,113.1928,Nominal broad US dollar index
2021-03-16,DTWEXBGS,112.9839,Nominal broad US dollar index
2021-03-17,DTWEXBGS,113.1589,Nominal broad US dollar index
2021-03-18,DTWEXBGS,112.7744,Nominal broad US dollar index
2021-03-19,DTWEXBGS,112.9756,Nominal broad US dollar index
2021-03-22,DTWEXBGS,113.0023,Nominal broad US dollar index
2021-03-23,DTWEXBGS,113.2916,Nominal broad US dollar index
2021-03-24,DTWEXBGS,113.6565,Nominal broad US dollar index
2021-03-25,DTWEXBGS,114.0016,Nominal broad US dollar index
2021-03-26,DTWEXBGS,113.7406,Nominal broad US dollar index
2021-03-29,DTWEXBGS,113.9314,Nominal broad US dollar index
2021-03-30,DTWEXBGS,114.203,Nominal broad US dollar index
2021-03-31,DTWEXBGS,113.8234,Nominal broad US dollar index
2021-04-01,DTWEXBGS,113.7389,Nominal broad US dollar index
2021-04-02,DTWEXBGS,113.7315,Nominal broad US dollar index
2021-04-05,DTWEXBGS,113.394,Nominal broad US dollar index
2021-04-06,DTWEXBGS,113.1464,Nominal broad US dollar index
2021-04-07,DTWEXBGS,113.2436,Nominal broad US dollar index
2021-04-08,DTWEXBGS,113.0917,Nominal broad US dollar index
2021-04-09,DTWEXBGS,113.2028,Nominal broad US dollar index
2021-04-12,DTWEXBGS,113.1815,Nominal broad US dollar index
2021-04-13,DTWEXBGS,113.0391,Nominal broad US dollar index
2021-04-14,DTWEXBGS,112.7849,Nominal broad US dollar index
2021-04-15,DTWEXBGS,112.6181,Nominal broad US dollar index
2021-04-16,DTWEXBGS,112.4814,Nominal broad US dollar index
2021-04-19,DTWEXBGS,112.1835,Nominal broad US dollar index
2021-04-20,DTWEXBGS,112.2354,Nominal broad US dollar index
2021-04-21,DTWEXBGS,112.1771,Nominal broad US dollar index
2021-04-22,DTWEXBGS,112.2297,Nominal broad US dollar index
2021-04-23,DTWEXBGS,112.0889,Nominal broad US dollar index
2021-04-26,DTWEXBGS,111.8109,Nominal broad US dollar index
2021-04-27,DTWEXBGS,111.9097,Nominal broad US dollar index
2021-04-28,DTWEXBGS,111.7909,Nominal broad US dollar index
2021-04-29,DTWEXBGS,111.7464,Nominal broad US dollar index
2021-04-30,DTWEXBGS,112.0839,Nominal broad US dollar index
2021-05-03,DTWEXBGS,112.005,Nominal broad US dollar index
2021-05-04,DTWEXBGS,112.2896,Nominal broad US dollar index
2021-05-05,DTWEXBGS,112.1514,Nominal broad US dollar index
2021-05-06,DTWEXBGS,111.8401,Nominal broad US dollar index
2021-05-07,DTWEXBGS,111.0249,Nominal broad US dollar index
2021-05-10,DTWEXBGS,110.7905,Nominal broad US dollar index
2021-05-11,DTWEXBGS,110.8921,Nominal broad US dollar index
2021-05-12,DTWEXBGS,111.5636,Nominal broad US dollar index
2021-05-13,DTWEXBGS,111.5955,Nominal broad US dollar index
2021-05-14,DTWEXBGS,111.1353,Nominal broad US dollar index
2021-05-17,DTWEXBGS,111.079,Nominal broad US dollar index
2021-05-18,DTWEXBGS,110.8317,Nominal broad US dollar index
2021-05-19,DTWEXBGS,110.8807,Nominal broad US dollar index
2021-05-20,DTWEXBGS,110.8605,Nominal broad US dollar index
2021-05-21,DTWEXBGS,111.0576,Nominal broad US dollar index
2021-05-24,DTWEXBGS,110.9118,Nominal broad US dollar index
2021-05-25,DTWEXBGS,110.842,Nominal broad US dollar index
2021-05-26,DTWEXBGS,110.8677,Nominal broad US dollar index
2021-05-27,DTWEXBGS,110.8688,Nominal broad US dollar index
2021-05-28,DTWEXBGS,110.7576,Nominal broad US dollar index
2021-05-31,DTWEXBGS,,Nominal broad US dollar index
2021-06-01,DTWEXBGS,110.5046,Nominal broad US dollar index
2021-06-02,DTWEXBGS,110.5799,Nominal broad US dollar index
2021-06-03,DTWEXBGS,111.1782,Nominal broad US dollar index
2021-06-04,DTWEXBGS,110.7521,Nominal broad US dollar index
2021-06-07,DTWEXBGS,110.5155,Nominal broad US dollar index
2021-06-08,DTWEXBGS,110.649,Nominal broad US dollar index
2021-06-09,DTWEXBGS,110.5707,Nominal broad US dollar index
2021-06-10,DTWEXBGS,110.5456,Nominal broad US dollar index
2021-06-11,DTWEXBGS,111.0933,Nominal broad US dollar index
2021-06-14,DTWEXBGS,110.9659,Nominal broad US dollar index
2021-06-15,DTWEXBGS,111.3507,Nominal broad US dollar index
2021-06-16,DTWEXBGS,111.1165,Nominal broad US dollar index
2021-06-17,DTWEXBGS,112.5772,Nominal broad US dollar index
2021-06-18,DTWEXBGS,113.0408,Nominal broad US dollar index
2021-06-21,DTWEXBGS,112.8391,Nominal broad US dollar index
2021-06-22,DTWEXBGS,112.9174,Nominal broad US dollar index
2021-06-23,DTWEXBGS,112.3819,Nominal broad US dollar index
2021-06-24,DTWEXBGS,112.326,Nominal broad US dollar index
2021-06-25,DTWEXBGS,111.9655,Nominal broad US dollar index
2021-06-28,DTWEXBGS,112.0248,Nominal broad US dollar index
2021-06-29,DTWEXBGS,112.2613,Nominal broad US dollar index
2021-06-30,DTWEXBGS,112.5533,Nominal broad US dollar index
2021-07-01,DTWEXBGS,112.74,Nominal broad US dollar index
2021-07-02,DTWEXBGS,112.5425,Nominal broad US dollar index
2021-07-05,DTWEXBGS,,Nominal broad US dollar index
2021-07-06,DTWEXBGS,112.9516,Nominal broad US dollar index
2021-07-07,DTWEXBGS,113.1048,Nominal broad US dollar index
2021-07-08,DTWEXBGS,113.0776,Nominal broad US dollar index
2021-07-09,DTWEXBGS,112.8375,Nominal broad US dollar index
2021-07-12,DTWEXBGS,112.7611,Nominal broad US dollar index
2021-07-13,DTWEXBGS,113.0063,Nominal broad US dollar index
2021-07-14,DTWEXBGS,112.8801,Nominal broad US dollar index
2021-07-15,DTWEXBGS,113.0041,Nominal broad US dollar index
2021-07-16,DTWEXBGS,113.0428,Nominal broad US dollar index
2021-07-19,DTWEXBGS,113.5472,Nominal broad US dollar index
2021-07-20,DTWEXBGS,113.7502,Nominal broad US dollar index
2021-07-21,DTWEXBGS,113.3926,Nominal broad US dollar index
2021-07-22,DTWEXBGS,113.4695,Nominal broad US dollar index
2021-07-23,DTWEXBGS,113.4398,Nominal broad US dollar index
2021-07-26,DTWEXBGS,113.2238,Nominal broad US dollar index
2021-07-27,DTWEXBGS,113.2227,Nominal broad US dollar index
2021-07-28,DTWEXBGS,113.1807,Nominal broad US dollar index
2021-07-29,DTWEXBGS,112.4834,Nominal broad US dollar index
2021-07-30,DTWEXBGS,112.6714,Nominal broad US dollar index
2021-08-02,DTWEXBGS,112.6691,Nominal broad US dollar index
2021-08-03,DTWEXBGS,112.8228,Nominal broad US dollar index
2021-08-04,DTWEXBGS,112.8953,Nominal broad US dollar index
2021-08-05,DTWEXBGS,112.7674,Nominal broad US dollar index
2021-08-06,DTWEXBGS,113.3088,Nominal broad US dollar index
2021-08-09,DTWEXBGS,113.4521,Nominal broad US dollar index
2021-08-10,DTWEXBGS,113.4973,Nominal broad US dollar index
2021-08-11,DTWEXBGS,113.282,Nominal broad US dollar index
2021-08-12,DTWEXBGS,113.2691,Nominal broad US dollar index
2021-08-13,DTWEXBGS,113.0615,Nominal broad US dollar index
2021-08-16,DTWEXBGS,113.1698,Nominal broad US dollar index
2021-08-17,DTWEXBGS,113.6174,Nominal broad US dollar index
2021-08-18,DTWEXBGS,113.6959,Nominal broad US dollar index
2021-08-19,DTWEXBGS,114.1106,Nominal broad US dollar index
2021-08-20,DTWEXBGS,114.5009,Nominal broad US dollar index
2021-08-23,DTWEXBGS,113.9418,Nominal broad US dollar index
2021-08-24,DTWEXBGS,113.6795,Nominal broad US dollar index
2021-08-25,DTWEXBGS,113.6322,Nominal broad US dollar index
2021-08-26,DTWEXBGS,113.7883,Nominal broad US dollar index
2021-08-27,DTWEXBGS,113.3404,Nominal broad US dollar index
2021-08-30,DTWEXBGS,113.246,Nominal broad US dollar index
2021-08-31,DTWEXBGS,113.1076,Nominal broad US dollar index
2021-09-01,DTWEXBGS,112.8732,Nominal broad US dollar index
2021-09-02,DTWEXBGS,112.7863,Nominal broad US dollar index
2021-09-03,DTWEXBGS,112.5476,Nominal broad US dollar index
2021-09-06,DTWEXBGS,,Nominal broad US dollar index
2021-09-07,DTWEXBGS,112.9795,Nominal broad US dollar index
2021-09-08,DTWEXBGS,113.2319,Nominal broad US dollar index
2021-09-09,DTWEXBGS,113.043,Nominal broad US dollar index
2021-09-10,DTWEXBGS,112.9425,Nominal broad US dollar index
2021-09-13,DTWEXBGS,113.0341,Nominal broad US dollar index
2021-09-14,DTWEXBGS,113.0061,Nominal broad US dollar index
2021-09-15,DTWEXBGS,112.9773,Nominal broad US dollar index
2021-09-16,DTWEXBGS,113.3036,Nominal broad US dollar index
2021-09-17,DTWEXBGS,113.5989,Nominal broad US dollar index
2021-09-20,DTWEXBGS,113.9422,Nominal broad US dollar index
2021-09-21,DTWEXBGS,113.8179,Nominal broad US dollar index
2021-09-22,DTWEXBGS,113.6223,Nominal broad US dollar index
2021-09-23,DTWEXBGS,113.513,Nominal broad US dollar index
2021-09-24,DTWEXBGS,113.7597,Nominal broad US dollar index
2021-09-27,DTWEXBGS,113.7432,Nominal broad US dollar index
2021-09-28,DTWEXBGS,114.2469,Nominal broad US dollar index
2021-09-29,DTWEXBGS,114.7092,Nominal broad US dollar index
2021-09-30,DTWEXBGS,114.6403,Nominal broad US dollar index
2021-10-01,DTWEXBGS,114.3798,Nominal broad US dollar index
2021-10-04,DTWEXBGS,114.2739,Nominal broad US dollar index
2021-10-05,DTWEXBGS,114.3654,Nominal broad US dollar index
2021-10-06,DTWEXBGS,114.7185,Nominal broad US dollar index
2021-10-07,DTWEXBGS,114.5044,Nominal broad US dollar index
2021-10-08,DTWEXBGS,114.5986,Nominal broad US dollar index
2021-10-11,DTWEXBGS,,Nominal broad US dollar index
2021-10-12,DTWEXBGS,114.7542,Nominal broad US dollar index
2021-10-13,DTWEXBGS,114.4705,Nominal broad US dollar index
2021-10-14,DTWEXBGS,114.2053,Nominal broad US dollar index
2021-10-15,DTWEXBGS,114.0905,Nominal broad US dollar index
2021-10-18,DTWEXBGS,113.9899,Nominal broad US dollar index
2021-10-19,DTWEXBGS,113.647,Nominal broad US dollar index
2021-10-20,DTWEXBGS,113.5083,Nominal broad US dollar index
2021-10-21,DTWEXBGS,113.6188,Nominal broad US dollar index
2021-10-22,DTWEXBGS,113.67,Nominal broad US dollar index
2021-10-25,DTWEXBGS,113.605,Nominal broad US dollar index
2021-10-26,DTWEXBGS,113.674,Nominal broad US dollar index
2021-10-27,DTWEXBGS,113.6218,Nominal broad US dollar index
2021-10-28,DTWEXBGS,113.4389,Nominal broad US dollar index
2021-10-29,DTWEXBGS,114.1349,Nominal broad US dollar index
2021-11-01,DTWEXBGS,114.2067,Nominal broad US dollar index
2021-11-02,DTWEXBGS,114.2847,Nominal broad US dollar index
2021-11-03,DTWEXBGS,114.3593,Nominal broad US dollar index
2021-11-04,DTWEXBGS,114.3558,Nominal broad US dollar index
2021-11-05,DTWEXBGS,114.0732,Nominal broad US dollar index
2021-11-08,DTWEXBGS,113.8256,Nominal broad US dollar index
2021-11-09,DTWEXBGS,113.762,Nominal broad US dollar index
2021-11-10,DTWEXBGS,114.1484,Nominal broad US dollar index
2021-11-11,DTWEXBGS,,Nominal broad US dollar index
2021-11-12,DTWEXBGS,114.5144,Nominal broad US dollar index
2021-11-15,DTWEXBGS,114.5876,Nominal broad US dollar index
2021-11-16,DTWEXBGS,115.136,Nominal broad US dollar index
2021-11-17,DTWEXBGS,115.0263,Nominal broad US dollar index
2021-11-18,DTWEXBGS,115.0678,Nominal broad US dollar index
2021-11-19,DTWEXBGS,115.2187,Nominal broad US dollar index
2021-11-22,DTWEXBGS,115.6481,Nominal broad US dollar index
2021-11-23,DTWEXBGS,116.0118,Nominal broad US dollar index
2021-11-24,DTWEXBGS,116.2711,Nominal broad US dollar index
2021-11-25,DTWEXBGS,,Nominal broad US dollar index
2021-11-26,DTWEXBGS,116.5103,Nominal broad US dollar index
2021-11-29,DTWEXBGS,116.581,Nominal broad US dollar index
2021-11-30,DTWEXBGS,116.2071,Nominal broad US dollar index
2021-12-01,DTWEXBGS,115.889,Nominal broad US dollar index
2021-12-02,DTWEXBGS,116.018,Nominal broad US dollar index
2021-12-03,DTWEXBGS,116.2377,Nominal broad US dollar index
2021-12-06,DTWEXBGS,116.1538,Nominal broad US dollar index
2021-12-07,DTWEXBGS,115.8555,Nominal broad US dollar index
2021-12-08,DTWEXBGS,115.4418,Nominal broad US dollar index
2021-12-09,DTWEXBGS,115.7784,Nominal broad US dollar index
2021-12-10,DTWEXBGS,115.5732,Nominal broad US dollar index
2021-12-13,DTWEXBGS,115.842,Nominal broad US dollar index
2021-12-14,DTWEXBGS,116.2397,Nominal broad US dollar index
2021-12-15,DTWEXBGS,116.4219,Nominal broad US dollar index
2021-12-16,DTWEXBGS,115.7146,Nominal broad US dollar index
2021-12-17,DTWEXBGS,115.791,Nominal broad US dollar index
2021-12-20,DTWEXBGS,116.0092,Nominal broad US dollar index
2021-12-21,DTWEXBGS,116.1089,Nominal broad US dollar index
2021-12-22,DTWEXBGS,115.7485,Nominal broad US dollar index
2021-12-23,DTWEXBGS,115.5337,Nominal broad US dollar index
2021-12-24,DTWEXBGS,,Nominal broad US dollar index
2021-12-27,DTWEXBGS,115.4684,Nominal broad US dollar index
2021-12-28,DTWEXBGS,115.4192,Nominal broad US dollar index
2021-12-29,DTWEXBGS,115.3678,Nominal broad US dollar index
2021-12-30,DTWEXBGS,115.283,Nominal broad US dollar index
2021-12-31,DTWEXBGS,,Nominal broad US dollar index
2022-01-03,DTWEXBGS,115.4101,Nominal broad US dollar index
2022-01-04,DTWEXBGS,115.3103,Nominal broad US dollar index
2022-01-05,DTWEXBGS,115.137,Nominal broad US dollar index
2022-01-06,DTWEXBGS,115.4046,Nominal broad US dollar index
2022-01-07,DTWEXBGS,115.0451,Nominal broad US dollar index
2022-01-10,DTWEXBGS,115.2216,Nominal broad US dollar index
2022-01-11,DTWEXBGS,114.8332,Nominal broad US dollar index
2022-01-12,DTWEXBGS,114.355,Nominal broad US dollar index
2022-01-13,DTWEXBGS,114.177,Nominal broad US dollar index
2022-01-14,DTWEXBGS,114.3825,Nominal broad US dollar index
2022-01-17,DTWEXBGS,,Nominal broad US dollar index
2022-01-18,DTWEXBGS,114.7373,Nominal broad US dollar index
2022-01-19,DTWEXBGS,114.6109,Nominal broad US dollar index
2022-01-20,DTWEXBGS,114.4642,Nominal broad US dollar index
2022-01-21,DTWEXBGS,114.6125,Nominal broad US dollar index
2022-01-24,DTWEXBGS,115.2034,Nominal broad US dollar index
2022-01-25,DTWEXBGS,115.1654,Nominal broad US dollar index
2022-01-26,DTWEXBGS,115.0922,Nominal broad US dollar index
2022-01-27,DTWEXBGS,115.978,Nominal broad US dollar index
2022-01-28,DTWEXBGS,116.0393,Nominal broad US dollar index
2022-01-31,DTWEXBGS,115.566,Nominal broad US dollar index
2022-02-01,DTWEXBGS,115.3685,Nominal broad US dollar index
2022-02-02,DTWEXBGS,115.1538,Nominal broad US dollar index
2022-02-03,DTWEXBGS,114.9065,Nominal broad US dollar index
2022-02-04,DTWEXBGS,115.1362,Nominal broad US dollar index
2022-02-07,DTWEXBGS,115.0098,Nominal broad US dollar index
2022-02-08,DTWEXBGS,115.0892,Nominal broad US dollar index
2022-02-09,DTWEXBGS,114.8232,Nominal broad US dollar index
2022-02-10,DTWEXBGS,114.5527,Nominal broad US dollar index
2022-02-11,DTWEXBGS,114.8413,Nominal broad US dollar index
2022-02-14,DTWEXBGS,115.1946,Nominal broad US dollar index
2022-02-15,DTWEXBGS,114.93,Nominal broad US dollar index
2022-02-16,DTWEXBGS,114.6886,Nominal broad US dollar index
2022-02-17,DTWEXBGS,114.6755,Nominal broad US dollar index
2022-02-18,DTWEXBGS,114.7982,Nominal broad US dollar index
2022-02-21,DTWEXBGS,,Nominal broad US dollar index
2022-02-22,DTWEXBGS,114.7002,Nominal broad US dollar index
2022-02-23,DTWEXBGS,114.6668,Nominal broad US dollar index
2022-02-24,DTWEXBGS,115.9419,Nominal broad US dollar index
2022-02-25,DTWEXBGS,115.2577,Nominal broad US dollar index
2022-02-28,DTWEXBGS,115.2224,Nominal broad US dollar index
2022-03-01,DTWEXBGS,115.7962,Nominal broad US dollar index
2022-03-02,DTWEXBGS,115.7623,Nominal broad US dollar index
2022-03-03,DTWEXBGS,115.9495,Nominal broad US dollar index
2022-03-04,DTWEXBGS,116.6503,Nominal broad US dollar index
2022-03-07,DTWEXBGS,117.3278,Nominal broad US dollar index
2022-03-08,DTWEXBGS,117.6176,Nominal broad US dollar index
2022-03-09,DTWEXBGS,116.5961,Nominal broad US dollar index
2022-03-10,DTWEXBGS,116.7401,Nominal broad US dollar index
2022-03-11,DTWEXBGS,117.0192,Nominal broad US dollar index
2022-03-14,DTWEXBGS,117.1506,Nominal broad US dollar index
2022-03-15,DTWEXBGS,117.246,Nominal broad US dollar index
2022-03-16,DTWEXBGS,116.8073,Nominal broad US dollar index
2022-03-17,DTWEXBGS,116.0467,Nominal broad US dollar index
2022-03-18,DTWEXBGS,116.1378,Nominal broad US dollar index
2022-03-21,DTWEXBGS,115.9398,Nominal broad US dollar index
2022-03-22,DTWEXBGS,116.0824,Nominal broad US dollar index
2022-03-23,DTWEXBGS,116.005,Nominal broad US dollar index
2022-03-24,DTWEXBGS,115.9599,Nominal broad US dollar index
2022-03-25,DTWEXBGS,115.7921,Nominal broad US dollar index
2022-03-28,DTWEXBGS,116.1911,Nominal broad US dollar index
2022-03-29,DTWEXBGS,115.5679,Nominal broad US dollar index
2022-03-30,DTWEXBGS,115.0818,Nominal broad US dollar index
2022-03-31,DTWEXBGS,115.2218,Nominal broad US dollar index
2022-04-01,DTWEXBGS,115.4814,Nominal broad US dollar index
2022-04-04,DTWEXBGS,115.4112,Nominal broad US dollar index
2022-04-05,DTWEXBGS,115.73,Nominal broad US dollar index
2022-04-06,DTWEXBGS,115.9995,Nominal broad US dollar index
2022-04-07,DTWEXBGS,116.3512,Nominal broad US dollar index
2022-04-08,DTWEXBGS,116.4176,Nominal broad US dollar index
2022-04-11,DTWEXBGS,116.5401,Nominal broad US dollar index
2022-04-12,DTWEXBGS,116.3866,Nominal broad US dollar index
2022-04-13,DTWEXBGS,116.2796,Nominal broad US dollar index
2022-04-14,DTWEXBGS,116.7558,Nominal broad US dollar index
2022-04-15,DTWEXBGS,116.7017,Nominal broad US dollar index
2022-04-18,DTWEXBGS,116.8441,Nominal broad US dollar index
2022-04-19,DTWEXBGS,117.1324,Nominal broad US dollar index
2022-04-20,DTWEXBGS,116.7306,Nominal broad US dollar index
2022-04-21,DTWEXBGS,117.1432,Nominal broad US dollar index
2022-04-22,DTWEXBGS,118.0186,Nominal broad US dollar index
2022-04-25,DTWEXBGS,118.6271,Nominal broad US dollar index
2022-04-26,DTWEXBGS,118.9624,Nominal broad US dollar index
2022-04-27,DTWEXBGS,119.4708,Nominal broad US dollar index
2022-04-28,DTWEXBGS,120.0675,Nominal broad US dollar index
2022-04-29,DTWEXBGS,119.4933,Nominal broad US dollar index
2022-05-02,DTWEXBGS,119.8825,Nominal broad US dollar index
2022-05-03,DTWEXBGS,119.7043,Nominal broad US dollar index
2022-05-04,DTWEXBGS,119.5592,Nominal broad US dollar index
2022-05-05,DTWEXBGS,120.0068,Nominal broad US dollar index
2022-05-06,DTWEXBGS,119.8577,Nominal broad US dollar index
2022-05-09,DTWEXBGS,120.4972,Nominal broad US dollar index
2022-05-10,DTWEXBGS,120.7742,Nominal broad US dollar index
2022-05-11,DTWEXBGS,120.3925,Nominal broad US dollar index
2022-05-12,DTWEXBGS,121.2796,Nominal broad US dollar index
2022-05-13,DTWEXBGS,120.8442,Nominal broad US dollar index
2022-05-16,DTWEXBGS,120.6881,Nominal broad US dollar index
2022-05-17,DTWEXBGS,119.8871,Nominal broad US dollar index
2022-05-18,DTWEXBGS,120.0274,Nominal broad US dollar index
2022-05-19,DTWEXBGS,119.4278,Nominal broad US dollar index
2022-05-20,DTWEXBGS,119.3677,Nominal broad US dollar index
2022-05-23,DTWEXBGS,118.7169,Nominal broad US dollar index
2022-05-24,DTWEXBGS,118.6245,Nominal broad US dollar index
2022-05-25,DTWEXBGS,118.9598,Nominal broad US dollar index
2022-05-26,DTWEXBGS,118.7687,Nominal broad US dollar index
2022-05-27,DTWEXBGS,118.2834,Nominal broad US dollar index
2022-05-30,DTWEXBGS,,Nominal broad US dollar index
2022-05-31,DTWEXBGS,118.0704,Nominal broad US dollar index
2022-06-01,DTWEXBGS,118.6954,Nominal broad US dollar index
2022-06-02,DTWEXBGS,118.0658,Nominal broad US dollar index
2022-06-03,DTWEXBGS,118.2153,Nominal broad US dollar index
2022-06-06,DTWEXBGS,118.3081,Nominal broad US dollar index
2022-06-07,DTWEXBGS,118.4414,Nominal broad US dollar index
2022-06-08,DTWEXBGS,118.3951,Nominal broad US dollar index
2022-06-09,DTWEXBGS,118.9226,Nominal broad US dollar index
2022-06-10,DTWEXBGS,119.9981,Nominal broad US dollar index
2022-06-13,DTWEXBGS,121.1523,Nominal broad US dollar index
2022-06-14,DTWEXBGS,121.6669,Nominal broad US dollar index
2022-06-15,DTWEXBGS,121.6403,Nominal broad US dollar index
2022-06-16,DTWEXBGS,120.6714,Nominal broad US dollar index
2022-06-17,DTWEXBGS,121.2369,Nominal broad US dollar index
2022-06-20,DTWEXBGS,,Nominal broad US dollar index
2022-06-21,DTWEXBGS,120.6427,Nominal broad US dollar index
2022-06-22,DTWEXBGS,120.5197,Nominal broad US dollar index
2022-06-23,DTWEXBGS,120.7622,Nominal broad US dollar index
2022-06-24,DTWEXBGS,120.4853,Nominal broad US dollar index
2022-06-27,DTWEXBGS,120.1736,Nominal broad US dollar index
2022-06-28,DTWEXBGS,120.62,Nominal broad US dollar index
2022-06-29,DTWEXBGS,120.9616,Nominal broad US dollar index
2022-06-30,DTWEXBGS,120.9652,Nominal broad US dollar index
2022-07-01,DTWEXBGS,121.5058,Nominal broad US dollar index
2022-07-04,DTWEXBGS,,Nominal broad US dollar index
2022-07-05,DTWEXBGS,122.6203,Nominal broad US dollar index
2022-07-06,DTWEXBGS,123.0073,Nominal broad US dollar index
2022-07-07,DTWEXBGS,122.7257,Nominal broad US dollar index
2022-07-08,DTWEXBGS,122.4662,Nominal broad US dollar index
2022-07-11,DTWEXBGS,123.2974,Nominal broad US dollar index
2022-07-12,DTWEXBGS,123.4524,Nominal broad US dollar index
2022-07-13,DTWEXBGS,123.2834,Nominal broad US dollar index
2022-07-14,DTWEXBGS,124.0622,Nominal broad US dollar index
2022-07-15,DTWEXBGS,123.4765,Nominal broad US dollar index
2022-07-18,DTWEXBGS,122.7727,Nominal broad US dollar index
2022-07-19,DTWEXBGS,122.4819,Nominal broad US dollar index
2022-07-20,DTWEXBGS,122.5997,Nominal broad US dollar index
2022-07-21,DTWEXBGS,122.9032,Nominal broad US dollar index
2022-07-22,DTWEXBGS,122.451,Nominal broad US dollar index
2022-07-25,DTWEXBGS,122.4594,Nominal broad US dollar index
2022-07-26,DTWEXBGS,122.7581,Nominal broad US dollar index
2022-07-27,DTWEXBGS,122.8169,Nominal broad US dollar index
2022-07-28,DTWEXBGS,122.1161,Nominal broad US dollar index
2022-07-29,DTWEXBGS,121.7678,Nominal broad US dollar index
2022-08-01,DTWEXBGS,121.4109,Nominal broad US dollar index
2022-08-02,DTWEXBGS,121.9486,Nominal broad US dollar index
2022-08-03,DTWEXBGS,122.3888,Nominal broad US dollar index
2022-08-04,DTWEXBGS,121.8333,Nominal broad US dollar index
2022-08-05,DTWEXBGS,122.321,Nominal broad US dollar index
2022-08-08,DTWEXBGS,121.8783,Nominal broad US dollar index
2022-08-09,DTWEXBGS,121.8614,Nominal broad US dollar index
2022-08-10,DTWEXBGS,120.7543,Nominal broad US dollar index
2022-08-11,DTWEXBGS,120.7163,Nominal broad US dollar index
2022-08-12,DTWEXBGS,121.018,Nominal broad US dollar index
2022-08-15,DTWEXBGS,121.4315,Nominal broad US dollar index
2022-08-16,DTWEXBGS,121.6807,Nominal broad US dollar index
2022-08-17,DTWEXBGS,122.0711,Nominal broad US dollar index
2022-08-18,DTWEXBGS,122.3627,Nominal broad US dollar index
2022-08-19,DTWEXBGS,123.0501,Nominal broad US dollar index
2022-08-22,DTWEXBGS,123.605,Nominal broad US dollar index
2022-08-23,DTWEXBGS,123.0547,Nominal broad US dollar index
2022-08-24,DTWEXBGS,123.109,Nominal broad US dollar index
2022-08-25,DTWEXBGS,123.0586,Nominal broad US dollar index
2022-08-26,DTWEXBGS,123.0656,Nominal broad US dollar index
2022-08-29,DTWEXBGS,123.4686,Nominal broad US dollar index
2022-08-30,DTWEXBGS,123.6848,Nominal broad US dollar index
2022-08-31,DTWEXBGS,123.535,Nominal broad US dollar index
2022-09-01,DTWEXBGS,124.4006,Nominal broad US dollar index
2022-09-02,DTWEXBGS,123.7743,Nominal broad US dollar index
2022-09-05,DTWEXBGS,,Nominal broad US dollar index
2022-09-06,DTWEXBGS,124.767,Nominal broad US dollar index
2022-09-07,DTWEXBGS,124.8408,Nominal broad US dollar index
2022-09-08,DTWEXBGS,124.578,Nominal broad US dollar index
2022-09-09,DTWEXBGS,123.7874,Nominal broad US dollar index
2022-09-12,DTWEXBGS,123.3332,Nominal broad US dollar index
2022-09-13,DTWEXBGS,124.4242,Nominal broad US dollar index
2022-09-14,DTWEXBGS,124.4509,Nominal broad US dollar index
2022-09-15,DTWEXBGS,124.8843,Nominal broad US dollar index
2022-09-16,DTWEXBGS,124.8794,Nominal broad US dollar index
2022-09-19,DTWEXBGS,125.0104,Nominal broad US dollar index
2022-09-20,DTWEXBGS,125.1248,Nominal broad US dollar index
2022-09-21,DTWEXBGS,125.7399,Nominal broad US dollar index
2022-09-22,DTWEXBGS,126.1667,Nominal broad US dollar index
2022-09-23,DTWEXBGS,127.2853,Nominal broad US dollar index
2022-09-26,DTWEXBGS,128.4539,Nominal broad US dollar index
2022-09-27,DTWEXBGS,128.4386,Nominal broad US dollar index
2022-09-28,DTWEXBGS,128.0884,Nominal broad US dollar index
2022-09-29,DTWEXBGS,127.5437,Nominal broad US dollar index
2022-09-30,DTWEXBGS,127.5148,Nominal broad US dollar index
2022-10-03,DTWEXBGS,127.0813,Nominal broad US dollar index
2022-10-04,DTWEXBGS,126.1819,Nominal broad US dollar index
2022-10-05,DTWEXBGS,126.8616,Nominal broad US dollar index
2022-10-06,DTWEXBGS,127.2493,Nominal broad US dollar index
2022-10-07,DTWEXBGS,127.3111,Nominal broad US dollar index
2022-10-10,DTWEXBGS,,Nominal broad US dollar index
2022-10-11,DTWEXBGS,127.6641,Nominal broad US dollar index
2022-10-12,DTWEXBGS,128.1481,Nominal broad US dollar index
2022-10-13,DTWEXBGS,127.7286,Nominal broad US dollar index
2022-10-14,DTWEXBGS,128.3325,Nominal broad US dollar index
2022-10-17,DTWEXBGS,127.6448,Nominal broad US dollar index
2022-10-18,DTWEXBGS,127.9153,Nominal broad US dollar index
2022-10-19,DTWEXBGS,128.3968,Nominal broad US dollar index
2022-10-20,DTWEXBGS,128.0052,Nominal broad US dollar index
2022-10-21,DTWEXBGS,127.6735,Nominal broad US dollar index
2022-10-24,DTWEXBGS,128.0304,Nominal broad US dollar index
2022-10-25,DTWEXBGS,127.3771,Nominal broad US dollar index
2022-10-26,DTWEXBGS,126.4723,Nominal broad US dollar index
2022-10-27,DTWEXBGS,126.7028,Nominal broad US dollar index
2022-10-28,DTWEXBGS,127.2135,Nominal broad US dollar index
2022-10-31,DTWEXBGS,127.6219,Nominal broad US dollar index
2022-11-01,DTWEXBGS,127.3987,Nominal broad US dollar index
2022-11-02,DTWEXBGS,127.3115,Nominal broad US dollar index
2022-11-03,DTWEXBGS,128.1743,Nominal broad US dollar index
2022-11-04,DTWEXBGS,127.1468,Nominal broad US dollar index
2022-11-07,DTWEXBGS,126.3062,Nominal broad US dollar index
2022-11-08,DTWEXBGS,125.633,Nominal broad US dollar index
2022-11-09,DTWEXBGS,125.9861,Nominal broad US dollar index
2022-11-10,DTWEXBGS,124.7044,Nominal broad US dollar index
2022-11-11,DTWEXBGS,,Nominal broad US dollar index
2022-11-14,DTWEXBGS,123.4277,Nominal broad US dollar index
2022-11-15,DTWEXBGS,123.039,Nominal broad US dollar index
2022-11-16,DTWEXBGS,123.2817,Nominal broad US dollar index
2022-11-17,DTWEXBGS,123.977,Nominal broad US dollar index
2022-11-18,DTWEXBGS,123.8524,Nominal broad US dollar index
2022-11-21,DTWEXBGS,124.7009,Nominal broad US dollar index
2022-11-22,DTWEXBGS,124.2365,Nominal broad US dollar index
2022-11-23,DTWEXBGS,123.7574,Nominal broad US dollar index
2022-11-24,DTWEXBGS,,Nominal broad US dollar index
2022-11-25,DTWEXBGS,123.3386,Nominal broad US dollar index
2022-11-28,DTWEXBGS,123.6032,Nominal broad US dollar index
2022-11-29,DTWEXBGS,123.6615,Nominal broad US dollar index
2022-11-30,DTWEXBGS,123.5175,Nominal broad US dollar index
2022-12-01,DTWEXBGS,122.0045,Nominal broad US dollar index
2022-12-02,DTWEXBGS,122.0102,Nominal broad US dollar index
2022-12-05,DTWEXBGS,122.6384,Nominal broad US dollar index
2022-12-06,DTWEXBGS,123.0191,Nominal broad US dollar index
2022-12-07,DTWEXBGS,122.7608,Nominal broad US dollar index
2022-12-08,DTWEXBGS,122.4152,Nominal broad US dollar index
2022-12-09,DTWEXBGS,122.4201,Nominal broad US dollar index
2022-12-12,DTWEXBGS,122.7714,Nominal broad US dollar index
2022-12-13,DTWEXBGS,121.8493,Nominal broad US dollar index
2022-12-14,DTWEXBGS,121.8226,Nominal broad US dollar index
2022-12-15,DTWEXBGS,122.5519,Nominal broad US dollar index
2022-12-16,DTWEXBGS,122.6505,Nominal broad US dollar index
2022-12-19,DTWEXBGS,122.5275,Nominal broad US dollar index
2022-12-20,DTWEXBGS,122.1357,Nominal broad US dollar index
2022-12-21,DTWEXBGS,122.2828,Nominal broad US dollar index
2022-12-22,DTWEXBGS,122.2419,Nominal broad US dollar index
2022-12-23,DTWEXBGS,121.9743,Nominal broad US dollar index
2022-12-26,DTWEXBGS,,Nominal broad US dollar index
2022-12-27,DTWEXBGS,121.7539,Nominal broad US dollar index
2022-12-28,DTWEXBGS,122.0075,Nominal broad US dollar index
2022-12-29,DTWEXBGS,121.6577,Nominal broad US dollar index
2022-12-30,DTWEXBGS,121.4256,Nominal broad US dollar index
2023-01-02,DTWEXBGS,,Nominal broad US dollar index
2023-01-03,DTWEXBGS,122.0905,Nominal broad US dollar index
2023-01-04,DTWEXBGS,121.5008,Nominal broad US dollar index
2023-01-05,DTWEXBGS,122.1017,Nominal broad US dollar index
2023-01-06,DTWEXBGS,121.0852,Nominal broad US dollar index
2023-01-09,DTWEXBGS,120.1508,Nominal broad US dollar index
2023-01-10,DTWEXBGS,120.2483,Nominal broad US dollar index
2023-01-11,DTWEXBGS,120.1614,Nominal broad US dollar index
2023-01-12,DTWEXBGS,119.4218,Nominal broad US dollar index
2023-01-13,DTWEXBGS,119.1673,Nominal broad US dollar index
2023-01-16,DTWEXBGS,,Nominal broad US dollar index
2023-01-17,DTWEXBGS,119.2121,Nominal broad US dollar index
2023-01-18,DTWEXBGS,119.0755,Nominal broad US dollar index
2023-01-19,DTWEXBGS,119.6107,Nominal broad US dollar index
2023-01-20,DTWEXBGS,119.3486,Nominal broad US dollar index
2023-01-23,DTWEXBGS,119.1434,Nominal broad US dollar index
2023-01-24,DTWEXBGS,119.0958,Nominal broad US dollar index
2023-01-25,DTWEXBGS,118.9686,Nominal broad US dollar index
2023-01-26,DTWEXBGS,119.021,Nominal broad US dollar index
2023-01-27,DTWEXBGS,118.9223,Nominal broad US dollar index
2023-01-30,DTWEXBGS,118.8953,Nominal broad US dollar index
2023-01-31,DTWEXBGS,118.9802,Nominal broad US dollar index
2023-02-01,DTWEXBGS,118.6259,Nominal broad US dollar index
2023-02-02,DTWEXBGS,118.3421,Nominal broad US dollar index
2023-02-03,DTWEXBGS,119.5095,Nominal broad US dollar index
2023-02-06,DTWEXBGS,120.541,Nominal broad US dollar index
2023-02-07,DTWEXBGS,120.3475,Nominal broad US dollar index
2023-02-08,DTWEXBGS,120.1436,Nominal broad US dollar index
2023-02-09,DTWEXBGS,119.9781,Nominal broad US dollar index
2023-02-10,DTWEXBGS,120.1419,Nominal broad US dollar index
2023-02-13,DTWEXBGS,119.9828,Nominal broad US dollar index
2023-02-14,DTWEXBGS,119.9229,Nominal broad US dollar index
2023-02-15,DTWEXBGS,120.4557,Nominal broad US dollar index
2023-02-16,DTWEXBGS,120.4651,Nominal broad US dollar index
2023-02-17,DTWEXBGS,120.5526,Nominal broad US dollar index
2023-02-20,DTWEXBGS,,Nominal broad US dollar index
2023-02-21,DTWEXBGS,120.6256,Nominal broad US dollar index
2023-02-22,DTWEXBGS,120.8389,Nominal broad US dollar index
2023-02-23,DTWEXBGS,121.0896,Nominal broad US dollar index
2023-02-24,DTWEXBGS,121.5681,Nominal broad US dollar index
2023-02-27,DTWEXBGS,121.3941,Nominal broad US dollar index
2023-02-28,DTWEXBGS,121.3341,Nominal broad US dollar index
2023-03-01,DTWEXBGS,120.6347,Nominal broad US dollar index
2023-03-02,DTWEXBGS,121.1302,Nominal broad US dollar index
2023-03-03,DTWEXBGS,120.7742,Nominal broad US dollar index
2023-03-06,DTWEXBGS,120.485,Nominal broad US dollar index
2023-03-07,DTWEXBGS,121.4623,Nominal broad US dollar index
2023-03-08,DTWEXBGS,121.4511,Nominal broad US dollar index
2023-03-09,DTWEXBGS,121.4458,Nominal broad US dollar index
2023-03-10,DTWEXBGS,121.2421,Nominal broad US dollar index
2023-03-13,DTWEXBGS,120.8897,Nominal broad US dollar index
2023-03-14,DTWEXBGS,121.0141,Nominal broad US dollar index
2023-03-15,DTWEXBGS,122.1079,Nominal broad US dollar index
2023-03-16,DTWEXBGS,121.7221,Nominal broad US dollar index
2023-03-17,DTWEXBGS,121.5643,Nominal broad US dollar index
2023-03-20,DTWEXBGS,121.0141,Nominal broad US dollar index
2023-03-21,DTWEXBGS,120.8958,Nominal broad US dollar index
2023-03-22,DTWEXBGS,120.6217,Nominal broad US dollar index
2023-03-23,DTWEXBGS,119.7587,Nominal broad US dollar index
2023-03-24,DTWEXBGS,120.4598,Nominal broad US dollar index
2023-03-27,DTWEXBGS,120.2541,Nominal broad US dollar index
2023-03-28,DTWEXBGS,119.7138,Nominal broad US dollar index
2023-03-29,DTWEXBGS,119.7258,Nominal broad US dollar index
2023-03-30,DTWEXBGS,119.4078,Nominal broad US dollar index
2023-03-31,DTWEXBGS,119.3602,Nominal broad US dollar index
2023-04-03,DTWEXBGS,119.3204,Nominal broad US dollar index
2023-04-04,DTWEXBGS,119.142,Nominal broad US dollar index
2023-04-05,DTWEXBGS,119.2953,Nominal broad US dollar index
2023-04-06,DTWEXBGS,119.3072,Nominal broad US dollar index
2023-04-07,DTWEXBGS,119.3547,Nominal broad US dollar index
2023-04-10,DTWEXBGS,119.7948,Nominal broad US dollar index
2023-04-11,DTWEXBGS,119.5248,Nominal broad US dollar index
2023-04-12,DTWEXBGS,119.003,Nominal broad US dollar index
2023-04-13,DTWEXBGS,118.3915,Nominal broad US dollar index
2023-04-14,DTWEXBGS,118.8567,Nominal broad US dollar index
2023-04-17,DTWEXBGS,119.2787,Nominal broad US dollar index
2023-04-18,DTWEXBGS,119.1049,Nominal broad US dollar index
2023-04-19,DTWEXBGS,119.303,Nominal broad US dollar index
2023-04-20,DTWEXBGS,119.1199,Nominal broad US dollar index
2023-04-21,DTWEXBGS,119.3117,Nominal broad US dollar index
2023-04-24,DTWEXBGS,119.2039,Nominal broad US dollar index
2023-04-25,DTWEXBGS,119.613,Nominal broad US dollar index
2023-04-26,DTWEXBGS,119.3228,Nominal broad US dollar index
2023-04-27,DTWEXBGS,119.4298,Nominal broad US dollar index
2023-04-28,DTWEXBGS,119.2248,Nominal broad US dollar index
2023-05-01,DTWEXBGS,119.4435,Nominal broad US dollar index
2023-05-02,DTWEXBGS,119.6105,Nominal broad US dollar index
2023-05-03,DTWEXBGS,119.1233,Nominal broad US dollar index
2023-05-04,DTWEXBGS,119.0465,Nominal broad US dollar index
2023-05-05,DTWEXBGS,118.5548,Nominal broad US dollar index
2023-05-08,DTWEXBGS,118.5759,Nominal broad US dollar index
2023-05-09,DTWEXBGS,118.8239,Nominal broad US dollar index
2023-05-10,DTWEXBGS,118.5864,Nominal broad US dollar index
2023-05-11,DTWEXBGS,119.0303,Nominal broad US dollar index
2023-05-12,DTWEXBGS,119.3671,Nominal broad US dollar index
2023-05-15,DTWEXBGS,119.1608,Nominal broad US dollar index
2023-05-16,DTWEXBGS,119.1743,Nominal broad US dollar index
2023-05-17,DTWEXBGS,119.607,Nominal broad US dollar index
2023-05-18,DTWEXBGS,120.0886,Nominal broad US dollar index
2023-05-19,DTWEXBGS,119.7751,Nominal broad US dollar index
2023-05-22,DTWEXBGS,120.0875,Nominal broad US dollar index
2023-05-23,DTWEXBGS,120.3204,Nominal broad US dollar index
2023-05-24,DTWEXBGS,120.4752,Nominal broad US dollar index
2023-05-25,DTWEXBGS,120.8413,Nominal broad US dollar index
2023-05-26,DTWEXBGS,120.6304,Nominal broad US dollar index
2023-05-29,DTWEXBGS,,Nominal broad US dollar index
2023-05-30,DTWEXBGS,120.5546,Nominal broad US dollar index
2023-05-31,DTWEXBGS,120.9662,Nominal broad US dollar index
2023-06-01,DTWEXBGS,120.0491,Nominal broad US dollar index
2023-06-02,DTWEXBGS,120.0049,Nominal broad US dollar index
2023-06-05,DTWEXBGS,120.0048,Nominal broad US dollar index
2023-06-06,DTWEXBGS,119.9718,Nominal broad US dollar index
2023-06-07,DTWEXBGS,119.859,Nominal broad US dollar index
2023-06-08,DTWEXBGS,119.5712,Nominal broad US dollar index
2023-06-09,DTWEXBGS,119.4322,Nominal broad US dollar index
2023-06-12,DTWEXBGS,119.6376,Nominal broad US dollar index
2023-06-13,DTWEXBGS,119.1899,Nominal broad US dollar index
2023-06-14,DTWEXBGS,118.776,Nominal broad US dollar index
2023-06-15,DTWEXBGS,118.5521,Nominal broad US dollar index
2023-06-16,DTWEXBGS,118.4184,Nominal broad US dollar index
2023-06-19,DTWEXBGS,,Nominal broad US dollar index
2023-06-20,DTWEXBGS,118.938,Nominal broad US dollar index
2023-06-21,DTWEXBGS,118.727,Nominal broad US dollar index
2023-06-22,DTWEXBGS,118.7552,Nominal broad US dollar index
2023-06-23,DTWEXBGS,119.152,Nominal broad US dollar index
2023-06-26,DTWEXBGS,119.0761,Nominal broad US dollar index
2023-06-27,DTWEXBGS,118.8949,Nominal broad US dollar index
2023-06-28,DTWEXBGS,119.3382,Nominal broad US dollar index
2023-06-29,DTWEXBGS,119.527,Nominal broad US dollar index
2023-06-30,DTWEXBGS,119.3606,Nominal broad US dollar index
2023-07-03,DTWEXBGS,119.2119,Nominal broad US dollar index
2023-07-04,DTWEXBGS,,Nominal broad US dollar index
2023-07-05,DTWEXBGS,119.3483,Nominal broad US dollar index
2023-07-06,DTWEXBGS,119.8193,Nominal broad US dollar index
2023-07-07,DTWEXBGS,119.0761,Nominal broad US dollar index
2023-07-10,DTWEXBGS,118.9548,Nominal broad US dollar index
2023-07-11,DTWEXBGS,118.7344,Nominal broad US dollar index
2023-07-12,DTWEXBGS,117.6385,Nominal broad US dollar index
2023-07-13,DTWEXBGS,117.1831,Nominal broad US dollar index
2023-07-14,DTWEXBGS,117.0463,Nominal broad US dollar index
2023-07-17,DTWEXBGS,117.1267,Nominal broad US dollar index
2023-07-18,DTWEXBGS,117.0264,Nominal broad US dollar index
2023-07-19,DTWEXBGS,117.3462,Nominal broad US dollar index
2023-07-20,DTWEXBGS,117.5947,Nominal broad US dollar index
2023-07-21,DTWEXBGS,117.9418,Nominal broad US dollar index
2023-07-24,DTWEXBGS,117.8124,Nominal broad US dollar index
2023-07-25,DTWEXBGS,117.8565,Nominal broad US dollar index
2023-07-26,DTWEXBGS,117.76,Nominal broad US dollar index
2023-07-27,DTWEXBGS,117.8938,Nominal broad US dollar index
2023-07-28,DTWEXBGS,117.788,Nominal broad US dollar index
2023-07-31,DTWEXBGS,117.8241,Nominal broad US dollar index
2023-08-01,DTWEXBGS,118.5738,Nominal broad US dollar index
2023-08-02,DTWEXBGS,119.1268,Nominal broad US dollar index
2023-08-03,DTWEXBGS,119.3963,Nominal broad US dollar index
2023-08-04,DTWEXBGS,118.821,Nominal broad US dollar index
2023-08-07,DTWEXBGS,119.0809,Nominal broad US dollar index
2023-08-08,DTWEXBGS,119.6407,Nominal broad US dollar index
2023-08-09,DTWEXBGS,119.476,Nominal broad US dollar index
2023-08-10,DTWEXBGS,119.1581,Nominal broad US dollar index
2023-08-11,DTWEXBGS,119.6268,Nominal broad US dollar index
2023-08-14,DTWEXBGS,120.0725,Nominal broad US dollar index
2023-08-15,DTWEXBGS,120.2127,Nominal broad US dollar index
2023-08-16,DTWEXBGS,120.3551,Nominal broad US dollar index
2023-08-17,DTWEXBGS,120.5242,Nominal broad US dollar index
2023-08-18,DTWEXBGS,120.4321,Nominal broad US dollar index
2023-08-21,DTWEXBGS,120.4627,Nominal broad US dollar index
2023-08-22,DTWEXBGS,120.3554,Nominal broad US dollar index
2023-08-23,DTWEXBGS,120.0307,Nominal broad US dollar index
2023-08-24,DTWEXBGS,120.2354,Nominal broad US dollar index
2023-08-25,DTWEXBGS,120.5137,Nominal broad US dollar index
2023-08-28,DTWEXBGS,120.3155,Nominal broad US dollar index
2023-08-29,DTWEXBGS,120.2669,Nominal broad US dollar index
2023-08-30,DTWEXBGS,119.7937,Nominal broad US dollar index
2023-08-31,DTWEXBGS,120.225,Nominal broad US dollar index
2023-09-01,DTWEXBGS,120.759,Nominal broad US dollar index
2023-09-04,DTWEXBGS,,Nominal broad US dollar index
2023-09-05,DTWEXBGS,121.4345,Nominal broad US dollar index
2023-09-06,DTWEXBGS,121.8671,Nominal broad US dollar index
2023-09-07,DTWEXBGS,121.9528,Nominal broad US dollar index
2023-09-08,DTWEXBGS,121.9475,Nominal broad US dollar index
2023-09-11,DTWEXBGS,121.3386,Nominal broad US dollar index
2023-09-12,DTWEXBGS,121.2913,Nominal broad US dollar index
2023-09-13,DTWEXBGS,121.0549,Nominal broad US dollar index
2023-09-14,DTWEXBGS,121.2395,Nominal broad US dollar index
2023-09-15,DTWEXBGS,121.199,Nominal broad US dollar index
2023-09-18,DTWEXBGS,121.1938,Nominal broad US dollar index
2023-09-19,DTWEXBGS,121.1645,Nominal broad US dollar index
2023-09-20,DTWEXBGS,120.9648,Nominal broad US dollar index
2023-09-21,DTWEXBGS,121.5528,Nominal broad US dollar index
2023-09-22,DTWEXBGS,121.5306,Nominal broad US dollar index
2023-09-25,DTWEXBGS,122.1143,Nominal broad US dollar index
2023-09-26,DTWEXBGS,122.4742,Nominal broad US dollar index
2023-09-27,DTWEXBGS,122.9895,Nominal broad US dollar index
2023-09-28,DTWEXBGS,122.5342,Nominal broad US dollar index
2023-09-29,DTWEXBGS,122.3077,Nominal broad US dollar index
2023-10-02,DTWEXBGS,123.0545,Nominal broad US dollar index
2023-10-03,DTWEXBGS,123.7848,Nominal broad US dollar index
2023-10-04,DTWEXBGS,123.5946,Nominal broad US dollar index
2023-10-05,DTWEXBGS,123.8993,Nominal broad US dollar index
2023-10-06,DTWEXBGS,123.3563,Nominal broad US dollar index
2023-10-09,DTWEXBGS,,Nominal broad US dollar index
2023-10-10,DTWEXBGS,122.9282,Nominal broad US dollar index
2023-10-11,DTWEXBGS,122.7697,Nominal broad US dollar index
2023-10-12,DTWEXBGS,123.2101,Nominal broad US dollar index
2023-10-13,DTWEXBGS,123.5954,Nominal broad US dollar index
2023-10-16,DTWEXBGS,123.3185,Nominal broad US dollar index
2023-10-17,DTWEXBGS,123.1202,Nominal broad US dollar index
2023-10-18,DTWEXBGS,123.8148,Nominal broad US dollar index
2023-10-19,DTWEXBGS,123.798,Nominal broad US dollar index
2023-10-20,DTWEXBGS,123.612,Nominal broad US dollar index
2023-10-23,DTWEXBGS,123.2846,Nominal broad US dollar index
2023-10-24,DTWEXBGS,123.6416,Nominal broad US dollar index
2023-10-25,DTWEXBGS,123.7871,Nominal broad US dollar index
2023-10-26,DTWEXBGS,124.0064,Nominal broad US dollar index
2023-10-27,DTWEXBGS,123.62,Nominal broad US dollar index
2023-10-30,DTWEXBGS,123.4076,Nominal broad US dollar index
2023-10-31,DTWEXBGS,123.8364,Nominal broad US dollar index
2023-11-01,DTWEXBGS,123.7922,Nominal broad US dollar index
2023-11-02,DTWEXBGS,122.8818,Nominal broad US dollar index
2023-11-03,DTWEXBGS,121.7564,Nominal broad US dollar index
2023-11-06,DTWEXBGS,121.6484,Nominal broad US dollar index
2023-11-07,DTWEXBGS,122.0777,Nominal broad US dollar index
2023-11-08,DTWEXBGS,122.0926,Nominal broad US dollar index
2023-11-09,DTWEXBGS,122.1281,Nominal broad US dollar index
2023-11-10,DTWEXBGS,,Nominal broad US dollar index
2023-11-13,DTWEXBGS,122.4264,Nominal broad US dollar index
2023-11-14,DTWEXBGS,121.35,Nominal broad US dollar index
2023-11-15,DTWEXBGS,121.0749,Nominal broad US dollar index
2023-11-16,DTWEXBGS,121.1754,Nominal broad US dollar index
2023-11-17,DTWEXBGS,120.8477,Nominal broad US dollar index
2023-11-20,DTWEXBGS,120.2533,Nominal broad US dollar index
2023-11-21,DTWEXBGS,120.2241,Nominal broad US dollar index
2023-11-22,DTWEXBGS,120.6802,Nominal broad US dollar index
2023-11-23,DTWEXBGS,,Nominal broad US dollar index
2023-11-24,DTWEXBGS,120.2105,Nominal broad US dollar index
2023-11-27,DTWEXBGS,120.173,Nominal broad US dollar index
2023-11-28,DTWEXBGS,119.5904,Nominal broad US dollar index
2023-11-29,DTWEXBGS,119.8159,Nominal broad US dollar index
2023-11-30,DTWEXBGS,120.2434,Nominal broad US dollar index
2023-12-01,DTWEXBGS,119.9424,Nominal broad US dollar index
2023-12-04,DTWEXBGS,120.4727,Nominal broad US dollar index
2023-12-05,DTWEXBGS,120.7913,Nominal broad US dollar index
2023-12-06,DTWEXBGS,120.5334,Nominal broad US dollar index
2023-12-07,DTWEXBGS,120.6013,Nominal broad US dollar index
2023-12-08,DTWEXBGS,120.7607,Nominal broad US dollar index
2023-12-11,DTWEXBGS,120.9279,Nominal broad US dollar index
2023-12-12,DTWEXBGS,120.6817,Nominal broad US dollar index
2023-12-13,DTWEXBGS,121.1571,Nominal broad US dollar index
2023-12-14,DTWEXBGS,119.5683,Nominal broad US dollar index
2023-12-15,DTWEXBGS,119.7382,Nominal broad US dollar index
2023-12-18,DTWEXBGS,119.9102,Nominal broad US dollar index
2023-12-19,DTWEXBGS,119.4632,Nominal broad US dollar index
2023-12-20,DTWEXBGS,119.5435,Nominal broad US dollar index
2023-12-21,DTWEXBGS,119.3168,Nominal broad US dollar index
2023-12-22,DTWEXBGS,119.0625,Nominal broad US dollar index
2023-12-25,DTWEXBGS,,Nominal broad US dollar index
2023-12-26,DTWEXBGS,118.8875,Nominal broad US dollar index
2023-12-27,DTWEXBGS,118.4729,Nominal broad US dollar index
2023-12-28,DTWEXBGS,118.4104,Nominal broad US dollar index
2023-12-29,DTWEXBGS,118.4208,Nominal broad US dollar index
2024-01-01,DTWEXBGS,,Nominal broad US dollar index
2024-01-02,DTWEXBGS,119.2686,Nominal broad US dollar index
2024-01-03,DTWEXBGS,119.6958,Nominal broad US dollar index
2024-01-04,DTWEXBGS,119.6208,Nominal broad US dollar index
2024-01-05,DTWEXBGS,119.388,Nominal broad US dollar index
2024-01-08,DTWEXBGS,119.2506,Nominal broad US dollar index
2024-01-09,DTWEXBGS,119.6666,Nominal broad US dollar index
2024-01-10,DTWEXBGS,119.7614,Nominal broad US dollar index
2024-01-11,DTWEXBGS,119.8916,Nominal broad US dollar index
2024-01-12,DTWEXBGS,119.534,Nominal broad US dollar index
2024-01-15,DTWEXBGS,,Nominal broad US dollar index
2024-01-16,DTWEXBGS,120.5759,Nominal broad US dollar index
2024-01-17,DTWEXBGS,121.0402,Nominal broad US dollar index
2024-01-18,DTWEXBGS,120.8895,Nominal broad US dollar index
2024-01-19,DTWEXBGS,120.6442,Nominal broad US dollar index
2024-01-22,DTWEXBGS,120.6178,Nominal broad US dollar index
2024-01-23,DTWEXBGS,121.1001,Nominal broad US dollar index
2024-01-24,DTWEXBGS,120.4916,Nominal broad US dollar index
2024-01-25,DTWEXBGS,120.8311,Nominal broad US dollar index
2024-01-26,DTWEXBGS,120.6173,Nominal broad US dollar index
2024-01-29,DTWEXBGS,120.8538,Nominal broad US dollar index
2024-01-30,DTWEXBGS,120.6025,Nominal broad US dollar index
2024-01-31,DTWEXBGS,120.4331,Nominal broad US dollar index
2024-02-01,DTWEXBGS,120.3335,Nominal broad US dollar index
2024-02-02,DTWEXBGS,120.902,Nominal broad US dollar index
2024-02-05,DTWEXBGS,121.349,Nominal broad US dollar index
2024-02-06,DTWEXBGS,120.9588,Nominal broad US dollar index
2024-02-07,DTWEXBGS,120.9049,Nominal broad US dollar index
2024-02-08,DTWEXBGS,121.0798,Nominal broad US dollar index
2024-02-09,DTWEXBGS,121.039,Nominal broad US dollar index
2024-02-12,DTWEXBGS,120.9378,Nominal broad US dollar index
2024-02-13,DTWEXBGS,121.5202,Nominal broad US dollar index
2024-02-14,DTWEXBGS,121.4002,Nominal broad US dollar index
2024-02-15,DTWEXBGS,121.2121,Nominal broad US dollar index
2024-02-16,DTWEXBGS,121.1505,Nominal broad US dollar index
2024-02-19,DTWEXBGS,,Nominal broad US dollar index
2024-02-20,DTWEXBGS,121.0199,Nominal broad US dollar index
2024-02-21,DTWEXBGS,121.0379,Nominal broad US dollar index
2024-02-22,DTWEXBGS,121.102,Nominal broad US dollar index
2024-02-23,DTWEXBGS,121.0369,Nominal broad US dollar index
2024-02-26,DTWEXBGS,121.0592,Nominal broad US dollar index
2024-02-27,DTWEXBGS,120.9647,Nominal broad US dollar index
2024-02-28,DTWEXBGS,121.128,Nominal broad US dollar index
2024-02-29,DTWEXBGS,121.1824,Nominal broad US dollar index
2024-03-01,DTWEXBGS,121.0111,Nominal broad US dollar index
2024-03-04,DTWEXBGS,120.872,Nominal broad US dollar index
2024-03-05,DTWEXBGS,120.8846,Nominal broad US dollar index
2024-03-06,DTWEXBGS,120.4649,Nominal broad US dollar index
2024-03-07,DTWEXBGS,120.1909,Nominal broad US dollar index
2024-03-08,DTWEXBGS,119.975,Nominal broad US dollar index
2024-03-11,DTWEXBGS,120.0394,Nominal broad US dollar index
2024-03-12,DTWEXBGS,120.1668,Nominal broad US dollar index
2024-03-13,DTWEXBGS,119.9642,Nominal broad US dollar index
2024-03-14,DTWEXBGS,120.241,Nominal broad US dollar index
2024-03-15,DTWEXBGS,120.4003,Nominal broad US dollar index
2024-03-18,DTWEXBGS,120.5752,Nominal broad US dollar index
2024-03-19,DTWEXBGS,120.9332,Nominal broad US dollar index
2024-03-20,DTWEXBGS,120.9289,Nominal broad US dollar index
2024-03-21,DTWEXBGS,120.8086,Nominal broad US dollar index
2024-03-22,DTWEXBGS,121.1842,Nominal broad US dollar index
2024-03-25,DTWEXBGS,121.0295,Nominal broad US dollar index
2024-03-26,DTWEXBGS,121.0742,Nominal broad US dollar index
2024-03-27,DTWEXBGS,121.0089,Nominal broad US dollar index
2024-03-28,DTWEXBGS,121.0635,Nominal broad US dollar index
2024-03-29,DTWEXBGS,121.0191,Nominal broad US dollar index
2024-04-01,DTWEXBGS,121.5151,Nominal broad US dollar index
2024-04-02,DTWEXBGS,121.3035,Nominal broad US dollar index
2024-04-03,DTWEXBGS,121.0198,Nominal broad US dollar index
2024-04-04,DTWEXBGS,120.7613,Nominal broad US dollar index
2024-04-05,DTWEXBGS,120.9646,Nominal broad US dollar index
2024-04-08,DTWEXBGS,120.7359,Nominal broad US dollar index
2024-04-09,DTWEXBGS,120.7048,Nominal broad US dollar index
2024-04-10,DTWEXBGS,121.5727,Nominal broad US dollar index
2024-04-11,DTWEXBGS,121.6081,Nominal broad US dollar index
2024-04-12,DTWEXBGS,122.2885,Nominal broad US dollar index
2024-04-15,DTWEXBGS,122.425,Nominal broad US dollar index
2024-04-16,DTWEXBGS,123.1234,Nominal broad US dollar index
2024-04-17,DTWEXBGS,123.0207,Nominal broad US dollar index
2024-04-18,DTWEXBGS,123.0017,Nominal broad US dollar index
2024-04-19,DTWEXBGS,123.1075,Nominal broad US dollar index
2024-04-22,DTWEXBGS,123.0609,Nominal broad US dollar index
2024-04-23,DTWEXBGS,122.7227,Nominal broad US dollar index
2024-04-24,DTWEXBGS,122.89,Nominal broad US dollar index
2024-04-25,DTWEXBGS,122.8384,Nominal broad US dollar index
2024-04-26,DTWEXBGS,122.9471,Nominal broad US dollar index
2024-04-29,DTWEXBGS,122.5449,Nominal broad US dollar index
2024-04-30,DTWEXBGS,122.9853,Nominal broad US dollar index
2024-05-01,DTWEXBGS,123.0168,Nominal broad US dollar index
2024-05-02,DTWEXBGS,122.4384,Nominal broad US dollar index
2024-05-03,DTWEXBGS,122.1375,Nominal broad US dollar index
2024-05-06,DTWEXBGS,121.8913,Nominal broad US dollar index
2024-05-07,DTWEXBGS,122.093,Nominal broad US dollar index
2024-05-08,DTWEXBGS,122.1926,Nominal broad US dollar index
2024-05-09,DTWEXBGS,122.1634,Nominal broad US dollar index
2024-05-10,DTWEXBGS,122.014,Nominal broad US dollar index
2024-05-13,DTWEXBGS,122.0261,Nominal broad US dollar index
2024-05-14,DTWEXBGS,121.9256,Nominal broad US dollar index
2024-05-15,DTWEXBGS,121.3543,Nominal broad US dollar index
2024-05-16,DTWEXBGS,121.2236,Nominal broad US dollar index
2024-05-17,DTWEXBGS,121.2354,Nominal broad US dollar index
2024-05-20,DTWEXBGS,121.2289,Nominal broad US dollar index
2024-05-21,DTWEXBGS,121.3793,Nominal broad US dollar index
2024-05-22,DTWEXBGS,121.5462,Nominal broad US dollar index
2024-05-23,DTWEXBGS,121.7477,Nominal broad US dollar index
2024-05-24,DTWEXBGS,121.6172,Nominal broad US dollar index
2024-05-27,DTWEXBGS,,Nominal broad US dollar index
2024-05-28,DTWEXBGS,121.43,Nominal broad US dollar index
2024-05-29,DTWEXBGS,122.1641,Nominal broad US dollar index
2024-05-30,DTWEXBGS,121.9601,Nominal broad US dollar index
2024-05-31,DTWEXBGS,122.098,Nominal broad US dollar index
2024-06-03,DTWEXBGS,122.3509,Nominal broad US dollar index
2024-06-04,DTWEXBGS,122.7256,Nominal broad US dollar index
2024-06-05,DTWEXBGS,122.5339,Nominal broad US dollar index
2024-06-06,DTWEXBGS,122.3713,Nominal broad US dollar index
2024-06-07,DTWEXBGS,123.549,Nominal broad US dollar index
2024-06-10,DTWEXBGS,123.9125,Nominal broad US dollar index
2024-06-11,DTWEXBGS,124.0349,Nominal broad US dollar index
2024-06-12,DTWEXBGS,123.8295,Nominal broad US dollar index
2024-06-13,DTWEXBGS,124.0235,Nominal broad US dollar index
2024-06-14,DTWEXBGS,124.1694,Nominal broad US dollar index
2024-06-17,DTWEXBGS,124.239,Nominal broad US dollar index
2024-06-18,DTWEXBGS,123.9776,Nominal broad US dollar index
2024-06-19,DTWEXBGS,,Nominal broad US dollar index
2024-06-20,DTWEXBGS,124.192,Nominal broad US dollar index
2024-06-21,DTWEXBGS,124.1086,Nominal broad US dollar index
2024-06-24,DTWEXBGS,123.7125,Nominal broad US dollar index
2024-06-25,DTWEXBGS,123.9417,Nominal broad US dollar index
2024-06-26,DTWEXBGS,124.26,Nominal broad US dollar index
2024-06-27,DTWEXBGS,124.3379,Nominal broad US dollar index
2024-06-28,DTWEXBGS,124.2103,Nominal broad US dollar index
2024-07-01,DTWEXBGS,124.4667,Nominal broad US dollar index
2024-07-02,DTWEXBGS,124.2917,Nominal broad US dollar index
2024-07-03,DTWEXBGS,123.7768,Nominal broad US dollar index
2024-07-04,DTWEXBGS,,Nominal broad US dollar index
2024-07-05,DTWEXBGS,123.4762,Nominal broad US dollar index
2024-07-08,DTWEXBGS,123.3576,Nominal broad US dollar index
2024-07-09,DTWEXBGS,123.4071,Nominal broad US dollar index
2024-07-10,DTWEXBGS,123.1895,Nominal broad US dollar index
2024-07-11,DTWEXBGS,122.769,Nominal broad US dollar index
2024-07-12,DTWEXBGS,122.4404,Nominal broad US dollar index
2024-07-15,DTWEXBGS,122.6347,Nominal broad US dollar index
2024-07-16,DTWEXBGS,122.7264,Nominal broad US dollar index
2024-07-17,DTWEXBGS,122.518,Nominal broad US dollar index
2024-07-18,DTWEXBGS,122.7909,Nominal broad US dollar index
2024-07-19,DTWEXBGS,123.147,Nominal broad US dollar index
2024-07-22,DTWEXBGS,123.2172,Nominal broad US dollar index
2024-07-23,DTWEXBGS,123.3843,Nominal broad US dollar index
2024-07-24,DTWEXBGS,123.5575,Nominal broad US dollar index
2024-07-25,DTWEXBGS,123.5286,Nominal broad US dollar index
2024-07-26,DTWEXBGS,123.672,Nominal broad US dollar index
2024-07-29,DTWEXBGS,124.1392,Nominal broad US dollar index
2024-07-30,DTWEXBGS,124.2855,Nominal broad US dollar index
2024-07-31,DTWEXBGS,123.6373,Nominal broad US dollar index
2024-08-01,DTWEXBGS,123.8693,Nominal broad US dollar index
2024-08-02,DTWEXBGS,123.4681,Nominal broad US dollar index
2024-08-05,DTWEXBGS,123.5787,Nominal broad US dollar index
2024-08-06,DTWEXBGS,123.6532,Nominal broad US dollar index
2024-08-07,DTWEXBGS,123.5698,Nominal broad US dollar index
2024-08-08,DTWEXBGS,123.4466,Nominal broad US dollar index
2024-08-09,DTWEXBGS,122.9276,Nominal broad US dollar index
2024-08-12,DTWEXBGS,123.2204,Nominal broad US dollar index
2024-08-13,DTWEXBGS,123.0146,Nominal broad US dollar index
2024-08-14,DTWEXBGS,122.4297,Nominal broad US dollar index
2024-08-15,DTWEXBGS,122.5844,Nominal broad US dollar index
2024-08-16,DTWEXBGS,122.3972,Nominal broad US dollar index
2024-08-19,DTWEXBGS,121.8788,Nominal broad US dollar index
2024-08-20,DTWEXBGS,121.7728,Nominal broad US dollar index
2024-08-21,DTWEXBGS,121.8535,Nominal broad US dollar index
2024-08-22,DTWEXBGS,122.3626,Nominal broad US dollar index
2024-08-23,DTWEXBGS,121.4597,Nominal broad US dollar index
2024-08-26,DTWEXBGS,121.6943,Nominal broad US dollar index
2024-08-27,DTWEXBGS,121.8672,Nominal broad US dollar index
2024-08-28,DTWEXBGS,121.8943,Nominal broad US dollar index
2024-08-29,DTWEXBGS,122.2333,Nominal broad US dollar index
2024-08-30,DTWEXBGS,122.3262,Nominal broad US dollar index
2024-09-02,DTWEXBGS,,Nominal broad US dollar index
2024-09-03,DTWEXBGS,122.7811,Nominal broad US dollar index
2024-09-04,DTWEXBGS,122.5144,Nominal broad US dollar index
2024-09-05,DTWEXBGS,122.4533,Nominal broad US dollar index
2024-09-06,DTWEXBGS,122.4991,Nominal broad US dollar index
2024-09-09,DTWEXBGS,122.7156,Nominal broad US dollar index
2024-09-10,DTWEXBGS,123.0071,Nominal broad US dollar index
2024-09-11,DTWEXBGS,122.7754,Nominal broad US dollar index
2024-09-12,DTWEXBGS,122.4423,Nominal broad US dollar index
2024-09-13,DTWEXBGS,121.6551,Nominal broad US dollar index
2024-09-16,DTWEXBGS,121.4976,Nominal broad US dollar index
2024-09-17,DTWEXBGS,121.6031,Nominal broad US dollar index
2024-09-18,DTWEXBGS,121.5618,Nominal broad US dollar index
2024-09-19,DTWEXBGS,121.3059,Nominal broad US dollar index
2024-09-20,DTWEXBGS,121.4052,Nominal broad US dollar index
2024-09-23,DTWEXBGS,121.4303,Nominal broad US dollar index
2024-09-24,DTWEXBGS,121.1291,Nominal broad US dollar index
2024-09-25,DTWEXBGS,121.4447,Nominal broad US dollar index
2024-09-26,DTWEXBGS,121.0785,Nominal broad US dollar index
2024-09-27,DTWEXBGS,121.1111,Nominal broad US dollar index
2024-09-30,DTWEXBGS,121.2864,Nominal broad US dollar index
2024-10-01,DTWEXBGS,121.6881,Nominal broad US dollar index
2024-10-02,DTWEXBGS,121.5724,Nominal broad US dollar index
2024-10-03,DTWEXBGS,122.1197,Nominal broad US dollar index
2024-10-04,DTWEXBGS,122.2197,Nominal broad US dollar index
2024-10-07,DTWEXBGS,122.4241,Nominal broad US dollar index
2024-10-08,DTWEXBGS,122.6625,Nominal broad US dollar index
2024-10-09,DTWEXBGS,122.8821,Nominal broad US dollar index
2024-10-10,DTWEXBGS,123.0951,Nominal broad US dollar index
2024-10-11,DTWEXBGS,122.9805,Nominal broad US dollar index
2024-10-14,DTWEXBGS,,Nominal broad US dollar index
2024-10-15,DTWEXBGS,123.5124,Nominal broad US dollar index
2024-10-16,DTWEXBGS,123.9235,Nominal broad US dollar index
2024-10-17,DTWEXBGS,124.1122,Nominal broad US dollar index
2024-10-18,DTWEXBGS,123.9185,Nominal broad US dollar index
2024-10-21,DTWEXBGS,124.4757,Nominal broad US dollar index
2024-10-22,DTWEXBGS,124.4107,Nominal broad US dollar index
2024-10-23,DTWEXBGS,124.6931,Nominal broad US dollar index
2024-10-24,DTWEXBGS,124.5127,Nominal broad US dollar index
2024-10-25,DTWEXBGS,124.6105,Nominal broad US dollar index
2024-10-28,DTWEXBGS,124.8076,Nominal broad US dollar index
2024-10-29,DTWEXBGS,124.8612,Nominal broad US dollar index
2024-10-30,DTWEXBGS,124.8153,Nominal broad US dollar index
2024-10-31,DTWEXBGS,124.7988,Nominal broad US dollar index
2024-11-01,DTWEXBGS,124.8076,Nominal broad US dollar index
2024-11-04,DTWEXBGS,124.5903,Nominal broad US dollar index
2024-11-05,DTWEXBGS,124.5532,Nominal broad US dollar index
2024-11-06,DTWEXBGS,125.7035,Nominal broad US dollar index
2024-11-07,DTWEXBGS,124.775,Nominal broad US dollar index
2024-11-08,DTWEXBGS,125.5811,Nominal broad US dollar index
2024-11-11,DTWEXBGS,,Nominal broad US dollar index
2024-11-12,DTWEXBGS,126.7762,Nominal broad US dollar index
2024-11-13,DTWEXBGS,126.9572,Nominal broad US dollar index
2024-11-14,DTWEXBGS,127.0015,Nominal broad US dollar index
2024-11-15,DTWEXBGS,126.8848,Nominal broad US dollar index
2024-11-18,DTWEXBGS,126.6045,Nominal broad US dollar index
2024-11-19,DTWEXBGS,126.3994,Nominal broad US dollar index
2024-11-20,DTWEXBGS,126.88,Nominal broad US dollar index
2024-11-21,DTWEXBGS,127.1047,Nominal broad US dollar index
2024-11-22,DTWEXBGS,127.4712,Nominal broad US dollar index
2024-11-25,DTWEXBGS,126.9948,Nominal broad US dollar index
2024-11-26,DTWEXBGS,127.4301,Nominal broad US dollar index
2024-11-27,DTWEXBGS,126.8205,Nominal broad US dollar index
2024-11-28,DTWEXBGS,,Nominal broad US dollar index
2024-11-29,DTWEXBGS,126.5798,Nominal broad US dollar index
2024-12-02,DTWEXBGS,127.1272,Nominal broad US dollar index
2024-12-03,DTWEXBGS,126.9565,Nominal broad US dollar index
2024-12-04,DTWEXBGS,126.7574,Nominal broad US dollar index
2024-12-05,DTWEXBGS,126.4286,Nominal broad US dollar index
2024-12-06,DTWEXBGS,126.688,Nominal broad US dollar index
2024-12-09,DTWEXBGS,126.5981,Nominal broad US dollar index
2024-12-10,DTWEXBGS,126.957,Nominal broad US dollar index
2024-12-11,DTWEXBGS,126.8483,Nominal broad US dollar index
2024-12-12,DTWEXBGS,126.9556,Nominal broad US dollar index
2024-12-13,DTWEXBGS,127.3096,Nominal broad US dollar index
2024-12-16,DTWEXBGS,127.2687,Nominal broad US dollar index
2024-12-17,DTWEXBGS,127.5043,Nominal broad US dollar index
2024-12-18,DTWEXBGS,127.6418,Nominal broad US dollar index
2024-12-19,DTWEXBGS,128.6366,Nominal broad US dollar index
2024-12-20,DTWEXBGS,127.893,Nominal broad US dollar index
2024-12-23,DTWEXBGS,128.3021,Nominal broad US dollar index
2024-12-24,DTWEXBGS,128.3377,Nominal broad US dollar index
2024-12-25,DTWEXBGS,,Nominal broad US dollar index
2024-12-26,DTWEXBGS,128.3329,Nominal broad US dollar index
2024-12-27,DTWEXBGS,128.45,Nominal broad US dollar index
2024-12-30,DTWEXBGS,128.8205,Nominal broad US dollar index
2024-12-31,DTWEXBGS,129.2775,Nominal broad US dollar index
2025-01-01,DTWEXBGS,,Nominal broad US dollar index
2025-01-02,DTWEXBGS,129.4598,Nominal broad US dollar index
2025-01-03,DTWEXBGS,129.4535,Nominal broad US dollar index
2025-01-06,DTWEXBGS,128.538,Nominal broad US dollar index
2025-01-07,DTWEXBGS,128.613,Nominal broad US dollar index
2025-01-08,DTWEXBGS,129.0785,Nominal broad US dollar index
2025-01-09,DTWEXBGS,129.2827,Nominal broad US dollar index
2025-01-10,DTWEXBGS,129.8664,Nominal broad US dollar index
2025-01-13,DTWEXBGS,130.0413,Nominal broad US dollar index
2025-01-14,DTWEXBGS,129.3812,Nominal broad US dollar index
2025-01-15,DTWEXBGS,129.2092,Nominal broad US dollar index
2025-01-16,DTWEXBGS,129.436,Nominal broad US dollar index
2025-01-17,DTWEXBGS,129.4859,Nominal broad US dollar index
2025-01-20,DTWEXBGS,,Nominal broad US dollar index
2025-01-21,DTWEXBGS,128.4151,Nominal broad US dollar index
2025-01-22,DTWEXBGS,128.3402,Nominal broad US dollar index
2025-01-23,DTWEXBGS,128.2162,Nominal broad US dollar index
2025-01-24,DTWEXBGS,127.4611,Nominal broad US dollar index
2025-01-27,DTWEXBGS,128.0912,Nominal broad US dollar index
2025-01-28,DTWEXBGS,128.2817,Nominal broad US dollar index
2025-01-29,DTWEXBGS,128.3418,Nominal broad US dollar index
2025-01-30,DTWEXBGS,128.1004,Nominal broad US dollar index
2025-01-31,DTWEXBGS,128.4828,Nominal broad US dollar index
2025-02-03,DTWEXBGS,129.109,Nominal broad US dollar index
2025-02-04,DTWEXBGS,128.1083,Nominal broad US dollar index
2025-02-05,DTWEXBGS,127.9751,Nominal broad US dollar index
2025-02-06,DTWEXBGS,128.2017,Nominal broad US dollar index
2025-02-07,DTWEXBGS,128.4292,Nominal broad US dollar index
2025-02-10,DTWEXBGS,128.6382,Nominal broad US dollar index
2025-02-11,DTWEXBGS,128.4322,Nominal broad US dollar index
2025-02-12,DTWEXBGS,128.3288,Nominal broad US dollar index
2025-02-13,DTWEXBGS,127.8931,Nominal broad US dollar index
2025-02-14,DTWEXBGS,127.1491,Nominal broad US dollar index
2025-02-17,DTWEXBGS,,Nominal broad US dollar index
2025-02-18,DTWEXBGS,127.2906,Nominal broad US dollar index
2025-02-19,DTWEXBGS,127.7317,Nominal broad US dollar index
2025-02-20,DTWEXBGS,127.1126,Nominal broad US dollar index
2025-02-21,DTWEXBGS,127.1408,Nominal broad US dollar index
2025-02-24,DTWEXBGS,127.1921,Nominal broad US dollar index
2025-02-25,DTWEXBGS,127.3752,Nominal broad US dollar index
2025-02-26,DTWEXBGS,127.2822,Nominal broad US dollar index
2025-02-27,DTWEXBGS,127.9704,Nominal broad US dollar index
2025-02-28,DTWEXBGS,128.2805,Nominal broad US dollar index
2025-03-03,DTWEXBGS,127.75,Nominal broad US dollar index
2025-03-04,DTWEXBGS,127.9966,Nominal broad US dollar index
2025-03-05,DTWEXBGS,126.504,Nominal broad US dollar index
2025-03-06,DTWEXBGS,126.1099,Nominal broad US dollar index
2025-03-07,DTWEXBGS,125.9814,Nominal broad US dollar index
2025-03-10,DTWEXBGS,126.268,Nominal broad US dollar index
2025-03-11,DTWEXBGS,126.0457,Nominal broad US dollar index
2025-03-12,DTWEXBGS,125.8664,Nominal broad US dollar index
2025-03-13,DTWEXBGS,126.0031,Nominal broad US dollar index
2025-03-14,DTWEXBGS,125.6942,Nominal broad US dollar index
2025-03-17,DTWEXBGS,125.3688,Nominal broad US dollar index
2025-03-18,DTWEXBGS,125.488,Nominal broad US dollar index
2025-03-19,DTWEXBGS,125.8006,Nominal broad US dollar index
2025-03-20,DTWEXBGS,125.985,Nominal broad US dollar index
2025-03-21,DTWEXBGS,126.2679,Nominal broad US dollar index
2025-03-24,DTWEXBGS,126.1956,Nominal broad US dollar index
2025-03-25,DTWEXBGS,126.0535,Nominal broad US dollar index
2025-03-26,DTWEXBGS,126.2364,Nominal broad US dollar index
2025-03-27,DTWEXBGS,126.3626,Nominal broad US dollar index
2025-03-28,DTWEXBGS,126.4187,Nominal broad US dollar index
2025-03-31,DTWEXBGS,126.7075,Nominal broad US dollar index
2025-04-01,DTWEXBGS,126.4338,Nominal broad US dollar index
2025-04-02,DTWEXBGS,126.3811,Nominal broad US dollar index
2025-04-03,DTWEXBGS,124.7316,Nominal broad US dollar index
2025-04-04,DTWEXBGS,125.8129,Nominal broad US dollar index
2025-04-07,DTWEXBGS,126.8282,Nominal broad US dollar index
2025-04-08,DTWEXBGS,126.8668,Nominal broad US dollar index
2025-04-09,DTWEXBGS,126.628,Nominal broad US dollar index
2025-04-10,DTWEXBGS,125.089,Nominal broad US dollar index
2025-04-11,DTWEXBGS,124.0163,Nominal broad US dollar index
2025-04-14,DTWEXBGS,123.6598,Nominal broad US dollar index
2025-04-15,DTWEXBGS,123.776,Nominal broad US dollar index
2025-04-16,DTWEXBGS,123.2724,Nominal broad US dollar index
2025-04-17,DTWEXBGS,123.1298,Nominal broad US dollar index
2025-04-18,DTWEXBGS,122.9865,Nominal broad US dollar index
2025-04-21,DTWEXBGS,122.3145,Nominal broad US dollar index
2025-04-22,DTWEXBGS,122.4175,Nominal broad US dollar index
2025-04-23,DTWEXBGS,123.0252,Nominal broad US dollar index
2025-04-24,DTWEXBGS,122.9251,Nominal broad US dollar index
2025-04-25,DTWEXBGS,122.8858,Nominal broad US dollar index
2025-04-28,DTWEXBGS,122.7176,Nominal broad US dollar index
2025-04-29,DTWEXBGS,122.5944,Nominal broad US dollar index
2025-04-30,DTWEXBGS,122.5921,Nominal broad US dollar index
2025-05-01,DTWEXBGS,123.1405,Nominal broad US dollar index
2025-05-02,DTWEXBGS,122.4962,Nominal broad US dollar index
2025-05-05,DTWEXBGS,122.2613,Nominal broad US dollar index
2025-05-06,DTWEXBGS,122.0417,Nominal broad US dollar index
2025-05-07,DTWEXBGS,122.117,Nominal broad US dollar index
2025-05-08,DTWEXBGS,122.7568,Nominal broad US dollar index
2025-05-09,DTWEXBGS,122.5191,Nominal broad US dollar index
2025-05-12,DTWEXBGS,123.4863,Nominal broad US dollar index
2025-05-13,DTWEXBGS,122.9583,Nominal broad US dollar index
2025-05-14,DTWEXBGS,122.6746,Nominal broad US dollar index
2025-05-15,DTWEXBGS,122.8174,Nominal broad US dollar index
2025-05-16,DTWEXBGS,123.0737,Nominal broad US dollar index
2025-05-19,DTWEXBGS,122.4186,Nominal broad US dollar index
2025-05-20,DTWEXBGS,122.3199,Nominal broad US dollar index
2025-05-21,DTWEXBGS,121.7496,Nominal broad US dollar index
2025-05-22,DTWEXBGS,122.0429,Nominal broad US dollar index
2025-05-23,DTWEXBGS,121.3837,Nominal broad US dollar index
2025-05-26,DTWEXBGS,,Nominal broad US dollar index
2025-05-27,DTWEXBGS,121.6099,Nominal broad US dollar index
2025-05-28,DTWEXBGS,121.9888,Nominal broad US dollar index
2025-05-29,DTWEXBGS,121.5617,Nominal broad US dollar index
2025-05-30,DTWEXBGS,121.7674,Nominal broad US dollar index
2025-06-02,DTWEXBGS,121.1881,Nominal broad US dollar index
2025-06-03,DTWEXBGS,121.4592,Nominal broad US dollar index
2025-06-04,DTWEXBGS,121.0539,Nominal broad US dollar index
2025-06-05,DTWEXBGS,120.9596,Nominal broad US dollar index
2025-06-06,DTWEXBGS,121.161,Nominal broad US dollar index
2025-06-09,DTWEXBGS,120.9103,Nominal broad US dollar index
2025-06-10,DTWEXBGS,121.0485,Nominal broad US dollar index
2025-06-11,DTWEXBGS,120.587,Nominal broad US dollar index
2025-06-12,DTWEXBGS,120.1723,Nominal broad US dollar index
2025-06-13,DTWEXBGS,120.3245,Nominal broad US dollar index
2025-06-16,DTWEXBGS,120.1565,Nominal broad US dollar index
2025-06-17,DTWEXBGS,120.5048,Nominal broad US dollar index
2025-06-18,DTWEXBGS,120.7305,Nominal broad US dollar index
2025-06-19,DTWEXBGS,,Nominal broad US dollar index
2025-06-20,DTWEXBGS,121.0408,Nominal broad US dollar index
2025-06-23,DTWEXBGS,121.1694,Nominal broad US dollar index
2025-06-24,DTWEXBGS,120.3645,Nominal broad US dollar index
2025-06-25,DTWEXBGS,120.3336,Nominal broad US dollar index
2025-06-26,DTWEXBGS,119.6451,Nominal broad US dollar index
2025-06-27,DTWEXBGS,119.659,Nominal broad US dollar index
2025-06-30,DTWEXBGS,119.4088,Nominal broad US dollar index
2025-07-01,DTWEXBGS,119.3436,Nominal broad US dollar index
2025-07-02,DTWEXBGS,119.3037,Nominal broad US dollar index
2025-07-03,DTWEXBGS,119.2382,Nominal broad US dollar index
2025-07-04,DTWEXBGS,,Nominal broad US dollar index
2025-07-07,DTWEXBGS,119.6201,Nominal broad US dollar index
2025-07-08,DTWEXBGS,119.8371,Nominal broad US dollar index
2025-07-09,DTWEXBGS,119.7311,Nominal broad US dollar index
2025-07-10,DTWEXBGS,119.8343,Nominal broad US dollar index
2025-07-11,DTWEXBGS,119.9214,Nominal broad US dollar index
2025-07-14,DTWEXBGS,120.2209,Nominal broad US dollar index
2025-07-15,DTWEXBGS,120.5105,Nominal broad US dollar index
2025-07-16,DTWEXBGS,120.4175,Nominal broad US dollar index
2025-07-17,DTWEXBGS,120.6384,Nominal broad US dollar index
2025-07-18,DTWEXBGS,120.356,Nominal broad US dollar index
2025-07-21,DTWEXBGS,119.9961,Nominal broad US dollar index
2025-07-22,DTWEXBGS,119.681,Nominal broad US dollar index
2025-07-23,DTWEXBGS,119.5697,Nominal broad US dollar index
2025-07-24,DTWEXBGS,119.5664,Nominal broad US dollar index
2025-07-25,DTWEXBGS,119.9857,Nominal broad US dollar index
2025-07-28,DTWEXBGS,120.6149,Nominal broad US dollar index
2025-07-29,DTWEXBGS,120.9674,Nominal broad US dollar index
2025-07-30,DTWEXBGS,121.4042,Nominal broad US dollar index
2025-07-31,DTWEXBGS,121.721,Nominal broad US dollar index
2025-08-01,DTWEXBGS,121.2122,Nominal broad US dollar index
2025-08-04,DTWEXBGS,120.9859,Nominal broad US dollar index
2025-08-05,DTWEXBGS,120.9082,Nominal broad US dollar index
2025-08-06,DTWEXBGS,120.5082,Nominal broad US dollar index
2025-08-07,DTWEXBGS,120.5043,Nominal broad US dollar index
2025-08-08,DTWEXBGS,120.3329,Nominal broad US dollar index
2025-08-11,DTWEXBGS,120.6892,Nominal broad US dollar index
2025-08-12,DTWEXBGS,120.2736,Nominal broad US dollar index
2025-08-13,DTWEXBGS,120.13,Nominal broad US dollar index
2025-08-14,DTWEXBGS,120.6446,Nominal broad US dollar index
2025-08-15,DTWEXBGS,120.3377,Nominal broad US dollar index
2025-08-18,DTWEXBGS,120.5622,Nominal broad US dollar index
2025-08-19,DTWEXBGS,120.7224,Nominal broad US dollar index
2025-08-20,DTWEXBGS,120.7757,Nominal broad US dollar index
2025-08-21,DTWEXBGS,121.0843,Nominal broad US dollar index
2025-08-22,DTWEXBGS,120.2774,Nominal broad US dollar index
2025-08-25,DTWEXBGS,120.4214,Nominal broad US dollar index
2025-08-26,DTWEXBGS,120.5274,Nominal broad US dollar index
2025-08-27,DTWEXBGS,120.7274,Nominal broad US dollar index
2025-08-28,DTWEXBGS,120.2595,Nominal broad US dollar index
2025-08-29,DTWEXBGS,120.2082,Nominal broad US dollar index
2025-09-01,DTWEXBGS,,Nominal broad US dollar index
2025-09-02,DTWEXBGS,120.6837,Nominal broad US dollar index
2025-09-03,DTWEXBGS,120.5052,Nominal broad US dollar index
2025-09-04,DTWEXBGS,120.7629,Nominal broad US dollar index
2025-09-05,DTWEXBGS,120.1282,Nominal broad US dollar index
2025-09-08,DTWEXBGS,120.0971,Nominal broad US dollar index
2025-09-09,DTWEXBGS,120.1569,Nominal broad US dollar index
2025-09-10,DTWEXBGS,120.1223,Nominal broad US dollar index
2025-09-11,DTWEXBGS,119.9534,Nominal broad US dollar index
2025-09-12,DTWEXBGS,120.0611,Nominal broad US dollar index
2025-09-15,DTWEXBGS,119.5644,Nominal broad US dollar index
2025-09-16,DTWEXBGS,119.1348,Nominal broad US dollar index
2025-09-17,DTWEXBGS,119.1582,Nominal broad US dollar index
2025-09-18,DTWEXBGS,119.6616,Nominal broad US dollar index
2025-09-19,DTWEXBGS,119.7858,Nominal broad US dollar index
2025-09-22,DTWEXBGS,119.8152,Nominal broad US dollar index
2025-09-23,DTWEXBGS,119.6202,Nominal broad US dollar index
2025-09-24,DTWEXBGS,120.1707,Nominal broad US dollar index
2025-09-25,DTWEXBGS,120.5419,Nominal broad US dollar index
2025-09-26,DTWEXBGS,120.4349,Nominal broad US dollar index
2025-09-29,DTWEXBGS,120.115,Nominal broad US dollar index
2025-09-30,DTWEXBGS,120.1368,Nominal broad US dollar index
2025-10-01,DTWEXBGS,120.1502,Nominal broad US dollar index
2025-10-02,DTWEXBGS,120.4296,Nominal broad US dollar index
2025-10-03,DTWEXBGS,120.0881,Nominal broad US dollar index
2025-10-06,DTWEXBGS,120.2722,Nominal broad US dollar index
2025-10-07,DTWEXBGS,120.4884,Nominal broad US dollar index
2025-10-08,DTWEXBGS,120.7766,Nominal broad US dollar index
2025-10-09,DTWEXBGS,121.0902,Nominal broad US dollar index
2025-10-10,DTWEXBGS,121.1163,Nominal broad US dollar index
2025-10-13,DTWEXBGS,,Nominal broad US dollar index
2025-10-14,DTWEXBGS,121.1822,Nominal broad US dollar index
2025-10-15,DTWEXBGS,120.8642,Nominal broad US dollar index
2025-10-16,DTWEXBGS,120.6698,Nominal broad US dollar index
2025-10-17,DTWEXBGS,120.7028,Nominal broad US dollar index
2025-10-20,DTWEXBGS,120.6209,Nominal broad US dollar index
2025-10-21,DTWEXBGS,120.8895,Nominal broad US dollar index
2025-10-22,DTWEXBGS,120.8958,Nominal broad US dollar index
2025-10-23,DTWEXBGS,120.9531,Nominal broad US dollar index
2025-10-24,DTWEXBGS,120.9345,Nominal broad US dollar index
2025-10-27,DTWEXBGS,120.7988,Nominal broad US dollar index
2025-10-28,DTWEXBGS,120.6361,Nominal broad US dollar index
2025-10-29,DTWEXBGS,120.5312,Nominal broad US dollar index
2025-10-30,DTWEXBGS,121.2832,Nominal broad US dollar index
2025-10-31,DTWEXBGS,121.3859,Nominal broad US dollar index
2025-11-03,DTWEXBGS,121.4512,Nominal broad US dollar index
2025-11-04,DTWEXBGS,121.8271,Nominal broad US dollar index
2025-11-05,DTWEXBGS,121.8482,Nominal broad US dollar index
2025-11-06,DTWEXBGS,121.6948,Nominal broad US dollar index
2025-11-07,DTWEXBGS,121.388,Nominal broad US dollar index
2025-11-10,DTWEXBGS,121.2984,Nominal broad US dollar index
2025-11-11,DTWEXBGS,,Nominal broad US dollar index
2025-11-12,DTWEXBGS,121.0458,Nominal broad US dollar index
2025-11-13,DTWEXBGS,120.7725,Nominal broad US dollar index
2025-11-14,DTWEXBGS,120.9666,Nominal broad US dollar index
2025-11-17,DTWEXBGS,121.1146,Nominal broad US dollar index
2025-11-18,DTWEXBGS,121.2127,Nominal broad US dollar index
2025-11-19,DTWEXBGS,121.4978,Nominal broad US dollar index
2025-11-20,DTWEXBGS,121.6889,Nominal broad US dollar index
2025-11-21,DTWEXBGS,121.8653,Nominal broad US dollar index
2025-11-24,DTWEXBGS,121.9171,Nominal broad US dollar index
2025-11-25,DTWEXBGS,121.6335,Nominal broad US dollar index
2025-11-26,DTWEXBGS,121.2437,Nominal broad US dollar index
2025-11-27,DTWEXBGS,,Nominal broad US dollar index
2025-11-28,DTWEXBGS,121.0527,Nominal broad US dollar index
2025-12-01,DTWEXBGS,120.9862,Nominal broad US dollar index
2025-12-02,DTWEXBGS,121.1467,Nominal broad US dollar index
2025-12-03,DTWEXBGS,120.7336,Nominal broad US dollar index
2025-12-04,DTWEXBGS,120.6766,Nominal broad US dollar index
2025-12-05,DTWEXBGS,120.6863,Nominal broad US dollar index
2025-12-08,DTWEXBGS,120.776,Nominal broad US dollar index
2025-12-09,DTWEXBGS,120.6832,Nominal broad US dollar index
2025-12-10,DTWEXBGS,120.6752,Nominal broad US dollar index
2025-12-11,DTWEXBGS,119.98,Nominal broad US dollar index
2025-12-12,DTWEXBGS,120.1442,Nominal broad US dollar index
2025-12-15,DTWEXBGS,119.9561,Nominal broad US dollar index
2025-12-16,DTWEXBGS,119.8902,Nominal broad US dollar index
2025-12-17,DTWEXBGS,120.155,Nominal broad US dollar index
2025-12-18,DTWEXBGS,120.0528,Nominal broad US dollar index
2025-12-19,DTWEXBGS,120.1652,Nominal broad US dollar index
2025-12-22,DTWEXBGS,119.9912,Nominal broad US dollar index
2025-12-23,DTWEXBGS,119.7057,Nominal broad US dollar index
2025-12-24,DTWEXBGS,119.4372,Nominal broad US dollar index
2025-12-25,DTWEXBGS,,Nominal broad US dollar index
2025-12-26,DTWEXBGS,119.4723,Nominal broad US dollar index
2025-12-29,DTWEXBGS,119.5899,Nominal broad US dollar index
2025-12-30,DTWEXBGS,119.4939,Nominal broad US dollar index
2025-12-31,DTWEXBGS,119.7456,Nominal broad US dollar index
2026-01-01,DTWEXBGS,,Nominal broad US dollar index
2026-01-02,DTWEXBGS,119.6059,Nominal broad US dollar index
2026-01-05,DTWEXBGS,119.6192,Nominal broad US dollar index
2026-01-06,DTWEXBGS,119.7807,Nominal broad US dollar index
2026-01-07,DTWEXBGS,119.8719,Nominal broad US dollar index
2026-01-08,DTWEXBGS,120.0904,Nominal broad US dollar index
2026-01-09,DTWEXBGS,120.2215,Nominal broad US dollar index
2026-01-12,DTWEXBGS,119.9958,Nominal broad US dollar index
2026-01-13,DTWEXBGS,120.1401,Nominal broad US dollar index
2026-01-14,DTWEXBGS,119.9537,Nominal broad US dollar index
2026-01-15,DTWEXBGS,119.9951,Nominal broad US dollar index
2026-01-16,DTWEXBGS,120.0838,Nominal broad US dollar index
2026-01-19,DTWEXBGS,,Nominal broad US dollar index
2026-01-20,DTWEXBGS,119.4455,Nominal broad US dollar index
2026-01-21,DTWEXBGS,119.3431,Nominal broad US dollar index
2026-01-22,DTWEXBGS,119.1962,Nominal broad US dollar index
2026-01-23,DTWEXBGS,118.8976,Nominal broad US dollar index
2026-01-26,DTWEXBGS,118.0525,Nominal broad US dollar index
2026-01-27,DTWEXBGS,117.4523,Nominal broad US dollar index
2026-01-28,DTWEXBGS,117.5117,Nominal broad US dollar index
2026-01-29,DTWEXBGS,117.4396,Nominal broad US dollar index
2026-01-30,DTWEXBGS,117.8996,Nominal broad US dollar index
2026-02-02,DTWEXBGS,118.3609,Nominal broad US dollar index
2026-02-03,DTWEXBGS,117.9764,Nominal broad US dollar index
2026-02-04,DTWEXBGS,118.2602,Nominal broad US dollar index
2026-02-05,DTWEXBGS,118.5034,Nominal broad US dollar index
2026-02-06,DTWEXBGS,118.2407,Nominal broad US dollar index
2026-02-09,DTWEXBGS,117.6392,Nominal broad US dollar index
2026-02-10,DTWEXBGS,117.5216,Nominal broad US dollar index
2026-02-11,DTWEXBGS,117.4601,Nominal broad US dollar index
2026-02-12,DTWEXBGS,117.5376,Nominal broad US dollar index
2026-02-13,DTWEXBGS,117.5258,Nominal broad US dollar index
2026-02-16,DTWEXBGS,,Nominal broad US dollar index
2026-02-17,DTWEXBGS,117.7375,Nominal broad US dollar index
2026-02-18,DTWEXBGS,117.8426,Nominal broad US dollar index
2026-02-19,DTWEXBGS,118.2354,Nominal broad US dollar index
2026-02-20,DTWEXBGS,117.9917,Nominal broad US dollar index
2026-02-23,DTWEXBGS,117.9395,Nominal broad US dollar index
2026-02-24,DTWEXBGS,117.9463,Nominal broad US dollar index
2026-02-25,DTWEXBGS,117.769,Nominal broad US dollar index
2026-02-26,DTWEXBGS,117.9042,Nominal broad US dollar index
2026-02-27,DTWEXBGS,117.8223,Nominal broad US dollar index
2026-03-02,DTWEXBGS,118.667,Nominal broad US dollar index
2026-03-03,DTWEXBGS,119.4341,Nominal broad US dollar index
2026-03-04,DTWEXBGS,119.0705,Nominal broad US dollar index
2026-03-05,DTWEXBGS,119.5683,Nominal broad US dollar index
2026-03-06,DTWEXBGS,119.491,Nominal broad US dollar index
2026-03-09,DTWEXBGS,119.5151,Nominal broad US dollar index
2026-03-10,DTWEXBGS,118.7255,Nominal broad US dollar index
2026-03-11,DTWEXBGS,119.2885,Nominal broad US dollar index
2026-03-12,DTWEXBGS,119.8227,Nominal broad US dollar index
2026-03-13,DTWEXBGS,120.5518,Nominal broad US dollar index
2026-03-16,DTWEXBGS,120.097,Nominal broad US dollar index
2026-03-17,DTWEXBGS,119.8328,Nominal broad US dollar index
2026-03-18,DTWEXBGS,119.9276,Nominal broad US dollar index
2026-03-19,DTWEXBGS,120.1802,Nominal broad US dollar index
2026-03-20,DTWEXBGS,120.2757,Nominal broad US dollar index
2026-03-23,DTWEXBGS,119.9371,Nominal broad US dollar index
2026-03-24,DTWEXBGS,120.1295,Nominal broad US dollar index
2026-03-25,DTWEXBGS,120.1282,Nominal broad US dollar index
2026-03-26,DTWEXBGS,120.389,Nominal broad US dollar index
2026-03-27,DTWEXBGS,120.8851,Nominal broad US dollar index
2026-03-30,DTWEXBGS,121.2851,Nominal broad US dollar index
2026-03-31,DTWEXBGS,121.035,Nominal broad US dollar index
2026-04-01,DTWEXBGS,120.1198,Nominal broad US dollar index
2026-04-02,DTWEXBGS,120.503,Nominal broad US dollar index
2026-04-03,DTWEXBGS,120.6565,Nominal broad US dollar index
2026-04-06,DTWEXBGS,120.4302,Nominal broad US dollar index
2026-04-07,DTWEXBGS,120.32,Nominal broad US dollar index
2026-04-08,DTWEXBGS,119.0596,Nominal broad US dollar index
2026-04-09,DTWEXBGS,118.8998,Nominal broad US dollar index
2026-04-10,DTWEXBGS,118.8552,Nominal broad US dollar index
2026-04-13,DTWEXBGS,118.9916,Nominal broad US dollar index
2026-04-14,DTWEXBGS,118.3581,Nominal broad US dollar index
2026-04-15,DTWEXBGS,118.3623,Nominal broad US dollar index
2026-04-16,DTWEXBGS,118.3616,Nominal broad US dollar index
2026-04-17,DTWEXBGS,118.0795,Nominal broad US dollar index
2026-04-20,DTWEXBGS,118.2374,Nominal broad US dollar index
2026-04-21,DTWEXBGS,118.4331,Nominal broad US dollar index
2026-04-22,DTWEXBGS,118.6004,Nominal broad US dollar index
2026-04-23,DTWEXBGS,118.7155,Nominal broad US dollar index
2026-04-24,DTWEXBGS,118.7294,Nominal broad US dollar index
2026-04-27,DTWEXBGS,118.5458,Nominal broad US dollar index
2026-04-28,DTWEXBGS,118.7717,Nominal broad US dollar index
2026-04-29,DTWEXBGS,119.0975,Nominal broad US dollar index
2026-04-30,DTWEXBGS,118.671,Nominal broad US dollar index
2026-05-01,DTWEXBGS,118.3926,Nominal broad US dollar index
2026-05-04,DTWEXBGS,118.8264,Nominal broad US dollar index
2026-05-05,DTWEXBGS,118.6207,Nominal broad US dollar index
2026-05-06,DTWEXBGS,118.0982,Nominal broad US dollar index
2026-05-07,DTWEXBGS,118.0116,Nominal broad US dollar index
2026-05-08,DTWEXBGS,118.0392,Nominal broad US dollar index
2026-05-11,DTWEXBGS,118.0562,Nominal broad US dollar index
2026-05-12,DTWEXBGS,118.5238,Nominal broad US dollar index
2026-05-13,DTWEXBGS,118.4737,Nominal broad US dollar index
2026-05-14,DTWEXBGS,118.6696,Nominal broad US dollar index
2026-05-15,DTWEXBGS,119.2825,Nominal broad US dollar index
2026-05-18,DTWEXBGS,119.0574,Nominal broad US dollar index
2026-05-19,DTWEXBGS,119.451,Nominal broad US dollar index
2026-05-20,DTWEXBGS,119.1624,Nominal broad US dollar index
2026-05-21,DTWEXBGS,119.369,Nominal broad US dollar index
2026-05-22,DTWEXBGS,119.2868,Nominal broad US dollar index
2026-05-25,DTWEXBGS,,Nominal broad US dollar index
2026-05-26,DTWEXBGS,119.1696,Nominal broad US dollar index
2026-05-27,DTWEXBGS,119.1829,Nominal broad US dollar index
2026-05-28,DTWEXBGS,119.0318,Nominal broad US dollar index
2026-05-29,DTWEXBGS,118.8783,Nominal broad US dollar index
2026-06-01,DTWEXBGS,119.1653,Nominal broad US dollar index
2026-06-02,DTWEXBGS,119.0359,Nominal broad US dollar index
2026-06-03,DTWEXBGS,119.3848,Nominal broad US dollar index
2026-06-04,DTWEXBGS,119.3615,Nominal broad US dollar index
2026-06-05,DTWEXBGS,120.0831,Nominal broad US dollar index
2026-06-08,DTWEXBGS,120.034,Nominal broad US dollar index
2026-06-09,DTWEXBGS,119.9617,Nominal broad US dollar index
2026-06-10,DTWEXBGS,119.9134,Nominal broad US dollar index
2026-06-11,DTWEXBGS,120.1174,Nominal broad US dollar index
2026-06-12,DTWEXBGS,119.5073,Nominal broad US dollar index
2026-06-15,DTWEXBGS,119.3158,Nominal broad US dollar index
2026-06-16,DTWEXBGS,119.256,Nominal broad US dollar index
2026-06-17,DTWEXBGS,119.3871,Nominal broad US dollar index
2026-06-18,DTWEXBGS,120.3958,Nominal broad US dollar index
2026-06-19,DTWEXBGS,,Nominal broad US dollar index
2026-06-22,DTWEXBGS,120.5463,Nominal broad US dollar index
2026-06-23,DTWEXBGS,121.0552,Nominal broad US dollar index
2026-06-24,DTWEXBGS,121.412,Nominal broad US dollar index
2026-06-25,DTWEXBGS,121.0559,Nominal broad US dollar index
2026-06-26,DTWEXBGS,120.8866,Nominal broad US dollar index
2026-06-29,DTWEXBGS,120.9525,Nominal broad US dollar index
2026-06-30,DTWEXBGS,120.9248,Nominal broad US dollar index
2026-07-01,DTWEXBGS,121.1455,Nominal broad US dollar index
2026-07-02,DTWEXBGS,120.6902,Nominal broad US dollar index
2026-07-03,DTWEXBGS,,Nominal broad US dollar index
2026-07-06,DTWEXBGS,120.835,Nominal broad US dollar index
2026-07-07,DTWEXBGS,120.8145,Nominal broad US dollar index
2026-07-08,DTWEXBGS,121.1307,Nominal broad US dollar index
2026-07-09,DTWEXBGS,120.753,Nominal broad US dollar index
2026-07-10,DTWEXBGS,120.5046,Nominal broad US dollar index
2026-07-13,DTWEXBGS,120.7413,Nominal broad US dollar index
2026-07-14,DTWEXBGS,120.4728,Nominal broad US dollar index
2026-07-15,DTWEXBGS,120.3088,Nominal broad US dollar index
2026-07-16,DTWEXBGS,120.331,Nominal broad US dollar index
2026-07-17,DTWEXBGS,120.5315,Nominal broad US dollar index
2026-07-20,DTWEXBGS,120.5401,Nominal broad US dollar index
2026-07-21,DTWEXBGS,120.5779,Nominal broad US dollar index
2026-07-22,DTWEXBGS,120.5736,Nominal broad US dollar index
2026-07-23,DTWEXBGS,120.9075,Nominal broad US dollar index
2026-07-24,DTWEXBGS,120.7105,Nominal broad US dollar index
2026-07-27,DTWEXBGS,120.7739,Nominal broad US dollar index
2026-07-28,DTWEXBGS,120.6247,Nominal broad US dollar index
2026-07-29,DTWEXBGS,120.7892,Nominal broad US dollar index
2026-07-30,DTWEXBGS,119.6753,Nominal broad US dollar index
2026-07-31,DTWEXBGS,119.7034,Nominal broad US dollar index
2026-08-03,DTWEXBGS,119.6951,Nominal broad US dollar index
2026-08-04,DTWEXBGS,119.5977,Nominal broad US dollar index
2026-08-05,DTWEXBGS,119.3881,Nominal broad US dollar index
2026-08-06,DTWEXBGS,119.5113,Nominal broad US dollar index
2026-08-07,DTWEXBGS,119.0649,Nominal broad US dollar index
2026-08-10,DTWEXBGS,119.1187,Nominal broad US dollar index
2026-08-11,DTWEXBGS,119.179,Nominal broad US dollar index
2026-08-12,DTWEXBGS,119.1179,Nominal broad US dollar index
2026-08-13,DTWEXBGS,119.1848,Nominal broad US dollar index
2026-08-14,DTWEXBGS,118.9028,Nominal broad US dollar index
2026-08-17,DTWEXBGS,118.814,Nominal broad US dollar index
2026-08-18,DTWEXBGS,118.9831,Nominal broad US dollar index
2026-08-19,DTWEXBGS,118.3328,Nominal broad US dollar index
2026-08-20,DTWEXBGS,118.2548,Nominal broad US dollar index
2026-08-21,DTWEXBGS,118.0628,Nominal broad US dollar index
2026-08-24,DTWEXBGS,118.3195,Nominal broad US dollar index
2026-08-25,DTWEXBGS,118.2283,Nominal broad US dollar index
2026-08-26,DTWEXBGS,118.4461,Nominal broad US dollar index
2026-08-27,DTWEXBGS,118.3583,Nominal broad US dollar index
2026-08-28,DTWEXBGS,118.7479,Nominal broad US dollar index
