date,series_id,value,description
2006-01-03,VIXCLS,11.14,CBOE VIX close
2006-01-04,VIXCLS,11.37,CBOE VIX close
2006-01-05,VIXCLS,11.31,CBOE VIX close
2006-01-06,VIXCLS,11,CBOE VIX close
2006-01-09,VIXCLS,11.13,CBOE VIX close
2006-01-10,VIXCLS,10.86,CBOE VIX close
2006-01-11,VIXCLS,10.94,CBOE VIX close
2006-01-12,VIXCLS,11.2,CBOE VIX close
2006-01-13,VIXCLS,11.23,CBOE VIX close
2006-01-16,VIXCLS,,CBOE VIX close
2006-01-17,VIXCLS,11.91,CBOE VIX close
2006-01-18,VIXCLS,12.25,CBOE VIX close
2006-01-19,VIXCLS,11.98,CBOE VIX close
2006-01-20,VIXCLS,14.56,CBOE VIX close
2006-01-23,VIXCLS,13.93,CBOE VIX close
2006-01-24,VIXCLS,13.31,CBOE VIX close
2006-01-25,VIXCLS,12.87,CBOE VIX close
2006-01-26,VIXCLS,12.42,CBOE VIX close
2006-01-27,VIXCLS,11.97,CBOE VIX close
2006-01-30,VIXCLS,12.39,CBOE VIX close
2006-01-31,VIXCLS,12.95,CBOE VIX close
2006-02-01,VIXCLS,12.36,CBOE VIX close
2006-02-02,VIXCLS,13.23,CBOE VIX close
2006-02-03,VIXCLS,12.96,CBOE VIX close
2006-02-06,VIXCLS,13.04,CBOE VIX close
2006-02-07,VIXCLS,13.59,CBOE VIX close
2006-02-08,VIXCLS,12.83,CBOE VIX close
2006-02-09,VIXCLS,13.12,CBOE VIX close
2006-02-10,VIXCLS,12.87,CBOE VIX close
2006-02-13,VIXCLS,13.35,CBOE VIX close
2006-02-14,VIXCLS,12.25,CBOE VIX close
2006-02-15,VIXCLS,12.31,CBOE VIX close
2006-02-16,VIXCLS,11.48,CBOE VIX close
2006-02-17,VIXCLS,12.01,CBOE VIX close
2006-02-20,VIXCLS,,CBOE VIX close
2006-02-21,VIXCLS,12.41,CBOE VIX close
2006-02-22,VIXCLS,11.88,CBOE VIX close
2006-02-23,VIXCLS,11.87,CBOE VIX close
2006-02-24,VIXCLS,11.46,CBOE VIX close
2006-02-27,VIXCLS,11.59,CBOE VIX close
2006-02-28,VIXCLS,12.34,CBOE VIX close
2006-03-01,VIXCLS,11.54,CBOE VIX close
2006-03-02,VIXCLS,11.72,CBOE VIX close
2006-03-03,VIXCLS,11.96,CBOE VIX close
2006-03-06,VIXCLS,12.74,CBOE VIX close
2006-03-07,VIXCLS,12.66,CBOE VIX close
2006-03-08,VIXCLS,12.32,CBOE VIX close
2006-03-09,VIXCLS,12.68,CBOE VIX close
2006-03-10,VIXCLS,11.85,CBOE VIX close
2006-03-13,VIXCLS,11.37,CBOE VIX close
2006-03-14,VIXCLS,10.74,CBOE VIX close
2006-03-15,VIXCLS,11.35,CBOE VIX close
2006-03-16,VIXCLS,11.98,CBOE VIX close
2006-03-17,VIXCLS,12.12,CBOE VIX close
2006-03-20,VIXCLS,11.79,CBOE VIX close
2006-03-21,VIXCLS,11.62,CBOE VIX close
2006-03-22,VIXCLS,11.21,CBOE VIX close
2006-03-23,VIXCLS,11.17,CBOE VIX close
2006-03-24,VIXCLS,11.19,CBOE VIX close
2006-03-27,VIXCLS,11.46,CBOE VIX close
2006-03-28,VIXCLS,11.58,CBOE VIX close
2006-03-29,VIXCLS,10.95,CBOE VIX close
2006-03-30,VIXCLS,11.57,CBOE VIX close
2006-03-31,VIXCLS,11.39,CBOE VIX close
2006-04-03,VIXCLS,11.57,CBOE VIX close
2006-04-04,VIXCLS,11.14,CBOE VIX close
2006-04-05,VIXCLS,11.13,CBOE VIX close
2006-04-06,VIXCLS,11.45,CBOE VIX close
2006-04-07,VIXCLS,12.26,CBOE VIX close
2006-04-10,VIXCLS,12.19,CBOE VIX close
2006-04-11,VIXCLS,13,CBOE VIX close
2006-04-12,VIXCLS,12.76,CBOE VIX close
2006-04-13,VIXCLS,12.38,CBOE VIX close
2006-04-14,VIXCLS,,CBOE VIX close
2006-04-17,VIXCLS,12.58,CBOE VIX close
2006-04-18,VIXCLS,11.4,CBOE VIX close
2006-04-19,VIXCLS,11.32,CBOE VIX close
2006-04-20,VIXCLS,11.64,CBOE VIX close
2006-04-21,VIXCLS,11.59,CBOE VIX close
2006-04-24,VIXCLS,11.75,CBOE VIX close
2006-04-25,VIXCLS,11.75,CBOE VIX close
2006-04-26,VIXCLS,11.76,CBOE VIX close
2006-04-27,VIXCLS,11.84,CBOE VIX close
2006-04-28,VIXCLS,11.59,CBOE VIX close
2006-05-01,VIXCLS,12.54,CBOE VIX close
2006-05-02,VIXCLS,11.99,CBOE VIX close
2006-05-03,VIXCLS,11.99,CBOE VIX close
2006-05-04,VIXCLS,11.86,CBOE VIX close
2006-05-05,VIXCLS,11.62,CBOE VIX close
2006-05-08,VIXCLS,12,CBOE VIX close
2006-05-09,VIXCLS,11.99,CBOE VIX close
2006-05-10,VIXCLS,11.78,CBOE VIX close
2006-05-11,VIXCLS,12.49,CBOE VIX close
2006-05-12,VIXCLS,14.19,CBOE VIX close
2006-05-15,VIXCLS,13.57,CBOE VIX close
2006-05-16,VIXCLS,13.35,CBOE VIX close
2006-05-17,VIXCLS,16.26,CBOE VIX close
2006-05-18,VIXCLS,16.99,CBOE VIX close
2006-05-19,VIXCLS,17.18,CBOE VIX close
2006-05-22,VIXCLS,17.72,CBOE VIX close
2006-05-23,VIXCLS,18.26,CBOE VIX close
2006-05-24,VIXCLS,17.36,CBOE VIX close
2006-05-25,VIXCLS,15.5,CBOE VIX close
2006-05-26,VIXCLS,14.26,CBOE VIX close
2006-05-29,VIXCLS,,CBOE VIX close
2006-05-30,VIXCLS,18.66,CBOE VIX close
2006-05-31,VIXCLS,16.44,CBOE VIX close
2006-06-01,VIXCLS,14.52,CBOE VIX close
2006-06-02,VIXCLS,14.32,CBOE VIX close
2006-06-05,VIXCLS,16.65,CBOE VIX close
2006-06-06,VIXCLS,17.34,CBOE VIX close
2006-06-07,VIXCLS,17.8,CBOE VIX close
2006-06-08,VIXCLS,18.35,CBOE VIX close
2006-06-09,VIXCLS,18.12,CBOE VIX close
2006-06-12,VIXCLS,20.96,CBOE VIX close
2006-06-13,VIXCLS,23.81,CBOE VIX close
2006-06-14,VIXCLS,21.46,CBOE VIX close
2006-06-15,VIXCLS,15.9,CBOE VIX close
2006-06-16,VIXCLS,17.25,CBOE VIX close
2006-06-19,VIXCLS,17.83,CBOE VIX close
2006-06-20,VIXCLS,16.69,CBOE VIX close
2006-06-21,VIXCLS,15.52,CBOE VIX close
2006-06-22,VIXCLS,15.88,CBOE VIX close
2006-06-23,VIXCLS,15.89,CBOE VIX close
2006-06-26,VIXCLS,15.62,CBOE VIX close
2006-06-27,VIXCLS,16.4,CBOE VIX close
2006-06-28,VIXCLS,15.79,CBOE VIX close
2006-06-29,VIXCLS,13.03,CBOE VIX close
2006-06-30,VIXCLS,13.08,CBOE VIX close
2006-07-03,VIXCLS,13.05,CBOE VIX close
2006-07-04,VIXCLS,,CBOE VIX close
2006-07-05,VIXCLS,14.15,CBOE VIX close
2006-07-06,VIXCLS,13.65,CBOE VIX close
2006-07-07,VIXCLS,13.97,CBOE VIX close
2006-07-10,VIXCLS,14.02,CBOE VIX close
2006-07-11,VIXCLS,13.14,CBOE VIX close
2006-07-12,VIXCLS,14.49,CBOE VIX close
2006-07-13,VIXCLS,17.79,CBOE VIX close
2006-07-14,VIXCLS,18.05,CBOE VIX close
2006-07-17,VIXCLS,18.64,CBOE VIX close
2006-07-18,VIXCLS,17.74,CBOE VIX close
2006-07-19,VIXCLS,15.55,CBOE VIX close
2006-07-20,VIXCLS,16.21,CBOE VIX close
2006-07-21,VIXCLS,17.4,CBOE VIX close
2006-07-24,VIXCLS,14.98,CBOE VIX close
2006-07-25,VIXCLS,14.85,CBOE VIX close
2006-07-26,VIXCLS,14.62,CBOE VIX close
2006-07-27,VIXCLS,14.94,CBOE VIX close
2006-07-28,VIXCLS,14.33,CBOE VIX close
2006-07-31,VIXCLS,14.95,CBOE VIX close
2006-08-01,VIXCLS,15.05,CBOE VIX close
2006-08-02,VIXCLS,14.34,CBOE VIX close
2006-08-03,VIXCLS,14.46,CBOE VIX close
2006-08-04,VIXCLS,14.34,CBOE VIX close
2006-08-07,VIXCLS,15.23,CBOE VIX close
2006-08-08,VIXCLS,15.23,CBOE VIX close
2006-08-09,VIXCLS,15.2,CBOE VIX close
2006-08-10,VIXCLS,14.46,CBOE VIX close
2006-08-11,VIXCLS,14.3,CBOE VIX close
2006-08-14,VIXCLS,14.26,CBOE VIX close
2006-08-15,VIXCLS,13.42,CBOE VIX close
2006-08-16,VIXCLS,12.41,CBOE VIX close
2006-08-17,VIXCLS,12.24,CBOE VIX close
2006-08-18,VIXCLS,11.64,CBOE VIX close
2006-08-21,VIXCLS,12.22,CBOE VIX close
2006-08-22,VIXCLS,12.19,CBOE VIX close
2006-08-23,VIXCLS,12.4,CBOE VIX close
2006-08-24,VIXCLS,12.4,CBOE VIX close
2006-08-25,VIXCLS,12.31,CBOE VIX close
2006-08-28,VIXCLS,12.18,CBOE VIX close
2006-08-29,VIXCLS,12.28,CBOE VIX close
2006-08-30,VIXCLS,12.22,CBOE VIX close
2006-08-31,VIXCLS,12.31,CBOE VIX close
2006-09-01,VIXCLS,11.96,CBOE VIX close
2006-09-04,VIXCLS,,CBOE VIX close
2006-09-05,VIXCLS,12.63,CBOE VIX close
2006-09-06,VIXCLS,13.74,CBOE VIX close
2006-09-07,VIXCLS,13.88,CBOE VIX close
2006-09-08,VIXCLS,13.16,CBOE VIX close
2006-09-11,VIXCLS,12.99,CBOE VIX close
2006-09-12,VIXCLS,11.92,CBOE VIX close
2006-09-13,VIXCLS,11.18,CBOE VIX close
2006-09-14,VIXCLS,11.55,CBOE VIX close
2006-09-15,VIXCLS,11.76,CBOE VIX close
2006-09-18,VIXCLS,11.78,CBOE VIX close
2006-09-19,VIXCLS,11.98,CBOE VIX close
2006-09-20,VIXCLS,11.39,CBOE VIX close
2006-09-21,VIXCLS,12.25,CBOE VIX close
2006-09-22,VIXCLS,12.59,CBOE VIX close
2006-09-25,VIXCLS,12.12,CBOE VIX close
2006-09-26,VIXCLS,11.53,CBOE VIX close
2006-09-27,VIXCLS,11.58,CBOE VIX close
2006-09-28,VIXCLS,11.72,CBOE VIX close
2006-09-29,VIXCLS,11.98,CBOE VIX close
2006-10-02,VIXCLS,12.57,CBOE VIX close
2006-10-03,VIXCLS,12.24,CBOE VIX close
2006-10-04,VIXCLS,11.86,CBOE VIX close
2006-10-05,VIXCLS,11.98,CBOE VIX close
2006-10-06,VIXCLS,11.56,CBOE VIX close
2006-10-09,VIXCLS,11.68,CBOE VIX close
2006-10-10,VIXCLS,11.52,CBOE VIX close
2006-10-11,VIXCLS,11.62,CBOE VIX close
2006-10-12,VIXCLS,11.09,CBOE VIX close
2006-10-13,VIXCLS,10.75,CBOE VIX close
2006-10-16,VIXCLS,11.09,CBOE VIX close
2006-10-17,VIXCLS,11.73,CBOE VIX close
2006-10-18,VIXCLS,11.34,CBOE VIX close
2006-10-19,VIXCLS,10.9,CBOE VIX close
2006-10-20,VIXCLS,10.63,CBOE VIX close
2006-10-23,VIXCLS,11.08,CBOE VIX close
2006-10-24,VIXCLS,10.78,CBOE VIX close
2006-10-25,VIXCLS,10.66,CBOE VIX close
2006-10-26,VIXCLS,10.56,CBOE VIX close
2006-10-27,VIXCLS,10.8,CBOE VIX close
2006-10-30,VIXCLS,11.2,CBOE VIX close
2006-10-31,VIXCLS,11.1,CBOE VIX close
2006-11-01,VIXCLS,11.51,CBOE VIX close
2006-11-02,VIXCLS,11.42,CBOE VIX close
2006-11-03,VIXCLS,11.16,CBOE VIX close
2006-11-06,VIXCLS,11.16,CBOE VIX close
2006-11-07,VIXCLS,11.09,CBOE VIX close
2006-11-08,VIXCLS,10.75,CBOE VIX close
2006-11-09,VIXCLS,11.01,CBOE VIX close
2006-11-10,VIXCLS,10.79,CBOE VIX close
2006-11-13,VIXCLS,10.86,CBOE VIX close
2006-11-14,VIXCLS,10.5,CBOE VIX close
2006-11-15,VIXCLS,10.31,CBOE VIX close
2006-11-16,VIXCLS,10.16,CBOE VIX close
2006-11-17,VIXCLS,10.05,CBOE VIX close
2006-11-20,VIXCLS,9.97,CBOE VIX close
2006-11-21,VIXCLS,9.9,CBOE VIX close
2006-11-22,VIXCLS,10.14,CBOE VIX close
2006-11-23,VIXCLS,,CBOE VIX close
2006-11-24,VIXCLS,10.73,CBOE VIX close
2006-11-27,VIXCLS,12.3,CBOE VIX close
2006-11-28,VIXCLS,11.62,CBOE VIX close
2006-11-29,VIXCLS,10.83,CBOE VIX close
2006-11-30,VIXCLS,10.91,CBOE VIX close
2006-12-01,VIXCLS,11.66,CBOE VIX close
2006-12-04,VIXCLS,11.23,CBOE VIX close
2006-12-05,VIXCLS,11.27,CBOE VIX close
2006-12-06,VIXCLS,11.33,CBOE VIX close
2006-12-07,VIXCLS,12.67,CBOE VIX close
2006-12-08,VIXCLS,12.07,CBOE VIX close
2006-12-11,VIXCLS,10.71,CBOE VIX close
2006-12-12,VIXCLS,10.65,CBOE VIX close
2006-12-13,VIXCLS,10.18,CBOE VIX close
2006-12-14,VIXCLS,9.97,CBOE VIX close
2006-12-15,VIXCLS,10.05,CBOE VIX close
2006-12-18,VIXCLS,10.6,CBOE VIX close
2006-12-19,VIXCLS,10.3,CBOE VIX close
2006-12-20,VIXCLS,10.26,CBOE VIX close
2006-12-21,VIXCLS,10.53,CBOE VIX close
2006-12-22,VIXCLS,11.36,CBOE VIX close
2006-12-25,VIXCLS,,CBOE VIX close
2006-12-26,VIXCLS,11.26,CBOE VIX close
2006-12-27,VIXCLS,10.64,CBOE VIX close
2006-12-28,VIXCLS,10.99,CBOE VIX close
2006-12-29,VIXCLS,11.56,CBOE VIX close
2007-01-01,VIXCLS,,CBOE VIX close
2007-01-02,VIXCLS,,CBOE VIX close
2007-01-03,VIXCLS,12.04,CBOE VIX close
2007-01-04,VIXCLS,11.51,CBOE VIX close
2007-01-05,VIXCLS,12.14,CBOE VIX close
2007-01-08,VIXCLS,12,CBOE VIX close
2007-01-09,VIXCLS,11.91,CBOE VIX close
2007-01-10,VIXCLS,11.47,CBOE VIX close
2007-01-11,VIXCLS,10.87,CBOE VIX close
2007-01-12,VIXCLS,10.15,CBOE VIX close
2007-01-15,VIXCLS,,CBOE VIX close
2007-01-16,VIXCLS,10.74,CBOE VIX close
2007-01-17,VIXCLS,10.59,CBOE VIX close
2007-01-18,VIXCLS,10.85,CBOE VIX close
2007-01-19,VIXCLS,10.4,CBOE VIX close
2007-01-22,VIXCLS,10.77,CBOE VIX close
2007-01-23,VIXCLS,10.34,CBOE VIX close
2007-01-24,VIXCLS,9.89,CBOE VIX close
2007-01-25,VIXCLS,11.22,CBOE VIX close
2007-01-26,VIXCLS,11.13,CBOE VIX close
2007-01-29,VIXCLS,11.45,CBOE VIX close
2007-01-30,VIXCLS,10.96,CBOE VIX close
2007-01-31,VIXCLS,10.42,CBOE VIX close
2007-02-01,VIXCLS,10.31,CBOE VIX close
2007-02-02,VIXCLS,10.08,CBOE VIX close
2007-02-05,VIXCLS,10.55,CBOE VIX close
2007-02-06,VIXCLS,10.65,CBOE VIX close
2007-02-07,VIXCLS,10.32,CBOE VIX close
2007-02-08,VIXCLS,10.44,CBOE VIX close
2007-02-09,VIXCLS,11.1,CBOE VIX close
2007-02-12,VIXCLS,11.61,CBOE VIX close
2007-02-13,VIXCLS,10.34,CBOE VIX close
2007-02-14,VIXCLS,10.23,CBOE VIX close
2007-02-15,VIXCLS,10.22,CBOE VIX close
2007-02-16,VIXCLS,10.02,CBOE VIX close
2007-02-19,VIXCLS,,CBOE VIX close
2007-02-20,VIXCLS,10.24,CBOE VIX close
2007-02-21,VIXCLS,10.2,CBOE VIX close
2007-02-22,VIXCLS,10.18,CBOE VIX close
2007-02-23,VIXCLS,10.58,CBOE VIX close
2007-02-26,VIXCLS,11.15,CBOE VIX close
2007-02-27,VIXCLS,18.31,CBOE VIX close
2007-02-28,VIXCLS,15.42,CBOE VIX close
2007-03-01,VIXCLS,15.82,CBOE VIX close
2007-03-02,VIXCLS,18.61,CBOE VIX close
2007-03-05,VIXCLS,19.63,CBOE VIX close
2007-03-06,VIXCLS,15.96,CBOE VIX close
2007-03-07,VIXCLS,15.24,CBOE VIX close
2007-03-08,VIXCLS,14.29,CBOE VIX close
2007-03-09,VIXCLS,14.09,CBOE VIX close
2007-03-12,VIXCLS,13.99,CBOE VIX close
2007-03-13,VIXCLS,18.13,CBOE VIX close
2007-03-14,VIXCLS,17.27,CBOE VIX close
2007-03-15,VIXCLS,16.43,CBOE VIX close
2007-03-16,VIXCLS,16.79,CBOE VIX close
2007-03-19,VIXCLS,14.59,CBOE VIX close
2007-03-20,VIXCLS,13.27,CBOE VIX close
2007-03-21,VIXCLS,12.19,CBOE VIX close
2007-03-22,VIXCLS,12.93,CBOE VIX close
2007-03-23,VIXCLS,12.95,CBOE VIX close
2007-03-26,VIXCLS,13.16,CBOE VIX close
2007-03-27,VIXCLS,13.48,CBOE VIX close
2007-03-28,VIXCLS,14.98,CBOE VIX close
2007-03-29,VIXCLS,15.14,CBOE VIX close
2007-03-30,VIXCLS,14.64,CBOE VIX close
2007-04-02,VIXCLS,14.53,CBOE VIX close
2007-04-03,VIXCLS,13.46,CBOE VIX close
2007-04-04,VIXCLS,13.24,CBOE VIX close
2007-04-05,VIXCLS,13.23,CBOE VIX close
2007-04-06,VIXCLS,,CBOE VIX close
2007-04-09,VIXCLS,13.14,CBOE VIX close
2007-04-10,VIXCLS,12.68,CBOE VIX close
2007-04-11,VIXCLS,13.49,CBOE VIX close
2007-04-12,VIXCLS,12.71,CBOE VIX close
2007-04-13,VIXCLS,12.2,CBOE VIX close
2007-04-16,VIXCLS,11.98,CBOE VIX close
2007-04-17,VIXCLS,12.14,CBOE VIX close
2007-04-18,VIXCLS,12.42,CBOE VIX close
2007-04-19,VIXCLS,12.54,CBOE VIX close
2007-04-20,VIXCLS,12.07,CBOE VIX close
2007-04-23,VIXCLS,13.04,CBOE VIX close
2007-04-24,VIXCLS,13.12,CBOE VIX close
2007-04-25,VIXCLS,13.21,CBOE VIX close
2007-04-26,VIXCLS,12.79,CBOE VIX close
2007-04-27,VIXCLS,12.45,CBOE VIX close
2007-04-30,VIXCLS,14.22,CBOE VIX close
2007-05-01,VIXCLS,13.51,CBOE VIX close
2007-05-02,VIXCLS,13.08,CBOE VIX close
2007-05-03,VIXCLS,13.09,CBOE VIX close
2007-05-04,VIXCLS,12.91,CBOE VIX close
2007-05-07,VIXCLS,13.15,CBOE VIX close
2007-05-08,VIXCLS,13.21,CBOE VIX close
2007-05-09,VIXCLS,12.88,CBOE VIX close
2007-05-10,VIXCLS,13.6,CBOE VIX close
2007-05-11,VIXCLS,12.95,CBOE VIX close
2007-05-14,VIXCLS,13.96,CBOE VIX close
2007-05-15,VIXCLS,14.01,CBOE VIX close
2007-05-16,VIXCLS,13.5,CBOE VIX close
2007-05-17,VIXCLS,13.51,CBOE VIX close
2007-05-18,VIXCLS,12.76,CBOE VIX close
2007-05-21,VIXCLS,13.3,CBOE VIX close
2007-05-22,VIXCLS,13.06,CBOE VIX close
2007-05-23,VIXCLS,13.24,CBOE VIX close
2007-05-24,VIXCLS,14.08,CBOE VIX close
2007-05-25,VIXCLS,13.34,CBOE VIX close
2007-05-28,VIXCLS,,CBOE VIX close
2007-05-29,VIXCLS,13.53,CBOE VIX close
2007-05-30,VIXCLS,12.83,CBOE VIX close
2007-05-31,VIXCLS,13.05,CBOE VIX close
2007-06-01,VIXCLS,12.78,CBOE VIX close
2007-06-04,VIXCLS,13.29,CBOE VIX close
2007-06-05,VIXCLS,13.63,CBOE VIX close
2007-06-06,VIXCLS,14.87,CBOE VIX close
2007-06-07,VIXCLS,17.06,CBOE VIX close
2007-06-08,VIXCLS,14.84,CBOE VIX close
2007-06-11,VIXCLS,14.71,CBOE VIX close
2007-06-12,VIXCLS,16.67,CBOE VIX close
2007-06-13,VIXCLS,14.73,CBOE VIX close
2007-06-14,VIXCLS,13.64,CBOE VIX close
2007-06-15,VIXCLS,13.94,CBOE VIX close
2007-06-18,VIXCLS,13.42,CBOE VIX close
2007-06-19,VIXCLS,12.85,CBOE VIX close
2007-06-20,VIXCLS,14.67,CBOE VIX close
2007-06-21,VIXCLS,14.21,CBOE VIX close
2007-06-22,VIXCLS,15.75,CBOE VIX close
2007-06-25,VIXCLS,16.65,CBOE VIX close
2007-06-26,VIXCLS,18.89,CBOE VIX close
2007-06-27,VIXCLS,15.53,CBOE VIX close
2007-06-28,VIXCLS,15.54,CBOE VIX close
2007-06-29,VIXCLS,16.23,CBOE VIX close
2007-07-02,VIXCLS,15.4,CBOE VIX close
2007-07-03,VIXCLS,14.92,CBOE VIX close
2007-07-04,VIXCLS,,CBOE VIX close
2007-07-05,VIXCLS,15.48,CBOE VIX close
2007-07-06,VIXCLS,14.72,CBOE VIX close
2007-07-09,VIXCLS,15.16,CBOE VIX close
2007-07-10,VIXCLS,17.57,CBOE VIX close
2007-07-11,VIXCLS,16.64,CBOE VIX close
2007-07-12,VIXCLS,15.54,CBOE VIX close
2007-07-13,VIXCLS,15.15,CBOE VIX close
2007-07-16,VIXCLS,15.59,CBOE VIX close
2007-07-17,VIXCLS,15.63,CBOE VIX close
2007-07-18,VIXCLS,16,CBOE VIX close
2007-07-19,VIXCLS,15.23,CBOE VIX close
2007-07-20,VIXCLS,16.95,CBOE VIX close
2007-07-23,VIXCLS,16.81,CBOE VIX close
2007-07-24,VIXCLS,18.55,CBOE VIX close
2007-07-25,VIXCLS,18.1,CBOE VIX close
2007-07-26,VIXCLS,20.74,CBOE VIX close
2007-07-27,VIXCLS,24.17,CBOE VIX close
2007-07-30,VIXCLS,20.87,CBOE VIX close
2007-07-31,VIXCLS,23.52,CBOE VIX close
2007-08-01,VIXCLS,23.67,CBOE VIX close
2007-08-02,VIXCLS,21.22,CBOE VIX close
2007-08-03,VIXCLS,25.16,CBOE VIX close
2007-08-06,VIXCLS,22.94,CBOE VIX close
2007-08-07,VIXCLS,21.56,CBOE VIX close
2007-08-08,VIXCLS,21.45,CBOE VIX close
2007-08-09,VIXCLS,26.48,CBOE VIX close
2007-08-10,VIXCLS,28.3,CBOE VIX close
2007-08-13,VIXCLS,26.57,CBOE VIX close
2007-08-14,VIXCLS,27.68,CBOE VIX close
2007-08-15,VIXCLS,30.67,CBOE VIX close
2007-08-16,VIXCLS,30.83,CBOE VIX close
2007-08-17,VIXCLS,29.99,CBOE VIX close
2007-08-20,VIXCLS,26.33,CBOE VIX close
2007-08-21,VIXCLS,25.25,CBOE VIX close
2007-08-22,VIXCLS,22.89,CBOE VIX close
2007-08-23,VIXCLS,22.62,CBOE VIX close
2007-08-24,VIXCLS,20.72,CBOE VIX close
2007-08-27,VIXCLS,22.72,CBOE VIX close
2007-08-28,VIXCLS,26.3,CBOE VIX close
2007-08-29,VIXCLS,23.81,CBOE VIX close
2007-08-30,VIXCLS,25.06,CBOE VIX close
2007-08-31,VIXCLS,23.38,CBOE VIX close
2007-09-03,VIXCLS,,CBOE VIX close
2007-09-04,VIXCLS,22.78,CBOE VIX close
2007-09-05,VIXCLS,24.58,CBOE VIX close
2007-09-06,VIXCLS,23.99,CBOE VIX close
2007-09-07,VIXCLS,26.23,CBOE VIX close
2007-09-10,VIXCLS,27.38,CBOE VIX close
2007-09-11,VIXCLS,25.27,CBOE VIX close
2007-09-12,VIXCLS,24.96,CBOE VIX close
2007-09-13,VIXCLS,24.76,CBOE VIX close
2007-09-14,VIXCLS,24.92,CBOE VIX close
2007-09-17,VIXCLS,26.48,CBOE VIX close
2007-09-18,VIXCLS,20.35,CBOE VIX close
2007-09-19,VIXCLS,20.03,CBOE VIX close
2007-09-20,VIXCLS,20.45,CBOE VIX close
2007-09-21,VIXCLS,19,CBOE VIX close
2007-09-24,VIXCLS,19.37,CBOE VIX close
2007-09-25,VIXCLS,18.6,CBOE VIX close
2007-09-26,VIXCLS,17.63,CBOE VIX close
2007-09-27,VIXCLS,17,CBOE VIX close
2007-09-28,VIXCLS,18,CBOE VIX close
2007-10-01,VIXCLS,17.84,CBOE VIX close
2007-10-02,VIXCLS,18.49,CBOE VIX close
2007-10-03,VIXCLS,18.8,CBOE VIX close
2007-10-04,VIXCLS,18.44,CBOE VIX close
2007-10-05,VIXCLS,16.91,CBOE VIX close
2007-10-08,VIXCLS,17.46,CBOE VIX close
2007-10-09,VIXCLS,16.12,CBOE VIX close
2007-10-10,VIXCLS,16.67,CBOE VIX close
2007-10-11,VIXCLS,18.88,CBOE VIX close
2007-10-12,VIXCLS,17.73,CBOE VIX close
2007-10-15,VIXCLS,19.25,CBOE VIX close
2007-10-16,VIXCLS,20.02,CBOE VIX close
2007-10-17,VIXCLS,18.54,CBOE VIX close
2007-10-18,VIXCLS,18.5,CBOE VIX close
2007-10-19,VIXCLS,22.96,CBOE VIX close
2007-10-22,VIXCLS,21.64,CBOE VIX close
2007-10-23,VIXCLS,20.41,CBOE VIX close
2007-10-24,VIXCLS,20.8,CBOE VIX close
2007-10-25,VIXCLS,21.17,CBOE VIX close
2007-10-26,VIXCLS,19.56,CBOE VIX close
2007-10-29,VIXCLS,19.87,CBOE VIX close
2007-10-30,VIXCLS,21.07,CBOE VIX close
2007-10-31,VIXCLS,18.53,CBOE VIX close
2007-11-01,VIXCLS,23.21,CBOE VIX close
2007-11-02,VIXCLS,23.01,CBOE VIX close
2007-11-05,VIXCLS,24.31,CBOE VIX close
2007-11-06,VIXCLS,21.39,CBOE VIX close
2007-11-07,VIXCLS,26.49,CBOE VIX close
2007-11-08,VIXCLS,26.16,CBOE VIX close
2007-11-09,VIXCLS,28.5,CBOE VIX close
2007-11-12,VIXCLS,31.09,CBOE VIX close
2007-11-13,VIXCLS,24.1,CBOE VIX close
2007-11-14,VIXCLS,25.94,CBOE VIX close
2007-11-15,VIXCLS,28.06,CBOE VIX close
2007-11-16,VIXCLS,25.49,CBOE VIX close
2007-11-19,VIXCLS,26.01,CBOE VIX close
2007-11-20,VIXCLS,24.88,CBOE VIX close
2007-11-21,VIXCLS,26.84,CBOE VIX close
2007-11-22,VIXCLS,,CBOE VIX close
2007-11-23,VIXCLS,25.61,CBOE VIX close
2007-11-26,VIXCLS,28.91,CBOE VIX close
2007-11-27,VIXCLS,26.28,CBOE VIX close
2007-11-28,VIXCLS,24.11,CBOE VIX close
2007-11-29,VIXCLS,23.97,CBOE VIX close
2007-11-30,VIXCLS,22.87,CBOE VIX close
2007-12-03,VIXCLS,23.61,CBOE VIX close
2007-12-04,VIXCLS,23.79,CBOE VIX close
2007-12-05,VIXCLS,22.53,CBOE VIX close
2007-12-06,VIXCLS,20.96,CBOE VIX close
2007-12-07,VIXCLS,20.85,CBOE VIX close
2007-12-10,VIXCLS,20.74,CBOE VIX close
2007-12-11,VIXCLS,23.59,CBOE VIX close
2007-12-12,VIXCLS,22.47,CBOE VIX close
2007-12-13,VIXCLS,22.56,CBOE VIX close
2007-12-14,VIXCLS,23.27,CBOE VIX close
2007-12-17,VIXCLS,24.52,CBOE VIX close
2007-12-18,VIXCLS,22.64,CBOE VIX close
2007-12-19,VIXCLS,21.68,CBOE VIX close
2007-12-20,VIXCLS,20.58,CBOE VIX close
2007-12-21,VIXCLS,18.47,CBOE VIX close
2007-12-24,VIXCLS,18.6,CBOE VIX close
2007-12-25,VIXCLS,,CBOE VIX close
2007-12-26,VIXCLS,18.66,CBOE VIX close
2007-12-27,VIXCLS,20.26,CBOE VIX close
2007-12-28,VIXCLS,20.74,CBOE VIX close
2007-12-31,VIXCLS,22.5,CBOE VIX close
2008-01-01,VIXCLS,,CBOE VIX close
2008-01-02,VIXCLS,23.17,CBOE VIX close
2008-01-03,VIXCLS,22.49,CBOE VIX close
2008-01-04,VIXCLS,23.94,CBOE VIX close
2008-01-07,VIXCLS,23.79,CBOE VIX close
2008-01-08,VIXCLS,25.43,CBOE VIX close
2008-01-09,VIXCLS,24.12,CBOE VIX close
2008-01-10,VIXCLS,23.45,CBOE VIX close
2008-01-11,VIXCLS,23.68,CBOE VIX close
2008-01-14,VIXCLS,22.9,CBOE VIX close
2008-01-15,VIXCLS,23.34,CBOE VIX close
2008-01-16,VIXCLS,24.38,CBOE VIX close
2008-01-17,VIXCLS,28.46,CBOE VIX close
2008-01-18,VIXCLS,27.18,CBOE VIX close
2008-01-21,VIXCLS,,CBOE VIX close
2008-01-22,VIXCLS,31.01,CBOE VIX close
2008-01-23,VIXCLS,29.02,CBOE VIX close
2008-01-24,VIXCLS,27.78,CBOE VIX close
2008-01-25,VIXCLS,29.08,CBOE VIX close
2008-01-28,VIXCLS,27.78,CBOE VIX close
2008-01-29,VIXCLS,27.32,CBOE VIX close
2008-01-30,VIXCLS,27.62,CBOE VIX close
2008-01-31,VIXCLS,26.2,CBOE VIX close
2008-02-01,VIXCLS,24.02,CBOE VIX close
2008-02-04,VIXCLS,25.99,CBOE VIX close
2008-02-05,VIXCLS,28.24,CBOE VIX close
2008-02-06,VIXCLS,28.97,CBOE VIX close
2008-02-07,VIXCLS,27.66,CBOE VIX close
2008-02-08,VIXCLS,28.01,CBOE VIX close
2008-02-11,VIXCLS,27.6,CBOE VIX close
2008-02-12,VIXCLS,26.33,CBOE VIX close
2008-02-13,VIXCLS,24.88,CBOE VIX close
2008-02-14,VIXCLS,25.54,CBOE VIX close
2008-02-15,VIXCLS,25.02,CBOE VIX close
2008-02-18,VIXCLS,,CBOE VIX close
2008-02-19,VIXCLS,25.59,CBOE VIX close
2008-02-20,VIXCLS,24.4,CBOE VIX close
2008-02-21,VIXCLS,25.12,CBOE VIX close
2008-02-22,VIXCLS,24.06,CBOE VIX close
2008-02-25,VIXCLS,23.03,CBOE VIX close
2008-02-26,VIXCLS,21.9,CBOE VIX close
2008-02-27,VIXCLS,22.69,CBOE VIX close
2008-02-28,VIXCLS,23.53,CBOE VIX close
2008-02-29,VIXCLS,26.54,CBOE VIX close
2008-03-03,VIXCLS,26.28,CBOE VIX close
2008-03-04,VIXCLS,25.52,CBOE VIX close
2008-03-05,VIXCLS,24.6,CBOE VIX close
2008-03-06,VIXCLS,27.55,CBOE VIX close
2008-03-07,VIXCLS,27.49,CBOE VIX close
2008-03-10,VIXCLS,29.38,CBOE VIX close
2008-03-11,VIXCLS,26.36,CBOE VIX close
2008-03-12,VIXCLS,27.22,CBOE VIX close
2008-03-13,VIXCLS,27.29,CBOE VIX close
2008-03-14,VIXCLS,31.16,CBOE VIX close
2008-03-17,VIXCLS,32.24,CBOE VIX close
2008-03-18,VIXCLS,25.79,CBOE VIX close
2008-03-19,VIXCLS,29.84,CBOE VIX close
2008-03-20,VIXCLS,26.62,CBOE VIX close
2008-03-21,VIXCLS,,CBOE VIX close
2008-03-24,VIXCLS,25.73,CBOE VIX close
2008-03-25,VIXCLS,25.72,CBOE VIX close
2008-03-26,VIXCLS,26.08,CBOE VIX close
2008-03-27,VIXCLS,25.88,CBOE VIX close
2008-03-28,VIXCLS,25.71,CBOE VIX close
2008-03-31,VIXCLS,25.61,CBOE VIX close
2008-04-01,VIXCLS,22.68,CBOE VIX close
2008-04-02,VIXCLS,23.43,CBOE VIX close
2008-04-03,VIXCLS,23.21,CBOE VIX close
2008-04-04,VIXCLS,22.45,CBOE VIX close
2008-04-07,VIXCLS,22.42,CBOE VIX close
2008-04-08,VIXCLS,22.36,CBOE VIX close
2008-04-09,VIXCLS,22.81,CBOE VIX close
2008-04-10,VIXCLS,21.98,CBOE VIX close
2008-04-11,VIXCLS,23.46,CBOE VIX close
2008-04-14,VIXCLS,23.82,CBOE VIX close
2008-04-15,VIXCLS,22.78,CBOE VIX close
2008-04-16,VIXCLS,20.53,CBOE VIX close
2008-04-17,VIXCLS,20.37,CBOE VIX close
2008-04-18,VIXCLS,20.13,CBOE VIX close
2008-04-21,VIXCLS,20.5,CBOE VIX close
2008-04-22,VIXCLS,20.87,CBOE VIX close
2008-04-23,VIXCLS,20.26,CBOE VIX close
2008-04-24,VIXCLS,20.06,CBOE VIX close
2008-04-25,VIXCLS,19.59,CBOE VIX close
2008-04-28,VIXCLS,19.64,CBOE VIX close
2008-04-29,VIXCLS,20.24,CBOE VIX close
2008-04-30,VIXCLS,20.79,CBOE VIX close
2008-05-01,VIXCLS,18.88,CBOE VIX close
2008-05-02,VIXCLS,18.18,CBOE VIX close
2008-05-05,VIXCLS,18.9,CBOE VIX close
2008-05-06,VIXCLS,18.21,CBOE VIX close
2008-05-07,VIXCLS,19.73,CBOE VIX close
2008-05-08,VIXCLS,19.4,CBOE VIX close
2008-05-09,VIXCLS,19.41,CBOE VIX close
2008-05-12,VIXCLS,17.79,CBOE VIX close
2008-05-13,VIXCLS,17.98,CBOE VIX close
2008-05-14,VIXCLS,17.66,CBOE VIX close
2008-05-15,VIXCLS,16.3,CBOE VIX close
2008-05-16,VIXCLS,16.47,CBOE VIX close
2008-05-19,VIXCLS,17.01,CBOE VIX close
2008-05-20,VIXCLS,17.58,CBOE VIX close
2008-05-21,VIXCLS,18.59,CBOE VIX close
2008-05-22,VIXCLS,18.05,CBOE VIX close
2008-05-23,VIXCLS,19.55,CBOE VIX close
2008-05-26,VIXCLS,,CBOE VIX close
2008-05-27,VIXCLS,19.64,CBOE VIX close
2008-05-28,VIXCLS,19.07,CBOE VIX close
2008-05-29,VIXCLS,18.14,CBOE VIX close
2008-05-30,VIXCLS,17.83,CBOE VIX close
2008-06-02,VIXCLS,19.83,CBOE VIX close
2008-06-03,VIXCLS,20.24,CBOE VIX close
2008-06-04,VIXCLS,20.8,CBOE VIX close
2008-06-05,VIXCLS,18.63,CBOE VIX close
2008-06-06,VIXCLS,23.56,CBOE VIX close
2008-06-09,VIXCLS,23.12,CBOE VIX close
2008-06-10,VIXCLS,23.18,CBOE VIX close
2008-06-11,VIXCLS,24.12,CBOE VIX close
2008-06-12,VIXCLS,23.33,CBOE VIX close
2008-06-13,VIXCLS,21.22,CBOE VIX close
2008-06-16,VIXCLS,20.95,CBOE VIX close
2008-06-17,VIXCLS,21.13,CBOE VIX close
2008-06-18,VIXCLS,22.24,CBOE VIX close
2008-06-19,VIXCLS,21.58,CBOE VIX close
2008-06-20,VIXCLS,22.87,CBOE VIX close
2008-06-23,VIXCLS,22.64,CBOE VIX close
2008-06-24,VIXCLS,22.42,CBOE VIX close
2008-06-25,VIXCLS,21.14,CBOE VIX close
2008-06-26,VIXCLS,23.93,CBOE VIX close
2008-06-27,VIXCLS,23.44,CBOE VIX close
2008-06-30,VIXCLS,23.95,CBOE VIX close
2008-07-01,VIXCLS,23.65,CBOE VIX close
2008-07-02,VIXCLS,25.92,CBOE VIX close
2008-07-03,VIXCLS,24.79,CBOE VIX close
2008-07-04,VIXCLS,,CBOE VIX close
2008-07-07,VIXCLS,25.78,CBOE VIX close
2008-07-08,VIXCLS,23.15,CBOE VIX close
2008-07-09,VIXCLS,25.23,CBOE VIX close
2008-07-10,VIXCLS,25.59,CBOE VIX close
2008-07-11,VIXCLS,27.49,CBOE VIX close
2008-07-14,VIXCLS,28.48,CBOE VIX close
2008-07-15,VIXCLS,28.54,CBOE VIX close
2008-07-16,VIXCLS,25.1,CBOE VIX close
2008-07-17,VIXCLS,25.01,CBOE VIX close
2008-07-18,VIXCLS,24.05,CBOE VIX close
2008-07-21,VIXCLS,23.05,CBOE VIX close
2008-07-22,VIXCLS,21.18,CBOE VIX close
2008-07-23,VIXCLS,21.31,CBOE VIX close
2008-07-24,VIXCLS,23.44,CBOE VIX close
2008-07-25,VIXCLS,22.91,CBOE VIX close
2008-07-28,VIXCLS,24.23,CBOE VIX close
2008-07-29,VIXCLS,22.03,CBOE VIX close
2008-07-30,VIXCLS,21.21,CBOE VIX close
2008-07-31,VIXCLS,22.94,CBOE VIX close
2008-08-01,VIXCLS,22.57,CBOE VIX close
2008-08-04,VIXCLS,23.49,CBOE VIX close
2008-08-05,VIXCLS,21.14,CBOE VIX close
2008-08-06,VIXCLS,20.23,CBOE VIX close
2008-08-07,VIXCLS,21.15,CBOE VIX close
2008-08-08,VIXCLS,20.66,CBOE VIX close
2008-08-11,VIXCLS,20.12,CBOE VIX close
2008-08-12,VIXCLS,21.17,CBOE VIX close
2008-08-13,VIXCLS,21.55,CBOE VIX close
2008-08-14,VIXCLS,20.34,CBOE VIX close
2008-08-15,VIXCLS,19.58,CBOE VIX close
2008-08-18,VIXCLS,20.98,CBOE VIX close
2008-08-19,VIXCLS,21.28,CBOE VIX close
2008-08-20,VIXCLS,20.42,CBOE VIX close
2008-08-21,VIXCLS,19.82,CBOE VIX close
2008-08-22,VIXCLS,18.81,CBOE VIX close
2008-08-25,VIXCLS,20.97,CBOE VIX close
2008-08-26,VIXCLS,20.49,CBOE VIX close
2008-08-27,VIXCLS,19.76,CBOE VIX close
2008-08-28,VIXCLS,19.43,CBOE VIX close
2008-08-29,VIXCLS,20.65,CBOE VIX close
2008-09-01,VIXCLS,,CBOE VIX close
2008-09-02,VIXCLS,21.99,CBOE VIX close
2008-09-03,VIXCLS,21.43,CBOE VIX close
2008-09-04,VIXCLS,24.03,CBOE VIX close
2008-09-05,VIXCLS,23.06,CBOE VIX close
2008-09-08,VIXCLS,22.64,CBOE VIX close
2008-09-09,VIXCLS,25.47,CBOE VIX close
2008-09-10,VIXCLS,24.52,CBOE VIX close
2008-09-11,VIXCLS,24.39,CBOE VIX close
2008-09-12,VIXCLS,25.66,CBOE VIX close
2008-09-15,VIXCLS,31.7,CBOE VIX close
2008-09-16,VIXCLS,30.3,CBOE VIX close
2008-09-17,VIXCLS,36.22,CBOE VIX close
2008-09-18,VIXCLS,33.1,CBOE VIX close
2008-09-19,VIXCLS,32.07,CBOE VIX close
2008-09-22,VIXCLS,33.85,CBOE VIX close
2008-09-23,VIXCLS,35.72,CBOE VIX close
2008-09-24,VIXCLS,35.19,CBOE VIX close
2008-09-25,VIXCLS,32.82,CBOE VIX close
2008-09-26,VIXCLS,34.74,CBOE VIX close
2008-09-29,VIXCLS,46.72,CBOE VIX close
2008-09-30,VIXCLS,39.39,CBOE VIX close
2008-10-01,VIXCLS,39.81,CBOE VIX close
2008-10-02,VIXCLS,45.26,CBOE VIX close
2008-10-03,VIXCLS,45.14,CBOE VIX close
2008-10-06,VIXCLS,52.05,CBOE VIX close
2008-10-07,VIXCLS,53.68,CBOE VIX close
2008-10-08,VIXCLS,57.53,CBOE VIX close
2008-10-09,VIXCLS,63.92,CBOE VIX close
2008-10-10,VIXCLS,69.95,CBOE VIX close
2008-10-13,VIXCLS,54.99,CBOE VIX close
2008-10-14,VIXCLS,55.13,CBOE VIX close
2008-10-15,VIXCLS,69.25,CBOE VIX close
2008-10-16,VIXCLS,67.61,CBOE VIX close
2008-10-17,VIXCLS,70.33,CBOE VIX close
2008-10-20,VIXCLS,52.97,CBOE VIX close
2008-10-21,VIXCLS,53.11,CBOE VIX close
2008-10-22,VIXCLS,69.65,CBOE VIX close
2008-10-23,VIXCLS,67.8,CBOE VIX close
2008-10-24,VIXCLS,79.13,CBOE VIX close
2008-10-27,VIXCLS,80.06,CBOE VIX close
2008-10-28,VIXCLS,66.96,CBOE VIX close
2008-10-29,VIXCLS,69.96,CBOE VIX close
2008-10-30,VIXCLS,62.9,CBOE VIX close
2008-10-31,VIXCLS,59.89,CBOE VIX close
2008-11-03,VIXCLS,53.68,CBOE VIX close
2008-11-04,VIXCLS,47.73,CBOE VIX close
2008-11-05,VIXCLS,54.56,CBOE VIX close
2008-11-06,VIXCLS,63.68,CBOE VIX close
2008-11-07,VIXCLS,56.1,CBOE VIX close
2008-11-10,VIXCLS,59.98,CBOE VIX close
2008-11-11,VIXCLS,61.44,CBOE VIX close
2008-11-12,VIXCLS,66.46,CBOE VIX close
2008-11-13,VIXCLS,59.83,CBOE VIX close
2008-11-14,VIXCLS,66.31,CBOE VIX close
2008-11-17,VIXCLS,69.15,CBOE VIX close
2008-11-18,VIXCLS,67.64,CBOE VIX close
2008-11-19,VIXCLS,74.26,CBOE VIX close
2008-11-20,VIXCLS,80.86,CBOE VIX close
2008-11-21,VIXCLS,72.67,CBOE VIX close
2008-11-24,VIXCLS,64.7,CBOE VIX close
2008-11-25,VIXCLS,60.9,CBOE VIX close
2008-11-26,VIXCLS,54.92,CBOE VIX close
2008-11-27,VIXCLS,,CBOE VIX close
2008-11-28,VIXCLS,55.84,CBOE VIX close
2008-12-01,VIXCLS,68.51,CBOE VIX close
2008-12-02,VIXCLS,62.98,CBOE VIX close
2008-12-03,VIXCLS,60.72,CBOE VIX close
2008-12-04,VIXCLS,63.64,CBOE VIX close
2008-12-05,VIXCLS,59.93,CBOE VIX close
2008-12-08,VIXCLS,58.49,CBOE VIX close
2008-12-09,VIXCLS,58.91,CBOE VIX close
2008-12-10,VIXCLS,55.73,CBOE VIX close
2008-12-11,VIXCLS,55.78,CBOE VIX close
2008-12-12,VIXCLS,54.28,CBOE VIX close
2008-12-15,VIXCLS,56.76,CBOE VIX close
2008-12-16,VIXCLS,52.37,CBOE VIX close
2008-12-17,VIXCLS,49.84,CBOE VIX close
2008-12-18,VIXCLS,47.34,CBOE VIX close
2008-12-19,VIXCLS,44.93,CBOE VIX close
2008-12-22,VIXCLS,44.56,CBOE VIX close
2008-12-23,VIXCLS,45.02,CBOE VIX close
2008-12-24,VIXCLS,44.21,CBOE VIX close
2008-12-25,VIXCLS,,CBOE VIX close
2008-12-26,VIXCLS,43.38,CBOE VIX close
2008-12-29,VIXCLS,43.9,CBOE VIX close
2008-12-30,VIXCLS,41.63,CBOE VIX close
2008-12-31,VIXCLS,40,CBOE VIX close
2009-01-01,VIXCLS,,CBOE VIX close
2009-01-02,VIXCLS,39.19,CBOE VIX close
2009-01-05,VIXCLS,39.08,CBOE VIX close
2009-01-06,VIXCLS,38.56,CBOE VIX close
2009-01-07,VIXCLS,43.39,CBOE VIX close
2009-01-08,VIXCLS,42.56,CBOE VIX close
2009-01-09,VIXCLS,42.82,CBOE VIX close
2009-01-12,VIXCLS,45.84,CBOE VIX close
2009-01-13,VIXCLS,43.27,CBOE VIX close
2009-01-14,VIXCLS,49.14,CBOE VIX close
2009-01-15,VIXCLS,51,CBOE VIX close
2009-01-16,VIXCLS,46.11,CBOE VIX close
2009-01-19,VIXCLS,,CBOE VIX close
2009-01-20,VIXCLS,56.65,CBOE VIX close
2009-01-21,VIXCLS,46.42,CBOE VIX close
2009-01-22,VIXCLS,47.29,CBOE VIX close
2009-01-23,VIXCLS,47.27,CBOE VIX close
2009-01-26,VIXCLS,45.69,CBOE VIX close
2009-01-27,VIXCLS,42.25,CBOE VIX close
2009-01-28,VIXCLS,39.66,CBOE VIX close
2009-01-29,VIXCLS,42.63,CBOE VIX close
2009-01-30,VIXCLS,44.84,CBOE VIX close
2009-02-02,VIXCLS,45.52,CBOE VIX close
2009-02-03,VIXCLS,43.06,CBOE VIX close
2009-02-04,VIXCLS,43.85,CBOE VIX close
2009-02-05,VIXCLS,43.73,CBOE VIX close
2009-02-06,VIXCLS,43.37,CBOE VIX close
2009-02-09,VIXCLS,43.64,CBOE VIX close
2009-02-10,VIXCLS,46.67,CBOE VIX close
2009-02-11,VIXCLS,44.53,CBOE VIX close
2009-02-12,VIXCLS,41.25,CBOE VIX close
2009-02-13,VIXCLS,42.93,CBOE VIX close
2009-02-16,VIXCLS,,CBOE VIX close
2009-02-17,VIXCLS,48.66,CBOE VIX close
2009-02-18,VIXCLS,48.46,CBOE VIX close
2009-02-19,VIXCLS,47.08,CBOE VIX close
2009-02-20,VIXCLS,49.3,CBOE VIX close
2009-02-23,VIXCLS,52.62,CBOE VIX close
2009-02-24,VIXCLS,45.49,CBOE VIX close
2009-02-25,VIXCLS,44.67,CBOE VIX close
2009-02-26,VIXCLS,44.66,CBOE VIX close
2009-02-27,VIXCLS,46.35,CBOE VIX close
2009-03-02,VIXCLS,52.65,CBOE VIX close
2009-03-03,VIXCLS,50.93,CBOE VIX close
2009-03-04,VIXCLS,47.56,CBOE VIX close
2009-03-05,VIXCLS,50.17,CBOE VIX close
2009-03-06,VIXCLS,49.33,CBOE VIX close
2009-03-09,VIXCLS,49.68,CBOE VIX close
2009-03-10,VIXCLS,44.37,CBOE VIX close
2009-03-11,VIXCLS,43.61,CBOE VIX close
2009-03-12,VIXCLS,41.18,CBOE VIX close
2009-03-13,VIXCLS,42.36,CBOE VIX close
2009-03-16,VIXCLS,43.74,CBOE VIX close
2009-03-17,VIXCLS,40.8,CBOE VIX close
2009-03-18,VIXCLS,40.06,CBOE VIX close
2009-03-19,VIXCLS,43.68,CBOE VIX close
2009-03-20,VIXCLS,45.89,CBOE VIX close
2009-03-23,VIXCLS,43.23,CBOE VIX close
2009-03-24,VIXCLS,42.93,CBOE VIX close
2009-03-25,VIXCLS,42.25,CBOE VIX close
2009-03-26,VIXCLS,40.36,CBOE VIX close
2009-03-27,VIXCLS,41.04,CBOE VIX close
2009-03-30,VIXCLS,45.54,CBOE VIX close
2009-03-31,VIXCLS,44.14,CBOE VIX close
2009-04-01,VIXCLS,42.28,CBOE VIX close
2009-04-02,VIXCLS,42.04,CBOE VIX close
2009-04-03,VIXCLS,39.7,CBOE VIX close
2009-04-06,VIXCLS,40.93,CBOE VIX close
2009-04-07,VIXCLS,40.39,CBOE VIX close
2009-04-08,VIXCLS,38.85,CBOE VIX close
2009-04-09,VIXCLS,36.53,CBOE VIX close
2009-04-10,VIXCLS,,CBOE VIX close
2009-04-13,VIXCLS,37.81,CBOE VIX close
2009-04-14,VIXCLS,37.67,CBOE VIX close
2009-04-15,VIXCLS,36.17,CBOE VIX close
2009-04-16,VIXCLS,35.79,CBOE VIX close
2009-04-17,VIXCLS,33.94,CBOE VIX close
2009-04-20,VIXCLS,39.18,CBOE VIX close
2009-04-21,VIXCLS,37.14,CBOE VIX close
2009-04-22,VIXCLS,38.1,CBOE VIX close
2009-04-23,VIXCLS,37.15,CBOE VIX close
2009-04-24,VIXCLS,36.82,CBOE VIX close
2009-04-27,VIXCLS,38.32,CBOE VIX close
2009-04-28,VIXCLS,37.95,CBOE VIX close
2009-04-29,VIXCLS,36.08,CBOE VIX close
2009-04-30,VIXCLS,36.5,CBOE VIX close
2009-05-01,VIXCLS,35.3,CBOE VIX close
2009-05-04,VIXCLS,34.53,CBOE VIX close
2009-05-05,VIXCLS,33.36,CBOE VIX close
2009-05-06,VIXCLS,32.45,CBOE VIX close
2009-05-07,VIXCLS,33.44,CBOE VIX close
2009-05-08,VIXCLS,32.05,CBOE VIX close
2009-05-11,VIXCLS,32.87,CBOE VIX close
2009-05-12,VIXCLS,31.8,CBOE VIX close
2009-05-13,VIXCLS,33.65,CBOE VIX close
2009-05-14,VIXCLS,31.37,CBOE VIX close
2009-05-15,VIXCLS,33.12,CBOE VIX close
2009-05-18,VIXCLS,30.24,CBOE VIX close
2009-05-19,VIXCLS,28.8,CBOE VIX close
2009-05-20,VIXCLS,29.03,CBOE VIX close
2009-05-21,VIXCLS,31.35,CBOE VIX close
2009-05-22,VIXCLS,32.63,CBOE VIX close
2009-05-25,VIXCLS,,CBOE VIX close
2009-05-26,VIXCLS,30.62,CBOE VIX close
2009-05-27,VIXCLS,32.36,CBOE VIX close
2009-05-28,VIXCLS,31.67,CBOE VIX close
2009-05-29,VIXCLS,28.92,CBOE VIX close
2009-06-01,VIXCLS,30.04,CBOE VIX close
2009-06-02,VIXCLS,29.63,CBOE VIX close
2009-06-03,VIXCLS,31.02,CBOE VIX close
2009-06-04,VIXCLS,30.18,CBOE VIX close
2009-06-05,VIXCLS,29.62,CBOE VIX close
2009-06-08,VIXCLS,29.77,CBOE VIX close
2009-06-09,VIXCLS,28.27,CBOE VIX close
2009-06-10,VIXCLS,28.46,CBOE VIX close
2009-06-11,VIXCLS,28.11,CBOE VIX close
2009-06-12,VIXCLS,28.15,CBOE VIX close
2009-06-15,VIXCLS,30.81,CBOE VIX close
2009-06-16,VIXCLS,32.68,CBOE VIX close
2009-06-17,VIXCLS,31.54,CBOE VIX close
2009-06-18,VIXCLS,30.03,CBOE VIX close
2009-06-19,VIXCLS,27.99,CBOE VIX close
2009-06-22,VIXCLS,31.17,CBOE VIX close
2009-06-23,VIXCLS,30.58,CBOE VIX close
2009-06-24,VIXCLS,29.05,CBOE VIX close
2009-06-25,VIXCLS,26.36,CBOE VIX close
2009-06-26,VIXCLS,25.93,CBOE VIX close
2009-06-29,VIXCLS,25.35,CBOE VIX close
2009-06-30,VIXCLS,26.35,CBOE VIX close
2009-07-01,VIXCLS,26.22,CBOE VIX close
2009-07-02,VIXCLS,27.95,CBOE VIX close
2009-07-03,VIXCLS,,CBOE VIX close
2009-07-06,VIXCLS,29,CBOE VIX close
2009-07-07,VIXCLS,30.85,CBOE VIX close
2009-07-08,VIXCLS,31.3,CBOE VIX close
2009-07-09,VIXCLS,29.78,CBOE VIX close
2009-07-10,VIXCLS,29.02,CBOE VIX close
2009-07-13,VIXCLS,26.31,CBOE VIX close
2009-07-14,VIXCLS,25.02,CBOE VIX close
2009-07-15,VIXCLS,25.89,CBOE VIX close
2009-07-16,VIXCLS,25.42,CBOE VIX close
2009-07-17,VIXCLS,24.34,CBOE VIX close
2009-07-20,VIXCLS,24.4,CBOE VIX close
2009-07-21,VIXCLS,23.87,CBOE VIX close
2009-07-22,VIXCLS,23.47,CBOE VIX close
2009-07-23,VIXCLS,23.43,CBOE VIX close
2009-07-24,VIXCLS,23.09,CBOE VIX close
2009-07-27,VIXCLS,24.28,CBOE VIX close
2009-07-28,VIXCLS,25.01,CBOE VIX close
2009-07-29,VIXCLS,25.61,CBOE VIX close
2009-07-30,VIXCLS,25.4,CBOE VIX close
2009-07-31,VIXCLS,25.92,CBOE VIX close
2009-08-03,VIXCLS,25.56,CBOE VIX close
2009-08-04,VIXCLS,24.89,CBOE VIX close
2009-08-05,VIXCLS,24.9,CBOE VIX close
2009-08-06,VIXCLS,25.67,CBOE VIX close
2009-08-07,VIXCLS,24.76,CBOE VIX close
2009-08-10,VIXCLS,24.99,CBOE VIX close
2009-08-11,VIXCLS,25.99,CBOE VIX close
2009-08-12,VIXCLS,25.45,CBOE VIX close
2009-08-13,VIXCLS,24.71,CBOE VIX close
2009-08-14,VIXCLS,24.27,CBOE VIX close
2009-08-17,VIXCLS,27.89,CBOE VIX close
2009-08-18,VIXCLS,26.18,CBOE VIX close
2009-08-19,VIXCLS,26.26,CBOE VIX close
2009-08-20,VIXCLS,25.09,CBOE VIX close
2009-08-21,VIXCLS,25.01,CBOE VIX close
2009-08-24,VIXCLS,25.14,CBOE VIX close
2009-08-25,VIXCLS,24.92,CBOE VIX close
2009-08-26,VIXCLS,24.95,CBOE VIX close
2009-08-27,VIXCLS,24.68,CBOE VIX close
2009-08-28,VIXCLS,24.76,CBOE VIX close
2009-08-31,VIXCLS,26.01,CBOE VIX close
2009-09-01,VIXCLS,29.15,CBOE VIX close
2009-09-02,VIXCLS,28.9,CBOE VIX close
2009-09-03,VIXCLS,27.1,CBOE VIX close
2009-09-04,VIXCLS,25.26,CBOE VIX close
2009-09-07,VIXCLS,,CBOE VIX close
2009-09-08,VIXCLS,25.62,CBOE VIX close
2009-09-09,VIXCLS,24.32,CBOE VIX close
2009-09-10,VIXCLS,23.55,CBOE VIX close
2009-09-11,VIXCLS,24.15,CBOE VIX close
2009-09-14,VIXCLS,23.86,CBOE VIX close
2009-09-15,VIXCLS,23.42,CBOE VIX close
2009-09-16,VIXCLS,23.69,CBOE VIX close
2009-09-17,VIXCLS,23.65,CBOE VIX close
2009-09-18,VIXCLS,23.92,CBOE VIX close
2009-09-21,VIXCLS,24.06,CBOE VIX close
2009-09-22,VIXCLS,23.08,CBOE VIX close
2009-09-23,VIXCLS,23.49,CBOE VIX close
2009-09-24,VIXCLS,24.95,CBOE VIX close
2009-09-25,VIXCLS,25.61,CBOE VIX close
2009-09-28,VIXCLS,24.88,CBOE VIX close
2009-09-29,VIXCLS,25.19,CBOE VIX close
2009-09-30,VIXCLS,25.61,CBOE VIX close
2009-10-01,VIXCLS,28.27,CBOE VIX close
2009-10-02,VIXCLS,28.68,CBOE VIX close
2009-10-05,VIXCLS,26.84,CBOE VIX close
2009-10-06,VIXCLS,25.7,CBOE VIX close
2009-10-07,VIXCLS,24.68,CBOE VIX close
2009-10-08,VIXCLS,24.18,CBOE VIX close
2009-10-09,VIXCLS,23.12,CBOE VIX close
2009-10-12,VIXCLS,23.01,CBOE VIX close
2009-10-13,VIXCLS,22.99,CBOE VIX close
2009-10-14,VIXCLS,22.86,CBOE VIX close
2009-10-15,VIXCLS,21.72,CBOE VIX close
2009-10-16,VIXCLS,21.43,CBOE VIX close
2009-10-19,VIXCLS,21.49,CBOE VIX close
2009-10-20,VIXCLS,20.9,CBOE VIX close
2009-10-21,VIXCLS,22.22,CBOE VIX close
2009-10-22,VIXCLS,20.69,CBOE VIX close
2009-10-23,VIXCLS,22.27,CBOE VIX close
2009-10-26,VIXCLS,24.31,CBOE VIX close
2009-10-27,VIXCLS,24.83,CBOE VIX close
2009-10-28,VIXCLS,27.91,CBOE VIX close
2009-10-29,VIXCLS,24.76,CBOE VIX close
2009-10-30,VIXCLS,30.69,CBOE VIX close
2009-11-02,VIXCLS,29.78,CBOE VIX close
2009-11-03,VIXCLS,28.81,CBOE VIX close
2009-11-04,VIXCLS,27.72,CBOE VIX close
2009-11-05,VIXCLS,25.43,CBOE VIX close
2009-11-06,VIXCLS,24.19,CBOE VIX close
2009-11-09,VIXCLS,23.15,CBOE VIX close
2009-11-10,VIXCLS,22.84,CBOE VIX close
2009-11-11,VIXCLS,23.04,CBOE VIX close
2009-11-12,VIXCLS,24.24,CBOE VIX close
2009-11-13,VIXCLS,23.36,CBOE VIX close
2009-11-16,VIXCLS,22.89,CBOE VIX close
2009-11-17,VIXCLS,22.41,CBOE VIX close
2009-11-18,VIXCLS,21.63,CBOE VIX close
2009-11-19,VIXCLS,22.63,CBOE VIX close
2009-11-20,VIXCLS,22.19,CBOE VIX close
2009-11-23,VIXCLS,21.16,CBOE VIX close
2009-11-24,VIXCLS,20.47,CBOE VIX close
2009-11-25,VIXCLS,20.48,CBOE VIX close
2009-11-26,VIXCLS,,CBOE VIX close
2009-11-27,VIXCLS,24.85,CBOE VIX close
2009-11-30,VIXCLS,24.51,CBOE VIX close
2009-12-01,VIXCLS,21.92,CBOE VIX close
2009-12-02,VIXCLS,21.12,CBOE VIX close
2009-12-03,VIXCLS,22.46,CBOE VIX close
2009-12-04,VIXCLS,21.25,CBOE VIX close
2009-12-07,VIXCLS,22.1,CBOE VIX close
2009-12-08,VIXCLS,23.69,CBOE VIX close
2009-12-09,VIXCLS,22.66,CBOE VIX close
2009-12-10,VIXCLS,22.32,CBOE VIX close
2009-12-11,VIXCLS,21.59,CBOE VIX close
2009-12-14,VIXCLS,21.15,CBOE VIX close
2009-12-15,VIXCLS,21.49,CBOE VIX close
2009-12-16,VIXCLS,20.54,CBOE VIX close
2009-12-17,VIXCLS,22.51,CBOE VIX close
2009-12-18,VIXCLS,21.68,CBOE VIX close
2009-12-21,VIXCLS,20.49,CBOE VIX close
2009-12-22,VIXCLS,19.54,CBOE VIX close
2009-12-23,VIXCLS,19.71,CBOE VIX close
2009-12-24,VIXCLS,19.47,CBOE VIX close
2009-12-25,VIXCLS,,CBOE VIX close
2009-12-28,VIXCLS,19.93,CBOE VIX close
2009-12-29,VIXCLS,20.01,CBOE VIX close
2009-12-30,VIXCLS,19.96,CBOE VIX close
2009-12-31,VIXCLS,21.68,CBOE VIX close
2010-01-01,VIXCLS,,CBOE VIX close
2010-01-04,VIXCLS,20.04,CBOE VIX close
2010-01-05,VIXCLS,19.35,CBOE VIX close
2010-01-06,VIXCLS,19.16,CBOE VIX close
2010-01-07,VIXCLS,19.06,CBOE VIX close
2010-01-08,VIXCLS,18.13,CBOE VIX close
2010-01-11,VIXCLS,17.55,CBOE VIX close
2010-01-12,VIXCLS,18.25,CBOE VIX close
2010-01-13,VIXCLS,17.85,CBOE VIX close
2010-01-14,VIXCLS,17.63,CBOE VIX close
2010-01-15,VIXCLS,17.91,CBOE VIX close
2010-01-18,VIXCLS,,CBOE VIX close
2010-01-19,VIXCLS,17.58,CBOE VIX close
2010-01-20,VIXCLS,18.68,CBOE VIX close
2010-01-21,VIXCLS,22.27,CBOE VIX close
2010-01-22,VIXCLS,27.31,CBOE VIX close
2010-01-25,VIXCLS,25.41,CBOE VIX close
2010-01-26,VIXCLS,24.55,CBOE VIX close
2010-01-27,VIXCLS,23.14,CBOE VIX close
2010-01-28,VIXCLS,23.73,CBOE VIX close
2010-01-29,VIXCLS,24.62,CBOE VIX close
2010-02-01,VIXCLS,22.59,CBOE VIX close
2010-02-02,VIXCLS,21.48,CBOE VIX close
2010-02-03,VIXCLS,21.6,CBOE VIX close
2010-02-04,VIXCLS,26.08,CBOE VIX close
2010-02-05,VIXCLS,26.11,CBOE VIX close
2010-02-08,VIXCLS,26.51,CBOE VIX close
2010-02-09,VIXCLS,26,CBOE VIX close
2010-02-10,VIXCLS,25.4,CBOE VIX close
2010-02-11,VIXCLS,23.96,CBOE VIX close
2010-02-12,VIXCLS,22.73,CBOE VIX close
2010-02-15,VIXCLS,,CBOE VIX close
2010-02-16,VIXCLS,22.25,CBOE VIX close
2010-02-17,VIXCLS,21.72,CBOE VIX close
2010-02-18,VIXCLS,20.63,CBOE VIX close
2010-02-19,VIXCLS,20.02,CBOE VIX close
2010-02-22,VIXCLS,19.94,CBOE VIX close
2010-02-23,VIXCLS,21.37,CBOE VIX close
2010-02-24,VIXCLS,20.27,CBOE VIX close
2010-02-25,VIXCLS,20.1,CBOE VIX close
2010-02-26,VIXCLS,19.5,CBOE VIX close
2010-03-01,VIXCLS,19.26,CBOE VIX close
2010-03-02,VIXCLS,19.06,CBOE VIX close
2010-03-03,VIXCLS,18.83,CBOE VIX close
2010-03-04,VIXCLS,18.72,CBOE VIX close
2010-03-05,VIXCLS,17.42,CBOE VIX close
2010-03-08,VIXCLS,17.79,CBOE VIX close
2010-03-09,VIXCLS,17.92,CBOE VIX close
2010-03-10,VIXCLS,18.57,CBOE VIX close
2010-03-11,VIXCLS,18.06,CBOE VIX close
2010-03-12,VIXCLS,17.58,CBOE VIX close
2010-03-15,VIXCLS,18,CBOE VIX close
2010-03-16,VIXCLS,17.69,CBOE VIX close
2010-03-17,VIXCLS,16.91,CBOE VIX close
2010-03-18,VIXCLS,16.62,CBOE VIX close
2010-03-19,VIXCLS,16.97,CBOE VIX close
2010-03-22,VIXCLS,16.87,CBOE VIX close
2010-03-23,VIXCLS,16.35,CBOE VIX close
2010-03-24,VIXCLS,17.55,CBOE VIX close
2010-03-25,VIXCLS,18.4,CBOE VIX close
2010-03-26,VIXCLS,17.77,CBOE VIX close
2010-03-29,VIXCLS,17.59,CBOE VIX close
2010-03-30,VIXCLS,17.13,CBOE VIX close
2010-03-31,VIXCLS,17.59,CBOE VIX close
2010-04-01,VIXCLS,17.47,CBOE VIX close
2010-04-02,VIXCLS,,CBOE VIX close
2010-04-05,VIXCLS,17.02,CBOE VIX close
2010-04-06,VIXCLS,16.23,CBOE VIX close
2010-04-07,VIXCLS,16.62,CBOE VIX close
2010-04-08,VIXCLS,16.48,CBOE VIX close
2010-04-09,VIXCLS,16.14,CBOE VIX close
2010-04-12,VIXCLS,15.58,CBOE VIX close
2010-04-13,VIXCLS,16.2,CBOE VIX close
2010-04-14,VIXCLS,15.59,CBOE VIX close
2010-04-15,VIXCLS,15.89,CBOE VIX close
2010-04-16,VIXCLS,18.36,CBOE VIX close
2010-04-19,VIXCLS,17.34,CBOE VIX close
2010-04-20,VIXCLS,15.73,CBOE VIX close
2010-04-21,VIXCLS,16.32,CBOE VIX close
2010-04-22,VIXCLS,16.47,CBOE VIX close
2010-04-23,VIXCLS,16.62,CBOE VIX close
2010-04-26,VIXCLS,17.47,CBOE VIX close
2010-04-27,VIXCLS,22.81,CBOE VIX close
2010-04-28,VIXCLS,21.08,CBOE VIX close
2010-04-29,VIXCLS,18.44,CBOE VIX close
2010-04-30,VIXCLS,22.05,CBOE VIX close
2010-05-03,VIXCLS,20.19,CBOE VIX close
2010-05-04,VIXCLS,23.84,CBOE VIX close
2010-05-05,VIXCLS,24.91,CBOE VIX close
2010-05-06,VIXCLS,32.8,CBOE VIX close
2010-05-07,VIXCLS,40.95,CBOE VIX close
2010-05-10,VIXCLS,28.84,CBOE VIX close
2010-05-11,VIXCLS,28.32,CBOE VIX close
2010-05-12,VIXCLS,25.52,CBOE VIX close
2010-05-13,VIXCLS,26.68,CBOE VIX close
2010-05-14,VIXCLS,31.24,CBOE VIX close
2010-05-17,VIXCLS,30.84,CBOE VIX close
2010-05-18,VIXCLS,33.55,CBOE VIX close
2010-05-19,VIXCLS,35.32,CBOE VIX close
2010-05-20,VIXCLS,45.79,CBOE VIX close
2010-05-21,VIXCLS,40.1,CBOE VIX close
2010-05-24,VIXCLS,38.32,CBOE VIX close
2010-05-25,VIXCLS,34.61,CBOE VIX close
2010-05-26,VIXCLS,35.02,CBOE VIX close
2010-05-27,VIXCLS,29.68,CBOE VIX close
2010-05-28,VIXCLS,32.07,CBOE VIX close
2010-05-31,VIXCLS,,CBOE VIX close
2010-06-01,VIXCLS,35.54,CBOE VIX close
2010-06-02,VIXCLS,30.17,CBOE VIX close
2010-06-03,VIXCLS,29.46,CBOE VIX close
2010-06-04,VIXCLS,35.48,CBOE VIX close
2010-06-07,VIXCLS,36.57,CBOE VIX close
2010-06-08,VIXCLS,33.7,CBOE VIX close
2010-06-09,VIXCLS,33.73,CBOE VIX close
2010-06-10,VIXCLS,30.57,CBOE VIX close
2010-06-11,VIXCLS,28.79,CBOE VIX close
2010-06-14,VIXCLS,28.58,CBOE VIX close
2010-06-15,VIXCLS,25.87,CBOE VIX close
2010-06-16,VIXCLS,25.92,CBOE VIX close
2010-06-17,VIXCLS,25.05,CBOE VIX close
2010-06-18,VIXCLS,23.95,CBOE VIX close
2010-06-21,VIXCLS,24.88,CBOE VIX close
2010-06-22,VIXCLS,27.05,CBOE VIX close
2010-06-23,VIXCLS,26.91,CBOE VIX close
2010-06-24,VIXCLS,29.74,CBOE VIX close
2010-06-25,VIXCLS,28.53,CBOE VIX close
2010-06-28,VIXCLS,29,CBOE VIX close
2010-06-29,VIXCLS,34.13,CBOE VIX close
2010-06-30,VIXCLS,34.54,CBOE VIX close
2010-07-01,VIXCLS,32.86,CBOE VIX close
2010-07-02,VIXCLS,30.12,CBOE VIX close
2010-07-05,VIXCLS,,CBOE VIX close
2010-07-06,VIXCLS,29.65,CBOE VIX close
2010-07-07,VIXCLS,26.84,CBOE VIX close
2010-07-08,VIXCLS,25.71,CBOE VIX close
2010-07-09,VIXCLS,24.98,CBOE VIX close
2010-07-12,VIXCLS,24.43,CBOE VIX close
2010-07-13,VIXCLS,24.56,CBOE VIX close
2010-07-14,VIXCLS,24.89,CBOE VIX close
2010-07-15,VIXCLS,25.14,CBOE VIX close
2010-07-16,VIXCLS,26.25,CBOE VIX close
2010-07-19,VIXCLS,25.97,CBOE VIX close
2010-07-20,VIXCLS,23.93,CBOE VIX close
2010-07-21,VIXCLS,25.64,CBOE VIX close
2010-07-22,VIXCLS,24.63,CBOE VIX close
2010-07-23,VIXCLS,23.47,CBOE VIX close
2010-07-26,VIXCLS,22.73,CBOE VIX close
2010-07-27,VIXCLS,23.19,CBOE VIX close
2010-07-28,VIXCLS,24.25,CBOE VIX close
2010-07-29,VIXCLS,24.13,CBOE VIX close
2010-07-30,VIXCLS,23.5,CBOE VIX close
2010-08-02,VIXCLS,22.01,CBOE VIX close
2010-08-03,VIXCLS,22.63,CBOE VIX close
2010-08-04,VIXCLS,22.21,CBOE VIX close
2010-08-05,VIXCLS,22.1,CBOE VIX close
2010-08-06,VIXCLS,21.74,CBOE VIX close
2010-08-09,VIXCLS,22.14,CBOE VIX close
2010-08-10,VIXCLS,22.37,CBOE VIX close
2010-08-11,VIXCLS,25.39,CBOE VIX close
2010-08-12,VIXCLS,25.73,CBOE VIX close
2010-08-13,VIXCLS,26.24,CBOE VIX close
2010-08-16,VIXCLS,26.1,CBOE VIX close
2010-08-17,VIXCLS,24.33,CBOE VIX close
2010-08-18,VIXCLS,24.59,CBOE VIX close
2010-08-19,VIXCLS,26.44,CBOE VIX close
2010-08-20,VIXCLS,25.49,CBOE VIX close
2010-08-23,VIXCLS,25.66,CBOE VIX close
2010-08-24,VIXCLS,27.46,CBOE VIX close
2010-08-25,VIXCLS,26.7,CBOE VIX close
2010-08-26,VIXCLS,27.37,CBOE VIX close
2010-08-27,VIXCLS,24.45,CBOE VIX close
2010-08-30,VIXCLS,27.21,CBOE VIX close
2010-08-31,VIXCLS,26.05,CBOE VIX close
2010-09-01,VIXCLS,23.89,CBOE VIX close
2010-09-02,VIXCLS,23.19,CBOE VIX close
2010-09-03,VIXCLS,21.31,CBOE VIX close
2010-09-06,VIXCLS,,CBOE VIX close
2010-09-07,VIXCLS,23.8,CBOE VIX close
2010-09-08,VIXCLS,23.25,CBOE VIX close
2010-09-09,VIXCLS,22.81,CBOE VIX close
2010-09-10,VIXCLS,21.99,CBOE VIX close
2010-09-13,VIXCLS,21.21,CBOE VIX close
2010-09-14,VIXCLS,21.56,CBOE VIX close
2010-09-15,VIXCLS,22.1,CBOE VIX close
2010-09-16,VIXCLS,21.72,CBOE VIX close
2010-09-17,VIXCLS,22.01,CBOE VIX close
2010-09-20,VIXCLS,21.5,CBOE VIX close
2010-09-21,VIXCLS,22.35,CBOE VIX close
2010-09-22,VIXCLS,22.51,CBOE VIX close
2010-09-23,VIXCLS,23.87,CBOE VIX close
2010-09-24,VIXCLS,21.71,CBOE VIX close
2010-09-27,VIXCLS,22.54,CBOE VIX close
2010-09-28,VIXCLS,22.6,CBOE VIX close
2010-09-29,VIXCLS,23.25,CBOE VIX close
2010-09-30,VIXCLS,23.7,CBOE VIX close
2010-10-01,VIXCLS,22.5,CBOE VIX close
2010-10-04,VIXCLS,23.53,CBOE VIX close
2010-10-05,VIXCLS,21.76,CBOE VIX close
2010-10-06,VIXCLS,21.49,CBOE VIX close
2010-10-07,VIXCLS,21.56,CBOE VIX close
2010-10-08,VIXCLS,20.71,CBOE VIX close
2010-10-11,VIXCLS,18.96,CBOE VIX close
2010-10-12,VIXCLS,18.93,CBOE VIX close
2010-10-13,VIXCLS,19.07,CBOE VIX close
2010-10-14,VIXCLS,19.88,CBOE VIX close
2010-10-15,VIXCLS,19.03,CBOE VIX close
2010-10-18,VIXCLS,19.09,CBOE VIX close
2010-10-19,VIXCLS,20.63,CBOE VIX close
2010-10-20,VIXCLS,19.79,CBOE VIX close
2010-10-21,VIXCLS,19.27,CBOE VIX close
2010-10-22,VIXCLS,18.78,CBOE VIX close
2010-10-25,VIXCLS,19.85,CBOE VIX close
2010-10-26,VIXCLS,20.22,CBOE VIX close
2010-10-27,VIXCLS,20.71,CBOE VIX close
2010-10-28,VIXCLS,20.88,CBOE VIX close
2010-10-29,VIXCLS,21.2,CBOE VIX close
2010-11-01,VIXCLS,21.83,CBOE VIX close
2010-11-02,VIXCLS,21.57,CBOE VIX close
2010-11-03,VIXCLS,19.56,CBOE VIX close
2010-11-04,VIXCLS,18.52,CBOE VIX close
2010-11-05,VIXCLS,18.26,CBOE VIX close
2010-11-08,VIXCLS,18.29,CBOE VIX close
2010-11-09,VIXCLS,19.08,CBOE VIX close
2010-11-10,VIXCLS,18.47,CBOE VIX close
2010-11-11,VIXCLS,18.64,CBOE VIX close
2010-11-12,VIXCLS,20.61,CBOE VIX close
2010-11-15,VIXCLS,20.2,CBOE VIX close
2010-11-16,VIXCLS,22.58,CBOE VIX close
2010-11-17,VIXCLS,21.76,CBOE VIX close
2010-11-18,VIXCLS,18.75,CBOE VIX close
2010-11-19,VIXCLS,18.04,CBOE VIX close
2010-11-22,VIXCLS,18.37,CBOE VIX close
2010-11-23,VIXCLS,20.63,CBOE VIX close
2010-11-24,VIXCLS,19.56,CBOE VIX close
2010-11-25,VIXCLS,,CBOE VIX close
2010-11-26,VIXCLS,22.22,CBOE VIX close
2010-11-29,VIXCLS,21.53,CBOE VIX close
2010-11-30,VIXCLS,23.54,CBOE VIX close
2010-12-01,VIXCLS,21.36,CBOE VIX close
2010-12-02,VIXCLS,19.39,CBOE VIX close
2010-12-03,VIXCLS,18.01,CBOE VIX close
2010-12-06,VIXCLS,18.02,CBOE VIX close
2010-12-07,VIXCLS,17.99,CBOE VIX close
2010-12-08,VIXCLS,17.74,CBOE VIX close
2010-12-09,VIXCLS,17.25,CBOE VIX close
2010-12-10,VIXCLS,17.61,CBOE VIX close
2010-12-13,VIXCLS,17.55,CBOE VIX close
2010-12-14,VIXCLS,17.61,CBOE VIX close
2010-12-15,VIXCLS,17.94,CBOE VIX close
2010-12-16,VIXCLS,17.39,CBOE VIX close
2010-12-17,VIXCLS,16.11,CBOE VIX close
2010-12-20,VIXCLS,16.41,CBOE VIX close
2010-12-21,VIXCLS,16.49,CBOE VIX close
2010-12-22,VIXCLS,15.45,CBOE VIX close
2010-12-23,VIXCLS,16.47,CBOE VIX close
2010-12-24,VIXCLS,,CBOE VIX close
2010-12-27,VIXCLS,17.67,CBOE VIX close
2010-12-28,VIXCLS,17.52,CBOE VIX close
2010-12-29,VIXCLS,17.28,CBOE VIX close
2010-12-30,VIXCLS,17.52,CBOE VIX close
2010-12-31,VIXCLS,17.75,CBOE VIX close
2011-01-03,VIXCLS,17.61,CBOE VIX close
2011-01-04,VIXCLS,17.38,CBOE VIX close
2011-01-05,VIXCLS,17.02,CBOE VIX close
2011-01-06,VIXCLS,17.4,CBOE VIX close
2011-01-07,VIXCLS,17.14,CBOE VIX close
2011-01-10,VIXCLS,17.54,CBOE VIX close
2011-01-11,VIXCLS,16.89,CBOE VIX close
2011-01-12,VIXCLS,16.24,CBOE VIX close
2011-01-13,VIXCLS,16.39,CBOE VIX close
2011-01-14,VIXCLS,15.46,CBOE VIX close
2011-01-17,VIXCLS,,CBOE VIX close
2011-01-18,VIXCLS,15.87,CBOE VIX close
2011-01-19,VIXCLS,17.31,CBOE VIX close
2011-01-20,VIXCLS,17.99,CBOE VIX close
2011-01-21,VIXCLS,18.47,CBOE VIX close
2011-01-24,VIXCLS,17.65,CBOE VIX close
2011-01-25,VIXCLS,17.59,CBOE VIX close
2011-01-26,VIXCLS,16.64,CBOE VIX close
2011-01-27,VIXCLS,16.15,CBOE VIX close
2011-01-28,VIXCLS,20.04,CBOE VIX close
2011-01-31,VIXCLS,19.53,CBOE VIX close
2011-02-01,VIXCLS,17.63,CBOE VIX close
2011-02-02,VIXCLS,17.3,CBOE VIX close
2011-02-03,VIXCLS,16.69,CBOE VIX close
2011-02-04,VIXCLS,15.93,CBOE VIX close
2011-02-07,VIXCLS,16.28,CBOE VIX close
2011-02-08,VIXCLS,15.81,CBOE VIX close
2011-02-09,VIXCLS,15.87,CBOE VIX close
2011-02-10,VIXCLS,16.09,CBOE VIX close
2011-02-11,VIXCLS,15.69,CBOE VIX close
2011-02-14,VIXCLS,15.95,CBOE VIX close
2011-02-15,VIXCLS,16.37,CBOE VIX close
2011-02-16,VIXCLS,16.72,CBOE VIX close
2011-02-17,VIXCLS,16.59,CBOE VIX close
2011-02-18,VIXCLS,16.43,CBOE VIX close
2011-02-21,VIXCLS,,CBOE VIX close
2011-02-22,VIXCLS,20.8,CBOE VIX close
2011-02-23,VIXCLS,22.13,CBOE VIX close
2011-02-24,VIXCLS,21.32,CBOE VIX close
2011-02-25,VIXCLS,19.22,CBOE VIX close
2011-02-28,VIXCLS,18.35,CBOE VIX close
2011-03-01,VIXCLS,21.01,CBOE VIX close
2011-03-02,VIXCLS,20.7,CBOE VIX close
2011-03-03,VIXCLS,18.6,CBOE VIX close
2011-03-04,VIXCLS,19.06,CBOE VIX close
2011-03-07,VIXCLS,20.66,CBOE VIX close
2011-03-08,VIXCLS,19.82,CBOE VIX close
2011-03-09,VIXCLS,20.22,CBOE VIX close
2011-03-10,VIXCLS,21.88,CBOE VIX close
2011-03-11,VIXCLS,20.08,CBOE VIX close
2011-03-14,VIXCLS,21.13,CBOE VIX close
2011-03-15,VIXCLS,24.32,CBOE VIX close
2011-03-16,VIXCLS,29.4,CBOE VIX close
2011-03-17,VIXCLS,26.37,CBOE VIX close
2011-03-18,VIXCLS,24.44,CBOE VIX close
2011-03-21,VIXCLS,20.61,CBOE VIX close
2011-03-22,VIXCLS,20.21,CBOE VIX close
2011-03-23,VIXCLS,19.17,CBOE VIX close
2011-03-24,VIXCLS,18,CBOE VIX close
2011-03-25,VIXCLS,17.91,CBOE VIX close
2011-03-28,VIXCLS,19.44,CBOE VIX close
2011-03-29,VIXCLS,18.16,CBOE VIX close
2011-03-30,VIXCLS,17.71,CBOE VIX close
2011-03-31,VIXCLS,17.74,CBOE VIX close
2011-04-01,VIXCLS,17.4,CBOE VIX close
2011-04-04,VIXCLS,17.5,CBOE VIX close
2011-04-05,VIXCLS,17.25,CBOE VIX close
2011-04-06,VIXCLS,16.9,CBOE VIX close
2011-04-07,VIXCLS,17.11,CBOE VIX close
2011-04-08,VIXCLS,17.87,CBOE VIX close
2011-04-11,VIXCLS,16.59,CBOE VIX close
2011-04-12,VIXCLS,17.09,CBOE VIX close
2011-04-13,VIXCLS,16.92,CBOE VIX close
2011-04-14,VIXCLS,16.27,CBOE VIX close
2011-04-15,VIXCLS,15.32,CBOE VIX close
2011-04-18,VIXCLS,16.96,CBOE VIX close
2011-04-19,VIXCLS,15.83,CBOE VIX close
2011-04-20,VIXCLS,15.07,CBOE VIX close
2011-04-21,VIXCLS,14.69,CBOE VIX close
2011-04-22,VIXCLS,,CBOE VIX close
2011-04-25,VIXCLS,15.77,CBOE VIX close
2011-04-26,VIXCLS,15.62,CBOE VIX close
2011-04-27,VIXCLS,15.35,CBOE VIX close
2011-04-28,VIXCLS,14.62,CBOE VIX close
2011-04-29,VIXCLS,14.75,CBOE VIX close
2011-05-02,VIXCLS,15.99,CBOE VIX close
2011-05-03,VIXCLS,16.7,CBOE VIX close
2011-05-04,VIXCLS,17.08,CBOE VIX close
2011-05-05,VIXCLS,18.2,CBOE VIX close
2011-05-06,VIXCLS,18.4,CBOE VIX close
2011-05-09,VIXCLS,17.16,CBOE VIX close
2011-05-10,VIXCLS,15.91,CBOE VIX close
2011-05-11,VIXCLS,16.95,CBOE VIX close
2011-05-12,VIXCLS,16.03,CBOE VIX close
2011-05-13,VIXCLS,17.07,CBOE VIX close
2011-05-16,VIXCLS,18.24,CBOE VIX close
2011-05-17,VIXCLS,17.55,CBOE VIX close
2011-05-18,VIXCLS,16.23,CBOE VIX close
2011-05-19,VIXCLS,15.52,CBOE VIX close
2011-05-20,VIXCLS,17.43,CBOE VIX close
2011-05-23,VIXCLS,18.27,CBOE VIX close
2011-05-24,VIXCLS,17.82,CBOE VIX close
2011-05-25,VIXCLS,17.07,CBOE VIX close
2011-05-26,VIXCLS,16.09,CBOE VIX close
2011-05-27,VIXCLS,15.98,CBOE VIX close
2011-05-30,VIXCLS,,CBOE VIX close
2011-05-31,VIXCLS,15.45,CBOE VIX close
2011-06-01,VIXCLS,18.3,CBOE VIX close
2011-06-02,VIXCLS,18.09,CBOE VIX close
2011-06-03,VIXCLS,17.95,CBOE VIX close
2011-06-06,VIXCLS,18.49,CBOE VIX close
2011-06-07,VIXCLS,18.07,CBOE VIX close
2011-06-08,VIXCLS,18.79,CBOE VIX close
2011-06-09,VIXCLS,17.77,CBOE VIX close
2011-06-10,VIXCLS,18.86,CBOE VIX close
2011-06-13,VIXCLS,19.61,CBOE VIX close
2011-06-14,VIXCLS,18.26,CBOE VIX close
2011-06-15,VIXCLS,21.32,CBOE VIX close
2011-06-16,VIXCLS,22.73,CBOE VIX close
2011-06-17,VIXCLS,21.85,CBOE VIX close
2011-06-20,VIXCLS,19.99,CBOE VIX close
2011-06-21,VIXCLS,18.86,CBOE VIX close
2011-06-22,VIXCLS,18.52,CBOE VIX close
2011-06-23,VIXCLS,19.29,CBOE VIX close
2011-06-24,VIXCLS,21.1,CBOE VIX close
2011-06-27,VIXCLS,20.56,CBOE VIX close
2011-06-28,VIXCLS,19.17,CBOE VIX close
2011-06-29,VIXCLS,17.27,CBOE VIX close
2011-06-30,VIXCLS,16.52,CBOE VIX close
2011-07-01,VIXCLS,15.87,CBOE VIX close
2011-07-04,VIXCLS,,CBOE VIX close
2011-07-05,VIXCLS,16.06,CBOE VIX close
2011-07-06,VIXCLS,16.34,CBOE VIX close
2011-07-07,VIXCLS,15.95,CBOE VIX close
2011-07-08,VIXCLS,15.95,CBOE VIX close
2011-07-11,VIXCLS,18.39,CBOE VIX close
2011-07-12,VIXCLS,19.87,CBOE VIX close
2011-07-13,VIXCLS,19.91,CBOE VIX close
2011-07-14,VIXCLS,20.8,CBOE VIX close
2011-07-15,VIXCLS,19.53,CBOE VIX close
2011-07-18,VIXCLS,20.95,CBOE VIX close
2011-07-19,VIXCLS,19.21,CBOE VIX close
2011-07-20,VIXCLS,19.09,CBOE VIX close
2011-07-21,VIXCLS,17.56,CBOE VIX close
2011-07-22,VIXCLS,17.52,CBOE VIX close
2011-07-25,VIXCLS,19.35,CBOE VIX close
2011-07-26,VIXCLS,20.23,CBOE VIX close
2011-07-27,VIXCLS,22.98,CBOE VIX close
2011-07-28,VIXCLS,23.74,CBOE VIX close
2011-07-29,VIXCLS,25.25,CBOE VIX close
2011-08-01,VIXCLS,23.66,CBOE VIX close
2011-08-02,VIXCLS,24.79,CBOE VIX close
2011-08-03,VIXCLS,23.38,CBOE VIX close
2011-08-04,VIXCLS,31.66,CBOE VIX close
2011-08-05,VIXCLS,32,CBOE VIX close
2011-08-08,VIXCLS,48,CBOE VIX close
2011-08-09,VIXCLS,35.06,CBOE VIX close
2011-08-10,VIXCLS,42.99,CBOE VIX close
2011-08-11,VIXCLS,39,CBOE VIX close
2011-08-12,VIXCLS,36.36,CBOE VIX close
2011-08-15,VIXCLS,31.87,CBOE VIX close
2011-08-16,VIXCLS,32.85,CBOE VIX close
2011-08-17,VIXCLS,31.58,CBOE VIX close
2011-08-18,VIXCLS,42.67,CBOE VIX close
2011-08-19,VIXCLS,43.05,CBOE VIX close
2011-08-22,VIXCLS,42.44,CBOE VIX close
2011-08-23,VIXCLS,36.27,CBOE VIX close
2011-08-24,VIXCLS,35.9,CBOE VIX close
2011-08-25,VIXCLS,39.76,CBOE VIX close
2011-08-26,VIXCLS,35.59,CBOE VIX close
2011-08-29,VIXCLS,32.28,CBOE VIX close
2011-08-30,VIXCLS,32.89,CBOE VIX close
2011-08-31,VIXCLS,31.62,CBOE VIX close
2011-09-01,VIXCLS,31.82,CBOE VIX close
2011-09-02,VIXCLS,33.92,CBOE VIX close
2011-09-05,VIXCLS,,CBOE VIX close
2011-09-06,VIXCLS,37,CBOE VIX close
2011-09-07,VIXCLS,33.38,CBOE VIX close
2011-09-08,VIXCLS,34.32,CBOE VIX close
2011-09-09,VIXCLS,38.52,CBOE VIX close
2011-09-12,VIXCLS,38.59,CBOE VIX close
2011-09-13,VIXCLS,36.91,CBOE VIX close
2011-09-14,VIXCLS,34.6,CBOE VIX close
2011-09-15,VIXCLS,31.97,CBOE VIX close
2011-09-16,VIXCLS,30.98,CBOE VIX close
2011-09-19,VIXCLS,32.73,CBOE VIX close
2011-09-20,VIXCLS,32.86,CBOE VIX close
2011-09-21,VIXCLS,37.32,CBOE VIX close
2011-09-22,VIXCLS,41.35,CBOE VIX close
2011-09-23,VIXCLS,41.25,CBOE VIX close
2011-09-26,VIXCLS,39.02,CBOE VIX close
2011-09-27,VIXCLS,37.71,CBOE VIX close
2011-09-28,VIXCLS,41.08,CBOE VIX close
2011-09-29,VIXCLS,38.84,CBOE VIX close
2011-09-30,VIXCLS,42.96,CBOE VIX close
2011-10-03,VIXCLS,45.45,CBOE VIX close
2011-10-04,VIXCLS,40.82,CBOE VIX close
2011-10-05,VIXCLS,37.81,CBOE VIX close
2011-10-06,VIXCLS,36.27,CBOE VIX close
2011-10-07,VIXCLS,36.2,CBOE VIX close
2011-10-10,VIXCLS,33.02,CBOE VIX close
2011-10-11,VIXCLS,32.86,CBOE VIX close
2011-10-12,VIXCLS,31.26,CBOE VIX close
2011-10-13,VIXCLS,30.7,CBOE VIX close
2011-10-14,VIXCLS,28.24,CBOE VIX close
2011-10-17,VIXCLS,33.39,CBOE VIX close
2011-10-18,VIXCLS,31.56,CBOE VIX close
2011-10-19,VIXCLS,34.44,CBOE VIX close
2011-10-20,VIXCLS,34.78,CBOE VIX close
2011-10-21,VIXCLS,31.32,CBOE VIX close
2011-10-24,VIXCLS,29.26,CBOE VIX close
2011-10-25,VIXCLS,32.22,CBOE VIX close
2011-10-26,VIXCLS,29.86,CBOE VIX close
2011-10-27,VIXCLS,25.46,CBOE VIX close
2011-10-28,VIXCLS,24.53,CBOE VIX close
2011-10-31,VIXCLS,29.96,CBOE VIX close
2011-11-01,VIXCLS,34.77,CBOE VIX close
2011-11-02,VIXCLS,32.74,CBOE VIX close
2011-11-03,VIXCLS,30.5,CBOE VIX close
2011-11-04,VIXCLS,30.16,CBOE VIX close
2011-11-07,VIXCLS,29.85,CBOE VIX close
2011-11-08,VIXCLS,27.48,CBOE VIX close
2011-11-09,VIXCLS,36.16,CBOE VIX close
2011-11-10,VIXCLS,32.81,CBOE VIX close
2011-11-11,VIXCLS,30.04,CBOE VIX close
2011-11-14,VIXCLS,31.13,CBOE VIX close
2011-11-15,VIXCLS,31.22,CBOE VIX close
2011-11-16,VIXCLS,33.51,CBOE VIX close
2011-11-17,VIXCLS,34.51,CBOE VIX close
2011-11-18,VIXCLS,32,CBOE VIX close
2011-11-21,VIXCLS,32.91,CBOE VIX close
2011-11-22,VIXCLS,31.97,CBOE VIX close
2011-11-23,VIXCLS,33.98,CBOE VIX close
2011-11-24,VIXCLS,,CBOE VIX close
2011-11-25,VIXCLS,34.47,CBOE VIX close
2011-11-28,VIXCLS,32.13,CBOE VIX close
2011-11-29,VIXCLS,30.64,CBOE VIX close
2011-11-30,VIXCLS,27.8,CBOE VIX close
2011-12-01,VIXCLS,27.41,CBOE VIX close
2011-12-02,VIXCLS,27.52,CBOE VIX close
2011-12-05,VIXCLS,27.84,CBOE VIX close
2011-12-06,VIXCLS,28.13,CBOE VIX close
2011-12-07,VIXCLS,28.67,CBOE VIX close
2011-12-08,VIXCLS,30.59,CBOE VIX close
2011-12-09,VIXCLS,26.38,CBOE VIX close
2011-12-12,VIXCLS,25.67,CBOE VIX close
2011-12-13,VIXCLS,25.41,CBOE VIX close
2011-12-14,VIXCLS,26.04,CBOE VIX close
2011-12-15,VIXCLS,25.11,CBOE VIX close
2011-12-16,VIXCLS,24.29,CBOE VIX close
2011-12-19,VIXCLS,24.92,CBOE VIX close
2011-12-20,VIXCLS,23.22,CBOE VIX close
2011-12-21,VIXCLS,21.43,CBOE VIX close
2011-12-22,VIXCLS,21.16,CBOE VIX close
2011-12-23,VIXCLS,20.73,CBOE VIX close
2011-12-26,VIXCLS,,CBOE VIX close
2011-12-27,VIXCLS,21.91,CBOE VIX close
2011-12-28,VIXCLS,23.52,CBOE VIX close
2011-12-29,VIXCLS,22.65,CBOE VIX close
2011-12-30,VIXCLS,23.4,CBOE VIX close
2012-01-02,VIXCLS,,CBOE VIX close
2012-01-03,VIXCLS,22.97,CBOE VIX close
2012-01-04,VIXCLS,22.22,CBOE VIX close
2012-01-05,VIXCLS,21.48,CBOE VIX close
2012-01-06,VIXCLS,20.63,CBOE VIX close
2012-01-09,VIXCLS,21.07,CBOE VIX close
2012-01-10,VIXCLS,20.69,CBOE VIX close
2012-01-11,VIXCLS,21.05,CBOE VIX close
2012-01-12,VIXCLS,20.47,CBOE VIX close
2012-01-13,VIXCLS,20.91,CBOE VIX close
2012-01-16,VIXCLS,,CBOE VIX close
2012-01-17,VIXCLS,22.2,CBOE VIX close
2012-01-18,VIXCLS,20.89,CBOE VIX close
2012-01-19,VIXCLS,19.87,CBOE VIX close
2012-01-20,VIXCLS,18.28,CBOE VIX close
2012-01-23,VIXCLS,18.67,CBOE VIX close
2012-01-24,VIXCLS,18.91,CBOE VIX close
2012-01-25,VIXCLS,18.31,CBOE VIX close
2012-01-26,VIXCLS,18.57,CBOE VIX close
2012-01-27,VIXCLS,18.53,CBOE VIX close
2012-01-30,VIXCLS,19.4,CBOE VIX close
2012-01-31,VIXCLS,19.44,CBOE VIX close
2012-02-01,VIXCLS,18.55,CBOE VIX close
2012-02-02,VIXCLS,17.98,CBOE VIX close
2012-02-03,VIXCLS,17.1,CBOE VIX close
2012-02-06,VIXCLS,17.76,CBOE VIX close
2012-02-07,VIXCLS,17.65,CBOE VIX close
2012-02-08,VIXCLS,18.16,CBOE VIX close
2012-02-09,VIXCLS,18.63,CBOE VIX close
2012-02-10,VIXCLS,20.79,CBOE VIX close
2012-02-13,VIXCLS,19.04,CBOE VIX close
2012-02-14,VIXCLS,19.54,CBOE VIX close
2012-02-15,VIXCLS,21.14,CBOE VIX close
2012-02-16,VIXCLS,19.22,CBOE VIX close
2012-02-17,VIXCLS,17.78,CBOE VIX close
2012-02-20,VIXCLS,,CBOE VIX close
2012-02-21,VIXCLS,18.19,CBOE VIX close
2012-02-22,VIXCLS,18.19,CBOE VIX close
2012-02-23,VIXCLS,16.8,CBOE VIX close
2012-02-24,VIXCLS,17.31,CBOE VIX close
2012-02-27,VIXCLS,18.19,CBOE VIX close
2012-02-28,VIXCLS,17.96,CBOE VIX close
2012-02-29,VIXCLS,18.43,CBOE VIX close
2012-03-01,VIXCLS,17.26,CBOE VIX close
2012-03-02,VIXCLS,17.29,CBOE VIX close
2012-03-05,VIXCLS,18.05,CBOE VIX close
2012-03-06,VIXCLS,20.87,CBOE VIX close
2012-03-07,VIXCLS,19.07,CBOE VIX close
2012-03-08,VIXCLS,17.95,CBOE VIX close
2012-03-09,VIXCLS,17.11,CBOE VIX close
2012-03-12,VIXCLS,15.64,CBOE VIX close
2012-03-13,VIXCLS,14.8,CBOE VIX close
2012-03-14,VIXCLS,15.31,CBOE VIX close
2012-03-15,VIXCLS,15.42,CBOE VIX close
2012-03-16,VIXCLS,14.47,CBOE VIX close
2012-03-19,VIXCLS,15.04,CBOE VIX close
2012-03-20,VIXCLS,15.58,CBOE VIX close
2012-03-21,VIXCLS,15.13,CBOE VIX close
2012-03-22,VIXCLS,15.57,CBOE VIX close
2012-03-23,VIXCLS,14.82,CBOE VIX close
2012-03-26,VIXCLS,14.26,CBOE VIX close
2012-03-27,VIXCLS,15.59,CBOE VIX close
2012-03-28,VIXCLS,15.47,CBOE VIX close
2012-03-29,VIXCLS,15.48,CBOE VIX close
2012-03-30,VIXCLS,15.5,CBOE VIX close
2012-04-02,VIXCLS,15.64,CBOE VIX close
2012-04-03,VIXCLS,15.66,CBOE VIX close
2012-04-04,VIXCLS,16.44,CBOE VIX close
2012-04-05,VIXCLS,16.7,CBOE VIX close
2012-04-06,VIXCLS,,CBOE VIX close
2012-04-09,VIXCLS,18.81,CBOE VIX close
2012-04-10,VIXCLS,20.39,CBOE VIX close
2012-04-11,VIXCLS,20.02,CBOE VIX close
2012-04-12,VIXCLS,17.2,CBOE VIX close
2012-04-13,VIXCLS,19.55,CBOE VIX close
2012-04-16,VIXCLS,19.55,CBOE VIX close
2012-04-17,VIXCLS,18.46,CBOE VIX close
2012-04-18,VIXCLS,18.64,CBOE VIX close
2012-04-19,VIXCLS,18.36,CBOE VIX close
2012-04-20,VIXCLS,17.44,CBOE VIX close
2012-04-23,VIXCLS,18.97,CBOE VIX close
2012-04-24,VIXCLS,18.1,CBOE VIX close
2012-04-25,VIXCLS,16.82,CBOE VIX close
2012-04-26,VIXCLS,16.24,CBOE VIX close
2012-04-27,VIXCLS,16.32,CBOE VIX close
2012-04-30,VIXCLS,17.15,CBOE VIX close
2012-05-01,VIXCLS,16.6,CBOE VIX close
2012-05-02,VIXCLS,16.88,CBOE VIX close
2012-05-03,VIXCLS,17.56,CBOE VIX close
2012-05-04,VIXCLS,19.16,CBOE VIX close
2012-05-07,VIXCLS,18.94,CBOE VIX close
2012-05-08,VIXCLS,19.05,CBOE VIX close
2012-05-09,VIXCLS,20.08,CBOE VIX close
2012-05-10,VIXCLS,18.83,CBOE VIX close
2012-05-11,VIXCLS,19.89,CBOE VIX close
2012-05-14,VIXCLS,21.87,CBOE VIX close
2012-05-15,VIXCLS,21.97,CBOE VIX close
2012-05-16,VIXCLS,22.27,CBOE VIX close
2012-05-17,VIXCLS,24.49,CBOE VIX close
2012-05-18,VIXCLS,25.1,CBOE VIX close
2012-05-21,VIXCLS,22.01,CBOE VIX close
2012-05-22,VIXCLS,22.48,CBOE VIX close
2012-05-23,VIXCLS,22.33,CBOE VIX close
2012-05-24,VIXCLS,21.54,CBOE VIX close
2012-05-25,VIXCLS,21.76,CBOE VIX close
2012-05-28,VIXCLS,,CBOE VIX close
2012-05-29,VIXCLS,21.03,CBOE VIX close
2012-05-30,VIXCLS,24.14,CBOE VIX close
2012-05-31,VIXCLS,24.06,CBOE VIX close
2012-06-01,VIXCLS,26.66,CBOE VIX close
2012-06-04,VIXCLS,26.12,CBOE VIX close
2012-06-05,VIXCLS,24.68,CBOE VIX close
2012-06-06,VIXCLS,22.16,CBOE VIX close
2012-06-07,VIXCLS,21.72,CBOE VIX close
2012-06-08,VIXCLS,21.23,CBOE VIX close
2012-06-11,VIXCLS,23.56,CBOE VIX close
2012-06-12,VIXCLS,22.09,CBOE VIX close
2012-06-13,VIXCLS,24.27,CBOE VIX close
2012-06-14,VIXCLS,21.68,CBOE VIX close
2012-06-15,VIXCLS,21.11,CBOE VIX close
2012-06-18,VIXCLS,18.32,CBOE VIX close
2012-06-19,VIXCLS,18.38,CBOE VIX close
2012-06-20,VIXCLS,17.24,CBOE VIX close
2012-06-21,VIXCLS,20.08,CBOE VIX close
2012-06-22,VIXCLS,18.11,CBOE VIX close
2012-06-25,VIXCLS,20.38,CBOE VIX close
2012-06-26,VIXCLS,19.72,CBOE VIX close
2012-06-27,VIXCLS,19.45,CBOE VIX close
2012-06-28,VIXCLS,19.71,CBOE VIX close
2012-06-29,VIXCLS,17.08,CBOE VIX close
2012-07-02,VIXCLS,16.8,CBOE VIX close
2012-07-03,VIXCLS,16.66,CBOE VIX close
2012-07-04,VIXCLS,,CBOE VIX close
2012-07-05,VIXCLS,17.5,CBOE VIX close
2012-07-06,VIXCLS,17.1,CBOE VIX close
2012-07-09,VIXCLS,17.98,CBOE VIX close
2012-07-10,VIXCLS,18.72,CBOE VIX close
2012-07-11,VIXCLS,17.95,CBOE VIX close
2012-07-12,VIXCLS,18.33,CBOE VIX close
2012-07-13,VIXCLS,16.74,CBOE VIX close
2012-07-16,VIXCLS,17.11,CBOE VIX close
2012-07-17,VIXCLS,16.48,CBOE VIX close
2012-07-18,VIXCLS,16.16,CBOE VIX close
2012-07-19,VIXCLS,15.45,CBOE VIX close
2012-07-20,VIXCLS,16.27,CBOE VIX close
2012-07-23,VIXCLS,18.62,CBOE VIX close
2012-07-24,VIXCLS,20.47,CBOE VIX close
2012-07-25,VIXCLS,19.34,CBOE VIX close
2012-07-26,VIXCLS,17.53,CBOE VIX close
2012-07-27,VIXCLS,16.7,CBOE VIX close
2012-07-30,VIXCLS,18.03,CBOE VIX close
2012-07-31,VIXCLS,18.93,CBOE VIX close
2012-08-01,VIXCLS,18.96,CBOE VIX close
2012-08-02,VIXCLS,17.57,CBOE VIX close
2012-08-03,VIXCLS,15.64,CBOE VIX close
2012-08-06,VIXCLS,15.95,CBOE VIX close
2012-08-07,VIXCLS,15.99,CBOE VIX close
2012-08-08,VIXCLS,15.32,CBOE VIX close
2012-08-09,VIXCLS,15.28,CBOE VIX close
2012-08-10,VIXCLS,14.74,CBOE VIX close
2012-08-13,VIXCLS,13.7,CBOE VIX close
2012-08-14,VIXCLS,14.85,CBOE VIX close
2012-08-15,VIXCLS,14.63,CBOE VIX close
2012-08-16,VIXCLS,14.29,CBOE VIX close
2012-08-17,VIXCLS,13.45,CBOE VIX close
2012-08-20,VIXCLS,14.02,CBOE VIX close
2012-08-21,VIXCLS,15.02,CBOE VIX close
2012-08-22,VIXCLS,15.11,CBOE VIX close
2012-08-23,VIXCLS,15.96,CBOE VIX close
2012-08-24,VIXCLS,15.18,CBOE VIX close
2012-08-27,VIXCLS,16.35,CBOE VIX close
2012-08-28,VIXCLS,16.49,CBOE VIX close
2012-08-29,VIXCLS,17.06,CBOE VIX close
2012-08-30,VIXCLS,17.83,CBOE VIX close
2012-08-31,VIXCLS,17.47,CBOE VIX close
2012-09-03,VIXCLS,,CBOE VIX close
2012-09-04,VIXCLS,17.98,CBOE VIX close
2012-09-05,VIXCLS,17.74,CBOE VIX close
2012-09-06,VIXCLS,15.6,CBOE VIX close
2012-09-07,VIXCLS,14.38,CBOE VIX close
2012-09-10,VIXCLS,16.28,CBOE VIX close
2012-09-11,VIXCLS,16.41,CBOE VIX close
2012-09-12,VIXCLS,15.8,CBOE VIX close
2012-09-13,VIXCLS,14.05,CBOE VIX close
2012-09-14,VIXCLS,14.51,CBOE VIX close
2012-09-17,VIXCLS,14.59,CBOE VIX close
2012-09-18,VIXCLS,14.18,CBOE VIX close
2012-09-19,VIXCLS,13.88,CBOE VIX close
2012-09-20,VIXCLS,14.07,CBOE VIX close
2012-09-21,VIXCLS,13.98,CBOE VIX close
2012-09-24,VIXCLS,14.15,CBOE VIX close
2012-09-25,VIXCLS,15.43,CBOE VIX close
2012-09-26,VIXCLS,16.81,CBOE VIX close
2012-09-27,VIXCLS,14.84,CBOE VIX close
2012-09-28,VIXCLS,15.73,CBOE VIX close
2012-10-01,VIXCLS,16.32,CBOE VIX close
2012-10-02,VIXCLS,15.71,CBOE VIX close
2012-10-03,VIXCLS,15.43,CBOE VIX close
2012-10-04,VIXCLS,14.55,CBOE VIX close
2012-10-05,VIXCLS,14.33,CBOE VIX close
2012-10-08,VIXCLS,15.11,CBOE VIX close
2012-10-09,VIXCLS,16.37,CBOE VIX close
2012-10-10,VIXCLS,16.29,CBOE VIX close
2012-10-11,VIXCLS,15.59,CBOE VIX close
2012-10-12,VIXCLS,16.14,CBOE VIX close
2012-10-15,VIXCLS,15.27,CBOE VIX close
2012-10-16,VIXCLS,15.22,CBOE VIX close
2012-10-17,VIXCLS,15.07,CBOE VIX close
2012-10-18,VIXCLS,15.03,CBOE VIX close
2012-10-19,VIXCLS,17.06,CBOE VIX close
2012-10-22,VIXCLS,16.62,CBOE VIX close
2012-10-23,VIXCLS,18.83,CBOE VIX close
2012-10-24,VIXCLS,18.33,CBOE VIX close
2012-10-25,VIXCLS,18.12,CBOE VIX close
2012-10-26,VIXCLS,17.81,CBOE VIX close
2012-10-29,VIXCLS,,CBOE VIX close
2012-10-30,VIXCLS,,CBOE VIX close
2012-10-31,VIXCLS,18.6,CBOE VIX close
2012-11-01,VIXCLS,16.69,CBOE VIX close
2012-11-02,VIXCLS,17.59,CBOE VIX close
2012-11-05,VIXCLS,18.42,CBOE VIX close
2012-11-06,VIXCLS,17.58,CBOE VIX close
2012-11-07,VIXCLS,19.08,CBOE VIX close
2012-11-08,VIXCLS,18.49,CBOE VIX close
2012-11-09,VIXCLS,18.61,CBOE VIX close
2012-11-12,VIXCLS,16.68,CBOE VIX close
2012-11-13,VIXCLS,16.65,CBOE VIX close
2012-11-14,VIXCLS,17.92,CBOE VIX close
2012-11-15,VIXCLS,17.99,CBOE VIX close
2012-11-16,VIXCLS,16.41,CBOE VIX close
2012-11-19,VIXCLS,15.24,CBOE VIX close
2012-11-20,VIXCLS,15.08,CBOE VIX close
2012-11-21,VIXCLS,15.31,CBOE VIX close
2012-11-22,VIXCLS,,CBOE VIX close
2012-11-23,VIXCLS,15.14,CBOE VIX close
2012-11-26,VIXCLS,15.5,CBOE VIX close
2012-11-27,VIXCLS,15.92,CBOE VIX close
2012-11-28,VIXCLS,15.51,CBOE VIX close
2012-11-29,VIXCLS,15.06,CBOE VIX close
2012-11-30,VIXCLS,15.87,CBOE VIX close
2012-12-03,VIXCLS,16.64,CBOE VIX close
2012-12-04,VIXCLS,17.12,CBOE VIX close
2012-12-05,VIXCLS,16.46,CBOE VIX close
2012-12-06,VIXCLS,16.58,CBOE VIX close
2012-12-07,VIXCLS,15.9,CBOE VIX close
2012-12-10,VIXCLS,16.05,CBOE VIX close
2012-12-11,VIXCLS,15.57,CBOE VIX close
2012-12-12,VIXCLS,15.95,CBOE VIX close
2012-12-13,VIXCLS,16.56,CBOE VIX close
2012-12-14,VIXCLS,17,CBOE VIX close
2012-12-17,VIXCLS,16.34,CBOE VIX close
2012-12-18,VIXCLS,15.57,CBOE VIX close
2012-12-19,VIXCLS,17.36,CBOE VIX close
2012-12-20,VIXCLS,17.67,CBOE VIX close
2012-12-21,VIXCLS,17.84,CBOE VIX close
2012-12-24,VIXCLS,17.84,CBOE VIX close
2012-12-25,VIXCLS,,CBOE VIX close
2012-12-26,VIXCLS,19.48,CBOE VIX close
2012-12-27,VIXCLS,19.47,CBOE VIX close
2012-12-28,VIXCLS,22.72,CBOE VIX close
2012-12-31,VIXCLS,18.02,CBOE VIX close
2013-01-01,VIXCLS,,CBOE VIX close
2013-01-02,VIXCLS,14.68,CBOE VIX close
2013-01-03,VIXCLS,14.56,CBOE VIX close
2013-01-04,VIXCLS,13.83,CBOE VIX close
2013-01-07,VIXCLS,13.79,CBOE VIX close
2013-01-08,VIXCLS,13.62,CBOE VIX close
2013-01-09,VIXCLS,13.81,CBOE VIX close
2013-01-10,VIXCLS,13.49,CBOE VIX close
2013-01-11,VIXCLS,13.36,CBOE VIX close
2013-01-14,VIXCLS,13.52,CBOE VIX close
2013-01-15,VIXCLS,13.55,CBOE VIX close
2013-01-16,VIXCLS,13.42,CBOE VIX close
2013-01-17,VIXCLS,13.57,CBOE VIX close
2013-01-18,VIXCLS,12.46,CBOE VIX close
2013-01-21,VIXCLS,,CBOE VIX close
2013-01-22,VIXCLS,12.43,CBOE VIX close
2013-01-23,VIXCLS,12.46,CBOE VIX close
2013-01-24,VIXCLS,12.69,CBOE VIX close
2013-01-25,VIXCLS,12.89,CBOE VIX close
2013-01-28,VIXCLS,13.57,CBOE VIX close
2013-01-29,VIXCLS,13.31,CBOE VIX close
2013-01-30,VIXCLS,14.32,CBOE VIX close
2013-01-31,VIXCLS,14.28,CBOE VIX close
2013-02-01,VIXCLS,12.9,CBOE VIX close
2013-02-04,VIXCLS,14.67,CBOE VIX close
2013-02-05,VIXCLS,13.72,CBOE VIX close
2013-02-06,VIXCLS,13.41,CBOE VIX close
2013-02-07,VIXCLS,13.5,CBOE VIX close
2013-02-08,VIXCLS,13.02,CBOE VIX close
2013-02-11,VIXCLS,12.94,CBOE VIX close
2013-02-12,VIXCLS,12.64,CBOE VIX close
2013-02-13,VIXCLS,12.98,CBOE VIX close
2013-02-14,VIXCLS,12.66,CBOE VIX close
2013-02-15,VIXCLS,12.46,CBOE VIX close
2013-02-18,VIXCLS,,CBOE VIX close
2013-02-19,VIXCLS,12.31,CBOE VIX close
2013-02-20,VIXCLS,14.68,CBOE VIX close
2013-02-21,VIXCLS,15.22,CBOE VIX close
2013-02-22,VIXCLS,14.17,CBOE VIX close
2013-02-25,VIXCLS,18.99,CBOE VIX close
2013-02-26,VIXCLS,16.87,CBOE VIX close
2013-02-27,VIXCLS,14.73,CBOE VIX close
2013-02-28,VIXCLS,15.51,CBOE VIX close
2013-03-01,VIXCLS,15.36,CBOE VIX close
2013-03-04,VIXCLS,14.01,CBOE VIX close
2013-03-05,VIXCLS,13.48,CBOE VIX close
2013-03-06,VIXCLS,13.53,CBOE VIX close
2013-03-07,VIXCLS,13.06,CBOE VIX close
2013-03-08,VIXCLS,12.59,CBOE VIX close
2013-03-11,VIXCLS,11.56,CBOE VIX close
2013-03-12,VIXCLS,12.27,CBOE VIX close
2013-03-13,VIXCLS,11.83,CBOE VIX close
2013-03-14,VIXCLS,11.3,CBOE VIX close
2013-03-15,VIXCLS,11.3,CBOE VIX close
2013-03-18,VIXCLS,13.36,CBOE VIX close
2013-03-19,VIXCLS,14.39,CBOE VIX close
2013-03-20,VIXCLS,12.67,CBOE VIX close
2013-03-21,VIXCLS,13.99,CBOE VIX close
2013-03-22,VIXCLS,13.57,CBOE VIX close
2013-03-25,VIXCLS,13.74,CBOE VIX close
2013-03-26,VIXCLS,12.77,CBOE VIX close
2013-03-27,VIXCLS,13.15,CBOE VIX close
2013-03-28,VIXCLS,12.7,CBOE VIX close
2013-03-29,VIXCLS,,CBOE VIX close
2013-04-01,VIXCLS,13.58,CBOE VIX close
2013-04-02,VIXCLS,12.78,CBOE VIX close
2013-04-03,VIXCLS,14.21,CBOE VIX close
2013-04-04,VIXCLS,13.89,CBOE VIX close
2013-04-05,VIXCLS,13.92,CBOE VIX close
2013-04-08,VIXCLS,13.19,CBOE VIX close
2013-04-09,VIXCLS,12.84,CBOE VIX close
2013-04-10,VIXCLS,12.36,CBOE VIX close
2013-04-11,VIXCLS,12.24,CBOE VIX close
2013-04-12,VIXCLS,12.06,CBOE VIX close
2013-04-15,VIXCLS,17.27,CBOE VIX close
2013-04-16,VIXCLS,13.96,CBOE VIX close
2013-04-17,VIXCLS,16.51,CBOE VIX close
2013-04-18,VIXCLS,17.56,CBOE VIX close
2013-04-19,VIXCLS,14.97,CBOE VIX close
2013-04-22,VIXCLS,14.39,CBOE VIX close
2013-04-23,VIXCLS,13.48,CBOE VIX close
2013-04-24,VIXCLS,13.61,CBOE VIX close
2013-04-25,VIXCLS,13.62,CBOE VIX close
2013-04-26,VIXCLS,13.61,CBOE VIX close
2013-04-29,VIXCLS,13.71,CBOE VIX close
2013-04-30,VIXCLS,13.52,CBOE VIX close
2013-05-01,VIXCLS,14.49,CBOE VIX close
2013-05-02,VIXCLS,13.59,CBOE VIX close
2013-05-03,VIXCLS,12.85,CBOE VIX close
2013-05-06,VIXCLS,12.66,CBOE VIX close
2013-05-07,VIXCLS,12.83,CBOE VIX close
2013-05-08,VIXCLS,12.66,CBOE VIX close
2013-05-09,VIXCLS,13.13,CBOE VIX close
2013-05-10,VIXCLS,12.59,CBOE VIX close
2013-05-13,VIXCLS,12.55,CBOE VIX close
2013-05-14,VIXCLS,12.77,CBOE VIX close
2013-05-15,VIXCLS,12.81,CBOE VIX close
2013-05-16,VIXCLS,13.07,CBOE VIX close
2013-05-17,VIXCLS,12.45,CBOE VIX close
2013-05-20,VIXCLS,13.02,CBOE VIX close
2013-05-21,VIXCLS,13.37,CBOE VIX close
2013-05-22,VIXCLS,13.82,CBOE VIX close
2013-05-23,VIXCLS,14.07,CBOE VIX close
2013-05-24,VIXCLS,13.99,CBOE VIX close
2013-05-27,VIXCLS,,CBOE VIX close
2013-05-28,VIXCLS,14.48,CBOE VIX close
2013-05-29,VIXCLS,14.83,CBOE VIX close
2013-05-30,VIXCLS,14.53,CBOE VIX close
2013-05-31,VIXCLS,16.3,CBOE VIX close
2013-06-03,VIXCLS,16.28,CBOE VIX close
2013-06-04,VIXCLS,16.27,CBOE VIX close
2013-06-05,VIXCLS,17.5,CBOE VIX close
2013-06-06,VIXCLS,16.63,CBOE VIX close
2013-06-07,VIXCLS,15.14,CBOE VIX close
2013-06-10,VIXCLS,15.44,CBOE VIX close
2013-06-11,VIXCLS,17.07,CBOE VIX close
2013-06-12,VIXCLS,18.59,CBOE VIX close
2013-06-13,VIXCLS,16.41,CBOE VIX close
2013-06-14,VIXCLS,17.15,CBOE VIX close
2013-06-17,VIXCLS,16.8,CBOE VIX close
2013-06-18,VIXCLS,16.61,CBOE VIX close
2013-06-19,VIXCLS,16.64,CBOE VIX close
2013-06-20,VIXCLS,20.49,CBOE VIX close
2013-06-21,VIXCLS,18.9,CBOE VIX close
2013-06-24,VIXCLS,20.11,CBOE VIX close
2013-06-25,VIXCLS,18.47,CBOE VIX close
2013-06-26,VIXCLS,17.21,CBOE VIX close
2013-06-27,VIXCLS,16.86,CBOE VIX close
2013-06-28,VIXCLS,16.86,CBOE VIX close
2013-07-01,VIXCLS,16.37,CBOE VIX close
2013-07-02,VIXCLS,16.44,CBOE VIX close
2013-07-03,VIXCLS,16.2,CBOE VIX close
2013-07-04,VIXCLS,,CBOE VIX close
2013-07-05,VIXCLS,14.89,CBOE VIX close
2013-07-08,VIXCLS,14.78,CBOE VIX close
2013-07-09,VIXCLS,14.35,CBOE VIX close
2013-07-10,VIXCLS,14.21,CBOE VIX close
2013-07-11,VIXCLS,14.01,CBOE VIX close
2013-07-12,VIXCLS,13.84,CBOE VIX close
2013-07-15,VIXCLS,13.79,CBOE VIX close
2013-07-16,VIXCLS,14.42,CBOE VIX close
2013-07-17,VIXCLS,13.78,CBOE VIX close
2013-07-18,VIXCLS,13.77,CBOE VIX close
2013-07-19,VIXCLS,12.54,CBOE VIX close
2013-07-22,VIXCLS,12.29,CBOE VIX close
2013-07-23,VIXCLS,12.66,CBOE VIX close
2013-07-24,VIXCLS,13.18,CBOE VIX close
2013-07-25,VIXCLS,12.97,CBOE VIX close
2013-07-26,VIXCLS,12.72,CBOE VIX close
2013-07-29,VIXCLS,13.39,CBOE VIX close
2013-07-30,VIXCLS,13.39,CBOE VIX close
2013-07-31,VIXCLS,13.45,CBOE VIX close
2013-08-01,VIXCLS,12.94,CBOE VIX close
2013-08-02,VIXCLS,11.98,CBOE VIX close
2013-08-05,VIXCLS,11.84,CBOE VIX close
2013-08-06,VIXCLS,12.72,CBOE VIX close
2013-08-07,VIXCLS,12.98,CBOE VIX close
2013-08-08,VIXCLS,12.73,CBOE VIX close
2013-08-09,VIXCLS,13.41,CBOE VIX close
2013-08-12,VIXCLS,12.81,CBOE VIX close
2013-08-13,VIXCLS,12.31,CBOE VIX close
2013-08-14,VIXCLS,13.04,CBOE VIX close
2013-08-15,VIXCLS,14.73,CBOE VIX close
2013-08-16,VIXCLS,14.37,CBOE VIX close
2013-08-19,VIXCLS,15.1,CBOE VIX close
2013-08-20,VIXCLS,14.91,CBOE VIX close
2013-08-21,VIXCLS,15.94,CBOE VIX close
2013-08-22,VIXCLS,14.76,CBOE VIX close
2013-08-23,VIXCLS,13.98,CBOE VIX close
2013-08-26,VIXCLS,14.99,CBOE VIX close
2013-08-27,VIXCLS,16.77,CBOE VIX close
2013-08-28,VIXCLS,16.49,CBOE VIX close
2013-08-29,VIXCLS,16.81,CBOE VIX close
2013-08-30,VIXCLS,17.01,CBOE VIX close
2013-09-02,VIXCLS,,CBOE VIX close
2013-09-03,VIXCLS,16.61,CBOE VIX close
2013-09-04,VIXCLS,15.88,CBOE VIX close
2013-09-05,VIXCLS,15.77,CBOE VIX close
2013-09-06,VIXCLS,15.85,CBOE VIX close
2013-09-09,VIXCLS,15.63,CBOE VIX close
2013-09-10,VIXCLS,14.53,CBOE VIX close
2013-09-11,VIXCLS,13.82,CBOE VIX close
2013-09-12,VIXCLS,14.29,CBOE VIX close
2013-09-13,VIXCLS,14.16,CBOE VIX close
2013-09-16,VIXCLS,14.38,CBOE VIX close
2013-09-17,VIXCLS,14.53,CBOE VIX close
2013-09-18,VIXCLS,13.59,CBOE VIX close
2013-09-19,VIXCLS,13.16,CBOE VIX close
2013-09-20,VIXCLS,13.12,CBOE VIX close
2013-09-23,VIXCLS,14.31,CBOE VIX close
2013-09-24,VIXCLS,14.08,CBOE VIX close
2013-09-25,VIXCLS,14.01,CBOE VIX close
2013-09-26,VIXCLS,14.06,CBOE VIX close
2013-09-27,VIXCLS,15.46,CBOE VIX close
2013-09-30,VIXCLS,16.6,CBOE VIX close
2013-10-01,VIXCLS,15.54,CBOE VIX close
2013-10-02,VIXCLS,16.6,CBOE VIX close
2013-10-03,VIXCLS,17.67,CBOE VIX close
2013-10-04,VIXCLS,16.74,CBOE VIX close
2013-10-07,VIXCLS,19.41,CBOE VIX close
2013-10-08,VIXCLS,20.34,CBOE VIX close
2013-10-09,VIXCLS,19.6,CBOE VIX close
2013-10-10,VIXCLS,16.48,CBOE VIX close
2013-10-11,VIXCLS,15.72,CBOE VIX close
2013-10-14,VIXCLS,16.07,CBOE VIX close
2013-10-15,VIXCLS,18.66,CBOE VIX close
2013-10-16,VIXCLS,14.71,CBOE VIX close
2013-10-17,VIXCLS,13.48,CBOE VIX close
2013-10-18,VIXCLS,13.04,CBOE VIX close
2013-10-21,VIXCLS,13.16,CBOE VIX close
2013-10-22,VIXCLS,13.33,CBOE VIX close
2013-10-23,VIXCLS,13.42,CBOE VIX close
2013-10-24,VIXCLS,13.2,CBOE VIX close
2013-10-25,VIXCLS,13.09,CBOE VIX close
2013-10-28,VIXCLS,13.31,CBOE VIX close
2013-10-29,VIXCLS,13.41,CBOE VIX close
2013-10-30,VIXCLS,13.65,CBOE VIX close
2013-10-31,VIXCLS,13.75,CBOE VIX close
2013-11-01,VIXCLS,13.28,CBOE VIX close
2013-11-04,VIXCLS,12.93,CBOE VIX close
2013-11-05,VIXCLS,13.27,CBOE VIX close
2013-11-06,VIXCLS,12.67,CBOE VIX close
2013-11-07,VIXCLS,13.91,CBOE VIX close
2013-11-08,VIXCLS,12.9,CBOE VIX close
2013-11-11,VIXCLS,12.53,CBOE VIX close
2013-11-12,VIXCLS,12.82,CBOE VIX close
2013-11-13,VIXCLS,12.52,CBOE VIX close
2013-11-14,VIXCLS,12.37,CBOE VIX close
2013-11-15,VIXCLS,12.19,CBOE VIX close
2013-11-18,VIXCLS,13.1,CBOE VIX close
2013-11-19,VIXCLS,13.39,CBOE VIX close
2013-11-20,VIXCLS,13.4,CBOE VIX close
2013-11-21,VIXCLS,12.66,CBOE VIX close
2013-11-22,VIXCLS,12.26,CBOE VIX close
2013-11-25,VIXCLS,12.79,CBOE VIX close
2013-11-26,VIXCLS,12.81,CBOE VIX close
2013-11-27,VIXCLS,12.98,CBOE VIX close
2013-11-28,VIXCLS,,CBOE VIX close
2013-11-29,VIXCLS,13.7,CBOE VIX close
2013-12-02,VIXCLS,14.23,CBOE VIX close
2013-12-03,VIXCLS,14.55,CBOE VIX close
2013-12-04,VIXCLS,14.7,CBOE VIX close
2013-12-05,VIXCLS,15.08,CBOE VIX close
2013-12-06,VIXCLS,13.79,CBOE VIX close
2013-12-09,VIXCLS,13.49,CBOE VIX close
2013-12-10,VIXCLS,13.91,CBOE VIX close
2013-12-11,VIXCLS,15.42,CBOE VIX close
2013-12-12,VIXCLS,15.54,CBOE VIX close
2013-12-13,VIXCLS,15.76,CBOE VIX close
2013-12-16,VIXCLS,16.03,CBOE VIX close
2013-12-17,VIXCLS,16.21,CBOE VIX close
2013-12-18,VIXCLS,13.8,CBOE VIX close
2013-12-19,VIXCLS,14.15,CBOE VIX close
2013-12-20,VIXCLS,13.79,CBOE VIX close
2013-12-23,VIXCLS,13.04,CBOE VIX close
2013-12-24,VIXCLS,12.48,CBOE VIX close
2013-12-25,VIXCLS,,CBOE VIX close
2013-12-26,VIXCLS,12.33,CBOE VIX close
2013-12-27,VIXCLS,12.46,CBOE VIX close
2013-12-30,VIXCLS,13.56,CBOE VIX close
2013-12-31,VIXCLS,13.72,CBOE VIX close
2014-01-01,VIXCLS,,CBOE VIX close
2014-01-02,VIXCLS,14.23,CBOE VIX close
2014-01-03,VIXCLS,13.76,CBOE VIX close
2014-01-06,VIXCLS,13.55,CBOE VIX close
2014-01-07,VIXCLS,12.92,CBOE VIX close
2014-01-08,VIXCLS,12.87,CBOE VIX close
2014-01-09,VIXCLS,12.89,CBOE VIX close
2014-01-10,VIXCLS,12.14,CBOE VIX close
2014-01-13,VIXCLS,13.28,CBOE VIX close
2014-01-14,VIXCLS,12.28,CBOE VIX close
2014-01-15,VIXCLS,12.28,CBOE VIX close
2014-01-16,VIXCLS,12.53,CBOE VIX close
2014-01-17,VIXCLS,12.44,CBOE VIX close
2014-01-20,VIXCLS,,CBOE VIX close
2014-01-21,VIXCLS,12.87,CBOE VIX close
2014-01-22,VIXCLS,12.84,CBOE VIX close
2014-01-23,VIXCLS,13.77,CBOE VIX close
2014-01-24,VIXCLS,18.14,CBOE VIX close
2014-01-27,VIXCLS,17.42,CBOE VIX close
2014-01-28,VIXCLS,15.8,CBOE VIX close
2014-01-29,VIXCLS,17.35,CBOE VIX close
2014-01-30,VIXCLS,17.29,CBOE VIX close
2014-01-31,VIXCLS,18.41,CBOE VIX close
2014-02-03,VIXCLS,21.44,CBOE VIX close
2014-02-04,VIXCLS,19.11,CBOE VIX close
2014-02-05,VIXCLS,19.95,CBOE VIX close
2014-02-06,VIXCLS,17.23,CBOE VIX close
2014-02-07,VIXCLS,15.29,CBOE VIX close
2014-02-10,VIXCLS,15.26,CBOE VIX close
2014-02-11,VIXCLS,14.51,CBOE VIX close
2014-02-12,VIXCLS,14.3,CBOE VIX close
2014-02-13,VIXCLS,14.14,CBOE VIX close
2014-02-14,VIXCLS,13.57,CBOE VIX close
2014-02-17,VIXCLS,,CBOE VIX close
2014-02-18,VIXCLS,13.87,CBOE VIX close
2014-02-19,VIXCLS,15.5,CBOE VIX close
2014-02-20,VIXCLS,14.79,CBOE VIX close
2014-02-21,VIXCLS,14.68,CBOE VIX close
2014-02-24,VIXCLS,14.23,CBOE VIX close
2014-02-25,VIXCLS,13.67,CBOE VIX close
2014-02-26,VIXCLS,14.35,CBOE VIX close
2014-02-27,VIXCLS,14.04,CBOE VIX close
2014-02-28,VIXCLS,14,CBOE VIX close
2014-03-03,VIXCLS,16,CBOE VIX close
2014-03-04,VIXCLS,14.1,CBOE VIX close
2014-03-05,VIXCLS,13.89,CBOE VIX close
2014-03-06,VIXCLS,14.21,CBOE VIX close
2014-03-07,VIXCLS,14.11,CBOE VIX close
2014-03-10,VIXCLS,14.2,CBOE VIX close
2014-03-11,VIXCLS,14.8,CBOE VIX close
2014-03-12,VIXCLS,14.47,CBOE VIX close
2014-03-13,VIXCLS,16.22,CBOE VIX close
2014-03-14,VIXCLS,17.82,CBOE VIX close
2014-03-17,VIXCLS,15.64,CBOE VIX close
2014-03-18,VIXCLS,14.52,CBOE VIX close
2014-03-19,VIXCLS,15.12,CBOE VIX close
2014-03-20,VIXCLS,14.52,CBOE VIX close
2014-03-21,VIXCLS,15,CBOE VIX close
2014-03-24,VIXCLS,15.09,CBOE VIX close
2014-03-25,VIXCLS,14.02,CBOE VIX close
2014-03-26,VIXCLS,14.93,CBOE VIX close
2014-03-27,VIXCLS,14.62,CBOE VIX close
2014-03-28,VIXCLS,14.41,CBOE VIX close
2014-03-31,VIXCLS,13.88,CBOE VIX close
2014-04-01,VIXCLS,13.1,CBOE VIX close
2014-04-02,VIXCLS,13.09,CBOE VIX close
2014-04-03,VIXCLS,13.37,CBOE VIX close
2014-04-04,VIXCLS,13.96,CBOE VIX close
2014-04-07,VIXCLS,15.57,CBOE VIX close
2014-04-08,VIXCLS,14.89,CBOE VIX close
2014-04-09,VIXCLS,13.82,CBOE VIX close
2014-04-10,VIXCLS,15.89,CBOE VIX close
2014-04-11,VIXCLS,17.03,CBOE VIX close
2014-04-14,VIXCLS,16.11,CBOE VIX close
2014-04-15,VIXCLS,15.61,CBOE VIX close
2014-04-16,VIXCLS,14.18,CBOE VIX close
2014-04-17,VIXCLS,13.36,CBOE VIX close
2014-04-18,VIXCLS,,CBOE VIX close
2014-04-21,VIXCLS,13.25,CBOE VIX close
2014-04-22,VIXCLS,13.19,CBOE VIX close
2014-04-23,VIXCLS,13.27,CBOE VIX close
2014-04-24,VIXCLS,13.32,CBOE VIX close
2014-04-25,VIXCLS,14.06,CBOE VIX close
2014-04-28,VIXCLS,13.97,CBOE VIX close
2014-04-29,VIXCLS,13.71,CBOE VIX close
2014-04-30,VIXCLS,13.41,CBOE VIX close
2014-05-01,VIXCLS,13.25,CBOE VIX close
2014-05-02,VIXCLS,12.91,CBOE VIX close
2014-05-05,VIXCLS,13.29,CBOE VIX close
2014-05-06,VIXCLS,13.8,CBOE VIX close
2014-05-07,VIXCLS,13.4,CBOE VIX close
2014-05-08,VIXCLS,13.43,CBOE VIX close
2014-05-09,VIXCLS,12.92,CBOE VIX close
2014-05-12,VIXCLS,12.23,CBOE VIX close
2014-05-13,VIXCLS,12.13,CBOE VIX close
2014-05-14,VIXCLS,12.17,CBOE VIX close
2014-05-15,VIXCLS,13.17,CBOE VIX close
2014-05-16,VIXCLS,12.44,CBOE VIX close
2014-05-19,VIXCLS,12.42,CBOE VIX close
2014-05-20,VIXCLS,12.96,CBOE VIX close
2014-05-21,VIXCLS,11.91,CBOE VIX close
2014-05-22,VIXCLS,12.03,CBOE VIX close
2014-05-23,VIXCLS,11.36,CBOE VIX close
2014-05-26,VIXCLS,,CBOE VIX close
2014-05-27,VIXCLS,11.51,CBOE VIX close
2014-05-28,VIXCLS,11.68,CBOE VIX close
2014-05-29,VIXCLS,11.57,CBOE VIX close
2014-05-30,VIXCLS,11.4,CBOE VIX close
2014-06-02,VIXCLS,11.58,CBOE VIX close
2014-06-03,VIXCLS,11.87,CBOE VIX close
2014-06-04,VIXCLS,12.08,CBOE VIX close
2014-06-05,VIXCLS,11.68,CBOE VIX close
2014-06-06,VIXCLS,10.73,CBOE VIX close
2014-06-09,VIXCLS,11.15,CBOE VIX close
2014-06-10,VIXCLS,10.99,CBOE VIX close
2014-06-11,VIXCLS,11.6,CBOE VIX close
2014-06-12,VIXCLS,12.56,CBOE VIX close
2014-06-13,VIXCLS,12.18,CBOE VIX close
2014-06-16,VIXCLS,12.65,CBOE VIX close
2014-06-17,VIXCLS,12.06,CBOE VIX close
2014-06-18,VIXCLS,10.61,CBOE VIX close
2014-06-19,VIXCLS,10.62,CBOE VIX close
2014-06-20,VIXCLS,10.85,CBOE VIX close
2014-06-23,VIXCLS,10.98,CBOE VIX close
2014-06-24,VIXCLS,12.13,CBOE VIX close
2014-06-25,VIXCLS,11.59,CBOE VIX close
2014-06-26,VIXCLS,11.63,CBOE VIX close
2014-06-27,VIXCLS,11.26,CBOE VIX close
2014-06-30,VIXCLS,11.57,CBOE VIX close
2014-07-01,VIXCLS,11.15,CBOE VIX close
2014-07-02,VIXCLS,10.82,CBOE VIX close
2014-07-03,VIXCLS,10.32,CBOE VIX close
2014-07-04,VIXCLS,,CBOE VIX close
2014-07-07,VIXCLS,11.33,CBOE VIX close
2014-07-08,VIXCLS,11.98,CBOE VIX close
2014-07-09,VIXCLS,11.65,CBOE VIX close
2014-07-10,VIXCLS,12.59,CBOE VIX close
2014-07-11,VIXCLS,12.08,CBOE VIX close
2014-07-14,VIXCLS,11.82,CBOE VIX close
2014-07-15,VIXCLS,11.96,CBOE VIX close
2014-07-16,VIXCLS,11,CBOE VIX close
2014-07-17,VIXCLS,14.54,CBOE VIX close
2014-07-18,VIXCLS,12.06,CBOE VIX close
2014-07-21,VIXCLS,12.81,CBOE VIX close
2014-07-22,VIXCLS,12.24,CBOE VIX close
2014-07-23,VIXCLS,11.52,CBOE VIX close
2014-07-24,VIXCLS,11.84,CBOE VIX close
2014-07-25,VIXCLS,12.69,CBOE VIX close
2014-07-28,VIXCLS,12.56,CBOE VIX close
2014-07-29,VIXCLS,13.28,CBOE VIX close
2014-07-30,VIXCLS,13.33,CBOE VIX close
2014-07-31,VIXCLS,16.95,CBOE VIX close
2014-08-01,VIXCLS,17.03,CBOE VIX close
2014-08-04,VIXCLS,15.12,CBOE VIX close
2014-08-05,VIXCLS,16.87,CBOE VIX close
2014-08-06,VIXCLS,16.37,CBOE VIX close
2014-08-07,VIXCLS,16.66,CBOE VIX close
2014-08-08,VIXCLS,15.77,CBOE VIX close
2014-08-11,VIXCLS,14.23,CBOE VIX close
2014-08-12,VIXCLS,14.13,CBOE VIX close
2014-08-13,VIXCLS,12.9,CBOE VIX close
2014-08-14,VIXCLS,12.42,CBOE VIX close
2014-08-15,VIXCLS,13.15,CBOE VIX close
2014-08-18,VIXCLS,12.32,CBOE VIX close
2014-08-19,VIXCLS,12.21,CBOE VIX close
2014-08-20,VIXCLS,11.78,CBOE VIX close
2014-08-21,VIXCLS,11.76,CBOE VIX close
2014-08-22,VIXCLS,11.47,CBOE VIX close
2014-08-25,VIXCLS,11.7,CBOE VIX close
2014-08-26,VIXCLS,11.63,CBOE VIX close
2014-08-27,VIXCLS,11.78,CBOE VIX close
2014-08-28,VIXCLS,12.05,CBOE VIX close
2014-08-29,VIXCLS,11.98,CBOE VIX close
2014-09-01,VIXCLS,,CBOE VIX close
2014-09-02,VIXCLS,12.25,CBOE VIX close
2014-09-03,VIXCLS,12.36,CBOE VIX close
2014-09-04,VIXCLS,12.64,CBOE VIX close
2014-09-05,VIXCLS,12.09,CBOE VIX close
2014-09-08,VIXCLS,12.66,CBOE VIX close
2014-09-09,VIXCLS,13.5,CBOE VIX close
2014-09-10,VIXCLS,12.88,CBOE VIX close
2014-09-11,VIXCLS,12.8,CBOE VIX close
2014-09-12,VIXCLS,13.31,CBOE VIX close
2014-09-15,VIXCLS,14.12,CBOE VIX close
2014-09-16,VIXCLS,12.73,CBOE VIX close
2014-09-17,VIXCLS,12.65,CBOE VIX close
2014-09-18,VIXCLS,12.03,CBOE VIX close
2014-09-19,VIXCLS,12.11,CBOE VIX close
2014-09-22,VIXCLS,13.69,CBOE VIX close
2014-09-23,VIXCLS,14.93,CBOE VIX close
2014-09-24,VIXCLS,13.27,CBOE VIX close
2014-09-25,VIXCLS,15.64,CBOE VIX close
2014-09-26,VIXCLS,14.85,CBOE VIX close
2014-09-29,VIXCLS,15.98,CBOE VIX close
2014-09-30,VIXCLS,16.31,CBOE VIX close
2014-10-01,VIXCLS,16.71,CBOE VIX close
2014-10-02,VIXCLS,16.16,CBOE VIX close
2014-10-03,VIXCLS,14.55,CBOE VIX close
2014-10-06,VIXCLS,15.46,CBOE VIX close
2014-10-07,VIXCLS,17.2,CBOE VIX close
2014-10-08,VIXCLS,15.11,CBOE VIX close
2014-10-09,VIXCLS,18.76,CBOE VIX close
2014-10-10,VIXCLS,21.24,CBOE VIX close
2014-10-13,VIXCLS,24.64,CBOE VIX close
2014-10-14,VIXCLS,22.79,CBOE VIX close
2014-10-15,VIXCLS,26.25,CBOE VIX close
2014-10-16,VIXCLS,25.2,CBOE VIX close
2014-10-17,VIXCLS,21.99,CBOE VIX close
2014-10-20,VIXCLS,18.57,CBOE VIX close
2014-10-21,VIXCLS,16.08,CBOE VIX close
2014-10-22,VIXCLS,17.87,CBOE VIX close
2014-10-23,VIXCLS,16.53,CBOE VIX close
2014-10-24,VIXCLS,16.11,CBOE VIX close
2014-10-27,VIXCLS,16.04,CBOE VIX close
2014-10-28,VIXCLS,14.39,CBOE VIX close
2014-10-29,VIXCLS,15.15,CBOE VIX close
2014-10-30,VIXCLS,14.52,CBOE VIX close
2014-10-31,VIXCLS,14.03,CBOE VIX close
2014-11-03,VIXCLS,14.73,CBOE VIX close
2014-11-04,VIXCLS,14.89,CBOE VIX close
2014-11-05,VIXCLS,14.17,CBOE VIX close
2014-11-06,VIXCLS,13.67,CBOE VIX close
2014-11-07,VIXCLS,13.12,CBOE VIX close
2014-11-10,VIXCLS,12.67,CBOE VIX close
2014-11-11,VIXCLS,12.92,CBOE VIX close
2014-11-12,VIXCLS,13.02,CBOE VIX close
2014-11-13,VIXCLS,13.79,CBOE VIX close
2014-11-14,VIXCLS,13.31,CBOE VIX close
2014-11-17,VIXCLS,13.99,CBOE VIX close
2014-11-18,VIXCLS,13.86,CBOE VIX close
2014-11-19,VIXCLS,13.96,CBOE VIX close
2014-11-20,VIXCLS,13.58,CBOE VIX close
2014-11-21,VIXCLS,12.9,CBOE VIX close
2014-11-24,VIXCLS,12.62,CBOE VIX close
2014-11-25,VIXCLS,12.25,CBOE VIX close
2014-11-26,VIXCLS,12.07,CBOE VIX close
2014-11-27,VIXCLS,,CBOE VIX close
2014-11-28,VIXCLS,13.33,CBOE VIX close
2014-12-01,VIXCLS,14.29,CBOE VIX close
2014-12-02,VIXCLS,12.85,CBOE VIX close
2014-12-03,VIXCLS,12.47,CBOE VIX close
2014-12-04,VIXCLS,12.38,CBOE VIX close
2014-12-05,VIXCLS,11.82,CBOE VIX close
2014-12-08,VIXCLS,14.21,CBOE VIX close
2014-12-09,VIXCLS,14.89,CBOE VIX close
2014-12-10,VIXCLS,18.53,CBOE VIX close
2014-12-11,VIXCLS,20.08,CBOE VIX close
2014-12-12,VIXCLS,21.08,CBOE VIX close
2014-12-15,VIXCLS,20.42,CBOE VIX close
2014-12-16,VIXCLS,23.57,CBOE VIX close
2014-12-17,VIXCLS,19.44,CBOE VIX close
2014-12-18,VIXCLS,16.81,CBOE VIX close
2014-12-19,VIXCLS,16.49,CBOE VIX close
2014-12-22,VIXCLS,15.25,CBOE VIX close
2014-12-23,VIXCLS,14.8,CBOE VIX close
2014-12-24,VIXCLS,14.37,CBOE VIX close
2014-12-25,VIXCLS,,CBOE VIX close
2014-12-26,VIXCLS,14.5,CBOE VIX close
2014-12-29,VIXCLS,15.06,CBOE VIX close
2014-12-30,VIXCLS,15.92,CBOE VIX close
2014-12-31,VIXCLS,19.2,CBOE VIX close
2015-01-01,VIXCLS,,CBOE VIX close
2015-01-02,VIXCLS,17.79,CBOE VIX close
2015-01-05,VIXCLS,19.92,CBOE VIX close
2015-01-06,VIXCLS,21.12,CBOE VIX close
2015-01-07,VIXCLS,19.31,CBOE VIX close
2015-01-08,VIXCLS,17.01,CBOE VIX close
2015-01-09,VIXCLS,17.55,CBOE VIX close
2015-01-12,VIXCLS,19.6,CBOE VIX close
2015-01-13,VIXCLS,20.56,CBOE VIX close
2015-01-14,VIXCLS,21.48,CBOE VIX close
2015-01-15,VIXCLS,22.39,CBOE VIX close
2015-01-16,VIXCLS,20.95,CBOE VIX close
2015-01-19,VIXCLS,,CBOE VIX close
2015-01-20,VIXCLS,19.89,CBOE VIX close
2015-01-21,VIXCLS,18.85,CBOE VIX close
2015-01-22,VIXCLS,16.4,CBOE VIX close
2015-01-23,VIXCLS,16.66,CBOE VIX close
2015-01-26,VIXCLS,15.52,CBOE VIX close
2015-01-27,VIXCLS,17.22,CBOE VIX close
2015-01-28,VIXCLS,20.44,CBOE VIX close
2015-01-29,VIXCLS,18.76,CBOE VIX close
2015-01-30,VIXCLS,20.97,CBOE VIX close
2015-02-02,VIXCLS,19.43,CBOE VIX close
2015-02-03,VIXCLS,17.33,CBOE VIX close
2015-02-04,VIXCLS,18.33,CBOE VIX close
2015-02-05,VIXCLS,16.85,CBOE VIX close
2015-02-06,VIXCLS,17.29,CBOE VIX close
2015-02-09,VIXCLS,18.55,CBOE VIX close
2015-02-10,VIXCLS,17.23,CBOE VIX close
2015-02-11,VIXCLS,16.96,CBOE VIX close
2015-02-12,VIXCLS,15.34,CBOE VIX close
2015-02-13,VIXCLS,14.69,CBOE VIX close
2015-02-16,VIXCLS,,CBOE VIX close
2015-02-17,VIXCLS,15.8,CBOE VIX close
2015-02-18,VIXCLS,15.45,CBOE VIX close
2015-02-19,VIXCLS,15.29,CBOE VIX close
2015-02-20,VIXCLS,14.3,CBOE VIX close
2015-02-23,VIXCLS,14.56,CBOE VIX close
2015-02-24,VIXCLS,13.69,CBOE VIX close
2015-02-25,VIXCLS,13.84,CBOE VIX close
2015-02-26,VIXCLS,13.91,CBOE VIX close
2015-02-27,VIXCLS,13.34,CBOE VIX close
2015-03-02,VIXCLS,13.04,CBOE VIX close
2015-03-03,VIXCLS,13.86,CBOE VIX close
2015-03-04,VIXCLS,14.23,CBOE VIX close
2015-03-05,VIXCLS,14.04,CBOE VIX close
2015-03-06,VIXCLS,15.2,CBOE VIX close
2015-03-09,VIXCLS,15.06,CBOE VIX close
2015-03-10,VIXCLS,16.69,CBOE VIX close
2015-03-11,VIXCLS,16.87,CBOE VIX close
2015-03-12,VIXCLS,15.42,CBOE VIX close
2015-03-13,VIXCLS,16,CBOE VIX close
2015-03-16,VIXCLS,15.61,CBOE VIX close
2015-03-17,VIXCLS,15.66,CBOE VIX close
2015-03-18,VIXCLS,13.97,CBOE VIX close
2015-03-19,VIXCLS,14.07,CBOE VIX close
2015-03-20,VIXCLS,13.02,CBOE VIX close
2015-03-23,VIXCLS,13.41,CBOE VIX close
2015-03-24,VIXCLS,13.62,CBOE VIX close
2015-03-25,VIXCLS,15.44,CBOE VIX close
2015-03-26,VIXCLS,15.8,CBOE VIX close
2015-03-27,VIXCLS,15.07,CBOE VIX close
2015-03-30,VIXCLS,14.51,CBOE VIX close
2015-03-31,VIXCLS,15.29,CBOE VIX close
2015-04-01,VIXCLS,15.11,CBOE VIX close
2015-04-02,VIXCLS,14.67,CBOE VIX close
2015-04-03,VIXCLS,,CBOE VIX close
2015-04-06,VIXCLS,14.74,CBOE VIX close
2015-04-07,VIXCLS,14.78,CBOE VIX close
2015-04-08,VIXCLS,13.98,CBOE VIX close
2015-04-09,VIXCLS,13.09,CBOE VIX close
2015-04-10,VIXCLS,12.58,CBOE VIX close
2015-04-13,VIXCLS,13.94,CBOE VIX close
2015-04-14,VIXCLS,13.67,CBOE VIX close
2015-04-15,VIXCLS,12.84,CBOE VIX close
2015-04-16,VIXCLS,12.6,CBOE VIX close
2015-04-17,VIXCLS,13.89,CBOE VIX close
2015-04-20,VIXCLS,13.3,CBOE VIX close
2015-04-21,VIXCLS,13.25,CBOE VIX close
2015-04-22,VIXCLS,12.71,CBOE VIX close
2015-04-23,VIXCLS,12.48,CBOE VIX close
2015-04-24,VIXCLS,12.29,CBOE VIX close
2015-04-27,VIXCLS,13.12,CBOE VIX close
2015-04-28,VIXCLS,12.41,CBOE VIX close
2015-04-29,VIXCLS,13.39,CBOE VIX close
2015-04-30,VIXCLS,14.55,CBOE VIX close
2015-05-01,VIXCLS,12.7,CBOE VIX close
2015-05-04,VIXCLS,12.85,CBOE VIX close
2015-05-05,VIXCLS,14.31,CBOE VIX close
2015-05-06,VIXCLS,15.15,CBOE VIX close
2015-05-07,VIXCLS,15.13,CBOE VIX close
2015-05-08,VIXCLS,12.86,CBOE VIX close
2015-05-11,VIXCLS,13.85,CBOE VIX close
2015-05-12,VIXCLS,13.86,CBOE VIX close
2015-05-13,VIXCLS,13.76,CBOE VIX close
2015-05-14,VIXCLS,12.74,CBOE VIX close
2015-05-15,VIXCLS,12.38,CBOE VIX close
2015-05-18,VIXCLS,12.73,CBOE VIX close
2015-05-19,VIXCLS,12.85,CBOE VIX close
2015-05-20,VIXCLS,12.88,CBOE VIX close
2015-05-21,VIXCLS,12.11,CBOE VIX close
2015-05-22,VIXCLS,12.13,CBOE VIX close
2015-05-25,VIXCLS,,CBOE VIX close
2015-05-26,VIXCLS,14.06,CBOE VIX close
2015-05-27,VIXCLS,13.27,CBOE VIX close
2015-05-28,VIXCLS,13.31,CBOE VIX close
2015-05-29,VIXCLS,13.84,CBOE VIX close
2015-06-01,VIXCLS,13.97,CBOE VIX close
2015-06-02,VIXCLS,14.24,CBOE VIX close
2015-06-03,VIXCLS,13.66,CBOE VIX close
2015-06-04,VIXCLS,14.71,CBOE VIX close
2015-06-05,VIXCLS,14.21,CBOE VIX close
2015-06-08,VIXCLS,15.29,CBOE VIX close
2015-06-09,VIXCLS,14.47,CBOE VIX close
2015-06-10,VIXCLS,13.22,CBOE VIX close
2015-06-11,VIXCLS,12.85,CBOE VIX close
2015-06-12,VIXCLS,13.78,CBOE VIX close
2015-06-15,VIXCLS,15.39,CBOE VIX close
2015-06-16,VIXCLS,14.81,CBOE VIX close
2015-06-17,VIXCLS,14.5,CBOE VIX close
2015-06-18,VIXCLS,13.19,CBOE VIX close
2015-06-19,VIXCLS,13.96,CBOE VIX close
2015-06-22,VIXCLS,12.74,CBOE VIX close
2015-06-23,VIXCLS,12.11,CBOE VIX close
2015-06-24,VIXCLS,13.26,CBOE VIX close
2015-06-25,VIXCLS,14.01,CBOE VIX close
2015-06-26,VIXCLS,14.02,CBOE VIX close
2015-06-29,VIXCLS,18.85,CBOE VIX close
2015-06-30,VIXCLS,18.23,CBOE VIX close
2015-07-01,VIXCLS,16.09,CBOE VIX close
2015-07-02,VIXCLS,16.79,CBOE VIX close
2015-07-03,VIXCLS,,CBOE VIX close
2015-07-06,VIXCLS,17.01,CBOE VIX close
2015-07-07,VIXCLS,16.09,CBOE VIX close
2015-07-08,VIXCLS,19.66,CBOE VIX close
2015-07-09,VIXCLS,19.97,CBOE VIX close
2015-07-10,VIXCLS,16.83,CBOE VIX close
2015-07-13,VIXCLS,13.9,CBOE VIX close
2015-07-14,VIXCLS,13.37,CBOE VIX close
2015-07-15,VIXCLS,13.23,CBOE VIX close
2015-07-16,VIXCLS,12.11,CBOE VIX close
2015-07-17,VIXCLS,11.95,CBOE VIX close
2015-07-20,VIXCLS,12.25,CBOE VIX close
2015-07-21,VIXCLS,12.22,CBOE VIX close
2015-07-22,VIXCLS,12.12,CBOE VIX close
2015-07-23,VIXCLS,12.64,CBOE VIX close
2015-07-24,VIXCLS,13.74,CBOE VIX close
2015-07-27,VIXCLS,15.6,CBOE VIX close
2015-07-28,VIXCLS,13.44,CBOE VIX close
2015-07-29,VIXCLS,12.5,CBOE VIX close
2015-07-30,VIXCLS,12.13,CBOE VIX close
2015-07-31,VIXCLS,12.12,CBOE VIX close
2015-08-03,VIXCLS,12.56,CBOE VIX close
2015-08-04,VIXCLS,13,CBOE VIX close
2015-08-05,VIXCLS,12.51,CBOE VIX close
2015-08-06,VIXCLS,13.77,CBOE VIX close
2015-08-07,VIXCLS,13.39,CBOE VIX close
2015-08-10,VIXCLS,12.23,CBOE VIX close
2015-08-11,VIXCLS,13.71,CBOE VIX close
2015-08-12,VIXCLS,13.61,CBOE VIX close
2015-08-13,VIXCLS,13.49,CBOE VIX close
2015-08-14,VIXCLS,12.83,CBOE VIX close
2015-08-17,VIXCLS,13.02,CBOE VIX close
2015-08-18,VIXCLS,13.79,CBOE VIX close
2015-08-19,VIXCLS,15.25,CBOE VIX close
2015-08-20,VIXCLS,19.14,CBOE VIX close
2015-08-21,VIXCLS,28.03,CBOE VIX close
2015-08-24,VIXCLS,40.74,CBOE VIX close
2015-08-25,VIXCLS,36.02,CBOE VIX close
2015-08-26,VIXCLS,30.32,CBOE VIX close
2015-08-27,VIXCLS,26.1,CBOE VIX close
2015-08-28,VIXCLS,26.05,CBOE VIX close
2015-08-31,VIXCLS,28.43,CBOE VIX close
2015-09-01,VIXCLS,31.4,CBOE VIX close
2015-09-02,VIXCLS,26.09,CBOE VIX close
2015-09-03,VIXCLS,25.61,CBOE VIX close
2015-09-04,VIXCLS,27.8,CBOE VIX close
2015-09-07,VIXCLS,,CBOE VIX close
2015-09-08,VIXCLS,24.9,CBOE VIX close
2015-09-09,VIXCLS,26.23,CBOE VIX close
2015-09-10,VIXCLS,24.37,CBOE VIX close
2015-09-11,VIXCLS,23.2,CBOE VIX close
2015-09-14,VIXCLS,24.25,CBOE VIX close
2015-09-15,VIXCLS,22.54,CBOE VIX close
2015-09-16,VIXCLS,21.35,CBOE VIX close
2015-09-17,VIXCLS,21.14,CBOE VIX close
2015-09-18,VIXCLS,22.28,CBOE VIX close
2015-09-21,VIXCLS,20.14,CBOE VIX close
2015-09-22,VIXCLS,22.44,CBOE VIX close
2015-09-23,VIXCLS,22.13,CBOE VIX close
2015-09-24,VIXCLS,23.47,CBOE VIX close
2015-09-25,VIXCLS,23.62,CBOE VIX close
2015-09-28,VIXCLS,27.63,CBOE VIX close
2015-09-29,VIXCLS,26.83,CBOE VIX close
2015-09-30,VIXCLS,24.5,CBOE VIX close
2015-10-01,VIXCLS,22.55,CBOE VIX close
2015-10-02,VIXCLS,20.94,CBOE VIX close
2015-10-05,VIXCLS,19.54,CBOE VIX close
2015-10-06,VIXCLS,19.4,CBOE VIX close
2015-10-07,VIXCLS,18.4,CBOE VIX close
2015-10-08,VIXCLS,17.42,CBOE VIX close
2015-10-09,VIXCLS,17.08,CBOE VIX close
2015-10-12,VIXCLS,16.17,CBOE VIX close
2015-10-13,VIXCLS,17.67,CBOE VIX close
2015-10-14,VIXCLS,18.03,CBOE VIX close
2015-10-15,VIXCLS,16.05,CBOE VIX close
2015-10-16,VIXCLS,15.05,CBOE VIX close
2015-10-19,VIXCLS,14.98,CBOE VIX close
2015-10-20,VIXCLS,15.75,CBOE VIX close
2015-10-21,VIXCLS,16.7,CBOE VIX close
2015-10-22,VIXCLS,14.45,CBOE VIX close
2015-10-23,VIXCLS,14.46,CBOE VIX close
2015-10-26,VIXCLS,15.29,CBOE VIX close
2015-10-27,VIXCLS,15.43,CBOE VIX close
2015-10-28,VIXCLS,14.33,CBOE VIX close
2015-10-29,VIXCLS,14.61,CBOE VIX close
2015-10-30,VIXCLS,15.07,CBOE VIX close
2015-11-02,VIXCLS,14.15,CBOE VIX close
2015-11-03,VIXCLS,14.54,CBOE VIX close
2015-11-04,VIXCLS,15.51,CBOE VIX close
2015-11-05,VIXCLS,15.05,CBOE VIX close
2015-11-06,VIXCLS,14.33,CBOE VIX close
2015-11-09,VIXCLS,16.52,CBOE VIX close
2015-11-10,VIXCLS,15.29,CBOE VIX close
2015-11-11,VIXCLS,16.06,CBOE VIX close
2015-11-12,VIXCLS,18.37,CBOE VIX close
2015-11-13,VIXCLS,20.08,CBOE VIX close
2015-11-16,VIXCLS,18.16,CBOE VIX close
2015-11-17,VIXCLS,18.84,CBOE VIX close
2015-11-18,VIXCLS,16.85,CBOE VIX close
2015-11-19,VIXCLS,16.99,CBOE VIX close
2015-11-20,VIXCLS,15.47,CBOE VIX close
2015-11-23,VIXCLS,15.62,CBOE VIX close
2015-11-24,VIXCLS,15.93,CBOE VIX close
2015-11-25,VIXCLS,15.19,CBOE VIX close
2015-11-26,VIXCLS,,CBOE VIX close
2015-11-27,VIXCLS,15.12,CBOE VIX close
2015-11-30,VIXCLS,16.13,CBOE VIX close
2015-12-01,VIXCLS,14.67,CBOE VIX close
2015-12-02,VIXCLS,15.91,CBOE VIX close
2015-12-03,VIXCLS,18.11,CBOE VIX close
2015-12-04,VIXCLS,14.81,CBOE VIX close
2015-12-07,VIXCLS,15.84,CBOE VIX close
2015-12-08,VIXCLS,17.6,CBOE VIX close
2015-12-09,VIXCLS,19.61,CBOE VIX close
2015-12-10,VIXCLS,19.34,CBOE VIX close
2015-12-11,VIXCLS,24.39,CBOE VIX close
2015-12-14,VIXCLS,22.73,CBOE VIX close
2015-12-15,VIXCLS,20.95,CBOE VIX close
2015-12-16,VIXCLS,17.86,CBOE VIX close
2015-12-17,VIXCLS,18.94,CBOE VIX close
2015-12-18,VIXCLS,20.7,CBOE VIX close
2015-12-21,VIXCLS,18.7,CBOE VIX close
2015-12-22,VIXCLS,16.6,CBOE VIX close
2015-12-23,VIXCLS,15.57,CBOE VIX close
2015-12-24,VIXCLS,15.74,CBOE VIX close
2015-12-25,VIXCLS,,CBOE VIX close
2015-12-28,VIXCLS,16.91,CBOE VIX close
2015-12-29,VIXCLS,16.08,CBOE VIX close
2015-12-30,VIXCLS,17.29,CBOE VIX close
2015-12-31,VIXCLS,18.21,CBOE VIX close
2016-01-01,VIXCLS,,CBOE VIX close
2016-01-04,VIXCLS,20.7,CBOE VIX close
2016-01-05,VIXCLS,19.34,CBOE VIX close
2016-01-06,VIXCLS,20.59,CBOE VIX close
2016-01-07,VIXCLS,24.99,CBOE VIX close
2016-01-08,VIXCLS,27.01,CBOE VIX close
2016-01-11,VIXCLS,24.3,CBOE VIX close
2016-01-12,VIXCLS,22.47,CBOE VIX close
2016-01-13,VIXCLS,25.22,CBOE VIX close
2016-01-14,VIXCLS,23.95,CBOE VIX close
2016-01-15,VIXCLS,27.02,CBOE VIX close
2016-01-18,VIXCLS,,CBOE VIX close
2016-01-19,VIXCLS,26.05,CBOE VIX close
2016-01-20,VIXCLS,27.59,CBOE VIX close
2016-01-21,VIXCLS,26.69,CBOE VIX close
2016-01-22,VIXCLS,22.34,CBOE VIX close
2016-01-25,VIXCLS,24.15,CBOE VIX close
2016-01-26,VIXCLS,22.5,CBOE VIX close
2016-01-27,VIXCLS,23.11,CBOE VIX close
2016-01-28,VIXCLS,22.42,CBOE VIX close
2016-01-29,VIXCLS,20.2,CBOE VIX close
2016-02-01,VIXCLS,19.98,CBOE VIX close
2016-02-02,VIXCLS,21.98,CBOE VIX close
2016-02-03,VIXCLS,21.65,CBOE VIX close
2016-02-04,VIXCLS,21.84,CBOE VIX close
2016-02-05,VIXCLS,23.38,CBOE VIX close
2016-02-08,VIXCLS,26,CBOE VIX close
2016-02-09,VIXCLS,26.54,CBOE VIX close
2016-02-10,VIXCLS,26.29,CBOE VIX close
2016-02-11,VIXCLS,28.14,CBOE VIX close
2016-02-12,VIXCLS,25.4,CBOE VIX close
2016-02-15,VIXCLS,,CBOE VIX close
2016-02-16,VIXCLS,24.11,CBOE VIX close
2016-02-17,VIXCLS,22.31,CBOE VIX close
2016-02-18,VIXCLS,21.64,CBOE VIX close
2016-02-19,VIXCLS,20.53,CBOE VIX close
2016-02-22,VIXCLS,19.38,CBOE VIX close
2016-02-23,VIXCLS,20.98,CBOE VIX close
2016-02-24,VIXCLS,20.72,CBOE VIX close
2016-02-25,VIXCLS,19.11,CBOE VIX close
2016-02-26,VIXCLS,19.81,CBOE VIX close
2016-02-29,VIXCLS,20.55,CBOE VIX close
2016-03-01,VIXCLS,17.7,CBOE VIX close
2016-03-02,VIXCLS,17.09,CBOE VIX close
2016-03-03,VIXCLS,16.7,CBOE VIX close
2016-03-04,VIXCLS,16.86,CBOE VIX close
2016-03-07,VIXCLS,17.35,CBOE VIX close
2016-03-08,VIXCLS,18.67,CBOE VIX close
2016-03-09,VIXCLS,18.34,CBOE VIX close
2016-03-10,VIXCLS,18.05,CBOE VIX close
2016-03-11,VIXCLS,16.5,CBOE VIX close
2016-03-14,VIXCLS,16.92,CBOE VIX close
2016-03-15,VIXCLS,16.84,CBOE VIX close
2016-03-16,VIXCLS,14.99,CBOE VIX close
2016-03-17,VIXCLS,14.44,CBOE VIX close
2016-03-18,VIXCLS,14.02,CBOE VIX close
2016-03-21,VIXCLS,13.79,CBOE VIX close
2016-03-22,VIXCLS,14.17,CBOE VIX close
2016-03-23,VIXCLS,14.94,CBOE VIX close
2016-03-24,VIXCLS,14.74,CBOE VIX close
2016-03-25,VIXCLS,,CBOE VIX close
2016-03-28,VIXCLS,15.24,CBOE VIX close
2016-03-29,VIXCLS,13.82,CBOE VIX close
2016-03-30,VIXCLS,13.56,CBOE VIX close
2016-03-31,VIXCLS,13.95,CBOE VIX close
2016-04-01,VIXCLS,13.1,CBOE VIX close
2016-04-04,VIXCLS,14.12,CBOE VIX close
2016-04-05,VIXCLS,15.42,CBOE VIX close
2016-04-06,VIXCLS,14.09,CBOE VIX close
2016-04-07,VIXCLS,16.16,CBOE VIX close
2016-04-08,VIXCLS,15.36,CBOE VIX close
2016-04-11,VIXCLS,16.26,CBOE VIX close
2016-04-12,VIXCLS,14.85,CBOE VIX close
2016-04-13,VIXCLS,13.84,CBOE VIX close
2016-04-14,VIXCLS,13.72,CBOE VIX close
2016-04-15,VIXCLS,13.62,CBOE VIX close
2016-04-18,VIXCLS,13.35,CBOE VIX close
2016-04-19,VIXCLS,13.24,CBOE VIX close
2016-04-20,VIXCLS,13.28,CBOE VIX close
2016-04-21,VIXCLS,13.95,CBOE VIX close
2016-04-22,VIXCLS,13.22,CBOE VIX close
2016-04-25,VIXCLS,14.08,CBOE VIX close
2016-04-26,VIXCLS,13.96,CBOE VIX close
2016-04-27,VIXCLS,13.77,CBOE VIX close
2016-04-28,VIXCLS,15.22,CBOE VIX close
2016-04-29,VIXCLS,15.7,CBOE VIX close
2016-05-02,VIXCLS,14.68,CBOE VIX close
2016-05-03,VIXCLS,15.6,CBOE VIX close
2016-05-04,VIXCLS,16.05,CBOE VIX close
2016-05-05,VIXCLS,15.91,CBOE VIX close
2016-05-06,VIXCLS,14.72,CBOE VIX close
2016-05-09,VIXCLS,14.57,CBOE VIX close
2016-05-10,VIXCLS,13.63,CBOE VIX close
2016-05-11,VIXCLS,14.69,CBOE VIX close
2016-05-12,VIXCLS,14.41,CBOE VIX close
2016-05-13,VIXCLS,15.04,CBOE VIX close
2016-05-16,VIXCLS,14.68,CBOE VIX close
2016-05-17,VIXCLS,15.57,CBOE VIX close
2016-05-18,VIXCLS,15.95,CBOE VIX close
2016-05-19,VIXCLS,16.33,CBOE VIX close
2016-05-20,VIXCLS,15.2,CBOE VIX close
2016-05-23,VIXCLS,15.82,CBOE VIX close
2016-05-24,VIXCLS,14.42,CBOE VIX close
2016-05-25,VIXCLS,13.9,CBOE VIX close
2016-05-26,VIXCLS,13.43,CBOE VIX close
2016-05-27,VIXCLS,13.12,CBOE VIX close
2016-05-30,VIXCLS,,CBOE VIX close
2016-05-31,VIXCLS,14.19,CBOE VIX close
2016-06-01,VIXCLS,14.2,CBOE VIX close
2016-06-02,VIXCLS,13.63,CBOE VIX close
2016-06-03,VIXCLS,13.47,CBOE VIX close
2016-06-06,VIXCLS,13.65,CBOE VIX close
2016-06-07,VIXCLS,14.05,CBOE VIX close
2016-06-08,VIXCLS,14.08,CBOE VIX close
2016-06-09,VIXCLS,14.64,CBOE VIX close
2016-06-10,VIXCLS,17.03,CBOE VIX close
2016-06-13,VIXCLS,20.97,CBOE VIX close
2016-06-14,VIXCLS,20.5,CBOE VIX close
2016-06-15,VIXCLS,20.14,CBOE VIX close
2016-06-16,VIXCLS,19.37,CBOE VIX close
2016-06-17,VIXCLS,19.41,CBOE VIX close
2016-06-20,VIXCLS,18.37,CBOE VIX close
2016-06-21,VIXCLS,18.48,CBOE VIX close
2016-06-22,VIXCLS,21.17,CBOE VIX close
2016-06-23,VIXCLS,17.25,CBOE VIX close
2016-06-24,VIXCLS,25.76,CBOE VIX close
2016-06-27,VIXCLS,23.85,CBOE VIX close
2016-06-28,VIXCLS,18.75,CBOE VIX close
2016-06-29,VIXCLS,16.64,CBOE VIX close
2016-06-30,VIXCLS,15.63,CBOE VIX close
2016-07-01,VIXCLS,14.77,CBOE VIX close
2016-07-04,VIXCLS,,CBOE VIX close
2016-07-05,VIXCLS,15.58,CBOE VIX close
2016-07-06,VIXCLS,14.96,CBOE VIX close
2016-07-07,VIXCLS,14.76,CBOE VIX close
2016-07-08,VIXCLS,13.2,CBOE VIX close
2016-07-11,VIXCLS,13.54,CBOE VIX close
2016-07-12,VIXCLS,13.55,CBOE VIX close
2016-07-13,VIXCLS,13.04,CBOE VIX close
2016-07-14,VIXCLS,12.82,CBOE VIX close
2016-07-15,VIXCLS,12.67,CBOE VIX close
2016-07-18,VIXCLS,12.44,CBOE VIX close
2016-07-19,VIXCLS,11.97,CBOE VIX close
2016-07-20,VIXCLS,11.77,CBOE VIX close
2016-07-21,VIXCLS,12.74,CBOE VIX close
2016-07-22,VIXCLS,12.02,CBOE VIX close
2016-07-25,VIXCLS,12.87,CBOE VIX close
2016-07-26,VIXCLS,13.05,CBOE VIX close
2016-07-27,VIXCLS,12.83,CBOE VIX close
2016-07-28,VIXCLS,12.72,CBOE VIX close
2016-07-29,VIXCLS,11.87,CBOE VIX close
2016-08-01,VIXCLS,12.44,CBOE VIX close
2016-08-02,VIXCLS,13.37,CBOE VIX close
2016-08-03,VIXCLS,12.86,CBOE VIX close
2016-08-04,VIXCLS,12.42,CBOE VIX close
2016-08-05,VIXCLS,11.39,CBOE VIX close
2016-08-08,VIXCLS,11.5,CBOE VIX close
2016-08-09,VIXCLS,11.66,CBOE VIX close
2016-08-10,VIXCLS,12.05,CBOE VIX close
2016-08-11,VIXCLS,11.68,CBOE VIX close
2016-08-12,VIXCLS,11.55,CBOE VIX close
2016-08-15,VIXCLS,11.81,CBOE VIX close
2016-08-16,VIXCLS,12.64,CBOE VIX close
2016-08-17,VIXCLS,12.19,CBOE VIX close
2016-08-18,VIXCLS,11.43,CBOE VIX close
2016-08-19,VIXCLS,11.34,CBOE VIX close
2016-08-22,VIXCLS,12.27,CBOE VIX close
2016-08-23,VIXCLS,12.38,CBOE VIX close
2016-08-24,VIXCLS,13.45,CBOE VIX close
2016-08-25,VIXCLS,13.63,CBOE VIX close
2016-08-26,VIXCLS,13.65,CBOE VIX close
2016-08-29,VIXCLS,12.94,CBOE VIX close
2016-08-30,VIXCLS,13.12,CBOE VIX close
2016-08-31,VIXCLS,13.42,CBOE VIX close
2016-09-01,VIXCLS,13.48,CBOE VIX close
2016-09-02,VIXCLS,11.98,CBOE VIX close
2016-09-05,VIXCLS,,CBOE VIX close
2016-09-06,VIXCLS,12.02,CBOE VIX close
2016-09-07,VIXCLS,11.94,CBOE VIX close
2016-09-08,VIXCLS,12.51,CBOE VIX close
2016-09-09,VIXCLS,17.5,CBOE VIX close
2016-09-12,VIXCLS,15.16,CBOE VIX close
2016-09-13,VIXCLS,17.85,CBOE VIX close
2016-09-14,VIXCLS,18.14,CBOE VIX close
2016-09-15,VIXCLS,16.3,CBOE VIX close
2016-09-16,VIXCLS,15.37,CBOE VIX close
2016-09-19,VIXCLS,15.53,CBOE VIX close
2016-09-20,VIXCLS,15.92,CBOE VIX close
2016-09-21,VIXCLS,13.3,CBOE VIX close
2016-09-22,VIXCLS,12.02,CBOE VIX close
2016-09-23,VIXCLS,12.29,CBOE VIX close
2016-09-26,VIXCLS,14.5,CBOE VIX close
2016-09-27,VIXCLS,13.1,CBOE VIX close
2016-09-28,VIXCLS,12.39,CBOE VIX close
2016-09-29,VIXCLS,14.02,CBOE VIX close
2016-09-30,VIXCLS,13.29,CBOE VIX close
2016-10-03,VIXCLS,13.57,CBOE VIX close
2016-10-04,VIXCLS,13.63,CBOE VIX close
2016-10-05,VIXCLS,12.99,CBOE VIX close
2016-10-06,VIXCLS,12.84,CBOE VIX close
2016-10-07,VIXCLS,13.48,CBOE VIX close
2016-10-10,VIXCLS,13.38,CBOE VIX close
2016-10-11,VIXCLS,15.36,CBOE VIX close
2016-10-12,VIXCLS,15.91,CBOE VIX close
2016-10-13,VIXCLS,16.69,CBOE VIX close
2016-10-14,VIXCLS,16.12,CBOE VIX close
2016-10-17,VIXCLS,16.21,CBOE VIX close
2016-10-18,VIXCLS,15.28,CBOE VIX close
2016-10-19,VIXCLS,14.41,CBOE VIX close
2016-10-20,VIXCLS,13.75,CBOE VIX close
2016-10-21,VIXCLS,13.34,CBOE VIX close
2016-10-24,VIXCLS,13.02,CBOE VIX close
2016-10-25,VIXCLS,13.46,CBOE VIX close
2016-10-26,VIXCLS,14.24,CBOE VIX close
2016-10-27,VIXCLS,15.36,CBOE VIX close
2016-10-28,VIXCLS,16.19,CBOE VIX close
2016-10-31,VIXCLS,17.06,CBOE VIX close
2016-11-01,VIXCLS,18.56,CBOE VIX close
2016-11-02,VIXCLS,19.32,CBOE VIX close
2016-11-03,VIXCLS,22.08,CBOE VIX close
2016-11-04,VIXCLS,22.51,CBOE VIX close
2016-11-07,VIXCLS,18.71,CBOE VIX close
2016-11-08,VIXCLS,18.74,CBOE VIX close
2016-11-09,VIXCLS,14.38,CBOE VIX close
2016-11-10,VIXCLS,14.74,CBOE VIX close
2016-11-11,VIXCLS,14.17,CBOE VIX close
2016-11-14,VIXCLS,14.48,CBOE VIX close
2016-11-15,VIXCLS,13.37,CBOE VIX close
2016-11-16,VIXCLS,13.72,CBOE VIX close
2016-11-17,VIXCLS,13.35,CBOE VIX close
2016-11-18,VIXCLS,12.85,CBOE VIX close
2016-11-21,VIXCLS,12.42,CBOE VIX close
2016-11-22,VIXCLS,12.41,CBOE VIX close
2016-11-23,VIXCLS,12.43,CBOE VIX close
2016-11-24,VIXCLS,,CBOE VIX close
2016-11-25,VIXCLS,12.34,CBOE VIX close
2016-11-28,VIXCLS,13.15,CBOE VIX close
2016-11-29,VIXCLS,12.9,CBOE VIX close
2016-11-30,VIXCLS,13.33,CBOE VIX close
2016-12-01,VIXCLS,14.07,CBOE VIX close
2016-12-02,VIXCLS,14.12,CBOE VIX close
2016-12-05,VIXCLS,12.14,CBOE VIX close
2016-12-06,VIXCLS,11.79,CBOE VIX close
2016-12-07,VIXCLS,12.22,CBOE VIX close
2016-12-08,VIXCLS,12.64,CBOE VIX close
2016-12-09,VIXCLS,11.75,CBOE VIX close
2016-12-12,VIXCLS,12.64,CBOE VIX close
2016-12-13,VIXCLS,12.72,CBOE VIX close
2016-12-14,VIXCLS,13.19,CBOE VIX close
2016-12-15,VIXCLS,12.79,CBOE VIX close
2016-12-16,VIXCLS,12.2,CBOE VIX close
2016-12-19,VIXCLS,11.71,CBOE VIX close
2016-12-20,VIXCLS,11.45,CBOE VIX close
2016-12-21,VIXCLS,11.27,CBOE VIX close
2016-12-22,VIXCLS,11.43,CBOE VIX close
2016-12-23,VIXCLS,11.44,CBOE VIX close
2016-12-26,VIXCLS,,CBOE VIX close
2016-12-27,VIXCLS,11.99,CBOE VIX close
2016-12-28,VIXCLS,12.95,CBOE VIX close
2016-12-29,VIXCLS,13.37,CBOE VIX close
2016-12-30,VIXCLS,14.04,CBOE VIX close
2017-01-02,VIXCLS,,CBOE VIX close
2017-01-03,VIXCLS,12.85,CBOE VIX close
2017-01-04,VIXCLS,11.85,CBOE VIX close
2017-01-05,VIXCLS,11.67,CBOE VIX close
2017-01-06,VIXCLS,11.32,CBOE VIX close
2017-01-09,VIXCLS,11.56,CBOE VIX close
2017-01-10,VIXCLS,11.49,CBOE VIX close
2017-01-11,VIXCLS,11.26,CBOE VIX close
2017-01-12,VIXCLS,11.54,CBOE VIX close
2017-01-13,VIXCLS,11.23,CBOE VIX close
2017-01-16,VIXCLS,,CBOE VIX close
2017-01-17,VIXCLS,11.87,CBOE VIX close
2017-01-18,VIXCLS,12.48,CBOE VIX close
2017-01-19,VIXCLS,12.78,CBOE VIX close
2017-01-20,VIXCLS,11.54,CBOE VIX close
2017-01-23,VIXCLS,11.77,CBOE VIX close
2017-01-24,VIXCLS,11.07,CBOE VIX close
2017-01-25,VIXCLS,10.81,CBOE VIX close
2017-01-26,VIXCLS,10.63,CBOE VIX close
2017-01-27,VIXCLS,10.58,CBOE VIX close
2017-01-30,VIXCLS,11.88,CBOE VIX close
2017-01-31,VIXCLS,11.99,CBOE VIX close
2017-02-01,VIXCLS,11.81,CBOE VIX close
2017-02-02,VIXCLS,11.93,CBOE VIX close
2017-02-03,VIXCLS,10.97,CBOE VIX close
2017-02-06,VIXCLS,11.37,CBOE VIX close
2017-02-07,VIXCLS,11.29,CBOE VIX close
2017-02-08,VIXCLS,11.45,CBOE VIX close
2017-02-09,VIXCLS,10.88,CBOE VIX close
2017-02-10,VIXCLS,10.85,CBOE VIX close
2017-02-13,VIXCLS,11.07,CBOE VIX close
2017-02-14,VIXCLS,10.74,CBOE VIX close
2017-02-15,VIXCLS,11.97,CBOE VIX close
2017-02-16,VIXCLS,11.76,CBOE VIX close
2017-02-17,VIXCLS,11.49,CBOE VIX close
2017-02-20,VIXCLS,,CBOE VIX close
2017-02-21,VIXCLS,11.57,CBOE VIX close
2017-02-22,VIXCLS,11.74,CBOE VIX close
2017-02-23,VIXCLS,11.71,CBOE VIX close
2017-02-24,VIXCLS,11.47,CBOE VIX close
2017-02-27,VIXCLS,12.09,CBOE VIX close
2017-02-28,VIXCLS,12.92,CBOE VIX close
2017-03-01,VIXCLS,12.54,CBOE VIX close
2017-03-02,VIXCLS,11.81,CBOE VIX close
2017-03-03,VIXCLS,10.96,CBOE VIX close
2017-03-06,VIXCLS,11.24,CBOE VIX close
2017-03-07,VIXCLS,11.45,CBOE VIX close
2017-03-08,VIXCLS,11.86,CBOE VIX close
2017-03-09,VIXCLS,12.3,CBOE VIX close
2017-03-10,VIXCLS,11.66,CBOE VIX close
2017-03-13,VIXCLS,11.35,CBOE VIX close
2017-03-14,VIXCLS,12.3,CBOE VIX close
2017-03-15,VIXCLS,11.63,CBOE VIX close
2017-03-16,VIXCLS,11.21,CBOE VIX close
2017-03-17,VIXCLS,11.28,CBOE VIX close
2017-03-20,VIXCLS,11.34,CBOE VIX close
2017-03-21,VIXCLS,12.47,CBOE VIX close
2017-03-22,VIXCLS,12.81,CBOE VIX close
2017-03-23,VIXCLS,13.12,CBOE VIX close
2017-03-24,VIXCLS,12.96,CBOE VIX close
2017-03-27,VIXCLS,12.5,CBOE VIX close
2017-03-28,VIXCLS,11.53,CBOE VIX close
2017-03-29,VIXCLS,11.42,CBOE VIX close
2017-03-30,VIXCLS,11.54,CBOE VIX close
2017-03-31,VIXCLS,12.37,CBOE VIX close
2017-04-03,VIXCLS,12.38,CBOE VIX close
2017-04-04,VIXCLS,11.79,CBOE VIX close
2017-04-05,VIXCLS,12.89,CBOE VIX close
2017-04-06,VIXCLS,12.39,CBOE VIX close
2017-04-07,VIXCLS,12.87,CBOE VIX close
2017-04-10,VIXCLS,14.05,CBOE VIX close
2017-04-11,VIXCLS,15.07,CBOE VIX close
2017-04-12,VIXCLS,15.77,CBOE VIX close
2017-04-13,VIXCLS,15.96,CBOE VIX close
2017-04-14,VIXCLS,,CBOE VIX close
2017-04-17,VIXCLS,14.66,CBOE VIX close
2017-04-18,VIXCLS,14.42,CBOE VIX close
2017-04-19,VIXCLS,14.93,CBOE VIX close
2017-04-20,VIXCLS,14.15,CBOE VIX close
2017-04-21,VIXCLS,14.63,CBOE VIX close
2017-04-24,VIXCLS,10.84,CBOE VIX close
2017-04-25,VIXCLS,10.76,CBOE VIX close
2017-04-26,VIXCLS,10.85,CBOE VIX close
2017-04-27,VIXCLS,10.36,CBOE VIX close
2017-04-28,VIXCLS,10.82,CBOE VIX close
2017-05-01,VIXCLS,10.11,CBOE VIX close
2017-05-02,VIXCLS,10.59,CBOE VIX close
2017-05-03,VIXCLS,10.68,CBOE VIX close
2017-05-04,VIXCLS,10.46,CBOE VIX close
2017-05-05,VIXCLS,10.57,CBOE VIX close
2017-05-08,VIXCLS,9.77,CBOE VIX close
2017-05-09,VIXCLS,9.96,CBOE VIX close
2017-05-10,VIXCLS,10.21,CBOE VIX close
2017-05-11,VIXCLS,10.6,CBOE VIX close
2017-05-12,VIXCLS,10.4,CBOE VIX close
2017-05-15,VIXCLS,10.42,CBOE VIX close
2017-05-16,VIXCLS,10.65,CBOE VIX close
2017-05-17,VIXCLS,15.59,CBOE VIX close
2017-05-18,VIXCLS,14.66,CBOE VIX close
2017-05-19,VIXCLS,12.04,CBOE VIX close
2017-05-22,VIXCLS,10.93,CBOE VIX close
2017-05-23,VIXCLS,10.72,CBOE VIX close
2017-05-24,VIXCLS,10.02,CBOE VIX close
2017-05-25,VIXCLS,9.99,CBOE VIX close
2017-05-26,VIXCLS,9.81,CBOE VIX close
2017-05-29,VIXCLS,,CBOE VIX close
2017-05-30,VIXCLS,10.38,CBOE VIX close
2017-05-31,VIXCLS,10.41,CBOE VIX close
2017-06-01,VIXCLS,9.89,CBOE VIX close
2017-06-02,VIXCLS,9.75,CBOE VIX close
2017-06-05,VIXCLS,10.07,CBOE VIX close
2017-06-06,VIXCLS,10.45,CBOE VIX close
2017-06-07,VIXCLS,10.39,CBOE VIX close
2017-06-08,VIXCLS,10.16,CBOE VIX close
2017-06-09,VIXCLS,10.7,CBOE VIX close
2017-06-12,VIXCLS,11.46,CBOE VIX close
2017-06-13,VIXCLS,10.42,CBOE VIX close
2017-06-14,VIXCLS,10.64,CBOE VIX close
2017-06-15,VIXCLS,10.9,CBOE VIX close
2017-06-16,VIXCLS,10.38,CBOE VIX close
2017-06-19,VIXCLS,10.37,CBOE VIX close
2017-06-20,VIXCLS,10.86,CBOE VIX close
2017-06-21,VIXCLS,10.75,CBOE VIX close
2017-06-22,VIXCLS,10.48,CBOE VIX close
2017-06-23,VIXCLS,10.02,CBOE VIX close
2017-06-26,VIXCLS,9.9,CBOE VIX close
2017-06-27,VIXCLS,11.06,CBOE VIX close
2017-06-28,VIXCLS,10.03,CBOE VIX close
2017-06-29,VIXCLS,11.44,CBOE VIX close
2017-06-30,VIXCLS,11.18,CBOE VIX close
2017-07-03,VIXCLS,11.22,CBOE VIX close
2017-07-04,VIXCLS,,CBOE VIX close
2017-07-05,VIXCLS,11.07,CBOE VIX close
2017-07-06,VIXCLS,12.54,CBOE VIX close
2017-07-07,VIXCLS,11.19,CBOE VIX close
2017-07-10,VIXCLS,11.11,CBOE VIX close
2017-07-11,VIXCLS,10.89,CBOE VIX close
2017-07-12,VIXCLS,10.3,CBOE VIX close
2017-07-13,VIXCLS,9.9,CBOE VIX close
2017-07-14,VIXCLS,9.51,CBOE VIX close
2017-07-17,VIXCLS,9.82,CBOE VIX close
2017-07-18,VIXCLS,9.89,CBOE VIX close
2017-07-19,VIXCLS,9.79,CBOE VIX close
2017-07-20,VIXCLS,9.58,CBOE VIX close
2017-07-21,VIXCLS,9.36,CBOE VIX close
2017-07-24,VIXCLS,9.43,CBOE VIX close
2017-07-25,VIXCLS,9.43,CBOE VIX close
2017-07-26,VIXCLS,9.6,CBOE VIX close
2017-07-27,VIXCLS,10.11,CBOE VIX close
2017-07-28,VIXCLS,10.29,CBOE VIX close
2017-07-31,VIXCLS,10.26,CBOE VIX close
2017-08-01,VIXCLS,10.09,CBOE VIX close
2017-08-02,VIXCLS,10.28,CBOE VIX close
2017-08-03,VIXCLS,10.44,CBOE VIX close
2017-08-04,VIXCLS,10.03,CBOE VIX close
2017-08-07,VIXCLS,9.93,CBOE VIX close
2017-08-08,VIXCLS,10.96,CBOE VIX close
2017-08-09,VIXCLS,11.11,CBOE VIX close
2017-08-10,VIXCLS,16.04,CBOE VIX close
2017-08-11,VIXCLS,15.51,CBOE VIX close
2017-08-14,VIXCLS,12.33,CBOE VIX close
2017-08-15,VIXCLS,12.04,CBOE VIX close
2017-08-16,VIXCLS,11.74,CBOE VIX close
2017-08-17,VIXCLS,15.55,CBOE VIX close
2017-08-18,VIXCLS,14.26,CBOE VIX close
2017-08-21,VIXCLS,13.19,CBOE VIX close
2017-08-22,VIXCLS,11.35,CBOE VIX close
2017-08-23,VIXCLS,12.25,CBOE VIX close
2017-08-24,VIXCLS,12.23,CBOE VIX close
2017-08-25,VIXCLS,11.28,CBOE VIX close
2017-08-28,VIXCLS,11.32,CBOE VIX close
2017-08-29,VIXCLS,11.7,CBOE VIX close
2017-08-30,VIXCLS,11.22,CBOE VIX close
2017-08-31,VIXCLS,10.59,CBOE VIX close
2017-09-01,VIXCLS,10.13,CBOE VIX close
2017-09-04,VIXCLS,,CBOE VIX close
2017-09-05,VIXCLS,12.23,CBOE VIX close
2017-09-06,VIXCLS,11.63,CBOE VIX close
2017-09-07,VIXCLS,11.55,CBOE VIX close
2017-09-08,VIXCLS,12.12,CBOE VIX close
2017-09-11,VIXCLS,10.73,CBOE VIX close
2017-09-12,VIXCLS,10.58,CBOE VIX close
2017-09-13,VIXCLS,10.5,CBOE VIX close
2017-09-14,VIXCLS,10.44,CBOE VIX close
2017-09-15,VIXCLS,10.17,CBOE VIX close
2017-09-18,VIXCLS,10.15,CBOE VIX close
2017-09-19,VIXCLS,10.18,CBOE VIX close
2017-09-20,VIXCLS,9.78,CBOE VIX close
2017-09-21,VIXCLS,9.67,CBOE VIX close
2017-09-22,VIXCLS,9.59,CBOE VIX close
2017-09-25,VIXCLS,10.21,CBOE VIX close
2017-09-26,VIXCLS,10.17,CBOE VIX close
2017-09-27,VIXCLS,9.87,CBOE VIX close
2017-09-28,VIXCLS,9.55,CBOE VIX close
2017-09-29,VIXCLS,9.51,CBOE VIX close
2017-10-02,VIXCLS,9.45,CBOE VIX close
2017-10-03,VIXCLS,9.51,CBOE VIX close
2017-10-04,VIXCLS,9.63,CBOE VIX close
2017-10-05,VIXCLS,9.19,CBOE VIX close
2017-10-06,VIXCLS,9.65,CBOE VIX close
2017-10-09,VIXCLS,10.33,CBOE VIX close
2017-10-10,VIXCLS,10.08,CBOE VIX close
2017-10-11,VIXCLS,9.85,CBOE VIX close
2017-10-12,VIXCLS,9.91,CBOE VIX close
2017-10-13,VIXCLS,9.61,CBOE VIX close
2017-10-16,VIXCLS,9.91,CBOE VIX close
2017-10-17,VIXCLS,10.31,CBOE VIX close
2017-10-18,VIXCLS,10.07,CBOE VIX close
2017-10-19,VIXCLS,10.05,CBOE VIX close
2017-10-20,VIXCLS,9.97,CBOE VIX close
2017-10-23,VIXCLS,11.07,CBOE VIX close
2017-10-24,VIXCLS,11.16,CBOE VIX close
2017-10-25,VIXCLS,11.23,CBOE VIX close
2017-10-26,VIXCLS,11.3,CBOE VIX close
2017-10-27,VIXCLS,9.8,CBOE VIX close
2017-10-30,VIXCLS,10.5,CBOE VIX close
2017-10-31,VIXCLS,10.18,CBOE VIX close
2017-11-01,VIXCLS,10.2,CBOE VIX close
2017-11-02,VIXCLS,9.93,CBOE VIX close
2017-11-03,VIXCLS,9.14,CBOE VIX close
2017-11-06,VIXCLS,9.4,CBOE VIX close
2017-11-07,VIXCLS,9.89,CBOE VIX close
2017-11-08,VIXCLS,9.78,CBOE VIX close
2017-11-09,VIXCLS,10.5,CBOE VIX close
2017-11-10,VIXCLS,11.29,CBOE VIX close
2017-11-13,VIXCLS,11.5,CBOE VIX close
2017-11-14,VIXCLS,11.59,CBOE VIX close
2017-11-15,VIXCLS,13.13,CBOE VIX close
2017-11-16,VIXCLS,11.76,CBOE VIX close
2017-11-17,VIXCLS,11.43,CBOE VIX close
2017-11-20,VIXCLS,10.65,CBOE VIX close
2017-11-21,VIXCLS,9.73,CBOE VIX close
2017-11-22,VIXCLS,9.88,CBOE VIX close
2017-11-23,VIXCLS,,CBOE VIX close
2017-11-24,VIXCLS,9.67,CBOE VIX close
2017-11-27,VIXCLS,9.87,CBOE VIX close
2017-11-28,VIXCLS,10.03,CBOE VIX close
2017-11-29,VIXCLS,10.7,CBOE VIX close
2017-11-30,VIXCLS,11.28,CBOE VIX close
2017-12-01,VIXCLS,11.43,CBOE VIX close
2017-12-04,VIXCLS,11.68,CBOE VIX close
2017-12-05,VIXCLS,11.33,CBOE VIX close
2017-12-06,VIXCLS,11.02,CBOE VIX close
2017-12-07,VIXCLS,10.16,CBOE VIX close
2017-12-08,VIXCLS,9.58,CBOE VIX close
2017-12-11,VIXCLS,9.34,CBOE VIX close
2017-12-12,VIXCLS,9.92,CBOE VIX close
2017-12-13,VIXCLS,10.18,CBOE VIX close
2017-12-14,VIXCLS,10.49,CBOE VIX close
2017-12-15,VIXCLS,9.42,CBOE VIX close
2017-12-18,VIXCLS,9.53,CBOE VIX close
2017-12-19,VIXCLS,10.03,CBOE VIX close
2017-12-20,VIXCLS,9.72,CBOE VIX close
2017-12-21,VIXCLS,9.62,CBOE VIX close
2017-12-22,VIXCLS,9.9,CBOE VIX close
2017-12-25,VIXCLS,,CBOE VIX close
2017-12-26,VIXCLS,10.25,CBOE VIX close
2017-12-27,VIXCLS,10.47,CBOE VIX close
2017-12-28,VIXCLS,10.18,CBOE VIX close
2017-12-29,VIXCLS,11.04,CBOE VIX close
2018-01-01,VIXCLS,,CBOE VIX close
2018-01-02,VIXCLS,9.77,CBOE VIX close
2018-01-03,VIXCLS,9.15,CBOE VIX close
2018-01-04,VIXCLS,9.22,CBOE VIX close
2018-01-05,VIXCLS,9.22,CBOE VIX close
2018-01-08,VIXCLS,9.52,CBOE VIX close
2018-01-09,VIXCLS,10.08,CBOE VIX close
2018-01-10,VIXCLS,9.82,CBOE VIX close
2018-01-11,VIXCLS,9.88,CBOE VIX close
2018-01-12,VIXCLS,10.16,CBOE VIX close
2018-01-15,VIXCLS,,CBOE VIX close
2018-01-16,VIXCLS,11.66,CBOE VIX close
2018-01-17,VIXCLS,11.91,CBOE VIX close
2018-01-18,VIXCLS,12.22,CBOE VIX close
2018-01-19,VIXCLS,11.27,CBOE VIX close
2018-01-22,VIXCLS,11.03,CBOE VIX close
2018-01-23,VIXCLS,11.1,CBOE VIX close
2018-01-24,VIXCLS,11.47,CBOE VIX close
2018-01-25,VIXCLS,11.58,CBOE VIX close
2018-01-26,VIXCLS,11.08,CBOE VIX close
2018-01-29,VIXCLS,13.84,CBOE VIX close
2018-01-30,VIXCLS,14.79,CBOE VIX close
2018-01-31,VIXCLS,13.54,CBOE VIX close
2018-02-01,VIXCLS,13.47,CBOE VIX close
2018-02-02,VIXCLS,17.31,CBOE VIX close
2018-02-05,VIXCLS,37.32,CBOE VIX close
2018-02-06,VIXCLS,29.98,CBOE VIX close
2018-02-07,VIXCLS,27.73,CBOE VIX close
2018-02-08,VIXCLS,33.46,CBOE VIX close
2018-02-09,VIXCLS,29.06,CBOE VIX close
2018-02-12,VIXCLS,25.61,CBOE VIX close
2018-02-13,VIXCLS,24.97,CBOE VIX close
2018-02-14,VIXCLS,19.26,CBOE VIX close
2018-02-15,VIXCLS,19.13,CBOE VIX close
2018-02-16,VIXCLS,19.46,CBOE VIX close
2018-02-19,VIXCLS,,CBOE VIX close
2018-02-20,VIXCLS,20.6,CBOE VIX close
2018-02-21,VIXCLS,20.02,CBOE VIX close
2018-02-22,VIXCLS,18.72,CBOE VIX close
2018-02-23,VIXCLS,16.49,CBOE VIX close
2018-02-26,VIXCLS,15.8,CBOE VIX close
2018-02-27,VIXCLS,18.59,CBOE VIX close
2018-02-28,VIXCLS,19.85,CBOE VIX close
2018-03-01,VIXCLS,22.47,CBOE VIX close
2018-03-02,VIXCLS,19.59,CBOE VIX close
2018-03-05,VIXCLS,18.73,CBOE VIX close
2018-03-06,VIXCLS,18.36,CBOE VIX close
2018-03-07,VIXCLS,17.76,CBOE VIX close
2018-03-08,VIXCLS,16.54,CBOE VIX close
2018-03-09,VIXCLS,14.64,CBOE VIX close
2018-03-12,VIXCLS,15.78,CBOE VIX close
2018-03-13,VIXCLS,16.35,CBOE VIX close
2018-03-14,VIXCLS,17.23,CBOE VIX close
2018-03-15,VIXCLS,16.59,CBOE VIX close
2018-03-16,VIXCLS,15.8,CBOE VIX close
2018-03-19,VIXCLS,19.02,CBOE VIX close
2018-03-20,VIXCLS,18.2,CBOE VIX close
2018-03-21,VIXCLS,17.86,CBOE VIX close
2018-03-22,VIXCLS,23.34,CBOE VIX close
2018-03-23,VIXCLS,24.87,CBOE VIX close
2018-03-26,VIXCLS,21.03,CBOE VIX close
2018-03-27,VIXCLS,22.5,CBOE VIX close
2018-03-28,VIXCLS,22.87,CBOE VIX close
2018-03-29,VIXCLS,19.97,CBOE VIX close
2018-03-30,VIXCLS,,CBOE VIX close
2018-04-02,VIXCLS,23.62,CBOE VIX close
2018-04-03,VIXCLS,21.1,CBOE VIX close
2018-04-04,VIXCLS,20.06,CBOE VIX close
2018-04-05,VIXCLS,18.94,CBOE VIX close
2018-04-06,VIXCLS,21.49,CBOE VIX close
2018-04-09,VIXCLS,21.77,CBOE VIX close
2018-04-10,VIXCLS,20.47,CBOE VIX close
2018-04-11,VIXCLS,20.24,CBOE VIX close
2018-04-12,VIXCLS,18.49,CBOE VIX close
2018-04-13,VIXCLS,17.41,CBOE VIX close
2018-04-16,VIXCLS,16.56,CBOE VIX close
2018-04-17,VIXCLS,15.25,CBOE VIX close
2018-04-18,VIXCLS,15.6,CBOE VIX close
2018-04-19,VIXCLS,15.96,CBOE VIX close
2018-04-20,VIXCLS,16.88,CBOE VIX close
2018-04-23,VIXCLS,16.34,CBOE VIX close
2018-04-24,VIXCLS,18.02,CBOE VIX close
2018-04-25,VIXCLS,17.84,CBOE VIX close
2018-04-26,VIXCLS,16.24,CBOE VIX close
2018-04-27,VIXCLS,15.41,CBOE VIX close
2018-04-30,VIXCLS,15.93,CBOE VIX close
2018-05-01,VIXCLS,15.49,CBOE VIX close
2018-05-02,VIXCLS,15.97,CBOE VIX close
2018-05-03,VIXCLS,15.9,CBOE VIX close
2018-05-04,VIXCLS,14.77,CBOE VIX close
2018-05-07,VIXCLS,14.75,CBOE VIX close
2018-05-08,VIXCLS,14.71,CBOE VIX close
2018-05-09,VIXCLS,13.42,CBOE VIX close
2018-05-10,VIXCLS,13.23,CBOE VIX close
2018-05-11,VIXCLS,12.65,CBOE VIX close
2018-05-14,VIXCLS,12.93,CBOE VIX close
2018-05-15,VIXCLS,14.63,CBOE VIX close
2018-05-16,VIXCLS,13.42,CBOE VIX close
2018-05-17,VIXCLS,13.43,CBOE VIX close
2018-05-18,VIXCLS,13.42,CBOE VIX close
2018-05-21,VIXCLS,13.08,CBOE VIX close
2018-05-22,VIXCLS,13.22,CBOE VIX close
2018-05-23,VIXCLS,12.58,CBOE VIX close
2018-05-24,VIXCLS,12.53,CBOE VIX close
2018-05-25,VIXCLS,13.22,CBOE VIX close
2018-05-28,VIXCLS,,CBOE VIX close
2018-05-29,VIXCLS,17.02,CBOE VIX close
2018-05-30,VIXCLS,14.94,CBOE VIX close
2018-05-31,VIXCLS,15.43,CBOE VIX close
2018-06-01,VIXCLS,13.46,CBOE VIX close
2018-06-04,VIXCLS,12.74,CBOE VIX close
2018-06-05,VIXCLS,12.4,CBOE VIX close
2018-06-06,VIXCLS,11.64,CBOE VIX close
2018-06-07,VIXCLS,12.13,CBOE VIX close
2018-06-08,VIXCLS,12.18,CBOE VIX close
2018-06-11,VIXCLS,12.35,CBOE VIX close
2018-06-12,VIXCLS,12.34,CBOE VIX close
2018-06-13,VIXCLS,12.94,CBOE VIX close
2018-06-14,VIXCLS,12.12,CBOE VIX close
2018-06-15,VIXCLS,11.98,CBOE VIX close
2018-06-18,VIXCLS,12.31,CBOE VIX close
2018-06-19,VIXCLS,13.35,CBOE VIX close
2018-06-20,VIXCLS,12.79,CBOE VIX close
2018-06-21,VIXCLS,14.64,CBOE VIX close
2018-06-22,VIXCLS,13.77,CBOE VIX close
2018-06-25,VIXCLS,17.33,CBOE VIX close
2018-06-26,VIXCLS,15.92,CBOE VIX close
2018-06-27,VIXCLS,17.91,CBOE VIX close
2018-06-28,VIXCLS,16.85,CBOE VIX close
2018-06-29,VIXCLS,16.09,CBOE VIX close
2018-07-02,VIXCLS,15.6,CBOE VIX close
2018-07-03,VIXCLS,16.14,CBOE VIX close
2018-07-04,VIXCLS,,CBOE VIX close
2018-07-05,VIXCLS,14.97,CBOE VIX close
2018-07-06,VIXCLS,13.37,CBOE VIX close
2018-07-09,VIXCLS,12.69,CBOE VIX close
2018-07-10,VIXCLS,12.64,CBOE VIX close
2018-07-11,VIXCLS,13.63,CBOE VIX close
2018-07-12,VIXCLS,12.58,CBOE VIX close
2018-07-13,VIXCLS,12.18,CBOE VIX close
2018-07-16,VIXCLS,12.83,CBOE VIX close
2018-07-17,VIXCLS,12.06,CBOE VIX close
2018-07-18,VIXCLS,12.1,CBOE VIX close
2018-07-19,VIXCLS,12.87,CBOE VIX close
2018-07-20,VIXCLS,12.86,CBOE VIX close
2018-07-23,VIXCLS,12.62,CBOE VIX close
2018-07-24,VIXCLS,12.41,CBOE VIX close
2018-07-25,VIXCLS,12.29,CBOE VIX close
2018-07-26,VIXCLS,12.14,CBOE VIX close
2018-07-27,VIXCLS,13.03,CBOE VIX close
2018-07-30,VIXCLS,14.26,CBOE VIX close
2018-07-31,VIXCLS,12.83,CBOE VIX close
2018-08-01,VIXCLS,13.15,CBOE VIX close
2018-08-02,VIXCLS,12.19,CBOE VIX close
2018-08-03,VIXCLS,11.64,CBOE VIX close
2018-08-06,VIXCLS,11.27,CBOE VIX close
2018-08-07,VIXCLS,10.93,CBOE VIX close
2018-08-08,VIXCLS,10.85,CBOE VIX close
2018-08-09,VIXCLS,11.27,CBOE VIX close
2018-08-10,VIXCLS,13.16,CBOE VIX close
2018-08-13,VIXCLS,14.78,CBOE VIX close
2018-08-14,VIXCLS,13.31,CBOE VIX close
2018-08-15,VIXCLS,14.64,CBOE VIX close
2018-08-16,VIXCLS,13.45,CBOE VIX close
2018-08-17,VIXCLS,12.64,CBOE VIX close
2018-08-20,VIXCLS,12.49,CBOE VIX close
2018-08-21,VIXCLS,12.86,CBOE VIX close
2018-08-22,VIXCLS,12.25,CBOE VIX close
2018-08-23,VIXCLS,12.41,CBOE VIX close
2018-08-24,VIXCLS,11.99,CBOE VIX close
2018-08-27,VIXCLS,12.16,CBOE VIX close
2018-08-28,VIXCLS,12.5,CBOE VIX close
2018-08-29,VIXCLS,12.25,CBOE VIX close
2018-08-30,VIXCLS,13.53,CBOE VIX close
2018-08-31,VIXCLS,12.86,CBOE VIX close
2018-09-03,VIXCLS,,CBOE VIX close
2018-09-04,VIXCLS,13.16,CBOE VIX close
2018-09-05,VIXCLS,13.91,CBOE VIX close
2018-09-06,VIXCLS,14.65,CBOE VIX close
2018-09-07,VIXCLS,14.88,CBOE VIX close
2018-09-10,VIXCLS,14.16,CBOE VIX close
2018-09-11,VIXCLS,13.22,CBOE VIX close
2018-09-12,VIXCLS,13.14,CBOE VIX close
2018-09-13,VIXCLS,12.37,CBOE VIX close
2018-09-14,VIXCLS,12.07,CBOE VIX close
2018-09-17,VIXCLS,13.68,CBOE VIX close
2018-09-18,VIXCLS,12.79,CBOE VIX close
2018-09-19,VIXCLS,11.75,CBOE VIX close
2018-09-20,VIXCLS,11.8,CBOE VIX close
2018-09-21,VIXCLS,11.68,CBOE VIX close
2018-09-24,VIXCLS,12.2,CBOE VIX close
2018-09-25,VIXCLS,12.42,CBOE VIX close
2018-09-26,VIXCLS,12.89,CBOE VIX close
2018-09-27,VIXCLS,12.41,CBOE VIX close
2018-09-28,VIXCLS,12.12,CBOE VIX close
2018-10-01,VIXCLS,12,CBOE VIX close
2018-10-02,VIXCLS,12.05,CBOE VIX close
2018-10-03,VIXCLS,11.61,CBOE VIX close
2018-10-04,VIXCLS,14.22,CBOE VIX close
2018-10-05,VIXCLS,14.82,CBOE VIX close
2018-10-08,VIXCLS,15.69,CBOE VIX close
2018-10-09,VIXCLS,15.95,CBOE VIX close
2018-10-10,VIXCLS,22.96,CBOE VIX close
2018-10-11,VIXCLS,24.98,CBOE VIX close
2018-10-12,VIXCLS,21.31,CBOE VIX close
2018-10-15,VIXCLS,21.3,CBOE VIX close
2018-10-16,VIXCLS,17.62,CBOE VIX close
2018-10-17,VIXCLS,17.4,CBOE VIX close
2018-10-18,VIXCLS,20.06,CBOE VIX close
2018-10-19,VIXCLS,19.89,CBOE VIX close
2018-10-22,VIXCLS,19.64,CBOE VIX close
2018-10-23,VIXCLS,20.71,CBOE VIX close
2018-10-24,VIXCLS,25.23,CBOE VIX close
2018-10-25,VIXCLS,24.22,CBOE VIX close
2018-10-26,VIXCLS,24.16,CBOE VIX close
2018-10-29,VIXCLS,24.7,CBOE VIX close
2018-10-30,VIXCLS,23.35,CBOE VIX close
2018-10-31,VIXCLS,21.23,CBOE VIX close
2018-11-01,VIXCLS,19.34,CBOE VIX close
2018-11-02,VIXCLS,19.51,CBOE VIX close
2018-11-05,VIXCLS,19.96,CBOE VIX close
2018-11-06,VIXCLS,19.91,CBOE VIX close
2018-11-07,VIXCLS,16.36,CBOE VIX close
2018-11-08,VIXCLS,16.72,CBOE VIX close
2018-11-09,VIXCLS,17.36,CBOE VIX close
2018-11-12,VIXCLS,20.45,CBOE VIX close
2018-11-13,VIXCLS,20.02,CBOE VIX close
2018-11-14,VIXCLS,21.25,CBOE VIX close
2018-11-15,VIXCLS,19.98,CBOE VIX close
2018-11-16,VIXCLS,18.14,CBOE VIX close
2018-11-19,VIXCLS,20.1,CBOE VIX close
2018-11-20,VIXCLS,22.48,CBOE VIX close
2018-11-21,VIXCLS,20.8,CBOE VIX close
2018-11-22,VIXCLS,,CBOE VIX close
2018-11-23,VIXCLS,21.52,CBOE VIX close
2018-11-26,VIXCLS,18.9,CBOE VIX close
2018-11-27,VIXCLS,19.02,CBOE VIX close
2018-11-28,VIXCLS,18.49,CBOE VIX close
2018-11-29,VIXCLS,18.79,CBOE VIX close
2018-11-30,VIXCLS,18.07,CBOE VIX close
2018-12-03,VIXCLS,16.44,CBOE VIX close
2018-12-04,VIXCLS,20.74,CBOE VIX close
2018-12-05,VIXCLS,,CBOE VIX close
2018-12-06,VIXCLS,21.19,CBOE VIX close
2018-12-07,VIXCLS,23.23,CBOE VIX close
2018-12-10,VIXCLS,22.64,CBOE VIX close
2018-12-11,VIXCLS,21.76,CBOE VIX close
2018-12-12,VIXCLS,21.46,CBOE VIX close
2018-12-13,VIXCLS,20.65,CBOE VIX close
2018-12-14,VIXCLS,21.63,CBOE VIX close
2018-12-17,VIXCLS,24.52,CBOE VIX close
2018-12-18,VIXCLS,25.58,CBOE VIX close
2018-12-19,VIXCLS,25.58,CBOE VIX close
2018-12-20,VIXCLS,28.38,CBOE VIX close
2018-12-21,VIXCLS,30.11,CBOE VIX close
2018-12-24,VIXCLS,36.07,CBOE VIX close
2018-12-25,VIXCLS,,CBOE VIX close
2018-12-26,VIXCLS,30.41,CBOE VIX close
2018-12-27,VIXCLS,29.96,CBOE VIX close
2018-12-28,VIXCLS,28.34,CBOE VIX close
2018-12-31,VIXCLS,25.42,CBOE VIX close
2019-01-01,VIXCLS,,CBOE VIX close
2019-01-02,VIXCLS,23.22,CBOE VIX close
2019-01-03,VIXCLS,25.45,CBOE VIX close
2019-01-04,VIXCLS,21.38,CBOE VIX close
2019-01-07,VIXCLS,21.4,CBOE VIX close
2019-01-08,VIXCLS,20.47,CBOE VIX close
2019-01-09,VIXCLS,19.98,CBOE VIX close
2019-01-10,VIXCLS,19.5,CBOE VIX close
2019-01-11,VIXCLS,18.19,CBOE VIX close
2019-01-14,VIXCLS,19.07,CBOE VIX close
2019-01-15,VIXCLS,18.6,CBOE VIX close
2019-01-16,VIXCLS,19.04,CBOE VIX close
2019-01-17,VIXCLS,18.06,CBOE VIX close
2019-01-18,VIXCLS,17.8,CBOE VIX close
2019-01-21,VIXCLS,,CBOE VIX close
2019-01-22,VIXCLS,20.8,CBOE VIX close
2019-01-23,VIXCLS,19.52,CBOE VIX close
2019-01-24,VIXCLS,18.89,CBOE VIX close
2019-01-25,VIXCLS,17.42,CBOE VIX close
2019-01-28,VIXCLS,18.87,CBOE VIX close
2019-01-29,VIXCLS,19.13,CBOE VIX close
2019-01-30,VIXCLS,17.66,CBOE VIX close
2019-01-31,VIXCLS,16.57,CBOE VIX close
2019-02-01,VIXCLS,16.14,CBOE VIX close
2019-02-04,VIXCLS,15.73,CBOE VIX close
2019-02-05,VIXCLS,15.57,CBOE VIX close
2019-02-06,VIXCLS,15.38,CBOE VIX close
2019-02-07,VIXCLS,16.37,CBOE VIX close
2019-02-08,VIXCLS,15.72,CBOE VIX close
2019-02-11,VIXCLS,15.97,CBOE VIX close
2019-02-12,VIXCLS,15.43,CBOE VIX close
2019-02-13,VIXCLS,15.65,CBOE VIX close
2019-02-14,VIXCLS,16.22,CBOE VIX close
2019-02-15,VIXCLS,14.91,CBOE VIX close
2019-02-18,VIXCLS,,CBOE VIX close
2019-02-19,VIXCLS,14.88,CBOE VIX close
2019-02-20,VIXCLS,14.02,CBOE VIX close
2019-02-21,VIXCLS,14.46,CBOE VIX close
2019-02-22,VIXCLS,13.51,CBOE VIX close
2019-02-25,VIXCLS,14.85,CBOE VIX close
2019-02-26,VIXCLS,15.17,CBOE VIX close
2019-02-27,VIXCLS,14.7,CBOE VIX close
2019-02-28,VIXCLS,14.78,CBOE VIX close
2019-03-01,VIXCLS,13.57,CBOE VIX close
2019-03-04,VIXCLS,14.63,CBOE VIX close
2019-03-05,VIXCLS,14.74,CBOE VIX close
2019-03-06,VIXCLS,15.74,CBOE VIX close
2019-03-07,VIXCLS,16.59,CBOE VIX close
2019-03-08,VIXCLS,16.05,CBOE VIX close
2019-03-11,VIXCLS,14.33,CBOE VIX close
2019-03-12,VIXCLS,13.77,CBOE VIX close
2019-03-13,VIXCLS,13.41,CBOE VIX close
2019-03-14,VIXCLS,13.5,CBOE VIX close
2019-03-15,VIXCLS,12.88,CBOE VIX close
2019-03-18,VIXCLS,13.1,CBOE VIX close
2019-03-19,VIXCLS,13.56,CBOE VIX close
2019-03-20,VIXCLS,13.91,CBOE VIX close
2019-03-21,VIXCLS,13.63,CBOE VIX close
2019-03-22,VIXCLS,16.48,CBOE VIX close
2019-03-25,VIXCLS,16.33,CBOE VIX close
2019-03-26,VIXCLS,14.68,CBOE VIX close
2019-03-27,VIXCLS,15.15,CBOE VIX close
2019-03-28,VIXCLS,14.43,CBOE VIX close
2019-03-29,VIXCLS,13.71,CBOE VIX close
2019-04-01,VIXCLS,13.4,CBOE VIX close
2019-04-02,VIXCLS,13.36,CBOE VIX close
2019-04-03,VIXCLS,13.74,CBOE VIX close
2019-04-04,VIXCLS,13.58,CBOE VIX close
2019-04-05,VIXCLS,12.82,CBOE VIX close
2019-04-08,VIXCLS,13.18,CBOE VIX close
2019-04-09,VIXCLS,14.28,CBOE VIX close
2019-04-10,VIXCLS,13.3,CBOE VIX close
2019-04-11,VIXCLS,13.02,CBOE VIX close
2019-04-12,VIXCLS,12.01,CBOE VIX close
2019-04-15,VIXCLS,12.32,CBOE VIX close
2019-04-16,VIXCLS,12.18,CBOE VIX close
2019-04-17,VIXCLS,12.6,CBOE VIX close
2019-04-18,VIXCLS,12.09,CBOE VIX close
2019-04-19,VIXCLS,,CBOE VIX close
2019-04-22,VIXCLS,12.42,CBOE VIX close
2019-04-23,VIXCLS,12.28,CBOE VIX close
2019-04-24,VIXCLS,13.14,CBOE VIX close
2019-04-25,VIXCLS,13.25,CBOE VIX close
2019-04-26,VIXCLS,12.73,CBOE VIX close
2019-04-29,VIXCLS,13.11,CBOE VIX close
2019-04-30,VIXCLS,13.12,CBOE VIX close
2019-05-01,VIXCLS,14.8,CBOE VIX close
2019-05-02,VIXCLS,14.42,CBOE VIX close
2019-05-03,VIXCLS,12.87,CBOE VIX close
2019-05-06,VIXCLS,15.44,CBOE VIX close
2019-05-07,VIXCLS,19.32,CBOE VIX close
2019-05-08,VIXCLS,19.4,CBOE VIX close
2019-05-09,VIXCLS,19.1,CBOE VIX close
2019-05-10,VIXCLS,16.04,CBOE VIX close
2019-05-13,VIXCLS,20.55,CBOE VIX close
2019-05-14,VIXCLS,18.06,CBOE VIX close
2019-05-15,VIXCLS,16.44,CBOE VIX close
2019-05-16,VIXCLS,15.29,CBOE VIX close
2019-05-17,VIXCLS,15.96,CBOE VIX close
2019-05-20,VIXCLS,16.31,CBOE VIX close
2019-05-21,VIXCLS,14.95,CBOE VIX close
2019-05-22,VIXCLS,14.75,CBOE VIX close
2019-05-23,VIXCLS,16.92,CBOE VIX close
2019-05-24,VIXCLS,15.85,CBOE VIX close
2019-05-27,VIXCLS,,CBOE VIX close
2019-05-28,VIXCLS,17.5,CBOE VIX close
2019-05-29,VIXCLS,17.9,CBOE VIX close
2019-05-30,VIXCLS,17.3,CBOE VIX close
2019-05-31,VIXCLS,18.71,CBOE VIX close
2019-06-03,VIXCLS,18.86,CBOE VIX close
2019-06-04,VIXCLS,16.97,CBOE VIX close
2019-06-05,VIXCLS,16.09,CBOE VIX close
2019-06-06,VIXCLS,15.93,CBOE VIX close
2019-06-07,VIXCLS,16.3,CBOE VIX close
2019-06-10,VIXCLS,15.94,CBOE VIX close
2019-06-11,VIXCLS,15.99,CBOE VIX close
2019-06-12,VIXCLS,15.91,CBOE VIX close
2019-06-13,VIXCLS,15.82,CBOE VIX close
2019-06-14,VIXCLS,15.28,CBOE VIX close
2019-06-17,VIXCLS,15.35,CBOE VIX close
2019-06-18,VIXCLS,15.15,CBOE VIX close
2019-06-19,VIXCLS,14.33,CBOE VIX close
2019-06-20,VIXCLS,14.75,CBOE VIX close
2019-06-21,VIXCLS,15.4,CBOE VIX close
2019-06-24,VIXCLS,15.26,CBOE VIX close
2019-06-25,VIXCLS,16.28,CBOE VIX close
2019-06-26,VIXCLS,16.21,CBOE VIX close
2019-06-27,VIXCLS,15.82,CBOE VIX close
2019-06-28,VIXCLS,15.08,CBOE VIX close
2019-07-01,VIXCLS,14.06,CBOE VIX close
2019-07-02,VIXCLS,12.93,CBOE VIX close
2019-07-03,VIXCLS,12.57,CBOE VIX close
2019-07-04,VIXCLS,,CBOE VIX close
2019-07-05,VIXCLS,13.28,CBOE VIX close
2019-07-08,VIXCLS,13.96,CBOE VIX close
2019-07-09,VIXCLS,14.09,CBOE VIX close
2019-07-10,VIXCLS,13.03,CBOE VIX close
2019-07-11,VIXCLS,12.93,CBOE VIX close
2019-07-12,VIXCLS,12.39,CBOE VIX close
2019-07-15,VIXCLS,12.68,CBOE VIX close
2019-07-16,VIXCLS,12.86,CBOE VIX close
2019-07-17,VIXCLS,13.97,CBOE VIX close
2019-07-18,VIXCLS,13.53,CBOE VIX close
2019-07-19,VIXCLS,14.45,CBOE VIX close
2019-07-22,VIXCLS,13.53,CBOE VIX close
2019-07-23,VIXCLS,12.61,CBOE VIX close
2019-07-24,VIXCLS,12.07,CBOE VIX close
2019-07-25,VIXCLS,12.74,CBOE VIX close
2019-07-26,VIXCLS,12.16,CBOE VIX close
2019-07-29,VIXCLS,12.83,CBOE VIX close
2019-07-30,VIXCLS,13.94,CBOE VIX close
2019-07-31,VIXCLS,16.12,CBOE VIX close
2019-08-01,VIXCLS,17.87,CBOE VIX close
2019-08-02,VIXCLS,17.61,CBOE VIX close
2019-08-05,VIXCLS,24.59,CBOE VIX close
2019-08-06,VIXCLS,20.17,CBOE VIX close
2019-08-07,VIXCLS,19.49,CBOE VIX close
2019-08-08,VIXCLS,16.91,CBOE VIX close
2019-08-09,VIXCLS,17.97,CBOE VIX close
2019-08-12,VIXCLS,21.09,CBOE VIX close
2019-08-13,VIXCLS,17.52,CBOE VIX close
2019-08-14,VIXCLS,22.1,CBOE VIX close
2019-08-15,VIXCLS,21.18,CBOE VIX close
2019-08-16,VIXCLS,18.47,CBOE VIX close
2019-08-19,VIXCLS,16.88,CBOE VIX close
2019-08-20,VIXCLS,17.5,CBOE VIX close
2019-08-21,VIXCLS,15.8,CBOE VIX close
2019-08-22,VIXCLS,16.68,CBOE VIX close
2019-08-23,VIXCLS,19.87,CBOE VIX close
2019-08-26,VIXCLS,19.32,CBOE VIX close
2019-08-27,VIXCLS,20.31,CBOE VIX close
2019-08-28,VIXCLS,19.35,CBOE VIX close
2019-08-29,VIXCLS,17.88,CBOE VIX close
2019-08-30,VIXCLS,18.98,CBOE VIX close
2019-09-02,VIXCLS,,CBOE VIX close
2019-09-03,VIXCLS,19.66,CBOE VIX close
2019-09-04,VIXCLS,17.33,CBOE VIX close
2019-09-05,VIXCLS,16.27,CBOE VIX close
2019-09-06,VIXCLS,15,CBOE VIX close
2019-09-09,VIXCLS,15.27,CBOE VIX close
2019-09-10,VIXCLS,15.2,CBOE VIX close
2019-09-11,VIXCLS,14.61,CBOE VIX close
2019-09-12,VIXCLS,14.22,CBOE VIX close
2019-09-13,VIXCLS,13.74,CBOE VIX close
2019-09-16,VIXCLS,14.67,CBOE VIX close
2019-09-17,VIXCLS,14.44,CBOE VIX close
2019-09-18,VIXCLS,13.95,CBOE VIX close
2019-09-19,VIXCLS,14.05,CBOE VIX close
2019-09-20,VIXCLS,15.32,CBOE VIX close
2019-09-23,VIXCLS,14.91,CBOE VIX close
2019-09-24,VIXCLS,17.05,CBOE VIX close
2019-09-25,VIXCLS,15.96,CBOE VIX close
2019-09-26,VIXCLS,16.07,CBOE VIX close
2019-09-27,VIXCLS,17.22,CBOE VIX close
2019-09-30,VIXCLS,16.24,CBOE VIX close
2019-10-01,VIXCLS,18.56,CBOE VIX close
2019-10-02,VIXCLS,20.56,CBOE VIX close
2019-10-03,VIXCLS,19.12,CBOE VIX close
2019-10-04,VIXCLS,17.04,CBOE VIX close
2019-10-07,VIXCLS,17.86,CBOE VIX close
2019-10-08,VIXCLS,20.28,CBOE VIX close
2019-10-09,VIXCLS,18.64,CBOE VIX close
2019-10-10,VIXCLS,17.57,CBOE VIX close
2019-10-11,VIXCLS,15.58,CBOE VIX close
2019-10-14,VIXCLS,14.57,CBOE VIX close
2019-10-15,VIXCLS,13.54,CBOE VIX close
2019-10-16,VIXCLS,13.68,CBOE VIX close
2019-10-17,VIXCLS,13.79,CBOE VIX close
2019-10-18,VIXCLS,14.25,CBOE VIX close
2019-10-21,VIXCLS,14,CBOE VIX close
2019-10-22,VIXCLS,14.46,CBOE VIX close
2019-10-23,VIXCLS,14.01,CBOE VIX close
2019-10-24,VIXCLS,13.71,CBOE VIX close
2019-10-25,VIXCLS,12.65,CBOE VIX close
2019-10-28,VIXCLS,13.11,CBOE VIX close
2019-10-29,VIXCLS,13.2,CBOE VIX close
2019-10-30,VIXCLS,12.33,CBOE VIX close
2019-10-31,VIXCLS,13.22,CBOE VIX close
2019-11-01,VIXCLS,12.3,CBOE VIX close
2019-11-04,VIXCLS,12.83,CBOE VIX close
2019-11-05,VIXCLS,13.1,CBOE VIX close
2019-11-06,VIXCLS,12.62,CBOE VIX close
2019-11-07,VIXCLS,12.73,CBOE VIX close
2019-11-08,VIXCLS,12.07,CBOE VIX close
2019-11-11,VIXCLS,12.69,CBOE VIX close
2019-11-12,VIXCLS,12.68,CBOE VIX close
2019-11-13,VIXCLS,13,CBOE VIX close
2019-11-14,VIXCLS,13.05,CBOE VIX close
2019-11-15,VIXCLS,12.05,CBOE VIX close
2019-11-18,VIXCLS,12.46,CBOE VIX close
2019-11-19,VIXCLS,12.86,CBOE VIX close
2019-11-20,VIXCLS,12.78,CBOE VIX close
2019-11-21,VIXCLS,13.13,CBOE VIX close
2019-11-22,VIXCLS,12.34,CBOE VIX close
2019-11-25,VIXCLS,11.87,CBOE VIX close
2019-11-26,VIXCLS,11.54,CBOE VIX close
2019-11-27,VIXCLS,11.75,CBOE VIX close
2019-11-28,VIXCLS,,CBOE VIX close
2019-11-29,VIXCLS,12.62,CBOE VIX close
2019-12-02,VIXCLS,14.91,CBOE VIX close
2019-12-03,VIXCLS,15.96,CBOE VIX close
2019-12-04,VIXCLS,14.8,CBOE VIX close
2019-12-05,VIXCLS,14.52,CBOE VIX close
2019-12-06,VIXCLS,13.62,CBOE VIX close
2019-12-09,VIXCLS,15.86,CBOE VIX close
2019-12-10,VIXCLS,15.68,CBOE VIX close
2019-12-11,VIXCLS,14.99,CBOE VIX close
2019-12-12,VIXCLS,13.94,CBOE VIX close
2019-12-13,VIXCLS,12.63,CBOE VIX close
2019-12-16,VIXCLS,12.14,CBOE VIX close
2019-12-17,VIXCLS,12.29,CBOE VIX close
2019-12-18,VIXCLS,12.58,CBOE VIX close
2019-12-19,VIXCLS,12.5,CBOE VIX close
2019-12-20,VIXCLS,12.51,CBOE VIX close
2019-12-23,VIXCLS,12.61,CBOE VIX close
2019-12-24,VIXCLS,12.67,CBOE VIX close
2019-12-25,VIXCLS,,CBOE VIX close
2019-12-26,VIXCLS,12.65,CBOE VIX close
2019-12-27,VIXCLS,13.43,CBOE VIX close
2019-12-30,VIXCLS,14.82,CBOE VIX close
2019-12-31,VIXCLS,13.78,CBOE VIX close
2020-01-01,VIXCLS,,CBOE VIX close
2020-01-02,VIXCLS,12.47,CBOE VIX close
2020-01-03,VIXCLS,14.02,CBOE VIX close
2020-01-06,VIXCLS,13.85,CBOE VIX close
2020-01-07,VIXCLS,13.79,CBOE VIX close
2020-01-08,VIXCLS,13.45,CBOE VIX close
2020-01-09,VIXCLS,12.54,CBOE VIX close
2020-01-10,VIXCLS,12.56,CBOE VIX close
2020-01-13,VIXCLS,12.32,CBOE VIX close
2020-01-14,VIXCLS,12.39,CBOE VIX close
2020-01-15,VIXCLS,12.42,CBOE VIX close
2020-01-16,VIXCLS,12.32,CBOE VIX close
2020-01-17,VIXCLS,12.1,CBOE VIX close
2020-01-20,VIXCLS,,CBOE VIX close
2020-01-21,VIXCLS,12.85,CBOE VIX close
2020-01-22,VIXCLS,12.91,CBOE VIX close
2020-01-23,VIXCLS,12.98,CBOE VIX close
2020-01-24,VIXCLS,14.56,CBOE VIX close
2020-01-27,VIXCLS,18.23,CBOE VIX close
2020-01-28,VIXCLS,16.28,CBOE VIX close
2020-01-29,VIXCLS,16.39,CBOE VIX close
2020-01-30,VIXCLS,15.49,CBOE VIX close
2020-01-31,VIXCLS,18.84,CBOE VIX close
2020-02-03,VIXCLS,17.97,CBOE VIX close
2020-02-04,VIXCLS,16.05,CBOE VIX close
2020-02-05,VIXCLS,15.15,CBOE VIX close
2020-02-06,VIXCLS,14.96,CBOE VIX close
2020-02-07,VIXCLS,15.47,CBOE VIX close
2020-02-10,VIXCLS,15.04,CBOE VIX close
2020-02-11,VIXCLS,15.18,CBOE VIX close
2020-02-12,VIXCLS,13.74,CBOE VIX close
2020-02-13,VIXCLS,14.15,CBOE VIX close
2020-02-14,VIXCLS,13.68,CBOE VIX close
2020-02-17,VIXCLS,,CBOE VIX close
2020-02-18,VIXCLS,14.83,CBOE VIX close
2020-02-19,VIXCLS,14.38,CBOE VIX close
2020-02-20,VIXCLS,15.56,CBOE VIX close
2020-02-21,VIXCLS,17.08,CBOE VIX close
2020-02-24,VIXCLS,25.03,CBOE VIX close
2020-02-25,VIXCLS,27.85,CBOE VIX close
2020-02-26,VIXCLS,27.56,CBOE VIX close
2020-02-27,VIXCLS,39.16,CBOE VIX close
2020-02-28,VIXCLS,40.11,CBOE VIX close
2020-03-02,VIXCLS,33.42,CBOE VIX close
2020-03-03,VIXCLS,36.82,CBOE VIX close
2020-03-04,VIXCLS,31.99,CBOE VIX close
2020-03-05,VIXCLS,39.62,CBOE VIX close
2020-03-06,VIXCLS,41.94,CBOE VIX close
2020-03-09,VIXCLS,54.46,CBOE VIX close
2020-03-10,VIXCLS,47.3,CBOE VIX close
2020-03-11,VIXCLS,53.9,CBOE VIX close
2020-03-12,VIXCLS,75.47,CBOE VIX close
2020-03-13,VIXCLS,57.83,CBOE VIX close
2020-03-16,VIXCLS,82.69,CBOE VIX close
2020-03-17,VIXCLS,75.91,CBOE VIX close
2020-03-18,VIXCLS,76.45,CBOE VIX close
2020-03-19,VIXCLS,72,CBOE VIX close
2020-03-20,VIXCLS,66.04,CBOE VIX close
2020-03-23,VIXCLS,61.59,CBOE VIX close
2020-03-24,VIXCLS,61.67,CBOE VIX close
2020-03-25,VIXCLS,63.95,CBOE VIX close
2020-03-26,VIXCLS,61,CBOE VIX close
2020-03-27,VIXCLS,65.54,CBOE VIX close
2020-03-30,VIXCLS,57.08,CBOE VIX close
2020-03-31,VIXCLS,53.54,CBOE VIX close
2020-04-01,VIXCLS,57.06,CBOE VIX close
2020-04-02,VIXCLS,50.91,CBOE VIX close
2020-04-03,VIXCLS,46.8,CBOE VIX close
2020-04-06,VIXCLS,45.24,CBOE VIX close
2020-04-07,VIXCLS,46.7,CBOE VIX close
2020-04-08,VIXCLS,43.35,CBOE VIX close
2020-04-09,VIXCLS,41.67,CBOE VIX close
2020-04-10,VIXCLS,,CBOE VIX close
2020-04-13,VIXCLS,41.17,CBOE VIX close
2020-04-14,VIXCLS,37.76,CBOE VIX close
2020-04-15,VIXCLS,40.84,CBOE VIX close
2020-04-16,VIXCLS,40.11,CBOE VIX close
2020-04-17,VIXCLS,38.15,CBOE VIX close
2020-04-20,VIXCLS,43.83,CBOE VIX close
2020-04-21,VIXCLS,45.41,CBOE VIX close
2020-04-22,VIXCLS,41.98,CBOE VIX close
2020-04-23,VIXCLS,41.38,CBOE VIX close
2020-04-24,VIXCLS,35.93,CBOE VIX close
2020-04-27,VIXCLS,33.29,CBOE VIX close
2020-04-28,VIXCLS,33.57,CBOE VIX close
2020-04-29,VIXCLS,31.23,CBOE VIX close
2020-04-30,VIXCLS,34.15,CBOE VIX close
2020-05-01,VIXCLS,37.19,CBOE VIX close
2020-05-04,VIXCLS,35.97,CBOE VIX close
2020-05-05,VIXCLS,33.61,CBOE VIX close
2020-05-06,VIXCLS,34.12,CBOE VIX close
2020-05-07,VIXCLS,31.44,CBOE VIX close
2020-05-08,VIXCLS,27.98,CBOE VIX close
2020-05-11,VIXCLS,27.57,CBOE VIX close
2020-05-12,VIXCLS,33.04,CBOE VIX close
2020-05-13,VIXCLS,35.28,CBOE VIX close
2020-05-14,VIXCLS,32.61,CBOE VIX close
2020-05-15,VIXCLS,31.89,CBOE VIX close
2020-05-18,VIXCLS,29.3,CBOE VIX close
2020-05-19,VIXCLS,30.53,CBOE VIX close
2020-05-20,VIXCLS,27.99,CBOE VIX close
2020-05-21,VIXCLS,29.53,CBOE VIX close
2020-05-22,VIXCLS,28.16,CBOE VIX close
2020-05-25,VIXCLS,,CBOE VIX close
2020-05-26,VIXCLS,28.01,CBOE VIX close
2020-05-27,VIXCLS,27.62,CBOE VIX close
2020-05-28,VIXCLS,28.59,CBOE VIX close
2020-05-29,VIXCLS,27.51,CBOE VIX close
2020-06-01,VIXCLS,28.23,CBOE VIX close
2020-06-02,VIXCLS,26.84,CBOE VIX close
2020-06-03,VIXCLS,25.66,CBOE VIX close
2020-06-04,VIXCLS,25.81,CBOE VIX close
2020-06-05,VIXCLS,24.52,CBOE VIX close
2020-06-08,VIXCLS,25.81,CBOE VIX close
2020-06-09,VIXCLS,27.57,CBOE VIX close
2020-06-10,VIXCLS,27.57,CBOE VIX close
2020-06-11,VIXCLS,40.79,CBOE VIX close
2020-06-12,VIXCLS,36.09,CBOE VIX close
2020-06-15,VIXCLS,34.4,CBOE VIX close
2020-06-16,VIXCLS,33.67,CBOE VIX close
2020-06-17,VIXCLS,33.47,CBOE VIX close
2020-06-18,VIXCLS,32.94,CBOE VIX close
2020-06-19,VIXCLS,35.12,CBOE VIX close
2020-06-22,VIXCLS,31.77,CBOE VIX close
2020-06-23,VIXCLS,31.37,CBOE VIX close
2020-06-24,VIXCLS,33.84,CBOE VIX close
2020-06-25,VIXCLS,32.22,CBOE VIX close
2020-06-26,VIXCLS,34.73,CBOE VIX close
2020-06-29,VIXCLS,31.78,CBOE VIX close
2020-06-30,VIXCLS,30.43,CBOE VIX close
2020-07-01,VIXCLS,28.62,CBOE VIX close
2020-07-02,VIXCLS,27.68,CBOE VIX close
2020-07-03,VIXCLS,,CBOE VIX close
2020-07-06,VIXCLS,27.94,CBOE VIX close
2020-07-07,VIXCLS,29.43,CBOE VIX close
2020-07-08,VIXCLS,28.08,CBOE VIX close
2020-07-09,VIXCLS,29.26,CBOE VIX close
2020-07-10,VIXCLS,27.29,CBOE VIX close
2020-07-13,VIXCLS,32.19,CBOE VIX close
2020-07-14,VIXCLS,29.52,CBOE VIX close
2020-07-15,VIXCLS,27.76,CBOE VIX close
2020-07-16,VIXCLS,28,CBOE VIX close
2020-07-17,VIXCLS,25.68,CBOE VIX close
2020-07-20,VIXCLS,24.46,CBOE VIX close
2020-07-21,VIXCLS,24.84,CBOE VIX close
2020-07-22,VIXCLS,24.32,CBOE VIX close
2020-07-23,VIXCLS,26.08,CBOE VIX close
2020-07-24,VIXCLS,25.84,CBOE VIX close
2020-07-27,VIXCLS,24.74,CBOE VIX close
2020-07-28,VIXCLS,25.44,CBOE VIX close
2020-07-29,VIXCLS,24.1,CBOE VIX close
2020-07-30,VIXCLS,24.76,CBOE VIX close
2020-07-31,VIXCLS,24.46,CBOE VIX close
2020-08-03,VIXCLS,24.28,CBOE VIX close
2020-08-04,VIXCLS,23.76,CBOE VIX close
2020-08-05,VIXCLS,22.99,CBOE VIX close
2020-08-06,VIXCLS,22.65,CBOE VIX close
2020-08-07,VIXCLS,22.21,CBOE VIX close
2020-08-10,VIXCLS,22.13,CBOE VIX close
2020-08-11,VIXCLS,24.03,CBOE VIX close
2020-08-12,VIXCLS,22.28,CBOE VIX close
2020-08-13,VIXCLS,22.13,CBOE VIX close
2020-08-14,VIXCLS,22.05,CBOE VIX close
2020-08-17,VIXCLS,21.35,CBOE VIX close
2020-08-18,VIXCLS,21.51,CBOE VIX close
2020-08-19,VIXCLS,22.54,CBOE VIX close
2020-08-20,VIXCLS,22.72,CBOE VIX close
2020-08-21,VIXCLS,22.54,CBOE VIX close
2020-08-24,VIXCLS,22.37,CBOE VIX close
2020-08-25,VIXCLS,22.03,CBOE VIX close
2020-08-26,VIXCLS,23.27,CBOE VIX close
2020-08-27,VIXCLS,24.47,CBOE VIX close
2020-08-28,VIXCLS,22.96,CBOE VIX close
2020-08-31,VIXCLS,26.41,CBOE VIX close
2020-09-01,VIXCLS,26.12,CBOE VIX close
2020-09-02,VIXCLS,26.57,CBOE VIX close
2020-09-03,VIXCLS,33.6,CBOE VIX close
2020-09-04,VIXCLS,30.75,CBOE VIX close
2020-09-07,VIXCLS,,CBOE VIX close
2020-09-08,VIXCLS,31.46,CBOE VIX close
2020-09-09,VIXCLS,28.81,CBOE VIX close
2020-09-10,VIXCLS,29.71,CBOE VIX close
2020-09-11,VIXCLS,26.87,CBOE VIX close
2020-09-14,VIXCLS,25.85,CBOE VIX close
2020-09-15,VIXCLS,25.59,CBOE VIX close
2020-09-16,VIXCLS,26.04,CBOE VIX close
2020-09-17,VIXCLS,26.46,CBOE VIX close
2020-09-18,VIXCLS,25.83,CBOE VIX close
2020-09-21,VIXCLS,27.78,CBOE VIX close
2020-09-22,VIXCLS,26.86,CBOE VIX close
2020-09-23,VIXCLS,28.58,CBOE VIX close
2020-09-24,VIXCLS,28.51,CBOE VIX close
2020-09-25,VIXCLS,26.38,CBOE VIX close
2020-09-28,VIXCLS,26.19,CBOE VIX close
2020-09-29,VIXCLS,26.27,CBOE VIX close
2020-09-30,VIXCLS,26.37,CBOE VIX close
2020-10-01,VIXCLS,26.7,CBOE VIX close
2020-10-02,VIXCLS,27.63,CBOE VIX close
2020-10-05,VIXCLS,27.96,CBOE VIX close
2020-10-06,VIXCLS,29.48,CBOE VIX close
2020-10-07,VIXCLS,28.06,CBOE VIX close
2020-10-08,VIXCLS,26.36,CBOE VIX close
2020-10-09,VIXCLS,25,CBOE VIX close
2020-10-12,VIXCLS,25.07,CBOE VIX close
2020-10-13,VIXCLS,26.07,CBOE VIX close
2020-10-14,VIXCLS,26.4,CBOE VIX close
2020-10-15,VIXCLS,26.97,CBOE VIX close
2020-10-16,VIXCLS,27.41,CBOE VIX close
2020-10-19,VIXCLS,29.18,CBOE VIX close
2020-10-20,VIXCLS,29.35,CBOE VIX close
2020-10-21,VIXCLS,28.65,CBOE VIX close
2020-10-22,VIXCLS,28.11,CBOE VIX close
2020-10-23,VIXCLS,27.55,CBOE VIX close
2020-10-26,VIXCLS,32.46,CBOE VIX close
2020-10-27,VIXCLS,33.35,CBOE VIX close
2020-10-28,VIXCLS,40.28,CBOE VIX close
2020-10-29,VIXCLS,37.59,CBOE VIX close
2020-10-30,VIXCLS,38.02,CBOE VIX close
2020-11-02,VIXCLS,37.13,CBOE VIX close
2020-11-03,VIXCLS,35.55,CBOE VIX close
2020-11-04,VIXCLS,29.57,CBOE VIX close
2020-11-05,VIXCLS,27.58,CBOE VIX close
2020-11-06,VIXCLS,24.86,CBOE VIX close
2020-11-09,VIXCLS,25.75,CBOE VIX close
2020-11-10,VIXCLS,24.8,CBOE VIX close
2020-11-11,VIXCLS,23.45,CBOE VIX close
2020-11-12,VIXCLS,25.35,CBOE VIX close
2020-11-13,VIXCLS,23.1,CBOE VIX close
2020-11-16,VIXCLS,22.45,CBOE VIX close
2020-11-17,VIXCLS,22.71,CBOE VIX close
2020-11-18,VIXCLS,23.84,CBOE VIX close
2020-11-19,VIXCLS,23.11,CBOE VIX close
2020-11-20,VIXCLS,23.7,CBOE VIX close
2020-11-23,VIXCLS,22.66,CBOE VIX close
2020-11-24,VIXCLS,21.64,CBOE VIX close
2020-11-25,VIXCLS,21.25,CBOE VIX close
2020-11-26,VIXCLS,,CBOE VIX close
2020-11-27,VIXCLS,20.84,CBOE VIX close
2020-11-30,VIXCLS,20.57,CBOE VIX close
2020-12-01,VIXCLS,20.77,CBOE VIX close
2020-12-02,VIXCLS,21.17,CBOE VIX close
2020-12-03,VIXCLS,21.28,CBOE VIX close
2020-12-04,VIXCLS,20.79,CBOE VIX close
2020-12-07,VIXCLS,21.3,CBOE VIX close
2020-12-08,VIXCLS,20.68,CBOE VIX close
2020-12-09,VIXCLS,22.27,CBOE VIX close
2020-12-10,VIXCLS,22.52,CBOE VIX close
2020-12-11,VIXCLS,23.31,CBOE VIX close
2020-12-14,VIXCLS,24.72,CBOE VIX close
2020-12-15,VIXCLS,22.89,CBOE VIX close
2020-12-16,VIXCLS,22.5,CBOE VIX close
2020-12-17,VIXCLS,21.93,CBOE VIX close
2020-12-18,VIXCLS,21.57,CBOE VIX close
2020-12-21,VIXCLS,25.16,CBOE VIX close
2020-12-22,VIXCLS,24.23,CBOE VIX close
2020-12-23,VIXCLS,23.31,CBOE VIX close
2020-12-24,VIXCLS,21.53,CBOE VIX close
2020-12-25,VIXCLS,,CBOE VIX close
2020-12-28,VIXCLS,21.7,CBOE VIX close
2020-12-29,VIXCLS,23.08,CBOE VIX close
2020-12-30,VIXCLS,22.77,CBOE VIX close
2020-12-31,VIXCLS,22.75,CBOE VIX close
2021-01-01,VIXCLS,,CBOE VIX close
2021-01-04,VIXCLS,26.97,CBOE VIX close
2021-01-05,VIXCLS,25.34,CBOE VIX close
2021-01-06,VIXCLS,25.07,CBOE VIX close
2021-01-07,VIXCLS,22.37,CBOE VIX close
2021-01-08,VIXCLS,21.56,CBOE VIX close
2021-01-11,VIXCLS,24.08,CBOE VIX close
2021-01-12,VIXCLS,23.33,CBOE VIX close
2021-01-13,VIXCLS,22.21,CBOE VIX close
2021-01-14,VIXCLS,23.25,CBOE VIX close
2021-01-15,VIXCLS,24.34,CBOE VIX close
2021-01-18,VIXCLS,,CBOE VIX close
2021-01-19,VIXCLS,23.24,CBOE VIX close
2021-01-20,VIXCLS,21.58,CBOE VIX close
2021-01-21,VIXCLS,21.32,CBOE VIX close
2021-01-22,VIXCLS,21.91,CBOE VIX close
2021-01-25,VIXCLS,23.19,CBOE VIX close
2021-01-26,VIXCLS,23.02,CBOE VIX close
2021-01-27,VIXCLS,37.21,CBOE VIX close
2021-01-28,VIXCLS,30.21,CBOE VIX close
2021-01-29,VIXCLS,33.09,CBOE VIX close
2021-02-01,VIXCLS,30.24,CBOE VIX close
2021-02-02,VIXCLS,25.56,CBOE VIX close
2021-02-03,VIXCLS,22.91,CBOE VIX close
2021-02-04,VIXCLS,21.77,CBOE VIX close
2021-02-05,VIXCLS,20.87,CBOE VIX close
2021-02-08,VIXCLS,21.24,CBOE VIX close
2021-02-09,VIXCLS,21.63,CBOE VIX close
2021-02-10,VIXCLS,21.99,CBOE VIX close
2021-02-11,VIXCLS,21.25,CBOE VIX close
2021-02-12,VIXCLS,19.97,CBOE VIX close
2021-02-15,VIXCLS,,CBOE VIX close
2021-02-16,VIXCLS,21.46,CBOE VIX close
2021-02-17,VIXCLS,21.5,CBOE VIX close
2021-02-18,VIXCLS,22.49,CBOE VIX close
2021-02-19,VIXCLS,22.05,CBOE VIX close
2021-02-22,VIXCLS,23.45,CBOE VIX close
2021-02-23,VIXCLS,23.11,CBOE VIX close
2021-02-24,VIXCLS,21.34,CBOE VIX close
2021-02-25,VIXCLS,28.89,CBOE VIX close
2021-02-26,VIXCLS,27.95,CBOE VIX close
2021-03-01,VIXCLS,23.35,CBOE VIX close
2021-03-02,VIXCLS,24.1,CBOE VIX close
2021-03-03,VIXCLS,26.67,CBOE VIX close
2021-03-04,VIXCLS,28.57,CBOE VIX close
2021-03-05,VIXCLS,24.66,CBOE VIX close
2021-03-08,VIXCLS,25.47,CBOE VIX close
2021-03-09,VIXCLS,24.03,CBOE VIX close
2021-03-10,VIXCLS,22.56,CBOE VIX close
2021-03-11,VIXCLS,21.91,CBOE VIX close
2021-03-12,VIXCLS,20.69,CBOE VIX close
2021-03-15,VIXCLS,20.03,CBOE VIX close
2021-03-16,VIXCLS,19.79,CBOE VIX close
2021-03-17,VIXCLS,19.23,CBOE VIX close
2021-03-18,VIXCLS,21.58,CBOE VIX close
2021-03-19,VIXCLS,20.95,CBOE VIX close
2021-03-22,VIXCLS,18.88,CBOE VIX close
2021-03-23,VIXCLS,20.3,CBOE VIX close
2021-03-24,VIXCLS,21.2,CBOE VIX close
2021-03-25,VIXCLS,19.81,CBOE VIX close
2021-03-26,VIXCLS,18.86,CBOE VIX close
2021-03-29,VIXCLS,20.74,CBOE VIX close
2021-03-30,VIXCLS,19.61,CBOE VIX close
2021-03-31,VIXCLS,19.4,CBOE VIX close
2021-04-01,VIXCLS,17.33,CBOE VIX close
2021-04-02,VIXCLS,,CBOE VIX close
2021-04-05,VIXCLS,17.91,CBOE VIX close
2021-04-06,VIXCLS,18.12,CBOE VIX close
2021-04-07,VIXCLS,17.16,CBOE VIX close
2021-04-08,VIXCLS,16.95,CBOE VIX close
2021-04-09,VIXCLS,16.69,CBOE VIX close
2021-04-12,VIXCLS,16.91,CBOE VIX close
2021-04-13,VIXCLS,16.65,CBOE VIX close
2021-04-14,VIXCLS,16.99,CBOE VIX close
2021-04-15,VIXCLS,16.57,CBOE VIX close
2021-04-16,VIXCLS,16.25,CBOE VIX close
2021-04-19,VIXCLS,17.29,CBOE VIX close
2021-04-20,VIXCLS,18.68,CBOE VIX close
2021-04-21,VIXCLS,17.5,CBOE VIX close
2021-04-22,VIXCLS,18.71,CBOE VIX close
2021-04-23,VIXCLS,17.33,CBOE VIX close
2021-04-26,VIXCLS,17.64,CBOE VIX close
2021-04-27,VIXCLS,17.56,CBOE VIX close
2021-04-28,VIXCLS,17.28,CBOE VIX close
2021-04-29,VIXCLS,17.61,CBOE VIX close
2021-04-30,VIXCLS,18.61,CBOE VIX close
2021-05-03,VIXCLS,18.31,CBOE VIX close
2021-05-04,VIXCLS,19.48,CBOE VIX close
2021-05-05,VIXCLS,19.15,CBOE VIX close
2021-05-06,VIXCLS,18.39,CBOE VIX close
2021-05-07,VIXCLS,16.69,CBOE VIX close
2021-05-10,VIXCLS,19.66,CBOE VIX close
2021-05-11,VIXCLS,21.84,CBOE VIX close
2021-05-12,VIXCLS,27.59,CBOE VIX close
2021-05-13,VIXCLS,23.13,CBOE VIX close
2021-05-14,VIXCLS,18.81,CBOE VIX close
2021-05-17,VIXCLS,19.72,CBOE VIX close
2021-05-18,VIXCLS,21.34,CBOE VIX close
2021-05-19,VIXCLS,22.18,CBOE VIX close
2021-05-20,VIXCLS,20.67,CBOE VIX close
2021-05-21,VIXCLS,20.15,CBOE VIX close
2021-05-24,VIXCLS,18.4,CBOE VIX close
2021-05-25,VIXCLS,18.84,CBOE VIX close
2021-05-26,VIXCLS,17.36,CBOE VIX close
2021-05-27,VIXCLS,16.74,CBOE VIX close
2021-05-28,VIXCLS,16.76,CBOE VIX close
2021-05-31,VIXCLS,,CBOE VIX close
2021-06-01,VIXCLS,17.9,CBOE VIX close
2021-06-02,VIXCLS,17.48,CBOE VIX close
2021-06-03,VIXCLS,18.04,CBOE VIX close
2021-06-04,VIXCLS,16.42,CBOE VIX close
2021-06-07,VIXCLS,16.42,CBOE VIX close
2021-06-08,VIXCLS,17.07,CBOE VIX close
2021-06-09,VIXCLS,17.89,CBOE VIX close
2021-06-10,VIXCLS,16.1,CBOE VIX close
2021-06-11,VIXCLS,15.65,CBOE VIX close
2021-06-14,VIXCLS,16.39,CBOE VIX close
2021-06-15,VIXCLS,17.02,CBOE VIX close
2021-06-16,VIXCLS,18.15,CBOE VIX close
2021-06-17,VIXCLS,17.75,CBOE VIX close
2021-06-18,VIXCLS,20.7,CBOE VIX close
2021-06-21,VIXCLS,17.89,CBOE VIX close
2021-06-22,VIXCLS,16.66,CBOE VIX close
2021-06-23,VIXCLS,16.32,CBOE VIX close
2021-06-24,VIXCLS,15.97,CBOE VIX close
2021-06-25,VIXCLS,15.62,CBOE VIX close
2021-06-28,VIXCLS,15.76,CBOE VIX close
2021-06-29,VIXCLS,16.02,CBOE VIX close
2021-06-30,VIXCLS,15.83,CBOE VIX close
2021-07-01,VIXCLS,15.48,CBOE VIX close
2021-07-02,VIXCLS,15.07,CBOE VIX close
2021-07-05,VIXCLS,,CBOE VIX close
2021-07-06,VIXCLS,16.44,CBOE VIX close
2021-07-07,VIXCLS,16.2,CBOE VIX close
2021-07-08,VIXCLS,19,CBOE VIX close
2021-07-09,VIXCLS,16.18,CBOE VIX close
2021-07-12,VIXCLS,16.17,CBOE VIX close
2021-07-13,VIXCLS,17.12,CBOE VIX close
2021-07-14,VIXCLS,16.33,CBOE VIX close
2021-07-15,VIXCLS,17.01,CBOE VIX close
2021-07-16,VIXCLS,18.45,CBOE VIX close
2021-07-19,VIXCLS,22.5,CBOE VIX close
2021-07-20,VIXCLS,19.73,CBOE VIX close
2021-07-21,VIXCLS,17.91,CBOE VIX close
2021-07-22,VIXCLS,17.69,CBOE VIX close
2021-07-23,VIXCLS,17.2,CBOE VIX close
2021-07-26,VIXCLS,17.58,CBOE VIX close
2021-07-27,VIXCLS,19.36,CBOE VIX close
2021-07-28,VIXCLS,18.31,CBOE VIX close
2021-07-29,VIXCLS,17.7,CBOE VIX close
2021-07-30,VIXCLS,18.24,CBOE VIX close
2021-08-02,VIXCLS,19.46,CBOE VIX close
2021-08-03,VIXCLS,18.04,CBOE VIX close
2021-08-04,VIXCLS,17.97,CBOE VIX close
2021-08-05,VIXCLS,17.28,CBOE VIX close
2021-08-06,VIXCLS,16.15,CBOE VIX close
2021-08-09,VIXCLS,16.72,CBOE VIX close
2021-08-10,VIXCLS,16.79,CBOE VIX close
2021-08-11,VIXCLS,16.06,CBOE VIX close
2021-08-12,VIXCLS,15.59,CBOE VIX close
2021-08-13,VIXCLS,15.45,CBOE VIX close
2021-08-16,VIXCLS,16.12,CBOE VIX close
2021-08-17,VIXCLS,17.91,CBOE VIX close
2021-08-18,VIXCLS,21.57,CBOE VIX close
2021-08-19,VIXCLS,21.67,CBOE VIX close
2021-08-20,VIXCLS,18.56,CBOE VIX close
2021-08-23,VIXCLS,17.15,CBOE VIX close
2021-08-24,VIXCLS,17.22,CBOE VIX close
2021-08-25,VIXCLS,16.79,CBOE VIX close
2021-08-26,VIXCLS,18.84,CBOE VIX close
2021-08-27,VIXCLS,16.39,CBOE VIX close
2021-08-30,VIXCLS,16.19,CBOE VIX close
2021-08-31,VIXCLS,16.48,CBOE VIX close
2021-09-01,VIXCLS,16.11,CBOE VIX close
2021-09-02,VIXCLS,16.41,CBOE VIX close
2021-09-03,VIXCLS,16.41,CBOE VIX close
2021-09-06,VIXCLS,,CBOE VIX close
2021-09-07,VIXCLS,18.14,CBOE VIX close
2021-09-08,VIXCLS,17.96,CBOE VIX close
2021-09-09,VIXCLS,18.8,CBOE VIX close
2021-09-10,VIXCLS,20.95,CBOE VIX close
2021-09-13,VIXCLS,19.37,CBOE VIX close
2021-09-14,VIXCLS,19.46,CBOE VIX close
2021-09-15,VIXCLS,18.18,CBOE VIX close
2021-09-16,VIXCLS,18.69,CBOE VIX close
2021-09-17,VIXCLS,20.81,CBOE VIX close
2021-09-20,VIXCLS,25.71,CBOE VIX close
2021-09-21,VIXCLS,24.36,CBOE VIX close
2021-09-22,VIXCLS,20.87,CBOE VIX close
2021-09-23,VIXCLS,18.63,CBOE VIX close
2021-09-24,VIXCLS,17.75,CBOE VIX close
2021-09-27,VIXCLS,18.76,CBOE VIX close
2021-09-28,VIXCLS,23.25,CBOE VIX close
2021-09-29,VIXCLS,22.56,CBOE VIX close
2021-09-30,VIXCLS,23.14,CBOE VIX close
2021-10-01,VIXCLS,21.15,CBOE VIX close
2021-10-04,VIXCLS,22.96,CBOE VIX close
2021-10-05,VIXCLS,21.3,CBOE VIX close
2021-10-06,VIXCLS,21,CBOE VIX close
2021-10-07,VIXCLS,19.54,CBOE VIX close
2021-10-08,VIXCLS,18.77,CBOE VIX close
2021-10-11,VIXCLS,20,CBOE VIX close
2021-10-12,VIXCLS,19.85,CBOE VIX close
2021-10-13,VIXCLS,18.64,CBOE VIX close
2021-10-14,VIXCLS,16.86,CBOE VIX close
2021-10-15,VIXCLS,16.3,CBOE VIX close
2021-10-18,VIXCLS,16.31,CBOE VIX close
2021-10-19,VIXCLS,15.7,CBOE VIX close
2021-10-20,VIXCLS,15.49,CBOE VIX close
2021-10-21,VIXCLS,15.01,CBOE VIX close
2021-10-22,VIXCLS,15.43,CBOE VIX close
2021-10-25,VIXCLS,15.24,CBOE VIX close
2021-10-26,VIXCLS,15.98,CBOE VIX close
2021-10-27,VIXCLS,16.98,CBOE VIX close
2021-10-28,VIXCLS,16.53,CBOE VIX close
2021-10-29,VIXCLS,16.26,CBOE VIX close
2021-11-01,VIXCLS,16.41,CBOE VIX close
2021-11-02,VIXCLS,16.03,CBOE VIX close
2021-11-03,VIXCLS,15.1,CBOE VIX close
2021-11-04,VIXCLS,15.44,CBOE VIX close
2021-11-05,VIXCLS,16.48,CBOE VIX close
2021-11-08,VIXCLS,17.22,CBOE VIX close
2021-11-09,VIXCLS,17.78,CBOE VIX close
2021-11-10,VIXCLS,18.73,CBOE VIX close
2021-11-11,VIXCLS,17.66,CBOE VIX close
2021-11-12,VIXCLS,16.29,CBOE VIX close
2021-11-15,VIXCLS,16.49,CBOE VIX close
2021-11-16,VIXCLS,16.37,CBOE VIX close
2021-11-17,VIXCLS,17.11,CBOE VIX close
2021-11-18,VIXCLS,17.59,CBOE VIX close
2021-11-19,VIXCLS,17.91,CBOE VIX close
2021-11-22,VIXCLS,19.17,CBOE VIX close
2021-11-23,VIXCLS,19.38,CBOE VIX close
2021-11-24,VIXCLS,18.58,CBOE VIX close
2021-11-25,VIXCLS,,CBOE VIX close
2021-11-26,VIXCLS,28.62,CBOE VIX close
2021-11-29,VIXCLS,22.96,CBOE VIX close
2021-11-30,VIXCLS,27.19,CBOE VIX close
2021-12-01,VIXCLS,31.12,CBOE VIX close
2021-12-02,VIXCLS,27.95,CBOE VIX close
2021-12-03,VIXCLS,30.67,CBOE VIX close
2021-12-06,VIXCLS,27.18,CBOE VIX close
2021-12-07,VIXCLS,21.89,CBOE VIX close
2021-12-08,VIXCLS,19.9,CBOE VIX close
2021-12-09,VIXCLS,21.58,CBOE VIX close
2021-12-10,VIXCLS,18.69,CBOE VIX close
2021-12-13,VIXCLS,20.31,CBOE VIX close
2021-12-14,VIXCLS,21.89,CBOE VIX close
2021-12-15,VIXCLS,19.29,CBOE VIX close
2021-12-16,VIXCLS,20.57,CBOE VIX close
2021-12-17,VIXCLS,21.57,CBOE VIX close
2021-12-20,VIXCLS,22.87,CBOE VIX close
2021-12-21,VIXCLS,21.01,CBOE VIX close
2021-12-22,VIXCLS,18.63,CBOE VIX close
2021-12-23,VIXCLS,17.96,CBOE VIX close
2021-12-24,VIXCLS,,CBOE VIX close
2021-12-27,VIXCLS,17.68,CBOE VIX close
2021-12-28,VIXCLS,17.54,CBOE VIX close
2021-12-29,VIXCLS,16.95,CBOE VIX close
2021-12-30,VIXCLS,17.33,CBOE VIX close
2021-12-31,VIXCLS,17.22,CBOE VIX close
2022-01-03,VIXCLS,16.6,CBOE VIX close
2022-01-04,VIXCLS,16.91,CBOE VIX close
2022-01-05,VIXCLS,19.73,CBOE VIX close
2022-01-06,VIXCLS,19.61,CBOE VIX close
2022-01-07,VIXCLS,18.76,CBOE VIX close
2022-01-10,VIXCLS,19.4,CBOE VIX close
2022-01-11,VIXCLS,18.41,CBOE VIX close
2022-01-12,VIXCLS,17.62,CBOE VIX close
2022-01-13,VIXCLS,20.31,CBOE VIX close
2022-01-14,VIXCLS,19.19,CBOE VIX close
2022-01-17,VIXCLS,,CBOE VIX close
2022-01-18,VIXCLS,22.79,CBOE VIX close
2022-01-19,VIXCLS,23.85,CBOE VIX close
2022-01-20,VIXCLS,25.59,CBOE VIX close
2022-01-21,VIXCLS,28.85,CBOE VIX close
2022-01-24,VIXCLS,29.9,CBOE VIX close
2022-01-25,VIXCLS,31.16,CBOE VIX close
2022-01-26,VIXCLS,31.96,CBOE VIX close
2022-01-27,VIXCLS,30.49,CBOE VIX close
2022-01-28,VIXCLS,27.66,CBOE VIX close
2022-01-31,VIXCLS,24.83,CBOE VIX close
2022-02-01,VIXCLS,21.96,CBOE VIX close
2022-02-02,VIXCLS,22.09,CBOE VIX close
2022-02-03,VIXCLS,24.35,CBOE VIX close
2022-02-04,VIXCLS,23.22,CBOE VIX close
2022-02-07,VIXCLS,22.86,CBOE VIX close
2022-02-08,VIXCLS,21.44,CBOE VIX close
2022-02-09,VIXCLS,19.96,CBOE VIX close
2022-02-10,VIXCLS,23.91,CBOE VIX close
2022-02-11,VIXCLS,27.36,CBOE VIX close
2022-02-14,VIXCLS,28.33,CBOE VIX close
2022-02-15,VIXCLS,25.7,CBOE VIX close
2022-02-16,VIXCLS,24.29,CBOE VIX close
2022-02-17,VIXCLS,28.11,CBOE VIX close
2022-02-18,VIXCLS,27.75,CBOE VIX close
2022-02-21,VIXCLS,,CBOE VIX close
2022-02-22,VIXCLS,28.81,CBOE VIX close
2022-02-23,VIXCLS,31.02,CBOE VIX close
2022-02-24,VIXCLS,30.32,CBOE VIX close
2022-02-25,VIXCLS,27.59,CBOE VIX close
2022-02-28,VIXCLS,30.15,CBOE VIX close
2022-03-01,VIXCLS,33.32,CBOE VIX close
2022-03-02,VIXCLS,30.74,CBOE VIX close
2022-03-03,VIXCLS,30.48,CBOE VIX close
2022-03-04,VIXCLS,31.98,CBOE VIX close
2022-03-07,VIXCLS,36.45,CBOE VIX close
2022-03-08,VIXCLS,35.13,CBOE VIX close
2022-03-09,VIXCLS,32.45,CBOE VIX close
2022-03-10,VIXCLS,30.23,CBOE VIX close
2022-03-11,VIXCLS,30.75,CBOE VIX close
2022-03-14,VIXCLS,31.77,CBOE VIX close
2022-03-15,VIXCLS,29.83,CBOE VIX close
2022-03-16,VIXCLS,26.67,CBOE VIX close
2022-03-17,VIXCLS,25.67,CBOE VIX close
2022-03-18,VIXCLS,23.87,CBOE VIX close
2022-03-21,VIXCLS,23.53,CBOE VIX close
2022-03-22,VIXCLS,22.94,CBOE VIX close
2022-03-23,VIXCLS,23.57,CBOE VIX close
2022-03-24,VIXCLS,21.67,CBOE VIX close
2022-03-25,VIXCLS,20.81,CBOE VIX close
2022-03-28,VIXCLS,19.63,CBOE VIX close
2022-03-29,VIXCLS,18.9,CBOE VIX close
2022-03-30,VIXCLS,19.33,CBOE VIX close
2022-03-31,VIXCLS,20.56,CBOE VIX close
2022-04-01,VIXCLS,19.63,CBOE VIX close
2022-04-04,VIXCLS,18.57,CBOE VIX close
2022-04-05,VIXCLS,21.03,CBOE VIX close
2022-04-06,VIXCLS,22.1,CBOE VIX close
2022-04-07,VIXCLS,21.55,CBOE VIX close
2022-04-08,VIXCLS,21.16,CBOE VIX close
2022-04-11,VIXCLS,24.37,CBOE VIX close
2022-04-12,VIXCLS,24.26,CBOE VIX close
2022-04-13,VIXCLS,21.82,CBOE VIX close
2022-04-14,VIXCLS,22.7,CBOE VIX close
2022-04-15,VIXCLS,,CBOE VIX close
2022-04-18,VIXCLS,22.17,CBOE VIX close
2022-04-19,VIXCLS,21.37,CBOE VIX close
2022-04-20,VIXCLS,20.32,CBOE VIX close
2022-04-21,VIXCLS,22.68,CBOE VIX close
2022-04-22,VIXCLS,28.21,CBOE VIX close
2022-04-25,VIXCLS,27.02,CBOE VIX close
2022-04-26,VIXCLS,33.52,CBOE VIX close
2022-04-27,VIXCLS,31.6,CBOE VIX close
2022-04-28,VIXCLS,29.99,CBOE VIX close
2022-04-29,VIXCLS,33.4,CBOE VIX close
2022-05-02,VIXCLS,32.34,CBOE VIX close
2022-05-03,VIXCLS,29.25,CBOE VIX close
2022-05-04,VIXCLS,25.42,CBOE VIX close
2022-05-05,VIXCLS,31.2,CBOE VIX close
2022-05-06,VIXCLS,30.19,CBOE VIX close
2022-05-09,VIXCLS,34.75,CBOE VIX close
2022-05-10,VIXCLS,32.99,CBOE VIX close
2022-05-11,VIXCLS,32.56,CBOE VIX close
2022-05-12,VIXCLS,31.77,CBOE VIX close
2022-05-13,VIXCLS,28.87,CBOE VIX close
2022-05-16,VIXCLS,27.47,CBOE VIX close
2022-05-17,VIXCLS,26.1,CBOE VIX close
2022-05-18,VIXCLS,30.96,CBOE VIX close
2022-05-19,VIXCLS,29.35,CBOE VIX close
2022-05-20,VIXCLS,29.43,CBOE VIX close
2022-05-23,VIXCLS,28.48,CBOE VIX close
2022-05-24,VIXCLS,29.45,CBOE VIX close
2022-05-25,VIXCLS,28.37,CBOE VIX close
2022-05-26,VIXCLS,27.5,CBOE VIX close
2022-05-27,VIXCLS,25.72,CBOE VIX close
2022-05-30,VIXCLS,26.54,CBOE VIX close
2022-05-31,VIXCLS,26.19,CBOE VIX close
2022-06-01,VIXCLS,25.69,CBOE VIX close
2022-06-02,VIXCLS,24.72,CBOE VIX close
2022-06-03,VIXCLS,24.79,CBOE VIX close
2022-06-06,VIXCLS,25.07,CBOE VIX close
2022-06-07,VIXCLS,24.02,CBOE VIX close
2022-06-08,VIXCLS,23.96,CBOE VIX close
2022-06-09,VIXCLS,26.09,CBOE VIX close
2022-06-10,VIXCLS,27.75,CBOE VIX close
2022-06-13,VIXCLS,34.02,CBOE VIX close
2022-06-14,VIXCLS,32.69,CBOE VIX close
2022-06-15,VIXCLS,29.62,CBOE VIX close
2022-06-16,VIXCLS,32.95,CBOE VIX close
2022-06-17,VIXCLS,31.13,CBOE VIX close
2022-06-20,VIXCLS,31.03,CBOE VIX close
2022-06-21,VIXCLS,30.19,CBOE VIX close
2022-06-22,VIXCLS,28.95,CBOE VIX close
2022-06-23,VIXCLS,29.05,CBOE VIX close
2022-06-24,VIXCLS,27.23,CBOE VIX close
2022-06-27,VIXCLS,26.95,CBOE VIX close
2022-06-28,VIXCLS,28.36,CBOE VIX close
2022-06-29,VIXCLS,28.16,CBOE VIX close
2022-06-30,VIXCLS,28.71,CBOE VIX close
2022-07-01,VIXCLS,26.7,CBOE VIX close
2022-07-04,VIXCLS,27.53,CBOE VIX close
2022-07-05,VIXCLS,27.54,CBOE VIX close
2022-07-06,VIXCLS,26.73,CBOE VIX close
2022-07-07,VIXCLS,26.08,CBOE VIX close
2022-07-08,VIXCLS,24.64,CBOE VIX close
2022-07-11,VIXCLS,26.17,CBOE VIX close
2022-07-12,VIXCLS,27.29,CBOE VIX close
2022-07-13,VIXCLS,26.82,CBOE VIX close
2022-07-14,VIXCLS,26.4,CBOE VIX close
2022-07-15,VIXCLS,24.23,CBOE VIX close
2022-07-18,VIXCLS,25.3,CBOE VIX close
2022-07-19,VIXCLS,24.5,CBOE VIX close
2022-07-20,VIXCLS,23.88,CBOE VIX close
2022-07-21,VIXCLS,23.11,CBOE VIX close
2022-07-22,VIXCLS,23.03,CBOE VIX close
2022-07-25,VIXCLS,23.36,CBOE VIX close
2022-07-26,VIXCLS,24.69,CBOE VIX close
2022-07-27,VIXCLS,23.24,CBOE VIX close
2022-07-28,VIXCLS,22.33,CBOE VIX close
2022-07-29,VIXCLS,21.33,CBOE VIX close
2022-08-01,VIXCLS,22.84,CBOE VIX close
2022-08-02,VIXCLS,23.93,CBOE VIX close
2022-08-03,VIXCLS,21.95,CBOE VIX close
2022-08-04,VIXCLS,21.44,CBOE VIX close
2022-08-05,VIXCLS,21.15,CBOE VIX close
2022-08-08,VIXCLS,21.29,CBOE VIX close
2022-08-09,VIXCLS,21.77,CBOE VIX close
2022-08-10,VIXCLS,19.74,CBOE VIX close
2022-08-11,VIXCLS,20.2,CBOE VIX close
2022-08-12,VIXCLS,19.53,CBOE VIX close
2022-08-15,VIXCLS,19.95,CBOE VIX close
2022-08-16,VIXCLS,19.69,CBOE VIX close
2022-08-17,VIXCLS,19.9,CBOE VIX close
2022-08-18,VIXCLS,19.56,CBOE VIX close
2022-08-19,VIXCLS,20.6,CBOE VIX close
2022-08-22,VIXCLS,23.8,CBOE VIX close
2022-08-23,VIXCLS,24.11,CBOE VIX close
2022-08-24,VIXCLS,22.82,CBOE VIX close
2022-08-25,VIXCLS,21.78,CBOE VIX close
2022-08-26,VIXCLS,25.56,CBOE VIX close
2022-08-29,VIXCLS,26.21,CBOE VIX close
2022-08-30,VIXCLS,26.21,CBOE VIX close
2022-08-31,VIXCLS,25.87,CBOE VIX close
2022-09-01,VIXCLS,25.56,CBOE VIX close
2022-09-02,VIXCLS,25.47,CBOE VIX close
2022-09-05,VIXCLS,25.99,CBOE VIX close
2022-09-06,VIXCLS,26.91,CBOE VIX close
2022-09-07,VIXCLS,24.64,CBOE VIX close
2022-09-08,VIXCLS,23.61,CBOE VIX close
2022-09-09,VIXCLS,22.79,CBOE VIX close
2022-09-12,VIXCLS,23.87,CBOE VIX close
2022-09-13,VIXCLS,27.27,CBOE VIX close
2022-09-14,VIXCLS,26.16,CBOE VIX close
2022-09-15,VIXCLS,26.27,CBOE VIX close
2022-09-16,VIXCLS,26.3,CBOE VIX close
2022-09-19,VIXCLS,25.76,CBOE VIX close
2022-09-20,VIXCLS,27.16,CBOE VIX close
2022-09-21,VIXCLS,27.99,CBOE VIX close
2022-09-22,VIXCLS,27.35,CBOE VIX close
2022-09-23,VIXCLS,29.92,CBOE VIX close
2022-09-26,VIXCLS,32.26,CBOE VIX close
2022-09-27,VIXCLS,32.6,CBOE VIX close
2022-09-28,VIXCLS,30.18,CBOE VIX close
2022-09-29,VIXCLS,31.84,CBOE VIX close
2022-09-30,VIXCLS,31.62,CBOE VIX close
2022-10-03,VIXCLS,30.1,CBOE VIX close
2022-10-04,VIXCLS,29.07,CBOE VIX close
2022-10-05,VIXCLS,28.55,CBOE VIX close
2022-10-06,VIXCLS,30.52,CBOE VIX close
2022-10-07,VIXCLS,31.36,CBOE VIX close
2022-10-10,VIXCLS,32.45,CBOE VIX close
2022-10-11,VIXCLS,33.63,CBOE VIX close
2022-10-12,VIXCLS,33.57,CBOE VIX close
2022-10-13,VIXCLS,31.94,CBOE VIX close
2022-10-14,VIXCLS,32.02,CBOE VIX close
2022-10-17,VIXCLS,31.37,CBOE VIX close
2022-10-18,VIXCLS,30.5,CBOE VIX close
2022-10-19,VIXCLS,30.76,CBOE VIX close
2022-10-20,VIXCLS,29.98,CBOE VIX close
2022-10-21,VIXCLS,29.69,CBOE VIX close
2022-10-24,VIXCLS,29.85,CBOE VIX close
2022-10-25,VIXCLS,28.46,CBOE VIX close
2022-10-26,VIXCLS,27.28,CBOE VIX close
2022-10-27,VIXCLS,27.39,CBOE VIX close
2022-10-28,VIXCLS,25.75,CBOE VIX close
2022-10-31,VIXCLS,25.88,CBOE VIX close
2022-11-01,VIXCLS,25.81,CBOE VIX close
2022-11-02,VIXCLS,25.86,CBOE VIX close
2022-11-03,VIXCLS,25.3,CBOE VIX close
2022-11-04,VIXCLS,24.55,CBOE VIX close
2022-11-07,VIXCLS,24.35,CBOE VIX close
2022-11-08,VIXCLS,25.54,CBOE VIX close
2022-11-09,VIXCLS,26.09,CBOE VIX close
2022-11-10,VIXCLS,23.53,CBOE VIX close
2022-11-11,VIXCLS,22.52,CBOE VIX close
2022-11-14,VIXCLS,23.73,CBOE VIX close
2022-11-15,VIXCLS,24.54,CBOE VIX close
2022-11-16,VIXCLS,24.11,CBOE VIX close
2022-11-17,VIXCLS,23.93,CBOE VIX close
2022-11-18,VIXCLS,23.12,CBOE VIX close
2022-11-21,VIXCLS,22.36,CBOE VIX close
2022-11-22,VIXCLS,21.29,CBOE VIX close
2022-11-23,VIXCLS,20.35,CBOE VIX close
2022-11-24,VIXCLS,20.42,CBOE VIX close
2022-11-25,VIXCLS,20.5,CBOE VIX close
2022-11-28,VIXCLS,22.21,CBOE VIX close
2022-11-29,VIXCLS,21.89,CBOE VIX close
2022-11-30,VIXCLS,20.58,CBOE VIX close
2022-12-01,VIXCLS,19.84,CBOE VIX close
2022-12-02,VIXCLS,19.06,CBOE VIX close
2022-12-05,VIXCLS,20.75,CBOE VIX close
2022-12-06,VIXCLS,22.17,CBOE VIX close
2022-12-07,VIXCLS,22.68,CBOE VIX close
2022-12-08,VIXCLS,22.29,CBOE VIX close
2022-12-09,VIXCLS,22.83,CBOE VIX close
2022-12-12,VIXCLS,25,CBOE VIX close
2022-12-13,VIXCLS,22.55,CBOE VIX close
2022-12-14,VIXCLS,21.14,CBOE VIX close
2022-12-15,VIXCLS,22.83,CBOE VIX close
2022-12-16,VIXCLS,22.62,CBOE VIX close
2022-12-19,VIXCLS,22.42,CBOE VIX close
2022-12-20,VIXCLS,21.48,CBOE VIX close
2022-12-21,VIXCLS,20.07,CBOE VIX close
2022-12-22,VIXCLS,21.97,CBOE VIX close
2022-12-23,VIXCLS,20.87,CBOE VIX close
2022-12-26,VIXCLS,,CBOE VIX close
2022-12-27,VIXCLS,21.65,CBOE VIX close
2022-12-28,VIXCLS,22.14,CBOE VIX close
2022-12-29,VIXCLS,21.44,CBOE VIX close
2022-12-30,VIXCLS,21.67,CBOE VIX close
2023-01-02,VIXCLS,,CBOE VIX close
2023-01-03,VIXCLS,22.9,CBOE VIX close
2023-01-04,VIXCLS,22.01,CBOE VIX close
2023-01-05,VIXCLS,22.46,CBOE VIX close
2023-01-06,VIXCLS,21.13,CBOE VIX close
2023-01-09,VIXCLS,21.97,CBOE VIX close
2023-01-10,VIXCLS,20.58,CBOE VIX close
2023-01-11,VIXCLS,21.09,CBOE VIX close
2023-01-12,VIXCLS,18.83,CBOE VIX close
2023-01-13,VIXCLS,18.35,CBOE VIX close
2023-01-16,VIXCLS,19.49,CBOE VIX close
2023-01-17,VIXCLS,19.36,CBOE VIX close
2023-01-18,VIXCLS,20.34,CBOE VIX close
2023-01-19,VIXCLS,20.52,CBOE VIX close
2023-01-20,VIXCLS,19.85,CBOE VIX close
2023-01-23,VIXCLS,19.81,CBOE VIX close
2023-01-24,VIXCLS,19.2,CBOE VIX close
2023-01-25,VIXCLS,19.08,CBOE VIX close
2023-01-26,VIXCLS,18.73,CBOE VIX close
2023-01-27,VIXCLS,18.51,CBOE VIX close
2023-01-30,VIXCLS,19.94,CBOE VIX close
2023-01-31,VIXCLS,19.4,CBOE VIX close
2023-02-01,VIXCLS,17.87,CBOE VIX close
2023-02-02,VIXCLS,18.73,CBOE VIX close
2023-02-03,VIXCLS,18.33,CBOE VIX close
2023-02-06,VIXCLS,19.43,CBOE VIX close
2023-02-07,VIXCLS,18.66,CBOE VIX close
2023-02-08,VIXCLS,19.63,CBOE VIX close
2023-02-09,VIXCLS,20.71,CBOE VIX close
2023-02-10,VIXCLS,20.53,CBOE VIX close
2023-02-13,VIXCLS,20.34,CBOE VIX close
2023-02-14,VIXCLS,18.91,CBOE VIX close
2023-02-15,VIXCLS,18.23,CBOE VIX close
2023-02-16,VIXCLS,20.17,CBOE VIX close
2023-02-17,VIXCLS,20.02,CBOE VIX close
2023-02-20,VIXCLS,21.23,CBOE VIX close
2023-02-21,VIXCLS,22.87,CBOE VIX close
2023-02-22,VIXCLS,22.29,CBOE VIX close
2023-02-23,VIXCLS,21.14,CBOE VIX close
2023-02-24,VIXCLS,21.67,CBOE VIX close
2023-02-27,VIXCLS,20.95,CBOE VIX close
2023-02-28,VIXCLS,20.7,CBOE VIX close
2023-03-01,VIXCLS,20.58,CBOE VIX close
2023-03-02,VIXCLS,19.59,CBOE VIX close
2023-03-03,VIXCLS,18.49,CBOE VIX close
2023-03-06,VIXCLS,18.61,CBOE VIX close
2023-03-07,VIXCLS,19.59,CBOE VIX close
2023-03-08,VIXCLS,19.11,CBOE VIX close
2023-03-09,VIXCLS,22.61,CBOE VIX close
2023-03-10,VIXCLS,24.8,CBOE VIX close
2023-03-13,VIXCLS,26.52,CBOE VIX close
2023-03-14,VIXCLS,23.73,CBOE VIX close
2023-03-15,VIXCLS,26.14,CBOE VIX close
2023-03-16,VIXCLS,22.99,CBOE VIX close
2023-03-17,VIXCLS,25.51,CBOE VIX close
2023-03-20,VIXCLS,24.15,CBOE VIX close
2023-03-21,VIXCLS,21.38,CBOE VIX close
2023-03-22,VIXCLS,22.26,CBOE VIX close
2023-03-23,VIXCLS,22.61,CBOE VIX close
2023-03-24,VIXCLS,21.74,CBOE VIX close
2023-03-27,VIXCLS,20.6,CBOE VIX close
2023-03-28,VIXCLS,19.97,CBOE VIX close
2023-03-29,VIXCLS,19.12,CBOE VIX close
2023-03-30,VIXCLS,19.02,CBOE VIX close
2023-03-31,VIXCLS,18.7,CBOE VIX close
2023-04-03,VIXCLS,18.55,CBOE VIX close
2023-04-04,VIXCLS,19,CBOE VIX close
2023-04-05,VIXCLS,19.08,CBOE VIX close
2023-04-06,VIXCLS,18.4,CBOE VIX close
2023-04-07,VIXCLS,,CBOE VIX close
2023-04-10,VIXCLS,18.97,CBOE VIX close
2023-04-11,VIXCLS,19.1,CBOE VIX close
2023-04-12,VIXCLS,19.09,CBOE VIX close
2023-04-13,VIXCLS,17.8,CBOE VIX close
2023-04-14,VIXCLS,17.07,CBOE VIX close
2023-04-17,VIXCLS,16.95,CBOE VIX close
2023-04-18,VIXCLS,16.83,CBOE VIX close
2023-04-19,VIXCLS,16.46,CBOE VIX close
2023-04-20,VIXCLS,17.17,CBOE VIX close
2023-04-21,VIXCLS,16.77,CBOE VIX close
2023-04-24,VIXCLS,16.89,CBOE VIX close
2023-04-25,VIXCLS,18.76,CBOE VIX close
2023-04-26,VIXCLS,18.84,CBOE VIX close
2023-04-27,VIXCLS,17.03,CBOE VIX close
2023-04-28,VIXCLS,15.78,CBOE VIX close
2023-05-01,VIXCLS,16.08,CBOE VIX close
2023-05-02,VIXCLS,17.78,CBOE VIX close
2023-05-03,VIXCLS,18.34,CBOE VIX close
2023-05-04,VIXCLS,20.09,CBOE VIX close
2023-05-05,VIXCLS,17.19,CBOE VIX close
2023-05-08,VIXCLS,16.98,CBOE VIX close
2023-05-09,VIXCLS,17.71,CBOE VIX close
2023-05-10,VIXCLS,16.94,CBOE VIX close
2023-05-11,VIXCLS,16.93,CBOE VIX close
2023-05-12,VIXCLS,17.03,CBOE VIX close
2023-05-15,VIXCLS,17.12,CBOE VIX close
2023-05-16,VIXCLS,17.99,CBOE VIX close
2023-05-17,VIXCLS,16.87,CBOE VIX close
2023-05-18,VIXCLS,16.05,CBOE VIX close
2023-05-19,VIXCLS,16.81,CBOE VIX close
2023-05-22,VIXCLS,17.21,CBOE VIX close
2023-05-23,VIXCLS,18.53,CBOE VIX close
2023-05-24,VIXCLS,20.03,CBOE VIX close
2023-05-25,VIXCLS,19.14,CBOE VIX close
2023-05-26,VIXCLS,17.95,CBOE VIX close
2023-05-29,VIXCLS,17.46,CBOE VIX close
2023-05-30,VIXCLS,17.46,CBOE VIX close
2023-05-31,VIXCLS,17.94,CBOE VIX close
2023-06-01,VIXCLS,15.65,CBOE VIX close
2023-06-02,VIXCLS,14.6,CBOE VIX close
2023-06-05,VIXCLS,14.73,CBOE VIX close
2023-06-06,VIXCLS,13.96,CBOE VIX close
2023-06-07,VIXCLS,13.94,CBOE VIX close
2023-06-08,VIXCLS,13.65,CBOE VIX close
2023-06-09,VIXCLS,13.83,CBOE VIX close
2023-06-12,VIXCLS,15.01,CBOE VIX close
2023-06-13,VIXCLS,14.61,CBOE VIX close
2023-06-14,VIXCLS,13.88,CBOE VIX close
2023-06-15,VIXCLS,14.5,CBOE VIX close
2023-06-16,VIXCLS,13.54,CBOE VIX close
2023-06-19,VIXCLS,14.19,CBOE VIX close
2023-06-20,VIXCLS,13.88,CBOE VIX close
2023-06-21,VIXCLS,13.2,CBOE VIX close
2023-06-22,VIXCLS,12.91,CBOE VIX close
2023-06-23,VIXCLS,13.44,CBOE VIX close
2023-06-26,VIXCLS,14.25,CBOE VIX close
2023-06-27,VIXCLS,13.74,CBOE VIX close
2023-06-28,VIXCLS,13.43,CBOE VIX close
2023-06-29,VIXCLS,13.54,CBOE VIX close
2023-06-30,VIXCLS,13.59,CBOE VIX close
2023-07-03,VIXCLS,13.57,CBOE VIX close
2023-07-04,VIXCLS,13.7,CBOE VIX close
2023-07-05,VIXCLS,14.18,CBOE VIX close
2023-07-06,VIXCLS,15.44,CBOE VIX close
2023-07-07,VIXCLS,14.83,CBOE VIX close
2023-07-10,VIXCLS,15.07,CBOE VIX close
2023-07-11,VIXCLS,14.84,CBOE VIX close
2023-07-12,VIXCLS,13.54,CBOE VIX close
2023-07-13,VIXCLS,13.61,CBOE VIX close
2023-07-14,VIXCLS,13.34,CBOE VIX close
2023-07-17,VIXCLS,13.48,CBOE VIX close
2023-07-18,VIXCLS,13.3,CBOE VIX close
2023-07-19,VIXCLS,13.76,CBOE VIX close
2023-07-20,VIXCLS,13.99,CBOE VIX close
2023-07-21,VIXCLS,13.6,CBOE VIX close
2023-07-24,VIXCLS,13.91,CBOE VIX close
2023-07-25,VIXCLS,13.86,CBOE VIX close
2023-07-26,VIXCLS,13.19,CBOE VIX close
2023-07-27,VIXCLS,14.41,CBOE VIX close
2023-07-28,VIXCLS,13.33,CBOE VIX close
2023-07-31,VIXCLS,13.63,CBOE VIX close
2023-08-01,VIXCLS,13.93,CBOE VIX close
2023-08-02,VIXCLS,16.09,CBOE VIX close
2023-08-03,VIXCLS,15.92,CBOE VIX close
2023-08-04,VIXCLS,17.1,CBOE VIX close
2023-08-07,VIXCLS,15.77,CBOE VIX close
2023-08-08,VIXCLS,15.99,CBOE VIX close
2023-08-09,VIXCLS,15.96,CBOE VIX close
2023-08-10,VIXCLS,15.85,CBOE VIX close
2023-08-11,VIXCLS,14.84,CBOE VIX close
2023-08-14,VIXCLS,14.82,CBOE VIX close
2023-08-15,VIXCLS,16.46,CBOE VIX close
2023-08-16,VIXCLS,16.78,CBOE VIX close
2023-08-17,VIXCLS,17.89,CBOE VIX close
2023-08-18,VIXCLS,17.3,CBOE VIX close
2023-08-21,VIXCLS,17.13,CBOE VIX close
2023-08-22,VIXCLS,16.97,CBOE VIX close
2023-08-23,VIXCLS,15.98,CBOE VIX close
2023-08-24,VIXCLS,17.2,CBOE VIX close
2023-08-25,VIXCLS,15.68,CBOE VIX close
2023-08-28,VIXCLS,15.08,CBOE VIX close
2023-08-29,VIXCLS,14.45,CBOE VIX close
2023-08-30,VIXCLS,13.88,CBOE VIX close
2023-08-31,VIXCLS,13.57,CBOE VIX close
2023-09-01,VIXCLS,13.09,CBOE VIX close
2023-09-04,VIXCLS,13.82,CBOE VIX close
2023-09-05,VIXCLS,14.01,CBOE VIX close
2023-09-06,VIXCLS,14.45,CBOE VIX close
2023-09-07,VIXCLS,14.4,CBOE VIX close
2023-09-08,VIXCLS,13.84,CBOE VIX close
2023-09-11,VIXCLS,13.8,CBOE VIX close
2023-09-12,VIXCLS,14.23,CBOE VIX close
2023-09-13,VIXCLS,13.48,CBOE VIX close
2023-09-14,VIXCLS,12.82,CBOE VIX close
2023-09-15,VIXCLS,13.79,CBOE VIX close
2023-09-18,VIXCLS,14,CBOE VIX close
2023-09-19,VIXCLS,14.11,CBOE VIX close
2023-09-20,VIXCLS,15.14,CBOE VIX close
2023-09-21,VIXCLS,17.54,CBOE VIX close
2023-09-22,VIXCLS,17.2,CBOE VIX close
2023-09-25,VIXCLS,16.9,CBOE VIX close
2023-09-26,VIXCLS,18.94,CBOE VIX close
2023-09-27,VIXCLS,18.22,CBOE VIX close
2023-09-28,VIXCLS,17.34,CBOE VIX close
2023-09-29,VIXCLS,17.52,CBOE VIX close
2023-10-02,VIXCLS,17.61,CBOE VIX close
2023-10-03,VIXCLS,19.78,CBOE VIX close
2023-10-04,VIXCLS,18.58,CBOE VIX close
2023-10-05,VIXCLS,18.49,CBOE VIX close
2023-10-06,VIXCLS,17.45,CBOE VIX close
2023-10-09,VIXCLS,17.7,CBOE VIX close
2023-10-10,VIXCLS,17.03,CBOE VIX close
2023-10-11,VIXCLS,16.09,CBOE VIX close
2023-10-12,VIXCLS,16.69,CBOE VIX close
2023-10-13,VIXCLS,19.32,CBOE VIX close
2023-10-16,VIXCLS,17.21,CBOE VIX close
2023-10-17,VIXCLS,17.88,CBOE VIX close
2023-10-18,VIXCLS,19.22,CBOE VIX close
2023-10-19,VIXCLS,21.4,CBOE VIX close
2023-10-20,VIXCLS,21.71,CBOE VIX close
2023-10-23,VIXCLS,20.37,CBOE VIX close
2023-10-24,VIXCLS,18.97,CBOE VIX close
2023-10-25,VIXCLS,20.19,CBOE VIX close
2023-10-26,VIXCLS,20.68,CBOE VIX close
2023-10-27,VIXCLS,21.27,CBOE VIX close
2023-10-30,VIXCLS,19.75,CBOE VIX close
2023-10-31,VIXCLS,18.14,CBOE VIX close
2023-11-01,VIXCLS,16.87,CBOE VIX close
2023-11-02,VIXCLS,15.66,CBOE VIX close
2023-11-03,VIXCLS,14.91,CBOE VIX close
2023-11-06,VIXCLS,14.89,CBOE VIX close
2023-11-07,VIXCLS,14.81,CBOE VIX close
2023-11-08,VIXCLS,14.45,CBOE VIX close
2023-11-09,VIXCLS,15.29,CBOE VIX close
2023-11-10,VIXCLS,14.17,CBOE VIX close
2023-11-13,VIXCLS,14.76,CBOE VIX close
2023-11-14,VIXCLS,14.16,CBOE VIX close
2023-11-15,VIXCLS,14.18,CBOE VIX close
2023-11-16,VIXCLS,14.32,CBOE VIX close
2023-11-17,VIXCLS,13.8,CBOE VIX close
2023-11-20,VIXCLS,13.41,CBOE VIX close
2023-11-21,VIXCLS,13.35,CBOE VIX close
2023-11-22,VIXCLS,12.85,CBOE VIX close
2023-11-23,VIXCLS,12.8,CBOE VIX close
2023-11-24,VIXCLS,12.46,CBOE VIX close
2023-11-27,VIXCLS,12.69,CBOE VIX close
2023-11-28,VIXCLS,12.69,CBOE VIX close
2023-11-29,VIXCLS,12.98,CBOE VIX close
2023-11-30,VIXCLS,12.92,CBOE VIX close
2023-12-01,VIXCLS,12.63,CBOE VIX close
2023-12-04,VIXCLS,13.08,CBOE VIX close
2023-12-05,VIXCLS,12.85,CBOE VIX close
2023-12-06,VIXCLS,12.97,CBOE VIX close
2023-12-07,VIXCLS,13.06,CBOE VIX close
2023-12-08,VIXCLS,12.35,CBOE VIX close
2023-12-11,VIXCLS,12.63,CBOE VIX close
2023-12-12,VIXCLS,12.07,CBOE VIX close
2023-12-13,VIXCLS,12.19,CBOE VIX close
2023-12-14,VIXCLS,12.48,CBOE VIX close
2023-12-15,VIXCLS,12.28,CBOE VIX close
2023-12-18,VIXCLS,12.56,CBOE VIX close
2023-12-19,VIXCLS,12.53,CBOE VIX close
2023-12-20,VIXCLS,13.67,CBOE VIX close
2023-12-21,VIXCLS,13.65,CBOE VIX close
2023-12-22,VIXCLS,13.03,CBOE VIX close
2023-12-25,VIXCLS,,CBOE VIX close
2023-12-26,VIXCLS,12.99,CBOE VIX close
2023-12-27,VIXCLS,12.43,CBOE VIX close
2023-12-28,VIXCLS,12.47,CBOE VIX close
2023-12-29,VIXCLS,12.45,CBOE VIX close
2024-01-01,VIXCLS,,CBOE VIX close
2024-01-02,VIXCLS,13.2,CBOE VIX close
2024-01-03,VIXCLS,14.04,CBOE VIX close
2024-01-04,VIXCLS,14.13,CBOE VIX close
2024-01-05,VIXCLS,13.35,CBOE VIX close
2024-01-08,VIXCLS,13.08,CBOE VIX close
2024-01-09,VIXCLS,12.76,CBOE VIX close
2024-01-10,VIXCLS,12.69,CBOE VIX close
2024-01-11,VIXCLS,12.44,CBOE VIX close
2024-01-12,VIXCLS,12.7,CBOE VIX close
2024-01-15,VIXCLS,13.25,CBOE VIX close
2024-01-16,VIXCLS,13.84,CBOE VIX close
2024-01-17,VIXCLS,14.79,CBOE VIX close
2024-01-18,VIXCLS,14.13,CBOE VIX close
2024-01-19,VIXCLS,13.3,CBOE VIX close
2024-01-22,VIXCLS,13.19,CBOE VIX close
2024-01-23,VIXCLS,12.55,CBOE VIX close
2024-01-24,VIXCLS,13.14,CBOE VIX close
2024-01-25,VIXCLS,13.45,CBOE VIX close
2024-01-26,VIXCLS,13.26,CBOE VIX close
2024-01-29,VIXCLS,13.6,CBOE VIX close
2024-01-30,VIXCLS,13.31,CBOE VIX close
2024-01-31,VIXCLS,14.35,CBOE VIX close
2024-02-01,VIXCLS,13.88,CBOE VIX close
2024-02-02,VIXCLS,13.85,CBOE VIX close
2024-02-05,VIXCLS,13.67,CBOE VIX close
2024-02-06,VIXCLS,13.06,CBOE VIX close
2024-02-07,VIXCLS,12.83,CBOE VIX close
2024-02-08,VIXCLS,12.79,CBOE VIX close
2024-02-09,VIXCLS,12.93,CBOE VIX close
2024-02-12,VIXCLS,13.93,CBOE VIX close
2024-02-13,VIXCLS,15.85,CBOE VIX close
2024-02-14,VIXCLS,14.38,CBOE VIX close
2024-02-15,VIXCLS,14.01,CBOE VIX close
2024-02-16,VIXCLS,14.24,CBOE VIX close
2024-02-19,VIXCLS,14.71,CBOE VIX close
2024-02-20,VIXCLS,15.42,CBOE VIX close
2024-02-21,VIXCLS,15.34,CBOE VIX close
2024-02-22,VIXCLS,14.54,CBOE VIX close
2024-02-23,VIXCLS,13.75,CBOE VIX close
2024-02-26,VIXCLS,13.74,CBOE VIX close
2024-02-27,VIXCLS,13.43,CBOE VIX close
2024-02-28,VIXCLS,13.84,CBOE VIX close
2024-02-29,VIXCLS,13.4,CBOE VIX close
2024-03-01,VIXCLS,13.11,CBOE VIX close
2024-03-04,VIXCLS,13.49,CBOE VIX close
2024-03-05,VIXCLS,14.46,CBOE VIX close
2024-03-06,VIXCLS,14.5,CBOE VIX close
2024-03-07,VIXCLS,14.44,CBOE VIX close
2024-03-08,VIXCLS,14.74,CBOE VIX close
2024-03-11,VIXCLS,15.22,CBOE VIX close
2024-03-12,VIXCLS,13.84,CBOE VIX close
2024-03-13,VIXCLS,13.75,CBOE VIX close
2024-03-14,VIXCLS,14.4,CBOE VIX close
2024-03-15,VIXCLS,14.41,CBOE VIX close
2024-03-18,VIXCLS,14.33,CBOE VIX close
2024-03-19,VIXCLS,13.82,CBOE VIX close
2024-03-20,VIXCLS,13.04,CBOE VIX close
2024-03-21,VIXCLS,12.92,CBOE VIX close
2024-03-22,VIXCLS,13.06,CBOE VIX close
2024-03-25,VIXCLS,13.19,CBOE VIX close
2024-03-26,VIXCLS,13.24,CBOE VIX close
2024-03-27,VIXCLS,12.78,CBOE VIX close
2024-03-28,VIXCLS,13.01,CBOE VIX close
2024-03-29,VIXCLS,,CBOE VIX close
2024-04-01,VIXCLS,13.65,CBOE VIX close
2024-04-02,VIXCLS,14.61,CBOE VIX close
2024-04-03,VIXCLS,14.33,CBOE VIX close
2024-04-04,VIXCLS,16.35,CBOE VIX close
2024-04-05,VIXCLS,16.03,CBOE VIX close
2024-04-08,VIXCLS,15.19,CBOE VIX close
2024-04-09,VIXCLS,14.98,CBOE VIX close
2024-04-10,VIXCLS,15.8,CBOE VIX close
2024-04-11,VIXCLS,14.91,CBOE VIX close
2024-04-12,VIXCLS,17.31,CBOE VIX close
2024-04-15,VIXCLS,19.23,CBOE VIX close
2024-04-16,VIXCLS,18.4,CBOE VIX close
2024-04-17,VIXCLS,18.21,CBOE VIX close
2024-04-18,VIXCLS,18,CBOE VIX close
2024-04-19,VIXCLS,18.71,CBOE VIX close
2024-04-22,VIXCLS,16.94,CBOE VIX close
2024-04-23,VIXCLS,15.69,CBOE VIX close
2024-04-24,VIXCLS,15.97,CBOE VIX close
2024-04-25,VIXCLS,15.37,CBOE VIX close
2024-04-26,VIXCLS,15.03,CBOE VIX close
2024-04-29,VIXCLS,14.67,CBOE VIX close
2024-04-30,VIXCLS,15.65,CBOE VIX close
2024-05-01,VIXCLS,15.39,CBOE VIX close
2024-05-02,VIXCLS,14.68,CBOE VIX close
2024-05-03,VIXCLS,13.49,CBOE VIX close
2024-05-06,VIXCLS,13.49,CBOE VIX close
2024-05-07,VIXCLS,13.23,CBOE VIX close
2024-05-08,VIXCLS,13,CBOE VIX close
2024-05-09,VIXCLS,12.69,CBOE VIX close
2024-05-10,VIXCLS,12.55,CBOE VIX close
2024-05-13,VIXCLS,13.6,CBOE VIX close
2024-05-14,VIXCLS,13.42,CBOE VIX close
2024-05-15,VIXCLS,12.45,CBOE VIX close
2024-05-16,VIXCLS,12.42,CBOE VIX close
2024-05-17,VIXCLS,11.99,CBOE VIX close
2024-05-20,VIXCLS,12.15,CBOE VIX close
2024-05-21,VIXCLS,11.86,CBOE VIX close
2024-05-22,VIXCLS,12.29,CBOE VIX close
2024-05-23,VIXCLS,12.77,CBOE VIX close
2024-05-24,VIXCLS,11.93,CBOE VIX close
2024-05-27,VIXCLS,12.36,CBOE VIX close
2024-05-28,VIXCLS,12.92,CBOE VIX close
2024-05-29,VIXCLS,14.28,CBOE VIX close
2024-05-30,VIXCLS,14.47,CBOE VIX close
2024-05-31,VIXCLS,12.92,CBOE VIX close
2024-06-03,VIXCLS,13.11,CBOE VIX close
2024-06-04,VIXCLS,13.16,CBOE VIX close
2024-06-05,VIXCLS,12.63,CBOE VIX close
2024-06-06,VIXCLS,12.58,CBOE VIX close
2024-06-07,VIXCLS,12.22,CBOE VIX close
2024-06-10,VIXCLS,12.74,CBOE VIX close
2024-06-11,VIXCLS,12.85,CBOE VIX close
2024-06-12,VIXCLS,12.04,CBOE VIX close
2024-06-13,VIXCLS,11.94,CBOE VIX close
2024-06-14,VIXCLS,12.66,CBOE VIX close
2024-06-17,VIXCLS,12.75,CBOE VIX close
2024-06-18,VIXCLS,12.3,CBOE VIX close
2024-06-19,VIXCLS,12.48,CBOE VIX close
2024-06-20,VIXCLS,13.28,CBOE VIX close
2024-06-21,VIXCLS,13.2,CBOE VIX close
2024-06-24,VIXCLS,13.33,CBOE VIX close
2024-06-25,VIXCLS,12.84,CBOE VIX close
2024-06-26,VIXCLS,12.55,CBOE VIX close
2024-06-27,VIXCLS,12.24,CBOE VIX close
2024-06-28,VIXCLS,12.44,CBOE VIX close
2024-07-01,VIXCLS,12.22,CBOE VIX close
2024-07-02,VIXCLS,12.03,CBOE VIX close
2024-07-03,VIXCLS,12.09,CBOE VIX close
2024-07-04,VIXCLS,12.26,CBOE VIX close
2024-07-05,VIXCLS,12.48,CBOE VIX close
2024-07-08,VIXCLS,12.37,CBOE VIX close
2024-07-09,VIXCLS,12.51,CBOE VIX close
2024-07-10,VIXCLS,12.85,CBOE VIX close
2024-07-11,VIXCLS,12.92,CBOE VIX close
2024-07-12,VIXCLS,12.46,CBOE VIX close
2024-07-15,VIXCLS,13.12,CBOE VIX close
2024-07-16,VIXCLS,13.19,CBOE VIX close
2024-07-17,VIXCLS,14.48,CBOE VIX close
2024-07-18,VIXCLS,15.93,CBOE VIX close
2024-07-19,VIXCLS,16.52,CBOE VIX close
2024-07-22,VIXCLS,14.91,CBOE VIX close
2024-07-23,VIXCLS,14.72,CBOE VIX close
2024-07-24,VIXCLS,18.04,CBOE VIX close
2024-07-25,VIXCLS,18.46,CBOE VIX close
2024-07-26,VIXCLS,16.39,CBOE VIX close
2024-07-29,VIXCLS,16.6,CBOE VIX close
2024-07-30,VIXCLS,17.69,CBOE VIX close
2024-07-31,VIXCLS,16.36,CBOE VIX close
2024-08-01,VIXCLS,18.59,CBOE VIX close
2024-08-02,VIXCLS,23.39,CBOE VIX close
2024-08-05,VIXCLS,38.57,CBOE VIX close
2024-08-06,VIXCLS,27.71,CBOE VIX close
2024-08-07,VIXCLS,27.85,CBOE VIX close
2024-08-08,VIXCLS,23.79,CBOE VIX close
2024-08-09,VIXCLS,20.37,CBOE VIX close
2024-08-12,VIXCLS,20.71,CBOE VIX close
2024-08-13,VIXCLS,18.12,CBOE VIX close
2024-08-14,VIXCLS,16.19,CBOE VIX close
2024-08-15,VIXCLS,15.23,CBOE VIX close
2024-08-16,VIXCLS,14.8,CBOE VIX close
2024-08-19,VIXCLS,14.65,CBOE VIX close
2024-08-20,VIXCLS,15.88,CBOE VIX close
2024-08-21,VIXCLS,16.27,CBOE VIX close
2024-08-22,VIXCLS,17.55,CBOE VIX close
2024-08-23,VIXCLS,15.86,CBOE VIX close
2024-08-26,VIXCLS,16.15,CBOE VIX close
2024-08-27,VIXCLS,15.43,CBOE VIX close
2024-08-28,VIXCLS,17.11,CBOE VIX close
2024-08-29,VIXCLS,15.65,CBOE VIX close
2024-08-30,VIXCLS,15,CBOE VIX close
2024-09-02,VIXCLS,15.55,CBOE VIX close
2024-09-03,VIXCLS,20.72,CBOE VIX close
2024-09-04,VIXCLS,21.32,CBOE VIX close
2024-09-05,VIXCLS,19.9,CBOE VIX close
2024-09-06,VIXCLS,22.38,CBOE VIX close
2024-09-09,VIXCLS,19.45,CBOE VIX close
2024-09-10,VIXCLS,19.08,CBOE VIX close
2024-09-11,VIXCLS,17.69,CBOE VIX close
2024-09-12,VIXCLS,17.07,CBOE VIX close
2024-09-13,VIXCLS,16.56,CBOE VIX close
2024-09-16,VIXCLS,17.14,CBOE VIX close
2024-09-17,VIXCLS,17.61,CBOE VIX close
2024-09-18,VIXCLS,18.23,CBOE VIX close
2024-09-19,VIXCLS,16.33,CBOE VIX close
2024-09-20,VIXCLS,16.15,CBOE VIX close
2024-09-23,VIXCLS,15.89,CBOE VIX close
2024-09-24,VIXCLS,15.39,CBOE VIX close
2024-09-25,VIXCLS,15.41,CBOE VIX close
2024-09-26,VIXCLS,15.37,CBOE VIX close
2024-09-27,VIXCLS,16.96,CBOE VIX close
2024-09-30,VIXCLS,16.73,CBOE VIX close
2024-10-01,VIXCLS,19.26,CBOE VIX close
2024-10-02,VIXCLS,18.9,CBOE VIX close
2024-10-03,VIXCLS,20.49,CBOE VIX close
2024-10-04,VIXCLS,19.21,CBOE VIX close
2024-10-07,VIXCLS,22.64,CBOE VIX close
2024-10-08,VIXCLS,21.42,CBOE VIX close
2024-10-09,VIXCLS,20.86,CBOE VIX close
2024-10-10,VIXCLS,20.93,CBOE VIX close
2024-10-11,VIXCLS,20.46,CBOE VIX close
2024-10-14,VIXCLS,19.7,CBOE VIX close
2024-10-15,VIXCLS,20.64,CBOE VIX close
2024-10-16,VIXCLS,19.58,CBOE VIX close
2024-10-17,VIXCLS,19.11,CBOE VIX close
2024-10-18,VIXCLS,18.03,CBOE VIX close
2024-10-21,VIXCLS,18.37,CBOE VIX close
2024-10-22,VIXCLS,18.2,CBOE VIX close
2024-10-23,VIXCLS,19.24,CBOE VIX close
2024-10-24,VIXCLS,19.08,CBOE VIX close
2024-10-25,VIXCLS,20.33,CBOE VIX close
2024-10-28,VIXCLS,19.8,CBOE VIX close
2024-10-29,VIXCLS,19.34,CBOE VIX close
2024-10-30,VIXCLS,20.35,CBOE VIX close
2024-10-31,VIXCLS,23.16,CBOE VIX close
2024-11-01,VIXCLS,21.88,CBOE VIX close
2024-11-04,VIXCLS,21.98,CBOE VIX close
2024-11-05,VIXCLS,20.49,CBOE VIX close
2024-11-06,VIXCLS,16.27,CBOE VIX close
2024-11-07,VIXCLS,15.2,CBOE VIX close
2024-11-08,VIXCLS,14.94,CBOE VIX close
2024-11-11,VIXCLS,14.97,CBOE VIX close
2024-11-12,VIXCLS,14.71,CBOE VIX close
2024-11-13,VIXCLS,14.02,CBOE VIX close
2024-11-14,VIXCLS,14.31,CBOE VIX close
2024-11-15,VIXCLS,16.14,CBOE VIX close
2024-11-18,VIXCLS,15.58,CBOE VIX close
2024-11-19,VIXCLS,16.35,CBOE VIX close
2024-11-20,VIXCLS,17.16,CBOE VIX close
2024-11-21,VIXCLS,16.87,CBOE VIX close
2024-11-22,VIXCLS,15.24,CBOE VIX close
2024-11-25,VIXCLS,14.6,CBOE VIX close
2024-11-26,VIXCLS,14.1,CBOE VIX close
2024-11-27,VIXCLS,14.1,CBOE VIX close
2024-11-28,VIXCLS,13.9,CBOE VIX close
2024-11-29,VIXCLS,13.51,CBOE VIX close
2024-12-02,VIXCLS,13.34,CBOE VIX close
2024-12-03,VIXCLS,13.3,CBOE VIX close
2024-12-04,VIXCLS,13.45,CBOE VIX close
2024-12-05,VIXCLS,13.54,CBOE VIX close
2024-12-06,VIXCLS,12.77,CBOE VIX close
2024-12-09,VIXCLS,14.19,CBOE VIX close
2024-12-10,VIXCLS,14.18,CBOE VIX close
2024-12-11,VIXCLS,13.58,CBOE VIX close
2024-12-12,VIXCLS,13.92,CBOE VIX close
2024-12-13,VIXCLS,13.81,CBOE VIX close
2024-12-16,VIXCLS,14.69,CBOE VIX close
2024-12-17,VIXCLS,15.87,CBOE VIX close
2024-12-18,VIXCLS,27.62,CBOE VIX close
2024-12-19,VIXCLS,24.09,CBOE VIX close
2024-12-20,VIXCLS,18.36,CBOE VIX close
2024-12-23,VIXCLS,16.78,CBOE VIX close
2024-12-24,VIXCLS,14.27,CBOE VIX close
2024-12-25,VIXCLS,,CBOE VIX close
2024-12-26,VIXCLS,14.73,CBOE VIX close
2024-12-27,VIXCLS,15.95,CBOE VIX close
2024-12-30,VIXCLS,17.4,CBOE VIX close
2024-12-31,VIXCLS,17.35,CBOE VIX close
2025-01-01,VIXCLS,,CBOE VIX close
2025-01-02,VIXCLS,17.93,CBOE VIX close
2025-01-03,VIXCLS,16.13,CBOE VIX close
2025-01-06,VIXCLS,16.04,CBOE VIX close
2025-01-07,VIXCLS,17.82,CBOE VIX close
2025-01-08,VIXCLS,17.7,CBOE VIX close
2025-01-09,VIXCLS,18.07,CBOE VIX close
2025-01-10,VIXCLS,19.54,CBOE VIX close
2025-01-13,VIXCLS,19.19,CBOE VIX close
2025-01-14,VIXCLS,18.71,CBOE VIX close
2025-01-15,VIXCLS,16.12,CBOE VIX close
2025-01-16,VIXCLS,16.6,CBOE VIX close
2025-01-17,VIXCLS,15.97,CBOE VIX close
2025-01-20,VIXCLS,15.81,CBOE VIX close
2025-01-21,VIXCLS,15.06,CBOE VIX close
2025-01-22,VIXCLS,15.1,CBOE VIX close
2025-01-23,VIXCLS,15.02,CBOE VIX close
2025-01-24,VIXCLS,14.85,CBOE VIX close
2025-01-27,VIXCLS,17.9,CBOE VIX close
2025-01-28,VIXCLS,16.41,CBOE VIX close
2025-01-29,VIXCLS,16.56,CBOE VIX close
2025-01-30,VIXCLS,15.84,CBOE VIX close
2025-01-31,VIXCLS,16.43,CBOE VIX close
2025-02-03,VIXCLS,18.62,CBOE VIX close
2025-02-04,VIXCLS,17.21,CBOE VIX close
2025-02-05,VIXCLS,15.77,CBOE VIX close
2025-02-06,VIXCLS,15.5,CBOE VIX close
2025-02-07,VIXCLS,16.54,CBOE VIX close
2025-02-10,VIXCLS,15.81,CBOE VIX close
2025-02-11,VIXCLS,16.02,CBOE VIX close
2025-02-12,VIXCLS,15.89,CBOE VIX close
2025-02-13,VIXCLS,15.1,CBOE VIX close
2025-02-14,VIXCLS,14.77,CBOE VIX close
2025-02-17,VIXCLS,15.37,CBOE VIX close
2025-02-18,VIXCLS,15.35,CBOE VIX close
2025-02-19,VIXCLS,15.27,CBOE VIX close
2025-02-20,VIXCLS,15.66,CBOE VIX close
2025-02-21,VIXCLS,18.21,CBOE VIX close
2025-02-24,VIXCLS,18.98,CBOE VIX close
2025-02-25,VIXCLS,19.43,CBOE VIX close
2025-02-26,VIXCLS,19.1,CBOE VIX close
2025-02-27,VIXCLS,21.13,CBOE VIX close
2025-02-28,VIXCLS,19.63,CBOE VIX close
2025-03-03,VIXCLS,22.78,CBOE VIX close
2025-03-04,VIXCLS,23.51,CBOE VIX close
2025-03-05,VIXCLS,21.93,CBOE VIX close
2025-03-06,VIXCLS,24.87,CBOE VIX close
2025-03-07,VIXCLS,23.37,CBOE VIX close
2025-03-10,VIXCLS,27.86,CBOE VIX close
2025-03-11,VIXCLS,26.92,CBOE VIX close
2025-03-12,VIXCLS,24.23,CBOE VIX close
2025-03-13,VIXCLS,24.66,CBOE VIX close
2025-03-14,VIXCLS,21.77,CBOE VIX close
2025-03-17,VIXCLS,20.51,CBOE VIX close
2025-03-18,VIXCLS,21.7,CBOE VIX close
2025-03-19,VIXCLS,19.9,CBOE VIX close
2025-03-20,VIXCLS,19.8,CBOE VIX close
2025-03-21,VIXCLS,19.28,CBOE VIX close
2025-03-24,VIXCLS,17.48,CBOE VIX close
2025-03-25,VIXCLS,17.15,CBOE VIX close
2025-03-26,VIXCLS,18.33,CBOE VIX close
2025-03-27,VIXCLS,18.69,CBOE VIX close
2025-03-28,VIXCLS,21.65,CBOE VIX close
2025-03-31,VIXCLS,22.28,CBOE VIX close
2025-04-01,VIXCLS,21.77,CBOE VIX close
2025-04-02,VIXCLS,21.51,CBOE VIX close
2025-04-03,VIXCLS,30.02,CBOE VIX close
2025-04-04,VIXCLS,45.31,CBOE VIX close
2025-04-07,VIXCLS,46.98,CBOE VIX close
2025-04-08,VIXCLS,52.33,CBOE VIX close
2025-04-09,VIXCLS,33.62,CBOE VIX close
2025-04-10,VIXCLS,40.72,CBOE VIX close
2025-04-11,VIXCLS,37.56,CBOE VIX close
2025-04-14,VIXCLS,30.89,CBOE VIX close
2025-04-15,VIXCLS,30.12,CBOE VIX close
2025-04-16,VIXCLS,32.64,CBOE VIX close
2025-04-17,VIXCLS,29.65,CBOE VIX close
2025-04-18,VIXCLS,,CBOE VIX close
2025-04-21,VIXCLS,33.82,CBOE VIX close
2025-04-22,VIXCLS,30.57,CBOE VIX close
2025-04-23,VIXCLS,28.45,CBOE VIX close
2025-04-24,VIXCLS,26.47,CBOE VIX close
2025-04-25,VIXCLS,24.84,CBOE VIX close
2025-04-28,VIXCLS,25.15,CBOE VIX close
2025-04-29,VIXCLS,24.17,CBOE VIX close
2025-04-30,VIXCLS,24.7,CBOE VIX close
2025-05-01,VIXCLS,24.6,CBOE VIX close
2025-05-02,VIXCLS,22.68,CBOE VIX close
2025-05-05,VIXCLS,23.64,CBOE VIX close
2025-05-06,VIXCLS,24.76,CBOE VIX close
2025-05-07,VIXCLS,23.55,CBOE VIX close
2025-05-08,VIXCLS,22.48,CBOE VIX close
2025-05-09,VIXCLS,21.9,CBOE VIX close
2025-05-12,VIXCLS,18.39,CBOE VIX close
2025-05-13,VIXCLS,18.22,CBOE VIX close
2025-05-14,VIXCLS,18.62,CBOE VIX close
2025-05-15,VIXCLS,17.83,CBOE VIX close
2025-05-16,VIXCLS,17.24,CBOE VIX close
2025-05-19,VIXCLS,18.14,CBOE VIX close
2025-05-20,VIXCLS,18.09,CBOE VIX close
2025-05-21,VIXCLS,20.87,CBOE VIX close
2025-05-22,VIXCLS,20.28,CBOE VIX close
2025-05-23,VIXCLS,22.29,CBOE VIX close
2025-05-26,VIXCLS,20.57,CBOE VIX close
2025-05-27,VIXCLS,18.96,CBOE VIX close
2025-05-28,VIXCLS,19.31,CBOE VIX close
2025-05-29,VIXCLS,19.18,CBOE VIX close
2025-05-30,VIXCLS,18.57,CBOE VIX close
2025-06-02,VIXCLS,18.36,CBOE VIX close
2025-06-03,VIXCLS,17.69,CBOE VIX close
2025-06-04,VIXCLS,17.61,CBOE VIX close
2025-06-05,VIXCLS,18.48,CBOE VIX close
2025-06-06,VIXCLS,16.77,CBOE VIX close
2025-06-09,VIXCLS,17.16,CBOE VIX close
2025-06-10,VIXCLS,16.95,CBOE VIX close
2025-06-11,VIXCLS,17.26,CBOE VIX close
2025-06-12,VIXCLS,18.02,CBOE VIX close
2025-06-13,VIXCLS,20.82,CBOE VIX close
2025-06-16,VIXCLS,19.11,CBOE VIX close
2025-06-17,VIXCLS,21.6,CBOE VIX close
2025-06-18,VIXCLS,20.14,CBOE VIX close
2025-06-19,VIXCLS,22.17,CBOE VIX close
2025-06-20,VIXCLS,20.62,CBOE VIX close
2025-06-23,VIXCLS,19.83,CBOE VIX close
2025-06-24,VIXCLS,17.48,CBOE VIX close
2025-06-25,VIXCLS,16.76,CBOE VIX close
2025-06-26,VIXCLS,16.59,CBOE VIX close
2025-06-27,VIXCLS,16.32,CBOE VIX close
2025-06-30,VIXCLS,16.73,CBOE VIX close
2025-07-01,VIXCLS,16.83,CBOE VIX close
2025-07-02,VIXCLS,16.64,CBOE VIX close
2025-07-03,VIXCLS,16.38,CBOE VIX close
2025-07-04,VIXCLS,17.48,CBOE VIX close
2025-07-07,VIXCLS,17.79,CBOE VIX close
2025-07-08,VIXCLS,16.81,CBOE VIX close
2025-07-09,VIXCLS,15.94,CBOE VIX close
2025-07-10,VIXCLS,15.78,CBOE VIX close
2025-07-11,VIXCLS,16.4,CBOE VIX close
2025-07-14,VIXCLS,17.2,CBOE VIX close
2025-07-15,VIXCLS,17.38,CBOE VIX close
2025-07-16,VIXCLS,17.16,CBOE VIX close
2025-07-17,VIXCLS,16.52,CBOE VIX close
2025-07-18,VIXCLS,16.41,CBOE VIX close
2025-07-21,VIXCLS,16.65,CBOE VIX close
2025-07-22,VIXCLS,16.5,CBOE VIX close
2025-07-23,VIXCLS,15.37,CBOE VIX close
2025-07-24,VIXCLS,15.39,CBOE VIX close
2025-07-25,VIXCLS,14.93,CBOE VIX close
2025-07-28,VIXCLS,15.03,CBOE VIX close
2025-07-29,VIXCLS,15.98,CBOE VIX close
2025-07-30,VIXCLS,15.48,CBOE VIX close
2025-07-31,VIXCLS,16.72,CBOE VIX close
2025-08-01,VIXCLS,20.38,CBOE VIX close
2025-08-04,VIXCLS,17.52,CBOE VIX close
2025-08-05,VIXCLS,17.85,CBOE VIX close
2025-08-06,VIXCLS,16.77,CBOE VIX close
2025-08-07,VIXCLS,16.57,CBOE VIX close
2025-08-08,VIXCLS,15.15,CBOE VIX close
2025-08-11,VIXCLS,16.25,CBOE VIX close
2025-08-12,VIXCLS,14.73,CBOE VIX close
2025-08-13,VIXCLS,14.49,CBOE VIX close
2025-08-14,VIXCLS,14.83,CBOE VIX close
2025-08-15,VIXCLS,15.09,CBOE VIX close
2025-08-18,VIXCLS,14.99,CBOE VIX close
2025-08-19,VIXCLS,15.57,CBOE VIX close
2025-08-20,VIXCLS,15.69,CBOE VIX close
2025-08-21,VIXCLS,16.6,CBOE VIX close
2025-08-22,VIXCLS,14.22,CBOE VIX close
2025-08-25,VIXCLS,14.79,CBOE VIX close
2025-08-26,VIXCLS,14.62,CBOE VIX close
2025-08-27,VIXCLS,14.85,CBOE VIX close
2025-08-28,VIXCLS,14.43,CBOE VIX close
2025-08-29,VIXCLS,15.36,CBOE VIX close
2025-09-01,VIXCLS,16.12,CBOE VIX close
2025-09-02,VIXCLS,17.17,CBOE VIX close
2025-09-03,VIXCLS,16.35,CBOE VIX close
2025-09-04,VIXCLS,15.3,CBOE VIX close
2025-09-05,VIXCLS,15.18,CBOE VIX close
2025-09-08,VIXCLS,15.11,CBOE VIX close
2025-09-09,VIXCLS,15.04,CBOE VIX close
2025-09-10,VIXCLS,15.35,CBOE VIX close
2025-09-11,VIXCLS,14.71,CBOE VIX close
2025-09-12,VIXCLS,14.76,CBOE VIX close
2025-09-15,VIXCLS,15.69,CBOE VIX close
2025-09-16,VIXCLS,16.36,CBOE VIX close
2025-09-17,VIXCLS,15.72,CBOE VIX close
2025-09-18,VIXCLS,15.7,CBOE VIX close
2025-09-19,VIXCLS,15.45,CBOE VIX close
2025-09-22,VIXCLS,16.1,CBOE VIX close
2025-09-23,VIXCLS,16.64,CBOE VIX close
2025-09-24,VIXCLS,16.18,CBOE VIX close
2025-09-25,VIXCLS,16.74,CBOE VIX close
2025-09-26,VIXCLS,15.29,CBOE VIX close
2025-09-29,VIXCLS,16.12,CBOE VIX close
2025-09-30,VIXCLS,16.28,CBOE VIX close
2025-10-01,VIXCLS,16.29,CBOE VIX close
2025-10-02,VIXCLS,16.63,CBOE VIX close
2025-10-03,VIXCLS,16.65,CBOE VIX close
2025-10-06,VIXCLS,16.37,CBOE VIX close
2025-10-07,VIXCLS,17.24,CBOE VIX close
2025-10-08,VIXCLS,16.3,CBOE VIX close
2025-10-09,VIXCLS,16.43,CBOE VIX close
2025-10-10,VIXCLS,21.66,CBOE VIX close
2025-10-13,VIXCLS,19.03,CBOE VIX close
2025-10-14,VIXCLS,20.81,CBOE VIX close
2025-10-15,VIXCLS,20.64,CBOE VIX close
2025-10-16,VIXCLS,25.31,CBOE VIX close
2025-10-17,VIXCLS,20.78,CBOE VIX close
2025-10-20,VIXCLS,18.23,CBOE VIX close
2025-10-21,VIXCLS,17.87,CBOE VIX close
2025-10-22,VIXCLS,18.6,CBOE VIX close
2025-10-23,VIXCLS,17.3,CBOE VIX close
2025-10-24,VIXCLS,16.37,CBOE VIX close
2025-10-27,VIXCLS,15.79,CBOE VIX close
2025-10-28,VIXCLS,16.42,CBOE VIX close
2025-10-29,VIXCLS,16.92,CBOE VIX close
2025-10-30,VIXCLS,16.91,CBOE VIX close
2025-10-31,VIXCLS,17.44,CBOE VIX close
2025-11-03,VIXCLS,17.17,CBOE VIX close
2025-11-04,VIXCLS,19,CBOE VIX close
2025-11-05,VIXCLS,18.01,CBOE VIX close
2025-11-06,VIXCLS,19.5,CBOE VIX close
2025-11-07,VIXCLS,19.08,CBOE VIX close
2025-11-10,VIXCLS,17.6,CBOE VIX close
2025-11-11,VIXCLS,17.28,CBOE VIX close
2025-11-12,VIXCLS,17.51,CBOE VIX close
2025-11-13,VIXCLS,20,CBOE VIX close
2025-11-14,VIXCLS,19.83,CBOE VIX close
2025-11-17,VIXCLS,22.38,CBOE VIX close
2025-11-18,VIXCLS,24.69,CBOE VIX close
2025-11-19,VIXCLS,23.66,CBOE VIX close
2025-11-20,VIXCLS,26.42,CBOE VIX close
2025-11-21,VIXCLS,23.43,CBOE VIX close
2025-11-24,VIXCLS,20.52,CBOE VIX close
2025-11-25,VIXCLS,18.56,CBOE VIX close
2025-11-26,VIXCLS,17.19,CBOE VIX close
2025-11-27,VIXCLS,17.21,CBOE VIX close
2025-11-28,VIXCLS,16.35,CBOE VIX close
2025-12-01,VIXCLS,17.24,CBOE VIX close
2025-12-02,VIXCLS,16.59,CBOE VIX close
2025-12-03,VIXCLS,16.08,CBOE VIX close
2025-12-04,VIXCLS,15.78,CBOE VIX close
2025-12-05,VIXCLS,15.41,CBOE VIX close
2025-12-08,VIXCLS,16.66,CBOE VIX close
2025-12-09,VIXCLS,16.93,CBOE VIX close
2025-12-10,VIXCLS,15.77,CBOE VIX close
2025-12-11,VIXCLS,14.85,CBOE VIX close
2025-12-12,VIXCLS,15.74,CBOE VIX close
2025-12-15,VIXCLS,16.5,CBOE VIX close
2025-12-16,VIXCLS,16.48,CBOE VIX close
2025-12-17,VIXCLS,17.62,CBOE VIX close
2025-12-18,VIXCLS,16.87,CBOE VIX close
2025-12-19,VIXCLS,14.91,CBOE VIX close
2025-12-22,VIXCLS,14.08,CBOE VIX close
2025-12-23,VIXCLS,14,CBOE VIX close
2025-12-24,VIXCLS,13.47,CBOE VIX close
2025-12-25,VIXCLS,,CBOE VIX close
2025-12-26,VIXCLS,13.6,CBOE VIX close
2025-12-29,VIXCLS,14.2,CBOE VIX close
2025-12-30,VIXCLS,14.33,CBOE VIX close
2025-12-31,VIXCLS,14.95,CBOE VIX close
2026-01-01,VIXCLS,,CBOE VIX close
2026-01-02,VIXCLS,14.51,CBOE VIX close
2026-01-05,VIXCLS,14.9,CBOE VIX close
2026-01-06,VIXCLS,14.75,CBOE VIX close
2026-01-07,VIXCLS,15.38,CBOE VIX close
2026-01-08,VIXCLS,15.45,CBOE VIX close
2026-01-09,VIXCLS,14.49,CBOE VIX close
2026-01-12,VIXCLS,15.12,CBOE VIX close
2026-01-13,VIXCLS,15.98,CBOE VIX close
2026-01-14,VIXCLS,16.75,CBOE VIX close
2026-01-15,VIXCLS,15.84,CBOE VIX close
2026-01-16,VIXCLS,15.86,CBOE VIX close
2026-01-19,VIXCLS,18.84,CBOE VIX close
2026-01-20,VIXCLS,20.09,CBOE VIX close
2026-01-21,VIXCLS,16.9,CBOE VIX close
2026-01-22,VIXCLS,15.64,CBOE VIX close
2026-01-23,VIXCLS,16.09,CBOE VIX close
2026-01-26,VIXCLS,16.15,CBOE VIX close
2026-01-27,VIXCLS,16.35,CBOE VIX close
2026-01-28,VIXCLS,16.35,CBOE VIX close
2026-01-29,VIXCLS,16.88,CBOE VIX close
2026-01-30,VIXCLS,17.44,CBOE VIX close
2026-02-02,VIXCLS,16.34,CBOE VIX close
2026-02-03,VIXCLS,18,CBOE VIX close
2026-02-04,VIXCLS,18.64,CBOE VIX close
2026-02-05,VIXCLS,21.77,CBOE VIX close
2026-02-06,VIXCLS,17.76,CBOE VIX close
2026-02-09,VIXCLS,17.36,CBOE VIX close
2026-02-10,VIXCLS,17.79,CBOE VIX close
2026-02-11,VIXCLS,17.65,CBOE VIX close
2026-02-12,VIXCLS,20.82,CBOE VIX close
2026-02-13,VIXCLS,20.6,CBOE VIX close
2026-02-16,VIXCLS,21.2,CBOE VIX close
2026-02-17,VIXCLS,20.29,CBOE VIX close
2026-02-18,VIXCLS,19.62,CBOE VIX close
2026-02-19,VIXCLS,20.23,CBOE VIX close
2026-02-20,VIXCLS,19.09,CBOE VIX close
2026-02-23,VIXCLS,21.01,CBOE VIX close
2026-02-24,VIXCLS,19.55,CBOE VIX close
2026-02-25,VIXCLS,17.93,CBOE VIX close
2026-02-26,VIXCLS,18.63,CBOE VIX close
2026-02-27,VIXCLS,19.86,CBOE VIX close
2026-03-02,VIXCLS,21.44,CBOE VIX close
2026-03-03,VIXCLS,23.57,CBOE VIX close
2026-03-04,VIXCLS,21.15,CBOE VIX close
2026-03-05,VIXCLS,23.75,CBOE VIX close
2026-03-06,VIXCLS,29.49,CBOE VIX close
2026-03-09,VIXCLS,25.5,CBOE VIX close
2026-03-10,VIXCLS,24.93,CBOE VIX close
2026-03-11,VIXCLS,24.23,CBOE VIX close
2026-03-12,VIXCLS,27.29,CBOE VIX close
2026-03-13,VIXCLS,27.19,CBOE VIX close
2026-03-16,VIXCLS,23.51,CBOE VIX close
2026-03-17,VIXCLS,22.37,CBOE VIX close
2026-03-18,VIXCLS,25.09,CBOE VIX close
2026-03-19,VIXCLS,24.06,CBOE VIX close
2026-03-20,VIXCLS,26.78,CBOE VIX close
2026-03-23,VIXCLS,26.15,CBOE VIX close
2026-03-24,VIXCLS,26.95,CBOE VIX close
2026-03-25,VIXCLS,25.33,CBOE VIX close
2026-03-26,VIXCLS,27.44,CBOE VIX close
2026-03-27,VIXCLS,31.05,CBOE VIX close
2026-03-30,VIXCLS,30.61,CBOE VIX close
2026-03-31,VIXCLS,25.25,CBOE VIX close
2026-04-01,VIXCLS,24.54,CBOE VIX close
2026-04-02,VIXCLS,23.87,CBOE VIX close
2026-04-03,VIXCLS,,CBOE VIX close
2026-04-06,VIXCLS,24.17,CBOE VIX close
2026-04-07,VIXCLS,25.78,CBOE VIX close
2026-04-08,VIXCLS,21.04,CBOE VIX close
2026-04-09,VIXCLS,19.49,CBOE VIX close
2026-04-10,VIXCLS,19.23,CBOE VIX close
2026-04-13,VIXCLS,19.12,CBOE VIX close
2026-04-14,VIXCLS,18.36,CBOE VIX close
2026-04-15,VIXCLS,18.17,CBOE VIX close
2026-04-16,VIXCLS,17.94,CBOE VIX close
2026-04-17,VIXCLS,17.48,CBOE VIX close
2026-04-20,VIXCLS,18.87,CBOE VIX close
2026-04-21,VIXCLS,19.5,CBOE VIX close
2026-04-22,VIXCLS,18.92,CBOE VIX close
2026-04-23,VIXCLS,19.31,CBOE VIX close
2026-04-24,VIXCLS,18.71,CBOE VIX close
2026-04-27,VIXCLS,18.02,CBOE VIX close
2026-04-28,VIXCLS,17.83,CBOE VIX close
2026-04-29,VIXCLS,18.81,CBOE VIX close
2026-04-30,VIXCLS,16.89,CBOE VIX close
2026-05-01,VIXCLS,16.99,CBOE VIX close
2026-05-04,VIXCLS,18.29,CBOE VIX close
2026-05-05,VIXCLS,17.38,CBOE VIX close
2026-05-06,VIXCLS,17.39,CBOE VIX close
2026-05-07,VIXCLS,17.08,CBOE VIX close
2026-05-08,VIXCLS,17.19,CBOE VIX close
2026-05-11,VIXCLS,18.38,CBOE VIX close
2026-05-12,VIXCLS,17.99,CBOE VIX close
2026-05-13,VIXCLS,17.87,CBOE VIX close
2026-05-14,VIXCLS,17.26,CBOE VIX close
2026-05-15,VIXCLS,18.43,CBOE VIX close
2026-05-18,VIXCLS,17.82,CBOE VIX close
2026-05-19,VIXCLS,18.06,CBOE VIX close
2026-05-20,VIXCLS,17.44,CBOE VIX close
2026-05-21,VIXCLS,16.76,CBOE VIX close
2026-05-22,VIXCLS,16.7,CBOE VIX close
2026-05-25,VIXCLS,16.59,CBOE VIX close
2026-05-26,VIXCLS,17.01,CBOE VIX close
2026-05-27,VIXCLS,16.29,CBOE VIX close
2026-05-28,VIXCLS,15.74,CBOE VIX close
2026-05-29,VIXCLS,15.32,CBOE VIX close
2026-06-01,VIXCLS,16.05,CBOE VIX close
2026-06-02,VIXCLS,15.77,CBOE VIX close
2026-06-03,VIXCLS,16.06,CBOE VIX close
2026-06-04,VIXCLS,15.4,CBOE VIX close
2026-06-05,VIXCLS,21.51,CBOE VIX close
2026-06-08,VIXCLS,18.92,CBOE VIX close
2026-06-09,VIXCLS,19.87,CBOE VIX close
2026-06-10,VIXCLS,22.22,CBOE VIX close
2026-06-11,VIXCLS,19.44,CBOE VIX close
2026-06-12,VIXCLS,17.68,CBOE VIX close
2026-06-15,VIXCLS,16.2,CBOE VIX close
2026-06-16,VIXCLS,16.41,CBOE VIX close
2026-06-17,VIXCLS,18.44,CBOE VIX close
2026-06-18,VIXCLS,16.4,CBOE VIX close
2026-06-19,VIXCLS,16.78,CBOE VIX close
2026-06-22,VIXCLS,17.28,CBOE VIX close
2026-06-23,VIXCLS,19.49,CBOE VIX close
2026-06-24,VIXCLS,18.63,CBOE VIX close
2026-06-25,VIXCLS,18.89,CBOE VIX close
2026-06-26,VIXCLS,18.41,CBOE VIX close
2026-06-29,VIXCLS,17.65,CBOE VIX close
2026-06-30,VIXCLS,16.45,CBOE VIX close
2026-07-01,VIXCLS,16.59,CBOE VIX close
2026-07-02,VIXCLS,16.15,CBOE VIX close
2026-07-03,VIXCLS,15.81,CBOE VIX close
2026-07-06,VIXCLS,15.57,CBOE VIX close
2026-07-07,VIXCLS,16.13,CBOE VIX close
2026-07-08,VIXCLS,16.9,CBOE VIX close
2026-07-09,VIXCLS,15.84,CBOE VIX close
2026-07-10,VIXCLS,15.03,CBOE VIX close
2026-07-13,VIXCLS,17.16,CBOE VIX close
2026-07-14,VIXCLS,16.5,CBOE VIX close
2026-07-15,VIXCLS,15.67,CBOE VIX close
2026-07-16,VIXCLS,16.73,CBOE VIX close
2026-07-17,VIXCLS,18.77,CBOE VIX close
2026-07-20,VIXCLS,18.65,CBOE VIX close
2026-07-21,VIXCLS,17.05,CBOE VIX close
2026-07-22,VIXCLS,16.64,CBOE VIX close
2026-07-23,VIXCLS,18.7,CBOE VIX close
2026-07-24,VIXCLS,18.58,CBOE VIX close
2026-07-27,VIXCLS,18.67,CBOE VIX close
2026-07-28,VIXCLS,18.21,CBOE VIX close
2026-07-29,VIXCLS,20.66,CBOE VIX close
2026-07-30,VIXCLS,17.09,CBOE VIX close
2026-07-31,VIXCLS,15.99,CBOE VIX close
2026-08-03,VIXCLS,15.86,CBOE VIX close
2026-08-04,VIXCLS,16.5,CBOE VIX close
2026-08-05,VIXCLS,15.81,CBOE VIX close
2026-08-06,VIXCLS,15.15,CBOE VIX close
2026-08-07,VIXCLS,14.9,CBOE VIX close
2026-08-10,VIXCLS,15.46,CBOE VIX close
2026-08-11,VIXCLS,15.28,CBOE VIX close
2026-08-12,VIXCLS,14.55,CBOE VIX close
2026-08-13,VIXCLS,14.63,CBOE VIX close
2026-08-14,VIXCLS,14.25,CBOE VIX close
2026-08-17,VIXCLS,15.19,CBOE VIX close
2026-08-18,VIXCLS,15.84,CBOE VIX close
2026-08-19,VIXCLS,14.89,CBOE VIX close
2026-08-20,VIXCLS,16.01,CBOE VIX close
2026-08-21,VIXCLS,15.13,CBOE VIX close
2026-08-24,VIXCLS,15.85,CBOE VIX close
2026-08-25,VIXCLS,15.45,CBOE VIX close
2026-08-26,VIXCLS,15.21,CBOE VIX close
2026-08-27,VIXCLS,14.51,CBOE VIX close
2026-08-28,VIXCLS,14.43,CBOE VIX close
2026-08-31,VIXCLS,14.92,CBOE VIX close
2026-09-01,VIXCLS,16.34,CBOE VIX close
